id,RX_SENSITIVITY_DBM,RSSI_INFLECTION_POINT,TRANSMITTING_RANGE,PATH_LOSS_EXPONENT,AWGN_SIGMA,mean_rssi_dbm,std_rssi_dbm,min_rssi_dbm,loss_rate_pct,throughput_pkt_s,mean_delay_s,std_delay_s,std_loss_rate,per_node_min_prr
2,-100,-120.0,40,1.0,1.5,-87.79,3.4182,-98,76.27,28.48,1.020389,0.663525,2.8771,0.181
12,-100,-120.0,40,1.0,6.5,-87.66,6.9587,-100,77.58,26.9,1.13106,0.772563,4.6891,0.1528
10,-100,-120.0,40,1.0,5.5,-87.8,6.2236,-100,77.48,27.02,1.09263,0.720452,4.1812,0.1466
7,-100,-120.0,40,1.0,4.0,-87.71,5.3368,-100,76.48,28.23,1.042131,0.670669,3.5726,0.1736
9,-100,-120.0,40,1.0,5.0,-87.63,5.7171,-100,77.86,26.58,1.118554,0.724616,4.1103,0.1582
11,-100,-120.0,40,1.0,6.0,-87.8,6.5987,-100,76.88,27.75,1.094022,0.745102,4.9018,0.1318
5,-100,-120.0,40,1.0,3.0,-87.83,4.1253,-100,76.98,27.62,1.08388,0.672294,2.5997,0.1759
3,-100,-120.0,40,1.0,2.0,-87.95,3.6204,-100,77.84,26.58,1.197226,0.8543,6.2258,0.1174
1,-100,-120.0,40,1.0,1.0,-88.0,3.0129,-96,77.21,27.35,1.100164,0.688453,3.2053,0.1716
4,-100,-120.0,40,1.0,2.5,-88.5,3.9108,-100,76.94,27.66,1.153959,0.845949,6.0443,0.1454
8,-100,-120.0,40,1.0,4.5,-87.62,5.715,-100,76.72,27.94,1.080869,0.669788,2.9567,0.1787
6,-100,-120.0,40,1.0,3.5,-88.23,4.8409,-100,78.07,26.32,1.117358,0.700225,3.5269,0.1591
15,-100,-120.0,40,1.0,8.0,-87.25,8.2384,-100,76.73,27.92,1.074351,0.670261,2.9339,0.1874
16,-100,-120.0,40,1.0,8.5,-87.04,8.4094,-100,76.55,28.14,1.085151,0.652649,2.4853,0.1893
13,-100,-120.0,40,1.0,7.0,-87.29,7.4081,-100,77.05,27.54,1.111498,0.673379,2.7703,0.1849
18,-100,-120.0,40,1.0,9.5,-87.18,9.0792,-100,77.95,26.46,1.17179,0.764431,4.4566,0.1431
17,-100,-120.0,40,1.0,9.0,-87.4,8.8166,-100,77.67,26.8,1.162032,0.727002,3.7073,0.1653
23,-100,-120.0,40,1.0,12.0,-86.66,10.6248,-100,77.87,26.56,1.145382,0.686994,2.2907,0.1826
14,-100,-120.0,40,1.0,7.5,-87.49,7.5976,-100,78.29,26.06,1.173839,0.699916,2.778,0.1749
20,-100,-120.0,40,1.0,10.5,-86.71,9.6594,-100,77.38,27.13,1.126638,0.706713,3.5837,0.1693
19,-100,-120.0,40,1.0,10.0,-86.92,9.425,-100,77.31,27.23,1.143895,0.672312,1.9376,0.1951
21,-100,-120.0,40,1.0,11.0,-86.8,10.0259,-100,77.73,26.72,1.155415,0.674945,2.4203,0.1726
22,-100,-120.0,40,1.0,11.5,-86.55,10.3709,-100,78.02,26.37,1.178961,0.709813,3.2239,0.1756
24,-100,-120.0,40,1.0,12.5,-85.69,11.1344,-100,77.56,26.93,1.178839,0.730999,3.9358,0.1624
25,-100,-120.0,40,1.0,13.0,-86.15,11.3693,-100,78.29,26.07,1.233516,0.708451,2.0474,0.175
27,-100,-120.0,40,1.0,14.0,-85.7,12.0152,-100,76.29,28.46,1.095849,0.662384,2.8701,0.1817
26,-100,-120.0,40,1.0,13.5,-85.97,11.7084,-100,78.32,26.03,1.225623,0.733548,3.4151,0.1628
32,-100,-120.0,40,1.25,3.0,-85.38,4.6575,-100,76.82,27.81,1.04001,0.693758,4.063,0.1842
30,-100,-120.0,40,1.25,2.0,-85.24,5.0217,-99,76.2,28.56,0.998777,0.61641,2.7218,0.1799
34,-100,-120.0,40,1.25,4.0,-84.36,5.3802,-100,77.1,27.48,1.166281,0.797948,5.5408,0.1555
28,-100,-120.0,40,1.25,1.0,-85.09,3.8344,-95,76.76,27.9,1.088115,0.668929,2.6326,0.1907
29,-100,-120.0,40,1.25,1.5,-85.24,4.3151,-96,76.45,28.26,1.044886,0.669522,3.8007,0.1757
33,-100,-120.0,40,1.25,3.5,-84.64,5.68,-100,77.01,27.6,1.097076,0.686508,3.3799,0.1722
31,-100,-120.0,40,1.25,2.5,-85.27,5.0799,-100,76.87,27.76,1.029257,0.663552,3.1397,0.1894
35,-100,-120.0,40,1.25,4.5,-84.93,6.2508,-100,76.89,27.73,1.099046,0.790269,5.8439,0.1408
36,-100,-120.0,40,1.25,5.0,-85.38,6.3012,-100,76.88,27.75,1.089368,0.690025,3.1342,0.1584
37,-100,-120.0,40,1.25,5.5,-84.81,6.5422,-100,76.97,27.63,1.133265,0.798033,5.7731,0.1337
39,-100,-120.0,40,1.25,6.5,-84.61,7.4645,-100,77.54,26.95,1.079986,0.692567,3.4332,0.1642
42,-100,-120.0,40,1.25,8.0,-84.71,8.6684,-100,76.7,27.96,1.096436,0.678811,3.0567,0.1734
40,-100,-120.0,40,1.25,7.0,-85.44,7.7271,-100,76.64,28.03,1.063912,0.674076,3.5549,0.1717
41,-100,-120.0,40,1.25,7.5,-85.03,8.3069,-100,77.18,27.37,1.079455,0.729948,4.6006,0.1295
38,-100,-120.0,40,1.25,6.0,-84.37,6.9655,-100,76.43,28.28,1.119712,0.752053,4.5717,0.1488
44,-100,-120.0,40,1.25,9.0,-84.69,9.2041,-100,76.81,27.83,1.078232,0.699185,3.7992,0.1654
43,-100,-120.0,40,1.25,8.5,-84.97,8.8807,-100,75.86,28.98,1.0484,0.669043,3.5941,0.1613
45,-100,-120.0,40,1.25,9.5,-84.37,9.67,-100,77.26,27.3,1.167206,0.818568,5.5851,0.1387
46,-100,-120.0,40,1.25,10.0,-84.66,9.9536,-100,76.01,28.8,1.076625,0.790104,6.3668,0.1266
48,-100,-120.0,40,1.25,11.0,-83.96,10.6342,-100,76.76,27.88,1.063284,0.70576,4.2227,0.1371
47,-100,-120.0,40,1.25,10.5,-84.51,10.3451,-100,77.35,27.18,1.162055,0.82144,5.6781,0.1439
50,-100,-120.0,40,1.25,12.0,-84.16,11.2959,-100,76.61,28.06,1.093027,0.695755,4.0623,0.1771
52,-100,-120.0,40,1.25,13.0,-83.72,11.939,-100,76.44,28.28,1.07016,0.697143,4.692,0.1563
49,-100,-120.0,40,1.25,11.5,-84.24,11.0331,-100,77.41,27.11,1.131836,0.706794,3.1954,0.1491
51,-100,-120.0,40,1.25,12.5,-83.5,11.7215,-100,78.05,26.34,1.22472,0.831735,5.3953,0.1263
53,-100,-120.0,40,1.25,13.5,-83.3,12.4295,-100,77.58,26.91,1.125117,0.707918,3.6456,0.1548
57,-100,-120.0,40,1.5,2.0,-82.05,5.1418,-96,76.09,28.69,1.028654,0.715862,4.6632,0.1457
58,-100,-120.0,40,1.5,2.5,-81.87,4.9182,-97,76.6,28.09,1.051353,0.703384,4.0892,0.1522
56,-100,-120.0,40,1.5,1.5,-82.31,4.9845,-96,76.67,28.0,0.985307,0.645895,3.5238,0.1618
55,-100,-120.0,40,1.5,1.0,-82.37,4.7952,-96,76.66,28.01,1.0165,0.649827,3.3117,0.1697
54,-100,-120.0,40,1.25,14.0,-82.96,12.7766,-100,78.27,26.06,1.198349,0.741988,3.869,0.1465
59,-100,-120.0,40,1.5,3.0,-81.62,5.0959,-99,76.84,27.79,1.082806,0.794521,6.2737,0.143
60,-100,-120.0,40,1.5,3.5,-81.92,5.8672,-100,76.42,28.28,1.023485,0.638634,2.4963,0.1905
61,-100,-120.0,40,1.5,4.0,-81.97,6.16,-100,77.07,27.51,1.081543,0.697645,3.688,0.1574
63,-100,-120.0,40,1.5,5.0,-82.15,6.6039,-100,76.47,28.24,1.077576,0.700879,4.3016,0.1787
62,-100,-120.0,40,1.5,4.5,-81.31,6.6488,-100,77.53,26.97,1.141879,0.816952,5.9981,0.1133
64,-100,-120.0,40,1.5,5.5,-81.65,6.9951,-100,76.48,28.22,1.006858,0.687815,4.6029,0.1439
66,-100,-120.0,40,1.5,6.5,-82.23,7.9594,-100,76.96,27.64,1.0187,0.648374,3.2574,0.184
69,-100,-120.0,40,1.5,8.0,-81.66,9.0387,-100,76.68,27.98,1.024787,0.61903,2.0633,0.1942
67,-100,-120.0,40,1.5,7.0,-81.68,8.2773,-100,77.11,27.47,1.083007,0.707146,4.2581,0.1702
68,-100,-120.0,40,1.5,7.5,-81.83,8.6642,-100,77.24,27.32,1.062108,0.667694,3.024,0.181
65,-100,-120.0,40,1.5,6.0,-81.69,7.5692,-100,76.97,27.63,1.053669,0.684266,3.7843,0.1567
71,-100,-120.0,40,1.5,9.0,-81.53,9.5877,-100,77.28,27.27,1.039627,0.658522,3.4725,0.1818
70,-100,-120.0,40,1.5,8.5,-81.77,9.0722,-100,77.29,27.25,1.063214,0.686296,3.5988,0.1745
72,-100,-120.0,40,1.5,9.5,-81.59,9.9575,-100,77.66,26.8,1.122508,0.752563,4.4818,0.1367
73,-100,-120.0,40,1.5,10.0,-81.42,10.2522,-100,76.86,27.77,1.032535,0.673228,3.4319,0.1685
78,-100,-120.0,40,1.5,12.5,-81.33,12.2326,-100,76.92,27.68,1.074639,0.677752,3.4104,0.174
74,-100,-120.0,40,1.5,10.5,-81.76,10.7304,-100,77.43,27.08,1.109297,0.762227,5.0922,0.1275
75,-100,-120.0,40,1.5,11.0,-81.19,11.3198,-100,77.59,26.89,1.126608,0.668688,2.7149,0.1601
81,-100,-120.0,40,1.5,14.0,-81.1,13.4933,-100,77.2,27.36,1.103803,0.709538,3.9624,0.1668
77,-100,-120.0,40,1.5,12.0,-81.39,12.124,-100,77.92,26.49,1.161455,0.748699,3.8644,0.1497
76,-100,-120.0,40,1.5,11.5,-81.63,11.5475,-100,77.7,26.77,1.172373,0.717735,3.3295,0.1586
82,-100,-120.0,40,1.75,1.0,-78.48,5.5803,-90,76.08,28.71,0.974222,0.624972,3.39,0.1745
79,-100,-120.0,40,1.5,13.0,-81.08,12.6706,-100,77.47,27.03,1.128494,0.696178,3.6301,0.1683
83,-100,-120.0,40,1.75,1.5,-79.94,5.5017,-95,76.4,28.32,1.035831,0.722575,5.2467,0.145
80,-100,-120.0,40,1.5,13.5,-81.08,12.9722,-100,77.31,27.24,1.142075,0.719168,4.3512,0.1685
84,-100,-120.0,40,1.75,2.0,-79.21,5.5899,-92,76.92,27.69,1.015247,0.649646,3.4542,0.1795
85,-100,-120.0,40,1.75,2.5,-79.74,5.8884,-95,76.94,27.67,1.069668,0.810394,6.4575,0.1147
86,-100,-120.0,40,1.75,3.0,-79.58,6.058,-96,76.76,27.89,1.035781,0.689632,3.9132,0.1659
93,-100,-120.0,40,1.75,6.5,-79.52,8.0328,-100,76.66,28.0,1.018386,0.699174,4.1954,0.1502
87,-100,-120.0,40,1.75,3.5,-79.8,6.042,-99,76.72,27.93,1.05803,0.668097,3.7059,0.1647
89,-100,-120.0,40,1.75,4.5,-79.67,7.0791,-100,76.45,28.26,1.012327,0.66205,3.6287,0.1727
90,-100,-120.0,40,1.75,5.0,-79.25,6.9945,-100,76.75,27.9,1.022519,0.67935,4.2183,0.1711
88,-100,-120.0,40,1.75,4.0,-78.99,6.4999,-100,75.61,29.27,0.999577,0.684366,4.486,0.1631
96,-100,-120.0,40,1.75,8.0,-79.11,9.5335,-100,76.02,28.79,1.024851,0.6784,3.9407,0.162
92,-100,-120.0,40,1.75,6.0,-79.14,8.1076,-100,75.87,28.96,1.042369,0.632865,2.3944,0.1997
94,-100,-120.0,40,1.75,7.0,-78.88,8.579,-100,76.83,27.8,1.00584,0.656185,3.7196,0.1539
95,-100,-120.0,40,1.75,7.5,-78.94,9.4361,-100,76.72,27.94,1.023733,0.680685,3.796,0.1697
91,-100,-120.0,40,1.75,5.5,-79.03,7.3501,-100,76.19,28.57,0.996402,0.624481,2.3309,0.2022
97,-100,-120.0,40,1.75,8.5,-79.08,9.8378,-100,76.64,28.03,1.028338,0.654971,3.4943,0.1836
98,-100,-120.0,40,1.75,9.0,-79.16,10.4172,-100,77.01,27.59,1.038188,0.71644,4.826,0.1581
103,-100,-120.0,40,1.75,11.5,-78.72,12.2018,-100,76.04,28.76,1.033683,0.746131,5.7226,0.1504
108,-100,-120.0,40,1.75,14.0,-77.94,13.8669,-100,77.14,27.43,1.192891,0.894252,6.8894,0.1231
99,-100,-120.0,40,1.75,9.5,-79.05,10.6314,-100,77.29,27.25,1.068331,0.652624,2.4546,0.1903
100,-100,-120.0,40,1.75,10.0,-78.7,11.1634,-100,77.36,27.18,1.126434,0.684636,3.0375,0.1824
107,-100,-120.0,40,1.75,13.5,-77.85,13.8115,-100,76.92,27.7,1.076639,0.747625,4.9963,0.1346
101,-100,-120.0,40,1.75,10.5,-79.1,11.4388,-100,76.95,27.66,1.072256,0.662058,2.4446,0.1943
106,-100,-120.0,40,1.75,13.0,-77.97,13.247,-100,77.48,27.03,1.133885,0.755502,4.6813,0.1439
104,-100,-120.0,40,1.75,12.0,-78.67,12.418,-100,76.68,27.98,1.033458,0.653572,3.166,0.1758
105,-100,-120.0,40,1.75,12.5,-78.49,12.8656,-100,76.94,27.68,1.062332,0.678276,3.3226,0.1895
102,-100,-120.0,40,1.75,11.0,-78.45,11.8811,-100,77.08,27.51,1.103133,0.648285,1.7766,0.1994
109,-100,-120.0,40,2.0,1.0,-76.51,5.8558,-90,76.46,28.26,1.008178,0.706439,4.7098,0.1644
110,-100,-120.0,40,2.0,1.5,-76.9,6.3979,-90,76.45,28.25,1.029167,0.649752,3.6574,0.1807
111,-100,-120.0,40,2.0,2.0,-76.52,5.8288,-92,76.14,28.64,1.040349,0.676685,3.6014,0.1728
112,-100,-120.0,40,2.0,2.5,-76.45,6.663,-92,76.36,28.37,1.004451,0.630508,2.9558,0.1857
113,-100,-120.0,40,2.0,3.0,-76.34,6.2586,-95,76.61,28.06,1.01731,0.651033,2.8943,0.1906
114,-100,-120.0,40,2.0,3.5,-76.49,6.7596,-98,76.71,27.94,0.988133,0.613686,2.5355,0.1761
116,-100,-120.0,40,2.0,4.5,-76.07,7.5327,-100,76.83,27.8,1.012123,0.678776,4.0966,0.1495
120,-100,-120.0,40,2.0,6.5,-76.56,9.0523,-100,76.46,28.26,0.979159,0.639461,3.4743,0.1781
115,-100,-120.0,40,2.0,4.0,-75.98,6.8832,-100,76.46,28.26,0.994503,0.679673,4.3415,0.1609
117,-100,-120.0,40,2.0,5.0,-76.3,7.4572,-100,76.27,28.49,0.974567,0.622121,3.5066,0.1734
118,-100,-120.0,40,2.0,5.5,-76.55,8.2136,-100,76.42,28.31,1.024209,0.67534,3.8552,0.1632
119,-100,-120.0,40,2.0,6.0,-76.31,8.3095,-100,76.3,28.43,1.006882,0.644931,3.865,0.1797
121,-100,-120.0,40,2.0,7.0,-75.91,9.3437,-100,76.3,28.44,1.056691,0.654285,2.8843,0.1919
122,-100,-120.0,40,2.0,7.5,-76.58,9.2287,-100,77.09,27.49,1.061117,0.70482,4.4799,0.1653
123,-100,-120.0,40,2.0,8.0,-75.96,9.7584,-100,76.73,27.92,1.043731,0.632909,3.0073,0.1835
126,-100,-120.0,40,2.0,9.5,-76.47,10.9917,-100,75.88,28.94,0.986775,0.649672,3.6853,0.1732
125,-100,-120.0,40,2.0,9.0,-76.59,10.4034,-100,76.12,28.65,1.01084,0.668335,3.8586,0.1759
124,-100,-120.0,40,2.0,8.5,-76.05,10.2742,-100,76.11,28.67,1.002598,0.615228,2.3102,0.2046
128,-100,-120.0,40,2.0,10.5,-76.33,11.758,-100,75.97,28.84,0.988177,0.66671,3.9591,0.1575
129,-100,-120.0,40,2.0,11.0,-76.39,12.454,-100,76.82,27.81,1.033774,0.655935,2.966,0.1839
130,-100,-120.0,40,2.0,11.5,-75.93,12.6593,-100,76.44,28.26,1.024116,0.641458,2.8115,0.1863
127,-100,-120.0,40,2.0,10.0,-76.47,11.5973,-100,76.05,28.74,1.032874,0.706822,4.5415,0.1686
132,-100,-120.0,40,2.0,12.5,-75.66,13.2813,-100,76.28,28.46,1.041783,0.660929,3.5985,0.1847
131,-100,-120.0,40,2.0,12.0,-75.74,12.9544,-100,76.45,28.26,1.098865,0.769485,5.4657,0.1526
133,-100,-120.0,40,2.0,13.0,-75.92,13.6864,-100,75.81,29.04,1.005705,0.644732,3.651,0.187
134,-100,-120.0,40,2.0,13.5,-75.67,14.1698,-100,77.09,27.49,1.112605,0.694381,3.1143,0.1744
135,-100,-120.0,40,2.0,14.0,-75.68,14.3855,-100,76.79,27.87,1.046651,0.66924,3.639,0.1664
136,-100,-120.0,40,2.25,1.0,-73.53,7.0671,-86,76.51,28.19,1.002826,0.699682,4.8347,0.1314
137,-100,-120.0,40,2.25,1.5,-73.63,7.2049,-88,76.86,27.77,1.149365,0.824491,6.1918,0.1485
141,-100,-120.0,40,2.25,3.5,-73.89,7.1952,-95,75.27,29.69,0.974858,0.627155,3.274,0.1923
138,-100,-120.0,40,2.25,2.0,-73.63,6.7575,-90,76.08,28.71,0.975279,0.657702,4.2762,0.1596
139,-100,-120.0,40,2.25,2.5,-73.62,6.7374,-92,76.86,27.76,0.983642,0.653989,3.7027,0.1652
140,-100,-120.0,40,2.25,3.0,-73.98,7.0921,-94,76.21,28.55,0.993213,0.614601,2.1004,0.2086
143,-100,-120.0,40,2.25,4.5,-73.68,8.0311,-99,76.3,28.44,0.979783,0.628228,3.0247,0.1906
142,-100,-120.0,40,2.25,4.0,-73.22,8.0684,-96,75.99,28.82,0.984699,0.640641,3.8713,0.1847
144,-100,-120.0,40,2.25,5.0,-73.12,7.8867,-98,75.75,29.09,0.995283,0.672769,4.3605,0.1805
145,-100,-120.0,40,2.25,5.5,-74.04,8.6248,-100,76.52,28.18,1.007681,0.667125,3.9447,0.176
146,-100,-120.0,40,2.25,6.0,-73.32,9.1578,-100,76.46,28.26,1.052474,0.67771,3.8649,0.1727
148,-100,-120.0,40,2.25,7.0,-72.88,9.8397,-100,76.93,27.68,1.066286,0.715923,4.2209,0.155
147,-100,-120.0,40,2.25,6.5,-73.32,9.2521,-100,76.31,28.42,1.031648,0.69082,4.1314,0.1608
154,-100,-120.0,40,2.25,10.0,-73.26,11.6296,-100,76.51,28.19,1.035466,0.66753,3.8355,0.1592
151,-100,-120.0,40,2.25,8.5,-73.35,10.9019,-100,76.58,28.1,1.027727,0.678209,3.7089,0.1586
153,-100,-120.0,40,2.25,9.5,-73.09,11.3074,-100,76.72,27.94,1.042562,0.653868,3.1821,0.181
149,-100,-120.0,40,2.25,7.5,-73.55,10.3249,-100,76.21,28.54,1.017032,0.673387,4.2092,0.1626
150,-100,-120.0,40,2.25,8.0,-73.77,10.5461,-100,76.94,27.68,1.048981,0.644607,2.3439,0.1957
152,-100,-120.0,40,2.25,9.0,-73.25,11.1698,-100,76.61,28.07,1.010745,0.64381,2.8833,0.1599
156,-100,-120.0,40,2.25,11.0,-73.17,12.5642,-100,77.08,27.51,1.039798,0.647604,3.0205,0.1794
155,-100,-120.0,40,2.25,10.5,-73.11,12.3485,-100,76.56,28.12,1.016516,0.664157,3.8672,0.1891
157,-100,-120.0,40,2.25,11.5,-73.17,13.0888,-100,77.15,27.43,1.042623,0.649818,2.8259,0.1736
158,-100,-120.0,40,2.25,12.0,-73.48,13.2435,-100,76.69,27.98,1.032418,0.642871,2.8897,0.1903
159,-100,-120.0,40,2.25,12.5,-73.26,14.0266,-100,76.65,28.02,1.007846,0.653498,3.4054,0.1725
168,-100,-120.0,40,2.5,3.5,-70.83,7.9164,-94,76.22,28.55,0.980841,0.674186,4.2598,0.1953
160,-100,-120.0,40,2.25,13.0,-73.66,14.0806,-100,76.38,28.34,1.02171,0.662313,3.5038,0.1651
161,-100,-120.0,40,2.25,13.5,-73.0,14.7847,-100,77.08,27.51,1.05807,0.69632,3.9072,0.1439
164,-100,-120.0,40,2.5,1.5,-70.06,7.8536,-85,76.69,27.97,1.068076,0.733415,4.7737,0.1589
165,-100,-120.0,40,2.5,2.0,-70.8,7.8899,-89,76.07,28.71,0.96966,0.628604,3.5837,0.1685
167,-100,-120.0,40,2.5,3.0,-70.31,7.7776,-92,76.64,28.03,0.998101,0.643992,3.1668,0.1914
163,-100,-120.0,40,2.5,1.0,-70.65,7.3756,-85,76.3,28.44,0.99455,0.615471,2.2825,0.2052
162,-100,-120.0,40,2.25,14.0,-73.36,14.8243,-100,76.64,28.03,1.056186,0.656352,2.8652,0.1705
166,-100,-120.0,40,2.5,2.5,-70.84,7.6566,-89,76.65,28.02,0.991966,0.657917,3.926,0.1658
169,-100,-120.0,40,2.5,4.0,-70.09,8.0925,-95,76.32,28.42,1.06451,0.785906,6.5387,0.1492
170,-100,-120.0,40,2.5,4.5,-70.7,8.5888,-99,76.53,28.16,1.035491,0.679743,4.1909,0.1564
171,-100,-120.0,40,2.5,5.0,-70.68,8.7982,-97,76.35,28.39,0.980465,0.610461,2.882,0.1915
175,-100,-120.0,40,2.5,7.0,-70.64,10.2834,-100,76.78,27.87,1.001898,0.622585,2.5502,0.1891
173,-100,-120.0,40,2.5,6.0,-70.49,9.1159,-100,76.89,27.74,1.05786,0.662989,3.4218,0.1629
172,-100,-120.0,40,2.5,5.5,-70.39,9.1522,-99,76.5,28.2,0.99302,0.624209,3.2293,0.1967
174,-100,-120.0,40,2.5,6.5,-70.6,9.4206,-100,76.07,28.71,1.01364,0.654963,3.7176,0.1783
178,-100,-120.0,40,2.5,8.5,-70.38,10.7666,-100,76.26,28.49,1.003262,0.649134,3.4685,0.1881
176,-100,-120.0,40,2.5,7.5,-70.0,10.3433,-100,75.91,28.91,0.960577,0.600839,3.1066,0.173
177,-100,-120.0,40,2.5,8.0,-71.11,10.9408,-100,76.12,28.65,0.996484,0.684445,4.8849,0.1645
179,-100,-120.0,40,2.5,9.0,-70.45,11.6949,-100,76.34,28.4,1.0024,0.634538,2.867,0.18
180,-100,-120.0,40,2.5,9.5,-70.36,11.8453,-100,76.45,28.26,1.022848,0.641759,3.1506,0.1807
181,-100,-120.0,40,2.5,10.0,-70.48,11.9487,-100,76.63,28.04,1.011716,0.652279,3.581,0.18
182,-100,-120.0,40,2.5,10.5,-70.48,12.7251,-100,76.56,28.13,1.015623,0.753375,5.6544,0.1343
186,-100,-120.0,40,2.5,12.5,-70.07,14.3361,-100,76.34,28.4,1.009352,0.636054,2.9714,0.1797
185,-100,-120.0,40,2.5,12.0,-70.52,13.6055,-100,76.71,27.95,1.006689,0.661754,4.172,0.1656
183,-100,-120.0,40,2.5,11.0,-70.44,12.7441,-100,76.11,28.67,0.956276,0.627475,4.1826,0.1772
184,-100,-120.0,40,2.5,11.5,-70.57,13.3056,-100,76.51,28.18,1.017117,0.64877,2.9587,0.1532
187,-100,-120.0,40,2.5,13.0,-70.86,14.8137,-100,76.08,28.71,0.968014,0.612143,2.7322,0.18
190,-100,-120.0,40,2.75,1.0,-67.76,7.7455,-80,76.71,27.95,1.020427,0.700782,4.3655,0.1554
189,-100,-120.0,40,2.5,14.0,-70.56,15.5905,-100,75.29,29.66,1.011553,0.705826,5.4222,0.1531
191,-100,-120.0,40,2.75,1.5,-67.89,8.0331,-84,76.49,28.22,1.003678,0.653183,3.471,0.1744
188,-100,-120.0,40,2.5,13.5,-69.72,15.1163,-100,76.0,28.8,0.982394,0.635405,3.5992,0.1623
192,-100,-120.0,40,2.75,2.0,-67.5,8.238,-86,76.03,28.76,1.003678,0.665779,4.3319,0.1709
193,-100,-120.0,40,2.75,2.5,-67.08,7.9181,-87,75.69,29.17,0.978261,0.616816,2.6202,0.2006
195,-100,-120.0,40,2.75,3.5,-67.82,8.9269,-91,75.74,29.12,0.988221,0.65604,4.1228,0.1943
196,-100,-120.0,40,2.75,4.0,-67.41,8.9659,-91,76.09,28.7,0.988598,0.683596,4.3672,0.167
194,-100,-120.0,40,2.75,3.0,-67.45,9.0498,-89,76.53,28.17,1.006243,0.631625,2.5446,0.1827
199,-100,-120.0,40,2.75,5.5,-67.5,9.7708,-99,76.45,28.25,1.017809,0.641234,3.0843,0.1796
197,-100,-120.0,40,2.75,4.5,-67.68,9.3833,-97,76.2,28.58,0.980042,0.624083,3.2049,0.1589
200,-100,-120.0,40,2.75,6.0,-67.08,9.9942,-98,76.94,27.67,1.039373,0.661682,3.2592,0.162
198,-100,-120.0,40,2.75,5.0,-67.5,9.5027,-100,76.4,28.32,1.02247,0.631328,2.4009,0.1986
201,-100,-120.0,40,2.75,6.5,-68.06,10.3133,-100,76.97,27.64,1.08264,0.730582,4.7075,0.154
203,-100,-120.0,40,2.75,7.5,-67.73,11.0268,-100,76.76,27.89,1.049992,0.663758,3.0556,0.1821
202,-100,-120.0,40,2.75,7.0,-66.97,10.6852,-100,76.57,28.12,1.037908,0.657367,2.9693,0.1884
204,-100,-120.0,40,2.75,8.0,-67.39,11.3541,-100,76.45,28.26,1.019717,0.639836,3.3981,0.1748
205,-100,-120.0,40,2.75,8.5,-67.64,11.8811,-100,76.32,28.41,1.010579,0.670279,4.2472,0.1466
206,-100,-120.0,40,2.75,9.0,-67.44,11.9665,-100,75.85,28.98,0.963119,0.653307,4.0589,0.1711
207,-100,-120.0,40,2.75,9.5,-67.2,12.1403,-100,76.22,28.54,0.950895,0.610465,2.9505,0.1822
209,-100,-120.0,40,2.75,10.5,-67.65,13.1775,-100,75.6,29.28,0.949991,0.611422,2.8742,0.2027
208,-100,-120.0,40,2.75,10.0,-67.69,12.6949,-100,76.31,28.44,0.981676,0.602691,1.7308,0.2112
212,-100,-120.0,40,2.75,12.0,-67.33,14.1845,-100,76.28,28.46,0.995455,0.608453,2.1222,0.2001
210,-100,-120.0,40,2.75,11.0,-67.74,13.6193,-100,76.8,27.84,1.057647,0.655704,3.0323,0.1922
211,-100,-120.0,40,2.75,11.5,-67.97,13.8092,-100,76.64,28.04,1.015672,0.667191,3.5479,0.1573
213,-100,-120.0,40,2.75,12.5,-67.14,14.7032,-100,76.78,27.86,1.044403,0.75221,5.1739,0.1515
215,-100,-120.0,40,2.75,13.5,-67.81,15.3705,-100,75.67,29.19,1.004931,0.627381,2.9995,0.1815
216,-100,-120.0,40,2.75,14.0,-67.42,15.5438,-100,77.07,27.52,1.117209,0.780391,5.6492,0.1485
214,-100,-120.0,40,2.75,13.0,-67.28,15.0679,-100,76.79,27.85,1.004285,0.658762,3.561,0.1683
217,-100,-120.0,40,3.0,1.0,-64.44,8.8503,-79,75.68,29.18,0.986237,0.621943,3.293,0.1885
218,-100,-120.0,40,3.0,1.5,-65.36,9.0181,-81,76.03,28.75,0.994146,0.626532,2.9772,0.2038
220,-100,-120.0,40,3.0,2.5,-64.83,9.0814,-85,76.71,27.96,1.054605,0.809691,5.8525,0.1265
219,-100,-120.0,40,3.0,2.0,-64.63,8.7836,-83,76.77,27.87,0.999917,0.616052,2.1536,0.1907
221,-100,-120.0,40,3.0,3.0,-65.16,8.8602,-86,75.04,29.95,0.950557,0.6176,3.5453,0.204
223,-100,-120.0,40,3.0,4.0,-64.99,9.6865,-91,75.78,29.07,1.034609,0.761648,6.2415,0.1463
222,-100,-120.0,40,3.0,3.5,-64.7,9.5198,-90,75.95,28.86,0.987047,0.62264,3.0767,0.1883
224,-100,-120.0,40,3.0,4.5,-65.41,10.6114,-94,75.78,29.06,0.962278,0.682978,4.7643,0.1562
228,-100,-120.0,40,3.0,6.5,-64.76,11.0293,-99,76.87,27.76,1.013547,0.779065,5.9884,0.1223
225,-100,-120.0,40,3.0,5.0,-65.27,9.7334,-95,76.14,28.63,1.002737,0.680605,4.3492,0.1824
227,-100,-120.0,40,3.0,6.0,-64.59,10.6409,-97,76.48,28.23,1.03898,0.707976,4.7288,0.1607
226,-100,-120.0,40,3.0,5.5,-64.95,10.4479,-97,77.2,27.36,1.02813,0.663385,3.4535,0.1703
229,-100,-120.0,40,3.0,7.0,-65.02,11.4573,-100,76.2,28.55,0.993885,0.636421,3.4165,0.1624
230,-100,-120.0,40,3.0,7.5,-65.46,11.7541,-100,75.99,28.81,0.996289,0.626714,3.5456,0.1813
231,-100,-120.0,40,3.0,8.0,-64.3,11.5425,-100,76.69,27.97,0.996919,0.630181,3.1594,0.1826
232,-100,-120.0,40,3.0,8.5,-64.41,12.2233,-100,76.68,27.98,1.02992,0.721165,5.0587,0.1614
233,-100,-120.0,40,3.0,9.0,-64.49,12.3882,-100,76.49,28.21,0.988657,0.638891,3.4904,0.1629
234,-100,-120.0,40,3.0,9.5,-64.9,12.6756,-100,76.58,28.1,1.013024,0.661401,3.7407,0.1636
238,-100,-120.0,40,3.0,11.5,-64.95,13.8565,-100,75.25,29.69,0.948999,0.631723,4.1856,0.1764
239,-100,-120.0,40,3.0,12.0,-65.27,14.7379,-100,76.64,28.03,1.022186,0.688427,4.3649,0.1547
235,-100,-120.0,40,3.0,10.0,-64.86,12.9119,-100,76.65,28.02,0.982742,0.631363,2.969,0.1884
237,-100,-120.0,40,3.0,11.0,-64.76,13.8471,-100,75.65,29.22,0.97882,0.676502,4.9804,0.1588
236,-100,-120.0,40,3.0,10.5,-65.06,13.4958,-100,76.17,28.6,0.999411,0.639881,3.5474,0.1819
240,-100,-120.0,40,3.0,12.5,-64.87,15.21,-100,76.55,28.14,1.031507,0.679739,4.0696,0.162
241,-100,-120.0,40,3.0,13.0,-64.43,15.7625,-100,76.6,28.09,1.025052,0.727347,5.2014,0.1333
242,-100,-120.0,40,3.0,13.5,-64.18,16.154,-100,76.15,28.63,0.989144,0.643621,3.5785,0.1603
243,-100,-120.0,40,3.0,14.0,-64.25,16.4461,-100,76.03,28.77,0.992853,0.684194,4.8348,0.1873
244,-100,-120.0,40,3.25,1.0,-61.42,9.7247,-77,76.07,28.73,0.992321,0.6328,3.0813,0.1756
245,-100,-120.0,40,3.25,1.5,-61.67,9.1812,-78,76.14,28.63,0.990513,0.633018,3.6681,0.1809
246,-100,-120.0,40,3.25,2.0,-61.83,9.2044,-85,75.76,29.09,0.945991,0.593028,2.5197,0.1903
248,-100,-120.0,40,3.25,3.0,-62.19,10.016,-85,75.6,29.28,1.027931,0.699449,5.078,0.1686
247,-100,-120.0,40,3.25,2.5,-62.32,9.214,-85,75.04,29.96,0.967239,0.630719,3.4662,0.1856
249,-100,-120.0,40,3.25,3.5,-62.4,10.2883,-87,76.73,27.93,1.090924,0.886446,7.0851,0.1094
251,-100,-120.0,40,3.25,4.5,-62.11,10.6959,-91,76.77,27.88,1.008178,0.654773,3.2828,0.1612
250,-100,-120.0,40,3.25,4.0,-62.36,10.3607,-92,76.43,28.28,0.964963,0.614089,2.4586,0.1929
252,-100,-120.0,40,3.25,5.0,-61.58,10.9657,-94,76.25,28.5,1.026248,0.645652,3.2694,0.1876
253,-100,-120.0,40,3.25,5.5,-61.91,11.3898,-94,76.91,27.7,1.086281,0.735298,5.0471,0.1614
256,-100,-120.0,40,3.25,7.0,-62.21,11.3354,-100,76.78,27.86,1.134696,0.879559,7.1568,0.1386
254,-100,-120.0,40,3.25,6.0,-61.76,11.2512,-95,76.36,28.36,0.985628,0.671325,4.731,0.1695
255,-100,-120.0,40,3.25,6.5,-61.69,11.9098,-98,76.77,27.87,0.97777,0.637809,3.4444,0.1659
257,-100,-120.0,40,3.25,7.5,-61.67,12.3297,-100,75.81,29.03,0.952411,0.63026,3.5676,0.1943
258,-100,-120.0,40,3.25,8.0,-61.61,12.3511,-100,76.58,28.11,1.011415,0.710019,4.7825,0.1678
259,-100,-120.0,40,3.25,8.5,-61.96,13.0121,-100,75.77,29.07,0.930128,0.624578,3.5582,0.1744
261,-100,-120.0,40,3.25,9.5,-61.8,13.5464,-100,76.24,28.51,0.94884,0.654631,4.0113,0.1687
260,-100,-120.0,40,3.25,9.0,-61.73,12.7179,-100,76.65,28.02,1.0085,0.610317,1.8026,0.2023
262,-100,-120.0,40,3.25,10.0,-61.8,13.656,-100,75.84,29.0,0.940036,0.604227,3.1877,0.1876
263,-100,-120.0,40,3.25,10.5,-61.87,13.7561,-100,75.17,29.8,0.961385,0.645186,3.956,0.1951
264,-100,-120.0,40,3.25,11.0,-61.71,14.117,-100,76.7,27.96,0.995692,0.64881,3.9178,0.1519
265,-100,-120.0,40,3.25,11.5,-61.67,14.8534,-100,76.16,28.62,0.960002,0.639531,3.9128,0.163
266,-100,-120.0,40,3.25,12.0,-62.05,15.2101,-100,76.29,28.44,0.986864,0.631918,2.8695,0.171
267,-100,-120.0,40,3.25,12.5,-61.81,15.2373,-100,75.88,28.94,0.993987,0.714639,5.7979,0.149
270,-100,-120.0,40,3.25,14.0,-61.67,16.7815,-100,75.91,28.91,0.982395,0.679524,5.0968,0.1677
268,-100,-120.0,40,3.25,13.0,-61.57,15.8425,-100,76.14,28.62,0.953696,0.587148,1.9662,0.2017
269,-100,-120.0,40,3.25,13.5,-62.21,16.24,-100,76.37,28.37,1.012604,0.728177,5.6838,0.1564
271,-100,-120.0,40,3.5,1.0,-58.57,9.8813,-76,76.84,27.79,1.04641,0.691543,3.9658,0.1615
272,-100,-120.0,40,3.5,1.5,-59.18,10.1853,-77,76.59,28.1,1.001395,0.649342,3.8787,0.177
273,-100,-120.0,40,3.5,2.0,-59.15,10.5732,-82,76.41,28.32,1.01851,0.66091,3.8723,0.1688
274,-100,-120.0,40,3.5,2.5,-59.36,10.3024,-80,76.16,28.6,0.985874,0.612828,2.3681,0.1999
275,-100,-120.0,40,3.5,3.0,-58.67,10.6381,-81,75.59,29.3,0.961054,0.607749,3.3278,0.1907
276,-100,-120.0,40,3.5,3.5,-58.74,11.0433,-86,76.15,28.62,1.041087,0.675524,4.1763,0.174
277,-100,-120.0,40,3.5,4.0,-58.98,11.1766,-87,76.03,28.77,0.961721,0.626542,3.3004,0.1743
278,-100,-120.0,40,3.5,4.5,-59.56,11.1973,-85,76.45,28.26,0.992689,0.658908,4.0368,0.1676
282,-100,-120.0,40,3.5,6.5,-58.76,12.4278,-95,76.66,28.01,1.040957,0.710817,5.0258,0.1416
279,-100,-120.0,40,3.5,5.0,-59.36,11.1232,-90,76.23,28.52,0.980677,0.605761,2.401,0.1958
280,-100,-120.0,40,3.5,5.5,-59.35,11.3093,-94,75.69,29.17,0.983154,0.646607,3.624,0.1915
281,-100,-120.0,40,3.5,6.0,-59.13,11.9021,-90,76.48,28.22,0.99868,0.633097,3.2408,0.1657
283,-100,-120.0,40,3.5,7.0,-58.27,12.3506,-95,76.38,28.34,0.936904,0.656006,5.0432,0.1556
284,-100,-120.0,40,3.5,7.5,-58.29,12.169,-95,76.12,28.65,1.032561,0.705955,5.0144,0.1633
285,-100,-120.0,40,3.5,8.0,-59.26,12.7477,-99,76.2,28.56,1.012946,0.727978,5.8321,0.1671
287,-100,-120.0,40,3.5,9.0,-59.03,13.5231,-100,75.78,29.06,0.942307,0.584504,2.2437,0.2079
286,-100,-120.0,40,3.5,8.5,-59.06,12.9412,-100,76.24,28.51,1.002151,0.669371,4.6138,0.1407
288,-100,-120.0,40,3.5,9.5,-58.79,13.9225,-100,76.57,28.11,1.022542,0.652313,3.8567,0.1755
289,-100,-120.0,40,3.5,10.0,-59.03,14.2308,-100,76.37,28.35,0.983373,0.637102,3.6946,0.1674
290,-100,-120.0,40,3.5,10.5,-58.6,14.5455,-100,75.74,29.12,0.933881,0.616675,3.458,0.1766
292,-100,-120.0,40,3.5,11.5,-59.16,15.3611,-100,76.8,27.84,1.036721,0.650853,3.1165,0.1777
291,-100,-120.0,40,3.5,11.0,-58.36,14.9662,-100,75.54,29.36,0.942751,0.601396,2.7689,0.2021
293,-100,-120.0,40,3.5,12.0,-59.02,15.8637,-100,76.42,28.3,1.030148,0.647828,3.377,0.1797
294,-100,-120.0,40,3.5,12.5,-58.73,15.7679,-100,75.87,28.95,0.990542,0.730773,5.7704,0.1516
295,-100,-120.0,40,3.5,13.0,-59.47,16.1445,-100,76.18,28.58,0.9511,0.602857,2.7089,0.1798
296,-100,-120.0,40,3.5,13.5,-58.91,16.7376,-100,76.46,28.25,0.988283,0.738555,5.9959,0.1358
297,-100,-120.0,40,3.5,14.0,-58.83,17.3677,-100,76.84,27.78,0.996991,0.625227,2.8251,0.1819
299,-100,-120.0,40,3.75,1.5,-56.45,10.8262,-76,76.21,28.55,0.98646,0.638013,3.6621,0.1825
298,-100,-120.0,40,3.75,1.0,-56.25,10.5909,-74,76.33,28.41,1.000952,0.614865,2.4836,0.1893
300,-100,-120.0,40,3.75,2.0,-56.14,10.8058,-77,75.93,28.88,0.995524,0.624311,2.9739,0.1906
301,-100,-120.0,40,3.75,2.5,-55.84,11.2308,-77,76.58,28.11,1.061475,0.760354,5.4154,0.1441
302,-100,-120.0,40,3.75,3.0,-56.31,11.4302,-82,76.62,28.05,1.009234,0.688056,4.2242,0.173
304,-100,-120.0,40,3.75,4.0,-55.75,10.9089,-83,75.91,28.91,0.990825,0.644644,3.3226,0.1719
303,-100,-120.0,40,3.75,3.5,-56.06,10.9487,-82,76.84,27.79,1.05233,0.659048,3.2496,0.1642
306,-100,-120.0,40,3.75,5.0,-56.27,11.7787,-93,76.25,28.5,0.995757,0.683602,4.4052,0.1564
305,-100,-120.0,40,3.75,4.5,-56.62,11.4239,-87,75.87,28.96,0.968491,0.643888,4.1273,0.181
309,-100,-120.0,40,3.75,6.5,-56.49,12.6072,-94,76.56,28.13,1.025526,0.726772,5.0851,0.1546
307,-100,-120.0,40,3.75,5.5,-55.83,12.198,-89,76.52,28.18,1.075446,0.713251,4.4712,0.1343
308,-100,-120.0,40,3.75,6.0,-55.69,12.7985,-95,75.96,28.84,0.961419,0.664551,4.4517,0.1741
310,-100,-120.0,40,3.75,7.0,-56.29,12.6277,-95,76.01,28.79,1.008124,0.64987,3.3732,0.1865
311,-100,-120.0,40,3.75,7.5,-56.12,13.095,-97,75.9,28.91,0.977967,0.631325,3.2523,0.1723
312,-100,-120.0,40,3.75,8.0,-56.23,13.3241,-95,76.49,28.21,0.972237,0.657865,4.4306,0.1609
313,-100,-120.0,40,3.75,8.5,-56.1,13.8374,-100,76.0,28.8,0.959044,0.619849,3.3871,0.1716
314,-100,-120.0,40,3.75,9.0,-55.61,14.0236,-100,76.08,28.71,1.017033,0.697467,5.059,0.1632
315,-100,-120.0,40,3.75,9.5,-55.95,13.936,-100,76.5,28.2,0.993267,0.643619,3.6734,0.1543
316,-100,-120.0,40,3.75,10.0,-56.4,14.4117,-100,76.66,28.01,1.070057,0.716835,4.7737,0.1632
317,-100,-120.0,40,3.75,10.5,-56.2,14.4713,-100,76.3,28.44,0.981983,0.622769,2.8784,0.1814
318,-100,-120.0,40,3.75,11.0,-56.0,15.8818,-100,76.46,28.24,1.014417,0.68741,4.6351,0.1552
319,-100,-120.0,40,3.75,11.5,-56.22,15.8797,-100,76.48,28.23,1.019837,0.771039,5.804,0.1386
320,-100,-120.0,40,3.75,12.0,-55.81,16.1161,-100,76.59,28.09,0.964921,0.663629,4.4095,0.1462
321,-100,-120.0,40,3.75,12.5,-56.72,16.6158,-100,75.99,28.81,0.955777,0.602651,2.8028,0.1952
323,-100,-120.0,40,3.75,13.5,-56.31,17.1206,-100,76.1,28.68,0.968244,0.623783,3.002,0.1994
322,-100,-120.0,40,3.75,13.0,-55.72,17.1146,-100,76.41,28.31,0.973848,0.64554,3.6054,0.1543
324,-100,-120.0,40,3.75,14.0,-55.84,17.6181,-100,76.62,28.06,1.004699,0.626692,2.8966,0.1846
325,-100,-120.0,40,4.0,1.0,-53.76,11.8135,-74,76.6,28.08,1.017084,0.718296,4.6653,0.1192
326,-100,-120.0,40,4.0,1.5,-52.99,10.6148,-74,76.04,28.75,0.98039,0.616383,2.4393,0.184
327,-100,-120.0,40,4.0,2.0,-53.42,12.134,-76,76.3,28.45,0.992316,0.617238,2.8012,0.1897
328,-100,-120.0,40,4.0,2.5,-53.41,12.0245,-77,76.21,28.55,1.043639,0.691335,4.4038,0.1859
329,-100,-120.0,40,4.0,3.0,-53.57,11.882,-81,75.49,29.41,0.953995,0.638873,4.0502,0.1689
330,-100,-120.0,40,4.0,3.5,-53.01,11.9279,-80,75.83,29.01,1.004339,0.701704,4.9132,0.1777
333,-100,-120.0,40,4.0,5.0,-53.19,12.1382,-89,74.98,30.02,0.930906,0.595676,2.7348,0.2052
331,-100,-120.0,40,4.0,4.0,-53.2,11.8287,-81,76.16,28.61,0.985966,0.633908,3.6078,0.1761
332,-100,-120.0,40,4.0,4.5,-53.41,12.4509,-86,75.05,29.93,0.92993,0.623138,4.0755,0.1574
334,-100,-120.0,40,4.0,5.5,-53.38,12.2492,-87,76.13,28.65,1.000003,0.638577,3.2202,0.1822
335,-100,-120.0,40,4.0,6.0,-53.41,12.8211,-89,76.31,28.43,0.988315,0.614452,1.8297,0.2002
336,-100,-120.0,40,4.0,6.5,-53.38,12.5153,-88,75.84,28.99,0.952303,0.607106,3.1691,0.1785
337,-100,-120.0,40,4.0,7.0,-52.81,13.1895,-89,76.32,28.42,0.987999,0.660475,4.3288,0.1682
338,-100,-120.0,40,4.0,7.5,-53.27,14.1866,-99,76.31,28.43,0.987308,0.627215,3.0034,0.1876
339,-100,-120.0,40,4.0,8.0,-53.21,14.5095,-98,76.65,28.03,1.030588,0.701995,4.3698,0.1448
340,-100,-120.0,40,4.0,8.5,-53.53,14.2047,-100,75.65,29.24,0.960234,0.583401,2.0319,0.2129
341,-100,-120.0,40,4.0,9.0,-53.55,14.7177,-100,76.56,28.13,1.100001,0.76165,5.361,0.1553
342,-100,-120.0,40,4.0,9.5,-53.45,15.07,-100,76.4,28.33,0.995049,0.644506,3.9567,0.1805
344,-100,-120.0,40,4.0,10.5,-53.33,14.9729,-100,75.16,29.81,1.000071,0.714664,5.8531,0.1345
343,-100,-120.0,40,4.0,10.0,-52.81,14.996,-100,76.6,28.07,0.994075,0.607176,2.5936,0.1759
345,-100,-120.0,40,4.0,11.0,-52.87,15.8923,-100,76.37,28.36,0.998843,0.6685,4.3716,0.1594
346,-100,-120.0,40,4.0,11.5,-53.2,16.1375,-100,76.54,28.16,0.98334,0.611242,2.4361,0.1941
347,-100,-120.0,40,4.0,12.0,-52.71,16.9672,-100,75.68,29.19,0.975904,0.677856,4.6696,0.1598
348,-100,-120.0,40,4.0,12.5,-53.43,17.2496,-100,75.83,29.0,0.963707,0.596656,2.9511,0.1973
349,-100,-120.0,40,4.0,13.0,-53.59,17.0027,-100,76.42,28.3,0.979714,0.619472,2.5318,0.1806
350,-100,-120.0,40,4.0,13.5,-52.79,17.6668,-100,74.95,30.06,0.96042,0.690619,5.6491,0.1559
352,-100,-120.0,40,4.25,1.0,-50.44,12.4069,-70,76.46,28.26,1.009197,0.682843,4.2683,0.1719
351,-100,-120.0,40,4.0,14.0,-53.16,17.9403,-100,76.2,28.56,0.990177,0.640452,3.7078,0.1719
353,-100,-120.0,40,4.25,1.5,-50.19,12.9227,-71,76.73,27.93,1.06003,0.717905,4.7431,0.1659
354,-100,-120.0,40,4.25,2.0,-50.43,12.2457,-74,76.89,27.73,1.065195,0.701448,4.4376,0.1798
356,-100,-120.0,40,4.25,3.0,-50.42,13.4563,-77,75.78,29.06,0.928882,0.608343,3.5378,0.1792
358,-100,-120.0,40,4.25,4.0,-49.97,12.0921,-78,76.2,28.56,0.960019,0.610488,2.7567,0.2026
355,-100,-120.0,40,4.25,2.5,-50.07,12.6107,-74,76.24,28.5,0.988012,0.630618,2.803,0.1904
357,-100,-120.0,40,4.25,3.5,-50.36,12.32,-78,76.68,27.99,1.011649,0.665137,4.178,0.1706
359,-100,-120.0,40,4.25,4.5,-49.98,13.2886,-79,76.12,28.65,0.95321,0.615015,2.9488,0.1577
360,-100,-120.0,40,4.25,5.0,-50.23,13.623,-83,76.07,28.73,0.987823,0.635405,3.7308,0.1787
361,-100,-120.0,40,4.25,5.5,-50.33,13.1777,-86,76.27,28.48,0.982243,0.612662,2.4516,0.1898
362,-100,-120.0,40,4.25,6.0,-50.16,13.0989,-85,75.73,29.14,0.953341,0.621663,3.755,0.1804
363,-100,-120.0,40,4.25,6.5,-50.73,14.6269,-91,75.71,29.15,0.987357,0.712779,5.4261,0.1439
364,-100,-120.0,40,4.25,7.0,-50.2,14.4097,-88,76.9,27.71,1.06613,0.72463,4.5734,0.1391
365,-100,-120.0,40,4.25,7.5,-50.09,14.795,-93,75.77,29.08,0.96223,0.594489,2.172,0.2054
367,-100,-120.0,40,4.25,8.5,-50.08,15.0212,-96,75.66,29.21,0.970517,0.626123,3.4361,0.1615
366,-100,-120.0,40,4.25,8.0,-50.51,14.8836,-93,76.53,28.17,1.017529,0.617031,2.2358,0.1939
369,-100,-120.0,40,4.25,9.5,-49.93,15.274,-100,75.89,28.93,0.95366,0.598459,2.9538,0.1831
370,-100,-120.0,40,4.25,10.0,-50.33,16.0361,-100,75.56,29.32,1.001381,0.703442,5.3809,0.1589
368,-100,-120.0,40,4.25,9.0,-50.02,15.1978,-98,76.02,28.79,0.953873,0.595781,2.248,0.1936
371,-100,-120.0,40,4.25,10.5,-50.33,16.254,-100,75.87,28.95,0.966012,0.605395,2.6838,0.1917
372,-100,-120.0,40,4.25,11.0,-49.86,16.5066,-100,75.71,29.15,0.947182,0.634382,3.8708,0.1833
373,-100,-120.0,40,4.25,11.5,-50.7,16.5841,-100,76.34,28.4,1.038851,0.674911,3.9365,0.1821
374,-100,-120.0,40,4.25,12.0,-49.84,16.5416,-100,76.1,28.67,0.959007,0.598742,2.5678,0.1824
375,-100,-120.0,40,4.25,12.5,-49.63,17.4891,-100,76.49,28.21,0.998127,0.645665,3.2702,0.1463
376,-100,-120.0,40,4.25,13.0,-49.96,17.5556,-100,76.71,27.94,0.998979,0.616289,2.6743,0.1894
377,-100,-120.0,40,4.25,13.5,-50.13,18.3455,-100,76.22,28.53,0.977508,0.678932,4.978,0.1483
378,-100,-120.0,40,4.25,14.0,-50.24,18.4909,-100,75.93,28.88,0.948213,0.642573,3.869,0.1721
381,-100,-120.0,40,4.5,2.0,-47.8,12.9221,-71,75.73,29.12,0.953523,0.598418,2.1952,0.2113
379,-100,-120.0,40,4.5,1.0,-47.67,13.2361,-69,76.53,28.16,1.011509,0.638116,2.8483,0.1848
380,-100,-120.0,40,4.5,1.5,-48.12,12.6944,-70,75.71,29.15,0.961719,0.619415,3.0145,0.1783
382,-100,-120.0,40,4.5,2.5,-47.64,13.425,-74,75.6,29.29,0.938126,0.600767,3.1665,0.1739
383,-100,-120.0,40,4.5,3.0,-47.74,13.6197,-74,76.67,27.99,1.039298,0.705044,4.6724,0.1718
384,-100,-120.0,40,4.5,3.5,-47.58,13.643,-81,76.09,28.7,0.992731,0.637836,3.4985,0.1739
385,-100,-120.0,40,4.5,4.0,-47.73,13.238,-79,75.81,29.02,0.948578,0.614995,3.6746,0.1791
386,-100,-120.0,40,4.5,4.5,-47.07,14.4122,-78,76.88,27.74,1.017281,0.622535,2.5084,0.1858
387,-100,-120.0,40,4.5,5.0,-47.37,13.3414,-80,76.42,28.29,0.992566,0.620539,2.9057,0.1711
388,-100,-120.0,40,4.5,5.5,-47.09,14.1998,-81,76.38,28.35,0.958085,0.639008,3.8187,0.1614
389,-100,-120.0,40,4.5,6.0,-47.86,14.4625,-91,76.2,28.56,0.973381,0.590985,1.712,0.2
390,-100,-120.0,40,4.5,6.5,-47.49,14.7811,-89,76.5,28.21,0.946053,0.628308,3.6129,0.1628
391,-100,-120.0,40,4.5,7.0,-47.3,14.8043,-88,75.75,29.09,1.01009,0.719176,5.4858,0.1494
393,-100,-120.0,40,4.5,8.0,-47.4,15.2297,-91,76.19,28.58,0.955497,0.614009,3.1618,0.1778
392,-100,-120.0,40,4.5,7.5,-47.44,14.4508,-95,76.33,28.4,0.975942,0.630563,3.4552,0.179
394,-100,-120.0,40,4.5,8.5,-47.8,15.0515,-97,76.03,28.75,0.954623,0.603897,2.5051,0.1999
395,-100,-120.0,40,4.5,9.0,-47.67,15.9628,-96,75.69,29.18,0.975289,0.598218,2.1163,0.2107
396,-100,-120.0,40,4.5,9.5,-47.37,15.9323,-96,75.83,29.0,0.962179,0.59642,2.3716,0.2126
397,-100,-120.0,40,4.5,10.0,-48.04,15.9977,-100,76.07,28.72,0.949899,0.601115,2.7579,0.1872
398,-100,-120.0,40,4.5,10.5,-47.51,16.4887,-100,76.02,28.79,0.940067,0.616511,3.6485,0.1627
399,-100,-120.0,40,4.5,11.0,-46.85,16.8143,-100,76.34,28.39,0.982066,0.660194,4.2318,0.1654
401,-100,-120.0,40,4.5,12.0,-47.7,17.5752,-100,75.75,29.1,0.950689,0.615598,3.5643,0.1729
402,-100,-120.0,40,4.5,12.5,-47.57,18.1837,-100,76.38,28.35,0.993296,0.670246,4.0088,0.1469
400,-100,-120.0,40,4.5,11.5,-47.41,17.0013,-100,76.7,27.96,1.02852,0.721552,5.0871,0.163
403,-100,-120.0,40,4.5,13.0,-47.51,18.1488,-100,75.33,29.61,0.963422,0.588651,2.0322,0.212
404,-100,-120.0,40,4.5,13.5,-47.36,18.6686,-100,76.18,28.6,0.98754,0.653973,3.9995,0.1786
405,-100,-120.0,40,4.5,14.0,-47.29,19.1771,-100,76.32,28.42,0.956556,0.606519,2.3448,0.2081
407,-100,-120.0,40,4.75,1.5,-44.58,13.4297,-67,75.91,28.92,0.942571,0.620202,4.1653,0.1809
406,-100,-120.0,40,4.75,1.0,-44.97,13.7407,-67,76.36,28.36,1.009935,0.650352,3.7101,0.1728
408,-100,-120.0,40,4.75,2.0,-44.76,13.4512,-70,76.09,28.7,0.992534,0.630814,3.2112,0.1746
410,-100,-120.0,40,4.75,3.0,-44.67,13.4665,-72,75.78,29.07,0.980819,0.63009,3.7195,0.1707
409,-100,-120.0,40,4.75,2.5,-44.45,13.8007,-70,76.22,28.53,0.988252,0.607827,2.1837,0.1978
411,-100,-120.0,40,4.75,3.5,-44.38,13.6408,-74,75.76,29.09,0.941422,0.607127,3.4323,0.1876
413,-100,-120.0,40,4.75,4.5,-45.18,14.6857,-79,76.08,28.7,0.965749,0.606384,2.2111,0.2045
414,-100,-120.0,40,4.75,5.0,-44.94,14.7065,-84,76.3,28.45,0.988746,0.655644,3.94,0.165
415,-100,-120.0,40,4.75,5.5,-44.67,15.3232,-81,76.36,28.37,0.961608,0.658639,4.5872,0.1556
412,-100,-120.0,40,4.75,4.0,-44.45,14.0793,-73,76.28,28.47,1.001151,0.660187,4.0936,0.1669
416,-100,-120.0,40,4.75,6.0,-44.58,15.1825,-84,76.08,28.71,0.932743,0.585056,2.7486,0.1975
417,-100,-120.0,40,4.75,6.5,-44.75,15.6311,-83,76.08,28.71,0.968002,0.586367,2.3089,0.1991
418,-100,-120.0,40,4.75,7.0,-44.73,15.4984,-87,76.18,28.59,1.028904,0.692367,4.771,0.1718
419,-100,-120.0,40,4.75,7.5,-44.84,15.4489,-89,76.59,28.09,1.026615,0.637781,3.1791,0.1813
420,-100,-120.0,40,4.75,8.0,-43.86,16.1651,-89,76.25,28.5,0.96596,0.63363,3.6025,0.1703
421,-100,-120.0,40,4.75,8.5,-45.2,16.5688,-96,75.83,29.0,0.955973,0.6092,3.201,0.1991
422,-100,-120.0,40,4.75,9.0,-44.39,16.1634,-93,75.92,28.89,0.950785,0.658207,4.1614,0.1763
423,-100,-120.0,40,4.75,9.5,-44.05,16.8597,-100,76.19,28.57,1.016244,0.672011,4.038,0.1745
426,-100,-120.0,40,4.75,11.0,-44.39,17.4905,-100,76.25,28.5,0.976875,0.6479,4.0741,0.153
424,-100,-120.0,40,4.75,10.0,-44.78,16.1902,-96,75.53,29.36,0.980613,0.701388,5.4078,0.1528
425,-100,-120.0,40,4.75,10.5,-44.7,16.6182,-100,77.08,27.51,1.008459,0.677926,3.9799,0.1623
427,-100,-120.0,40,4.75,11.5,-44.4,18.1623,-100,76.36,28.36,1.0124,0.639495,3.3047,0.1746
428,-100,-120.0,40,4.75,12.0,-44.64,18.106,-100,76.74,27.91,1.003211,0.648662,3.4008,0.1739
429,-100,-120.0,40,4.75,12.5,-44.42,18.6206,-100,74.83,30.21,1.06754,0.749264,6.1111,0.1722
430,-100,-120.0,40,4.75,13.0,-44.33,18.729,-100,76.15,28.62,0.947263,0.58533,2.0044,0.2002
431,-100,-120.0,40,4.75,13.5,-44.17,18.9222,-100,76.22,28.53,1.056697,0.665664,3.3559,0.1739
432,-100,-120.0,40,4.75,14.0,-44.17,20.0687,-100,76.17,28.59,0.939155,0.604535,3.1632,0.1633
434,-100,-120.0,40,5.0,1.5,-41.98,14.6588,-64,76.8,27.84,1.001534,0.70759,5.1897,0.1353
433,-100,-120.0,40,5.0,1.0,-41.51,14.0721,-62,76.68,27.99,1.013132,0.615505,2.3102,0.1919
435,-100,-120.0,40,5.0,2.0,-41.88,14.863,-67,76.3,28.43,1.012129,0.641446,3.5777,0.1878
436,-100,-120.0,40,5.0,2.5,-41.18,14.9284,-68,76.32,28.42,0.941519,0.584569,2.1695,0.1965
437,-100,-120.0,40,5.0,3.0,-41.96,14.2278,-69,75.4,29.51,0.958143,0.636248,4.2049,0.1891
438,-100,-120.0,40,5.0,3.5,-42.08,15.5798,-72,75.71,29.15,0.981115,0.662161,4.2749,0.1887
439,-100,-120.0,40,5.0,4.0,-41.88,15.0125,-73,75.59,29.29,0.944489,0.622282,3.4527,0.1938
441,-100,-120.0,40,5.0,5.0,-42.04,14.9019,-77,76.43,28.29,0.975815,0.620931,2.8455,0.1827
440,-100,-120.0,40,5.0,4.5,-41.8,14.5263,-76,76.15,28.62,0.967989,0.600815,2.4896,0.2049
442,-100,-120.0,40,5.0,5.5,-41.88,15.3918,-82,76.32,28.41,1.033255,0.677186,4.1107,0.1671
443,-100,-120.0,40,5.0,6.0,-41.58,15.8496,-80,76.12,28.67,0.974213,0.610198,3.0938,0.1835
444,-100,-120.0,40,5.0,6.5,-42.01,15.772,-86,75.88,28.96,0.961231,0.629602,3.7736,0.194
445,-100,-120.0,40,5.0,7.0,-41.59,15.5286,-83,75.76,29.09,0.922652,0.655947,4.8536,0.1541
446,-100,-120.0,40,5.0,7.5,-41.59,16.1115,-85,75.95,28.86,0.963093,0.643736,4.1664,0.1825
449,-100,-120.0,40,5.0,9.0,-41.94,18.0636,-95,75.35,29.58,1.119571,0.882067,8.0721,0.1387
450,-100,-120.0,40,5.0,9.5,-41.7,17.3989,-93,74.96,30.05,0.96565,0.651212,4.9232,0.1794
448,-100,-120.0,40,5.0,8.5,-40.74,16.4377,-89,75.55,29.34,0.946471,0.638085,4.3451,0.1542
447,-100,-120.0,40,5.0,8.0,-41.15,15.9803,-86,75.94,28.87,0.951675,0.601157,3.104,0.1854
451,-100,-120.0,40,5.0,10.0,-41.46,17.0873,-94,75.67,29.2,0.926115,0.601224,3.3603,0.1799
452,-100,-120.0,40,5.0,10.5,-41.44,17.5747,-100,76.01,28.79,0.957853,0.590173,2.5153,0.1891
453,-100,-120.0,40,5.0,11.0,-42.24,18.2301,-99,75.66,29.21,0.966586,0.666309,5.1619,0.169
454,-100,-120.0,40,5.0,11.5,-41.49,19.2143,-100,75.27,29.68,0.931648,0.639403,4.8241,0.1591
455,-100,-120.0,40,5.0,12.0,-41.69,19.1432,-100,75.79,29.06,0.940907,0.626406,4.3281,0.1765
456,-100,-120.0,40,5.0,12.5,-41.94,19.0431,-100,75.57,29.33,0.941245,0.600838,3.0614,0.187
457,-100,-120.0,40,5.0,13.0,-41.14,18.8196,-100,76.43,28.28,1.005104,0.675385,4.3547,0.1738
458,-100,-120.0,40,5.0,13.5,-41.63,20.1801,-100,76.07,28.72,1.015509,0.68285,4.3901,0.1705
459,-100,-120.0,40,5.0,14.0,-41.58,19.8963,-100,76.29,28.45,0.989271,0.673233,4.6588,0.135
460,-100,-115.0,40,1.0,1.0,-87.93,3.317,-97,77.03,27.56,1.091464,0.702843,3.5446,0.1701
462,-100,-115.0,40,1.0,2.0,-87.9,3.7967,-100,77.6,26.87,1.100065,0.682407,3.023,0.1825
461,-100,-115.0,40,1.0,1.5,-87.93,3.8717,-100,77.47,27.03,1.116555,0.680096,2.4817,0.1721
463,-100,-115.0,40,1.0,2.5,-87.79,4.4118,-100,77.04,27.56,1.06733,0.664521,2.8803,0.1822
464,-100,-115.0,40,1.0,3.0,-87.77,4.6314,-100,77.72,26.73,1.169921,0.775045,4.6694,0.1662
465,-100,-115.0,40,1.0,3.5,-88.05,4.7092,-100,76.23,28.52,1.087101,0.712223,4.3394,0.1596
466,-100,-115.0,40,1.0,4.0,-87.82,5.2515,-100,77.14,27.43,1.10583,0.675676,2.8511,0.1819
467,-100,-115.0,40,1.0,4.5,-87.86,5.8685,-100,77.16,27.41,1.084954,0.690842,3.5848,0.14
468,-100,-115.0,40,1.0,5.0,-87.77,5.8331,-100,77.6,26.88,1.170937,0.80386,5.7015,0.1416
469,-100,-115.0,40,1.0,5.5,-87.76,6.1686,-100,77.1,27.48,1.125814,0.731991,4.249,0.1689
470,-100,-115.0,40,1.0,6.0,-87.58,6.6602,-100,77.16,27.42,1.093748,0.663157,2.4691,0.1844
471,-100,-115.0,40,1.0,6.5,-87.66,6.9198,-100,77.84,26.6,1.210246,0.809413,5.6988,0.1533
472,-100,-115.0,40,1.0,7.0,-87.18,7.2813,-100,77.76,26.68,1.110112,0.756236,4.3405,0.1366
474,-100,-115.0,40,1.0,8.0,-87.09,8.022,-100,77.69,26.76,1.197312,0.749114,3.9237,0.173
476,-100,-115.0,40,1.0,9.0,-87.42,8.7439,-100,76.48,28.23,1.071285,0.679003,3.3721,0.1643
475,-100,-115.0,40,1.0,8.5,-87.52,8.3738,-100,77.36,27.17,1.09919,0.758166,5.062,0.1353
473,-100,-115.0,40,1.0,7.5,-88.03,7.4921,-100,77.85,26.58,1.171542,0.714171,3.1553,0.1697
477,-100,-115.0,40,1.0,9.5,-86.9,9.0585,-100,77.27,27.29,1.192736,0.731049,3.5744,0.1721
478,-100,-115.0,40,1.0,10.0,-87.02,9.5011,-100,77.37,27.16,1.130349,0.749035,5.0095,0.1346
479,-100,-115.0,40,1.0,10.5,-86.48,9.7662,-100,76.44,28.27,1.136273,0.747102,4.9176,0.1658
480,-100,-115.0,40,1.0,11.0,-86.47,10.0724,-100,77.66,26.81,1.196179,0.715256,3.5846,0.1667
481,-100,-115.0,40,1.0,11.5,-86.73,10.3183,-100,78.33,26.01,1.181425,0.741142,4.0969,0.1555
482,-100,-115.0,40,1.0,12.0,-86.32,10.8351,-100,75.74,29.12,1.078333,0.712253,4.749,0.1339
483,-100,-115.0,40,1.0,12.5,-86.31,10.9916,-100,77.31,27.23,1.151898,0.694674,3.4812,0.1583
484,-100,-115.0,40,1.0,13.0,-85.95,11.3912,-100,78.27,26.07,1.193891,0.711749,2.6942,0.1569
485,-100,-115.0,40,1.0,13.5,-86.08,11.6124,-100,77.96,26.45,1.18164,0.711269,2.8565,0.1711
488,-100,-115.0,40,1.25,1.5,-84.89,4.529,-97,77.09,27.5,1.097013,0.728193,4.3587,0.1573
487,-100,-115.0,40,1.25,1.0,-85.23,4.0751,-96,77.57,26.93,1.13923,0.727685,3.4906,0.1562
486,-100,-115.0,40,1.0,14.0,-85.34,12.0677,-100,78.15,26.23,1.277213,0.768929,3.856,0.1643
490,-100,-115.0,40,1.25,2.5,-85.2,4.9699,-100,76.6,28.08,1.062536,0.692841,3.9035,0.1531
489,-100,-115.0,40,1.25,2.0,-85.17,4.5282,-98,76.5,28.2,1.024972,0.653086,3.2406,0.1982
491,-100,-115.0,40,1.25,3.0,-84.77,4.7331,-100,76.28,28.46,1.068261,0.740434,5.5316,0.1474
492,-100,-115.0,40,1.25,3.5,-84.75,5.128,-100,76.44,28.27,1.026311,0.657701,3.5433,0.1808
493,-100,-115.0,40,1.25,4.0,-85.26,5.4975,-100,76.63,28.04,1.0535,0.698203,4.4032,0.1734
494,-100,-115.0,40,1.25,4.5,-85.37,5.9828,-100,77.29,27.25,1.120272,0.73116,4.3917,0.1533
495,-100,-115.0,40,1.25,5.0,-84.76,6.3231,-100,76.53,28.17,1.025961,0.656695,3.4875,0.1739
496,-100,-115.0,40,1.25,5.5,-84.96,6.7866,-100,77.28,27.27,1.117565,0.695421,2.9502,0.1852
497,-100,-115.0,40,1.25,6.0,-84.87,6.9957,-100,77.13,27.44,1.080498,0.667445,3.1685,0.1866
500,-100,-115.0,40,1.25,7.5,-85.04,8.1462,-100,77.02,27.57,1.100476,0.763278,4.7896,0.1361
501,-100,-115.0,40,1.25,8.0,-84.59,8.6813,-100,76.68,27.99,1.050655,0.671214,3.6009,0.1803
498,-100,-115.0,40,1.25,6.5,-85.11,7.3819,-100,77.51,26.99,1.110901,0.675503,3.0956,0.1494
499,-100,-115.0,40,1.25,7.0,-84.36,7.985,-100,76.64,28.05,1.103404,0.677316,3.8333,0.1813
502,-100,-115.0,40,1.25,8.5,-84.6,8.8456,-100,76.8,27.84,1.067575,0.676956,3.1417,0.1639
503,-100,-115.0,40,1.25,9.0,-84.12,9.4403,-100,76.86,27.77,1.094867,0.684142,3.3913,0.193
504,-100,-115.0,40,1.25,9.5,-84.35,9.6447,-100,77.03,27.56,1.124345,0.702591,3.6156,0.1809
505,-100,-115.0,40,1.25,10.0,-84.62,9.9316,-100,76.89,27.74,1.06701,0.662591,2.6362,0.1797
506,-100,-115.0,40,1.25,10.5,-84.25,10.46,-100,77.79,26.66,1.161149,0.75942,4.2506,0.1384
508,-100,-115.0,40,1.25,11.5,-84.06,11.0824,-100,77.26,27.29,1.101857,0.694992,3.402,0.1652
507,-100,-115.0,40,1.25,11.0,-84.14,10.8172,-100,77.44,27.08,1.116748,0.685887,3.2217,0.1719
509,-100,-115.0,40,1.25,12.0,-84.14,11.3705,-100,77.87,26.56,1.222317,0.725185,2.8371,0.1775
510,-100,-115.0,40,1.25,12.5,-83.85,11.6856,-100,77.64,26.83,1.163735,0.713862,3.3855,0.1633
512,-100,-115.0,40,1.25,13.5,-83.43,12.5281,-100,77.88,26.54,1.150936,0.698346,2.7548,0.1783
511,-100,-115.0,40,1.25,13.0,-83.81,12.1725,-100,77.77,26.68,1.153162,0.688109,2.7958,0.1675
513,-100,-115.0,40,1.25,14.0,-83.09,12.7057,-100,77.34,27.18,1.168009,0.821596,5.8895,0.1456
514,-100,-115.0,40,1.5,1.0,-81.97,4.5483,-91,76.73,27.92,1.028244,0.665867,3.6923,0.1773
515,-100,-115.0,40,1.5,1.5,-82.07,4.7584,-94,76.46,28.25,0.994373,0.625276,2.9138,0.1863
516,-100,-115.0,40,1.5,2.0,-82.12,4.7174,-97,76.83,27.8,1.031187,0.639593,2.6796,0.1917
517,-100,-115.0,40,1.5,2.5,-82.09,4.8955,-100,76.49,28.21,1.026782,0.673644,3.7886,0.1535
518,-100,-115.0,40,1.5,3.0,-82.36,5.2509,-99,76.91,27.7,1.044178,0.63911,2.7559,0.1846
519,-100,-115.0,40,1.5,3.5,-82.59,5.8212,-100,76.66,28.01,1.037528,0.647584,3.0508,0.1827
520,-100,-115.0,40,1.5,4.0,-82.17,6.022,-100,76.41,28.31,1.055946,0.710096,4.8628,0.1567
522,-100,-115.0,40,1.5,5.0,-82.3,6.7396,-100,76.25,28.5,0.975336,0.646167,3.3963,0.1712
521,-100,-115.0,40,1.5,4.5,-82.13,6.3929,-100,77.53,26.97,1.089764,0.704584,3.7218,0.1652
523,-100,-115.0,40,1.5,5.5,-81.72,7.4111,-100,76.4,28.31,1.024943,0.658805,3.5246,0.1857
525,-100,-115.0,40,1.5,6.5,-82.13,7.8812,-100,77.32,27.22,1.092921,0.773651,5.6118,0.137
524,-100,-115.0,40,1.5,6.0,-82.14,7.4548,-100,76.9,27.73,1.030044,0.653968,3.4324,0.1698
527,-100,-115.0,40,1.5,7.5,-82.23,8.4392,-100,76.97,27.64,1.077238,0.637229,2.4749,0.1849
526,-100,-115.0,40,1.5,7.0,-82.21,8.2612,-100,76.56,28.12,1.044697,0.65884,3.2374,0.1783
528,-100,-115.0,40,1.5,8.0,-81.9,9.0905,-100,76.4,28.32,1.009119,0.681455,4.2265,0.155
529,-100,-115.0,40,1.5,8.5,-82.05,9.4953,-100,77.05,27.53,1.056827,0.677324,3.4479,0.1674
530,-100,-115.0,40,1.5,9.0,-81.95,9.7687,-100,77.27,27.28,1.082873,0.734744,4.5609,0.1555
533,-100,-115.0,40,1.5,10.5,-81.09,11.0863,-100,77.03,27.57,1.069907,0.706357,4.1121,0.1679
532,-100,-115.0,40,1.5,10.0,-81.44,10.5231,-100,76.84,27.79,1.105845,0.675806,2.7011,0.1896
531,-100,-115.0,40,1.5,9.5,-81.53,10.0938,-100,75.71,29.15,1.03494,0.662909,3.4336,0.188
535,-100,-115.0,40,1.5,11.5,-81.66,11.5286,-100,77.88,26.55,1.165774,0.737561,4.007,0.1479
534,-100,-115.0,40,1.5,11.0,-81.4,11.2727,-100,77.1,27.48,1.102537,0.689475,2.8085,0.1721
537,-100,-115.0,40,1.5,12.5,-81.43,12.4309,-100,76.74,27.92,1.073008,0.674318,3.0889,0.181
536,-100,-115.0,40,1.5,12.0,-81.22,11.9712,-100,77.35,27.18,1.063418,0.65975,3.0846,0.1761
539,-100,-115.0,40,1.5,13.5,-81.12,13.1807,-100,77.49,27.02,1.118117,0.681347,3.1898,0.172
538,-100,-115.0,40,1.5,13.0,-80.75,12.727,-100,77.39,27.13,1.117842,0.684618,2.9235,0.181
540,-100,-115.0,40,1.5,14.0,-80.81,13.4087,-100,77.7,26.76,1.141556,0.683154,2.7224,0.1818
541,-100,-115.0,40,1.75,1.0,-79.56,5.1339,-92,76.21,28.55,0.968658,0.617813,2.7217,0.1787
542,-100,-115.0,40,1.75,1.5,-79.29,5.8101,-93,76.03,28.77,0.940318,0.625857,3.6845,0.1792
543,-100,-115.0,40,1.75,2.0,-79.18,5.7471,-94,76.57,28.11,0.997845,0.654611,3.4677,0.1586
544,-100,-115.0,40,1.75,2.5,-79.97,6.0897,-96,76.66,28.0,1.032404,0.663399,3.3219,0.1664
545,-100,-115.0,40,1.75,3.0,-79.32,6.2668,-100,76.33,28.41,1.002724,0.701733,5.1192,0.1329
548,-100,-115.0,40,1.75,4.5,-79.1,6.3339,-100,76.5,28.2,1.001985,0.640942,3.6562,0.1838
546,-100,-115.0,40,1.75,3.5,-78.55,6.2884,-98,76.22,28.55,1.006335,0.633614,2.2065,0.1978
549,-100,-115.0,40,1.75,5.0,-79.45,7.1474,-100,76.07,28.7,1.010568,0.666883,3.9847,0.1763
547,-100,-115.0,40,1.75,4.0,-78.93,6.8102,-100,76.56,28.13,1.025763,0.659509,3.8859,0.1864
551,-100,-115.0,40,1.75,6.0,-79.26,7.7735,-100,76.66,28.0,0.996446,0.629125,2.74,0.1736
550,-100,-115.0,40,1.75,5.5,-79.57,7.641,-100,76.62,28.05,1.032854,0.671881,3.8634,0.1757
552,-100,-115.0,40,1.75,6.5,-79.34,8.3765,-100,76.18,28.59,1.029618,0.65059,3.3309,0.1837
553,-100,-115.0,40,1.75,7.0,-79.03,8.6258,-100,76.02,28.77,0.98889,0.616067,2.1687,0.2118
554,-100,-115.0,40,1.75,7.5,-79.08,9.1126,-100,76.53,28.17,1.006016,0.637435,3.1107,0.1844
555,-100,-115.0,40,1.75,8.0,-78.75,9.5852,-100,76.11,28.66,1.003368,0.649897,3.2335,0.1595
557,-100,-115.0,40,1.75,9.0,-79.09,10.2566,-100,77.51,26.99,1.080101,0.738478,4.9422,0.1486
556,-100,-115.0,40,1.75,8.5,-79.13,9.8949,-100,76.83,27.81,1.036707,0.716812,4.9137,0.1414
558,-100,-115.0,40,1.75,9.5,-79.17,10.7872,-100,76.79,27.84,1.051524,0.799198,6.1094,0.1457
559,-100,-115.0,40,1.75,10.0,-79.13,11.2221,-100,76.31,28.43,1.060151,0.673931,3.7308,0.1839
560,-100,-115.0,40,1.75,10.5,-78.84,11.2049,-100,76.9,27.72,1.024957,0.675819,3.7984,0.1536
561,-100,-115.0,40,1.75,11.0,-78.9,11.6506,-100,76.79,27.85,1.034999,0.640386,2.7602,0.1745
563,-100,-115.0,40,1.75,12.0,-78.83,12.5715,-100,76.94,27.67,1.057875,0.668784,2.8845,0.1594
562,-100,-115.0,40,1.75,11.5,-78.08,12.1785,-100,77.01,27.58,1.076071,0.680904,3.7885,0.1769
564,-100,-115.0,40,1.75,12.5,-78.67,12.5804,-100,76.85,27.78,1.119164,0.743222,4.6244,0.1637
565,-100,-115.0,40,1.75,13.0,-78.61,13.1819,-100,76.89,27.73,1.070584,0.650656,2.8127,0.1822
566,-100,-115.0,40,1.75,13.5,-78.59,13.5809,-100,77.22,27.34,1.078319,0.690983,3.4507,0.1681
570,-100,-115.0,40,2.0,2.0,-76.49,6.2786,-91,76.61,28.07,0.996407,0.639224,2.814,0.1831
568,-100,-115.0,40,2.0,1.0,-75.88,5.9317,-86,76.42,28.29,1.036357,0.704257,4.6464,0.1583
567,-100,-115.0,40,1.75,14.0,-78.1,14.0989,-100,77.21,27.35,1.073402,0.718941,4.2674,0.1598
569,-100,-115.0,40,2.0,1.5,-76.3,6.1805,-90,76.93,27.68,1.043029,0.662479,3.6506,0.1736
571,-100,-115.0,40,2.0,2.5,-75.87,6.8044,-92,76.21,28.56,0.993559,0.627136,2.4041,0.2066
572,-100,-115.0,40,2.0,3.0,-76.13,6.7531,-95,76.88,27.74,1.018961,0.728093,5.1823,0.1396
573,-100,-115.0,40,2.0,3.5,-76.23,6.9328,-97,76.68,27.98,1.024568,0.637895,2.4622,0.1975
574,-100,-115.0,40,2.0,4.0,-76.42,7.4659,-99,76.31,28.43,0.994685,0.618892,2.2391,0.2058
575,-100,-115.0,40,2.0,4.5,-76.14,7.3899,-99,76.07,28.72,1.01759,0.681105,4.5742,0.1672
576,-100,-115.0,40,2.0,5.0,-76.58,7.7586,-100,76.55,28.12,1.037687,0.648215,2.8045,0.187
577,-100,-115.0,40,2.0,5.5,-76.49,7.8498,-100,76.66,27.99,1.008026,0.638,2.9578,0.1835
578,-100,-115.0,40,2.0,6.0,-75.97,8.3057,-100,76.67,27.99,1.009375,0.644141,2.9178,0.1916
580,-100,-115.0,40,2.0,7.0,-76.03,8.9482,-100,76.1,28.68,0.967197,0.637581,3.4721,0.1657
579,-100,-115.0,40,2.0,6.5,-76.49,8.8095,-100,76.14,28.62,1.045246,0.67518,3.8575,0.1771
581,-100,-115.0,40,2.0,7.5,-76.33,9.6686,-100,75.86,28.95,1.004206,0.632541,2.7646,0.1881
583,-100,-115.0,40,2.0,8.5,-75.76,10.1288,-100,76.88,27.74,1.146063,0.811239,6.2202,0.1463
582,-100,-115.0,40,2.0,8.0,-75.87,9.886,-100,76.68,27.98,1.042723,0.679033,3.925,0.1612
584,-100,-115.0,40,2.0,9.0,-76.38,10.2804,-100,77.11,27.47,1.065736,0.668187,3.4976,0.1734
585,-100,-115.0,40,2.0,9.5,-76.18,11.1384,-100,76.75,27.91,1.025584,0.654345,3.0609,0.1855
586,-100,-115.0,40,2.0,10.0,-76.45,11.3277,-100,77.0,27.61,1.026132,0.672076,3.5642,0.1557
587,-100,-115.0,40,2.0,10.5,-76.34,11.7013,-100,76.8,27.84,0.989636,0.631834,3.2308,0.1783
588,-100,-115.0,40,2.0,11.0,-75.69,12.1008,-100,76.55,28.14,1.048512,0.698824,4.4993,0.1476
589,-100,-115.0,40,2.0,11.5,-76.64,12.572,-100,75.3,29.64,0.962202,0.659202,4.2382,0.1666
590,-100,-115.0,40,2.0,12.0,-75.55,12.8764,-100,77.04,27.56,1.062615,0.681965,3.3749,0.1786
591,-100,-115.0,40,2.0,12.5,-75.55,13.2938,-100,76.68,27.99,1.111407,0.813214,6.4775,0.1395
592,-100,-115.0,40,2.0,13.0,-75.72,13.6667,-100,76.28,28.47,0.992697,0.643304,3.3809,0.1875
593,-100,-115.0,40,2.0,13.5,-75.6,14.1002,-100,76.79,27.86,1.04593,0.666583,3.2393,0.1802
594,-100,-115.0,40,2.0,14.0,-76.02,14.3444,-100,76.18,28.59,1.025849,0.634043,2.5605,0.1971
595,-100,-115.0,40,2.25,1.0,-73.52,6.762,-87,76.44,28.28,0.988609,0.616315,2.4099,0.2045
596,-100,-115.0,40,2.25,1.5,-73.65,7.1541,-91,76.44,28.28,0.983143,0.632419,2.7774,0.1636
598,-100,-115.0,40,2.25,2.5,-73.13,7.1545,-90,76.6,28.07,0.994781,0.634113,3.1225,0.1674
597,-100,-115.0,40,2.25,2.0,-73.15,7.0292,-91,76.64,28.02,1.01335,0.635393,2.4335,0.1986
599,-100,-115.0,40,2.25,3.0,-73.59,7.2214,-92,76.45,28.26,1.017951,0.659063,3.608,0.187
600,-100,-115.0,40,2.25,3.5,-73.66,8.2226,-96,76.82,27.82,1.052623,0.698013,4.3214,0.1535
601,-100,-115.0,40,2.25,4.0,-73.53,7.8077,-98,76.85,27.77,1.010178,0.689876,4.2561,0.1598
602,-100,-115.0,40,2.25,4.5,-73.35,8.113,-99,76.33,28.41,0.954059,0.588837,2.1508,0.1996
604,-100,-115.0,40,2.25,5.5,-73.66,8.9949,-100,76.57,28.13,0.975544,0.668518,4.0932,0.1606
605,-100,-115.0,40,2.25,6.0,-74.05,8.9685,-100,75.81,29.03,0.988127,0.716209,5.338,0.143
603,-100,-115.0,40,2.25,5.0,-73.42,8.2447,-100,76.01,28.78,0.987688,0.633321,3.0235,0.1959
607,-100,-115.0,40,2.25,7.0,-73.44,9.4292,-100,76.9,27.72,1.046032,0.688096,4.0181,0.1609
606,-100,-115.0,40,2.25,6.5,-73.98,9.1788,-100,75.91,28.91,0.948142,0.600135,2.6004,0.1798
609,-100,-115.0,40,2.25,8.0,-73.42,10.1393,-100,76.62,28.06,1.026339,0.7616,5.2212,0.1284
608,-100,-115.0,40,2.25,7.5,-73.59,10.2806,-100,76.5,28.2,1.016414,0.667366,3.8837,0.161
610,-100,-115.0,40,2.25,8.5,-73.64,10.0942,-100,76.8,27.85,1.057996,0.742687,5.4513,0.1399
611,-100,-115.0,40,2.25,9.0,-73.39,11.4058,-100,76.77,27.87,1.021083,0.665237,3.7602,0.1863
612,-100,-115.0,40,2.25,9.5,-73.4,11.7104,-100,76.16,28.6,0.990253,0.629477,3.4375,0.1855
613,-100,-115.0,40,2.25,10.0,-73.08,11.7329,-100,75.82,29.02,1.007948,0.641152,2.7662,0.1968
614,-100,-115.0,40,2.25,10.5,-73.42,12.3888,-100,76.85,27.78,1.053302,0.666453,3.2176,0.1849
615,-100,-115.0,40,2.25,11.0,-72.92,13.0786,-100,76.85,27.78,1.127537,0.805107,5.9927,0.1408
617,-100,-115.0,40,2.25,12.0,-72.41,13.382,-100,76.0,28.8,0.973295,0.669315,4.9429,0.1536
616,-100,-115.0,40,2.25,11.5,-73.53,13.1548,-100,76.44,28.27,0.995673,0.631612,3.0243,0.1967
618,-100,-115.0,40,2.25,12.5,-72.96,13.4921,-100,75.95,28.86,0.998177,0.679586,4.5348,0.1645
619,-100,-115.0,40,2.25,13.0,-72.77,14.0951,-100,77.11,27.47,1.060058,0.693235,3.857,0.1661
620,-100,-115.0,40,2.25,13.5,-72.84,14.7037,-100,76.98,27.62,1.053101,0.651908,2.4474,0.1845
621,-100,-115.0,40,2.25,14.0,-72.59,14.9433,-100,77.1,27.48,1.125457,0.741604,4.3899,0.156
622,-100,-115.0,40,2.5,1.0,-70.34,7.4766,-83,76.51,28.19,1.017085,0.649721,3.0397,0.1787
623,-100,-115.0,40,2.5,1.5,-70.82,7.0889,-86,76.72,27.95,1.039984,0.660167,3.5641,0.1636
624,-100,-115.0,40,2.5,2.0,-70.88,7.8368,-87,75.56,29.32,0.980474,0.674232,4.5319,0.1603
625,-100,-115.0,40,2.5,2.5,-70.59,7.8486,-92,75.74,29.11,0.950031,0.616097,3.4376,0.165
626,-100,-115.0,40,2.5,3.0,-70.93,7.9283,-91,76.58,28.11,1.009606,0.627913,2.652,0.198
628,-100,-115.0,40,2.5,4.0,-70.37,8.6065,-96,76.34,28.39,0.978157,0.630883,3.417,0.1794
629,-100,-115.0,40,2.5,4.5,-70.72,8.4849,-95,76.23,28.52,1.007565,0.621768,2.0214,0.2027
627,-100,-115.0,40,2.5,3.5,-71.05,8.3705,-95,76.47,28.23,1.004248,0.657145,3.6446,0.162
630,-100,-115.0,40,2.5,5.0,-70.38,8.4861,-97,75.64,29.23,0.961965,0.606794,2.9672,0.1951
631,-100,-115.0,40,2.5,5.5,-70.68,8.3112,-100,76.88,27.75,1.080883,0.700821,3.9179,0.1639
632,-100,-115.0,40,2.5,6.0,-70.23,9.3864,-100,76.75,27.9,0.995789,0.636849,3.3482,0.1768
633,-100,-115.0,40,2.5,6.5,-70.73,9.6497,-100,76.33,28.41,0.997576,0.662754,3.8299,0.1775
634,-100,-115.0,40,2.5,7.0,-70.66,9.9321,-100,76.55,28.14,1.020532,0.653326,3.5305,0.1842
635,-100,-115.0,40,2.5,7.5,-70.9,10.6435,-100,76.68,27.98,1.016026,0.622291,2.5656,0.1924
636,-100,-115.0,40,2.5,8.0,-70.3,11.0646,-100,76.51,28.19,1.010604,0.638574,2.9546,0.1978
637,-100,-115.0,40,2.5,8.5,-70.15,11.352,-100,75.66,29.2,0.95143,0.613194,2.6023,0.1887
638,-100,-115.0,40,2.5,9.0,-70.53,11.727,-100,76.13,28.65,0.971013,0.619209,3.2587,0.1612
639,-100,-115.0,40,2.5,9.5,-70.57,12.0378,-100,75.37,29.55,0.961499,0.61352,3.0446,0.1789
641,-100,-115.0,40,2.5,10.5,-70.4,12.5769,-100,76.27,28.48,1.009331,0.620922,2.3824,0.2086
640,-100,-115.0,40,2.5,10.0,-70.15,12.1611,-100,76.19,28.57,1.008127,0.640781,3.5672,0.1868
644,-100,-115.0,40,2.5,12.0,-70.43,13.9842,-100,76.55,28.14,1.055547,0.706535,4.264,0.1633
642,-100,-115.0,40,2.5,11.0,-70.59,12.7674,-100,76.22,28.53,0.987925,0.639975,3.6482,0.182
643,-100,-115.0,40,2.5,11.5,-70.28,13.7222,-100,76.36,28.37,1.053129,0.671366,3.5802,0.1774
645,-100,-115.0,40,2.5,12.5,-70.19,14.3006,-100,76.78,27.86,1.01879,0.654571,2.9152,0.178
646,-100,-115.0,40,2.5,13.0,-70.59,14.7823,-100,76.91,27.71,1.072777,0.722203,4.7094,0.1632
647,-100,-115.0,40,2.5,13.5,-70.33,15.0635,-100,76.81,27.84,1.033418,0.671437,3.6038,0.1651
648,-100,-115.0,40,2.5,14.0,-69.99,15.5446,-100,76.53,28.16,1.006789,0.669261,3.7857,0.1651
649,-100,-115.0,40,2.75,1.0,-67.4,8.3261,-81,76.59,28.09,1.024537,0.674009,3.9709,0.1833
650,-100,-115.0,40,2.75,1.5,-67.63,8.2021,-83,76.29,28.45,1.003715,0.633534,2.9586,0.1921
651,-100,-115.0,40,2.75,2.0,-67.95,8.5106,-84,75.88,28.94,0.98165,0.704518,4.9526,0.1669
653,-100,-115.0,40,2.75,3.0,-67.85,8.5395,-88,76.65,28.02,1.074403,0.739618,5.2628,0.1351
652,-100,-115.0,40,2.75,2.5,-67.64,7.2348,-86,76.47,28.24,1.003851,0.696173,4.7602,0.1368
654,-100,-115.0,40,2.75,3.5,-67.44,8.7648,-90,76.42,28.3,1.041243,0.77958,6.0742,0.1201
655,-100,-115.0,40,2.75,4.0,-67.68,8.9108,-93,76.48,28.22,1.081517,0.717741,4.8912,0.1627
656,-100,-115.0,40,2.75,4.5,-67.93,8.8557,-94,76.88,27.74,1.078492,0.646195,2.4231,0.1934
657,-100,-115.0,40,2.75,5.0,-67.7,9.037,-97,77.01,27.59,0.998831,0.644374,3.4886,0.1652
658,-100,-115.0,40,2.75,5.5,-67.73,9.917,-99,76.57,28.13,0.999969,0.659788,3.8611,0.1822
659,-100,-115.0,40,2.75,6.0,-67.87,10.0906,-100,75.63,29.25,0.939675,0.612982,3.21,0.1858
660,-100,-115.0,40,2.75,6.5,-67.46,10.6883,-99,76.32,28.41,1.012641,0.66901,4.3148,0.1527
661,-100,-115.0,40,2.75,7.0,-68.04,10.4735,-100,76.11,28.66,1.002781,0.634676,3.1768,0.1695
662,-100,-115.0,40,2.75,7.5,-67.6,11.1931,-100,76.1,28.67,0.999542,0.673691,4.1505,0.1543
663,-100,-115.0,40,2.75,8.0,-67.06,11.0458,-100,76.54,28.15,1.080237,0.794182,6.0833,0.1499
666,-100,-115.0,40,2.75,9.5,-67.38,12.2293,-100,76.64,28.03,0.993721,0.652587,3.328,0.1842
664,-100,-115.0,40,2.75,8.5,-67.69,11.5958,-100,76.09,28.7,1.008508,0.652726,3.9286,0.1824
665,-100,-115.0,40,2.75,9.0,-67.92,12.3419,-100,76.11,28.67,0.997376,0.64095,3.7897,0.1805
667,-100,-115.0,40,2.75,10.0,-67.49,12.7831,-100,76.51,28.19,1.028058,0.683385,3.6609,0.1577
668,-100,-115.0,40,2.75,10.5,-67.37,12.916,-100,75.5,29.41,0.96201,0.612305,3.0891,0.1978
669,-100,-115.0,40,2.75,11.0,-68.15,13.4241,-100,75.8,29.03,1.001533,0.658722,3.6904,0.1711
670,-100,-115.0,40,2.75,11.5,-67.16,13.7818,-100,75.93,28.88,0.940871,0.611582,3.4935,0.1777
671,-100,-115.0,40,2.75,12.0,-67.81,14.3026,-100,75.49,29.42,0.959703,0.624162,3.5505,0.1876
672,-100,-115.0,40,2.75,12.5,-67.89,14.9041,-100,76.4,28.32,1.055959,0.699647,4.5489,0.1638
673,-100,-115.0,40,2.75,13.0,-67.41,14.9679,-100,76.39,28.33,0.998602,0.640087,3.5173,0.1688
674,-100,-115.0,40,2.75,13.5,-67.32,15.4471,-100,76.45,28.25,1.018529,0.637165,2.945,0.1866
675,-100,-115.0,40,2.75,14.0,-67.83,15.7873,-100,76.76,27.89,1.088865,0.732724,4.8493,0.1693
677,-100,-115.0,40,3.0,1.5,-64.65,8.5465,-81,76.51,28.19,0.992846,0.608263,2.6012,0.1931
676,-100,-115.0,40,3.0,1.0,-65.08,8.4392,-79,76.57,28.12,1.071247,0.689605,4.1454,0.178
678,-100,-115.0,40,3.0,2.0,-64.69,8.8173,-83,76.55,28.14,0.991354,0.667848,4.3263,0.1666
679,-100,-115.0,40,3.0,2.5,-65.07,9.4489,-85,75.72,29.13,0.976669,0.624803,2.8333,0.1948
680,-100,-115.0,40,3.0,3.0,-65.12,9.0223,-85,76.33,28.4,0.998874,0.666591,4.2725,0.1611
681,-100,-115.0,40,3.0,3.5,-65.24,9.0004,-89,76.26,28.49,0.997832,0.71359,5.2796,0.141
682,-100,-115.0,40,3.0,4.0,-64.63,9.3812,-91,77.38,27.14,1.058882,0.67185,3.8095,0.1649
683,-100,-115.0,40,3.0,4.5,-64.98,9.8531,-92,75.71,29.14,0.959542,0.629797,3.4496,0.1567
684,-100,-115.0,40,3.0,5.0,-64.65,9.3035,-93,76.17,28.6,0.967708,0.659319,3.9556,0.1687
685,-100,-115.0,40,3.0,5.5,-64.74,10.1764,-96,75.77,29.06,0.981905,0.634921,3.2849,0.1792
686,-100,-115.0,40,3.0,6.0,-64.73,10.55,-97,76.29,28.46,1.022477,0.729892,5.221,0.1514
687,-100,-115.0,40,3.0,6.5,-64.96,10.9666,-100,76.67,28.0,1.056347,0.649262,3.1101,0.1898
689,-100,-115.0,40,3.0,7.5,-65.02,11.9333,-100,76.54,28.16,1.009688,0.680579,4.2409,0.1845
688,-100,-115.0,40,3.0,7.0,-64.78,11.1676,-100,76.38,28.36,0.969142,0.608735,2.6598,0.1886
690,-100,-115.0,40,3.0,8.0,-64.81,11.6217,-100,76.68,27.98,0.990151,0.596464,1.6495,0.2032
691,-100,-115.0,40,3.0,8.5,-64.83,12.2456,-100,76.31,28.43,0.995622,0.60454,1.9782,0.2142
694,-100,-115.0,40,3.0,10.0,-65.09,13.1581,-100,76.48,28.22,0.976385,0.615022,2.6884,0.1745
692,-100,-115.0,40,3.0,9.0,-64.38,12.5235,-100,75.67,29.21,0.952507,0.632628,3.7422,0.1801
693,-100,-115.0,40,3.0,9.5,-64.5,12.949,-100,76.46,28.25,0.993517,0.645866,3.3592,0.1685
695,-100,-115.0,40,3.0,10.5,-64.7,13.7849,-100,76.4,28.32,0.971513,0.63507,3.4781,0.1754
696,-100,-115.0,40,3.0,11.0,-64.42,14.3094,-100,76.68,27.98,0.999759,0.634237,3.0834,0.1868
697,-100,-115.0,40,3.0,11.5,-64.67,14.5336,-100,76.8,27.84,1.050151,0.686541,4.1953,0.164
698,-100,-115.0,40,3.0,12.0,-64.62,14.5771,-100,76.22,28.54,1.012867,0.635453,2.6524,0.1912
699,-100,-115.0,40,3.0,12.5,-64.62,15.2256,-100,76.52,28.18,1.005634,0.647272,3.1342,0.1742
700,-100,-115.0,40,3.0,13.0,-64.53,15.433,-100,76.71,27.94,1.015559,0.672124,4.0764,0.16
701,-100,-115.0,40,3.0,13.5,-64.32,15.7546,-100,76.0,28.8,0.986792,0.60791,2.0,0.2077
703,-100,-115.0,40,3.25,1.0,-61.35,9.2182,-76,75.87,28.95,0.953219,0.583255,1.2499,0.2096
702,-100,-115.0,40,3.0,14.0,-64.57,16.1899,-100,76.68,27.99,1.026223,0.640496,3.214,0.1715
704,-100,-115.0,40,3.25,1.5,-61.71,9.7366,-81,75.72,29.12,0.933676,0.605385,2.9931,0.1825
705,-100,-115.0,40,3.25,2.0,-62.31,9.4898,-82,76.28,28.46,0.981804,0.632346,2.9467,0.1855
706,-100,-115.0,40,3.25,2.5,-61.74,9.658,-84,77.16,27.42,1.066401,0.664093,3.1746,0.1723
707,-100,-115.0,40,3.25,3.0,-61.94,9.648,-85,76.95,27.66,1.005646,0.634302,2.7903,0.1726
708,-100,-115.0,40,3.25,3.5,-62.16,9.4196,-85,76.2,28.56,0.960355,0.619164,3.2666,0.1757
709,-100,-115.0,40,3.25,4.0,-62.53,10.2821,-89,76.45,28.26,0.975732,0.621792,3.0149,0.1553
710,-100,-115.0,40,3.25,4.5,-61.54,10.5083,-89,75.11,29.87,0.895216,0.59596,3.8,0.1905
711,-100,-115.0,40,3.25,5.0,-61.98,11.2752,-90,76.64,28.04,1.059103,0.756634,6.0168,0.1326
712,-100,-115.0,40,3.25,5.5,-61.9,10.4977,-94,76.65,28.02,1.045187,0.716051,4.4897,0.1494
713,-100,-115.0,40,3.25,6.0,-62.4,11.1267,-94,76.2,28.56,1.035084,0.663756,3.6966,0.1819
716,-100,-115.0,40,3.25,7.5,-61.82,12.1659,-100,75.84,28.98,0.950592,0.647741,4.7197,0.1646
714,-100,-115.0,40,3.25,6.5,-61.98,11.6406,-95,76.15,28.62,0.982937,0.627693,3.4261,0.1863
715,-100,-115.0,40,3.25,7.0,-61.85,11.718,-98,76.78,27.86,1.028623,0.643869,2.3252,0.1833
717,-100,-115.0,40,3.25,8.0,-62.34,12.4416,-100,75.75,29.09,0.975606,0.702357,5.53,0.1569
718,-100,-115.0,40,3.25,8.5,-62.1,12.5795,-100,76.63,28.05,1.002452,0.643216,3.6359,0.1697
719,-100,-115.0,40,3.25,9.0,-62.0,13.0051,-100,76.65,28.03,1.014239,0.663224,3.427,0.1775
720,-100,-115.0,40,3.25,9.5,-62.08,12.9437,-100,76.06,28.73,0.97108,0.621837,3.441,0.1774
721,-100,-115.0,40,3.25,10.0,-61.82,13.3551,-100,76.08,28.71,0.966499,0.61632,2.6446,0.1953
722,-100,-115.0,40,3.25,10.5,-61.69,14.1793,-100,76.47,28.23,1.027984,0.647768,2.8408,0.1878
723,-100,-115.0,40,3.25,11.0,-62.01,14.5202,-100,76.22,28.53,1.000263,0.633129,3.5155,0.1872
724,-100,-115.0,40,3.25,11.5,-61.96,14.5894,-100,76.06,28.74,1.004747,0.686937,4.8987,0.1708
725,-100,-115.0,40,3.25,12.0,-62.44,15.4715,-100,76.45,28.26,0.962282,0.623775,3.2629,0.1717
727,-100,-115.0,40,3.25,13.0,-61.33,16.1451,-100,75.17,29.8,0.924604,0.575515,2.9989,0.1757
728,-100,-115.0,40,3.25,13.5,-61.82,16.0096,-100,76.19,28.58,0.998724,0.654905,3.3668,0.168
726,-100,-115.0,40,3.25,12.5,-61.78,15.7532,-100,76.5,28.2,1.023399,0.684186,4.1597,0.1599
729,-100,-115.0,40,3.25,14.0,-61.7,16.9981,-100,76.72,27.93,1.06949,0.719337,4.8837,0.1602
730,-100,-115.0,40,3.5,1.0,-58.19,10.1869,-75,76.85,27.78,1.029693,0.643578,2.9628,0.1731
731,-100,-115.0,40,3.5,1.5,-58.52,10.4484,-77,76.77,27.87,1.033683,0.679456,3.8505,0.1814
732,-100,-115.0,40,3.5,2.0,-58.86,11.1785,-81,75.65,29.21,0.953374,0.59448,2.7849,0.2047
733,-100,-115.0,40,3.5,2.5,-59.24,9.4944,-81,75.48,29.43,0.960284,0.660623,4.3071,0.1386
734,-100,-115.0,40,3.5,3.0,-58.78,10.2831,-82,77.11,27.47,1.028026,0.63758,2.8482,0.1888
735,-100,-115.0,40,3.5,3.5,-58.81,10.9282,-83,76.52,28.18,1.01459,0.668313,4.102,0.1606
736,-100,-115.0,40,3.5,4.0,-59.39,10.7631,-86,76.33,28.4,0.996705,0.642681,3.3273,0.1685
739,-100,-115.0,40,3.5,5.5,-59.22,12.079,-93,76.05,28.75,1.061308,0.780943,6.3734,0.1521
737,-100,-115.0,40,3.5,4.5,-59.1,11.2456,-94,75.23,29.72,0.92041,0.58879,3.074,0.178
738,-100,-115.0,40,3.5,5.0,-58.38,10.9996,-89,76.42,28.3,0.995579,0.637814,3.4534,0.1744
740,-100,-115.0,40,3.5,6.0,-58.99,11.8449,-94,76.71,27.95,1.007635,0.685947,4.4179,0.1631
741,-100,-115.0,40,3.5,6.5,-58.98,12.1588,-96,76.49,28.2,0.979994,0.618677,2.8741,0.1861
742,-100,-115.0,40,3.5,7.0,-59.01,12.2875,-99,76.62,28.05,0.988542,0.658503,4.0301,0.1617
743,-100,-115.0,40,3.5,7.5,-58.8,12.121,-100,76.45,28.26,1.017912,0.677877,4.3303,0.1509
744,-100,-115.0,40,3.5,8.0,-58.44,11.952,-100,76.43,28.29,1.046018,0.759143,6.0628,0.1338
745,-100,-115.0,40,3.5,8.5,-58.85,13.6507,-100,76.46,28.25,0.993165,0.604412,1.6168,0.201
746,-100,-115.0,40,3.5,9.0,-59.55,13.8604,-100,76.23,28.53,1.039199,0.698537,4.5435,0.1586
747,-100,-115.0,40,3.5,9.5,-59.55,13.5502,-100,76.62,28.05,1.012625,0.688497,4.7174,0.14
748,-100,-115.0,40,3.5,10.0,-58.52,14.1812,-100,76.25,28.51,0.968646,0.621182,2.9957,0.1885
749,-100,-115.0,40,3.5,10.5,-58.95,14.4808,-100,76.32,28.41,0.977104,0.631023,3.2316,0.1728
750,-100,-115.0,40,3.5,11.0,-59.29,15.2148,-100,76.21,28.56,0.991039,0.632118,3.1765,0.192
751,-100,-115.0,40,3.5,11.5,-58.63,15.3354,-100,76.07,28.72,0.958969,0.610031,2.8515,0.1897
753,-100,-115.0,40,3.5,12.5,-59.02,16.0979,-100,76.1,28.69,1.029978,0.756775,5.8642,0.1652
752,-100,-115.0,40,3.5,12.0,-58.45,15.3464,-100,76.37,28.36,0.998889,0.655071,3.7761,0.1836
754,-100,-115.0,40,3.5,13.0,-58.86,16.1976,-100,76.21,28.55,0.986712,0.618265,2.8381,0.1881
755,-100,-115.0,40,3.5,13.5,-58.74,16.4728,-100,76.34,28.39,1.000453,0.612618,2.4809,0.1934
756,-100,-115.0,40,3.5,14.0,-58.42,17.5903,-100,75.9,28.92,0.950311,0.603804,2.6901,0.1949
757,-100,-115.0,40,3.75,1.0,-56.41,10.6775,-74,75.78,29.06,0.944187,0.652092,4.4822,0.1445
758,-100,-115.0,40,3.75,1.5,-56.69,10.8035,-77,76.51,28.18,1.006513,0.640464,3.4563,0.1893
759,-100,-115.0,40,3.75,2.0,-56.07,11.0329,-81,76.52,28.18,1.012619,0.657188,3.6838,0.1897
760,-100,-115.0,40,3.75,2.5,-56.21,10.3172,-76,76.59,28.09,1.066726,0.775593,5.6366,0.1386
762,-100,-115.0,40,3.75,3.5,-56.49,11.1154,-86,76.73,27.92,1.023118,0.678166,3.9882,0.1819
761,-100,-115.0,40,3.75,3.0,-56.31,10.8797,-79,76.74,27.91,1.065633,0.725226,4.6965,0.1485
763,-100,-115.0,40,3.75,4.0,-55.98,11.3428,-85,76.36,28.37,1.003155,0.674624,4.5442,0.1591
764,-100,-115.0,40,3.75,4.5,-56.68,11.2023,-86,75.27,29.68,0.954055,0.607731,3.4848,0.1856
765,-100,-115.0,40,3.75,5.0,-56.17,12.0865,-91,76.13,28.65,0.974045,0.615504,2.4825,0.1873
766,-100,-115.0,40,3.75,5.5,-56.2,11.9591,-92,76.2,28.57,0.998542,0.711619,5.3886,0.1399
767,-100,-115.0,40,3.75,6.0,-56.29,12.138,-94,76.26,28.48,0.99862,0.636171,3.5462,0.1735
768,-100,-115.0,40,3.75,6.5,-56.16,12.0326,-91,76.2,28.57,0.93905,0.630833,4.0944,0.1893
769,-100,-115.0,40,3.75,7.0,-55.98,12.7255,-96,76.94,27.68,1.062713,0.695878,4.3064,0.1686
770,-100,-115.0,40,3.75,7.5,-55.88,13.1864,-96,76.51,28.19,1.047984,0.698057,4.4927,0.1669
772,-100,-115.0,40,3.75,8.5,-56.51,13.4173,-99,75.76,29.09,0.967965,0.637137,3.6696,0.1794
771,-100,-115.0,40,3.75,8.0,-56.36,13.1989,-96,76.06,28.71,0.976718,0.602455,2.8107,0.1955
776,-100,-115.0,40,3.75,10.5,-55.9,14.7309,-100,76.1,28.68,1.017808,0.674955,4.591,0.1691
773,-100,-115.0,40,3.75,9.0,-56.17,13.8967,-100,76.81,27.83,0.981764,0.5966,1.93,0.1977
775,-100,-115.0,40,3.75,10.0,-55.83,14.901,-100,75.87,28.96,0.973852,0.652786,4.13,0.1854
774,-100,-115.0,40,3.75,9.5,-56.09,14.5959,-100,75.96,28.85,0.97076,0.626855,3.6764,0.1864
777,-100,-115.0,40,3.75,11.0,-56.11,15.7531,-100,76.22,28.54,0.993944,0.657939,3.7398,0.1591
778,-100,-115.0,40,3.75,11.5,-55.97,15.6376,-100,76.41,28.32,1.008786,0.640054,2.6972,0.1921
779,-100,-115.0,40,3.75,12.0,-56.44,16.2176,-100,76.22,28.53,1.01216,0.608825,1.7886,0.195
780,-100,-115.0,40,3.75,12.5,-55.91,16.764,-100,76.55,28.13,0.985007,0.596007,2.0229,0.2013
781,-100,-115.0,40,3.75,13.0,-56.17,17.0944,-100,76.34,28.38,1.005672,0.720026,5.1547,0.1535
782,-100,-115.0,40,3.75,13.5,-56.15,17.4196,-100,75.87,28.95,0.942395,0.599046,2.6204,0.181
783,-100,-115.0,40,3.75,14.0,-55.79,17.7984,-100,76.43,28.28,0.99138,0.718249,5.7809,0.1294
784,-100,-115.0,40,4.0,1.0,-53.64,11.735,-72,76.71,27.95,1.037819,0.657976,3.4428,0.1746
785,-100,-115.0,40,4.0,1.5,-53.19,11.4183,-75,75.81,29.03,0.918892,0.586946,2.7136,0.1991
788,-100,-115.0,40,4.0,3.0,-53.4,12.0267,-78,76.8,27.84,1.007118,0.659163,3.9427,0.1671
787,-100,-115.0,40,4.0,2.5,-52.33,12.0152,-75,76.13,28.65,0.979174,0.599001,2.6713,0.1878
786,-100,-115.0,40,4.0,2.0,-53.44,11.394,-74,76.53,28.16,1.007793,0.656961,3.9382,0.1725
790,-100,-115.0,40,4.0,4.0,-53.53,12.1637,-81,76.66,28.01,1.032023,0.713497,4.8416,0.1595
789,-100,-115.0,40,4.0,3.5,-53.38,11.8516,-79,76.2,28.55,0.965806,0.644186,3.5369,0.1703
791,-100,-115.0,40,4.0,4.5,-53.98,12.5671,-85,76.09,28.69,0.967682,0.62276,3.3825,0.1757
792,-100,-115.0,40,4.0,5.0,-53.39,12.767,-86,76.32,28.41,0.996771,0.64148,3.5037,0.1531
793,-100,-115.0,40,4.0,5.5,-53.04,13.2649,-87,76.18,28.57,1.048652,0.740679,5.5432,0.1628
794,-100,-115.0,40,4.0,6.0,-53.39,12.1505,-87,76.26,28.49,0.992129,0.642875,3.5028,0.1664
795,-100,-115.0,40,4.0,6.5,-53.83,13.3615,-89,75.98,28.82,1.010131,0.630515,3.2366,0.1842
796,-100,-115.0,40,4.0,7.0,-53.87,13.5304,-94,76.46,28.24,0.999703,0.616176,2.2528,0.1954
797,-100,-115.0,40,4.0,7.5,-53.28,13.8306,-93,76.75,27.89,1.001716,0.634517,2.4463,0.1974
798,-100,-115.0,40,4.0,8.0,-53.42,14.1457,-97,76.26,28.49,1.017629,0.647651,3.2815,0.1819
799,-100,-115.0,40,4.0,8.5,-52.78,14.5909,-100,75.75,29.1,0.94721,0.621338,3.2937,0.1808
800,-100,-115.0,40,4.0,9.0,-53.23,14.46,-99,76.38,28.34,0.981275,0.644863,3.8516,0.1796
801,-100,-115.0,40,4.0,9.5,-52.82,14.982,-100,76.4,28.32,0.982075,0.611568,2.511,0.1956
802,-100,-115.0,40,4.0,10.0,-52.79,15.168,-100,75.86,28.97,1.011405,0.626685,2.626,0.1915
803,-100,-115.0,40,4.0,10.5,-52.85,15.7703,-100,76.39,28.33,1.01062,0.679365,4.4757,0.1627
804,-100,-115.0,40,4.0,11.0,-53.03,15.3966,-100,75.81,29.02,0.972227,0.625585,3.5478,0.1596
805,-100,-115.0,40,4.0,11.5,-53.15,16.0912,-100,76.41,28.31,1.007257,0.646299,3.1518,0.163
806,-100,-115.0,40,4.0,12.0,-52.82,16.8795,-100,76.36,28.36,0.991537,0.673138,4.589,0.1577
808,-100,-115.0,40,4.0,13.0,-52.93,17.4145,-100,76.43,28.28,0.980497,0.63119,3.7955,0.1728
807,-100,-115.0,40,4.0,12.5,-53.04,16.9256,-100,76.89,27.72,1.035334,0.657269,3.5084,0.1882
809,-100,-115.0,40,4.0,13.5,-53.08,17.9967,-100,76.36,28.37,1.005202,0.630542,2.8657,0.1746
810,-100,-115.0,40,4.0,14.0,-53.23,18.4378,-100,76.13,28.64,0.963729,0.617857,3.3,0.1828
811,-100,-115.0,40,4.25,1.0,-50.42,11.8748,-69,75.71,29.14,0.968478,0.647214,4.3263,0.1711
812,-100,-115.0,40,4.25,1.5,-49.99,12.0716,-72,76.63,28.05,0.999766,0.622208,2.4064,0.1922
813,-100,-115.0,40,4.25,2.0,-50.42,12.3155,-73,75.95,28.86,1.005325,0.68802,4.8515,0.1658
814,-100,-115.0,40,4.25,2.5,-49.89,11.7264,-74,75.69,29.18,0.969845,0.673479,4.4269,0.1767
815,-100,-115.0,40,4.25,3.0,-50.64,12.2553,-75,76.18,28.59,0.966975,0.612534,3.0198,0.1894
816,-100,-115.0,40,4.25,3.5,-50.76,13.0942,-80,76.37,28.35,1.046977,0.660284,3.7685,0.1825
817,-100,-115.0,40,4.25,4.0,-50.63,13.1617,-82,75.78,29.06,0.99053,0.693486,5.1574,0.1475
818,-100,-115.0,40,4.25,4.5,-49.83,13.1708,-81,76.7,27.96,1.002007,0.63136,2.7704,0.1798
820,-100,-115.0,40,4.25,5.5,-49.76,13.1854,-82,75.38,29.54,0.944389,0.619832,3.6941,0.1647
819,-100,-115.0,40,4.25,5.0,-50.39,13.0759,-82,76.51,28.17,0.998522,0.647153,3.3403,0.1607
821,-100,-115.0,40,4.25,6.0,-50.55,13.1263,-87,75.38,29.54,0.946602,0.627851,3.9023,0.18
822,-100,-115.0,40,4.25,6.5,-50.15,13.8492,-87,75.77,29.08,0.959963,0.659866,4.3522,0.1489
823,-100,-115.0,40,4.25,7.0,-50.63,14.0577,-88,76.41,28.32,1.002324,0.640675,3.4146,0.1753
825,-100,-115.0,40,4.25,8.0,-50.81,14.7813,-93,75.99,28.81,0.987858,0.745022,5.8922,0.1372
824,-100,-115.0,40,4.25,7.5,-50.02,14.0895,-97,75.61,29.27,0.938275,0.623284,4.2314,0.186
826,-100,-115.0,40,4.25,8.5,-50.29,13.9162,-98,76.06,28.73,0.989063,0.670541,4.807,0.1673
827,-100,-115.0,40,4.25,9.0,-50.44,15.0032,-100,76.09,28.69,0.989673,0.638524,3.2757,0.1875
828,-100,-115.0,40,4.25,9.5,-50.41,15.2787,-95,76.34,28.39,0.987321,0.647998,3.8028,0.1812
829,-100,-115.0,40,4.25,10.0,-50.1,15.9122,-100,75.5,29.41,1.009131,0.691865,4.7119,0.1601
830,-100,-115.0,40,4.25,10.5,-50.12,15.9313,-100,75.94,28.87,0.928995,0.611374,3.4845,0.1755
832,-100,-115.0,40,4.25,11.5,-50.24,16.7328,-100,75.92,28.9,0.967591,0.624076,3.2877,0.1873
833,-100,-115.0,40,4.25,12.0,-50.22,17.0501,-100,76.36,28.37,0.979819,0.616309,2.7137,0.1821
831,-100,-115.0,40,4.25,11.0,-50.02,16.7145,-100,76.7,27.97,0.996219,0.59996,1.8301,0.2071
834,-100,-115.0,40,4.25,12.5,-50.43,17.7624,-100,76.15,28.62,1.010585,0.670919,4.2087,0.1651
837,-100,-115.0,40,4.25,14.0,-50.05,18.2339,-100,75.87,28.94,0.98244,0.673161,4.2722,0.1607
835,-100,-115.0,40,4.25,13.0,-50.4,17.6493,-100,76.64,28.03,1.024407,0.714776,5.2483,0.157
836,-100,-115.0,40,4.25,13.5,-50.48,18.4645,-100,76.23,28.52,0.978639,0.61998,3.1556,0.1906
838,-100,-115.0,40,4.5,1.0,-47.51,12.7628,-68,76.83,27.81,1.064316,0.652904,2.6917,0.1817
839,-100,-115.0,40,4.5,1.5,-47.83,12.9793,-74,76.06,28.72,0.941682,0.604735,3.4794,0.1806
840,-100,-115.0,40,4.5,2.0,-47.42,13.4022,-72,76.33,28.41,0.949233,0.594696,2.3572,0.1942
841,-100,-115.0,40,4.5,2.5,-47.55,13.1593,-74,75.71,29.15,0.968878,0.621775,3.8744,0.1805
842,-100,-115.0,40,4.5,3.0,-47.37,13.2874,-73,76.22,28.54,0.947328,0.5886,2.5787,0.19
843,-100,-115.0,40,4.5,3.5,-47.3,13.4601,-77,75.99,28.8,0.943641,0.610102,2.7148,0.2078
844,-100,-115.0,40,4.5,4.0,-47.3,14.3245,-78,76.08,28.71,0.970882,0.625366,3.5222,0.1687
845,-100,-115.0,40,4.5,4.5,-47.5,13.3504,-79,76.57,28.13,0.991208,0.664057,3.9738,0.1511
846,-100,-115.0,40,4.5,5.0,-47.64,13.3758,-85,75.03,29.96,0.948388,0.637948,4.2472,0.1983
847,-100,-115.0,40,4.5,5.5,-47.39,13.6715,-86,76.23,28.51,1.025518,0.7424,6.0335,0.151
848,-100,-115.0,40,4.5,6.0,-47.92,14.766,-83,76.47,28.23,0.966372,0.656645,4.5674,0.1532
849,-100,-115.0,40,4.5,6.5,-47.51,14.6418,-84,75.47,29.43,0.942798,0.612537,3.0356,0.1891
850,-100,-115.0,40,4.5,7.0,-47.25,14.2522,-88,75.91,28.92,0.974099,0.607796,2.7547,0.1708
851,-100,-115.0,40,4.5,7.5,-47.09,15.5313,-88,76.12,28.66,0.965245,0.741515,6.3931,0.1347
852,-100,-115.0,40,4.5,8.0,-47.43,15.0212,-93,76.57,28.11,1.003829,0.635814,3.1479,0.1806
853,-100,-115.0,40,4.5,8.5,-47.75,14.876,-96,75.99,28.81,0.973378,0.613679,2.9928,0.1923
854,-100,-115.0,40,4.5,9.0,-47.35,15.431,-99,75.84,29.01,0.95495,0.591173,2.0621,0.2112
855,-100,-115.0,40,4.5,9.5,-47.59,15.8223,-100,75.44,29.48,0.94484,0.599198,2.4289,0.2116
856,-100,-115.0,40,4.5,10.0,-47.57,16.151,-100,76.32,28.42,0.969931,0.657773,4.3881,0.1585
859,-100,-115.0,40,4.5,11.5,-47.74,16.8671,-100,75.97,28.83,1.001587,0.672582,4.0209,0.1492
857,-100,-115.0,40,4.5,10.5,-47.88,17.2114,-100,76.29,28.45,1.009153,0.658561,3.4937,0.1729
858,-100,-115.0,40,4.5,11.0,-47.7,16.6134,-100,75.96,28.85,0.979927,0.622738,3.1802,0.1862
861,-100,-115.0,40,4.5,12.5,-47.44,18.3904,-100,75.57,29.32,0.954593,0.636923,3.9571,0.176
860,-100,-115.0,40,4.5,12.0,-46.87,17.6614,-100,76.38,28.35,0.995608,0.602759,2.3431,0.1807
862,-100,-115.0,40,4.5,13.0,-47.69,18.3627,-100,75.63,29.24,0.94622,0.611766,3.4937,0.1865
863,-100,-115.0,40,4.5,13.5,-47.75,19.0425,-100,75.89,28.94,0.936563,0.625656,3.9513,0.1638
864,-100,-115.0,40,4.5,14.0,-47.75,19.0845,-100,75.44,29.49,0.929515,0.578658,2.4378,0.1901
865,-100,-115.0,40,4.75,1.0,-44.74,13.9518,-67,76.12,28.66,0.968673,0.598321,2.6441,0.1921
866,-100,-115.0,40,4.75,1.5,-44.44,13.3648,-66,75.69,29.18,0.943588,0.654995,4.6794,0.1666
868,-100,-115.0,40,4.75,2.5,-44.48,14.1331,-72,76.12,28.65,0.990818,0.651038,4.1572,0.1602
867,-100,-115.0,40,4.75,2.0,-44.33,13.8059,-69,76.36,28.36,1.002209,0.652141,3.3438,0.1919
870,-100,-115.0,40,4.75,3.5,-44.63,14.2943,-76,76.09,28.69,0.959067,0.602195,2.5282,0.1904
871,-100,-115.0,40,4.75,4.0,-44.73,14.371,-78,76.33,28.4,0.968052,0.623529,3.4194,0.1831
869,-100,-115.0,40,4.75,3.0,-44.08,13.9874,-71,76.29,28.45,0.99393,0.612992,2.565,0.1889
873,-100,-115.0,40,4.75,5.0,-44.83,13.7495,-82,76.01,28.79,0.961522,0.61965,3.1417,0.1702
872,-100,-115.0,40,4.75,4.5,-44.46,13.3794,-77,76.41,28.31,1.007206,0.647231,3.7508,0.1908
874,-100,-115.0,40,4.75,5.5,-44.36,14.7108,-83,75.81,29.03,0.991816,0.652471,4.2934,0.17
875,-100,-115.0,40,4.75,6.0,-44.19,15.1485,-86,76.56,28.13,1.006831,0.6211,2.8516,0.1913
876,-100,-115.0,40,4.75,6.5,-44.51,14.9184,-82,76.23,28.52,1.008355,0.667413,4.2384,0.1828
877,-100,-115.0,40,4.75,7.0,-44.69,15.1348,-88,76.34,28.39,0.96406,0.62008,3.4311,0.1712
878,-100,-115.0,40,4.75,7.5,-44.45,15.8616,-84,76.3,28.45,0.969058,0.606406,3.2415,0.1878
879,-100,-115.0,40,4.75,8.0,-44.85,15.8644,-92,75.82,29.0,0.967827,0.691347,5.4753,0.1469
880,-100,-115.0,40,4.75,8.5,-44.83,16.259,-96,75.86,28.97,0.945441,0.642199,4.2039,0.1777
884,-100,-115.0,40,4.75,10.5,-44.09,17.5223,-97,76.4,28.32,1.023134,0.742054,5.7969,0.1225
881,-100,-115.0,40,4.75,9.0,-44.78,16.0122,-93,76.29,28.46,0.982286,0.649171,3.9867,0.1635
882,-100,-115.0,40,4.75,9.5,-44.81,17.0056,-98,76.34,28.39,0.990492,0.651244,3.7177,0.1722
883,-100,-115.0,40,4.75,10.0,-44.78,16.9466,-100,76.32,28.42,0.970215,0.595997,2.0503,0.1919
885,-100,-115.0,40,4.75,11.0,-44.73,17.4,-100,76.4,28.33,1.008186,0.614808,2.7549,0.1784
886,-100,-115.0,40,4.75,11.5,-44.19,16.8726,-100,76.11,28.67,0.987994,0.718808,5.2352,0.148
887,-100,-115.0,40,4.75,12.0,-44.55,18.1755,-100,75.72,29.15,0.938136,0.601771,2.6233,0.1755
888,-100,-115.0,40,4.75,12.5,-45.11,18.4901,-100,75.98,28.83,1.011758,0.694674,5.0847,0.1698
889,-100,-115.0,40,4.75,13.0,-44.62,18.8885,-100,75.62,29.26,0.938954,0.62284,3.5665,0.195
890,-100,-115.0,40,4.75,13.5,-44.23,19.5927,-100,76.31,28.44,0.97826,0.611723,2.4762,0.1864
892,-100,-115.0,40,5.0,1.0,-41.57,14.6553,-65,76.06,28.73,0.954063,0.58289,2.3948,0.184
891,-100,-115.0,40,4.75,14.0,-44.28,19.0614,-100,76.49,28.22,1.026548,0.690375,4.6468,0.1525
894,-100,-115.0,40,5.0,2.0,-41.57,14.0814,-69,76.7,27.97,0.998476,0.596112,1.9562,0.2004
895,-100,-115.0,40,5.0,2.5,-42.45,14.3197,-69,75.63,29.24,0.938151,0.634158,4.0295,0.1667
896,-100,-115.0,40,5.0,3.0,-41.96,15.3079,-72,76.05,28.74,0.959884,0.652722,4.6194,0.1657
893,-100,-115.0,40,5.0,1.5,-42.08,15.1003,-64,75.63,29.24,0.925726,0.631038,4.6642,0.1686
897,-100,-115.0,40,5.0,3.5,-42.08,14.3551,-71,76.54,28.15,1.0657,0.781019,6.3356,0.1465
898,-100,-115.0,40,5.0,4.0,-42.22,14.699,-76,76.17,28.59,0.952697,0.651926,4.3482,0.1701
899,-100,-115.0,40,5.0,4.5,-42.05,15.6152,-75,76.23,28.53,0.956763,0.622931,3.6514,0.1851
900,-100,-115.0,40,5.0,5.0,-41.44,15.6134,-77,75.96,28.84,0.975113,0.603345,2.1443,0.1964
901,-100,-115.0,40,5.0,5.5,-41.86,14.8171,-79,76.84,27.79,1.013266,0.692685,4.4859,0.1705
902,-100,-115.0,40,5.0,6.0,-41.64,15.7583,-82,75.94,28.88,0.963976,0.637874,3.8738,0.1753
903,-100,-115.0,40,5.0,6.5,-41.65,16.0633,-81,75.81,29.03,0.978597,0.694005,5.3982,0.1789
904,-100,-115.0,40,5.0,7.0,-41.66,15.8062,-83,75.62,29.25,0.987105,0.687361,4.8896,0.1566
907,-100,-115.0,40,5.0,8.5,-41.54,16.6728,-95,75.97,28.83,0.943578,0.590118,2.6623,0.1875
905,-100,-115.0,40,5.0,7.5,-41.36,16.1131,-84,76.28,28.45,0.98772,0.632405,3.1342,0.1842
906,-100,-115.0,40,5.0,8.0,-41.93,16.3126,-93,75.6,29.27,0.924648,0.575658,2.3075,0.191
909,-100,-115.0,40,5.0,9.5,-41.57,17.0474,-93,75.55,29.34,0.981857,0.678832,4.8729,0.1604
908,-100,-115.0,40,5.0,9.0,-42.17,16.8405,-95,75.82,29.02,0.969862,0.59987,2.4918,0.1768
910,-100,-115.0,40,5.0,10.0,-41.74,17.4546,-92,76.68,27.98,1.025162,0.657839,3.3666,0.1837
911,-100,-115.0,40,5.0,10.5,-41.93,17.954,-100,76.09,28.69,0.948053,0.617187,3.7836,0.1787
912,-100,-115.0,40,5.0,11.0,-41.61,18.333,-100,76.04,28.75,0.969913,0.680496,4.9869,0.1631
913,-100,-115.0,40,5.0,11.5,-41.81,17.7899,-100,75.89,28.94,0.939462,0.632315,4.1199,0.1745
914,-100,-115.0,40,5.0,12.0,-41.18,19.1306,-100,76.02,28.77,0.989772,0.675266,4.4495,0.1541
915,-100,-115.0,40,5.0,12.5,-41.82,19.2287,-100,76.49,28.21,0.972238,0.606791,2.6386,0.1788
916,-100,-115.0,40,5.0,13.0,-41.99,18.8592,-100,74.96,30.06,0.937992,0.617084,3.9783,0.1803
917,-100,-115.0,40,5.0,13.5,-40.9,19.4753,-100,76.06,28.73,0.96032,0.596843,2.7198,0.1838
919,-100,-110.0,40,1.0,1.0,-87.79,3.082,-98,76.31,28.43,1.034684,0.66156,3.2848,0.172
918,-100,-115.0,40,5.0,14.0,-41.71,20.0066,-100,75.9,28.92,0.974731,0.619033,3.2663,0.1683
920,-100,-110.0,40,1.0,1.5,-87.93,3.4609,-99,77.36,27.16,1.121328,0.709972,3.8776,0.1598
921,-100,-110.0,40,1.0,2.0,-87.48,4.0876,-100,77.22,27.34,1.087469,0.653363,1.8827,0.1928
922,-100,-110.0,40,1.0,2.5,-87.99,3.9835,-100,77.15,27.43,1.110891,0.726898,4.1806,0.158
923,-100,-110.0,40,1.0,3.0,-87.85,4.1327,-100,76.85,27.77,1.064696,0.687218,4.0052,0.1732
924,-100,-110.0,40,1.0,3.5,-88.04,4.6811,-100,77.49,27.01,1.132164,0.682877,2.5164,0.1903
925,-100,-110.0,40,1.0,4.0,-88.07,4.8547,-100,77.49,27.01,1.18827,0.747319,4.0871,0.143
926,-100,-110.0,40,1.0,4.5,-87.74,5.7445,-100,77.73,26.73,1.140894,0.742752,4.1841,0.168
928,-100,-110.0,40,1.0,5.5,-87.27,6.2939,-100,77.6,26.88,1.112892,0.701074,3.4053,0.1535
927,-100,-110.0,40,1.0,5.0,-87.91,5.8593,-100,76.78,27.87,1.113135,0.701068,3.0261,0.1683
929,-100,-110.0,40,1.0,6.0,-87.43,6.7068,-100,77.71,26.75,1.194996,0.715381,3.2441,0.1778
930,-100,-110.0,40,1.0,6.5,-87.95,7.0154,-100,77.83,26.61,1.134962,0.698331,2.9664,0.1627
933,-100,-110.0,40,1.0,8.0,-86.74,8.3035,-100,77.61,26.88,1.142482,0.710772,3.936,0.1576
931,-100,-110.0,40,1.0,7.0,-87.9,7.2123,-100,77.14,27.43,1.112819,0.680908,3.3048,0.1786
932,-100,-110.0,40,1.0,7.5,-87.64,7.6327,-100,77.71,26.76,1.201341,0.749105,3.4775,0.1417
934,-100,-110.0,40,1.0,8.5,-87.17,8.3637,-100,77.56,26.93,1.11238,0.684248,3.4947,0.1721
935,-100,-110.0,40,1.0,9.0,-87.18,8.8967,-100,77.47,27.04,1.153332,0.704249,2.7349,0.1809
936,-100,-110.0,40,1.0,9.5,-87.16,9.1086,-100,77.3,27.25,1.183954,0.71363,2.915,0.1786
937,-100,-110.0,40,1.0,10.0,-87.1,9.2818,-100,77.24,27.31,1.231553,0.858594,5.911,0.1355
938,-100,-110.0,40,1.0,10.5,-86.68,9.7578,-100,78.32,26.02,1.227403,0.806792,4.9427,0.1285
939,-100,-110.0,40,1.0,11.0,-86.65,10.0963,-100,76.75,27.9,1.11047,0.691985,3.7472,0.1739
940,-100,-110.0,40,1.0,11.5,-86.41,10.3905,-100,78.46,25.85,1.279775,0.773174,4.3728,0.1426
941,-100,-110.0,40,1.0,12.0,-86.19,10.7364,-100,78.25,26.1,1.310412,0.788863,4.2212,0.1715
944,-100,-110.0,40,1.0,13.5,-85.75,11.7761,-100,77.66,26.81,1.26782,0.776504,4.4824,0.1436
942,-100,-110.0,40,1.0,12.5,-86.11,11.1645,-100,77.81,26.63,1.195187,0.714868,2.7898,0.1796
943,-100,-110.0,40,1.0,13.0,-85.73,11.653,-100,78.13,26.24,1.27124,0.772617,3.9977,0.16
946,-100,-110.0,40,1.25,1.0,-85.0,3.6815,-95,77.47,27.04,1.101843,0.679423,2.8114,0.1673
945,-100,-110.0,40,1.0,14.0,-86.02,11.9492,-100,78.23,26.12,1.293369,0.735335,3.2897,0.1563
947,-100,-110.0,40,1.25,1.5,-84.72,4.1902,-95,76.16,28.6,1.020396,0.622699,2.3404,0.1981
948,-100,-110.0,40,1.25,2.0,-84.8,4.503,-100,76.98,27.63,1.108177,0.713369,4.0711,0.1659
949,-100,-110.0,40,1.25,2.5,-85.12,4.5798,-99,77.71,26.76,1.123153,0.754565,4.8605,0.1437
950,-100,-110.0,40,1.25,3.0,-85.38,4.9688,-100,75.65,29.23,0.981865,0.650551,3.8919,0.1695
951,-100,-110.0,40,1.25,3.5,-85.11,5.2373,-100,76.37,28.36,1.017207,0.631274,2.5262,0.1918
952,-100,-110.0,40,1.25,4.0,-84.89,5.5555,-100,76.76,27.88,1.060376,0.660803,2.5948,0.1817
953,-100,-110.0,40,1.25,4.5,-85.38,6.1785,-100,76.0,28.8,1.010685,0.668927,4.1266,0.1813
954,-100,-110.0,40,1.25,5.0,-84.73,6.3117,-100,76.52,28.18,1.065453,0.671559,4.002,0.1784
955,-100,-110.0,40,1.25,5.5,-84.69,6.515,-100,76.52,28.18,1.043403,0.633026,2.184,0.196
958,-100,-110.0,40,1.25,7.0,-84.66,7.9968,-100,77.45,27.06,1.103109,0.69474,3.4861,0.1664
957,-100,-110.0,40,1.25,6.5,-85.04,7.4487,-100,76.91,27.71,1.076048,0.672567,3.0173,0.1719
956,-100,-110.0,40,1.25,6.0,-85.5,7.2228,-100,76.66,28.0,1.10434,0.688062,4.0123,0.1634
959,-100,-110.0,40,1.25,7.5,-84.46,8.2154,-100,76.46,28.25,1.047689,0.637417,2.4503,0.1797
960,-100,-110.0,40,1.25,8.0,-84.52,8.6512,-100,77.4,27.12,1.131639,0.734162,4.3075,0.1532
961,-100,-110.0,40,1.25,8.5,-84.58,8.9517,-100,77.58,26.9,1.13601,0.706805,3.1582,0.1585
962,-100,-110.0,40,1.25,9.0,-84.95,9.2555,-100,77.6,26.89,1.136737,0.730713,3.4968,0.1562
963,-100,-110.0,40,1.25,9.5,-84.71,9.5445,-100,77.18,27.39,1.085624,0.660636,2.4967,0.1828
964,-100,-110.0,40,1.25,10.0,-84.32,10.1656,-100,77.84,26.59,1.16885,0.767472,4.7186,0.1436
967,-100,-110.0,40,1.25,11.5,-83.98,11.0675,-100,77.3,27.23,1.176119,0.77524,4.2761,0.1425
966,-100,-110.0,40,1.25,11.0,-83.78,10.706,-100,77.46,27.05,1.224189,0.845303,6.1954,0.1222
965,-100,-110.0,40,1.25,10.5,-84.67,10.2671,-100,77.5,26.99,1.148483,0.672342,2.0258,0.1905
969,-100,-110.0,40,1.25,12.5,-83.66,11.859,-100,77.02,27.58,1.110976,0.684906,2.4928,0.183
968,-100,-110.0,40,1.25,12.0,-84.29,11.3175,-100,77.32,27.21,1.161688,0.772461,4.5758,0.139
970,-100,-110.0,40,1.25,13.0,-83.83,12.0346,-100,77.65,26.83,1.148727,0.711425,3.4398,0.1679
971,-100,-110.0,40,1.25,13.5,-83.28,12.4353,-100,77.33,27.2,1.163493,0.743372,4.0361,0.1681
972,-100,-110.0,40,1.25,14.0,-83.43,12.5727,-100,77.61,26.87,1.22273,0.771263,4.2412,0.1398
973,-100,-110.0,40,1.5,1.0,-81.88,4.481,-93,76.79,27.86,1.048294,0.729911,4.9209,0.1528
974,-100,-110.0,40,1.5,1.5,-83.04,4.346,-94,76.81,27.82,1.058589,0.685792,3.7368,0.1827
975,-100,-110.0,40,1.5,2.0,-82.5,4.5708,-97,76.18,28.58,0.973557,0.6388,3.3127,0.1847
976,-100,-110.0,40,1.5,2.5,-82.29,5.4042,-99,76.14,28.63,0.968367,0.650394,3.7457,0.1685
978,-100,-110.0,40,1.5,3.5,-82.29,5.6704,-100,76.52,28.17,1.030625,0.669125,3.3189,0.1731
977,-100,-110.0,40,1.5,3.0,-81.88,5.3521,-100,77.0,27.6,1.073525,0.706515,4.2254,0.1554
979,-100,-110.0,40,1.5,4.0,-82.17,6.2135,-100,76.69,27.97,1.031745,0.64523,2.577,0.1824
980,-100,-110.0,40,1.5,4.5,-82.11,6.211,-100,76.54,28.15,1.065474,0.669671,3.716,0.1759
982,-100,-110.0,40,1.5,5.5,-82.32,7.1984,-100,77.25,27.3,1.091092,0.719367,4.3614,0.1507
981,-100,-110.0,40,1.5,5.0,-82.14,6.7865,-100,76.08,28.7,1.008096,0.643343,3.4559,0.1733
983,-100,-110.0,40,1.5,6.0,-81.99,7.3006,-100,76.7,27.97,1.099258,0.734913,4.6656,0.1768
984,-100,-110.0,40,1.5,6.5,-81.75,8.0356,-100,76.71,27.95,1.064797,0.695406,4.2438,0.1624
985,-100,-110.0,40,1.5,7.0,-82.01,8.1722,-100,77.05,27.54,1.099143,0.69504,3.8742,0.172
986,-100,-110.0,40,1.5,7.5,-81.79,8.5055,-100,76.91,27.7,1.046942,0.656783,2.6358,0.1735
987,-100,-110.0,40,1.5,8.0,-81.85,8.8939,-100,76.63,28.03,1.067336,0.66831,3.46,0.1841
988,-100,-110.0,40,1.5,8.5,-81.7,9.2578,-100,76.62,28.06,1.019254,0.679486,4.2409,0.1603
989,-100,-110.0,40,1.5,9.0,-81.91,10.0107,-100,77.48,27.03,1.095205,0.677308,3.046,0.1592
990,-100,-110.0,40,1.5,9.5,-81.85,9.9287,-100,76.92,27.7,1.076364,0.686258,3.6839,0.1718
993,-100,-110.0,40,1.5,11.0,-81.44,11.2105,-100,77.13,27.45,1.090719,0.678845,3.1868,0.1737
991,-100,-110.0,40,1.5,10.0,-81.58,10.4634,-100,77.52,26.98,1.134644,0.663902,1.63,0.1908
994,-100,-110.0,40,1.5,11.5,-81.84,11.4921,-100,77.15,27.42,1.105405,0.697312,3.0264,0.1765
992,-100,-110.0,40,1.5,10.5,-81.4,10.7399,-100,76.9,27.71,1.093994,0.656227,2.2313,0.1958
995,-100,-110.0,40,1.5,12.0,-81.45,11.7753,-100,77.63,26.84,1.196634,0.785853,4.8035,0.1608
996,-100,-110.0,40,1.5,12.5,-81.05,12.471,-100,77.21,27.34,1.12639,0.707056,3.6321,0.1623
997,-100,-110.0,40,1.5,13.0,-80.75,12.6786,-100,77.38,27.14,1.153111,0.703486,3.0321,0.1538
998,-100,-110.0,40,1.5,13.5,-80.55,13.0578,-100,77.33,27.21,1.132669,0.694262,3.1819,0.1623
999,-100,-110.0,40,1.5,14.0,-80.96,13.3756,-100,76.9,27.73,1.128039,0.687779,3.0558,0.1957
1000,-100,-110.0,40,1.75,1.0,-79.27,5.4237,-91,75.86,28.96,0.978653,0.628613,3.0847,0.1853
1001,-100,-110.0,40,1.75,1.5,-79.31,5.2346,-91,77.06,27.54,1.072088,0.685137,3.6402,0.1753
1002,-100,-110.0,40,1.75,2.0,-79.08,5.7089,-94,75.16,29.8,0.908084,0.654148,4.7217,0.1765
1003,-100,-110.0,40,1.75,2.5,-79.28,5.6647,-96,75.74,29.11,0.971723,0.656488,4.2881,0.1637
1004,-100,-110.0,40,1.75,3.0,-79.22,6.1342,-99,76.4,28.31,1.018862,0.645236,3.2485,0.1744
1005,-100,-110.0,40,1.75,3.5,-78.47,6.6147,-97,77.03,27.57,1.074924,0.745165,4.8146,0.1363
1006,-100,-110.0,40,1.75,4.0,-79.37,6.834,-100,76.86,27.77,1.021406,0.656393,3.2535,0.1741
1007,-100,-110.0,40,1.75,4.5,-78.75,7.3176,-100,76.74,27.91,0.996223,0.635051,3.14,0.182
1008,-100,-110.0,40,1.75,5.0,-78.82,7.2167,-100,76.37,28.36,1.018038,0.695634,4.6004,0.1692
1009,-100,-110.0,40,1.75,5.5,-79.66,7.6049,-100,76.75,27.9,1.029735,0.65683,2.8499,0.1907
1010,-100,-110.0,40,1.75,6.0,-79.38,8.055,-100,76.19,28.57,0.981479,0.623463,3.213,0.1753
1011,-100,-110.0,40,1.75,6.5,-79.13,8.6205,-100,76.86,27.77,1.024951,0.682573,3.7648,0.1722
1012,-100,-110.0,40,1.75,7.0,-78.76,8.7938,-100,76.07,28.71,0.991287,0.687359,4.7593,0.1552
1013,-100,-110.0,40,1.75,7.5,-79.25,8.819,-100,76.63,28.05,1.026149,0.67024,3.7644,0.1606
1014,-100,-110.0,40,1.75,8.0,-79.05,9.7187,-100,76.23,28.52,1.041584,0.650667,2.9452,0.1863
1016,-100,-110.0,40,1.75,9.0,-79.16,10.3785,-100,76.06,28.72,0.988214,0.639185,3.2299,0.1839
1015,-100,-110.0,40,1.75,8.5,-79.4,9.6649,-100,76.92,27.7,1.057936,0.683823,3.9548,0.1635
1017,-100,-110.0,40,1.75,9.5,-79.48,10.6712,-100,76.95,27.66,1.097189,0.685574,3.683,0.172
1018,-100,-110.0,40,1.75,10.0,-78.75,11.0982,-100,76.45,28.26,1.07252,0.751541,5.0207,0.1612
1019,-100,-110.0,40,1.75,10.5,-78.78,11.3279,-100,76.08,28.71,1.029573,0.71928,5.113,0.1554
1020,-100,-110.0,40,1.75,11.0,-78.71,11.7689,-100,77.18,27.39,1.08211,0.71653,4.3801,0.1695
1021,-100,-110.0,40,1.75,11.5,-78.76,12.0734,-100,76.68,27.99,1.082087,0.682144,3.475,0.1777
1022,-100,-110.0,40,1.75,12.0,-78.21,12.3777,-100,77.15,27.43,1.061159,0.694756,4.1634,0.163
1023,-100,-110.0,40,1.75,12.5,-78.59,12.8755,-100,77.18,27.39,1.090638,0.699094,3.8621,0.1623
1024,-100,-110.0,40,1.75,13.0,-78.05,13.1341,-100,77.93,26.48,1.117355,0.73014,4.2348,0.1602
1025,-100,-110.0,40,1.75,13.5,-78.75,13.4412,-100,77.26,27.29,1.126544,0.697812,3.3559,0.1603
1026,-100,-110.0,40,1.75,14.0,-78.35,14.1042,-100,76.71,27.94,1.093489,0.70895,3.6889,0.157
1028,-100,-110.0,40,2.0,1.5,-76.2,5.9518,-90,76.98,27.62,1.084341,0.740627,4.8502,0.1584
1030,-100,-110.0,40,2.0,2.5,-76.57,6.4908,-95,76.13,28.65,0.996124,0.66018,3.8481,0.1776
1027,-100,-110.0,40,2.0,1.0,-76.25,6.5412,-88,76.88,27.74,1.06486,0.656705,2.9426,0.1833
1029,-100,-110.0,40,2.0,2.0,-76.36,6.0888,-92,76.36,28.37,0.999579,0.670765,4.1072,0.1609
1031,-100,-110.0,40,2.0,3.0,-76.26,6.3522,-93,76.54,28.17,1.039197,0.684447,4.0939,0.175
1032,-100,-110.0,40,2.0,3.5,-76.56,6.9006,-99,76.67,27.99,1.019303,0.644686,3.3367,0.1648
1033,-100,-110.0,40,2.0,4.0,-76.54,7.1157,-99,76.05,28.74,0.952223,0.646221,4.2894,0.1557
1034,-100,-110.0,40,2.0,4.5,-76.35,7.2208,-98,76.32,28.41,1.00022,0.804719,6.9308,0.1218
1035,-100,-110.0,40,2.0,5.0,-76.44,7.3298,-100,76.77,27.87,1.003594,0.645542,3.2241,0.172
1036,-100,-110.0,40,2.0,5.5,-76.54,8.2511,-100,75.81,29.03,0.975593,0.64992,3.5442,0.184
1037,-100,-110.0,40,2.0,6.0,-76.38,8.5098,-100,76.29,28.46,1.024903,0.682469,4.0213,0.1687
1038,-100,-110.0,40,2.0,6.5,-76.58,8.5547,-100,77.29,27.26,1.038691,0.673861,3.8693,0.1701
1040,-100,-110.0,40,2.0,7.5,-76.11,9.3164,-100,76.47,28.24,1.004806,0.625705,2.5939,0.197
1039,-100,-110.0,40,2.0,7.0,-76.24,9.3427,-100,76.62,28.05,1.049388,0.735868,5.0562,0.1604
1041,-100,-110.0,40,2.0,8.0,-76.09,9.5728,-100,76.48,28.22,1.064024,0.684913,3.75,0.1621
1042,-100,-110.0,40,2.0,8.5,-76.45,10.3622,-100,77.03,27.57,1.038486,0.630298,2.1133,0.1973
1043,-100,-110.0,40,2.0,9.0,-75.96,10.7424,-100,77.17,27.39,1.116986,0.753296,5.0274,0.166
1044,-100,-110.0,40,2.0,9.5,-75.93,10.9037,-100,76.29,28.46,1.05838,0.711119,4.7276,0.1757
1045,-100,-110.0,40,2.0,10.0,-76.38,11.458,-100,76.82,27.81,1.061226,0.649423,2.5826,0.1881
1046,-100,-110.0,40,2.0,10.5,-75.75,12.0147,-100,76.69,27.97,1.020661,0.633405,2.5652,0.1893
1047,-100,-110.0,40,2.0,11.0,-76.02,11.9033,-100,76.8,27.85,1.066909,0.698519,4.2969,0.1516
1048,-100,-110.0,40,2.0,11.5,-76.14,12.5355,-100,76.33,28.39,1.029502,0.654105,3.2708,0.1921
1049,-100,-110.0,40,2.0,12.0,-75.59,12.8976,-100,77.16,27.4,1.036412,0.679683,4.0105,0.1432
1050,-100,-110.0,40,2.0,12.5,-76.24,13.2574,-100,76.94,27.67,1.037031,0.675859,3.2269,0.154
1052,-100,-110.0,40,2.0,13.5,-75.67,14.1924,-100,77.43,27.09,1.089378,0.752563,5.1316,0.1158
1051,-100,-110.0,40,2.0,13.0,-75.39,14.0323,-100,77.34,27.19,1.155731,0.691389,3.0711,0.1766
1053,-100,-110.0,40,2.0,14.0,-75.74,14.4932,-100,76.39,28.33,1.052311,0.691146,4.7194,0.1674
1055,-100,-110.0,40,2.25,1.5,-73.87,6.9356,-91,76.69,27.96,1.017362,0.659439,3.7839,0.1553
1054,-100,-110.0,40,2.25,1.0,-73.52,6.7492,-87,76.66,28.01,1.045234,0.675081,3.609,0.1749
1056,-100,-110.0,40,2.25,2.0,-73.59,6.8592,-89,76.7,27.96,1.076707,0.727794,4.9031,0.1575
1057,-100,-110.0,40,2.25,2.5,-73.52,7.1233,-90,76.58,28.1,1.011606,0.630201,2.9387,0.1873
1058,-100,-110.0,40,2.25,3.0,-73.54,7.7247,-94,76.11,28.68,0.966626,0.597897,2.3922,0.1817
1059,-100,-110.0,40,2.25,3.5,-72.97,7.5669,-94,75.58,29.31,0.956833,0.616982,3.4438,0.1957
1060,-100,-110.0,40,2.25,4.0,-73.2,7.1993,-94,76.56,28.12,1.009175,0.666758,3.6893,0.1792
1061,-100,-110.0,40,2.25,4.5,-73.81,7.9171,-99,76.2,28.57,0.992925,0.655081,3.4483,0.1812
1063,-100,-110.0,40,2.25,5.5,-73.31,8.6726,-100,76.24,28.51,0.99873,0.657371,4.0091,0.1757
1062,-100,-110.0,40,2.25,5.0,-73.21,8.5133,-99,75.95,28.87,0.983389,0.608029,2.5657,0.2007
1064,-100,-110.0,40,2.25,6.0,-73.19,8.4869,-100,76.88,27.75,1.061682,0.736362,4.9173,0.1348
1066,-100,-110.0,40,2.25,7.0,-72.86,9.6737,-100,76.63,28.03,1.016783,0.626318,2.6485,0.1973
1065,-100,-110.0,40,2.25,6.5,-73.52,8.9569,-100,76.69,27.98,1.010678,0.645249,2.8055,0.1702
1067,-100,-110.0,40,2.25,7.5,-73.78,9.946,-100,75.75,29.1,0.990863,0.672645,4.5071,0.1696
1068,-100,-110.0,40,2.25,8.0,-73.66,10.1264,-100,76.47,28.23,0.997078,0.669678,3.9778,0.1768
1069,-100,-110.0,40,2.25,8.5,-73.57,10.4557,-100,76.32,28.42,1.023374,0.658105,3.5673,0.1826
1070,-100,-110.0,40,2.25,9.0,-73.45,11.3122,-100,76.38,28.35,1.005268,0.646805,3.2164,0.1843
1071,-100,-110.0,40,2.25,9.5,-73.33,11.6165,-100,76.37,28.36,0.99471,0.625285,2.6662,0.1839
1072,-100,-110.0,40,2.25,10.0,-73.79,12.1152,-100,76.35,28.37,1.080146,0.801732,5.931,0.1232
1073,-100,-110.0,40,2.25,10.5,-73.84,12.3711,-100,76.63,28.05,1.009269,0.647677,3.707,0.1828
1074,-100,-110.0,40,2.25,11.0,-72.87,12.4656,-100,76.52,28.17,1.007992,0.665092,3.7764,0.1634
1076,-100,-110.0,40,2.25,12.0,-72.65,13.3488,-100,76.81,27.83,1.012891,0.634596,2.9221,0.1874
1077,-100,-110.0,40,2.25,12.5,-72.94,13.591,-100,76.27,28.47,1.016435,0.663196,4.023,0.1769
1075,-100,-110.0,40,2.25,11.5,-72.94,13.0679,-100,76.8,27.83,1.047433,0.678585,3.7007,0.1703
1078,-100,-110.0,40,2.25,13.0,-73.4,14.2386,-100,77.05,27.55,1.059756,0.662019,2.8825,0.1918
1079,-100,-110.0,40,2.25,13.5,-73.0,14.4709,-100,76.52,28.19,1.023516,0.63363,2.1502,0.2084
1080,-100,-110.0,40,2.25,14.0,-72.45,14.7997,-100,76.32,28.4,1.034321,0.682384,3.6788,0.1796
1081,-100,-110.0,40,2.5,1.0,-70.5,6.6863,-84,76.59,28.09,1.031748,0.684992,4.0766,0.1413
1082,-100,-110.0,40,2.5,1.5,-70.21,7.6136,-86,76.01,28.78,0.998485,0.617185,2.5291,0.1972
1083,-100,-110.0,40,2.5,2.0,-70.9,7.1524,-86,75.85,28.97,0.998093,0.718199,5.2268,0.1516
1084,-100,-110.0,40,2.5,2.5,-70.72,8.0144,-89,77.07,27.52,1.037702,0.654619,3.2674,0.1756
1086,-100,-110.0,40,2.5,3.5,-71.0,8.3789,-92,75.36,29.57,1.001995,0.738941,5.6845,0.1497
1085,-100,-110.0,40,2.5,3.0,-70.97,7.8746,-93,76.54,28.16,1.010688,0.672672,3.8873,0.1591
1089,-100,-110.0,40,2.5,5.0,-70.89,8.9169,-98,76.55,28.14,0.969209,0.634937,3.5066,0.176
1088,-100,-110.0,40,2.5,4.5,-70.53,8.8403,-96,76.05,28.74,1.01235,0.742764,5.4265,0.1559
1087,-100,-110.0,40,2.5,4.0,-70.55,8.133,-94,76.53,28.16,0.994848,0.63896,3.492,0.1494
1090,-100,-110.0,40,2.5,5.5,-70.8,9.5187,-100,76.7,27.95,1.010343,0.647763,3.4007,0.181
1091,-100,-110.0,40,2.5,6.0,-70.41,9.3337,-100,77.07,27.51,1.010859,0.633171,2.4362,0.181
1093,-100,-110.0,40,2.5,7.0,-70.8,10.2613,-100,76.52,28.16,1.009229,0.624428,2.7454,0.181
1092,-100,-110.0,40,2.5,6.5,-70.45,9.7504,-100,76.23,28.53,0.981808,0.601493,2.3839,0.1851
1094,-100,-110.0,40,2.5,7.5,-70.76,10.1584,-100,76.7,27.96,1.011346,0.647373,2.957,0.1834
1095,-100,-110.0,40,2.5,8.0,-69.95,10.9759,-100,76.5,28.2,0.999765,0.624445,2.2944,0.1877
1096,-100,-110.0,40,2.5,8.5,-70.66,11.0348,-100,76.61,28.08,1.014421,0.710201,5.0658,0.1674
1098,-100,-110.0,40,2.5,9.5,-70.2,11.9149,-100,76.63,28.04,1.03367,0.720511,4.8025,0.1433
1097,-100,-110.0,40,2.5,9.0,-70.7,11.9389,-100,76.44,28.28,0.98393,0.620684,3.1653,0.1866
1099,-100,-110.0,40,2.5,10.0,-70.44,12.5468,-100,76.85,27.78,1.065772,0.712637,4.6536,0.1739
1100,-100,-110.0,40,2.5,10.5,-69.65,12.3664,-100,76.33,28.41,0.994293,0.619159,2.0721,0.2094
1101,-100,-110.0,40,2.5,11.0,-70.37,13.1566,-100,75.9,28.92,0.961551,0.637542,3.6722,0.1791
1102,-100,-110.0,40,2.5,11.5,-70.09,13.8208,-100,76.68,27.99,1.004243,0.637171,3.0029,0.1797
1103,-100,-110.0,40,2.5,12.0,-70.57,13.7671,-100,75.54,29.36,0.958924,0.614225,2.8831,0.2072
1105,-100,-110.0,40,2.5,13.0,-70.24,14.5508,-100,76.76,27.89,1.017046,0.724487,5.6501,0.138
1104,-100,-110.0,40,2.5,12.5,-69.79,14.2281,-100,76.93,27.68,1.034562,0.657094,3.3649,0.1779
1106,-100,-110.0,40,2.5,13.5,-69.99,14.9435,-100,77.12,27.45,1.050646,0.660944,3.1436,0.1693
1107,-100,-110.0,40,2.5,14.0,-70.08,15.6121,-100,75.92,28.89,1.052297,0.750854,5.7826,0.1674
1108,-100,-110.0,40,2.75,1.0,-67.65,7.7352,-82,76.26,28.49,0.996066,0.63846,2.9215,0.1975
1110,-100,-110.0,40,2.75,2.0,-67.57,7.6647,-85,76.35,28.38,0.972123,0.66928,4.205,0.1582
1109,-100,-110.0,40,2.75,1.5,-67.73,8.3242,-83,76.01,28.79,1.008941,0.6313,3.0899,0.1748
1112,-100,-110.0,40,2.75,3.0,-67.66,8.5662,-89,76.04,28.75,0.970767,0.63766,3.5791,0.1784
1111,-100,-110.0,40,2.75,2.5,-67.67,8.6061,-87,76.21,28.54,0.951618,0.637851,3.4716,0.1424
1113,-100,-110.0,40,2.75,3.5,-67.52,8.8089,-93,76.9,27.73,1.042556,0.648698,3.1395,0.1644
1114,-100,-110.0,40,2.75,4.0,-67.36,8.4823,-90,76.61,28.07,1.040137,0.740853,4.9942,0.1351
1115,-100,-110.0,40,2.75,4.5,-67.47,9.1963,-92,76.06,28.72,0.973579,0.615701,2.7616,0.1761
1117,-100,-110.0,40,2.75,5.5,-68.12,9.8489,-99,76.09,28.69,1.012391,0.66756,3.7727,0.1951
1116,-100,-110.0,40,2.75,5.0,-67.67,9.4887,-96,76.98,27.62,1.070306,0.695083,4.1206,0.1574
1118,-100,-110.0,40,2.75,6.0,-67.47,9.8508,-99,75.05,29.94,0.956052,0.632434,3.7569,0.1745
1119,-100,-110.0,40,2.75,6.5,-67.58,10.1947,-98,76.09,28.69,0.977895,0.645708,3.6483,0.1797
1120,-100,-110.0,40,2.75,7.0,-68.25,10.5419,-100,76.77,27.87,1.039675,0.640551,2.279,0.173
1121,-100,-110.0,40,2.75,7.5,-67.26,10.7467,-100,76.04,28.76,0.96754,0.597058,2.2118,0.1951
1122,-100,-110.0,40,2.75,8.0,-67.32,11.1073,-100,76.06,28.72,0.975192,0.640428,3.7863,0.1808
1123,-100,-110.0,40,2.75,8.5,-67.44,12.0345,-100,76.17,28.6,1.063701,0.788139,6.3643,0.1386
1124,-100,-110.0,40,2.75,9.0,-67.85,11.945,-100,76.52,28.17,1.047383,0.679555,3.4785,0.1825
1125,-100,-110.0,40,2.75,9.5,-67.2,12.5376,-100,76.45,28.25,0.994738,0.632897,3.4631,0.1709
1126,-100,-110.0,40,2.75,10.0,-67.34,12.7636,-100,76.04,28.77,0.971979,0.603707,1.752,0.2086
1127,-100,-110.0,40,2.75,10.5,-67.47,13.2995,-100,75.86,28.98,0.991343,0.624871,2.8237,0.1922
1128,-100,-110.0,40,2.75,11.0,-67.26,13.4004,-100,76.13,28.65,0.946566,0.584794,2.1353,0.1941
1129,-100,-110.0,40,2.75,11.5,-67.39,13.685,-100,76.53,28.16,1.013699,0.649578,3.5981,0.1671
1130,-100,-110.0,40,2.75,12.0,-67.47,14.3717,-100,76.72,27.95,1.007217,0.657836,3.2365,0.1764
1131,-100,-110.0,40,2.75,12.5,-67.04,14.5985,-100,76.71,27.94,1.041002,0.659566,3.5474,0.1668
1132,-100,-110.0,40,2.75,13.0,-67.46,15.0356,-100,76.16,28.61,1.014518,0.649193,3.7909,0.1836
1133,-100,-110.0,40,2.75,13.5,-67.44,15.5714,-100,76.6,28.08,1.06471,0.701687,4.6837,0.1777
1134,-100,-110.0,40,2.75,14.0,-67.79,15.7666,-100,76.51,28.18,1.033117,0.662247,3.5816,0.1838
1135,-100,-110.0,40,3.0,1.0,-64.77,8.8044,-78,76.18,28.59,0.990012,0.740249,5.6574,0.1313
1136,-100,-110.0,40,3.0,1.5,-64.77,8.8793,-84,75.14,29.83,0.950117,0.603012,3.2421,0.1746
1137,-100,-110.0,40,3.0,2.0,-64.67,8.6059,-84,77.11,27.47,1.041701,0.684345,4.0815,0.1667
1139,-100,-110.0,40,3.0,3.0,-64.52,9.0305,-87,76.1,28.69,0.965281,0.638714,3.6615,0.1635
1138,-100,-110.0,40,3.0,2.5,-65.19,8.9198,-87,76.76,27.89,1.014494,0.641031,2.4789,0.1897
1140,-100,-110.0,40,3.0,3.5,-65.2,9.5543,-90,76.58,28.12,1.065565,0.69317,3.8618,0.1657
1141,-100,-110.0,40,3.0,4.0,-64.91,9.8975,-92,76.25,28.49,0.989538,0.663245,4.342,0.1701
1142,-100,-110.0,40,3.0,4.5,-65.29,10.1309,-91,76.37,28.36,0.961571,0.689364,5.2186,0.1497
1143,-100,-110.0,40,3.0,5.0,-64.89,9.6563,-95,76.22,28.53,0.97319,0.626243,3.1934,0.1773
1144,-100,-110.0,40,3.0,5.5,-64.74,10.4552,-97,75.58,29.3,0.957575,0.604687,2.6294,0.1974
1145,-100,-110.0,40,3.0,6.0,-65.14,10.918,-98,76.51,28.18,1.093621,0.715251,4.1751,0.1408
1146,-100,-110.0,40,3.0,6.5,-64.83,10.9874,-100,75.95,28.85,0.944321,0.626136,3.5258,0.1769
1147,-100,-110.0,40,3.0,7.0,-64.74,10.6515,-100,75.91,28.92,0.957827,0.630633,3.172,0.1645
1148,-100,-110.0,40,3.0,7.5,-65.17,11.5809,-100,75.59,29.29,0.891568,0.595045,3.4319,0.174
1151,-100,-110.0,40,3.0,9.0,-64.94,12.211,-100,75.91,28.91,0.998459,0.623228,2.4578,0.2019
1150,-100,-110.0,40,3.0,8.5,-63.91,12.1545,-100,75.48,29.42,0.980356,0.675671,4.6065,0.1661
1149,-100,-110.0,40,3.0,8.0,-64.78,11.7627,-100,76.02,28.78,0.97768,0.603741,2.5065,0.1945
1152,-100,-110.0,40,3.0,9.5,-64.52,12.7388,-100,76.48,28.23,1.018357,0.7089,4.7141,0.1611
1153,-100,-110.0,40,3.0,10.0,-64.34,12.8856,-100,76.45,28.27,1.006266,0.638069,3.0818,0.1827
1154,-100,-110.0,40,3.0,10.5,-64.94,13.4226,-100,76.3,28.44,1.011327,0.679044,4.6963,0.1702
1155,-100,-110.0,40,3.0,11.0,-65.12,14.0078,-100,76.31,28.44,1.011175,0.69817,4.8521,0.1631
1156,-100,-110.0,40,3.0,11.5,-64.33,14.4857,-100,75.92,28.9,0.962665,0.640293,4.3892,0.1661
1157,-100,-110.0,40,3.0,12.0,-64.83,14.7823,-100,76.04,28.75,0.984961,0.65225,4.2033,0.1606
1159,-100,-110.0,40,3.0,13.0,-64.64,15.1885,-100,76.78,27.87,0.998526,0.636623,2.9048,0.1638
1158,-100,-110.0,40,3.0,12.5,-64.91,15.3286,-100,76.05,28.74,1.032589,0.739033,5.7973,0.1531
1160,-100,-110.0,40,3.0,13.5,-64.12,15.9037,-100,76.25,28.49,1.015288,0.638049,3.0003,0.1768
1162,-100,-110.0,40,3.25,1.0,-62.03,9.31,-77,76.66,28.0,1.006183,0.672676,3.8131,0.1619
1161,-100,-110.0,40,3.0,14.0,-64.34,16.2713,-100,76.0,28.8,0.970042,0.593075,1.7633,0.2077
1163,-100,-110.0,40,3.25,1.5,-61.5,10.0545,-79,76.47,28.24,1.038129,0.690211,4.1999,0.1582
1164,-100,-110.0,40,3.25,2.0,-61.8,9.6513,-81,76.68,27.97,1.001911,0.705812,4.6683,0.1422
1165,-100,-110.0,40,3.25,2.5,-61.62,10.2671,-85,76.38,28.35,0.955959,0.647599,4.1166,0.1713
1166,-100,-110.0,40,3.25,3.0,-61.91,9.4558,-84,75.88,28.95,0.93777,0.594496,2.6431,0.2038
1167,-100,-110.0,40,3.25,3.5,-61.83,10.0594,-87,76.13,28.64,0.985659,0.611463,2.43,0.2008
1168,-100,-110.0,40,3.25,4.0,-62.02,10.3583,-88,76.8,27.83,1.059297,0.702161,4.3921,0.1614
1170,-100,-110.0,40,3.25,5.0,-61.93,10.6732,-90,75.84,29.0,0.971103,0.609556,2.7691,0.2055
1169,-100,-110.0,40,3.25,4.5,-61.93,10.5645,-90,75.73,29.12,0.991861,0.699558,5.2104,0.1454
1171,-100,-110.0,40,3.25,5.5,-62.1,11.3077,-95,76.19,28.57,0.988931,0.64195,3.4875,0.1878
1173,-100,-110.0,40,3.25,6.5,-61.81,11.5374,-97,76.32,28.41,1.02032,0.699216,4.4556,0.1725
1174,-100,-110.0,40,3.25,7.0,-62.13,11.0479,-100,76.42,28.3,0.995495,0.668301,3.7382,0.1606
1172,-100,-110.0,40,3.25,6.0,-62.17,11.2052,-96,75.75,29.1,0.991596,0.615569,2.3106,0.2065
1175,-100,-110.0,40,3.25,7.5,-61.92,11.9441,-98,76.19,28.56,1.03524,0.697666,5.2773,0.1646
1176,-100,-110.0,40,3.25,8.0,-62.05,12.3228,-100,76.28,28.46,0.984849,0.611402,2.3757,0.1954
1177,-100,-110.0,40,3.25,8.5,-62.42,12.6927,-100,76.21,28.54,0.987264,0.622186,2.9764,0.1796
1178,-100,-110.0,40,3.25,9.0,-62.3,12.8841,-100,76.48,28.22,0.996063,0.674445,4.08,0.1827
1179,-100,-110.0,40,3.25,9.5,-62.2,13.3822,-100,76.57,28.12,0.996706,0.639833,3.6218,0.1813
1180,-100,-110.0,40,3.25,10.0,-61.81,14.0113,-100,76.2,28.56,1.006267,0.647982,3.4234,0.162
1184,-100,-110.0,40,3.25,12.0,-61.63,14.9489,-100,76.14,28.62,0.939137,0.597254,2.5754,0.2049
1181,-100,-110.0,40,3.25,10.5,-61.99,13.7784,-100,76.33,28.41,0.973236,0.604752,2.4189,0.1909
1182,-100,-110.0,40,3.25,11.0,-62.23,14.6178,-100,76.07,28.71,0.984871,0.654081,3.9935,0.1884
1183,-100,-110.0,40,3.25,11.5,-62.14,15.4107,-100,76.74,27.91,1.004847,0.642308,2.7839,0.194
1186,-100,-110.0,40,3.25,13.0,-61.8,16.135,-100,75.52,29.38,0.949818,0.654347,4.5482,0.1716
1185,-100,-110.0,40,3.25,12.5,-61.64,15.5323,-100,76.17,28.59,1.027369,0.675334,4.3125,0.1766
1187,-100,-110.0,40,3.25,13.5,-61.7,16.0797,-100,76.09,28.69,1.012741,0.634082,2.9949,0.1888
1188,-100,-110.0,40,3.25,14.0,-61.74,16.5145,-100,75.45,29.45,0.960446,0.615667,3.697,0.202
1189,-100,-110.0,40,3.5,1.0,-58.87,9.991,-77,76.35,28.37,1.013682,0.657534,3.8355,0.1693
1190,-100,-110.0,40,3.5,1.5,-59.62,10.3437,-79,76.35,28.36,1.132408,0.939335,8.2578,0.1058
1191,-100,-110.0,40,3.5,2.0,-58.95,10.5385,-82,76.84,27.79,1.036309,0.773633,6.1965,0.1229
1192,-100,-110.0,40,3.5,2.5,-59.09,10.3271,-80,75.32,29.62,0.975907,0.64179,3.6088,0.1872
1193,-100,-110.0,40,3.5,3.0,-59.33,10.8126,-85,76.67,28.0,1.024047,0.666983,3.9543,0.1596
1195,-100,-110.0,40,3.5,4.0,-58.61,10.8586,-88,75.9,28.92,0.973717,0.67778,4.3602,0.1898
1194,-100,-110.0,40,3.5,3.5,-59.21,10.6632,-84,76.34,28.4,1.019997,0.651656,2.756,0.1766
1196,-100,-110.0,40,3.5,4.5,-58.74,11.1803,-88,76.31,28.43,0.996968,0.640145,3.4622,0.1781
1197,-100,-110.0,40,3.5,5.0,-59.41,10.7784,-91,75.61,29.27,0.956968,0.600309,2.419,0.2077
1198,-100,-110.0,40,3.5,5.5,-59.59,11.3427,-92,76.09,28.69,0.977942,0.633103,3.237,0.1926
1199,-100,-110.0,40,3.5,6.0,-58.77,11.6807,-93,76.24,28.52,1.00002,0.654581,3.7689,0.1868
1200,-100,-110.0,40,3.5,6.5,-58.66,11.3909,-93,76.5,28.21,1.007591,0.648729,3.1783,0.1882
1202,-100,-110.0,40,3.5,7.5,-59.05,12.5773,-97,76.65,28.03,1.013883,0.657114,3.6256,0.1638
1201,-100,-110.0,40,3.5,7.0,-59.25,12.9542,-97,75.97,28.83,0.989023,0.694968,5.0678,0.155
1203,-100,-110.0,40,3.5,8.0,-58.77,13.3135,-100,76.39,28.33,1.014128,0.752737,5.895,0.1384
1204,-100,-110.0,40,3.5,8.5,-59.19,13.4262,-100,76.41,28.3,0.989609,0.610574,2.3683,0.1987
1205,-100,-110.0,40,3.5,9.0,-58.85,13.3558,-100,76.5,28.2,0.964327,0.65675,4.6279,0.1402
1206,-100,-110.0,40,3.5,9.5,-58.71,13.9891,-100,76.12,28.66,0.970945,0.618616,3.4662,0.1756
1207,-100,-110.0,40,3.5,10.0,-58.84,14.1276,-100,75.34,29.59,0.94926,0.617001,3.4715,0.1956
1208,-100,-110.0,40,3.5,10.5,-59.14,14.5754,-100,76.62,28.05,0.980401,0.62575,2.6115,0.1941
1209,-100,-110.0,40,3.5,11.0,-59.23,15.2543,-100,76.63,28.04,1.003029,0.646084,3.5681,0.1695
1210,-100,-110.0,40,3.5,11.5,-59.02,15.1824,-100,76.33,28.4,0.978243,0.639438,2.9804,0.175
1211,-100,-110.0,40,3.5,12.0,-59.18,15.1855,-100,76.17,28.6,0.979197,0.61117,2.5619,0.1857
1213,-100,-110.0,40,3.5,13.0,-58.52,16.5498,-100,76.32,28.42,1.018159,0.660907,3.8114,0.1636
1214,-100,-110.0,40,3.5,13.5,-58.98,16.613,-100,76.07,28.73,0.987799,0.633204,3.1024,0.1764
1212,-100,-110.0,40,3.5,12.5,-58.4,16.034,-100,76.62,28.05,0.981417,0.662726,4.5905,0.1546
1215,-100,-110.0,40,3.5,14.0,-58.37,17.3119,-100,76.34,28.4,1.008529,0.710888,5.2307,0.1552
1216,-100,-110.0,40,3.75,1.0,-56.1,10.2866,-75,76.24,28.52,0.962154,0.616791,2.7094,0.1774
1218,-100,-110.0,40,3.75,2.0,-55.95,10.6401,-76,76.68,27.99,1.022413,0.681717,3.814,0.137
1217,-100,-110.0,40,3.75,1.5,-56.4,10.8829,-76,76.49,28.21,0.989413,0.661577,3.7869,0.1509
1219,-100,-110.0,40,3.75,2.5,-56.13,11.3418,-78,76.05,28.73,0.95039,0.595679,2.0108,0.1956
1220,-100,-110.0,40,3.75,3.0,-56.25,10.7659,-79,76.15,28.62,0.959568,0.624243,3.2975,0.1717
1221,-100,-110.0,40,3.75,3.5,-56.3,11.3133,-83,76.36,28.36,0.996278,0.642795,3.447,0.1762
1222,-100,-110.0,40,3.75,4.0,-55.93,11.7167,-86,75.99,28.82,1.006536,0.674624,4.4505,0.146
1223,-100,-110.0,40,3.75,4.5,-56.21,11.0095,-87,76.67,28.0,1.005654,0.690578,4.8822,0.1385
1225,-100,-110.0,40,3.75,5.5,-56.22,12.1827,-88,75.76,29.09,0.967416,0.660178,3.9898,0.1614
1226,-100,-110.0,40,3.75,6.0,-56.09,11.8737,-92,75.33,29.61,0.967309,0.651836,3.9439,0.1656
1224,-100,-110.0,40,3.75,5.0,-56.58,11.889,-88,76.35,28.38,0.979903,0.659683,4.2886,0.1532
1227,-100,-110.0,40,3.75,6.5,-56.09,12.2472,-91,76.42,28.3,1.045789,0.679515,4.4519,0.187
1228,-100,-110.0,40,3.75,7.0,-55.92,12.4748,-95,75.79,29.06,0.987624,0.637509,3.7782,0.1707
1230,-100,-110.0,40,3.75,8.0,-56.3,13.0928,-100,76.06,28.74,0.965211,0.656674,4.1263,0.1576
1229,-100,-110.0,40,3.75,7.5,-55.9,13.1201,-96,75.85,28.99,0.942811,0.601184,3.4276,0.1854
1231,-100,-110.0,40,3.75,8.5,-56.03,13.64,-99,76.51,28.18,0.976789,0.602103,1.9799,0.1973
1232,-100,-110.0,40,3.75,9.0,-55.88,14.3757,-100,76.03,28.76,0.966955,0.671973,4.6823,0.1618
1234,-100,-110.0,40,3.75,10.0,-56.01,14.3369,-100,75.99,28.81,0.99841,0.679018,4.7879,0.1497
1233,-100,-110.0,40,3.75,9.5,-56.34,14.1473,-100,76.29,28.45,0.963749,0.605036,2.704,0.1946
1235,-100,-110.0,40,3.75,10.5,-56.35,15.7214,-100,76.44,28.28,0.997022,0.653905,3.8848,0.1749
1237,-100,-110.0,40,3.75,11.5,-55.58,15.7652,-100,75.09,29.9,1.018273,0.743294,6.3084,0.1756
1238,-100,-110.0,40,3.75,12.0,-56.02,15.9894,-100,76.08,28.7,0.939195,0.577487,2.0949,0.1972
1236,-100,-110.0,40,3.75,11.0,-56.22,15.4268,-100,76.67,27.99,1.003036,0.628428,2.8802,0.1671
1239,-100,-110.0,40,3.75,12.5,-55.91,16.5182,-100,76.03,28.76,0.97465,0.603672,2.3464,0.1841
1240,-100,-110.0,40,3.75,13.0,-56.56,16.6772,-100,76.36,28.36,1.031699,0.658709,3.8447,0.1914
1241,-100,-110.0,40,3.75,13.5,-55.36,17.265,-100,76.47,28.24,1.021725,0.693694,3.9752,0.1406
1242,-100,-110.0,40,3.75,14.0,-56.09,17.7596,-100,75.83,29.0,0.97574,0.614286,2.7078,0.1806
1244,-100,-110.0,40,4.0,1.5,-53.63,10.9748,-73,76.14,28.62,0.984923,0.643842,4.0059,0.1687
1243,-100,-110.0,40,4.0,1.0,-53.83,11.1756,-72,76.16,28.61,0.980716,0.617307,2.8153,0.1937
1245,-100,-110.0,40,4.0,2.0,-53.4,11.2971,-76,76.49,28.2,1.023467,0.718382,5.3797,0.1647
1246,-100,-110.0,40,4.0,2.5,-53.3,11.4778,-76,76.38,28.34,0.979055,0.605241,2.5218,0.1897
1247,-100,-110.0,40,4.0,3.0,-52.9,10.9401,-79,77.04,27.55,1.072069,0.720671,4.6806,0.1428
1248,-100,-110.0,40,4.0,3.5,-53.3,11.6527,-80,76.39,28.34,0.986382,0.657884,3.936,0.1809
1249,-100,-110.0,40,4.0,4.0,-52.96,11.787,-80,76.1,28.68,1.01849,0.720607,5.4325,0.1501
1250,-100,-110.0,40,4.0,4.5,-53.15,12.0966,-87,76.47,28.23,0.977489,0.640237,3.8494,0.1792
1251,-100,-110.0,40,4.0,5.0,-52.92,12.4057,-87,76.13,28.64,0.967099,0.603386,2.6074,0.2009
1252,-100,-110.0,40,4.0,5.5,-53.22,12.5307,-87,75.45,29.46,0.946668,0.633393,3.8349,0.1863
1253,-100,-110.0,40,4.0,6.0,-52.79,12.7195,-88,76.33,28.4,1.0124,0.656408,3.9411,0.1829
1255,-100,-110.0,40,4.0,7.0,-53.53,13.9455,-93,76.56,28.13,1.137443,0.900642,7.9954,0.1418
1256,-100,-110.0,40,4.0,7.5,-53.51,13.6995,-93,76.72,27.94,0.959199,0.665487,4.4977,0.1661
1254,-100,-110.0,40,4.0,6.5,-52.51,13.6276,-90,76.23,28.52,0.977464,0.656459,4.0037,0.1698
1257,-100,-110.0,40,4.0,8.0,-53.35,13.717,-98,75.78,29.06,0.958732,0.630191,3.703,0.1707
1258,-100,-110.0,40,4.0,8.5,-53.18,14.1195,-98,76.24,28.5,1.001131,0.63287,3.5638,0.1659
1259,-100,-110.0,40,4.0,9.0,-53.63,14.8175,-98,76.22,28.54,0.974894,0.608232,2.3781,0.1744
1261,-100,-110.0,40,4.0,10.0,-53.76,16.0317,-100,76.8,27.85,1.017393,0.709859,4.4271,0.164
1260,-100,-110.0,40,4.0,9.5,-53.52,14.6197,-100,76.43,28.28,0.981881,0.658062,4.0146,0.1505
1262,-100,-110.0,40,4.0,10.5,-53.49,16.0062,-100,76.26,28.48,0.951815,0.605186,2.5189,0.1826
1263,-100,-110.0,40,4.0,11.0,-53.77,16.156,-100,76.29,28.45,0.995706,0.642779,3.6049,0.1774
1264,-100,-110.0,40,4.0,11.5,-53.25,16.0532,-100,76.45,28.26,0.976462,0.612197,2.7049,0.1932
1266,-100,-110.0,40,4.0,12.5,-53.49,17.0894,-100,76.06,28.73,0.92548,0.602565,3.1509,0.1906
1265,-100,-110.0,40,4.0,12.0,-53.19,16.5323,-100,75.94,28.88,0.936016,0.585018,2.6051,0.2021
1267,-100,-110.0,40,4.0,13.0,-53.48,17.581,-100,75.87,28.96,0.953106,0.618015,3.2585,0.1747
1268,-100,-110.0,40,4.0,13.5,-52.86,17.6505,-100,76.21,28.55,0.973857,0.602005,1.9577,0.206
1269,-100,-110.0,40,4.0,14.0,-53.11,18.2606,-100,76.36,28.37,1.007956,0.638368,3.697,0.1764
1270,-100,-110.0,40,4.25,1.0,-50.6,11.9622,-70,76.41,28.31,1.00405,0.616773,2.4747,0.1899
1271,-100,-110.0,40,4.25,1.5,-50.72,11.8157,-72,75.48,29.43,0.943023,0.648061,4.2017,0.177
1273,-100,-110.0,40,4.25,2.5,-50.12,12.6236,-73,75.94,28.89,0.971725,0.624309,3.5443,0.1972
1272,-100,-110.0,40,4.25,2.0,-50.43,11.6256,-70,75.53,29.36,0.924788,0.590938,2.9979,0.1787
1274,-100,-110.0,40,4.25,3.0,-50.54,12.4082,-74,76.16,28.61,0.917854,0.632661,3.721,0.1827
1275,-100,-110.0,40,4.25,3.5,-50.49,13.0286,-80,76.13,28.64,1.002418,0.687303,5.0321,0.1675
1276,-100,-110.0,40,4.25,4.0,-50.18,13.2645,-82,75.87,28.95,0.970785,0.638621,3.573,0.1696
1278,-100,-110.0,40,4.25,5.0,-50.82,12.72,-82,76.28,28.46,1.036124,0.713582,5.1215,0.1664
1277,-100,-110.0,40,4.25,4.5,-50.17,13.1063,-82,76.95,27.66,1.002809,0.645775,3.4426,0.1445
1279,-100,-110.0,40,4.25,5.5,-50.13,13.1686,-87,76.8,27.84,1.008109,0.659694,3.7219,0.1549
1280,-100,-110.0,40,4.25,6.0,-50.28,13.2257,-90,76.12,28.66,0.99882,0.658046,4.0751,0.1951
1281,-100,-110.0,40,4.25,6.5,-50.36,13.3023,-89,76.46,28.24,0.996314,0.621119,2.9507,0.1815
1282,-100,-110.0,40,4.25,7.0,-50.32,13.9057,-90,76.7,27.95,0.995684,0.633357,3.2257,0.1802
1283,-100,-110.0,40,4.25,7.5,-50.4,14.0299,-89,76.6,28.08,0.986671,0.649284,4.0603,0.1816
1284,-100,-110.0,40,4.25,8.0,-50.1,14.1503,-94,76.83,27.8,1.033012,0.766505,6.1021,0.1419
1285,-100,-110.0,40,4.25,8.5,-50.71,14.4985,-95,75.96,28.84,0.93253,0.609105,3.2097,0.1716
1286,-100,-110.0,40,4.25,9.0,-50.45,15.1282,-100,76.3,28.44,0.94418,0.617549,3.7473,0.1719
1287,-100,-110.0,40,4.25,9.5,-50.18,15.2702,-100,75.88,28.95,0.938905,0.644906,4.7041,0.1579
1288,-100,-110.0,40,4.25,10.0,-50.14,15.953,-100,75.59,29.29,0.926976,0.583674,2.5819,0.197
1289,-100,-110.0,40,4.25,10.5,-50.07,16.0054,-100,76.39,28.32,0.980668,0.59243,1.8175,0.1985
1290,-100,-110.0,40,4.25,11.0,-49.95,16.4914,-100,76.55,28.14,1.066084,0.813843,6.5442,0.144
1292,-100,-110.0,40,4.25,12.0,-50.2,16.9871,-100,75.96,28.84,0.988216,0.619095,2.7859,0.1829
1291,-100,-110.0,40,4.25,11.5,-50.1,16.1539,-100,75.86,28.96,0.996549,0.651402,4.0714,0.177
1293,-100,-110.0,40,4.25,12.5,-50.12,17.2176,-100,75.88,28.94,0.970842,0.616089,3.2725,0.1798
1294,-100,-110.0,40,4.25,13.0,-50.17,17.6744,-100,76.37,28.36,1.015956,0.705804,4.894,0.1594
1295,-100,-110.0,40,4.25,13.5,-50.05,18.244,-100,76.84,27.79,0.98671,0.617388,2.9494,0.1753
1296,-100,-110.0,40,4.25,14.0,-49.77,18.4543,-100,76.49,28.22,0.98736,0.647728,3.3009,0.1727
1297,-100,-110.0,40,4.5,1.0,-47.27,12.4451,-67,76.31,28.42,0.965278,0.612991,2.8839,0.1802
1298,-100,-110.0,40,4.5,1.5,-47.2,12.6208,-68,76.13,28.64,0.987074,0.65698,4.2544,0.1673
1299,-100,-110.0,40,4.5,2.0,-47.57,12.5297,-71,76.06,28.73,0.94648,0.604998,3.0902,0.1949
1300,-100,-110.0,40,4.5,2.5,-47.26,12.6137,-70,75.81,29.04,0.939701,0.589627,2.6667,0.2036
1301,-100,-110.0,40,4.5,3.0,-47.23,14.1459,-74,76.27,28.47,0.966631,0.603409,2.4679,0.1869
1302,-100,-110.0,40,4.5,3.5,-47.79,13.2604,-75,76.23,28.53,1.006903,0.683618,4.267,0.1776
1303,-100,-110.0,40,4.5,4.0,-47.91,13.8972,-79,76.78,27.86,1.001098,0.624588,2.5025,0.1792
1304,-100,-110.0,40,4.5,4.5,-47.47,13.9345,-77,75.71,29.15,0.964801,0.64777,4.4217,0.16
1305,-100,-110.0,40,4.5,5.0,-47.8,13.6068,-83,76.34,28.39,0.985895,0.61955,2.6041,0.1965
1306,-100,-110.0,40,4.5,5.5,-47.5,14.2472,-84,76.05,28.75,0.985589,0.679984,4.8912,0.1638
1307,-100,-110.0,40,4.5,6.0,-47.59,14.5737,-84,76.11,28.67,0.994773,0.630583,3.2372,0.1923
1308,-100,-110.0,40,4.5,6.5,-47.93,13.9498,-89,76.72,27.93,0.985974,0.661193,4.2258,0.1795
1309,-100,-110.0,40,4.5,7.0,-47.58,14.9001,-89,76.8,27.84,1.017557,0.630749,2.2481,0.1756
1310,-100,-110.0,40,4.5,7.5,-48.06,14.9729,-93,75.78,29.06,1.008816,0.666423,4.7156,0.1795
1311,-100,-110.0,40,4.5,8.0,-47.67,15.6462,-94,76.04,28.76,0.998346,0.722181,5.38,0.1375
1312,-100,-110.0,40,4.5,8.5,-47.87,15.7146,-100,76.62,28.06,0.984988,0.605331,2.2987,0.1789
1313,-100,-110.0,40,4.5,9.0,-47.7,15.3024,-95,75.63,29.24,0.957251,0.604516,2.5443,0.196
1314,-100,-110.0,40,4.5,9.5,-47.35,15.8255,-97,76.11,28.67,0.962817,0.61558,3.0837,0.1759
1315,-100,-110.0,40,4.5,10.0,-47.78,15.4297,-100,76.49,28.21,1.01157,0.730712,5.5906,0.1475
1316,-100,-110.0,40,4.5,10.5,-47.12,16.8271,-100,76.5,28.21,1.002611,0.690586,4.8146,0.1561
1317,-100,-110.0,40,4.5,11.0,-47.32,16.7495,-100,75.3,29.64,0.957952,0.62006,4.0013,0.1831
1318,-100,-110.0,40,4.5,11.5,-47.27,17.3205,-100,75.86,28.96,0.974107,0.635246,3.8786,0.165
1320,-100,-110.0,40,4.5,12.5,-47.02,17.6783,-100,75.93,28.88,1.019795,0.673082,4.239,0.1788
1319,-100,-110.0,40,4.5,12.0,-47.68,17.3776,-100,76.51,28.19,0.984769,0.672286,4.4042,0.1569
1321,-100,-110.0,40,4.5,13.0,-47.0,18.2264,-100,76.17,28.61,0.938884,0.571765,1.6079,0.1993
1322,-100,-110.0,40,4.5,13.5,-47.49,18.4802,-100,76.91,27.72,1.108474,0.737965,5.0674,0.1669
1323,-100,-110.0,40,4.5,14.0,-47.18,19.0246,-100,75.13,29.84,0.920922,0.583525,3.082,0.2075
1325,-100,-110.0,40,4.75,1.5,-44.86,14.4028,-68,75.97,28.84,0.996545,0.659806,4.0182,0.1753
1324,-100,-110.0,40,4.75,1.0,-44.2,13.8667,-65,75.86,28.97,0.991907,0.638737,3.8055,0.19
1326,-100,-110.0,40,4.75,2.0,-44.46,14.0144,-67,76.47,28.23,1.028208,0.658407,3.3682,0.1778
1327,-100,-110.0,40,4.75,2.5,-44.96,13.7958,-73,76.17,28.6,0.970168,0.600206,2.8231,0.1832
1328,-100,-110.0,40,4.75,3.0,-44.77,13.6236,-72,76.45,28.26,0.990882,0.636557,3.4628,0.1832
1329,-100,-110.0,40,4.75,3.5,-44.39,14.3605,-74,76.66,28.0,1.002718,0.636092,3.1253,0.169
1330,-100,-110.0,40,4.75,4.0,-44.88,14.5941,-76,75.4,29.53,0.972101,0.620173,3.4332,0.1722
1331,-100,-110.0,40,4.75,4.5,-44.44,14.5175,-78,76.5,28.21,1.010716,0.720301,5.5183,0.1481
1332,-100,-110.0,40,4.75,5.0,-44.67,14.6423,-78,76.22,28.53,0.979022,0.623884,3.4872,0.1788
1333,-100,-110.0,40,4.75,5.5,-45.06,14.1622,-79,76.32,28.42,1.058647,0.76549,6.024,0.1644
1334,-100,-110.0,40,4.75,6.0,-45.06,14.7681,-86,76.33,28.39,0.990458,0.692701,4.8672,0.1643
1335,-100,-110.0,40,4.75,6.5,-44.59,14.961,-85,76.15,28.62,0.963332,0.617646,3.0529,0.1977
1337,-100,-110.0,40,4.75,7.5,-44.35,15.8591,-92,75.15,29.82,0.955923,0.652486,4.3449,0.1774
1336,-100,-110.0,40,4.75,7.0,-44.23,15.431,-84,76.05,28.74,0.950558,0.595438,2.8435,0.1726
1338,-100,-110.0,40,4.75,8.0,-44.8,15.9163,-91,75.88,28.95,0.965664,0.641893,3.8851,0.1787
1339,-100,-110.0,40,4.75,8.5,-44.54,15.4469,-90,76.11,28.67,0.975427,0.646739,4.238,0.179
1340,-100,-110.0,40,4.75,9.0,-44.54,15.717,-95,76.06,28.73,0.97266,0.675979,5.0453,0.1559
1341,-100,-110.0,40,4.75,9.5,-44.35,16.076,-95,76.04,28.76,0.996031,0.650558,3.7815,0.1686
1342,-100,-110.0,40,4.75,10.0,-44.14,17.0295,-98,75.86,28.97,0.936418,0.598765,2.973,0.191
1343,-100,-110.0,40,4.75,10.5,-44.88,16.9442,-100,76.48,28.23,0.980993,0.610837,2.5887,0.1969
1344,-100,-110.0,40,4.75,11.0,-44.33,17.8675,-99,75.83,29.01,0.988649,0.65053,4.0328,0.1728
1345,-100,-110.0,40,4.75,11.5,-44.58,17.9358,-100,75.9,28.92,0.952801,0.608156,3.0976,0.1852
1346,-100,-110.0,40,4.75,12.0,-44.36,17.841,-100,75.44,29.48,0.979913,0.62832,3.1546,0.1931
1347,-100,-110.0,40,4.75,12.5,-44.62,18.7604,-100,76.08,28.7,0.991878,0.648051,3.9713,0.1843
1349,-100,-110.0,40,4.75,13.5,-44.32,18.3947,-100,76.58,28.11,1.034475,0.689837,4.7479,0.1761
1348,-100,-110.0,40,4.75,13.0,-44.54,18.7496,-100,76.17,28.6,0.956454,0.634965,3.3837,0.1678
1350,-100,-110.0,40,4.75,14.0,-44.37,19.8508,-100,76.43,28.28,0.983392,0.62139,3.3522,0.1731
1351,-100,-110.0,40,5.0,1.0,-41.93,14.4623,-64,75.79,29.05,0.951091,0.633714,3.8732,0.1624
1352,-100,-110.0,40,5.0,1.5,-41.98,14.0203,-65,76.42,28.29,1.026568,0.650847,3.291,0.175
1353,-100,-110.0,40,5.0,2.0,-41.9,15.5302,-67,75.71,29.15,0.962185,0.646452,4.4313,0.1673
1354,-100,-110.0,40,5.0,2.5,-41.64,14.8494,-68,76.31,28.43,0.990896,0.642809,3.9192,0.1792
1356,-100,-110.0,40,5.0,3.5,-41.21,14.83,-70,76.86,27.77,0.977879,0.628549,3.1941,0.145
1355,-100,-110.0,40,5.0,3.0,-41.59,14.3503,-70,76.16,28.62,1.02303,0.669474,4.1108,0.1859
1357,-100,-110.0,40,5.0,4.0,-42.26,15.5545,-73,76.49,28.23,1.021916,0.671966,3.8301,0.1662
1358,-100,-110.0,40,5.0,4.5,-41.63,14.8881,-76,76.17,28.59,0.989411,0.634969,3.433,0.1841
1359,-100,-110.0,40,5.0,5.0,-41.55,15.6704,-76,75.4,29.53,0.951896,0.618206,3.3983,0.1742
1361,-100,-110.0,40,5.0,6.0,-41.75,15.5393,-78,75.82,29.01,0.923404,0.585758,2.5937,0.2046
1360,-100,-110.0,40,5.0,5.5,-41.74,14.9495,-91,75.64,29.22,0.961156,0.683084,4.59,0.1463
1362,-100,-110.0,40,5.0,6.5,-42.08,15.4622,-88,76.03,28.77,0.9812,0.641107,3.8121,0.1903
1363,-100,-110.0,40,5.0,7.0,-42.02,15.5108,-85,75.62,29.25,0.957613,0.619232,3.1808,0.1849
1365,-100,-110.0,40,5.0,8.0,-42.23,16.6175,-92,75.79,29.05,0.958613,0.644423,4.0655,0.1818
1364,-100,-110.0,40,5.0,7.5,-41.34,15.887,-88,76.23,28.52,1.008183,0.7037,5.1063,0.133
1366,-100,-110.0,40,5.0,8.5,-41.52,16.7759,-88,76.11,28.67,0.974217,0.627502,3.197,0.1734
1368,-100,-110.0,40,5.0,9.5,-41.62,17.4904,-95,75.51,29.39,0.93728,0.65207,4.7592,0.1561
1369,-100,-110.0,40,5.0,10.0,-41.29,17.8295,-98,75.4,29.52,1.048403,0.733541,5.8824,0.1494
1367,-100,-110.0,40,5.0,9.0,-41.7,17.4046,-93,76.28,28.47,0.987201,0.650848,3.9913,0.179
1370,-100,-110.0,40,5.0,10.5,-41.68,17.6554,-97,76.05,28.75,0.966961,0.707841,5.7336,0.1294
1371,-100,-110.0,40,5.0,11.0,-41.23,17.9394,-100,76.06,28.72,0.97306,0.694999,5.3765,0.1495
1372,-100,-110.0,40,5.0,11.5,-42.06,18.6595,-100,76.43,28.28,0.995895,0.6659,4.1374,0.1595
1373,-100,-110.0,40,5.0,12.0,-41.86,18.0426,-100,76.66,28.01,1.010733,0.68958,4.2161,0.1346
1374,-100,-110.0,40,5.0,12.5,-41.9,19.2908,-100,75.7,29.16,0.972676,0.635451,4.0717,0.192
1375,-100,-110.0,40,5.0,13.0,-41.63,19.4409,-100,76.07,28.72,0.926678,0.600326,2.9579,0.1856
1376,-100,-110.0,40,5.0,13.5,-41.07,19.571,-100,74.81,30.23,0.959534,0.687319,5.9481,0.1685
1377,-100,-110.0,40,5.0,14.0,-41.32,19.8368,-100,75.96,28.83,0.939966,0.624206,3.8045,0.1598
1378,-100,-105.0,40,1.0,1.0,-88.06,3.521,-98,77.12,27.45,1.06976,0.711294,4.3553,0.1761
1381,-100,-105.0,40,1.0,2.5,-87.48,4.1001,-100,76.83,27.81,1.081484,0.724123,4.0005,0.169
1380,-100,-105.0,40,1.0,2.0,-87.8,3.8144,-99,76.65,28.02,1.098957,0.75423,5.0866,0.1575
1379,-100,-105.0,40,1.0,1.5,-87.94,3.4836,-99,76.84,27.79,1.10164,0.761197,4.805,0.1496
1382,-100,-105.0,40,1.0,3.0,-87.92,4.5545,-100,77.64,26.83,1.137708,0.693631,2.9243,0.1829
1383,-100,-105.0,40,1.0,3.5,-88.04,4.9803,-100,76.62,28.06,1.135987,0.807236,6.3615,0.1434
1384,-100,-105.0,40,1.0,4.0,-87.82,4.9532,-100,76.74,27.9,1.089574,0.680951,3.045,0.1728
1385,-100,-105.0,40,1.0,4.5,-87.68,5.7744,-100,77.48,27.02,1.143572,0.70055,3.1222,0.1746
1386,-100,-105.0,40,1.0,5.0,-87.48,5.9623,-100,77.27,27.27,1.154347,0.717421,3.8164,0.1605
1387,-100,-105.0,40,1.0,5.5,-88.18,6.0206,-100,77.7,26.75,1.173307,0.784976,4.8072,0.1438
1388,-100,-105.0,40,1.0,6.0,-87.79,6.7571,-100,77.35,27.19,1.126311,0.689024,3.1192,0.1768
1389,-100,-105.0,40,1.0,6.5,-88.11,7.025,-100,77.67,26.8,1.153151,0.729615,3.8184,0.1666
1390,-100,-105.0,40,1.0,7.0,-87.63,7.2779,-100,78.16,26.2,1.228177,0.759904,3.6278,0.1569
1391,-100,-105.0,40,1.0,7.5,-87.62,7.7056,-100,76.93,27.68,1.167014,0.792117,5.517,0.146
1394,-100,-105.0,40,1.0,9.0,-86.82,8.8409,-100,78.07,26.32,1.184978,0.743109,3.8247,0.17
1393,-100,-105.0,40,1.0,8.5,-87.39,8.4865,-100,78.12,26.26,1.302507,0.903989,6.4719,0.1371
1392,-100,-105.0,40,1.0,8.0,-87.29,8.0664,-100,77.23,27.32,1.144361,0.743834,4.5661,0.1456
1395,-100,-105.0,40,1.0,9.5,-87.37,9.0305,-100,77.99,26.41,1.271666,0.786967,4.2712,0.167
1396,-100,-105.0,40,1.0,10.0,-87.2,9.3742,-100,77.94,26.48,1.256389,0.766112,3.6487,0.1442
1397,-100,-105.0,40,1.0,10.5,-86.89,9.6679,-100,77.84,26.59,1.222058,0.832269,5.9091,0.132
1398,-100,-105.0,40,1.0,11.0,-86.26,10.1089,-100,77.26,27.29,1.200159,0.727111,3.4595,0.1723
1399,-100,-105.0,40,1.0,11.5,-86.41,10.3926,-100,77.22,27.33,1.224757,0.731235,3.4402,0.1805
1400,-100,-105.0,40,1.0,12.0,-85.94,10.9286,-100,77.9,26.52,1.246728,0.759406,3.7459,0.1609
1401,-100,-105.0,40,1.0,12.5,-86.12,11.092,-100,78.24,26.11,1.286327,0.766292,4.1459,0.1454
1402,-100,-105.0,40,1.0,13.0,-85.98,11.3982,-100,78.23,26.12,1.273046,0.778382,4.4547,0.1459
1404,-100,-105.0,40,1.0,14.0,-85.48,12.1892,-100,77.36,27.17,1.259592,0.834815,5.3407,0.1567
1403,-100,-105.0,40,1.0,13.5,-85.51,11.9336,-100,77.8,26.65,1.264857,0.812967,5.3746,0.1544
1405,-100,-105.0,40,1.25,1.0,-84.23,3.7487,-93,75.7,29.15,1.024719,0.66929,4.1208,0.1595
1406,-100,-105.0,40,1.25,1.5,-85.04,3.9833,-95,76.67,28.0,1.043381,0.674373,4.1381,0.1661
1407,-100,-105.0,40,1.25,2.0,-84.76,4.6643,-98,75.98,28.83,1.00081,0.699252,4.8453,0.158
1409,-100,-105.0,40,1.25,3.0,-85.16,4.8551,-100,76.43,28.28,1.007514,0.653599,3.2294,0.1914
1408,-100,-105.0,40,1.25,2.5,-85.24,4.8777,-100,76.8,27.84,1.041822,0.646117,2.7395,0.1894
1410,-100,-105.0,40,1.25,3.5,-84.8,5.4585,-100,76.08,28.71,1.002415,0.62776,3.1375,0.18
1412,-100,-105.0,40,1.25,4.5,-84.82,5.8955,-100,76.22,28.54,1.017273,0.644736,2.8138,0.166
1411,-100,-105.0,40,1.25,4.0,-84.45,5.5238,-100,77.04,27.55,1.069443,0.67768,3.3933,0.1795
1413,-100,-105.0,40,1.25,5.0,-85.09,6.305,-100,77.11,27.48,1.080873,0.677392,3.5746,0.1695
1414,-100,-105.0,40,1.25,5.5,-85.54,6.9332,-100,76.49,28.21,1.059917,0.689209,4.4455,0.1742
1415,-100,-105.0,40,1.25,6.0,-85.3,6.9707,-100,76.8,27.84,1.048926,0.764395,5.5622,0.1373
1416,-100,-105.0,40,1.25,6.5,-84.83,7.3586,-100,77.08,27.51,1.067624,0.6892,3.9898,0.1685
1417,-100,-105.0,40,1.25,7.0,-84.77,7.9422,-100,76.81,27.83,1.103299,0.741403,4.636,0.1511
1418,-100,-105.0,40,1.25,7.5,-84.65,8.0979,-100,76.92,27.69,1.069595,0.667956,3.2545,0.1809
1419,-100,-105.0,40,1.25,8.0,-84.53,8.5954,-100,77.1,27.47,1.115926,0.708687,3.4325,0.1733
1421,-100,-105.0,40,1.25,9.0,-84.14,9.3446,-100,76.89,27.74,1.285676,1.020014,8.5309,0.1162
1420,-100,-105.0,40,1.25,8.5,-84.55,9.0124,-100,76.58,28.1,1.058397,0.66105,2.991,0.1799
1422,-100,-105.0,40,1.25,9.5,-84.87,9.6018,-100,77.29,27.25,1.125601,0.70272,3.0448,0.1725
1423,-100,-105.0,40,1.25,10.0,-84.45,10.0199,-100,76.29,28.45,1.110382,0.677922,3.5676,0.197
1424,-100,-105.0,40,1.25,10.5,-84.55,10.2682,-100,77.18,27.39,1.145891,0.741732,4.7228,0.1375
1425,-100,-105.0,40,1.25,11.0,-83.54,10.6423,-100,77.53,26.97,1.144825,0.691807,2.4732,0.1897
1426,-100,-105.0,40,1.25,11.5,-84.03,10.9715,-100,78.41,25.91,1.224324,0.738428,3.0663,0.1699
1427,-100,-105.0,40,1.25,12.0,-83.63,11.3733,-100,78.0,26.41,1.244444,0.719188,3.2283,0.1707
1428,-100,-105.0,40,1.25,12.5,-83.57,11.9009,-100,78.14,26.24,1.282332,0.813189,4.9685,0.1349
1429,-100,-105.0,40,1.25,13.0,-83.79,11.9417,-100,77.32,27.22,1.230421,0.773914,4.2872,0.1575
1430,-100,-105.0,40,1.25,13.5,-83.39,12.4579,-100,77.59,26.89,1.167111,0.702315,3.2712,0.148
1431,-100,-105.0,40,1.25,14.0,-83.74,12.6205,-100,79.07,25.12,1.334324,0.822029,4.3114,0.1528
1433,-100,-105.0,40,1.5,1.5,-82.73,4.8872,-95,76.54,28.16,1.014803,0.655629,3.2031,0.1813
1432,-100,-105.0,40,1.5,1.0,-82.35,4.4673,-92,77.35,27.2,1.069324,0.675005,3.0427,0.1688
1434,-100,-105.0,40,1.5,2.0,-82.3,5.0185,-96,76.76,27.87,1.072712,0.67271,3.2416,0.1894
1435,-100,-105.0,40,1.5,2.5,-82.02,5.6052,-99,76.15,28.63,1.035056,0.68015,4.4343,0.177
1436,-100,-105.0,40,1.5,3.0,-82.06,5.5456,-100,76.69,27.98,1.034267,0.660435,3.6898,0.1794
1438,-100,-105.0,40,1.5,4.0,-82.25,5.9689,-100,76.13,28.64,1.066163,0.713041,4.425,0.1506
1437,-100,-105.0,40,1.5,3.5,-81.9,5.4415,-100,76.8,27.83,1.048771,0.680317,3.6273,0.1766
1440,-100,-105.0,40,1.5,5.0,-82.33,6.8252,-100,77.03,27.57,1.052285,0.663303,3.1444,0.1846
1439,-100,-105.0,40,1.5,4.5,-82.29,6.4813,-100,76.26,28.48,1.004111,0.6426,3.3819,0.1678
1441,-100,-105.0,40,1.5,5.5,-82.04,7.2051,-100,76.9,27.73,1.103109,0.767334,4.8121,0.1497
1442,-100,-105.0,40,1.5,6.0,-82.0,7.1846,-100,77.28,27.27,1.062247,0.72761,5.1498,0.141
1443,-100,-105.0,40,1.5,6.5,-82.37,7.9464,-100,77.14,27.43,1.054942,0.677969,3.6035,0.1731
1444,-100,-105.0,40,1.5,7.0,-82.03,8.1012,-100,76.79,27.85,1.229624,0.888717,6.3998,0.1222
1445,-100,-105.0,40,1.5,7.5,-82.27,8.7137,-100,76.23,28.53,1.032548,0.630514,2.3915,0.2019
1446,-100,-105.0,40,1.5,8.0,-81.7,8.9415,-100,76.61,28.06,1.129275,0.827428,6.1425,0.1301
1447,-100,-105.0,40,1.5,8.5,-81.69,9.3384,-100,76.83,27.8,1.037391,0.68299,3.8337,0.1711
1448,-100,-105.0,40,1.5,9.0,-81.51,9.6404,-100,77.66,26.82,1.141461,0.746687,4.6164,0.1556
1450,-100,-105.0,40,1.5,10.0,-81.37,10.6514,-100,77.06,27.53,1.09773,0.679579,2.9622,0.1727
1449,-100,-105.0,40,1.5,9.5,-82.15,10.2017,-100,76.8,27.83,1.075692,0.667875,2.8106,0.1924
1451,-100,-105.0,40,1.5,10.5,-81.77,10.8643,-100,77.71,26.76,1.301875,0.921623,6.7099,0.1461
1452,-100,-105.0,40,1.5,11.0,-81.71,11.4142,-100,77.45,27.06,1.171908,0.732904,3.8977,0.1574
1453,-100,-105.0,40,1.5,11.5,-81.06,11.6116,-100,77.67,26.79,1.132105,0.705493,3.6899,0.1693
1454,-100,-105.0,40,1.5,12.0,-81.24,11.9854,-100,76.92,27.7,1.122354,0.75489,4.7929,0.1528
1455,-100,-105.0,40,1.5,12.5,-81.59,12.306,-100,77.45,27.06,1.178206,0.740743,3.9874,0.1511
1456,-100,-105.0,40,1.5,13.0,-81.38,12.6236,-100,77.67,26.8,1.151769,0.725825,3.8119,0.1444
1457,-100,-105.0,40,1.5,13.5,-81.35,13.019,-100,77.84,26.6,1.24892,0.795969,4.3294,0.129
1458,-100,-105.0,40,1.5,14.0,-80.97,13.3036,-100,76.55,28.15,1.164972,0.724461,4.0806,0.1729
1459,-100,-105.0,40,1.75,1.0,-79.28,4.8482,-91,76.7,27.95,1.039664,0.695633,4.0604,0.1527
1460,-100,-105.0,40,1.75,1.5,-79.56,5.1036,-92,77.51,26.99,1.090657,0.788655,6.0138,0.1468
1462,-100,-105.0,40,1.75,2.5,-79.36,6.072,-95,75.83,29.01,1.021839,0.695341,4.8352,0.1724
1461,-100,-105.0,40,1.75,2.0,-79.49,6.2487,-94,76.14,28.63,0.980978,0.629315,3.2474,0.1685
1463,-100,-105.0,40,1.75,3.0,-79.17,6.2702,-97,77.32,27.21,1.043266,0.662139,3.1726,0.1614
1464,-100,-105.0,40,1.75,3.5,-78.84,6.2449,-100,76.46,28.23,1.065352,0.707061,4.2333,0.1793
1465,-100,-105.0,40,1.75,4.0,-79.19,6.7542,-100,76.0,28.8,0.974926,0.597852,2.2738,0.2117
1466,-100,-105.0,40,1.75,4.5,-79.53,6.9102,-100,76.28,28.47,1.018644,0.633282,2.7203,0.1807
1467,-100,-105.0,40,1.75,5.0,-79.31,7.3869,-100,76.55,28.14,1.045898,0.653694,2.8793,0.1803
1468,-100,-105.0,40,1.75,5.5,-78.82,7.6207,-100,77.05,27.54,1.049931,0.666361,3.5984,0.1839
1470,-100,-105.0,40,1.75,6.5,-78.83,8.4122,-100,76.39,28.33,1.017621,0.690643,4.2183,0.1563
1469,-100,-105.0,40,1.75,6.0,-79.11,7.957,-100,76.16,28.61,1.073528,0.738706,5.4229,0.1484
1471,-100,-105.0,40,1.75,7.0,-79.2,8.9713,-100,76.71,27.96,1.003346,0.664067,3.7143,0.1697
1472,-100,-105.0,40,1.75,7.5,-79.17,9.0281,-100,77.09,27.49,1.108628,0.713218,4.0614,0.1837
1473,-100,-105.0,40,1.75,8.0,-79.42,9.3548,-100,76.97,27.64,1.0392,0.658523,3.1162,0.1911
1474,-100,-105.0,40,1.75,8.5,-79.2,10.0072,-100,76.75,27.91,1.046404,0.678778,3.5974,0.1606
1475,-100,-105.0,40,1.75,9.0,-78.88,10.1966,-100,76.8,27.83,1.07264,0.691369,3.6912,0.1603
1476,-100,-105.0,40,1.75,9.5,-79.04,10.6421,-100,77.48,27.01,1.092944,0.686794,3.5549,0.17
1477,-100,-105.0,40,1.75,10.0,-79.07,10.8651,-100,76.79,27.85,1.042988,0.661815,3.1445,0.1744
1478,-100,-105.0,40,1.75,10.5,-78.53,11.4258,-100,77.12,27.45,1.043028,0.687752,4.1527,0.1422
1479,-100,-105.0,40,1.75,11.0,-78.43,11.8577,-100,76.72,27.93,1.02137,0.686249,4.653,0.1599
1480,-100,-105.0,40,1.75,11.5,-79.06,11.967,-100,76.95,27.65,1.078724,0.699582,4.3252,0.152
1481,-100,-105.0,40,1.75,12.0,-78.79,12.4958,-100,77.5,26.99,1.101323,0.68707,2.9647,0.1739
1483,-100,-105.0,40,1.75,13.0,-78.21,13.1712,-100,76.91,27.71,1.117519,0.739527,4.6366,0.1742
1482,-100,-105.0,40,1.75,12.5,-78.39,13.0028,-100,76.65,28.02,1.043316,0.678511,3.5643,0.1763
1484,-100,-105.0,40,1.75,13.5,-78.59,13.631,-100,77.1,27.47,1.134829,0.738229,4.2084,0.155
1485,-100,-105.0,40,1.75,14.0,-78.46,14.0048,-100,76.89,27.73,1.136739,0.70553,3.577,0.1886
1486,-100,-105.0,40,2.0,1.0,-76.3,6.481,-89,76.46,28.24,1.079619,0.688765,4.4978,0.1764
1487,-100,-105.0,40,2.0,1.5,-76.53,6.3272,-93,76.42,28.29,1.008966,0.661455,3.8122,0.1696
1488,-100,-105.0,40,2.0,2.0,-76.78,5.9745,-92,75.02,29.98,0.973243,0.639429,3.6548,0.1956
1490,-100,-105.0,40,2.0,3.0,-76.16,6.824,-98,76.27,28.47,1.022331,0.682253,4.1959,0.1637
1489,-100,-105.0,40,2.0,2.5,-76.69,5.9625,-95,76.78,27.86,1.070896,0.719636,4.6575,0.1544
1491,-100,-105.0,40,2.0,3.5,-76.51,6.8102,-100,76.67,28.01,0.997614,0.615586,2.2039,0.1988
1492,-100,-105.0,40,2.0,4.0,-76.45,7.0435,-100,76.5,28.2,1.032082,0.675817,3.8499,0.1673
1493,-100,-105.0,40,2.0,4.5,-76.36,7.5502,-100,76.26,28.48,1.027297,0.644922,2.7322,0.1925
1494,-100,-105.0,40,2.0,5.0,-76.23,7.4966,-100,76.33,28.41,1.035544,0.733333,5.3874,0.1373
1495,-100,-105.0,40,2.0,5.5,-75.93,8.4126,-100,76.43,28.29,0.99312,0.69897,4.6261,0.1645
1496,-100,-105.0,40,2.0,6.0,-76.14,8.4834,-100,76.37,28.36,0.986444,0.610364,2.5236,0.1918
1497,-100,-105.0,40,2.0,6.5,-76.39,8.6172,-100,76.11,28.68,0.958037,0.592346,2.3006,0.1988
1498,-100,-105.0,40,2.0,7.0,-75.94,8.9715,-100,76.27,28.48,1.002177,0.635431,2.9779,0.1935
1499,-100,-105.0,40,2.0,7.5,-76.54,9.61,-100,76.41,28.32,1.007755,0.642134,3.0971,0.1832
1500,-100,-105.0,40,2.0,8.0,-76.53,9.7865,-100,76.49,28.21,0.99019,0.669777,4.1086,0.1596
1501,-100,-105.0,40,2.0,8.5,-75.86,10.3356,-100,76.53,28.17,1.005157,0.660082,3.4374,0.1757
1502,-100,-105.0,40,2.0,9.0,-75.99,10.7441,-100,76.77,27.88,1.009515,0.646738,3.5432,0.1596
1503,-100,-105.0,40,2.0,9.5,-75.91,10.9531,-100,76.78,27.87,1.052013,0.673973,3.6213,0.1715
1504,-100,-105.0,40,2.0,10.0,-76.21,11.5198,-100,77.0,27.61,1.064723,0.668051,2.8871,0.1503
1505,-100,-105.0,40,2.0,10.5,-76.07,11.99,-100,76.69,27.98,1.049406,0.817144,7.0004,0.1295
1506,-100,-105.0,40,2.0,11.0,-76.13,12.1714,-100,76.67,27.99,1.048597,0.704265,4.4228,0.1543
1507,-100,-105.0,40,2.0,11.5,-75.87,12.6791,-100,76.24,28.52,1.051999,0.647359,2.6355,0.181
1508,-100,-105.0,40,2.0,12.0,-75.49,12.9974,-100,76.67,28.0,1.083065,0.702458,3.8824,0.1787
1509,-100,-105.0,40,2.0,12.5,-75.52,13.4945,-100,76.52,28.19,1.014569,0.653289,3.5173,0.1789
1510,-100,-105.0,40,2.0,13.0,-76.25,13.6411,-100,77.41,27.1,1.150324,0.735949,3.756,0.1653
1511,-100,-105.0,40,2.0,13.5,-75.32,14.1379,-100,76.43,28.29,1.054817,0.68132,4.2474,0.1707
1512,-100,-105.0,40,2.0,14.0,-75.24,14.5199,-100,76.83,27.81,1.07513,0.664934,2.4113,0.167
1513,-100,-105.0,40,2.25,1.0,-73.61,6.9757,-86,75.76,29.09,0.971212,0.633336,3.6067,0.1709
1514,-100,-105.0,40,2.25,1.5,-73.28,6.2224,-87,76.92,27.69,1.085179,0.708715,4.2338,0.1661
1515,-100,-105.0,40,2.25,2.0,-73.8,7.4482,-91,76.31,28.42,1.016852,0.658831,3.725,0.1755
1517,-100,-105.0,40,2.25,3.0,-73.13,6.9387,-92,76.55,28.13,0.997848,0.65895,3.8146,0.1712
1516,-100,-105.0,40,2.25,2.5,-73.41,7.3345,-93,76.42,28.3,0.997638,0.607303,1.8942,0.1877
1518,-100,-105.0,40,2.25,3.5,-73.57,7.5195,-94,76.79,27.85,1.0318,0.682228,4.1535,0.1658
1519,-100,-105.0,40,2.25,4.0,-73.65,7.6008,-98,76.48,28.23,1.067244,0.687527,3.9723,0.1855
1521,-100,-105.0,40,2.25,5.0,-74.04,8.2571,-100,75.93,28.88,0.985044,0.648012,3.8524,0.1724
1520,-100,-105.0,40,2.25,4.5,-73.59,8.0703,-98,76.99,27.6,1.063358,0.637088,1.9064,0.1972
1522,-100,-105.0,40,2.25,5.5,-73.83,8.3803,-100,76.32,28.41,1.058073,0.74448,5.3414,0.1658
1523,-100,-105.0,40,2.25,6.0,-73.85,9.2677,-100,76.24,28.51,1.017811,0.681869,3.9425,0.1541
1524,-100,-105.0,40,2.25,6.5,-73.35,9.1681,-100,75.39,29.54,0.951616,0.623862,3.3605,0.1619
1525,-100,-105.0,40,2.25,7.0,-73.23,9.6826,-100,76.68,27.98,1.00237,0.654583,3.168,0.1512
1526,-100,-105.0,40,2.25,7.5,-73.31,9.7394,-100,76.22,28.53,0.989716,0.616838,3.0335,0.1886
1527,-100,-105.0,40,2.25,8.0,-73.01,10.3904,-100,76.47,28.23,0.993959,0.675857,4.2179,0.1596
1528,-100,-105.0,40,2.25,8.5,-73.29,10.4997,-100,76.8,27.85,0.995492,0.613402,2.0326,0.1841
1529,-100,-105.0,40,2.25,9.0,-73.36,11.2189,-100,76.71,27.95,1.05977,0.70266,3.8897,0.1627
1530,-100,-105.0,40,2.25,9.5,-72.48,11.4888,-100,76.78,27.87,1.036195,0.661081,3.3973,0.1764
1531,-100,-105.0,40,2.25,10.0,-73.33,11.9569,-100,75.82,29.01,0.970959,0.605783,2.234,0.209
1532,-100,-105.0,40,2.25,10.5,-73.55,12.2556,-100,76.64,28.04,1.026216,0.640627,3.0968,0.1733
1533,-100,-105.0,40,2.25,11.0,-73.66,12.5896,-100,76.41,28.3,1.002875,0.65082,3.3979,0.173
1534,-100,-105.0,40,2.25,11.5,-73.09,12.9224,-100,76.91,27.71,1.02864,0.699741,4.2611,0.1486
1535,-100,-105.0,40,2.25,12.0,-73.33,13.3918,-100,77.0,27.6,1.035002,0.683566,4.4729,0.1595
1536,-100,-105.0,40,2.25,12.5,-72.86,14.0092,-100,77.19,27.38,1.116661,0.751846,4.8849,0.1452
1537,-100,-105.0,40,2.25,13.0,-73.41,14.0854,-100,76.52,28.17,1.044329,0.690572,3.744,0.1508
1538,-100,-105.0,40,2.25,13.5,-73.52,14.7125,-100,76.99,27.61,1.104177,0.702495,3.6093,0.1805
1539,-100,-105.0,40,2.25,14.0,-72.82,15.0499,-100,77.32,27.21,1.109724,0.848401,6.2703,0.1239
1540,-100,-105.0,40,2.5,1.0,-70.63,6.8521,-85,76.41,28.3,1.026839,0.717464,4.8541,0.1346
1541,-100,-105.0,40,2.5,1.5,-70.96,7.7225,-86,76.29,28.45,1.047452,0.714354,4.5522,0.1569
1542,-100,-105.0,40,2.5,2.0,-70.91,7.6616,-89,76.92,27.69,1.024963,0.665007,3.584,0.18
1543,-100,-105.0,40,2.5,2.5,-70.0,7.3258,-88,76.47,28.23,1.077352,0.768086,5.8242,0.1543
1544,-100,-105.0,40,2.5,3.0,-70.45,7.8406,-91,77.42,27.09,1.104751,0.745651,4.6872,0.1592
1546,-100,-105.0,40,2.5,4.0,-70.49,8.1943,-95,75.9,28.93,0.96814,0.629692,3.7809,0.1871
1545,-100,-105.0,40,2.5,3.5,-70.64,7.9505,-92,76.44,28.27,0.98324,0.638585,3.4705,0.1734
1547,-100,-105.0,40,2.5,4.5,-70.4,8.2626,-94,76.61,28.06,1.044996,0.678601,3.8773,0.167
1548,-100,-105.0,40,2.5,5.0,-70.88,9.1957,-100,76.85,27.79,1.055127,0.701294,4.5901,0.1595
1549,-100,-105.0,40,2.5,5.5,-70.71,8.9277,-99,76.59,28.09,1.012182,0.648681,3.2547,0.1817
1550,-100,-105.0,40,2.5,6.0,-71.09,8.8753,-100,75.86,28.97,0.973423,0.676644,5.247,0.1538
1551,-100,-105.0,40,2.5,6.5,-70.95,9.5951,-100,76.22,28.54,1.0019,0.618247,2.7809,0.1973
1552,-100,-105.0,40,2.5,7.0,-70.24,10.0443,-100,76.52,28.18,1.045033,0.684005,4.1475,0.178
1553,-100,-105.0,40,2.5,7.5,-70.13,10.3276,-100,76.41,28.31,0.99457,0.642136,3.2842,0.1715
1555,-100,-105.0,40,2.5,8.5,-70.48,11.2516,-100,76.42,28.29,0.987726,0.639049,3.0523,0.1779
1554,-100,-105.0,40,2.5,8.0,-70.83,10.8195,-100,76.76,27.89,1.03012,0.670199,3.8348,0.1559
1556,-100,-105.0,40,2.5,9.0,-70.71,11.3367,-100,76.51,28.19,1.016148,0.641504,2.7655,0.1898
1557,-100,-105.0,40,2.5,9.5,-70.4,11.76,-100,76.99,27.61,1.019757,0.762777,5.785,0.134
1558,-100,-105.0,40,2.5,10.0,-70.49,12.7077,-100,76.49,28.21,1.026248,0.627322,2.2383,0.1855
1559,-100,-105.0,40,2.5,10.5,-70.72,12.6047,-100,76.13,28.64,1.098103,0.750077,5.3445,0.1457
1560,-100,-105.0,40,2.5,11.0,-69.86,13.0864,-100,76.36,28.38,0.996164,0.638184,2.7825,0.1875
1561,-100,-105.0,40,2.5,11.5,-70.73,13.3202,-100,76.51,28.2,1.072542,0.702717,4.5978,0.1595
1562,-100,-105.0,40,2.5,12.0,-70.12,14.1923,-100,76.03,28.76,0.972587,0.63602,3.3729,0.1727
1563,-100,-105.0,40,2.5,12.5,-70.12,14.4861,-100,76.57,28.11,1.046726,0.707085,4.5792,0.1591
1564,-100,-105.0,40,2.5,13.0,-70.73,14.6697,-100,77.0,27.61,1.034991,0.655033,3.32,0.1887
1565,-100,-105.0,40,2.5,13.5,-70.36,15.0057,-100,76.06,28.74,0.98693,0.604551,1.9652,0.2054
1566,-100,-105.0,40,2.5,14.0,-70.19,15.4941,-100,76.36,28.37,1.008599,0.625602,2.3972,0.1968
1567,-100,-105.0,40,2.75,1.0,-67.45,8.1066,-81,76.43,28.29,1.06978,0.661718,3.0852,0.1803
1568,-100,-105.0,40,2.75,1.5,-68.11,7.8382,-83,75.94,28.87,1.012866,0.660446,4.0475,0.1839
1569,-100,-105.0,40,2.75,2.0,-67.36,8.4851,-86,76.28,28.46,1.016351,0.629971,3.011,0.1948
1570,-100,-105.0,40,2.75,2.5,-67.72,8.8432,-89,75.88,28.94,0.998604,0.675889,4.3019,0.1563
1572,-100,-105.0,40,2.75,3.5,-68.11,8.2003,-92,76.54,28.15,1.014921,0.665158,3.5279,0.1818
1571,-100,-105.0,40,2.75,3.0,-67.76,8.3302,-89,76.43,28.28,0.98854,0.663125,4.0782,0.163
1573,-100,-105.0,40,2.75,4.0,-68.06,8.8383,-92,76.56,28.13,1.067487,0.68308,3.9027,0.1696
1574,-100,-105.0,40,2.75,4.5,-67.66,8.959,-93,75.76,29.09,0.98992,0.624109,2.8081,0.193
1575,-100,-105.0,40,2.75,5.0,-67.7,9.7397,-97,76.69,27.97,1.008912,0.636416,3.1393,0.1762
1576,-100,-105.0,40,2.75,5.5,-67.95,9.5669,-95,75.86,28.97,0.953166,0.666194,4.6808,0.1312
1577,-100,-105.0,40,2.75,6.0,-67.46,9.2162,-100,76.47,28.25,1.019088,0.665589,4.2726,0.1755
1578,-100,-105.0,40,2.75,6.5,-67.86,10.4734,-100,76.9,27.72,1.040956,0.65371,2.9497,0.1668
1579,-100,-105.0,40,2.75,7.0,-67.76,10.6793,-100,75.95,28.85,0.955096,0.651402,4.2129,0.1757
1580,-100,-105.0,40,2.75,7.5,-67.81,10.8525,-100,75.36,29.56,0.949346,0.61497,3.4112,0.1763
1581,-100,-105.0,40,2.75,8.0,-67.41,11.1404,-100,75.84,28.99,0.948792,0.602367,2.7655,0.1973
1582,-100,-105.0,40,2.75,8.5,-67.87,11.7393,-100,75.89,28.93,0.979579,0.641074,3.6232,0.1717
1583,-100,-105.0,40,2.75,9.0,-67.61,11.9646,-100,77.16,27.4,1.033024,0.6592,3.3211,0.1778
1584,-100,-105.0,40,2.75,9.5,-67.87,12.0939,-100,75.71,29.14,0.960216,0.667701,4.6183,0.1579
1585,-100,-105.0,40,2.75,10.0,-67.88,12.7464,-100,76.59,28.1,0.988185,0.604375,2.7012,0.1935
1586,-100,-105.0,40,2.75,10.5,-67.82,13.202,-100,76.26,28.49,0.982977,0.622819,2.9131,0.178
1587,-100,-105.0,40,2.75,11.0,-67.66,13.3494,-100,76.89,27.74,1.031576,0.635976,2.3932,0.1957
1588,-100,-105.0,40,2.75,11.5,-67.68,13.8254,-100,76.53,28.17,1.017322,0.639476,3.0209,0.1862
1589,-100,-105.0,40,2.75,12.0,-68.23,14.4331,-100,76.24,28.51,1.004359,0.697841,4.455,0.1338
1590,-100,-105.0,40,2.75,12.5,-68.06,14.6774,-100,76.19,28.56,0.975365,0.63725,3.5337,0.1759
1591,-100,-105.0,40,2.75,13.0,-67.13,15.0387,-100,76.94,27.67,1.033391,0.71494,4.9415,0.1399
1592,-100,-105.0,40,2.75,13.5,-67.78,15.6579,-100,76.15,28.62,0.985825,0.622432,2.9091,0.1802
1593,-100,-105.0,40,2.75,14.0,-67.32,15.7703,-100,76.28,28.46,0.998167,0.674908,4.2787,0.156
1594,-100,-105.0,40,3.0,1.0,-64.87,8.6917,-82,76.41,28.31,1.042074,0.709661,4.6802,0.1799
1595,-100,-105.0,40,3.0,1.5,-65.01,8.8152,-81,76.79,27.85,1.025983,0.653074,3.1933,0.1616
1596,-100,-105.0,40,3.0,2.0,-65.11,8.1569,-83,75.94,28.87,1.02283,0.676943,4.3395,0.1691
1597,-100,-105.0,40,3.0,2.5,-64.56,8.7328,-84,76.17,28.6,1.016036,0.688434,4.6313,0.1608
1598,-100,-105.0,40,3.0,3.0,-65.05,8.8277,-90,76.17,28.6,0.957228,0.617168,2.9705,0.1764
1599,-100,-105.0,40,3.0,3.5,-64.68,9.593,-90,76.14,28.63,0.981301,0.701622,5.0213,0.1676
1601,-100,-105.0,40,3.0,4.5,-64.53,9.8434,-92,76.59,28.09,1.012785,0.648271,3.5437,0.1789
1600,-100,-105.0,40,3.0,4.0,-64.71,9.7909,-90,76.86,27.78,1.024894,0.630542,2.4977,0.1993
1602,-100,-105.0,40,3.0,5.0,-64.61,9.4024,-93,76.5,28.19,1.026296,0.721136,4.9212,0.1602
1603,-100,-105.0,40,3.0,5.5,-65.07,10.1896,-92,76.37,28.37,1.022664,0.675594,3.5434,0.1506
1604,-100,-105.0,40,3.0,6.0,-64.9,11.0308,-98,76.51,28.19,1.006603,0.66718,4.0043,0.1576
1605,-100,-105.0,40,3.0,6.5,-64.85,10.2639,-100,76.0,28.8,0.966746,0.619715,3.2609,0.1669
1606,-100,-105.0,40,3.0,7.0,-64.96,10.9888,-100,76.11,28.68,1.027703,0.666709,4.1713,0.172
1607,-100,-105.0,40,3.0,7.5,-64.59,11.7077,-100,76.44,28.27,1.063415,0.685289,4.1048,0.1848
1608,-100,-105.0,40,3.0,8.0,-64.81,11.1249,-100,75.87,28.95,0.958042,0.611436,3.1912,0.1906
1609,-100,-105.0,40,3.0,8.5,-64.62,12.3657,-100,76.07,28.72,0.988023,0.655055,3.8168,0.1681
1610,-100,-105.0,40,3.0,9.0,-64.64,12.6877,-100,76.83,27.81,1.060322,0.713892,4.4452,0.1677
1611,-100,-105.0,40,3.0,9.5,-64.41,13.3959,-100,75.52,29.37,1.00459,0.705709,5.2405,0.145
1612,-100,-105.0,40,3.0,10.0,-65.13,13.1824,-100,76.29,28.45,0.982553,0.62926,3.3893,0.1892
1613,-100,-105.0,40,3.0,10.5,-64.8,13.4201,-100,76.86,27.78,0.997376,0.657236,4.0,0.1764
1614,-100,-105.0,40,3.0,11.0,-64.41,13.9906,-100,76.81,27.82,1.001187,0.641883,3.3369,0.1589
1615,-100,-105.0,40,3.0,11.5,-64.86,13.9028,-100,76.25,28.5,0.980437,0.639594,3.9794,0.1837
1616,-100,-105.0,40,3.0,12.0,-64.08,14.7542,-100,76.39,28.32,1.009802,0.679732,4.3114,0.1643
1617,-100,-105.0,40,3.0,12.5,-64.7,15.0407,-100,76.56,28.13,0.99431,0.617439,2.5095,0.1787
1618,-100,-105.0,40,3.0,13.0,-64.56,15.3417,-100,76.07,28.72,0.983729,0.654163,3.7496,0.1601
1619,-100,-105.0,40,3.0,13.5,-64.72,15.7642,-100,76.39,28.34,1.058104,0.714137,5.1443,0.1756
1620,-100,-105.0,40,3.0,14.0,-64.89,16.6167,-100,76.77,27.88,1.036681,0.654825,2.9735,0.1597
1621,-100,-105.0,40,3.25,1.0,-61.19,9.559,-76,76.49,28.22,1.034001,0.716444,5.0113,0.1723
1622,-100,-105.0,40,3.25,1.5,-61.48,9.0726,-79,76.22,28.53,1.021434,0.675963,3.953,0.1628
1623,-100,-105.0,40,3.25,2.0,-61.94,9.5745,-82,76.75,27.91,1.036961,0.6655,3.6122,0.1775
1624,-100,-105.0,40,3.25,2.5,-61.87,10.3355,-84,76.89,27.72,1.028934,0.721385,4.9057,0.1355
1625,-100,-105.0,40,3.25,3.0,-62.31,9.9566,-85,76.38,28.36,0.983581,0.61549,2.2852,0.1921
1626,-100,-105.0,40,3.25,3.5,-62.09,9.9907,-87,76.53,28.17,0.976965,0.628495,2.8043,0.1748
1627,-100,-105.0,40,3.25,4.0,-62.17,9.8083,-87,76.61,28.07,1.026453,0.646432,3.343,0.1828
1628,-100,-105.0,40,3.25,4.5,-62.27,10.3836,-89,75.94,28.87,0.988083,0.64644,4.2022,0.1787
1630,-100,-105.0,40,3.25,5.5,-62.12,10.3907,-94,76.1,28.68,1.042166,0.779136,6.347,0.1345
1629,-100,-105.0,40,3.25,5.0,-61.78,10.4529,-93,76.15,28.61,0.975534,0.628671,3.7669,0.181
1631,-100,-105.0,40,3.25,6.0,-61.76,10.6534,-92,76.34,28.4,0.976455,0.605133,2.5001,0.1825
1632,-100,-105.0,40,3.25,6.5,-62.27,11.9762,-100,76.38,28.34,1.029361,0.640132,2.9899,0.1878
1633,-100,-105.0,40,3.25,7.0,-61.96,11.6759,-97,75.81,29.03,0.939995,0.613438,2.9676,0.1703
1634,-100,-105.0,40,3.25,7.5,-62.15,12.0854,-100,75.77,29.08,0.995177,0.668929,4.3131,0.1829
1635,-100,-105.0,40,3.25,8.0,-61.65,12.4259,-100,76.11,28.66,0.948076,0.634916,3.7749,0.1686
1636,-100,-105.0,40,3.25,8.5,-62.26,12.4658,-100,76.58,28.1,1.031474,0.717354,4.8025,0.1569
1637,-100,-105.0,40,3.25,9.0,-62.14,12.9879,-100,76.53,28.16,1.012731,0.620375,2.5114,0.1918
1638,-100,-105.0,40,3.25,9.5,-61.9,13.3417,-100,76.1,28.68,0.969938,0.631411,2.9279,0.1764
1640,-100,-105.0,40,3.25,10.5,-61.57,14.5944,-100,75.87,28.95,0.980356,0.669377,4.5057,0.1713
1639,-100,-105.0,40,3.25,10.0,-61.68,13.7382,-100,76.68,27.99,1.007665,0.630639,2.669,0.187
1642,-100,-105.0,40,3.25,11.5,-61.89,14.584,-100,75.97,28.83,0.969668,0.661418,4.3146,0.1534
1641,-100,-105.0,40,3.25,11.0,-61.52,14.6672,-100,76.84,27.79,1.039274,0.669599,3.5668,0.153
1643,-100,-105.0,40,3.25,12.0,-61.57,15.2684,-100,77.08,27.5,1.052467,0.724676,5.0413,0.1358
1644,-100,-105.0,40,3.25,12.5,-61.99,15.4472,-100,76.16,28.61,1.014138,0.670217,4.3156,0.1787
1645,-100,-105.0,40,3.25,13.0,-61.75,15.8374,-100,76.21,28.54,0.971563,0.648538,3.764,0.1496
1646,-100,-105.0,40,3.25,13.5,-61.68,16.3543,-100,75.55,29.34,0.976855,0.631057,3.2399,0.1826
1647,-100,-105.0,40,3.25,14.0,-61.85,16.7567,-100,76.3,28.44,0.960163,0.628323,3.4614,0.1728
1648,-100,-105.0,40,3.5,1.0,-59.11,9.9893,-76,76.03,28.78,0.99329,0.633237,3.6001,0.1765
1649,-100,-105.0,40,3.5,1.5,-58.91,10.7961,-79,76.48,28.22,1.007037,0.631648,2.4842,0.1896
1650,-100,-105.0,40,3.5,2.0,-58.71,9.7596,-78,75.9,28.9,0.991171,0.622775,3.2008,0.1744
1651,-100,-105.0,40,3.5,2.5,-58.9,10.5549,-82,76.45,28.26,0.996221,0.674054,4.2604,0.1479
1652,-100,-105.0,40,3.5,3.0,-59.44,10.378,-84,76.13,28.64,0.989164,0.62221,2.5236,0.1938
1653,-100,-105.0,40,3.5,3.5,-59.22,9.6386,-86,76.71,27.95,1.044461,0.725871,5.0834,0.1629
1654,-100,-105.0,40,3.5,4.0,-58.94,10.9227,-86,76.5,28.21,1.023908,0.719866,4.8047,0.143
1655,-100,-105.0,40,3.5,4.5,-58.51,11.1706,-88,75.44,29.48,0.919596,0.616863,3.7862,0.1732
1656,-100,-105.0,40,3.5,5.0,-59.28,12.4408,-92,76.43,28.27,0.994984,0.684611,4.7021,0.18
1657,-100,-105.0,40,3.5,5.5,-59.07,11.3732,-92,76.35,28.37,0.984436,0.606383,2.6836,0.205
1658,-100,-105.0,40,3.5,6.0,-58.85,12.1034,-94,75.97,28.84,0.961796,0.612958,3.0774,0.188
1659,-100,-105.0,40,3.5,6.5,-58.99,11.6292,-94,76.45,28.26,1.001161,0.63986,3.1115,0.1825
1660,-100,-105.0,40,3.5,7.0,-58.63,12.6103,-100,74.03,31.17,0.929306,0.674131,5.4037,0.1588
1661,-100,-105.0,40,3.5,7.5,-58.99,12.844,-100,75.56,29.34,0.972147,0.623844,3.2156,0.1719
1662,-100,-105.0,40,3.5,8.0,-59.0,13.0922,-100,76.66,28.0,1.028271,0.649557,3.0689,0.1936
1663,-100,-105.0,40,3.5,8.5,-58.9,12.9515,-100,75.43,29.49,0.987714,0.654408,4.2708,0.1566
1664,-100,-105.0,40,3.5,9.0,-58.98,13.6168,-100,75.71,29.14,0.946029,0.591614,2.2812,0.1954
1665,-100,-105.0,40,3.5,9.5,-58.75,13.8575,-100,75.79,29.05,0.96071,0.640749,4.009,0.1919
1666,-100,-105.0,40,3.5,10.0,-59.05,13.7292,-100,76.6,28.07,1.007725,0.639061,3.3276,0.1802
1667,-100,-105.0,40,3.5,10.5,-58.82,14.5843,-100,76.56,28.13,0.986758,0.65959,4.2094,0.1598
1668,-100,-105.0,40,3.5,11.0,-58.91,14.7132,-100,76.62,28.05,0.978854,0.61237,2.3754,0.187
1669,-100,-105.0,40,3.5,11.5,-59.26,15.2215,-100,76.16,28.61,0.983986,0.646997,3.4896,0.1667
1670,-100,-105.0,40,3.5,12.0,-58.77,15.7575,-100,76.56,28.13,1.005645,0.631602,3.4324,0.1759
1671,-100,-105.0,40,3.5,12.5,-58.66,15.8532,-100,75.68,29.19,1.009175,0.703913,5.0172,0.1552
1672,-100,-105.0,40,3.5,13.0,-58.67,16.721,-100,76.58,28.11,1.054472,0.716142,5.1734,0.1793
1673,-100,-105.0,40,3.5,13.5,-58.87,16.8581,-100,76.58,28.11,1.048308,0.721172,4.9274,0.165
1674,-100,-105.0,40,3.5,14.0,-59.26,17.4255,-100,76.23,28.52,1.046627,0.73307,5.2281,0.1659
1675,-100,-105.0,40,3.75,1.0,-56.51,10.7468,-74,75.94,28.88,0.954159,0.604299,2.7958,0.1605
1676,-100,-105.0,40,3.75,1.5,-56.2,10.39,-74,75.56,29.33,0.940802,0.633705,4.3687,0.1652
1677,-100,-105.0,40,3.75,2.0,-56.27,10.9495,-76,75.75,29.11,0.963019,0.623256,3.4307,0.1839
1678,-100,-105.0,40,3.75,2.5,-56.42,11.1716,-79,76.81,27.82,1.008851,0.665005,3.8305,0.1635
1679,-100,-105.0,40,3.75,3.0,-56.31,11.7555,-81,76.75,27.92,1.002439,0.614061,2.0832,0.1973
1680,-100,-105.0,40,3.75,3.5,-56.71,10.7189,-82,75.84,28.99,1.003634,0.663861,4.0379,0.1843
1681,-100,-105.0,40,3.75,4.0,-56.51,11.7917,-84,75.63,29.24,0.955829,0.590795,1.9728,0.2033
1682,-100,-105.0,40,3.75,4.5,-55.94,11.479,-86,76.38,28.35,1.039428,0.678718,4.1058,0.1758
1683,-100,-105.0,40,3.75,5.0,-56.1,12.1612,-85,76.41,28.3,0.99331,0.61903,2.1729,0.1968
1684,-100,-105.0,40,3.75,5.5,-56.5,11.9358,-90,75.97,28.84,0.973997,0.673909,4.8024,0.1575
1685,-100,-105.0,40,3.75,6.0,-56.07,12.2808,-95,75.86,28.97,0.975165,0.638579,3.98,0.173
1686,-100,-105.0,40,3.75,6.5,-56.05,12.9038,-93,76.47,28.24,0.98969,0.610548,2.7509,0.1986
1687,-100,-105.0,40,3.75,7.0,-55.83,12.7138,-97,76.28,28.47,1.030302,0.676088,3.9134,0.1737
1688,-100,-105.0,40,3.75,7.5,-56.12,13.5888,-97,75.62,29.27,0.964112,0.624948,3.7322,0.1883
1689,-100,-105.0,40,3.75,8.0,-56.2,13.5431,-99,76.62,28.07,1.01731,0.671291,4.0784,0.1412
1690,-100,-105.0,40,3.75,8.5,-55.87,13.3217,-99,76.5,28.21,0.985784,0.674055,4.2244,0.1748
1691,-100,-105.0,40,3.75,9.0,-55.84,14.426,-100,76.71,27.95,1.007258,0.670644,4.1614,0.1598
1692,-100,-105.0,40,3.75,9.5,-56.42,14.7577,-100,76.05,28.74,0.991987,0.637735,3.1599,0.1654
1693,-100,-105.0,40,3.75,10.0,-56.15,15.0327,-100,75.77,29.07,0.9526,0.679108,5.278,0.1561
1694,-100,-105.0,40,3.75,10.5,-55.71,14.8506,-100,76.07,28.72,0.967318,0.629349,3.5484,0.1893
1695,-100,-105.0,40,3.75,11.0,-56.08,15.5099,-100,76.08,28.7,0.9494,0.635893,3.6555,0.1862
1696,-100,-105.0,40,3.75,11.5,-55.71,15.6101,-100,76.84,27.79,0.984468,0.683596,4.6182,0.1464
1697,-100,-105.0,40,3.75,12.0,-55.97,16.3887,-100,76.48,28.23,1.003326,0.639265,3.0187,0.1811
1698,-100,-105.0,40,3.75,12.5,-55.89,16.2903,-100,75.79,29.04,0.980826,0.616294,2.8334,0.1922
1699,-100,-105.0,40,3.75,13.0,-55.83,16.5842,-100,76.38,28.35,1.032318,0.712287,5.0949,0.1556
1700,-100,-105.0,40,3.75,13.5,-55.53,17.5027,-100,75.8,29.04,0.961236,0.631276,3.7606,0.1668
1701,-100,-105.0,40,3.75,14.0,-56.1,17.7323,-100,75.91,28.93,0.99186,0.688646,4.8646,0.153
1702,-100,-105.0,40,4.0,1.0,-53.29,11.128,-71,76.14,28.63,0.963781,0.613229,2.5407,0.1915
1703,-100,-105.0,40,4.0,1.5,-53.33,10.8499,-73,76.46,28.24,0.982822,0.623479,3.1377,0.1843
1704,-100,-105.0,40,4.0,2.0,-53.35,11.3481,-78,76.47,28.24,0.989585,0.654023,3.7261,0.1843
1705,-100,-105.0,40,4.0,2.5,-53.53,10.6914,-77,76.32,28.42,1.01564,0.769712,6.1832,0.1393
1706,-100,-105.0,40,4.0,3.0,-53.11,11.4076,-78,76.1,28.68,0.956397,0.616298,3.4023,0.1827
1707,-100,-105.0,40,4.0,3.5,-53.36,12.0772,-78,76.06,28.73,0.956651,0.632905,3.6768,0.1824
1708,-100,-105.0,40,4.0,4.0,-53.46,11.9284,-80,75.53,29.36,0.934746,0.626798,3.9887,0.1778
1709,-100,-105.0,40,4.0,4.5,-53.15,12.0918,-83,76.4,28.32,0.990207,0.620974,3.2453,0.1809
1711,-100,-105.0,40,4.0,5.5,-53.31,13.174,-87,75.78,29.07,0.932214,0.668653,5.3789,0.1599
1710,-100,-105.0,40,4.0,5.0,-53.19,12.792,-85,75.35,29.59,0.941645,0.596259,2.9475,0.2025
1712,-100,-105.0,40,4.0,6.0,-53.91,13.2202,-91,75.54,29.35,0.973529,0.620877,3.8045,0.1853
1713,-100,-105.0,40,4.0,6.5,-53.69,13.179,-93,76.95,27.67,1.046942,0.663154,3.4589,0.1823
1714,-100,-105.0,40,4.0,7.0,-53.5,13.1344,-92,76.01,28.78,0.970343,0.597917,2.1572,0.2043
1715,-100,-105.0,40,4.0,7.5,-53.09,13.8153,-94,76.17,28.6,0.979345,0.615269,2.9192,0.198
1716,-100,-105.0,40,4.0,8.0,-52.95,13.4218,-99,76.08,28.71,0.93279,0.598795,3.4452,0.1764
1717,-100,-105.0,40,4.0,8.5,-53.31,14.6036,-99,76.33,28.41,0.956721,0.636411,3.3475,0.1721
1718,-100,-105.0,40,4.0,9.0,-52.98,14.7784,-100,76.25,28.51,0.987967,0.672407,4.4548,0.1629
1719,-100,-105.0,40,4.0,9.5,-52.99,14.8337,-99,76.68,28.0,1.026615,0.658746,3.6694,0.1774
1720,-100,-105.0,40,4.0,10.0,-52.99,15.3604,-100,76.18,28.58,1.047037,0.754946,5.7707,0.1634
1722,-100,-105.0,40,4.0,11.0,-52.85,15.6353,-100,76.8,27.85,1.008957,0.716093,5.1862,0.1423
1723,-100,-105.0,40,4.0,11.5,-53.22,15.9314,-100,76.79,27.85,1.012004,0.679404,4.2802,0.1701
1721,-100,-105.0,40,4.0,10.5,-52.88,15.3171,-100,75.85,28.98,0.953294,0.584433,1.9559,0.2096
1724,-100,-105.0,40,4.0,12.0,-53.54,16.3856,-100,76.11,28.67,0.93784,0.61419,3.4134,0.1846
1726,-100,-105.0,40,4.0,13.0,-53.55,17.5698,-100,76.2,28.56,0.982375,0.644944,3.5826,0.1768
1725,-100,-105.0,40,4.0,12.5,-53.54,16.9458,-100,75.88,28.95,0.992629,0.633566,3.3727,0.1807
1727,-100,-105.0,40,4.0,13.5,-53.09,17.2988,-100,75.85,28.98,0.996111,0.65364,4.1132,0.1696
1728,-100,-105.0,40,4.0,14.0,-52.95,17.9482,-100,76.49,28.21,0.983851,0.620686,2.5938,0.1832
1729,-100,-105.0,40,4.25,1.0,-49.8,11.8746,-69,75.88,28.94,0.966461,0.611392,2.9382,0.1857
1730,-100,-105.0,40,4.25,1.5,-50.29,12.2261,-71,76.05,28.74,0.920353,0.576636,2.5624,0.1886
1731,-100,-105.0,40,4.25,2.0,-50.07,13.0204,-74,75.67,29.2,1.006913,0.644773,3.5792,0.174
1732,-100,-105.0,40,4.25,2.5,-51.14,12.4936,-75,76.64,28.04,0.973094,0.625611,3.0925,0.1745
1733,-100,-105.0,40,4.25,3.0,-50.35,13.0202,-78,75.96,28.85,0.985791,0.650116,3.7926,0.1662
1734,-100,-105.0,40,4.25,3.5,-50.07,12.7908,-77,75.76,29.1,0.956729,0.616385,3.1551,0.1824
1735,-100,-105.0,40,4.25,4.0,-50.31,12.5767,-81,76.25,28.51,0.989698,0.642718,3.8164,0.1749
1736,-100,-105.0,40,4.25,4.5,-50.1,12.9577,-81,75.92,28.9,0.954214,0.63915,3.6123,0.1333
1737,-100,-105.0,40,4.25,5.0,-50.46,13.7517,-84,75.89,28.93,0.966418,0.635982,3.9043,0.165
1738,-100,-105.0,40,4.25,5.5,-50.24,12.6791,-87,76.65,28.03,0.995943,0.625453,3.2682,0.1827
1739,-100,-105.0,40,4.25,6.0,-50.39,13.6833,-88,75.81,29.03,0.963331,0.651547,4.0712,0.1648
1740,-100,-105.0,40,4.25,6.5,-50.35,14.5008,-88,76.09,28.7,0.965267,0.662995,4.3451,0.1498
1741,-100,-105.0,40,4.25,7.0,-50.74,14.0106,-92,76.08,28.71,0.98053,0.627835,3.4045,0.1921
1742,-100,-105.0,40,4.25,7.5,-50.45,14.5506,-95,76.29,28.45,1.00175,0.671808,4.6822,0.1688
1743,-100,-105.0,40,4.25,8.0,-50.43,14.9057,-96,76.2,28.55,0.945279,0.612749,3.1632,0.1815
1744,-100,-105.0,40,4.25,8.5,-50.3,14.253,-100,76.01,28.79,0.972286,0.610795,3.1372,0.1832
1745,-100,-105.0,40,4.25,9.0,-50.16,15.7294,-100,76.35,28.38,0.970457,0.640759,3.9953,0.1688
1746,-100,-105.0,40,4.25,9.5,-50.22,14.8811,-96,76.9,27.73,1.024353,0.746033,5.8372,0.134
1747,-100,-105.0,40,4.25,10.0,-50.23,16.1009,-100,75.76,29.09,0.951205,0.607764,3.1234,0.175
1748,-100,-105.0,40,4.25,10.5,-50.15,16.3308,-100,75.99,28.81,0.959675,0.648441,4.2956,0.1437
1749,-100,-105.0,40,4.25,11.0,-50.14,16.7158,-100,76.26,28.49,0.956291,0.653504,4.3517,0.1701
1750,-100,-105.0,40,4.25,11.5,-50.13,16.4596,-100,76.44,28.27,0.975433,0.631941,3.2864,0.1682
1751,-100,-105.0,40,4.25,12.0,-50.64,17.0535,-100,76.75,27.9,0.993549,0.622266,2.7369,0.1837
1752,-100,-105.0,40,4.25,12.5,-50.17,17.0065,-100,76.02,28.78,0.921117,0.581769,2.9295,0.1813
1753,-100,-105.0,40,4.25,13.0,-50.04,17.554,-100,76.55,28.15,0.996282,0.664266,3.6143,0.1817
1754,-100,-105.0,40,4.25,13.5,-50.27,18.012,-100,75.74,29.12,1.006302,0.713219,5.4982,0.1667
1755,-100,-105.0,40,4.25,14.0,-50.14,18.1604,-100,76.04,28.74,0.940967,0.610847,3.6257,0.1833
1756,-100,-105.0,40,4.5,1.0,-47.33,12.6031,-67,75.91,28.9,0.946457,0.620556,3.5584,0.1657
1757,-100,-105.0,40,4.5,1.5,-47.72,12.7419,-71,75.88,28.95,0.953364,0.627715,3.6424,0.1529
1758,-100,-105.0,40,4.5,2.0,-47.29,12.8018,-72,76.38,28.34,0.998283,0.633845,2.9264,0.1701
1759,-100,-105.0,40,4.5,2.5,-48.17,13.3586,-74,76.44,28.27,1.021462,0.617426,1.5982,0.1991
1760,-100,-105.0,40,4.5,3.0,-47.38,12.9586,-73,76.15,28.61,0.969745,0.614408,3.1537,0.169
1761,-100,-105.0,40,4.5,3.5,-47.2,13.2549,-76,76.4,28.31,1.013707,0.662605,3.7815,0.178
1762,-100,-105.0,40,4.5,4.0,-48.02,14.4173,-79,76.39,28.33,0.983951,0.654333,3.7187,0.1649
1763,-100,-105.0,40,4.5,4.5,-47.29,13.3395,-79,76.06,28.72,0.955246,0.638033,3.4734,0.1531
1764,-100,-105.0,40,4.5,5.0,-47.55,14.2476,-81,76.87,27.75,1.013547,0.658039,3.612,0.1694
1765,-100,-105.0,40,4.5,5.5,-46.95,14.5688,-80,75.86,28.96,0.978718,0.635248,3.8795,0.1941
1766,-100,-105.0,40,4.5,6.0,-47.45,13.8045,-86,77.0,27.6,1.080903,0.813795,5.9827,0.1227
1767,-100,-105.0,40,4.5,6.5,-47.7,14.4692,-86,75.5,29.4,0.939801,0.601141,2.4659,0.1977
1768,-100,-105.0,40,4.5,7.0,-47.58,15.131,-88,75.3,29.63,0.914261,0.592892,3.0626,0.1859
1769,-100,-105.0,40,4.5,7.5,-47.25,14.9303,-90,76.28,28.47,0.956669,0.622757,3.4429,0.1857
1770,-100,-105.0,40,4.5,8.0,-47.65,14.9965,-93,76.04,28.75,0.979468,0.624896,2.9979,0.1914
1771,-100,-105.0,40,4.5,8.5,-47.15,15.7817,-100,77.04,27.55,1.06677,0.729389,5.085,0.1459
1772,-100,-105.0,40,4.5,9.0,-47.3,15.7453,-96,76.34,28.38,0.97341,0.616193,2.2468,0.1815
1773,-100,-105.0,40,4.5,9.5,-47.05,15.4816,-97,76.09,28.69,0.939193,0.616877,3.8743,0.1819
1774,-100,-105.0,40,4.5,10.0,-46.71,15.9219,-100,75.21,29.75,0.935103,0.634204,4.349,0.1778
1775,-100,-105.0,40,4.5,10.5,-47.5,16.9878,-100,76.21,28.56,0.98751,0.622905,2.6914,0.1963
1776,-100,-105.0,40,4.5,11.0,-47.73,17.4417,-100,75.98,28.81,0.995006,0.614336,2.479,0.1866
1777,-100,-105.0,40,4.5,11.5,-46.89,17.331,-100,76.51,28.19,0.999283,0.620921,2.6162,0.1806
1778,-100,-105.0,40,4.5,12.0,-47.34,17.6833,-100,76.27,28.48,0.974654,0.646914,3.8883,0.1618
1779,-100,-105.0,40,4.5,12.5,-47.77,17.8626,-100,75.95,28.87,0.953613,0.607037,3.2314,0.1783
1780,-100,-105.0,40,4.5,13.0,-47.33,18.181,-100,75.26,29.69,0.937012,0.611198,3.7327,0.1893
1781,-100,-105.0,40,4.5,13.5,-47.74,18.599,-100,76.79,27.85,0.989972,0.623159,2.7961,0.1789
1784,-100,-105.0,40,4.75,1.5,-44.32,13.3106,-67,76.24,28.52,0.974675,0.613083,2.6006,0.1803
1783,-100,-105.0,40,4.75,1.0,-44.98,13.3711,-65,75.65,29.22,1.016993,0.683148,4.4665,0.1754
1782,-100,-105.0,40,4.5,14.0,-47.45,19.0323,-100,76.21,28.55,0.978847,0.61062,2.601,0.1692
1785,-100,-105.0,40,4.75,2.0,-44.44,14.1618,-67,76.1,28.68,0.947717,0.583221,2.2674,0.1876
1786,-100,-105.0,40,4.75,2.5,-44.66,13.8276,-72,75.71,29.14,0.971095,0.604985,2.067,0.2022
1787,-100,-105.0,40,4.75,3.0,-44.1,14.3035,-71,75.69,29.17,0.978342,0.714087,5.8292,0.148
1788,-100,-105.0,40,4.75,3.5,-45.07,14.5074,-71,76.27,28.48,0.961786,0.61522,2.6648,0.1948
1790,-100,-105.0,40,4.75,4.5,-44.66,13.6909,-78,75.49,29.42,0.97963,0.605162,2.7218,0.195
1789,-100,-105.0,40,4.75,4.0,-44.89,13.8198,-76,76.52,28.17,0.981899,0.596941,2.1608,0.2038
1791,-100,-105.0,40,4.75,5.0,-44.24,14.8495,-80,76.01,28.78,0.978481,0.69535,5.0521,0.1486
1792,-100,-105.0,40,4.75,5.5,-44.9,15.4341,-80,75.72,29.14,1.013024,0.797348,7.1537,0.1271
1795,-100,-105.0,40,4.75,7.0,-44.62,14.9814,-88,75.97,28.83,0.999113,0.807975,6.9465,0.1246
1794,-100,-105.0,40,4.75,6.5,-43.8,14.8897,-81,76.1,28.69,0.961157,0.607143,2.7543,0.1857
1793,-100,-105.0,40,4.75,6.0,-44.42,14.7405,-82,76.55,28.14,0.998495,0.633138,3.4632,0.1799
1796,-100,-105.0,40,4.75,7.5,-45.17,15.6736,-87,76.01,28.8,1.01846,0.662365,4.25,0.1825
1797,-100,-105.0,40,4.75,8.0,-45.4,15.7701,-86,76.01,28.79,0.959738,0.597782,2.0771,0.1981
1798,-100,-105.0,40,4.75,8.5,-44.33,16.59,-88,76.17,28.6,1.018906,0.647067,3.6515,0.1797
1799,-100,-105.0,40,4.75,9.0,-44.9,16.0615,-94,76.3,28.44,1.001922,0.628459,2.7018,0.1951
1800,-100,-105.0,40,4.75,9.5,-44.67,16.3539,-97,76.13,28.65,0.975645,0.652043,3.6272,0.1484
1802,-100,-105.0,40,4.75,10.5,-44.99,16.8015,-98,76.22,28.53,0.948387,0.600318,2.4199,0.198
1801,-100,-105.0,40,4.75,10.0,-44.59,16.7675,-100,76.46,28.25,0.990475,0.658338,3.8507,0.1583
1803,-100,-105.0,40,4.75,11.0,-44.17,17.2009,-100,76.21,28.56,0.956837,0.596888,2.4781,0.1771
1804,-100,-105.0,40,4.75,11.5,-44.43,17.894,-100,76.6,28.08,1.006497,0.641231,3.0591,0.1821
1805,-100,-105.0,40,4.75,12.0,-44.72,18.3923,-100,75.68,29.19,0.944874,0.628474,3.9735,0.1725
1806,-100,-105.0,40,4.75,12.5,-44.18,18.9165,-100,76.33,28.41,0.979021,0.606476,2.5698,0.1829
1807,-100,-105.0,40,4.75,13.0,-44.47,19.2133,-100,75.7,29.17,0.94498,0.612167,3.8357,0.1759
1808,-100,-105.0,40,4.75,13.5,-44.55,18.9712,-100,76.06,28.72,1.013517,0.657828,3.8261,0.1685
1809,-100,-105.0,40,4.75,14.0,-43.81,19.1753,-100,76.17,28.6,0.979725,0.664191,4.2967,0.1716
1810,-100,-105.0,40,5.0,1.0,-41.21,14.6198,-62,76.32,28.42,1.003355,0.661863,4.1112,0.1721
1812,-100,-105.0,40,5.0,2.0,-41.95,14.5093,-69,75.9,28.92,0.977222,0.655036,4.3952,0.1778
1811,-100,-105.0,40,5.0,1.5,-41.96,14.3939,-66,76.19,28.57,0.981466,0.616214,2.4631,0.1957
1813,-100,-105.0,40,5.0,2.5,-41.96,14.356,-67,76.38,28.34,0.985231,0.626666,3.3419,0.1783
1814,-100,-105.0,40,5.0,3.0,-41.95,14.8293,-70,76.5,28.21,0.971367,0.615994,3.2141,0.171
1815,-100,-105.0,40,5.0,3.5,-41.53,14.6289,-72,76.17,28.6,0.957056,0.63245,3.4806,0.1687
1816,-100,-105.0,40,5.0,4.0,-41.9,15.13,-72,76.23,28.52,1.054425,0.687686,4.434,0.1635
1817,-100,-105.0,40,5.0,4.5,-42.14,15.0608,-74,75.63,29.24,0.95465,0.602811,2.5452,0.1841
1818,-100,-105.0,40,5.0,5.0,-41.71,15.0436,-78,75.97,28.83,0.95536,0.620881,3.2676,0.1749
1819,-100,-105.0,40,5.0,5.5,-42.08,15.1277,-81,76.09,28.69,0.976933,0.63761,3.4349,0.1832
1821,-100,-105.0,40,5.0,6.5,-41.57,15.949,-81,75.93,28.88,0.949446,0.619269,3.7393,0.186
1820,-100,-105.0,40,5.0,6.0,-41.58,15.0894,-82,76.42,28.29,0.98915,0.659992,4.3396,0.1804
1822,-100,-105.0,40,5.0,7.0,-42.08,15.7324,-82,75.92,28.89,0.958891,0.637317,3.3765,0.1473
1824,-100,-105.0,40,5.0,8.0,-41.88,16.1036,-89,75.86,28.98,0.961888,0.702242,5.4605,0.1634
1823,-100,-105.0,40,5.0,7.5,-42.08,16.493,-83,76.28,28.45,1.04899,0.69253,4.8763,0.1698
1825,-100,-105.0,40,5.0,8.5,-41.81,17.2702,-94,76.16,28.6,0.975246,0.615967,3.1755,0.1808
1827,-100,-105.0,40,5.0,9.5,-41.69,17.591,-92,75.97,28.84,0.940077,0.609908,3.0771,0.1803
1826,-100,-105.0,40,5.0,9.0,-41.77,16.8096,-93,76.07,28.72,0.9564,0.593244,1.9587,0.2103
1828,-100,-105.0,40,5.0,10.0,-41.41,17.5673,-100,76.14,28.64,1.002039,0.641504,3.2845,0.1798
1829,-100,-105.0,40,5.0,10.5,-41.52,17.85,-97,76.13,28.64,0.984689,0.707829,5.4036,0.1464
1830,-100,-105.0,40,5.0,11.0,-42.26,18.8176,-98,76.3,28.44,0.953167,0.613068,2.9999,0.2035
1831,-100,-105.0,40,5.0,11.5,-41.55,18.2086,-100,75.21,29.74,0.932311,0.592262,2.7119,0.2068
1832,-100,-105.0,40,5.0,12.0,-41.45,18.3301,-100,75.2,29.76,0.975346,0.642866,4.1712,0.1817
1833,-100,-105.0,40,5.0,12.5,-41.41,19.1533,-100,76.68,27.99,0.981479,0.63269,3.6555,0.185
1834,-100,-105.0,40,5.0,13.0,-41.81,19.4229,-100,76.59,28.1,0.969782,0.585922,1.9152,0.2093
1835,-100,-105.0,40,5.0,13.5,-41.26,19.2878,-100,76.49,28.21,0.968187,0.664505,4.4783,0.1512
1836,-100,-105.0,40,5.0,14.0,-41.14,19.5975,-100,76.16,28.62,0.990152,0.617747,3.2723,0.1767
1837,-100,-100.0,40,1.0,1.0,-88.04,3.3733,-97,77.47,27.05,1.166498,0.706525,2.863,0.1842
1838,-100,-100.0,40,1.0,1.5,-88.02,3.453,-99,76.18,28.58,1.107827,0.741052,4.3659,0.174
1839,-100,-100.0,40,1.0,2.0,-88.03,3.4495,-100,76.67,28.0,1.043618,0.653402,2.9528,0.1884
1840,-100,-100.0,40,1.0,2.5,-87.59,3.9952,-100,76.78,27.87,1.097309,0.735782,4.5835,0.1585
1841,-100,-100.0,40,1.0,3.0,-88.0,4.4392,-100,77.27,27.27,1.119166,0.693567,3.3891,0.1661
1842,-100,-100.0,40,1.0,3.5,-87.38,4.746,-100,77.36,27.17,1.116505,0.683616,3.151,0.1718
1843,-100,-100.0,40,1.0,4.0,-87.52,5.1835,-100,77.22,27.34,1.117118,0.702045,3.294,0.1728
1844,-100,-100.0,40,1.0,4.5,-87.8,5.5009,-100,76.7,27.97,1.135367,0.735078,4.4987,0.1544
1845,-100,-100.0,40,1.0,5.0,-87.93,5.8695,-100,77.76,26.7,1.159897,0.726006,3.6019,0.1531
1846,-100,-100.0,40,1.0,5.5,-87.53,6.5213,-100,76.9,27.72,1.069575,0.676359,3.012,0.1803
1847,-100,-100.0,40,1.0,6.0,-87.56,6.4878,-100,78.17,26.2,1.242166,0.72272,2.6846,0.1856
1848,-100,-100.0,40,1.0,6.5,-87.18,7.0589,-100,77.95,26.46,1.223839,0.77119,3.8924,0.1582
1849,-100,-100.0,40,1.0,7.0,-87.53,7.1912,-100,78.8,25.43,1.377402,0.858445,5.1055,0.1371
1850,-100,-100.0,40,1.0,7.5,-87.61,7.8087,-100,76.81,27.83,1.148697,0.719234,4.1906,0.1738
1851,-100,-100.0,40,1.0,8.0,-87.3,7.951,-100,78.58,25.71,1.301859,0.855678,5.4439,0.1532
1852,-100,-100.0,40,1.0,8.5,-87.16,8.497,-100,78.19,26.17,1.24832,0.765069,3.847,0.1679
1853,-100,-100.0,40,1.0,9.0,-87.43,8.5889,-100,77.94,26.47,1.292157,0.766954,3.2305,0.1553
1855,-100,-100.0,40,1.0,10.0,-86.92,9.3313,-100,79.03,25.16,1.361689,0.806014,3.7666,0.1533
1854,-100,-100.0,40,1.0,9.5,-87.1,9.0309,-100,78.18,26.19,1.307581,0.795218,4.2598,0.1312
1856,-100,-100.0,40,1.0,10.5,-86.78,9.7031,-100,78.43,25.88,1.36409,0.772901,3.333,0.1429
1857,-100,-100.0,40,1.0,11.0,-86.64,9.9361,-100,78.93,25.29,1.442968,0.902276,5.1347,0.1406
1858,-100,-100.0,40,1.0,11.5,-86.5,10.3976,-100,79.18,24.97,1.378528,0.781966,3.6032,0.1504
1859,-100,-100.0,40,1.0,12.0,-86.13,10.7774,-100,79.0,25.21,1.448521,0.821913,3.6689,0.1601
1860,-100,-100.0,40,1.0,12.5,-86.27,11.065,-100,78.4,25.92,1.437013,0.888832,4.98,0.1412
1862,-100,-100.0,40,1.0,13.5,-85.57,11.8188,-100,77.75,26.69,1.363724,0.849477,5.5066,0.1626
1861,-100,-100.0,40,1.0,13.0,-85.9,11.3457,-100,79.1,25.08,1.429051,0.796741,3.3671,0.174
1863,-100,-100.0,40,1.0,14.0,-85.67,12.1562,-100,80.09,23.9,1.486488,0.817927,3.3843,0.1291
1864,-100,-100.0,40,1.25,1.0,-85.48,3.9661,-95,76.89,27.74,1.039334,0.721077,4.8961,0.1589
1865,-100,-100.0,40,1.25,1.5,-85.11,3.8968,-96,76.18,28.59,1.074045,0.678407,3.299,0.1843
1869,-100,-100.0,40,1.25,3.5,-85.16,5.1342,-100,76.42,28.3,0.998214,0.732405,5.6091,0.1362
1866,-100,-100.0,40,1.25,2.0,-85.15,4.797,-99,76.39,28.32,1.010374,0.615809,1.957,0.1952
1867,-100,-100.0,40,1.25,2.5,-85.56,4.8539,-100,75.89,28.94,0.969345,0.700798,5.4361,0.16
1868,-100,-100.0,40,1.25,3.0,-84.77,4.4695,-100,76.51,28.19,1.027574,0.653506,3.59,0.177
1870,-100,-100.0,40,1.25,4.0,-85.12,5.6443,-100,76.82,27.82,1.046962,0.634011,2.3241,0.2019
1871,-100,-100.0,40,1.25,4.5,-84.61,5.9695,-100,75.87,28.96,1.019068,0.652213,3.7775,0.175
1872,-100,-100.0,40,1.25,5.0,-85.24,6.1481,-100,77.23,27.33,1.139192,0.686249,3.0883,0.1894
1874,-100,-100.0,40,1.25,6.0,-84.78,7.0631,-100,77.54,26.96,1.114304,0.7,2.8193,0.1921
1873,-100,-100.0,40,1.25,5.5,-84.8,6.8825,-100,77.26,27.28,1.12485,0.761191,5.1947,0.1484
1875,-100,-100.0,40,1.25,6.5,-84.48,7.3604,-100,77.4,27.13,1.140632,0.77675,5.088,0.1396
1876,-100,-100.0,40,1.25,7.0,-84.83,7.6825,-100,77.21,27.35,1.12966,0.700665,3.4745,0.1765
1877,-100,-100.0,40,1.25,7.5,-84.28,8.1138,-100,77.31,27.22,1.129851,0.756335,4.9568,0.1491
1878,-100,-100.0,40,1.25,8.0,-84.38,8.6235,-100,77.94,26.47,1.22108,0.782562,4.3406,0.1604
1880,-100,-100.0,40,1.25,9.0,-84.42,9.316,-100,77.13,27.44,1.208858,0.786028,4.7617,0.1572
1881,-100,-100.0,40,1.25,9.5,-84.54,9.4741,-100,77.13,27.44,1.205746,0.734889,3.533,0.1768
1879,-100,-100.0,40,1.25,8.5,-84.39,9.0513,-100,78.04,26.36,1.270674,0.813537,5.2676,0.1575
1882,-100,-100.0,40,1.25,10.0,-84.49,9.9442,-100,77.93,26.48,1.253977,0.755435,3.3501,0.1544
1883,-100,-100.0,40,1.25,10.5,-84.18,10.3439,-100,78.38,25.95,1.285447,0.806061,4.5754,0.1624
1884,-100,-100.0,40,1.25,11.0,-84.21,10.6065,-100,76.96,27.65,1.194627,0.727271,3.3622,0.1629
1886,-100,-100.0,40,1.25,12.0,-84.22,11.3261,-100,77.85,26.57,1.328416,0.827724,4.6376,0.1473
1885,-100,-100.0,40,1.25,11.5,-83.65,11.1438,-100,78.28,26.06,1.319251,0.886436,5.2702,0.1188
1887,-100,-100.0,40,1.25,12.5,-83.82,11.639,-100,78.12,26.26,1.287872,0.792018,4.1668,0.1475
1888,-100,-100.0,40,1.25,13.0,-83.64,12.0572,-100,78.47,25.84,1.316371,0.853598,5.5212,0.1424
1889,-100,-100.0,40,1.25,13.5,-83.68,12.5023,-100,78.99,25.22,1.410814,0.877157,4.6641,0.1544
1890,-100,-100.0,40,1.25,14.0,-83.28,12.7066,-100,79.05,25.14,1.376548,0.813254,4.0646,0.1554
1891,-100,-100.0,40,1.5,1.0,-82.16,4.6272,-92,76.75,27.9,1.072816,0.744025,5.5515,0.1557
1892,-100,-100.0,40,1.5,1.5,-82.27,5.3072,-96,76.22,28.54,1.034169,0.707729,4.3876,0.1437
1893,-100,-100.0,40,1.5,2.0,-81.82,4.8649,-95,76.87,27.75,1.073359,0.722525,4.6718,0.1699
1894,-100,-100.0,40,1.5,2.5,-82.49,5.3758,-97,76.22,28.53,1.017175,0.68276,4.3872,0.1616
1895,-100,-100.0,40,1.5,3.0,-82.16,5.3219,-99,75.64,29.24,1.000984,0.656959,4.1366,0.182
1896,-100,-100.0,40,1.5,3.5,-82.38,5.5213,-100,76.54,28.15,1.059202,0.704161,4.5068,0.1716
1897,-100,-100.0,40,1.5,4.0,-82.45,5.927,-100,76.8,27.85,0.99529,0.620371,2.657,0.1876
1898,-100,-100.0,40,1.5,4.5,-81.82,6.2785,-100,76.58,28.11,1.004417,0.661822,3.8443,0.187
1899,-100,-100.0,40,1.5,5.0,-81.88,6.8276,-100,76.78,27.86,1.036791,0.655084,3.5103,0.1767
1900,-100,-100.0,40,1.5,5.5,-82.42,7.1529,-100,77.48,27.02,1.109974,0.740353,4.5922,0.1582
1901,-100,-100.0,40,1.5,6.0,-82.4,7.6093,-100,76.27,28.48,1.070259,0.74428,5.1862,0.1659
1902,-100,-100.0,40,1.5,6.5,-82.1,7.8645,-100,76.94,27.67,1.072474,0.69252,3.4199,0.1656
1903,-100,-100.0,40,1.5,7.0,-81.78,8.0207,-100,76.79,27.86,1.052097,0.703496,4.5328,0.1425
1904,-100,-100.0,40,1.5,7.5,-82.22,8.5004,-100,76.03,28.76,1.022998,0.671062,3.8115,0.1724
1905,-100,-100.0,40,1.5,8.0,-82.15,9.1066,-100,77.08,27.5,1.135497,0.799906,5.5217,0.1466
1906,-100,-100.0,40,1.5,8.5,-81.8,9.3995,-100,76.6,28.06,1.09699,0.708796,4.2212,0.1505
1907,-100,-100.0,40,1.5,9.0,-82.0,9.6283,-100,77.43,27.08,1.13312,0.730498,4.1164,0.1632
1908,-100,-100.0,40,1.5,9.5,-81.47,10.0465,-100,76.76,27.87,1.166406,0.935091,7.3569,0.1279
1909,-100,-100.0,40,1.5,10.0,-81.73,10.6161,-100,77.88,26.53,1.215971,0.77567,4.6057,0.1517
1910,-100,-100.0,40,1.5,10.5,-81.66,10.8183,-100,76.91,27.7,1.181675,0.744256,4.1506,0.1682
1911,-100,-100.0,40,1.5,11.0,-81.53,11.2032,-100,77.22,27.34,1.172833,0.755467,4.4398,0.1456
1912,-100,-100.0,40,1.5,11.5,-81.03,11.6291,-100,77.63,26.84,1.189338,0.729131,2.9763,0.1588
1913,-100,-100.0,40,1.5,12.0,-81.34,12.129,-100,76.96,27.65,1.1952,0.765234,4.4976,0.1602
1914,-100,-100.0,40,1.5,12.5,-81.37,12.244,-100,76.89,27.73,1.244661,0.844359,5.8534,0.1606
1915,-100,-100.0,40,1.5,13.0,-80.96,12.8205,-100,78.4,25.92,1.279301,0.779697,3.9527,0.1608
1916,-100,-100.0,40,1.5,13.5,-81.26,13.0991,-100,78.31,26.02,1.337041,0.81763,4.1527,0.1604
1917,-100,-100.0,40,1.5,14.0,-81.08,13.3101,-100,78.48,25.82,1.330602,0.862168,4.6056,0.1351
1918,-100,-100.0,40,1.75,1.0,-79.55,4.9936,-91,75.71,29.14,1.011748,0.751034,5.7936,0.1387
1919,-100,-100.0,40,1.75,1.5,-79.3,5.3332,-91,75.51,29.4,0.972761,0.62306,3.0823,0.1925
1920,-100,-100.0,40,1.75,2.0,-78.84,6.166,-94,76.27,28.47,0.979048,0.615572,3.0946,0.1907
1922,-100,-100.0,40,1.75,3.0,-79.12,5.8482,-96,76.25,28.5,0.990205,0.603522,2.2728,0.198
1921,-100,-100.0,40,1.75,2.5,-79.42,6.0295,-95,76.39,28.34,1.017381,0.65514,3.5094,0.1733
1923,-100,-100.0,40,1.75,3.5,-78.97,6.1479,-98,76.34,28.39,1.051399,0.804136,5.9972,0.1468
1924,-100,-100.0,40,1.75,4.0,-79.58,6.3282,-100,76.78,27.87,1.041885,0.656972,3.5752,0.1748
1925,-100,-100.0,40,1.75,4.5,-79.41,6.5847,-100,76.29,28.45,1.030714,0.662602,3.6921,0.1813
1926,-100,-100.0,40,1.75,5.0,-78.97,7.3197,-100,76.88,27.75,1.024336,0.691841,3.8585,0.1648
1927,-100,-100.0,40,1.75,5.5,-79.23,6.9903,-100,76.62,28.06,1.057633,0.666557,3.7441,0.1792
1928,-100,-100.0,40,1.75,6.0,-79.25,8.0053,-100,76.26,28.49,1.013995,0.697435,4.7958,0.1566
1929,-100,-100.0,40,1.75,6.5,-79.17,8.0563,-100,77.08,27.5,1.06931,0.675199,3.4584,0.1753
1930,-100,-100.0,40,1.75,7.0,-79.44,8.7984,-100,77.07,27.51,1.071106,0.681558,3.2715,0.1729
1931,-100,-100.0,40,1.75,7.5,-79.63,8.858,-100,75.58,29.29,1.02072,0.670021,3.6671,0.1812
1932,-100,-100.0,40,1.75,8.0,-78.66,9.6633,-100,77.02,27.57,1.067228,0.664037,3.0602,0.1666
1933,-100,-100.0,40,1.75,8.5,-79.02,9.8116,-100,77.55,26.94,1.175141,0.840342,6.0873,0.1465
1934,-100,-100.0,40,1.75,9.0,-79.0,10.129,-100,76.73,27.92,1.110638,0.737406,4.6726,0.1351
1935,-100,-100.0,40,1.75,9.5,-78.92,10.4201,-100,76.8,27.83,1.077639,0.6792,3.1861,0.1726
1936,-100,-100.0,40,1.75,10.0,-78.29,10.8997,-100,77.06,27.54,1.107797,0.711227,3.7074,0.1626
1937,-100,-100.0,40,1.75,10.5,-78.91,11.1812,-100,77.88,26.54,1.1335,0.733896,4.2332,0.1516
1939,-100,-100.0,40,1.75,11.5,-78.93,12.0949,-100,77.42,27.09,1.14535,0.802686,5.0698,0.1273
1938,-100,-100.0,40,1.75,11.0,-78.61,11.7016,-100,76.98,27.61,1.105492,0.705342,4.3489,0.1554
1940,-100,-100.0,40,1.75,12.0,-78.2,12.5703,-100,77.15,27.43,1.125285,0.675035,2.0573,0.195
1941,-100,-100.0,40,1.75,12.5,-78.15,12.843,-100,77.12,27.45,1.139763,0.724994,4.2463,0.1683
1942,-100,-100.0,40,1.75,13.0,-78.58,13.1311,-100,77.88,26.54,1.178378,0.723131,3.0703,0.1733
1943,-100,-100.0,40,1.75,13.5,-78.42,13.5542,-100,77.86,26.57,1.200754,0.725398,2.7722,0.1618
1944,-100,-100.0,40,1.75,14.0,-78.14,13.9222,-100,78.6,25.68,1.322568,0.783951,3.7919,0.1624
1946,-100,-100.0,40,2.0,1.5,-76.35,5.8964,-91,77.09,27.49,1.039413,0.720318,4.8504,0.1718
1947,-100,-100.0,40,2.0,2.0,-76.25,6.3761,-92,75.53,29.36,0.991923,0.647167,3.8504,0.1799
1945,-100,-100.0,40,2.0,1.0,-76.59,6.1957,-90,76.43,28.29,1.042808,0.653512,3.1295,0.18
1948,-100,-100.0,40,2.0,2.5,-76.26,6.0037,-94,76.88,27.75,1.011848,0.622819,2.056,0.1709
1949,-100,-100.0,40,2.0,3.0,-76.15,6.5209,-96,75.63,29.24,0.995002,0.69615,4.8754,0.1626
1951,-100,-100.0,40,2.0,4.0,-76.52,7.2656,-98,76.42,28.3,1.022255,0.659365,3.5001,0.1797
1950,-100,-100.0,40,2.0,3.5,-76.21,6.5799,-99,76.44,28.27,1.0095,0.635198,2.8394,0.1754
1952,-100,-100.0,40,2.0,4.5,-76.04,7.3137,-100,76.56,28.13,1.024457,0.64953,3.1482,0.1585
1953,-100,-100.0,40,2.0,5.0,-76.76,7.7314,-100,76.76,27.89,1.004192,0.643696,3.5384,0.1755
1954,-100,-100.0,40,2.0,5.5,-76.87,8.0635,-100,75.98,28.83,0.988666,0.634492,3.3515,0.1787
1955,-100,-100.0,40,2.0,6.0,-76.22,8.2394,-100,77.17,27.39,1.056254,0.645741,2.9493,0.1873
1956,-100,-100.0,40,2.0,6.5,-76.16,8.3686,-100,76.67,28.0,1.043561,0.662392,3.7361,0.1661
1957,-100,-100.0,40,2.0,7.0,-76.34,9.0931,-100,76.36,28.37,0.982431,0.635334,3.2604,0.165
1959,-100,-100.0,40,2.0,8.0,-75.94,9.9388,-100,76.81,27.82,1.075801,0.727244,4.9669,0.16
1958,-100,-100.0,40,2.0,7.5,-76.39,9.7055,-100,76.32,28.41,1.011974,0.638918,3.7438,0.1788
1960,-100,-100.0,40,2.0,8.5,-76.16,9.9775,-100,76.89,27.74,1.065149,0.664155,3.1611,0.1853
1961,-100,-100.0,40,2.0,9.0,-75.92,10.6489,-100,75.78,29.07,0.991279,0.627903,3.4129,0.1758
1962,-100,-100.0,40,2.0,9.5,-75.56,11.0366,-100,76.6,28.07,1.09245,0.739485,4.9154,0.1518
1963,-100,-100.0,40,2.0,10.0,-75.58,11.348,-100,76.97,27.65,1.022794,0.656167,3.1254,0.1861
1964,-100,-100.0,40,2.0,10.5,-76.23,11.555,-100,77.0,27.61,1.059766,0.663781,3.3574,0.1822
1966,-100,-100.0,40,2.0,11.5,-75.66,12.5021,-100,76.75,27.89,1.090995,0.709282,3.6715,0.1477
1965,-100,-100.0,40,2.0,11.0,-75.69,12.1817,-100,77.16,27.41,1.056093,0.673893,3.472,0.1529
1967,-100,-100.0,40,2.0,12.0,-75.95,13.1017,-100,77.85,26.59,1.185623,0.753081,4.0491,0.1604
1968,-100,-100.0,40,2.0,12.5,-75.78,13.3866,-100,77.47,27.04,1.150164,0.698921,3.1206,0.1757
1969,-100,-100.0,40,2.0,13.0,-75.84,13.8887,-100,77.05,27.54,1.124344,0.682452,3.0471,0.1854
1971,-100,-100.0,40,2.0,14.0,-75.94,14.6294,-100,77.17,27.4,1.13358,0.723678,3.6971,0.1777
1970,-100,-100.0,40,2.0,13.5,-75.54,13.9502,-100,77.32,27.22,1.143983,0.735793,3.9611,0.1586
1972,-100,-100.0,40,2.25,1.0,-73.46,6.7058,-86,76.38,28.34,0.98854,0.639294,3.2181,0.1662
1973,-100,-100.0,40,2.25,1.5,-73.01,6.9488,-90,75.62,29.25,0.971689,0.613628,2.8641,0.1866
1974,-100,-100.0,40,2.25,2.0,-73.41,6.8414,-90,76.89,27.74,1.040315,0.645293,2.7722,0.1855
1975,-100,-100.0,40,2.25,2.5,-73.56,6.9274,-92,76.42,28.3,1.022379,0.636092,2.9404,0.1759
1976,-100,-100.0,40,2.25,3.0,-73.87,7.46,-94,76.55,28.14,1.039221,0.684165,3.7368,0.178
1978,-100,-100.0,40,2.25,4.0,-73.66,7.4955,-95,76.89,27.73,1.005794,0.648488,3.2302,0.1769
1977,-100,-100.0,40,2.25,3.5,-73.54,7.271,-94,76.51,28.19,0.995605,0.635794,3.9619,0.1505
1979,-100,-100.0,40,2.25,4.5,-73.59,8.1201,-98,76.61,28.06,1.056733,0.663187,3.5351,0.1847
1980,-100,-100.0,40,2.25,5.0,-73.06,7.9405,-100,76.3,28.44,0.991085,0.61332,2.5292,0.1958
1981,-100,-100.0,40,2.25,5.5,-73.41,8.4756,-100,76.66,28.01,0.988848,0.635291,3.2248,0.1736
1982,-100,-100.0,40,2.25,6.0,-73.72,8.8943,-100,76.63,28.03,1.028483,0.632064,2.4537,0.1854
1983,-100,-100.0,40,2.25,6.5,-73.34,9.155,-100,76.56,28.13,1.015653,0.634894,2.5539,0.1663
1984,-100,-100.0,40,2.25,7.0,-73.49,9.5212,-100,76.37,28.36,0.990324,0.648945,3.5431,0.1865
1985,-100,-100.0,40,2.25,7.5,-73.41,9.7684,-100,75.38,29.54,0.966209,0.642717,4.0352,0.1835
1986,-100,-100.0,40,2.25,8.0,-73.23,9.769,-100,76.91,27.71,0.991456,0.666971,4.0724,0.1786
1988,-100,-100.0,40,2.25,9.0,-73.44,10.974,-100,76.19,28.57,0.972063,0.631033,3.4371,0.1787
1987,-100,-100.0,40,2.25,8.5,-73.42,10.8975,-100,76.33,28.41,1.006661,0.651827,3.9892,0.1792
1989,-100,-100.0,40,2.25,9.5,-73.1,11.2883,-100,76.56,28.13,1.014726,0.651123,3.3416,0.1939
1990,-100,-100.0,40,2.25,10.0,-73.31,12.1356,-100,76.5,28.2,1.033831,0.624406,2.1594,0.1984
1991,-100,-100.0,40,2.25,10.5,-73.48,12.2005,-100,76.52,28.17,1.023185,0.633782,2.7105,0.2045
1992,-100,-100.0,40,2.25,11.0,-73.14,12.7803,-100,76.62,28.05,1.053781,0.732654,4.988,0.1504
1993,-100,-100.0,40,2.25,11.5,-72.97,13.0867,-100,77.28,27.26,1.098878,0.680957,2.8632,0.1569
1994,-100,-100.0,40,2.25,12.0,-73.01,13.1115,-100,76.89,27.73,1.068304,0.717718,4.3674,0.1474
1995,-100,-100.0,40,2.25,12.5,-73.09,13.507,-100,76.6,28.08,1.061285,0.703118,4.3061,0.1569
1996,-100,-100.0,40,2.25,13.0,-72.75,14.3966,-100,76.88,27.75,1.103879,0.69185,3.5384,0.1726
1997,-100,-100.0,40,2.25,13.5,-73.4,14.4726,-100,77.38,27.15,1.151735,0.681583,2.3783,0.1944
1998,-100,-100.0,40,2.25,14.0,-72.93,14.8564,-100,77.6,26.87,1.119008,0.719673,3.7624,0.1668
1999,-100,-100.0,40,2.5,1.0,-70.92,7.8888,-85,76.5,28.2,1.016596,0.623887,2.5022,0.1883
2000,-100,-100.0,40,2.5,1.5,-70.66,7.195,-84,76.43,28.29,1.009424,0.632964,2.9716,0.1829
2001,-100,-100.0,40,2.5,2.0,-70.49,7.3121,-87,76.18,28.58,1.004638,0.624098,2.7757,0.1968
2002,-100,-100.0,40,2.5,2.5,-70.95,7.7842,-88,76.39,28.32,1.007986,0.681885,4.4034,0.1761
2003,-100,-100.0,40,2.5,3.0,-70.5,7.9347,-91,75.98,28.83,0.965561,0.593836,2.0829,0.1946
2004,-100,-100.0,40,2.5,3.5,-70.99,7.7597,-93,76.0,28.8,1.012643,0.713767,4.8873,0.1445
2005,-100,-100.0,40,2.5,4.0,-70.55,8.334,-94,76.14,28.63,0.982298,0.611323,2.1802,0.2055
2006,-100,-100.0,40,2.5,4.5,-70.76,8.401,-95,76.91,27.71,1.109438,0.842678,6.6984,0.1311
2007,-100,-100.0,40,2.5,5.0,-70.55,8.7702,-98,76.76,27.89,1.058483,0.790688,6.1629,0.1344
2008,-100,-100.0,40,2.5,5.5,-70.74,9.3452,-100,76.32,28.42,0.976721,0.636959,3.251,0.1796
2009,-100,-100.0,40,2.5,6.0,-70.66,9.7802,-100,76.4,28.33,1.005286,0.639221,3.202,0.1891
2010,-100,-100.0,40,2.5,6.5,-70.63,9.7962,-100,76.75,27.9,1.057213,0.670374,2.9564,0.1804
2011,-100,-100.0,40,2.5,7.0,-70.73,9.7546,-100,75.36,29.57,0.94973,0.626355,3.6154,0.1588
2012,-100,-100.0,40,2.5,7.5,-70.48,10.4635,-100,75.78,29.07,0.982895,0.656079,4.3014,0.1761
2013,-100,-100.0,40,2.5,8.0,-69.92,10.6728,-100,76.22,28.53,0.962942,0.611617,2.6176,0.1962
2014,-100,-100.0,40,2.5,8.5,-70.67,11.0062,-100,76.83,27.81,1.031216,0.651789,3.2091,0.1921
2015,-100,-100.0,40,2.5,9.0,-70.23,11.6204,-100,76.62,28.06,1.039591,0.681265,4.1148,0.1645
2016,-100,-100.0,40,2.5,9.5,-70.16,12.2037,-100,76.08,28.71,1.002016,0.667942,3.8616,0.1722
2017,-100,-100.0,40,2.5,10.0,-70.23,11.925,-100,76.75,27.9,1.025087,0.64906,3.104,0.1718
2018,-100,-100.0,40,2.5,10.5,-70.12,12.7304,-100,76.15,28.62,0.968605,0.635811,3.2773,0.1855
2019,-100,-100.0,40,2.5,11.0,-70.35,13.0578,-100,77.2,27.37,1.079139,0.672739,3.0154,0.1793
2020,-100,-100.0,40,2.5,11.5,-70.59,13.6844,-100,77.26,27.29,1.07128,0.670146,3.5026,0.1769
2021,-100,-100.0,40,2.5,12.0,-70.2,13.7373,-100,76.33,28.4,1.023035,0.70026,4.6914,0.1445
2022,-100,-100.0,40,2.5,12.5,-70.89,14.4079,-100,77.2,27.36,1.127111,0.770175,5.2616,0.156
2023,-100,-100.0,40,2.5,13.0,-69.78,14.8953,-100,76.14,28.64,1.006589,0.649712,3.4223,0.1699
2024,-100,-100.0,40,2.5,13.5,-70.18,15.0102,-100,76.7,27.96,1.057846,0.684891,3.9521,0.1729
2025,-100,-100.0,40,2.5,14.0,-70.07,15.4727,-100,77.01,27.58,1.095887,0.6779,3.063,0.1809
2026,-100,-100.0,40,2.75,1.0,-68.35,8.2398,-84,76.01,28.79,0.999896,0.677288,4.0238,0.1819
2027,-100,-100.0,40,2.75,1.5,-67.96,8.433,-84,76.51,28.19,1.032459,0.691288,4.3622,0.1602
2029,-100,-100.0,40,2.75,2.5,-67.84,8.2197,-88,76.22,28.54,0.986791,0.637501,3.4996,0.1884
2028,-100,-100.0,40,2.75,2.0,-67.75,8.5836,-86,76.35,28.39,0.977103,0.632473,3.1031,0.1767
2030,-100,-100.0,40,2.75,3.0,-67.73,8.4851,-87,75.58,29.3,0.976312,0.616035,2.919,0.1753
2031,-100,-100.0,40,2.75,3.5,-67.58,8.9571,-93,76.52,28.18,0.978973,0.656642,3.9818,0.1505
2032,-100,-100.0,40,2.75,4.0,-67.26,9.908,-93,75.73,29.11,0.97771,0.658155,4.208,0.1943
2033,-100,-100.0,40,2.75,4.5,-67.14,9.1835,-96,77.16,27.4,1.062584,0.687723,3.2911,0.1631
2034,-100,-100.0,40,2.75,5.0,-67.57,8.9291,-100,76.64,28.03,1.022085,0.73702,5.4379,0.1434
2035,-100,-100.0,40,2.75,5.5,-67.87,9.9086,-100,76.32,28.42,0.999747,0.753657,5.9211,0.1247
2036,-100,-100.0,40,2.75,6.0,-67.58,10.1381,-99,76.36,28.37,1.001739,0.655094,3.7108,0.1598
2037,-100,-100.0,40,2.75,6.5,-67.93,10.4549,-100,76.57,28.11,0.990822,0.62876,2.9774,0.1872
2038,-100,-100.0,40,2.75,7.0,-67.35,10.5682,-100,76.5,28.21,1.006945,0.632165,2.8355,0.1828
2039,-100,-100.0,40,2.75,7.5,-67.68,10.7789,-100,76.36,28.37,1.020374,0.654859,3.5882,0.172
2040,-100,-100.0,40,2.75,8.0,-67.8,11.2173,-100,75.76,29.09,1.009547,0.678285,4.2011,0.1922
2041,-100,-100.0,40,2.75,8.5,-67.36,11.5885,-100,76.09,28.69,0.968445,0.59616,2.5656,0.2124
2042,-100,-100.0,40,2.75,9.0,-67.02,11.7714,-100,77.37,27.15,1.12608,0.819517,6.109,0.1294
2043,-100,-100.0,40,2.75,9.5,-67.97,12.5324,-100,76.96,27.65,1.028698,0.676792,4.0376,0.1621
2044,-100,-100.0,40,2.75,10.0,-67.58,12.8414,-100,76.3,28.43,1.141041,0.795113,5.7911,0.132
2045,-100,-100.0,40,2.75,10.5,-67.32,13.1705,-100,76.71,27.95,1.003056,0.641246,3.2456,0.1841
2046,-100,-100.0,40,2.75,11.0,-67.74,13.2562,-100,76.5,28.2,1.04728,0.662864,2.9037,0.1788
2047,-100,-100.0,40,2.75,11.5,-67.54,13.9504,-100,76.57,28.12,0.994481,0.646255,3.684,0.1706
2048,-100,-100.0,40,2.75,12.0,-67.29,14.2781,-100,76.52,28.19,1.048983,0.679799,4.0791,0.1743
2050,-100,-100.0,40,2.75,13.0,-67.14,15.1839,-100,76.3,28.44,0.973072,0.638875,3.4281,0.1886
2049,-100,-100.0,40,2.75,12.5,-67.83,14.4498,-100,76.45,28.26,1.044792,0.664808,3.7506,0.2018
2051,-100,-100.0,40,2.75,13.5,-67.16,15.5497,-100,75.9,28.92,1.014494,0.706731,5.1939,0.1528
2052,-100,-100.0,40,2.75,14.0,-67.37,16.0662,-100,77.32,27.21,1.070582,0.699789,3.7182,0.1481
2053,-100,-100.0,40,3.0,1.0,-64.46,9.0299,-79,76.5,28.21,1.021439,0.657287,3.3625,0.178
2054,-100,-100.0,40,3.0,1.5,-64.77,8.5806,-80,76.26,28.49,0.99858,0.64688,4.0998,0.169
2055,-100,-100.0,40,3.0,2.0,-64.49,8.5654,-82,76.3,28.44,1.036474,0.673013,3.8499,0.1661
2056,-100,-100.0,40,3.0,2.5,-65.12,9.098,-85,76.73,27.93,0.995116,0.621017,2.8585,0.1959
2057,-100,-100.0,40,3.0,3.0,-64.95,8.9222,-87,76.36,28.36,1.023904,0.683847,4.48,0.1609
2058,-100,-100.0,40,3.0,3.5,-64.76,9.1659,-90,76.73,27.91,0.978417,0.633547,3.1457,0.1627
2060,-100,-100.0,40,3.0,4.5,-64.85,10.0727,-93,75.5,29.41,1.014509,0.749336,5.8655,0.1465
2059,-100,-100.0,40,3.0,4.0,-64.37,9.5604,-93,76.49,28.21,1.034491,0.68658,4.3168,0.1749
2061,-100,-100.0,40,3.0,5.0,-64.97,9.5773,-98,75.48,29.42,0.923887,0.605047,3.5891,0.1962
2062,-100,-100.0,40,3.0,5.5,-64.83,10.5211,-97,76.51,28.19,0.998468,0.652829,3.4419,0.1912
2063,-100,-100.0,40,3.0,6.0,-64.41,10.7383,-97,76.59,28.1,0.983875,0.677762,4.154,0.1702
2064,-100,-100.0,40,3.0,6.5,-64.55,10.8106,-100,75.92,28.89,0.979495,0.651508,3.7436,0.1797
2065,-100,-100.0,40,3.0,7.0,-64.81,10.8451,-100,76.25,28.51,0.996376,0.619911,2.6136,0.2049
2066,-100,-100.0,40,3.0,7.5,-64.83,11.6648,-100,76.46,28.26,0.997537,0.617485,2.2189,0.179
2067,-100,-100.0,40,3.0,8.0,-64.9,11.9678,-100,75.64,29.23,1.045227,0.722095,5.6528,0.1582
2068,-100,-100.0,40,3.0,8.5,-64.86,12.0526,-100,75.75,29.1,0.967685,0.63379,3.4152,0.1785
2070,-100,-100.0,40,3.0,9.5,-64.85,13.1132,-100,76.0,28.82,0.97759,0.640053,3.6074,0.1671
2069,-100,-100.0,40,3.0,9.0,-64.69,12.6129,-100,76.75,27.9,1.004799,0.682351,4.7268,0.1596
2072,-100,-100.0,40,3.0,10.5,-64.58,13.4376,-100,75.68,29.18,0.967691,0.61097,2.4899,0.2052
2071,-100,-100.0,40,3.0,10.0,-65.11,12.8213,-100,76.25,28.51,1.031297,0.686626,4.5574,0.1582
2074,-100,-100.0,40,3.0,11.5,-64.89,14.1303,-100,75.63,29.24,0.975258,0.622459,2.8595,0.1893
2073,-100,-100.0,40,3.0,11.0,-64.66,14.0389,-100,76.49,28.2,0.997231,0.637597,3.5085,0.1613
2075,-100,-100.0,40,3.0,12.0,-64.44,14.6775,-100,75.86,28.97,1.0068,0.637958,3.0564,0.1786
2076,-100,-100.0,40,3.0,12.5,-64.25,15.2269,-100,75.4,29.52,0.954701,0.622476,3.5609,0.1609
2078,-100,-100.0,40,3.0,13.5,-64.88,15.7443,-100,76.28,28.46,0.992807,0.674261,4.8722,0.1588
2077,-100,-100.0,40,3.0,13.0,-64.79,15.2397,-100,76.2,28.57,0.997661,0.644069,3.4806,0.1702
2079,-100,-100.0,40,3.0,14.0,-64.67,16.8221,-100,76.23,28.52,1.041401,0.666743,4.0835,0.1676
2080,-100,-100.0,40,3.25,1.0,-61.9,10.1496,-80,75.82,29.02,0.985019,0.611546,2.1514,0.2048
2081,-100,-100.0,40,3.25,1.5,-61.75,8.9396,-78,77.01,27.6,1.034116,0.628771,2.1406,0.1983
2083,-100,-100.0,40,3.25,2.5,-61.82,9.9988,-85,75.98,28.82,1.023557,0.720691,5.1323,0.1382
2082,-100,-100.0,40,3.25,2.0,-61.72,9.7686,-81,76.36,28.36,0.99575,0.610661,2.1513,0.1949
2084,-100,-100.0,40,3.25,3.0,-62.28,10.078,-88,76.67,27.99,1.045925,0.656781,2.8036,0.1866
2086,-100,-100.0,40,3.25,4.0,-62.06,9.5907,-89,76.43,28.29,1.036759,0.708524,4.8774,0.1414
2085,-100,-100.0,40,3.25,3.5,-61.66,10.3464,-86,76.09,28.69,0.966228,0.606974,2.674,0.1842
2087,-100,-100.0,40,3.25,4.5,-61.74,10.006,-93,75.39,29.53,0.962561,0.614535,3.7847,0.1648
2088,-100,-100.0,40,3.25,5.0,-62.13,10.4781,-93,76.37,28.35,1.006314,0.622237,2.7196,0.1868
2090,-100,-100.0,40,3.25,6.0,-61.53,11.0623,-98,76.15,28.62,0.979921,0.658523,4.3399,0.1579
2089,-100,-100.0,40,3.25,5.5,-61.72,11.1986,-96,76.25,28.5,1.041491,0.660904,3.6075,0.1827
2092,-100,-100.0,40,3.25,7.0,-61.89,11.4457,-97,75.82,29.01,1.012395,0.762056,6.2551,0.139
2091,-100,-100.0,40,3.25,6.5,-61.7,11.4234,-96,75.96,28.85,1.008247,0.665146,4.4043,0.1715
2093,-100,-100.0,40,3.25,7.5,-61.91,11.5152,-100,76.89,27.74,1.036414,0.646213,3.1806,0.1858
2094,-100,-100.0,40,3.25,8.0,-61.67,12.5559,-100,76.02,28.78,1.03038,0.668534,4.1493,0.1745
2095,-100,-100.0,40,3.25,8.5,-61.58,12.6061,-100,76.59,28.08,1.062777,0.720009,4.861,0.1741
2096,-100,-100.0,40,3.25,9.0,-61.87,12.8214,-100,76.01,28.8,0.972656,0.599572,2.3945,0.2008
2097,-100,-100.0,40,3.25,9.5,-61.71,13.0856,-100,76.59,28.1,1.004368,0.616794,2.1468,0.195
2098,-100,-100.0,40,3.25,10.0,-61.55,13.6589,-100,75.84,29.0,0.956269,0.614787,3.4122,0.183
2099,-100,-100.0,40,3.25,10.5,-61.75,14.1802,-100,76.29,28.46,0.969983,0.622274,3.2437,0.1737
2100,-100,-100.0,40,3.25,11.0,-62.01,14.2781,-100,75.56,29.33,0.969535,0.608347,2.8943,0.1769
2102,-100,-100.0,40,3.25,12.0,-62.07,14.9773,-100,75.92,28.9,0.95858,0.602315,2.7925,0.1984
2101,-100,-100.0,40,3.25,11.5,-61.13,14.7996,-100,76.22,28.53,0.985719,0.598113,2.445,0.1678
2103,-100,-100.0,40,3.25,12.5,-61.81,15.9347,-100,76.91,27.71,1.016241,0.633146,2.9609,0.1972
2104,-100,-100.0,40,3.25,13.0,-61.87,16.1405,-100,76.75,27.91,1.034664,0.661156,3.5699,0.1527
2105,-100,-100.0,40,3.25,13.5,-61.52,16.3286,-100,76.33,28.4,1.002558,0.649843,3.619,0.181
2107,-100,-100.0,40,3.5,1.0,-59.12,9.5169,-75,76.36,28.37,1.024667,0.730503,5.0061,0.1552
2106,-100,-100.0,40,3.25,14.0,-61.76,16.4103,-100,76.65,28.02,1.054838,0.690109,4.3568,0.1719
2108,-100,-100.0,40,3.5,1.5,-59.02,10.0725,-78,75.96,28.86,0.994147,0.631552,3.1766,0.1884
2109,-100,-100.0,40,3.5,2.0,-59.1,10.5194,-78,76.22,28.54,1.002955,0.620437,2.623,0.2002
2110,-100,-100.0,40,3.5,2.5,-59.02,11.7749,-82,76.17,28.59,0.978164,0.616852,2.7798,0.1856
2111,-100,-100.0,40,3.5,3.0,-58.63,10.011,-81,76.33,28.4,0.973619,0.650834,4.0198,0.1482
2112,-100,-100.0,40,3.5,3.5,-59.1,11.1778,-83,76.56,28.13,0.987749,0.616369,2.3272,0.1834
2113,-100,-100.0,40,3.5,4.0,-58.86,10.8653,-85,76.13,28.65,0.982244,0.62996,3.2408,0.1866
2114,-100,-100.0,40,3.5,4.5,-58.85,11.0415,-87,76.45,28.26,0.999836,0.607794,1.7815,0.1937
2115,-100,-100.0,40,3.5,5.0,-59.03,11.1108,-94,75.78,29.06,0.989673,0.637647,3.1392,0.1789
2116,-100,-100.0,40,3.5,5.5,-58.53,11.5534,-91,76.65,28.02,0.997401,0.623279,2.9687,0.1664
2118,-100,-100.0,40,3.5,6.5,-59.21,11.5985,-95,76.71,27.95,0.999639,0.680517,4.4324,0.1536
2117,-100,-100.0,40,3.5,6.0,-58.88,11.6071,-92,76.4,28.31,1.028527,0.674349,4.2446,0.1866
2119,-100,-100.0,40,3.5,7.0,-59.09,11.7815,-95,75.27,29.68,1.00503,0.662917,4.4354,0.1721
2120,-100,-100.0,40,3.5,7.5,-58.68,12.1926,-98,76.53,28.17,0.963812,0.622818,3.053,0.1853
2121,-100,-100.0,40,3.5,8.0,-59.01,12.8723,-100,76.4,28.32,1.034948,0.732342,5.3428,0.1711
2123,-100,-100.0,40,3.5,9.0,-59.0,13.6363,-100,76.18,28.59,0.995652,0.712252,5.3024,0.1415
2122,-100,-100.0,40,3.5,8.5,-59.06,13.7222,-100,76.47,28.22,0.98493,0.606511,2.5763,0.196
2124,-100,-100.0,40,3.5,9.5,-58.9,13.7213,-100,76.27,28.46,1.041557,0.730052,5.2865,0.1597
2125,-100,-100.0,40,3.5,10.0,-59.04,14.268,-100,75.51,29.39,0.990649,0.649023,4.0158,0.1649
2126,-100,-100.0,40,3.5,10.5,-59.31,14.6426,-100,75.85,28.98,0.992378,0.651942,3.9056,0.1903
2127,-100,-100.0,40,3.5,11.0,-58.48,14.8239,-100,76.51,28.19,0.993625,0.637793,3.1216,0.178
2128,-100,-100.0,40,3.5,11.5,-58.68,15.5531,-100,76.5,28.21,0.994276,0.631029,3.1891,0.1751
2129,-100,-100.0,40,3.5,12.0,-59.16,15.4782,-100,76.68,27.99,0.986424,0.615229,2.5191,0.1903
2130,-100,-100.0,40,3.5,12.5,-58.95,15.6702,-100,76.25,28.51,0.959235,0.621648,3.3196,0.1664
2131,-100,-100.0,40,3.5,13.0,-59.19,16.4026,-100,76.75,27.89,0.999067,0.61677,3.0269,0.1887
2132,-100,-100.0,40,3.5,13.5,-58.66,16.7024,-100,76.13,28.64,1.011661,0.69819,4.9667,0.1739
2133,-100,-100.0,40,3.5,14.0,-58.67,17.1527,-100,75.88,28.94,0.954243,0.652744,4.3084,0.1681
2134,-100,-100.0,40,3.75,1.0,-55.91,10.7835,-73,76.02,28.78,0.995346,0.632717,3.0902,0.1581
2135,-100,-100.0,40,3.75,1.5,-55.75,10.5272,-75,76.51,28.19,1.046797,0.71626,5.0956,0.1487
2136,-100,-100.0,40,3.75,2.0,-55.85,10.9565,-76,76.35,28.38,0.949777,0.619841,3.4115,0.1722
2137,-100,-100.0,40,3.75,2.5,-55.94,11.4052,-78,76.66,28.01,0.997875,0.638032,3.7025,0.1728
2138,-100,-100.0,40,3.75,3.0,-56.4,11.095,-80,76.86,27.78,0.991814,0.65228,4.097,0.1556
2139,-100,-100.0,40,3.75,3.5,-56.15,11.7253,-83,76.19,28.58,0.96081,0.615611,3.3065,0.1696
2140,-100,-100.0,40,3.75,4.0,-56.31,11.9342,-86,75.67,29.19,0.962331,0.647557,4.2541,0.1832
2141,-100,-100.0,40,3.75,4.5,-56.25,12.0934,-83,76.08,28.7,1.001883,0.674817,4.1971,0.1748
2142,-100,-100.0,40,3.75,5.0,-55.19,11.9916,-88,76.43,28.29,0.924862,0.610071,3.1211,0.1885
2143,-100,-100.0,40,3.75,5.5,-56.14,12.2025,-91,76.81,27.82,1.0482,0.644923,2.726,0.198
2144,-100,-100.0,40,3.75,6.0,-55.5,12.0116,-93,76.22,28.54,0.991299,0.656397,4.1032,0.1826
2145,-100,-100.0,40,3.75,6.5,-56.31,13.138,-92,76.52,28.17,0.980598,0.631886,3.4232,0.1747
2146,-100,-100.0,40,3.75,7.0,-55.96,12.7336,-95,76.0,28.81,0.945898,0.599945,2.4873,0.1949
2148,-100,-100.0,40,3.75,8.0,-56.12,12.9795,-98,76.22,28.54,0.942792,0.620384,3.2523,0.176
2147,-100,-100.0,40,3.75,7.5,-55.62,13.377,-99,76.68,27.98,1.00948,0.681843,3.9656,0.1467
2149,-100,-100.0,40,3.75,8.5,-56.39,14.107,-100,76.39,28.33,0.992417,0.61152,1.7696,0.2085
2150,-100,-100.0,40,3.75,9.0,-56.45,13.8529,-100,76.26,28.49,1.015914,0.657857,4.1572,0.16
2151,-100,-100.0,40,3.75,9.5,-56.37,13.8436,-100,76.28,28.46,0.97788,0.629388,3.9352,0.1563
2152,-100,-100.0,40,3.75,10.0,-55.87,14.2765,-100,76.11,28.67,0.991523,0.640116,3.5547,0.173
2153,-100,-100.0,40,3.75,10.5,-55.89,15.0886,-100,75.97,28.84,1.011396,0.676088,4.4,0.1797
2154,-100,-100.0,40,3.75,11.0,-55.52,15.463,-100,75.89,28.93,1.00647,0.67685,4.229,0.1567
2156,-100,-100.0,40,3.75,12.0,-55.69,16.1457,-100,76.25,28.51,0.989266,0.678885,4.2258,0.1599
2155,-100,-100.0,40,3.75,11.5,-56.01,15.8197,-100,76.02,28.79,0.993122,0.619831,2.63,0.1926
2157,-100,-100.0,40,3.75,12.5,-55.7,16.7559,-100,75.81,29.03,0.967268,0.644391,4.2759,0.1457
2158,-100,-100.0,40,3.75,13.0,-55.8,16.6929,-100,76.26,28.49,1.027362,0.69683,4.9334,0.1643
2159,-100,-100.0,40,3.75,13.5,-56.09,17.104,-100,75.78,29.07,0.928217,0.595256,2.7116,0.1901
2160,-100,-100.0,40,3.75,14.0,-55.91,17.957,-100,76.3,28.44,0.934481,0.649297,4.4909,0.1727
2161,-100,-100.0,40,4.0,1.0,-53.04,11.0508,-74,76.21,28.55,0.984668,0.62786,3.1287,0.1753
2162,-100,-100.0,40,4.0,1.5,-52.89,11.1686,-73,76.11,28.68,0.999438,0.637637,3.2677,0.1845
2163,-100,-100.0,40,4.0,2.0,-53.04,11.9846,-74,76.28,28.46,1.030531,0.663152,3.5916,0.1757
2164,-100,-100.0,40,4.0,2.5,-53.19,11.6685,-78,76.67,28.0,1.065107,0.695326,4.2859,0.1574
2165,-100,-100.0,40,4.0,3.0,-53.59,11.1633,-78,75.63,29.24,0.930907,0.601792,3.1482,0.1865
2166,-100,-100.0,40,4.0,3.5,-53.17,12.2978,-83,76.15,28.63,0.98827,0.687147,5.0788,0.1542
2167,-100,-100.0,40,4.0,4.0,-53.52,12.0193,-82,76.23,28.52,1.024534,0.701042,4.6513,0.1647
2168,-100,-100.0,40,4.0,4.5,-53.55,12.0763,-84,75.96,28.84,0.98497,0.612554,2.4627,0.1951
2169,-100,-100.0,40,4.0,5.0,-53.31,13.0161,-86,75.09,29.89,0.951419,0.637518,4.3931,0.1889
2170,-100,-100.0,40,4.0,5.5,-53.22,13.0307,-88,76.78,27.86,1.028106,0.682336,4.4713,0.169
2171,-100,-100.0,40,4.0,6.0,-53.54,12.9688,-90,76.61,28.07,0.953227,0.647325,4.1863,0.1696
2172,-100,-100.0,40,4.0,6.5,-53.27,13.0728,-87,76.2,28.56,1.012443,0.640054,3.0563,0.1948
2173,-100,-100.0,40,4.0,7.0,-53.11,13.0419,-97,76.8,27.84,1.025638,0.769475,5.9771,0.1449
2175,-100,-100.0,40,4.0,8.0,-52.9,13.9739,-93,75.46,29.45,0.910401,0.609926,4.157,0.1674
2174,-100,-100.0,40,4.0,7.5,-53.01,14.0711,-96,75.83,29.0,0.950493,0.634811,4.0441,0.1571
2176,-100,-100.0,40,4.0,8.5,-53.25,14.5366,-100,75.86,28.97,0.952772,0.621389,3.5257,0.1777
2177,-100,-100.0,40,4.0,9.0,-53.2,14.7108,-100,76.45,28.26,0.995118,0.646411,3.4989,0.1885
2178,-100,-100.0,40,4.0,9.5,-52.61,14.91,-100,77.28,27.27,1.025497,0.705561,4.4687,0.1547
2180,-100,-100.0,40,4.0,10.5,-52.98,15.5024,-100,76.21,28.55,0.9984,0.657606,4.179,0.1677
2179,-100,-100.0,40,4.0,10.0,-53.85,15.6222,-100,75.92,28.9,0.983953,0.625018,2.8394,0.1967
2181,-100,-100.0,40,4.0,11.0,-53.07,16.0142,-100,76.46,28.25,0.988919,0.633977,2.9842,0.1532
2182,-100,-100.0,40,4.0,11.5,-53.47,15.9266,-100,75.92,28.9,1.013715,0.6938,4.5518,0.1685
2183,-100,-100.0,40,4.0,12.0,-53.04,16.2463,-100,75.54,29.36,0.984148,0.645004,3.933,0.1792
2184,-100,-100.0,40,4.0,12.5,-53.18,16.7592,-100,75.72,29.14,0.931324,0.625131,3.6144,0.1766
2185,-100,-100.0,40,4.0,13.0,-53.57,16.9227,-100,75.74,29.11,0.970098,0.681461,5.2335,0.1377
2187,-100,-100.0,40,4.0,14.0,-53.09,18.3359,-100,76.26,28.49,1.02463,0.794396,6.2171,0.1307
2186,-100,-100.0,40,4.0,13.5,-53.45,17.5677,-100,76.12,28.65,0.961622,0.646919,3.9298,0.1578
2188,-100,-100.0,40,4.25,1.0,-50.29,11.8844,-71,75.62,29.26,0.922223,0.588311,3.0922,0.193
2189,-100,-100.0,40,4.25,1.5,-50.28,12.4551,-70,76.45,28.27,0.987727,0.635582,3.0699,0.1831
2190,-100,-100.0,40,4.25,2.0,-50.05,12.3808,-71,76.63,28.03,1.01401,0.63991,2.9985,0.1833
2192,-100,-100.0,40,4.25,3.0,-50.18,12.6488,-77,75.67,29.19,1.053973,0.8057,6.8831,0.1467
2191,-100,-100.0,40,4.25,2.5,-50.36,12.328,-74,76.42,28.31,0.982582,0.606539,2.2949,0.1931
2193,-100,-100.0,40,4.25,3.5,-50.46,12.6834,-78,76.43,28.29,0.98927,0.633049,3.3058,0.1907
2194,-100,-100.0,40,4.25,4.0,-50.03,13.3104,-80,76.68,27.98,0.998551,0.672829,4.0882,0.1583
2196,-100,-100.0,40,4.25,5.0,-50.45,13.5694,-82,75.41,29.51,0.973881,0.665416,4.5948,0.1537
2195,-100,-100.0,40,4.25,4.5,-50.57,13.8238,-84,76.81,27.83,1.045376,0.669076,3.7225,0.1604
2197,-100,-100.0,40,4.25,5.5,-50.5,13.0171,-85,76.56,28.13,0.996564,0.695592,4.9142,0.159
2199,-100,-100.0,40,4.25,6.5,-50.17,13.8185,-89,75.6,29.28,0.932601,0.622934,4.2192,0.1518
2198,-100,-100.0,40,4.25,6.0,-50.7,13.9589,-88,76.37,28.36,0.983979,0.632361,3.3786,0.1933
2200,-100,-100.0,40,4.25,7.0,-50.38,13.8662,-89,75.93,28.88,0.977508,0.620582,3.2856,0.1752
2201,-100,-100.0,40,4.25,7.5,-50.47,14.3709,-94,76.05,28.74,0.982928,0.622908,3.0316,0.1784
2203,-100,-100.0,40,4.25,8.5,-50.56,14.9121,-99,76.07,28.72,0.983005,0.602267,2.4798,0.2067
2202,-100,-100.0,40,4.25,8.0,-50.42,14.4438,-96,76.46,28.24,1.004407,0.641257,3.4523,0.1882
2204,-100,-100.0,40,4.25,9.0,-49.81,14.6683,-95,76.1,28.68,1.02944,0.709889,5.2703,0.137
2205,-100,-100.0,40,4.25,9.5,-50.88,15.42,-98,76.07,28.72,1.008025,0.644454,3.7909,0.1793
2207,-100,-100.0,40,4.25,10.5,-50.5,16.1166,-100,75.7,29.15,0.997213,0.674816,4.5233,0.1733
2206,-100,-100.0,40,4.25,10.0,-50.08,16.171,-100,75.16,29.81,0.95486,0.609706,3.6791,0.187
2208,-100,-100.0,40,4.25,11.0,-50.24,16.3138,-100,75.91,28.91,0.971831,0.656442,4.3002,0.1659
2209,-100,-100.0,40,4.25,11.5,-50.28,16.5613,-100,76.0,28.81,0.943125,0.595299,3.0898,0.1749
2210,-100,-100.0,40,4.25,12.0,-50.55,17.1957,-100,76.75,27.9,1.009815,0.623681,2.4985,0.1847
2211,-100,-100.0,40,4.25,12.5,-50.72,17.6435,-100,75.89,28.93,0.958967,0.630295,3.664,0.1851
2212,-100,-100.0,40,4.25,13.0,-50.16,17.9072,-100,76.8,27.84,0.990114,0.632909,3.0095,0.1677
2213,-100,-100.0,40,4.25,13.5,-50.27,18.5424,-100,76.57,28.12,1.017955,0.652334,3.6091,0.1799
2214,-100,-100.0,40,4.25,14.0,-50.41,18.2925,-100,76.85,27.79,1.031956,0.623826,2.6225,0.1783
2216,-100,-100.0,40,4.5,1.5,-47.51,13.2954,-68,75.18,29.79,0.974333,0.625525,3.7226,0.1834
2215,-100,-100.0,40,4.5,1.0,-47.46,12.8527,-68,75.77,29.09,0.975739,0.615344,2.414,0.2067
2217,-100,-100.0,40,4.5,2.0,-47.54,12.43,-71,75.5,29.4,0.980623,0.677245,4.6039,0.163
2218,-100,-100.0,40,4.5,2.5,-47.57,13.343,-75,76.06,28.72,0.986274,0.640232,3.7803,0.1869
2220,-100,-100.0,40,4.5,3.5,-47.66,13.4641,-76,76.6,28.09,1.018557,0.710528,5.0858,0.1431
2219,-100,-100.0,40,4.5,3.0,-47.26,13.4644,-76,76.2,28.56,0.999155,0.613799,2.3893,0.195
2221,-100,-100.0,40,4.5,4.0,-47.38,13.3762,-79,76.44,28.28,0.998157,0.636489,3.5185,0.1695
2222,-100,-100.0,40,4.5,4.5,-47.18,12.5655,-79,76.66,28.02,1.089463,0.740604,5.3766,0.1467
2223,-100,-100.0,40,4.5,5.0,-47.19,14.5911,-84,76.19,28.57,0.990889,0.65972,3.7806,0.1533
2224,-100,-100.0,40,4.5,5.5,-47.74,14.0228,-83,76.17,28.58,0.967574,0.619052,3.2032,0.1884
2225,-100,-100.0,40,4.5,6.0,-47.25,13.9555,-86,76.03,28.76,0.96982,0.626356,3.5686,0.1815
2226,-100,-100.0,40,4.5,6.5,-47.81,14.3073,-93,75.18,29.78,0.921833,0.657909,5.1802,0.1762
2227,-100,-100.0,40,4.5,7.0,-48.03,15.1862,-90,76.38,28.34,0.987914,0.625235,2.8088,0.1931
2228,-100,-100.0,40,4.5,7.5,-47.67,15.4698,-91,75.9,28.92,0.95894,0.627957,3.9554,0.1817
2229,-100,-100.0,40,4.5,8.0,-47.69,14.9902,-92,76.65,28.02,1.003271,0.650635,3.7345,0.1769
2230,-100,-100.0,40,4.5,8.5,-47.75,15.4048,-93,75.82,29.02,0.94707,0.623119,3.0355,0.1807
2231,-100,-100.0,40,4.5,9.0,-47.55,15.6628,-97,76.32,28.41,0.969025,0.595068,1.9729,0.1913
2232,-100,-100.0,40,4.5,9.5,-47.35,15.4311,-100,76.82,27.81,1.029736,0.64383,2.8623,0.1828
2233,-100,-100.0,40,4.5,10.0,-47.54,16.405,-97,76.22,28.53,0.986066,0.630341,3.5852,0.1723
2234,-100,-100.0,40,4.5,10.5,-47.71,16.7953,-100,76.34,28.39,0.991518,0.657133,3.8513,0.171
2235,-100,-100.0,40,4.5,11.0,-47.49,16.7101,-100,76.61,28.06,0.970992,0.651716,4.0189,0.1458
2236,-100,-100.0,40,4.5,11.5,-47.38,17.209,-100,75.68,29.18,0.946468,0.607292,3.0801,0.1794
2237,-100,-100.0,40,4.5,12.0,-47.02,18.0243,-100,76.47,28.23,0.950909,0.613247,2.9932,0.1678
2238,-100,-100.0,40,4.5,12.5,-47.04,17.8385,-100,76.58,28.11,0.983562,0.638242,3.8761,0.1723
2239,-100,-100.0,40,4.5,13.0,-47.64,18.4447,-100,76.32,28.42,1.0183,0.635573,2.4309,0.1931
2240,-100,-100.0,40,4.5,13.5,-47.2,19.0943,-100,75.94,28.87,0.979451,0.62987,3.7097,0.1786
2242,-100,-100.0,40,4.75,1.0,-44.78,13.8987,-66,76.07,28.7,0.99871,0.657896,3.699,0.1719
2241,-100,-100.0,40,4.5,14.0,-47.59,19.042,-100,76.36,28.36,0.967411,0.59858,2.4345,0.1945
2243,-100,-100.0,40,4.75,1.5,-44.79,13.1179,-66,76.21,28.55,0.963423,0.617243,3.171,0.1729
2244,-100,-100.0,40,4.75,2.0,-45.0,13.5369,-69,76.3,28.44,0.972039,0.642475,3.8598,0.1648
2246,-100,-100.0,40,4.75,3.0,-44.64,13.8282,-73,76.18,28.58,0.97872,0.639146,3.3299,0.1926
2245,-100,-100.0,40,4.75,2.5,-44.55,13.8514,-71,76.41,28.31,0.956979,0.625741,3.067,0.168
2247,-100,-100.0,40,4.75,3.5,-44.3,14.0923,-74,76.16,28.62,0.985736,0.62932,3.4514,0.1719
2248,-100,-100.0,40,4.75,4.0,-44.69,14.0052,-76,76.25,28.5,0.960118,0.603747,2.4607,0.1879
2249,-100,-100.0,40,4.75,4.5,-44.41,14.4346,-76,76.49,28.2,0.979069,0.623814,3.2285,0.1836
2251,-100,-100.0,40,4.75,5.5,-44.82,15.2782,-82,76.36,28.38,1.002227,0.665417,3.9204,0.1617
2250,-100,-100.0,40,4.75,5.0,-44.27,14.4492,-76,75.55,29.34,0.978409,0.696629,5.1647,0.1486
2252,-100,-100.0,40,4.75,6.0,-44.77,14.3887,-80,76.15,28.63,0.978281,0.613575,3.0882,0.1805
2254,-100,-100.0,40,4.75,7.0,-44.27,15.3865,-85,75.91,28.91,0.946598,0.671109,4.8353,0.1482
2253,-100,-100.0,40,4.75,6.5,-44.55,14.9142,-85,76.14,28.64,0.952716,0.640229,4.0541,0.1812
2255,-100,-100.0,40,4.75,7.5,-45.05,15.2315,-91,75.99,28.82,0.934248,0.603049,3.3134,0.1706
2256,-100,-100.0,40,4.75,8.0,-44.42,15.8122,-89,76.25,28.5,0.984962,0.616428,2.8972,0.1793
2257,-100,-100.0,40,4.75,8.5,-44.4,16.0571,-96,75.88,28.95,1.01232,0.672821,5.028,0.1727
2258,-100,-100.0,40,4.75,9.0,-44.32,16.505,-97,76.08,28.71,1.025925,0.7051,5.3652,0.1598
2259,-100,-100.0,40,4.75,9.5,-44.61,16.8638,-95,76.4,28.31,0.977668,0.637231,3.6119,0.1726
2260,-100,-100.0,40,4.75,10.0,-44.15,17.5357,-98,76.5,28.2,0.99601,0.623962,3.0288,0.1807
2261,-100,-100.0,40,4.75,10.5,-44.2,17.4411,-100,76.14,28.63,0.96753,0.603471,3.129,0.1958
2263,-100,-100.0,40,4.75,11.5,-44.56,17.5542,-100,75.91,28.91,1.003562,0.63574,3.5841,0.1757
2262,-100,-100.0,40,4.75,11.0,-44.54,17.072,-98,76.01,28.78,0.958002,0.601587,3.0223,0.1842
2265,-100,-100.0,40,4.75,12.5,-44.55,18.3502,-100,76.34,28.4,0.996846,0.659083,4.0716,0.188
2264,-100,-100.0,40,4.75,12.0,-44.28,18.3015,-100,75.65,29.23,0.922293,0.610373,3.3235,0.1848
2266,-100,-100.0,40,4.75,13.0,-44.84,19.1316,-100,76.37,28.35,0.9846,0.689183,4.6857,0.1634
2267,-100,-100.0,40,4.75,13.5,-44.58,19.2204,-100,76.05,28.74,0.931523,0.666166,4.8424,0.1452
2268,-100,-100.0,40,4.75,14.0,-44.84,19.3973,-100,76.45,28.26,0.996943,0.652728,3.8566,0.1816
2269,-100,-100.0,40,5.0,1.0,-42.01,14.8301,-65,75.54,29.35,0.908939,0.654252,4.6258,0.1461
2270,-100,-100.0,40,5.0,1.5,-41.94,14.5734,-66,76.3,28.44,0.989663,0.625598,2.9158,0.1959
2271,-100,-100.0,40,5.0,2.0,-41.91,14.1348,-66,76.21,28.54,0.993278,0.645597,3.7001,0.178
2272,-100,-100.0,40,5.0,2.5,-41.96,13.7583,-68,75.36,29.56,0.923336,0.593426,2.9609,0.2073
2273,-100,-100.0,40,5.0,3.0,-41.96,14.6987,-70,76.42,28.3,1.019897,0.670394,4.2803,0.1576
2275,-100,-100.0,40,5.0,4.0,-41.77,14.8805,-77,75.8,29.04,0.983336,0.637624,3.3107,0.1598
2276,-100,-100.0,40,5.0,4.5,-42.11,14.5452,-74,76.08,28.7,1.011354,0.681736,4.6643,0.1691
2279,-100,-100.0,40,5.0,6.0,-41.74,15.3962,-83,76.03,28.75,0.949666,0.603821,2.9034,0.1829
2277,-100,-100.0,40,5.0,5.0,-41.93,14.8097,-76,75.87,28.95,0.907187,0.593567,3.2704,0.179
2278,-100,-100.0,40,5.0,5.5,-42.25,15.7079,-83,76.67,28.0,1.012052,0.696437,4.6696,0.1699
2274,-100,-100.0,40,5.0,3.5,-41.6,15.2525,-72,76.23,28.53,0.98551,0.625981,2.9534,0.1989
2280,-100,-100.0,40,5.0,6.5,-41.54,15.9621,-81,76.48,28.23,1.009467,0.712278,5.142,0.147
2281,-100,-100.0,40,5.0,7.0,-41.58,15.6,-83,76.01,28.79,0.943417,0.611357,3.4634,0.1716
2282,-100,-100.0,40,5.0,7.5,-41.58,16.2151,-85,75.52,29.37,0.9539,0.614935,3.212,0.1826
2283,-100,-100.0,40,5.0,8.0,-41.68,15.949,-89,75.73,29.12,0.962022,0.600278,2.6677,0.1848
2284,-100,-100.0,40,5.0,8.5,-41.54,16.0224,-88,76.09,28.69,0.999156,0.646949,4.1028,0.1758
2285,-100,-100.0,40,5.0,9.0,-42.23,16.7825,-92,77.15,27.43,1.014282,0.700642,4.3011,0.1449
2286,-100,-100.0,40,5.0,9.5,-41.31,17.1517,-94,75.83,29.0,0.965795,0.603604,2.8201,0.1749
2287,-100,-100.0,40,5.0,10.0,-41.73,17.2787,-97,75.9,28.92,0.944685,0.589879,2.5543,0.1924
2288,-100,-100.0,40,5.0,10.5,-41.04,18.1006,-93,75.81,29.03,0.933474,0.570515,1.7471,0.2095
2289,-100,-100.0,40,5.0,11.0,-41.76,18.2805,-96,76.25,28.51,0.978251,0.593072,1.9829,0.1991
2290,-100,-100.0,40,5.0,11.5,-41.64,17.9128,-100,75.57,29.31,0.965712,0.647766,4.2452,0.1887
2291,-100,-100.0,40,5.0,12.0,-42.15,18.7404,-99,77.08,27.5,1.005379,0.644281,3.668,0.1741
2292,-100,-100.0,40,5.0,12.5,-41.54,18.8183,-100,76.29,28.47,0.967651,0.615561,3.5525,0.1765
2293,-100,-100.0,40,5.0,13.0,-42.03,20.0164,-100,76.13,28.65,0.940532,0.593487,3.1986,0.1767
2294,-100,-100.0,40,5.0,13.5,-41.19,19.0639,-100,76.38,28.34,0.986134,0.658183,4.0825,0.1518
2296,-100,-95.0,40,1.0,1.0,-87.98,3.2362,-96,75.59,29.29,1.039686,0.651,3.3698,0.1948
2295,-100,-100.0,40,5.0,14.0,-42.06,19.7381,-100,76.18,28.6,1.004498,0.677088,4.6229,0.1353
2297,-100,-95.0,40,1.0,1.5,-87.7,3.4329,-98,77.34,27.19,1.120302,0.7239,3.6881,0.1674
2300,-100,-95.0,40,1.0,3.0,-88.35,4.2218,-100,77.35,27.17,1.159218,0.791702,5.5559,0.1372
2302,-100,-95.0,40,1.0,4.0,-88.11,5.0836,-100,78.15,26.23,1.319997,0.816095,4.5592,0.1687
2301,-100,-95.0,40,1.0,3.5,-87.96,4.4829,-100,77.58,26.9,1.221056,0.794011,4.7348,0.1429
2298,-100,-95.0,40,1.0,2.0,-88.48,3.7009,-100,76.92,27.69,1.162134,0.772483,4.2527,0.1546
2299,-100,-95.0,40,1.0,2.5,-87.74,4.0766,-100,77.81,26.63,1.200378,0.768328,4.3462,0.1522
2303,-100,-95.0,40,1.0,4.5,-87.93,5.4846,-100,78.65,25.62,1.343648,0.79551,3.8483,0.1478
2304,-100,-95.0,40,1.0,5.0,-87.7,5.7831,-100,76.69,27.98,1.2075,0.765446,4.5564,0.1589
2305,-100,-95.0,40,1.0,5.5,-87.67,5.9818,-100,77.99,26.42,1.326378,0.769051,3.5051,0.1732
2307,-100,-95.0,40,1.0,6.5,-87.59,6.8697,-100,78.49,25.82,1.435817,0.990642,6.6569,0.1177
2306,-100,-95.0,40,1.0,6.0,-87.43,6.4568,-100,77.95,26.46,1.371778,0.853879,4.7214,0.1562
2308,-100,-95.0,40,1.0,7.0,-87.07,7.4309,-100,78.87,25.36,1.394559,0.838081,4.1093,0.1466
2309,-100,-95.0,40,1.0,7.5,-87.2,7.8688,-100,78.37,25.97,1.431773,0.844966,4.3166,0.1465
2313,-100,-95.0,40,1.0,9.5,-86.8,9.2254,-100,77.92,26.5,1.46154,1.139783,9.1234,0.1041
2312,-100,-95.0,40,1.0,9.0,-87.35,8.8672,-100,78.02,26.38,1.439424,1.012941,6.8941,0.097
2310,-100,-95.0,40,1.0,8.0,-87.96,7.9953,-100,79.08,25.11,1.517291,0.930404,4.8099,0.1277
2311,-100,-95.0,40,1.0,8.5,-87.44,8.4271,-100,79.18,24.98,1.517912,0.916813,4.7776,0.1243
2314,-100,-95.0,40,1.0,10.0,-86.45,9.5095,-100,79.85,24.18,1.577932,0.895455,4.3087,0.1368
2315,-100,-95.0,40,1.0,10.5,-86.89,9.7237,-100,80.14,23.83,1.607415,0.854126,3.0679,0.153
2316,-100,-95.0,40,1.0,11.0,-86.79,9.8953,-100,79.85,24.18,1.680851,0.936411,4.329,0.1247
2317,-100,-95.0,40,1.0,11.5,-86.41,10.7387,-100,80.13,23.84,1.698799,1.157704,7.5541,0.1157
2318,-100,-95.0,40,1.0,12.0,-86.18,10.7654,-100,78.3,26.04,1.52996,0.889562,5.2777,0.154
2319,-100,-95.0,40,1.0,12.5,-86.01,11.0887,-100,80.38,23.55,1.680808,0.954585,4.8919,0.1436
2320,-100,-95.0,40,1.0,13.0,-85.85,11.4018,-100,80.64,23.24,1.713079,0.914731,4.0,0.1492
2321,-100,-95.0,40,1.0,13.5,-85.76,11.8063,-100,77.99,26.41,1.540545,0.880489,4.7062,0.1552
2322,-100,-95.0,40,1.0,14.0,-85.28,12.1091,-100,78.35,25.98,1.516673,0.922052,5.6191,0.1464
2323,-100,-95.0,40,1.25,1.0,-84.86,4.0951,-94,76.45,28.26,0.9811,0.714321,5.0107,0.1449
2324,-100,-95.0,40,1.25,1.5,-85.18,4.1235,-96,77.47,27.04,1.095333,0.712137,4.0608,0.1561
2325,-100,-95.0,40,1.25,2.0,-84.72,4.5445,-96,76.31,28.42,1.025075,0.711654,4.9041,0.1598
2326,-100,-95.0,40,1.25,2.5,-85.41,4.3982,-100,76.3,28.44,1.052069,0.673965,3.2826,0.1725
2327,-100,-95.0,40,1.25,3.0,-85.25,4.8447,-100,77.32,27.22,1.112344,0.756232,4.6908,0.1395
2328,-100,-95.0,40,1.25,3.5,-85.39,4.7104,-100,77.34,27.2,1.16054,0.76208,4.3484,0.138
2329,-100,-95.0,40,1.25,4.0,-84.5,5.6551,-100,77.08,27.5,1.091489,0.656514,2.0935,0.1913
2330,-100,-95.0,40,1.25,4.5,-84.83,5.9375,-100,77.69,26.77,1.210447,0.8186,5.3825,0.143
2331,-100,-95.0,40,1.25,5.0,-84.65,6.1198,-100,77.8,26.63,1.194945,0.775705,4.4286,0.1668
2332,-100,-95.0,40,1.25,5.5,-85.34,7.0461,-100,77.8,26.64,1.272657,0.830997,4.3752,0.1355
2334,-100,-95.0,40,1.25,6.5,-84.89,7.426,-100,77.12,27.47,1.212386,0.755854,3.4713,0.1652
2333,-100,-95.0,40,1.25,6.0,-84.85,6.9332,-100,77.86,26.56,1.234122,0.739927,3.8078,0.171
2335,-100,-95.0,40,1.25,7.0,-85.06,7.9023,-100,77.56,26.94,1.27062,0.775757,4.0142,0.1608
2336,-100,-95.0,40,1.25,7.5,-84.83,8.2444,-100,78.26,26.08,1.314913,0.823228,3.9873,0.1174
2337,-100,-95.0,40,1.25,8.0,-84.54,8.6662,-100,78.02,26.38,1.332148,0.950982,6.8136,0.1346
2339,-100,-95.0,40,1.25,9.0,-84.17,9.3674,-100,77.58,26.9,1.319309,0.838495,4.7565,0.1428
2338,-100,-95.0,40,1.25,8.5,-84.83,8.8766,-100,79.29,24.85,1.472249,0.900651,4.5451,0.1283
2340,-100,-95.0,40,1.25,9.5,-84.39,9.6779,-100,78.01,26.38,1.368174,0.883834,4.9471,0.1462
2341,-100,-95.0,40,1.25,10.0,-84.44,10.024,-100,78.77,25.48,1.438338,0.800784,3.0888,0.1581
2343,-100,-95.0,40,1.25,11.0,-83.68,10.8122,-100,78.41,25.91,1.414705,0.908993,6.2707,0.1342
2342,-100,-95.0,40,1.25,10.5,-83.8,10.4182,-100,79.02,25.18,1.420742,0.824927,4.1366,0.154
2344,-100,-95.0,40,1.25,11.5,-83.85,10.9543,-100,78.85,25.38,1.472449,0.817234,3.2102,0.1661
2345,-100,-95.0,40,1.25,12.0,-83.71,11.2776,-100,78.46,25.85,1.456505,0.847094,4.0077,0.1579
2346,-100,-95.0,40,1.25,12.5,-83.78,11.5906,-100,78.7,25.55,1.519171,0.850579,3.7319,0.16
2347,-100,-95.0,40,1.25,13.0,-83.65,12.082,-100,78.89,25.34,1.49828,0.862166,3.7132,0.1602
2348,-100,-95.0,40,1.25,13.5,-83.73,12.4496,-100,77.65,26.81,1.432495,0.825271,4.0379,0.1496
2349,-100,-95.0,40,1.25,14.0,-83.25,12.7945,-100,79.17,25.0,1.557388,0.869652,4.0211,0.1606
2350,-100,-95.0,40,1.5,1.0,-82.44,4.8668,-94,75.87,28.95,0.994443,0.656977,3.8395,0.1766
2351,-100,-95.0,40,1.5,1.5,-81.65,4.9738,-94,77.18,27.39,1.076295,0.690622,3.3146,0.1816
2352,-100,-95.0,40,1.5,2.0,-82.19,4.3892,-96,77.13,27.43,1.047756,0.702386,4.7096,0.136
2353,-100,-95.0,40,1.5,2.5,-82.3,5.5739,-99,76.39,28.32,1.028332,0.667759,3.9113,0.1804
2355,-100,-95.0,40,1.5,3.5,-82.12,5.8515,-100,76.67,27.98,1.089966,0.781125,5.9542,0.1538
2354,-100,-95.0,40,1.5,3.0,-81.51,5.1302,-97,76.67,28.0,1.015179,0.634534,3.0021,0.1666
2356,-100,-95.0,40,1.5,4.0,-82.35,5.698,-100,76.79,27.84,1.05462,0.693681,4.1771,0.1586
2357,-100,-95.0,40,1.5,4.5,-81.96,6.6857,-100,77.08,27.5,1.051022,0.653995,2.98,0.18
2358,-100,-95.0,40,1.5,5.0,-82.58,6.5601,-100,77.01,27.6,1.101416,0.691684,3.5298,0.1593
2359,-100,-95.0,40,1.5,5.5,-82.04,7.0828,-100,77.45,27.07,1.136494,0.793525,5.4393,0.1448
2360,-100,-95.0,40,1.5,6.0,-81.7,7.5402,-100,77.16,27.41,1.118155,0.75444,4.8814,0.1444
2361,-100,-95.0,40,1.5,6.5,-81.72,7.8425,-100,77.62,26.86,1.140971,0.753138,4.5395,0.1482
2363,-100,-95.0,40,1.5,7.5,-82.14,8.3828,-100,77.11,27.46,1.210348,0.811311,5.1819,0.1376
2362,-100,-95.0,40,1.5,7.0,-81.94,7.9347,-100,78.01,26.39,1.22131,0.794487,4.7035,0.1323
2364,-100,-95.0,40,1.5,8.0,-82.0,9.2129,-100,77.94,26.47,1.25496,0.82654,5.289,0.1501
2365,-100,-95.0,40,1.5,8.5,-81.65,9.6155,-100,78.11,26.28,1.281491,0.795752,4.0561,0.1468
2366,-100,-95.0,40,1.5,9.0,-81.61,9.5968,-100,76.72,27.94,1.173937,0.737392,3.6705,0.1771
2367,-100,-95.0,40,1.5,9.5,-82.05,10.2548,-100,78.52,25.78,1.302318,0.84342,4.5286,0.139
2368,-100,-95.0,40,1.5,10.0,-81.72,10.4429,-100,77.49,27.01,1.280275,0.836415,5.2683,0.1455
2369,-100,-95.0,40,1.5,10.5,-81.86,11.0498,-100,78.44,25.87,1.363592,0.836163,4.2906,0.1358
2370,-100,-95.0,40,1.5,11.0,-81.88,11.2217,-100,77.66,26.8,1.307246,0.887118,5.635,0.1414
2371,-100,-95.0,40,1.5,11.5,-81.21,11.6128,-100,77.79,26.65,1.30209,0.783295,3.439,0.1795
2372,-100,-95.0,40,1.5,12.0,-81.58,11.9568,-100,78.84,25.39,1.483662,0.912918,5.0816,0.147
2373,-100,-95.0,40,1.5,12.5,-80.84,12.29,-100,78.45,25.86,1.410105,0.819695,3.3054,0.144
2375,-100,-95.0,40,1.5,13.5,-80.65,13.1161,-100,78.55,25.74,1.39579,0.858058,5.1448,0.1563
2374,-100,-95.0,40,1.5,13.0,-81.03,12.6729,-100,79.17,25.0,1.421431,0.865406,4.5544,0.1552
2376,-100,-95.0,40,1.5,14.0,-80.87,13.2978,-100,78.79,25.45,1.473838,0.903494,4.8367,0.1403
2377,-100,-95.0,40,1.75,1.0,-79.27,5.4438,-90,76.63,28.04,1.022035,0.661495,3.9233,0.1738
2378,-100,-95.0,40,1.75,1.5,-78.91,5.989,-93,76.35,28.38,0.997524,0.643405,2.9424,0.1916
2379,-100,-95.0,40,1.75,2.0,-79.43,5.5644,-95,76.33,28.39,1.046534,0.70356,4.5386,0.153
2380,-100,-95.0,40,1.75,2.5,-79.43,5.6904,-96,76.37,28.36,1.042444,0.712513,4.8171,0.1556
2381,-100,-95.0,40,1.75,3.0,-79.64,6.169,-98,76.56,28.13,1.080365,0.732965,5.0286,0.1499
2382,-100,-95.0,40,1.75,3.5,-79.61,6.6805,-100,76.81,27.83,1.010587,0.643668,3.1615,0.1787
2383,-100,-95.0,40,1.75,4.0,-79.03,6.6836,-100,76.55,28.14,1.109683,0.823585,6.8397,0.1515
2384,-100,-95.0,40,1.75,4.5,-79.24,6.4648,-100,76.39,28.33,1.037462,0.651225,3.3101,0.1646
2385,-100,-95.0,40,1.75,5.0,-78.97,7.0837,-100,76.71,27.95,1.057938,0.629115,2.2215,0.1797
2386,-100,-95.0,40,1.75,5.5,-78.93,7.4905,-100,76.27,28.48,1.001136,0.629171,2.7489,0.1933
2387,-100,-95.0,40,1.75,6.0,-79.15,7.9896,-100,77.19,27.38,1.053306,0.650314,2.4944,0.1854
2388,-100,-95.0,40,1.75,6.5,-79.03,8.1916,-100,77.2,27.35,1.08511,0.693647,3.7174,0.1456
2389,-100,-95.0,40,1.75,7.0,-78.08,8.5826,-100,76.92,27.69,1.055042,0.714772,4.5383,0.1713
2390,-100,-95.0,40,1.75,7.5,-79.3,8.8413,-100,77.37,27.16,1.157419,0.749698,3.965,0.1605
2391,-100,-95.0,40,1.75,8.0,-79.5,9.7569,-100,77.5,27.0,1.126165,0.684831,2.7082,0.1901
2392,-100,-95.0,40,1.75,8.5,-79.67,9.9625,-100,77.45,27.06,1.164429,0.737506,4.0982,0.1543
2393,-100,-95.0,40,1.75,9.0,-78.7,10.3783,-100,77.15,27.43,1.161904,0.752589,4.493,0.1424
2394,-100,-95.0,40,1.75,9.5,-78.61,10.6917,-100,77.89,26.54,1.24072,0.85855,5.5256,0.1323
2395,-100,-95.0,40,1.75,10.0,-78.78,11.0901,-100,77.57,26.93,1.205249,0.803095,4.8866,0.1629
2396,-100,-95.0,40,1.75,10.5,-78.46,11.4137,-100,77.88,26.55,1.227534,0.747982,3.1674,0.1673
2397,-100,-95.0,40,1.75,11.0,-78.87,11.7852,-100,77.18,27.38,1.175366,0.752677,4.2184,0.1459
2399,-100,-95.0,40,1.75,12.0,-78.98,12.5698,-100,76.78,27.87,1.267247,0.854452,5.3227,0.1324
2398,-100,-95.0,40,1.75,11.5,-78.69,12.2343,-100,77.9,26.52,1.253662,0.841784,4.9198,0.1529
2400,-100,-95.0,40,1.75,12.5,-78.71,12.9416,-100,77.77,26.68,1.318838,0.855017,4.9463,0.1291
2401,-100,-95.0,40,1.75,13.0,-78.43,13.1608,-100,77.56,26.93,1.284236,0.798612,4.8115,0.1581
2402,-100,-95.0,40,1.75,13.5,-77.87,13.4618,-100,77.84,26.59,1.320123,0.794999,4.1111,0.1626
2403,-100,-95.0,40,1.75,14.0,-78.44,13.8283,-100,77.65,26.82,1.297426,0.767372,2.853,0.1628
2404,-100,-95.0,40,2.0,1.0,-76.68,5.9895,-89,76.09,28.69,1.013143,0.679421,4.3537,0.1631
2405,-100,-95.0,40,2.0,1.5,-76.47,5.9086,-90,76.97,27.63,1.025508,0.629198,2.8145,0.1667
2406,-100,-95.0,40,2.0,2.0,-76.41,6.2795,-91,76.25,28.51,0.984567,0.628522,3.2756,0.1771
2407,-100,-95.0,40,2.0,2.5,-76.03,6.3146,-93,76.33,28.4,1.019179,0.644485,3.0059,0.1916
2408,-100,-95.0,40,2.0,3.0,-76.52,6.9991,-95,76.33,28.41,0.984361,0.616659,2.7504,0.1831
2409,-100,-95.0,40,2.0,3.5,-76.12,6.5695,-100,76.54,28.16,0.973009,0.645088,4.2319,0.1536
2410,-100,-95.0,40,2.0,4.0,-76.66,6.7049,-98,76.18,28.59,1.037793,0.747226,6.0753,0.1465
2411,-100,-95.0,40,2.0,4.5,-76.17,7.5846,-100,76.93,27.67,1.013701,0.698902,4.4125,0.1487
2412,-100,-95.0,40,2.0,5.0,-76.16,8.0495,-100,76.22,28.53,1.005626,0.680577,4.2436,0.1595
2413,-100,-95.0,40,2.0,5.5,-76.14,8.1943,-100,76.52,28.17,1.02205,0.68503,3.5532,0.1445
2414,-100,-95.0,40,2.0,6.0,-76.23,8.3032,-100,76.24,28.51,1.026671,0.640873,2.8547,0.1949
2415,-100,-95.0,40,2.0,6.5,-76.37,8.7347,-100,76.85,27.77,1.071531,0.68983,3.8248,0.1429
2416,-100,-95.0,40,2.0,7.0,-76.54,8.6668,-100,76.7,27.97,1.031833,0.656118,3.1427,0.1805
2417,-100,-95.0,40,2.0,7.5,-76.48,9.5696,-100,77.35,27.18,1.150594,0.740127,4.1011,0.1629
2418,-100,-95.0,40,2.0,8.0,-76.1,9.7813,-100,76.25,28.5,1.05724,0.744839,5.8345,0.1437
2419,-100,-95.0,40,2.0,8.5,-76.62,10.3475,-100,77.48,27.04,1.131419,0.747315,4.529,0.172
2421,-100,-95.0,40,2.0,9.5,-75.86,11.2119,-100,77.29,27.25,1.110295,0.690421,3.1787,0.1753
2420,-100,-95.0,40,2.0,9.0,-76.58,10.5902,-100,76.88,27.75,1.096675,0.738655,5.1724,0.1533
2422,-100,-95.0,40,2.0,10.0,-75.57,11.7261,-100,76.68,27.99,1.159199,0.768758,5.2413,0.1602
2423,-100,-95.0,40,2.0,10.5,-75.7,11.8103,-100,77.32,27.22,1.110003,0.698339,3.4414,0.1614
2424,-100,-95.0,40,2.0,11.0,-75.69,12.2223,-100,77.26,27.29,1.168234,0.784166,5.0607,0.1352
2425,-100,-95.0,40,2.0,11.5,-76.49,12.496,-100,77.09,27.5,1.155078,0.729181,3.6816,0.167
2426,-100,-95.0,40,2.0,12.0,-76.19,12.7702,-100,77.91,26.51,1.273841,0.839853,5.4638,0.1541
2427,-100,-95.0,40,2.0,12.5,-75.72,13.3538,-100,76.21,28.54,1.113223,0.708199,3.9852,0.1709
2428,-100,-95.0,40,2.0,13.0,-75.64,13.8999,-100,77.83,26.61,1.345544,0.974547,7.2716,0.1453
2430,-100,-95.0,40,2.0,14.0,-76.03,14.4045,-100,77.6,26.88,1.205608,0.736349,3.2839,0.1743
2429,-100,-95.0,40,2.0,13.5,-75.81,14.0445,-100,77.71,26.75,1.214833,0.753123,3.9264,0.1672
2431,-100,-95.0,40,2.25,1.0,-73.17,6.639,-88,76.77,27.87,1.016445,0.665298,3.6131,0.1563
2432,-100,-95.0,40,2.25,1.5,-73.82,6.9886,-88,76.78,27.86,1.054919,0.665228,3.1979,0.187
2434,-100,-95.0,40,2.25,2.5,-73.88,6.5749,-91,75.79,29.05,0.973448,0.629104,3.194,0.1896
2433,-100,-95.0,40,2.25,2.0,-73.7,6.4831,-89,76.56,28.13,1.041619,0.65858,2.913,0.1625
2435,-100,-95.0,40,2.25,3.0,-73.69,7.0684,-91,76.23,28.53,0.999947,0.648453,4.073,0.1815
2436,-100,-95.0,40,2.25,3.5,-73.72,7.564,-96,76.54,28.15,1.046009,0.684756,4.2911,0.1876
2437,-100,-95.0,40,2.25,4.0,-73.68,7.3115,-95,76.49,28.22,1.029752,0.713255,5.1105,0.1532
2438,-100,-95.0,40,2.25,4.5,-73.08,7.7703,-100,76.51,28.18,1.015068,0.635042,3.2551,0.1718
2439,-100,-95.0,40,2.25,5.0,-73.7,8.1348,-100,77.1,27.48,1.081458,0.800601,6.4859,0.1207
2440,-100,-95.0,40,2.25,5.5,-73.8,8.3443,-100,76.42,28.28,1.085232,0.714421,4.4983,0.173
2441,-100,-95.0,40,2.25,6.0,-73.26,8.6299,-100,76.34,28.39,0.998796,0.661636,4.188,0.1706
2442,-100,-95.0,40,2.25,6.5,-73.74,9.5314,-100,76.87,27.75,1.039654,0.653911,2.9823,0.1717
2443,-100,-95.0,40,2.25,7.0,-73.49,9.6709,-100,76.65,28.02,1.054004,0.703752,4.4069,0.152
2445,-100,-95.0,40,2.25,8.0,-73.71,10.2786,-100,76.18,28.59,0.994128,0.669664,3.7065,0.1765
2444,-100,-95.0,40,2.25,7.5,-73.64,9.9442,-100,76.01,28.78,1.012393,0.618253,2.1093,0.177
2447,-100,-95.0,40,2.25,9.0,-73.28,10.9714,-100,76.43,28.28,1.031487,0.649107,3.1006,0.186
2446,-100,-95.0,40,2.25,8.5,-73.15,10.7285,-100,76.39,28.33,1.037795,0.695557,4.5807,0.1666
2448,-100,-95.0,40,2.25,9.5,-73.76,11.2703,-100,77.25,27.29,1.082765,0.668705,2.7379,0.1723
2449,-100,-95.0,40,2.25,10.0,-73.57,11.6705,-100,77.04,27.55,1.070788,0.648476,2.4286,0.1973
2450,-100,-95.0,40,2.25,10.5,-73.09,12.0877,-100,76.65,28.02,1.106075,0.707215,4.2083,0.1709
2452,-100,-95.0,40,2.25,11.5,-73.4,12.8995,-100,77.01,27.59,1.115591,0.653009,1.6023,0.1965
2451,-100,-95.0,40,2.25,11.0,-73.42,12.6062,-100,77.09,27.49,1.136934,0.710397,3.4583,0.176
2454,-100,-95.0,40,2.25,12.5,-73.01,13.6991,-100,77.18,27.38,1.192878,0.850076,6.1575,0.147
2453,-100,-95.0,40,2.25,12.0,-73.83,13.1824,-100,77.23,27.33,1.160851,0.695202,2.8159,0.1843
2455,-100,-95.0,40,2.25,13.0,-73.05,14.2043,-100,77.23,27.33,1.162851,0.711508,2.8889,0.1786
2456,-100,-95.0,40,2.25,13.5,-72.92,14.599,-100,77.49,27.01,1.193032,0.920749,6.7041,0.1076
2457,-100,-95.0,40,2.25,14.0,-72.79,14.8532,-100,77.09,27.51,1.106345,0.682712,2.8532,0.1698
2458,-100,-95.0,40,2.5,1.0,-70.44,7.8207,-86,76.36,28.38,1.015848,0.66421,3.8268,0.1666
2459,-100,-95.0,40,2.5,1.5,-70.73,7.5488,-85,76.15,28.63,0.963721,0.645045,3.7626,0.1675
2460,-100,-95.0,40,2.5,2.0,-70.82,7.7457,-90,77.1,27.49,1.047902,0.651025,2.3464,0.1833
2461,-100,-95.0,40,2.5,2.5,-70.56,7.8706,-89,76.72,27.94,1.012355,0.668771,3.7912,0.174
2462,-100,-95.0,40,2.5,3.0,-71.25,7.3974,-90,76.29,28.45,1.004384,0.616013,2.2233,0.1875
2463,-100,-95.0,40,2.5,3.5,-71.06,8.347,-94,77.04,27.55,1.022813,0.640834,2.2873,0.1806
2464,-100,-95.0,40,2.5,4.0,-70.66,7.8217,-93,76.58,28.11,1.027774,0.66756,3.719,0.1822
2465,-100,-95.0,40,2.5,4.5,-70.85,8.2971,-95,76.91,27.71,1.088105,0.755384,5.5475,0.1431
2466,-100,-95.0,40,2.5,5.0,-70.94,8.1607,-99,76.73,27.93,1.048096,0.730349,5.2319,0.1347
2467,-100,-95.0,40,2.5,5.5,-70.8,8.9607,-100,76.41,28.32,0.964164,0.625898,3.4454,0.1804
2468,-100,-95.0,40,2.5,6.0,-70.72,9.3768,-100,75.8,29.04,1.030206,0.665432,3.7286,0.1694
2469,-100,-95.0,40,2.5,6.5,-71.0,9.9392,-100,76.75,27.89,1.040074,0.673454,3.7421,0.1731
2470,-100,-95.0,40,2.5,7.0,-70.43,9.8603,-100,75.53,29.36,0.968176,0.614372,3.2858,0.199
2471,-100,-95.0,40,2.5,7.5,-70.34,10.2741,-100,76.7,27.97,1.02941,0.647089,3.0301,0.1772
2472,-100,-95.0,40,2.5,8.0,-70.5,11.4765,-100,76.58,28.1,1.023237,0.640963,2.8409,0.1939
2473,-100,-95.0,40,2.5,8.5,-70.41,11.4453,-100,76.58,28.11,1.035774,0.650404,3.0045,0.1708
2474,-100,-95.0,40,2.5,9.0,-70.57,11.9678,-100,77.07,27.52,1.02835,0.65085,2.8812,0.1715
2475,-100,-95.0,40,2.5,9.5,-70.65,11.8684,-100,76.23,28.52,1.0104,0.631783,3.3999,0.1659
2476,-100,-95.0,40,2.5,10.0,-70.14,12.4963,-100,76.94,27.68,1.076064,0.688745,3.872,0.177
2477,-100,-95.0,40,2.5,10.5,-70.53,12.7748,-100,76.58,28.11,1.046476,0.670342,3.6173,0.1733
2478,-100,-95.0,40,2.5,11.0,-70.24,13.2354,-100,77.0,27.61,1.090567,0.742058,4.93,0.1612
2479,-100,-95.0,40,2.5,11.5,-70.28,13.4517,-100,77.28,27.27,1.108873,0.725014,4.132,0.1654
2481,-100,-95.0,40,2.5,12.5,-70.4,14.3138,-100,77.55,26.93,1.126699,0.780226,5.3098,0.1384
2480,-100,-95.0,40,2.5,12.0,-70.37,13.7484,-100,77.1,27.48,1.108878,0.714517,3.6375,0.1516
2482,-100,-95.0,40,2.5,13.0,-70.38,14.286,-100,76.42,28.3,1.082238,0.709818,4.2114,0.146
2484,-100,-95.0,40,2.5,14.0,-70.2,15.2913,-100,77.47,27.04,1.196778,0.795692,5.0123,0.1491
2483,-100,-95.0,40,2.5,13.5,-70.32,15.2257,-100,77.45,27.07,1.155029,0.716006,3.748,0.1673
2485,-100,-95.0,40,2.75,1.0,-67.93,7.8691,-83,76.41,28.3,1.014738,0.650589,3.4828,0.1627
2486,-100,-95.0,40,2.75,1.5,-67.97,7.6248,-82,76.5,28.2,1.001497,0.654734,3.7836,0.1695
2487,-100,-95.0,40,2.75,2.0,-67.48,8.3416,-87,77.02,27.58,1.053383,0.764272,5.499,0.1394
2488,-100,-95.0,40,2.75,2.5,-68.06,7.9638,-88,76.6,28.09,0.984005,0.62578,3.0118,0.1804
2489,-100,-95.0,40,2.75,3.0,-68.17,8.3123,-91,76.94,27.67,1.112452,0.775948,5.1417,0.1618
2490,-100,-95.0,40,2.75,3.5,-67.89,9.439,-92,75.83,29.02,0.975103,0.654833,4.0981,0.1698
2491,-100,-95.0,40,2.75,4.0,-66.96,8.9925,-92,77.34,27.19,0.998902,0.744413,5.7672,0.1385
2493,-100,-95.0,40,2.75,5.0,-67.65,9.4781,-97,75.74,29.1,0.943974,0.597948,2.2498,0.2065
2492,-100,-95.0,40,2.75,4.5,-67.83,9.4977,-98,76.79,27.85,1.062284,0.711018,4.2734,0.1654
2494,-100,-95.0,40,2.75,5.5,-66.87,9.4933,-95,76.62,28.05,1.046622,0.649072,2.9988,0.1702
2495,-100,-95.0,40,2.75,6.0,-67.22,10.2283,-100,76.53,28.17,1.029174,0.669951,3.8103,0.151
2496,-100,-95.0,40,2.75,6.5,-67.06,9.9014,-100,76.34,28.4,1.007569,0.649908,3.5132,0.1727
2497,-100,-95.0,40,2.75,7.0,-67.6,10.5732,-100,76.19,28.58,1.000062,0.623333,3.0789,0.1963
2498,-100,-95.0,40,2.75,7.5,-67.41,11.0144,-100,76.2,28.56,0.981509,0.656908,3.7224,0.1531
2499,-100,-95.0,40,2.75,8.0,-68.04,11.8088,-100,75.97,28.84,0.963497,0.616046,3.2266,0.1866
2500,-100,-95.0,40,2.75,8.5,-67.63,11.9763,-100,76.61,28.06,0.99899,0.676705,4.8413,0.1468
2502,-100,-95.0,40,2.75,9.5,-67.57,12.077,-100,76.37,28.36,1.004999,0.64695,3.8891,0.1829
2501,-100,-95.0,40,2.75,9.0,-67.42,11.8939,-100,77.29,27.25,1.116553,0.730733,4.2659,0.136
2503,-100,-95.0,40,2.75,10.0,-67.44,13.0686,-100,76.44,28.28,1.019507,0.654841,3.0927,0.171
2504,-100,-95.0,40,2.75,10.5,-67.51,13.2256,-100,75.75,29.1,1.036941,0.667891,3.8335,0.1784
2505,-100,-95.0,40,2.75,11.0,-67.41,13.6584,-100,76.12,28.67,1.033787,0.658467,3.2136,0.1785
2506,-100,-95.0,40,2.75,11.5,-67.26,13.7085,-100,75.88,28.94,1.005542,0.68891,4.7461,0.1585
2507,-100,-95.0,40,2.75,12.0,-67.03,14.2202,-100,76.5,28.2,1.031033,0.682889,4.3743,0.1726
2508,-100,-95.0,40,2.75,12.5,-67.53,14.8099,-100,77.19,27.38,1.060538,0.640155,2.326,0.1941
2510,-100,-95.0,40,2.75,13.5,-67.44,15.3976,-100,76.39,28.33,1.035127,0.679679,3.5033,0.1594
2509,-100,-95.0,40,2.75,13.0,-67.78,15.1796,-100,76.74,27.91,1.102364,0.720427,4.2749,0.1625
2511,-100,-95.0,40,2.75,14.0,-67.88,15.7219,-100,77.07,27.51,1.062647,0.741879,5.1777,0.1387
2512,-100,-95.0,40,3.0,1.0,-64.55,8.5356,-79,76.36,28.37,1.04121,0.685836,4.0767,0.1908
2513,-100,-95.0,40,3.0,1.5,-64.95,8.7674,-83,75.81,29.03,0.977156,0.710123,5.2782,0.1299
2514,-100,-95.0,40,3.0,2.0,-64.84,8.5611,-83,76.58,28.12,0.958776,0.616453,3.093,0.1716
2515,-100,-95.0,40,3.0,2.5,-64.9,8.9847,-86,77.01,27.59,1.032427,0.63727,2.7279,0.1862
2516,-100,-95.0,40,3.0,3.0,-65.32,9.9622,-87,76.92,27.68,1.074376,0.690338,3.7677,0.1714
2517,-100,-95.0,40,3.0,3.5,-64.94,9.6556,-88,75.93,28.89,0.933864,0.655552,4.3802,0.1627
2518,-100,-95.0,40,3.0,4.0,-65.05,9.7532,-90,76.34,28.39,0.976069,0.629429,2.9192,0.1997
2519,-100,-95.0,40,3.0,4.5,-64.76,9.4992,-91,76.11,28.67,1.03103,0.65556,3.7108,0.1715
2520,-100,-95.0,40,3.0,5.0,-64.9,10.2641,-97,75.61,29.26,0.9759,0.65239,4.3387,0.1691
2522,-100,-95.0,40,3.0,6.0,-64.67,10.7527,-94,76.06,28.73,0.92351,0.611351,3.5685,0.1779
2521,-100,-95.0,40,3.0,5.5,-64.86,10.452,-94,76.6,28.08,1.040794,0.642331,2.8671,0.188
2524,-100,-95.0,40,3.0,7.0,-64.75,11.2423,-100,75.27,29.67,0.974678,0.671746,4.3552,0.1697
2523,-100,-95.0,40,3.0,6.5,-64.16,10.8329,-98,76.58,28.09,1.034148,0.705466,4.9685,0.1691
2525,-100,-95.0,40,3.0,7.5,-64.87,11.2898,-100,76.62,28.05,1.019006,0.671681,4.0981,0.1592
2526,-100,-95.0,40,3.0,8.0,-64.84,11.7008,-100,76.3,28.44,1.013981,0.666677,3.6236,0.1747
2527,-100,-95.0,40,3.0,8.5,-64.43,11.9697,-100,75.83,29.01,0.975631,0.623477,3.3356,0.1751
2529,-100,-95.0,40,3.0,9.5,-65.04,12.4074,-100,76.02,28.77,1.00569,0.710069,4.6603,0.1498
2528,-100,-95.0,40,3.0,9.0,-64.44,12.8272,-100,76.01,28.78,1.012457,0.622766,2.8913,0.1939
2530,-100,-95.0,40,3.0,10.0,-64.96,13.0542,-100,76.65,28.01,1.016221,0.628603,2.9057,0.1841
2531,-100,-95.0,40,3.0,10.5,-64.57,13.9741,-100,76.65,28.02,0.989059,0.623472,3.215,0.1942
2532,-100,-95.0,40,3.0,11.0,-64.51,13.7018,-100,75.71,29.15,0.995008,0.656138,3.9358,0.1837
2534,-100,-95.0,40,3.0,12.0,-65.2,14.9863,-100,75.96,28.85,1.01556,0.649468,3.6055,0.1764
2533,-100,-95.0,40,3.0,11.5,-64.88,14.0223,-100,76.17,28.59,1.054977,0.661884,3.7158,0.1938
2535,-100,-95.0,40,3.0,12.5,-63.96,15.1003,-100,76.43,28.29,1.004522,0.660705,3.5529,0.1506
2536,-100,-95.0,40,3.0,13.0,-64.32,15.2487,-100,76.14,28.63,1.0213,0.677648,4.4569,0.1658
2538,-100,-95.0,40,3.0,14.0,-64.46,16.0163,-100,76.45,28.26,1.044036,0.679644,3.7838,0.1571
2537,-100,-95.0,40,3.0,13.5,-64.74,15.714,-100,76.34,28.4,1.00972,0.634344,2.9935,0.1885
2539,-100,-95.0,40,3.25,1.0,-61.52,9.0911,-76,76.58,28.11,1.039323,0.686336,4.3721,0.1667
2540,-100,-95.0,40,3.25,1.5,-61.56,9.5346,-80,76.21,28.55,0.990355,0.609964,1.9558,0.2041
2541,-100,-95.0,40,3.25,2.0,-61.88,9.5159,-84,76.11,28.66,0.962395,0.649316,4.3023,0.1659
2542,-100,-95.0,40,3.25,2.5,-61.87,9.9368,-83,76.51,28.19,0.996094,0.701683,4.9011,0.1491
2543,-100,-95.0,40,3.25,3.0,-61.54,9.8771,-84,76.95,27.66,0.986781,0.652739,3.5142,0.1709
2544,-100,-95.0,40,3.25,3.5,-61.95,9.9579,-88,76.29,28.44,0.998257,0.69785,4.7394,0.1467
2545,-100,-95.0,40,3.25,4.0,-61.72,10.4147,-88,76.29,28.46,1.025108,0.680269,4.6461,0.1682
2546,-100,-95.0,40,3.25,4.5,-61.87,10.6503,-90,75.96,28.85,0.975105,0.591507,1.944,0.1977
2547,-100,-95.0,40,3.25,5.0,-61.76,10.5624,-93,75.8,29.03,0.948618,0.600775,2.7288,0.1891
2548,-100,-95.0,40,3.25,5.5,-62.38,10.802,-93,76.17,28.59,0.952185,0.597396,2.5753,0.1828
2549,-100,-95.0,40,3.25,6.0,-61.93,11.3317,-96,75.89,28.93,0.930318,0.598681,3.0778,0.1916
2550,-100,-95.0,40,3.25,6.5,-61.6,11.4857,-97,76.41,28.31,1.035095,0.69778,4.6465,0.1858
2551,-100,-95.0,40,3.25,7.0,-61.72,11.7824,-98,76.26,28.48,0.981023,0.67321,4.2675,0.1869
2552,-100,-95.0,40,3.25,7.5,-61.58,11.8924,-99,76.35,28.37,0.990783,0.683696,4.5196,0.1653
2553,-100,-95.0,40,3.25,8.0,-61.94,11.862,-100,76.65,28.01,0.990819,0.663509,3.9282,0.163
2555,-100,-95.0,40,3.25,9.0,-61.49,13.024,-100,75.98,28.82,1.011452,0.772993,6.2806,0.1569
2554,-100,-95.0,40,3.25,8.5,-62.26,12.5735,-100,76.32,28.42,0.995128,0.623041,2.772,0.1869
2556,-100,-95.0,40,3.25,9.5,-61.61,13.5375,-100,76.34,28.39,0.967595,0.629555,2.9982,0.1709
2557,-100,-95.0,40,3.25,10.0,-62.03,13.7149,-100,76.09,28.7,0.985575,0.610246,2.4613,0.1919
2558,-100,-95.0,40,3.25,10.5,-61.66,14.1062,-100,75.86,28.96,1.006649,0.634683,3.4221,0.194
2559,-100,-95.0,40,3.25,11.0,-62.03,14.8227,-100,75.87,28.95,0.996881,0.605876,2.233,0.2081
2560,-100,-95.0,40,3.25,11.5,-62.29,15.0275,-100,76.42,28.31,0.986155,0.647753,3.7563,0.1755
2561,-100,-95.0,40,3.25,12.0,-61.45,15.3885,-100,76.03,28.76,1.000838,0.621366,2.2198,0.1972
2562,-100,-95.0,40,3.25,12.5,-62.27,15.9563,-100,76.38,28.34,1.061,0.655928,3.2732,0.197
2563,-100,-95.0,40,3.25,13.0,-61.31,15.5355,-100,76.73,27.92,1.030625,0.648939,2.9505,0.1759
2564,-100,-95.0,40,3.25,13.5,-61.46,16.2787,-100,76.84,27.79,1.110043,0.771222,5.4619,0.1502
2565,-100,-95.0,40,3.25,14.0,-61.64,16.6029,-100,76.51,28.19,0.994354,0.61842,3.1508,0.1811
2566,-100,-95.0,40,3.5,1.0,-59.15,9.9252,-75,76.51,28.18,1.005088,0.630894,3.1568,0.1828
2567,-100,-95.0,40,3.5,1.5,-59.37,10.3716,-78,76.69,27.98,1.021628,0.618208,2.4838,0.1789
2568,-100,-95.0,40,3.5,2.0,-59.05,9.8377,-79,76.42,28.29,0.991507,0.62536,3.4071,0.1682
2569,-100,-95.0,40,3.5,2.5,-59.31,10.1866,-81,75.49,29.41,0.952485,0.599647,3.2735,0.1991
2570,-100,-95.0,40,3.5,3.0,-59.19,10.302,-82,76.53,28.16,1.01602,0.659529,3.3389,0.1648
2572,-100,-95.0,40,3.5,4.0,-58.48,10.8767,-86,76.17,28.59,0.989205,0.622698,2.5341,0.1902
2571,-100,-95.0,40,3.5,3.5,-59.62,10.8678,-86,76.28,28.46,0.988704,0.599867,1.996,0.2088
2573,-100,-95.0,40,3.5,4.5,-59.15,11.1634,-87,76.77,27.87,1.01132,0.660817,3.4498,0.1742
2574,-100,-95.0,40,3.5,5.0,-58.72,10.6303,-92,76.02,28.78,1.063611,0.741551,5.955,0.1494
2575,-100,-95.0,40,3.5,5.5,-58.76,11.2001,-93,76.43,28.28,0.969862,0.607796,2.4398,0.1852
2576,-100,-95.0,40,3.5,6.0,-59.06,11.75,-93,76.52,28.17,1.026444,0.653632,3.7867,0.1708
2577,-100,-95.0,40,3.5,6.5,-59.25,11.954,-93,76.56,28.13,1.043552,0.667308,3.8359,0.1702
2578,-100,-95.0,40,3.5,7.0,-58.95,12.7805,-96,75.86,28.96,1.045859,0.797576,6.7384,0.1206
2579,-100,-95.0,40,3.5,7.5,-58.92,12.4428,-99,75.56,29.34,0.945518,0.601738,2.7639,0.2019
2580,-100,-95.0,40,3.5,8.0,-59.29,12.9916,-100,76.26,28.5,0.950349,0.592139,1.934,0.2033
2581,-100,-95.0,40,3.5,8.5,-59.13,12.7801,-100,76.17,28.6,0.993072,0.646772,3.4856,0.1954
2582,-100,-95.0,40,3.5,9.0,-58.66,13.2289,-100,76.03,28.77,0.985515,0.65302,4.313,0.1759
2583,-100,-95.0,40,3.5,9.5,-59.39,13.8079,-100,76.03,28.77,0.99308,0.673668,4.4729,0.164
2584,-100,-95.0,40,3.5,10.0,-58.86,14.4224,-100,76.07,28.72,0.95255,0.613043,3.2889,0.1796
2585,-100,-95.0,40,3.5,10.5,-59.12,14.7403,-100,76.44,28.27,0.994985,0.60854,2.1434,0.2034
2586,-100,-95.0,40,3.5,11.0,-59.43,14.7277,-100,76.31,28.42,0.987737,0.634552,3.0025,0.1853
2588,-100,-95.0,40,3.5,12.0,-59.16,15.3561,-100,76.62,28.05,0.997478,0.644218,3.2191,0.1778
2587,-100,-95.0,40,3.5,11.5,-59.04,15.332,-100,75.84,28.99,0.959921,0.628761,3.9782,0.1656
2589,-100,-95.0,40,3.5,12.5,-59.14,16.2968,-100,76.15,28.62,1.00253,0.624215,2.46,0.1911
2590,-100,-95.0,40,3.5,13.0,-59.13,16.1603,-100,76.69,27.96,1.007857,0.62396,2.4953,0.1904
2591,-100,-95.0,40,3.5,13.5,-58.95,17.1689,-100,75.77,29.07,0.976015,0.648954,3.2479,0.1629
2592,-100,-95.0,40,3.5,14.0,-59.03,17.5959,-100,76.17,28.6,1.005414,0.677192,4.7265,0.1449
2593,-100,-95.0,40,3.75,1.0,-56.3,9.8291,-72,76.1,28.68,0.968617,0.605086,2.5818,0.1912
2594,-100,-95.0,40,3.75,1.5,-56.02,11.4093,-75,76.49,28.22,1.004529,0.706007,5.1157,0.164
2595,-100,-95.0,40,3.75,2.0,-56.48,12.2943,-78,76.66,28.01,1.065609,0.76157,5.597,0.1572
2596,-100,-95.0,40,3.75,2.5,-56.55,11.4071,-79,76.79,27.85,1.022242,0.706353,4.1881,0.1558
2598,-100,-95.0,40,3.75,3.5,-56.44,12.0541,-83,76.51,28.17,1.021075,0.720957,5.1336,0.1523
2597,-100,-95.0,40,3.75,3.0,-56.34,11.3805,-80,76.17,28.6,1.005606,0.692025,5.0216,0.1686
2599,-100,-95.0,40,3.75,4.0,-56.17,11.4607,-84,76.03,28.76,0.973299,0.608326,2.9777,0.1954
2600,-100,-95.0,40,3.75,4.5,-56.22,12.2524,-86,76.33,28.41,0.957126,0.622682,3.7055,0.1767
2601,-100,-95.0,40,3.75,5.0,-56.37,11.6051,-87,75.59,29.29,0.969804,0.613843,2.7964,0.1943
2602,-100,-95.0,40,3.75,5.5,-56.42,12.7333,-89,75.71,29.14,0.944272,0.638445,4.365,0.1626
2603,-100,-95.0,40,3.75,6.0,-56.08,11.9103,-91,75.74,29.12,0.93793,0.606785,2.8443,0.1994
2604,-100,-95.0,40,3.75,6.5,-55.93,13.1206,-90,76.48,28.23,1.008095,0.664564,3.8304,0.1771
2605,-100,-95.0,40,3.75,7.0,-55.92,12.449,-95,76.14,28.63,0.954922,0.743126,6.5926,0.1378
2606,-100,-95.0,40,3.75,7.5,-56.18,13.1146,-98,76.43,28.29,0.988385,0.609791,1.9071,0.1993
2607,-100,-95.0,40,3.75,8.0,-56.04,13.5421,-100,75.69,29.16,0.973038,0.635687,3.7945,0.1955
2608,-100,-95.0,40,3.75,8.5,-56.46,13.8118,-100,76.82,27.82,1.008246,0.620438,2.4372,0.1938
2609,-100,-95.0,40,3.75,9.0,-56.33,14.4166,-100,76.93,27.68,1.010647,0.630863,2.83,0.1715
2610,-100,-95.0,40,3.75,9.5,-55.97,14.6824,-100,76.82,27.82,1.025497,0.668215,4.2659,0.1575
2611,-100,-95.0,40,3.75,10.0,-56.09,14.5669,-100,76.22,28.55,0.968339,0.638041,3.647,0.1734
2612,-100,-95.0,40,3.75,10.5,-56.36,15.1237,-100,75.99,28.82,0.978039,0.615777,2.31,0.2011
2613,-100,-95.0,40,3.75,11.0,-55.94,15.2473,-100,76.55,28.14,1.006596,0.667137,4.0333,0.1601
2614,-100,-95.0,40,3.75,11.5,-56.45,15.6672,-100,76.21,28.55,1.003934,0.654959,3.7692,0.1729
2615,-100,-95.0,40,3.75,12.0,-55.93,16.715,-100,76.16,28.61,0.980737,0.632513,3.1088,0.1653
2616,-100,-95.0,40,3.75,12.5,-56.29,17.09,-100,76.03,28.76,1.006984,0.704017,4.8616,0.1577
2617,-100,-95.0,40,3.75,13.0,-55.59,16.3626,-100,76.42,28.3,1.006226,0.65067,3.4616,0.186
2618,-100,-95.0,40,3.75,13.5,-55.61,17.2169,-100,76.42,28.3,1.015447,0.652915,3.2791,0.1701
2619,-100,-95.0,40,3.75,14.0,-56.05,17.4906,-100,76.06,28.73,0.944328,0.583374,2.2096,0.1918
2620,-100,-95.0,40,4.0,1.0,-53.4,11.2798,-74,76.05,28.74,0.945377,0.600138,2.7187,0.1789
2621,-100,-95.0,40,4.0,1.5,-53.4,11.792,-75,76.43,28.28,1.009015,0.644232,3.041,0.175
2622,-100,-95.0,40,4.0,2.0,-53.47,10.9005,-75,75.87,28.95,0.975499,0.602901,2.498,0.1974
2624,-100,-95.0,40,4.0,3.0,-53.45,12.25,-78,76.46,28.25,1.01051,0.671317,4.0373,0.155
2623,-100,-95.0,40,4.0,2.5,-53.35,12.3624,-79,76.83,27.82,1.011483,0.63104,2.8869,0.1864
2626,-100,-95.0,40,4.0,4.0,-53.42,12.0184,-81,76.69,27.98,1.010364,0.643064,3.1254,0.1764
2625,-100,-95.0,40,4.0,3.5,-53.45,12.605,-79,76.61,28.07,0.986229,0.701819,4.7165,0.1502
2627,-100,-95.0,40,4.0,4.5,-52.63,12.2189,-85,75.87,28.95,0.949331,0.613028,3.4722,0.1806
2628,-100,-95.0,40,4.0,5.0,-53.13,12.0157,-86,76.73,27.92,1.038543,0.72662,5.0831,0.1588
2629,-100,-95.0,40,4.0,5.5,-53.53,12.3742,-90,76.17,28.59,0.982252,0.632408,3.7855,0.1667
2630,-100,-95.0,40,4.0,6.0,-53.24,12.9142,-91,75.85,28.98,0.925164,0.637071,4.3425,0.1353
2631,-100,-95.0,40,4.0,6.5,-53.06,12.9356,-91,76.17,28.59,0.984947,0.625035,2.9373,0.1983
2632,-100,-95.0,40,4.0,7.0,-52.98,13.1785,-91,76.07,28.72,0.964448,0.58364,1.5994,0.1999
2633,-100,-95.0,40,4.0,7.5,-53.3,14.0576,-100,76.04,28.75,0.958751,0.679854,4.7631,0.1583
2634,-100,-95.0,40,4.0,8.0,-53.65,14.3135,-94,76.15,28.61,0.989343,0.613328,2.6165,0.2025
2635,-100,-95.0,40,4.0,8.5,-53.19,14.7533,-94,76.05,28.74,0.963115,0.656653,4.7754,0.1671
2636,-100,-95.0,40,4.0,9.0,-53.18,14.9595,-99,76.75,27.9,0.99328,0.613033,2.4486,0.1984
2638,-100,-95.0,40,4.0,10.0,-53.07,15.2912,-100,76.19,28.59,0.978502,0.642704,3.8298,0.1705
2637,-100,-95.0,40,4.0,9.5,-53.13,15.476,-100,76.2,28.56,0.980129,0.607907,2.7102,0.1876
2639,-100,-95.0,40,4.0,10.5,-52.62,15.4708,-100,76.75,27.9,1.042208,0.720068,4.7903,0.1572
2640,-100,-95.0,40,4.0,11.0,-52.84,16.1787,-100,76.46,28.26,1.008655,0.644054,3.7146,0.1847
2641,-100,-95.0,40,4.0,11.5,-53.41,16.2103,-100,76.64,28.02,1.004481,0.626097,2.3738,0.1873
2642,-100,-95.0,40,4.0,12.0,-52.37,16.3697,-100,76.57,28.11,0.986008,0.638927,3.4598,0.1673
2643,-100,-95.0,40,4.0,12.5,-53.26,16.4147,-100,76.48,28.21,1.01047,0.671324,4.0739,0.1775
2644,-100,-95.0,40,4.0,13.0,-53.59,17.4389,-100,75.7,29.16,0.963627,0.611329,3.0,0.1892
2645,-100,-95.0,40,4.0,13.5,-53.1,18.0135,-100,76.18,28.58,0.993296,0.645844,3.8928,0.173
2646,-100,-95.0,40,4.0,14.0,-53.4,18.0163,-100,74.92,30.1,0.939267,0.603029,3.3139,0.1779
2648,-100,-95.0,40,4.25,1.5,-50.24,12.5875,-71,76.65,28.02,0.971175,0.610728,2.7339,0.1853
2647,-100,-95.0,40,4.25,1.0,-50.74,12.9687,-70,76.35,28.38,0.977625,0.620056,2.8356,0.1858
2649,-100,-95.0,40,4.25,2.0,-50.88,12.893,-74,76.53,28.16,0.975647,0.684754,4.8738,0.1561
2651,-100,-95.0,40,4.25,3.0,-50.23,12.7628,-77,75.29,29.65,0.984339,0.675581,4.8303,0.1692
2650,-100,-95.0,40,4.25,2.5,-50.57,12.418,-75,76.41,28.3,1.035112,0.716153,4.6823,0.147
2652,-100,-95.0,40,4.25,3.5,-50.67,12.8882,-77,76.14,28.63,0.986761,0.626429,3.3176,0.176
2653,-100,-95.0,40,4.25,4.0,-50.51,12.5614,-79,76.96,27.67,1.038365,0.651996,3.1395,0.1753
2655,-100,-95.0,40,4.25,5.0,-50.09,12.8597,-86,76.01,28.78,0.963403,0.601947,2.4911,0.2093
2654,-100,-95.0,40,4.25,4.5,-50.55,12.4474,-80,76.67,28.0,0.990895,0.620147,3.0226,0.1588
2656,-100,-95.0,40,4.25,5.5,-49.75,13.136,-84,75.53,29.36,0.963153,0.629518,3.5538,0.1692
2657,-100,-95.0,40,4.25,6.0,-50.3,14.0213,-86,76.74,27.91,1.071396,0.782897,5.9211,0.1685
2658,-100,-95.0,40,4.25,6.5,-50.77,14.052,-88,76.14,28.64,0.963131,0.595195,2.3346,0.1746
2660,-100,-95.0,40,4.25,7.5,-50.16,14.3427,-93,75.83,29.0,0.987818,0.661481,4.2339,0.1893
2661,-100,-95.0,40,4.25,8.0,-50.04,14.483,-100,75.66,29.21,0.915471,0.582694,2.6443,0.2039
2659,-100,-95.0,40,4.25,7.0,-50.37,13.5379,-93,76.53,28.16,1.040731,0.72282,5.0517,0.158
2662,-100,-95.0,40,4.25,8.5,-50.09,14.5955,-98,76.23,28.53,0.947619,0.632154,3.8962,0.1803
2663,-100,-95.0,40,4.25,9.0,-50.13,15.2326,-99,76.55,28.14,0.995363,0.629055,3.2841,0.1678
2664,-100,-95.0,40,4.25,9.5,-50.12,15.1237,-100,76.57,28.11,0.987973,0.641129,3.9266,0.1768
2665,-100,-95.0,40,4.25,10.0,-50.36,15.4033,-100,76.91,27.72,1.019302,0.671383,3.9059,0.1526
2667,-100,-95.0,40,4.25,11.0,-49.69,16.1653,-100,76.58,28.11,0.983168,0.638662,3.3601,0.1787
2666,-100,-95.0,40,4.25,10.5,-49.89,16.1585,-100,76.48,28.23,1.033334,0.626888,2.0951,0.1898
2668,-100,-95.0,40,4.25,11.5,-50.27,16.7953,-100,75.83,29.0,0.95614,0.614475,2.9221,0.1765
2669,-100,-95.0,40,4.25,12.0,-50.73,17.4219,-100,76.27,28.48,0.989276,0.606676,2.3143,0.1913
2670,-100,-95.0,40,4.25,12.5,-50.84,17.7647,-100,77.03,27.56,1.015937,0.654523,3.6578,0.1741
2672,-100,-95.0,40,4.25,13.5,-50.61,18.1777,-100,76.5,28.2,0.979471,0.630442,3.3586,0.1753
2671,-100,-95.0,40,4.25,13.0,-50.28,17.5729,-100,76.37,28.36,1.063885,0.661246,3.6849,0.185
2673,-100,-95.0,40,4.25,14.0,-50.28,18.7357,-100,76.58,28.1,1.052638,0.787868,6.3025,0.1328
2674,-100,-95.0,40,4.5,1.0,-47.67,13.6798,-68,75.7,29.16,0.957069,0.660008,5.0735,0.1606
2675,-100,-95.0,40,4.5,1.5,-47.48,12.7265,-67,76.61,28.06,0.961973,0.63068,3.3669,0.1719
2676,-100,-95.0,40,4.5,2.0,-47.18,13.2971,-71,76.4,28.33,0.999615,0.63906,3.1302,0.1939
2677,-100,-95.0,40,4.5,2.5,-47.64,13.3018,-73,76.44,28.27,1.019257,0.696952,4.4466,0.1627
2678,-100,-95.0,40,4.5,3.0,-47.52,13.1327,-71,76.2,28.56,1.025744,0.64552,3.2175,0.183
2680,-100,-95.0,40,4.5,4.0,-47.57,13.5076,-77,75.82,29.01,0.961414,0.671562,4.9027,0.1438
2679,-100,-95.0,40,4.5,3.5,-47.63,13.7778,-78,74.86,30.16,0.972308,0.635334,4.0358,0.2013
2681,-100,-95.0,40,4.5,4.5,-47.72,13.9333,-81,76.37,28.35,0.975172,0.601984,2.1666,0.1907
2684,-100,-95.0,40,4.5,6.0,-48.05,14.0281,-87,75.54,29.35,0.926985,0.628559,4.3348,0.1732
2682,-100,-95.0,40,4.5,5.0,-47.91,13.7854,-84,76.96,27.65,1.022961,0.637891,2.9521,0.1648
2683,-100,-95.0,40,4.5,5.5,-47.88,14.1688,-85,75.73,29.12,0.930856,0.575461,1.988,0.2042
2685,-100,-95.0,40,4.5,6.5,-47.4,14.1619,-87,76.4,28.33,1.018666,0.691687,4.6257,0.1425
2687,-100,-95.0,40,4.5,7.5,-47.04,15.0913,-91,75.66,29.2,0.938209,0.622571,3.6185,0.1892
2686,-100,-95.0,40,4.5,7.0,-47.77,15.328,-92,75.63,29.25,0.947081,0.627091,3.5339,0.2073
2688,-100,-95.0,40,4.5,8.0,-47.35,15.6718,-92,76.07,28.71,0.99099,0.651052,3.7154,0.1861
2689,-100,-95.0,40,4.5,8.5,-47.18,15.22,-93,76.08,28.7,0.992647,0.610735,2.6374,0.191
2690,-100,-95.0,40,4.5,9.0,-47.32,15.7362,-92,76.12,28.66,1.013977,0.664355,4.5708,0.1697
2691,-100,-95.0,40,4.5,9.5,-47.66,16.0392,-99,75.94,28.87,0.970251,0.604374,2.7134,0.1805
2692,-100,-95.0,40,4.5,10.0,-47.5,16.5568,-96,76.16,28.6,0.967601,0.610153,3.162,0.1744
2693,-100,-95.0,40,4.5,10.5,-47.09,16.7387,-100,76.53,28.17,0.999746,0.681747,4.7595,0.1557
2695,-100,-95.0,40,4.5,11.5,-47.3,17.052,-100,76.65,28.02,1.033269,0.757608,5.8362,0.1433
2694,-100,-95.0,40,4.5,11.0,-47.12,15.9677,-100,76.08,28.71,1.012876,0.747155,6.276,0.1393
2696,-100,-95.0,40,4.5,12.0,-47.51,17.673,-100,76.15,28.61,0.94257,0.615953,3.2008,0.1754
2697,-100,-95.0,40,4.5,12.5,-47.89,18.0296,-100,75.53,29.36,0.927193,0.605316,3.4421,0.1739
2699,-100,-95.0,40,4.5,13.5,-47.95,19.3413,-100,76.03,28.76,0.946364,0.654562,4.386,0.1433
2698,-100,-95.0,40,4.5,13.0,-47.43,18.5809,-100,76.16,28.6,0.917338,0.616464,3.7454,0.1824
2700,-100,-95.0,40,4.5,14.0,-47.07,19.0111,-100,75.12,29.86,0.915062,0.633181,4.3589,0.1544
2701,-100,-95.0,40,4.75,1.0,-44.64,13.9988,-65,75.91,28.92,0.967193,0.6767,4.7374,0.1574
2702,-100,-95.0,40,4.75,1.5,-44.93,13.7539,-68,76.79,27.85,0.997119,0.68992,4.6313,0.1581
2703,-100,-95.0,40,4.75,2.0,-44.49,13.7436,-67,76.34,28.39,1.003096,0.62954,3.3452,0.1761
2704,-100,-95.0,40,4.75,2.5,-44.61,13.5289,-72,76.2,28.55,0.96058,0.606022,2.8911,0.1914
2705,-100,-95.0,40,4.75,3.0,-44.54,13.926,-74,76.65,28.02,0.988438,0.635026,3.4415,0.1807
2707,-100,-95.0,40,4.75,4.0,-44.79,14.5966,-74,75.68,29.19,0.936347,0.638606,4.3226,0.1643
2706,-100,-95.0,40,4.75,3.5,-44.79,14.101,-74,76.3,28.44,0.964603,0.609577,2.796,0.1885
2708,-100,-95.0,40,4.75,4.5,-44.44,14.2458,-80,75.83,29.0,0.983767,0.627643,3.3921,0.1897
2709,-100,-95.0,40,4.75,5.0,-44.33,15.353,-82,76.0,28.81,0.988518,0.649242,3.695,0.1871
2710,-100,-95.0,40,4.75,5.5,-44.55,15.0733,-84,76.16,28.6,0.989174,0.682629,4.8643,0.1755
2711,-100,-95.0,40,4.75,6.0,-44.33,14.3622,-82,76.54,28.16,1.034253,0.68261,4.1888,0.1632
2712,-100,-95.0,40,4.75,6.5,-44.26,14.9398,-86,76.34,28.39,0.997657,0.633406,3.3212,0.1646
2713,-100,-95.0,40,4.75,7.0,-44.52,15.4206,-87,75.79,29.04,0.989834,0.692445,4.7841,0.1717
2714,-100,-95.0,40,4.75,7.5,-44.66,15.4674,-91,75.12,29.85,0.941811,0.63819,4.6693,0.1841
2716,-100,-95.0,40,4.75,8.5,-44.46,16.2207,-89,76.43,28.29,0.964537,0.594956,2.01,0.1955
2715,-100,-95.0,40,4.75,8.0,-44.33,15.9234,-90,75.86,28.97,0.967405,0.643975,3.6552,0.1909
2717,-100,-95.0,40,4.75,9.0,-44.08,16.1088,-94,75.71,29.15,0.991782,0.631043,3.4969,0.195
2719,-100,-95.0,40,4.75,10.0,-44.32,16.4243,-99,75.57,29.32,0.909816,0.58041,2.1387,0.209
2718,-100,-95.0,40,4.75,9.5,-44.56,16.3764,-98,75.83,29.01,0.931841,0.618874,3.6971,0.1902
2720,-100,-95.0,40,4.75,10.5,-44.85,17.0982,-100,76.21,28.55,0.945108,0.600946,3.253,0.1885
2721,-100,-95.0,40,4.75,11.0,-44.31,17.5953,-100,76.09,28.69,0.942785,0.644257,4.336,0.1416
2722,-100,-95.0,40,4.75,11.5,-45.11,17.7418,-100,76.39,28.33,0.9656,0.637342,3.7105,0.177
2723,-100,-95.0,40,4.75,12.0,-44.74,18.2216,-100,76.07,28.72,0.949077,0.636249,3.8716,0.1739
2724,-100,-95.0,40,4.75,12.5,-44.92,18.6651,-100,75.66,29.21,0.9556,0.633185,4.1585,0.1806
2725,-100,-95.0,40,4.75,13.0,-44.48,18.9014,-100,76.37,28.36,1.002442,0.634222,3.3145,0.1825
2726,-100,-95.0,40,4.75,13.5,-44.2,19.5045,-100,76.1,28.68,0.952898,0.602483,2.4331,0.2004
2728,-100,-95.0,40,5.0,1.0,-41.64,14.0831,-65,76.35,28.37,0.963109,0.636774,3.6979,0.17
2727,-100,-95.0,40,4.75,14.0,-44.93,19.1491,-100,76.11,28.66,0.95268,0.613137,3.4252,0.1767
2729,-100,-95.0,40,5.0,1.5,-41.37,14.4889,-64,76.35,28.39,0.974385,0.621732,2.8438,0.1862
2730,-100,-95.0,40,5.0,2.0,-41.82,14.3726,-67,75.7,29.16,0.927817,0.575561,2.4154,0.2011
2731,-100,-95.0,40,5.0,2.5,-42.13,14.2084,-68,74.82,30.23,0.927801,0.618628,4.1226,0.1667
2733,-100,-95.0,40,5.0,3.5,-41.87,14.8377,-73,75.39,29.53,0.984942,0.688568,4.8629,0.152
2732,-100,-95.0,40,5.0,3.0,-41.39,14.7311,-74,76.74,27.91,1.014274,0.636743,2.6151,0.1925
2735,-100,-95.0,40,5.0,4.5,-42.12,15.7261,-76,76.1,28.68,1.015004,0.688437,5.2655,0.1659
2734,-100,-95.0,40,5.0,4.0,-42.13,14.7132,-71,75.52,29.38,0.917066,0.677961,5.6463,0.1569
2736,-100,-95.0,40,5.0,5.0,-42.0,15.4608,-79,75.9,28.92,0.939738,0.597438,2.5226,0.1906
2737,-100,-95.0,40,5.0,5.5,-41.37,15.1107,-79,75.24,29.71,0.92436,0.605093,3.2622,0.1853
2738,-100,-95.0,40,5.0,6.0,-41.89,15.3797,-84,75.45,29.47,0.957129,0.605676,3.3985,0.2013
2740,-100,-95.0,40,5.0,7.0,-41.21,15.3605,-89,75.84,28.99,0.92024,0.593488,3.3382,0.1821
2739,-100,-95.0,40,5.0,6.5,-41.67,15.6155,-85,75.96,28.84,0.961359,0.608816,2.8864,0.1916
2741,-100,-95.0,40,5.0,7.5,-41.76,16.5118,-89,76.4,28.33,0.956441,0.628364,3.619,0.16
2742,-100,-95.0,40,5.0,8.0,-41.38,15.5593,-92,75.67,29.2,0.963568,0.639661,4.0659,0.1935
2743,-100,-95.0,40,5.0,8.5,-41.56,16.5571,-95,76.39,28.33,0.974037,0.611516,2.9307,0.1768
2745,-100,-95.0,40,5.0,9.5,-42.1,17.2655,-95,76.51,28.2,1.067715,0.70548,4.4961,0.1673
2744,-100,-95.0,40,5.0,9.0,-41.54,17.017,-94,76.16,28.61,0.998648,0.647132,3.571,0.1717
2747,-100,-95.0,40,5.0,10.5,-41.42,17.4358,-97,76.62,28.06,1.022349,0.653501,3.3537,0.173
2746,-100,-95.0,40,5.0,10.0,-41.84,17.4004,-96,76.16,28.61,0.982978,0.600995,1.974,0.1913
2748,-100,-95.0,40,5.0,11.0,-41.96,18.4322,-100,76.36,28.36,0.981149,0.63832,3.7334,0.1826
2749,-100,-95.0,40,5.0,11.5,-41.7,18.0396,-100,75.39,29.52,0.946332,0.608668,3.467,0.1829
2750,-100,-95.0,40,5.0,12.0,-41.95,18.8548,-100,75.58,29.31,0.931939,0.567327,2.1685,0.2145
2751,-100,-95.0,40,5.0,12.5,-41.34,18.6962,-100,76.05,28.74,0.949482,0.60274,2.686,0.1837
2752,-100,-95.0,40,5.0,13.0,-41.62,18.9718,-100,75.09,29.9,0.957564,0.631483,4.1693,0.1868
2755,-100,-90.0,40,1.0,1.0,-87.67,2.8607,-97,79.52,24.57,1.406326,0.969217,9.5934,0.0239
2754,-100,-95.0,40,5.0,14.0,-41.87,20.4573,-100,75.46,29.45,0.962152,0.644044,4.206,0.1717
2753,-100,-95.0,40,5.0,13.5,-41.5,19.3972,-100,76.16,28.62,0.967882,0.622354,3.47,0.1894
2757,-100,-90.0,40,1.0,2.0,-87.85,3.9582,-99,79.8,24.24,1.653265,1.214094,9.4337,0.0927
2758,-100,-90.0,40,1.0,2.5,-87.78,4.5584,-100,80.08,23.9,1.606502,1.141582,9.1594,0.0629
2756,-100,-90.0,40,1.0,1.5,-87.67,3.5371,-98,80.38,23.55,1.515398,1.11254,9.4092,0.033
2759,-100,-90.0,40,1.0,3.0,-87.93,4.5925,-100,80.89,22.93,1.795348,1.312027,8.7375,0.0732
2760,-100,-90.0,40,1.0,3.5,-87.4,5.0255,-100,80.46,23.44,1.7265,1.076593,6.7388,0.0624
2761,-100,-90.0,40,1.0,4.0,-87.67,5.2276,-100,80.64,23.23,1.717549,1.221653,8.2573,0.0703
2763,-100,-90.0,40,1.0,5.0,-87.9,6.2974,-100,79.12,25.05,1.576814,1.311797,10.988,0.0829
2762,-100,-90.0,40,1.0,4.5,-87.44,5.511,-100,80.51,23.39,1.733531,1.260944,8.0385,0.0603
2764,-100,-90.0,40,1.0,5.5,-87.43,6.3114,-100,80.81,23.02,1.815711,1.23735,8.6621,0.103
2765,-100,-90.0,40,1.0,6.0,-87.23,7.0309,-100,79.69,24.38,1.63602,1.032196,7.4914,0.0984
2768,-100,-90.0,40,1.0,7.5,-87.04,7.7498,-100,80.49,23.41,1.867277,1.246782,7.5396,0.102
2767,-100,-90.0,40,1.0,7.0,-87.67,7.5558,-100,80.31,23.64,1.810151,1.022717,6.3044,0.1139
2766,-100,-90.0,40,1.0,6.5,-87.6,6.9876,-100,80.54,23.36,1.777836,1.150144,6.7906,0.0559
2770,-100,-90.0,40,1.0,8.5,-87.2,8.461,-100,81.01,22.79,1.875518,1.0372,5.2271,0.1111
2769,-100,-90.0,40,1.0,8.0,-87.63,7.9707,-100,81.43,22.28,1.921045,1.079553,6.3564,0.1159
2771,-100,-90.0,40,1.0,9.0,-86.89,8.8415,-100,80.94,22.87,1.872031,1.188981,6.4701,0.1062
2772,-100,-90.0,40,1.0,9.5,-86.1,9.2948,-100,77.97,26.43,1.644453,1.037476,6.6556,0.1164
2773,-100,-90.0,40,1.0,10.0,-86.81,9.5155,-100,79.93,24.09,1.783123,1.012756,5.774,0.1246
2774,-100,-90.0,40,1.0,10.5,-86.68,9.6949,-100,80.09,23.89,1.808617,1.014783,5.5164,0.1078
2776,-100,-90.0,40,1.0,11.5,-86.26,10.4758,-100,78.13,26.25,1.733361,0.942911,4.8742,0.1427
2775,-100,-90.0,40,1.0,11.0,-86.34,10.1991,-100,80.3,23.64,1.821259,1.003498,5.0019,0.1403
2778,-100,-90.0,40,1.0,12.5,-85.86,11.2268,-100,78.72,25.53,1.707122,1.04863,7.1253,0.1117
2777,-100,-90.0,40,1.0,12.0,-86.23,10.7869,-100,79.59,24.49,1.793784,1.06764,7.4617,0.1242
2780,-100,-90.0,40,1.0,13.5,-85.02,11.8808,-100,78.93,25.28,1.725425,0.990878,5.9172,0.1359
2781,-100,-90.0,40,1.0,14.0,-85.34,12.2634,-100,78.2,26.16,1.722582,0.938546,5.4326,0.164
2779,-100,-90.0,40,1.0,13.0,-85.57,11.5624,-100,79.14,25.04,1.677294,0.950842,5.887,0.1116
2783,-100,-90.0,40,1.25,1.5,-85.36,3.9046,-97,78.53,25.76,1.405363,0.965933,6.2776,0.1124
2782,-100,-90.0,40,1.25,1.0,-84.62,3.7128,-93,77.74,26.71,1.263105,0.783104,3.5237,0.1406
2784,-100,-90.0,40,1.25,2.0,-85.09,4.1944,-97,78.16,26.21,1.341568,0.988886,6.6894,0.1082
2785,-100,-90.0,40,1.25,2.5,-84.67,4.6513,-100,78.41,25.91,1.300031,0.848479,4.8956,0.1076
2786,-100,-90.0,40,1.25,3.0,-85.04,4.915,-100,77.9,26.52,1.358601,0.890069,5.3989,0.1148
2787,-100,-90.0,40,1.25,3.5,-85.42,5.6228,-100,79.57,24.52,1.551322,0.98524,5.6108,0.1279
2788,-100,-90.0,40,1.25,4.0,-84.96,5.556,-100,78.76,25.5,1.447849,0.975468,6.637,0.1047
2789,-100,-90.0,40,1.25,4.5,-84.67,6.0008,-100,78.69,25.58,1.459207,1.049855,7.2899,0.1082
2790,-100,-90.0,40,1.25,5.0,-84.64,6.4261,-100,79.66,24.41,1.541314,1.014101,5.726,0.0984
2792,-100,-90.0,40,1.25,6.0,-84.84,7.0711,-100,79.49,24.62,1.562328,0.97962,5.4498,0.1435
2793,-100,-90.0,40,1.25,6.5,-84.8,7.3428,-100,79.18,24.99,1.590435,0.948245,5.017,0.1424
2791,-100,-90.0,40,1.25,5.5,-84.45,6.6618,-100,79.06,25.13,1.539606,1.024584,6.206,0.1272
2794,-100,-90.0,40,1.25,7.0,-84.04,7.9299,-100,77.94,26.47,1.458454,0.919848,4.9891,0.1328
2795,-100,-90.0,40,1.25,7.5,-84.74,8.3747,-100,79.54,24.55,1.637456,0.996634,5.3442,0.1069
2796,-100,-90.0,40,1.25,8.0,-84.8,8.5606,-100,80.86,22.97,1.740405,1.009644,4.7222,0.1109
2797,-100,-90.0,40,1.25,8.5,-84.5,8.9879,-100,80.25,23.7,1.70202,1.058888,5.7354,0.119
2798,-100,-90.0,40,1.25,9.0,-84.39,9.4011,-100,79.73,24.33,1.678735,1.048585,5.9351,0.1158
2799,-100,-90.0,40,1.25,9.5,-84.26,9.7035,-100,80.51,23.39,1.784225,1.299532,7.8563,0.091
2800,-100,-90.0,40,1.25,10.0,-84.24,10.1645,-100,79.53,24.57,1.661592,0.928138,4.8946,0.1402
2804,-100,-90.0,40,1.25,12.0,-83.2,11.5697,-100,78.99,25.21,1.650278,1.324464,8.8226,0.0927
2801,-100,-90.0,40,1.25,10.5,-84.26,10.4748,-100,80.15,23.83,1.770236,1.147365,6.3571,0.1016
2802,-100,-90.0,40,1.25,11.0,-84.07,10.8718,-100,80.75,23.1,1.779092,0.95228,4.3489,0.137
2805,-100,-90.0,40,1.25,12.5,-83.73,11.8399,-100,79.6,24.49,1.733517,0.996595,5.1133,0.1295
2803,-100,-90.0,40,1.25,11.5,-83.78,11.1325,-100,79.94,24.07,1.742163,1.077136,6.4196,0.136
2806,-100,-90.0,40,1.25,13.0,-83.49,12.1634,-100,77.9,26.51,1.618045,0.919387,5.1523,0.1494
2807,-100,-90.0,40,1.25,13.5,-83.04,12.3961,-100,80.54,23.35,1.727003,0.963219,4.5384,0.1397
2808,-100,-90.0,40,1.25,14.0,-83.11,12.7439,-100,80.71,23.15,1.781353,1.196431,6.9213,0.098
2809,-100,-90.0,40,1.5,1.0,-82.55,4.642,-94,76.08,28.7,1.083331,0.687187,3.1345,0.1407
2810,-100,-90.0,40,1.5,1.5,-82.36,4.7026,-96,76.11,28.67,1.079665,0.688337,3.4491,0.1438
2811,-100,-90.0,40,1.5,2.0,-81.87,4.4338,-95,77.1,27.48,1.097293,0.675977,3.0145,0.1817
2812,-100,-90.0,40,1.5,2.5,-82.05,4.7789,-97,77.56,26.93,1.121977,0.802712,5.2085,0.1171
2813,-100,-90.0,40,1.5,3.0,-81.55,5.4006,-100,77.61,26.87,1.208578,0.828637,5.3741,0.1375
2817,-100,-90.0,40,1.5,5.0,-82.42,6.7862,-100,77.66,26.81,1.310934,0.858713,4.8579,0.1476
2814,-100,-90.0,40,1.5,3.5,-82.16,5.6931,-100,77.39,27.13,1.184999,0.842552,5.341,0.1369
2816,-100,-90.0,40,1.5,4.5,-82.18,6.8537,-100,77.81,26.63,1.289467,0.808491,4.1049,0.1551
2815,-100,-90.0,40,1.5,4.0,-82.38,5.8713,-100,77.36,27.18,1.253383,0.925104,6.4349,0.0919
2818,-100,-90.0,40,1.5,5.5,-81.63,7.3436,-100,78.15,26.22,1.299155,0.818411,4.2901,0.1324
2819,-100,-90.0,40,1.5,6.0,-81.68,7.0547,-100,77.94,26.47,1.300816,0.755635,2.6783,0.1647
2820,-100,-90.0,40,1.5,6.5,-82.13,7.62,-100,78.15,26.23,1.34337,0.82229,3.6237,0.146
2821,-100,-90.0,40,1.5,7.0,-82.19,8.6459,-100,77.31,27.22,1.350033,1.064094,7.5817,0.1074
2822,-100,-90.0,40,1.5,7.5,-81.7,8.6312,-100,77.68,26.79,1.38488,0.895106,5.288,0.1333
2823,-100,-90.0,40,1.5,8.0,-82.4,9.0414,-100,79.31,24.83,1.539739,1.018978,5.2591,0.1047
2824,-100,-90.0,40,1.5,8.5,-81.92,9.3364,-100,78.9,25.32,1.508721,0.982987,5.4746,0.1186
2828,-100,-90.0,40,1.5,10.5,-81.29,11.1703,-100,79.75,24.29,1.672088,1.325569,8.5612,0.0862
2825,-100,-90.0,40,1.5,9.0,-81.75,9.662,-100,79.95,24.06,1.602414,0.914727,3.7033,0.1217
2826,-100,-90.0,40,1.5,9.5,-82.09,10.1236,-100,79.05,25.13,1.501944,0.844769,3.8843,0.1506
2829,-100,-90.0,40,1.5,11.0,-81.7,11.3519,-100,79.7,24.36,1.641307,0.984911,5.2124,0.1416
2827,-100,-90.0,40,1.5,10.0,-81.19,10.4384,-100,77.93,26.49,1.431064,0.931216,5.1969,0.1361
2830,-100,-90.0,40,1.5,11.5,-81.4,11.5698,-100,80.01,24.0,1.634538,0.912182,3.8198,0.1372
2831,-100,-90.0,40,1.5,12.0,-80.85,12.013,-100,80.09,23.91,1.668097,1.08362,6.2309,0.1205
2832,-100,-90.0,40,1.5,12.5,-80.72,12.3107,-100,79.64,24.44,1.650524,0.953084,4.3453,0.137
2833,-100,-90.0,40,1.5,13.0,-81.0,12.8354,-100,78.72,25.55,1.614022,0.924892,4.8493,0.1466
2834,-100,-90.0,40,1.5,13.5,-80.51,13.1436,-100,79.77,24.27,1.650047,1.03053,4.9056,0.1175
2835,-100,-90.0,40,1.5,14.0,-80.76,13.3964,-100,80.17,23.78,1.679736,0.932838,4.3021,0.1468
2841,-100,-90.0,40,1.75,3.5,-79.43,6.2319,-99,77.05,27.53,1.070244,0.794524,5.7411,0.1351
2839,-100,-90.0,40,1.75,2.5,-79.32,5.6907,-96,77.12,27.46,1.055671,0.682044,3.6497,0.1575
2836,-100,-90.0,40,1.75,1.0,-78.76,5.1719,-90,76.27,28.47,1.00099,0.624658,2.7109,0.1818
2840,-100,-90.0,40,1.75,3.0,-78.88,6.2643,-96,76.95,27.67,1.092574,0.702847,3.9131,0.1712
2837,-100,-90.0,40,1.75,1.5,-79.72,5.999,-92,76.73,27.92,1.049713,0.650212,3.2186,0.1853
2838,-100,-90.0,40,1.75,2.0,-79.62,5.3133,-95,77.38,27.16,1.148784,0.811173,5.786,0.1086
2842,-100,-90.0,40,1.75,4.0,-79.45,6.222,-100,76.68,27.98,1.155254,0.891545,7.1887,0.1069
2843,-100,-90.0,40,1.75,4.5,-79.62,6.6779,-100,77.15,27.42,1.166632,0.704781,2.8578,0.1763
2844,-100,-90.0,40,1.75,5.0,-79.57,7.1207,-100,77.16,27.41,1.128353,0.764829,4.7229,0.1409
2845,-100,-90.0,40,1.75,5.5,-79.53,7.4211,-100,77.51,26.98,1.185416,0.74952,4.0589,0.1675
2846,-100,-90.0,40,1.75,6.0,-78.59,8.2257,-100,77.29,27.26,1.149675,0.794515,4.8808,0.1309
2847,-100,-90.0,40,1.75,6.5,-78.78,8.2663,-100,76.4,28.32,1.167284,0.732458,3.441,0.1972
2849,-100,-90.0,40,1.75,7.5,-79.67,9.0672,-100,76.77,27.87,1.272512,0.804673,5.0117,0.1618
2851,-100,-90.0,40,1.75,8.5,-78.76,10.0689,-100,77.35,27.18,1.28726,0.872628,5.7377,0.1294
2848,-100,-90.0,40,1.75,7.0,-79.48,9.0033,-100,78.06,26.32,1.300593,0.812435,4.232,0.1558
2850,-100,-90.0,40,1.75,8.0,-79.14,9.5407,-100,77.86,26.57,1.306793,0.80016,3.9153,0.1488
2852,-100,-90.0,40,1.75,9.0,-79.38,10.3207,-100,78.52,25.78,1.353904,0.84716,4.2753,0.154
2853,-100,-90.0,40,1.75,9.5,-79.21,10.6777,-100,78.65,25.61,1.407761,0.860674,4.6262,0.1388
2854,-100,-90.0,40,1.75,10.0,-78.37,11.0782,-100,78.46,25.85,1.40632,0.922877,5.3218,0.1338
2855,-100,-90.0,40,1.75,10.5,-78.81,11.3296,-100,78.76,25.48,1.411902,0.864675,4.233,0.1385
2856,-100,-90.0,40,1.75,11.0,-78.62,11.4618,-100,78.04,26.36,1.373127,0.870075,4.7344,0.1375
2857,-100,-90.0,40,1.75,11.5,-78.22,12.4771,-100,77.27,27.28,1.366084,0.86708,5.2688,0.1543
2859,-100,-90.0,40,1.75,12.5,-78.63,13.0739,-100,78.84,25.39,1.527909,1.055892,6.6049,0.0864
2858,-100,-90.0,40,1.75,12.0,-78.8,12.3104,-100,79.0,25.2,1.51513,0.886266,4.3002,0.1575
2860,-100,-90.0,40,1.75,13.0,-78.5,13.2353,-100,78.49,25.82,1.540933,1.032934,6.1418,0.1202
2862,-100,-90.0,40,1.75,14.0,-78.47,14.0665,-100,78.55,25.74,1.493732,0.892056,4.3642,0.1519
2861,-100,-90.0,40,1.75,13.5,-78.39,13.6224,-100,79.0,25.21,1.517298,0.880616,4.1062,0.1585
2863,-100,-90.0,40,2.0,1.0,-76.06,5.6872,-88,75.79,29.05,0.951096,0.610632,3.1504,0.1675
2864,-100,-90.0,40,2.0,1.5,-76.31,6.1542,-90,76.52,28.18,0.999696,0.638939,3.5022,0.1805
2865,-100,-90.0,40,2.0,2.0,-76.45,6.25,-91,76.84,27.79,1.007999,0.679327,4.5475,0.1389
2866,-100,-90.0,40,2.0,2.5,-76.72,6.3905,-95,76.46,28.24,1.004154,0.724634,4.9997,0.1503
2867,-100,-90.0,40,2.0,3.0,-76.06,6.7404,-97,76.14,28.65,1.049155,0.711266,4.8699,0.1698
2868,-100,-90.0,40,2.0,3.5,-76.46,6.7928,-97,76.49,28.2,1.020225,0.697679,4.412,0.1443
2869,-100,-90.0,40,2.0,4.0,-76.13,7.1794,-99,76.41,28.31,1.022844,0.664834,3.4825,0.1507
2871,-100,-90.0,40,2.0,5.0,-76.25,8.0926,-100,76.31,28.43,1.043839,0.676033,3.8237,0.1865
2870,-100,-90.0,40,2.0,4.5,-76.35,7.2739,-100,76.06,28.74,1.012945,0.660851,3.5079,0.1805
2872,-100,-90.0,40,2.0,5.5,-76.29,8.1363,-100,77.19,27.37,1.103975,0.672133,2.7283,0.1824
2873,-100,-90.0,40,2.0,6.0,-76.11,8.4737,-100,76.84,27.79,1.062954,0.646205,2.7655,0.1937
2874,-100,-90.0,40,2.0,6.5,-76.62,8.7345,-100,77.12,27.45,1.151636,0.708463,3.1277,0.1697
2876,-100,-90.0,40,2.0,7.5,-75.99,9.1855,-100,76.0,28.8,1.060891,0.663124,3.265,0.1907
2875,-100,-90.0,40,2.0,7.0,-75.89,9.4701,-100,77.2,27.36,1.126375,0.682665,2.6497,0.1863
2877,-100,-90.0,40,2.0,8.0,-76.03,10.2979,-100,77.38,27.15,1.189244,0.78813,4.5183,0.1386
2878,-100,-90.0,40,2.0,8.5,-76.48,10.3804,-100,77.86,26.55,1.204768,0.806056,4.5001,0.1554
2879,-100,-90.0,40,2.0,9.0,-76.03,10.6923,-100,76.99,27.62,1.140141,0.819376,5.9073,0.1323
2880,-100,-90.0,40,2.0,9.5,-75.65,11.0119,-100,76.94,27.67,1.218017,0.763526,3.9075,0.1626
2881,-100,-90.0,40,2.0,10.0,-76.7,11.3795,-100,77.9,26.53,1.290029,0.80447,4.1642,0.1608
2882,-100,-90.0,40,2.0,10.5,-75.96,11.7848,-100,78.05,26.34,1.290336,0.797475,3.864,0.1188
2883,-100,-90.0,40,2.0,11.0,-75.66,11.9988,-100,78.11,26.26,1.279598,0.783687,3.0783,0.1598
2884,-100,-90.0,40,2.0,11.5,-75.79,12.7549,-100,77.13,27.46,1.237156,0.762943,4.1567,0.1664
2885,-100,-90.0,40,2.0,12.0,-75.86,12.7516,-100,78.02,26.38,1.35191,0.813459,3.6422,0.1604
2887,-100,-90.0,40,2.0,13.0,-76.0,13.7061,-100,78.16,26.21,1.37092,0.905532,5.6168,0.1155
2886,-100,-90.0,40,2.0,12.5,-75.78,13.2905,-100,78.21,26.15,1.362004,0.813198,3.2815,0.1679
2888,-100,-90.0,40,2.0,13.5,-75.33,14.0956,-100,78.51,25.79,1.375642,0.865424,4.9048,0.1191
2889,-100,-90.0,40,2.0,14.0,-75.57,14.4544,-100,78.13,26.24,1.395223,0.857829,4.8469,0.1489
2890,-100,-90.0,40,2.25,1.0,-73.41,7.0549,-86,76.48,28.22,1.043125,0.66235,3.8362,0.1895
2891,-100,-90.0,40,2.25,1.5,-72.95,7.3735,-87,76.43,28.29,1.013946,0.69981,4.5286,0.1431
2892,-100,-90.0,40,2.25,2.0,-73.63,7.6262,-91,76.7,27.96,1.023294,0.681991,4.045,0.1661
2893,-100,-90.0,40,2.25,2.5,-73.26,7.3367,-91,76.89,27.73,0.996913,0.627762,2.7118,0.1874
2894,-100,-90.0,40,2.25,3.0,-73.45,7.3447,-93,76.39,28.34,1.020123,0.636148,2.7839,0.1889
2895,-100,-90.0,40,2.25,3.5,-73.26,7.1301,-94,76.97,27.64,1.038835,0.64685,2.7483,0.1847
2897,-100,-90.0,40,2.25,4.5,-73.3,8.4058,-99,76.39,28.33,1.056752,0.688844,3.7275,0.1798
2896,-100,-90.0,40,2.25,4.0,-73.89,7.6801,-100,76.48,28.23,1.003672,0.672943,4.5758,0.1603
2898,-100,-90.0,40,2.25,5.0,-73.37,8.3292,-100,75.27,29.67,0.965493,0.678562,4.4384,0.1824
2899,-100,-90.0,40,2.25,5.5,-73.49,8.5528,-100,76.5,28.2,1.037011,0.631585,2.2058,0.2006
2901,-100,-90.0,40,2.25,6.5,-73.41,9.2391,-100,76.87,27.76,1.055302,0.719056,4.256,0.141
2900,-100,-90.0,40,2.25,6.0,-73.24,9.2913,-100,77.15,27.42,1.067684,0.665894,3.0577,0.1763
2902,-100,-90.0,40,2.25,7.0,-72.88,9.6605,-100,77.28,27.26,1.106764,0.712336,4.0581,0.1623
2903,-100,-90.0,40,2.25,7.5,-73.6,10.0264,-100,77.05,27.55,1.076142,0.713218,4.3536,0.1634
2904,-100,-90.0,40,2.25,8.0,-73.18,10.5779,-100,76.97,27.63,1.101516,0.67046,2.7444,0.189
2905,-100,-90.0,40,2.25,8.5,-73.08,10.7815,-100,76.37,28.35,1.117403,0.734292,4.6821,0.1831
2907,-100,-90.0,40,2.25,9.5,-73.71,11.4996,-100,77.27,27.28,1.192363,0.785927,4.763,0.1738
2906,-100,-90.0,40,2.25,9.0,-73.59,11.2083,-100,77.36,27.17,1.18434,0.710482,2.861,0.1695
2908,-100,-90.0,40,2.25,10.0,-72.9,11.6375,-100,77.38,27.14,1.247462,0.848542,5.5749,0.1447
2910,-100,-90.0,40,2.25,11.0,-73.35,12.5705,-100,77.33,27.21,1.185898,0.857076,5.8003,0.1252
2909,-100,-90.0,40,2.25,10.5,-73.65,12.3445,-100,77.62,26.85,1.195562,0.776163,3.8678,0.1521
2911,-100,-90.0,40,2.25,11.5,-73.48,12.8936,-100,77.38,27.15,1.255768,0.806405,4.8414,0.1728
2912,-100,-90.0,40,2.25,12.0,-72.53,13.5648,-100,77.92,26.51,1.303879,0.912374,6.4139,0.1349
2913,-100,-90.0,40,2.25,12.5,-73.13,14.0495,-100,77.93,26.47,1.259413,0.776458,3.8484,0.1386
2914,-100,-90.0,40,2.25,13.0,-73.73,14.2331,-100,77.31,27.24,1.285325,0.913884,6.1955,0.1279
2915,-100,-90.0,40,2.25,13.5,-73.5,14.8342,-100,77.95,26.46,1.303037,0.804633,3.916,0.156
2916,-100,-90.0,40,2.25,14.0,-72.43,14.9173,-100,77.76,26.69,1.285024,0.807353,4.2735,0.1463
2917,-100,-90.0,40,2.5,1.0,-70.64,7.5454,-84,75.87,28.96,0.960342,0.614192,2.9619,0.1848
2921,-100,-90.0,40,2.5,3.0,-70.56,7.4756,-90,76.46,28.24,1.058393,0.736374,4.9858,0.1718
2918,-100,-90.0,40,2.5,1.5,-70.77,7.9354,-87,76.57,28.13,1.014605,0.719713,5.0466,0.149
2920,-100,-90.0,40,2.5,2.5,-70.24,7.6242,-89,76.35,28.37,0.988329,0.630742,3.1661,0.1911
2919,-100,-90.0,40,2.5,2.0,-71.01,7.6643,-90,76.42,28.29,1.033889,0.736534,5.5826,0.1633
2922,-100,-90.0,40,2.5,3.5,-70.63,7.6358,-90,76.57,28.12,1.017994,0.649086,3.2245,0.1867
2923,-100,-90.0,40,2.5,4.0,-70.43,8.3713,-95,76.74,27.92,1.027431,0.671406,3.3103,0.1588
2925,-100,-90.0,40,2.5,5.0,-70.71,8.6819,-96,76.19,28.58,0.968552,0.617281,2.7876,0.1688
2924,-100,-90.0,40,2.5,4.5,-70.36,9.2589,-99,76.16,28.61,1.016022,0.669028,4.1888,0.153
2926,-100,-90.0,40,2.5,5.5,-70.23,8.8846,-100,76.59,28.09,1.024692,0.713274,4.8364,0.1281
2927,-100,-90.0,40,2.5,6.0,-71.12,9.1128,-100,76.46,28.24,1.046194,0.675652,3.8744,0.1815
2928,-100,-90.0,40,2.5,6.5,-70.96,9.6339,-100,75.8,29.03,0.967291,0.642991,3.5255,0.1781
2929,-100,-90.0,40,2.5,7.0,-70.54,9.5097,-100,76.61,28.08,1.012743,0.671043,3.5942,0.1662
2931,-100,-90.0,40,2.5,8.0,-70.5,10.4148,-100,76.89,27.73,1.087778,0.724118,4.2117,0.1735
2930,-100,-90.0,40,2.5,7.5,-70.64,10.2559,-100,76.26,28.48,1.030142,0.636956,3.1413,0.1638
2932,-100,-90.0,40,2.5,8.5,-69.9,11.0468,-100,76.65,28.03,1.089221,0.715501,4.2782,0.1628
2933,-100,-90.0,40,2.5,9.0,-70.71,11.4954,-100,77.19,27.37,1.087001,0.712012,4.1041,0.159
2934,-100,-90.0,40,2.5,9.5,-70.64,11.8132,-100,76.81,27.81,1.077313,0.669797,3.0657,0.181
2935,-100,-90.0,40,2.5,10.0,-70.77,12.3314,-100,77.37,27.16,1.123693,0.709546,3.7874,0.1631
2938,-100,-90.0,40,2.5,11.5,-70.21,13.7975,-100,77.72,26.73,1.170684,0.792436,4.9508,0.1322
2937,-100,-90.0,40,2.5,11.0,-70.47,12.9444,-100,77.22,27.34,1.177884,0.850983,5.8244,0.142
2936,-100,-90.0,40,2.5,10.5,-70.5,12.7263,-100,77.59,26.88,1.144366,0.742247,4.2332,0.1376
2940,-100,-90.0,40,2.5,12.5,-70.49,13.9623,-100,77.7,26.77,1.172223,0.848244,6.4062,0.1244
2939,-100,-90.0,40,2.5,12.0,-70.74,13.7339,-100,77.48,27.03,1.188212,0.749385,3.5115,0.165
2941,-100,-90.0,40,2.5,13.0,-70.41,14.6453,-100,76.16,28.6,1.139225,0.713217,3.9611,0.171
2943,-100,-90.0,40,2.5,14.0,-70.44,15.4125,-100,77.96,26.45,1.249809,0.870009,5.5047,0.1072
2942,-100,-90.0,40,2.5,13.5,-69.85,15.0447,-100,77.28,27.27,1.184038,0.822093,5.2848,0.1495
2946,-100,-90.0,40,2.75,2.0,-67.35,8.1754,-84,76.62,28.05,1.010999,0.651642,3.3891,0.1634
2945,-100,-90.0,40,2.75,1.5,-67.82,8.0695,-85,76.03,28.77,0.967665,0.685061,4.7774,0.1525
2944,-100,-90.0,40,2.75,1.0,-67.59,7.7416,-83,76.5,28.2,0.978654,0.620668,2.6522,0.1905
2947,-100,-90.0,40,2.75,2.5,-67.97,8.8756,-88,76.54,28.16,0.992054,0.65834,4.2294,0.1487
2950,-100,-90.0,40,2.75,4.0,-67.64,8.8712,-91,76.3,28.44,0.993116,0.619392,2.1466,0.2023
2948,-100,-90.0,40,2.75,3.0,-67.48,8.9747,-89,76.78,27.86,1.015415,0.614775,2.2985,0.1928
2949,-100,-90.0,40,2.75,3.5,-67.92,8.5741,-91,76.43,28.28,1.005847,0.613569,1.9485,0.209
2951,-100,-90.0,40,2.75,4.5,-68.02,9.2551,-95,76.7,27.95,1.085438,0.711658,4.3271,0.1621
2952,-100,-90.0,40,2.75,5.0,-67.13,9.2469,-94,76.48,28.22,1.00812,0.683057,4.6594,0.1606
2953,-100,-90.0,40,2.75,5.5,-67.06,9.5963,-100,77.14,27.42,1.077695,0.719174,4.3921,0.1739
2954,-100,-90.0,40,2.75,6.0,-67.86,10.2876,-100,75.56,29.32,0.975688,0.643193,3.6522,0.1839
2955,-100,-90.0,40,2.75,6.5,-67.76,10.0339,-100,77.1,27.48,1.043543,0.659449,3.192,0.1777
2956,-100,-90.0,40,2.75,7.0,-67.79,10.6158,-100,75.88,28.93,0.962669,0.624702,3.564,0.1761
2957,-100,-90.0,40,2.75,7.5,-68.04,10.8497,-100,77.04,27.56,1.067166,0.659828,3.1113,0.1732
2958,-100,-90.0,40,2.75,8.0,-67.61,11.2146,-100,76.92,27.69,1.039591,0.636893,2.2689,0.1959
2959,-100,-90.0,40,2.75,8.5,-67.7,11.6125,-100,76.77,27.88,1.032513,0.637705,2.8718,0.1917
2961,-100,-90.0,40,2.75,9.5,-67.57,12.4051,-100,76.8,27.84,1.057971,0.72212,4.7066,0.1773
2962,-100,-90.0,40,2.75,10.0,-67.78,12.5639,-100,76.92,27.68,1.034022,0.646267,3.1839,0.1698
2960,-100,-90.0,40,2.75,9.0,-67.96,11.7954,-100,76.81,27.83,1.054636,0.679443,3.812,0.1684
2963,-100,-90.0,40,2.75,10.5,-67.21,12.9954,-100,76.96,27.66,1.088936,0.743943,4.7526,0.155
2964,-100,-90.0,40,2.75,11.0,-66.88,13.7109,-100,76.95,27.67,1.07379,0.691903,3.5971,0.1532
2965,-100,-90.0,40,2.75,11.5,-67.31,13.9954,-100,77.14,27.44,1.082428,0.711051,4.1764,0.1575
2966,-100,-90.0,40,2.75,12.0,-67.15,14.0392,-100,76.73,27.92,1.09132,0.696897,3.7383,0.1531
2968,-100,-90.0,40,2.75,13.0,-67.73,14.9534,-100,76.64,28.03,1.081071,0.668467,2.8009,0.1913
2967,-100,-90.0,40,2.75,12.5,-67.81,14.8044,-100,77.39,27.14,1.143288,0.773963,4.4998,0.1315
2969,-100,-90.0,40,2.75,13.5,-66.93,15.7395,-100,76.94,27.67,1.106328,0.826704,6.4065,0.1321
2970,-100,-90.0,40,2.75,14.0,-67.3,15.7804,-100,77.6,26.88,1.169408,0.719654,3.0672,0.1663
2973,-100,-90.0,40,3.0,2.0,-64.68,8.6735,-82,76.53,28.17,1.00961,0.649997,2.8795,0.1891
2974,-100,-90.0,40,3.0,2.5,-64.94,8.3402,-85,76.1,28.68,0.989682,0.638655,3.5885,0.1871
2971,-100,-90.0,40,3.0,1.0,-64.89,8.8491,-80,76.21,28.55,1.007049,0.658297,3.9411,0.1556
2972,-100,-90.0,40,3.0,1.5,-65.03,8.5323,-82,76.18,28.58,0.979585,0.62493,3.1259,0.1752
2975,-100,-90.0,40,3.0,3.0,-65.3,9.0943,-88,76.31,28.42,1.012151,0.674345,3.706,0.1755
2976,-100,-90.0,40,3.0,3.5,-64.92,9.4711,-88,76.75,27.89,1.049231,0.668461,3.4093,0.189
2977,-100,-90.0,40,3.0,4.0,-65.15,9.5555,-92,76.35,28.39,1.027872,0.688005,4.5612,0.1726
2979,-100,-90.0,40,3.0,5.0,-65.13,10.2104,-96,76.21,28.55,0.940816,0.647185,4.5557,0.1629
2980,-100,-90.0,40,3.0,5.5,-64.57,9.9324,-97,76.23,28.54,0.991573,0.618153,2.3811,0.1903
2981,-100,-90.0,40,3.0,6.0,-64.98,10.0988,-99,76.31,28.43,0.975828,0.647333,3.8425,0.1745
2978,-100,-90.0,40,3.0,4.5,-65.47,10.061,-92,76.25,28.5,0.981545,0.626837,2.9856,0.1774
2982,-100,-90.0,40,3.0,6.5,-64.95,10.3788,-98,75.87,28.96,0.984967,0.624492,2.6931,0.196
2985,-100,-90.0,40,3.0,8.0,-64.75,11.5907,-100,76.53,28.17,1.036765,0.73753,5.146,0.1441
2984,-100,-90.0,40,3.0,7.5,-64.55,11.4692,-100,76.43,28.29,1.029831,0.631994,3.0502,0.1872
2986,-100,-90.0,40,3.0,8.5,-65.43,12.0465,-100,76.37,28.36,0.997435,0.63824,3.3531,0.1865
2983,-100,-90.0,40,3.0,7.0,-64.78,11.1694,-100,76.6,28.08,0.996749,0.680648,4.8719,0.1665
2987,-100,-90.0,40,3.0,9.0,-64.59,12.4945,-100,76.84,27.79,1.025057,0.7237,5.2981,0.1477
2988,-100,-90.0,40,3.0,9.5,-64.71,12.6265,-100,76.39,28.33,1.016737,0.630241,2.5753,0.202
2989,-100,-90.0,40,3.0,10.0,-65.02,13.5649,-100,76.76,27.88,1.053593,0.713497,4.4474,0.1483
2990,-100,-90.0,40,3.0,10.5,-64.66,13.6083,-100,76.45,28.26,1.049052,0.70563,4.2966,0.1733
2993,-100,-90.0,40,3.0,12.0,-64.95,14.7264,-100,77.05,27.53,1.08818,0.708581,3.555,0.1748
2991,-100,-90.0,40,3.0,11.0,-64.53,14.3079,-100,76.24,28.51,1.074031,0.780756,5.7771,0.1424
2992,-100,-90.0,40,3.0,11.5,-64.86,14.2727,-100,76.43,28.28,1.048296,0.651656,3.2279,0.1797
2996,-100,-90.0,40,3.0,13.5,-64.75,16.103,-100,76.86,27.77,1.065712,0.705424,3.8311,0.1674
2997,-100,-90.0,40,3.0,14.0,-64.4,16.5489,-100,75.76,29.08,1.06552,0.7106,4.2622,0.1717
2994,-100,-90.0,40,3.0,12.5,-64.65,15.4885,-100,76.95,27.67,1.066663,0.662235,3.2246,0.1897
2995,-100,-90.0,40,3.0,13.0,-64.73,15.5701,-100,75.8,29.04,1.028749,0.663165,3.5768,0.172
2998,-100,-90.0,40,3.25,1.0,-61.93,9.7563,-78,76.08,28.7,0.996001,0.684212,4.6582,0.1647
3000,-100,-90.0,40,3.25,2.0,-61.94,9.5595,-82,76.59,28.08,0.998594,0.743507,5.5649,0.1512
2999,-100,-90.0,40,3.25,1.5,-62.0,9.4356,-81,75.72,29.14,0.942752,0.585126,1.8308,0.2128
3001,-100,-90.0,40,3.25,2.5,-61.3,9.9404,-81,77.02,27.57,1.005997,0.734863,5.3391,0.1259
3004,-100,-90.0,40,3.25,4.0,-61.89,9.7579,-90,76.32,28.41,1.074566,0.73036,5.3466,0.168
3003,-100,-90.0,40,3.25,3.5,-62.13,9.955,-86,76.87,27.75,1.006427,0.653911,3.9341,0.1584
3005,-100,-90.0,40,3.25,4.5,-61.79,9.8489,-91,75.86,28.98,0.977237,0.645054,3.8593,0.1769
3002,-100,-90.0,40,3.25,3.0,-62.37,9.7857,-86,76.57,28.13,1.029126,0.70465,5.0117,0.1507
3006,-100,-90.0,40,3.25,5.0,-61.98,10.0437,-92,75.96,28.85,0.956438,0.648718,4.1161,0.1595
3007,-100,-90.0,40,3.25,5.5,-61.86,11.1721,-96,75.45,29.45,0.961631,0.63541,3.7851,0.187
3008,-100,-90.0,40,3.25,6.0,-62.08,10.753,-98,75.91,28.91,0.982927,0.628853,3.5684,0.1938
3009,-100,-90.0,40,3.25,6.5,-61.66,11.0755,-94,76.71,27.94,0.972572,0.606207,2.6344,0.184
3010,-100,-90.0,40,3.25,7.0,-62.03,11.872,-100,75.35,29.58,0.959326,0.596684,1.9891,0.2233
3011,-100,-90.0,40,3.25,7.5,-61.64,11.6668,-100,75.73,29.13,0.916101,0.585997,3.0036,0.1881
3012,-100,-90.0,40,3.25,8.0,-61.97,12.6476,-100,76.41,28.31,1.055434,0.852981,6.5549,0.1188
3013,-100,-90.0,40,3.25,8.5,-61.8,12.417,-100,75.63,29.25,0.975216,0.71323,6.0067,0.1492
3015,-100,-90.0,40,3.25,9.5,-61.41,13.3487,-100,76.61,28.06,1.023596,0.635811,2.8692,0.1874
3014,-100,-90.0,40,3.25,9.0,-62.37,12.5978,-100,76.56,28.12,1.032836,0.686956,4.4579,0.1721
3017,-100,-90.0,40,3.25,10.5,-61.68,14.0431,-100,76.13,28.63,1.014393,0.652939,3.4866,0.1788
3016,-100,-90.0,40,3.25,10.0,-61.82,13.4471,-100,76.48,28.23,1.062979,0.69582,3.953,0.1334
3019,-100,-90.0,40,3.25,11.5,-61.45,14.9494,-100,76.4,28.32,1.017193,0.628712,2.664,0.1912
3021,-100,-90.0,40,3.25,12.5,-61.96,15.0993,-100,76.69,27.98,1.123543,0.826126,6.2084,0.1543
3018,-100,-90.0,40,3.25,11.0,-61.92,14.1869,-100,76.4,28.32,1.016658,0.652523,3.7056,0.1855
3020,-100,-90.0,40,3.25,12.0,-61.7,14.8666,-100,76.51,28.19,1.101291,0.732034,4.6903,0.1722
3022,-100,-90.0,40,3.25,13.0,-61.75,16.086,-100,76.86,27.77,1.057902,0.640847,2.0056,0.1942
3024,-100,-90.0,40,3.25,14.0,-61.92,16.9875,-100,76.06,28.72,1.048097,0.692539,4.1636,0.1721
3023,-100,-90.0,40,3.25,13.5,-61.4,16.6666,-100,77.32,27.21,1.058814,0.688893,3.9789,0.1581
3025,-100,-90.0,40,3.5,1.0,-59.41,10.0914,-77,76.53,28.17,1.017408,0.632463,2.6417,0.1938
3026,-100,-90.0,40,3.5,1.5,-58.82,9.7178,-77,76.32,28.42,1.032897,0.700801,4.8163,0.1678
3027,-100,-90.0,40,3.5,2.0,-59.17,10.0249,-78,75.98,28.82,0.959864,0.608411,2.8795,0.1776
3028,-100,-90.0,40,3.5,2.5,-59.27,10.3078,-81,76.27,28.48,0.965153,0.615596,2.6988,0.1702
3029,-100,-90.0,40,3.5,3.0,-58.9,10.8673,-82,76.82,27.82,0.997687,0.658556,3.6441,0.1668
3032,-100,-90.0,40,3.5,4.5,-59.23,11.5245,-90,76.12,28.65,0.974795,0.667737,4.309,0.1564
3030,-100,-90.0,40,3.5,3.5,-59.37,10.6187,-86,76.12,28.66,1.011503,0.628719,3.0498,0.2019
3031,-100,-90.0,40,3.5,4.0,-59.41,10.656,-85,75.98,28.82,0.98393,0.635266,3.2442,0.1816
3033,-100,-90.0,40,3.5,5.0,-59.06,11.6277,-91,76.29,28.46,0.965073,0.614068,2.5345,0.1867
3034,-100,-90.0,40,3.5,5.5,-59.41,11.0822,-89,76.36,28.38,0.962375,0.644121,3.8325,0.1637
3035,-100,-90.0,40,3.5,6.0,-59.1,11.8826,-94,75.96,28.86,1.019168,0.690295,4.6095,0.1556
3036,-100,-90.0,40,3.5,6.5,-58.76,11.9764,-94,76.02,28.78,1.025519,0.73422,5.7065,0.1544
3037,-100,-90.0,40,3.5,7.0,-59.16,12.6537,-99,75.88,28.95,0.985619,0.610203,2.0732,0.1954
3039,-100,-90.0,40,3.5,8.0,-59.04,12.7669,-98,76.42,28.29,1.014655,0.64532,3.086,0.1784
3038,-100,-90.0,40,3.5,7.5,-58.94,12.243,-97,75.91,28.91,1.007462,0.628035,2.7833,0.1869
3040,-100,-90.0,40,3.5,8.5,-58.9,12.6614,-100,76.5,28.2,0.962058,0.625521,3.2959,0.1837
3041,-100,-90.0,40,3.5,9.0,-58.95,13.4587,-100,76.19,28.58,0.982169,0.618088,2.9551,0.1883
3042,-100,-90.0,40,3.5,9.5,-58.33,14.181,-100,76.3,28.44,0.960647,0.610868,3.0348,0.1911
3043,-100,-90.0,40,3.5,10.0,-58.88,14.18,-100,76.56,28.12,0.995574,0.640629,3.302,0.1883
3044,-100,-90.0,40,3.5,10.5,-59.03,14.0382,-100,76.45,28.26,1.03258,0.719505,4.7944,0.1595
3045,-100,-90.0,40,3.5,11.0,-58.58,14.5544,-100,76.43,28.28,1.024738,0.6711,4.1819,0.1722
3046,-100,-90.0,40,3.5,11.5,-58.83,15.1762,-100,76.79,27.84,1.044726,0.655709,3.1372,0.175
3047,-100,-90.0,40,3.5,12.0,-59.07,15.7339,-100,76.68,27.99,1.052407,0.678217,3.7162,0.1811
3048,-100,-90.0,40,3.5,12.5,-58.99,15.7379,-100,76.56,28.13,1.030773,0.646193,3.5084,0.1688
3049,-100,-90.0,40,3.5,13.0,-59.07,16.7758,-100,76.71,27.96,1.06337,0.68657,4.0954,0.1719
3051,-100,-90.0,40,3.5,14.0,-58.82,17.2753,-100,76.25,28.5,1.025531,0.664358,3.6248,0.162
3050,-100,-90.0,40,3.5,13.5,-58.86,17.1414,-100,76.38,28.35,1.061814,0.725457,5.0455,0.1575
3052,-100,-90.0,40,3.75,1.0,-56.19,10.9504,-74,76.19,28.57,0.982567,0.652581,4.0672,0.1702
3053,-100,-90.0,40,3.75,1.5,-56.2,10.6728,-76,76.33,28.4,0.962341,0.611165,2.6807,0.1845
3055,-100,-90.0,40,3.75,2.5,-55.34,11.0352,-77,75.54,29.34,0.987731,0.646383,4.2223,0.1795
3056,-100,-90.0,40,3.75,3.0,-55.94,11.1673,-80,76.36,28.36,0.987729,0.651294,4.2479,0.1715
3054,-100,-90.0,40,3.75,2.0,-56.18,11.5891,-79,77.0,27.6,1.018153,0.648454,2.966,0.1835
3057,-100,-90.0,40,3.75,3.5,-56.09,10.9644,-82,76.25,28.5,0.947707,0.590254,2.4519,0.205
3058,-100,-90.0,40,3.75,4.0,-56.14,11.144,-83,76.43,28.29,1.033763,0.632298,2.8855,0.1838
3059,-100,-90.0,40,3.75,4.5,-56.4,11.7946,-86,76.22,28.54,0.998002,0.648475,3.7936,0.1766
3060,-100,-90.0,40,3.75,5.0,-56.07,11.6354,-88,76.76,27.88,1.007416,0.624737,2.8065,0.1824
3061,-100,-90.0,40,3.75,5.5,-56.47,12.5149,-88,76.31,28.42,0.982319,0.620217,2.9024,0.1966
3062,-100,-90.0,40,3.75,6.0,-56.24,12.5679,-93,75.95,28.86,0.951998,0.626702,3.2282,0.169
3063,-100,-90.0,40,3.75,6.5,-56.02,12.8704,-95,76.01,28.78,1.010223,0.653111,3.9859,0.1812
3064,-100,-90.0,40,3.75,7.0,-55.8,13.0783,-94,76.93,27.69,1.026509,0.640066,2.9593,0.179
3065,-100,-90.0,40,3.75,7.5,-56.3,13.3202,-98,76.5,28.19,1.037025,0.733604,5.2975,0.1426
3066,-100,-90.0,40,3.75,8.0,-56.12,13.1923,-100,76.18,28.59,1.031711,0.692439,4.51,0.1731
3068,-100,-90.0,40,3.75,9.0,-55.72,13.3785,-99,76.09,28.7,0.979727,0.723775,5.6376,0.1484
3067,-100,-90.0,40,3.75,8.5,-55.77,13.4997,-100,76.31,28.43,0.989647,0.620412,2.6675,0.1955
3069,-100,-90.0,40,3.75,9.5,-55.82,14.3196,-100,76.26,28.48,1.010989,0.620462,2.1218,0.2086
3071,-100,-90.0,40,3.75,10.5,-55.95,15.1658,-100,76.07,28.72,0.954846,0.63182,3.238,0.1787
3070,-100,-90.0,40,3.75,10.0,-55.82,14.7402,-100,76.09,28.7,0.974544,0.622398,3.0121,0.1721
3072,-100,-90.0,40,3.75,11.0,-56.25,15.1943,-100,76.49,28.21,1.042473,0.667908,3.6421,0.1828
3073,-100,-90.0,40,3.75,11.5,-56.01,15.3831,-100,76.17,28.6,1.019327,0.715893,5.5228,0.1523
3075,-100,-90.0,40,3.75,12.5,-56.29,16.4263,-100,76.18,28.59,1.003194,0.700528,5.0164,0.1585
3074,-100,-90.0,40,3.75,12.0,-56.13,16.5547,-100,75.33,29.6,0.995691,0.658395,4.0959,0.2033
3077,-100,-90.0,40,3.75,13.5,-55.65,17.0196,-100,76.16,28.61,0.964548,0.634671,3.7712,0.1842
3076,-100,-90.0,40,3.75,13.0,-55.85,16.9317,-100,76.52,28.17,1.010298,0.639248,3.4322,0.1799
3078,-100,-90.0,40,3.75,14.0,-55.44,17.869,-100,76.6,28.08,1.030089,0.630325,2.4167,0.1887
3079,-100,-90.0,40,4.0,1.0,-53.24,11.1798,-70,76.41,28.3,1.036644,0.724098,5.1958,0.161
3080,-100,-90.0,40,4.0,1.5,-53.43,11.6257,-72,76.29,28.45,0.992054,0.711911,5.3984,0.1586
3081,-100,-90.0,40,4.0,2.0,-53.41,11.88,-77,75.75,29.1,0.969574,0.675977,4.4088,0.15
3082,-100,-90.0,40,4.0,2.5,-52.95,11.512,-77,76.5,28.2,1.03334,0.663539,3.8096,0.1849
3083,-100,-90.0,40,4.0,3.0,-53.83,11.8149,-78,76.32,28.41,1.00396,0.666005,3.8792,0.1655
3084,-100,-90.0,40,4.0,3.5,-53.17,11.9527,-79,75.83,29.0,0.967989,0.617236,2.7131,0.1883
3085,-100,-90.0,40,4.0,4.0,-53.12,12.1609,-81,76.05,28.74,0.990687,0.616,2.666,0.1949
3086,-100,-90.0,40,4.0,4.5,-53.61,12.1536,-82,76.26,28.5,0.995825,0.68778,4.6605,0.1482
3087,-100,-90.0,40,4.0,5.0,-53.44,12.5248,-86,75.22,29.73,0.934307,0.590397,2.7726,0.1988
3088,-100,-90.0,40,4.0,5.5,-53.82,12.3987,-88,76.14,28.64,1.026776,0.704293,4.8856,0.1431
3089,-100,-90.0,40,4.0,6.0,-53.61,13.1774,-88,76.01,28.79,0.946766,0.604465,2.7939,0.1929
3091,-100,-90.0,40,4.0,7.0,-53.53,12.9037,-92,76.15,28.63,0.989652,0.663054,4.2452,0.1627
3090,-100,-90.0,40,4.0,6.5,-52.8,13.371,-89,76.1,28.68,0.970823,0.776032,6.5185,0.1272
3092,-100,-90.0,40,4.0,7.5,-52.64,13.5713,-98,75.75,29.1,0.936399,0.597224,2.6018,0.1851
3093,-100,-90.0,40,4.0,8.0,-52.6,14.3345,-100,77.0,27.61,1.041659,0.726413,5.4728,0.1414
3094,-100,-90.0,40,4.0,8.5,-53.01,14.3889,-96,76.39,28.33,0.97455,0.614172,2.3981,0.1853
3095,-100,-90.0,40,4.0,9.0,-53.45,14.7929,-100,76.11,28.66,0.980467,0.617262,3.0098,0.1818
3096,-100,-90.0,40,4.0,9.5,-53.29,15.2461,-100,76.11,28.67,1.029965,0.701277,4.8134,0.1698
3097,-100,-90.0,40,4.0,10.0,-53.44,15.4176,-100,76.49,28.21,0.960817,0.658168,4.3404,0.1726
3100,-100,-90.0,40,4.0,11.5,-53.04,16.5936,-100,76.2,28.55,1.007006,0.645158,3.7413,0.1525
3099,-100,-90.0,40,4.0,11.0,-53.24,15.8543,-100,76.27,28.48,0.996975,0.652509,4.0409,0.1754
3101,-100,-90.0,40,4.0,12.0,-53.02,16.0562,-100,75.36,29.56,0.937209,0.609432,3.7869,0.181
3098,-100,-90.0,40,4.0,10.5,-52.89,15.7551,-100,76.06,28.73,1.010635,0.631218,2.9196,0.1715
3103,-100,-90.0,40,4.0,13.0,-53.4,16.9678,-100,76.52,28.18,1.024482,0.644266,3.2687,0.195
3102,-100,-90.0,40,4.0,12.5,-52.74,16.5474,-100,76.62,28.06,0.998197,0.603062,1.7925,0.2105
3104,-100,-90.0,40,4.0,13.5,-52.8,17.6489,-100,75.92,28.89,0.971361,0.671114,4.8252,0.1619
3105,-100,-90.0,40,4.0,14.0,-53.05,17.5992,-100,76.0,28.81,0.978015,0.693939,5.3372,0.1331
3106,-100,-90.0,40,4.25,1.0,-50.07,12.0756,-68,75.89,28.93,0.965101,0.6313,3.8142,0.189
3107,-100,-90.0,40,4.25,1.5,-50.54,12.005,-72,76.17,28.61,0.975091,0.615794,2.5479,0.2008
3108,-100,-90.0,40,4.25,2.0,-50.33,12.2754,-72,75.84,28.99,0.979944,0.636127,3.8864,0.1817
3109,-100,-90.0,40,4.25,2.5,-50.52,11.9605,-76,76.46,28.26,0.997752,0.696451,4.9405,0.1634
3110,-100,-90.0,40,4.25,3.0,-50.4,12.7689,-76,75.07,29.92,0.913791,0.588038,2.8223,0.1836
3111,-100,-90.0,40,4.25,3.5,-50.23,12.9699,-77,76.25,28.51,0.986663,0.615757,1.7921,0.2001
3113,-100,-90.0,40,4.25,4.5,-50.12,12.7301,-85,75.44,29.47,0.943899,0.585953,1.9631,0.2043
3112,-100,-90.0,40,4.25,4.0,-50.85,13.0154,-79,76.67,28.0,0.986682,0.613901,2.7277,0.1894
3114,-100,-90.0,40,4.25,5.0,-50.55,13.1381,-84,76.55,28.15,0.967496,0.636382,3.4743,0.1792
3115,-100,-90.0,40,4.25,5.5,-50.46,13.7359,-85,76.36,28.37,0.963135,0.607209,2.6806,0.1907
3116,-100,-90.0,40,4.25,6.0,-50.21,13.6036,-84,76.28,28.47,0.990203,0.613103,3.0249,0.1903
3117,-100,-90.0,40,4.25,6.5,-49.96,13.1943,-90,75.85,28.98,0.944696,0.599272,2.9294,0.1875
3118,-100,-90.0,40,4.25,7.0,-50.33,13.768,-89,76.43,28.29,1.015668,0.658492,3.5249,0.1692
3119,-100,-90.0,40,4.25,7.5,-50.34,14.019,-91,76.66,28.02,0.998977,0.616721,2.227,0.1984
3120,-100,-90.0,40,4.25,8.0,-50.17,15.3308,-97,76.11,28.67,0.985941,0.602945,2.2265,0.2016
3121,-100,-90.0,40,4.25,8.5,-50.08,14.5408,-98,75.49,29.42,1.006587,0.695587,5.2005,0.186
3122,-100,-90.0,40,4.25,9.0,-50.38,15.4049,-96,75.74,29.13,0.982,0.636897,3.7465,0.1808
3123,-100,-90.0,40,4.25,9.5,-50.26,15.5064,-98,75.75,29.09,0.976656,0.642944,3.5435,0.1873
3124,-100,-90.0,40,4.25,10.0,-50.09,15.9081,-100,76.35,28.37,1.002956,0.636048,3.0655,0.1878
3126,-100,-90.0,40,4.25,11.0,-49.94,16.3545,-100,76.26,28.49,0.958733,0.605886,3.1431,0.179
3125,-100,-90.0,40,4.25,10.5,-50.54,15.7771,-100,76.61,28.07,1.062541,0.70407,4.9722,0.1638
3127,-100,-90.0,40,4.25,11.5,-50.32,16.0753,-100,75.68,29.18,0.968686,0.641931,4.119,0.1728
3128,-100,-90.0,40,4.25,12.0,-50.25,17.3652,-100,75.92,28.89,0.969063,0.67065,4.2057,0.1577
3129,-100,-90.0,40,4.25,12.5,-50.13,17.9177,-100,75.67,29.18,0.980635,0.703215,5.489,0.1433
3130,-100,-90.0,40,4.25,13.0,-50.38,17.6985,-100,77.03,27.57,1.069692,0.705215,4.4903,0.163
3131,-100,-90.0,40,4.25,13.5,-50.19,18.2254,-100,76.55,28.14,1.009087,0.664759,3.7169,0.1842
3132,-100,-90.0,40,4.25,14.0,-50.04,18.3142,-100,76.81,27.83,1.038073,0.716232,5.1688,0.1462
3133,-100,-90.0,40,4.5,1.0,-47.32,12.9556,-68,75.68,29.19,0.930392,0.594136,2.6242,0.192
3134,-100,-90.0,40,4.5,1.5,-47.12,12.3774,-67,76.25,28.49,0.971897,0.630048,3.6416,0.1694
3135,-100,-90.0,40,4.5,2.0,-47.64,13.4324,-70,76.32,28.42,0.954956,0.659508,4.6447,0.1637
3136,-100,-90.0,40,4.5,2.5,-47.58,12.5724,-73,76.68,27.99,1.01472,0.669034,3.9853,0.152
3137,-100,-90.0,40,4.5,3.0,-47.41,12.8037,-73,76.45,28.25,0.992322,0.667712,4.1404,0.1716
3138,-100,-90.0,40,4.5,3.5,-47.21,13.8217,-75,76.31,28.44,0.981515,0.62683,3.4509,0.1655
3139,-100,-90.0,40,4.5,4.0,-47.41,14.0175,-79,76.2,28.56,0.956456,0.656308,4.5257,0.1647
3140,-100,-90.0,40,4.5,4.5,-48.26,13.1898,-80,75.73,29.13,0.956164,0.604815,2.8006,0.1824
3141,-100,-90.0,40,4.5,5.0,-47.15,14.0711,-80,76.1,28.67,0.971354,0.65184,4.2844,0.154
3142,-100,-90.0,40,4.5,5.5,-47.72,14.0522,-87,76.74,27.92,0.996154,0.620538,2.4706,0.204
3143,-100,-90.0,40,4.5,6.0,-47.57,14.5503,-84,76.05,28.73,0.996362,0.636695,3.5488,0.1599
3144,-100,-90.0,40,4.5,6.5,-47.31,14.2107,-87,75.9,28.93,0.955317,0.597507,2.4199,0.1954
3145,-100,-90.0,40,4.5,7.0,-47.62,14.3688,-91,75.97,28.84,0.997759,0.63523,3.4507,0.1769
3146,-100,-90.0,40,4.5,7.5,-47.81,15.4438,-88,76.25,28.5,1.005303,0.66274,3.7332,0.1802
3147,-100,-90.0,40,4.5,8.0,-47.12,14.5099,-95,76.03,28.77,0.945585,0.630821,3.7387,0.1838
3148,-100,-90.0,40,4.5,8.5,-47.62,14.7506,-92,76.47,28.24,0.977259,0.640204,3.3691,0.1634
3149,-100,-90.0,40,4.5,9.0,-47.58,16.0129,-97,76.13,28.65,0.949178,0.611107,2.7895,0.1852
3150,-100,-90.0,40,4.5,9.5,-47.39,15.7907,-96,76.06,28.73,0.980284,0.625871,3.0754,0.1786
3152,-100,-90.0,40,4.5,10.5,-47.12,16.5254,-100,76.66,28.01,1.020072,0.668122,4.1075,0.1732
3151,-100,-90.0,40,4.5,10.0,-47.44,16.4695,-100,75.91,28.91,0.971497,0.652967,4.5049,0.1541
3153,-100,-90.0,40,4.5,11.0,-47.25,16.5205,-100,76.11,28.67,0.994576,0.638148,3.8383,0.1658
3154,-100,-90.0,40,4.5,11.5,-47.4,16.7846,-100,75.49,29.41,0.945941,0.596275,2.6844,0.1979
3155,-100,-90.0,40,4.5,12.0,-47.22,17.6834,-100,76.24,28.52,0.949627,0.627886,3.8233,0.1552
3156,-100,-90.0,40,4.5,12.5,-47.28,17.91,-100,75.96,28.85,0.96996,0.658585,4.3576,0.171
3157,-100,-90.0,40,4.5,13.0,-47.38,18.1337,-100,76.4,28.33,1.04609,0.696709,4.5534,0.1856
3158,-100,-90.0,40,4.5,13.5,-47.66,18.7703,-100,76.15,28.63,0.963587,0.647267,4.2766,0.1757
3159,-100,-90.0,40,4.5,14.0,-47.59,18.9474,-100,76.29,28.44,1.019561,0.639608,3.4883,0.1902
3160,-100,-90.0,40,4.75,1.0,-44.61,13.4728,-66,75.81,29.03,0.966943,0.607158,2.5544,0.1999
3162,-100,-90.0,40,4.75,2.0,-44.83,14.36,-70,75.95,28.86,0.966062,0.640817,4.0811,0.1591
3161,-100,-90.0,40,4.75,1.5,-44.14,13.6699,-65,76.27,28.47,0.99449,0.621425,3.0209,0.1946
3163,-100,-90.0,40,4.75,2.5,-44.44,13.7607,-71,76.51,28.18,0.976065,0.605856,2.862,0.1898
3164,-100,-90.0,40,4.75,3.0,-44.25,13.3727,-73,76.36,28.37,0.987496,0.652933,4.0567,0.1629
3165,-100,-90.0,40,4.75,3.5,-44.61,14.4107,-77,76.0,28.79,0.936054,0.60287,2.949,0.1817
3166,-100,-90.0,40,4.75,4.0,-44.04,14.7016,-74,76.05,28.75,1.028473,0.732026,5.483,0.1567
3167,-100,-90.0,40,4.75,4.5,-44.53,14.0103,-79,76.36,28.37,0.980975,0.615808,2.2909,0.1833
3168,-100,-90.0,40,4.75,5.0,-44.79,14.7133,-79,76.28,28.47,0.957134,0.615504,2.8705,0.1912
3169,-100,-90.0,40,4.75,5.5,-44.52,15.0004,-82,76.21,28.54,1.021002,0.698833,4.8364,0.161
3170,-100,-90.0,40,4.75,6.0,-44.19,14.6063,-80,76.17,28.6,0.996011,0.636322,3.8934,0.1904
3171,-100,-90.0,40,4.75,6.5,-44.85,14.8067,-85,76.88,27.75,1.004744,0.653719,3.1753,0.181
3173,-100,-90.0,40,4.75,7.5,-45.05,15.049,-91,75.81,29.03,0.980833,0.635333,3.9394,0.1893
3174,-100,-90.0,40,4.75,8.0,-44.43,16.1474,-88,75.77,29.08,0.996364,0.73036,5.6653,0.1438
3172,-100,-90.0,40,4.75,7.0,-44.41,15.0651,-86,76.04,28.75,0.978783,0.658966,4.5814,0.1589
3176,-100,-90.0,40,4.75,9.0,-43.74,16.541,-97,76.31,28.43,0.96642,0.698605,5.1467,0.1416
3175,-100,-90.0,40,4.75,8.5,-44.28,15.725,-90,76.09,28.69,0.933974,0.601722,3.8361,0.1686
3177,-100,-90.0,40,4.75,9.5,-44.86,16.3492,-95,76.69,27.97,1.005147,0.653354,4.0724,0.1687
3178,-100,-90.0,40,4.75,10.0,-44.3,17.2981,-96,75.85,28.98,0.99312,0.708621,5.3612,0.1791
3179,-100,-90.0,40,4.75,10.5,-44.36,17.3323,-97,76.29,28.45,0.973308,0.619689,3.1228,0.1922
3180,-100,-90.0,40,4.75,11.0,-44.88,18.153,-100,76.24,28.52,0.970939,0.648401,3.993,0.1863
3181,-100,-90.0,40,4.75,11.5,-44.45,17.9526,-100,75.68,29.18,1.00267,0.664428,4.252,0.16
3183,-100,-90.0,40,4.75,12.5,-44.25,18.6042,-100,75.65,29.22,0.940624,0.620113,3.7038,0.1651
3182,-100,-90.0,40,4.75,12.0,-45.15,17.9391,-100,76.05,28.74,0.93618,0.618597,3.851,0.1746
3185,-100,-90.0,40,4.75,13.5,-44.13,18.9578,-100,76.07,28.72,0.977722,0.636243,3.4357,0.1614
3186,-100,-90.0,40,4.75,14.0,-44.29,18.8793,-100,75.57,29.32,0.913595,0.612024,4.0439,0.1721
3184,-100,-90.0,40,4.75,13.0,-43.77,18.3618,-100,75.92,28.89,0.979274,0.657331,4.3244,0.1682
3187,-100,-90.0,40,5.0,1.0,-41.92,13.821,-63,76.38,28.34,0.985701,0.621817,2.9405,0.1786
3188,-100,-90.0,40,5.0,1.5,-41.94,14.3182,-66,75.62,29.25,0.934833,0.590011,2.7393,0.1822
3190,-100,-90.0,40,5.0,2.5,-41.76,13.4661,-66,75.48,29.42,0.968058,0.61711,3.4942,0.1818
3189,-100,-90.0,40,5.0,2.0,-41.64,14.7477,-65,75.68,29.18,0.986383,0.661548,4.2942,0.1698
3191,-100,-90.0,40,5.0,3.0,-41.66,15.0061,-69,76.27,28.48,0.991278,0.671575,4.4242,0.1708
3192,-100,-90.0,40,5.0,3.5,-41.91,15.5333,-73,75.91,28.91,0.946235,0.606561,3.2403,0.1786
3193,-100,-90.0,40,5.0,4.0,-41.55,14.7659,-75,75.48,29.43,1.016298,0.699897,5.3537,0.1701
3194,-100,-90.0,40,5.0,4.5,-41.83,15.3225,-75,76.03,28.76,0.962284,0.639971,3.9908,0.1787
3195,-100,-90.0,40,5.0,5.0,-41.83,14.5227,-79,75.71,29.15,1.009636,0.678001,4.6804,0.1789
3196,-100,-90.0,40,5.0,5.5,-42.16,15.4679,-82,76.18,28.59,0.983162,0.633194,3.668,0.198
3197,-100,-90.0,40,5.0,6.0,-41.64,15.5834,-79,76.06,28.73,0.951163,0.616058,3.1965,0.1683
3198,-100,-90.0,40,5.0,6.5,-41.92,15.82,-83,75.96,28.85,0.960912,0.597021,2.1381,0.1899
3199,-100,-90.0,40,5.0,7.0,-41.74,16.422,-84,76.94,27.68,1.039447,0.678711,3.8841,0.1673
3200,-100,-90.0,40,5.0,7.5,-41.71,16.4934,-85,76.17,28.6,0.997842,0.726898,5.8263,0.1501
3201,-100,-90.0,40,5.0,8.0,-41.96,16.4333,-87,76.3,28.45,0.968176,0.623705,2.8512,0.1876
3202,-100,-90.0,40,5.0,8.5,-41.88,16.8893,-88,75.89,28.94,0.97453,0.621567,3.0796,0.1902
3203,-100,-90.0,40,5.0,9.0,-41.04,16.2448,-88,75.92,28.88,1.054521,0.735021,5.7794,0.157
3204,-100,-90.0,40,5.0,9.5,-41.66,17.3226,-91,75.47,29.43,0.944725,0.588351,2.2622,0.2134
3205,-100,-90.0,40,5.0,10.0,-41.92,17.5862,-95,76.01,28.79,0.971787,0.638144,4.0093,0.1734
3214,-100,-85.0,40,1.0,1.0,-87.43,2.634,-93,90.48,11.42,1.431048,1.535651,15.2575,0.0021
3215,-100,-85.0,40,1.0,1.5,-87.32,2.5827,-96,90.73,11.12,1.967794,1.480785,11.1433,0.002
3206,-100,-90.0,40,5.0,10.5,-41.74,17.6995,-95,75.61,29.27,0.943182,0.606747,3.1435,0.1812
3216,-100,-85.0,40,1.0,2.0,-87.75,3.2671,-96,90.54,11.36,1.771565,1.422469,12.2602,0.0022
3208,-100,-90.0,40,5.0,11.5,-41.52,17.8617,-100,76.18,28.58,0.951407,0.602639,2.9651,0.1837
3207,-100,-90.0,40,5.0,11.0,-41.43,18.2596,-99,76.19,28.57,0.975208,0.600824,2.168,0.2016
3210,-100,-90.0,40,5.0,12.5,-41.83,18.8605,-100,76.19,28.57,1.001901,0.733925,5.9094,0.1531
3209,-100,-90.0,40,5.0,12.0,-41.66,18.5694,-99,76.02,28.78,0.972077,0.646107,3.7657,0.1795
3211,-100,-90.0,40,5.0,13.0,-42.07,19.2425,-100,76.01,28.78,0.974877,0.644178,4.1277,0.1714
3212,-100,-90.0,40,5.0,13.5,-41.44,19.9107,-100,76.14,28.64,0.953781,0.607872,3.2609,0.1733
3213,-100,-90.0,40,5.0,14.0,-41.38,19.8499,-100,76.44,28.28,1.082121,0.754324,5.9105,0.1659
3217,-100,-85.0,40,1.0,2.5,-87.84,4.2574,-100,90.25,11.7,1.965195,1.580793,12.0931,0.0027
3218,-100,-85.0,40,1.0,3.0,-87.39,4.103,-100,87.4,15.12,1.900242,1.653226,13.0483,0.0101
3219,-100,-85.0,40,1.0,3.5,-87.47,4.7904,-100,87.32,15.22,1.952199,1.249894,10.7451,0.0192
3220,-100,-85.0,40,1.0,4.0,-87.68,4.9178,-100,86.16,16.62,1.874887,1.482516,10.9038,0.0127
3222,-100,-85.0,40,1.0,5.0,-87.77,5.901,-100,84.95,18.06,1.913977,1.317619,10.9624,0.0394
3221,-100,-85.0,40,1.0,4.5,-87.63,5.6457,-100,87.4,15.11,2.243359,1.587897,10.6554,0.0366
3224,-100,-85.0,40,1.0,6.0,-87.31,6.3597,-100,85.56,17.32,2.354475,1.345237,6.4216,0.0459
3223,-100,-85.0,40,1.0,5.5,-86.9,6.1709,-100,85.28,17.67,2.208317,1.286705,8.3531,0.0596
3225,-100,-85.0,40,1.0,6.5,-87.22,7.331,-100,84.18,18.99,2.125571,1.294175,8.2926,0.0648
3226,-100,-85.0,40,1.0,7.0,-86.98,7.3459,-100,84.77,18.27,2.27806,1.322929,7.823,0.0782
3227,-100,-85.0,40,1.0,7.5,-87.07,7.8954,-100,83.88,19.34,2.132289,1.092368,6.7131,0.0527
3228,-100,-85.0,40,1.0,8.0,-87.04,8.0136,-100,83.88,19.35,2.259376,1.091471,5.9469,0.09
3229,-100,-85.0,40,1.0,8.5,-87.23,8.6263,-100,83.14,20.23,2.010896,1.214862,8.6529,0.0731
3230,-100,-85.0,40,1.0,9.0,-86.67,8.7699,-100,82.85,20.58,2.097508,1.260105,7.5169,0.075
3232,-100,-85.0,40,1.0,10.0,-86.98,9.5291,-100,83.05,20.34,2.180207,1.356063,7.9793,0.0795
3231,-100,-85.0,40,1.0,9.5,-86.65,9.4238,-100,82.14,21.43,2.034052,1.185787,8.0032,0.0987
3233,-100,-85.0,40,1.0,10.5,-86.59,9.893,-100,82.98,20.42,2.187181,1.123727,6.1157,0.097
3234,-100,-85.0,40,1.0,11.0,-86.77,10.0248,-100,82.11,21.46,2.028062,1.204195,7.5993,0.0979
3235,-100,-85.0,40,1.0,11.5,-86.39,10.4064,-100,82.53,20.97,2.122329,0.96708,4.7527,0.1101
3236,-100,-85.0,40,1.0,12.0,-86.13,10.701,-100,82.43,21.08,2.123425,1.39207,7.9203,0.0806
3237,-100,-85.0,40,1.0,12.5,-85.84,11.0321,-100,82.61,20.86,2.134342,1.201119,6.0217,0.0921
3238,-100,-85.0,40,1.0,13.0,-85.75,11.5975,-100,82.47,21.04,2.121013,1.056569,5.5468,0.1099
3239,-100,-85.0,40,1.0,13.5,-85.91,11.9003,-100,82.16,21.4,2.103126,1.031679,5.816,0.1116
3240,-100,-85.0,40,1.0,14.0,-85.71,12.0159,-100,81.82,21.81,2.065218,1.030228,5.8931,0.1125
3241,-100,-85.0,40,1.25,1.0,-85.16,3.388,-92,85.04,17.96,1.354364,1.348468,15.9083,0.0044
3242,-100,-85.0,40,1.25,1.5,-84.51,3.7787,-95,82.04,21.55,1.549395,1.319398,13.8235,0.0065
3243,-100,-85.0,40,1.25,2.0,-84.94,3.8449,-95,82.95,20.46,1.622485,1.405308,13.2664,0.0088
3245,-100,-85.0,40,1.25,3.0,-84.83,4.7127,-99,81.4,22.32,1.590646,1.418869,14.4427,0.0155
3244,-100,-85.0,40,1.25,2.5,-84.91,4.6219,-98,83.74,19.5,1.873379,1.326833,10.8524,0.0299
3248,-100,-85.0,40,1.25,4.5,-85.56,5.9565,-100,83.99,19.22,2.093738,1.550927,10.3667,0.0272
3246,-100,-85.0,40,1.25,3.5,-84.89,5.469,-100,82.3,21.25,1.763609,1.334706,12.2093,0.0346
3247,-100,-85.0,40,1.25,4.0,-84.79,5.6477,-100,80.99,22.81,1.731871,1.436099,12.1839,0.0367
3249,-100,-85.0,40,1.25,5.0,-85.32,6.423,-100,83.13,20.25,1.991854,1.464206,11.0243,0.0487
3250,-100,-85.0,40,1.25,5.5,-84.76,6.6305,-100,82.24,21.31,1.99353,1.282586,8.2592,0.0509
3252,-100,-85.0,40,1.25,6.5,-84.87,7.3191,-100,82.29,21.25,2.001989,1.380537,8.2042,0.0613
3251,-100,-85.0,40,1.25,6.0,-84.65,7.1538,-100,83.32,20.02,2.166444,1.281612,6.6988,0.0878
3253,-100,-85.0,40,1.25,7.0,-84.55,7.8805,-100,83.39,19.93,2.247716,1.181011,5.4377,0.0769
3254,-100,-85.0,40,1.25,7.5,-84.54,7.8741,-100,82.61,20.87,2.072682,1.320738,6.7837,0.087
3256,-100,-85.0,40,1.25,8.5,-84.43,9.0134,-100,80.7,23.17,1.935237,1.188851,8.0655,0.1177
3258,-100,-85.0,40,1.25,9.5,-83.99,9.7128,-100,80.5,23.41,1.901407,1.174869,7.2967,0.0998
3255,-100,-85.0,40,1.25,8.0,-84.51,8.4177,-100,81.86,21.77,1.962849,1.2699,7.4495,0.0739
3260,-100,-85.0,40,1.25,10.5,-84.08,10.4028,-100,81.58,22.1,2.051384,1.292087,7.5115,0.0988
3259,-100,-85.0,40,1.25,10.0,-83.75,9.9468,-100,82.13,21.45,2.070956,1.107273,5.1031,0.1095
3257,-100,-85.0,40,1.25,9.0,-84.05,9.3068,-100,82.45,21.05,2.030552,1.284978,7.0539,0.0865
3261,-100,-85.0,40,1.25,11.0,-84.16,10.6699,-100,82.18,21.39,2.060992,1.19799,6.0046,0.0933
3263,-100,-85.0,40,1.25,12.0,-83.88,11.7965,-100,79.91,24.11,1.891281,1.125959,7.8675,0.11
3262,-100,-85.0,40,1.25,11.5,-83.86,11.3356,-100,82.19,21.37,2.06631,1.153396,6.4142,0.0843
3264,-100,-85.0,40,1.25,12.5,-83.73,11.8096,-100,80.62,23.26,1.972132,1.027009,5.2298,0.1353
3265,-100,-85.0,40,1.25,13.0,-83.52,12.1581,-100,79.99,24.02,1.913306,0.987121,6.0887,0.1321
3266,-100,-85.0,40,1.25,13.5,-83.22,12.3684,-100,80.62,23.26,1.934883,1.073231,6.5373,0.1269
3267,-100,-85.0,40,1.25,14.0,-83.25,12.7844,-100,81.96,21.65,2.085864,1.166253,6.6717,0.1177
3269,-100,-85.0,40,1.5,1.5,-81.91,4.8989,-94,79.55,24.56,1.523906,1.229846,10.1644,0.0412
3268,-100,-85.0,40,1.5,1.0,-81.95,4.2938,-91,78.68,25.57,1.327676,1.161369,12.6392,0.0367
3270,-100,-85.0,40,1.5,2.0,-81.45,4.9671,-96,77.22,27.34,1.371502,1.074727,10.5091,0.0685
3271,-100,-85.0,40,1.5,2.5,-82.32,4.7846,-96,79.06,25.13,1.504116,1.254307,10.8906,0.0459
3272,-100,-85.0,40,1.5,3.0,-81.94,5.5246,-99,79.07,25.12,1.601659,1.180033,8.9688,0.0708
3273,-100,-85.0,40,1.5,3.5,-82.4,5.3378,-99,80.29,23.64,1.739373,1.223237,8.4925,0.0585
3275,-100,-85.0,40,1.5,4.5,-81.9,6.3594,-100,80.48,23.42,1.762096,1.104606,6.7971,0.0626
3274,-100,-85.0,40,1.5,4.0,-81.87,6.0663,-100,80.02,23.98,1.686702,1.367774,9.6413,0.0542
3276,-100,-85.0,40,1.5,5.0,-81.96,6.671,-100,80.54,23.35,1.746327,1.149072,7.623,0.0916
3277,-100,-85.0,40,1.5,5.5,-81.61,7.1277,-100,80.17,23.79,1.739589,1.119886,6.6878,0.0853
3279,-100,-85.0,40,1.5,6.5,-82.02,7.949,-100,79.48,24.63,1.699023,1.237497,8.9989,0.0763
3278,-100,-85.0,40,1.5,6.0,-81.55,7.3297,-100,80.59,23.29,1.741944,1.037699,6.1263,0.1046
3280,-100,-85.0,40,1.5,7.0,-82.4,8.4752,-100,81.07,22.71,1.933987,1.106441,5.828,0.0887
3282,-100,-85.0,40,1.5,8.0,-81.87,9.4296,-100,81.51,22.19,1.92457,1.154268,6.687,0.1095
3281,-100,-85.0,40,1.5,7.5,-81.58,8.7156,-100,80.31,23.62,1.798528,1.02358,5.3668,0.1097
3283,-100,-85.0,40,1.5,8.5,-81.72,9.3783,-100,80.52,23.37,1.850136,1.188875,7.0838,0.1177
3284,-100,-85.0,40,1.5,9.0,-82.2,9.6563,-100,81.26,22.48,1.956891,1.120537,5.4372,0.1042
3285,-100,-85.0,40,1.5,9.5,-81.48,10.4054,-100,80.76,23.08,1.930605,1.366797,7.9721,0.0951
3287,-100,-85.0,40,1.5,10.5,-81.87,11.1503,-100,81.91,21.71,2.021437,1.148054,5.7002,0.1037
3286,-100,-85.0,40,1.5,10.0,-81.77,10.462,-100,81.77,21.88,2.018974,1.09559,5.161,0.1254
3288,-100,-85.0,40,1.5,11.0,-81.21,11.2415,-100,80.84,22.99,1.802868,1.21355,7.1629,0.1145
3289,-100,-85.0,40,1.5,11.5,-81.17,11.398,-100,81.65,22.03,1.969421,1.093101,5.1881,0.0878
3291,-100,-85.0,40,1.5,12.5,-80.77,12.2359,-100,81.51,22.18,1.95485,1.151146,7.0823,0.1239
3290,-100,-85.0,40,1.5,12.0,-81.44,11.9334,-100,81.67,21.99,1.95489,1.024153,4.1494,0.1285
3292,-100,-85.0,40,1.5,13.0,-81.12,12.6771,-100,81.13,22.64,1.913479,1.22142,6.7558,0.1051
3294,-100,-85.0,40,1.5,14.0,-80.96,13.485,-100,80.67,23.2,1.866651,1.017325,5.1944,0.1144
3293,-100,-85.0,40,1.5,13.5,-80.52,13.0493,-100,81.69,21.97,1.946696,1.135955,4.9672,0.0925
3295,-100,-85.0,40,1.75,1.0,-78.84,5.1567,-89,77.02,27.58,1.194261,0.985908,7.5966,0.0692
3297,-100,-85.0,40,1.75,2.0,-79.15,5.5911,-92,78.01,26.39,1.367466,0.923539,5.4704,0.1079
3296,-100,-85.0,40,1.75,1.5,-78.95,5.7585,-92,77.44,27.07,1.244561,0.929618,6.964,0.0652
3298,-100,-85.0,40,1.75,2.5,-78.63,5.3615,-95,77.99,26.42,1.310997,0.934358,5.9741,0.0973
3299,-100,-85.0,40,1.75,3.0,-79.1,6.5873,-97,79.17,25.0,1.44811,1.014683,5.9029,0.0754
3300,-100,-85.0,40,1.75,3.5,-78.77,5.8968,-98,78.51,25.78,1.378617,1.001814,6.3069,0.0951
3301,-100,-85.0,40,1.75,4.0,-78.71,6.6673,-100,78.15,26.22,1.399584,1.043295,7.4608,0.1103
3303,-100,-85.0,40,1.75,5.0,-79.45,7.0915,-100,79.07,25.1,1.514879,0.97992,5.478,0.1152
3302,-100,-85.0,40,1.75,4.5,-79.11,6.7866,-100,78.51,25.79,1.454766,0.9461,5.4307,0.1175
3304,-100,-85.0,40,1.75,5.5,-79.01,7.4923,-100,79.0,25.2,1.521084,0.976611,5.8946,0.1188
3305,-100,-85.0,40,1.75,6.0,-78.91,7.7434,-100,79.15,25.02,1.545954,1.050205,6.6471,0.1203
3306,-100,-85.0,40,1.75,6.5,-78.73,8.6001,-100,80.26,23.69,1.663235,1.010592,4.6733,0.1171
3307,-100,-85.0,40,1.75,7.0,-78.93,8.4795,-100,79.26,24.89,1.514409,1.036031,6.4178,0.1185
3309,-100,-85.0,40,1.75,8.0,-78.71,9.6639,-100,79.89,24.13,1.673775,1.079207,5.8581,0.1124
3311,-100,-85.0,40,1.75,9.0,-79.12,10.2496,-100,79.78,24.27,1.604188,1.05662,6.09,0.1037
3310,-100,-85.0,40,1.75,8.5,-79.13,9.9746,-100,80.78,23.07,1.763598,1.025128,4.4693,0.1162
3308,-100,-85.0,40,1.75,7.5,-78.59,9.0205,-100,78.77,25.47,1.495915,0.942109,5.3835,0.1119
3312,-100,-85.0,40,1.75,9.5,-78.56,10.7016,-100,79.97,24.03,1.686444,0.956398,4.2877,0.1368
3313,-100,-85.0,40,1.75,10.0,-78.41,11.2209,-100,79.9,24.11,1.709503,1.043828,5.8161,0.1111
3314,-100,-85.0,40,1.75,10.5,-78.47,11.3043,-100,80.02,23.98,1.725628,0.998812,4.3921,0.1174
3315,-100,-85.0,40,1.75,11.0,-78.7,11.8115,-100,81.07,22.72,1.836341,1.004425,3.7356,0.1174
3317,-100,-85.0,40,1.75,12.0,-78.47,12.4854,-100,79.88,24.15,1.68546,1.008183,5.4925,0.1138
3316,-100,-85.0,40,1.75,11.5,-79.16,12.3053,-100,80.03,23.96,1.751614,1.126683,6.4731,0.109
3318,-100,-85.0,40,1.75,12.5,-78.3,12.9464,-100,80.75,23.1,1.760605,1.083746,5.2954,0.1018
3319,-100,-85.0,40,1.75,13.0,-78.32,13.1988,-100,80.39,23.53,1.769439,1.034811,5.0648,0.1157
3321,-100,-85.0,40,1.75,14.0,-77.87,14.2436,-100,79.75,24.31,1.717303,0.958543,5.0226,0.1389
3320,-100,-85.0,40,1.75,13.5,-78.31,13.6489,-100,80.22,23.73,1.783427,1.226598,6.4924,0.0826
3323,-100,-85.0,40,2.0,1.5,-76.26,5.9904,-89,76.54,28.15,1.112821,0.811679,6.1424,0.1153
3322,-100,-85.0,40,2.0,1.0,-76.29,6.1933,-88,76.92,27.69,1.098897,0.793138,5.5377,0.1087
3324,-100,-85.0,40,2.0,2.0,-76.45,6.178,-92,76.7,27.95,1.15888,0.863299,5.7965,0.1169
3325,-100,-85.0,40,2.0,2.5,-75.68,5.7263,-91,77.39,27.13,1.14695,0.72814,4.0518,0.175
3327,-100,-85.0,40,2.0,3.5,-76.41,7.1002,-98,77.91,26.51,1.249729,0.860051,5.8199,0.1508
3326,-100,-85.0,40,2.0,3.0,-76.38,6.5895,-96,77.61,26.87,1.150129,0.828988,5.4333,0.0855
3329,-100,-85.0,40,2.0,4.5,-76.24,7.4624,-99,77.93,26.49,1.277273,0.804141,4.116,0.1617
3328,-100,-85.0,40,2.0,4.0,-76.12,6.6893,-97,77.11,27.49,1.191196,0.773439,3.7458,0.1554
3330,-100,-85.0,40,2.0,5.0,-76.39,7.7852,-100,78.04,26.36,1.335342,0.898283,5.3012,0.1118
3333,-100,-85.0,40,2.0,6.5,-76.16,8.7715,-100,78.38,25.94,1.411452,0.954857,5.9574,0.1348
3331,-100,-85.0,40,2.0,5.5,-75.66,8.3111,-100,77.43,27.09,1.252626,0.779383,3.7585,0.1652
3332,-100,-85.0,40,2.0,6.0,-75.91,8.1755,-100,78.66,25.6,1.328037,0.856231,4.8158,0.1287
3335,-100,-85.0,40,2.0,7.5,-76.19,9.487,-100,78.76,25.48,1.422317,0.91676,4.9717,0.1568
3334,-100,-85.0,40,2.0,7.0,-75.6,9.2578,-100,78.31,26.02,1.355551,0.837807,3.8109,0.1491
3336,-100,-85.0,40,2.0,8.0,-76.4,9.7732,-100,78.32,26.01,1.408223,0.997182,6.3748,0.1315
3337,-100,-85.0,40,2.0,8.5,-75.74,10.3096,-100,78.0,26.42,1.387289,0.923587,4.997,0.1147
3339,-100,-85.0,40,2.0,9.5,-76.16,11.0537,-100,79.63,24.45,1.557222,0.938848,4.2718,0.1147
3338,-100,-85.0,40,2.0,9.0,-75.72,10.8688,-100,78.63,25.65,1.451606,0.879588,4.2913,0.1504
3341,-100,-85.0,40,2.0,10.5,-75.75,11.9926,-100,79.79,24.27,1.5587,0.948025,4.8116,0.1365
3340,-100,-85.0,40,2.0,10.0,-75.82,11.6276,-100,79.04,25.15,1.515381,1.085824,6.7023,0.1028
3342,-100,-85.0,40,2.0,11.0,-75.88,12.2394,-100,78.03,26.36,1.490926,1.019106,5.9339,0.113
3343,-100,-85.0,40,2.0,11.5,-75.8,12.661,-100,78.19,26.17,1.567267,1.098252,7.6457,0.1016
3344,-100,-85.0,40,2.0,12.0,-76.0,12.8247,-100,79.01,25.19,1.526921,0.899318,4.597,0.1501
3345,-100,-85.0,40,2.0,12.5,-75.6,13.2375,-100,79.78,24.27,1.639251,0.971598,4.8649,0.1353
3347,-100,-85.0,40,2.0,13.5,-75.71,14.0991,-100,79.4,24.72,1.655119,0.903178,3.6303,0.152
3346,-100,-85.0,40,2.0,13.0,-75.45,13.7465,-100,78.68,25.58,1.588786,0.993251,5.4798,0.1203
3348,-100,-85.0,40,2.0,14.0,-76.04,14.4563,-100,80.28,23.66,1.685943,0.969416,4.5582,0.1462
3349,-100,-85.0,40,2.25,1.0,-72.97,6.8262,-85,76.64,28.03,1.01596,0.656189,3.2574,0.178
3350,-100,-85.0,40,2.25,1.5,-73.7,6.9184,-88,76.21,28.55,1.052107,0.684176,3.0425,0.185
3351,-100,-85.0,40,2.25,2.0,-74.09,7.0796,-89,76.27,28.48,1.046574,0.710449,4.0639,0.1586
3353,-100,-85.0,40,2.25,3.0,-73.54,7.0928,-94,76.74,27.91,1.05025,0.701171,4.168,0.1552
3352,-100,-85.0,40,2.25,2.5,-73.55,7.2727,-92,76.31,28.43,1.03617,0.637851,2.5021,0.1971
3354,-100,-85.0,40,2.25,3.5,-73.38,7.3422,-93,76.95,27.66,1.073535,0.67252,3.2402,0.1722
3356,-100,-85.0,40,2.25,4.5,-73.65,7.8141,-97,77.15,27.42,1.140603,0.712799,3.2393,0.1592
3355,-100,-85.0,40,2.25,4.0,-73.42,7.7546,-96,76.86,27.77,1.117671,0.726133,4.3387,0.1576
3357,-100,-85.0,40,2.25,5.0,-73.32,8.2931,-100,77.61,26.88,1.199774,0.772523,4.4618,0.1495
3358,-100,-85.0,40,2.25,5.5,-73.18,8.3545,-100,77.08,27.51,1.194561,0.831915,4.7493,0.1066
3359,-100,-85.0,40,2.25,6.0,-73.43,8.5874,-100,77.52,26.97,1.20642,0.849189,5.3413,0.1435
3360,-100,-85.0,40,2.25,6.5,-73.37,9.2505,-100,77.64,26.83,1.241195,0.718654,1.9297,0.1904
3361,-100,-85.0,40,2.25,7.0,-73.71,9.8603,-100,77.66,26.81,1.307639,0.869491,5.0589,0.1395
3362,-100,-85.0,40,2.25,7.5,-73.63,10.232,-100,77.25,27.29,1.273764,1.019056,7.1057,0.108
3363,-100,-85.0,40,2.25,8.0,-73.08,10.0268,-100,77.27,27.27,1.218184,0.901663,6.4593,0.1215
3365,-100,-85.0,40,2.25,9.0,-73.77,10.6767,-100,78.92,25.3,1.357008,0.814788,3.6151,0.1398
3364,-100,-85.0,40,2.25,8.5,-73.18,10.7752,-100,78.17,26.2,1.311683,0.876452,5.0527,0.121
3366,-100,-85.0,40,2.25,9.5,-73.39,11.5572,-100,78.67,25.59,1.3957,0.837854,3.6461,0.1509
3368,-100,-85.0,40,2.25,10.5,-73.96,12.3022,-100,78.66,25.61,1.419907,0.922577,5.4318,0.1294
3367,-100,-85.0,40,2.25,10.0,-73.19,11.8374,-100,78.44,25.86,1.326951,0.829128,4.1389,0.1521
3369,-100,-85.0,40,2.25,11.0,-72.8,12.6056,-100,77.77,26.67,1.375983,0.833678,3.9853,0.1438
3370,-100,-85.0,40,2.25,11.5,-73.06,12.9809,-100,78.96,25.25,1.444001,0.845304,3.767,0.1533
3371,-100,-85.0,40,2.25,12.0,-72.78,13.6144,-100,78.32,26.02,1.410409,0.923112,5.3148,0.125
3372,-100,-85.0,40,2.25,12.5,-73.37,13.7623,-100,79.31,24.83,1.492805,0.959928,4.8222,0.1147
3373,-100,-85.0,40,2.25,13.0,-73.29,14.3888,-100,79.02,25.18,1.465313,0.972526,5.6035,0.1207
3374,-100,-85.0,40,2.25,13.5,-72.96,14.7002,-100,78.21,26.15,1.448217,0.839918,3.989,0.1456
3375,-100,-85.0,40,2.25,14.0,-72.27,14.9503,-100,78.87,25.35,1.452187,0.902842,4.711,0.1408
3376,-100,-85.0,40,2.5,1.0,-69.87,7.7662,-85,76.08,28.71,1.043644,0.679583,4.0821,0.1629
3377,-100,-85.0,40,2.5,1.5,-70.4,7.1864,-85,76.42,28.29,1.027117,0.697492,4.5404,0.1663
3378,-100,-85.0,40,2.5,2.0,-70.64,6.9339,-86,76.91,27.7,1.08794,0.668218,3.0511,0.1916
3379,-100,-85.0,40,2.5,2.5,-70.91,7.62,-91,76.75,27.9,1.035464,0.670514,4.1615,0.1641
3380,-100,-85.0,40,2.5,3.0,-70.9,7.5572,-92,77.26,27.28,1.073038,0.701764,3.5624,0.1642
3382,-100,-85.0,40,2.5,4.0,-70.38,8.7479,-94,76.33,28.41,1.057053,0.651743,2.7991,0.1787
3383,-100,-85.0,40,2.5,4.5,-70.85,8.6357,-95,77.12,27.46,1.086856,0.710145,3.9515,0.1424
3381,-100,-85.0,40,2.5,3.5,-70.59,8.2061,-93,75.94,28.87,1.047569,0.666823,3.4809,0.1792
3384,-100,-85.0,40,2.5,5.0,-70.48,9.2857,-99,77.17,27.39,1.142297,0.731066,4.0911,0.1741
3385,-100,-85.0,40,2.5,5.5,-70.05,8.937,-98,77.46,27.04,1.124247,0.754892,4.6928,0.1453
3386,-100,-85.0,40,2.5,6.0,-71.17,9.2394,-100,77.28,27.26,1.159445,0.779478,4.5526,0.156
3387,-100,-85.0,40,2.5,6.5,-70.75,9.7074,-100,76.89,27.74,1.204257,0.802354,5.5404,0.1585
3388,-100,-85.0,40,2.5,7.0,-70.08,10.1248,-100,76.98,27.63,1.144026,0.793846,4.9413,0.1504
3389,-100,-85.0,40,2.5,7.5,-70.32,10.4202,-100,77.43,27.08,1.194423,0.804835,4.9528,0.1664
3390,-100,-85.0,40,2.5,8.0,-71.04,10.7457,-100,77.56,26.94,1.19039,0.778715,4.2841,0.159
3391,-100,-85.0,40,2.5,8.5,-70.09,11.273,-100,77.0,27.59,1.184306,0.761452,4.0636,0.1409
3392,-100,-85.0,40,2.5,9.0,-70.34,11.5455,-100,77.85,26.58,1.215317,0.809533,5.1726,0.1511
3393,-100,-85.0,40,2.5,9.5,-70.25,11.5129,-100,76.77,27.87,1.129971,0.861385,6.6809,0.1274
3395,-100,-85.0,40,2.5,10.5,-70.15,12.513,-100,77.74,26.72,1.224257,0.793638,4.5419,0.1673
3394,-100,-85.0,40,2.5,10.0,-69.77,12.547,-100,77.64,26.82,1.23333,0.798906,4.4422,0.1506
3396,-100,-85.0,40,2.5,11.0,-70.36,12.8668,-100,77.65,26.82,1.308436,0.850884,5.0265,0.1377
3397,-100,-85.0,40,2.5,11.5,-70.14,13.4035,-100,77.97,26.45,1.309927,0.849029,4.8774,0.1445
3398,-100,-85.0,40,2.5,12.0,-70.4,13.7819,-100,77.34,27.2,1.273393,0.826335,4.9882,0.1602
3399,-100,-85.0,40,2.5,12.5,-70.14,13.7858,-100,78.36,25.97,1.302628,0.825173,4.1941,0.1165
3400,-100,-85.0,40,2.5,13.0,-70.1,14.868,-100,78.19,26.16,1.406296,0.885501,4.7122,0.1402
3401,-100,-85.0,40,2.5,13.5,-70.73,14.905,-100,77.49,27.02,1.365815,0.843286,4.8118,0.1469
3402,-100,-85.0,40,2.5,14.0,-70.06,15.2349,-100,78.91,25.31,1.367987,0.803158,3.5432,0.1766
3403,-100,-85.0,40,2.75,1.0,-68.15,8.3734,-81,76.07,28.72,0.933673,0.609367,3.0004,0.17
3404,-100,-85.0,40,2.75,1.5,-67.55,7.8158,-83,75.73,29.13,0.933167,0.594665,3.4078,0.1738
3405,-100,-85.0,40,2.75,2.0,-67.64,8.6279,-85,76.6,28.09,1.003898,0.776766,6.1061,0.1436
3408,-100,-85.0,40,2.75,3.5,-67.62,8.5955,-89,76.33,28.4,0.998876,0.704065,5.2255,0.157
3406,-100,-85.0,40,2.75,2.5,-68.05,8.0307,-87,76.42,28.29,1.042238,0.661228,3.6599,0.1848
3407,-100,-85.0,40,2.75,3.0,-67.62,8.7067,-89,76.12,28.65,1.024467,0.659802,3.073,0.1814
3409,-100,-85.0,40,2.75,4.0,-67.63,9.1991,-90,76.39,28.33,1.018324,0.669819,4.3418,0.1619
3410,-100,-85.0,40,2.75,4.5,-67.54,9.0095,-93,76.06,28.72,0.964953,0.651114,4.2463,0.1646
3411,-100,-85.0,40,2.75,5.0,-67.37,9.3388,-96,76.3,28.45,1.062445,0.6818,4.2061,0.1738
3413,-100,-85.0,40,2.75,6.0,-67.31,9.6743,-99,76.37,28.35,1.084481,0.816535,6.6739,0.1608
3412,-100,-85.0,40,2.75,5.5,-67.74,9.4368,-99,76.47,28.23,1.086599,0.706539,4.1993,0.1583
3414,-100,-85.0,40,2.75,6.5,-67.86,10.3466,-100,77.0,27.6,1.064969,0.685258,4.0965,0.1651
3417,-100,-85.0,40,2.75,8.0,-67.55,11.3195,-100,76.33,28.4,1.157332,0.765992,4.8077,0.172
3415,-100,-85.0,40,2.75,7.0,-67.7,10.4697,-100,76.97,27.63,1.083162,0.675216,3.0916,0.1726
3416,-100,-85.0,40,2.75,7.5,-67.95,10.951,-100,77.03,27.56,1.083063,0.69618,3.8528,0.183
3418,-100,-85.0,40,2.75,8.5,-67.57,11.726,-100,77.1,27.48,1.139833,0.748076,4.6912,0.1593
3420,-100,-85.0,40,2.75,9.5,-67.29,12.42,-100,76.76,27.89,1.139834,0.723488,3.8687,0.175
3419,-100,-85.0,40,2.75,9.0,-68.01,11.9772,-100,77.07,27.52,1.112997,0.737202,4.4678,0.163
3421,-100,-85.0,40,2.75,10.0,-67.76,12.8771,-100,77.18,27.39,1.13061,0.720579,3.5119,0.1783
3422,-100,-85.0,40,2.75,10.5,-67.5,13.0557,-100,77.52,26.97,1.201185,0.749628,3.4362,0.1362
3423,-100,-85.0,40,2.75,11.0,-67.73,13.371,-100,75.9,28.91,1.110041,0.795906,5.3552,0.1502
3425,-100,-85.0,40,2.75,12.0,-67.77,14.1319,-100,76.69,27.97,1.174067,0.791862,4.946,0.1537
3424,-100,-85.0,40,2.75,11.5,-67.25,13.7653,-100,76.84,27.79,1.172587,0.697407,3.0578,0.1805
3429,-100,-85.0,40,2.75,14.0,-67.35,15.7391,-100,78.02,26.38,1.268616,0.830633,4.2713,0.1295
3426,-100,-85.0,40,2.75,12.5,-67.44,14.579,-100,77.75,26.69,1.252687,0.788961,3.8877,0.1342
3428,-100,-85.0,40,2.75,13.5,-67.13,15.4216,-100,77.45,27.06,1.182559,0.781515,4.829,0.1705
3427,-100,-85.0,40,2.75,13.0,-67.35,15.1268,-100,78.0,26.41,1.260649,0.825145,4.523,0.1457
3430,-100,-85.0,40,3.0,1.0,-64.59,8.6649,-80,76.18,28.58,1.020778,0.660443,3.8054,0.1867
3431,-100,-85.0,40,3.0,1.5,-65.0,8.5244,-82,75.79,29.06,0.932454,0.606704,3.1774,0.1697
3432,-100,-85.0,40,3.0,2.0,-65.11,8.777,-82,76.73,27.92,1.023338,0.648865,3.1572,0.1811
3433,-100,-85.0,40,3.0,2.5,-64.65,9.0487,-88,76.3,28.44,0.996378,0.637917,2.9453,0.1678
3435,-100,-85.0,40,3.0,3.5,-64.59,8.8122,-88,75.85,28.98,0.959036,0.618287,2.775,0.1959
3434,-100,-85.0,40,3.0,3.0,-64.57,9.3359,-88,76.98,27.62,1.022778,0.623375,2.1018,0.1914
3436,-100,-85.0,40,3.0,4.0,-64.6,9.9029,-90,75.7,29.16,0.986855,0.644065,3.924,0.1761
3437,-100,-85.0,40,3.0,4.5,-64.69,9.398,-93,76.51,28.18,0.998192,0.608472,2.2206,0.2001
3439,-100,-85.0,40,3.0,5.5,-65.17,10.5055,-100,75.96,28.85,1.011802,0.627452,2.5886,0.1974
3440,-100,-85.0,40,3.0,6.0,-64.72,10.6034,-100,77.07,27.52,1.039428,0.662989,2.7903,0.1584
3438,-100,-85.0,40,3.0,5.0,-65.19,9.916,-93,76.31,28.43,0.993022,0.65022,4.0376,0.1702
3441,-100,-85.0,40,3.0,6.5,-64.75,10.5693,-100,76.18,28.59,1.01102,0.656249,3.188,0.1958
3442,-100,-85.0,40,3.0,7.0,-64.86,11.289,-100,76.31,28.43,1.058589,0.712304,4.1765,0.1446
3443,-100,-85.0,40,3.0,7.5,-63.99,11.4084,-100,76.42,28.3,1.033496,0.668346,4.1007,0.178
3444,-100,-85.0,40,3.0,8.0,-64.87,11.5243,-100,76.84,27.79,1.061798,0.655388,2.4956,0.1775
3445,-100,-85.0,40,3.0,8.5,-65.01,12.639,-100,76.54,28.16,1.059158,0.687386,3.8534,0.1777
3446,-100,-85.0,40,3.0,9.0,-64.25,12.5128,-100,76.48,28.22,1.054848,0.660476,3.4416,0.177
3447,-100,-85.0,40,3.0,9.5,-64.67,12.9704,-100,76.64,28.03,1.057271,0.69606,3.8777,0.1574
3448,-100,-85.0,40,3.0,10.0,-64.52,13.4,-100,76.52,28.18,1.100254,0.664192,2.4685,0.1837
3449,-100,-85.0,40,3.0,10.5,-64.57,13.6192,-100,76.87,27.75,1.127141,0.745452,4.5658,0.1643
3451,-100,-85.0,40,3.0,11.5,-64.81,14.1312,-100,76.75,27.89,1.09583,0.710817,3.9889,0.1778
3450,-100,-85.0,40,3.0,11.0,-64.26,13.7376,-100,77.17,27.4,1.126707,0.727649,3.8057,0.1647
3453,-100,-85.0,40,3.0,12.5,-64.51,14.994,-100,76.7,27.96,1.198362,0.824966,5.7696,0.1466
3452,-100,-85.0,40,3.0,12.0,-64.26,15.1582,-100,77.04,27.55,1.184097,0.792737,4.9384,0.1391
3454,-100,-85.0,40,3.0,13.0,-64.75,15.5043,-100,77.6,26.89,1.184125,0.739722,3.5089,0.1569
3455,-100,-85.0,40,3.0,13.5,-64.62,15.8531,-100,77.59,26.89,1.201127,0.743331,3.529,0.1705
3456,-100,-85.0,40,3.0,14.0,-64.38,16.5759,-100,78.02,26.37,1.226219,0.775749,4.6039,0.1607
3457,-100,-85.0,40,3.25,1.0,-62.02,9.7318,-77,76.46,28.25,1.009268,0.665064,3.8419,0.1608
3458,-100,-85.0,40,3.25,1.5,-61.95,9.4075,-79,76.19,28.57,0.979172,0.630406,2.9333,0.184
3459,-100,-85.0,40,3.25,2.0,-62.02,9.6758,-80,75.99,28.82,0.961061,0.647603,3.8205,0.1728
3461,-100,-85.0,40,3.25,3.0,-62.2,10.5252,-85,75.94,28.87,0.953577,0.609166,3.2716,0.1926
3460,-100,-85.0,40,3.25,2.5,-61.74,9.5169,-81,76.23,28.52,1.027303,0.7574,5.8155,0.1454
3462,-100,-85.0,40,3.25,3.5,-62.32,9.6263,-87,75.91,28.91,0.964258,0.606205,2.5323,0.2085
3463,-100,-85.0,40,3.25,4.0,-61.34,10.1978,-86,76.28,28.47,0.969802,0.630674,3.5069,0.168
3464,-100,-85.0,40,3.25,4.5,-61.77,10.0068,-88,76.12,28.65,0.983336,0.650681,4.0667,0.1781
3465,-100,-85.0,40,3.25,5.0,-62.31,10.4673,-91,76.51,28.19,1.035837,0.665146,3.3192,0.1711
3466,-100,-85.0,40,3.25,5.5,-62.41,10.5781,-93,76.55,28.14,1.04767,0.681186,4.2008,0.1692
3467,-100,-85.0,40,3.25,6.0,-61.79,10.8178,-95,76.45,28.27,1.045787,0.669439,3.9461,0.1632
3468,-100,-85.0,40,3.25,6.5,-62.02,11.2257,-100,76.09,28.69,0.98437,0.612685,2.5323,0.1879
3469,-100,-85.0,40,3.25,7.0,-61.96,11.9571,-100,75.44,29.47,0.949158,0.630992,3.8053,0.1929
3470,-100,-85.0,40,3.25,7.5,-61.84,11.9341,-100,75.53,29.36,0.981721,0.63815,3.5042,0.1815
3472,-100,-85.0,40,3.25,8.5,-61.91,12.7582,-100,76.53,28.16,1.041902,0.727124,5.0419,0.1677
3471,-100,-85.0,40,3.25,8.0,-62.17,12.271,-100,77.15,27.42,1.06394,0.6585,2.7426,0.1721
3473,-100,-85.0,40,3.25,9.0,-62.56,12.7158,-100,76.63,28.05,1.032992,0.63698,2.8244,0.1883
3474,-100,-85.0,40,3.25,9.5,-61.98,13.3025,-100,76.83,27.8,1.060084,0.693982,4.0039,0.1735
3475,-100,-85.0,40,3.25,10.0,-61.19,13.7003,-100,76.95,27.66,1.051862,0.674454,3.2044,0.1798
3476,-100,-85.0,40,3.25,10.5,-62.17,13.9149,-100,77.28,27.25,1.089789,0.715075,4.4206,0.169
3477,-100,-85.0,40,3.25,11.0,-61.0,14.3615,-100,77.01,27.6,1.085999,0.668356,2.5935,0.1884
3478,-100,-85.0,40,3.25,11.5,-61.62,14.6862,-100,76.18,28.59,1.069274,0.682592,3.6376,0.1727
3479,-100,-85.0,40,3.25,12.0,-61.69,15.1885,-100,76.77,27.87,1.095273,0.73667,5.1956,0.1397
3480,-100,-85.0,40,3.25,12.5,-61.67,15.6968,-100,76.69,27.98,1.110184,0.750434,4.5563,0.1465
3481,-100,-85.0,40,3.25,13.0,-61.81,15.8585,-100,77.15,27.43,1.108119,0.711094,3.6658,0.172
3483,-100,-85.0,40,3.25,14.0,-61.49,16.5777,-100,77.3,27.24,1.226809,0.81712,4.9685,0.1368
3482,-100,-85.0,40,3.25,13.5,-61.61,16.2054,-100,77.11,27.47,1.141626,0.704443,3.695,0.1749
3484,-100,-85.0,40,3.5,1.0,-59.23,9.8405,-75,76.03,28.77,0.997551,0.6423,3.5344,0.1677
3485,-100,-85.0,40,3.5,1.5,-59.06,9.5952,-76,76.17,28.58,0.976493,0.659711,4.6799,0.161
3486,-100,-85.0,40,3.5,2.0,-59.25,10.1584,-79,76.03,28.75,0.955841,0.638046,3.5164,0.1881
3487,-100,-85.0,40,3.5,2.5,-59.04,9.8716,-81,75.75,29.09,0.994159,0.69895,4.7885,0.1779
3489,-100,-85.0,40,3.5,3.5,-59.1,9.8177,-84,76.79,27.86,1.096481,0.762069,5.7472,0.1439
3488,-100,-85.0,40,3.5,3.0,-58.85,10.3114,-84,76.42,28.29,1.031469,0.67164,4.1113,0.1894
3490,-100,-85.0,40,3.5,4.0,-59.08,11.0392,-87,76.44,28.27,0.988748,0.643217,3.5418,0.1666
3491,-100,-85.0,40,3.5,4.5,-59.46,10.9577,-90,76.1,28.68,0.981712,0.622168,2.8319,0.1805
3492,-100,-85.0,40,3.5,5.0,-58.76,11.3874,-92,76.23,28.52,0.976906,0.630492,3.5224,0.1707
3493,-100,-85.0,40,3.5,5.5,-59.15,11.3294,-89,76.61,28.08,1.016402,0.638483,3.2142,0.1754
3495,-100,-85.0,40,3.5,6.5,-58.64,11.1695,-94,76.56,28.14,0.992239,0.682276,4.9455,0.1707
3494,-100,-85.0,40,3.5,6.0,-58.58,11.7888,-90,76.02,28.78,0.98514,0.644771,3.6992,0.1676
3496,-100,-85.0,40,3.5,7.0,-59.21,11.9,-96,76.3,28.43,0.998989,0.620226,2.9105,0.1984
3497,-100,-85.0,40,3.5,7.5,-59.14,12.7197,-100,76.02,28.77,0.988773,0.645857,3.9133,0.1741
3498,-100,-85.0,40,3.5,8.0,-59.34,12.6967,-100,76.45,28.25,0.995903,0.63173,3.1245,0.1835
3499,-100,-85.0,40,3.5,8.5,-58.6,14.0201,-100,75.85,28.99,0.998887,0.626081,2.9883,0.1819
3501,-100,-85.0,40,3.5,9.5,-59.8,14.0411,-100,76.2,28.56,1.029088,0.664469,3.5207,0.1839
3500,-100,-85.0,40,3.5,9.0,-58.81,13.7911,-100,76.49,28.21,0.992308,0.616925,2.3889,0.1964
3502,-100,-85.0,40,3.5,10.0,-58.75,14.2472,-100,75.96,28.84,0.985502,0.666283,4.3548,0.1642
3503,-100,-85.0,40,3.5,10.5,-58.82,14.632,-100,76.41,28.31,1.022215,0.703415,4.7227,0.1608
3504,-100,-85.0,40,3.5,11.0,-59.1,14.7429,-100,75.96,28.85,0.994137,0.625796,2.5418,0.1915
3505,-100,-85.0,40,3.5,11.5,-58.88,15.4032,-100,76.8,27.84,1.080594,0.676964,3.7118,0.175
3506,-100,-85.0,40,3.5,12.0,-58.45,15.4224,-100,77.54,26.97,1.094239,0.746158,5.071,0.1518
3507,-100,-85.0,40,3.5,12.5,-58.58,16.1541,-100,76.69,27.97,1.052692,0.698792,3.9979,0.1503
3509,-100,-85.0,40,3.5,13.5,-58.91,16.7836,-100,76.33,28.41,1.083903,0.682758,3.7666,0.1671
3508,-100,-85.0,40,3.5,13.0,-58.88,16.4012,-100,76.72,27.94,1.086493,0.678938,3.1916,0.1778
3510,-100,-85.0,40,3.5,14.0,-58.36,17.243,-100,76.62,28.06,1.054358,0.643831,2.8833,0.1749
3511,-100,-85.0,40,3.75,1.0,-56.17,11.3796,-73,76.07,28.72,0.999627,0.705023,4.894,0.1445
3512,-100,-85.0,40,3.75,1.5,-55.85,10.9107,-75,76.73,27.92,0.969327,0.624471,3.0616,0.1781
3513,-100,-85.0,40,3.75,2.0,-55.65,11.001,-76,75.85,28.99,0.975495,0.614804,3.088,0.1896
3514,-100,-85.0,40,3.75,2.5,-55.8,11.4244,-79,76.21,28.55,0.94952,0.602605,2.601,0.1972
3515,-100,-85.0,40,3.75,3.0,-55.85,11.0466,-82,75.71,29.16,1.012839,0.709709,5.5059,0.1693
3516,-100,-85.0,40,3.75,3.5,-56.46,10.8907,-85,75.87,28.96,0.957547,0.605599,3.0873,0.193
3517,-100,-85.0,40,3.75,4.0,-56.31,11.7771,-86,76.89,27.73,1.068147,0.742521,4.96,0.1696
3519,-100,-85.0,40,3.75,5.0,-56.08,12.1488,-89,76.4,28.32,0.974594,0.60893,2.7636,0.1993
3518,-100,-85.0,40,3.75,4.5,-55.79,11.5048,-84,76.39,28.34,0.994224,0.649012,3.9987,0.1836
3521,-100,-85.0,40,3.75,6.0,-55.98,12.4592,-91,75.95,28.87,0.966673,0.618462,3.5675,0.1757
3520,-100,-85.0,40,3.75,5.5,-56.07,12.4187,-91,76.17,28.61,0.973727,0.595594,2.0245,0.1981
3522,-100,-85.0,40,3.75,6.5,-56.2,12.5298,-93,76.67,28.0,1.022042,0.715515,4.8675,0.1418
3523,-100,-85.0,40,3.75,7.0,-56.24,12.2718,-96,76.49,28.21,1.016482,0.678173,4.5832,0.1531
3524,-100,-85.0,40,3.75,7.5,-55.8,12.5771,-98,76.3,28.45,1.033307,0.651008,3.1668,0.1969
3525,-100,-85.0,40,3.75,8.0,-56.23,13.4713,-97,76.93,27.68,1.013611,0.66233,3.9043,0.1919
3526,-100,-85.0,40,3.75,8.5,-56.45,13.8436,-100,75.58,29.3,0.979025,0.607553,2.4159,0.2025
3527,-100,-85.0,40,3.75,9.0,-55.92,13.6154,-100,75.89,28.93,0.965099,0.624601,3.7523,0.1948
3528,-100,-85.0,40,3.75,9.5,-56.33,14.1596,-100,76.64,28.04,1.007178,0.614802,2.4412,0.1895
3529,-100,-85.0,40,3.75,10.0,-55.71,14.7345,-100,76.86,27.77,1.026999,0.645526,2.5858,0.1822
3530,-100,-85.0,40,3.75,10.5,-56.48,15.2991,-100,76.04,28.75,0.994763,0.658402,4.039,0.1518
3531,-100,-85.0,40,3.75,11.0,-55.83,14.9611,-100,76.3,28.44,1.086055,0.736502,5.0445,0.1831
3532,-100,-85.0,40,3.75,11.5,-55.96,15.7375,-100,76.02,28.77,1.000229,0.663193,3.9194,0.155
3533,-100,-85.0,40,3.75,12.0,-56.19,16.3915,-100,76.31,28.43,1.000702,0.708412,5.0897,0.1342
3534,-100,-85.0,40,3.75,12.5,-56.01,16.1352,-100,75.7,29.17,0.982909,0.625733,2.4727,0.189
3535,-100,-85.0,40,3.75,13.0,-56.38,16.7866,-100,76.77,27.87,1.063438,0.717705,4.3945,0.1483
3536,-100,-85.0,40,3.75,13.5,-56.61,17.2314,-100,75.99,28.81,1.046319,0.698619,4.5113,0.1434
3538,-100,-85.0,40,4.0,1.0,-53.44,11.0673,-71,76.91,27.72,1.055419,0.676178,3.8153,0.1606
3537,-100,-85.0,40,3.75,14.0,-56.27,17.8121,-100,77.26,27.29,1.116083,0.718209,3.9301,0.1627
3539,-100,-85.0,40,4.0,1.5,-53.2,11.5038,-74,76.29,28.45,0.973724,0.587888,1.5491,0.194
3540,-100,-85.0,40,4.0,2.0,-53.19,11.8624,-78,76.26,28.5,0.969761,0.611645,2.4535,0.1922
3541,-100,-85.0,40,4.0,2.5,-52.81,11.8055,-77,76.34,28.39,1.052665,0.677024,3.847,0.1672
3542,-100,-85.0,40,4.0,3.0,-52.75,12.0714,-77,75.34,29.58,0.91988,0.600439,3.4748,0.1855
3543,-100,-85.0,40,4.0,3.5,-53.27,11.9086,-80,76.39,28.34,0.987723,0.618147,2.822,0.1934
3544,-100,-85.0,40,4.0,4.0,-53.28,12.3866,-81,76.35,28.38,0.970355,0.631295,3.4269,0.1735
3545,-100,-85.0,40,4.0,4.5,-53.43,12.6617,-87,76.2,28.56,0.952746,0.597097,2.1475,0.1864
3546,-100,-85.0,40,4.0,5.0,-53.58,12.5394,-87,76.67,27.99,1.008616,0.644441,3.4694,0.1751
3547,-100,-85.0,40,4.0,5.5,-53.24,12.7716,-88,75.85,28.99,0.967243,0.626894,3.1381,0.1742
3548,-100,-85.0,40,4.0,6.0,-53.22,12.8652,-92,76.14,28.63,1.022098,0.714675,5.1023,0.1582
3550,-100,-85.0,40,4.0,7.0,-53.15,13.0548,-96,76.3,28.45,1.007844,0.682365,4.4116,0.1552
3549,-100,-85.0,40,4.0,6.5,-53.5,12.9243,-93,76.47,28.24,1.02645,0.655118,3.628,0.1858
3551,-100,-85.0,40,4.0,7.5,-52.91,13.3198,-91,76.15,28.61,0.986466,0.602143,1.9941,0.2051
3552,-100,-85.0,40,4.0,8.0,-52.85,13.9345,-95,76.1,28.68,0.995485,0.626872,3.2364,0.1809
3553,-100,-85.0,40,4.0,8.5,-53.41,14.6129,-98,76.53,28.16,0.982388,0.629059,3.2108,0.185
3554,-100,-85.0,40,4.0,9.0,-53.21,15.198,-100,76.49,28.21,0.984314,0.641208,3.3697,0.1694
3555,-100,-85.0,40,4.0,9.5,-52.48,15.0965,-100,75.87,28.95,0.951132,0.612209,3.1816,0.178
3556,-100,-85.0,40,4.0,10.0,-52.99,15.2801,-100,76.35,28.38,0.969635,0.652352,3.7272,0.1552
3557,-100,-85.0,40,4.0,10.5,-53.69,15.8368,-100,75.87,28.95,0.987604,0.63703,3.6719,0.1829
3558,-100,-85.0,40,4.0,11.0,-52.93,16.0183,-100,76.61,28.07,1.083294,0.729176,5.4475,0.1632
3559,-100,-85.0,40,4.0,11.5,-52.91,16.4335,-100,76.62,28.06,0.997942,0.628248,2.6973,0.1862
3560,-100,-85.0,40,4.0,12.0,-52.85,16.8089,-100,76.5,28.2,1.034297,0.707393,4.8546,0.1572
3563,-100,-85.0,40,4.0,13.5,-52.62,17.3328,-100,76.81,27.83,1.122842,0.773908,5.5315,0.1662
3561,-100,-85.0,40,4.0,12.5,-53.13,17.4159,-100,75.73,29.12,0.987001,0.64011,3.4988,0.1876
3562,-100,-85.0,40,4.0,13.0,-53.27,17.8593,-100,76.61,28.06,1.028834,0.648383,3.2337,0.1842
3564,-100,-85.0,40,4.0,14.0,-52.94,18.1952,-100,75.91,28.92,0.997521,0.637585,3.1929,0.1754
3565,-100,-85.0,40,4.25,1.0,-50.25,12.0228,-69,76.12,28.66,0.961273,0.614977,3.1425,0.1855
3566,-100,-85.0,40,4.25,1.5,-50.38,12.204,-72,76.4,28.32,1.020396,0.686922,4.2999,0.1713
3567,-100,-85.0,40,4.25,2.0,-50.55,12.8066,-73,76.21,28.55,0.974789,0.621556,3.3128,0.1874
3568,-100,-85.0,40,4.25,2.5,-50.38,12.2875,-74,76.08,28.7,0.973992,0.612029,3.0393,0.1945
3569,-100,-85.0,40,4.25,3.0,-50.42,12.8941,-77,76.24,28.52,0.934375,0.614667,3.5178,0.1709
3570,-100,-85.0,40,4.25,3.5,-50.28,12.0261,-75,76.32,28.42,0.982953,0.646934,4.244,0.1576
3571,-100,-85.0,40,4.25,4.0,-50.49,12.6899,-78,75.97,28.83,0.987915,0.630331,3.0546,0.1932
3572,-100,-85.0,40,4.25,4.5,-50.44,12.7017,-81,75.54,29.36,0.965123,0.600243,2.5764,0.1885
3573,-100,-85.0,40,4.25,5.0,-50.37,12.8912,-87,75.77,29.06,0.967306,0.646258,3.7134,0.1567
3574,-100,-85.0,40,4.25,5.5,-50.22,13.884,-94,76.29,28.45,0.933268,0.640235,3.8929,0.1591
3575,-100,-85.0,40,4.25,6.0,-50.73,13.4756,-100,76.08,28.7,0.985513,0.680476,4.8453,0.1615
3576,-100,-85.0,40,4.25,6.5,-49.69,13.5841,-87,76.11,28.66,0.960551,0.617753,3.0821,0.1994
3577,-100,-85.0,40,4.25,7.0,-50.86,13.9788,-91,76.13,28.63,1.005476,0.631834,2.9585,0.1863
3578,-100,-85.0,40,4.25,7.5,-50.56,14.6095,-93,76.42,28.3,1.023429,0.641112,3.5548,0.1773
3579,-100,-85.0,40,4.25,8.0,-50.54,14.7551,-94,76.24,28.51,0.996626,0.630499,2.978,0.1809
3580,-100,-85.0,40,4.25,8.5,-50.13,14.9447,-92,76.66,28.01,1.000329,0.607181,1.6047,0.1992
3581,-100,-85.0,40,4.25,9.0,-50.63,14.7766,-98,75.53,29.36,0.979215,0.678155,4.1969,0.1331
3582,-100,-85.0,40,4.25,9.5,-50.18,15.1937,-98,76.22,28.54,0.965744,0.62178,3.7772,0.1714
3583,-100,-85.0,40,4.25,10.0,-50.2,16.4027,-100,76.56,28.12,1.012598,0.66623,3.922,0.1581
3584,-100,-85.0,40,4.25,10.5,-50.09,15.9469,-100,76.54,28.15,1.000108,0.697562,4.7924,0.1485
3585,-100,-85.0,40,4.25,11.0,-50.29,16.4422,-100,76.04,28.76,1.043138,0.749249,5.6987,0.131
3586,-100,-85.0,40,4.25,11.5,-50.27,16.399,-100,76.68,27.98,1.029794,0.666523,3.8519,0.1632
3587,-100,-85.0,40,4.25,12.0,-50.26,17.3312,-100,76.93,27.67,1.033957,0.691306,4.1621,0.1542
3588,-100,-85.0,40,4.25,12.5,-50.4,17.9123,-100,76.62,28.06,0.995192,0.628286,2.9741,0.1788
3589,-100,-85.0,40,4.25,13.0,-50.11,17.7945,-100,76.57,28.13,1.031762,0.68836,4.7327,0.1514
3590,-100,-85.0,40,4.25,13.5,-50.22,18.3848,-100,76.52,28.17,1.024292,0.649223,3.4524,0.1681
3591,-100,-85.0,40,4.25,14.0,-49.97,18.5523,-100,76.28,28.47,0.998237,0.651478,3.6766,0.1711
3592,-100,-85.0,40,4.5,1.0,-47.18,12.8875,-66,76.7,27.97,1.020727,0.663228,3.4956,0.1353
3593,-100,-85.0,40,4.5,1.5,-48.02,13.5107,-72,76.47,28.23,1.006325,0.669957,4.2498,0.1707
3594,-100,-85.0,40,4.5,2.0,-47.83,13.9712,-71,76.57,28.12,0.973976,0.635034,3.4238,0.186
3595,-100,-85.0,40,4.5,2.5,-47.42,13.3888,-73,75.88,28.94,0.939499,0.604911,3.143,0.1651
3596,-100,-85.0,40,4.5,3.0,-47.71,13.1777,-74,75.5,29.41,0.949937,0.611247,3.1376,0.1853
3598,-100,-85.0,40,4.5,4.0,-47.6,13.0046,-76,76.09,28.7,1.004255,0.727117,5.0415,0.1545
3599,-100,-85.0,40,4.5,4.5,-47.54,13.7932,-80,76.46,28.25,0.983298,0.646171,3.8957,0.1765
3597,-100,-85.0,40,4.5,3.5,-47.58,13.0316,-76,75.95,28.87,1.017428,0.628607,3.0948,0.187
3600,-100,-85.0,40,4.5,5.0,-47.67,13.6799,-79,76.49,28.22,0.96063,0.588142,2.3102,0.1881
3601,-100,-85.0,40,4.5,5.5,-48.03,14.2176,-88,76.16,28.62,0.953004,0.623353,3.7592,0.1417
3602,-100,-85.0,40,4.5,6.0,-47.84,14.4928,-84,75.5,29.4,0.960974,0.65817,5.0484,0.1752
3603,-100,-85.0,40,4.5,6.5,-47.24,14.5892,-87,75.6,29.27,0.982665,0.646077,3.8952,0.1623
3604,-100,-85.0,40,4.5,7.0,-47.34,14.8906,-91,76.12,28.66,1.005261,0.69888,4.8595,0.146
3605,-100,-85.0,40,4.5,7.5,-47.7,15.1285,-89,76.7,27.96,1.022298,0.638385,2.5362,0.2052
3606,-100,-85.0,40,4.5,8.0,-47.21,14.9958,-95,75.83,29.0,0.970363,0.632949,3.6768,0.1765
3607,-100,-85.0,40,4.5,8.5,-47.4,15.7176,-96,76.24,28.52,0.95349,0.614363,3.3642,0.1599
3608,-100,-85.0,40,4.5,9.0,-47.28,15.6417,-94,75.74,29.12,0.980278,0.626955,3.4534,0.1812
3609,-100,-85.0,40,4.5,9.5,-47.31,15.6847,-100,75.53,29.36,0.982509,0.688197,5.0739,0.1803
3610,-100,-85.0,40,4.5,10.0,-47.39,17.0032,-100,76.39,28.32,1.005318,0.671075,4.1971,0.1694
3611,-100,-85.0,40,4.5,10.5,-47.25,16.8624,-100,76.13,28.64,1.032121,0.755297,5.7539,0.138
3612,-100,-85.0,40,4.5,11.0,-47.42,17.2026,-100,75.73,29.12,0.944401,0.6068,3.0648,0.1785
3613,-100,-85.0,40,4.5,11.5,-46.97,17.5444,-100,76.13,28.64,0.965785,0.60308,2.5012,0.1964
3614,-100,-85.0,40,4.5,12.0,-47.28,17.9158,-100,76.15,28.62,0.973967,0.629336,2.8768,0.1795
3615,-100,-85.0,40,4.5,12.5,-47.21,18.5125,-100,76.02,28.77,0.996137,0.649109,3.7965,0.1849
3616,-100,-85.0,40,4.5,13.0,-47.42,18.2942,-100,76.04,28.75,0.991819,0.603881,1.9363,0.1986
3617,-100,-85.0,40,4.5,13.5,-47.49,18.6197,-100,76.37,28.36,1.047684,0.733866,5.3212,0.17
3618,-100,-85.0,40,4.5,14.0,-47.05,19.269,-100,76.25,28.5,0.990522,0.622622,2.9605,0.1867
3620,-100,-85.0,40,4.75,1.5,-44.8,13.9381,-68,76.07,28.73,0.95969,0.618893,3.2702,0.1939
3621,-100,-85.0,40,4.75,2.0,-44.58,14.3608,-68,76.21,28.55,0.973693,0.613145,2.8078,0.2022
3619,-100,-85.0,40,4.75,1.0,-44.58,13.4116,-64,76.43,28.29,1.001112,0.637438,3.4276,0.1726
3622,-100,-85.0,40,4.75,2.5,-44.57,14.1543,-69,75.97,28.84,0.955244,0.627469,3.6991,0.1834
3623,-100,-85.0,40,4.75,3.0,-44.25,14.5705,-72,75.47,29.44,0.970194,0.607885,2.8786,0.1909
3624,-100,-85.0,40,4.75,3.5,-44.6,13.8564,-72,75.67,29.2,0.940341,0.585234,2.4247,0.2009
3625,-100,-85.0,40,4.75,4.0,-44.87,14.2916,-77,76.67,27.99,1.004542,0.626136,2.8126,0.1618
3626,-100,-85.0,40,4.75,4.5,-44.59,14.4172,-78,76.18,28.58,0.979407,0.61497,2.9326,0.199
3627,-100,-85.0,40,4.75,5.0,-44.51,14.6815,-78,76.54,28.15,1.003124,0.628388,2.9664,0.1856
3628,-100,-85.0,40,4.75,5.5,-44.91,14.698,-81,75.56,29.33,0.980364,0.62199,3.1604,0.2003
3629,-100,-85.0,40,4.75,6.0,-44.39,14.7229,-82,76.29,28.46,0.999068,0.64388,3.7086,0.1676
3630,-100,-85.0,40,4.75,6.5,-45.3,14.5585,-84,75.41,29.51,0.966977,0.648817,4.3371,0.1577
3632,-100,-85.0,40,4.75,7.5,-44.68,15.5063,-89,75.79,29.06,0.957647,0.636057,4.0674,0.1593
3633,-100,-85.0,40,4.75,8.0,-44.59,16.2661,-89,76.11,28.67,0.979082,0.679713,4.9601,0.1701
3631,-100,-85.0,40,4.75,7.0,-44.18,15.6047,-88,75.51,29.39,0.964259,0.629376,3.7338,0.173
3634,-100,-85.0,40,4.75,8.5,-44.22,16.6704,-98,75.79,29.05,0.977073,0.653322,4.0509,0.1716
3635,-100,-85.0,40,4.75,9.0,-44.89,16.0225,-97,76.03,28.76,0.979589,0.638776,4.0918,0.1635
3636,-100,-85.0,40,4.75,9.5,-44.37,17.1082,-100,76.06,28.72,0.969799,0.645739,3.8854,0.1807
3638,-100,-85.0,40,4.75,10.5,-44.32,17.2414,-100,76.61,28.07,0.969821,0.676161,5.0919,0.1523
3637,-100,-85.0,40,4.75,10.0,-44.59,16.3988,-100,76.31,28.43,1.012568,0.71615,5.3245,0.1478
3640,-100,-85.0,40,4.75,11.5,-44.46,17.7761,-100,76.33,28.4,0.957039,0.595928,2.1304,0.1834
3639,-100,-85.0,40,4.75,11.0,-44.99,17.1352,-96,76.75,27.9,1.030307,0.631225,2.1858,0.1977
3641,-100,-85.0,40,4.75,12.0,-44.87,18.2217,-100,76.51,28.18,0.97562,0.607307,2.3896,0.1998
3642,-100,-85.0,40,4.75,12.5,-44.33,18.8041,-100,76.51,28.18,1.04973,0.710524,4.3172,0.1426
3643,-100,-85.0,40,4.75,13.0,-44.12,18.58,-100,76.82,27.82,1.057403,0.704718,4.5083,0.1659
3644,-100,-85.0,40,4.75,13.5,-44.74,18.9828,-100,76.26,28.48,0.976325,0.603992,1.7364,0.2116
3645,-100,-85.0,40,4.75,14.0,-44.3,19.5488,-100,75.91,28.91,1.01836,0.663112,3.7022,0.1791
3646,-100,-85.0,40,5.0,1.0,-41.79,13.9086,-65,75.89,28.93,0.966959,0.615576,3.8168,0.1733
3647,-100,-85.0,40,5.0,1.5,-41.74,14.4685,-67,76.15,28.63,0.950609,0.6422,4.1804,0.1597
3648,-100,-85.0,40,5.0,2.0,-41.44,14.7635,-66,76.08,28.7,0.963755,0.640693,3.9582,0.1789
3650,-100,-85.0,40,5.0,3.0,-41.58,14.5534,-70,75.33,29.61,0.96538,0.652822,3.988,0.1914
3649,-100,-85.0,40,5.0,2.5,-41.77,15.4703,-70,75.97,28.84,0.981157,0.634719,3.5994,0.181
3652,-100,-85.0,40,5.0,4.0,-41.82,15.2032,-72,75.74,29.11,0.950122,0.634905,4.3937,0.1572
3651,-100,-85.0,40,5.0,3.5,-41.65,15.4957,-72,76.48,28.23,0.961927,0.620373,3.5093,0.1899
3653,-100,-85.0,40,5.0,4.5,-41.65,15.567,-82,76.07,28.72,0.966505,0.582171,1.6764,0.2069
3654,-100,-85.0,40,5.0,5.0,-41.03,15.2683,-76,75.67,29.19,0.9451,0.588512,2.2287,0.181
3655,-100,-85.0,40,5.0,5.5,-41.37,15.4861,-78,76.01,28.79,1.103116,0.781704,6.0604,0.148
3656,-100,-85.0,40,5.0,6.0,-41.23,14.9424,-84,76.36,28.37,0.982002,0.724968,5.7033,0.1525
3657,-100,-85.0,40,5.0,6.5,-41.77,15.6881,-82,75.73,29.13,0.945562,0.613735,3.3314,0.182
3658,-100,-85.0,40,5.0,7.0,-41.45,15.8639,-81,76.15,28.62,1.011065,0.651035,3.3669,0.1922
3659,-100,-85.0,40,5.0,7.5,-41.58,16.1952,-86,76.25,28.49,0.997933,0.664538,4.8473,0.1457
3660,-100,-85.0,40,5.0,8.0,-41.57,15.9573,-90,75.95,28.86,0.959541,0.588898,2.7167,0.1799
3661,-100,-85.0,40,5.0,8.5,-41.97,16.393,-90,76.06,28.73,0.978558,0.616029,2.7535,0.1765
3662,-100,-85.0,40,5.0,9.0,-41.7,17.1185,-91,76.16,28.6,0.967375,0.641639,3.6249,0.178
3664,-100,-85.0,40,5.0,10.0,-41.61,17.3449,-98,75.99,28.81,0.967754,0.618409,3.5508,0.179
3663,-100,-85.0,40,5.0,9.5,-41.93,16.6774,-97,75.35,29.59,0.933517,0.654925,5.0651,0.1451
3665,-100,-85.0,40,5.0,10.5,-41.36,17.9114,-100,75.93,28.89,0.957352,0.662117,4.4739,0.1581
3666,-100,-85.0,40,5.0,11.0,-41.69,18.124,-97,76.11,28.66,0.955061,0.604369,2.6329,0.1963
3674,-100,-80.0,40,1.0,1.5,-86.12,2.7158,-91,97.45,3.06,1.576339,1.399995,7.4578,0.0
3667,-100,-85.0,40,5.0,11.5,-42.09,18.2345,-100,75.92,28.89,0.962012,0.590704,2.1348,0.1951
3673,-100,-80.0,40,1.0,1.0,-85.58,1.601,-89,98.43,1.89,2.293686,1.148939,4.4241,0.0
3668,-100,-85.0,40,5.0,12.0,-41.95,19.1924,-100,76.25,28.49,0.989537,0.6021,2.4317,0.1922
3669,-100,-85.0,40,5.0,12.5,-41.56,19.1611,-100,76.35,28.38,0.968273,0.591081,1.9552,0.2
3670,-100,-85.0,40,5.0,13.0,-41.59,18.5475,-100,75.53,29.36,0.923886,0.656231,5.3982,0.1472
3671,-100,-85.0,40,5.0,13.5,-41.72,19.4497,-100,76.33,28.4,0.98216,0.610278,2.7178,0.1734
3675,-100,-80.0,40,1.0,2.0,-86.78,2.4756,-94,97.8,2.64,2.801483,1.268447,3.6099,0.0
3676,-100,-80.0,40,1.0,2.5,-86.88,3.9129,-97,96.69,3.97,1.49581,1.584852,9.5354,0.0
3677,-100,-80.0,40,1.0,3.0,-87.63,4.7091,-100,95.65,5.22,1.565217,1.223451,9.1963,0.0
3672,-100,-85.0,40,5.0,14.0,-41.86,19.3651,-100,76.18,28.59,1.00618,0.617765,2.5405,0.1943
3678,-100,-80.0,40,1.0,3.5,-87.57,4.2534,-100,96.67,4.0,2.551974,1.340916,5.1995,0.0002
3679,-100,-80.0,40,1.0,4.0,-87.35,4.5191,-100,95.95,4.87,3.007212,1.279855,4.5192,0.0032
3680,-100,-80.0,40,1.0,4.5,-87.14,5.1473,-100,94.78,6.27,2.95165,1.185511,4.8534,0.0059
3681,-100,-80.0,40,1.0,5.0,-87.29,6.0427,-100,93.88,7.35,2.519357,1.486692,6.8939,0.0061
3682,-100,-80.0,40,1.0,5.5,-87.63,6.2064,-100,93.21,8.15,2.417217,1.109227,6.4283,0.0071
3684,-100,-80.0,40,1.0,6.5,-87.28,7.0036,-100,91.71,9.94,2.503941,1.304852,6.2403,0.0173
3683,-100,-80.0,40,1.0,6.0,-87.73,6.8795,-100,92.29,9.26,2.340046,1.066838,6.7547,0.0128
3685,-100,-80.0,40,1.0,7.0,-86.88,7.4469,-100,90.76,11.09,2.594134,1.209538,6.5898,0.0428
3686,-100,-80.0,40,1.0,7.5,-87.47,7.7819,-100,90.74,11.12,2.563487,1.087639,5.2412,0.0297
3687,-100,-80.0,40,1.0,8.0,-86.72,8.258,-100,89.59,12.49,2.498354,0.996344,5.197,0.0437
3688,-100,-80.0,40,1.0,8.5,-86.97,8.4199,-100,89.94,12.07,2.717131,1.186261,4.2633,0.0499
3689,-100,-80.0,40,1.0,9.0,-86.51,8.9042,-100,88.63,13.64,2.520158,1.527539,6.087,0.0369
3690,-100,-80.0,40,1.0,9.5,-86.72,9.0861,-100,87.83,14.6,2.281853,1.234891,6.2226,0.0551
3691,-100,-80.0,40,1.0,10.0,-86.61,9.3641,-100,88.03,14.36,2.511164,1.213945,5.5306,0.0586
3692,-100,-80.0,40,1.0,10.5,-86.52,9.6919,-100,87.65,14.83,2.495147,1.10061,3.9757,0.0537
3693,-100,-80.0,40,1.0,11.0,-86.36,10.3154,-100,87.33,15.21,2.430158,1.22354,5.7425,0.0498
3694,-100,-80.0,40,1.0,11.5,-86.03,10.5829,-100,86.29,16.46,2.370947,1.012157,4.793,0.0725
3696,-100,-80.0,40,1.0,12.5,-85.84,11.275,-100,86.5,16.2,2.368593,1.081587,5.5444,0.0557
3695,-100,-80.0,40,1.0,12.0,-86.0,10.7896,-100,86.55,16.15,2.456741,1.203595,4.9012,0.0776
3697,-100,-80.0,40,1.0,13.0,-85.6,11.238,-100,86.54,16.15,2.518547,1.213474,4.3191,0.0731
3698,-100,-80.0,40,1.0,13.5,-85.54,11.9019,-100,85.83,17.0,2.346608,1.092275,5.3625,0.0868
3699,-100,-80.0,40,1.0,14.0,-86.06,12.0302,-100,85.89,16.94,2.353526,1.112933,6.2209,0.0749
3700,-100,-80.0,40,1.25,1.0,-84.0,2.8106,-90,94.77,6.28,1.801481,1.958129,10.6304,0.0
3701,-100,-80.0,40,1.25,1.5,-83.66,3.3829,-90,93.07,8.31,1.627898,1.40941,12.4368,0.0
3702,-100,-80.0,40,1.25,2.0,-84.14,3.0863,-92,93.43,7.88,1.534848,1.813754,12.7238,0.0
3703,-100,-80.0,40,1.25,2.5,-84.05,3.6676,-95,90.72,11.13,1.566143,1.267163,12.8692,0.0002
3704,-100,-80.0,40,1.25,3.0,-84.89,4.6473,-96,92.81,8.63,1.97263,1.578817,11.06,0.0007
3705,-100,-80.0,40,1.25,3.5,-84.7,4.7127,-98,90.91,10.91,2.004555,1.795646,12.72,0.003
3706,-100,-80.0,40,1.25,4.0,-84.64,5.247,-100,91.94,9.67,2.486379,1.577306,8.5201,0.0062
3708,-100,-80.0,40,1.25,5.0,-85.18,6.2364,-100,90.05,11.93,2.288618,1.543577,9.5272,0.0093
3707,-100,-80.0,40,1.25,4.5,-84.66,6.0691,-100,89.99,12.02,2.053863,1.396437,10.0995,0.0039
3709,-100,-80.0,40,1.25,5.5,-84.66,7.1621,-100,88.44,13.87,2.084318,1.685972,11.6865,0.0212
3710,-100,-80.0,40,1.25,6.0,-85.07,6.9939,-100,88.78,13.46,2.290985,1.348269,8.9626,0.0201
3711,-100,-80.0,40,1.25,6.5,-84.38,7.4319,-100,87.53,14.96,2.445915,1.31259,8.2479,0.0494
3712,-100,-80.0,40,1.25,7.0,-84.05,8.019,-100,85.98,16.82,2.175972,1.688499,10.195,0.0299
3713,-100,-80.0,40,1.25,7.5,-85.11,8.348,-100,88.28,14.06,2.510532,1.277897,6.952,0.0499
3714,-100,-80.0,40,1.25,8.0,-84.03,8.6641,-100,86.61,16.07,2.35685,1.856382,8.4526,0.0256
3715,-100,-80.0,40,1.25,8.5,-84.39,9.0406,-100,85.97,16.83,2.315872,1.549655,9.3442,0.0582
3716,-100,-80.0,40,1.25,9.0,-84.07,9.357,-100,85.64,17.23,2.354179,1.482851,8.5596,0.053
3717,-100,-80.0,40,1.25,9.5,-84.65,9.5206,-100,86.43,16.28,2.568703,1.327041,6.2824,0.0639
3718,-100,-80.0,40,1.25,10.0,-83.45,10.2213,-100,86.06,16.73,2.526307,1.38693,6.1171,0.0748
3719,-100,-80.0,40,1.25,10.5,-83.55,10.4543,-100,85.63,17.24,2.407159,1.416292,7.2378,0.0615
3720,-100,-80.0,40,1.25,11.0,-83.48,10.7117,-100,84.88,18.14,2.377072,1.297496,6.9688,0.0737
3721,-100,-80.0,40,1.25,11.5,-83.69,11.3302,-100,85.0,18.0,2.40521,1.494671,7.1271,0.0585
3722,-100,-80.0,40,1.25,12.0,-83.6,11.4486,-100,84.48,18.62,2.311337,1.221502,6.6376,0.0848
3723,-100,-80.0,40,1.25,12.5,-83.42,11.8163,-100,84.84,18.19,2.404582,1.483215,7.6933,0.0623
3724,-100,-80.0,40,1.25,13.0,-83.22,11.952,-100,83.85,19.38,2.268511,1.030952,4.616,0.0872
3725,-100,-80.0,40,1.25,13.5,-83.08,12.6337,-100,83.11,20.27,2.197617,1.200056,7.183,0.0943
3726,-100,-80.0,40,1.25,14.0,-83.36,12.9428,-100,83.8,19.43,2.283211,1.244592,6.7599,0.0907
3727,-100,-80.0,40,1.5,1.0,-81.83,4.2427,-90,87.8,14.64,1.206458,1.157443,16.5529,0.0003
3728,-100,-80.0,40,1.5,1.5,-81.72,3.3936,-91,87.12,15.45,1.547978,1.328369,14.6696,0.0001
3729,-100,-80.0,40,1.5,2.0,-81.51,3.5004,-92,85.68,17.19,1.538112,1.421511,15.2552,0.001
3730,-100,-80.0,40,1.5,2.5,-81.97,5.0096,-93,88.1,14.28,1.692909,1.142085,11.5627,0.0032
3731,-100,-80.0,40,1.5,3.0,-81.76,5.0532,-98,85.78,17.06,1.61244,1.28467,13.8398,0.0049
3732,-100,-80.0,40,1.5,3.5,-81.59,5.4116,-98,85.17,17.8,1.830408,1.511853,13.1194,0.0127
3733,-100,-80.0,40,1.5,4.0,-82.25,5.6416,-99,86.47,16.24,2.032583,1.369094,11.0111,0.0116
3735,-100,-80.0,40,1.5,5.0,-81.6,6.5204,-100,84.54,18.55,1.94218,1.419325,10.6463,0.0321
3734,-100,-80.0,40,1.5,4.5,-82.03,6.6697,-100,85.91,16.91,2.037469,1.878514,13.4201,0.0242
3737,-100,-80.0,40,1.5,6.0,-82.25,7.4614,-100,84.41,18.7,2.097785,1.480343,10.0993,0.056
3736,-100,-80.0,40,1.5,5.5,-81.77,7.1776,-100,84.62,18.46,2.129699,1.577184,10.0529,0.0556
3738,-100,-80.0,40,1.5,6.5,-82.16,7.9226,-100,85.05,17.93,2.30358,1.510129,9.6055,0.044
3739,-100,-80.0,40,1.5,7.0,-81.61,7.8906,-100,84.53,18.57,2.299365,1.366527,7.9095,0.045
3740,-100,-80.0,40,1.5,7.5,-81.61,8.766,-100,83.36,19.96,2.066875,1.469236,10.7228,0.0592
3741,-100,-80.0,40,1.5,8.0,-81.84,9.2706,-100,83.29,20.05,2.130189,1.463857,10.1486,0.0663
3743,-100,-80.0,40,1.5,9.0,-82.16,9.8688,-100,83.67,19.59,2.211533,1.306097,7.9115,0.0838
3744,-100,-80.0,40,1.5,9.5,-82.15,10.1278,-100,83.99,19.22,2.292975,1.777458,8.9267,0.0475
3745,-100,-80.0,40,1.5,10.0,-81.73,10.412,-100,83.6,19.67,2.259516,1.221224,6.6139,0.0908
3742,-100,-80.0,40,1.5,8.5,-81.51,9.5582,-100,83.18,20.19,2.090563,1.563974,10.1837,0.0526
3746,-100,-80.0,40,1.5,10.5,-81.92,10.9216,-100,82.4,21.12,2.098213,1.241728,7.6613,0.0789
3747,-100,-80.0,40,1.5,11.0,-81.3,11.237,-100,84.16,19.01,2.35385,1.395562,6.1111,0.0637
3748,-100,-80.0,40,1.5,11.5,-80.9,11.5405,-100,81.68,21.99,2.099197,1.258665,7.4203,0.0899
3749,-100,-80.0,40,1.5,12.0,-81.31,12.0378,-100,82.57,20.92,2.068768,1.313282,8.4584,0.073
3750,-100,-80.0,40,1.5,12.5,-80.68,12.2288,-100,83.58,19.7,2.313685,1.275121,5.6476,0.1
3753,-100,-80.0,40,1.5,14.0,-80.59,13.3653,-100,82.02,21.57,2.147247,1.483354,9.4572,0.0883
3751,-100,-80.0,40,1.5,13.0,-81.07,12.7476,-100,83.31,20.03,2.283567,1.148882,4.8536,0.0983
3752,-100,-80.0,40,1.5,13.5,-80.53,13.0813,-100,83.28,20.06,2.198434,1.115686,4.805,0.0915
3754,-100,-80.0,40,1.75,1.0,-79.29,4.9578,-88,82.99,20.41,1.43194,1.173451,15.0203,0.0011
3755,-100,-80.0,40,1.75,1.5,-79.19,4.5403,-89,81.97,21.63,1.316547,1.334225,16.4956,0.015
3758,-100,-80.0,40,1.75,3.0,-79.66,6.0342,-96,82.57,20.92,1.612406,1.403306,14.1913,0.0217
3756,-100,-80.0,40,1.75,2.0,-79.1,5.1673,-91,81.91,21.7,1.412417,1.221829,15.1716,0.0188
3757,-100,-80.0,40,1.75,2.5,-78.71,4.9391,-95,80.37,23.56,1.444964,1.258126,14.191,0.0097
3760,-100,-80.0,40,1.75,4.0,-79.01,6.4721,-98,80.81,23.02,1.63304,1.384173,12.5533,0.0437
3759,-100,-80.0,40,1.75,3.5,-78.51,6.6079,-96,81.41,22.31,1.70142,1.320001,11.6156,0.0322
3761,-100,-80.0,40,1.75,4.5,-79.41,6.7964,-100,82.06,21.53,1.900001,1.404812,10.7284,0.0295
3762,-100,-80.0,40,1.75,5.0,-79.17,6.9296,-100,82.3,21.24,1.94441,1.492647,10.7876,0.0498
3763,-100,-80.0,40,1.75,5.5,-78.81,7.7283,-100,82.15,21.43,1.953516,1.27216,8.6624,0.0649
3765,-100,-80.0,40,1.75,6.5,-79.23,8.1483,-100,81.83,21.81,1.978872,1.518401,9.1996,0.0523
3764,-100,-80.0,40,1.75,6.0,-79.46,7.8194,-100,82.2,21.36,1.980225,1.571707,10.1133,0.0445
3766,-100,-80.0,40,1.75,7.0,-79.55,8.8215,-100,81.19,22.58,1.912382,1.429964,10.9617,0.0737
3767,-100,-80.0,40,1.75,7.5,-78.68,9.1611,-100,81.8,21.85,2.03506,1.304843,7.9238,0.0941
3768,-100,-80.0,40,1.75,8.0,-79.8,9.1426,-100,82.48,21.02,2.086624,1.472566,8.2917,0.0715
3769,-100,-80.0,40,1.75,8.5,-78.61,9.9435,-100,81.07,22.72,1.838793,1.488389,10.8415,0.0712
3770,-100,-80.0,40,1.75,9.0,-78.79,10.1927,-100,81.65,22.03,2.024611,1.218776,6.9173,0.0967
3772,-100,-80.0,40,1.75,10.0,-79.06,11.1497,-100,80.5,23.4,1.931542,1.312431,8.0663,0.0932
3771,-100,-80.0,40,1.75,9.5,-78.49,10.8318,-100,80.68,23.17,1.859444,1.377035,8.857,0.0797
3773,-100,-80.0,40,1.75,10.5,-78.32,11.6275,-100,81.17,22.61,1.977895,1.294657,8.2193,0.0974
3774,-100,-80.0,40,1.75,11.0,-78.68,11.8485,-100,82.31,21.22,2.055425,1.11318,5.7723,0.1091
3776,-100,-80.0,40,1.75,12.0,-78.54,12.8034,-100,81.28,22.46,1.981692,1.226617,7.7275,0.0981
3775,-100,-80.0,40,1.75,11.5,-78.29,12.0978,-100,82.26,21.29,2.109857,1.359351,7.1906,0.0781
3777,-100,-80.0,40,1.75,12.5,-78.41,12.7432,-100,81.99,21.62,2.068882,1.334762,6.9436,0.0865
3778,-100,-80.0,40,1.75,13.0,-78.05,13.4288,-100,81.1,22.67,1.994533,1.235534,7.2128,0.0887
3779,-100,-80.0,40,1.75,13.5,-78.47,13.4349,-100,81.69,21.97,2.081756,1.185295,5.7612,0.1002
3780,-100,-80.0,40,1.75,14.0,-78.09,14.0925,-100,81.3,22.45,1.993213,1.091751,6.212,0.1113
3782,-100,-80.0,40,2.0,1.5,-76.42,6.1924,-90,78.81,25.43,1.359767,1.426836,14.5097,0.0278
3783,-100,-80.0,40,2.0,2.0,-76.72,5.8511,-90,79.04,25.16,1.395229,1.099089,11.6379,0.0089
3781,-100,-80.0,40,2.0,1.0,-75.63,5.4706,-88,77.67,26.79,1.21273,0.985688,11.5514,0.0048
3784,-100,-80.0,40,2.0,2.5,-76.02,6.1825,-92,78.83,25.4,1.482204,1.174508,10.3879,0.0175
3785,-100,-80.0,40,2.0,3.0,-76.09,6.3573,-92,78.94,25.27,1.510725,1.182552,9.9318,0.0784
3786,-100,-80.0,40,2.0,3.5,-76.16,6.7908,-95,78.61,25.66,1.457473,1.314815,11.7653,0.0481
3788,-100,-80.0,40,2.0,4.5,-76.6,7.5657,-100,80.02,23.98,1.724018,1.467787,10.4209,0.0495
3787,-100,-80.0,40,2.0,4.0,-76.03,7.2421,-96,79.61,24.47,1.560806,1.13562,9.0845,0.0341
3789,-100,-80.0,40,2.0,5.0,-76.19,7.6252,-100,79.34,24.79,1.576807,1.191582,8.7892,0.0586
3790,-100,-80.0,40,2.0,5.5,-76.72,7.9462,-100,80.11,23.87,1.773139,1.307411,8.7518,0.0864
3791,-100,-80.0,40,2.0,6.0,-76.33,8.3798,-100,80.26,23.69,1.736538,1.297427,8.6047,0.0823
3792,-100,-80.0,40,2.0,6.5,-76.1,9.1686,-100,79.76,24.29,1.681036,1.194841,8.8616,0.0881
3793,-100,-80.0,40,2.0,7.0,-76.03,9.1357,-100,80.13,23.85,1.72882,1.200508,7.7072,0.0952
3795,-100,-80.0,40,2.0,8.0,-76.11,9.905,-100,79.3,24.84,1.704851,1.314363,8.8457,0.0793
3794,-100,-80.0,40,2.0,7.5,-76.06,9.596,-100,80.33,23.6,1.785991,1.30394,8.0499,0.0899
3796,-100,-80.0,40,2.0,8.5,-76.12,10.8853,-100,79.41,24.7,1.686188,1.341778,9.6006,0.0879
3797,-100,-80.0,40,2.0,9.0,-75.47,11.1864,-100,80.05,23.94,1.737688,1.324024,8.721,0.0848
3798,-100,-80.0,40,2.0,9.5,-76.41,11.1066,-100,80.93,22.89,1.861917,1.301275,7.37,0.0788
3799,-100,-80.0,40,2.0,10.0,-75.76,11.4116,-100,81.58,22.1,1.921922,1.053417,4.8067,0.1166
3800,-100,-80.0,40,2.0,10.5,-76.09,12.1063,-100,80.98,22.83,1.902499,1.115407,6.1367,0.1236
3802,-100,-80.0,40,2.0,11.5,-75.88,12.6346,-100,82.01,21.58,2.019655,1.329001,6.8569,0.0962
3801,-100,-80.0,40,2.0,11.0,-75.93,12.3044,-100,81.33,22.41,1.952934,1.182798,6.0707,0.1058
3803,-100,-80.0,40,2.0,12.0,-75.84,13.0688,-100,81.17,22.59,1.86382,1.196934,6.5178,0.0996
3804,-100,-80.0,40,2.0,12.5,-75.72,13.3855,-100,81.82,21.82,1.981002,1.071557,4.7568,0.1172
3805,-100,-80.0,40,2.0,13.0,-75.25,14.1721,-100,81.38,22.34,1.891485,1.284296,6.173,0.0713
3807,-100,-80.0,40,2.0,14.0,-76.1,14.4122,-100,81.01,22.79,1.995918,1.204487,6.2698,0.1072
3806,-100,-80.0,40,2.0,13.5,-75.68,14.1925,-100,81.52,22.18,1.980847,1.337746,7.035,0.087
3808,-100,-80.0,40,2.25,1.0,-73.36,6.4937,-85,77.5,26.99,1.219709,0.920961,7.8632,0.06
3809,-100,-80.0,40,2.25,1.5,-73.62,6.2198,-87,78.0,26.4,1.227297,0.96075,9.4644,0.0323
3810,-100,-80.0,40,2.25,2.0,-73.48,6.8727,-89,78.15,26.23,1.272482,0.959931,7.9345,0.044
3811,-100,-80.0,40,2.25,2.5,-73.21,6.491,-91,78.03,26.36,1.279638,1.012102,7.5977,0.0574
3812,-100,-80.0,40,2.25,3.0,-73.23,7.1287,-92,77.46,27.05,1.312555,0.993886,7.9834,0.0903
3814,-100,-80.0,40,2.25,4.0,-72.62,7.9001,-96,78.77,25.48,1.426329,1.020728,6.6621,0.1024
3813,-100,-80.0,40,2.25,3.5,-73.06,7.8759,-94,78.3,26.03,1.361515,1.073623,7.8268,0.0765
3815,-100,-80.0,40,2.25,4.5,-73.61,7.6637,-99,78.59,25.71,1.431566,1.065712,7.5013,0.0537
3816,-100,-80.0,40,2.25,5.0,-73.04,8.476,-100,79.18,24.98,1.496115,0.954132,4.9472,0.1101
3818,-100,-80.0,40,2.25,6.0,-73.48,8.9182,-100,79.42,24.69,1.60672,1.082982,6.4609,0.1006
3817,-100,-80.0,40,2.25,5.5,-73.01,8.6956,-100,78.82,25.42,1.485123,0.990779,5.7592,0.133
3819,-100,-80.0,40,2.25,6.5,-73.17,9.403,-100,78.79,25.45,1.529484,1.094385,7.2716,0.1069
3820,-100,-80.0,40,2.25,7.0,-73.52,9.8843,-100,79.09,25.08,1.607898,0.998096,5.4348,0.13
3821,-100,-80.0,40,2.25,7.5,-73.44,9.9401,-100,79.85,24.19,1.698095,1.09555,6.0089,0.1203
3822,-100,-80.0,40,2.25,8.0,-73.47,10.5026,-100,80.02,23.98,1.71943,1.259222,7.3729,0.0907
3823,-100,-80.0,40,2.25,8.5,-73.5,10.8093,-100,80.19,23.77,1.67475,1.107099,5.866,0.0867
3826,-100,-80.0,40,2.25,10.0,-73.06,11.7202,-100,79.86,24.17,1.776259,1.216534,7.9712,0.119
3824,-100,-80.0,40,2.25,9.0,-72.44,11.13,-100,79.9,24.13,1.647985,1.002066,4.928,0.1204
3825,-100,-80.0,40,2.25,9.5,-72.93,11.5819,-100,78.93,25.28,1.588315,1.058234,6.1547,0.1032
3827,-100,-80.0,40,2.25,10.5,-73.45,12.6738,-100,79.77,24.28,1.688856,1.343569,8.6197,0.0881
3828,-100,-80.0,40,2.25,11.0,-73.14,12.7629,-100,79.98,24.02,1.695043,1.050257,5.5656,0.1178
3830,-100,-80.0,40,2.25,12.0,-73.08,13.2859,-100,79.39,24.74,1.67095,0.995024,4.8829,0.1378
3831,-100,-80.0,40,2.25,12.5,-72.78,13.94,-100,80.37,23.57,1.767441,1.140698,6.2047,0.0886
3829,-100,-80.0,40,2.25,11.5,-73.29,13.3831,-100,80.37,23.55,1.74512,1.184585,6.7443,0.1063
3832,-100,-80.0,40,2.25,13.0,-73.01,13.9261,-100,79.79,24.26,1.73231,0.961495,3.8024,0.1057
3833,-100,-80.0,40,2.25,13.5,-73.05,14.319,-100,79.69,24.37,1.750079,1.170482,6.6824,0.0987
3834,-100,-80.0,40,2.25,14.0,-73.19,15.0668,-100,80.43,23.48,1.773278,1.010198,4.9812,0.1374
3838,-100,-80.0,40,2.5,2.5,-70.52,7.5283,-89,76.72,27.94,1.188531,0.863557,6.3044,0.1081
3835,-100,-80.0,40,2.5,1.0,-70.49,7.3408,-84,77.23,27.32,1.172693,0.73239,3.5654,0.128
3836,-100,-80.0,40,2.5,1.5,-69.89,7.5026,-84,77.41,27.11,1.135777,0.717247,3.6453,0.1691
3837,-100,-80.0,40,2.5,2.0,-70.68,7.7685,-87,77.57,26.91,1.22693,0.800006,4.7918,0.1163
3839,-100,-80.0,40,2.5,3.0,-70.43,7.8157,-93,77.95,26.46,1.250266,0.854138,5.6292,0.1001
3840,-100,-80.0,40,2.5,3.5,-70.63,8.4332,-91,78.35,25.98,1.302442,0.813254,4.2313,0.1241
3843,-100,-80.0,40,2.5,5.0,-70.41,9.2101,-97,77.99,26.41,1.287738,0.899324,5.8331,0.1313
3841,-100,-80.0,40,2.5,4.0,-70.31,8.1892,-93,77.07,27.52,1.230252,0.932563,6.6651,0.1214
3842,-100,-80.0,40,2.5,4.5,-70.06,8.5428,-96,77.45,27.06,1.27937,1.130196,7.5633,0.0686
3844,-100,-80.0,40,2.5,5.5,-70.8,8.5246,-98,77.88,26.55,1.277303,1.009252,6.9668,0.0923
3845,-100,-80.0,40,2.5,6.0,-70.43,9.5359,-100,78.17,26.19,1.309945,0.859817,5.248,0.1148
3846,-100,-80.0,40,2.5,6.5,-70.72,9.441,-100,78.16,26.21,1.460186,1.185487,8.0512,0.0992
3847,-100,-80.0,40,2.5,7.0,-70.49,9.9679,-100,77.89,26.52,1.355677,0.940924,5.4847,0.1372
3850,-100,-80.0,40,2.5,8.5,-70.9,11.2032,-100,78.9,25.32,1.521509,0.894921,3.6871,0.1331
3848,-100,-80.0,40,2.5,7.5,-70.25,10.595,-100,77.96,26.45,1.398245,1.125864,8.0441,0.0878
3849,-100,-80.0,40,2.5,8.0,-70.44,10.7158,-100,78.9,25.32,1.437118,0.888829,4.3024,0.1369
3851,-100,-80.0,40,2.5,9.0,-70.69,11.3903,-100,79.28,24.86,1.497275,0.925074,4.1916,0.1175
3852,-100,-80.0,40,2.5,9.5,-70.56,11.7311,-100,78.32,26.02,1.447946,0.983381,5.4546,0.1122
3855,-100,-80.0,40,2.5,11.0,-70.72,13.2487,-100,78.55,25.74,1.525754,0.991533,5.1958,0.1417
3853,-100,-80.0,40,2.5,10.0,-70.31,12.2832,-100,79.35,24.79,1.502393,0.901553,4.2914,0.1506
3854,-100,-80.0,40,2.5,10.5,-70.31,12.553,-100,79.1,25.08,1.502818,0.860832,3.4009,0.1511
3856,-100,-80.0,40,2.5,11.5,-70.11,13.8076,-100,79.64,24.43,1.608625,0.991648,4.6332,0.1213
3857,-100,-80.0,40,2.5,12.0,-70.49,13.9694,-100,79.39,24.74,1.605847,1.06304,6.21,0.1291
3858,-100,-80.0,40,2.5,12.5,-70.39,14.4134,-100,79.5,24.6,1.589527,0.934051,4.2938,0.1219
3859,-100,-80.0,40,2.5,13.0,-69.94,14.7455,-100,78.81,25.44,1.549586,1.059783,6.1402,0.107
3860,-100,-80.0,40,2.5,13.5,-70.16,15.086,-100,79.06,25.13,1.62471,0.973514,4.9908,0.1417
3861,-100,-80.0,40,2.5,14.0,-70.28,15.9941,-100,79.23,24.93,1.587393,1.093369,6.6834,0.1173
3862,-100,-80.0,40,2.75,1.0,-67.74,7.9833,-81,76.62,28.05,1.027304,0.652521,3.2157,0.1777
3863,-100,-80.0,40,2.75,1.5,-67.95,7.6441,-83,77.05,27.54,1.083649,0.798888,5.7829,0.1295
3864,-100,-80.0,40,2.75,2.0,-67.7,8.2995,-85,76.32,28.41,1.012847,0.68497,3.4624,0.1585
3865,-100,-80.0,40,2.75,2.5,-68.34,8.0135,-87,77.18,27.38,1.130041,0.841358,6.1029,0.124
3867,-100,-80.0,40,2.75,3.5,-67.72,8.496,-93,76.08,28.7,1.100712,0.809759,5.8035,0.1327
3866,-100,-80.0,40,2.75,3.0,-67.34,8.8067,-86,76.42,28.3,1.080674,0.669233,2.8225,0.1853
3868,-100,-80.0,40,2.75,4.0,-67.32,8.4852,-90,77.15,27.42,1.167619,0.767411,4.519,0.1424
3869,-100,-80.0,40,2.75,4.5,-67.6,8.6902,-92,77.17,27.39,1.155205,0.788877,4.3548,0.1427
3870,-100,-80.0,40,2.75,5.0,-68.0,9.0259,-96,77.07,27.51,1.15521,0.767037,4.3085,0.124
3871,-100,-80.0,40,2.75,5.5,-67.77,9.549,-96,77.58,26.9,1.214354,0.82755,5.0931,0.147
3873,-100,-80.0,40,2.75,6.5,-67.42,10.5679,-100,77.27,27.27,1.244316,0.837733,5.5004,0.135
3872,-100,-80.0,40,2.75,6.0,-67.92,10.1716,-99,77.44,27.07,1.231832,0.806045,4.2576,0.1504
3874,-100,-80.0,40,2.75,7.0,-67.64,10.395,-100,77.93,26.49,1.239718,0.888889,5.7453,0.1042
3875,-100,-80.0,40,2.75,7.5,-67.84,11.0335,-100,77.9,26.53,1.296378,0.868829,5.4026,0.1373
3876,-100,-80.0,40,2.75,8.0,-67.92,10.7687,-100,78.06,26.32,1.291829,1.067631,7.5063,0.0897
3877,-100,-80.0,40,2.75,8.5,-67.52,11.5256,-100,78.26,26.08,1.305602,0.881326,5.5551,0.1414
3878,-100,-80.0,40,2.75,9.0,-68.06,11.7078,-100,76.82,27.81,1.295532,0.820567,4.1469,0.1496
3879,-100,-80.0,40,2.75,9.5,-67.73,12.5281,-100,77.07,27.52,1.303795,1.02158,7.4869,0.1161
3880,-100,-80.0,40,2.75,10.0,-67.39,12.8558,-100,78.97,25.24,1.397326,0.827127,4.1069,0.1404
3881,-100,-80.0,40,2.75,10.5,-68.08,12.8329,-100,78.45,25.86,1.4056,1.043704,6.8785,0.1088
3882,-100,-80.0,40,2.75,11.0,-66.79,13.7868,-100,77.98,26.42,1.297837,0.94609,5.9999,0.1107
3883,-100,-80.0,40,2.75,11.5,-67.21,13.7799,-100,77.79,26.65,1.345405,0.812955,4.3061,0.1666
3884,-100,-80.0,40,2.75,12.0,-67.1,14.3073,-100,78.92,25.31,1.414689,0.911105,4.9015,0.1388
3885,-100,-80.0,40,2.75,12.5,-67.98,14.788,-100,76.63,28.04,1.362917,0.849331,4.5559,0.1759
3886,-100,-80.0,40,2.75,13.0,-67.42,14.9384,-100,78.61,25.67,1.461855,1.021375,6.3593,0.1268
3887,-100,-80.0,40,2.75,13.5,-67.54,15.4248,-100,78.0,26.4,1.436351,0.893154,4.6691,0.1331
3888,-100,-80.0,40,2.75,14.0,-67.34,16.0241,-100,78.9,25.32,1.452433,1.002112,5.6398,0.1182
3889,-100,-80.0,40,3.0,1.0,-64.8,9.0293,-80,76.48,28.23,1.044074,0.673043,4.2754,0.1631
3890,-100,-80.0,40,3.0,1.5,-64.88,8.8786,-82,75.96,28.84,0.996707,0.627578,2.5167,0.1977
3891,-100,-80.0,40,3.0,2.0,-64.82,9.0467,-86,75.61,29.27,0.982679,0.638763,3.0069,0.1698
3892,-100,-80.0,40,3.0,2.5,-64.48,9.5532,-86,76.75,27.9,1.019014,0.679811,4.32,0.156
3893,-100,-80.0,40,3.0,3.0,-64.94,9.3077,-88,76.17,28.6,1.018188,0.70553,4.7833,0.1425
3894,-100,-80.0,40,3.0,3.5,-64.49,9.2268,-88,76.71,27.94,0.99829,0.650639,3.7264,0.1641
3895,-100,-80.0,40,3.0,4.0,-65.16,9.9823,-92,76.69,27.98,1.112266,0.743388,4.4082,0.168
3896,-100,-80.0,40,3.0,4.5,-65.07,9.5667,-92,76.6,28.08,1.066149,0.739145,4.6871,0.1623
3897,-100,-80.0,40,3.0,5.0,-64.75,9.7808,-93,77.12,27.45,1.098355,0.729303,3.9127,0.1547
3899,-100,-80.0,40,3.0,6.0,-65.57,10.4251,-100,76.85,27.79,1.084534,0.715265,4.1796,0.1644
3898,-100,-80.0,40,3.0,5.5,-64.51,10.7225,-95,76.03,28.77,1.076582,0.689139,3.2041,0.1737
3900,-100,-80.0,40,3.0,6.5,-64.74,10.7701,-97,76.02,28.78,1.10481,0.690437,3.3951,0.1883
3901,-100,-80.0,40,3.0,7.0,-65.01,10.7354,-100,76.77,27.87,1.136507,0.893459,6.7235,0.1284
3902,-100,-80.0,40,3.0,7.5,-64.66,11.7824,-100,77.13,27.44,1.168087,0.736212,3.4476,0.174
3903,-100,-80.0,40,3.0,8.0,-64.53,11.6888,-100,76.89,27.73,1.155451,0.78975,4.7493,0.1387
3904,-100,-80.0,40,3.0,8.5,-64.42,11.7487,-100,77.32,27.22,1.183353,0.74311,3.9475,0.1489
3905,-100,-80.0,40,3.0,9.0,-64.65,12.4478,-100,77.46,27.05,1.180495,0.801034,5.1803,0.1553
3906,-100,-80.0,40,3.0,9.5,-64.75,12.3837,-100,78.03,26.36,1.227659,0.78455,3.8898,0.1569
3907,-100,-80.0,40,3.0,10.0,-64.62,13.2418,-100,77.92,26.5,1.207136,0.853985,5.4948,0.1288
3908,-100,-80.0,40,3.0,10.5,-64.7,13.7601,-100,77.95,26.45,1.24673,0.923709,6.3261,0.1135
3909,-100,-80.0,40,3.0,11.0,-65.14,13.8784,-100,77.86,26.56,1.306937,0.803998,4.42,0.1538
3911,-100,-80.0,40,3.0,12.0,-64.24,14.9769,-100,77.88,26.55,1.352625,0.918939,5.46,0.1397
3910,-100,-80.0,40,3.0,11.5,-64.5,14.446,-100,77.65,26.83,1.324535,0.964955,6.6938,0.105
3912,-100,-80.0,40,3.0,12.5,-64.64,15.2258,-100,78.44,25.87,1.34045,0.847011,4.1575,0.1424
3913,-100,-80.0,40,3.0,13.0,-64.65,15.2804,-100,77.88,26.55,1.308623,0.83318,4.2787,0.119
3914,-100,-80.0,40,3.0,13.5,-64.1,15.669,-100,77.78,26.67,1.316078,0.842242,4.7443,0.1361
3915,-100,-80.0,40,3.0,14.0,-64.78,16.2711,-100,77.89,26.53,1.333994,0.890901,5.7375,0.1379
3916,-100,-80.0,40,3.25,1.0,-61.98,9.2743,-77,75.86,28.96,0.998998,0.704566,4.7288,0.147
3917,-100,-80.0,40,3.25,1.5,-62.18,9.5112,-78,76.34,28.4,0.976372,0.652363,4.3776,0.1599
3918,-100,-80.0,40,3.25,2.0,-61.77,9.7447,-79,76.33,28.4,0.979214,0.635841,3.4134,0.1555
3920,-100,-80.0,40,3.25,3.0,-61.81,9.8188,-84,76.01,28.78,0.95191,0.621429,3.3361,0.179
3919,-100,-80.0,40,3.25,2.5,-61.86,9.535,-81,76.33,28.4,1.022799,0.63778,3.2566,0.1644
3921,-100,-80.0,40,3.25,3.5,-61.96,9.9761,-87,76.46,28.25,1.038353,0.672182,4.0409,0.1508
3922,-100,-80.0,40,3.25,4.0,-61.61,9.862,-87,75.85,28.98,0.992483,0.619644,2.4346,0.198
3923,-100,-80.0,40,3.25,4.5,-61.79,10.4357,-90,76.19,28.58,1.023706,0.632242,2.2278,0.2017
3924,-100,-80.0,40,3.25,5.0,-61.5,10.5921,-89,76.4,28.32,1.042089,0.691727,3.952,0.1463
3925,-100,-80.0,40,3.25,5.5,-61.81,10.36,-92,76.24,28.52,1.023288,0.654768,2.945,0.1815
3926,-100,-80.0,40,3.25,6.0,-61.75,10.6539,-95,77.01,27.6,1.080034,0.741926,4.3584,0.1572
3927,-100,-80.0,40,3.25,6.5,-61.73,11.921,-96,75.73,29.13,1.022365,0.699431,4.848,0.1516
3928,-100,-80.0,40,3.25,7.0,-61.95,11.2314,-100,75.85,28.98,1.047805,0.67988,3.9885,0.1797
3929,-100,-80.0,40,3.25,7.5,-61.96,11.7324,-100,76.94,27.67,1.09142,0.652296,2.1407,0.1922
3930,-100,-80.0,40,3.25,8.0,-61.61,12.2362,-100,77.15,27.42,1.135559,0.823041,5.6451,0.1175
3931,-100,-80.0,40,3.25,8.5,-62.13,12.3344,-100,77.23,27.32,1.138852,0.759629,4.3028,0.1521
3932,-100,-80.0,40,3.25,9.0,-61.59,12.7601,-100,76.55,28.14,1.142687,0.786817,5.0837,0.1518
3933,-100,-80.0,40,3.25,9.5,-61.78,14.0813,-100,76.9,27.71,1.130075,0.790838,5.4111,0.1348
3934,-100,-80.0,40,3.25,10.0,-61.65,13.3971,-100,76.52,28.18,1.090021,0.691566,3.5415,0.1584
3935,-100,-80.0,40,3.25,10.5,-61.93,13.7624,-100,77.27,27.27,1.14621,0.695093,2.9238,0.1796
3936,-100,-80.0,40,3.25,11.0,-61.92,14.5127,-100,77.72,26.74,1.212824,0.794438,4.5771,0.1296
3938,-100,-80.0,40,3.25,12.0,-61.88,15.1791,-100,77.42,27.1,1.198877,0.739904,3.0736,0.1647
3937,-100,-80.0,40,3.25,11.5,-62.18,14.7305,-100,76.73,27.92,1.162137,0.763225,4.314,0.1611
3939,-100,-80.0,40,3.25,12.5,-61.76,15.7613,-100,77.91,26.52,1.268572,0.785721,3.7494,0.1643
3940,-100,-80.0,40,3.25,13.0,-61.64,16.172,-100,76.88,27.75,1.180115,0.848152,4.917,0.1206
3941,-100,-80.0,40,3.25,13.5,-61.78,16.2957,-100,77.16,27.41,1.236121,0.809692,4.9883,0.1678
3942,-100,-80.0,40,3.25,14.0,-61.54,17.0359,-100,77.36,27.18,1.277892,0.907132,6.5084,0.1258
3943,-100,-80.0,40,3.5,1.0,-59.1,10.1298,-75,75.82,29.01,0.978802,0.618529,2.6088,0.2076
3944,-100,-80.0,40,3.5,1.5,-59.18,10.3969,-81,76.36,28.37,1.000464,0.623699,2.7367,0.189
3945,-100,-80.0,40,3.5,2.0,-58.87,10.5096,-79,75.74,29.12,0.943119,0.591334,2.5824,0.1854
3946,-100,-80.0,40,3.5,2.5,-59.05,10.704,-81,76.31,28.44,1.048146,0.703946,4.7252,0.17
3947,-100,-80.0,40,3.5,3.0,-59.33,10.6731,-83,76.18,28.58,0.974371,0.618238,2.9124,0.1834
3948,-100,-80.0,40,3.5,3.5,-58.6,10.0624,-83,75.99,28.82,0.952417,0.637792,4.0005,0.1887
3950,-100,-80.0,40,3.5,4.5,-58.82,10.8768,-88,76.14,28.62,1.006077,0.677701,4.3517,0.1752
3949,-100,-80.0,40,3.5,4.0,-58.64,11.1335,-87,76.0,28.8,0.983618,0.633614,3.5038,0.1633
3952,-100,-80.0,40,3.5,5.5,-58.62,11.2684,-94,75.78,29.06,0.961348,0.66503,4.367,0.1682
3951,-100,-80.0,40,3.5,5.0,-59.15,11.5234,-92,75.77,29.08,0.994869,0.660338,4.1095,0.1826
3953,-100,-80.0,40,3.5,6.0,-58.85,11.9499,-94,76.61,28.08,1.014954,0.634421,2.8788,0.1633
3954,-100,-80.0,40,3.5,6.5,-58.46,11.6004,-90,76.75,27.9,1.09131,0.779278,5.9792,0.1404
3955,-100,-80.0,40,3.5,7.0,-58.46,12.4933,-95,76.61,28.06,1.047675,0.657859,3.0849,0.1932
3956,-100,-80.0,40,3.5,7.5,-59.08,12.5135,-97,76.73,27.93,1.042742,0.624883,2.0036,0.2008
3958,-100,-80.0,40,3.5,8.5,-58.77,13.9033,-100,76.72,27.94,1.068179,0.681234,3.4995,0.1803
3957,-100,-80.0,40,3.5,8.0,-59.27,12.8372,-100,77.36,27.17,1.08656,0.709491,4.1545,0.1531
3959,-100,-80.0,40,3.5,9.0,-58.83,13.1916,-100,76.57,28.11,1.071334,0.640644,2.2433,0.1901
3960,-100,-80.0,40,3.5,9.5,-58.88,13.7626,-100,76.52,28.17,1.075321,0.728289,4.8878,0.1664
3961,-100,-80.0,40,3.5,10.0,-58.93,14.6335,-100,76.66,28.0,1.116893,0.753877,5.3807,0.161
3962,-100,-80.0,40,3.5,10.5,-59.1,14.6974,-100,77.22,27.34,1.121932,0.687506,2.8374,0.1901
3963,-100,-80.0,40,3.5,11.0,-58.65,14.6518,-100,77.1,27.48,1.103956,0.683,3.2451,0.1849
3964,-100,-80.0,40,3.5,11.5,-59.19,14.9891,-100,76.11,28.66,1.093131,0.745907,4.8496,0.1507
3966,-100,-80.0,40,3.5,12.5,-58.89,15.8614,-100,77.16,27.41,1.214154,0.957008,7.3381,0.1143
3965,-100,-80.0,40,3.5,12.0,-58.7,15.9715,-100,76.89,27.74,1.148072,0.707039,3.5765,0.1769
3967,-100,-80.0,40,3.5,13.0,-58.22,16.1548,-100,77.04,27.55,1.181101,0.82483,5.6528,0.136
3968,-100,-80.0,40,3.5,13.5,-58.78,16.6993,-100,77.33,27.2,1.155558,0.772429,4.6749,0.1603
3969,-100,-80.0,40,3.5,14.0,-58.74,17.2662,-100,77.96,26.46,1.249912,0.800191,4.5634,0.1215
3971,-100,-80.0,40,3.75,1.5,-56.08,9.9438,-77,76.32,28.43,0.967627,0.618624,2.9708,0.1682
3970,-100,-80.0,40,3.75,1.0,-56.37,10.8493,-73,76.64,28.02,0.998934,0.628509,2.9153,0.1829
3972,-100,-80.0,40,3.75,2.0,-55.96,10.9359,-76,75.68,29.18,0.942965,0.629575,4.0468,0.1735
3973,-100,-80.0,40,3.75,2.5,-56.49,11.224,-77,75.91,28.91,0.949643,0.59647,2.5551,0.1765
3974,-100,-80.0,40,3.75,3.0,-55.86,10.7704,-79,75.78,29.07,0.928015,0.612443,3.0836,0.1808
3975,-100,-80.0,40,3.75,3.5,-55.79,11.2418,-82,75.74,29.12,1.010316,0.640584,3.5545,0.1796
3976,-100,-80.0,40,3.75,4.0,-56.25,10.7259,-84,75.75,29.1,0.975719,0.691632,5.1939,0.153
3977,-100,-80.0,40,3.75,4.5,-55.92,11.255,-86,76.46,28.25,0.999443,0.795045,6.3734,0.147
3978,-100,-80.0,40,3.75,5.0,-56.23,11.9778,-87,75.48,29.42,0.949188,0.594597,2.5769,0.207
3979,-100,-80.0,40,3.75,5.5,-55.81,12.0959,-90,76.22,28.53,0.999296,0.653256,3.7445,0.1786
3980,-100,-80.0,40,3.75,6.0,-55.92,12.1913,-90,76.45,28.27,0.973338,0.614343,3.138,0.1744
3981,-100,-80.0,40,3.75,6.5,-56.23,12.3615,-94,76.16,28.62,1.025959,0.647117,3.7776,0.1955
3983,-100,-80.0,40,3.75,7.5,-56.34,13.7966,-100,76.8,27.84,1.036227,0.689221,4.2463,0.1606
3984,-100,-80.0,40,3.75,8.0,-56.13,13.2985,-100,76.27,28.48,0.985024,0.660927,4.385,0.16
3982,-100,-80.0,40,3.75,7.0,-55.79,12.6651,-94,76.77,27.88,1.027088,0.663328,3.7089,0.1653
3985,-100,-80.0,40,3.75,8.5,-55.94,13.8631,-97,76.34,28.4,1.092307,0.744794,5.3221,0.1518
3986,-100,-80.0,40,3.75,9.0,-55.96,14.5079,-100,76.32,28.41,1.018975,0.667364,3.7109,0.1591
3987,-100,-80.0,40,3.75,9.5,-56.49,14.4384,-100,76.15,28.63,1.069482,0.694579,4.0563,0.1619
3988,-100,-80.0,40,3.75,10.0,-56.25,14.9991,-100,77.11,27.46,1.041108,0.734879,4.9234,0.1527
3989,-100,-80.0,40,3.75,10.5,-56.29,15.1692,-100,76.83,27.8,1.107604,0.690645,3.2111,0.1805
3990,-100,-80.0,40,3.75,11.0,-56.33,15.7703,-100,76.86,27.76,1.097596,0.726561,4.6799,0.1485
3991,-100,-80.0,40,3.75,11.5,-56.04,15.8498,-100,77.01,27.59,1.098395,0.717015,4.0535,0.1643
3992,-100,-80.0,40,3.75,12.0,-55.72,16.0332,-100,77.03,27.57,1.084239,0.719789,4.703,0.1485
3993,-100,-80.0,40,3.75,12.5,-56.36,16.5266,-100,76.85,27.79,1.125327,0.757813,4.6044,0.1398
3995,-100,-80.0,40,3.75,13.5,-55.62,17.1094,-100,76.02,28.78,1.069374,0.672982,3.2031,0.1821
3994,-100,-80.0,40,3.75,13.0,-56.2,16.7686,-100,76.38,28.35,1.108249,0.68872,3.2466,0.186
3996,-100,-80.0,40,3.75,14.0,-55.94,17.5698,-100,77.27,27.28,1.177054,0.782881,4.523,0.1488
3997,-100,-80.0,40,4.0,1.0,-53.54,12.2539,-75,76.51,28.2,1.008769,0.618323,1.9268,0.2078
3999,-100,-80.0,40,4.0,2.0,-53.16,11.871,-75,76.23,28.52,0.981914,0.665045,4.1075,0.1532
3998,-100,-80.0,40,4.0,1.5,-53.76,12.4044,-74,76.14,28.64,1.016323,0.683025,4.2659,0.1839
4000,-100,-80.0,40,4.0,2.5,-53.28,11.1882,-75,75.91,28.91,0.939387,0.609054,3.9501,0.1916
4001,-100,-80.0,40,4.0,3.0,-53.26,11.7317,-79,75.95,28.87,0.980419,0.616792,3.3995,0.1728
4002,-100,-80.0,40,4.0,3.5,-52.93,12.6728,-79,75.93,28.89,1.003959,0.719442,5.4133,0.1569
4003,-100,-80.0,40,4.0,4.0,-53.11,12.3886,-84,76.6,28.08,0.974599,0.62944,3.4163,0.1688
4004,-100,-80.0,40,4.0,4.5,-52.68,12.2825,-86,75.52,29.37,1.056612,0.783654,6.1629,0.1491
4006,-100,-80.0,40,4.0,5.5,-53.31,13.0065,-87,75.95,28.85,0.999428,0.633516,3.3112,0.1855
4005,-100,-80.0,40,4.0,5.0,-53.82,13.0262,-88,76.87,27.75,1.04037,0.671718,3.6701,0.1693
4007,-100,-80.0,40,4.0,6.0,-53.39,12.8291,-91,76.35,28.39,0.993899,0.642486,3.5493,0.1662
4008,-100,-80.0,40,4.0,6.5,-53.87,12.8582,-92,76.35,28.38,0.989321,0.650183,3.6163,0.1659
4009,-100,-80.0,40,4.0,7.0,-53.17,12.961,-92,76.48,28.23,1.031739,0.690287,4.4948,0.1394
4011,-100,-80.0,40,4.0,8.0,-52.92,13.9052,-95,76.19,28.57,1.003022,0.627237,2.9296,0.1853
4010,-100,-80.0,40,4.0,7.5,-53.19,13.4667,-96,76.53,28.15,1.028236,0.632889,2.7565,0.1679
4012,-100,-80.0,40,4.0,8.5,-53.53,14.2826,-100,76.44,28.27,1.061083,0.713527,5.0733,0.1621
4013,-100,-80.0,40,4.0,9.0,-53.03,14.3958,-100,76.67,28.0,1.028653,0.661195,3.8022,0.1639
4014,-100,-80.0,40,4.0,9.5,-52.72,14.8436,-100,76.6,28.08,1.038401,0.681468,4.0755,0.1676
4015,-100,-80.0,40,4.0,10.0,-52.58,14.9726,-100,76.67,27.99,1.042396,0.682152,3.9899,0.1707
4016,-100,-80.0,40,4.0,10.5,-53.11,15.7018,-100,75.85,28.99,0.99951,0.625872,3.1152,0.1862
4019,-100,-80.0,40,4.0,12.0,-53.45,16.2214,-100,75.92,28.91,1.012946,0.683077,4.7194,0.1835
4017,-100,-80.0,40,4.0,11.0,-53.0,16.5645,-100,76.5,28.19,1.102669,0.740021,5.1021,0.1449
4018,-100,-80.0,40,4.0,11.5,-53.42,16.3255,-100,76.48,28.22,1.10479,0.74954,5.3281,0.1435
4020,-100,-80.0,40,4.0,12.5,-53.33,17.091,-100,76.92,27.69,1.059314,0.68606,3.7439,0.1597
4021,-100,-80.0,40,4.0,13.0,-53.0,17.1698,-100,77.49,27.02,1.101197,0.711708,3.9289,0.1404
4022,-100,-80.0,40,4.0,13.5,-53.18,17.8468,-100,76.87,27.76,1.117317,0.7119,3.9646,0.1705
4023,-100,-80.0,40,4.0,14.0,-53.01,17.9052,-100,76.94,27.67,1.071876,0.654405,2.4722,0.1693
4024,-100,-80.0,40,4.25,1.0,-50.64,13.0166,-72,76.59,28.1,1.000676,0.624182,2.7129,0.1889
4025,-100,-80.0,40,4.25,1.5,-50.51,12.83,-71,75.55,29.34,0.938922,0.630905,4.0871,0.1724
4026,-100,-80.0,40,4.25,2.0,-50.19,11.7955,-73,76.39,28.33,0.96661,0.603237,2.4617,0.1816
4027,-100,-80.0,40,4.25,2.5,-50.58,12.1582,-75,76.19,28.57,0.953007,0.662796,4.9841,0.1493
4028,-100,-80.0,40,4.25,3.0,-50.25,12.6994,-74,76.58,28.11,0.973227,0.633452,2.9913,0.164
4029,-100,-80.0,40,4.25,3.5,-50.68,12.8874,-79,75.81,29.03,0.963431,0.610022,3.2964,0.1729
4030,-100,-80.0,40,4.25,4.0,-50.17,13.1323,-80,76.51,28.18,0.998565,0.663098,4.0997,0.1731
4032,-100,-80.0,40,4.25,5.0,-49.89,13.2434,-86,75.67,29.21,0.948642,0.611744,3.3516,0.1687
4031,-100,-80.0,40,4.25,4.5,-50.65,12.769,-82,76.73,27.92,1.036398,0.643397,3.1449,0.1967
4033,-100,-80.0,40,4.25,5.5,-50.6,13.8471,-88,76.17,28.6,0.959572,0.630045,4.1618,0.1661
4034,-100,-80.0,40,4.25,6.0,-50.68,13.5424,-87,76.15,28.63,1.000126,0.653325,3.9044,0.1696
4035,-100,-80.0,40,4.25,6.5,-50.3,13.7938,-91,75.58,29.29,0.950867,0.597276,2.5194,0.2093
4036,-100,-80.0,40,4.25,7.0,-50.45,14.1656,-91,76.16,28.61,1.018537,0.778854,6.3656,0.127
4037,-100,-80.0,40,4.25,7.5,-49.96,13.8375,-93,75.85,28.98,0.954346,0.607351,2.9703,0.1856
4038,-100,-80.0,40,4.25,8.0,-50.12,14.6611,-96,76.55,28.15,0.974743,0.595718,2.4823,0.2023
4039,-100,-80.0,40,4.25,8.5,-50.05,15.1733,-97,76.43,28.28,1.020413,0.683575,4.1944,0.1452
4040,-100,-80.0,40,4.25,9.0,-50.09,15.0508,-96,75.94,28.87,0.97646,0.625398,3.4951,0.1806
4041,-100,-80.0,40,4.25,9.5,-50.16,15.2447,-95,76.41,28.32,1.009463,0.615045,2.1097,0.2097
4043,-100,-80.0,40,4.25,10.5,-50.21,16.6018,-99,76.73,27.92,1.12032,0.97757,8.2311,0.1101
4042,-100,-80.0,40,4.25,10.0,-50.24,15.7257,-100,76.5,28.2,1.014147,0.668243,3.9449,0.1715
4044,-100,-80.0,40,4.25,11.0,-50.44,15.8662,-100,75.83,29.01,1.033338,0.677261,4.536,0.1604
4046,-100,-80.0,40,4.25,12.0,-50.02,16.5228,-100,76.67,28.0,1.099677,0.724176,4.7857,0.1597
4045,-100,-80.0,40,4.25,11.5,-50.48,16.7654,-100,75.61,29.27,1.02899,0.673746,4.1846,0.1681
4047,-100,-80.0,40,4.25,12.5,-50.8,17.171,-100,76.39,28.33,1.009922,0.637382,3.0496,0.1801
4048,-100,-80.0,40,4.25,13.0,-49.82,17.6034,-100,76.68,27.99,1.064582,0.641927,2.6649,0.1959
4049,-100,-80.0,40,4.25,13.5,-50.72,18.0366,-100,76.87,27.75,1.050036,0.703877,4.4964,0.1694
4050,-100,-80.0,40,4.25,14.0,-50.18,18.1162,-100,76.46,28.26,1.061544,0.710178,4.5378,0.1559
4051,-100,-80.0,40,4.5,1.0,-47.09,12.063,-66,76.7,27.96,1.024509,0.625504,3.0217,0.1901
4052,-100,-80.0,40,4.5,1.5,-47.47,13.1964,-69,76.4,28.32,1.002306,0.663631,4.2835,0.1639
4053,-100,-80.0,40,4.5,2.0,-47.97,13.292,-71,76.37,28.35,1.028986,0.717572,5.0224,0.1644
4056,-100,-80.0,40,4.5,3.5,-47.51,13.6349,-77,76.38,28.36,0.99179,0.647823,3.7074,0.1846
4054,-100,-80.0,40,4.5,2.5,-47.63,13.5305,-75,75.84,29.0,0.972495,0.637258,3.3694,0.1818
4055,-100,-80.0,40,4.5,3.0,-47.59,13.1782,-74,75.71,29.15,0.920049,0.610033,3.7935,0.1541
4057,-100,-80.0,40,4.5,4.0,-47.49,13.6708,-79,76.13,28.65,0.979296,0.629362,2.9152,0.1629
4058,-100,-80.0,40,4.5,4.5,-47.17,13.771,-81,76.44,28.26,0.994256,0.639258,3.6231,0.1825
4059,-100,-80.0,40,4.5,5.0,-47.35,13.9754,-82,76.0,28.81,1.062202,0.771927,6.1426,0.1434
4060,-100,-80.0,40,4.5,5.5,-47.37,14.1784,-82,76.18,28.58,0.975855,0.605656,2.573,0.1874
4061,-100,-80.0,40,4.5,6.0,-47.68,14.8987,-84,75.76,29.09,1.005854,0.709655,5.3991,0.1444
4062,-100,-80.0,40,4.5,6.5,-47.84,14.6337,-92,76.32,28.41,0.991148,0.633676,2.8933,0.1885
4063,-100,-80.0,40,4.5,7.0,-47.73,14.6116,-90,75.54,29.35,0.965906,0.617397,2.9902,0.172
4064,-100,-80.0,40,4.5,7.5,-47.26,14.5936,-89,75.85,28.99,1.000474,0.639611,3.339,0.1865
4067,-100,-80.0,40,4.5,9.0,-47.04,15.3384,-91,75.44,29.47,1.020697,0.749561,6.3467,0.1684
4065,-100,-80.0,40,4.5,8.0,-47.59,15.1742,-92,76.3,28.45,1.021351,0.655412,3.6849,0.187
4066,-100,-80.0,40,4.5,8.5,-46.97,14.7817,-93,76.85,27.77,1.050775,0.744846,5.4759,0.1491
4068,-100,-80.0,40,4.5,9.5,-46.92,16.1589,-99,76.54,28.15,1.014707,0.636285,2.5069,0.1921
4070,-100,-80.0,40,4.5,10.5,-47.41,16.6219,-100,75.88,28.95,0.958698,0.618805,3.4051,0.1796
4071,-100,-80.0,40,4.5,11.0,-47.61,17.0567,-98,76.16,28.6,0.990331,0.621821,2.6025,0.1836
4069,-100,-80.0,40,4.5,10.0,-47.75,16.4865,-100,76.42,28.3,1.017186,0.664432,4.0713,0.1674
4072,-100,-80.0,40,4.5,11.5,-47.97,17.336,-100,76.53,28.16,1.009604,0.666412,3.8803,0.1576
4073,-100,-80.0,40,4.5,12.0,-47.5,17.0146,-100,75.81,29.02,0.965237,0.645175,4.259,0.1856
4074,-100,-80.0,40,4.5,12.5,-46.99,18.1194,-100,75.91,28.9,0.984627,0.629628,3.6481,0.1849
4075,-100,-80.0,40,4.5,13.0,-46.85,18.6534,-100,76.32,28.42,1.014417,0.65254,3.6579,0.1741
4076,-100,-80.0,40,4.5,13.5,-47.23,18.5345,-100,76.77,27.88,1.020828,0.663984,3.5518,0.1716
4078,-100,-80.0,40,4.75,1.0,-44.82,13.9606,-65,75.37,29.57,0.932846,0.579796,2.7566,0.2
4077,-100,-80.0,40,4.5,14.0,-47.38,18.9317,-100,76.77,27.88,1.04581,0.650106,3.0549,0.1765
4080,-100,-80.0,40,4.75,2.0,-45.04,13.8269,-72,76.35,28.38,0.948942,0.605877,2.7096,0.1951
4079,-100,-80.0,40,4.75,1.5,-44.53,13.1993,-67,75.3,29.63,0.957108,0.605458,3.0214,0.1982
4081,-100,-80.0,40,4.75,2.5,-44.7,13.6442,-70,76.14,28.63,0.936349,0.631047,3.8214,0.1615
4082,-100,-80.0,40,4.75,3.0,-44.2,14.2238,-72,76.35,28.39,0.960105,0.602823,3.0871,0.1855
4084,-100,-80.0,40,4.75,4.0,-45.03,14.3824,-75,75.55,29.35,0.961323,0.611888,2.8379,0.192
4083,-100,-80.0,40,4.75,3.5,-45.04,14.4608,-73,76.31,28.42,0.973233,0.616198,3.5543,0.173
4085,-100,-80.0,40,4.75,4.5,-44.59,14.1684,-79,76.29,28.45,0.969891,0.605354,2.6492,0.1824
4086,-100,-80.0,40,4.75,5.0,-44.81,14.1043,-80,76.22,28.53,1.004739,0.631466,3.0803,0.1746
4087,-100,-80.0,40,4.75,5.5,-44.55,14.1876,-81,76.16,28.61,0.951091,0.615955,3.5926,0.1642
4088,-100,-80.0,40,4.75,6.0,-44.44,14.6201,-82,75.91,28.91,0.984006,0.630813,3.0347,0.1877
4091,-100,-80.0,40,4.75,7.5,-44.51,16.102,-87,75.94,28.88,0.978813,0.616366,3.097,0.1869
4089,-100,-80.0,40,4.75,6.5,-44.44,15.0971,-85,75.83,29.0,0.941057,0.666604,4.9532,0.1499
4090,-100,-80.0,40,4.75,7.0,-44.95,15.5731,-94,75.89,28.92,0.982086,0.607965,2.4126,0.1989
4092,-100,-80.0,40,4.75,8.0,-44.31,15.5188,-87,76.64,28.03,1.044605,0.695923,4.7634,0.1423
4094,-100,-80.0,40,4.75,9.0,-44.18,15.6873,-96,75.56,29.33,0.955121,0.602249,3.2568,0.1992
4093,-100,-80.0,40,4.75,8.5,-44.47,16.2617,-94,76.3,28.43,0.994769,0.606938,1.9597,0.2003
4096,-100,-80.0,40,4.75,10.0,-44.06,16.8529,-96,76.09,28.68,0.989125,0.680553,4.6432,0.159
4095,-100,-80.0,40,4.75,9.5,-44.07,16.6629,-94,75.98,28.83,0.964501,0.61155,2.9887,0.1994
4097,-100,-80.0,40,4.75,10.5,-44.62,17.2482,-100,76.41,28.3,0.972948,0.606562,2.7288,0.1854
4098,-100,-80.0,40,4.75,11.0,-44.74,17.1122,-100,76.35,28.39,0.995207,0.676269,4.2787,0.1615
4099,-100,-80.0,40,4.75,11.5,-44.53,17.8324,-100,77.14,27.44,1.03938,0.66401,3.7587,0.1747
4100,-100,-80.0,40,4.75,12.0,-44.7,17.9532,-99,76.25,28.5,1.015496,0.669724,4.3021,0.179
4102,-100,-80.0,40,4.75,13.0,-44.83,19.2999,-100,75.71,29.15,0.983339,0.667705,4.3785,0.1495
4101,-100,-80.0,40,4.75,12.5,-45.12,18.4278,-100,75.89,28.93,1.023522,0.684994,4.4186,0.1389
4104,-100,-80.0,40,4.75,14.0,-44.64,18.9889,-100,76.14,28.64,0.987215,0.648352,4.1371,0.1814
4103,-100,-80.0,40,4.75,13.5,-44.79,18.9044,-100,76.42,28.3,1.017224,0.655403,3.3193,0.1683
4106,-100,-80.0,40,5.0,1.5,-41.74,13.5253,-64,75.67,29.2,1.006742,0.753486,6.4019,0.1395
4105,-100,-80.0,40,5.0,1.0,-41.8,14.2789,-64,75.26,29.69,0.907426,0.610601,3.7929,0.185
4107,-100,-80.0,40,5.0,2.0,-41.75,14.7491,-65,75.8,29.05,0.959243,0.635545,3.7103,0.1682
4108,-100,-80.0,40,5.0,2.5,-41.66,14.2138,-67,75.74,29.11,0.944475,0.596004,2.7082,0.1969
4109,-100,-80.0,40,5.0,3.0,-41.93,14.204,-71,76.19,28.57,0.993903,0.649362,4.1152,0.1717
4110,-100,-80.0,40,5.0,3.5,-41.6,14.435,-71,76.58,28.1,0.965968,0.611567,2.7838,0.1659
4111,-100,-80.0,40,5.0,4.0,-42.0,14.7864,-72,76.11,28.68,0.916855,0.610609,4.1451,0.1541
4112,-100,-80.0,40,5.0,4.5,-41.88,15.3261,-78,76.25,28.49,0.982478,0.641973,4.0455,0.1604
4113,-100,-80.0,40,5.0,5.0,-41.53,15.2112,-77,75.69,29.17,0.961492,0.639399,4.2356,0.1648
4114,-100,-80.0,40,5.0,5.5,-41.34,15.7049,-76,75.67,29.21,0.91719,0.597734,3.1006,0.1608
4115,-100,-80.0,40,5.0,6.0,-41.91,15.5206,-80,75.89,28.94,1.002671,0.648919,3.9383,0.1899
4116,-100,-80.0,40,5.0,6.5,-41.95,15.457,-89,76.47,28.24,1.024923,0.664665,3.9823,0.1877
4118,-100,-80.0,40,5.0,7.5,-41.82,16.4704,-85,76.46,28.25,0.984817,0.619642,2.6479,0.2018
4117,-100,-80.0,40,5.0,7.0,-41.81,15.7068,-86,76.66,28.01,0.975334,0.605095,2.1689,0.1854
4119,-100,-80.0,40,5.0,8.0,-42.11,16.706,-86,76.11,28.67,0.950792,0.614247,3.5656,0.1698
4120,-100,-80.0,40,5.0,8.5,-41.21,16.3056,-89,75.84,28.99,0.946962,0.581255,1.8495,0.1993
4121,-100,-80.0,40,5.0,9.0,-41.85,17.1494,-95,76.55,28.14,1.008639,0.605368,1.6486,0.2115
4122,-100,-80.0,40,5.0,9.5,-41.96,16.803,-92,76.02,28.78,0.988144,0.664377,4.4547,0.1711
4132,-100,-75.0,40,1.0,1.0,-82.01,1.7764,-87,99.96,0.05,2.58765,0.703579,0.116,0.0
4123,-100,-80.0,40,5.0,10.0,-41.85,17.3185,-96,75.57,29.33,0.968425,0.620919,3.3474,0.1733
4124,-100,-80.0,40,5.0,10.5,-41.52,17.5751,-100,76.23,28.53,0.966207,0.612882,2.6148,0.1809
4127,-100,-80.0,40,5.0,12.0,-42.08,18.7053,-100,76.41,28.33,0.977552,0.644855,3.8506,0.1631
4133,-100,-75.0,40,1.0,1.5,-82.2,2.0283,-86,99.92,0.1,2.932915,0.662193,0.3246,0.0
4125,-100,-80.0,40,5.0,11.0,-41.17,17.7744,-97,76.3,28.44,0.972514,0.605205,2.6698,0.1933
4126,-100,-80.0,40,5.0,11.5,-41.28,18.4392,-100,75.93,28.89,0.964282,0.583027,1.9645,0.2097
4134,-100,-75.0,40,1.0,2.0,-83.89,2.4924,-89,99.89,0.13,3.530518,0.903995,0.4222,0.0
4128,-100,-80.0,40,5.0,12.5,-41.85,18.6378,-100,76.41,28.31,1.037572,0.725094,5.1706,0.155
4130,-100,-80.0,40,5.0,13.5,-41.35,19.8696,-100,76.89,27.74,0.995599,0.652362,3.903,0.1792
4131,-100,-80.0,40,5.0,14.0,-41.83,19.9389,-100,75.97,28.84,0.967745,0.644693,4.0584,0.1746
4129,-100,-80.0,40,5.0,13.0,-41.7,19.1451,-100,77.08,27.5,1.077484,0.662175,2.8058,0.1728
4135,-100,-75.0,40,1.0,2.5,-84.27,2.6458,-90,99.75,0.31,2.137741,0.66519,0.7085,0.0
4136,-100,-75.0,40,1.0,3.0,-85.66,3.4759,-91,99.92,0.1,3.432787,1.364613,0.1581,0.0
4137,-100,-75.0,40,1.0,3.5,-84.96,3.4614,-95,99.41,0.71,2.890085,0.942941,1.3198,0.0
4138,-100,-75.0,40,1.0,4.0,-87.14,4.2239,-98,99.3,0.85,2.07911,1.789608,1.7098,0.0
4140,-100,-75.0,40,1.0,5.0,-87.22,5.3737,-100,98.75,1.5,3.119577,1.946205,1.4479,0.0001
4139,-100,-75.0,40,1.0,4.5,-86.66,5.2993,-99,98.48,1.83,1.982792,1.034434,3.5693,0.0
4141,-100,-75.0,40,1.0,5.5,-87.32,6.2845,-100,97.95,2.46,2.842246,1.285524,3.1208,0.0008
4142,-100,-75.0,40,1.0,6.0,-86.94,6.3959,-100,97.42,3.09,2.411947,1.374459,3.283,0.0021
4143,-100,-75.0,40,1.0,6.5,-87.16,6.6975,-100,97.25,3.3,2.954884,1.376274,2.6406,0.0027
4144,-100,-75.0,40,1.0,7.0,-87.14,7.3793,-100,96.4,4.31,2.715404,1.144477,3.648,0.0077
4145,-100,-75.0,40,1.0,7.5,-86.94,7.7451,-100,96.03,4.76,2.966429,1.543651,3.825,0.007
4146,-100,-75.0,40,1.0,8.0,-87.19,8.1645,-100,95.34,5.6,2.817949,1.076078,3.8087,0.0142
4147,-100,-75.0,40,1.0,8.5,-87.19,8.4838,-100,95.06,5.93,2.872082,1.377382,2.9603,0.007
4148,-100,-75.0,40,1.0,9.0,-86.68,8.5856,-100,94.24,6.92,2.834798,1.340252,3.0018,0.0265
4149,-100,-75.0,40,1.0,9.5,-86.61,9.1219,-100,93.21,8.15,2.770005,1.474551,4.3484,0.0243
4150,-100,-75.0,40,1.0,10.0,-85.76,9.5198,-100,92.0,9.6,2.393569,1.296654,5.0474,0.0206
4152,-100,-75.0,40,1.0,11.0,-85.95,10.2484,-100,91.35,10.38,2.694607,1.281255,4.5521,0.0271
4151,-100,-75.0,40,1.0,10.5,-85.88,9.7058,-100,92.08,9.51,2.625819,1.271258,4.2733,0.0236
4153,-100,-75.0,40,1.0,11.5,-86.07,10.2987,-100,91.25,10.5,2.704962,1.045001,2.662,0.0425
4154,-100,-75.0,40,1.0,12.0,-85.52,11.1623,-100,90.08,11.9,2.588117,1.243701,5.4845,0.0399
4155,-100,-75.0,40,1.0,12.5,-85.57,11.3424,-100,90.05,11.95,2.601281,1.208484,5.1496,0.0508
4159,-100,-75.0,40,1.25,1.0,-81.6,1.7605,-85,99.3,0.84,1.992302,0.747711,2.6046,0.0
4160,-100,-75.0,40,1.25,1.5,-80.76,1.7743,-86,99.08,1.11,2.990385,1.302537,2.1953,0.0
4156,-100,-75.0,40,1.0,13.0,-85.61,11.4314,-100,89.8,12.24,2.683305,1.061723,3.1304,0.0452
4157,-100,-75.0,40,1.0,13.5,-85.47,11.8154,-100,89.61,12.47,2.652132,0.890696,3.1066,0.0602
4158,-100,-75.0,40,1.0,14.0,-85.26,12.162,-100,89.29,12.85,2.571389,1.198451,3.5774,0.0557
4161,-100,-75.0,40,1.25,2.0,-80.5,3.0474,-89,98.34,1.99,2.374605,1.343247,4.6757,0.0
4162,-100,-75.0,40,1.25,2.5,-82.54,3.4885,-91,99.1,1.08,3.267694,1.078389,2.6778,0.0
4163,-100,-75.0,40,1.25,3.0,-83.1,3.7433,-92,98.06,2.33,2.438491,1.786271,4.8115,0.0
4164,-100,-75.0,40,1.25,3.5,-83.86,4.903,-94,97.33,3.2,2.236297,1.685961,6.537,0.0
4165,-100,-75.0,40,1.25,4.0,-84.57,5.2216,-99,97.04,3.55,2.599858,1.282536,5.5477,0.0001
4166,-100,-75.0,40,1.25,4.5,-84.66,5.8994,-99,96.58,4.11,2.635873,1.360619,5.9077,0.0006
4167,-100,-75.0,40,1.25,5.0,-84.7,6.1347,-100,95.55,5.34,2.464852,1.486474,6.949,0.0004
4168,-100,-75.0,40,1.25,5.5,-84.54,6.5463,-100,95.18,5.78,2.487801,1.302534,6.516,0.0028
4169,-100,-75.0,40,1.25,6.0,-84.84,6.8379,-100,94.77,6.28,2.506034,1.544873,6.2163,0.0057
4170,-100,-75.0,40,1.25,6.5,-84.16,7.5124,-100,93.87,7.36,2.733049,1.28909,6.0285,0.0101
4171,-100,-75.0,40,1.25,7.0,-84.58,7.9973,-100,93.54,7.75,2.7255,1.893421,7.8627,0.0091
4172,-100,-75.0,40,1.25,7.5,-84.08,8.2756,-100,92.89,8.53,2.718872,1.50425,5.9376,0.0192
4173,-100,-75.0,40,1.25,8.0,-84.51,8.7998,-100,92.08,9.5,2.547076,1.260185,6.3181,0.0246
4174,-100,-75.0,40,1.25,8.5,-83.91,9.1524,-100,91.3,10.44,2.593361,1.39522,6.5829,0.033
4175,-100,-75.0,40,1.25,9.0,-84.04,9.3549,-100,90.99,10.81,2.609138,1.063801,5.327,0.0301
4176,-100,-75.0,40,1.25,9.5,-84.16,10.0993,-100,90.65,11.22,2.622057,1.273288,6.0138,0.0293
4177,-100,-75.0,40,1.25,10.0,-84.23,9.9292,-100,90.8,11.04,2.765467,0.94048,4.1401,0.043
4178,-100,-75.0,40,1.25,10.5,-84.45,10.3052,-100,90.16,11.81,2.784058,1.226837,4.8305,0.0382
4179,-100,-75.0,40,1.25,11.0,-83.89,10.507,-100,90.12,11.85,2.98151,1.392604,3.7159,0.0448
4180,-100,-75.0,40,1.25,11.5,-83.84,10.8743,-100,89.9,12.11,2.894072,1.316135,3.9931,0.0486
4181,-100,-75.0,40,1.25,12.0,-83.54,11.6205,-100,89.27,12.88,2.731105,1.388126,4.749,0.0456
4182,-100,-75.0,40,1.25,12.5,-83.55,11.77,-100,88.75,13.5,2.733188,1.077041,4.1399,0.0566
4183,-100,-75.0,40,1.25,13.0,-83.6,11.9991,-100,88.51,13.79,2.726907,1.313069,4.9089,0.0608
4184,-100,-75.0,40,1.25,13.5,-82.73,12.5244,-100,86.99,15.61,2.450044,1.188125,5.2545,0.05
4185,-100,-75.0,40,1.25,14.0,-83.61,12.9011,-100,87.88,14.55,2.626745,1.160037,4.3597,0.0626
4186,-100,-75.0,40,1.5,1.0,-79.26,2.3147,-86,94.89,6.13,1.206513,1.364974,12.452,0.0
4187,-100,-75.0,40,1.5,1.5,-80.7,3.0776,-87,95.63,5.25,1.669117,1.782151,10.5442,0.0
4188,-100,-75.0,40,1.5,2.0,-79.97,3.3131,-88,95.63,5.25,2.071405,1.638792,9.2008,0.0
4189,-100,-75.0,40,1.5,2.5,-80.56,3.553,-89,94.89,6.14,2.081069,1.713862,9.2904,0.0
4191,-100,-75.0,40,1.5,3.5,-81.37,5.3093,-94,93.55,7.74,1.904383,1.784629,11.1103,0.0002
4190,-100,-75.0,40,1.5,3.0,-81.37,4.4358,-93,93.99,7.21,1.772936,1.656099,12.0607,0.0
4192,-100,-75.0,40,1.5,4.0,-81.47,5.9171,-96,93.05,8.33,1.977357,1.579002,11.2063,0.0011
4193,-100,-75.0,40,1.5,4.5,-81.56,6.1212,-99,92.28,9.26,2.098978,1.809402,10.5072,0.0057
4195,-100,-75.0,40,1.5,5.5,-81.67,6.4456,-100,92.72,8.73,2.773393,1.691694,6.3675,0.0032
4194,-100,-75.0,40,1.5,5.0,-81.79,6.2397,-100,92.39,9.13,2.566729,1.764256,8.8817,0.0037
4196,-100,-75.0,40,1.5,6.0,-81.32,7.4211,-100,90.64,11.23,2.447309,1.413134,8.6683,0.0077
4197,-100,-75.0,40,1.5,6.5,-82.06,7.7038,-100,91.76,9.89,2.79737,1.408577,6.6125,0.0185
4198,-100,-75.0,40,1.5,7.0,-81.69,8.071,-100,89.96,12.06,2.506894,1.498289,7.5671,0.0162
4199,-100,-75.0,40,1.5,7.5,-81.38,8.9426,-100,89.1,13.08,2.433649,1.400788,7.7027,0.0267
4200,-100,-75.0,40,1.5,8.0,-81.49,9.4833,-100,89.13,13.04,2.594849,1.606958,9.1851,0.0283
4201,-100,-75.0,40,1.5,8.5,-81.49,9.3826,-100,89.11,13.06,2.616017,1.29635,6.8013,0.0169
4202,-100,-75.0,40,1.5,9.0,-81.91,10.0594,-100,88.6,13.68,2.632164,1.266847,6.7678,0.0492
4203,-100,-75.0,40,1.5,9.5,-81.38,10.1701,-100,88.01,14.39,2.508122,1.432424,7.442,0.0424
4204,-100,-75.0,40,1.5,10.0,-81.38,10.9462,-100,87.83,14.61,2.623449,1.446797,6.8167,0.0499
4205,-100,-75.0,40,1.5,10.5,-81.46,11.2514,-100,87.32,15.21,2.537638,1.32345,7.2326,0.0394
4206,-100,-75.0,40,1.5,11.0,-81.53,11.52,-100,86.89,15.73,2.5092,1.291746,7.1227,0.0677
4207,-100,-75.0,40,1.5,11.5,-81.32,11.8618,-100,86.43,16.29,2.421386,1.354524,7.7701,0.0606
4208,-100,-75.0,40,1.5,12.0,-80.3,12.2247,-100,85.93,16.88,2.388055,1.25491,6.1806,0.0717
4209,-100,-75.0,40,1.5,12.5,-80.92,12.2522,-100,86.53,16.16,2.558613,1.181719,4.9561,0.0657
4210,-100,-75.0,40,1.5,13.0,-80.72,12.8615,-100,85.45,17.46,2.430504,1.21847,5.7582,0.0824
4211,-100,-75.0,40,1.5,13.5,-80.64,13.2251,-100,85.56,17.32,2.434896,1.30099,6.6925,0.0788
4212,-100,-75.0,40,1.5,14.0,-80.93,13.525,-100,85.84,17.0,2.496035,1.142235,5.8232,0.0693
4213,-100,-75.0,40,1.75,1.0,-78.41,2.9323,-86,89.6,12.48,1.010555,1.232374,17.319,0.0
4214,-100,-75.0,40,1.75,1.5,-78.64,4.8221,-87,91.67,10.0,1.293353,1.358839,14.6346,0.0
4215,-100,-75.0,40,1.75,2.0,-78.03,4.5383,-88,89.09,13.09,1.257946,1.299279,16.3678,0.0
4216,-100,-75.0,40,1.75,2.5,-77.81,4.5144,-90,89.59,12.5,1.455763,1.413976,15.468,0.0
4217,-100,-75.0,40,1.75,3.0,-79.1,4.8787,-91,90.77,11.07,1.792456,1.312224,11.8712,0.0002
4218,-100,-75.0,40,1.75,3.5,-78.97,6.0022,-95,90.2,11.75,1.843157,1.754664,13.6185,0.0013
4219,-100,-75.0,40,1.75,4.0,-78.84,6.136,-96,87.38,15.15,1.507614,1.275612,14.8537,0.0038
4221,-100,-75.0,40,1.75,5.0,-79.04,6.8143,-100,89.14,13.03,2.313243,1.474922,10.1144,0.0108
4220,-100,-75.0,40,1.75,4.5,-78.91,6.5771,-99,88.11,14.27,1.875313,1.814559,13.7767,0.0117
4222,-100,-75.0,40,1.75,5.5,-78.9,7.3611,-100,88.32,14.02,2.282591,1.504172,10.3021,0.0202
4223,-100,-75.0,40,1.75,6.0,-78.77,8.0231,-100,87.2,15.36,2.174423,1.480765,10.4393,0.0157
4224,-100,-75.0,40,1.75,6.5,-78.39,8.454,-100,86.51,16.18,2.263275,1.81168,10.9135,0.0245
4225,-100,-75.0,40,1.75,7.0,-78.58,8.6189,-100,86.77,15.87,2.355375,1.641402,9.5417,0.032
4226,-100,-75.0,40,1.75,7.5,-79.38,9.1956,-100,87.25,15.29,2.389128,1.331499,7.9009,0.0341
4227,-100,-75.0,40,1.75,8.0,-78.59,9.6377,-100,85.42,17.5,2.190191,1.70651,11.1145,0.0399
4228,-100,-75.0,40,1.75,8.5,-78.67,9.995,-100,85.39,17.54,2.248106,1.496911,9.6949,0.0562
4229,-100,-75.0,40,1.75,9.0,-78.8,10.0634,-100,85.17,17.8,2.258252,1.666627,9.8843,0.0381
4230,-100,-75.0,40,1.75,9.5,-78.2,11.0415,-100,84.56,18.53,2.259715,1.417687,9.5035,0.0686
4231,-100,-75.0,40,1.75,10.0,-79.0,11.0231,-100,85.66,17.2,2.464433,1.611155,8.5845,0.0528
4233,-100,-75.0,40,1.75,11.0,-78.48,11.6686,-100,84.8,18.24,2.355224,1.351863,6.9679,0.0657
4232,-100,-75.0,40,1.75,10.5,-78.59,11.4444,-100,85.43,17.48,2.460597,1.305676,6.6493,0.0739
4234,-100,-75.0,40,1.75,11.5,-78.58,12.7292,-100,83.97,19.24,2.234706,1.337319,8.5579,0.0829
4235,-100,-75.0,40,1.75,12.0,-78.49,12.7562,-100,84.8,18.24,2.385932,1.321144,7.0409,0.0823
4236,-100,-75.0,40,1.75,12.5,-78.74,13.1656,-100,84.21,18.95,2.294599,1.268916,7.238,0.0761
4237,-100,-75.0,40,1.75,13.0,-78.29,13.2961,-100,83.37,19.96,2.271047,1.255866,7.7866,0.0992
4238,-100,-75.0,40,1.75,13.5,-77.74,13.8933,-100,84.09,19.09,2.321668,1.409534,7.8722,0.0732
4239,-100,-75.0,40,1.75,14.0,-77.83,13.7667,-100,83.56,19.73,2.283852,1.1547,5.5685,0.0901
4240,-100,-75.0,40,2.0,1.0,-76.41,4.8603,-85,86.8,15.85,1.16604,1.316813,17.5198,0.0001
4241,-100,-75.0,40,2.0,1.5,-75.93,4.2337,-86,83.51,19.79,1.102649,1.206903,18.9757,0.0004
4243,-100,-75.0,40,2.0,2.5,-76.1,5.6328,-88,84.99,18.01,1.405302,1.169022,15.5057,0.0006
4242,-100,-75.0,40,2.0,2.0,-75.7,5.276,-88,83.35,19.99,1.169074,1.04383,17.3088,0.0019
4244,-100,-75.0,40,2.0,3.0,-76.19,6.0342,-92,85.84,17.0,1.725363,1.499345,14.2549,0.0084
4245,-100,-75.0,40,2.0,3.5,-75.85,5.9374,-93,83.54,19.76,1.4831,1.301038,15.2661,0.0016
4246,-100,-75.0,40,2.0,4.0,-76.43,7.4612,-96,85.82,17.02,1.829039,1.411516,12.6093,0.0073
4247,-100,-75.0,40,2.0,4.5,-76.17,7.3578,-98,84.02,19.18,1.834558,1.42592,12.9336,0.0158
4248,-100,-75.0,40,2.0,5.0,-76.11,7.5875,-100,85.25,17.7,2.066588,1.464578,9.3499,0.0235
4249,-100,-75.0,40,2.0,5.5,-76.02,7.7416,-100,83.13,20.24,1.846849,1.516768,12.1895,0.0323
4250,-100,-75.0,40,2.0,6.0,-75.59,8.0837,-100,83.0,20.4,1.936071,1.565639,10.988,0.0258
4251,-100,-75.0,40,2.0,6.5,-76.6,8.9121,-100,84.08,19.1,2.031902,1.632043,12.2086,0.0515
4252,-100,-75.0,40,2.0,7.0,-75.81,9.2437,-100,84.27,18.88,2.239693,1.408059,7.3796,0.0376
4253,-100,-75.0,40,2.0,7.5,-76.51,9.7623,-100,84.2,18.96,2.151131,1.638568,10.4275,0.037
4254,-100,-75.0,40,2.0,8.0,-76.07,10.176,-100,82.76,20.68,2.01236,1.458929,10.5221,0.05
4255,-100,-75.0,40,2.0,8.5,-76.22,10.2622,-100,84.14,19.04,2.288239,1.491009,7.7023,0.0616
4256,-100,-75.0,40,2.0,9.0,-75.72,10.8457,-100,83.77,19.48,2.240517,1.660286,9.8123,0.07
4257,-100,-75.0,40,2.0,9.5,-76.1,11.1072,-100,83.3,20.04,2.208582,1.36459,8.1033,0.0787
4258,-100,-75.0,40,2.0,10.0,-76.15,11.6005,-100,83.07,20.32,2.148107,1.311638,7.9697,0.0729
4259,-100,-75.0,40,2.0,10.5,-76.05,11.9149,-100,82.8,20.64,2.112765,1.389645,8.6378,0.0777
4260,-100,-75.0,40,2.0,11.0,-76.08,12.3152,-100,83.53,19.77,2.230321,1.707202,9.267,0.0478
4261,-100,-75.0,40,2.0,11.5,-75.62,12.8788,-100,83.11,20.27,2.190953,1.210552,6.4341,0.0973
4262,-100,-75.0,40,2.0,12.0,-75.88,13.2286,-100,83.32,20.02,2.207675,1.374432,7.6028,0.0917
4263,-100,-75.0,40,2.0,12.5,-75.85,13.2827,-100,83.0,20.4,2.155295,1.300328,6.7472,0.0641
4264,-100,-75.0,40,2.0,13.0,-76.01,13.4589,-100,82.49,21.01,2.198424,1.328675,7.5335,0.0903
4265,-100,-75.0,40,2.0,13.5,-75.26,14.2505,-100,82.92,20.5,2.243737,1.257022,5.8498,0.0855
4266,-100,-75.0,40,2.0,14.0,-75.47,14.4362,-100,83.62,19.65,2.268174,1.283722,6.1001,0.094
4267,-100,-75.0,40,2.25,1.0,-72.72,6.0022,-83,81.86,21.76,1.376239,1.326083,16.0145,0.0023
4268,-100,-75.0,40,2.25,1.5,-72.79,5.7188,-85,79.65,24.41,1.191429,1.272384,16.7088,0.0048
4269,-100,-75.0,40,2.25,2.0,-73.23,6.0466,-85,81.0,22.8,1.394926,1.082671,13.6107,0.0057
4271,-100,-75.0,40,2.25,3.0,-73.63,7.0126,-91,81.94,21.67,1.586828,1.263552,13.1238,0.0097
4270,-100,-75.0,40,2.25,2.5,-73.1,6.1917,-89,78.93,25.28,1.217556,1.469228,18.3424,0.0117
4272,-100,-75.0,40,2.25,3.5,-73.5,6.3663,-92,80.88,22.96,1.552667,1.384084,13.4312,0.0083
4273,-100,-75.0,40,2.25,4.0,-72.91,7.6721,-94,80.11,23.87,1.632326,1.280053,12.2865,0.0462
4275,-100,-75.0,40,2.25,5.0,-73.68,8.4885,-100,80.35,23.59,1.510217,1.404404,13.7549,0.023
4274,-100,-75.0,40,2.25,4.5,-73.55,7.901,-96,81.0,22.79,1.614277,1.262786,12.0492,0.0302
4276,-100,-75.0,40,2.25,5.5,-73.82,9.1471,-100,81.58,22.11,1.769865,1.406594,11.471,0.0467
4277,-100,-75.0,40,2.25,6.0,-73.22,8.7069,-100,81.41,22.31,1.90133,1.336007,8.8736,0.0601
4278,-100,-75.0,40,2.25,6.5,-73.29,9.3164,-100,82.37,21.16,2.034435,1.286907,7.835,0.0775
4279,-100,-75.0,40,2.25,7.0,-73.69,9.8547,-100,81.89,21.74,1.94706,1.354154,9.6196,0.0676
4280,-100,-75.0,40,2.25,7.5,-73.19,10.3444,-100,81.36,22.36,1.902711,1.400446,9.9667,0.0696
4281,-100,-75.0,40,2.25,8.0,-72.88,10.6283,-100,81.58,22.11,1.970696,1.342133,8.5403,0.0729
4282,-100,-75.0,40,2.25,8.5,-73.4,11.1017,-100,82.34,21.2,2.020876,1.704066,10.7033,0.0676
4283,-100,-75.0,40,2.25,9.0,-72.45,11.4311,-100,81.44,22.28,1.955677,1.345396,8.4668,0.0846
4284,-100,-75.0,40,2.25,9.5,-72.78,11.4634,-100,82.01,21.59,2.023905,1.299114,7.5354,0.0887
4285,-100,-75.0,40,2.25,10.0,-73.49,11.849,-100,81.53,22.16,1.919884,1.469755,9.6363,0.0781
4286,-100,-75.0,40,2.25,10.5,-73.54,12.864,-100,81.84,21.8,1.971267,1.37098,8.7862,0.0645
4287,-100,-75.0,40,2.25,11.0,-73.12,12.436,-100,81.66,22.01,2.039282,1.36834,8.1517,0.1046
4288,-100,-75.0,40,2.25,11.5,-73.0,13.2602,-100,81.27,22.47,2.016868,1.413095,8.9782,0.086
4289,-100,-75.0,40,2.25,12.0,-72.84,13.4716,-100,81.31,22.44,2.008707,1.263202,7.1782,0.1154
4290,-100,-75.0,40,2.25,12.5,-72.89,14.1606,-100,81.49,22.21,1.994327,1.258232,7.4582,0.1087
4291,-100,-75.0,40,2.25,13.0,-73.48,14.3125,-100,82.07,21.52,2.026282,1.262544,6.9315,0.0724
4293,-100,-75.0,40,2.25,14.0,-72.58,15.0246,-100,82.35,21.18,2.102319,1.272981,6.1704,0.0928
4292,-100,-75.0,40,2.25,13.5,-72.99,14.8006,-100,82.14,21.43,2.067062,1.544638,9.5666,0.0704
4294,-100,-75.0,40,2.5,1.0,-69.85,7.0025,-83,78.06,26.32,1.197111,0.929047,12.7539,0.0133
4296,-100,-75.0,40,2.5,2.0,-70.75,6.9343,-85,79.28,24.87,1.395454,1.069705,11.4005,0.0123
4295,-100,-75.0,40,2.5,1.5,-70.08,7.2795,-83,78.12,26.25,1.263041,1.06055,12.5603,0.0183
4297,-100,-75.0,40,2.5,2.5,-70.59,7.6937,-88,78.28,26.07,1.282935,1.36872,14.9507,0.0309
4298,-100,-75.0,40,2.5,3.0,-70.7,7.566,-89,78.01,26.39,1.357911,1.189254,12.4998,0.0273
4299,-100,-75.0,40,2.5,3.5,-70.35,8.0232,-90,78.56,25.74,1.46543,1.25673,10.9796,0.056
4300,-100,-75.0,40,2.5,4.0,-69.58,8.1907,-93,78.79,25.45,1.492535,1.044123,8.3111,0.0555
4301,-100,-75.0,40,2.5,4.5,-70.7,8.1945,-94,79.81,24.22,1.624352,1.287426,10.3447,0.0443
4302,-100,-75.0,40,2.5,5.0,-71.07,8.8784,-96,78.87,25.35,1.582158,1.35945,11.7007,0.0556
4303,-100,-75.0,40,2.5,5.5,-70.23,9.1991,-100,78.15,26.22,1.504045,1.237957,10.5481,0.074
4305,-100,-75.0,40,2.5,6.5,-70.01,9.6888,-100,80.32,23.61,1.737562,1.29064,8.4871,0.0738
4304,-100,-75.0,40,2.5,6.0,-70.29,9.4114,-100,79.78,24.27,1.655273,1.132404,7.8469,0.1045
4306,-100,-75.0,40,2.5,7.0,-70.67,10.3681,-100,79.75,24.3,1.723037,1.266519,8.5224,0.0783
4307,-100,-75.0,40,2.5,7.5,-70.64,10.4625,-100,80.1,23.88,1.689245,1.297803,9.1045,0.0696
4308,-100,-75.0,40,2.5,8.0,-70.28,10.8371,-100,79.61,24.47,1.740464,1.268023,8.5597,0.0916
4310,-100,-75.0,40,2.5,9.0,-70.57,11.4739,-100,80.18,23.79,1.816767,1.30273,9.4555,0.0886
4309,-100,-75.0,40,2.5,8.5,-70.14,10.9866,-100,79.86,24.17,1.735168,1.439999,8.9252,0.0586
4311,-100,-75.0,40,2.5,9.5,-70.37,12.2278,-100,80.32,23.61,1.825052,1.27208,8.0716,0.1002
4312,-100,-75.0,40,2.5,10.0,-69.68,12.6326,-100,80.61,23.28,1.802158,1.143132,6.7209,0.0949
4313,-100,-75.0,40,2.5,10.5,-70.26,13.2591,-100,80.44,23.46,1.811216,1.20606,7.1829,0.0763
4314,-100,-75.0,40,2.5,11.0,-70.2,13.0989,-100,80.69,23.17,1.820579,1.133182,6.4738,0.1187
4315,-100,-75.0,40,2.5,11.5,-70.2,13.9191,-100,80.57,23.32,1.839159,1.167467,7.12,0.119
4317,-100,-75.0,40,2.5,12.5,-70.47,14.0782,-100,80.94,22.87,1.894346,1.219871,6.424,0.0828
4316,-100,-75.0,40,2.5,12.0,-69.87,13.7161,-100,81.4,22.32,1.930238,1.160111,5.4563,0.0922
4318,-100,-75.0,40,2.5,13.0,-69.86,14.4303,-100,80.79,23.05,1.853604,1.194144,6.5772,0.1046
4320,-100,-75.0,40,2.5,14.0,-70.04,15.687,-100,80.88,22.95,1.896377,1.209007,6.7061,0.1086
4319,-100,-75.0,40,2.5,13.5,-70.5,15.3532,-100,80.33,23.6,1.853238,1.239831,7.8562,0.1011
4321,-100,-75.0,40,2.75,1.0,-67.83,7.4094,-82,78.29,26.05,1.26466,0.981647,11.4777,0.0191
4322,-100,-75.0,40,2.75,1.5,-67.76,7.9711,-81,78.03,26.37,1.255444,0.998372,9.3338,0.0554
4323,-100,-75.0,40,2.75,2.0,-67.91,8.0729,-83,77.28,27.27,1.233144,1.169805,11.0224,0.0288
4324,-100,-75.0,40,2.75,2.5,-67.39,8.1491,-86,77.74,26.71,1.288236,0.999202,8.1868,0.0612
4325,-100,-75.0,40,2.75,3.0,-67.92,8.0436,-88,78.5,25.8,1.461549,1.261134,10.3466,0.0399
4326,-100,-75.0,40,2.75,3.5,-67.65,8.1727,-91,78.7,25.56,1.382377,0.972174,7.7575,0.0669
4327,-100,-75.0,40,2.75,4.0,-67.29,8.5541,-93,78.02,26.37,1.368252,0.971549,7.1547,0.0553
4329,-100,-75.0,40,2.75,5.0,-67.75,9.1993,-95,77.39,27.12,1.35933,1.217616,9.2994,0.0724
4328,-100,-75.0,40,2.75,4.5,-67.67,8.6508,-94,77.58,26.9,1.330429,0.95842,7.7676,0.0688
4330,-100,-75.0,40,2.75,5.5,-67.72,9.7457,-97,78.18,26.19,1.541431,1.135813,8.0068,0.0932
4331,-100,-75.0,40,2.75,6.0,-68.24,10.1003,-100,78.64,25.63,1.481619,1.228504,8.6257,0.091
4332,-100,-75.0,40,2.75,6.5,-67.62,10.0003,-100,78.23,26.12,1.41249,1.336056,9.6381,0.0621
4333,-100,-75.0,40,2.75,7.0,-67.48,10.3858,-100,78.66,25.61,1.465969,1.042256,6.8662,0.0938
4334,-100,-75.0,40,2.75,7.5,-67.72,10.7818,-100,79.39,24.74,1.542676,1.045414,6.6663,0.1221
4335,-100,-75.0,40,2.75,8.0,-67.41,10.9728,-100,78.33,26.01,1.503027,1.145641,7.7418,0.0708
4337,-100,-75.0,40,2.75,9.0,-67.32,12.2322,-100,79.0,25.2,1.558446,1.202687,8.0127,0.0767
4336,-100,-75.0,40,2.75,8.5,-67.85,12.1224,-100,79.56,24.53,1.673165,1.107015,6.1824,0.1026
4338,-100,-75.0,40,2.75,9.5,-68.14,12.0725,-100,79.89,24.13,1.640119,0.975338,5.3389,0.1095
4339,-100,-75.0,40,2.75,10.0,-67.43,12.6891,-100,79.32,24.82,1.610561,1.111997,7.1816,0.094
4340,-100,-75.0,40,2.75,10.5,-66.77,12.9595,-100,79.89,24.13,1.628505,1.028364,5.3344,0.1092
4342,-100,-75.0,40,2.75,11.5,-67.73,14.0104,-100,80.18,23.78,1.767199,1.202606,5.8692,0.0944
4341,-100,-75.0,40,2.75,11.0,-67.42,13.3332,-100,80.24,23.71,1.670573,1.125654,6.6979,0.0977
4343,-100,-75.0,40,2.75,12.0,-67.63,14.3637,-100,80.38,23.54,1.741244,1.078062,5.8816,0.1184
4344,-100,-75.0,40,2.75,12.5,-67.28,14.7535,-100,79.68,24.38,1.656112,1.030599,5.5843,0.0871
4345,-100,-75.0,40,2.75,13.0,-67.2,15.0637,-100,80.72,23.13,1.791973,1.043284,5.2659,0.1223
4346,-100,-75.0,40,2.75,13.5,-67.54,15.4895,-100,79.78,24.27,1.71609,1.252365,7.7407,0.1134
4347,-100,-75.0,40,2.75,14.0,-67.79,15.9839,-100,79.95,24.06,1.743069,1.155879,6.2379,0.0929
4348,-100,-75.0,40,3.0,1.0,-64.57,9.2131,-78,77.14,27.44,1.202277,0.860292,5.8006,0.1294
4349,-100,-75.0,40,3.0,1.5,-64.67,8.3504,-82,77.63,26.84,1.184972,0.886652,6.8949,0.1139
4350,-100,-75.0,40,3.0,2.0,-64.63,8.6156,-83,77.78,26.66,1.180574,0.793994,4.827,0.132
4351,-100,-75.0,40,3.0,2.5,-65.08,8.8197,-85,76.24,28.51,1.159406,0.865634,6.0774,0.1132
4352,-100,-75.0,40,3.0,3.0,-64.71,8.9273,-85,77.59,26.89,1.29044,0.928117,6.6948,0.0774
4354,-100,-75.0,40,3.0,4.0,-64.71,8.8394,-91,76.49,28.21,1.173785,0.892174,6.8508,0.109
4353,-100,-75.0,40,3.0,3.5,-64.76,9.6528,-87,77.88,26.55,1.255897,0.911431,6.2169,0.1215
4355,-100,-75.0,40,3.0,4.5,-64.77,10.0692,-89,78.41,25.91,1.349872,0.906335,6.1411,0.1352
4356,-100,-75.0,40,3.0,5.0,-64.96,9.7603,-96,77.42,27.09,1.261506,0.916783,6.1392,0.0887
4357,-100,-75.0,40,3.0,5.5,-65.26,10.218,-95,78.59,25.69,1.347998,0.986227,6.419,0.114
4358,-100,-75.0,40,3.0,6.0,-64.75,10.9012,-94,78.48,25.82,1.343901,0.946094,6.2938,0.142
4359,-100,-75.0,40,3.0,6.5,-65.27,10.4668,-100,78.45,25.86,1.391442,0.992842,6.7116,0.1141
4361,-100,-75.0,40,3.0,7.5,-64.89,11.1302,-100,77.67,26.8,1.350334,0.967146,6.4052,0.1301
4360,-100,-75.0,40,3.0,7.0,-64.66,10.9718,-100,77.82,26.61,1.364123,0.876921,4.8732,0.1511
4362,-100,-75.0,40,3.0,8.0,-64.95,11.5981,-100,77.69,26.78,1.394893,0.992459,6.1917,0.1081
4363,-100,-75.0,40,3.0,8.5,-64.9,12.1747,-100,78.6,25.68,1.485368,1.025512,6.0294,0.0987
4364,-100,-75.0,40,3.0,9.0,-64.38,12.3387,-100,78.61,25.68,1.445972,1.14019,7.2526,0.0943
4365,-100,-75.0,40,3.0,9.5,-64.82,12.3933,-100,79.06,25.13,1.521914,0.976088,5.375,0.1134
4366,-100,-75.0,40,3.0,10.0,-64.92,13.1909,-100,79.27,24.88,1.551057,0.937598,4.1995,0.1173
4367,-100,-75.0,40,3.0,10.5,-64.68,13.7045,-100,78.35,25.99,1.437268,1.042198,6.4093,0.0867
4368,-100,-75.0,40,3.0,11.0,-65.14,14.0461,-100,77.65,26.82,1.478761,1.052546,7.0613,0.1284
4369,-100,-75.0,40,3.0,11.5,-64.13,14.1553,-100,78.42,25.89,1.4839,1.076602,6.5891,0.0988
4370,-100,-75.0,40,3.0,12.0,-64.48,14.8649,-100,78.68,25.58,1.48201,0.915814,5.3117,0.1447
4371,-100,-75.0,40,3.0,12.5,-64.59,14.9492,-100,77.94,26.48,1.547758,1.069077,6.697,0.1282
4372,-100,-75.0,40,3.0,13.0,-64.24,16.1047,-100,79.0,25.21,1.579729,1.02066,5.9817,0.1357
4373,-100,-75.0,40,3.0,13.5,-64.44,16.1655,-100,78.97,25.23,1.538152,1.063133,6.3344,0.1203
4374,-100,-75.0,40,3.0,14.0,-64.4,16.1827,-100,79.12,25.06,1.564573,1.191232,8.1299,0.1109
4375,-100,-75.0,40,3.25,1.0,-61.67,9.601,-79,76.52,28.17,1.021686,0.763092,6.1746,0.0785
4377,-100,-75.0,40,3.25,2.0,-62.04,9.4575,-81,76.79,27.84,1.093491,0.758034,4.9522,0.1575
4376,-100,-75.0,40,3.25,1.5,-61.83,9.8371,-78,75.98,28.83,1.006341,0.651486,3.369,0.1842
4378,-100,-75.0,40,3.25,2.5,-61.71,9.4091,-81,76.99,27.61,1.095509,0.698433,3.4914,0.1697
4380,-100,-75.0,40,3.25,3.5,-62.11,10.4968,-87,76.81,27.82,1.106689,0.867917,6.4974,0.1017
4379,-100,-75.0,40,3.25,3.0,-61.83,9.8248,-85,76.94,27.67,1.107577,0.725878,3.907,0.1463
4381,-100,-75.0,40,3.25,4.0,-61.29,10.8707,-87,76.57,28.12,1.097181,0.751807,4.6882,0.1581
4382,-100,-75.0,40,3.25,4.5,-61.8,10.618,-92,78.21,26.14,1.267624,0.85347,5.4554,0.1278
4383,-100,-75.0,40,3.25,5.0,-62.64,10.902,-92,77.31,27.23,1.234544,0.80726,4.8338,0.1412
4384,-100,-75.0,40,3.25,5.5,-61.52,11.307,-94,76.5,28.2,1.148615,0.774112,4.8186,0.139
4385,-100,-75.0,40,3.25,6.0,-61.91,10.9905,-94,77.8,26.64,1.256164,0.752944,3.2163,0.1666
4386,-100,-75.0,40,3.25,6.5,-62.37,11.2632,-99,77.61,26.87,1.308976,0.901509,5.8482,0.1122
4388,-100,-75.0,40,3.25,7.5,-61.98,11.8068,-98,77.52,26.98,1.285558,0.870033,5.4356,0.147
4387,-100,-75.0,40,3.25,7.0,-61.78,11.4657,-100,77.25,27.31,1.257632,0.8848,5.5659,0.1375
4389,-100,-75.0,40,3.25,8.0,-61.95,12.3018,-100,77.37,27.15,1.238253,0.879227,5.476,0.1068
4390,-100,-75.0,40,3.25,8.5,-61.83,13.1855,-100,78.21,26.14,1.26293,0.899323,5.6491,0.1425
4391,-100,-75.0,40,3.25,9.0,-62.05,12.4554,-100,77.89,26.53,1.327772,0.838841,4.158,0.1389
4392,-100,-75.0,40,3.25,9.5,-61.58,12.8079,-100,78.46,25.85,1.333639,0.823465,4.0068,0.1444
4393,-100,-75.0,40,3.25,10.0,-62.17,13.3233,-100,78.61,25.66,1.372561,0.892092,4.7573,0.1298
4394,-100,-75.0,40,3.25,10.5,-61.28,14.2018,-100,78.29,26.04,1.344733,0.875691,4.5305,0.1269
4395,-100,-75.0,40,3.25,11.0,-62.0,14.6266,-100,78.55,25.73,1.422277,0.980368,5.896,0.1298
4396,-100,-75.0,40,3.25,11.5,-61.95,14.5309,-100,78.82,25.41,1.488157,0.982674,5.6989,0.1153
4397,-100,-75.0,40,3.25,12.0,-61.24,15.0819,-100,78.52,25.77,1.430085,0.865201,3.9813,0.1265
4398,-100,-75.0,40,3.25,12.5,-61.79,15.3905,-100,77.81,26.64,1.384826,0.85151,4.1662,0.1465
4400,-100,-75.0,40,3.25,13.5,-61.59,16.2046,-100,79.14,25.03,1.481706,0.993533,5.31,0.1037
4399,-100,-75.0,40,3.25,13.0,-61.61,16.1143,-100,77.49,27.01,1.35092,1.076466,8.3204,0.1238
4401,-100,-75.0,40,3.25,14.0,-61.22,17.1237,-100,78.97,25.24,1.489249,0.893528,4.0293,0.1457
4402,-100,-75.0,40,3.5,1.0,-58.97,10.2993,-75,76.52,28.18,1.067199,0.748738,5.3017,0.1543
4404,-100,-75.0,40,3.5,2.0,-58.76,9.8529,-81,76.21,28.55,1.042821,0.675721,3.9144,0.167
4403,-100,-75.0,40,3.5,1.5,-58.85,10.0533,-78,77.12,27.46,1.05161,0.660647,2.8029,0.18
4405,-100,-75.0,40,3.5,2.5,-59.42,10.5107,-81,76.69,27.98,1.029154,0.67432,3.3024,0.1813
4406,-100,-75.0,40,3.5,3.0,-59.5,10.7782,-82,75.93,28.89,0.962885,0.687216,4.9217,0.1552
4407,-100,-75.0,40,3.5,3.5,-59.3,10.4804,-83,77.01,27.58,1.066845,0.690381,3.6587,0.1742
4408,-100,-75.0,40,3.5,4.0,-58.81,10.7111,-87,77.09,27.5,1.099793,0.714543,3.8288,0.1721
4409,-100,-75.0,40,3.5,4.5,-58.52,11.835,-91,77.3,27.23,1.157189,0.742839,3.9902,0.1476
4410,-100,-75.0,40,3.5,5.0,-59.08,11.3759,-89,76.56,28.13,1.052589,0.715876,4.2328,0.1654
4412,-100,-75.0,40,3.5,6.0,-59.15,11.6622,-96,77.36,27.16,1.217103,0.772112,4.3013,0.1582
4411,-100,-75.0,40,3.5,5.5,-59.12,11.0929,-88,76.15,28.63,1.057535,0.756677,5.3583,0.1258
4413,-100,-75.0,40,3.5,6.5,-58.83,11.8745,-96,77.4,27.12,1.132839,0.738969,4.3167,0.1511
4414,-100,-75.0,40,3.5,7.0,-59.73,12.3106,-99,77.11,27.46,1.161662,0.853658,7.0626,0.1301
4416,-100,-75.0,40,3.5,8.0,-59.08,13.4087,-100,76.79,27.86,1.220562,0.922596,7.0518,0.1062
4415,-100,-75.0,40,3.5,7.5,-58.73,12.2566,-97,76.55,28.12,1.145093,0.750251,4.3758,0.1789
4417,-100,-75.0,40,3.5,8.5,-59.03,12.7448,-100,77.16,27.41,1.154357,0.876298,6.3917,0.1051
4418,-100,-75.0,40,3.5,9.0,-59.25,13.6003,-100,77.26,27.29,1.238161,0.884937,5.9985,0.1355
4419,-100,-75.0,40,3.5,9.5,-59.33,14.1619,-100,77.78,26.67,1.22702,0.888616,5.6908,0.1206
4420,-100,-75.0,40,3.5,10.0,-59.22,14.0938,-100,77.59,26.9,1.203664,0.788467,4.4434,0.131
4421,-100,-75.0,40,3.5,10.5,-58.23,14.7924,-100,77.22,27.33,1.232996,0.803007,4.7176,0.1315
4422,-100,-75.0,40,3.5,11.0,-58.77,14.7042,-100,77.45,27.07,1.260767,0.867074,5.3294,0.1256
4423,-100,-75.0,40,3.5,11.5,-58.67,15.834,-100,76.43,28.29,1.2288,0.850103,5.2639,0.1281
4424,-100,-75.0,40,3.5,12.0,-58.56,15.9322,-100,77.62,26.86,1.282242,0.893946,5.5044,0.1251
4425,-100,-75.0,40,3.5,12.5,-58.65,15.6877,-100,77.92,26.5,1.272161,0.791145,3.7816,0.1564
4426,-100,-75.0,40,3.5,13.0,-58.44,16.3341,-100,78.21,26.15,1.330939,0.862174,4.5929,0.1174
4427,-100,-75.0,40,3.5,13.5,-58.63,16.8814,-100,77.45,27.06,1.328973,0.975713,6.8158,0.1186
4428,-100,-75.0,40,3.5,14.0,-58.96,16.7362,-100,76.94,27.67,1.292107,0.803711,4.0287,0.147
4429,-100,-75.0,40,3.75,1.0,-56.19,10.9419,-73,76.11,28.67,0.99597,0.64628,3.5082,0.1643
4430,-100,-75.0,40,3.75,1.5,-55.92,10.8425,-74,75.97,28.83,0.978315,0.628974,3.2146,0.1999
4431,-100,-75.0,40,3.75,2.0,-55.84,10.5911,-77,76.66,28.01,0.992852,0.622721,2.7164,0.186
4432,-100,-75.0,40,3.75,2.5,-56.52,10.2944,-78,76.43,28.29,1.043113,0.757787,5.7612,0.1423
4434,-100,-75.0,40,3.75,3.5,-55.83,10.9429,-83,76.76,27.9,1.060578,0.727605,5.1201,0.1583
4433,-100,-75.0,40,3.75,3.0,-56.47,10.9882,-83,77.08,27.5,1.070357,0.678893,3.7452,0.1764
4435,-100,-75.0,40,3.75,4.0,-56.29,11.9199,-84,75.73,29.12,0.992362,0.633513,3.1349,0.1756
4436,-100,-75.0,40,3.75,4.5,-56.5,11.6658,-84,75.87,28.96,0.977408,0.63241,3.5926,0.1835
4437,-100,-75.0,40,3.75,5.0,-56.51,11.5756,-88,76.2,28.57,1.02381,0.703549,5.094,0.1513
4438,-100,-75.0,40,3.75,5.5,-55.87,11.8398,-89,76.66,28.0,1.05743,0.633463,2.0817,0.2017
4439,-100,-75.0,40,3.75,6.0,-56.59,12.7827,-92,76.96,27.65,1.068388,0.690522,3.4221,0.1664
4440,-100,-75.0,40,3.75,6.5,-55.99,12.4538,-90,76.09,28.69,1.038428,0.675832,3.3793,0.1729
4441,-100,-75.0,40,3.75,7.0,-56.19,12.9288,-94,77.04,27.56,1.090129,0.66222,2.258,0.1865
4442,-100,-75.0,40,3.75,7.5,-55.94,13.2417,-100,77.11,27.47,1.152146,0.739993,4.0712,0.162
4443,-100,-75.0,40,3.75,8.0,-55.97,13.6352,-98,76.85,27.79,1.080183,0.802104,6.2069,0.1172
4444,-100,-75.0,40,3.75,8.5,-56.39,13.6289,-100,76.61,28.07,1.079338,0.731435,5.0243,0.1618
4446,-100,-75.0,40,3.75,9.5,-56.07,14.0563,-100,76.97,27.64,1.121927,0.706025,3.3585,0.1763
4445,-100,-75.0,40,3.75,9.0,-56.18,13.6942,-100,77.16,27.42,1.145237,0.735162,3.7839,0.1814
4448,-100,-75.0,40,3.75,10.5,-56.3,15.3867,-100,77.4,27.11,1.169519,0.764814,4.5336,0.1569
4447,-100,-75.0,40,3.75,10.0,-55.98,14.6196,-100,77.08,27.49,1.115015,0.713755,3.4281,0.1743
4449,-100,-75.0,40,3.75,11.0,-56.35,15.1224,-100,77.4,27.12,1.176205,0.679875,1.9927,0.1821
4450,-100,-75.0,40,3.75,11.5,-55.95,15.8773,-100,77.83,26.6,1.183466,0.808595,4.9251,0.1332
4451,-100,-75.0,40,3.75,12.0,-56.49,16.1939,-100,77.52,26.98,1.208708,0.743917,3.2397,0.1582
4452,-100,-75.0,40,3.75,12.5,-56.13,16.3545,-100,77.28,27.27,1.218723,0.805358,4.8648,0.1414
4453,-100,-75.0,40,3.75,13.0,-55.7,16.7711,-100,77.74,26.72,1.231934,0.747585,3.3746,0.1634
4454,-100,-75.0,40,3.75,13.5,-55.73,17.2553,-100,77.59,26.89,1.241624,0.749025,3.3782,0.1658
4455,-100,-75.0,40,3.75,14.0,-56.01,17.8736,-100,77.94,26.46,1.301009,0.796203,3.7944,0.1528
4458,-100,-75.0,40,4.0,2.0,-53.15,11.8118,-74,76.94,27.67,1.056854,0.783075,5.8953,0.1458
4457,-100,-75.0,40,4.0,1.5,-53.42,11.1523,-73,75.82,29.01,0.953895,0.597829,2.0822,0.1986
4456,-100,-75.0,40,4.0,1.0,-53.35,11.6616,-71,76.12,28.65,0.993577,0.619528,2.5266,0.2009
4460,-100,-75.0,40,4.0,3.0,-53.89,11.9549,-78,76.24,28.51,0.997671,0.690626,4.8652,0.1637
4459,-100,-75.0,40,4.0,2.5,-53.63,12.1316,-76,76.78,27.86,1.040001,0.66696,3.5804,0.1533
4461,-100,-75.0,40,4.0,3.5,-53.03,12.2337,-82,75.92,28.89,0.970129,0.672967,4.5477,0.1557
4462,-100,-75.0,40,4.0,4.0,-52.99,12.1498,-82,76.4,28.33,1.032277,0.724144,4.9265,0.1649
4463,-100,-75.0,40,4.0,4.5,-53.45,12.5783,-83,76.01,28.78,0.968482,0.622917,2.9491,0.1834
4464,-100,-75.0,40,4.0,5.0,-53.26,12.1426,-85,76.11,28.66,1.080815,0.771782,5.9231,0.1692
4465,-100,-75.0,40,4.0,5.5,-53.37,11.8964,-86,76.24,28.51,1.01091,0.682116,4.4791,0.1595
4466,-100,-75.0,40,4.0,6.0,-53.21,12.9934,-88,76.59,28.09,1.014891,0.68491,4.2157,0.1641
4467,-100,-75.0,40,4.0,6.5,-52.97,13.1826,-96,76.37,28.35,1.013218,0.674375,4.4603,0.1799
4469,-100,-75.0,40,4.0,7.5,-53.09,13.4137,-92,75.38,29.54,0.981118,0.664995,4.2797,0.1522
4468,-100,-75.0,40,4.0,7.0,-53.65,13.4249,-90,76.06,28.73,1.027376,0.654973,3.4597,0.1799
4470,-100,-75.0,40,4.0,8.0,-52.94,14.036,-94,76.68,27.99,1.040199,0.663507,2.8623,0.1825
4471,-100,-75.0,40,4.0,8.5,-53.35,14.2744,-100,76.18,28.59,1.039849,0.656398,3.4126,0.1825
4472,-100,-75.0,40,4.0,9.0,-53.18,14.6719,-97,76.79,27.84,1.078275,0.678377,3.037,0.1827
4474,-100,-75.0,40,4.0,10.0,-52.79,15.3771,-100,76.99,27.61,1.08047,0.70431,4.2323,0.1575
4473,-100,-75.0,40,4.0,9.5,-52.85,14.5916,-100,77.17,27.4,1.099563,0.683948,3.6314,0.1654
4476,-100,-75.0,40,4.0,11.0,-52.74,16.1811,-100,77.36,27.17,1.13688,0.755518,4.6553,0.1391
4475,-100,-75.0,40,4.0,10.5,-52.76,15.1365,-100,76.88,27.75,1.115044,0.652632,1.6406,0.2007
4477,-100,-75.0,40,4.0,11.5,-53.25,16.0792,-100,77.14,27.44,1.143992,0.733976,4.0276,0.161
4478,-100,-75.0,40,4.0,12.0,-53.03,16.7007,-100,77.82,26.62,1.178967,0.747917,4.0577,0.1666
4479,-100,-75.0,40,4.0,12.5,-53.32,16.8589,-100,77.38,27.13,1.19373,0.737387,3.7447,0.1547
4481,-100,-75.0,40,4.0,13.5,-53.41,17.6763,-100,77.55,26.95,1.17279,0.77285,3.9389,0.169
4480,-100,-75.0,40,4.0,13.0,-53.28,17.348,-100,76.89,27.74,1.177964,0.886647,6.3232,0.1089
4482,-100,-75.0,40,4.0,14.0,-53.3,17.9031,-100,76.97,27.63,1.18093,0.730401,3.4017,0.1839
4483,-100,-75.0,40,4.25,1.0,-50.33,12.2411,-70,75.37,29.56,0.913651,0.588643,3.0446,0.184
4484,-100,-75.0,40,4.25,1.5,-50.18,12.1081,-71,76.05,28.74,0.995136,0.658313,3.8476,0.1775
4485,-100,-75.0,40,4.25,2.0,-50.32,12.6161,-72,76.02,28.77,0.948919,0.609688,3.1722,0.1761
4486,-100,-75.0,40,4.25,2.5,-49.99,12.5721,-75,76.25,28.51,0.959131,0.581013,1.884,0.2023
4487,-100,-75.0,40,4.25,3.0,-50.04,12.9727,-77,76.12,28.65,0.979487,0.649738,3.8599,0.1528
4488,-100,-75.0,40,4.25,3.5,-50.4,12.5211,-80,75.97,28.83,0.977245,0.657286,4.5886,0.157
4489,-100,-75.0,40,4.25,4.0,-50.58,12.9763,-81,76.21,28.55,0.979197,0.64497,3.2873,0.1747
4490,-100,-75.0,40,4.25,4.5,-50.8,13.2019,-80,76.5,28.2,0.984164,0.676549,4.7998,0.1446
4491,-100,-75.0,40,4.25,5.0,-50.54,13.1712,-83,76.29,28.46,1.000586,0.6448,3.8602,0.178
4492,-100,-75.0,40,4.25,5.5,-50.33,13.1156,-89,75.45,29.46,0.96296,0.586304,1.588,0.2165
4493,-100,-75.0,40,4.25,6.0,-50.74,13.5336,-90,76.65,28.02,1.037534,0.682042,4.5139,0.1626
4494,-100,-75.0,40,4.25,6.5,-50.55,13.4263,-87,76.5,28.2,1.048038,0.690176,4.6796,0.1707
4495,-100,-75.0,40,4.25,7.0,-50.58,14.3756,-90,76.57,28.12,1.018197,0.666328,3.7865,0.1847
4496,-100,-75.0,40,4.25,7.5,-51.06,14.4179,-93,77.02,27.57,1.070373,0.717559,5.0425,0.1541
4497,-100,-75.0,40,4.25,8.0,-50.27,14.9905,-92,76.94,27.67,1.060572,0.709092,4.339,0.1618
4498,-100,-75.0,40,4.25,8.5,-50.35,15.0271,-96,76.42,28.3,1.044049,0.649756,2.7367,0.1934
4499,-100,-75.0,40,4.25,9.0,-49.9,15.128,-99,76.84,27.79,1.084032,0.753373,5.2001,0.1206
4500,-100,-75.0,40,4.25,9.5,-49.91,15.3696,-100,76.08,28.71,1.043105,0.676954,3.8128,0.1775
4501,-100,-75.0,40,4.25,10.0,-50.26,16.1711,-100,76.0,28.8,1.050505,0.700623,4.6753,0.1687
4502,-100,-75.0,40,4.25,10.5,-50.19,16.2233,-100,76.6,28.1,1.053737,0.673744,3.3671,0.1513
4503,-100,-75.0,40,4.25,11.0,-50.03,15.9409,-100,76.38,28.35,1.053723,0.649215,2.7205,0.181
4504,-100,-75.0,40,4.25,11.5,-50.37,16.9512,-100,76.87,27.76,1.109952,0.681293,2.6378,0.1771
4505,-100,-75.0,40,4.25,12.0,-50.14,17.1014,-100,77.27,27.27,1.099083,0.724502,4.6716,0.149
4506,-100,-75.0,40,4.25,12.5,-50.43,17.946,-100,76.62,28.05,1.082104,0.698154,3.6037,0.1534
4507,-100,-75.0,40,4.25,13.0,-49.99,17.5884,-100,76.54,28.14,1.108408,0.853398,7.3026,0.1148
4508,-100,-75.0,40,4.25,13.5,-51.04,17.9118,-100,76.72,27.93,1.125676,0.67707,2.4191,0.1821
4509,-100,-75.0,40,4.25,14.0,-49.7,18.6505,-100,77.19,27.37,1.122309,0.744015,4.2258,0.1512
4510,-100,-75.0,40,4.5,1.0,-47.23,12.8157,-68,76.07,28.72,0.985317,0.635939,3.301,0.1707
4511,-100,-75.0,40,4.5,1.5,-47.4,13.1979,-67,76.34,28.39,0.955165,0.629593,3.4943,0.1625
4512,-100,-75.0,40,4.5,2.0,-47.66,13.3479,-72,76.0,28.8,0.947607,0.619875,3.5482,0.1729
4513,-100,-75.0,40,4.5,2.5,-47.98,13.6297,-73,76.63,28.05,1.056777,0.798599,6.3103,0.1312
4514,-100,-75.0,40,4.5,3.0,-47.72,13.3108,-76,76.79,27.86,0.998451,0.642031,3.4439,0.1591
4515,-100,-75.0,40,4.5,3.5,-47.52,13.1833,-76,75.12,29.85,0.937271,0.628373,4.1694,0.1824
4516,-100,-75.0,40,4.5,4.0,-47.52,13.6177,-80,76.47,28.23,1.011519,0.677875,4.3757,0.1698
4517,-100,-75.0,40,4.5,4.5,-47.62,13.3236,-84,75.99,28.82,0.976952,0.664565,4.476,0.1602
4518,-100,-75.0,40,4.5,5.0,-47.17,13.9605,-80,76.4,28.32,0.975607,0.639185,3.5291,0.1795
4520,-100,-75.0,40,4.5,6.0,-47.47,14.0926,-87,75.8,29.05,0.940202,0.603586,2.9613,0.1839
4519,-100,-75.0,40,4.5,5.5,-47.44,14.3432,-83,75.8,29.04,0.909623,0.620767,4.3529,0.1825
4521,-100,-75.0,40,4.5,6.5,-47.32,14.8597,-94,75.92,28.9,0.96066,0.610249,2.9457,0.1868
4523,-100,-75.0,40,4.5,7.5,-47.26,15.3637,-95,75.8,29.05,1.015404,0.720262,5.5669,0.1494
4522,-100,-75.0,40,4.5,7.0,-47.71,14.6709,-88,76.35,28.38,1.00814,0.64485,2.9138,0.1826
4524,-100,-75.0,40,4.5,8.0,-47.84,14.8206,-91,76.2,28.57,0.973155,0.630952,3.492,0.1669
4525,-100,-75.0,40,4.5,8.5,-47.15,15.4506,-100,75.84,28.99,0.976452,0.598963,2.4392,0.205
4526,-100,-75.0,40,4.5,9.0,-47.07,15.3062,-97,76.72,27.93,0.994481,0.679655,4.24,0.1682
4527,-100,-75.0,40,4.5,9.5,-47.28,15.9188,-99,76.18,28.59,0.998657,0.648323,3.6211,0.1707
4528,-100,-75.0,40,4.5,10.0,-47.34,16.3005,-100,76.42,28.29,0.999592,0.651531,3.5356,0.1564
4529,-100,-75.0,40,4.5,10.5,-47.69,16.7962,-100,76.88,27.74,1.006864,0.68586,4.953,0.1438
4530,-100,-75.0,40,4.5,11.0,-46.99,16.474,-100,76.18,28.58,1.042279,0.715742,4.8337,0.1649
4531,-100,-75.0,40,4.5,11.5,-47.54,17.3589,-100,76.39,28.33,1.062009,0.729619,5.3273,0.152
4532,-100,-75.0,40,4.5,12.0,-46.92,17.4323,-100,77.01,27.59,1.078912,0.686306,3.9038,0.1385
4533,-100,-75.0,40,4.5,12.5,-47.39,18.3584,-100,76.5,28.21,1.106773,0.756978,5.2927,0.1371
4534,-100,-75.0,40,4.5,13.0,-47.35,18.6239,-100,76.59,28.1,1.09714,0.726286,4.7344,0.1603
4535,-100,-75.0,40,4.5,13.5,-47.35,19.3017,-100,77.4,27.13,1.115426,0.705415,3.8066,0.177
4536,-100,-75.0,40,4.5,14.0,-47.23,19.07,-100,76.52,28.18,1.108982,0.703354,3.231,0.1703
4537,-100,-75.0,40,4.75,1.0,-44.87,12.9904,-68,75.98,28.84,0.964342,0.634867,3.7004,0.1854
4538,-100,-75.0,40,4.75,1.5,-44.44,13.4157,-66,76.59,28.1,1.002784,0.725651,5.5958,0.1416
4539,-100,-75.0,40,4.75,2.0,-44.35,13.8126,-68,75.71,29.15,0.94932,0.593706,2.4972,0.1921
4540,-100,-75.0,40,4.75,2.5,-44.39,13.6597,-69,76.23,28.53,0.994211,0.655086,3.9524,0.1541
4541,-100,-75.0,40,4.75,3.0,-44.55,13.9488,-72,75.51,29.39,0.989008,0.611847,2.5458,0.2047
4542,-100,-75.0,40,4.75,3.5,-44.53,14.4316,-76,76.06,28.73,0.949992,0.596075,2.6421,0.1933
4543,-100,-75.0,40,4.75,4.0,-44.35,13.913,-76,76.06,28.73,0.958024,0.587904,1.8357,0.2161
4544,-100,-75.0,40,4.75,4.5,-44.19,14.4527,-79,76.51,28.2,1.008313,0.661295,3.9598,0.1551
4545,-100,-75.0,40,4.75,5.0,-44.72,14.601,-79,76.43,28.28,1.018859,0.651705,3.3887,0.1638
4546,-100,-75.0,40,4.75,5.5,-44.77,14.8663,-82,76.27,28.48,1.003245,0.656194,3.5542,0.1658
4547,-100,-75.0,40,4.75,6.0,-44.71,14.5879,-80,76.47,28.23,0.963216,0.591854,2.1984,0.1924
4548,-100,-75.0,40,4.75,6.5,-44.45,15.311,-83,76.95,27.66,1.033486,0.699689,4.3106,0.1493
4549,-100,-75.0,40,4.75,7.0,-44.63,14.7699,-88,76.41,28.3,0.995406,0.655875,3.9867,0.1647
4550,-100,-75.0,40,4.75,7.5,-44.49,14.8539,-89,76.5,28.2,1.024239,0.662953,4.0639,0.1653
4551,-100,-75.0,40,4.75,8.0,-44.32,15.7997,-100,75.92,28.89,0.987717,0.662103,4.135,0.1687
4552,-100,-75.0,40,4.75,8.5,-44.49,15.9357,-94,76.88,27.74,1.031162,0.660301,3.03,0.1639
4553,-100,-75.0,40,4.75,9.0,-44.77,15.6456,-93,75.98,28.82,0.967837,0.63572,3.7662,0.1821
4554,-100,-75.0,40,4.75,9.5,-44.47,16.137,-94,76.14,28.63,1.026512,0.654053,3.0368,0.1779
4555,-100,-75.0,40,4.75,10.0,-44.5,17.0567,-99,76.64,28.04,1.003654,0.637237,3.3127,0.1667
4556,-100,-75.0,40,4.75,10.5,-44.47,17.2295,-100,75.9,28.92,0.98802,0.62025,3.0164,0.1707
4558,-100,-75.0,40,4.75,11.5,-44.57,18.255,-100,76.47,28.24,1.029811,0.722383,5.2271,0.1443
4557,-100,-75.0,40,4.75,11.0,-44.51,17.2246,-100,76.13,28.65,0.994412,0.599327,2.013,0.2032
4559,-100,-75.0,40,4.75,12.0,-45.13,18.0773,-100,76.3,28.44,1.004977,0.630877,3.014,0.1895
4561,-100,-75.0,40,4.75,13.0,-44.95,18.9968,-100,76.79,27.85,1.082262,0.801144,6.0143,0.1303
4560,-100,-75.0,40,4.75,12.5,-44.73,18.8418,-100,76.48,28.22,0.9988,0.678442,4.5733,0.1696
4562,-100,-75.0,40,4.75,13.5,-44.08,18.8277,-100,75.85,28.98,1.058636,0.739482,5.1904,0.1364
4563,-100,-75.0,40,4.75,14.0,-44.52,19.3725,-100,76.58,28.1,1.015288,0.6272,2.5709,0.1956
4564,-100,-75.0,40,5.0,1.0,-41.82,14.4144,-62,75.58,29.3,1.028693,0.854891,8.1266,0.131
4565,-100,-75.0,40,5.0,1.5,-42.19,14.6269,-66,75.91,28.92,0.94808,0.603719,3.1602,0.1803
4566,-100,-75.0,40,5.0,2.0,-41.68,13.9318,-67,76.34,28.4,0.970656,0.598245,1.9207,0.1958
4567,-100,-75.0,40,5.0,2.5,-41.52,15.2726,-66,76.42,28.3,1.006705,0.614857,2.471,0.1912
4568,-100,-75.0,40,5.0,3.0,-41.82,15.2566,-72,76.29,28.44,1.036119,0.68089,4.3696,0.1562
4570,-100,-75.0,40,5.0,4.0,-42.08,15.1559,-75,76.1,28.68,0.938676,0.591098,2.2366,0.1947
4571,-100,-75.0,40,5.0,4.5,-41.18,15.3432,-75,76.29,28.46,0.973829,0.627334,3.5289,0.1817
4569,-100,-75.0,40,5.0,3.5,-42.31,15.1825,-73,75.54,29.36,0.945203,0.651063,4.6959,0.1481
4572,-100,-75.0,40,5.0,5.0,-41.55,15.0688,-81,75.63,29.24,0.935711,0.583025,2.2189,0.1894
4573,-100,-75.0,40,5.0,5.5,-41.89,15.0407,-83,77.18,27.39,1.028855,0.679725,4.127,0.1504
4574,-100,-75.0,40,5.0,6.0,-41.83,15.8365,-80,75.61,29.27,0.982483,0.659501,4.5574,0.1698
4575,-100,-75.0,40,5.0,6.5,-41.95,15.2864,-84,75.8,29.04,0.952651,0.614311,3.6676,0.1637
4576,-100,-75.0,40,5.0,7.0,-41.64,16.2629,-87,76.36,28.37,0.997646,0.710656,5.4528,0.1362
4577,-100,-75.0,40,5.0,7.5,-41.59,16.5137,-87,75.8,29.04,1.002049,0.648965,4.0839,0.1793
4578,-100,-75.0,40,5.0,8.0,-41.98,16.3871,-85,75.99,28.81,0.967202,0.62735,3.5542,0.2011
4579,-100,-75.0,40,5.0,8.5,-41.94,16.3172,-94,76.09,28.69,1.006957,0.630033,2.9041,0.1823
4580,-100,-75.0,40,5.0,9.0,-41.97,16.6912,-92,75.73,29.13,0.960833,0.623008,3.8941,0.1794
4581,-100,-75.0,40,5.0,9.5,-41.45,17.158,-93,76.77,27.87,1.130607,0.819351,6.4423,0.1559
4583,-100,-75.0,40,5.0,10.5,-41.48,17.8673,-100,76.04,28.75,0.96885,0.599477,2.6973,0.1871
4582,-100,-75.0,40,5.0,10.0,-41.92,17.4669,-100,75.68,29.19,0.985055,0.649247,3.8875,0.1583
4584,-100,-75.0,40,5.0,11.0,-41.21,18.0766,-99,76.32,28.43,1.101522,0.78341,6.1143,0.159
4585,-100,-75.0,40,5.0,11.5,-41.2,18.7401,-100,76.99,27.61,1.001695,0.630928,3.1177,0.1718
4591,-100,-70.0,40,1.0,1.0,-82.0,0.0,-82,100.0,0.0,1.641607,0.0,0.0024,0.0
4592,-100,-70.0,40,1.0,1.5,,,,100.0,0.0,0.0,0.0,0.0,0.0
4586,-100,-75.0,40,5.0,12.0,-41.6,19.6668,-100,75.84,28.99,1.079233,0.818595,6.6149,0.1388
4587,-100,-75.0,40,5.0,12.5,-41.76,19.0367,-100,76.33,28.4,1.022539,0.63213,2.5894,0.1967
4593,-100,-70.0,40,1.0,2.0,-79.56,1.8922,-82,99.99,0.01,2.950224,0.451983,0.0219,0.0
4594,-100,-70.0,40,1.0,2.5,-80.25,0.8165,-81,100.0,0.0,4.301669,1.723298,0.0053,0.0
4595,-100,-70.0,40,1.0,3.0,-80.27,2.2564,-84,99.99,0.01,3.583812,1.212763,0.0389,0.0
4589,-100,-75.0,40,5.0,13.5,-41.7,19.3113,-100,76.11,28.67,0.977384,0.669281,4.6282,0.1819
4588,-100,-75.0,40,5.0,13.0,-41.56,19.8357,-100,76.44,28.28,1.018678,0.656776,3.4406,0.1757
4596,-100,-70.0,40,1.0,3.5,-83.87,4.3139,-89,99.99,0.01,3.331484,1.954199,0.0185,0.0
4597,-100,-70.0,40,1.0,4.0,-84.39,4.7318,-91,99.94,0.07,2.998942,0.76748,0.2155,0.0
4590,-100,-75.0,40,5.0,14.0,-41.42,19.8017,-100,75.86,28.98,0.987383,0.647441,3.9056,0.1601
4598,-100,-70.0,40,1.0,4.5,-84.99,4.4062,-93,99.93,0.08,3.255401,0.769587,0.1546,0.0
4599,-100,-70.0,40,1.0,5.0,-86.57,6.1169,-99,99.69,0.38,3.416017,0.939826,1.0308,0.0
4600,-100,-70.0,40,1.0,5.5,-87.19,5.874,-100,99.6,0.47,2.736878,1.018454,0.9215,0.0
4601,-100,-70.0,40,1.0,6.0,-86.47,6.5768,-100,99.45,0.66,3.401803,0.956136,0.9634,0.0
4602,-100,-70.0,40,1.0,6.5,-87.18,6.5317,-100,99.34,0.8,3.086912,1.104571,0.995,0.0003
4603,-100,-70.0,40,1.0,7.0,-87.36,7.3398,-100,99.19,0.98,3.82579,1.759767,0.9344,0.0006
4604,-100,-70.0,40,1.0,7.5,-87.57,7.5942,-100,98.79,1.46,2.586082,1.32838,1.5605,0.0009
4605,-100,-70.0,40,1.0,8.0,-86.35,8.222,-100,98.29,2.05,2.576065,1.330299,2.4183,0.0017
4606,-100,-70.0,40,1.0,8.5,-86.53,8.3206,-100,97.57,2.92,2.583036,1.266244,2.5116,0.0028
4607,-100,-70.0,40,1.0,9.0,-86.09,8.8123,-100,97.32,3.22,2.893655,1.121078,2.0216,0.0054
4608,-100,-70.0,40,1.0,9.5,-86.58,9.1135,-100,96.95,3.65,2.804092,1.089807,2.2485,0.0087
4609,-100,-70.0,40,1.0,10.0,-86.58,9.5121,-100,96.72,3.94,2.843354,1.047118,1.7815,0.0125
4610,-100,-70.0,40,1.0,10.5,-85.76,10.2461,-100,95.88,4.94,3.047885,1.243278,2.827,0.0106
4611,-100,-70.0,40,1.0,11.0,-86.06,10.2516,-100,95.16,5.81,2.715736,1.041107,3.1273,0.0096
4612,-100,-70.0,40,1.0,11.5,-85.56,10.3904,-100,94.48,6.62,2.698415,0.985243,3.1824,0.0281
4613,-100,-70.0,40,1.0,12.0,-85.97,10.736,-100,94.5,6.6,2.818484,0.994418,2.6189,0.0224
4614,-100,-70.0,40,1.0,12.5,-86.15,11.2111,-100,94.3,6.84,2.836682,1.036758,3.0981,0.0226
4618,-100,-70.0,40,1.25,1.0,-75.91,1.3735,-79,99.97,0.03,2.989229,0.66933,0.0937,0.0
4615,-100,-70.0,40,1.0,13.0,-85.22,11.5138,-100,93.26,8.09,2.669939,1.059715,3.7002,0.0333
4619,-100,-70.0,40,1.25,1.5,-78.86,1.9805,-84,99.96,0.05,2.097515,0.959411,0.1672,0.0
4616,-100,-70.0,40,1.0,13.5,-85.18,11.7282,-100,92.74,8.71,2.557071,1.112398,3.8332,0.025
4620,-100,-70.0,40,1.25,2.0,-77.78,1.9444,-81,99.98,0.02,4.111957,3.263859,0.0562,0.0
4617,-100,-70.0,40,1.0,14.0,-85.09,12.0407,-100,92.26,9.29,2.664238,1.082365,2.6683,0.0398
4621,-100,-70.0,40,1.25,2.5,-78.4,2.61,-83,99.84,0.2,2.337389,0.807711,0.6663,0.0
4622,-100,-70.0,40,1.25,3.0,-78.42,3.338,-87,99.68,0.39,2.96836,1.10638,0.9428,0.0
4623,-100,-70.0,40,1.25,3.5,-80.77,4.5119,-90,99.58,0.5,3.545675,1.040779,1.565,0.0
4624,-100,-70.0,40,1.25,4.0,-83.08,4.5571,-91,99.52,0.58,3.888709,0.993736,1.1533,0.0
4625,-100,-70.0,40,1.25,4.5,-84.07,4.7714,-95,99.09,1.09,2.502023,1.277613,2.1317,0.0
4626,-100,-70.0,40,1.25,5.0,-84.92,5.5667,-99,99.45,0.66,3.851232,1.884387,0.9247,0.0
4627,-100,-70.0,40,1.25,5.5,-83.51,6.0063,-100,98.49,1.81,2.619867,1.387638,2.9503,0.0001
4628,-100,-70.0,40,1.25,6.0,-83.42,6.4567,-100,97.99,2.41,2.673871,1.644186,3.5984,0.0006
4629,-100,-70.0,40,1.25,6.5,-84.41,7.2638,-100,98.17,2.2,3.58138,1.607735,2.3458,0.0012
4630,-100,-70.0,40,1.25,7.0,-84.11,7.8314,-100,97.13,3.45,2.612178,1.291702,4.3028,0.0014
4631,-100,-70.0,40,1.25,7.5,-84.65,8.0164,-100,97.37,3.15,3.316999,1.720456,2.7284,0.0014
4632,-100,-70.0,40,1.25,8.0,-84.39,8.4341,-100,96.79,3.85,3.082555,1.267132,3.1612,0.0046
4633,-100,-70.0,40,1.25,8.5,-83.67,8.8712,-100,96.08,4.7,3.063087,1.125925,3.0769,0.0059
4634,-100,-70.0,40,1.25,9.0,-84.22,9.4512,-100,95.87,4.95,3.073442,1.25692,3.51,0.0095
4635,-100,-70.0,40,1.25,9.5,-84.1,9.5577,-100,95.91,4.9,3.385147,2.710469,2.8545,0.0047
4636,-100,-70.0,40,1.25,10.0,-83.99,10.1231,-100,94.28,6.86,2.679351,1.217547,4.5908,0.0111
4637,-100,-70.0,40,1.25,10.5,-83.95,10.3349,-100,94.16,7.01,2.969477,0.909255,2.9032,0.0204
4638,-100,-70.0,40,1.25,11.0,-83.63,10.8368,-100,93.2,8.17,2.878404,0.943933,3.4927,0.0283
4639,-100,-70.0,40,1.25,11.5,-83.75,10.962,-100,93.27,8.07,2.868341,1.570258,3.7211,0.0155
4640,-100,-70.0,40,1.25,12.0,-83.6,11.8483,-100,92.7,8.76,2.821198,1.447362,5.6405,0.0231
4641,-100,-70.0,40,1.25,12.5,-83.01,11.9463,-100,92.28,9.26,2.934397,1.363437,4.1954,0.0335
4645,-100,-70.0,40,1.5,1.0,-75.57,1.8706,-80,99.41,0.71,3.37578,1.343938,2.2025,0.0
4642,-100,-70.0,40,1.25,13.0,-83.2,12.4203,-100,91.5,10.19,2.864023,0.977082,3.8528,0.0444
4643,-100,-70.0,40,1.25,13.5,-82.8,12.4385,-100,91.18,10.59,2.731353,1.032634,3.1697,0.0498
4644,-100,-70.0,40,1.25,14.0,-82.82,12.675,-100,90.55,11.34,2.691869,1.259792,3.3438,0.0468
4646,-100,-70.0,40,1.5,1.5,-76.45,1.7691,-82,99.11,1.07,2.837794,1.427152,2.8847,0.0
4647,-100,-70.0,40,1.5,2.0,-77.41,2.3868,-85,99.15,1.02,3.586106,2.007784,2.392,0.0
4648,-100,-70.0,40,1.5,2.5,-77.7,2.904,-84,99.16,1.01,3.26141,1.411979,2.3234,0.0
4649,-100,-70.0,40,1.5,3.0,-77.78,3.8027,-88,98.75,1.5,2.790929,1.215251,3.7675,0.0
4650,-100,-70.0,40,1.5,3.5,-79.2,4.11,-90,99.01,1.19,4.688509,2.442172,2.087,0.0
4651,-100,-70.0,40,1.5,4.0,-80.28,5.0483,-93,97.5,3.0,2.286262,1.371384,6.2299,0.0
4652,-100,-70.0,40,1.5,4.5,-79.94,5.1326,-95,98.1,2.27,3.604732,1.433458,3.076,0.0
4653,-100,-70.0,40,1.5,5.0,-81.06,6.0007,-99,97.38,3.15,3.122628,1.320041,4.0551,0.0007
4654,-100,-70.0,40,1.5,5.5,-81.28,6.5295,-100,97.23,3.33,3.129127,1.307001,3.8716,0.0002
4655,-100,-70.0,40,1.5,6.0,-81.62,6.8267,-100,96.92,3.69,3.62543,1.498071,3.8493,0.0009
4656,-100,-70.0,40,1.5,6.5,-81.61,7.6626,-100,96.55,4.14,3.538252,1.454482,3.8044,0.003
4657,-100,-70.0,40,1.5,7.0,-82.01,8.2166,-100,95.56,5.32,2.927374,1.156548,5.2802,0.0046
4658,-100,-70.0,40,1.5,7.5,-81.3,8.018,-100,94.96,6.04,3.178681,1.451095,4.0364,0.0055
4659,-100,-70.0,40,1.5,8.0,-81.51,8.8595,-100,94.13,7.04,3.002513,1.36523,5.5689,0.0097
4660,-100,-70.0,40,1.5,8.5,-81.34,9.5944,-100,94.0,7.2,3.171431,1.256877,4.4423,0.0101
4661,-100,-70.0,40,1.5,9.0,-81.96,9.9227,-100,92.67,8.8,2.415118,1.440416,7.9672,0.0095
4662,-100,-70.0,40,1.5,9.5,-81.48,10.1885,-100,92.49,9.02,2.671499,1.400402,5.8739,0.0122
4664,-100,-70.0,40,1.5,10.5,-81.01,10.9243,-100,91.7,9.97,2.918688,1.212855,4.7598,0.0314
4663,-100,-70.0,40,1.5,10.0,-80.78,10.3414,-100,91.13,10.64,2.48761,1.61532,7.1809,0.0193
4665,-100,-70.0,40,1.5,11.0,-81.31,11.5365,-100,90.99,10.81,2.605977,1.488533,7.2986,0.0205
4666,-100,-70.0,40,1.5,11.5,-80.33,11.5978,-100,90.27,11.68,2.653605,1.446649,5.7281,0.0387
4667,-100,-70.0,40,1.5,12.0,-81.0,12.0983,-100,90.27,11.68,2.733415,1.325785,6.3759,0.0315
4668,-100,-70.0,40,1.5,12.5,-80.7,12.3985,-100,90.2,11.76,2.876408,1.372322,5.4665,0.0463
4669,-100,-70.0,40,1.5,13.0,-80.89,12.4775,-100,90.02,11.97,2.775903,1.128123,4.4788,0.0457
4670,-100,-70.0,40,1.5,13.5,-81.01,13.0252,-100,89.32,12.82,2.742623,1.259543,5.2779,0.0492
4672,-100,-70.0,40,1.75,1.0,-74.96,1.7795,-81,96.96,3.65,1.883925,1.663757,7.7401,0.0
4673,-100,-70.0,40,1.75,1.5,-73.3,2.8092,-80,97.02,3.58,1.875938,1.648573,8.2722,0.0
4671,-100,-70.0,40,1.5,14.0,-80.48,13.4275,-100,89.76,12.29,2.841188,1.735511,5.6021,0.0337
4674,-100,-70.0,40,1.75,2.0,-74.91,2.702,-83,96.64,4.04,2.048834,1.333177,7.4837,0.0
4675,-100,-70.0,40,1.75,2.5,-77.05,3.9609,-85,96.02,4.77,1.665995,1.729761,10.4875,0.0
4676,-100,-70.0,40,1.75,3.0,-76.02,4.2774,-88,96.81,3.83,2.574597,1.602794,5.979,0.0
4677,-100,-70.0,40,1.75,3.5,-77.6,4.9964,-90,95.2,5.76,1.982656,1.418641,9.1578,0.0
4678,-100,-70.0,40,1.75,4.0,-78.66,5.9099,-93,94.94,6.07,1.842507,1.234843,9.466,0.0
4679,-100,-70.0,40,1.75,4.5,-78.69,6.7781,-94,94.48,6.63,2.044088,1.809437,10.0971,0.0003
4680,-100,-70.0,40,1.75,5.0,-78.68,6.556,-100,95.18,5.78,2.578945,1.474045,6.9406,0.0009
4681,-100,-70.0,40,1.75,5.5,-78.44,6.8544,-98,94.27,6.88,2.806383,1.555869,7.0533,0.0036
4682,-100,-70.0,40,1.75,6.0,-78.73,7.489,-100,93.66,7.61,2.574664,1.633803,6.9286,0.0034
4683,-100,-70.0,40,1.75,6.5,-79.45,7.9765,-100,93.34,8.0,2.532935,1.541726,8.4903,0.0051
4684,-100,-70.0,40,1.75,7.0,-78.18,8.8258,-100,92.14,9.42,2.776177,1.246347,6.1011,0.0066
4685,-100,-70.0,40,1.75,7.5,-78.84,9.4272,-100,91.9,9.71,2.617473,1.640696,8.0143,0.0147
4686,-100,-70.0,40,1.75,8.0,-78.71,9.3763,-100,90.87,10.96,2.410971,1.427541,8.3692,0.0148
4687,-100,-70.0,40,1.75,8.5,-78.58,10.3307,-100,91.02,10.78,2.66209,1.829094,8.0988,0.0135
4688,-100,-70.0,40,1.75,9.0,-78.1,10.2738,-100,89.5,12.6,2.537697,1.88973,9.2157,0.0174
4689,-100,-70.0,40,1.75,9.5,-78.32,10.7847,-100,89.29,12.86,2.424305,1.838421,10.2741,0.021
4690,-100,-70.0,40,1.75,10.0,-79.18,11.07,-100,91.28,10.46,3.045895,1.940702,5.9442,0.0218
4691,-100,-70.0,40,1.75,10.5,-79.01,11.7542,-100,89.21,12.94,2.477065,1.610296,8.3581,0.026
4692,-100,-70.0,40,1.75,11.0,-78.92,11.9637,-100,88.91,13.31,2.535087,1.521814,7.1876,0.0338
4693,-100,-70.0,40,1.75,11.5,-78.47,12.3225,-100,88.66,13.61,2.658738,1.356933,6.6391,0.0412
4694,-100,-70.0,40,1.75,12.0,-78.66,12.6624,-100,88.65,13.62,2.737525,1.169229,5.9169,0.0476
4695,-100,-70.0,40,1.75,12.5,-78.41,12.7081,-100,88.15,14.22,2.685635,1.27094,5.3566,0.0438
4696,-100,-70.0,40,1.75,13.0,-78.48,13.167,-100,87.59,14.89,2.523327,1.472612,6.8188,0.0477
4697,-100,-70.0,40,1.75,13.5,-78.15,13.7379,-100,87.67,14.79,2.725135,1.118238,4.9423,0.0642
4698,-100,-70.0,40,1.75,14.0,-78.24,14.1398,-100,87.31,15.22,2.629775,1.499784,6.558,0.0525
4699,-100,-70.0,40,2.0,1.0,-72.44,3.2116,-80,91.48,10.22,0.898353,1.330741,17.3539,0.0
4700,-100,-70.0,40,2.0,1.5,-74.21,4.3701,-83,91.7,9.96,1.050942,0.963396,15.2547,0.0
4701,-100,-70.0,40,2.0,2.0,-74.43,4.1716,-83,92.5,9.0,1.364255,1.270047,13.6846,0.0
4702,-100,-70.0,40,2.0,2.5,-74.44,4.4615,-86,91.75,9.9,1.307925,1.494486,15.358,0.0
4703,-100,-70.0,40,2.0,3.0,-75.77,5.0399,-88,91.85,9.78,1.529083,1.333469,13.072,0.0001
4704,-100,-70.0,40,2.0,3.5,-75.61,5.8513,-90,91.32,10.41,1.460012,1.357947,13.8151,0.0
4705,-100,-70.0,40,2.0,4.0,-75.22,6.6283,-92,88.93,13.29,1.316262,1.557826,16.3292,0.0
4706,-100,-70.0,40,2.0,4.5,-76.53,6.2093,-97,90.96,10.85,1.89748,1.455999,12.2717,0.001
4707,-100,-70.0,40,2.0,5.0,-75.36,7.3203,-95,89.32,12.82,1.839971,1.610471,13.7112,0.004
4708,-100,-70.0,40,2.0,5.5,-75.91,7.8177,-99,89.51,12.59,1.951655,1.662646,13.1426,0.0038
4709,-100,-70.0,40,2.0,6.0,-76.3,7.881,-100,89.78,12.26,2.149936,1.478268,10.8529,0.0049
4710,-100,-70.0,40,2.0,6.5,-76.13,8.3236,-100,89.81,12.23,2.448049,1.446385,8.7716,0.0135
4711,-100,-70.0,40,2.0,7.0,-76.22,8.8305,-100,89.72,12.33,2.469057,1.48012,8.3174,0.0166
4712,-100,-70.0,40,2.0,7.5,-76.01,9.3322,-100,89.16,13.0,2.486296,1.578974,8.6556,0.0176
4713,-100,-70.0,40,2.0,8.0,-76.1,9.6615,-100,88.38,13.95,2.359652,1.692246,9.5757,0.0124
4714,-100,-70.0,40,2.0,8.5,-76.19,10.4319,-100,88.36,13.96,2.32655,1.425103,8.3113,0.0158
4715,-100,-70.0,40,2.0,9.0,-76.04,10.7087,-100,88.05,14.34,2.435661,1.499801,8.95,0.0215
4716,-100,-70.0,40,2.0,9.5,-76.08,11.3471,-100,86.74,15.91,2.32504,1.697581,9.9589,0.034
4718,-100,-70.0,40,2.0,10.5,-75.74,12.0758,-100,86.45,16.27,2.35057,1.89614,10.2208,0.0326
4717,-100,-70.0,40,2.0,10.0,-75.52,11.5458,-100,85.98,16.83,2.290484,1.597607,9.7761,0.0449
4720,-100,-70.0,40,2.0,11.5,-75.94,12.8348,-100,85.96,16.85,2.450994,1.394684,8.073,0.0542
4719,-100,-70.0,40,2.0,11.0,-76.23,12.4594,-100,86.79,15.85,2.435872,1.671146,8.5421,0.0402
4721,-100,-70.0,40,2.0,12.0,-75.8,13.0319,-100,86.43,16.28,2.497289,1.289451,6.6283,0.0462
4722,-100,-70.0,40,2.0,12.5,-74.71,13.6867,-100,85.88,16.94,2.527531,1.598582,7.8264,0.0556
4723,-100,-70.0,40,2.0,13.0,-75.14,13.7904,-100,85.81,17.03,2.519649,1.324042,6.5348,0.065
4724,-100,-70.0,40,2.0,13.5,-75.94,14.4023,-100,86.24,16.51,2.556422,1.303895,6.5914,0.0649
4725,-100,-70.0,40,2.0,14.0,-75.57,14.5521,-100,85.87,16.95,2.5554,1.356523,6.6429,0.075
4726,-100,-70.0,40,2.25,1.0,-71.95,3.5102,-81,90.06,11.93,1.250321,1.625859,16.6268,0.0
4727,-100,-70.0,40,2.25,1.5,-72.58,5.0208,-82,87.88,14.54,1.169567,1.147738,16.5267,0.0
4728,-100,-70.0,40,2.25,2.0,-72.51,4.5944,-82,86.49,16.22,1.199754,1.366871,17.7573,0.0
4730,-100,-70.0,40,2.25,3.0,-72.69,5.8252,-89,86.33,16.4,1.348144,1.379684,16.5723,0.0003
4729,-100,-70.0,40,2.25,2.5,-72.38,5.126,-85,86.3,16.45,1.241096,1.099179,16.393,0.0
4732,-100,-70.0,40,2.25,4.0,-73.34,6.6253,-92,87.29,15.25,1.717682,1.33371,13.6544,0.0026
4731,-100,-70.0,40,2.25,3.5,-73.09,5.8861,-88,86.05,16.73,1.312215,1.584304,17.857,0.0011
4733,-100,-70.0,40,2.25,4.5,-73.61,7.6207,-92,87.95,14.47,1.67849,1.747574,14.9477,0.0019
4734,-100,-70.0,40,2.25,5.0,-73.03,7.8942,-95,86.44,16.27,1.839179,1.616054,14.1192,0.0074
4735,-100,-70.0,40,2.25,5.5,-73.43,8.7357,-98,85.89,16.94,1.787726,1.536147,14.7408,0.0135
4736,-100,-70.0,40,2.25,6.0,-73.09,8.6543,-99,86.19,16.57,1.94918,1.56657,11.9717,0.0164
4737,-100,-70.0,40,2.25,6.5,-73.65,8.9987,-100,86.48,16.23,2.076156,1.393629,10.3273,0.015
4738,-100,-70.0,40,2.25,7.0,-73.5,9.6053,-100,85.69,17.18,1.952786,1.578379,12.6136,0.0169
4739,-100,-70.0,40,2.25,7.5,-73.39,10.092,-100,86.28,16.46,2.242859,1.663155,10.04,0.0253
4740,-100,-70.0,40,2.25,8.0,-73.33,10.5425,-100,85.23,17.73,2.146506,1.513626,10.5606,0.0289
4741,-100,-70.0,40,2.25,8.5,-72.83,10.875,-100,84.1,19.08,2.125172,1.484064,10.8619,0.0463
4742,-100,-70.0,40,2.25,9.0,-72.69,11.3015,-100,84.92,18.1,2.316761,1.646046,10.0015,0.0333
4743,-100,-70.0,40,2.25,9.5,-73.36,11.5412,-100,85.38,17.54,2.335761,1.463233,9.417,0.045
4744,-100,-70.0,40,2.25,10.0,-72.97,11.9848,-100,84.86,18.17,2.326851,1.445457,8.1586,0.0346
4745,-100,-70.0,40,2.25,10.5,-73.16,12.6311,-100,84.79,18.25,2.308619,1.518762,9.3076,0.0693
4746,-100,-70.0,40,2.25,11.0,-73.35,12.7288,-100,84.22,18.94,2.220064,1.586861,9.7214,0.0643
4747,-100,-70.0,40,2.25,11.5,-72.77,13.0874,-100,84.61,18.47,2.346455,1.340602,7.4534,0.08
4748,-100,-70.0,40,2.25,12.0,-73.45,13.5507,-100,85.36,17.57,2.505042,1.459159,7.4209,0.0744
4750,-100,-70.0,40,2.25,13.0,-72.5,14.5083,-100,83.66,19.6,2.228132,1.672269,10.3486,0.0604
4749,-100,-70.0,40,2.25,12.5,-73.1,14.1636,-100,84.83,18.2,2.382911,1.840583,8.8304,0.0557
4752,-100,-70.0,40,2.25,14.0,-72.83,15.139,-100,84.29,18.85,2.39054,1.529423,8.1234,0.0672
4751,-100,-70.0,40,2.25,13.5,-72.77,14.6097,-100,84.84,18.19,2.452999,1.579259,7.3934,0.0503
4753,-100,-70.0,40,2.5,1.0,-69.79,6.1017,-81,84.56,18.53,1.25239,1.171637,17.136,0.0
4754,-100,-70.0,40,2.5,1.5,-70.38,6.2132,-82,84.63,18.45,1.236825,1.039698,16.2981,0.0003
4755,-100,-70.0,40,2.5,2.0,-69.69,6.4955,-83,83.46,19.85,1.187595,1.08996,17.3658,0.0
4756,-100,-70.0,40,2.5,2.5,-70.43,6.089,-86,84.78,18.27,1.403048,1.213597,15.7829,0.0003
4757,-100,-70.0,40,2.5,3.0,-71.16,6.5244,-87,83.67,19.6,1.39774,1.369701,16.6474,0.0004
4758,-100,-70.0,40,2.5,3.5,-70.19,7.5548,-87,85.16,17.8,1.71223,1.77163,15.3627,0.0026
4760,-100,-70.0,40,2.5,4.5,-70.77,8.2595,-94,84.98,18.02,1.842825,1.484405,12.5246,0.005
4759,-100,-70.0,40,2.5,4.0,-70.39,8.2738,-90,83.75,19.51,1.638494,1.402511,14.3469,0.0162
4761,-100,-70.0,40,2.5,5.0,-70.4,8.4814,-99,82.65,20.82,1.652005,1.482935,14.306,0.0106
4762,-100,-70.0,40,2.5,5.5,-70.94,9.0068,-98,83.65,19.62,1.810561,1.378022,12.1165,0.0164
4763,-100,-70.0,40,2.5,6.0,-71.01,9.1605,-99,83.44,19.87,1.83323,1.458038,12.6821,0.042
4764,-100,-70.0,40,2.5,6.5,-70.15,9.5275,-100,81.93,21.69,1.819016,1.542182,12.5343,0.0289
4765,-100,-70.0,40,2.5,7.0,-70.31,9.7404,-100,82.65,20.83,1.975402,1.399057,10.7408,0.0469
4766,-100,-70.0,40,2.5,7.5,-70.72,10.5763,-100,83.15,20.22,1.967567,1.261287,9.6133,0.0499
4767,-100,-70.0,40,2.5,8.0,-70.86,10.8543,-100,83.27,20.07,2.037665,1.59623,11.355,0.0436
4768,-100,-70.0,40,2.5,8.5,-70.15,11.0206,-100,81.6,22.07,1.909959,1.475007,11.1179,0.0489
4769,-100,-70.0,40,2.5,9.0,-70.53,11.4609,-100,82.95,20.46,2.136437,1.393979,8.3539,0.064
4770,-100,-70.0,40,2.5,9.5,-70.02,12.0755,-100,82.78,20.67,2.084337,1.555735,9.5882,0.0557
4771,-100,-70.0,40,2.5,10.0,-70.23,12.609,-100,82.6,20.88,2.07934,1.438464,9.7147,0.0826
4772,-100,-70.0,40,2.5,10.5,-70.18,13.415,-100,83.09,20.29,2.135918,1.353302,9.1736,0.0529
4773,-100,-70.0,40,2.5,11.0,-70.14,13.1848,-100,82.23,21.33,2.024691,1.39565,9.0129,0.06
4774,-100,-70.0,40,2.5,11.5,-70.71,14.0534,-100,83.66,19.6,2.285345,1.473104,8.1449,0.0696
4775,-100,-70.0,40,2.5,12.0,-70.08,14.1222,-100,81.29,22.46,1.987914,1.447777,10.7466,0.066
4776,-100,-70.0,40,2.5,12.5,-70.38,14.299,-100,82.26,21.29,2.093197,1.498062,10.2309,0.0745
4777,-100,-70.0,40,2.5,13.0,-70.11,14.7451,-100,82.48,21.03,2.159846,1.278966,7.1738,0.0899
4779,-100,-70.0,40,2.5,14.0,-69.81,15.557,-100,82.97,20.43,2.191542,1.411838,7.1409,0.0793
4778,-100,-70.0,40,2.5,13.5,-70.03,15.1188,-100,82.78,20.67,2.175828,1.532158,8.8673,0.087
4780,-100,-70.0,40,2.75,1.0,-67.5,7.0652,-78,80.87,22.95,1.20801,1.106315,16.7789,0.0008
4781,-100,-70.0,40,2.75,1.5,-67.3,6.8658,-83,79.07,25.12,1.131642,0.953115,16.3846,0.0007
4782,-100,-70.0,40,2.75,2.0,-67.46,6.4716,-81,78.85,25.37,1.160914,1.0992,16.9326,0.0002
4783,-100,-70.0,40,2.75,2.5,-67.42,7.8662,-84,80.87,22.96,1.426509,1.227179,14.9808,0.0075
4784,-100,-70.0,40,2.75,3.0,-67.56,7.614,-89,79.57,24.52,1.244794,1.099139,15.764,0.0023
4785,-100,-70.0,40,2.75,3.5,-67.36,7.9407,-87,80.04,23.96,1.436398,1.204697,14.1306,0.0181
4786,-100,-70.0,40,2.75,4.0,-67.28,8.7333,-90,81.01,22.8,1.604187,1.368784,12.9311,0.0124
4787,-100,-70.0,40,2.75,4.5,-67.24,9.255,-92,80.16,23.8,1.64395,1.500221,12.9468,0.0374
4788,-100,-70.0,40,2.75,5.0,-67.28,9.1651,-96,80.27,23.68,1.594327,1.227876,11.8316,0.0197
4790,-100,-70.0,40,2.75,6.0,-67.9,9.6715,-98,79.96,24.04,1.685527,1.338536,11.498,0.0499
4789,-100,-70.0,40,2.75,5.5,-67.42,9.5061,-95,79.23,24.92,1.567048,1.378266,12.8238,0.0308
4791,-100,-70.0,40,2.75,6.5,-67.41,10.3356,-99,81.18,22.59,1.850367,1.368472,9.4083,0.0673
4792,-100,-70.0,40,2.75,7.0,-67.29,10.1941,-100,80.78,23.06,1.796447,1.463331,10.7231,0.0542
4793,-100,-70.0,40,2.75,7.5,-67.77,10.9514,-100,81.43,22.28,1.919955,1.418811,9.1883,0.0642
4794,-100,-70.0,40,2.75,8.0,-67.57,11.5095,-100,81.89,21.73,1.950978,1.234126,8.1785,0.0699
4795,-100,-70.0,40,2.75,8.5,-67.72,11.8476,-100,80.96,22.85,1.784057,1.364859,9.7816,0.0559
4796,-100,-70.0,40,2.75,9.0,-67.09,12.474,-100,81.06,22.72,1.817682,1.576922,11.6855,0.0481
4797,-100,-70.0,40,2.75,9.5,-67.36,12.3701,-100,81.4,22.33,1.960127,1.469818,9.6247,0.0809
4798,-100,-70.0,40,2.75,10.0,-67.58,12.8266,-100,80.98,22.83,1.92688,1.279342,8.3151,0.0846
4799,-100,-70.0,40,2.75,10.5,-66.99,12.9994,-100,81.46,22.25,1.968487,1.21355,6.7939,0.1103
4800,-100,-70.0,40,2.75,11.0,-67.07,13.8494,-100,81.17,22.6,1.903107,1.308402,8.669,0.0943
4801,-100,-70.0,40,2.75,11.5,-66.88,13.8852,-100,81.93,21.68,2.000697,1.522618,8.2804,0.0614
4802,-100,-70.0,40,2.75,12.0,-67.04,14.4915,-100,81.25,22.49,1.939587,1.470196,9.29,0.0611
4803,-100,-70.0,40,2.75,12.5,-67.48,15.0248,-100,81.44,22.28,1.951538,1.278687,7.9169,0.0857
4804,-100,-70.0,40,2.75,13.0,-67.04,15.4461,-100,81.85,21.79,2.034379,1.469954,9.0847,0.064
4805,-100,-70.0,40,2.75,13.5,-67.58,15.6867,-100,81.72,21.94,2.020873,1.237407,7.3211,0.1007
4806,-100,-70.0,40,2.75,14.0,-66.94,15.9859,-100,81.36,22.37,1.982284,1.296287,7.5048,0.0983
4807,-100,-70.0,40,3.0,1.0,-64.81,7.1784,-78,78.01,26.39,1.095126,0.82086,14.1269,0.0011
4809,-100,-70.0,40,3.0,2.0,-64.78,7.5349,-81,78.09,26.3,1.294556,1.332102,15.5845,0.013
4808,-100,-70.0,40,3.0,1.5,-64.49,7.9862,-79,78.26,26.09,1.139305,0.838976,13.3037,0.0065
4810,-100,-70.0,40,3.0,2.5,-65.07,8.0823,-85,78.12,26.26,1.224006,1.019974,13.8895,0.0123
4811,-100,-70.0,40,3.0,3.0,-64.98,8.8092,-84,78.84,25.4,1.474076,1.249775,12.1569,0.0213
4812,-100,-70.0,40,3.0,3.5,-64.74,8.5983,-89,78.9,25.33,1.46902,1.360584,12.0414,0.032
4813,-100,-70.0,40,3.0,4.0,-64.33,9.2138,-88,79.37,24.76,1.545061,1.111728,8.9053,0.0401
4814,-100,-70.0,40,3.0,4.5,-64.71,9.4677,-90,79.47,24.63,1.587723,1.057871,8.5172,0.0429
4815,-100,-70.0,40,3.0,5.0,-65.02,10.0036,-90,79.86,24.17,1.663617,1.257612,8.808,0.0558
4816,-100,-70.0,40,3.0,5.5,-64.71,9.9867,-94,79.33,24.8,1.53179,1.188487,9.8523,0.0495
4817,-100,-70.0,40,3.0,6.0,-64.37,10.2664,-99,79.32,24.83,1.545152,1.20825,9.667,0.0556
4818,-100,-70.0,40,3.0,6.5,-64.7,10.9152,-95,79.35,24.78,1.692641,1.328736,9.7449,0.0633
4819,-100,-70.0,40,3.0,7.0,-64.73,11.0012,-97,79.65,24.41,1.628747,1.30482,9.2557,0.0653
4820,-100,-70.0,40,3.0,7.5,-65.03,11.809,-100,79.47,24.64,1.676283,1.333353,10.4982,0.0695
4822,-100,-70.0,40,3.0,8.5,-64.06,12.6245,-100,79.76,24.3,1.701483,1.217611,7.8179,0.0993
4821,-100,-70.0,40,3.0,8.0,-64.31,12.3624,-100,79.54,24.56,1.671358,1.244372,8.7604,0.0775
4823,-100,-70.0,40,3.0,9.0,-64.63,12.5414,-100,80.23,23.72,1.795502,1.176337,6.623,0.0939
4824,-100,-70.0,40,3.0,9.5,-64.14,13.326,-100,79.98,24.02,1.718188,1.177261,7.8356,0.0963
4826,-100,-70.0,40,3.0,10.5,-64.63,14.0727,-100,80.16,23.8,1.815718,1.152079,6.7724,0.1093
4825,-100,-70.0,40,3.0,10.0,-64.57,12.9555,-100,80.28,23.66,1.75504,1.375218,8.5557,0.0579
4827,-100,-70.0,40,3.0,11.0,-64.21,14.2281,-100,79.57,24.52,1.673316,1.341384,9.3147,0.0762
4828,-100,-70.0,40,3.0,11.5,-64.31,14.5634,-100,81.05,22.74,1.894373,1.197663,6.2115,0.0946
4829,-100,-70.0,40,3.0,12.0,-64.32,14.9903,-100,79.66,24.42,1.711286,1.218229,8.5334,0.1187
4830,-100,-70.0,40,3.0,12.5,-64.39,15.401,-100,80.16,23.81,1.820648,1.396528,8.9269,0.0775
4831,-100,-70.0,40,3.0,13.0,-64.17,15.4649,-100,80.86,22.96,1.825515,1.512993,9.7177,0.0674
4832,-100,-70.0,40,3.0,13.5,-64.54,16.1647,-100,80.51,23.4,1.888941,1.169041,6.5427,0.1126
4833,-100,-70.0,40,3.0,14.0,-64.64,16.477,-100,80.74,23.12,1.832709,1.400533,8.2451,0.0814
4834,-100,-70.0,40,3.25,1.0,-61.93,8.0825,-76,77.18,27.39,1.173915,1.030473,9.8158,0.0332
4835,-100,-70.0,40,3.25,1.5,-61.26,9.0954,-78,77.05,27.54,1.227935,1.167745,11.6693,0.0405
4836,-100,-70.0,40,3.25,2.0,-61.44,9.2883,-79,77.35,27.18,1.179371,0.886669,9.4639,0.048
4838,-100,-70.0,40,3.25,3.0,-61.91,9.3666,-82,77.27,27.28,1.224851,0.952614,8.1032,0.0823
4837,-100,-70.0,40,3.25,2.5,-62.03,8.9345,-81,77.28,27.26,1.192888,1.165803,11.339,0.0433
4839,-100,-70.0,40,3.25,3.5,-61.83,9.347,-83,77.77,26.68,1.309514,1.087492,9.0037,0.0514
4840,-100,-70.0,40,3.25,4.0,-62.14,10.1244,-87,78.67,25.6,1.389894,1.018902,8.5164,0.0827
4841,-100,-70.0,40,3.25,4.5,-62.03,9.7523,-90,78.04,26.36,1.356087,0.923375,7.3909,0.0453
4842,-100,-70.0,40,3.25,5.0,-62.17,10.5245,-90,78.19,26.18,1.397654,1.063444,8.0569,0.0918
4843,-100,-70.0,40,3.25,5.5,-62.05,10.4196,-92,78.42,25.9,1.471865,1.055454,7.2064,0.0776
4844,-100,-70.0,40,3.25,6.0,-62.13,10.843,-95,79.64,24.44,1.639294,1.094919,7.1985,0.0941
4845,-100,-70.0,40,3.25,6.5,-61.22,11.3859,-93,77.76,26.68,1.482683,1.135895,8.5299,0.0997
4846,-100,-70.0,40,3.25,7.0,-61.35,11.3204,-100,79.17,25.0,1.491017,0.981851,5.8493,0.0909
4847,-100,-70.0,40,3.25,7.5,-61.99,12.1394,-99,79.7,24.36,1.567315,1.091227,6.8695,0.1119
4848,-100,-70.0,40,3.25,8.0,-61.54,12.4868,-100,78.68,25.58,1.511325,1.034657,6.5994,0.1193
4849,-100,-70.0,40,3.25,8.5,-62.18,12.9751,-100,79.49,24.62,1.632247,1.110581,7.1436,0.1032
4850,-100,-70.0,40,3.25,9.0,-61.85,12.6706,-100,79.54,24.55,1.630687,1.074,6.6958,0.1128
4851,-100,-70.0,40,3.25,9.5,-62.19,12.9126,-100,79.66,24.42,1.622171,1.183929,6.6114,0.0739
4852,-100,-70.0,40,3.25,10.0,-61.69,13.5416,-100,79.41,24.71,1.622044,1.158296,7.487,0.0881
4853,-100,-70.0,40,3.25,10.5,-62.02,14.344,-100,79.6,24.48,1.635836,1.150724,7.3473,0.1035
4854,-100,-70.0,40,3.25,11.0,-61.69,15.3699,-100,79.24,24.91,1.624038,1.201578,8.2585,0.1003
4856,-100,-70.0,40,3.25,12.0,-62.19,14.8707,-100,79.86,24.16,1.647797,1.225978,7.6505,0.0774
4855,-100,-70.0,40,3.25,11.5,-61.94,14.7291,-100,80.02,23.97,1.703741,1.143373,6.2659,0.1008
4857,-100,-70.0,40,3.25,12.5,-62.01,15.6567,-100,80.09,23.89,1.734433,1.10026,6.4329,0.1195
4858,-100,-70.0,40,3.25,13.0,-61.75,15.6929,-100,79.02,25.17,1.615408,1.219405,8.4844,0.0969
4859,-100,-70.0,40,3.25,13.5,-61.05,16.3329,-100,79.05,25.14,1.628516,1.028947,5.686,0.1152
4860,-100,-70.0,40,3.25,14.0,-61.72,16.8123,-100,79.96,24.05,1.710826,1.128447,6.4478,0.0894
4862,-100,-70.0,40,3.5,1.5,-58.87,10.018,-76,76.59,28.09,1.161186,0.841146,5.3873,0.1256
4861,-100,-70.0,40,3.5,1.0,-59.14,10.6474,-74,77.5,27.01,1.20215,0.984383,7.5839,0.0615
4863,-100,-70.0,40,3.5,2.0,-59.17,10.2644,-79,76.87,27.77,1.184789,1.096727,9.2193,0.0495
4864,-100,-70.0,40,3.5,2.5,-59.35,9.9393,-80,77.69,26.77,1.250374,0.839565,6.2159,0.0717
4865,-100,-70.0,40,3.5,3.0,-59.13,10.0673,-82,77.66,26.81,1.261318,0.925417,5.9584,0.0945
4866,-100,-70.0,40,3.5,3.5,-59.12,10.1617,-83,77.43,27.1,1.214778,0.845392,5.8263,0.0763
4867,-100,-70.0,40,3.5,4.0,-59.25,11.2812,-87,78.55,25.75,1.372188,0.996579,6.4977,0.1234
4868,-100,-70.0,40,3.5,4.5,-59.05,10.9022,-89,77.69,26.77,1.314444,1.158025,8.3732,0.0724
4869,-100,-70.0,40,3.5,5.0,-59.11,11.3417,-89,77.66,26.82,1.366785,0.977522,6.745,0.0992
4870,-100,-70.0,40,3.5,5.5,-59.39,11.8077,-89,78.44,25.88,1.383174,0.994829,6.307,0.0863
4871,-100,-70.0,40,3.5,6.0,-58.67,11.2282,-93,78.21,26.16,1.338146,0.868648,5.0893,0.1437
4872,-100,-70.0,40,3.5,6.5,-58.43,11.2352,-94,77.58,26.91,1.29871,0.924656,6.4501,0.1198
4873,-100,-70.0,40,3.5,7.0,-59.4,12.183,-97,77.97,26.44,1.433672,1.161208,8.1114,0.0971
4874,-100,-70.0,40,3.5,7.5,-58.94,12.3962,-97,78.22,26.13,1.409322,0.911173,5.0104,0.1331
4875,-100,-70.0,40,3.5,8.0,-59.19,13.1665,-100,78.45,25.86,1.407773,1.036707,7.7337,0.0993
4876,-100,-70.0,40,3.5,8.5,-58.67,13.05,-100,77.7,26.77,1.334086,0.937135,5.9609,0.1203
4877,-100,-70.0,40,3.5,9.0,-59.18,14.0956,-100,77.82,26.61,1.408733,1.015897,7.4247,0.1198
4878,-100,-70.0,40,3.5,9.5,-59.06,13.7072,-100,78.38,25.95,1.443385,1.052898,6.7036,0.1128
4879,-100,-70.0,40,3.5,10.0,-58.64,13.9613,-100,78.84,25.39,1.452068,1.010782,6.196,0.0924
4880,-100,-70.0,40,3.5,10.5,-59.17,14.5531,-100,78.95,25.27,1.531958,1.046234,6.5204,0.1156
4881,-100,-70.0,40,3.5,11.0,-58.77,15.1673,-100,79.18,24.99,1.496463,0.95936,5.4584,0.131
4882,-100,-70.0,40,3.5,11.5,-58.89,15.3898,-100,79.12,25.06,1.51464,1.055844,6.4134,0.113
4884,-100,-70.0,40,3.5,12.5,-58.68,16.1423,-100,78.71,25.55,1.513156,1.099867,6.8449,0.1039
4883,-100,-70.0,40,3.5,12.0,-58.47,15.1314,-100,78.55,25.74,1.479822,1.033751,6.6862,0.0987
4885,-100,-70.0,40,3.5,13.0,-58.98,16.7827,-100,78.98,25.22,1.595,1.195594,7.8946,0.0807
4886,-100,-70.0,40,3.5,13.5,-59.08,17.4061,-100,79.37,24.76,1.582407,0.997166,5.6976,0.1326
4887,-100,-70.0,40,3.5,14.0,-58.71,17.2626,-100,79.21,24.94,1.50555,1.085469,6.8998,0.1017
4888,-100,-70.0,40,3.75,1.0,-56.51,10.503,-73,77.09,27.49,1.154275,0.804259,4.7779,0.133
4890,-100,-70.0,40,3.75,2.0,-55.94,11.2723,-78,76.93,27.69,1.146909,0.855103,5.6965,0.1043
4889,-100,-70.0,40,3.75,1.5,-55.89,9.9265,-74,77.54,26.96,1.172302,0.866772,5.998,0.1069
4891,-100,-70.0,40,3.75,2.5,-55.74,11.2483,-78,76.05,28.75,1.063976,0.769197,5.0516,0.1145
4892,-100,-70.0,40,3.75,3.0,-56.12,11.4836,-81,77.26,27.29,1.219579,0.867602,5.653,0.0983
4893,-100,-70.0,40,3.75,3.5,-56.22,11.2558,-81,77.03,27.58,1.157459,0.760878,4.0549,0.1274
4894,-100,-70.0,40,3.75,4.0,-55.82,11.6349,-85,75.85,28.99,1.126783,0.785618,5.1037,0.1298
4896,-100,-70.0,40,3.75,5.0,-55.98,11.9732,-88,76.56,28.14,1.146958,0.924445,6.6232,0.1023
4895,-100,-70.0,40,3.75,4.5,-56.06,11.74,-83,77.12,27.46,1.150398,0.76671,4.0017,0.1193
4897,-100,-70.0,40,3.75,5.5,-56.05,11.2942,-86,77.56,26.93,1.224143,0.887519,6.1729,0.1196
4898,-100,-70.0,40,3.75,6.0,-56.31,11.4946,-90,77.09,27.49,1.230025,0.975863,7.0378,0.0907
4899,-100,-70.0,40,3.75,6.5,-56.32,12.146,-93,77.35,27.19,1.225232,0.768783,3.332,0.1571
4900,-100,-70.0,40,3.75,7.0,-56.61,13.2414,-93,77.26,27.28,1.285826,0.835929,5.2599,0.1409
4901,-100,-70.0,40,3.75,7.5,-56.04,13.0016,-96,77.02,27.58,1.240413,0.94187,6.3281,0.1079
4902,-100,-70.0,40,3.75,8.0,-56.14,13.4669,-100,77.73,26.74,1.261133,0.809306,4.3237,0.1348
4903,-100,-70.0,40,3.75,8.5,-55.92,14.0735,-100,78.14,26.24,1.309829,0.998502,6.6194,0.1144
4904,-100,-70.0,40,3.75,9.0,-56.14,14.1256,-100,77.47,27.03,1.269313,0.853206,4.9741,0.1192
4905,-100,-70.0,40,3.75,9.5,-56.01,14.8407,-100,77.94,26.47,1.332974,0.915149,5.6443,0.138
4906,-100,-70.0,40,3.75,10.0,-55.95,14.0794,-100,77.66,26.81,1.437072,1.241225,9.2752,0.0889
4908,-100,-70.0,40,3.75,11.0,-55.86,15.124,-100,77.4,27.12,1.338252,1.007376,7.087,0.111
4907,-100,-70.0,40,3.75,10.5,-56.28,14.8735,-100,78.34,26.0,1.378184,0.884857,4.8502,0.1162
4909,-100,-70.0,40,3.75,11.5,-55.86,15.8646,-100,78.47,25.83,1.394837,0.893079,4.8721,0.1436
4910,-100,-70.0,40,3.75,12.0,-55.26,16.2903,-100,78.08,26.3,1.409367,0.814531,3.2164,0.1741
4911,-100,-70.0,40,3.75,12.5,-55.94,16.5555,-100,78.24,26.12,1.407671,0.968771,6.0608,0.1283
4912,-100,-70.0,40,3.75,13.0,-55.55,16.9729,-100,77.75,26.71,1.367616,1.088234,7.6629,0.1005
4913,-100,-70.0,40,3.75,13.5,-55.56,16.9278,-100,78.72,25.53,1.439633,0.923168,5.0393,0.1402
4914,-100,-70.0,40,3.75,14.0,-55.86,17.9588,-100,79.13,25.04,1.485688,0.940312,5.1556,0.1362
4915,-100,-70.0,40,4.0,1.0,-52.71,11.9441,-71,76.59,28.1,1.01631,0.690887,4.39,0.1705
4916,-100,-70.0,40,4.0,1.5,-53.37,11.542,-74,76.55,28.14,1.027085,0.715502,4.8107,0.1596
4917,-100,-70.0,40,4.0,2.0,-53.22,12.0511,-75,76.27,28.49,1.014953,0.661227,3.6087,0.1744
4918,-100,-70.0,40,4.0,2.5,-53.41,11.6673,-74,76.92,27.7,1.085883,0.736617,4.5935,0.1674
4919,-100,-70.0,40,4.0,3.0,-53.26,11.4959,-78,76.52,28.18,1.03255,0.691739,4.0191,0.165
4920,-100,-70.0,40,4.0,3.5,-53.06,12.3036,-80,76.96,27.65,1.112834,0.718388,4.1802,0.1778
4921,-100,-70.0,40,4.0,4.0,-53.51,11.7889,-82,77.1,27.49,1.102219,0.715865,4.0205,0.1729
4922,-100,-70.0,40,4.0,4.5,-53.85,12.122,-86,76.73,27.93,1.070785,0.721825,3.7896,0.1546
4923,-100,-70.0,40,4.0,5.0,-53.07,12.4187,-85,76.92,27.7,1.08996,0.688694,3.2856,0.1759
4924,-100,-70.0,40,4.0,5.5,-53.06,12.713,-88,76.24,28.51,1.068841,0.738491,4.9754,0.1321
4926,-100,-70.0,40,4.0,6.5,-52.76,12.7921,-90,76.71,27.95,1.138507,0.808755,5.6881,0.1444
4925,-100,-70.0,40,4.0,6.0,-53.27,12.8473,-90,76.65,28.02,1.10921,0.739235,3.7907,0.1495
4928,-100,-70.0,40,4.0,7.5,-53.44,13.6426,-98,77.82,26.63,1.252541,0.874807,5.6816,0.1516
4927,-100,-70.0,40,4.0,7.0,-52.89,13.4008,-91,76.85,27.78,1.117696,0.72469,3.4006,0.1661
4929,-100,-70.0,40,4.0,8.0,-53.45,13.7706,-96,77.07,27.52,1.202884,0.830532,5.4527,0.1445
4930,-100,-70.0,40,4.0,8.5,-53.05,14.2046,-95,77.22,27.34,1.198708,0.756092,3.2482,0.1579
4931,-100,-70.0,40,4.0,9.0,-53.03,14.6913,-99,77.2,27.35,1.193057,0.779055,4.2946,0.1415
4932,-100,-70.0,40,4.0,9.5,-52.8,14.8436,-100,77.09,27.49,1.231321,0.993901,7.8871,0.1179
4934,-100,-70.0,40,4.0,10.5,-52.86,15.4839,-100,76.44,28.27,1.189672,0.736834,3.8213,0.1856
4935,-100,-70.0,40,4.0,11.0,-52.94,15.2289,-100,77.03,27.57,1.23682,0.980385,7.0339,0.0869
4933,-100,-70.0,40,4.0,10.0,-53.76,15.3829,-100,77.31,27.23,1.235616,0.868652,5.7133,0.1248
4936,-100,-70.0,40,4.0,11.5,-53.3,15.8888,-100,77.63,26.85,1.264392,0.821666,4.3529,0.1456
4937,-100,-70.0,40,4.0,12.0,-53.4,16.1643,-100,78.19,26.17,1.296876,0.799647,4.2701,0.156
4938,-100,-70.0,40,4.0,12.5,-52.83,16.9184,-100,77.18,27.38,1.248611,0.828986,4.8074,0.1224
4940,-100,-70.0,40,4.0,13.5,-53.1,17.1964,-100,77.44,27.07,1.330489,0.963467,6.2564,0.0998
4939,-100,-70.0,40,4.0,13.0,-53.24,17.2403,-100,77.64,26.83,1.302832,0.817687,3.8908,0.1535
4941,-100,-70.0,40,4.0,14.0,-52.83,18.2813,-100,78.12,26.26,1.27993,0.834442,4.9688,0.1357
4942,-100,-70.0,40,4.25,1.0,-50.86,12.3398,-71,76.52,28.16,0.994593,0.604694,1.9831,0.1988
4944,-100,-70.0,40,4.25,2.0,-50.23,11.9591,-73,75.43,29.49,1.053724,0.806758,6.8889,0.1485
4943,-100,-70.0,40,4.25,1.5,-50.01,13.0527,-71,75.82,29.01,0.947543,0.651781,4.4125,0.1662
4946,-100,-70.0,40,4.25,3.0,-49.93,13.2168,-75,76.55,28.13,1.052892,0.743483,5.0505,0.152
4945,-100,-70.0,40,4.25,2.5,-50.14,12.8596,-75,76.56,28.14,1.017956,0.662188,3.5261,0.1536
4947,-100,-70.0,40,4.25,3.5,-50.32,12.6337,-80,76.64,28.03,1.013817,0.625811,2.6443,0.188
4948,-100,-70.0,40,4.25,4.0,-50.78,13.0468,-80,76.5,28.2,1.04565,0.657208,3.6945,0.1658
4949,-100,-70.0,40,4.25,4.5,-50.22,12.8166,-81,76.37,28.35,1.017458,0.646533,3.2385,0.1699
4950,-100,-70.0,40,4.25,5.0,-50.35,13.2987,-84,75.96,28.84,1.028443,0.675265,3.7538,0.1765
4951,-100,-70.0,40,4.25,5.5,-50.65,13.3732,-85,76.94,27.68,1.079198,0.662317,2.984,0.177
4952,-100,-70.0,40,4.25,6.0,-50.58,13.2666,-87,77.27,27.29,1.101895,0.730243,4.0391,0.16
4953,-100,-70.0,40,4.25,6.5,-50.33,14.3777,-86,76.23,28.53,1.109939,0.735555,4.5586,0.1736
4954,-100,-70.0,40,4.25,7.0,-50.14,14.0867,-88,76.24,28.51,1.045746,0.663803,3.8132,0.1633
4955,-100,-70.0,40,4.25,7.5,-50.71,14.0871,-93,76.67,27.99,1.136246,0.842063,6.0763,0.1269
4956,-100,-70.0,40,4.25,8.0,-50.28,13.9486,-95,76.9,27.72,1.097993,0.73029,4.4116,0.1393
4957,-100,-70.0,40,4.25,8.5,-50.73,15.0388,-95,77.08,27.51,1.240225,0.856718,5.8315,0.1282
4958,-100,-70.0,40,4.25,9.0,-50.19,15.4779,-97,77.41,27.11,1.164805,0.744252,3.8507,0.1634
4959,-100,-70.0,40,4.25,9.5,-50.09,14.9338,-100,77.02,27.59,1.191433,0.858202,5.5216,0.1174
4960,-100,-70.0,40,4.25,10.0,-50.7,15.7244,-97,77.56,26.93,1.176196,0.790644,4.3527,0.1556
4961,-100,-70.0,40,4.25,10.5,-50.22,15.8093,-100,77.17,27.4,1.170941,0.774146,4.1283,0.1428
4963,-100,-70.0,40,4.25,11.5,-50.26,16.8327,-100,76.61,28.07,1.213693,0.876345,5.8496,0.1231
4962,-100,-70.0,40,4.25,11.0,-50.04,16.4737,-100,77.2,27.37,1.1983,0.801212,4.6858,0.1414
4964,-100,-70.0,40,4.25,12.0,-50.29,17.2204,-100,77.63,26.85,1.229924,0.798872,4.3685,0.1703
4965,-100,-70.0,40,4.25,12.5,-50.13,17.1099,-100,77.5,27.0,1.305504,0.916828,5.8936,0.1203
4966,-100,-70.0,40,4.25,13.0,-49.83,17.6353,-100,77.25,27.29,1.22151,0.869484,5.8356,0.1204
4967,-100,-70.0,40,4.25,13.5,-50.39,17.9356,-100,77.47,27.03,1.237301,0.833356,4.8818,0.1407
4968,-100,-70.0,40,4.25,14.0,-50.39,18.6498,-100,77.5,26.99,1.278612,0.861829,5.1029,0.1304
4969,-100,-70.0,40,4.5,1.0,-47.21,13.4011,-67,76.81,27.83,1.024533,0.652914,3.2453,0.1799
4971,-100,-70.0,40,4.5,2.0,-47.64,13.8427,-71,75.28,29.66,0.93239,0.642159,4.6133,0.159
4970,-100,-70.0,40,4.5,1.5,-47.55,12.4841,-69,76.12,28.66,0.959855,0.608207,2.5452,0.1968
4972,-100,-70.0,40,4.5,2.5,-47.12,13.2874,-72,76.22,28.54,0.944907,0.600999,2.9522,0.1873
4974,-100,-70.0,40,4.5,3.5,-47.02,13.507,-75,75.04,29.94,0.951397,0.633902,4.0627,0.1901
4973,-100,-70.0,40,4.5,3.0,-47.29,13.2423,-75,75.69,29.17,1.017308,0.722667,5.659,0.1648
4975,-100,-70.0,40,4.5,4.0,-47.47,13.7206,-78,76.36,28.37,1.029045,0.685661,3.9068,0.1584
4976,-100,-70.0,40,4.5,4.5,-47.85,13.0379,-78,76.46,28.25,1.043962,0.690738,4.371,0.1777
4977,-100,-70.0,40,4.5,5.0,-46.99,13.0158,-80,75.43,29.49,0.9763,0.670996,4.9019,0.1709
4978,-100,-70.0,40,4.5,5.5,-47.7,14.0327,-80,76.37,28.36,1.01634,0.664151,3.4435,0.148
4979,-100,-70.0,40,4.5,6.0,-47.18,13.7422,-83,76.06,28.73,0.987801,0.642404,3.4961,0.1688
4980,-100,-70.0,40,4.5,6.5,-47.36,14.1834,-89,76.45,28.26,1.006432,0.658698,3.5413,0.1319
4981,-100,-70.0,40,4.5,7.0,-47.52,14.7062,-89,76.3,28.43,1.094822,0.802246,6.1564,0.1337
4982,-100,-70.0,40,4.5,7.5,-47.76,15.2744,-91,77.14,27.44,1.056526,0.666968,3.2347,0.1654
4983,-100,-70.0,40,4.5,8.0,-47.59,15.5449,-94,76.22,28.54,1.087983,0.734177,4.4715,0.1543
4984,-100,-70.0,40,4.5,8.5,-47.41,15.3545,-94,75.9,28.93,1.025719,0.678653,4.155,0.1823
4986,-100,-70.0,40,4.5,9.5,-47.4,15.8049,-93,77.51,26.99,1.159265,0.791593,5.6617,0.1611
4985,-100,-70.0,40,4.5,9.0,-47.74,15.6678,-97,75.91,28.92,1.033255,0.632648,2.6141,0.1829
4987,-100,-70.0,40,4.5,10.0,-47.02,16.0252,-99,76.86,27.77,1.087391,0.646054,1.9303,0.2055
4988,-100,-70.0,40,4.5,10.5,-46.98,16.3586,-100,76.46,28.25,1.086525,0.652367,2.4544,0.1931
4989,-100,-70.0,40,4.5,11.0,-47.18,16.542,-100,76.53,28.16,1.234066,0.929797,7.6159,0.1179
4990,-100,-70.0,40,4.5,11.5,-47.37,16.8181,-100,77.48,27.02,1.168773,0.724886,3.5364,0.1726
4991,-100,-70.0,40,4.5,12.0,-47.29,17.5714,-100,77.16,27.41,1.155886,0.714952,3.4483,0.1744
4992,-100,-70.0,40,4.5,12.5,-47.23,17.6037,-100,76.56,28.13,1.114967,0.7152,3.8485,0.1715
4994,-100,-70.0,40,4.5,13.5,-47.29,18.4881,-100,76.67,28.01,1.133516,0.776168,4.6736,0.1443
4993,-100,-70.0,40,4.5,13.0,-47.86,18.5788,-100,77.45,27.06,1.151569,0.726946,3.4645,0.1337
4995,-100,-70.0,40,4.5,14.0,-47.4,19.0196,-100,76.66,28.0,1.207925,0.840137,5.9728,0.1468
4996,-100,-70.0,40,4.75,1.0,-44.65,13.5728,-66,75.79,29.04,0.982361,0.651637,4.31,0.1532
4997,-100,-70.0,40,4.75,1.5,-44.35,14.3365,-68,75.39,29.54,0.964833,0.605714,3.2623,0.1984
4998,-100,-70.0,40,4.75,2.0,-44.25,13.581,-69,76.43,28.28,1.003651,0.617258,2.4956,0.1867
4999,-100,-70.0,40,4.75,2.5,-44.62,14.0793,-70,75.9,28.92,0.937258,0.579637,2.693,0.1916
5000,-100,-70.0,40,4.75,3.0,-44.6,13.912,-71,76.0,28.8,0.984029,0.635509,3.6212,0.1724
5001,-100,-70.0,40,4.75,3.5,-44.5,13.8258,-71,76.0,28.8,0.971875,0.617644,3.1404,0.1651
5002,-100,-70.0,40,4.75,4.0,-45.29,14.6136,-77,76.29,28.45,1.00531,0.656037,3.9269,0.1843
5003,-100,-70.0,40,4.75,4.5,-44.83,14.6581,-78,76.24,28.51,0.975969,0.60653,2.5018,0.1812
5004,-100,-70.0,40,4.75,5.0,-44.26,15.1027,-79,75.59,29.29,0.955716,0.617146,3.583,0.1825
5005,-100,-70.0,40,4.75,5.5,-44.67,14.6049,-81,76.89,27.74,1.014341,0.63588,2.7998,0.1832
5006,-100,-70.0,40,4.75,6.0,-44.42,14.7228,-82,76.35,28.37,1.022634,0.658455,3.6561,0.178
5007,-100,-70.0,40,4.75,6.5,-44.46,15.0952,-87,76.75,27.9,0.998126,0.658191,3.9297,0.1705
5008,-100,-70.0,40,4.75,7.0,-45.13,14.5971,-85,76.1,28.67,1.059324,0.73293,5.1971,0.1486
5009,-100,-70.0,40,4.75,7.5,-45.07,15.0555,-84,76.44,28.26,1.021478,0.645447,3.1772,0.1755
5010,-100,-70.0,40,4.75,8.0,-44.22,15.7727,-92,76.49,28.2,1.018509,0.649419,3.4173,0.1789
5011,-100,-70.0,40,4.75,8.5,-43.88,16.5643,-90,76.49,28.21,1.039672,0.658026,3.499,0.1802
5012,-100,-70.0,40,4.75,9.0,-44.62,16.4827,-94,76.29,28.47,1.022968,0.676011,4.0577,0.1691
5013,-100,-70.0,40,4.75,9.5,-44.58,16.5405,-95,76.28,28.45,1.068286,0.742988,5.3546,0.1541
5014,-100,-70.0,40,4.75,10.0,-44.45,17.7063,-99,76.87,27.76,1.072219,0.689148,3.3925,0.171
5015,-100,-70.0,40,4.75,10.5,-44.27,17.1941,-95,76.66,28.0,1.061846,0.68244,3.5134,0.1593
5016,-100,-70.0,40,4.75,11.0,-44.57,17.2894,-100,76.48,28.22,1.067132,0.679146,3.3278,0.1788
5019,-100,-70.0,40,4.75,12.5,-44.72,18.4308,-100,75.38,29.54,1.066105,0.736012,5.1194,0.1534
5017,-100,-70.0,40,4.75,11.5,-44.47,18.0878,-100,76.76,27.89,1.092069,0.655951,2.3857,0.1972
5018,-100,-70.0,40,4.75,12.0,-44.95,17.9042,-100,76.66,28.01,1.106468,0.747825,5.0456,0.1577
5020,-100,-70.0,40,4.75,13.0,-44.32,18.93,-100,76.48,28.22,1.127686,0.762701,5.0348,0.162
5021,-100,-70.0,40,4.75,13.5,-44.14,19.3916,-100,77.04,27.56,1.112723,0.727637,4.1002,0.1497
5022,-100,-70.0,40,4.75,14.0,-44.37,18.9962,-100,76.91,27.7,1.106735,0.696862,3.1485,0.1676
5023,-100,-70.0,40,5.0,1.0,-41.3,14.465,-63,75.59,29.29,0.919897,0.599781,3.587,0.175
5024,-100,-70.0,40,5.0,1.5,-41.79,14.6069,-65,76.16,28.61,0.959619,0.587757,2.1724,0.1934
5025,-100,-70.0,40,5.0,2.0,-41.35,14.8694,-67,76.66,28.02,1.007337,0.622308,2.8694,0.1755
5026,-100,-70.0,40,5.0,2.5,-41.68,15.2019,-70,76.1,28.68,1.003466,0.634763,3.7261,0.1711
5027,-100,-70.0,40,5.0,3.0,-41.71,14.6895,-70,75.5,29.4,0.930539,0.604937,3.4759,0.1856
5028,-100,-70.0,40,5.0,3.5,-41.54,13.514,-70,75.88,28.95,1.071183,0.800068,6.8207,0.1515
5031,-100,-70.0,40,5.0,5.0,-42.22,14.604,-78,75.98,28.83,0.977264,0.660551,4.1119,0.1855
5029,-100,-70.0,40,5.0,4.0,-41.88,15.3126,-76,76.13,28.64,0.931586,0.636029,4.0206,0.1548
5030,-100,-70.0,40,5.0,4.5,-42.1,15.1697,-78,76.47,28.24,0.979,0.639472,3.763,0.1755
5032,-100,-70.0,40,5.0,5.5,-42.04,15.4246,-78,76.07,28.72,0.964267,0.61596,3.0977,0.1885
5033,-100,-70.0,40,5.0,6.0,-41.97,14.6609,-83,76.14,28.64,1.029243,0.698782,4.8609,0.1618
5034,-100,-70.0,40,5.0,6.5,-42.12,15.5424,-83,76.16,28.61,0.994969,0.613209,2.3795,0.189
5035,-100,-70.0,40,5.0,7.0,-41.73,15.8334,-84,76.57,28.12,0.981912,0.650805,3.7234,0.1826
5036,-100,-70.0,40,5.0,7.5,-41.7,16.2449,-86,75.99,28.8,0.996138,0.655371,3.8624,0.1705
5037,-100,-70.0,40,5.0,8.0,-41.13,16.4608,-87,76.3,28.44,0.971148,0.608599,2.7594,0.1905
5038,-100,-70.0,40,5.0,8.5,-41.54,16.4675,-87,76.6,28.08,1.035859,0.64285,3.1748,0.1868
5039,-100,-70.0,40,5.0,9.0,-42.12,17.2487,-88,75.56,29.32,0.978649,0.661043,4.3069,0.1707
5040,-100,-70.0,40,5.0,9.5,-42.11,17.2889,-98,76.4,28.31,1.04833,0.661502,3.5026,0.192
5043,-100,-70.0,40,5.0,11.0,-41.63,17.6676,-93,76.56,28.13,1.117908,0.779915,5.7914,0.1617
5042,-100,-70.0,40,5.0,10.5,-41.31,17.8033,-98,76.91,27.7,1.063051,0.672341,3.2198,0.1685
5041,-100,-70.0,40,5.0,10.0,-41.46,17.7877,-99,76.61,28.08,1.036568,0.673491,4.1046,0.161
5050,-100,-65.0,40,1.0,1.0,,,,100.0,0.0,0.0,0.0,0.0,0.0
5051,-100,-65.0,40,1.0,1.5,,,,100.0,0.0,0.0,0.0,0.0,0.0
5045,-100,-70.0,40,5.0,12.0,-41.18,19.0723,-100,76.76,27.9,1.099298,0.715099,4.6195,0.1792
5052,-100,-65.0,40,1.0,2.0,,,,100.0,0.0,0.0,0.0,0.0,0.0
5044,-100,-70.0,40,5.0,11.5,-42.2,17.9686,-100,76.49,28.21,1.06939,0.683618,3.9263,0.1742
5046,-100,-70.0,40,5.0,12.5,-41.4,18.857,-100,76.76,27.88,1.090096,0.697133,3.8406,0.1752
5053,-100,-65.0,40,1.0,2.5,,,,100.0,0.0,0.0,0.0,0.0,0.0
5055,-100,-65.0,40,1.0,3.5,,,,100.0,0.0,0.0,0.0,0.0,0.0
5054,-100,-65.0,40,1.0,3.0,,,,100.0,0.0,0.0,0.0,0.0,0.0
5047,-100,-70.0,40,5.0,13.0,-41.66,19.1159,-100,75.93,28.88,1.03745,0.672245,3.8264,0.1677
5048,-100,-70.0,40,5.0,13.5,-42.04,19.6822,-100,76.91,27.72,1.073641,0.68042,3.2525,0.1755
5049,-100,-70.0,40,5.0,14.0,-41.53,19.7791,-100,76.05,28.75,1.06542,0.673634,3.2261,0.1789
5056,-100,-65.0,40,1.0,4.0,-81.5,3.5,-85,100.0,0.0,3.282045,0.171802,0.0033,0.0
5057,-100,-65.0,40,1.0,4.5,-82.1,4.9459,-88,99.99,0.01,3.186642,0.856467,0.0249,0.0
5058,-100,-65.0,40,1.0,5.0,-84.66,5.119,-93,99.98,0.02,3.080121,0.634819,0.0655,0.0
5059,-100,-65.0,40,1.0,5.5,-82.36,6.4582,-99,99.97,0.03,2.014294,0.59906,0.0825,0.0
5060,-100,-65.0,40,1.0,6.0,-83.86,5.8563,-96,99.92,0.09,2.673175,0.779786,0.1632,0.0
5061,-100,-65.0,40,1.0,6.5,-85.76,6.8431,-100,99.92,0.09,3.631164,1.191272,0.1306,0.0
5062,-100,-65.0,40,1.0,7.0,-87.21,7.2169,-100,99.83,0.21,3.051576,0.961552,0.2709,0.0
5064,-100,-65.0,40,1.0,8.0,-86.11,8.4485,-100,99.39,0.73,2.503841,1.05867,1.522,0.0
5063,-100,-65.0,40,1.0,7.5,-87.35,7.6625,-100,99.65,0.42,2.918865,1.120658,0.5432,0.0
5065,-100,-65.0,40,1.0,8.5,-87.0,8.6335,-100,99.42,0.7,2.722334,1.285275,0.9167,0.001
5066,-100,-65.0,40,1.0,9.0,-86.42,8.8084,-100,99.21,0.95,2.612465,1.035196,1.0876,0.0009
5067,-100,-65.0,40,1.0,9.5,-86.44,9.3217,-100,98.87,1.36,2.630749,1.036762,1.3563,0.0021
5068,-100,-65.0,40,1.0,10.0,-86.5,9.6622,-100,98.81,1.43,3.41328,1.797602,0.849,0.0012
5069,-100,-65.0,40,1.0,10.5,-86.05,9.9957,-100,98.2,2.16,2.877371,1.53246,1.5967,0.005
5070,-100,-65.0,40,1.0,11.0,-85.95,10.2626,-100,97.98,2.42,2.80635,1.388354,1.9154,0.0016
5071,-100,-65.0,40,1.0,11.5,-85.72,11.186,-100,97.13,3.44,2.701668,1.169656,2.4264,0.0061
5072,-100,-65.0,40,1.0,12.0,-85.95,10.8428,-100,97.44,3.07,2.927307,1.220593,1.6255,0.0106
5073,-100,-65.0,40,1.0,12.5,-85.5,11.1512,-100,96.93,3.69,2.995161,1.168216,1.7227,0.0115
5074,-100,-65.0,40,1.0,13.0,-85.12,11.3904,-100,96.21,4.55,2.754317,1.402835,2.1955,0.007
5077,-100,-65.0,40,1.25,1.0,,,,100.0,0.0,0.0,0.0,0.0,0.0
5075,-100,-65.0,40,1.0,13.5,-85.44,11.6921,-100,96.11,4.67,2.834569,1.416911,2.3889,0.0164
5076,-100,-65.0,40,1.0,14.0,-84.95,12.0513,-100,95.85,4.98,2.682186,1.09717,2.0594,0.0181
5078,-100,-65.0,40,1.25,1.5,-74.0,0.0,-74,100.0,0.0,9.375724,0.0,0.0024,0.0
5079,-100,-65.0,40,1.25,2.0,-76.0,0.0,-76,100.0,0.0,2.188253,0.0,0.0024,0.0
5080,-100,-65.0,40,1.25,2.5,-78.0,1.0,-79,100.0,0.0,5.61252,2.994649,0.0033,0.0
5081,-100,-65.0,40,1.25,3.0,-76.91,2.3921,-81,99.99,0.01,2.108624,0.756913,0.0268,0.0
5082,-100,-65.0,40,1.25,3.5,-77.17,3.2844,-83,99.99,0.01,3.088847,1.372586,0.034,0.0
5083,-100,-65.0,40,1.25,4.0,-78.05,3.8743,-85,99.98,0.02,3.42159,0.996138,0.0497,0.0
5084,-100,-65.0,40,1.25,4.5,-79.59,4.7517,-87,99.75,0.3,1.762223,0.844351,0.8797,0.0
5085,-100,-65.0,40,1.25,5.0,-80.88,5.0236,-91,99.92,0.09,2.553816,1.181657,0.1717,0.0
5086,-100,-65.0,40,1.25,5.5,-80.87,5.9548,-94,99.74,0.31,3.332047,1.024599,0.5434,0.0
5087,-100,-65.0,40,1.25,6.0,-85.95,6.9003,-99,99.81,0.23,3.671126,1.475205,0.3232,0.0
5088,-100,-65.0,40,1.25,6.5,-85.9,7.2539,-100,99.57,0.52,3.158622,1.325175,0.8118,0.0001
5089,-100,-65.0,40,1.25,7.0,-85.01,7.8892,-100,99.33,0.81,3.307408,1.122341,1.2325,0.0
5090,-100,-65.0,40,1.25,7.5,-83.5,7.7904,-100,98.84,1.39,2.489199,1.077424,1.8898,0.0003
5091,-100,-65.0,40,1.25,8.0,-83.75,8.4039,-100,98.86,1.37,3.311168,1.317718,1.3578,0.0004
5092,-100,-65.0,40,1.25,8.5,-83.69,8.8559,-100,98.62,1.66,3.092127,1.474228,1.5837,0.0009
5093,-100,-65.0,40,1.25,9.0,-83.96,9.442,-100,98.38,1.94,3.71509,1.651954,1.5566,0.0004
5094,-100,-65.0,40,1.25,9.5,-83.26,9.7841,-100,97.69,2.78,2.878693,1.527051,2.9217,0.003
5096,-100,-65.0,40,1.25,10.5,-83.52,10.6191,-100,97.28,3.26,3.099682,1.027964,2.4015,0.0032
5095,-100,-65.0,40,1.25,10.0,-83.88,10.0932,-100,97.54,2.96,3.084979,1.498393,1.9865,0.0041
5097,-100,-65.0,40,1.25,11.0,-84.21,10.7557,-100,97.07,3.52,3.141839,1.101041,2.0922,0.0065
5098,-100,-65.0,40,1.25,11.5,-83.2,11.1666,-100,95.77,5.08,2.721054,1.019932,3.1448,0.008
5100,-100,-65.0,40,1.25,12.5,-83.08,11.9416,-100,95.33,5.61,2.912111,1.07072,2.6365,0.0172
5099,-100,-65.0,40,1.25,12.0,-83.1,11.6659,-100,95.53,5.36,3.002007,0.957966,2.7055,0.0185
5101,-100,-65.0,40,1.25,13.0,-83.0,12.3183,-100,95.04,5.95,3.018737,1.334077,2.9586,0.0096
5102,-100,-65.0,40,1.25,13.5,-82.65,12.5602,-100,94.14,7.03,2.897948,1.04525,2.8983,0.0198
5104,-100,-65.0,40,1.5,1.0,-72.22,1.2,-73,99.99,0.01,4.191962,0.683838,0.0219,0.0
5103,-100,-65.0,40,1.25,14.0,-82.74,12.8632,-100,93.63,7.65,2.748283,1.396952,4.2764,0.0171
5105,-100,-65.0,40,1.5,1.5,-72.31,0.7483,-73,99.99,0.01,3.226465,0.669725,0.0198,0.0
5107,-100,-65.0,40,1.5,2.5,-74.05,2.9617,-78,99.95,0.06,4.558255,1.062609,0.1651,0.0
5106,-100,-65.0,40,1.5,2.0,-73.19,1.9786,-76,99.99,0.02,3.670319,0.795401,0.0559,0.0
5108,-100,-65.0,40,1.5,3.0,-73.28,3.4573,-81,99.77,0.28,3.531843,0.883473,0.9505,0.0
5109,-100,-65.0,40,1.5,3.5,-75.04,3.5773,-82,99.93,0.08,4.639967,2.380601,0.1907,0.0
5110,-100,-65.0,40,1.5,4.0,-78.01,4.5759,-90,99.86,0.17,6.619931,4.126454,0.3277,0.0
5111,-100,-65.0,40,1.5,4.5,-77.67,5.1286,-88,99.49,0.62,3.003937,0.965175,1.4173,0.0
5113,-100,-65.0,40,1.5,5.5,-79.52,6.4902,-98,99.07,1.12,3.039701,0.962622,2.3278,0.0
5112,-100,-65.0,40,1.5,5.0,-81.52,5.6331,-100,99.32,0.82,3.581755,1.065935,1.3029,0.0
5114,-100,-65.0,40,1.5,6.0,-82.41,6.7386,-100,98.77,1.47,2.975909,1.015915,2.6399,0.0
5115,-100,-65.0,40,1.5,6.5,-82.77,7.2854,-100,98.63,1.64,2.821793,1.017528,2.4896,0.0001
5116,-100,-65.0,40,1.5,7.0,-82.26,7.6132,-100,97.85,2.58,2.852812,0.98206,3.2976,0.0004
5117,-100,-65.0,40,1.5,7.5,-81.77,8.2101,-100,98.17,2.19,3.516773,1.400195,2.3377,0.0012
5118,-100,-65.0,40,1.5,8.0,-81.69,8.9167,-100,97.61,2.87,3.195862,1.763151,3.7745,0.0009
5119,-100,-65.0,40,1.5,8.5,-81.47,9.2262,-100,97.06,3.53,3.006252,1.657227,3.9448,0.0021
5120,-100,-65.0,40,1.5,9.0,-81.14,9.4997,-100,96.95,3.66,3.603338,1.372483,2.5089,0.0068
5121,-100,-65.0,40,1.5,9.5,-81.48,9.7473,-100,96.44,4.27,3.194694,1.946522,2.7268,0.0023
5122,-100,-65.0,40,1.5,10.0,-80.91,11.1063,-100,95.83,5.0,3.086493,1.406543,4.2773,0.0096
5123,-100,-65.0,40,1.5,10.5,-81.0,10.7041,-100,95.35,5.58,3.115483,1.223154,3.5083,0.007
5125,-100,-65.0,40,1.5,11.5,-81.18,11.8314,-100,94.8,6.24,3.325689,1.447183,4.0485,0.0123
5124,-100,-65.0,40,1.5,11.0,-80.69,11.3091,-100,94.35,6.78,2.865808,1.307738,4.3676,0.0185
5126,-100,-65.0,40,1.5,12.0,-81.22,12.184,-100,94.07,7.11,3.065567,1.22281,3.8999,0.0213
5127,-100,-65.0,40,1.5,12.5,-80.69,12.4371,-100,93.42,7.89,2.952436,1.390927,4.1409,0.0182
5128,-100,-65.0,40,1.5,13.0,-80.5,13.2505,-100,93.03,8.36,2.850024,1.220847,4.362,0.0241
5132,-100,-65.0,40,1.75,1.5,-71.8,2.2114,-77,99.51,0.59,4.364913,1.508266,1.5488,0.0
5131,-100,-65.0,40,1.75,1.0,-70.39,1.6138,-75,98.79,1.46,1.475554,0.750905,4.9774,0.0
5129,-100,-65.0,40,1.5,13.5,-80.33,13.4021,-100,92.63,8.84,2.911261,1.384973,4.1175,0.0192
5133,-100,-65.0,40,1.75,2.0,-72.05,2.6136,-77,99.81,0.23,5.716016,1.517054,0.5283,0.0
5130,-100,-65.0,40,1.5,14.0,-80.69,13.7787,-100,92.42,9.09,2.948386,1.213229,4.3387,0.0317
5134,-100,-65.0,40,1.75,2.5,-74.38,2.7583,-83,99.08,1.1,2.431081,1.234575,2.3529,0.0
5135,-100,-65.0,40,1.75,3.0,-73.57,3.6263,-81,99.48,0.62,4.411164,1.349744,1.6241,0.0
5136,-100,-65.0,40,1.75,3.5,-73.53,4.2734,-85,99.19,0.97,4.547371,2.780595,1.7953,0.0
5137,-100,-65.0,40,1.75,4.0,-75.96,4.786,-89,98.21,2.15,2.225494,1.851558,5.7126,0.0
5138,-100,-65.0,40,1.75,4.5,-76.95,4.9995,-89,98.27,2.07,2.508493,1.036888,3.7134,0.0
5139,-100,-65.0,40,1.75,5.0,-77.6,5.8732,-95,97.9,2.53,2.266277,1.147578,5.0036,0.0
5140,-100,-65.0,40,1.75,5.5,-77.99,6.3472,-98,97.58,2.9,3.142326,2.299269,5.0959,0.0
5141,-100,-65.0,40,1.75,6.0,-78.92,6.9716,-98,97.38,3.15,2.498402,1.415714,5.5757,0.0003
5142,-100,-65.0,40,1.75,6.5,-78.92,7.6697,-99,97.27,3.27,3.457662,1.231306,3.5669,0.0007
5143,-100,-65.0,40,1.75,7.0,-78.72,8.3037,-100,96.96,3.65,3.257905,1.54992,4.3129,0.0007
5144,-100,-65.0,40,1.75,7.5,-78.54,8.461,-100,96.49,4.21,3.051879,1.59906,4.1609,0.0012
5145,-100,-65.0,40,1.75,8.0,-78.88,9.1226,-100,96.23,4.53,3.29228,1.861246,4.4357,0.0029
5146,-100,-65.0,40,1.75,8.5,-79.0,9.8414,-100,95.21,5.74,2.994851,1.278588,5.1595,0.0045
5147,-100,-65.0,40,1.75,9.0,-79.25,10.2846,-100,95.24,5.71,2.941627,2.111587,5.4935,0.005
5148,-100,-65.0,40,1.75,9.5,-78.57,10.7057,-100,94.2,6.95,2.722679,1.659074,6.1819,0.0082
5149,-100,-65.0,40,1.75,10.0,-78.45,11.0079,-100,93.93,7.28,3.049351,1.608919,5.2765,0.0162
5150,-100,-65.0,40,1.75,10.5,-78.64,11.6151,-100,93.37,7.96,2.939757,1.443265,5.8791,0.0209
5151,-100,-65.0,40,1.75,11.0,-77.77,11.9562,-100,91.96,9.65,2.684714,1.546384,6.341,0.0145
5152,-100,-65.0,40,1.75,11.5,-78.42,11.8565,-100,92.57,8.91,3.038349,1.119358,4.2056,0.0253
5153,-100,-65.0,40,1.75,12.0,-78.49,12.3216,-100,92.99,8.41,3.287697,1.886091,4.3214,0.0127
5154,-100,-65.0,40,1.75,12.5,-77.76,13.0281,-100,91.64,10.03,2.958562,1.290921,5.0057,0.0274
5155,-100,-65.0,40,1.75,13.0,-77.94,13.1628,-100,90.73,11.12,2.741786,1.46696,6.2337,0.029
5156,-100,-65.0,40,1.75,13.5,-77.72,13.4774,-100,91.14,10.63,3.040805,1.131853,4.0215,0.0371
5157,-100,-65.0,40,1.75,14.0,-77.93,14.2281,-100,90.6,11.27,2.970815,1.248556,5.1043,0.0348
5158,-100,-65.0,40,2.0,1.0,-68.41,2.2214,-75,96.75,3.9,1.144361,1.163354,10.203,0.0
5159,-100,-65.0,40,2.0,1.5,-69.8,2.9461,-76,96.78,3.87,1.124127,1.206205,10.5325,0.0
5160,-100,-65.0,40,2.0,2.0,-71.2,3.0122,-78,97.85,2.59,1.700316,0.940766,6.2124,0.0
5161,-100,-65.0,40,2.0,2.5,-72.09,3.4854,-81,97.0,3.61,1.773258,2.039154,9.2558,0.0
5162,-100,-65.0,40,2.0,3.0,-72.08,4.7982,-84,96.54,4.15,1.695572,1.665947,9.5345,0.0
5163,-100,-65.0,40,2.0,3.5,-73.39,4.4278,-85,96.16,4.61,2.101302,1.199622,7.5404,0.0
5164,-100,-65.0,40,2.0,4.0,-74.99,5.2345,-87,96.65,4.02,2.281654,1.400885,6.8471,0.0
5165,-100,-65.0,40,2.0,4.5,-75.66,5.4033,-93,95.99,4.81,2.118023,2.032914,9.1481,0.0
5166,-100,-65.0,40,2.0,5.0,-75.44,6.1242,-95,95.62,5.26,2.428387,1.959251,8.007,0.0001
5167,-100,-65.0,40,2.0,5.5,-75.9,6.6108,-97,95.47,5.43,2.488544,1.931302,8.2127,0.0002
5168,-100,-65.0,40,2.0,6.0,-75.55,7.914,-97,94.12,7.06,2.207412,1.550475,9.3682,0.0004
5169,-100,-65.0,40,2.0,6.5,-75.96,8.8215,-99,94.94,6.07,2.547477,1.411717,7.2789,0.0013
5170,-100,-65.0,40,2.0,7.0,-76.09,8.7196,-100,94.07,7.12,2.342478,1.512865,8.1809,0.0014
5171,-100,-65.0,40,2.0,7.5,-75.46,8.8767,-100,93.22,8.14,2.477922,1.482008,7.9291,0.0056
5172,-100,-65.0,40,2.0,8.0,-75.81,10.2213,-100,92.96,8.45,2.46473,1.544716,8.5045,0.0072
5173,-100,-65.0,40,2.0,8.5,-75.81,10.2784,-100,92.42,9.1,2.631561,1.753857,8.3501,0.007
5174,-100,-65.0,40,2.0,9.0,-76.21,10.5741,-100,92.56,8.93,2.753688,1.624126,7.3591,0.0102
5175,-100,-65.0,40,2.0,9.5,-75.93,10.8672,-100,92.7,8.76,3.067938,1.391312,5.1835,0.0185
5176,-100,-65.0,40,2.0,10.0,-75.85,11.4721,-100,91.7,9.97,2.732489,1.761833,6.8932,0.0182
5177,-100,-65.0,40,2.0,10.5,-75.71,12.0779,-100,91.29,10.45,2.757766,1.847999,7.7578,0.023
5178,-100,-65.0,40,2.0,11.0,-75.1,12.3576,-100,90.39,11.54,2.778494,1.323145,5.855,0.0384
5179,-100,-65.0,40,2.0,11.5,-75.85,13.2217,-100,89.45,12.66,2.43664,1.641402,9.5229,0.0249
5180,-100,-65.0,40,2.0,12.0,-76.0,13.5678,-100,90.43,11.48,2.84198,2.049156,8.2773,0.0235
5181,-100,-65.0,40,2.0,12.5,-75.7,13.7984,-100,89.6,12.48,2.779836,1.712847,6.691,0.0412
5182,-100,-65.0,40,2.0,13.0,-75.21,14.167,-100,88.65,13.62,2.462433,1.422074,7.4672,0.038
5183,-100,-65.0,40,2.0,13.5,-75.76,14.1786,-100,89.58,12.51,2.841474,1.31703,5.4473,0.0386
5184,-100,-65.0,40,2.0,14.0,-75.18,14.8524,-100,88.8,13.44,2.69045,1.560837,6.6017,0.0323
5185,-100,-65.0,40,2.25,1.0,-67.91,2.853,-75,93.68,7.59,1.150032,1.253064,14.1569,0.0
5186,-100,-65.0,40,2.25,1.5,-69.17,3.6968,-77,93.86,7.37,1.039034,1.352114,14.4151,0.0
5187,-100,-65.0,40,2.25,2.0,-68.63,3.9836,-77,94.26,6.88,1.420189,1.644901,13.1003,0.0
5188,-100,-65.0,40,2.25,2.5,-69.71,4.2225,-79,92.99,8.41,1.138774,1.348531,14.7431,0.0
5189,-100,-65.0,40,2.25,3.0,-69.88,5.2778,-81,94.4,6.73,1.779448,1.955609,12.1812,0.0
5190,-100,-65.0,40,2.25,3.5,-71.9,5.1829,-85,93.24,8.11,1.590663,1.493308,12.8485,0.0
5191,-100,-65.0,40,2.25,4.0,-72.82,5.8513,-86,92.85,8.58,1.594405,1.417685,12.6263,0.0
5192,-100,-65.0,40,2.25,4.5,-72.99,6.8434,-92,91.38,10.34,1.345852,1.546099,14.8243,0.0002
5193,-100,-65.0,40,2.25,5.0,-73.38,7.3687,-93,92.17,9.4,1.887487,1.481221,11.7707,0.0008
5194,-100,-65.0,40,2.25,5.5,-72.45,8.0871,-93,90.4,11.52,1.587176,1.459925,14.1259,0.0012
5195,-100,-65.0,40,2.25,6.0,-73.2,8.5419,-99,91.43,10.28,2.037261,1.647638,12.1404,0.0015
5197,-100,-65.0,40,2.25,7.0,-73.7,9.9112,-100,91.42,10.3,2.215277,1.831606,11.2602,0.0065
5196,-100,-65.0,40,2.25,6.5,-72.45,9.3221,-99,91.85,9.78,2.419394,1.732452,9.9761,0.008
5198,-100,-65.0,40,2.25,7.5,-72.99,9.4872,-100,90.87,10.95,2.462396,1.760548,10.0551,0.0093
5199,-100,-65.0,40,2.25,8.0,-73.37,10.2923,-100,90.86,10.96,2.482416,1.674879,9.4489,0.0074
5200,-100,-65.0,40,2.25,8.5,-73.16,10.7277,-100,89.78,12.27,2.405953,1.694644,9.9773,0.011
5201,-100,-65.0,40,2.25,9.0,-73.08,11.3823,-100,89.06,13.13,2.328572,1.617462,10.2089,0.026
5202,-100,-65.0,40,2.25,9.5,-73.12,11.1413,-100,89.31,12.83,2.476868,1.375994,8.0815,0.0161
5204,-100,-65.0,40,2.25,10.5,-73.37,12.8486,-100,88.48,13.82,2.503284,1.444776,8.9634,0.0347
5203,-100,-65.0,40,2.25,10.0,-72.81,12.3317,-100,87.73,14.73,2.267569,1.848222,12.3795,0.0159
5205,-100,-65.0,40,2.25,11.0,-72.92,13.0994,-100,88.71,13.54,2.698507,1.75692,7.9399,0.0352
5206,-100,-65.0,40,2.25,11.5,-72.74,13.6862,-100,86.75,15.9,2.178896,1.750562,11.6805,0.0246
5207,-100,-65.0,40,2.25,12.0,-73.25,13.9119,-100,87.52,14.97,2.451377,1.499509,8.8582,0.0417
5208,-100,-65.0,40,2.25,12.5,-73.21,14.2743,-100,86.94,15.67,2.413466,1.581193,8.9067,0.0425
5209,-100,-65.0,40,2.25,13.0,-73.15,14.7261,-100,87.09,15.49,2.465719,1.502575,9.0192,0.0394
5210,-100,-65.0,40,2.25,13.5,-72.49,14.6944,-100,87.5,15.01,2.6483,1.353032,5.818,0.054
5211,-100,-65.0,40,2.25,14.0,-72.68,14.8963,-100,86.5,16.2,2.529555,1.482057,8.0817,0.06
5213,-100,-65.0,40,2.5,1.5,-66.24,4.2778,-77,91.31,10.43,1.240253,1.393662,15.2383,0.0
5212,-100,-65.0,40,2.5,1.0,-66.02,3.3185,-74,89.02,13.18,0.808779,1.147044,19.203,0.0
5214,-100,-65.0,40,2.5,2.0,-68.15,4.7905,-76,89.95,12.06,1.074435,1.113983,16.9441,0.0
5215,-100,-65.0,40,2.5,2.5,-68.92,5.397,-80,91.13,10.64,1.547728,1.601824,14.27,0.0
5216,-100,-65.0,40,2.5,3.0,-68.54,5.6753,-83,88.29,14.05,1.222164,1.181496,16.6238,0.0
5217,-100,-65.0,40,2.5,3.5,-69.79,5.7496,-87,90.14,11.83,1.621559,1.236576,13.0314,0.0
5219,-100,-65.0,40,2.5,4.5,-70.32,7.0609,-88,89.1,13.08,1.666717,1.397156,14.086,0.0021
5218,-100,-65.0,40,2.5,4.0,-69.65,6.8627,-86,88.19,14.17,1.373356,1.291001,15.6148,0.0007
5220,-100,-65.0,40,2.5,5.0,-70.34,8.177,-93,89.22,12.94,1.798934,1.41543,13.3464,0.0016
5221,-100,-65.0,40,2.5,5.5,-70.48,8.5528,-95,88.21,14.15,1.59669,1.514842,14.8434,0.0017
5222,-100,-65.0,40,2.5,6.0,-70.35,8.782,-94,88.67,13.59,1.947617,1.388297,11.2302,0.0026
5223,-100,-65.0,40,2.5,6.5,-70.86,8.7038,-96,87.88,14.54,1.831986,1.363803,12.4341,0.0064
5225,-100,-65.0,40,2.5,7.5,-70.37,10.384,-100,88.45,13.86,2.313737,1.527806,9.5932,0.0114
5224,-100,-65.0,40,2.5,7.0,-70.17,10.2659,-100,87.45,15.06,1.94405,1.772044,13.516,0.0157
5227,-100,-65.0,40,2.5,8.5,-70.77,11.1827,-100,88.26,14.09,2.419232,1.680606,9.2872,0.029
5226,-100,-65.0,40,2.5,8.0,-69.89,10.2306,-100,86.08,16.7,2.002968,1.527528,12.0019,0.0174
5228,-100,-65.0,40,2.5,9.0,-69.66,11.4143,-100,86.0,16.81,2.086178,1.326831,10.0554,0.0212
5229,-100,-65.0,40,2.5,9.5,-69.86,12.1409,-100,86.42,16.29,2.33706,1.548286,9.6865,0.0412
5231,-100,-65.0,40,2.5,10.5,-70.55,13.113,-100,85.8,17.04,2.242445,1.682459,11.6738,0.0374
5230,-100,-65.0,40,2.5,10.0,-70.61,12.4493,-100,87.19,15.36,2.434883,1.668436,9.2546,0.0364
5232,-100,-65.0,40,2.5,11.0,-69.78,13.2977,-100,85.1,17.89,2.145931,1.674178,10.8032,0.0426
5233,-100,-65.0,40,2.5,11.5,-69.95,13.5052,-100,85.82,17.02,2.404801,1.498191,8.5085,0.0375
5234,-100,-65.0,40,2.5,12.0,-70.09,14.2009,-100,84.85,18.18,2.16817,1.562922,10.6155,0.0479
5235,-100,-65.0,40,2.5,12.5,-70.41,14.3522,-100,86.39,16.34,2.514463,1.457444,6.8115,0.039
5237,-100,-65.0,40,2.5,13.5,-70.11,14.8955,-100,85.77,17.08,2.549769,1.439815,7.2872,0.08
5236,-100,-65.0,40,2.5,13.0,-70.0,14.7833,-100,85.03,17.97,2.352642,1.602416,8.8082,0.0437
5238,-100,-65.0,40,2.5,14.0,-69.61,15.4369,-100,85.75,17.11,2.579769,1.495043,6.8212,0.0631
5239,-100,-65.0,40,2.75,1.0,-65.52,4.5091,-74,85.2,17.75,0.947709,0.899647,18.8631,0.0
5241,-100,-65.0,40,2.75,2.0,-65.64,6.3623,-75,86.43,16.29,1.256075,1.317688,17.3076,0.0
5240,-100,-65.0,40,2.75,1.5,-65.12,5.6938,-76,87.19,15.37,0.985757,1.025536,18.5673,0.0
5242,-100,-65.0,40,2.75,2.5,-66.4,6.4482,-81,85.85,16.98,0.999519,1.188954,19.448,0.0
5243,-100,-65.0,40,2.75,3.0,-66.92,7.472,-82,84.91,18.11,1.289248,1.196778,16.4327,0.0002
5244,-100,-65.0,40,2.75,3.5,-67.43,7.4309,-83,85.48,17.42,1.339098,1.294129,16.5462,0.0003
5245,-100,-65.0,40,2.75,4.0,-67.33,7.6859,-86,85.1,17.89,1.381838,1.217519,15.91,0.001
5246,-100,-65.0,40,2.75,4.5,-67.46,7.8895,-89,85.07,17.92,1.475015,1.545542,16.7942,0.0042
5247,-100,-65.0,40,2.75,5.0,-66.86,8.8968,-89,84.75,18.3,1.568495,1.321948,15.1716,0.0022
5248,-100,-65.0,40,2.75,5.5,-67.91,9.1377,-92,85.23,17.73,1.681648,1.48464,14.2855,0.008
5249,-100,-65.0,40,2.75,6.0,-67.64,9.4365,-99,84.34,18.79,1.703475,1.904701,15.7227,0.0058
5250,-100,-65.0,40,2.75,6.5,-67.37,10.1096,-98,84.31,18.83,1.883741,1.549247,13.35,0.0193
5251,-100,-65.0,40,2.75,7.0,-67.27,11.1447,-100,84.55,18.54,1.859868,1.483542,13.1763,0.0194
5253,-100,-65.0,40,2.75,8.0,-67.78,10.809,-100,83.68,19.59,1.827709,1.651634,14.1273,0.0311
5252,-100,-65.0,40,2.75,7.5,-67.23,10.7626,-100,84.52,18.58,1.984002,1.662526,12.6752,0.0255
5254,-100,-65.0,40,2.75,8.5,-67.72,11.8315,-100,84.64,18.44,2.070568,1.550772,11.2908,0.0489
5255,-100,-65.0,40,2.75,9.0,-67.43,12.4709,-100,84.26,18.89,2.114698,1.465671,10.1866,0.0386
5256,-100,-65.0,40,2.75,9.5,-67.04,12.304,-100,84.45,18.66,2.260499,1.489797,8.3209,0.0441
5257,-100,-65.0,40,2.75,10.0,-67.37,12.8807,-100,83.7,19.56,2.113644,1.369315,9.6553,0.0558
5258,-100,-65.0,40,2.75,10.5,-67.08,13.2838,-100,82.69,20.77,1.941273,1.687563,12.7675,0.0523
5259,-100,-65.0,40,2.75,11.0,-66.9,13.9747,-100,83.02,20.38,2.06635,1.459359,10.3497,0.0691
5261,-100,-65.0,40,2.75,12.0,-66.73,14.0864,-100,84.4,18.72,2.338267,1.437808,7.4607,0.0683
5260,-100,-65.0,40,2.75,11.5,-67.3,14.0924,-100,83.69,19.57,2.176064,1.452951,9.7183,0.0633
5262,-100,-65.0,40,2.75,12.5,-67.82,15.09,-100,83.76,19.48,2.21242,1.522812,9.7922,0.0522
5264,-100,-65.0,40,2.75,13.5,-68.1,15.5911,-100,84.39,18.73,2.395532,1.483014,7.59,0.0689
5263,-100,-65.0,40,2.75,13.0,-67.03,14.9423,-100,84.14,19.04,2.342117,1.365805,7.0303,0.0583
5265,-100,-65.0,40,2.75,14.0,-67.28,16.188,-100,83.92,19.3,2.292466,1.792868,10.2667,0.0518
5266,-100,-65.0,40,3.0,1.0,-64.65,6.6678,-76,83.17,20.19,1.06896,0.944878,18.1259,0.0001
5267,-100,-65.0,40,3.0,1.5,-64.02,6.3433,-76,82.57,20.92,1.19693,1.366946,18.3435,0.0002
5268,-100,-65.0,40,3.0,2.0,-64.84,6.6493,-80,82.64,20.84,1.127728,1.080696,18.125,0.0001
5269,-100,-65.0,40,3.0,2.5,-63.58,7.4166,-82,82.56,20.93,1.270034,0.957613,15.5724,0.0
5270,-100,-65.0,40,3.0,3.0,-64.56,7.4799,-81,82.21,21.36,1.19868,1.252069,18.2673,0.0006
5271,-100,-65.0,40,3.0,3.5,-64.35,7.7624,-83,81.98,21.62,1.264445,1.180777,16.584,0.0038
5272,-100,-65.0,40,3.0,4.0,-64.84,8.4789,-87,81.83,21.8,1.36076,1.307716,16.6296,0.0059
5273,-100,-65.0,40,3.0,4.5,-64.69,8.815,-87,82.25,21.29,1.576552,1.307878,14.2193,0.0066
5274,-100,-65.0,40,3.0,5.0,-64.62,9.4651,-95,81.86,21.77,1.542011,1.299791,14.8322,0.0144
5275,-100,-65.0,40,3.0,5.5,-65.04,9.4942,-94,83.17,20.2,1.757364,1.504662,13.1023,0.036
5277,-100,-65.0,40,3.0,6.5,-64.78,11.0492,-97,82.26,21.29,1.709335,1.58484,14.1381,0.0366
5276,-100,-65.0,40,3.0,6.0,-64.71,9.8049,-94,81.9,21.72,1.64198,1.547026,13.7036,0.0205
5278,-100,-65.0,40,3.0,7.0,-64.8,11.0772,-97,82.66,20.8,1.820744,1.726487,13.5466,0.0194
5279,-100,-65.0,40,3.0,7.5,-64.81,11.0069,-100,82.01,21.58,1.828678,1.473401,11.9006,0.0461
5280,-100,-65.0,40,3.0,8.0,-64.06,11.6824,-100,81.86,21.76,1.838829,1.417171,11.8286,0.0452
5281,-100,-65.0,40,3.0,8.5,-64.34,12.1922,-100,82.31,21.24,1.888001,1.634462,11.5213,0.0227
5282,-100,-65.0,40,3.0,9.0,-64.82,12.6443,-100,81.97,21.64,1.994455,1.462899,10.7895,0.0525
5283,-100,-65.0,40,3.0,9.5,-64.6,13.0905,-100,82.4,21.11,1.983637,1.790774,12.6901,0.0472
5284,-100,-65.0,40,3.0,10.0,-64.51,13.5932,-100,81.46,22.26,1.916646,1.393957,10.5593,0.0628
5285,-100,-65.0,40,3.0,10.5,-64.11,13.5931,-100,83.14,20.24,2.098899,1.289382,7.1269,0.0494
5287,-100,-65.0,40,3.0,11.5,-64.28,14.5652,-100,81.5,22.2,1.935627,1.407315,9.9541,0.0727
5286,-100,-65.0,40,3.0,11.0,-64.19,13.3853,-100,81.61,22.07,1.899261,1.565226,10.5826,0.052
5288,-100,-65.0,40,3.0,12.0,-64.4,15.1231,-100,82.11,21.46,2.094817,1.440861,8.55,0.0695
5289,-100,-65.0,40,3.0,12.5,-64.14,15.641,-100,82.38,21.14,2.086997,1.283343,8.1921,0.0885
5290,-100,-65.0,40,3.0,13.0,-64.45,15.9413,-100,81.88,21.75,2.036758,1.404365,9.418,0.0777
5291,-100,-65.0,40,3.0,13.5,-64.89,16.02,-100,82.51,20.98,2.08455,1.346612,7.849,0.0788
5292,-100,-65.0,40,3.0,14.0,-64.16,16.287,-100,82.49,21.01,2.108578,1.193203,6.2181,0.0809
5293,-100,-65.0,40,3.25,1.0,-61.17,7.4506,-74,80.39,23.54,1.038131,0.987691,18.3447,0.0
5294,-100,-65.0,40,3.25,1.5,-61.1,7.1128,-76,78.75,25.5,1.109905,1.017245,16.7451,0.0007
5295,-100,-65.0,40,3.25,2.0,-61.5,8.0461,-76,79.92,24.09,1.271087,1.151641,16.2499,0.0016
5297,-100,-65.0,40,3.25,3.0,-62.05,9.1821,-81,81.26,22.48,1.448003,1.190278,14.1609,0.0013
5296,-100,-65.0,40,3.25,2.5,-62.14,8.2477,-80,80.61,23.27,1.212895,1.121511,16.7697,0.0023
5299,-100,-65.0,40,3.25,4.0,-61.8,9.3681,-84,80.56,23.32,1.62352,1.307285,12.355,0.0213
5298,-100,-65.0,40,3.25,3.5,-61.38,8.5858,-83,78.15,26.22,1.2213,1.08915,15.0093,0.0095
5300,-100,-65.0,40,3.25,4.5,-62.0,9.315,-88,79.5,24.61,1.440247,1.237432,13.9305,0.0136
5301,-100,-65.0,40,3.25,5.0,-62.21,9.836,-88,80.89,22.92,1.640087,1.259829,11.928,0.0346
5302,-100,-65.0,40,3.25,5.5,-61.75,10.1928,-94,80.23,23.72,1.616278,1.321631,12.0084,0.0275
5303,-100,-65.0,40,3.25,6.0,-61.47,11.2434,-92,79.62,24.46,1.579656,1.440083,12.8213,0.0362
5304,-100,-65.0,40,3.25,6.5,-61.5,11.5931,-97,80.29,23.65,1.600297,1.350932,12.0811,0.0261
5305,-100,-65.0,40,3.25,7.0,-61.93,11.7977,-99,80.77,23.07,1.760754,1.281295,10.9984,0.053
5306,-100,-65.0,40,3.25,7.5,-62.04,11.9588,-100,79.25,24.9,1.614986,1.327829,12.5074,0.0705
5307,-100,-65.0,40,3.25,8.0,-61.98,12.2524,-99,81.18,22.59,1.825703,1.429029,10.1423,0.0773
5309,-100,-65.0,40,3.25,9.0,-61.75,12.6985,-100,80.58,23.31,1.774412,1.333844,8.9748,0.0765
5308,-100,-65.0,40,3.25,8.5,-62.05,12.4101,-100,80.57,23.32,1.748774,1.348489,9.9733,0.053
5310,-100,-65.0,40,3.25,9.5,-61.74,13.0635,-100,80.61,23.27,1.67205,1.374054,11.0937,0.0663
5311,-100,-65.0,40,3.25,10.0,-61.53,13.7506,-100,80.9,22.93,1.845748,1.252076,8.5544,0.0842
5312,-100,-65.0,40,3.25,10.5,-61.34,14.2938,-100,80.83,23.0,1.833239,1.192691,8.4583,0.0851
5313,-100,-65.0,40,3.25,11.0,-61.63,14.3736,-100,80.93,22.88,1.888282,1.499517,10.0899,0.0638
5314,-100,-65.0,40,3.25,11.5,-61.64,14.6814,-100,81.1,22.67,1.906087,1.229435,7.4948,0.0808
5316,-100,-65.0,40,3.25,12.5,-61.74,15.5854,-100,80.29,23.66,1.830004,1.379763,8.6606,0.0676
5315,-100,-65.0,40,3.25,12.0,-61.03,15.5732,-100,79.55,24.54,1.753086,1.513787,10.7532,0.0638
5317,-100,-65.0,40,3.25,13.0,-62.11,16.0482,-100,81.02,22.77,1.927338,1.330573,8.3884,0.0732
5318,-100,-65.0,40,3.25,13.5,-61.64,16.4737,-100,81.12,22.67,1.950533,1.316588,8.4608,0.0777
5319,-100,-65.0,40,3.25,14.0,-61.85,16.8382,-100,80.98,22.83,1.914266,1.311228,8.2313,0.088
5321,-100,-65.0,40,3.5,1.5,-58.89,9.6913,-74,78.19,26.18,1.256327,1.185754,15.2776,0.0028
5320,-100,-65.0,40,3.5,1.0,-58.67,8.6884,-73,78.03,26.35,1.192105,1.078251,14.9365,0.004
5323,-100,-65.0,40,3.5,2.5,-59.32,10.6366,-81,79.14,25.03,1.30106,1.234708,15.3455,0.0162
5322,-100,-65.0,40,3.5,2.0,-58.83,9.5001,-76,77.37,27.16,1.167297,1.163114,15.0796,0.0037
5325,-100,-65.0,40,3.5,3.5,-58.77,10.1043,-81,78.53,25.77,1.321046,1.111466,11.474,0.0239
5324,-100,-65.0,40,3.5,3.0,-58.83,9.5566,-79,77.6,26.88,1.224744,1.131043,13.5937,0.0125
5326,-100,-65.0,40,3.5,4.0,-59.4,10.4651,-86,78.91,25.31,1.420378,1.192728,11.7478,0.0318
5327,-100,-65.0,40,3.5,4.5,-58.39,11.4277,-87,78.98,25.23,1.491708,1.200921,10.6936,0.0576
5328,-100,-65.0,40,3.5,5.0,-58.84,10.065,-86,79.13,25.05,1.505703,1.237435,10.8466,0.049
5329,-100,-65.0,40,3.5,5.5,-59.1,11.5321,-88,79.07,25.11,1.519476,1.189195,10.2631,0.0347
5330,-100,-65.0,40,3.5,6.0,-58.88,11.363,-92,78.84,25.39,1.517138,1.26642,10.0836,0.0535
5331,-100,-65.0,40,3.5,6.5,-59.53,12.3667,-96,79.88,24.14,1.556867,1.140549,9.6553,0.0593
5332,-100,-65.0,40,3.5,7.0,-58.61,12.2217,-95,78.26,26.09,1.513684,1.291924,10.6473,0.0724
5333,-100,-65.0,40,3.5,7.5,-59.05,12.6011,-100,78.7,25.56,1.611082,1.475795,11.6534,0.0645
5334,-100,-65.0,40,3.5,8.0,-58.84,13.3306,-97,79.72,24.35,1.647606,1.160444,9.1538,0.0964
5335,-100,-65.0,40,3.5,8.5,-58.75,12.5693,-100,79.84,24.19,1.672942,1.203939,8.337,0.0873
5336,-100,-65.0,40,3.5,9.0,-59.47,13.411,-100,79.69,24.36,1.622644,1.357844,9.7996,0.0696
5337,-100,-65.0,40,3.5,9.5,-58.98,13.3147,-100,78.11,26.27,1.533713,1.249974,10.412,0.0773
5338,-100,-65.0,40,3.5,10.0,-58.89,14.265,-100,79.55,24.53,1.669929,1.260542,9.3411,0.086
5340,-100,-65.0,40,3.5,11.0,-59.1,15.4013,-100,80.28,23.67,1.742037,1.263178,8.2746,0.0868
5339,-100,-65.0,40,3.5,10.5,-58.6,14.6615,-100,79.68,24.39,1.723729,1.142966,7.2603,0.0959
5341,-100,-65.0,40,3.5,11.5,-58.62,14.7614,-100,80.91,22.91,1.931597,1.463705,8.16,0.0773
5342,-100,-65.0,40,3.5,12.0,-59.14,16.1754,-100,80.55,23.35,1.865688,1.335703,8.6899,0.1027
5343,-100,-65.0,40,3.5,12.5,-59.22,15.6809,-100,81.0,22.8,1.827427,1.139895,6.576,0.0964
5344,-100,-65.0,40,3.5,13.0,-58.87,16.5302,-100,79.83,24.21,1.761595,1.192846,7.852,0.1085
5345,-100,-65.0,40,3.5,13.5,-58.64,17.0685,-100,80.14,23.82,1.780958,1.258421,8.2492,0.0858
5346,-100,-65.0,40,3.5,14.0,-58.79,17.5493,-100,79.6,24.48,1.677035,1.172919,7.9222,0.1064
5347,-100,-65.0,40,3.75,1.0,-56.33,9.4261,-71,77.47,27.05,1.210657,1.03556,11.3456,0.025
5349,-100,-65.0,40,3.75,2.0,-55.89,9.687,-74,77.91,26.5,1.262602,0.928268,8.7,0.0266
5348,-100,-65.0,40,3.75,1.5,-56.5,9.8132,-73,76.06,28.73,1.073792,0.859257,11.3413,0.0174
5350,-100,-65.0,40,3.75,2.5,-55.77,11.2764,-76,78.76,25.5,1.390851,1.058485,9.1993,0.0241
5352,-100,-65.0,40,3.75,3.5,-55.84,10.6565,-79,77.29,27.25,1.20967,1.157385,11.0322,0.0264
5351,-100,-65.0,40,3.75,3.0,-56.16,10.578,-78,77.76,26.69,1.300296,1.003362,8.7249,0.074
5353,-100,-65.0,40,3.75,4.0,-55.93,11.1882,-85,77.72,26.75,1.245201,1.023695,9.2375,0.0321
5354,-100,-65.0,40,3.75,4.5,-56.29,11.2478,-87,77.75,26.7,1.263299,0.972052,8.9181,0.0476
5355,-100,-65.0,40,3.75,5.0,-56.17,11.291,-90,77.46,27.05,1.337128,0.985877,8.7694,0.0658
5357,-100,-65.0,40,3.75,6.0,-56.09,12.128,-89,78.49,25.81,1.44907,1.050346,7.9164,0.0866
5356,-100,-65.0,40,3.75,5.5,-55.87,11.7163,-90,78.16,26.21,1.390802,1.011805,8.0003,0.0863
5358,-100,-65.0,40,3.75,6.5,-55.96,12.6907,-94,78.24,26.12,1.467605,1.114107,8.599,0.0961
5359,-100,-65.0,40,3.75,7.0,-56.04,12.962,-91,78.07,26.31,1.389544,1.405504,10.7176,0.0486
5360,-100,-65.0,40,3.75,7.5,-55.97,12.9571,-91,77.78,26.67,1.433067,1.270337,9.8395,0.0813
5361,-100,-65.0,40,3.75,8.0,-55.83,13.7524,-94,78.76,25.49,1.566283,1.201739,7.9841,0.0927
5362,-100,-65.0,40,3.75,8.5,-55.8,14.0833,-95,78.66,25.61,1.547306,1.076617,7.3368,0.0979
5363,-100,-65.0,40,3.75,9.0,-55.74,13.9006,-100,78.77,25.47,1.524751,1.131564,7.5146,0.0938
5364,-100,-65.0,40,3.75,9.5,-56.05,14.122,-100,79.0,25.21,1.512249,1.025632,7.0364,0.0734
5365,-100,-65.0,40,3.75,10.0,-56.23,14.6482,-100,79.15,25.01,1.597583,1.172614,8.0062,0.1001
5366,-100,-65.0,40,3.75,10.5,-55.97,15.4536,-100,78.54,25.75,1.528331,1.044617,7.4234,0.0964
5367,-100,-65.0,40,3.75,11.0,-55.57,15.3523,-100,78.78,25.47,1.538285,1.093639,7.708,0.1242
5368,-100,-65.0,40,3.75,11.5,-55.53,15.9062,-100,79.3,24.84,1.589808,1.021918,6.4375,0.1094
5369,-100,-65.0,40,3.75,12.0,-55.91,16.421,-100,79.87,24.15,1.675917,1.060099,5.8875,0.0917
5370,-100,-65.0,40,3.75,12.5,-56.15,16.8059,-100,79.25,24.9,1.619473,1.123857,7.2729,0.1192
5371,-100,-65.0,40,3.75,13.0,-56.06,16.5242,-100,78.54,25.75,1.592523,1.139471,7.1917,0.0844
5373,-100,-65.0,40,3.75,14.0,-55.16,17.6993,-100,79.64,24.43,1.683822,1.173227,7.2653,0.0984
5372,-100,-65.0,40,3.75,13.5,-56.12,16.6295,-100,79.53,24.56,1.678781,1.211018,7.0628,0.0939
5374,-100,-65.0,40,4.0,1.0,-53.52,10.2073,-72,76.36,28.37,1.064298,0.859879,9.7157,0.025
5375,-100,-65.0,40,4.0,1.5,-53.2,10.7233,-71,76.7,27.95,1.140948,0.900436,7.0947,0.076
5376,-100,-65.0,40,4.0,2.0,-53.11,11.0943,-74,77.29,27.25,1.171621,1.08109,8.838,0.0458
5377,-100,-65.0,40,4.0,2.5,-53.3,11.0839,-77,77.7,26.76,1.248567,0.929964,7.0535,0.0765
5378,-100,-65.0,40,4.0,3.0,-52.87,11.591,-78,77.4,27.11,1.192789,0.859575,5.8366,0.0717
5379,-100,-65.0,40,4.0,3.5,-53.37,12.2252,-80,76.59,28.09,1.227731,0.89599,7.5178,0.0565
5381,-100,-65.0,40,4.0,4.5,-53.51,11.8563,-82,76.95,27.66,1.182391,0.982323,8.3006,0.0553
5380,-100,-65.0,40,4.0,4.0,-52.89,11.4491,-80,77.09,27.49,1.229387,0.952755,7.7679,0.0571
5382,-100,-65.0,40,4.0,5.0,-52.96,12.1985,-83,77.75,26.7,1.297595,0.946576,5.7914,0.1047
5383,-100,-65.0,40,4.0,5.5,-53.42,12.3024,-85,77.59,26.89,1.299911,1.00088,6.9187,0.1095
5384,-100,-65.0,40,4.0,6.0,-53.3,12.8862,-89,78.23,26.13,1.433417,1.005329,6.6901,0.1151
5385,-100,-65.0,40,4.0,6.5,-52.9,12.6825,-90,78.09,26.29,1.358365,0.964505,6.7936,0.1085
5386,-100,-65.0,40,4.0,7.0,-53.04,12.6746,-91,77.86,26.56,1.358653,1.156969,8.7251,0.0783
5387,-100,-65.0,40,4.0,7.5,-53.16,13.2785,-94,78.52,25.77,1.394598,0.875752,4.9518,0.1362
5388,-100,-65.0,40,4.0,8.0,-53.31,13.5953,-94,78.58,25.7,1.382975,1.055057,6.8298,0.0886
5389,-100,-65.0,40,4.0,8.5,-52.72,14.529,-100,78.1,26.27,1.364027,0.960288,6.2287,0.0972
5390,-100,-65.0,40,4.0,9.0,-53.27,14.325,-98,78.48,25.83,1.453123,0.952672,6.1026,0.1082
5391,-100,-65.0,40,4.0,9.5,-53.12,15.3926,-100,78.36,25.96,1.400897,1.004372,6.6406,0.0842
5392,-100,-65.0,40,4.0,10.0,-53.35,15.1546,-100,77.91,26.5,1.401767,1.095492,7.5702,0.092
5393,-100,-65.0,40,4.0,10.5,-53.24,15.4013,-100,78.1,26.27,1.432601,1.022177,6.4698,0.1051
5394,-100,-65.0,40,4.0,11.0,-53.03,15.9164,-100,78.81,25.43,1.516154,1.162514,7.7966,0.0905
5395,-100,-65.0,40,4.0,11.5,-52.88,16.2182,-100,77.99,26.41,1.455542,1.197213,8.3196,0.0926
5396,-100,-65.0,40,4.0,12.0,-53.49,17.1673,-100,78.77,25.48,1.513415,1.039897,7.1125,0.1169
5397,-100,-65.0,40,4.0,12.5,-52.56,16.7232,-100,79.08,25.1,1.540202,1.097313,7.01,0.1108
5398,-100,-65.0,40,4.0,13.0,-53.08,17.478,-100,78.73,25.52,1.475245,1.083455,6.807,0.0923
5400,-100,-65.0,40,4.0,14.0,-52.48,17.82,-100,78.63,25.65,1.516408,1.02833,5.9264,0.1172
5399,-100,-65.0,40,4.0,13.5,-53.13,17.9852,-100,79.36,24.77,1.58422,0.985481,5.2769,0.134
5401,-100,-65.0,40,4.25,1.0,-50.62,12.0938,-69,76.15,28.62,1.042174,0.845383,6.8951,0.059
5402,-100,-65.0,40,4.25,1.5,-50.56,12.1087,-71,76.01,28.79,1.068613,0.855821,6.8698,0.0913
5403,-100,-65.0,40,4.25,2.0,-50.01,12.1228,-73,77.57,26.92,1.119371,0.809532,5.9133,0.1412
5405,-100,-65.0,40,4.25,3.0,-49.91,12.1613,-75,77.15,27.42,1.113824,0.747614,4.0467,0.1545
5404,-100,-65.0,40,4.25,2.5,-50.35,11.9587,-74,76.55,28.15,1.143623,0.759007,3.8461,0.1563
5406,-100,-65.0,40,4.25,3.5,-50.05,12.6378,-78,77.06,27.53,1.133029,0.785974,5.0111,0.1016
5407,-100,-65.0,40,4.25,4.0,-50.7,12.8012,-83,77.48,27.03,1.160691,0.751702,4.8313,0.1171
5409,-100,-65.0,40,4.25,5.0,-50.02,13.2989,-82,76.97,27.64,1.201353,0.923564,6.9602,0.1202
5408,-100,-65.0,40,4.25,4.5,-50.39,13.285,-80,77.06,27.53,1.177636,0.778188,4.4727,0.1568
5410,-100,-65.0,40,4.25,5.5,-50.39,13.1223,-84,77.06,27.52,1.175774,0.845752,5.6214,0.09
5411,-100,-65.0,40,4.25,6.0,-50.57,13.9494,-83,77.09,27.5,1.250262,0.908585,5.9668,0.119
5412,-100,-65.0,40,4.25,6.5,-50.46,14.4126,-88,76.93,27.68,1.239743,0.859632,6.719,0.1242
5413,-100,-65.0,40,4.25,7.0,-49.92,14.4207,-94,75.99,28.81,1.158991,0.936014,7.8846,0.1204
5414,-100,-65.0,40,4.25,7.5,-50.32,14.0119,-93,77.7,26.76,1.28032,0.931182,6.4618,0.1174
5415,-100,-65.0,40,4.25,8.0,-50.5,14.8643,-97,78.04,26.35,1.322737,0.915909,5.5871,0.1247
5417,-100,-65.0,40,4.25,9.0,-50.18,15.2468,-97,78.18,26.18,1.294707,0.934635,5.7509,0.0793
5416,-100,-65.0,40,4.25,8.5,-50.18,14.5597,-98,77.95,26.46,1.299189,0.858759,5.1794,0.122
5418,-100,-65.0,40,4.25,9.5,-50.77,14.6378,-96,77.84,26.59,1.358796,0.957098,6.1356,0.1109
5419,-100,-65.0,40,4.25,10.0,-49.84,15.6499,-99,77.84,26.59,1.361317,0.9882,7.0361,0.1461
5421,-100,-65.0,40,4.25,11.0,-50.0,16.5955,-100,78.73,25.52,1.434114,0.827503,3.7837,0.1448
5420,-100,-65.0,40,4.25,10.5,-50.55,16.3347,-100,78.47,25.84,1.396512,0.887552,4.6802,0.1349
5423,-100,-65.0,40,4.25,12.0,-50.23,17.3813,-100,77.56,26.93,1.417132,1.066367,8.1435,0.1264
5424,-100,-65.0,40,4.25,12.5,-49.88,17.4193,-100,77.6,26.88,1.373293,0.898474,5.2343,0.1384
5422,-100,-65.0,40,4.25,11.5,-49.7,16.2075,-100,78.44,25.87,1.40804,0.976217,6.635,0.1198
5425,-100,-65.0,40,4.25,13.0,-50.35,17.8514,-100,77.49,27.01,1.377525,0.913699,5.4247,0.1347
5426,-100,-65.0,40,4.25,13.5,-50.38,18.3232,-100,78.75,25.5,1.460602,0.937911,5.2431,0.1457
5427,-100,-65.0,40,4.25,14.0,-50.24,18.8297,-100,78.95,25.26,1.449599,0.99814,6.1874,0.1263
5428,-100,-65.0,40,4.5,1.0,-47.31,12.5561,-65,76.98,27.62,1.024978,0.635587,2.794,0.1764
5429,-100,-65.0,40,4.5,1.5,-47.97,12.9543,-68,76.51,28.19,1.046259,0.64635,2.7606,0.1897
5430,-100,-65.0,40,4.5,2.0,-47.73,12.5999,-70,75.92,28.89,1.028341,0.755606,5.0608,0.1371
5431,-100,-65.0,40,4.5,2.5,-47.59,13.3538,-71,75.84,29.0,1.036871,0.777142,6.2498,0.1235
5432,-100,-65.0,40,4.5,3.0,-47.78,12.6059,-74,76.54,28.15,1.015639,0.731248,4.396,0.1078
5433,-100,-65.0,40,4.5,3.5,-47.0,13.6541,-75,76.74,27.91,1.061976,0.677407,3.3883,0.1759
5434,-100,-65.0,40,4.5,4.0,-47.53,13.3971,-78,77.13,27.44,1.182582,0.811505,5.5152,0.1581
5436,-100,-65.0,40,4.5,5.0,-47.0,13.3841,-81,76.92,27.7,1.119486,0.704128,3.7958,0.1683
5435,-100,-65.0,40,4.5,4.5,-47.88,13.5465,-80,77.48,27.03,1.143195,0.764932,4.324,0.1361
5437,-100,-65.0,40,4.5,5.5,-47.68,13.3205,-84,77.36,27.17,1.187406,0.785265,4.4741,0.1129
5439,-100,-65.0,40,4.5,6.5,-48.14,14.2442,-90,77.47,27.04,1.17295,0.787232,4.3856,0.1488
5438,-100,-65.0,40,4.5,6.0,-46.98,14.0064,-88,76.38,28.35,1.108355,0.731362,4.287,0.1596
5441,-100,-65.0,40,4.5,7.5,-47.76,15.3039,-89,77.37,27.16,1.178905,0.825761,5.444,0.1487
5440,-100,-65.0,40,4.5,7.0,-47.81,14.4601,-87,77.06,27.52,1.199486,0.826294,4.7495,0.1267
5443,-100,-65.0,40,4.5,8.5,-46.99,15.0292,-94,77.62,26.86,1.232925,0.913936,6.4508,0.1261
5442,-100,-65.0,40,4.5,8.0,-47.76,14.9013,-92,77.55,26.94,1.198348,0.867782,5.806,0.106
5444,-100,-65.0,40,4.5,9.0,-47.19,15.2149,-94,77.38,27.14,1.235529,0.826954,5.1996,0.1024
5445,-100,-65.0,40,4.5,9.5,-47.9,15.0561,-100,76.52,28.17,1.159374,0.839336,5.4126,0.1264
5446,-100,-65.0,40,4.5,10.0,-47.0,16.2027,-98,76.79,27.85,1.227566,0.887585,6.7283,0.1298
5448,-100,-65.0,40,4.5,11.0,-47.55,16.7354,-99,77.24,27.32,1.267788,0.856224,4.9778,0.1292
5447,-100,-65.0,40,4.5,10.5,-47.38,17.1348,-100,78.15,26.23,1.276356,0.901435,5.8157,0.1167
5449,-100,-65.0,40,4.5,11.5,-47.3,17.5705,-100,76.42,28.29,1.228616,0.9415,7.145,0.131
5450,-100,-65.0,40,4.5,12.0,-47.53,17.3168,-100,77.5,27.0,1.308903,0.873764,5.3378,0.1265
5451,-100,-65.0,40,4.5,12.5,-46.72,17.8558,-100,77.35,27.18,1.297469,0.847198,5.1557,0.1369
5452,-100,-65.0,40,4.5,13.0,-46.96,18.5734,-100,77.13,27.44,1.274308,0.857212,5.5712,0.1414
5453,-100,-65.0,40,4.5,13.5,-47.34,19.3291,-100,77.67,26.8,1.338711,0.910052,5.5658,0.1162
5454,-100,-65.0,40,4.5,14.0,-47.21,19.3826,-100,78.12,26.25,1.401122,1.034062,6.9132,0.1128
5455,-100,-65.0,40,4.75,1.0,-44.6,12.8924,-65,76.15,28.62,0.959952,0.614067,3.0392,0.1942
5456,-100,-65.0,40,4.75,1.5,-44.8,14.6712,-67,76.17,28.6,1.037959,0.686321,4.3158,0.165
5457,-100,-65.0,40,4.75,2.0,-44.69,13.7381,-70,76.56,28.12,0.971824,0.622768,3.108,0.186
5458,-100,-65.0,40,4.75,2.5,-44.93,13.7825,-72,75.78,29.06,0.962978,0.621877,3.3827,0.1734
5460,-100,-65.0,40,4.75,3.5,-43.92,13.8985,-71,74.92,30.1,0.948189,0.602658,3.2871,0.2051
5459,-100,-65.0,40,4.75,3.0,-44.31,14.3101,-72,76.59,28.1,1.050955,0.678612,3.5648,0.1791
5461,-100,-65.0,40,4.75,4.0,-44.66,13.9215,-74,76.06,28.74,0.995233,0.619619,2.3741,0.1891
5462,-100,-65.0,40,4.75,4.5,-44.29,14.7754,-77,75.95,28.86,0.989289,0.634246,2.6974,0.1832
5463,-100,-65.0,40,4.75,5.0,-44.36,14.7861,-85,76.66,28.01,1.122504,0.743749,4.4978,0.1437
5464,-100,-65.0,40,4.75,5.5,-44.45,14.7684,-77,75.94,28.87,1.042768,0.678268,3.687,0.1624
5466,-100,-65.0,40,4.75,6.5,-44.44,15.6028,-86,76.78,27.86,1.063872,0.658393,3.072,0.1562
5465,-100,-65.0,40,4.75,6.0,-44.48,14.6245,-84,76.48,28.23,1.066159,0.714521,4.2585,0.156
5467,-100,-65.0,40,4.75,7.0,-44.64,15.5731,-85,75.87,28.96,1.068269,0.700376,3.881,0.1616
5468,-100,-65.0,40,4.75,7.5,-44.74,15.3981,-86,76.79,27.84,1.097847,0.692476,3.5255,0.18
5469,-100,-65.0,40,4.75,8.0,-44.74,15.5601,-87,77.08,27.51,1.105566,0.717769,3.4961,0.1647
5470,-100,-65.0,40,4.75,8.5,-44.45,16.0099,-96,76.48,28.22,1.113197,0.748465,4.3721,0.121
5471,-100,-65.0,40,4.75,9.0,-44.49,15.964,-96,77.19,27.37,1.147447,0.88773,6.3113,0.102
5472,-100,-65.0,40,4.75,9.5,-44.68,16.8384,-99,77.28,27.26,1.16368,0.772626,4.1317,0.1404
5473,-100,-65.0,40,4.75,10.0,-44.8,16.4568,-98,76.48,28.23,1.142749,0.821362,5.5885,0.1442
5474,-100,-65.0,40,4.75,10.5,-44.59,16.7749,-99,76.91,27.71,1.135854,0.756101,4.1813,0.146
5475,-100,-65.0,40,4.75,11.0,-44.66,17.1892,-100,77.16,27.4,1.17407,0.762938,4.2448,0.1524
5476,-100,-65.0,40,4.75,11.5,-44.64,18.8094,-100,76.93,27.68,1.191577,0.813665,5.3998,0.1345
5478,-100,-65.0,40,4.75,12.5,-44.9,18.8085,-100,77.68,26.79,1.248507,0.789617,3.9595,0.127
5477,-100,-65.0,40,4.75,12.0,-44.62,18.0779,-100,76.53,28.17,1.160862,0.805997,5.736,0.1601
5479,-100,-65.0,40,4.75,13.0,-44.42,19.2983,-100,77.61,26.87,1.267263,0.879253,5.7056,0.1371
5481,-100,-65.0,40,4.75,14.0,-44.17,19.924,-100,77.38,27.14,1.246131,0.862301,5.7414,0.1569
5480,-100,-65.0,40,4.75,13.5,-44.19,19.4071,-100,78.05,26.35,1.276753,0.798707,4.1106,0.1524
5482,-100,-65.0,40,5.0,1.0,-41.74,14.031,-65,75.13,29.84,0.956395,0.647447,4.7606,0.1753
5483,-100,-65.0,40,5.0,1.5,-41.85,13.9835,-64,76.05,28.75,1.026511,0.681212,4.4264,0.1932
5484,-100,-65.0,40,5.0,2.0,-41.64,13.9802,-65,76.83,27.8,1.012118,0.619997,2.7638,0.1714
5485,-100,-65.0,40,5.0,2.5,-41.44,14.1121,-68,75.77,29.07,0.927279,0.648341,4.454,0.1512
5486,-100,-65.0,40,5.0,3.0,-42.26,14.9456,-69,75.97,28.84,0.95708,0.605044,2.4809,0.1944
5487,-100,-65.0,40,5.0,3.5,-41.69,13.6888,-70,76.44,28.28,0.966962,0.624374,3.0322,0.1888
5488,-100,-65.0,40,5.0,4.0,-42.09,14.5777,-74,75.48,29.41,0.920645,0.688835,5.619,0.1423
5489,-100,-65.0,40,5.0,4.5,-42.48,14.7964,-75,75.57,29.32,0.975402,0.689873,5.0832,0.1524
5490,-100,-65.0,40,5.0,5.0,-42.1,15.3488,-79,76.94,27.68,1.089685,0.703536,4.4018,0.181
5491,-100,-65.0,40,5.0,5.5,-41.99,15.2792,-79,76.45,28.27,0.986778,0.661412,3.7348,0.1663
5492,-100,-65.0,40,5.0,6.0,-41.84,16.2771,-80,75.58,29.32,1.004494,0.654342,3.2796,0.1674
5493,-100,-65.0,40,5.0,6.5,-41.48,16.099,-81,76.36,28.37,1.070757,0.726996,4.7296,0.1584
5494,-100,-65.0,40,5.0,7.0,-41.64,16.3626,-87,76.51,28.19,1.011986,0.630182,3.0185,0.1755
5495,-100,-65.0,40,5.0,7.5,-41.55,16.7158,-83,76.41,28.31,1.044606,0.733222,4.5496,0.1294
5497,-100,-65.0,40,5.0,8.5,-41.73,16.7509,-91,77.09,27.49,1.123876,0.729689,3.814,0.1443
5496,-100,-65.0,40,5.0,8.0,-42.01,17.4548,-88,76.87,27.76,1.106781,0.715222,4.2647,0.1567
5498,-100,-65.0,40,5.0,9.0,-41.76,16.7633,-93,76.93,27.69,1.103454,0.685026,2.9745,0.1667
5499,-100,-65.0,40,5.0,9.5,-42.04,16.9948,-92,76.77,27.88,1.093589,0.717539,3.0965,0.1521
5501,-100,-65.0,40,5.0,10.5,-42.07,17.9355,-100,77.15,27.43,1.223834,0.816807,5.3379,0.1469
5500,-100,-65.0,40,5.0,10.0,-41.31,17.883,-100,76.1,28.67,1.079168,0.74704,5.1925,0.1639
5502,-100,-65.0,40,5.0,11.0,-41.67,18.1224,-100,76.93,27.68,1.13998,0.767331,4.6623,0.1367
5509,-100,-60.0,40,1.0,1.0,,,,100.0,0.0,0.0,0.0,0.0,0.0
5510,-100,-60.0,40,1.0,1.5,,,,100.0,0.0,0.0,0.0,0.0,0.0
5503,-100,-65.0,40,5.0,11.5,-41.44,18.0355,-100,77.37,27.16,1.182477,0.766652,4.4028,0.1444
5504,-100,-65.0,40,5.0,12.0,-41.33,18.5954,-100,76.9,27.72,1.123968,0.79474,5.5745,0.1171
5511,-100,-60.0,40,1.0,2.0,,,,100.0,0.0,0.0,0.0,0.0,0.0
5505,-100,-65.0,40,5.0,12.5,-41.76,18.9404,-100,77.21,27.35,1.163884,0.748587,3.9848,0.1639
5506,-100,-65.0,40,5.0,13.0,-41.71,18.7193,-100,76.77,27.88,1.168864,0.775071,4.7847,0.1611
5512,-100,-60.0,40,1.0,2.5,,,,100.0,0.0,0.0,0.0,0.0,0.0
5513,-100,-60.0,40,1.0,3.0,,,,100.0,0.0,0.0,0.0,0.0,0.0
5514,-100,-60.0,40,1.0,3.5,,,,100.0,0.0,0.0,0.0,0.0,0.0
5507,-100,-65.0,40,5.0,13.5,-41.53,19.7283,-100,76.73,27.92,1.185212,0.750528,3.8592,0.1618
5515,-100,-60.0,40,1.0,4.0,,,,100.0,0.0,0.0,0.0,0.0,0.0
5508,-100,-65.0,40,5.0,14.0,-41.28,19.7748,-100,77.3,27.24,1.208554,0.757025,3.8688,0.1616
5516,-100,-60.0,40,1.0,4.5,,,,100.0,0.0,0.0,0.0,0.0,0.0
5517,-100,-60.0,40,1.0,5.0,-79.0,1.0,-80,100.0,0.0,2.823072,0.380072,0.0049,0.0
5518,-100,-60.0,40,1.0,5.5,,,,100.0,0.0,0.0,0.0,0.0,0.0
5519,-100,-60.0,40,1.0,6.0,-85.67,6.0185,-94,100.0,0.0,2.027471,0.757386,0.004,0.0
5520,-100,-60.0,40,1.0,6.5,-82.13,6.5031,-94,99.99,0.01,2.671649,0.722101,0.0245,0.0
5521,-100,-60.0,40,1.0,7.0,-84.73,5.5206,-93,99.98,0.03,2.429927,1.110805,0.0485,0.0
5522,-100,-60.0,40,1.0,7.5,-86.23,6.9162,-100,99.97,0.04,2.465338,1.049353,0.0578,0.0
5523,-100,-60.0,40,1.0,8.0,-86.72,8.304,-100,99.93,0.09,3.172791,1.197621,0.1181,0.0
5525,-100,-60.0,40,1.0,9.0,-85.44,9.0805,-100,99.77,0.28,2.659073,1.190765,0.3505,0.0
5524,-100,-60.0,40,1.0,8.5,-85.88,8.1702,-100,99.87,0.15,2.623877,1.020661,0.2172,0.0
5526,-100,-60.0,40,1.0,9.5,-87.09,9.5208,-100,99.68,0.38,2.993475,0.948386,0.3635,0.0
5527,-100,-60.0,40,1.0,10.0,-86.67,9.5207,-100,99.62,0.46,3.258051,1.21913,0.3557,0.0004
5528,-100,-60.0,40,1.0,10.5,-85.67,9.9091,-100,99.24,0.91,2.404464,1.761209,1.1363,0.0003
5529,-100,-60.0,40,1.0,11.0,-86.51,10.397,-100,99.27,0.88,2.720714,0.950712,0.9045,0.0009
5530,-100,-60.0,40,1.0,11.5,-85.07,10.3436,-100,99.03,1.17,3.068847,1.406636,0.7055,0.0017
5531,-100,-60.0,40,1.0,12.0,-86.35,10.7632,-100,98.88,1.35,2.991549,0.999931,0.7959,0.0023
5532,-100,-60.0,40,1.0,12.5,-85.01,11.485,-100,98.48,1.82,2.644765,1.406445,1.2215,0.0029
5533,-100,-60.0,40,1.0,13.0,-84.73,11.2211,-100,98.15,2.22,2.486378,1.178681,1.3677,0.0057
5537,-100,-60.0,40,1.25,1.5,,,,100.0,0.0,0.0,0.0,0.0,0.0
5536,-100,-60.0,40,1.25,1.0,,,,100.0,0.0,0.0,0.0,0.0,0.0
5534,-100,-60.0,40,1.0,13.5,-86.03,11.7707,-100,98.02,2.38,2.834122,0.931693,1.2715,0.0063
5535,-100,-60.0,40,1.0,14.0,-85.38,12.0062,-100,97.83,2.6,2.878767,0.933343,1.1902,0.0082
5538,-100,-60.0,40,1.25,2.0,,,,100.0,0.0,0.0,0.0,0.0,0.0
5539,-100,-60.0,40,1.25,2.5,,,,100.0,0.0,0.0,0.0,0.0,0.0
5540,-100,-60.0,40,1.25,3.0,,,,100.0,0.0,0.0,0.0,0.0,0.0
5541,-100,-60.0,40,1.25,3.5,,,,100.0,0.0,0.0,0.0,0.0,0.0
5542,-100,-60.0,40,1.25,4.0,-75.75,3.2998,-81,100.0,0.0,3.257676,1.616463,0.0053,0.0
5543,-100,-60.0,40,1.25,4.5,-83.0,0.0,-83,100.0,0.0,4.097535,0.0,0.0024,0.0
5544,-100,-60.0,40,1.25,5.0,-81.5,0.5,-82,100.0,0.0,3.296159,0.146983,0.0033,0.0
5545,-100,-60.0,40,1.25,5.5,-79.61,5.991,-86,99.98,0.02,2.477203,0.653418,0.0581,0.0
5547,-100,-60.0,40,1.25,6.5,-81.99,6.8495,-93,99.91,0.1,3.943824,1.160593,0.24,0.0
5546,-100,-60.0,40,1.25,6.0,-73.37,5.9588,-89,99.96,0.05,3.189799,0.88101,0.1266,0.0
5548,-100,-60.0,40,1.25,7.0,-85.15,7.7142,-100,99.86,0.17,2.507892,0.790114,0.4328,0.0
5550,-100,-60.0,40,1.25,8.0,-84.89,8.2653,-100,99.7,0.36,3.056131,1.557878,0.6287,0.0
5549,-100,-60.0,40,1.25,7.5,-83.09,7.6376,-100,99.88,0.15,3.925842,1.944989,0.2095,0.0
5551,-100,-60.0,40,1.25,8.5,-84.12,8.7671,-100,99.55,0.54,2.675848,0.845744,0.7004,0.0002
5552,-100,-60.0,40,1.25,9.0,-83.28,9.0041,-100,99.61,0.47,3.417751,1.249269,0.4781,0.0001
5553,-100,-60.0,40,1.25,9.5,-83.65,9.7731,-100,99.13,1.05,2.908165,1.053932,0.9446,0.0002
5554,-100,-60.0,40,1.25,10.0,-84.25,10.2934,-100,99.12,1.05,3.162557,1.436455,1.1132,0.0004
5555,-100,-60.0,40,1.25,10.5,-84.78,10.4058,-100,99.09,1.1,3.26383,1.239189,0.8813,0.0016
5556,-100,-60.0,40,1.25,11.0,-82.93,11.2238,-100,98.59,1.69,3.315021,1.258024,1.5235,0.0031
5557,-100,-60.0,40,1.25,11.5,-82.95,11.427,-100,98.22,2.13,3.144291,1.266011,1.3735,0.0048
5558,-100,-60.0,40,1.25,12.0,-83.9,11.3009,-100,98.37,1.95,3.362738,1.398889,0.9916,0.0038
5560,-100,-60.0,40,1.25,13.0,-83.53,12.343,-100,97.66,2.81,3.172509,0.968757,1.4145,0.006
5563,-100,-60.0,40,1.5,1.0,,,,100.0,0.0,0.0,0.0,0.0,0.0
5559,-100,-60.0,40,1.25,12.5,-83.63,11.9319,-100,97.67,2.8,2.654086,1.217344,1.9638,0.005
5561,-100,-60.0,40,1.25,13.5,-83.11,12.4809,-100,97.03,3.57,3.024643,0.977016,1.8065,0.01
5562,-100,-60.0,40,1.25,14.0,-82.71,12.7111,-100,96.68,3.98,2.894443,1.445812,2.0666,0.0061
5564,-100,-60.0,40,1.5,1.5,,,,100.0,0.0,0.0,0.0,0.0,0.0
5566,-100,-60.0,40,1.5,2.5,-73.0,0.0,-73,100.0,0.0,3.105959,0.0,0.0024,0.0
5565,-100,-60.0,40,1.5,2.0,,,,100.0,0.0,0.0,0.0,0.0,0.0
5567,-100,-60.0,40,1.5,3.0,-69.0,0.0,-69,100.0,0.0,4.544564,0.0,0.0024,0.0
5568,-100,-60.0,40,1.5,3.5,-72.38,2.0608,-75,99.99,0.01,4.457558,3.417994,0.0152,0.0
5569,-100,-60.0,40,1.5,4.0,-71.82,5.19,-81,99.98,0.03,6.307719,1.409207,0.0697,0.0
5570,-100,-60.0,40,1.5,4.5,-75.95,5.0119,-84,99.93,0.09,2.40547,0.779937,0.2276,0.0
5572,-100,-60.0,40,1.5,5.5,-74.54,5.6152,-91,99.84,0.19,2.599095,1.462382,0.5004,0.0
5573,-100,-60.0,40,1.5,6.0,-79.92,6.7422,-92,99.81,0.23,3.917711,1.593909,0.5415,0.0
5571,-100,-60.0,40,1.5,5.0,-81.24,5.6044,-89,99.97,0.03,4.576446,2.207416,0.0789,0.0
5574,-100,-60.0,40,1.5,6.5,-80.08,7.8732,-100,99.65,0.42,3.898085,1.082844,0.8945,0.0
5575,-100,-60.0,40,1.5,7.0,-81.13,7.3525,-100,99.6,0.48,3.151835,1.006023,0.7851,0.0
5576,-100,-60.0,40,1.5,7.5,-81.21,7.8381,-100,99.57,0.52,3.969728,1.556988,0.6928,0.0001
5577,-100,-60.0,40,1.5,8.0,-81.37,8.7767,-100,99.38,0.74,3.336453,1.456915,1.156,0.0001
5578,-100,-60.0,40,1.5,8.5,-81.0,10.02,-100,98.82,1.41,2.888306,1.151747,2.5609,0.0003
5579,-100,-60.0,40,1.5,9.0,-80.71,9.5389,-100,98.66,1.61,2.736576,1.259879,2.343,0.0008
5580,-100,-60.0,40,1.5,9.5,-81.39,10.1642,-100,98.4,1.92,2.989312,1.007833,2.1338,0.0008
5581,-100,-60.0,40,1.5,10.0,-81.44,10.3151,-100,98.61,1.67,3.592842,1.431525,1.4272,0.0016
5582,-100,-60.0,40,1.5,10.5,-80.59,10.7176,-100,97.76,2.69,3.306585,0.988339,2.3385,0.0035
5583,-100,-60.0,40,1.5,11.0,-81.19,11.5548,-100,97.91,2.5,3.314627,1.512118,2.6516,0.0043
5586,-100,-60.0,40,1.5,12.5,-80.25,12.5518,-100,96.54,4.16,3.33598,1.361045,2.3669,0.005
5584,-100,-60.0,40,1.5,11.5,-81.1,11.5499,-100,97.15,3.42,3.273735,0.99326,2.2648,0.0083
5585,-100,-60.0,40,1.5,12.0,-81.0,12.2617,-100,96.94,3.67,3.2686,1.320303,2.6782,0.0055
5587,-100,-60.0,40,1.5,13.0,-80.76,12.8891,-100,96.17,4.59,3.239194,1.079846,2.9227,0.0116
5590,-100,-60.0,40,1.75,1.0,-67.5,0.5,-68,100.0,0.0,2.881427,0.371126,0.0033,0.0
5588,-100,-60.0,40,1.5,13.5,-79.94,13.5159,-100,95.32,5.62,3.175916,1.06869,2.9728,0.0156
5591,-100,-60.0,40,1.75,1.5,-68.08,1.7636,-72,99.97,0.03,6.798079,1.317875,0.1165,0.0
5589,-100,-60.0,40,1.5,14.0,-81.39,13.6936,-100,95.82,5.02,3.156042,0.983044,2.569,0.012
5592,-100,-60.0,40,1.75,2.0,-70.0,0.0,-70,100.0,0.0,2.402198,0.0,0.0024,0.0
5593,-100,-60.0,40,1.75,2.5,-70.22,2.531,-74,99.98,0.02,4.19911,2.160271,0.0533,0.0
5594,-100,-60.0,40,1.75,3.0,-69.84,2.9597,-77,99.99,0.01,4.860923,1.396487,0.0342,0.0
5595,-100,-60.0,40,1.75,3.5,-69.79,3.5263,-77,99.92,0.09,3.359783,1.005955,0.229,0.0
5596,-100,-60.0,40,1.75,4.0,-72.49,4.2325,-81,99.88,0.14,4.138277,3.171123,0.3384,0.0
5598,-100,-60.0,40,1.75,5.0,-77.49,5.5004,-92,99.72,0.33,3.891797,0.860009,0.6604,0.0
5597,-100,-60.0,40,1.75,4.5,-72.19,4.7852,-84,99.74,0.31,4.517883,1.100371,0.6831,0.0
5599,-100,-60.0,40,1.75,5.5,-75.48,5.9091,-90,99.57,0.52,3.894285,1.566342,1.0026,0.0
5600,-100,-60.0,40,1.75,6.0,-76.07,6.286,-92,99.28,0.87,3.306052,0.853394,1.4374,0.0
5601,-100,-60.0,40,1.75,6.5,-77.36,7.2519,-100,98.86,1.37,2.843815,1.265194,2.6264,0.0
5602,-100,-60.0,40,1.75,7.0,-77.7,8.054,-97,98.46,1.84,2.115045,1.14529,4.0427,0.0
5603,-100,-60.0,40,1.75,7.5,-79.28,8.3475,-100,98.55,1.74,3.541714,1.845462,2.6357,0.0
5604,-100,-60.0,40,1.75,8.0,-79.2,8.617,-100,98.26,2.09,3.214351,2.335544,3.1066,0.0007
5605,-100,-60.0,40,1.75,8.5,-78.47,9.4139,-100,97.63,2.84,3.331067,0.945749,3.0474,0.0003
5606,-100,-60.0,40,1.75,9.0,-78.31,9.8872,-100,97.61,2.87,3.318427,1.542046,3.4872,0.0008
5607,-100,-60.0,40,1.75,9.5,-78.64,10.7356,-100,97.73,2.72,3.776365,1.412762,2.2343,0.0028
5609,-100,-60.0,40,1.75,10.5,-78.86,11.3847,-100,96.61,4.06,3.333281,1.279398,3.753,0.002
5608,-100,-60.0,40,1.75,10.0,-78.69,10.7351,-100,97.08,3.51,3.4304,1.506091,3.232,0.0038
5610,-100,-60.0,40,1.75,11.0,-78.24,11.9396,-100,96.5,4.2,3.454708,1.346718,2.8088,0.0048
5611,-100,-60.0,40,1.75,11.5,-78.36,12.6724,-100,95.73,5.12,3.198172,1.134323,3.7171,0.0069
5613,-100,-60.0,40,1.75,12.5,-78.02,13.4147,-100,94.67,6.4,2.884529,1.524344,5.4234,0.0097
5612,-100,-60.0,40,1.75,12.0,-78.34,12.7599,-100,95.69,5.17,3.327913,1.859845,2.9588,0.0126
5614,-100,-60.0,40,1.75,13.0,-77.96,13.3879,-100,94.5,6.6,3.090529,1.668576,4.5066,0.0128
5615,-100,-60.0,40,1.75,13.5,-78.34,13.5301,-100,94.63,6.45,3.370711,1.62553,2.5572,0.0152
5616,-100,-60.0,40,1.75,14.0,-78.09,14.1849,-100,93.43,7.89,2.858389,1.687073,6.0049,0.0172
5617,-100,-60.0,40,2.0,1.0,-65.95,1.7326,-70,98.99,1.21,1.740896,1.388638,4.3674,0.0
5618,-100,-60.0,40,2.0,1.5,-66.38,1.8952,-71,99.65,0.42,3.910208,1.181745,1.4727,0.0
5619,-100,-60.0,40,2.0,2.0,-67.36,2.2769,-73,99.54,0.55,3.131373,0.861809,1.8865,0.0
5621,-100,-60.0,40,2.0,3.0,-67.32,3.2062,-76,99.32,0.82,4.000938,2.349305,2.3889,0.0
5620,-100,-60.0,40,2.0,2.5,-68.55,2.7963,-74,98.99,1.21,2.175929,1.151047,3.5686,0.0
5622,-100,-60.0,40,2.0,3.5,-69.06,4.1298,-79,98.55,1.74,2.004368,1.509412,5.0103,0.0
5623,-100,-60.0,40,2.0,4.0,-70.52,4.458,-80,98.47,1.84,2.014867,1.477569,5.0773,0.0
5624,-100,-60.0,40,2.0,4.5,-70.85,4.6375,-82,98.88,1.34,3.06665,1.171614,2.7207,0.0
5625,-100,-60.0,40,2.0,5.0,-72.92,5.8985,-88,98.3,2.03,2.93627,1.452128,4.2068,0.0
5627,-100,-60.0,40,2.0,6.0,-75.42,7.3991,-96,98.87,1.35,4.875271,1.559909,1.9509,0.0
5626,-100,-60.0,40,2.0,5.5,-73.53,6.297,-89,98.55,1.74,3.171337,1.12347,3.1407,0.0
5628,-100,-60.0,40,2.0,6.5,-75.87,7.9855,-99,97.96,2.44,2.85181,1.806599,4.5418,0.0001
5629,-100,-60.0,40,2.0,7.0,-75.95,8.2501,-97,97.98,2.43,4.044404,1.754726,3.256,0.0002
5630,-100,-60.0,40,2.0,7.5,-75.21,8.5902,-100,96.89,3.74,3.146363,1.053671,4.4191,0.0009
5631,-100,-60.0,40,2.0,8.0,-76.27,9.1971,-100,97.27,3.28,3.541448,1.684855,3.4464,0.0008
5632,-100,-60.0,40,2.0,8.5,-75.94,9.8593,-100,96.59,4.09,3.414896,1.147211,4.0881,0.0011
5633,-100,-60.0,40,2.0,9.0,-75.5,10.4873,-100,95.77,5.08,3.049019,1.312851,5.1277,0.0027
5634,-100,-60.0,40,2.0,9.5,-75.63,11.1603,-100,95.46,5.45,3.103776,1.4341,5.4522,0.0052
5635,-100,-60.0,40,2.0,10.0,-76.01,11.5614,-100,95.06,5.92,2.954008,1.587889,5.7684,0.0052
5636,-100,-60.0,40,2.0,10.5,-75.85,11.7115,-100,95.04,5.95,3.194216,1.30633,4.4952,0.0083
5637,-100,-60.0,40,2.0,11.0,-75.55,12.2532,-100,93.8,7.44,2.750301,1.617221,6.735,0.0118
5638,-100,-60.0,40,2.0,11.5,-75.86,12.7279,-100,93.7,7.56,2.920971,1.473333,6.0249,0.0075
5639,-100,-60.0,40,2.0,12.0,-75.5,13.0624,-100,93.0,8.4,2.845477,1.370406,6.0491,0.0087
5640,-100,-60.0,40,2.0,12.5,-75.83,13.5757,-100,93.39,7.94,3.0352,1.120668,4.7543,0.0163
5641,-100,-60.0,40,2.0,13.0,-75.52,13.7157,-100,92.72,8.74,2.880437,1.840904,6.1755,0.0156
5645,-100,-60.0,40,2.25,1.5,-66.01,3.2051,-73,97.1,3.48,1.250482,1.681892,10.2923,0.0
5644,-100,-60.0,40,2.25,1.0,-63.73,2.3189,-72,97.1,3.49,0.89974,1.543218,11.1754,0.0
5642,-100,-60.0,40,2.0,13.5,-74.86,14.0569,-100,92.61,8.86,3.066212,1.816276,4.5692,0.0223
5643,-100,-60.0,40,2.0,14.0,-75.4,14.4965,-100,92.51,8.99,3.153844,1.307029,4.5003,0.02
5646,-100,-60.0,40,2.25,2.0,-66.06,2.4489,-75,96.91,3.71,1.161773,1.05269,9.1544,0.0
5647,-100,-60.0,40,2.25,2.5,-64.61,3.7067,-74,97.04,3.55,1.573427,1.435211,8.8292,0.0
5648,-100,-60.0,40,2.25,3.0,-67.7,3.8712,-77,96.33,4.41,1.239858,1.146306,10.4616,0.0
5649,-100,-60.0,40,2.25,3.5,-68.07,4.2116,-84,97.78,2.66,2.940862,1.658586,5.1835,0.0
5650,-100,-60.0,40,2.25,4.0,-69.29,5.1661,-83,97.04,3.55,1.70706,1.099908,7.5678,0.0
5651,-100,-60.0,40,2.25,4.5,-71.59,5.7552,-85,96.79,3.85,1.962735,1.720246,8.118,0.0
5652,-100,-60.0,40,2.25,5.0,-70.38,6.5291,-90,97.02,3.57,2.885975,1.428707,5.4225,0.0
5653,-100,-60.0,40,2.25,5.5,-72.56,7.9401,-90,96.09,4.7,2.533788,2.278991,8.2141,0.0001
5654,-100,-60.0,40,2.25,6.0,-72.22,7.74,-96,96.48,4.22,2.621788,3.308863,8.6651,0.0
5655,-100,-60.0,40,2.25,6.5,-73.65,7.8245,-96,95.64,5.24,2.574352,2.004007,8.1349,0.0002
5656,-100,-60.0,40,2.25,7.0,-73.1,8.9306,-99,94.65,6.41,2.123178,1.519694,9.2582,0.0012
5657,-100,-60.0,40,2.25,7.5,-73.09,9.3808,-100,95.24,5.71,2.880501,2.102437,7.5128,0.0013
5658,-100,-60.0,40,2.25,8.0,-73.13,9.9245,-100,95.18,5.79,3.008926,1.288866,5.4434,0.0018
5659,-100,-60.0,40,2.25,8.5,-73.78,10.419,-100,95.33,5.61,3.100793,1.478905,5.1945,0.0047
5660,-100,-60.0,40,2.25,9.0,-72.85,10.6719,-100,93.92,7.3,2.685714,1.788289,6.8571,0.0039
5661,-100,-60.0,40,2.25,9.5,-73.21,11.3025,-100,93.72,7.54,2.936557,1.341212,6.0272,0.0088
5662,-100,-60.0,40,2.25,10.0,-73.13,11.7727,-100,92.9,8.51,2.822728,1.522281,6.6599,0.0114
5663,-100,-60.0,40,2.25,10.5,-72.84,12.4731,-100,91.19,10.57,2.214364,1.606068,10.1483,0.0079
5664,-100,-60.0,40,2.25,11.0,-73.37,12.7317,-100,92.64,8.83,2.815014,1.558096,6.999,0.0139
5665,-100,-60.0,40,2.25,11.5,-73.09,12.6024,-100,92.74,8.7,3.11128,1.630379,4.9735,0.0173
5666,-100,-60.0,40,2.25,12.0,-72.72,13.198,-100,91.21,10.55,2.780577,1.707091,6.9771,0.0146
5667,-100,-60.0,40,2.25,12.5,-72.89,14.1313,-100,91.28,10.47,2.899018,1.234944,5.7743,0.0159
5669,-100,-60.0,40,2.25,13.5,-72.51,14.8289,-100,90.49,11.42,2.824952,1.561329,7.3733,0.0337
5668,-100,-60.0,40,2.25,13.0,-72.7,14.246,-100,90.88,10.95,2.854662,1.418574,6.2102,0.0203
5671,-100,-60.0,40,2.5,1.0,-61.49,4.2962,-70,94.65,6.42,1.016375,1.125829,13.3285,0.0
5670,-100,-60.0,40,2.25,14.0,-72.87,15.151,-100,90.49,11.41,2.896958,1.511932,6.1154,0.0281
5672,-100,-60.0,40,2.5,1.5,-64.21,3.7863,-71,94.73,6.33,1.16361,1.101951,12.5949,0.0
5673,-100,-60.0,40,2.5,2.0,-62.82,4.1848,-73,94.23,6.93,1.357577,1.02831,11.4969,0.0
5674,-100,-60.0,40,2.5,2.5,-65.07,3.7151,-76,94.52,6.57,1.251301,1.590868,13.5701,0.0
5675,-100,-60.0,40,2.5,3.0,-64.51,5.4729,-79,93.6,7.67,1.194274,1.066702,13.002,0.0
5676,-100,-60.0,40,2.5,3.5,-67.16,4.7686,-79,94.4,6.72,1.506125,1.555372,12.1123,0.0
5677,-100,-60.0,40,2.5,4.0,-67.8,6.2352,-81,94.21,6.95,1.561415,1.407671,12.0011,0.0
5678,-100,-60.0,40,2.5,4.5,-67.89,6.831,-87,93.69,7.57,1.734026,1.515279,12.1116,0.0
5679,-100,-60.0,40,2.5,5.0,-70.15,7.6902,-88,93.68,7.59,1.820899,1.493725,10.8248,0.0
5680,-100,-60.0,40,2.5,5.5,-70.38,8.4727,-90,92.83,8.61,1.621268,1.462286,12.6159,0.0001
5681,-100,-60.0,40,2.5,6.0,-70.61,8.2523,-96,93.83,7.4,2.471233,1.520785,8.1123,0.0001
5682,-100,-60.0,40,2.5,6.5,-70.58,8.8891,-99,92.3,9.24,1.760111,1.803578,13.0077,0.0008
5683,-100,-60.0,40,2.5,7.0,-70.05,9.4654,-98,91.99,9.62,2.075981,1.544898,10.7935,0.0018
5685,-100,-60.0,40,2.5,8.0,-70.39,10.9803,-100,92.8,8.64,2.689204,1.923534,8.6819,0.0032
5684,-100,-60.0,40,2.5,7.5,-69.75,10.121,-99,90.33,11.61,1.754926,1.724773,13.6768,0.0049
5686,-100,-60.0,40,2.5,8.5,-70.17,11.4801,-100,92.59,8.89,2.779942,1.888746,8.1539,0.003
5687,-100,-60.0,40,2.5,9.0,-70.01,12.2418,-100,90.57,11.31,2.22196,1.87801,11.413,0.0097
5688,-100,-60.0,40,2.5,9.5,-69.79,12.105,-100,90.45,11.47,2.443199,1.66765,9.7643,0.0195
5689,-100,-60.0,40,2.5,10.0,-70.16,12.9322,-100,90.44,11.47,2.435228,1.695739,9.4635,0.0187
5690,-100,-60.0,40,2.5,10.5,-70.41,12.5836,-100,91.17,10.6,2.883057,1.433456,6.5519,0.0202
5691,-100,-60.0,40,2.5,11.0,-69.92,13.3136,-100,90.96,10.85,2.867771,1.657264,7.5415,0.0241
5692,-100,-60.0,40,2.5,11.5,-69.65,13.5454,-100,89.74,12.31,2.585462,1.372882,6.7,0.0256
5693,-100,-60.0,40,2.5,12.0,-70.24,13.7394,-100,90.32,11.62,2.872317,1.470774,6.3808,0.0332
5695,-100,-60.0,40,2.5,13.0,-70.11,15.1169,-100,89.11,13.06,2.705225,1.905138,8.8549,0.0357
5694,-100,-60.0,40,2.5,12.5,-69.84,14.4898,-100,88.52,13.77,2.458618,1.694544,9.5881,0.0287
5697,-100,-60.0,40,2.5,14.0,-70.07,15.722,-100,88.56,13.73,2.660891,1.669345,8.1942,0.034
5696,-100,-60.0,40,2.5,13.5,-69.51,15.5984,-100,87.61,14.87,2.4559,1.68162,10.258,0.0345
5698,-100,-60.0,40,2.75,1.0,-62.39,3.4899,-70,92.21,9.34,0.967125,1.158984,16.0686,0.0
5699,-100,-60.0,40,2.75,1.5,-60.7,4.196,-70,91.06,10.72,0.940727,0.719212,15.7797,0.0
5700,-100,-60.0,40,2.75,2.0,-60.81,5.0842,-71,89.99,12.01,0.993171,1.029447,16.8649,0.0
5701,-100,-60.0,40,2.75,2.5,-63.68,5.3955,-75,91.17,10.6,0.817589,0.990083,17.4412,0.0
5702,-100,-60.0,40,2.75,3.0,-64.13,5.641,-77,91.3,10.44,1.290722,1.589945,15.7323,0.0
5703,-100,-60.0,40,2.75,3.5,-64.78,5.8395,-80,89.71,12.35,1.071559,1.247415,17.4783,0.0
5704,-100,-60.0,40,2.75,4.0,-66.71,6.7482,-85,90.11,11.87,1.21138,1.296726,16.5501,0.0
5707,-100,-60.0,40,2.75,5.5,-67.26,8.0861,-91,89.68,12.38,1.651913,1.721903,15.4273,0.0004
5705,-100,-60.0,40,2.75,4.5,-67.52,7.4356,-86,91.13,10.64,1.601859,1.638649,14.8758,0.0001
5706,-100,-60.0,40,2.75,5.0,-67.49,7.9138,-88,90.78,11.07,1.696955,1.408531,13.4539,0.0002
5708,-100,-60.0,40,2.75,6.0,-67.47,9.0666,-93,90.12,11.85,1.783629,1.499156,12.9141,0.0013
5709,-100,-60.0,40,2.75,6.5,-67.4,9.9764,-96,89.81,12.24,1.828717,1.469372,12.4053,0.0021
5710,-100,-60.0,40,2.75,7.0,-67.55,9.7755,-100,89.45,12.66,1.96999,1.570644,12.3347,0.0062
5711,-100,-60.0,40,2.75,7.5,-67.0,10.6146,-95,88.12,14.25,1.932164,1.917708,14.1385,0.0093
5712,-100,-60.0,40,2.75,8.0,-67.44,10.7903,-99,88.52,13.77,1.993568,1.729959,13.1292,0.0099
5714,-100,-60.0,40,2.75,9.0,-67.51,11.9549,-100,88.99,13.21,2.212637,1.396573,9.9503,0.0171
5713,-100,-60.0,40,2.75,8.5,-67.01,11.2625,-100,88.7,13.57,2.13893,1.508122,10.5313,0.009
5715,-100,-60.0,40,2.75,9.5,-67.31,12.326,-100,86.88,15.74,2.006338,1.677326,12.4117,0.0119
5718,-100,-60.0,40,2.75,11.0,-67.31,14.1424,-100,88.25,14.1,2.603168,1.859964,9.3757,0.027
5717,-100,-60.0,40,2.75,10.5,-67.06,13.3297,-100,87.6,14.89,2.435046,1.529124,9.6165,0.0347
5716,-100,-60.0,40,2.75,10.0,-67.19,12.9923,-100,87.17,15.39,2.185943,1.717718,12.0347,0.0243
5719,-100,-60.0,40,2.75,11.5,-66.72,14.5033,-100,86.67,16.0,2.275898,1.606115,10.2211,0.0294
5720,-100,-60.0,40,2.75,12.0,-66.72,15.0572,-100,86.78,15.86,2.384093,1.850356,10.187,0.0563
5721,-100,-60.0,40,2.75,12.5,-66.7,15.2477,-100,86.44,16.27,2.373548,1.646753,10.8372,0.0438
5722,-100,-60.0,40,2.75,13.0,-66.88,15.4025,-100,86.5,16.19,2.407504,1.552724,9.1497,0.0472
5723,-100,-60.0,40,2.75,13.5,-67.32,15.5231,-100,85.81,17.03,2.21094,1.393748,9.0825,0.0417
5724,-100,-60.0,40,2.75,14.0,-67.16,15.5281,-100,86.62,16.05,2.580073,1.309591,6.3768,0.0459
5726,-100,-60.0,40,3.0,1.5,-62.16,5.1284,-74,88.16,14.2,0.80761,0.917761,19.0058,0.0
5725,-100,-60.0,40,3.0,1.0,-59.91,5.5521,-72,87.99,14.41,0.952732,1.039722,17.888,0.0
5727,-100,-60.0,40,3.0,2.0,-62.02,6.3392,-73,89.27,12.87,1.070785,1.368313,17.757,0.0
5728,-100,-60.0,40,3.0,2.5,-62.32,6.2869,-75,87.22,15.34,1.089434,1.241347,18.43,0.0
5730,-100,-60.0,40,3.0,3.5,-63.97,6.8786,-80,87.2,15.37,1.150998,1.292931,17.6623,0.0001
5729,-100,-60.0,40,3.0,3.0,-63.19,6.8849,-77,88.32,14.02,1.167465,1.359678,17.6485,0.0
5731,-100,-60.0,40,3.0,4.0,-63.96,8.0961,-81,87.65,14.82,1.329896,1.327772,16.4317,0.0003
5732,-100,-60.0,40,3.0,4.5,-64.31,7.8069,-82,87.78,14.65,1.426312,1.624297,16.287,0.0006
5733,-100,-60.0,40,3.0,5.0,-63.69,8.7112,-89,85.73,17.13,1.376724,1.113401,15.4634,0.0017
5734,-100,-60.0,40,3.0,5.5,-64.49,9.5307,-88,87.18,15.38,1.536441,1.622207,16.1114,0.0013
5735,-100,-60.0,40,3.0,6.0,-64.51,9.6902,-95,87.27,15.28,1.824952,1.645141,13.8856,0.0052
5736,-100,-60.0,40,3.0,6.5,-64.52,10.6699,-97,86.67,16.0,1.751893,1.483163,14.2135,0.0031
5737,-100,-60.0,40,3.0,7.0,-64.53,10.5199,-95,85.66,17.21,1.654507,1.480801,15.23,0.0059
5738,-100,-60.0,40,3.0,7.5,-64.43,11.1625,-99,85.99,16.81,1.841208,1.464443,13.4347,0.0094
5739,-100,-60.0,40,3.0,8.0,-64.36,11.7454,-99,86.78,15.86,2.101744,1.526748,11.5724,0.0144
5740,-100,-60.0,40,3.0,8.5,-64.61,12.0489,-100,86.83,15.79,2.193229,1.291956,9.4997,0.0224
5743,-100,-60.0,40,3.0,10.0,-64.31,13.1573,-100,85.27,17.68,2.17161,1.582351,10.705,0.0359
5742,-100,-60.0,40,3.0,9.5,-64.08,12.7191,-100,85.65,17.23,2.145237,1.675388,10.2529,0.0263
5741,-100,-60.0,40,3.0,9.0,-64.86,12.1809,-100,84.86,18.17,1.821527,1.641099,14.6169,0.0223
5744,-100,-60.0,40,3.0,10.5,-63.92,13.3312,-100,84.98,18.03,2.182486,1.630611,10.7919,0.0426
5745,-100,-60.0,40,3.0,11.0,-63.68,13.9327,-100,82.99,20.41,1.859063,1.478943,12.3702,0.0398
5746,-100,-60.0,40,3.0,11.5,-64.98,14.6578,-100,86.02,16.77,2.426134,1.653759,9.8041,0.043
5747,-100,-60.0,40,3.0,12.0,-64.61,15.274,-100,84.52,18.57,2.167955,1.463535,10.4143,0.0634
5748,-100,-60.0,40,3.0,12.5,-63.48,16.0859,-100,84.18,18.99,2.175146,1.599228,11.154,0.0501
5749,-100,-60.0,40,3.0,13.0,-64.75,15.7505,-100,85.01,17.99,2.317973,1.531246,9.0181,0.0463
5750,-100,-60.0,40,3.0,13.5,-64.06,16.0094,-100,84.66,18.41,2.28876,1.669778,9.3036,0.055
5751,-100,-60.0,40,3.0,14.0,-64.09,16.8502,-100,84.21,18.95,2.316685,1.456864,8.9016,0.0724
5752,-100,-60.0,40,3.25,1.0,-58.23,7.118,-69,85.57,17.32,1.004869,0.973837,18.6098,0.0
5753,-100,-60.0,40,3.25,1.5,-58.98,6.8958,-75,84.36,18.76,0.955318,0.929849,19.2474,0.0
5754,-100,-60.0,40,3.25,2.0,-59.36,6.3983,-73,85.31,17.63,1.029802,0.884256,17.9707,0.0
5755,-100,-60.0,40,3.25,2.5,-59.12,7.9296,-73,83.52,19.77,0.942903,0.919304,19.7354,0.0
5756,-100,-60.0,40,3.25,3.0,-61.34,7.4625,-78,84.51,18.58,1.184263,1.070472,17.4831,0.0001
5758,-100,-60.0,40,3.25,4.0,-62.56,8.6252,-82,86.02,16.77,1.474864,1.551079,16.2937,0.0002
5757,-100,-60.0,40,3.25,3.5,-61.76,8.0464,-80,84.65,18.42,1.278984,1.179497,16.8781,0.0002
5759,-100,-60.0,40,3.25,4.5,-61.6,8.9479,-86,84.27,18.87,1.509708,1.411062,15.6996,0.0019
5760,-100,-60.0,40,3.25,5.0,-61.9,9.7752,-89,83.94,19.28,1.473409,1.296713,15.6838,0.0019
5761,-100,-60.0,40,3.25,5.5,-62.09,10.0368,-89,85.48,17.43,1.632612,1.385808,14.2395,0.0041
5762,-100,-60.0,40,3.25,6.0,-61.76,10.6634,-91,83.66,19.61,1.539307,1.419113,15.4776,0.0087
5763,-100,-60.0,40,3.25,6.5,-61.77,10.6789,-97,83.84,19.4,1.730387,1.353396,13.1645,0.0122
5764,-100,-60.0,40,3.25,7.0,-61.29,11.8065,-94,84.3,18.84,1.89174,1.297367,11.2401,0.0176
5765,-100,-60.0,40,3.25,7.5,-62.31,11.7981,-97,83.61,19.67,1.7117,1.458961,14.3241,0.0219
5766,-100,-60.0,40,3.25,8.0,-61.75,11.9728,-99,83.75,19.5,1.907294,1.422454,12.1333,0.0153
5767,-100,-60.0,40,3.25,8.5,-61.76,12.5724,-100,82.65,20.83,1.756176,1.482993,13.4062,0.03
5768,-100,-60.0,40,3.25,9.0,-61.51,12.7051,-100,82.92,20.49,1.838019,1.752994,13.6816,0.0171
5769,-100,-60.0,40,3.25,9.5,-61.87,13.0555,-100,83.54,19.76,2.039679,1.471247,10.7236,0.0486
5770,-100,-60.0,40,3.25,10.0,-61.95,14.1792,-100,84.13,19.05,2.070391,1.640516,11.6744,0.0285
5771,-100,-60.0,40,3.25,10.5,-62.11,14.2222,-100,83.28,20.06,2.048047,1.560429,10.9955,0.0433
5772,-100,-60.0,40,3.25,11.0,-61.28,15.2123,-100,82.84,20.59,2.06108,1.467515,10.5925,0.0565
5773,-100,-60.0,40,3.25,11.5,-61.64,15.3168,-100,83.53,19.77,2.143536,1.479242,10.3016,0.0673
5774,-100,-60.0,40,3.25,12.0,-61.38,15.6059,-100,82.32,21.22,2.007022,1.424524,10.5431,0.0576
5775,-100,-60.0,40,3.25,12.5,-61.52,15.6115,-100,82.71,20.75,2.083485,1.588301,10.4521,0.0456
5776,-100,-60.0,40,3.25,13.0,-61.67,16.2373,-100,82.85,20.58,2.100531,1.466839,10.156,0.0539
5777,-100,-60.0,40,3.25,13.5,-61.48,16.5697,-100,83.43,19.88,2.201993,1.609084,10.0955,0.058
5778,-100,-60.0,40,3.25,14.0,-61.27,16.9746,-100,83.65,19.61,2.236757,1.495547,8.6591,0.054
5779,-100,-60.0,40,3.5,1.0,-57.92,7.541,-70,80.93,22.9,0.848058,0.86349,20.861,0.0
5780,-100,-60.0,40,3.5,1.5,-57.96,9.254,-73,84.55,18.55,1.280072,1.062644,16.3649,0.0
5781,-100,-60.0,40,3.5,2.0,-58.66,7.7379,-73,81.3,22.44,1.002141,0.876125,18.288,0.0002
5782,-100,-60.0,40,3.5,2.5,-58.17,7.8764,-75,81.59,22.09,1.161728,1.264603,18.8705,0.0
5783,-100,-60.0,40,3.5,3.0,-58.17,8.4936,-79,81.34,22.38,1.143012,1.021466,17.7466,0.001
5784,-100,-60.0,40,3.5,3.5,-58.36,9.0722,-78,81.51,22.19,1.347839,1.326884,16.6819,0.003
5785,-100,-60.0,40,3.5,4.0,-58.7,10.1795,-82,81.33,22.41,1.319787,1.18123,16.4614,0.0013
5786,-100,-60.0,40,3.5,4.5,-58.97,9.8757,-85,81.76,21.88,1.4272,1.338852,15.8616,0.007
5787,-100,-60.0,40,3.5,5.0,-58.89,10.3174,-91,81.49,22.21,1.441589,1.466124,15.6215,0.0039
5788,-100,-60.0,40,3.5,5.5,-58.9,10.8864,-89,80.93,22.88,1.49941,1.377336,15.4893,0.0119
5790,-100,-60.0,40,3.5,6.5,-59.32,11.9845,-91,82.57,20.91,1.768672,1.344684,12.4469,0.0101
5789,-100,-60.0,40,3.5,6.0,-59.15,11.0642,-94,81.39,22.33,1.549095,1.310005,14.2401,0.0082
5791,-100,-60.0,40,3.5,7.0,-58.76,11.4607,-96,81.6,22.08,1.771702,1.319416,11.5219,0.042
5792,-100,-60.0,40,3.5,7.5,-58.98,12.3456,-94,80.73,23.12,1.676407,1.445792,13.3984,0.0236
5793,-100,-60.0,40,3.5,8.0,-58.75,13.2731,-92,82.26,21.29,1.910808,1.4222,11.0349,0.061
5794,-100,-60.0,40,3.5,8.5,-58.75,12.8883,-97,80.87,22.95,1.749011,1.548203,12.3894,0.0402
5795,-100,-60.0,40,3.5,9.0,-58.29,13.8467,-100,80.74,23.12,1.794305,1.410579,11.6404,0.0429
5796,-100,-60.0,40,3.5,9.5,-58.6,13.9647,-100,81.3,22.44,1.860737,1.395154,10.994,0.0509
5798,-100,-60.0,40,3.5,10.5,-58.67,14.6309,-100,82.06,21.53,1.989567,1.43544,10.1723,0.0469
5797,-100,-60.0,40,3.5,10.0,-59.14,14.0023,-100,82.07,21.51,1.936854,1.561484,10.4839,0.0455
5799,-100,-60.0,40,3.5,11.0,-58.72,14.7286,-100,82.4,21.12,2.038284,1.424029,9.3005,0.0672
5800,-100,-60.0,40,3.5,11.5,-58.62,15.8125,-100,82.18,21.39,2.052765,1.565064,10.381,0.0567
5802,-100,-60.0,40,3.5,12.5,-58.75,16.1874,-100,81.82,21.81,2.043649,1.329151,8.1198,0.0802
5801,-100,-60.0,40,3.5,12.0,-59.05,15.6998,-100,81.68,21.99,1.955821,1.451595,9.2166,0.0438
5803,-100,-60.0,40,3.5,13.0,-58.02,16.8253,-100,82.09,21.49,2.075098,1.33132,8.3997,0.0962
5804,-100,-60.0,40,3.5,13.5,-58.4,16.7835,-100,81.75,21.89,1.931148,1.18892,7.8274,0.0647
5805,-100,-60.0,40,3.5,14.0,-58.32,17.6236,-100,81.74,21.91,2.066735,1.652851,9.8381,0.0579
5806,-100,-60.0,40,3.75,1.0,-54.83,9.1047,-69,78.53,25.76,1.030171,1.132582,19.0973,0.0
5807,-100,-60.0,40,3.75,1.5,-55.1,8.6761,-69,77.92,26.5,0.995141,1.06193,18.5681,0.0001
5808,-100,-60.0,40,3.75,2.0,-56.17,10.143,-74,80.25,23.7,1.191309,1.083558,16.386,0.0006
5809,-100,-60.0,40,3.75,2.5,-55.8,9.1741,-74,80.19,23.77,1.234794,1.135498,16.03,0.0027
5810,-100,-60.0,40,3.75,3.0,-56.02,10.0984,-79,78.96,25.24,1.152249,1.067708,16.8802,0.007
5811,-100,-60.0,40,3.75,3.5,-55.54,11.1562,-77,79.75,24.3,1.411993,1.18892,13.8494,0.0051
5812,-100,-60.0,40,3.75,4.0,-55.7,10.62,-81,78.11,26.27,1.261135,1.094296,15.3265,0.0119
5813,-100,-60.0,40,3.75,4.5,-56.15,11.1557,-82,79.93,24.08,1.345523,1.118488,13.7439,0.0098
5814,-100,-60.0,40,3.75,5.0,-55.68,11.6854,-85,78.39,25.93,1.359921,1.273451,14.8627,0.0137
5815,-100,-60.0,40,3.75,5.5,-56.32,11.0074,-87,79.95,24.07,1.488773,1.30691,12.9643,0.0176
5816,-100,-60.0,40,3.75,6.0,-56.44,11.947,-87,79.83,24.2,1.503675,1.224761,12.552,0.0289
5817,-100,-60.0,40,3.75,6.5,-56.09,12.2191,-92,79.8,24.24,1.577321,1.288993,12.1801,0.0333
5818,-100,-60.0,40,3.75,7.0,-55.87,12.2098,-92,79.8,24.24,1.601637,1.259947,11.3075,0.0575
5819,-100,-60.0,40,3.75,7.5,-55.99,13.0986,-92,79.41,24.71,1.621194,1.296923,11.8355,0.0303
5820,-100,-60.0,40,3.75,8.0,-56.35,13.6122,-99,79.87,24.16,1.640435,1.260474,11.429,0.0391
5821,-100,-60.0,40,3.75,8.5,-56.21,13.7027,-97,80.52,23.39,1.758335,1.340287,10.4784,0.0458
5822,-100,-60.0,40,3.75,9.0,-56.48,14.2911,-100,80.48,23.43,1.707307,1.544688,12.2832,0.0513
5823,-100,-60.0,40,3.75,9.5,-55.97,14.1263,-100,80.42,23.5,1.819746,1.485458,10.5084,0.0495
5825,-100,-60.0,40,3.75,10.5,-55.8,14.7104,-100,80.34,23.59,1.784216,1.364551,9.1749,0.058
5824,-100,-60.0,40,3.75,10.0,-56.1,14.708,-100,80.01,23.99,1.738122,1.366009,10.7452,0.0756
5826,-100,-60.0,40,3.75,11.0,-55.9,15.4723,-100,80.6,23.29,1.819903,1.426677,9.5914,0.0638
5827,-100,-60.0,40,3.75,11.5,-55.59,16.2508,-100,80.65,23.22,1.923493,1.230553,7.6412,0.1087
5828,-100,-60.0,40,3.75,12.0,-55.91,16.2699,-100,80.7,23.16,1.850363,1.287501,8.7403,0.0895
5829,-100,-60.0,40,3.75,12.5,-55.71,17.0968,-100,80.89,22.94,1.834827,1.151181,7.6179,0.1075
5830,-100,-60.0,40,3.75,13.0,-55.97,16.7743,-100,80.9,22.93,1.866031,1.211119,7.6147,0.0699
5831,-100,-60.0,40,3.75,13.5,-56.42,17.1529,-100,80.63,23.24,1.894444,1.345836,8.8343,0.0766
5832,-100,-60.0,40,3.75,14.0,-56.28,18.3408,-100,80.83,23.01,1.907021,1.251822,8.3161,0.1017
5833,-100,-60.0,40,4.0,1.0,-53.01,10.2547,-69,77.99,26.41,1.092624,0.893182,15.2529,0.0011
5834,-100,-60.0,40,4.0,1.5,-53.04,9.8589,-70,77.09,27.5,1.040716,1.033135,16.8508,0.0006
5835,-100,-60.0,40,4.0,2.0,-52.74,10.6926,-71,77.88,26.55,1.161568,0.920994,13.711,0.0021
5836,-100,-60.0,40,4.0,2.5,-53.65,10.9155,-75,77.21,27.35,1.131338,0.94794,14.7882,0.0031
5837,-100,-60.0,40,4.0,3.0,-52.44,10.6542,-75,77.01,27.58,1.235395,1.110571,13.0434,0.0241
5838,-100,-60.0,40,4.0,3.5,-52.95,11.5067,-77,77.94,26.48,1.327395,1.18189,12.39,0.0183
5839,-100,-60.0,40,4.0,4.0,-52.78,11.6849,-77,77.28,27.26,1.277785,1.297665,14.1615,0.0278
5840,-100,-60.0,40,4.0,4.5,-53.35,11.4909,-80,78.37,25.96,1.412444,1.152752,11.3042,0.0221
5841,-100,-60.0,40,4.0,5.0,-53.53,12.0927,-83,78.83,25.41,1.434475,1.153199,11.8233,0.0246
5842,-100,-60.0,40,4.0,5.5,-53.08,12.1309,-86,78.57,25.72,1.437146,1.334042,12.1421,0.0345
5843,-100,-60.0,40,4.0,6.0,-53.31,11.9827,-87,79.33,24.8,1.551429,1.045852,8.7107,0.0534
5844,-100,-60.0,40,4.0,6.5,-53.49,12.6773,-88,78.28,26.06,1.3951,1.107644,11.1846,0.0649
5845,-100,-60.0,40,4.0,7.0,-53.02,12.2685,-95,79.44,24.67,1.585693,1.013355,7.5024,0.0683
5846,-100,-60.0,40,4.0,7.5,-53.16,13.6903,-92,78.36,25.97,1.506173,1.300288,10.7833,0.0531
5847,-100,-60.0,40,4.0,8.0,-52.96,14.4145,-91,80.07,23.91,1.687908,1.216992,9.0108,0.0772
5848,-100,-60.0,40,4.0,8.5,-53.74,13.9332,-100,79.32,24.82,1.608951,1.425273,10.8609,0.0603
5849,-100,-60.0,40,4.0,9.0,-52.8,14.1814,-94,78.88,25.35,1.632473,1.417507,10.5752,0.0624
5850,-100,-60.0,40,4.0,9.5,-53.19,15.5943,-100,79.4,24.72,1.615131,1.207586,9.5484,0.0638
5851,-100,-60.0,40,4.0,10.0,-53.19,15.6206,-100,80.05,23.95,1.738299,1.349434,9.45,0.0508
5852,-100,-60.0,40,4.0,10.5,-53.69,16.0217,-100,79.91,24.11,1.719669,1.257911,8.9696,0.0835
5853,-100,-60.0,40,4.0,11.0,-52.8,16.1263,-100,78.34,25.99,1.572537,1.19935,9.662,0.0811
5854,-100,-60.0,40,4.0,11.5,-53.27,16.2959,-100,80.14,23.83,1.729486,1.134976,7.19,0.0775
5855,-100,-60.0,40,4.0,12.0,-53.18,17.1024,-100,80.35,23.59,1.79278,1.190997,7.1549,0.0926
5856,-100,-60.0,40,4.0,12.5,-53.11,17.0944,-100,79.9,24.12,1.712529,1.241025,8.368,0.0826
5857,-100,-60.0,40,4.0,13.0,-53.17,17.5131,-100,79.77,24.27,1.732345,1.243716,8.1875,0.0655
5858,-100,-60.0,40,4.0,13.5,-53.05,17.827,-100,79.66,24.4,1.680694,1.39063,9.7632,0.0698
5859,-100,-60.0,40,4.0,14.0,-52.61,18.2655,-100,80.39,23.53,1.788823,1.198473,7.0892,0.0929
5860,-100,-60.0,40,4.25,1.0,-50.28,11.6179,-67,76.88,27.74,1.074822,0.847267,12.3477,0.0047
5861,-100,-60.0,40,4.25,1.5,-50.45,11.6767,-67,77.66,26.82,1.142967,0.910538,12.1299,0.0094
5862,-100,-60.0,40,4.25,2.0,-50.25,11.7534,-72,77.4,27.11,1.213085,0.94471,10.9157,0.0169
5863,-100,-60.0,40,4.25,2.5,-50.23,11.4252,-73,77.24,27.32,1.268402,1.001092,10.1521,0.0427
5864,-100,-60.0,40,4.25,3.0,-50.49,12.5874,-75,77.01,27.59,1.251638,1.14116,11.8893,0.0184
5865,-100,-60.0,40,4.25,3.5,-50.17,12.3554,-77,78.35,25.98,1.378126,0.986678,8.1174,0.0656
5866,-100,-60.0,40,4.25,4.0,-50.34,12.14,-76,77.38,27.14,1.270812,1.182312,11.1113,0.0245
5867,-100,-60.0,40,4.25,4.5,-50.46,12.4594,-80,77.26,27.29,1.244746,1.053761,10.369,0.0281
5868,-100,-60.0,40,4.25,5.0,-49.72,12.6069,-81,77.65,26.82,1.300586,1.059089,8.762,0.0582
5869,-100,-60.0,40,4.25,5.5,-50.62,13.4129,-82,78.42,25.89,1.393861,1.07778,8.771,0.0678
5870,-100,-60.0,40,4.25,6.0,-50.28,12.8289,-87,77.66,26.81,1.378137,1.160804,9.841,0.0572
5871,-100,-60.0,40,4.25,6.5,-50.19,14.188,-87,78.6,25.68,1.479652,1.118826,8.2027,0.0926
5872,-100,-60.0,40,4.25,7.0,-50.47,14.0291,-87,78.74,25.51,1.458625,1.003288,7.3445,0.0967
5873,-100,-60.0,40,4.25,7.5,-50.09,13.8172,-92,77.94,26.47,1.394644,1.14722,8.569,0.0552
5874,-100,-60.0,40,4.25,8.0,-50.29,14.5545,-92,78.33,26.0,1.516749,1.183061,8.6793,0.0877
5875,-100,-60.0,40,4.25,8.5,-50.41,15.1137,-95,79.01,25.2,1.518296,1.161185,7.7873,0.0786
5876,-100,-60.0,40,4.25,9.0,-50.38,14.9094,-94,78.5,25.8,1.456037,1.108254,7.8262,0.0662
5877,-100,-60.0,40,4.25,9.5,-50.1,15.4772,-96,78.86,25.38,1.5343,1.26409,8.6693,0.091
5878,-100,-60.0,40,4.25,10.0,-49.87,15.1456,-98,78.48,25.82,1.453688,1.212595,8.5326,0.0748
5879,-100,-60.0,40,4.25,10.5,-50.63,16.5976,-100,78.96,25.25,1.561165,1.177992,8.6787,0.0857
5880,-100,-60.0,40,4.25,11.0,-50.25,16.3252,-100,79.32,24.81,1.555719,1.069625,7.0592,0.1154
5881,-100,-60.0,40,4.25,11.5,-49.96,17.0574,-100,78.99,25.21,1.585087,1.043728,7.0178,0.1042
5882,-100,-60.0,40,4.25,12.0,-50.31,17.0883,-100,79.58,24.5,1.649276,1.130683,7.1013,0.0873
5883,-100,-60.0,40,4.25,12.5,-50.05,17.4824,-100,78.98,25.23,1.599649,1.083706,6.713,0.1018
5884,-100,-60.0,40,4.25,13.0,-49.66,17.6492,-100,79.38,24.74,1.6213,1.041888,5.7654,0.1152
5885,-100,-60.0,40,4.25,13.5,-50.1,17.5332,-100,78.94,25.29,1.568079,1.617719,9.4327,0.0598
5886,-100,-60.0,40,4.25,14.0,-50.38,18.6826,-100,79.45,24.67,1.574547,1.225555,8.3037,0.086
5887,-100,-60.0,40,4.5,1.0,-46.92,12.059,-65,77.04,27.56,1.154595,0.832601,6.8833,0.0679
5888,-100,-60.0,40,4.5,1.5,-47.75,12.7112,-67,76.45,28.26,1.130259,1.017127,10.3067,0.0556
5889,-100,-60.0,40,4.5,2.0,-47.66,12.1354,-68,76.77,27.88,1.17624,0.90846,8.4952,0.0598
5890,-100,-60.0,40,4.5,2.5,-47.58,12.7426,-70,77.34,27.19,1.188208,0.942906,8.5831,0.0591
5891,-100,-60.0,40,4.5,3.0,-47.83,12.5087,-75,77.39,27.14,1.213755,0.895389,7.6603,0.0419
5892,-100,-60.0,40,4.5,3.5,-47.94,12.9265,-74,77.0,27.6,1.203876,0.917108,8.7145,0.0603
5893,-100,-60.0,40,4.5,4.0,-46.9,13.7251,-75,77.75,26.71,1.256315,1.012358,7.9216,0.0776
5894,-100,-60.0,40,4.5,4.5,-47.72,13.7698,-83,77.81,26.64,1.279294,0.924106,7.2348,0.0799
5895,-100,-60.0,40,4.5,5.0,-47.69,13.381,-79,77.73,26.72,1.355115,0.996383,7.418,0.0873
5896,-100,-60.0,40,4.5,5.5,-47.43,13.7457,-83,76.77,27.88,1.271522,1.003895,8.3873,0.0812
5897,-100,-60.0,40,4.5,6.0,-47.82,14.3301,-81,77.58,26.9,1.324349,0.897399,5.8988,0.0858
5898,-100,-60.0,40,4.5,6.5,-47.05,15.324,-85,77.51,26.98,1.353719,1.098113,8.7115,0.099
5899,-100,-60.0,40,4.5,7.0,-47.27,14.6574,-86,78.25,26.1,1.354689,1.058508,7.466,0.0808
5900,-100,-60.0,40,4.5,7.5,-47.13,14.5928,-92,77.55,26.93,1.305457,1.029187,7.6552,0.106
5901,-100,-60.0,40,4.5,8.0,-46.94,14.7945,-86,76.56,28.12,1.299806,1.39588,10.6827,0.0658
5902,-100,-60.0,40,4.5,8.5,-47.39,15.432,-98,78.44,25.87,1.42483,0.98498,6.2028,0.1128
5903,-100,-60.0,40,4.5,9.0,-47.52,15.6315,-97,77.47,27.04,1.366506,1.106511,7.982,0.0668
5904,-100,-60.0,40,4.5,9.5,-47.23,15.5822,-98,78.41,25.91,1.436406,1.044731,7.1362,0.0941
5905,-100,-60.0,40,4.5,10.0,-47.73,15.8123,-100,77.51,26.98,1.41272,0.977849,6.5107,0.1247
5906,-100,-60.0,40,4.5,10.5,-46.83,16.4567,-98,78.42,25.9,1.437567,0.950802,5.6629,0.1308
5907,-100,-60.0,40,4.5,11.0,-47.44,16.6777,-100,78.47,25.84,1.417386,1.036507,6.6656,0.0842
5908,-100,-60.0,40,4.5,11.5,-47.23,17.6661,-100,77.11,27.46,1.357516,1.027278,7.7617,0.095
5909,-100,-60.0,40,4.5,12.0,-47.72,17.3025,-100,78.42,25.89,1.474626,1.232008,8.2177,0.0827
5910,-100,-60.0,40,4.5,12.5,-47.27,18.2718,-100,78.42,25.89,1.459759,1.101688,7.6629,0.11
5911,-100,-60.0,40,4.5,13.0,-47.37,18.6617,-100,79.11,25.07,1.541472,1.034934,6.5086,0.1311
5912,-100,-60.0,40,4.5,13.5,-47.26,18.1151,-100,79.12,25.06,1.477263,1.211911,8.5563,0.0696
5913,-100,-60.0,40,4.5,14.0,-46.81,18.7542,-100,78.18,26.19,1.444545,1.204335,8.6696,0.0945
5914,-100,-60.0,40,4.75,1.0,-45.22,13.5063,-65,76.38,28.35,1.106908,0.857506,8.0478,0.035
5915,-100,-60.0,40,4.75,1.5,-44.59,13.2995,-68,76.35,28.37,1.044095,0.851018,7.5669,0.054
5916,-100,-60.0,40,4.75,2.0,-44.51,14.0376,-68,77.34,27.19,1.148265,0.788083,6.0996,0.0674
5917,-100,-60.0,40,4.75,2.5,-44.77,13.1701,-71,76.52,28.18,1.112581,0.767676,5.2413,0.1059
5918,-100,-60.0,40,4.75,3.0,-44.43,14.0261,-70,76.78,27.87,1.17477,0.908879,7.0177,0.1186
5919,-100,-60.0,40,4.75,3.5,-44.97,13.6765,-74,77.47,27.03,1.178081,0.850728,6.7595,0.0639
5920,-100,-60.0,40,4.75,4.0,-44.93,14.1718,-76,77.21,27.35,1.227048,0.867077,6.024,0.1192
5921,-100,-60.0,40,4.75,4.5,-44.51,13.6063,-74,76.45,28.25,1.10457,0.845488,5.6921,0.1087
5922,-100,-60.0,40,4.75,5.0,-44.46,14.6604,-79,77.4,27.13,1.242484,0.884299,5.4622,0.1142
5923,-100,-60.0,40,4.75,5.5,-44.7,14.3548,-79,76.96,27.65,1.208631,0.87365,6.1964,0.1146
5924,-100,-60.0,40,4.75,6.0,-44.89,14.9739,-85,78.14,26.24,1.328231,0.868374,4.896,0.1323
5925,-100,-60.0,40,4.75,6.5,-44.24,15.2095,-86,77.79,26.65,1.252772,0.814647,4.6773,0.0932
5926,-100,-60.0,40,4.75,7.0,-44.1,15.786,-90,77.51,26.99,1.260442,0.832079,4.4006,0.1296
5927,-100,-60.0,40,4.75,7.5,-44.7,15.3116,-89,77.42,27.09,1.326933,1.005354,6.5567,0.1171
5928,-100,-60.0,40,4.75,8.0,-44.4,15.3698,-88,77.33,27.2,1.275272,0.890017,5.8404,0.1314
5929,-100,-60.0,40,4.75,8.5,-44.68,15.8102,-91,77.57,26.93,1.279509,1.010455,6.6536,0.0858
5930,-100,-60.0,40,4.75,9.0,-44.6,17.034,-95,78.17,26.21,1.347179,0.900603,5.6553,0.1327
5931,-100,-60.0,40,4.75,9.5,-43.92,16.7554,-93,77.57,26.92,1.284401,0.930258,5.8869,0.1113
5932,-100,-60.0,40,4.75,10.0,-44.62,17.3188,-92,78.09,26.3,1.334428,0.891406,5.2183,0.102
5933,-100,-60.0,40,4.75,10.5,-44.07,17.3041,-98,77.31,27.23,1.290072,0.9585,6.6111,0.124
5934,-100,-60.0,40,4.75,11.0,-44.83,17.2707,-99,77.94,26.47,1.352401,0.903237,5.2523,0.1375
5935,-100,-60.0,40,4.75,11.5,-44.79,17.5836,-100,77.76,26.7,1.374245,1.00347,6.7693,0.0975
5936,-100,-60.0,40,4.75,12.0,-44.18,18.0209,-100,77.42,27.09,1.322099,0.967284,6.9951,0.0934
5937,-100,-60.0,40,4.75,12.5,-44.76,18.5317,-100,78.4,25.92,1.411671,0.955273,6.0408,0.1274
5938,-100,-60.0,40,4.75,13.0,-44.66,18.5832,-100,77.25,27.29,1.341012,0.9471,6.2358,0.1334
5939,-100,-60.0,40,4.75,13.5,-44.71,19.6802,-100,78.28,26.07,1.470759,1.203404,8.1028,0.0855
5940,-100,-60.0,40,4.75,14.0,-45.04,18.8909,-100,78.55,25.73,1.428723,1.118309,7.165,0.091
5941,-100,-60.0,40,5.0,1.0,-42.06,14.0306,-64,76.6,28.07,1.047888,0.694062,3.6349,0.136
5943,-100,-60.0,40,5.0,2.0,-41.33,13.714,-64,76.17,28.6,1.000552,0.639359,3.1027,0.1693
5942,-100,-60.0,40,5.0,1.5,-41.56,14.0352,-64,76.46,28.25,1.033405,0.657992,2.9076,0.1512
5944,-100,-60.0,40,5.0,2.5,-41.68,14.4927,-67,77.03,27.55,1.170977,0.838152,5.4997,0.1095
5945,-100,-60.0,40,5.0,3.0,-42.1,14.7151,-71,76.78,27.87,1.109148,0.756474,4.8823,0.139
5946,-100,-60.0,40,5.0,3.5,-41.6,14.848,-70,76.01,28.79,1.038153,0.727878,5.207,0.1312
5947,-100,-60.0,40,5.0,4.0,-41.39,14.9066,-73,76.71,27.95,1.073819,0.800549,5.7673,0.1249
5948,-100,-60.0,40,5.0,4.5,-41.27,14.5793,-75,75.84,28.99,1.061128,0.763169,5.5719,0.1209
5949,-100,-60.0,40,5.0,5.0,-41.71,14.8515,-76,77.46,27.05,1.185399,0.803618,4.5995,0.1361
5950,-100,-60.0,40,5.0,5.5,-42.04,16.4308,-78,76.57,28.12,1.11042,0.731846,4.1072,0.1528
5951,-100,-60.0,40,5.0,6.0,-42.03,15.5082,-84,77.11,27.47,1.229266,0.8482,5.6232,0.135
5952,-100,-60.0,40,5.0,6.5,-41.45,16.043,-78,76.97,27.65,1.160075,0.791503,5.485,0.1428
5953,-100,-60.0,40,5.0,7.0,-42.6,16.0277,-85,76.29,28.44,1.142624,0.824081,5.013,0.1322
5954,-100,-60.0,40,5.0,7.5,-42.03,15.6927,-84,77.59,26.9,1.234912,0.802178,3.9795,0.1358
5956,-100,-60.0,40,5.0,8.5,-41.76,17.0445,-91,77.13,27.44,1.231705,0.818288,5.7871,0.1321
5955,-100,-60.0,40,5.0,8.0,-41.8,16.1454,-86,77.23,27.33,1.216471,0.819123,5.3557,0.1462
5957,-100,-60.0,40,5.0,9.0,-41.62,16.9787,-91,77.15,27.42,1.17857,0.810724,4.7228,0.1336
5958,-100,-60.0,40,5.0,9.5,-41.59,16.8277,-91,77.67,26.79,1.215657,0.761374,3.6588,0.1617
5959,-100,-60.0,40,5.0,10.0,-41.92,17.3492,-96,77.99,26.41,1.283602,0.831047,4.6033,0.1262
5960,-100,-60.0,40,5.0,10.5,-41.68,17.4014,-100,77.72,26.74,1.274407,0.849091,4.7122,0.1295
5961,-100,-60.0,40,5.0,11.0,-41.58,18.2196,-100,77.06,27.52,1.248156,0.834326,4.8712,0.1333
5962,-100,-60.0,40,5.0,11.5,-41.43,18.2495,-97,77.89,26.55,1.295405,0.819572,4.0391,0.1443
5968,-100,-55.0,40,1.0,1.0,,,,100.0,0.0,0.0,0.0,0.0,0.0
5969,-100,-55.0,40,1.0,1.5,,,,100.0,0.0,0.0,0.0,0.0,0.0
5963,-100,-60.0,40,5.0,12.0,-41.71,17.7554,-100,77.49,27.01,1.318901,0.990935,7.1337,0.1298
5970,-100,-55.0,40,1.0,2.0,,,,100.0,0.0,0.0,0.0,0.0,0.0
5964,-100,-60.0,40,5.0,12.5,-40.84,19.2626,-100,78.03,26.37,1.27469,0.840575,4.3861,0.1293
5965,-100,-60.0,40,5.0,13.0,-41.68,18.9212,-100,78.17,26.19,1.334784,0.881481,5.1658,0.1261
5971,-100,-55.0,40,1.0,2.5,,,,100.0,0.0,0.0,0.0,0.0,0.0
5972,-100,-55.0,40,1.0,3.0,,,,100.0,0.0,0.0,0.0,0.0,0.0
5973,-100,-55.0,40,1.0,3.5,,,,100.0,0.0,0.0,0.0,0.0,0.0
5974,-100,-55.0,40,1.0,4.0,,,,100.0,0.0,0.0,0.0,0.0,0.0
5966,-100,-60.0,40,5.0,13.5,-41.37,19.8359,-100,77.6,26.89,1.299991,0.948791,6.4994,0.1216
5975,-100,-55.0,40,1.0,4.5,,,,100.0,0.0,0.0,0.0,0.0,0.0
5967,-100,-60.0,40,5.0,14.0,-41.25,20.2775,-100,77.65,26.82,1.296137,0.881649,5.3848,0.1328
5976,-100,-55.0,40,1.0,5.0,,,,100.0,0.0,0.0,0.0,0.0,0.0
5977,-100,-55.0,40,1.0,5.5,,,,100.0,0.0,0.0,0.0,0.0,0.0
5978,-100,-55.0,40,1.0,6.0,,,,100.0,0.0,0.0,0.0,0.0,0.0
5979,-100,-55.0,40,1.0,6.5,-82.0,2.0,-84,100.0,0.0,2.412674,0.329657,0.0049,0.0
5980,-100,-55.0,40,1.0,7.0,-80.0,0.0,-80,100.0,0.0,2.481991,0.0,0.0024,0.0
5981,-100,-55.0,40,1.0,7.5,-79.04,4.6568,-87,99.99,0.01,2.457307,0.611942,0.0152,0.0
5983,-100,-55.0,40,1.0,8.5,-76.91,9.7462,-100,99.99,0.01,2.913869,1.206921,0.0271,0.0
5982,-100,-55.0,40,1.0,8.0,-82.01,7.5647,-98,99.99,0.01,2.826948,0.955124,0.0257,0.0
5984,-100,-55.0,40,1.0,9.0,-82.73,8.4196,-100,99.96,0.04,2.257035,1.656104,0.0621,0.0
5985,-100,-55.0,40,1.0,9.5,-84.75,9.8426,-100,99.92,0.1,2.514565,0.851176,0.1787,0.0
5986,-100,-55.0,40,1.0,10.0,-88.44,10.2014,-100,99.91,0.11,2.54793,1.107565,0.1482,0.0
5987,-100,-55.0,40,1.0,10.5,-85.73,9.9301,-100,99.8,0.24,2.361447,1.202938,0.3295,0.0001
5988,-100,-55.0,40,1.0,11.0,-86.18,10.2031,-100,99.8,0.24,2.890897,1.086401,0.1952,0.0001
5989,-100,-55.0,40,1.0,11.5,-86.74,11.0233,-100,99.68,0.39,2.765469,0.805206,0.3278,0.0002
5990,-100,-55.0,40,1.0,12.0,-85.19,11.2768,-100,99.53,0.56,2.3532,1.100495,0.7241,0.001
5991,-100,-55.0,40,1.0,12.5,-85.22,11.4014,-100,99.4,0.72,2.560339,1.044828,0.5779,0.0008
5992,-100,-55.0,40,1.0,13.0,-85.2,12.0123,-100,99.23,0.93,2.671242,1.109395,0.7432,0.0017
5993,-100,-55.0,40,1.0,13.5,-85.43,11.6108,-100,99.22,0.94,2.669636,1.166638,0.4879,0.0019
5995,-100,-55.0,40,1.25,1.0,,,,100.0,0.0,0.0,0.0,0.0,0.0
5994,-100,-55.0,40,1.0,14.0,-85.14,12.3005,-100,98.87,1.36,2.847541,1.121962,0.7186,0.002
5996,-100,-55.0,40,1.25,1.5,,,,100.0,0.0,0.0,0.0,0.0,0.0
5997,-100,-55.0,40,1.25,2.0,,,,100.0,0.0,0.0,0.0,0.0,0.0
5998,-100,-55.0,40,1.25,2.5,,,,100.0,0.0,0.0,0.0,0.0,0.0
5999,-100,-55.0,40,1.25,3.0,,,,100.0,0.0,0.0,0.0,0.0,0.0
6000,-100,-55.0,40,1.25,3.5,,,,100.0,0.0,0.0,0.0,0.0,0.0
6001,-100,-55.0,40,1.25,4.0,,,,100.0,0.0,0.0,0.0,0.0,0.0
6002,-100,-55.0,40,1.25,4.5,,,,100.0,0.0,0.0,0.0,0.0,0.0
6003,-100,-55.0,40,1.25,5.0,,,,100.0,0.0,0.0,0.0,0.0,0.0
6004,-100,-55.0,40,1.25,5.5,-68.33,5.3125,-75,100.0,0.0,5.169605,0.51798,0.0073,0.0
6005,-100,-55.0,40,1.25,6.0,-75.5,1.5,-77,100.0,0.0,3.675216,1.861679,0.0033,0.0
6006,-100,-55.0,40,1.25,6.5,-78.25,5.3339,-87,99.99,0.01,2.980758,1.22495,0.0152,0.0
6007,-100,-55.0,40,1.25,7.0,-74.82,6.0877,-86,99.98,0.02,2.387699,0.670369,0.0492,0.0
6008,-100,-55.0,40,1.25,7.5,-80.79,7.1476,-100,99.98,0.02,3.738835,1.14988,0.0547,0.0
6010,-100,-55.0,40,1.25,8.5,-81.23,9.3444,-100,99.91,0.11,3.170267,0.985179,0.222,0.0
6009,-100,-55.0,40,1.25,8.0,-81.66,8.3896,-99,99.92,0.09,2.560126,1.005213,0.1625,0.0
6012,-100,-55.0,40,1.25,9.5,-81.9,9.6208,-100,99.85,0.18,3.279825,1.047532,0.2312,0.0
6011,-100,-55.0,40,1.25,9.0,-84.88,10.4577,-100,99.86,0.17,3.814916,1.48667,0.2808,0.0
6013,-100,-55.0,40,1.25,10.0,-83.31,9.9832,-100,99.75,0.3,3.030797,1.920871,0.3746,0.0001
6014,-100,-55.0,40,1.25,10.5,-85.11,10.2598,-100,99.7,0.36,3.027099,0.889339,0.329,0.0004
6015,-100,-55.0,40,1.25,11.0,-83.69,10.953,-100,99.46,0.65,2.77563,1.568202,0.7875,0.0004
6016,-100,-55.0,40,1.25,11.5,-83.37,11.727,-100,99.28,0.87,2.857767,1.228416,1.0656,0.0007
6017,-100,-55.0,40,1.25,12.0,-83.34,11.505,-100,99.17,1.0,3.036499,1.284252,1.0128,0.0008
6018,-100,-55.0,40,1.25,12.5,-82.84,11.7838,-100,98.92,1.3,3.18595,1.060781,1.0303,0.0018
6019,-100,-55.0,40,1.25,13.0,-83.14,11.9206,-100,98.92,1.3,3.117967,1.356079,0.9254,0.0022
6020,-100,-55.0,40,1.25,13.5,-82.5,12.8484,-100,98.46,1.85,2.870998,1.297978,1.4608,0.0018
6022,-100,-55.0,40,1.5,1.0,,,,100.0,0.0,0.0,0.0,0.0,0.0
6023,-100,-55.0,40,1.5,1.5,,,,100.0,0.0,0.0,0.0,0.0,0.0
6024,-100,-55.0,40,1.5,2.0,,,,100.0,0.0,0.0,0.0,0.0,0.0
6021,-100,-55.0,40,1.25,14.0,-82.91,13.0489,-100,98.13,2.25,2.884726,0.891053,1.5387,0.004
6025,-100,-55.0,40,1.5,2.5,,,,100.0,0.0,0.0,0.0,0.0,0.0
6026,-100,-55.0,40,1.5,3.0,,,,100.0,0.0,0.0,0.0,0.0,0.0
6027,-100,-55.0,40,1.5,3.5,,,,100.0,0.0,0.0,0.0,0.0,0.0
6028,-100,-55.0,40,1.5,4.0,,,,100.0,0.0,0.0,0.0,0.0,0.0
6029,-100,-55.0,40,1.5,4.5,-72.5,4.5,-77,100.0,0.0,3.775199,0.990753,0.0034,0.0
6030,-100,-55.0,40,1.5,5.0,-71.12,3.8222,-79,100.0,0.01,2.900921,1.627389,0.0134,0.0
6031,-100,-55.0,40,1.5,5.5,-71.17,6.1757,-80,100.0,0.0,1.795132,0.698913,0.0146,0.0
6032,-100,-55.0,40,1.5,6.0,-74.52,5.3322,-84,99.97,0.04,2.887895,1.503441,0.0948,0.0
6033,-100,-55.0,40,1.5,6.5,-77.06,6.4602,-92,99.97,0.04,4.164067,1.504299,0.0875,0.0
6035,-100,-55.0,40,1.5,7.5,-80.27,7.5473,-92,99.94,0.08,3.565416,0.972527,0.1138,0.0
6036,-100,-55.0,40,1.5,8.0,-79.55,7.798,-100,99.79,0.26,3.187518,1.163691,0.4792,0.0
6034,-100,-55.0,40,1.5,7.0,-75.59,7.2212,-90,99.89,0.13,2.938106,0.770357,0.3581,0.0
6037,-100,-55.0,40,1.5,8.5,-79.19,9.5534,-100,99.67,0.39,3.202922,0.943772,0.7169,0.0001
6038,-100,-55.0,40,1.5,9.0,-79.9,9.5532,-100,99.68,0.38,3.240647,1.710622,0.6098,0.0
6039,-100,-55.0,40,1.5,9.5,-81.26,10.6507,-100,99.48,0.62,3.258519,1.187077,0.9059,0.0002
6040,-100,-55.0,40,1.5,10.0,-80.1,10.1438,-100,99.27,0.87,3.330409,1.048162,1.1119,0.0003
6041,-100,-55.0,40,1.5,10.5,-81.11,10.9055,-100,99.22,0.94,3.145074,1.087345,1.1452,0.0007
6042,-100,-55.0,40,1.5,11.0,-80.93,11.4888,-100,98.8,1.43,3.008325,1.258242,1.7137,0.0007
6043,-100,-55.0,40,1.5,11.5,-80.6,11.8709,-100,98.72,1.53,3.254717,0.959183,1.4497,0.0016
6044,-100,-55.0,40,1.5,12.0,-81.67,11.8093,-100,98.45,1.87,3.223997,1.233931,1.5581,0.0028
6045,-100,-55.0,40,1.5,12.5,-80.12,12.939,-100,98.04,2.35,3.179574,1.022597,2.3776,0.0028
6046,-100,-55.0,40,1.5,13.0,-80.08,13.1024,-100,97.82,2.61,3.15069,1.536962,2.6801,0.0055
6049,-100,-55.0,40,1.75,1.0,,,,100.0,0.0,0.0,0.0,0.0,0.0
6047,-100,-55.0,40,1.5,13.5,-80.49,13.2261,-100,97.93,2.48,3.302339,1.369195,1.4149,0.0048
6048,-100,-55.0,40,1.5,14.0,-80.34,13.4438,-100,97.56,2.93,3.265907,1.103533,1.6656,0.0067
6050,-100,-55.0,40,1.75,1.5,,,,100.0,0.0,0.0,0.0,0.0,0.0
6051,-100,-55.0,40,1.75,2.0,-64.33,2.357,-66,100.0,0.0,2.399344,0.221726,0.0073,0.0
6052,-100,-55.0,40,1.75,2.5,-67.0,0.0,-67,100.0,0.0,9.638309,0.0,0.0024,0.0
6053,-100,-55.0,40,1.75,3.0,-71.5,0.5,-72,100.0,0.0,3.595793,0.305865,0.0033,0.0
6054,-100,-55.0,40,1.75,3.5,-67.84,4.1453,-73,99.99,0.01,3.907322,1.040047,0.0365,0.0
6055,-100,-55.0,40,1.75,4.0,-66.8,3.9726,-73,99.88,0.15,3.201623,0.680728,0.5377,0.0
6056,-100,-55.0,40,1.75,4.5,-69.77,4.5181,-77,99.96,0.05,2.886999,1.393468,0.1205,0.0
6057,-100,-55.0,40,1.75,5.0,-68.23,4.6672,-85,99.92,0.1,1.829362,0.762708,0.26,0.0
6058,-100,-55.0,40,1.75,5.5,-75.02,6.9308,-91,99.91,0.1,4.386689,0.914061,0.3072,0.0
6059,-100,-55.0,40,1.75,6.0,-72.48,6.6326,-83,99.7,0.36,2.76051,0.769268,1.0614,0.0
6060,-100,-55.0,40,1.75,6.5,-76.42,7.4744,-92,99.76,0.29,3.71452,1.186672,0.6343,0.0
6061,-100,-55.0,40,1.75,7.0,-77.41,7.3235,-94,99.76,0.29,4.99575,2.426791,0.4666,0.0
6062,-100,-55.0,40,1.75,7.5,-74.91,8.1319,-95,99.29,0.85,2.364267,1.296061,1.856,0.0
6063,-100,-55.0,40,1.75,8.0,-75.86,8.4898,-100,99.39,0.73,3.661634,2.102447,1.1149,0.0
6064,-100,-55.0,40,1.75,8.5,-78.13,9.0617,-100,99.34,0.79,2.893801,1.257639,1.1458,0.0
6065,-100,-55.0,40,1.75,9.0,-79.24,10.197,-100,99.01,1.18,3.376694,1.818752,1.8388,0.0002
6066,-100,-55.0,40,1.75,9.5,-78.96,10.1814,-100,98.91,1.31,3.437458,1.54857,1.4824,0.0003
6067,-100,-55.0,40,1.75,10.0,-78.38,10.7681,-100,98.48,1.83,2.980021,1.470966,2.7738,0.0007
6068,-100,-55.0,40,1.75,10.5,-78.3,11.2541,-100,98.33,2.0,3.020913,1.223205,2.6378,0.0008
6069,-100,-55.0,40,1.75,11.0,-79.36,12.2351,-100,98.04,2.35,3.062882,1.061757,3.0136,0.0014
6070,-100,-55.0,40,1.75,11.5,-78.38,12.3465,-100,97.53,2.97,2.856429,1.287393,3.1951,0.0029
6071,-100,-55.0,40,1.75,12.0,-78.36,12.2652,-100,97.69,2.77,3.315119,1.411552,2.0398,0.0016
6073,-100,-55.0,40,1.75,13.0,-78.24,13.2567,-100,96.95,3.66,3.323646,1.174088,2.7103,0.005
6072,-100,-55.0,40,1.75,12.5,-77.12,13.1604,-100,97.18,3.38,3.277697,1.243279,2.373,0.0038
6074,-100,-55.0,40,1.75,13.5,-78.37,13.4975,-100,96.78,3.86,3.148585,1.196551,2.6825,0.0056
6076,-100,-55.0,40,2.0,1.0,-63.75,1.6997,-65,100.0,0.0,4.209466,0.333968,0.0053,0.0
6077,-100,-55.0,40,2.0,1.5,-61.56,1.9675,-66,99.99,0.01,3.977068,0.876363,0.0389,0.0
6075,-100,-55.0,40,1.75,14.0,-77.59,14.017,-100,96.42,4.3,3.149634,2.019637,2.9101,0.0094
6078,-100,-55.0,40,2.0,2.0,-59.55,2.1099,-64,99.94,0.07,3.702302,0.897871,0.2628,0.0
6079,-100,-55.0,40,2.0,2.5,-60.28,2.5215,-67,99.91,0.1,4.910732,1.061568,0.3766,0.0
6080,-100,-55.0,40,2.0,3.0,-62.06,3.3787,-71,99.92,0.1,5.080482,2.158333,0.2687,0.0
6081,-100,-55.0,40,2.0,3.5,-67.21,3.6717,-72,99.95,0.06,3.481465,1.393263,0.1989,0.0
6082,-100,-55.0,40,2.0,4.0,-65.34,4.2596,-75,99.79,0.25,5.093202,1.12594,0.7646,0.0
6083,-100,-55.0,40,2.0,4.5,-66.17,4.8007,-79,99.77,0.27,4.325634,1.434699,0.6659,0.0
6084,-100,-55.0,40,2.0,5.0,-71.61,5.4445,-90,99.58,0.5,3.084725,0.84991,1.3339,0.0
6085,-100,-55.0,40,2.0,5.5,-70.33,6.0326,-83,99.49,0.61,2.627189,0.832972,1.4104,0.0
6086,-100,-55.0,40,2.0,6.0,-72.28,6.9109,-86,99.65,0.42,5.326024,2.628224,0.74,0.0
6087,-100,-55.0,40,2.0,6.5,-73.8,7.5063,-89,98.98,1.22,3.132536,1.24619,2.6466,0.0
6088,-100,-55.0,40,2.0,7.0,-73.82,7.4385,-92,98.99,1.21,3.605681,1.16551,2.1082,0.0
6089,-100,-55.0,40,2.0,7.5,-74.09,8.233,-100,98.95,1.26,3.094244,1.049533,2.2211,0.0
6090,-100,-55.0,40,2.0,8.0,-76.19,9.3907,-98,98.79,1.46,4.242428,1.832262,2.2041,0.0001
6091,-100,-55.0,40,2.0,8.5,-75.67,9.571,-100,98.59,1.69,3.619767,1.183177,2.117,0.0
6092,-100,-55.0,40,2.0,9.0,-76.3,9.9301,-100,98.6,1.68,3.965159,1.183657,1.8254,0.0001
6093,-100,-55.0,40,2.0,9.5,-75.84,10.4556,-100,97.66,2.8,3.036363,1.223109,3.514,0.0006
6094,-100,-55.0,40,2.0,10.0,-76.2,11.176,-100,98.11,2.27,4.142894,1.520258,2.2905,0.001
6095,-100,-55.0,40,2.0,10.5,-75.04,11.7237,-100,97.02,3.58,2.846041,2.218494,4.6303,0.0009
6096,-100,-55.0,40,2.0,11.0,-75.44,12.2441,-100,96.87,3.75,3.349989,1.126122,3.513,0.0032
6097,-100,-55.0,40,2.0,11.5,-75.71,12.2664,-100,96.81,3.83,3.497943,1.351529,2.9706,0.0038
6098,-100,-55.0,40,2.0,12.0,-75.08,13.1954,-100,95.89,4.93,2.972055,1.620638,5.2011,0.006
6099,-100,-55.0,40,2.0,12.5,-75.39,12.9817,-100,96.06,4.72,3.40731,1.283217,2.8625,0.0046
6100,-100,-55.0,40,2.0,13.0,-75.29,14.0786,-100,95.91,4.91,3.528944,1.926917,3.48,0.0052
6101,-100,-55.0,40,2.0,13.5,-75.75,14.5607,-100,95.33,5.6,3.216372,1.156961,4.1933,0.0094
6103,-100,-55.0,40,2.25,1.0,-59.05,1.305,-63,99.85,0.18,2.975911,1.134933,0.4464,0.0
6102,-100,-55.0,40,2.0,14.0,-75.73,14.9149,-100,94.72,6.33,3.088065,1.121456,4.017,0.0109
6104,-100,-55.0,40,2.25,1.5,-62.16,1.7531,-68,99.64,0.43,1.993913,0.524613,1.294,0.0
6105,-100,-55.0,40,2.25,2.0,-62.6,2.083,-68,99.37,0.75,1.661703,1.135774,2.5925,0.0
6106,-100,-55.0,40,2.25,2.5,-59.9,3.0029,-67,99.54,0.55,4.410517,1.346158,1.6722,0.0
6107,-100,-55.0,40,2.25,3.0,-62.18,3.4284,-69,99.79,0.25,6.386939,1.682328,0.738,0.0
6108,-100,-55.0,40,2.25,3.5,-63.54,4.3847,-75,99.3,0.85,4.035478,1.641421,2.406,0.0
6109,-100,-55.0,40,2.25,4.0,-65.1,4.9589,-79,99.29,0.85,3.84284,2.69928,1.9754,0.0
6110,-100,-55.0,40,2.25,4.5,-65.3,5.0527,-80,99.2,0.96,3.837825,2.159724,2.0494,0.0
6111,-100,-55.0,40,2.25,5.0,-66.46,5.6542,-81,98.89,1.33,2.46631,1.105977,3.2659,0.0
6112,-100,-55.0,40,2.25,5.5,-71.59,6.3853,-88,98.83,1.41,3.73445,1.533245,2.4202,0.0
6113,-100,-55.0,40,2.25,6.0,-70.45,6.419,-85,98.78,1.46,3.63977,1.530474,2.2909,0.0
6114,-100,-55.0,40,2.25,6.5,-69.8,7.6847,-88,97.95,2.46,2.759534,1.411631,4.6851,0.0
6115,-100,-55.0,40,2.25,7.0,-73.23,7.9004,-97,97.92,2.49,2.853554,2.340679,4.6801,0.0001
6116,-100,-55.0,40,2.25,7.5,-74.51,8.9404,-97,97.29,3.25,2.517102,1.373019,5.3147,0.0001
6117,-100,-55.0,40,2.25,8.0,-73.75,9.0696,-95,97.74,2.71,3.240146,1.167276,3.8677,0.0001
6118,-100,-55.0,40,2.25,8.5,-73.1,9.8335,-100,97.67,2.8,3.824869,1.780339,3.8487,0.0012
6119,-100,-55.0,40,2.25,9.0,-73.54,10.7823,-100,96.82,3.82,2.899985,1.287005,5.0298,0.0008
6120,-100,-55.0,40,2.25,9.5,-72.81,11.1879,-100,96.31,4.43,3.107592,1.706095,5.2672,0.0015
6121,-100,-55.0,40,2.25,10.0,-73.16,11.3686,-100,96.09,4.7,3.056727,2.235661,5.524,0.0019
6122,-100,-55.0,40,2.25,10.5,-72.32,12.0723,-100,95.56,5.33,3.111218,1.525081,5.1493,0.0047
6123,-100,-55.0,40,2.25,11.0,-73.05,12.4933,-100,95.0,6.0,2.670101,1.473762,5.4062,0.0032
6124,-100,-55.0,40,2.25,11.5,-72.73,13.3869,-100,94.38,6.74,2.575767,1.706032,7.1074,0.0033
6125,-100,-55.0,40,2.25,12.0,-72.77,13.4296,-100,94.21,6.95,2.73958,1.917427,6.9682,0.0071
6126,-100,-55.0,40,2.25,12.5,-72.45,14.1776,-100,93.99,7.22,2.867901,1.371697,6.2175,0.0105
6127,-100,-55.0,40,2.25,13.0,-72.42,14.4899,-100,93.54,7.75,2.922393,1.539218,5.7088,0.0085
6128,-100,-55.0,40,2.25,13.5,-72.76,14.2692,-100,94.49,6.62,3.436995,2.278616,3.3031,0.0079
6130,-100,-55.0,40,2.5,1.0,-59.22,1.9647,-65,98.42,1.89,1.888995,1.336624,5.7804,0.0
6132,-100,-55.0,40,2.5,2.0,-60.56,2.6013,-67,98.61,1.67,2.82147,1.407246,4.1815,0.0
6131,-100,-55.0,40,2.5,1.5,-59.07,1.9202,-67,97.6,2.88,1.444212,1.094277,7.7201,0.0
6129,-100,-55.0,40,2.25,14.0,-72.89,15.335,-100,93.48,7.83,3.124147,1.6051,5.2454,0.0265
6133,-100,-55.0,40,2.5,2.5,-60.48,3.2762,-68,96.91,3.71,1.108902,1.288448,10.4311,0.0
6134,-100,-55.0,40,2.5,3.0,-62.12,4.0335,-73,96.55,4.14,1.047834,1.200655,11.3282,0.0
6135,-100,-55.0,40,2.5,3.5,-61.44,4.0669,-73,96.39,4.33,1.134723,1.0732,10.2323,0.0
6136,-100,-55.0,40,2.5,4.0,-63.15,5.8312,-78,97.37,3.16,1.630743,0.96044,7.1628,0.0
6137,-100,-55.0,40,2.5,4.5,-65.02,5.677,-78,98.93,1.29,5.338604,1.981259,2.3665,0.0
6138,-100,-55.0,40,2.5,5.0,-67.02,6.1662,-82,95.8,5.04,1.494864,1.366913,9.7686,0.0
6139,-100,-55.0,40,2.5,5.5,-69.9,7.3935,-84,97.88,2.54,2.999087,1.383069,3.9556,0.0
6140,-100,-55.0,40,2.5,6.0,-69.28,7.6272,-87,96.48,4.22,2.296439,1.436431,7.1304,0.0
6141,-100,-55.0,40,2.5,6.5,-68.63,8.5257,-87,96.5,4.2,2.327213,1.732872,7.9898,0.0001
6143,-100,-55.0,40,2.5,7.5,-70.21,9.2608,-94,95.59,5.29,2.442415,1.326465,7.2509,0.0001
6142,-100,-55.0,40,2.5,7.0,-70.19,8.6602,-96,96.63,4.05,3.059008,1.21921,5.1034,0.0001
6144,-100,-55.0,40,2.5,8.0,-69.42,9.9527,-100,95.01,5.99,2.300112,1.956598,8.8223,0.0009
6145,-100,-55.0,40,2.5,8.5,-69.65,10.4735,-96,95.63,5.24,2.92802,1.39004,5.7656,0.0018
6146,-100,-55.0,40,2.5,9.0,-69.93,11.1997,-100,95.8,5.03,3.151515,1.30475,4.678,0.0015
6147,-100,-55.0,40,2.5,9.5,-69.63,12.02,-100,94.44,6.67,2.738326,1.945869,7.4393,0.0025
6148,-100,-55.0,40,2.5,10.0,-70.2,12.0105,-100,93.03,8.36,2.191322,2.143451,10.4652,0.0037
6149,-100,-55.0,40,2.5,10.5,-70.62,12.7549,-100,94.06,7.13,2.872462,1.708835,7.6516,0.0038
6150,-100,-55.0,40,2.5,11.0,-70.17,13.2501,-100,93.95,7.27,2.909014,1.598586,6.4076,0.0086
6151,-100,-55.0,40,2.5,11.5,-70.5,13.4496,-100,93.05,8.34,2.664449,1.553942,6.9669,0.0066
6152,-100,-55.0,40,2.5,12.0,-70.4,14.2343,-100,93.27,8.08,3.144192,1.495627,5.7958,0.0136
6153,-100,-55.0,40,2.5,12.5,-69.44,14.5235,-100,91.95,9.66,2.585849,2.088142,8.5208,0.0093
6154,-100,-55.0,40,2.5,13.0,-70.23,14.6679,-100,92.93,8.49,3.207725,1.398065,4.6723,0.0232
6155,-100,-55.0,40,2.5,13.5,-70.05,15.134,-100,91.88,9.74,2.8852,1.394474,5.8693,0.0169
6157,-100,-55.0,40,2.75,1.0,-56.62,3.7322,-64,95.71,5.15,1.030862,1.385594,12.3967,0.0
6156,-100,-55.0,40,2.5,14.0,-69.78,15.8364,-100,91.02,10.77,2.778147,1.309098,6.6676,0.0285
6158,-100,-55.0,40,2.75,1.5,-57.16,3.2863,-66,96.23,4.52,1.303652,1.14374,10.2065,0.0
6159,-100,-55.0,40,2.75,2.0,-59.11,4.1895,-67,96.52,4.18,1.415272,1.619145,10.2763,0.0
6160,-100,-55.0,40,2.75,2.5,-59.52,4.9387,-71,95.16,5.81,1.047816,0.865464,12.1352,0.0
6161,-100,-55.0,40,2.75,3.0,-59.58,4.1911,-70,95.36,5.56,1.127862,1.577693,12.803,0.0
6162,-100,-55.0,40,2.75,3.5,-62.5,5.211,-75,94.71,6.35,1.304138,1.911684,13.5313,0.0
6163,-100,-55.0,40,2.75,4.0,-62.44,6.1706,-76,94.36,6.76,1.341392,1.514769,12.981,0.0
6164,-100,-55.0,40,2.75,4.5,-64.24,6.2862,-81,94.39,6.74,1.596434,1.196058,10.8712,0.0
6165,-100,-55.0,40,2.75,5.0,-64.63,7.0446,-84,93.74,7.52,1.319257,1.55599,13.9119,0.0
6166,-100,-55.0,40,2.75,5.5,-65.49,8.0268,-89,94.13,7.04,1.697772,1.706691,12.2162,0.0
6168,-100,-55.0,40,2.75,6.5,-67.64,8.6047,-90,94.06,7.12,2.012037,1.454006,9.7331,0.0001
6167,-100,-55.0,40,2.75,6.0,-66.46,8.1865,-87,93.44,7.87,1.6988,1.502957,12.0049,0.0
6169,-100,-55.0,40,2.75,7.0,-66.77,9.4518,-88,92.56,8.93,1.568775,2.265796,14.4299,0.0002
6170,-100,-55.0,40,2.75,7.5,-68.0,9.563,-99,93.83,7.4,2.292552,1.554489,9.7209,0.0017
6171,-100,-55.0,40,2.75,8.0,-67.58,10.6592,-99,93.44,7.87,2.334705,1.516346,8.7248,0.0015
6173,-100,-55.0,40,2.75,9.0,-67.2,10.8217,-100,93.06,8.32,2.69563,1.417828,7.1736,0.0051
6172,-100,-55.0,40,2.75,8.5,-67.11,11.465,-100,91.84,9.8,2.027084,1.909614,12.4733,0.0029
6174,-100,-55.0,40,2.75,9.5,-66.84,11.5892,-100,90.83,11.01,1.948333,1.998365,12.7492,0.0066
6175,-100,-55.0,40,2.75,10.0,-67.08,12.2386,-100,90.86,10.97,2.21189,1.67653,10.8343,0.0091
6176,-100,-55.0,40,2.75,10.5,-67.29,13.4462,-100,92.05,9.53,2.769657,1.501148,7.5521,0.0099
6177,-100,-55.0,40,2.75,11.0,-67.53,13.316,-100,90.86,10.97,2.39345,1.691771,8.0254,0.0147
6178,-100,-55.0,40,2.75,11.5,-67.35,13.7905,-100,90.77,11.08,2.391328,2.023196,9.5732,0.0102
6179,-100,-55.0,40,2.75,12.0,-67.4,14.4169,-100,91.02,10.78,2.691472,1.935975,9.7613,0.0102
6180,-100,-55.0,40,2.75,12.5,-67.62,15.2785,-100,90.41,11.5,2.624084,1.721289,8.7294,0.0205
6181,-100,-55.0,40,2.75,13.0,-67.34,15.0586,-100,89.73,12.33,2.583666,1.651588,8.9067,0.0173
6182,-100,-55.0,40,2.75,13.5,-67.08,15.1731,-100,90.06,11.93,2.772643,1.439354,5.9948,0.028
6183,-100,-55.0,40,2.75,14.0,-66.79,16.5206,-100,89.52,12.57,2.461604,1.613115,7.6414,0.0186
6184,-100,-55.0,40,3.0,1.0,-55.88,3.8229,-65,91.46,10.25,0.729616,0.785902,17.1231,0.0
6185,-100,-55.0,40,3.0,1.5,-55.97,4.7761,-66,92.14,9.43,1.031462,1.148824,15.643,0.0
6186,-100,-55.0,40,3.0,2.0,-57.2,4.5851,-66,92.93,8.48,1.049355,0.858079,14.0063,0.0
6187,-100,-55.0,40,3.0,2.5,-58.5,4.4157,-71,92.82,8.62,1.191714,1.404565,14.5689,0.0
6188,-100,-55.0,40,3.0,3.0,-59.6,5.2063,-72,91.38,10.34,0.99119,1.42875,17.2589,0.0
6189,-100,-55.0,40,3.0,3.5,-59.17,6.5815,-78,92.5,9.0,1.297273,1.48067,15.1011,0.0
6190,-100,-55.0,40,3.0,4.0,-60.36,6.8929,-75,90.87,10.96,1.116384,1.116218,15.8869,0.0
6191,-100,-55.0,40,3.0,4.5,-62.41,7.426,-77,92.24,9.31,1.521551,1.551849,13.6248,0.0
6192,-100,-55.0,40,3.0,5.0,-63.54,7.9909,-81,92.8,8.64,1.590694,1.098275,11.5703,0.0
6194,-100,-55.0,40,3.0,6.0,-64.45,9.4576,-89,92.13,9.45,1.743069,1.521591,12.9473,0.0003
6193,-100,-55.0,40,3.0,5.5,-64.15,7.8082,-85,90.15,11.82,1.285146,1.314447,15.3334,0.0002
6195,-100,-55.0,40,3.0,6.5,-65.02,9.511,-92,91.16,10.6,1.798159,1.49528,12.2635,0.0004
6196,-100,-55.0,40,3.0,7.0,-64.63,10.6213,-93,91.09,10.7,1.880611,1.710316,13.0303,0.0007
6197,-100,-55.0,40,3.0,7.5,-64.3,10.1469,-93,90.83,11.0,2.030459,1.38745,11.1604,0.0029
6198,-100,-55.0,40,3.0,8.0,-64.65,11.326,-95,90.94,10.87,2.103315,1.713525,11.3997,0.0038
6199,-100,-55.0,40,3.0,8.5,-64.51,11.8179,-100,90.28,11.67,2.116128,1.94681,12.7907,0.0081
6200,-100,-55.0,40,3.0,9.0,-64.17,12.8394,-100,90.18,11.78,2.276929,1.797107,11.7931,0.013
6201,-100,-55.0,40,3.0,9.5,-64.14,12.7718,-100,89.8,12.23,2.192003,1.559603,9.8958,0.0093
6202,-100,-55.0,40,3.0,10.0,-64.46,12.957,-100,89.9,12.12,2.420148,1.567623,9.3797,0.0101
6203,-100,-55.0,40,3.0,10.5,-64.4,13.769,-100,89.02,13.18,2.281685,1.692608,10.3963,0.01
6205,-100,-55.0,40,3.0,11.5,-64.36,14.7519,-100,88.06,14.33,2.21091,1.724008,11.3975,0.0156
6204,-100,-55.0,40,3.0,11.0,-64.9,14.0774,-100,88.06,14.33,2.030463,1.703668,12.8902,0.0144
6206,-100,-55.0,40,3.0,12.0,-64.66,14.9776,-100,89.38,12.75,2.666212,1.477772,7.6779,0.0385
6207,-100,-55.0,40,3.0,12.5,-64.44,15.2807,-100,88.1,14.29,2.299658,1.951442,11.2619,0.0178
6208,-100,-55.0,40,3.0,13.0,-64.18,15.7855,-100,87.96,14.44,2.467523,1.459439,8.5343,0.0366
6209,-100,-55.0,40,3.0,13.5,-63.9,16.2722,-100,87.72,14.74,2.581356,1.549367,8.9789,0.0465
6210,-100,-55.0,40,3.0,14.0,-64.29,16.4604,-100,87.91,14.51,2.594938,1.557628,8.4208,0.043
6211,-100,-55.0,40,3.25,1.0,-55.22,4.7601,-65,88.89,13.32,0.737262,0.749139,19.0125,0.0
6212,-100,-55.0,40,3.25,1.5,-56.24,5.7238,-68,89.51,12.59,0.998239,0.883148,16.7697,0.0
6213,-100,-55.0,40,3.25,2.0,-56.56,5.8012,-67,89.59,12.49,0.910132,0.895648,17.5573,0.0
6214,-100,-55.0,40,3.25,2.5,-55.54,6.4551,-68,89.5,12.59,0.890346,1.37499,18.5049,0.0
6215,-100,-55.0,40,3.25,3.0,-57.43,6.1063,-70,89.25,12.9,1.067143,1.291261,17.7481,0.0
6217,-100,-55.0,40,3.25,4.0,-60.74,7.5761,-77,88.83,13.4,1.222834,1.459254,17.2717,0.0
6216,-100,-55.0,40,3.25,3.5,-58.93,6.2737,-76,88.71,13.55,1.108954,1.239042,17.616,0.0
6218,-100,-55.0,40,3.25,4.5,-60.31,7.8895,-78,86.76,15.88,0.96757,1.061952,19.0708,0.0
6219,-100,-55.0,40,3.25,5.0,-61.41,9.056,-87,89.73,12.32,1.527828,1.421416,14.6612,0.0001
6221,-100,-55.0,40,3.25,6.0,-61.33,10.0803,-88,88.78,13.47,1.601621,1.55953,15.5977,0.0022
6220,-100,-55.0,40,3.25,5.5,-61.34,9.569,-86,88.87,13.36,1.460451,1.450689,15.6787,0.0002
6222,-100,-55.0,40,3.25,6.5,-61.52,9.6531,-88,87.96,14.45,1.642537,1.360515,13.8319,0.0011
6223,-100,-55.0,40,3.25,7.0,-61.48,11.1205,-89,87.83,14.6,1.746299,1.783756,15.1091,0.0004
6224,-100,-55.0,40,3.25,7.5,-61.41,11.6485,-100,87.71,14.75,1.864273,1.49874,13.4899,0.0061
6225,-100,-55.0,40,3.25,8.0,-61.48,11.3146,-100,86.95,15.66,1.783135,1.528221,14.0727,0.0096
6226,-100,-55.0,40,3.25,8.5,-61.72,12.6249,-99,87.97,14.44,2.014078,1.431703,11.5278,0.0144
6228,-100,-55.0,40,3.25,9.5,-61.39,12.8332,-100,88.24,14.11,2.328119,1.756994,10.2448,0.0079
6227,-100,-55.0,40,3.25,9.0,-61.93,12.882,-100,87.93,14.48,2.082508,1.564462,11.6962,0.0172
6229,-100,-55.0,40,3.25,10.0,-61.8,13.3826,-100,86.96,15.64,2.07443,1.665915,12.5264,0.0085
6230,-100,-55.0,40,3.25,10.5,-61.81,14.1454,-100,86.87,15.76,2.096397,1.859941,13.1818,0.0222
6232,-100,-55.0,40,3.25,11.5,-61.63,15.2437,-100,86.68,15.98,2.285441,1.586475,10.5882,0.0302
6231,-100,-55.0,40,3.25,11.0,-61.82,14.6037,-100,86.18,16.58,2.044869,1.569513,12.5431,0.027
6233,-100,-55.0,40,3.25,12.0,-61.67,15.1915,-100,86.36,16.37,2.316499,1.423479,9.5309,0.0273
6234,-100,-55.0,40,3.25,12.5,-61.59,15.3366,-100,86.63,16.04,2.32704,1.447731,8.7157,0.0233
6235,-100,-55.0,40,3.25,13.0,-61.1,15.9073,-100,86.0,16.8,2.325338,1.694634,9.7188,0.0387
6236,-100,-55.0,40,3.25,13.5,-61.02,16.7734,-100,86.49,16.21,2.482758,1.473449,8.6783,0.0416
6237,-100,-55.0,40,3.25,14.0,-61.35,17.1403,-100,86.43,16.28,2.474381,1.545544,8.5962,0.0391
6240,-100,-55.0,40,3.5,2.0,-55.19,6.7848,-66,87.37,15.16,0.995089,1.057406,18.1587,0.0
6238,-100,-55.0,40,3.5,1.0,-53.52,6.8769,-67,85.9,16.92,0.912649,0.876623,19.2322,0.0
6239,-100,-55.0,40,3.5,1.5,-55.04,6.2973,-66,87.16,15.41,0.883098,0.982491,19.0589,0.0
6241,-100,-55.0,40,3.5,2.5,-55.69,7.813,-68,86.75,15.89,1.135122,1.202332,17.9214,0.0
6242,-100,-55.0,40,3.5,3.0,-54.23,7.6052,-73,86.97,15.63,1.341874,1.265583,16.0562,0.0
6244,-100,-55.0,40,3.5,4.0,-58.5,8.8319,-80,87.43,15.09,1.291401,1.2196,15.5517,0.0
6245,-100,-55.0,40,3.5,4.5,-59.39,8.6064,-82,85.02,17.98,1.204075,1.265913,18.2041,0.0001
6243,-100,-55.0,40,3.5,3.5,-56.88,7.6822,-77,86.72,15.93,1.20021,1.200213,17.2611,0.0
6246,-100,-55.0,40,3.5,5.0,-59.07,9.4865,-81,85.52,17.38,1.303538,1.246705,17.2598,0.0008
6247,-100,-55.0,40,3.5,5.5,-59.02,10.0449,-85,85.93,16.89,1.422165,1.279324,15.5883,0.0008
6248,-100,-55.0,40,3.5,6.0,-58.98,10.7085,-85,85.09,17.89,1.418207,1.48396,16.8156,0.0017
6249,-100,-55.0,40,3.5,6.5,-58.87,10.9545,-87,85.7,17.17,1.611985,1.482726,14.9784,0.003
6250,-100,-55.0,40,3.5,7.0,-58.54,11.7717,-95,84.11,19.07,1.498543,1.31171,15.7422,0.0056
6251,-100,-55.0,40,3.5,7.5,-58.71,11.7818,-92,84.73,18.32,1.666571,1.568271,15.0203,0.0108
6252,-100,-55.0,40,3.5,8.0,-58.72,12.6593,-96,84.47,18.64,1.679731,1.5066,15.2868,0.0082
6253,-100,-55.0,40,3.5,8.5,-58.93,12.946,-98,84.51,18.59,1.80409,1.603247,14.0114,0.0116
6254,-100,-55.0,40,3.5,9.0,-59.08,13.5942,-97,85.71,17.14,2.035907,1.858841,14.2348,0.0218
6257,-100,-55.0,40,3.5,10.5,-58.96,14.2456,-100,85.01,17.99,2.158317,1.449775,10.2106,0.0502
6256,-100,-55.0,40,3.5,10.0,-58.45,14.2099,-100,84.27,18.88,1.980059,1.497272,12.3288,0.0355
6255,-100,-55.0,40,3.5,9.5,-58.87,14.1285,-100,84.62,18.46,1.826472,1.659572,14.2012,0.0184
6258,-100,-55.0,40,3.5,11.0,-58.64,15.7551,-100,85.25,17.7,2.16711,1.809311,12.204,0.0222
6259,-100,-55.0,40,3.5,11.5,-58.46,15.3429,-100,84.96,18.05,2.211737,1.360793,8.9975,0.0334
6260,-100,-55.0,40,3.5,12.0,-58.74,15.4655,-100,84.85,18.19,2.183996,1.535292,9.781,0.0373
6261,-100,-55.0,40,3.5,12.5,-58.32,16.0006,-100,83.28,20.06,1.954992,1.554554,11.0043,0.0447
6262,-100,-55.0,40,3.5,13.0,-58.3,16.6767,-100,84.05,19.14,2.16996,1.492832,10.4709,0.0459
6263,-100,-55.0,40,3.5,13.5,-58.55,17.1326,-100,83.77,19.48,2.101135,1.495057,10.6117,0.0505
6264,-100,-55.0,40,3.5,14.0,-58.81,17.6116,-100,84.47,18.65,2.324886,1.553695,9.6886,0.0688
6265,-100,-55.0,40,3.75,1.0,-51.85,8.5624,-63,83.42,19.9,0.883256,0.70077,19.3565,0.0
6266,-100,-55.0,40,3.75,1.5,-51.75,8.3589,-65,82.77,20.67,0.923866,0.932307,19.8571,0.0
6267,-100,-55.0,40,3.75,2.0,-52.32,8.0398,-67,84.0,19.2,0.981449,1.061348,19.6739,0.0
6268,-100,-55.0,40,3.75,2.5,-53.95,8.9108,-68,84.67,18.4,1.100723,1.129364,18.4678,0.0
6269,-100,-55.0,40,3.75,3.0,-54.89,8.1532,-74,83.41,19.9,1.142188,1.092911,18.0555,0.0
6270,-100,-55.0,40,3.75,3.5,-56.31,8.8986,-74,83.54,19.76,1.054315,1.310319,19.8136,0.0001
6272,-100,-55.0,40,3.75,4.5,-56.22,10.149,-79,86.9,15.72,1.66122,1.664022,14.4032,0.0003
6271,-100,-55.0,40,3.75,4.0,-55.83,10.0101,-76,83.3,20.03,1.271355,1.208267,17.1079,0.0002
6273,-100,-55.0,40,3.75,5.0,-55.8,10.219,-80,83.03,20.36,1.404619,1.492153,17.2135,0.0017
6274,-100,-55.0,40,3.75,5.5,-56.47,11.4898,-85,82.82,20.61,1.275403,1.341874,17.9226,0.0013
6275,-100,-55.0,40,3.75,6.0,-55.28,11.3115,-86,82.32,21.22,1.434664,1.404239,16.0582,0.0099
6276,-100,-55.0,40,3.75,6.5,-56.35,11.5251,-86,83.05,20.34,1.493306,1.237734,14.7105,0.0088
6277,-100,-55.0,40,3.75,7.0,-55.64,12.3387,-92,82.42,21.1,1.544629,1.385844,15.0994,0.0235
6278,-100,-55.0,40,3.75,7.5,-56.11,12.2388,-94,82.98,20.42,1.656159,1.484184,14.3668,0.0241
6279,-100,-55.0,40,3.75,8.0,-55.76,13.2744,-94,82.86,20.57,1.749451,1.445664,13.2462,0.0146
6280,-100,-55.0,40,3.75,8.5,-55.94,13.9355,-94,82.85,20.59,1.783774,1.838137,14.5316,0.011
6281,-100,-55.0,40,3.75,9.0,-55.39,13.6642,-99,81.39,22.33,1.690846,1.421547,13.8856,0.0417
6282,-100,-55.0,40,3.75,9.5,-56.04,14.6329,-100,83.68,19.58,1.97905,1.518191,11.431,0.0297
6283,-100,-55.0,40,3.75,10.0,-56.26,14.5198,-100,82.83,20.6,1.907588,1.462827,11.9092,0.0428
6284,-100,-55.0,40,3.75,10.5,-55.88,15.2315,-100,82.92,20.5,1.929886,1.342923,11.0339,0.0438
6285,-100,-55.0,40,3.75,11.0,-55.77,15.6609,-100,82.49,21.01,1.919964,1.483369,11.8042,0.0385
6286,-100,-55.0,40,3.75,11.5,-55.86,15.8318,-100,82.53,20.96,1.94766,1.468554,11.1825,0.0398
6287,-100,-55.0,40,3.75,12.0,-55.9,16.8107,-100,81.63,22.05,1.86447,1.46512,12.0802,0.0534
6288,-100,-55.0,40,3.75,12.5,-55.52,16.8352,-100,83.01,20.39,2.082706,1.422078,8.9834,0.0715
6289,-100,-55.0,40,3.75,13.0,-55.57,16.7734,-100,82.69,20.77,2.041933,1.53187,10.6221,0.0652
6290,-100,-55.0,40,3.75,13.5,-55.24,17.5919,-100,82.26,21.29,1.962265,1.357842,10.2486,0.061
6291,-100,-55.0,40,3.75,14.0,-56.24,17.9139,-100,82.64,20.84,2.072652,1.398948,9.3782,0.0803
6292,-100,-55.0,40,4.0,1.0,-51.43,9.6543,-65,80.82,23.03,0.881534,0.728073,19.8207,0.0
6293,-100,-55.0,40,4.0,1.5,-51.31,8.8728,-66,80.3,23.64,0.991455,0.991271,19.4861,0.0
6294,-100,-55.0,40,4.0,2.0,-51.79,9.1245,-68,81.16,22.61,1.013616,0.877766,18.6308,0.0
6295,-100,-55.0,40,4.0,2.5,-52.57,9.4714,-72,81.32,22.41,1.109195,1.065257,18.5692,0.0
6297,-100,-55.0,40,4.0,3.5,-53.33,9.8045,-74,81.31,22.43,1.100028,1.292442,19.2988,0.0009
6296,-100,-55.0,40,4.0,3.0,-52.63,9.9815,-71,79.1,25.08,0.975062,0.949784,19.3902,0.0001
6298,-100,-55.0,40,4.0,4.0,-53.18,10.8486,-78,80.58,23.3,1.247192,1.220535,17.6866,0.0032
6299,-100,-55.0,40,4.0,4.5,-53.22,10.7453,-80,81.34,22.38,1.359831,1.27537,16.332,0.0042
6300,-100,-55.0,40,4.0,5.0,-53.2,11.3334,-82,80.18,23.78,1.263127,1.296335,17.465,0.0031
6301,-100,-55.0,40,4.0,5.5,-52.77,11.4883,-83,79.95,24.06,1.401985,1.208684,14.8738,0.0086
6302,-100,-55.0,40,4.0,6.0,-53.33,12.2793,-86,80.01,23.99,1.396716,1.359401,15.9871,0.0155
6303,-100,-55.0,40,4.0,6.5,-52.95,12.3948,-86,79.89,24.14,1.402773,1.32945,15.6089,0.0133
6304,-100,-55.0,40,4.0,7.0,-52.89,12.7203,-89,80.08,23.9,1.489663,1.158097,13.0922,0.022
6305,-100,-55.0,40,4.0,7.5,-53.1,13.5012,-95,81.32,22.42,1.667174,1.326112,12.4458,0.0174
6306,-100,-55.0,40,4.0,8.0,-53.08,13.1256,-93,78.56,25.73,1.382121,1.452241,16.001,0.0249
6307,-100,-55.0,40,4.0,8.5,-52.97,14.4808,-97,80.93,22.87,1.692642,1.34191,12.0887,0.0507
6308,-100,-55.0,40,4.0,9.0,-52.99,14.8023,-94,80.86,22.97,1.676341,1.420303,12.9099,0.0349
6309,-100,-55.0,40,4.0,9.5,-52.74,14.8563,-100,81.5,22.19,1.817112,1.223212,10.3447,0.0427
6310,-100,-55.0,40,4.0,10.0,-53.25,14.8829,-97,81.07,22.71,1.795254,1.487776,11.6783,0.0464
6311,-100,-55.0,40,4.0,10.5,-53.01,15.1089,-100,82.02,21.57,1.992326,1.474582,9.0287,0.0444
6312,-100,-55.0,40,4.0,11.0,-53.59,16.3769,-100,82.11,21.47,1.9976,1.585952,11.5849,0.0578
6314,-100,-55.0,40,4.0,12.0,-53.05,16.6872,-100,80.61,23.27,1.823027,1.417285,10.938,0.0708
6313,-100,-55.0,40,4.0,11.5,-53.08,16.2724,-100,81.13,22.65,1.866186,1.424613,10.3591,0.0588
6315,-100,-55.0,40,4.0,12.5,-52.98,17.2157,-100,80.85,22.99,1.847203,1.505817,11.1621,0.0567
6316,-100,-55.0,40,4.0,13.0,-53.52,17.5574,-100,81.81,21.83,1.968621,1.400478,9.7903,0.068
6317,-100,-55.0,40,4.0,13.5,-53.01,17.2771,-100,81.83,21.8,1.946163,1.572147,10.0389,0.0419
6318,-100,-55.0,40,4.0,14.0,-52.6,18.4525,-100,81.99,21.61,2.072075,1.473994,9.3745,0.0693
6319,-100,-55.0,40,4.25,1.0,-48.94,9.5671,-63,78.86,25.36,0.974453,0.783982,18.1024,0.0
6320,-100,-55.0,40,4.25,1.5,-49.8,10.7062,-66,78.6,25.67,1.061675,0.92447,17.1662,0.0001
6321,-100,-55.0,40,4.25,2.0,-49.86,10.1908,-68,78.27,26.09,1.035872,0.923804,17.3747,0.0002
6322,-100,-55.0,40,4.25,2.5,-50.18,10.5608,-70,79.39,24.74,1.207742,1.002463,16.1859,0.0001
6323,-100,-55.0,40,4.25,3.0,-50.35,11.3996,-72,80.31,23.62,1.301604,1.225319,15.8421,0.0004
6324,-100,-55.0,40,4.25,3.5,-50.33,11.6568,-73,79.7,24.35,1.272598,1.073041,15.059,0.0014
6325,-100,-55.0,40,4.25,4.0,-50.05,11.6582,-75,78.78,25.47,1.299452,1.188074,15.1013,0.0068
6326,-100,-55.0,40,4.25,4.5,-49.96,12.1256,-75,78.48,25.82,1.264805,1.063358,14.4247,0.0213
6327,-100,-55.0,40,4.25,5.0,-50.13,11.8262,-79,78.76,25.48,1.385995,1.30896,14.0504,0.0134
6328,-100,-55.0,40,4.25,5.5,-50.04,13.056,-81,78.54,25.75,1.35533,1.183669,14.3558,0.0176
6329,-100,-55.0,40,4.25,6.0,-50.31,13.129,-90,78.94,25.28,1.435749,1.278841,13.4949,0.0281
6330,-100,-55.0,40,4.25,6.5,-50.64,12.9764,-86,79.64,24.44,1.520368,1.261263,12.4172,0.042
6331,-100,-55.0,40,4.25,7.0,-50.29,13.7411,-92,79.51,24.59,1.492699,1.129567,12.0766,0.0186
6333,-100,-55.0,40,4.25,8.0,-50.52,13.9991,-93,79.42,24.69,1.64209,1.294737,11.1114,0.0624
6332,-100,-55.0,40,4.25,7.5,-50.36,13.9743,-95,79.59,24.49,1.552712,1.401205,12.8406,0.0514
6334,-100,-55.0,40,4.25,8.5,-50.07,14.649,-93,79.75,24.3,1.689182,1.396385,11.9108,0.0302
6335,-100,-55.0,40,4.25,9.0,-49.73,14.24,-94,79.57,24.53,1.617547,1.100712,9.3129,0.052
6336,-100,-55.0,40,4.25,9.5,-50.66,15.2457,-97,80.41,23.5,1.665345,1.266482,10.5588,0.0611
6338,-100,-55.0,40,4.25,10.5,-50.55,15.5569,-100,79.46,24.65,1.613908,1.344982,10.9544,0.0545
6337,-100,-55.0,40,4.25,10.0,-50.29,15.4583,-100,79.8,24.25,1.652985,1.291965,10.5089,0.0505
6339,-100,-55.0,40,4.25,11.0,-49.75,16.3427,-99,79.94,24.07,1.727799,1.325013,9.5791,0.0476
6340,-100,-55.0,40,4.25,11.5,-50.32,16.8392,-100,79.97,24.04,1.70385,1.270721,10.3765,0.0705
6341,-100,-55.0,40,4.25,12.0,-49.8,17.2572,-100,80.81,23.02,1.841972,1.263997,8.3542,0.0814
6342,-100,-55.0,40,4.25,12.5,-50.23,17.2898,-100,79.42,24.69,1.734547,1.315735,10.3546,0.0757
6343,-100,-55.0,40,4.25,13.0,-50.26,18.4887,-100,80.78,23.06,1.864728,1.224548,7.8392,0.1035
6344,-100,-55.0,40,4.25,13.5,-50.21,18.5132,-100,80.2,23.75,1.739462,1.297651,9.3048,0.0682
6345,-100,-55.0,40,4.25,14.0,-50.23,19.048,-100,80.55,23.34,1.841298,1.255812,8.3896,0.0845
6346,-100,-55.0,40,4.5,1.0,-47.33,11.8119,-64,76.94,27.68,0.965207,0.862833,16.7892,0.0004
6347,-100,-55.0,40,4.5,1.5,-46.87,11.3302,-65,77.51,26.99,1.127985,0.976169,14.6445,0.0025
6348,-100,-55.0,40,4.5,2.0,-47.33,10.8593,-67,77.23,27.33,1.075292,0.939363,15.8401,0.0014
6349,-100,-55.0,40,4.5,2.5,-47.66,12.1927,-69,77.96,26.44,1.141639,1.020501,15.3606,0.002
6350,-100,-55.0,40,4.5,3.0,-47.29,12.8784,-72,76.85,27.78,1.206544,1.046344,14.1321,0.0013
6351,-100,-55.0,40,4.5,3.5,-47.37,12.6328,-74,76.68,27.99,1.107804,1.164958,15.6608,0.008
6352,-100,-55.0,40,4.5,4.0,-47.6,12.8782,-75,78.18,26.18,1.296095,1.102235,12.6063,0.0146
6354,-100,-55.0,40,4.5,5.0,-47.65,13.3413,-79,78.86,25.37,1.417255,1.122076,12.0956,0.0141
6353,-100,-55.0,40,4.5,4.5,-47.25,13.1206,-79,78.03,26.36,1.34722,1.073635,11.6216,0.0365
6355,-100,-55.0,40,4.5,5.5,-47.0,13.6592,-81,76.93,27.68,1.307608,1.129039,12.3852,0.0466
6356,-100,-55.0,40,4.5,6.0,-47.72,14.0939,-83,78.79,25.46,1.485572,1.156521,10.5979,0.0354
6357,-100,-55.0,40,4.5,6.5,-47.46,14.1802,-82,78.79,25.46,1.484002,1.166034,10.0664,0.0415
6358,-100,-55.0,40,4.5,7.0,-47.02,13.7677,-86,79.27,24.87,1.569613,1.134154,9.4245,0.0767
6359,-100,-55.0,40,4.5,7.5,-47.28,14.276,-87,78.24,26.11,1.477485,1.269244,11.3451,0.068
6360,-100,-55.0,40,4.5,8.0,-46.98,14.9698,-90,78.93,25.28,1.495666,1.196872,9.3912,0.0557
6361,-100,-55.0,40,4.5,8.5,-47.51,15.1217,-92,78.92,25.3,1.53353,1.392341,12.2876,0.0667
6362,-100,-55.0,40,4.5,9.0,-47.15,14.9627,-94,78.32,26.02,1.511058,1.154318,9.6616,0.0886
6363,-100,-55.0,40,4.5,9.5,-47.2,15.8744,-100,78.82,25.41,1.595589,1.412899,9.6392,0.0661
6364,-100,-55.0,40,4.5,10.0,-47.95,16.2314,-98,80.29,23.66,1.714037,1.24486,8.3359,0.0741
6365,-100,-55.0,40,4.5,10.5,-47.01,16.4988,-100,79.06,25.13,1.619679,1.08444,8.0026,0.1032
6366,-100,-55.0,40,4.5,11.0,-47.44,16.7325,-100,79.27,24.88,1.651768,1.076799,7.6371,0.087
6367,-100,-55.0,40,4.5,11.5,-47.41,17.1124,-100,79.01,25.19,1.60279,1.228654,8.8685,0.0796
6368,-100,-55.0,40,4.5,12.0,-47.01,17.9499,-100,79.45,24.66,1.640685,1.203287,8.3934,0.0741
6370,-100,-55.0,40,4.5,13.0,-48.12,18.0297,-100,79.29,24.86,1.687037,1.20577,8.8048,0.0887
6369,-100,-55.0,40,4.5,12.5,-47.21,18.1131,-100,79.58,24.51,1.697016,1.174564,7.9906,0.09
6371,-100,-55.0,40,4.5,13.5,-47.36,18.948,-100,79.96,24.05,1.738922,1.140919,7.3249,0.0916
6372,-100,-55.0,40,4.5,14.0,-47.38,19.2658,-100,80.02,23.98,1.737255,1.306334,8.7443,0.0892
6373,-100,-55.0,40,4.75,1.0,-44.41,12.8095,-63,77.81,26.64,1.092082,0.876954,13.1207,0.0032
6374,-100,-55.0,40,4.75,1.5,-45.38,12.6562,-64,77.42,27.1,1.113324,0.932027,14.183,0.0038
6378,-100,-55.0,40,4.75,3.5,-44.64,13.824,-73,76.9,27.73,1.187249,0.999178,12.0853,0.0234
6376,-100,-55.0,40,4.75,2.5,-45.05,12.5055,-67,77.48,27.02,1.233383,0.918401,11.4324,0.0031
6375,-100,-55.0,40,4.75,2.0,-44.25,13.4855,-66,77.19,27.37,1.129744,0.852356,12.5299,0.0023
6377,-100,-55.0,40,4.75,3.0,-44.18,13.4723,-68,77.83,26.6,1.244509,1.012798,10.1771,0.0201
6379,-100,-55.0,40,4.75,4.0,-44.28,12.751,-73,77.19,27.37,1.235211,1.13789,12.2492,0.0234
6380,-100,-55.0,40,4.75,4.5,-44.24,14.6203,-77,77.05,27.54,1.335504,1.218946,12.7351,0.038
6382,-100,-55.0,40,4.75,5.5,-44.77,14.5085,-80,77.24,27.31,1.315989,1.208992,10.9185,0.0554
6381,-100,-55.0,40,4.75,5.0,-44.3,14.0973,-78,78.3,26.04,1.353176,1.078296,8.5531,0.0511
6383,-100,-55.0,40,4.75,6.0,-44.44,14.5275,-82,77.68,26.78,1.389916,1.178075,9.3783,0.074
6384,-100,-55.0,40,4.75,6.5,-44.92,15.1168,-81,78.96,25.25,1.447122,1.107561,8.7051,0.0521
6386,-100,-55.0,40,4.75,7.5,-44.68,15.2954,-88,77.92,26.5,1.408804,1.049007,8.5123,0.0818
6385,-100,-55.0,40,4.75,7.0,-44.24,14.9685,-84,78.49,25.82,1.423221,1.095316,8.491,0.0576
6387,-100,-55.0,40,4.75,8.0,-44.28,15.7876,-87,78.7,25.57,1.529663,1.204967,8.7385,0.0788
6389,-100,-55.0,40,4.75,9.0,-44.33,16.3329,-92,78.33,26.0,1.527808,1.030373,6.5031,0.0732
6388,-100,-55.0,40,4.75,8.5,-44.84,15.676,-89,79.12,25.06,1.502566,1.159568,8.9316,0.0668
6390,-100,-55.0,40,4.75,9.5,-45.2,16.5665,-92,77.32,27.23,1.454271,1.098659,8.7116,0.0813
6391,-100,-55.0,40,4.75,10.0,-44.16,16.4974,-100,78.54,25.76,1.530391,1.029717,6.8308,0.1016
6392,-100,-55.0,40,4.75,10.5,-44.71,16.8059,-97,79.21,24.95,1.579623,1.143026,7.6468,0.0726
6393,-100,-55.0,40,4.75,11.0,-44.44,18.0568,-99,78.37,25.96,1.593625,1.32261,9.1877,0.093
6394,-100,-55.0,40,4.75,11.5,-44.69,17.869,-100,79.25,24.9,1.596648,1.301419,8.5574,0.0816
6395,-100,-55.0,40,4.75,12.0,-44.29,18.0566,-100,78.75,25.5,1.525994,1.222826,8.9622,0.0754
6398,-100,-55.0,40,4.75,13.5,-44.31,19.5929,-100,79.36,24.76,1.627314,1.227681,8.2486,0.0777
6396,-100,-55.0,40,4.75,12.5,-44.65,18.1482,-100,79.38,24.75,1.555939,1.21164,8.3757,0.096
6397,-100,-55.0,40,4.75,13.0,-44.61,18.9061,-100,79.2,24.97,1.58996,1.130426,7.4222,0.0895
6399,-100,-55.0,40,4.75,14.0,-43.85,19.0439,-100,78.95,25.26,1.600099,1.019352,5.736,0.0955
6400,-100,-55.0,40,5.0,1.0,-40.96,12.9211,-62,76.32,28.43,0.987384,0.750394,11.1412,0.0079
6402,-100,-55.0,40,5.0,2.0,-41.46,14.3485,-66,77.16,27.4,1.177823,0.937465,9.6732,0.0097
6401,-100,-55.0,40,5.0,1.5,-41.54,13.5714,-63,76.96,27.65,1.139521,0.884955,8.966,0.0217
6403,-100,-55.0,40,5.0,2.5,-41.45,14.0636,-66,76.95,27.65,1.150152,0.918403,8.9327,0.0266
6405,-100,-55.0,40,5.0,3.5,-41.55,14.5399,-69,77.45,27.06,1.267902,1.118068,9.7451,0.0644
6404,-100,-55.0,40,5.0,3.0,-41.44,13.9979,-69,77.53,26.96,1.253513,1.024718,8.0369,0.0805
6406,-100,-55.0,40,5.0,4.0,-42.3,13.7814,-70,77.74,26.72,1.304228,0.989004,7.9525,0.0715
6407,-100,-55.0,40,5.0,4.5,-41.72,15.4213,-72,77.15,27.42,1.24763,1.011722,9.21,0.0639
6408,-100,-55.0,40,5.0,5.0,-41.95,14.821,-76,77.02,27.58,1.209926,1.163974,10.892,0.0517
6409,-100,-55.0,40,5.0,5.5,-41.01,14.1065,-78,77.36,27.17,1.298558,0.922908,7.171,0.0901
6410,-100,-55.0,40,5.0,6.0,-41.89,15.9409,-79,77.98,26.42,1.34228,1.07431,8.4483,0.0862
6411,-100,-55.0,40,5.0,6.5,-41.8,15.722,-79,76.53,28.16,1.265398,1.000635,8.2852,0.087
6413,-100,-55.0,40,5.0,7.5,-41.78,15.7577,-84,77.05,27.54,1.28732,1.008608,7.7355,0.0775
6412,-100,-55.0,40,5.0,7.0,-41.11,15.5643,-82,77.84,26.59,1.334134,0.918683,6.3311,0.0845
6414,-100,-55.0,40,5.0,8.0,-41.78,15.9798,-86,78.48,25.82,1.429503,1.113145,7.8892,0.0828
6415,-100,-55.0,40,5.0,8.5,-41.72,16.8209,-94,77.85,26.58,1.390118,1.007596,7.5093,0.0849
6418,-100,-55.0,40,5.0,10.0,-41.32,17.2879,-95,78.14,26.24,1.479986,1.241328,9.3259,0.0964
6417,-100,-55.0,40,5.0,9.5,-41.85,17.0074,-95,77.57,26.92,1.382409,1.103323,8.1065,0.0982
6416,-100,-55.0,40,5.0,9.0,-41.24,16.8174,-93,78.73,25.52,1.443456,0.955127,5.8268,0.0977
6419,-100,-55.0,40,5.0,10.5,-41.32,17.6407,-99,77.92,26.48,1.409581,0.987101,6.8515,0.0983
6422,-100,-55.0,40,5.0,12.0,-41.64,18.6491,-100,78.28,26.07,1.499666,1.006592,6.1111,0.1099
6420,-100,-55.0,40,5.0,11.0,-41.39,17.3521,-97,78.26,26.08,1.460645,1.005858,6.4579,0.0947
6421,-100,-55.0,40,5.0,11.5,-41.72,18.4571,-98,77.96,26.45,1.440116,1.242175,9.4412,0.0764
6427,-100,-50.0,40,1.0,1.0,,,,100.0,0.0,0.0,0.0,0.0,0.0
6428,-100,-50.0,40,1.0,1.5,,,,100.0,0.0,0.0,0.0,0.0,0.0
6429,-100,-50.0,40,1.0,2.0,,,,100.0,0.0,0.0,0.0,0.0,0.0
6430,-100,-50.0,40,1.0,2.5,,,,100.0,0.0,0.0,0.0,0.0,0.0
6423,-100,-55.0,40,5.0,12.5,-41.99,19.5556,-100,78.64,25.63,1.479611,1.039662,6.4448,0.0979
6431,-100,-50.0,40,1.0,3.0,,,,100.0,0.0,0.0,0.0,0.0,0.0
6424,-100,-55.0,40,5.0,13.0,-41.28,19.2775,-100,78.72,25.53,1.518988,1.136573,6.6558,0.0725
6425,-100,-55.0,40,5.0,13.5,-41.67,18.8907,-100,77.94,26.47,1.449969,1.108379,7.9921,0.0994
6426,-100,-55.0,40,5.0,14.0,-41.52,19.854,-100,78.41,25.89,1.486771,1.188449,8.1895,0.0609
6432,-100,-50.0,40,1.0,3.5,,,,100.0,0.0,0.0,0.0,0.0,0.0
6433,-100,-50.0,40,1.0,4.0,,,,100.0,0.0,0.0,0.0,0.0,0.0
6434,-100,-50.0,40,1.0,4.5,,,,100.0,0.0,0.0,0.0,0.0,0.0
6435,-100,-50.0,40,1.0,5.0,,,,100.0,0.0,0.0,0.0,0.0,0.0
6437,-100,-50.0,40,1.0,6.0,,,,100.0,0.0,0.0,0.0,0.0,0.0
6436,-100,-50.0,40,1.0,5.5,,,,100.0,0.0,0.0,0.0,0.0,0.0
6438,-100,-50.0,40,1.0,6.5,,,,100.0,0.0,0.0,0.0,0.0,0.0
6439,-100,-50.0,40,1.0,7.0,-71.0,0.0,-71,100.0,0.0,1.78433,0.0,0.0024,0.0
6440,-100,-50.0,40,1.0,7.5,,,,100.0,0.0,0.0,0.0,0.0,0.0
6441,-100,-50.0,40,1.0,8.0,-79.0,0.0,-79,100.0,0.0,1.94626,0.0,0.0024,0.0
6443,-100,-50.0,40,1.0,9.0,-89.5,8.5,-98,100.0,0.0,2.048526,0.16791,0.0033,0.0
6444,-100,-50.0,40,1.0,9.5,-84.61,8.789,-100,99.99,0.01,3.511731,1.251656,0.012,0.0
6442,-100,-50.0,40,1.0,8.5,-83.9,11.3541,-100,100.0,0.0,2.579226,0.91702,0.0062,0.0
6445,-100,-50.0,40,1.0,10.0,-84.78,10.0733,-100,99.98,0.03,3.073594,1.312617,0.0343,0.0
6446,-100,-50.0,40,1.0,10.5,-85.58,8.9726,-100,99.98,0.03,2.413126,1.583456,0.0282,0.0
6447,-100,-50.0,40,1.0,11.0,-84.28,9.1868,-100,99.94,0.08,2.621165,0.839272,0.0938,0.0
6449,-100,-50.0,40,1.0,12.0,-84.17,10.1967,-100,99.91,0.1,2.779379,1.281103,0.0927,0.0
6448,-100,-50.0,40,1.0,11.5,-83.87,10.8119,-100,99.86,0.16,1.995081,1.264748,0.2913,0.0
6450,-100,-50.0,40,1.0,12.5,-85.47,10.0698,-100,99.84,0.19,2.776751,0.933352,0.1603,0.0001
6451,-100,-50.0,40,1.0,13.0,-85.04,12.0265,-100,99.72,0.34,2.694609,1.135434,0.3668,0.0001
6452,-100,-50.0,40,1.0,13.5,-85.67,12.1761,-100,99.67,0.39,2.805723,1.042698,0.3504,0.0006
6455,-100,-50.0,40,1.25,1.5,,,,100.0,0.0,0.0,0.0,0.0,0.0
6456,-100,-50.0,40,1.25,2.0,,,,100.0,0.0,0.0,0.0,0.0,0.0
6454,-100,-50.0,40,1.25,1.0,,,,100.0,0.0,0.0,0.0,0.0,0.0
6453,-100,-50.0,40,1.0,14.0,-84.27,12.6883,-100,99.57,0.52,2.920945,1.025677,0.3521,0.0013
6457,-100,-50.0,40,1.25,2.5,,,,100.0,0.0,0.0,0.0,0.0,0.0
6458,-100,-50.0,40,1.25,3.0,,,,100.0,0.0,0.0,0.0,0.0,0.0
6459,-100,-50.0,40,1.25,3.5,,,,100.0,0.0,0.0,0.0,0.0,0.0
6460,-100,-50.0,40,1.25,4.0,,,,100.0,0.0,0.0,0.0,0.0,0.0
6461,-100,-50.0,40,1.25,4.5,,,,100.0,0.0,0.0,0.0,0.0,0.0
6462,-100,-50.0,40,1.25,5.0,,,,100.0,0.0,0.0,0.0,0.0,0.0
6463,-100,-50.0,40,1.25,5.5,,,,100.0,0.0,0.0,0.0,0.0,0.0
6464,-100,-50.0,40,1.25,6.0,-79.0,0.0,-79,100.0,0.0,2.0745,0.0,0.0024,0.0
6465,-100,-50.0,40,1.25,6.5,,,,100.0,0.0,0.0,0.0,0.0,0.0
6467,-100,-50.0,40,1.25,7.5,-70.0,1.0,-71,100.0,0.0,2.412319,0.136986,0.0049,0.0
6468,-100,-50.0,40,1.25,8.0,-77.75,4.7035,-81,100.0,0.0,1.678802,0.444952,0.0147,0.0
6466,-100,-50.0,40,1.25,7.0,,,,100.0,0.0,0.0,0.0,0.0,0.0
6469,-100,-50.0,40,1.25,8.5,-77.5,8.0234,-96,99.99,0.02,3.674252,0.970069,0.0275,0.0
6470,-100,-50.0,40,1.25,9.0,-84.78,9.1514,-99,99.98,0.02,2.944174,1.236087,0.0349,0.0
6471,-100,-50.0,40,1.25,9.5,-82.15,9.6614,-100,99.98,0.03,2.60995,1.256867,0.0409,0.0
6472,-100,-50.0,40,1.25,10.0,-82.66,8.9324,-100,99.95,0.06,3.249878,0.873406,0.1015,0.0
6473,-100,-50.0,40,1.25,10.5,-82.27,10.0877,-100,99.85,0.18,3.030011,0.961607,0.2614,0.0
6474,-100,-50.0,40,1.25,11.0,-83.95,10.8119,-100,99.87,0.15,3.116946,1.095872,0.1595,0.0
6475,-100,-50.0,40,1.25,11.5,-84.17,12.0367,-100,99.8,0.24,3.532189,1.370256,0.2443,0.0002
6476,-100,-50.0,40,1.25,12.0,-82.42,11.2825,-100,99.72,0.33,2.844938,1.084064,0.3717,0.0001
6477,-100,-50.0,40,1.25,12.5,-83.04,12.8334,-100,99.6,0.47,3.424082,1.189912,0.4306,0.0004
6481,-100,-50.0,40,1.5,1.0,,,,100.0,0.0,0.0,0.0,0.0,0.0
6478,-100,-50.0,40,1.25,13.0,-82.01,12.0252,-100,99.5,0.61,2.97883,1.345692,0.5758,0.0004
6479,-100,-50.0,40,1.25,13.5,-82.88,12.4526,-100,99.46,0.65,3.117832,1.115999,0.4697,0.0009
6480,-100,-50.0,40,1.25,14.0,-82.72,13.2238,-100,99.25,0.9,2.966265,1.773697,0.6831,0.0016
6482,-100,-50.0,40,1.5,1.5,,,,100.0,0.0,0.0,0.0,0.0,0.0
6483,-100,-50.0,40,1.5,2.0,,,,100.0,0.0,0.0,0.0,0.0,0.0
6484,-100,-50.0,40,1.5,2.5,,,,100.0,0.0,0.0,0.0,0.0,0.0
6486,-100,-50.0,40,1.5,3.5,,,,100.0,0.0,0.0,0.0,0.0,0.0
6485,-100,-50.0,40,1.5,3.0,,,,100.0,0.0,0.0,0.0,0.0,0.0
6487,-100,-50.0,40,1.5,4.0,,,,100.0,0.0,0.0,0.0,0.0,0.0
6488,-100,-50.0,40,1.5,4.5,,,,100.0,0.0,0.0,0.0,0.0,0.0
6490,-100,-50.0,40,1.5,5.5,-66.33,5.7349,-73,100.0,0.0,2.085277,0.637437,0.0073,0.0
6491,-100,-50.0,40,1.5,6.0,-77.0,0.0,-77,100.0,0.0,2.841465,0.0,0.0024,0.0
6489,-100,-50.0,40,1.5,5.0,,,,100.0,0.0,0.0,0.0,0.0,0.0
6492,-100,-50.0,40,1.5,6.5,-70.95,4.9486,-81,99.99,0.01,3.260107,0.879809,0.0247,0.0
6493,-100,-50.0,40,1.5,7.0,-68.0,6.3906,-82,99.98,0.02,2.855938,1.829296,0.0582,0.0
6494,-100,-50.0,40,1.5,7.5,-77.24,7.9374,-88,99.98,0.03,2.933056,0.776886,0.0678,0.0
6495,-100,-50.0,40,1.5,8.0,-78.4,7.7569,-90,99.97,0.04,4.182497,1.054073,0.0697,0.0
6496,-100,-50.0,40,1.5,8.5,-78.26,7.9382,-98,99.95,0.06,3.012227,1.31635,0.0859,0.0
6497,-100,-50.0,40,1.5,9.0,-77.57,9.2301,-100,99.92,0.1,3.214089,1.063568,0.1871,0.0
6498,-100,-50.0,40,1.5,9.5,-78.34,10.1552,-96,99.87,0.16,3.992485,1.15551,0.2623,0.0
6499,-100,-50.0,40,1.5,10.0,-78.47,10.6953,-100,99.86,0.17,3.710213,1.548107,0.2536,0.0
6500,-100,-50.0,40,1.5,10.5,-81.53,11.1218,-100,99.73,0.33,2.7847,1.601927,0.4588,0.0001
6501,-100,-50.0,40,1.5,11.0,-81.58,10.8966,-100,99.71,0.35,3.301551,1.14219,0.4167,0.0
6503,-100,-50.0,40,1.5,12.0,-80.57,12.4673,-100,99.47,0.64,3.273637,1.469092,0.7095,0.0003
6502,-100,-50.0,40,1.5,11.5,-81.29,11.8763,-100,99.54,0.55,2.979428,1.028565,0.7344,0.0003
6505,-100,-50.0,40,1.5,13.0,-80.83,13.0015,-100,99.16,1.0,3.441529,1.097162,0.835,0.0003
6504,-100,-50.0,40,1.5,12.5,-80.28,12.5976,-100,99.23,0.93,3.262144,1.527816,0.6874,0.0009
6506,-100,-50.0,40,1.5,13.5,-79.9,13.1188,-100,99.0,1.2,3.518636,1.029961,0.9561,0.0014
6507,-100,-50.0,40,1.5,14.0,-80.31,13.3096,-100,98.74,1.51,3.293355,1.081762,1.0519,0.0017
6508,-100,-50.0,40,1.75,1.0,,,,100.0,0.0,0.0,0.0,0.0,0.0
6509,-100,-50.0,40,1.75,1.5,,,,100.0,0.0,0.0,0.0,0.0,0.0
6510,-100,-50.0,40,1.75,2.0,,,,100.0,0.0,0.0,0.0,0.0,0.0
6511,-100,-50.0,40,1.75,2.5,,,,100.0,0.0,0.0,0.0,0.0,0.0
6513,-100,-50.0,40,1.75,3.5,-64.33,0.9428,-65,100.0,0.0,1.686763,0.338637,0.0073,0.0
6512,-100,-50.0,40,1.75,3.0,,,,100.0,0.0,0.0,0.0,0.0,0.0
6514,-100,-50.0,40,1.75,4.0,-56.0,0.0,-56,100.0,0.0,1.878869,0.0,0.0024,0.0
6515,-100,-50.0,40,1.75,4.5,-70.0,5.0,-75,100.0,0.0,3.92382,1.329348,0.0033,0.0
6516,-100,-50.0,40,1.75,5.0,-68.5,3.9051,-75,100.0,0.0,3.339946,1.05208,0.0097,0.0
6517,-100,-50.0,40,1.75,5.5,-67.03,5.2228,-78,99.99,0.01,1.912373,0.454403,0.0341,0.0
6518,-100,-50.0,40,1.75,6.0,-69.79,4.8305,-86,99.99,0.02,2.473582,0.689823,0.0418,0.0
6519,-100,-50.0,40,1.75,6.5,-73.09,7.3467,-89,99.96,0.05,3.224529,0.986727,0.1269,0.0
6520,-100,-50.0,40,1.75,7.0,-71.17,6.685,-83,99.95,0.06,4.47094,2.280988,0.1223,0.0
6521,-100,-50.0,40,1.75,7.5,-72.15,7.4423,-93,99.91,0.11,3.645029,1.68241,0.1945,0.0
6522,-100,-50.0,40,1.75,8.0,-75.28,8.6036,-93,99.86,0.17,3.46174,1.156171,0.2927,0.0
6523,-100,-50.0,40,1.75,8.5,-75.49,8.911,-97,99.86,0.17,4.543441,1.331904,0.3403,0.0
6524,-100,-50.0,40,1.75,9.0,-79.41,9.3416,-97,99.69,0.37,3.373712,1.036453,0.5984,0.0
6526,-100,-50.0,40,1.75,10.0,-77.11,11.1333,-100,99.62,0.46,3.929137,1.463387,0.588,0.0
6525,-100,-50.0,40,1.75,9.5,-77.1,10.3781,-100,99.77,0.27,4.517767,1.569575,0.3585,0.0
6527,-100,-50.0,40,1.75,10.5,-79.6,11.8478,-100,99.32,0.81,3.179265,1.144605,1.4057,0.0003
6528,-100,-50.0,40,1.75,11.0,-79.69,11.5603,-100,99.42,0.7,3.515796,1.355445,0.855,0.0003
6529,-100,-50.0,40,1.75,11.5,-78.04,11.7807,-100,99.09,1.09,3.474761,1.187512,1.3696,0.0008
6530,-100,-50.0,40,1.75,12.0,-78.46,12.8271,-100,98.77,1.48,3.336007,1.237851,1.9295,0.0016
6531,-100,-50.0,40,1.75,12.5,-78.11,13.2112,-100,98.73,1.53,3.715996,1.175644,1.3387,0.0022
6532,-100,-50.0,40,1.75,13.0,-78.01,13.5904,-100,98.34,1.99,3.141571,1.167832,2.2176,0.0016
6533,-100,-50.0,40,1.75,13.5,-77.93,13.5433,-100,98.22,2.13,3.288837,0.997176,1.781,0.0027
6534,-100,-50.0,40,1.75,14.0,-77.38,13.6003,-100,98.19,2.17,3.305253,2.163522,1.841,0.0023
6535,-100,-50.0,40,2.0,1.0,,,,100.0,0.0,0.0,0.0,0.0,0.0
6536,-100,-50.0,40,2.0,1.5,-60.0,0.0,-60,100.0,0.0,3.491159,0.0,0.0024,0.0
6537,-100,-50.0,40,2.0,2.0,-59.0,0.0,-59,100.0,0.0,4.271155,0.0,0.0024,0.0
6538,-100,-50.0,40,2.0,2.5,-60.33,1.2472,-62,100.0,0.0,4.706109,1.42619,0.0073,0.0
6539,-100,-50.0,40,2.0,3.0,-61.83,3.2361,-65,100.0,0.0,5.352718,1.252465,0.0146,0.0
6540,-100,-50.0,40,2.0,3.5,,,,100.0,0.0,0.0,0.0,0.0,0.0
6541,-100,-50.0,40,2.0,4.0,-63.52,2.8401,-67,99.99,0.01,7.569581,3.452704,0.0219,0.0
6542,-100,-50.0,40,2.0,4.5,-67.67,5.8011,-74,99.99,0.01,4.352962,0.988903,0.0219,0.0
6543,-100,-50.0,40,2.0,5.0,-63.67,4.9127,-76,99.96,0.05,3.226322,0.920922,0.1278,0.0
6544,-100,-50.0,40,2.0,5.5,-66.1,5.3758,-78,99.93,0.09,2.917132,1.023905,0.1912,0.0
6545,-100,-50.0,40,2.0,6.0,-67.93,5.4813,-79,99.82,0.22,2.540163,0.981966,0.6183,0.0
6546,-100,-50.0,40,2.0,6.5,-69.04,7.3452,-85,99.89,0.14,6.157876,2.474544,0.3084,0.0
6547,-100,-50.0,40,2.0,7.0,-69.4,7.5183,-87,99.78,0.26,4.559149,2.385147,0.632,0.0
6548,-100,-50.0,40,2.0,7.5,-71.3,7.29,-86,99.73,0.32,3.027431,2.620107,0.7581,0.0
6549,-100,-50.0,40,2.0,8.0,-74.07,8.2724,-92,99.67,0.4,3.920081,1.134521,0.6919,0.0
6550,-100,-50.0,40,2.0,8.5,-77.84,9.346,-96,99.56,0.53,4.290302,1.927846,0.8207,0.0
6551,-100,-50.0,40,2.0,9.0,-75.23,9.715,-98,99.33,0.81,3.534823,0.871458,1.3717,0.0
6552,-100,-50.0,40,2.0,9.5,-75.74,10.1254,-100,99.08,1.1,3.427272,1.421705,1.6686,0.0
6553,-100,-50.0,40,2.0,10.0,-76.17,10.813,-100,99.2,0.97,3.60078,1.082399,1.1724,0.0003
6554,-100,-50.0,40,2.0,10.5,-75.42,11.3709,-100,98.84,1.39,3.658915,1.260386,1.7569,0.0007
6555,-100,-50.0,40,2.0,11.0,-74.97,12.2554,-100,98.51,1.78,3.594375,1.525056,2.2374,0.0007
6556,-100,-50.0,40,2.0,11.5,-75.61,12.0833,-100,98.5,1.8,3.44432,1.746612,2.0179,0.0004
6557,-100,-50.0,40,2.0,12.0,-75.74,12.8748,-100,98.24,2.12,3.656586,1.719031,1.9097,0.0018
6558,-100,-50.0,40,2.0,12.5,-75.79,13.4124,-100,97.35,3.19,2.648856,1.25952,4.1463,0.0026
6559,-100,-50.0,40,2.0,13.0,-75.1,13.4893,-100,97.57,2.91,3.774903,1.137398,2.0966,0.0045
6562,-100,-50.0,40,2.25,1.0,-58.8,2.2111,-61,100.0,0.0,3.684552,0.596724,0.0123,0.0
6563,-100,-50.0,40,2.25,1.5,-60.0,0.0,-60,100.0,0.0,3.297592,0.0,0.0024,0.0
6561,-100,-50.0,40,2.0,14.0,-74.6,14.6589,-100,97.06,3.52,3.677481,1.528921,2.3813,0.0062
6564,-100,-50.0,40,2.25,2.0,-57.75,2.3848,-60,100.0,0.01,10.356789,1.748121,0.0194,0.0
6560,-100,-50.0,40,2.0,13.5,-75.37,14.5228,-100,97.33,3.21,3.500162,1.428613,2.4906,0.0045
6565,-100,-50.0,40,2.25,2.5,-59.25,2.4411,-65,99.99,0.01,2.31149,0.402063,0.0294,0.0
6566,-100,-50.0,40,2.25,3.0,-58.64,3.3675,-62,99.93,0.09,5.351036,1.096057,0.3084,0.0
6567,-100,-50.0,40,2.25,3.5,-60.27,3.6011,-69,99.89,0.14,1.946454,0.53418,0.3859,0.0
6568,-100,-50.0,40,2.25,4.0,-61.93,4.1299,-69,99.85,0.18,5.059324,1.062341,0.5857,0.0
6569,-100,-50.0,40,2.25,4.5,-63.33,4.5537,-72,99.73,0.33,3.162691,0.815533,0.9766,0.0
6570,-100,-50.0,40,2.25,5.0,-61.06,4.9676,-77,99.67,0.4,3.513908,1.455723,0.9469,0.0
6571,-100,-50.0,40,2.25,5.5,-65.37,6.1645,-78,99.73,0.33,5.063508,1.603145,0.6656,0.0
6572,-100,-50.0,40,2.25,6.0,-65.11,6.6647,-81,99.39,0.73,2.861779,0.74283,1.7329,0.0
6573,-100,-50.0,40,2.25,6.5,-72.15,7.3539,-95,99.65,0.42,4.798848,2.507104,0.7401,0.0
6574,-100,-50.0,40,2.25,7.0,-68.22,7.4861,-88,99.34,0.8,4.312819,2.219419,1.7967,0.0
6575,-100,-50.0,40,2.25,7.5,-69.77,8.3588,-91,99.28,0.87,4.393524,1.891284,1.8399,0.0
6576,-100,-50.0,40,2.25,8.0,-69.55,8.5381,-93,99.37,0.76,3.936926,1.258909,1.1856,0.0
6577,-100,-50.0,40,2.25,8.5,-73.36,9.0693,-97,98.86,1.37,3.041546,1.145051,2.2547,0.0
6578,-100,-50.0,40,2.25,9.0,-70.54,9.9495,-100,98.74,1.51,3.696179,1.265959,2.0353,0.0001
6579,-100,-50.0,40,2.25,9.5,-73.46,10.5867,-100,98.03,2.37,3.070182,1.035103,3.2268,0.0001
6580,-100,-50.0,40,2.25,10.0,-73.0,11.0295,-100,98.36,1.97,3.594644,1.384577,2.2657,0.0001
6581,-100,-50.0,40,2.25,10.5,-73.1,12.2454,-100,97.86,2.57,3.423702,1.701255,3.5782,0.0007
6582,-100,-50.0,40,2.25,11.0,-72.18,12.1101,-100,97.37,3.15,3.135497,1.333378,3.6245,0.0016
6583,-100,-50.0,40,2.25,11.5,-72.97,12.8395,-100,96.93,3.68,2.818214,1.485682,4.6461,0.0015
6584,-100,-50.0,40,2.25,12.0,-73.04,13.2882,-100,97.53,2.96,3.736758,2.557696,2.4395,0.0021
6585,-100,-50.0,40,2.25,12.5,-72.99,13.6134,-100,96.87,3.75,3.272337,1.626085,3.9329,0.0038
6586,-100,-50.0,40,2.25,13.0,-73.31,14.0093,-100,96.02,4.77,2.7096,1.448848,4.7541,0.0017
6587,-100,-50.0,40,2.25,13.5,-72.59,14.4001,-100,96.05,4.74,3.303068,1.38521,3.914,0.003
6589,-100,-50.0,40,2.5,1.0,-54.12,1.1992,-58,99.62,0.45,2.690636,0.707284,1.6197,0.0
6588,-100,-50.0,40,2.25,14.0,-72.4,14.8046,-100,96.07,4.72,3.567884,1.746414,3.0343,0.0058
6590,-100,-50.0,40,2.5,1.5,-56.48,1.8229,-59,99.94,0.08,5.155608,1.258291,0.2394,0.0
6591,-100,-50.0,40,2.5,2.0,-56.13,2.3466,-62,99.72,0.34,6.116702,1.310427,1.2119,0.0
6592,-100,-50.0,40,2.5,2.5,-57.08,2.8118,-63,99.74,0.31,2.778336,0.758014,1.0872,0.0
6593,-100,-50.0,40,2.5,3.0,-56.88,2.9786,-63,99.29,0.85,2.470363,1.701116,2.7806,0.0
6594,-100,-50.0,40,2.5,3.5,-61.91,3.9711,-75,99.59,0.49,4.006708,1.027827,1.287,0.0
6595,-100,-50.0,40,2.5,4.0,-59.8,4.539,-75,99.58,0.51,5.326079,1.33271,1.3356,0.0
6597,-100,-50.0,40,2.5,5.0,-63.67,5.817,-77,99.01,1.18,3.695844,1.612395,2.9353,0.0
6596,-100,-50.0,40,2.5,4.5,-62.4,5.5409,-74,99.24,0.91,5.14421,1.871061,1.8822,0.0
6598,-100,-50.0,40,2.5,5.5,-65.26,6.2809,-83,99.18,0.99,4.433078,1.495172,2.218,0.0
6599,-100,-50.0,40,2.5,6.0,-64.64,7.0383,-79,98.6,1.68,2.490261,1.28123,4.0543,0.0
6600,-100,-50.0,40,2.5,6.5,-64.52,7.5256,-82,98.75,1.5,4.102733,1.543133,2.5112,0.0
6601,-100,-50.0,40,2.5,7.0,-68.84,8.441,-86,98.5,1.8,3.524816,1.634907,3.4257,0.0
6602,-100,-50.0,40,2.5,7.5,-67.62,8.5776,-92,98.76,1.49,4.452171,1.67821,2.1609,0.0
6603,-100,-50.0,40,2.5,8.0,-69.51,9.2655,-96,97.99,2.41,3.356005,1.758234,3.8421,0.0
6604,-100,-50.0,40,2.5,8.5,-67.74,10.7738,-98,97.76,2.69,3.405593,1.867373,4.4833,0.0
6605,-100,-50.0,40,2.5,9.0,-69.36,10.8796,-100,97.67,2.79,3.52199,1.46276,3.6549,0.0003
6606,-100,-50.0,40,2.5,9.5,-70.47,11.328,-100,97.35,3.18,3.179029,1.846822,4.3726,0.0007
6607,-100,-50.0,40,2.5,10.0,-70.87,11.8031,-100,97.5,2.99,3.730284,1.545513,3.4687,0.0002
6608,-100,-50.0,40,2.5,10.5,-69.61,12.3284,-100,96.24,4.51,3.134264,1.725673,5.155,0.0026
6609,-100,-50.0,40,2.5,11.0,-70.11,12.744,-100,95.8,5.04,2.795509,1.808841,6.7072,0.0021
6610,-100,-50.0,40,2.5,11.5,-69.96,13.4894,-100,96.35,4.38,3.475661,1.284663,4.0669,0.0027
6611,-100,-50.0,40,2.5,12.0,-70.52,13.5866,-100,96.38,4.35,3.524357,1.615902,3.4784,0.0047
6612,-100,-50.0,40,2.5,12.5,-69.91,14.1531,-100,95.4,5.53,3.223246,1.518944,4.9117,0.0069
6613,-100,-50.0,40,2.5,13.0,-69.24,14.482,-100,94.22,6.93,2.542115,1.679138,6.7699,0.0081
6614,-100,-50.0,40,2.5,13.5,-69.63,14.9572,-100,94.55,6.54,2.974525,1.743521,5.5679,0.0066
6615,-100,-50.0,40,2.5,14.0,-69.49,15.1394,-100,94.66,6.41,3.46825,1.62688,4.2498,0.0104
6616,-100,-50.0,40,2.75,1.0,-52.85,2.6199,-59,97.29,3.26,0.633718,0.541023,10.4663,0.0
6617,-100,-50.0,40,2.75,1.5,-53.49,2.1502,-61,98.7,1.55,2.185162,1.150799,4.5301,0.0
6618,-100,-50.0,40,2.75,2.0,-54.97,2.322,-63,98.89,1.33,2.816581,0.946433,3.2899,0.0
6619,-100,-50.0,40,2.75,2.5,-56.05,3.3444,-62,98.4,1.92,1.807579,1.339577,5.5289,0.0
6620,-100,-50.0,40,2.75,3.0,-57.43,3.746,-68,98.39,1.93,2.236337,0.940022,4.7381,0.0
6621,-100,-50.0,40,2.75,3.5,-56.19,5.3235,-73,96.39,4.33,1.107321,1.169294,11.166,0.0
6622,-100,-50.0,40,2.75,4.0,-57.87,5.3206,-70,98.28,2.07,2.553152,1.508275,5.0161,0.0
6623,-100,-50.0,40,2.75,4.5,-59.13,5.7171,-72,97.76,2.69,2.196669,0.950944,5.4753,0.0
6624,-100,-50.0,40,2.75,5.0,-60.82,6.1737,-78,97.13,3.44,1.930269,1.833614,8.4523,0.0
6625,-100,-50.0,40,2.75,5.5,-62.34,6.987,-82,97.16,3.41,1.846121,1.078396,7.1166,0.0
6626,-100,-50.0,40,2.75,6.0,-64.01,7.2431,-87,97.09,3.49,2.275473,1.432964,6.8704,0.0
6627,-100,-50.0,40,2.75,6.5,-63.98,7.7746,-87,97.31,3.23,2.580641,1.861282,6.1746,0.0
6628,-100,-50.0,40,2.75,7.0,-65.62,8.3536,-89,97.16,3.4,3.056629,1.308761,5.0559,0.0
6629,-100,-50.0,40,2.75,7.5,-67.17,9.4235,-93,96.86,3.77,3.020937,1.397627,5.3646,0.0001
6630,-100,-50.0,40,2.75,8.0,-66.41,9.8481,-92,95.75,5.1,2.153383,1.916931,9.1933,0.0001
6631,-100,-50.0,40,2.75,8.5,-66.15,10.4869,-97,95.65,5.23,2.33774,1.608894,8.4005,0.0002
6632,-100,-50.0,40,2.75,9.0,-67.18,11.1136,-100,95.74,5.12,2.687844,1.495531,6.3325,0.0008
6633,-100,-50.0,40,2.75,9.5,-67.72,11.4407,-100,96.51,4.19,3.370707,1.533087,4.4577,0.0013
6634,-100,-50.0,40,2.75,10.0,-67.26,12.7683,-100,95.16,5.81,2.696707,1.521244,6.8217,0.0009
6635,-100,-50.0,40,2.75,10.5,-66.4,11.9856,-100,93.68,7.59,2.246355,1.847009,9.1985,0.0026
6636,-100,-50.0,40,2.75,11.0,-67.21,12.994,-100,94.23,6.93,2.634492,2.000924,8.2368,0.0016
6637,-100,-50.0,40,2.75,11.5,-67.33,13.711,-100,94.43,6.68,3.093004,1.513511,5.6571,0.0051
6638,-100,-50.0,40,2.75,12.0,-67.68,14.359,-100,94.16,7.01,2.93103,1.246442,5.7977,0.0093
6639,-100,-50.0,40,2.75,12.5,-67.04,14.6801,-100,93.77,7.48,2.834631,1.461957,6.8681,0.0065
6640,-100,-50.0,40,2.75,13.0,-66.98,15.3641,-100,93.7,7.56,3.110147,1.394573,5.3362,0.0163
6641,-100,-50.0,40,2.75,13.5,-66.58,15.7552,-100,92.95,8.46,2.94353,1.496902,5.6613,0.0098
6642,-100,-50.0,40,2.75,14.0,-67.28,15.8447,-100,92.97,8.44,3.03617,1.78703,6.762,0.0182
6643,-100,-50.0,40,3.0,1.0,-52.01,2.1646,-59,95.77,5.08,1.038476,1.407606,12.1072,0.0
6644,-100,-50.0,40,3.0,1.5,-52.98,3.0512,-61,95.47,5.44,0.705228,1.075917,13.4242,0.0
6645,-100,-50.0,40,3.0,2.0,-52.71,4.1177,-62,95.44,5.47,1.08066,1.239974,12.171,0.0
6646,-100,-50.0,40,3.0,2.5,-53.12,4.507,-64,96.09,4.7,1.320237,1.644527,11.5803,0.0
6647,-100,-50.0,40,3.0,3.0,-57.79,4.6094,-68,96.27,4.48,1.257348,1.077351,10.3929,0.0
6648,-100,-50.0,40,3.0,3.5,-55.15,5.7871,-69,95.91,4.91,1.474473,1.200041,10.3182,0.0
6649,-100,-50.0,40,3.0,4.0,-57.27,5.6897,-75,95.63,5.24,1.449543,1.805468,11.7478,0.0
6650,-100,-50.0,40,3.0,4.5,-58.95,6.1545,-75,95.71,5.16,1.642504,1.42584,10.432,0.0
6651,-100,-50.0,40,3.0,5.0,-59.39,7.5634,-78,95.51,5.38,1.780602,1.230651,9.469,0.0
6652,-100,-50.0,40,3.0,5.5,-61.91,7.8857,-80,95.32,5.61,1.704412,1.164408,9.2866,0.0
6653,-100,-50.0,40,3.0,6.0,-61.75,8.6385,-80,95.15,5.82,2.168068,1.677626,9.8047,0.0
6654,-100,-50.0,40,3.0,6.5,-63.75,8.8392,-85,95.36,5.57,2.253093,2.134801,10.0972,0.0
6655,-100,-50.0,40,3.0,7.0,-64.16,9.2617,-90,93.83,7.4,1.676508,1.74431,12.1892,0.0001
6656,-100,-50.0,40,3.0,7.5,-64.88,9.9313,-90,94.32,6.82,1.984284,1.711024,10.358,0.0003
6657,-100,-50.0,40,3.0,8.0,-64.77,10.1346,-94,95.56,5.33,2.899214,1.476549,6.2295,0.0002
6658,-100,-50.0,40,3.0,8.5,-64.13,11.2474,-98,93.41,7.91,1.994856,1.60918,11.113,0.0011
6659,-100,-50.0,40,3.0,9.0,-64.92,12.3632,-97,94.02,7.18,2.395441,2.054053,10.2988,0.0012
6660,-100,-50.0,40,3.0,9.5,-64.68,12.3059,-99,93.01,8.38,2.158164,1.541019,9.7637,0.0025
6661,-100,-50.0,40,3.0,10.0,-64.76,13.3499,-100,94.37,6.75,2.999661,2.175846,7.9716,0.004
6662,-100,-50.0,40,3.0,10.5,-64.32,13.3929,-100,93.32,8.01,2.769201,1.783531,8.019,0.0043
6663,-100,-50.0,40,3.0,11.0,-64.19,13.8404,-100,92.28,9.27,2.537242,1.53562,8.2316,0.008
6664,-100,-50.0,40,3.0,11.5,-64.26,14.4904,-100,92.18,9.39,2.666099,1.705406,8.5073,0.0113
6665,-100,-50.0,40,3.0,12.0,-63.94,14.5063,-100,91.49,10.21,2.407593,1.958727,11.0182,0.0099
6666,-100,-50.0,40,3.0,12.5,-64.1,15.5551,-100,91.32,10.41,2.646465,1.467316,8.0585,0.0118
6667,-100,-50.0,40,3.0,13.0,-63.74,15.2652,-100,90.36,11.57,2.299624,1.673357,9.5606,0.0127
6669,-100,-50.0,40,3.0,14.0,-64.39,16.9014,-100,91.07,10.71,2.778171,1.660582,8.2282,0.0216
6668,-100,-50.0,40,3.0,13.5,-64.09,16.374,-100,90.53,11.36,2.580797,1.964655,10.3291,0.0201
6670,-100,-50.0,40,3.25,1.0,-50.52,4.1103,-58,94.01,7.19,1.058895,1.082464,13.9509,0.0
6671,-100,-50.0,40,3.25,1.5,-52.18,4.2672,-61,93.57,7.72,0.829429,1.781654,15.9897,0.0
6672,-100,-50.0,40,3.25,2.0,-50.94,3.6865,-61,93.75,7.5,0.94182,1.201967,15.1644,0.0
6673,-100,-50.0,40,3.25,2.5,-51.42,4.6809,-63,92.74,8.71,0.960117,1.219908,15.67,0.0
6674,-100,-50.0,40,3.25,3.0,-54.01,5.8623,-67,93.36,7.97,1.264297,1.107469,13.2687,0.0
6675,-100,-50.0,40,3.25,3.5,-53.7,5.5795,-71,91.3,10.45,0.938195,1.029931,16.6247,0.0
6676,-100,-50.0,40,3.25,4.0,-55.96,6.1057,-70,92.58,8.91,1.037754,1.229463,15.2686,0.0
6677,-100,-50.0,40,3.25,4.5,-58.92,7.5135,-77,94.31,6.83,1.759371,1.555801,11.6019,0.0
6678,-100,-50.0,40,3.25,5.0,-58.62,8.6324,-75,92.85,8.58,1.270368,1.344878,14.2553,0.0
6679,-100,-50.0,40,3.25,5.5,-59.29,8.0307,-80,93.23,8.12,1.800436,1.546433,11.9736,0.0
6680,-100,-50.0,40,3.25,6.0,-60.64,9.3374,-84,92.1,9.48,1.428206,1.560872,14.78,0.0
6681,-100,-50.0,40,3.25,6.5,-61.83,9.4385,-90,91.92,9.7,1.613086,1.658573,13.6861,0.0001
6682,-100,-50.0,40,3.25,7.0,-61.57,9.757,-87,92.63,8.85,1.919668,1.553005,11.9031,0.0002
6683,-100,-50.0,40,3.25,7.5,-60.86,10.5019,-95,91.82,9.82,1.844169,1.507319,12.1969,0.0008
6684,-100,-50.0,40,3.25,8.0,-61.15,11.6126,-95,90.83,11.0,1.774136,1.577488,12.9832,0.0011
6685,-100,-50.0,40,3.25,8.5,-61.77,12.0505,-95,91.44,10.27,1.889589,2.279448,13.7777,0.0034
6686,-100,-50.0,40,3.25,9.0,-61.31,12.8634,-100,90.81,11.04,1.979699,1.577326,12.6381,0.0058
6687,-100,-50.0,40,3.25,9.5,-61.42,13.3498,-97,91.86,9.76,2.381381,1.812713,9.7656,0.0023
6688,-100,-50.0,40,3.25,10.0,-61.24,13.3118,-100,90.24,11.71,2.032882,1.643372,12.4642,0.006
6689,-100,-50.0,40,3.25,10.5,-61.54,14.4757,-100,91.27,10.48,2.518174,1.629737,9.207,0.0145
6690,-100,-50.0,40,3.25,11.0,-61.84,13.9659,-100,90.8,11.04,2.499689,1.47558,8.7766,0.0125
6691,-100,-50.0,40,3.25,11.5,-61.35,15.0064,-100,90.49,11.41,2.558044,1.698086,8.7907,0.0116
6693,-100,-50.0,40,3.25,12.5,-61.88,15.8121,-100,90.94,10.87,2.766279,1.939931,8.8455,0.0069
6692,-100,-50.0,40,3.25,12.0,-60.86,15.382,-100,88.82,13.42,2.237926,1.643806,11.0585,0.0133
6694,-100,-50.0,40,3.25,13.0,-61.75,16.7096,-100,89.97,12.04,2.587896,2.248527,10.2261,0.0224
6695,-100,-50.0,40,3.25,13.5,-61.6,16.8683,-100,89.32,12.82,2.568223,1.548328,8.9319,0.0276
6696,-100,-50.0,40,3.25,14.0,-60.97,17.0562,-100,88.1,14.28,2.363578,1.390384,8.9103,0.0272
6698,-100,-50.0,40,3.5,1.5,-49.21,6.2385,-60,90.98,10.82,0.880022,0.966176,16.8327,0.0
6697,-100,-50.0,40,3.5,1.0,-48.92,4.2735,-59,90.29,11.65,0.554955,0.740969,19.4697,0.0
6699,-100,-50.0,40,3.5,2.0,-51.11,5.6023,-62,91.03,10.77,1.127295,1.063884,15.8554,0.0
6700,-100,-50.0,40,3.5,2.5,-49.94,6.353,-63,90.35,11.58,0.933763,1.086477,17.1402,0.0
6701,-100,-50.0,40,3.5,3.0,-51.46,7.5347,-66,90.48,11.42,1.14378,1.384383,16.6479,0.0
6702,-100,-50.0,40,3.5,3.5,-53.44,7.1074,-70,91.33,10.41,1.188323,1.057559,14.8382,0.0
6703,-100,-50.0,40,3.5,4.0,-55.69,7.6073,-74,90.51,11.39,1.249393,1.419397,16.0377,0.0
6704,-100,-50.0,40,3.5,4.5,-57.4,8.0472,-74,90.74,11.11,1.40255,1.341502,14.6741,0.0
6705,-100,-50.0,40,3.5,5.0,-58.77,8.3719,-77,91.17,10.59,1.479719,1.767065,15.1133,0.0001
6706,-100,-50.0,40,3.5,5.5,-57.96,8.872,-79,89.69,12.37,1.316235,1.384906,15.9711,0.0
6708,-100,-50.0,40,3.5,6.5,-58.64,10.2589,-91,90.09,11.89,1.691571,1.701541,14.2375,0.0002
6707,-100,-50.0,40,3.5,6.0,-58.49,9.4781,-86,89.18,12.99,1.268634,1.394258,16.9154,0.0006
6709,-100,-50.0,40,3.5,7.0,-57.86,11.2852,-87,88.61,13.67,1.472515,1.430831,15.6304,0.0016
6710,-100,-50.0,40,3.5,7.5,-58.12,11.9567,-91,88.81,13.43,1.651235,1.566867,14.4504,0.0034
6711,-100,-50.0,40,3.5,8.0,-58.49,11.8338,-92,89.48,12.63,1.915953,1.758746,13.4585,0.0046
6713,-100,-50.0,40,3.5,9.0,-58.66,12.5005,-96,88.85,13.38,1.975546,1.552081,12.3914,0.0071
6712,-100,-50.0,40,3.5,8.5,-58.38,12.0359,-94,87.65,14.81,1.651498,1.83453,15.2756,0.0037
6714,-100,-50.0,40,3.5,9.5,-58.51,13.8546,-99,88.88,13.34,2.091189,1.680435,11.8508,0.0054
6715,-100,-50.0,40,3.5,10.0,-58.98,14.4782,-97,88.85,13.38,2.122499,1.683171,11.7651,0.0062
6716,-100,-50.0,40,3.5,10.5,-58.66,14.5228,-100,88.38,13.95,2.156651,1.510281,11.5445,0.0068
6717,-100,-50.0,40,3.5,11.0,-58.4,14.962,-100,88.28,14.06,2.236749,1.628665,10.496,0.023
6718,-100,-50.0,40,3.5,11.5,-58.59,15.0325,-100,88.73,13.53,2.465747,1.719038,9.392,0.0222
6719,-100,-50.0,40,3.5,12.0,-58.51,15.5446,-100,88.2,14.16,2.456313,1.617047,9.8334,0.0322
6720,-100,-50.0,40,3.5,12.5,-59.39,16.0833,-100,87.23,15.33,2.128463,1.945667,12.4384,0.0186
6721,-100,-50.0,40,3.5,13.0,-58.66,16.292,-100,87.3,15.24,2.194648,1.758012,11.8204,0.0211
6722,-100,-50.0,40,3.5,13.5,-58.31,17.3995,-100,87.19,15.38,2.393803,1.629739,10.2003,0.035
6723,-100,-50.0,40,3.5,14.0,-58.68,17.2441,-100,87.21,15.35,2.431468,1.529771,8.6493,0.0466
6724,-100,-50.0,40,3.75,1.0,-47.62,6.1345,-58,88.46,13.85,0.83464,0.838045,18.495,0.0
6725,-100,-50.0,40,3.75,1.5,-50.18,7.4663,-62,88.64,13.63,0.918183,0.9635,18.1575,0.0
6726,-100,-50.0,40,3.75,2.0,-49.61,6.3631,-62,88.46,13.84,0.874739,1.206499,18.9802,0.0
6727,-100,-50.0,40,3.75,2.5,-49.75,7.389,-64,87.41,15.11,0.895577,0.811596,18.6065,0.0
6728,-100,-50.0,40,3.75,3.0,-51.53,7.5286,-66,86.99,15.62,0.986845,0.969919,18.6235,0.0
6729,-100,-50.0,40,3.75,3.5,-53.26,8.0452,-69,88.19,14.17,1.084908,1.386205,18.6923,0.0
6731,-100,-50.0,40,3.75,4.5,-53.5,8.7415,-74,87.96,14.45,1.324675,1.363796,16.9367,0.0
6730,-100,-50.0,40,3.75,4.0,-52.61,8.2944,-75,87.32,15.21,1.192495,1.173858,16.9028,0.0
6732,-100,-50.0,40,3.75,5.0,-54.85,9.6185,-78,87.48,15.03,1.309859,1.385661,16.8597,0.0
6733,-100,-50.0,40,3.75,5.5,-55.65,10.297,-82,88.14,14.23,1.40734,1.642182,16.97,0.0002
6734,-100,-50.0,40,3.75,6.0,-55.68,10.0117,-81,86.94,15.68,1.464574,1.218686,15.1092,0.0008
6735,-100,-50.0,40,3.75,6.5,-56.22,11.1611,-83,85.97,16.84,1.345982,1.266434,16.9609,0.0013
6736,-100,-50.0,40,3.75,7.0,-55.8,11.9347,-88,86.57,16.12,1.456195,1.386632,15.8676,0.0018
6737,-100,-50.0,40,3.75,7.5,-56.07,12.1208,-90,87.5,15.0,1.722944,1.660658,14.3473,0.005
6738,-100,-50.0,40,3.75,8.0,-55.29,13.2559,-93,86.76,15.89,1.813233,1.482896,13.6328,0.01
6739,-100,-50.0,40,3.75,8.5,-56.11,12.7705,-96,86.93,15.69,1.765973,1.511931,13.7164,0.0071
6740,-100,-50.0,40,3.75,9.0,-55.6,13.7855,-97,85.89,16.93,1.800324,1.588675,14.218,0.0078
6741,-100,-50.0,40,3.75,9.5,-55.37,14.1647,-100,85.98,16.82,1.846445,1.546888,13.1891,0.0113
6742,-100,-50.0,40,3.75,10.0,-55.83,14.9082,-100,85.95,16.86,1.927089,1.517509,13.2253,0.0127
6743,-100,-50.0,40,3.75,10.5,-55.84,14.7253,-100,85.11,17.87,1.881673,1.785836,14.6746,0.0183
6744,-100,-50.0,40,3.75,11.0,-55.99,15.2894,-100,85.46,17.45,1.949729,1.634598,13.6245,0.0223
6745,-100,-50.0,40,3.75,11.5,-55.31,15.4817,-100,84.15,19.01,1.790531,1.773347,14.6618,0.0208
6746,-100,-50.0,40,3.75,12.0,-55.31,15.8589,-100,84.4,18.72,1.928461,1.573716,12.7278,0.0245
6747,-100,-50.0,40,3.75,12.5,-55.46,16.4393,-100,86.94,15.67,2.408677,1.87185,8.9286,0.0194
6748,-100,-50.0,40,3.75,13.0,-55.81,17.0223,-100,85.22,17.74,2.170132,1.535112,10.6652,0.0347
6749,-100,-50.0,40,3.75,13.5,-55.52,17.148,-100,85.14,17.84,2.211805,1.486036,9.6606,0.0347
6750,-100,-50.0,40,3.75,14.0,-55.89,17.8113,-100,85.4,17.52,2.243516,1.649422,9.4532,0.0347
6751,-100,-50.0,40,4.0,1.0,-46.19,7.8234,-61,86.08,16.71,0.986951,1.151447,19.4906,0.0
6752,-100,-50.0,40,4.0,1.5,-47.71,7.9604,-61,84.27,18.88,0.793651,0.867444,20.8582,0.0
6753,-100,-50.0,40,4.0,2.0,-49.62,8.0796,-66,87.54,14.96,1.100992,1.132056,17.3858,0.0
6754,-100,-50.0,40,4.0,2.5,-48.22,9.132,-64,85.07,17.92,0.967353,0.932247,19.2302,0.0
6755,-100,-50.0,40,4.0,3.0,-48.89,8.4558,-70,84.2,18.96,0.990968,0.926217,19.1965,0.0
6756,-100,-50.0,40,4.0,3.5,-49.9,8.9228,-69,86.32,16.42,1.227745,1.18111,17.3313,0.0
6757,-100,-50.0,40,4.0,4.0,-52.74,9.6913,-71,85.2,17.76,1.175102,1.112509,17.4354,0.0001
6758,-100,-50.0,40,4.0,4.5,-53.34,9.9666,-77,85.72,17.14,1.27092,1.192894,17.0662,0.0001
6759,-100,-50.0,40,4.0,5.0,-52.53,10.5225,-74,85.35,17.57,1.382553,1.320023,16.5296,0.0004
6760,-100,-50.0,40,4.0,5.5,-52.58,11.6971,-79,84.58,18.5,1.268063,1.235386,17.1548,0.0032
6761,-100,-50.0,40,4.0,6.0,-52.98,11.1642,-81,83.54,19.76,1.243683,1.380832,18.5911,0.0014
6762,-100,-50.0,40,4.0,6.5,-53.31,11.8382,-83,84.08,19.11,1.375045,1.252502,16.3356,0.0045
6763,-100,-50.0,40,4.0,7.0,-52.81,11.4455,-93,83.01,20.39,1.374639,1.401358,16.7829,0.0042
6764,-100,-50.0,40,4.0,7.5,-53.0,12.5704,-87,83.93,19.28,1.602211,1.455565,14.6737,0.0089
6765,-100,-50.0,40,4.0,8.0,-52.82,14.4042,-90,84.03,19.16,1.572306,1.699664,15.8943,0.0042
6766,-100,-50.0,40,4.0,8.5,-53.19,13.7718,-98,84.02,19.17,1.679244,1.397356,14.5272,0.0075
6767,-100,-50.0,40,4.0,9.0,-52.96,13.5993,-94,84.32,18.82,1.81104,1.460628,12.8017,0.0256
6768,-100,-50.0,40,4.0,9.5,-52.58,15.1735,-97,84.01,19.18,1.860293,1.474667,12.5308,0.0143
6769,-100,-50.0,40,4.0,10.0,-52.72,15.344,-100,83.91,19.31,1.913624,1.483861,12.3308,0.0419
6770,-100,-50.0,40,4.0,10.5,-52.72,15.3795,-100,83.04,20.35,1.805868,1.483545,13.3709,0.0256
6771,-100,-50.0,40,4.0,11.0,-53.18,16.4115,-100,83.95,19.25,1.891929,1.554907,12.6874,0.0259
6772,-100,-50.0,40,4.0,11.5,-52.72,16.5553,-100,83.8,19.44,2.004634,1.475935,10.9598,0.0333
6773,-100,-50.0,40,4.0,12.0,-53.31,16.7817,-100,84.19,18.97,2.073969,1.575679,11.4387,0.0418
6774,-100,-50.0,40,4.0,12.5,-52.93,17.1008,-100,83.95,19.26,2.049455,1.444481,10.1835,0.0398
6775,-100,-50.0,40,4.0,13.0,-52.56,17.3936,-100,83.06,20.32,1.998674,1.556617,11.4388,0.0446
6776,-100,-50.0,40,4.0,13.5,-53.21,17.8629,-100,83.2,20.16,1.937287,1.533397,12.0125,0.0415
6777,-100,-50.0,40,4.0,14.0,-52.91,18.4272,-100,83.67,19.6,2.155436,1.54732,10.7347,0.0535
6778,-100,-50.0,40,4.25,1.0,-42.67,9.4269,-58,81.4,22.32,0.817696,0.788167,21.0493,0.0
6779,-100,-50.0,40,4.25,1.5,-46.14,8.2423,-62,83.6,19.69,0.924903,0.8722,19.6603,0.0
6780,-100,-50.0,40,4.25,2.0,-47.82,7.905,-67,82.89,20.52,1.012523,1.134064,19.2952,0.0
6781,-100,-50.0,40,4.25,2.5,-48.33,9.8249,-64,82.37,21.16,0.931351,1.062262,20.199,0.0
6782,-100,-50.0,40,4.25,3.0,-48.51,10.9683,-67,82.97,20.44,1.110995,0.89722,17.5645,0.0
6783,-100,-50.0,40,4.25,3.5,-49.63,10.4753,-69,83.24,20.11,1.226752,1.346681,18.1117,0.0001
6784,-100,-50.0,40,4.25,4.0,-49.78,10.0379,-70,82.64,20.83,1.14667,1.170262,18.2336,0.0001
6785,-100,-50.0,40,4.25,4.5,-50.02,11.3389,-75,82.39,21.13,1.249757,1.185142,17.5512,0.0004
6786,-100,-50.0,40,4.25,5.0,-50.3,12.1928,-80,82.84,20.58,1.280518,1.258597,17.4405,0.0008
6787,-100,-50.0,40,4.25,5.5,-50.09,11.4609,-77,81.85,21.79,1.265366,1.576894,19.2773,0.0018
6788,-100,-50.0,40,4.25,6.0,-50.29,12.1878,-80,81.75,21.91,1.381239,1.418646,17.3707,0.0027
6789,-100,-50.0,40,4.25,6.5,-50.39,12.7652,-81,82.17,21.4,1.425505,1.386716,16.0091,0.0035
6790,-100,-50.0,40,4.25,7.0,-50.48,12.5081,-84,81.18,22.59,1.37794,1.437503,17.0687,0.0094
6792,-100,-50.0,40,4.25,8.0,-50.39,13.2798,-92,82.64,20.83,1.675221,1.394648,13.6172,0.0135
6791,-100,-50.0,40,4.25,7.5,-49.77,13.6556,-86,81.19,22.57,1.43195,1.197088,14.9863,0.0132
6793,-100,-50.0,40,4.25,8.5,-50.15,14.5405,-95,82.11,21.47,1.70279,1.405838,13.3734,0.0208
6794,-100,-50.0,40,4.25,9.0,-50.75,14.5828,-95,81.67,22.0,1.664265,1.392284,13.9705,0.0309
6795,-100,-50.0,40,4.25,9.5,-49.82,15.3424,-94,82.35,21.18,1.799017,1.763262,13.4366,0.0236
6796,-100,-50.0,40,4.25,10.0,-50.07,16.5718,-100,82.41,21.11,1.795815,1.528904,12.8524,0.0333
6797,-100,-50.0,40,4.25,10.5,-50.4,15.9767,-100,81.34,22.4,1.687143,1.404031,13.5581,0.0228
6798,-100,-50.0,40,4.25,11.0,-49.61,16.6556,-100,82.11,21.47,1.863474,1.356539,10.9635,0.0463
6799,-100,-50.0,40,4.25,11.5,-50.61,17.0449,-100,82.02,21.57,1.872783,1.466674,11.9812,0.0462
6800,-100,-50.0,40,4.25,12.0,-50.16,17.3883,-100,81.77,21.88,1.888895,1.552646,12.4377,0.0615
6801,-100,-50.0,40,4.25,12.5,-49.73,17.8135,-100,82.0,21.6,1.95879,1.436717,10.5173,0.0639
6803,-100,-50.0,40,4.25,13.5,-49.89,18.2207,-100,82.32,21.22,2.009912,1.622882,10.9966,0.0507
6802,-100,-50.0,40,4.25,13.0,-50.23,17.9728,-100,82.34,21.2,1.964952,1.430605,10.4845,0.0641
6804,-100,-50.0,40,4.25,14.0,-50.11,18.5172,-100,83.05,20.34,2.081958,1.547933,9.0487,0.042
6805,-100,-50.0,40,4.5,1.0,-45.18,9.906,-60,81.95,21.65,1.030963,0.861863,18.122,0.0
6806,-100,-50.0,40,4.5,1.5,-43.35,10.7391,-60,82.28,21.27,1.116875,1.151812,18.731,0.0
6807,-100,-50.0,40,4.5,2.0,-45.55,10.6405,-62,80.7,23.16,1.003614,0.868745,18.8555,0.0
6808,-100,-50.0,40,4.5,2.5,-45.88,9.6049,-65,79.95,24.06,1.045012,1.340768,19.9285,0.0
6809,-100,-50.0,40,4.5,3.0,-46.52,11.011,-66,80.45,23.45,1.025897,0.960784,18.7145,0.0
6810,-100,-50.0,40,4.5,3.5,-46.97,11.1084,-72,79.96,24.05,1.133704,0.864454,16.5489,0.0002
6811,-100,-50.0,40,4.5,4.0,-47.26,11.1459,-71,79.81,24.23,1.103249,1.05273,17.6486,0.0011
6812,-100,-50.0,40,4.5,4.5,-46.91,12.4339,-74,79.85,24.17,1.256374,1.208606,16.809,0.0013
6813,-100,-50.0,40,4.5,5.0,-47.1,12.1797,-77,79.41,24.71,1.180583,1.1822,17.3886,0.0011
6814,-100,-50.0,40,4.5,5.5,-47.19,12.2533,-86,80.04,23.94,1.346844,1.104077,14.4548,0.005
6815,-100,-50.0,40,4.5,6.0,-47.04,13.2114,-81,80.06,23.92,1.367968,1.175195,15.0988,0.0061
6816,-100,-50.0,40,4.5,6.5,-47.42,13.4152,-85,80.48,23.42,1.440246,1.518381,16.5823,0.0098
6817,-100,-50.0,40,4.5,7.0,-47.54,14.4526,-84,80.75,23.1,1.583851,1.518802,14.3365,0.0215
6818,-100,-50.0,40,4.5,7.5,-47.41,13.5149,-86,80.65,23.22,1.59505,1.30528,12.7711,0.0262
6819,-100,-50.0,40,4.5,8.0,-47.25,15.0187,-93,80.05,23.95,1.562332,1.300518,13.7651,0.0358
6820,-100,-50.0,40,4.5,8.5,-47.45,14.8939,-88,80.06,23.93,1.530304,1.388237,14.2307,0.0414
6821,-100,-50.0,40,4.5,9.0,-47.18,15.0748,-95,80.5,23.39,1.656336,1.417603,12.7469,0.0367
6822,-100,-50.0,40,4.5,9.5,-47.03,15.892,-96,80.28,23.66,1.673319,1.352994,12.1632,0.0443
6823,-100,-50.0,40,4.5,10.0,-47.45,16.2931,-100,80.62,23.25,1.73709,1.332359,11.2798,0.0522
6824,-100,-50.0,40,4.5,10.5,-47.34,16.5011,-100,80.28,23.66,1.620232,1.358052,12.635,0.0535
6825,-100,-50.0,40,4.5,11.0,-47.2,17.0673,-97,81.19,22.57,1.840297,1.672201,11.692,0.0375
6826,-100,-50.0,40,4.5,11.5,-47.38,16.9783,-100,80.59,23.29,1.722255,1.46148,11.7527,0.0404
6827,-100,-50.0,40,4.5,12.0,-46.99,17.455,-100,80.91,22.91,1.812087,1.29044,10.1025,0.0612
6828,-100,-50.0,40,4.5,12.5,-47.54,17.6153,-100,80.43,23.49,1.675259,1.426277,11.891,0.0592
6829,-100,-50.0,40,4.5,13.0,-47.11,18.2966,-100,81.18,22.58,1.857504,1.202292,8.765,0.0807
6830,-100,-50.0,40,4.5,13.5,-47.56,18.8137,-100,81.53,22.17,1.953961,1.333902,9.2374,0.0738
6831,-100,-50.0,40,4.5,14.0,-47.29,19.3332,-100,81.15,22.63,1.870851,1.36674,9.589,0.0768
6832,-100,-50.0,40,4.75,1.0,-42.86,11.0857,-60,78.6,25.69,0.940854,0.946324,19.3117,0.0
6833,-100,-50.0,40,4.75,1.5,-43.43,11.4777,-61,78.45,25.85,1.016252,0.950337,18.0406,0.0
6834,-100,-50.0,40,4.75,2.0,-44.08,11.5366,-63,78.77,25.48,0.954556,0.783587,18.6499,0.0
6835,-100,-50.0,40,4.75,2.5,-44.64,11.3906,-65,78.7,25.56,1.065756,1.065046,17.7781,0.0003
6836,-100,-50.0,40,4.75,3.0,-45.19,12.762,-68,79.21,24.95,1.101055,1.077266,18.1351,0.0001
6837,-100,-50.0,40,4.75,3.5,-44.72,12.4493,-69,78.39,25.93,1.114627,1.015469,17.2649,0.0007
6838,-100,-50.0,40,4.75,4.0,-44.18,12.649,-71,77.9,26.52,1.187306,1.093619,15.7488,0.0032
6839,-100,-50.0,40,4.75,4.5,-44.29,14.0897,-73,80.61,23.27,1.486465,1.249582,14.4097,0.0069
6840,-100,-50.0,40,4.75,5.0,-44.49,13.1088,-77,78.64,25.63,1.259169,1.107649,15.2181,0.0146
6841,-100,-50.0,40,4.75,5.5,-44.66,14.009,-77,78.3,26.04,1.217204,1.095233,15.0929,0.0118
6842,-100,-50.0,40,4.75,6.0,-44.08,14.1957,-78,79.08,25.11,1.41219,1.257974,13.0988,0.0389
6843,-100,-50.0,40,4.75,6.5,-44.22,14.6177,-77,78.77,25.48,1.461942,1.160703,12.1583,0.0508
6844,-100,-50.0,40,4.75,7.0,-44.35,14.8937,-85,79.9,24.12,1.571439,1.160072,10.6671,0.0241
6845,-100,-50.0,40,4.75,7.5,-44.42,14.1111,-84,78.5,25.81,1.458167,1.233777,13.0445,0.0401
6846,-100,-50.0,40,4.75,8.0,-44.39,15.1976,-85,79.6,24.48,1.59462,1.241671,11.1645,0.0527
6847,-100,-50.0,40,4.75,8.5,-44.44,16.2525,-93,80.17,23.8,1.613366,1.315625,11.5057,0.0339
6848,-100,-50.0,40,4.75,9.0,-44.96,16.0549,-87,79.53,24.57,1.626169,1.275984,11.3644,0.0734
6849,-100,-50.0,40,4.75,9.5,-44.47,15.6651,-90,79.51,24.59,1.563128,1.626189,12.4541,0.0285
6850,-100,-50.0,40,4.75,10.0,-44.72,17.0802,-96,79.8,24.24,1.638846,1.229467,10.8322,0.0484
6851,-100,-50.0,40,4.75,10.5,-44.35,17.0081,-95,79.58,24.5,1.644923,1.331533,10.8019,0.051
6852,-100,-50.0,40,4.75,11.0,-43.99,17.3209,-100,79.48,24.63,1.644683,1.179392,9.5293,0.0664
6853,-100,-50.0,40,4.75,11.5,-43.93,17.3596,-100,79.72,24.35,1.63347,1.389898,10.5824,0.0606
6854,-100,-50.0,40,4.75,12.0,-44.36,18.0116,-100,79.71,24.35,1.708945,1.171011,8.8264,0.0834
6855,-100,-50.0,40,4.75,12.5,-44.1,18.0457,-100,79.62,24.45,1.671393,1.594566,12.8904,0.0463
6856,-100,-50.0,40,4.75,13.0,-44.35,18.9149,-100,79.55,24.54,1.585434,1.546247,11.5258,0.0482
6857,-100,-50.0,40,4.75,13.5,-44.61,19.3728,-100,80.75,23.11,1.852318,1.549059,10.8275,0.0703
6858,-100,-50.0,40,4.75,14.0,-44.42,19.9942,-100,79.85,24.17,1.723216,1.343431,10.0685,0.0836
6859,-100,-50.0,40,5.0,1.0,-38.98,11.8458,-59,76.87,27.76,0.985465,0.778527,16.2997,0.0
6860,-100,-50.0,40,5.0,1.5,-41.43,12.6823,-60,76.89,27.74,0.972337,0.903012,17.1325,0.0001
6861,-100,-50.0,40,5.0,2.0,-40.67,13.453,-61,77.83,26.6,1.127048,0.986453,15.126,0.0
6862,-100,-50.0,40,5.0,2.5,-41.38,12.8257,-63,76.96,27.65,1.094061,0.960987,15.1675,0.0009
6863,-100,-50.0,40,5.0,3.0,-41.44,13.1686,-65,76.78,27.86,1.073281,0.925995,14.6658,0.0042
6864,-100,-50.0,40,5.0,3.5,-41.4,13.5599,-68,77.45,27.05,1.200684,1.011999,13.9638,0.0047
6865,-100,-50.0,40,5.0,4.0,-40.97,13.7215,-69,77.58,26.91,1.213289,0.926111,12.1669,0.0052
6866,-100,-50.0,40,5.0,4.5,-41.98,13.0874,-72,77.35,27.18,1.213349,1.016886,13.3365,0.0155
6867,-100,-50.0,40,5.0,5.0,-41.53,14.3551,-72,77.87,26.56,1.330797,1.035788,11.7428,0.0203
6868,-100,-50.0,40,5.0,5.5,-42.16,13.59,-76,77.73,26.72,1.231959,1.270698,14.1202,0.0188
6869,-100,-50.0,40,5.0,6.0,-41.8,14.9924,-79,79.14,25.02,1.4793,1.122484,10.6348,0.0188
6870,-100,-50.0,40,5.0,6.5,-41.47,15.2167,-79,78.07,26.33,1.378946,1.054708,10.9433,0.0348
6871,-100,-50.0,40,5.0,7.0,-41.33,15.2485,-84,77.87,26.56,1.35582,1.256916,11.7774,0.0431
6872,-100,-50.0,40,5.0,7.5,-41.8,16.4108,-85,78.53,25.76,1.462435,1.204559,11.2035,0.0645
6873,-100,-50.0,40,5.0,8.0,-42.19,16.2272,-91,78.51,25.79,1.478928,1.162636,10.9657,0.0544
6874,-100,-50.0,40,5.0,8.5,-41.52,16.5179,-87,78.37,25.96,1.436942,1.084911,9.8231,0.0401
6875,-100,-50.0,40,5.0,9.0,-41.36,16.5564,-88,78.79,25.45,1.520879,1.137101,9.5409,0.0563
6876,-100,-50.0,40,5.0,9.5,-41.66,16.4365,-90,78.82,25.42,1.54191,1.164607,9.3909,0.0673
6877,-100,-50.0,40,5.0,10.0,-41.62,17.5006,-88,78.05,26.35,1.511071,1.283224,10.8884,0.0654
6878,-100,-50.0,40,5.0,10.5,-41.35,18.1562,-97,79.07,25.11,1.602261,1.184911,9.0142,0.0793
6879,-100,-50.0,40,5.0,11.0,-41.46,17.3599,-98,79.13,25.05,1.618433,1.208476,9.0123,0.0669
6880,-100,-50.0,40,5.0,11.5,-41.57,18.1647,-100,79.31,24.82,1.66997,1.430027,10.274,0.0719
6881,-100,-50.0,40,5.0,12.0,-42.04,17.8219,-98,79.42,24.69,1.629386,1.320506,9.471,0.0541
6886,-100,-45.0,40,1.0,1.0,,,,100.0,0.0,0.0,0.0,0.0,0.0
6887,-100,-45.0,40,1.0,1.5,,,,100.0,0.0,0.0,0.0,0.0,0.0
6882,-100,-50.0,40,5.0,12.5,-41.73,18.6632,-100,79.89,24.12,1.675805,1.224004,8.6431,0.0749
6888,-100,-45.0,40,1.0,2.0,,,,100.0,0.0,0.0,0.0,0.0,0.0
6889,-100,-45.0,40,1.0,2.5,,,,100.0,0.0,0.0,0.0,0.0,0.0
6883,-100,-50.0,40,5.0,13.0,-41.57,19.3344,-100,79.73,24.31,1.725292,1.436373,9.4207,0.0619
6890,-100,-45.0,40,1.0,3.0,,,,100.0,0.0,0.0,0.0,0.0,0.0
6884,-100,-50.0,40,5.0,13.5,-41.72,19.4423,-100,79.39,24.74,1.693205,1.313669,9.0808,0.0794
6885,-100,-50.0,40,5.0,14.0,-41.23,19.8648,-100,79.33,24.81,1.613305,1.373177,9.1021,0.0625
6891,-100,-45.0,40,1.0,3.5,,,,100.0,0.0,0.0,0.0,0.0,0.0
6892,-100,-45.0,40,1.0,4.0,,,,100.0,0.0,0.0,0.0,0.0,0.0
6893,-100,-45.0,40,1.0,4.5,,,,100.0,0.0,0.0,0.0,0.0,0.0
6894,-100,-45.0,40,1.0,5.0,,,,100.0,0.0,0.0,0.0,0.0,0.0
6895,-100,-45.0,40,1.0,5.5,,,,100.0,0.0,0.0,0.0,0.0,0.0
6896,-100,-45.0,40,1.0,6.0,,,,100.0,0.0,0.0,0.0,0.0,0.0
6897,-100,-45.0,40,1.0,6.5,,,,100.0,0.0,0.0,0.0,0.0,0.0
6898,-100,-45.0,40,1.0,7.0,,,,100.0,0.0,0.0,0.0,0.0,0.0
6900,-100,-45.0,40,1.0,8.0,,,,100.0,0.0,0.0,0.0,0.0,0.0
6901,-100,-45.0,40,1.0,8.5,-88.0,0.0,-88,100.0,0.0,2.872687,0.0,0.0024,0.0
6899,-100,-45.0,40,1.0,7.5,,,,100.0,0.0,0.0,0.0,0.0,0.0
6902,-100,-45.0,40,1.0,9.0,,,,100.0,0.0,0.0,0.0,0.0,0.0
6903,-100,-45.0,40,1.0,9.5,-81.5,6.5,-88,100.0,0.0,2.825003,0.621141,0.0034,0.0
6904,-100,-45.0,40,1.0,10.0,-76.38,6.0461,-84,100.0,0.0,3.530363,1.211242,0.0071,0.0
6905,-100,-45.0,40,1.0,10.5,-80.83,6.057,-87,100.0,0.0,2.733502,0.996459,0.0057,0.0
6906,-100,-45.0,40,1.0,11.0,-81.9,6.8564,-91,99.99,0.01,3.307483,0.795755,0.0114,0.0
6907,-100,-45.0,40,1.0,11.5,-85.1,12.3197,-100,99.98,0.02,2.207316,0.679254,0.0313,0.0
6908,-100,-45.0,40,1.0,12.0,-86.91,11.2572,-100,99.97,0.03,2.624851,0.926305,0.0374,0.0
6909,-100,-45.0,40,1.0,12.5,-85.54,11.896,-100,99.95,0.06,2.79386,1.670789,0.0676,0.0
6910,-100,-45.0,40,1.0,13.0,-86.19,12.9146,-100,99.93,0.09,2.812009,1.164947,0.1086,0.0
6913,-100,-45.0,40,1.25,1.0,,,,100.0,0.0,0.0,0.0,0.0,0.0
6911,-100,-45.0,40,1.0,13.5,-85.11,11.2198,-100,99.9,0.12,2.848127,0.913682,0.0911,0.0002
6914,-100,-45.0,40,1.25,1.5,,,,100.0,0.0,0.0,0.0,0.0,0.0
6912,-100,-45.0,40,1.0,14.0,-86.29,11.8671,-100,99.86,0.16,2.955501,1.005292,0.1127,0.0001
6915,-100,-45.0,40,1.25,2.0,,,,100.0,0.0,0.0,0.0,0.0,0.0
6916,-100,-45.0,40,1.25,2.5,,,,100.0,0.0,0.0,0.0,0.0,0.0
6917,-100,-45.0,40,1.25,3.0,,,,100.0,0.0,0.0,0.0,0.0,0.0
6918,-100,-45.0,40,1.25,3.5,,,,100.0,0.0,0.0,0.0,0.0,0.0
6919,-100,-45.0,40,1.25,4.0,,,,100.0,0.0,0.0,0.0,0.0,0.0
6920,-100,-45.0,40,1.25,4.5,,,,100.0,0.0,0.0,0.0,0.0,0.0
6921,-100,-45.0,40,1.25,5.0,,,,100.0,0.0,0.0,0.0,0.0,0.0
6922,-100,-45.0,40,1.25,5.5,,,,100.0,0.0,0.0,0.0,0.0,0.0
6923,-100,-45.0,40,1.25,6.0,,,,100.0,0.0,0.0,0.0,0.0,0.0
6924,-100,-45.0,40,1.25,6.5,,,,100.0,0.0,0.0,0.0,0.0,0.0
6925,-100,-45.0,40,1.25,7.0,,,,100.0,0.0,0.0,0.0,0.0,0.0
6926,-100,-45.0,40,1.25,7.5,,,,100.0,0.0,0.0,0.0,0.0,0.0
6927,-100,-45.0,40,1.25,8.0,,,,100.0,0.0,0.0,0.0,0.0,0.0
6928,-100,-45.0,40,1.25,8.5,-79.5,9.5,-89,100.0,0.0,1.236019,0.306245,0.0049,0.0
6929,-100,-45.0,40,1.25,9.0,-91.33,4.7842,-98,100.0,0.0,4.864355,2.054183,0.004,0.0
6941,-100,-45.0,40,1.5,1.5,,,,100.0,0.0,0.0,0.0,0.0,0.0
6940,-100,-45.0,40,1.5,1.0,,,,100.0,0.0,0.0,0.0,0.0,0.0
6930,-100,-45.0,40,1.25,9.5,-81.69,9.0945,-100,99.99,0.01,2.732116,1.133875,0.0133,0.0
6939,-100,-45.0,40,1.25,14.0,-82.6,12.3968,-100,99.71,0.35,3.04176,0.937226,0.3234,0.0002
6934,-100,-45.0,40,1.25,11.5,-84.8,10.319,-100,99.95,0.05,3.438603,1.098094,0.0496,0.0
6931,-100,-45.0,40,1.25,10.0,-79.7,7.5749,-92,99.99,0.01,3.424424,1.158197,0.0221,0.0
6932,-100,-45.0,40,1.25,10.5,-81.98,10.0307,-100,99.98,0.02,3.128222,0.795535,0.0289,0.0
6937,-100,-45.0,40,1.25,13.0,-83.52,11.9493,-100,99.81,0.23,2.526854,1.006155,0.2562,0.0001
6936,-100,-45.0,40,1.25,12.5,-84.79,12.2053,-100,99.85,0.18,2.527592,1.307435,0.2696,0.0
6935,-100,-45.0,40,1.25,12.0,-83.23,11.7347,-100,99.88,0.14,2.676974,0.868443,0.1773,0.0
6933,-100,-45.0,40,1.25,11.0,-82.97,11.2597,-100,99.95,0.06,2.116135,1.110189,0.1193,0.0
6938,-100,-45.0,40,1.25,13.5,-80.9,12.474,-100,99.78,0.27,2.60367,1.099717,0.2451,0.0004
6942,-100,-45.0,40,1.5,2.0,,,,100.0,0.0,0.0,0.0,0.0,0.0
6943,-100,-45.0,40,1.5,2.5,,,,100.0,0.0,0.0,0.0,0.0,0.0
6945,-100,-45.0,40,1.5,3.5,,,,100.0,0.0,0.0,0.0,0.0,0.0
6946,-100,-45.0,40,1.5,4.0,,,,100.0,0.0,0.0,0.0,0.0,0.0
6947,-100,-45.0,40,1.5,4.5,,,,100.0,0.0,0.0,0.0,0.0,0.0
6949,-100,-45.0,40,1.5,5.5,,,,100.0,0.0,0.0,0.0,0.0,0.0
6944,-100,-45.0,40,1.5,3.0,,,,100.0,0.0,0.0,0.0,0.0,0.0
6950,-100,-45.0,40,1.5,6.0,,,,100.0,0.0,0.0,0.0,0.0,0.0
6948,-100,-45.0,40,1.5,5.0,,,,100.0,0.0,0.0,0.0,0.0,0.0
6951,-100,-45.0,40,1.5,6.5,,,,100.0,0.0,0.0,0.0,0.0,0.0
6952,-100,-45.0,40,1.5,7.0,-62.0,0.0,-62,100.0,0.0,5.857092,0.0,0.0024,0.0
6953,-100,-45.0,40,1.5,7.5,-76.06,7.0434,-81,100.0,0.01,3.245344,1.359431,0.0147,0.0
6954,-100,-45.0,40,1.5,8.0,-68.0,0.8165,-69,100.0,0.0,3.568034,1.093871,0.0053,0.0
6955,-100,-45.0,40,1.5,8.5,-77.08,9.6304,-90,99.98,0.02,2.810361,1.68861,0.0533,0.0
6957,-100,-45.0,40,1.5,9.5,-76.65,10.4803,-100,99.98,0.03,2.984213,0.910789,0.0375,0.0
6956,-100,-45.0,40,1.5,9.0,-76.7,8.1338,-90,99.98,0.02,2.620825,1.486105,0.058,0.0
6960,-100,-45.0,40,1.5,11.0,-76.16,10.6272,-100,99.89,0.13,2.750563,0.835569,0.2073,0.0
6958,-100,-45.0,40,1.5,10.0,-75.28,10.6552,-98,99.97,0.04,3.110129,0.845386,0.0724,0.0
6961,-100,-45.0,40,1.5,11.5,-82.59,11.8515,-100,99.9,0.13,3.569185,1.272716,0.194,0.0
6959,-100,-45.0,40,1.5,10.5,-78.34,10.4354,-99,99.92,0.1,2.893952,0.937734,0.1418,0.0
6963,-100,-45.0,40,1.5,12.5,-79.42,12.5203,-100,99.73,0.32,3.277143,0.9255,0.4426,0.0
6962,-100,-45.0,40,1.5,12.0,-78.59,11.1568,-100,99.82,0.22,3.031468,1.064279,0.2743,0.0
6964,-100,-45.0,40,1.5,13.0,-80.97,12.8419,-100,99.69,0.37,3.179548,1.335672,0.3538,0.0002
6965,-100,-45.0,40,1.5,13.5,-81.45,13.1195,-100,99.55,0.53,3.229189,1.192871,0.5158,0.0004
6967,-100,-45.0,40,1.75,1.0,,,,100.0,0.0,0.0,0.0,0.0,0.0
6969,-100,-45.0,40,1.75,2.0,,,,100.0,0.0,0.0,0.0,0.0,0.0
6968,-100,-45.0,40,1.75,1.5,,,,100.0,0.0,0.0,0.0,0.0,0.0
6972,-100,-45.0,40,1.75,3.5,,,,100.0,0.0,0.0,0.0,0.0,0.0
6971,-100,-45.0,40,1.75,3.0,,,,100.0,0.0,0.0,0.0,0.0,0.0
6966,-100,-45.0,40,1.5,14.0,-80.07,13.5466,-100,99.44,0.67,3.071973,1.212126,0.6236,0.001
6970,-100,-45.0,40,1.75,2.5,,,,100.0,0.0,0.0,0.0,0.0,0.0
6973,-100,-45.0,40,1.75,4.0,,,,100.0,0.0,0.0,0.0,0.0,0.0
6974,-100,-45.0,40,1.75,4.5,,,,100.0,0.0,0.0,0.0,0.0,0.0
6975,-100,-45.0,40,1.75,5.0,,,,100.0,0.0,0.0,0.0,0.0,0.0
6977,-100,-45.0,40,1.75,6.0,-69.0,1.0,-70,100.0,0.0,5.573553,0.103852,0.0034,0.0
6976,-100,-45.0,40,1.75,5.5,,,,100.0,0.0,0.0,0.0,0.0,0.0
6978,-100,-45.0,40,1.75,6.5,-70.58,7.7235,-89,99.99,0.01,3.820858,0.632193,0.0198,0.0
6980,-100,-45.0,40,1.75,7.5,-68.67,6.7582,-79,100.0,0.0,4.499628,2.306337,0.0088,0.0
6979,-100,-45.0,40,1.75,7.0,-69.75,5.4242,-77,99.99,0.01,3.477231,0.660103,0.0236,0.0
6981,-100,-45.0,40,1.75,8.0,-71.12,6.9133,-86,99.96,0.05,2.971693,0.962432,0.1085,0.0
6982,-100,-45.0,40,1.75,8.5,-73.14,8.1993,-87,99.93,0.09,2.008185,1.64636,0.2681,0.0
6985,-100,-45.0,40,1.75,10.0,-80.03,10.5197,-100,99.86,0.17,4.123679,2.230681,0.2834,0.0
6983,-100,-45.0,40,1.75,9.0,-71.35,8.3884,-92,99.92,0.09,3.656254,0.814995,0.1694,0.0
6984,-100,-45.0,40,1.75,9.5,-78.82,9.887,-94,99.92,0.1,3.041356,0.840296,0.175,0.0
6987,-100,-45.0,40,1.75,11.0,-78.29,11.1339,-100,99.71,0.34,3.417318,0.942522,0.5062,0.0001
6986,-100,-45.0,40,1.75,10.5,-79.58,11.4001,-100,99.87,0.16,3.782409,1.174773,0.2236,0.0
6989,-100,-45.0,40,1.75,12.0,-78.5,12.354,-100,99.52,0.58,3.086003,1.088209,0.8044,0.0003
6988,-100,-45.0,40,1.75,11.5,-78.66,11.5047,-100,99.68,0.39,3.29651,1.836378,0.6744,0.0
6990,-100,-45.0,40,1.75,12.5,-78.49,13.2185,-100,99.47,0.64,3.139789,0.936637,0.7016,0.0004
6994,-100,-45.0,40,2.0,1.0,,,,100.0,0.0,0.0,0.0,0.0,0.0
6991,-100,-45.0,40,1.75,13.0,-77.86,14.092,-100,99.36,0.77,3.462984,1.128339,0.9323,0.0002
6992,-100,-45.0,40,1.75,13.5,-78.37,13.2024,-100,99.37,0.76,3.689914,2.161828,0.573,0.0003
6996,-100,-45.0,40,2.0,2.0,,,,100.0,0.0,0.0,0.0,0.0,0.0
6995,-100,-45.0,40,2.0,1.5,,,,100.0,0.0,0.0,0.0,0.0,0.0
6997,-100,-45.0,40,2.0,2.5,,,,100.0,0.0,0.0,0.0,0.0,0.0
6998,-100,-45.0,40,2.0,3.0,,,,100.0,0.0,0.0,0.0,0.0,0.0
6993,-100,-45.0,40,1.75,14.0,-78.02,14.1837,-100,99.06,1.13,3.397144,1.42721,1.1003,0.0007
6999,-100,-45.0,40,2.0,3.5,,,,100.0,0.0,0.0,0.0,0.0,0.0
7000,-100,-45.0,40,2.0,4.0,,,,100.0,0.0,0.0,0.0,0.0,0.0
7001,-100,-45.0,40,2.0,4.5,-61.5,2.1602,-63,100.0,0.0,2.241839,0.4514,0.0053,0.0
7003,-100,-45.0,40,2.0,5.5,-64.72,6.8171,-75,100.0,0.0,4.128806,1.723312,0.0087,0.0
7002,-100,-45.0,40,2.0,5.0,-74.0,0.0,-74,100.0,0.0,1.577121,0.0,0.0024,0.0
7005,-100,-45.0,40,2.0,6.5,-63.87,5.5818,-72,99.99,0.01,4.100132,1.215092,0.034,0.0
7007,-100,-45.0,40,2.0,7.5,-68.0,7.6552,-86,99.95,0.06,3.619376,1.385218,0.1177,0.0
7004,-100,-45.0,40,2.0,6.0,-64.78,7.3428,-72,100.0,0.0,4.391449,1.905356,0.0087,0.0
7006,-100,-45.0,40,2.0,7.0,-70.12,7.25,-80,99.97,0.03,4.667652,1.867131,0.0578,0.0
7008,-100,-45.0,40,2.0,8.0,-70.48,8.1039,-86,99.9,0.12,3.948204,1.533577,0.2426,0.0
7010,-100,-45.0,40,2.0,9.0,-69.94,9.7093,-96,99.82,0.22,3.504014,1.158392,0.4757,0.0
7009,-100,-45.0,40,2.0,8.5,-70.31,8.0071,-94,99.76,0.29,1.842912,1.066851,0.8198,0.0
7011,-100,-45.0,40,2.0,9.5,-72.79,10.4749,-99,99.68,0.38,3.441738,1.719244,0.7674,0.0
7012,-100,-45.0,40,2.0,10.0,-73.63,10.164,-99,99.69,0.37,3.339967,1.275752,0.5697,0.0
7013,-100,-45.0,40,2.0,10.5,-73.82,11.5005,-100,99.61,0.47,3.682953,0.933987,0.6739,0.0
7015,-100,-45.0,40,2.0,11.5,-75.65,11.9723,-100,99.48,0.62,4.247114,2.129573,0.6814,0.0003
7016,-100,-45.0,40,2.0,12.0,-75.45,12.5297,-100,99.13,1.05,3.314705,1.750146,1.5025,0.0002
7014,-100,-45.0,40,2.0,11.0,-74.27,11.3267,-100,99.32,0.81,2.735872,1.207308,1.3589,0.0
7017,-100,-45.0,40,2.0,12.5,-75.79,13.0574,-100,98.9,1.32,3.172307,1.77772,1.5606,0.0002
7018,-100,-45.0,40,2.0,13.0,-75.38,13.8517,-100,98.66,1.61,3.140975,1.327919,2.0575,0.001
7019,-100,-45.0,40,2.0,13.5,-76.38,14.6942,-100,98.59,1.7,3.332906,1.753404,1.9027,0.0012
7021,-100,-45.0,40,2.25,1.0,,,,100.0,0.0,0.0,0.0,0.0,0.0
7022,-100,-45.0,40,2.25,1.5,,,,100.0,0.0,0.0,0.0,0.0,0.0
7020,-100,-45.0,40,2.0,14.0,-75.35,14.6384,-100,98.51,1.79,3.171,1.505973,2.1268,0.0025
7023,-100,-45.0,40,2.25,2.0,,,,100.0,0.0,0.0,0.0,0.0,0.0
7025,-100,-45.0,40,2.25,3.0,-54.0,0.0,-54,100.0,0.0,4.821057,0.0,0.0024,0.0
7024,-100,-45.0,40,2.25,2.5,,,,100.0,0.0,0.0,0.0,0.0,0.0
7028,-100,-45.0,40,2.25,4.5,-58.05,4.5248,-71,99.98,0.03,2.153215,0.405105,0.102,0.0
7029,-100,-45.0,40,2.25,5.0,-58.3,4.595,-65,99.97,0.03,4.635711,0.75528,0.1118,0.0
7030,-100,-45.0,40,2.25,5.5,-61.53,5.5083,-70,99.97,0.03,3.628554,1.288518,0.1005,0.0
7027,-100,-45.0,40,2.25,4.0,-55.86,3.8146,-62,99.99,0.01,3.07846,0.67902,0.034,0.0
7026,-100,-45.0,40,2.25,3.5,,,,100.0,0.0,0.0,0.0,0.0,0.0
7032,-100,-45.0,40,2.25,6.5,-65.59,7.3512,-79,99.86,0.16,4.019479,1.174321,0.447,0.0
7033,-100,-45.0,40,2.25,7.0,-65.51,7.1936,-85,99.77,0.28,2.831834,0.950576,0.6665,0.0
7031,-100,-45.0,40,2.25,6.0,-64.08,6.1843,-74,99.87,0.16,2.9873,0.732359,0.3886,0.0
7034,-100,-45.0,40,2.25,7.5,-67.44,7.8715,-83,99.69,0.37,3.148275,0.944997,0.9272,0.0
7035,-100,-45.0,40,2.25,8.0,-70.69,8.319,-96,99.79,0.26,4.409334,2.14462,0.4432,0.0
7036,-100,-45.0,40,2.25,8.5,-66.14,9.0418,-89,99.6,0.48,3.835548,1.26401,0.9001,0.0
7037,-100,-45.0,40,2.25,9.0,-69.86,9.794,-94,99.59,0.5,4.071004,1.441806,0.8213,0.0
7038,-100,-45.0,40,2.25,9.5,-72.09,10.5908,-96,99.49,0.61,3.494302,0.852516,1.0314,0.0
7039,-100,-45.0,40,2.25,10.0,-73.86,10.9924,-100,99.08,1.1,2.64901,1.156488,2.3787,0.0
7041,-100,-45.0,40,2.25,11.0,-73.97,12.2928,-100,98.93,1.28,3.773776,1.355587,1.736,0.0004
7040,-100,-45.0,40,2.25,10.5,-72.36,11.4516,-98,99.16,1.01,3.89944,1.015258,1.3429,0.0002
7042,-100,-45.0,40,2.25,11.5,-73.13,12.5772,-100,98.85,1.38,3.630106,1.660534,1.6722,0.0002
7043,-100,-45.0,40,2.25,12.0,-73.06,12.8025,-100,98.65,1.62,3.835254,1.294308,1.7629,0.0
7045,-100,-45.0,40,2.25,13.0,-72.94,13.976,-100,98.25,2.1,3.791617,2.224401,2.481,0.0022
7044,-100,-45.0,40,2.25,12.5,-71.76,13.7858,-100,97.85,2.57,2.898527,1.301039,3.4132,0.0013
7049,-100,-45.0,40,2.5,1.5,-53.0,0.0,-53,100.0,0.0,4.927388,0.0,0.0024,0.0
7048,-100,-45.0,40,2.5,1.0,-54.5,0.5,-55,100.0,0.0,2.629706,0.039855,0.0033,0.0
7046,-100,-45.0,40,2.25,13.5,-72.13,14.3931,-100,97.53,2.97,2.910295,0.996097,3.1326,0.0018
7047,-100,-45.0,40,2.25,14.0,-71.62,15.351,-100,97.72,2.74,3.659296,1.729086,2.6124,0.0022
7050,-100,-45.0,40,2.5,2.0,,,,100.0,0.0,0.0,0.0,0.0,0.0
7051,-100,-45.0,40,2.5,2.5,-55.14,3.0177,-61,99.99,0.01,2.484309,0.586785,0.044,0.0
7052,-100,-45.0,40,2.5,3.0,-57.56,3.2363,-63,99.91,0.11,3.085763,0.728195,0.3958,0.0
7053,-100,-45.0,40,2.5,3.5,-58.17,3.3821,-63,99.97,0.04,4.608812,1.154224,0.1166,0.0
7055,-100,-45.0,40,2.5,4.5,-56.82,4.7245,-74,99.87,0.16,3.594694,1.237905,0.4929,0.0
7056,-100,-45.0,40,2.5,5.0,-59.02,5.2626,-69,99.85,0.18,3.582769,0.828154,0.4507,0.0
7054,-100,-45.0,40,2.5,4.0,-54.89,4.297,-66,99.84,0.2,3.746689,0.880662,0.645,0.0
7057,-100,-45.0,40,2.5,5.5,-63.81,5.7757,-72,99.85,0.18,4.879169,2.68624,0.409,0.0
7059,-100,-45.0,40,2.5,6.5,-61.72,6.9526,-78,99.5,0.6,3.845704,1.059469,1.6638,0.0
7058,-100,-45.0,40,2.5,6.0,-61.21,6.5488,-77,99.71,0.34,3.565537,1.327921,0.7804,0.0
7061,-100,-45.0,40,2.5,7.5,-67.56,8.2943,-84,99.05,1.14,2.952028,1.005887,2.4187,0.0
7060,-100,-45.0,40,2.5,7.0,-62.84,7.6364,-80,99.31,0.83,3.300947,1.422609,1.8984,0.0
7062,-100,-45.0,40,2.5,8.0,-66.68,9.4769,-88,99.23,0.92,4.089249,2.137476,1.7127,0.0
7065,-100,-45.0,40,2.5,9.5,-68.02,10.504,-100,98.42,1.89,2.981579,1.107916,3.2979,0.0
7063,-100,-45.0,40,2.5,8.5,-67.79,9.3533,-91,98.87,1.35,3.113549,1.280485,2.4372,0.0
7064,-100,-45.0,40,2.5,9.0,-66.45,9.8436,-98,98.97,1.24,3.871804,2.482439,2.0334,0.0
7068,-100,-45.0,40,2.5,11.0,-70.22,12.1308,-100,98.11,2.26,3.420254,1.0469,2.5336,0.0006
7067,-100,-45.0,40,2.5,10.5,-70.0,11.2806,-100,98.43,1.88,3.289106,1.186146,2.3468,0.0001
7066,-100,-45.0,40,2.5,10.0,-68.77,11.5186,-98,98.38,1.94,3.136336,1.371787,3.154,0.0
7069,-100,-45.0,40,2.5,11.5,-69.14,12.9288,-100,97.76,2.69,3.598626,1.172835,2.7883,0.0006
7070,-100,-45.0,40,2.5,12.0,-69.91,13.4255,-100,97.87,2.55,4.032511,1.504633,2.2698,0.0012
7071,-100,-45.0,40,2.5,12.5,-69.92,14.1787,-100,98.01,2.39,4.5298,1.637858,2.0012,0.0018
7072,-100,-45.0,40,2.5,13.0,-69.7,14.5912,-100,97.08,3.51,3.394376,1.604258,4.0781,0.0025
7073,-100,-45.0,40,2.5,13.5,-69.06,15.066,-100,96.57,4.11,3.17144,1.328777,4.2455,0.006
7077,-100,-45.0,40,2.75,2.0,-51.67,2.3333,-55,99.96,0.05,6.607548,1.599639,0.1424,0.0
7075,-100,-45.0,40,2.75,1.0,-50.64,1.3939,-54,99.95,0.07,4.44627,0.930484,0.2232,0.0
7076,-100,-45.0,40,2.75,1.5,-50.67,1.8156,-55,99.89,0.14,4.18316,0.982307,0.4549,0.0
7079,-100,-45.0,40,2.75,3.0,-53.16,3.3425,-61,99.68,0.39,4.814188,1.168926,1.2449,0.0
7078,-100,-45.0,40,2.75,2.5,-52.79,2.7451,-59,99.88,0.14,2.170605,0.603684,0.4801,0.0
7080,-100,-45.0,40,2.75,3.5,-54.59,3.708,-63,99.38,0.74,2.57297,1.017443,2.6012,0.0
7074,-100,-45.0,40,2.5,14.0,-69.8,15.1089,-100,96.15,4.63,2.934716,1.849375,5.1055,0.0028
7081,-100,-45.0,40,2.75,4.0,-53.63,4.2659,-67,99.25,0.9,1.950518,0.78473,3.0974,0.0
7082,-100,-45.0,40,2.75,4.5,-56.91,4.6698,-67,99.27,0.87,3.043227,1.760805,2.3164,0.0
7083,-100,-45.0,40,2.75,5.0,-57.33,5.6322,-71,99.63,0.44,6.237186,2.195895,0.9574,0.0
7084,-100,-45.0,40,2.75,5.5,-60.64,6.492,-76,99.33,0.81,4.169185,1.446918,1.8771,0.0
7085,-100,-45.0,40,2.75,6.0,-60.32,6.2041,-80,98.94,1.27,2.485203,1.393087,2.9468,0.0
7086,-100,-45.0,40,2.75,6.5,-61.46,7.2317,-82,99.01,1.19,4.239101,1.419066,2.1582,0.0
7087,-100,-45.0,40,2.75,7.0,-61.9,7.6849,-82,98.89,1.33,4.134473,1.470832,2.5166,0.0
7088,-100,-45.0,40,2.75,7.5,-65.0,9.4681,-91,98.42,1.9,3.034986,1.650142,4.1426,0.0
7090,-100,-45.0,40,2.75,8.5,-66.59,10.2688,-94,98.86,1.37,5.503115,2.103707,1.7876,0.0
7089,-100,-45.0,40,2.75,8.0,-65.92,9.2518,-87,98.74,1.51,3.889378,1.662028,2.7799,0.0
7091,-100,-45.0,40,2.75,9.0,-66.9,10.7754,-97,97.68,2.79,2.923929,1.664353,4.3733,0.0
7092,-100,-45.0,40,2.75,9.5,-67.45,10.9689,-91,97.74,2.71,3.186349,1.771295,4.4949,0.0001
7093,-100,-45.0,40,2.75,10.0,-69.28,11.8271,-100,98.3,2.04,4.290254,1.909987,2.5577,0.0003
7095,-100,-45.0,40,2.75,11.0,-67.23,12.0671,-100,96.69,3.98,2.970857,1.845428,5.329,0.0009
7094,-100,-45.0,40,2.75,10.5,-67.85,12.1461,-100,96.83,3.81,2.591353,1.28924,5.2727,0.0001
7096,-100,-45.0,40,2.75,11.5,-66.1,13.8223,-100,96.46,4.25,2.994773,1.52923,5.4551,0.0016
7097,-100,-45.0,40,2.75,12.0,-66.25,13.6665,-100,96.44,4.27,3.156412,1.866788,4.8375,0.0015
7098,-100,-45.0,40,2.75,12.5,-67.5,14.1733,-100,96.11,4.67,3.004638,1.351671,4.9418,0.0035
7102,-100,-45.0,40,3.0,1.0,-48.72,2.0332,-54,98.59,1.69,1.562524,1.472772,5.8314,0.0
7099,-100,-45.0,40,2.75,13.0,-67.26,15.4672,-100,95.35,5.58,2.74552,1.472013,5.9962,0.0036
7104,-100,-45.0,40,3.0,2.0,-49.79,2.7083,-57,98.34,1.99,1.477033,1.297276,6.5319,0.0
7103,-100,-45.0,40,3.0,1.5,-49.23,1.67,-55,98.0,2.4,0.794102,0.79403,8.664,0.0
7100,-100,-45.0,40,2.75,13.5,-66.4,14.9168,-100,95.2,5.76,3.068873,1.349288,4.8438,0.0047
7101,-100,-45.0,40,2.75,14.0,-66.87,16.0315,-100,95.05,5.94,3.134727,1.440127,5.1521,0.0067
7105,-100,-45.0,40,3.0,2.5,-49.64,3.156,-57,98.65,1.63,2.24335,1.028173,4.4518,0.0
7107,-100,-45.0,40,3.0,3.5,-52.89,4.3436,-62,98.88,1.35,3.222542,1.183955,3.1315,0.0
7106,-100,-45.0,40,3.0,3.0,-51.08,3.677,-60,98.64,1.63,2.396678,1.402688,4.6723,0.0
7108,-100,-45.0,40,3.0,4.0,-53.02,4.5082,-66,98.88,1.35,3.878514,1.85702,3.1744,0.0
7109,-100,-45.0,40,3.0,4.5,-53.98,5.0341,-68,98.35,1.98,2.282972,1.131963,5.118,0.0
7110,-100,-45.0,40,3.0,5.0,-58.21,6.3112,-81,97.19,3.37,1.352387,2.279535,10.4151,0.0
7111,-100,-45.0,40,3.0,5.5,-56.77,6.0704,-75,97.44,3.07,2.389911,1.510058,5.8933,0.0
7113,-100,-45.0,40,3.0,6.5,-61.95,8.2472,-84,97.87,2.56,3.067315,1.670117,4.7596,0.0
7114,-100,-45.0,40,3.0,7.0,-62.66,9.0554,-90,97.49,3.01,2.867856,1.164737,4.8065,0.0
7112,-100,-45.0,40,3.0,6.0,-59.37,7.2656,-75,96.66,4.0,1.464646,1.192678,9.121,0.0
7116,-100,-45.0,40,3.0,8.0,-63.22,9.6147,-84,96.94,3.67,2.475799,1.581635,6.337,0.0
7115,-100,-45.0,40,3.0,7.5,-65.46,8.8684,-92,96.58,4.1,2.104246,1.684181,7.1883,0.0
7118,-100,-45.0,40,3.0,9.0,-64.26,10.4222,-97,96.07,4.71,2.647995,1.189591,5.891,0.0
7117,-100,-45.0,40,3.0,8.5,-64.12,10.1154,-90,96.84,3.79,3.281386,1.083271,4.5276,0.0002
7119,-100,-45.0,40,3.0,9.5,-64.16,11.8601,-100,95.85,4.98,2.596271,1.286089,6.3798,0.0001
7120,-100,-45.0,40,3.0,10.0,-64.58,12.4681,-100,95.15,5.82,2.186288,2.302897,10.0068,0.0003
7121,-100,-45.0,40,3.0,10.5,-64.27,12.4484,-100,95.58,5.3,2.940527,1.628878,6.0168,0.0017
7122,-100,-45.0,40,3.0,11.0,-64.41,13.6879,-100,95.3,5.64,2.87873,1.4098,6.2999,0.0017
7123,-100,-45.0,40,3.0,11.5,-63.82,13.9781,-100,95.13,5.84,3.05426,1.232507,5.5201,0.0019
7124,-100,-45.0,40,3.0,12.0,-64.03,14.8739,-100,94.52,6.57,2.858521,1.361783,6.1811,0.0013
7125,-100,-45.0,40,3.0,12.5,-64.08,14.4684,-100,94.94,6.07,3.14209,2.129021,6.1891,0.0048
7126,-100,-45.0,40,3.0,13.0,-64.71,15.2277,-100,94.32,6.82,2.872886,1.838957,7.1256,0.0041
7130,-100,-45.0,40,3.25,1.5,-45.87,3.801,-54,96.84,3.79,1.133933,1.233002,10.5055,0.0
7129,-100,-45.0,40,3.25,1.0,-45.21,2.801,-53,95.32,5.62,0.767047,0.944344,13.4306,0.0
7128,-100,-45.0,40,3.0,14.0,-64.15,16.1191,-100,94.09,7.09,3.060698,1.724072,5.4903,0.0107
7127,-100,-45.0,40,3.0,13.5,-63.78,16.0892,-100,93.0,8.4,2.423041,1.648124,7.5368,0.0088
7131,-100,-45.0,40,3.25,2.0,-46.86,3.2906,-56,95.06,5.93,0.604751,0.810588,14.4685,0.0
7132,-100,-45.0,40,3.25,2.5,-49.4,3.0226,-59,95.04,5.95,0.737153,1.271541,14.3078,0.0
7133,-100,-45.0,40,3.25,3.0,-51.35,4.2449,-62,95.68,5.18,1.026804,1.234384,12.0876,0.0
7134,-100,-45.0,40,3.25,3.5,-50.92,4.7728,-60,95.78,5.06,1.345685,1.295106,11.311,0.0
7135,-100,-45.0,40,3.25,4.0,-53.46,5.4447,-67,96.77,3.87,2.003351,1.692046,8.2705,0.0
7136,-100,-45.0,40,3.25,4.5,-53.66,5.6799,-75,95.14,5.84,1.410276,1.224388,11.128,0.0
7137,-100,-45.0,40,3.25,5.0,-53.94,7.1994,-72,96.12,4.66,1.539223,1.476487,10.0566,0.0
7140,-100,-45.0,40,3.25,6.5,-56.68,9.3962,-85,96.07,4.72,2.190442,2.009158,9.0189,0.0
7139,-100,-45.0,40,3.25,6.0,-57.41,8.9847,-78,96.57,4.11,2.324202,2.109834,7.676,0.0
7138,-100,-45.0,40,3.25,5.5,-56.56,7.0644,-76,95.22,5.74,1.477238,1.300249,10.8248,0.0
7141,-100,-45.0,40,3.25,7.0,-58.12,8.7621,-84,95.84,4.99,2.241568,1.656654,7.6984,0.0
7142,-100,-45.0,40,3.25,7.5,-59.26,9.5765,-87,94.17,7.0,1.678935,1.729037,12.2291,0.0
7143,-100,-45.0,40,3.25,8.0,-60.15,10.8608,-91,95.8,5.05,2.615594,1.695912,7.4663,0.0
7144,-100,-45.0,40,3.25,8.5,-61.95,11.0446,-94,94.39,6.73,1.988828,1.563139,10.7702,0.0006
7145,-100,-45.0,40,3.25,9.0,-60.57,11.2641,-93,93.87,7.36,2.032498,1.710764,10.1565,0.0
7146,-100,-45.0,40,3.25,9.5,-61.45,12.1857,-96,93.98,7.22,2.279753,2.100722,10.9324,0.0009
7147,-100,-45.0,40,3.25,10.0,-62.26,13.053,-100,95.11,5.87,2.996416,1.432733,5.7695,0.0012
7149,-100,-45.0,40,3.25,11.0,-61.3,14.3225,-100,94.33,6.8,2.900893,1.615174,6.765,0.0021
7148,-100,-45.0,40,3.25,10.5,-62.45,13.445,-100,94.33,6.8,2.591466,1.561456,7.6931,0.0018
7151,-100,-45.0,40,3.25,12.0,-62.03,14.9046,-100,94.12,7.06,3.035675,1.83825,6.0771,0.0045
7150,-100,-45.0,40,3.25,11.5,-61.51,15.1308,-100,93.33,8.0,2.535726,2.017601,10.4918,0.003
7152,-100,-45.0,40,3.25,12.5,-61.71,15.4214,-100,93.38,7.94,2.882772,1.756303,7.9955,0.0047
7153,-100,-45.0,40,3.25,13.0,-61.4,16.2826,-100,93.04,8.35,2.895849,1.475218,6.5336,0.0122
7154,-100,-45.0,40,3.25,13.5,-61.83,16.6585,-100,92.47,9.04,2.690386,1.651981,6.9782,0.0083
7155,-100,-45.0,40,3.25,14.0,-61.17,16.535,-100,91.69,9.98,2.647901,1.493222,8.094,0.0099
7156,-100,-45.0,40,3.5,1.0,-45.2,4.2158,-54,94.3,6.84,0.860435,1.099001,14.6547,0.0
7157,-100,-45.0,40,3.5,1.5,-46.12,3.5768,-56,93.74,7.51,0.71586,0.805506,15.1501,0.0
7159,-100,-45.0,40,3.5,2.5,-48.56,4.766,-59,94.45,6.67,0.912335,1.197477,14.0301,0.0
7158,-100,-45.0,40,3.5,2.0,-47.09,4.5227,-59,94.15,7.02,0.80182,1.008927,14.6227,0.0
7161,-100,-45.0,40,3.5,3.5,-49.67,6.7116,-66,94.35,6.77,1.036878,1.233411,13.7746,0.0
7160,-100,-45.0,40,3.5,3.0,-46.26,5.325,-60,93.15,8.21,0.862694,1.155194,16.0294,0.0
7162,-100,-45.0,40,3.5,4.0,-51.27,5.6902,-66,94.34,6.79,1.547,1.331944,11.2005,0.0
7163,-100,-45.0,40,3.5,4.5,-52.16,7.2401,-68,93.85,7.38,1.341388,1.600716,13.8487,0.0
7164,-100,-45.0,40,3.5,5.0,-54.31,8.0082,-71,94.77,6.28,1.718919,1.402098,11.0474,0.0
7165,-100,-45.0,40,3.5,5.5,-53.02,8.3201,-73,93.3,8.03,1.426443,1.955104,14.8444,0.0
7166,-100,-45.0,40,3.5,6.0,-58.36,8.3126,-80,93.35,7.98,1.638446,1.507126,12.6591,0.0
7167,-100,-45.0,40,3.5,6.5,-57.36,9.1411,-84,93.2,8.16,1.681413,1.323351,11.6347,0.0
7168,-100,-45.0,40,3.5,7.0,-57.28,9.757,-84,93.49,7.81,1.998255,1.69353,10.8872,0.0
7169,-100,-45.0,40,3.5,7.5,-58.13,10.3834,-83,93.24,8.12,1.92825,1.446454,10.4544,0.0001
7171,-100,-45.0,40,3.5,8.5,-58.64,11.5035,-87,93.02,8.38,2.081915,1.848355,12.0207,0.0009
7170,-100,-45.0,40,3.5,8.0,-58.98,11.1352,-94,92.24,9.31,1.638558,1.393964,12.9364,0.0002
7172,-100,-45.0,40,3.5,9.0,-58.01,12.6574,-95,91.46,10.25,1.820271,1.633544,13.3054,0.001
7173,-100,-45.0,40,3.5,9.5,-58.36,13.5366,-93,91.51,10.19,1.888646,1.670051,12.6017,0.0013
7174,-100,-45.0,40,3.5,10.0,-58.07,14.1549,-98,90.87,10.96,1.857706,1.669811,13.4218,0.0019
7177,-100,-45.0,40,3.5,11.5,-58.46,14.9325,-100,92.24,9.31,2.705773,1.8894,9.1486,0.0091
7176,-100,-45.0,40,3.5,11.0,-58.99,14.3204,-100,92.38,9.15,2.576637,1.434109,8.1759,0.0051
7175,-100,-45.0,40,3.5,10.5,-58.72,14.2099,-100,91.58,10.11,2.118287,1.844915,12.2134,0.0035
7179,-100,-45.0,40,3.5,12.5,-58.82,16.0898,-100,90.77,11.08,2.374967,1.61582,9.7624,0.0145
7178,-100,-45.0,40,3.5,12.0,-58.59,15.599,-100,90.26,11.69,2.07062,1.926846,12.4474,0.0067
7180,-100,-45.0,40,3.5,13.0,-58.56,17.1718,-100,90.23,11.72,2.39209,1.950778,11.0069,0.0171
7181,-100,-45.0,40,3.5,13.5,-58.82,17.0072,-100,90.6,11.27,2.499982,1.690797,9.3547,0.0117
7183,-100,-45.0,40,3.75,1.0,-45.39,5.6474,-56,91.81,9.83,0.74475,0.673301,16.5324,0.0
7182,-100,-45.0,40,3.5,14.0,-58.07,17.4138,-100,89.58,12.5,2.379758,1.809791,10.8792,0.0108
7185,-100,-45.0,40,3.75,2.0,-44.46,6.1905,-58,91.6,10.08,0.932358,1.130214,16.0575,0.0
7184,-100,-45.0,40,3.75,1.5,-44.65,5.6796,-55,91.34,10.39,0.77675,0.663849,16.8602,0.0
7186,-100,-45.0,40,3.75,2.5,-45.46,6.5229,-57,92.02,9.58,1.049273,0.963005,15.1661,0.0
7189,-100,-45.0,40,3.75,4.0,-49.75,7.5663,-66,91.6,10.08,1.154026,1.432321,16.2259,0.0
7188,-100,-45.0,40,3.75,3.5,-49.14,5.7128,-67,89.81,12.23,0.811728,0.902863,18.3741,0.0
7187,-100,-45.0,40,3.75,3.0,-45.59,6.7563,-60,90.52,11.38,0.874603,0.88485,16.9822,0.0
7190,-100,-45.0,40,3.75,4.5,-51.51,8.3712,-72,92.22,9.34,1.25225,1.254306,14.3088,0.0
7191,-100,-45.0,40,3.75,5.0,-51.02,7.7678,-70,90.92,10.89,1.200502,1.207985,15.4351,0.0
7192,-100,-45.0,40,3.75,5.5,-53.57,9.3558,-76,90.56,11.32,1.241252,1.318468,16.0842,0.0
7193,-100,-45.0,40,3.75,6.0,-53.95,9.3417,-77,91.07,10.71,1.489072,1.371842,14.354,0.0
7194,-100,-45.0,40,3.75,6.5,-54.08,10.1343,-83,89.79,12.25,1.409936,1.520284,16.1813,0.0
7195,-100,-45.0,40,3.75,7.0,-56.31,10.4212,-81,91.24,10.52,1.597479,1.427095,13.1911,0.0006
7196,-100,-45.0,40,3.75,7.5,-55.48,11.3159,-84,90.01,11.98,1.498257,1.366841,14.7025,0.0004
7197,-100,-45.0,40,3.75,8.0,-56.18,12.4919,-94,90.78,11.06,1.766447,1.730097,13.6877,0.0003
7198,-100,-45.0,40,3.75,8.5,-55.65,13.1519,-91,90.6,11.28,1.908098,1.530215,12.4436,0.0021
7199,-100,-45.0,40,3.75,9.0,-55.45,13.2323,-94,89.74,12.32,1.86083,1.655276,13.545,0.0023
7200,-100,-45.0,40,3.75,9.5,-55.48,13.7298,-90,90.41,11.51,2.124442,1.534233,10.9793,0.0046
7202,-100,-45.0,40,3.75,10.5,-55.76,15.0763,-97,89.62,12.46,1.996406,1.788197,12.9881,0.0068
7201,-100,-45.0,40,3.75,10.0,-55.49,13.9707,-97,89.43,12.68,1.976334,1.397555,11.1663,0.0037
7203,-100,-45.0,40,3.75,11.0,-55.48,14.8099,-100,88.13,14.25,1.939287,1.667249,13.3276,0.0062
7204,-100,-45.0,40,3.75,11.5,-56.31,15.8238,-99,88.93,13.28,2.024532,2.013201,13.474,0.0098
7205,-100,-45.0,40,3.75,12.0,-55.97,15.3708,-100,88.83,13.41,2.110096,1.840095,12.173,0.0052
7206,-100,-45.0,40,3.75,12.5,-55.64,16.4297,-100,89.41,12.71,2.437548,2.085132,10.8507,0.0232
7207,-100,-45.0,40,3.75,13.0,-55.76,17.0437,-100,88.87,13.36,2.425085,1.551517,9.385,0.0142
7208,-100,-45.0,40,3.75,13.5,-55.81,17.9551,-100,88.92,13.3,2.514222,1.793779,10.184,0.0232
7210,-100,-45.0,40,4.0,1.0,-40.98,5.5732,-53,88.5,13.79,0.774168,0.91641,19.4579,0.0
7209,-100,-45.0,40,3.75,14.0,-55.88,17.1925,-100,87.65,14.82,2.228454,1.868493,11.33,0.0144
7211,-100,-45.0,40,4.0,1.5,-43.18,6.5369,-54,88.1,14.27,0.632659,0.6595,20.1226,0.0
7212,-100,-45.0,40,4.0,2.0,-44.69,6.5024,-58,88.53,13.77,0.781084,0.983869,19.3094,0.0
7213,-100,-45.0,40,4.0,2.5,-45.14,7.7764,-58,89.48,12.62,0.921608,0.975377,17.838,0.0
7214,-100,-45.0,40,4.0,3.0,-46.03,7.7188,-62,91.53,10.17,1.278956,1.331495,14.8346,0.0
7215,-100,-45.0,40,4.0,3.5,-48.58,7.3926,-69,88.36,13.96,0.831819,0.991205,19.3733,0.0
7216,-100,-45.0,40,4.0,4.0,-48.89,7.7252,-66,89.38,12.75,1.136174,0.933887,16.201,0.0
7217,-100,-45.0,40,4.0,4.5,-48.21,9.1016,-67,88.47,13.84,1.053426,1.159888,18.2973,0.0
7219,-100,-45.0,40,4.0,5.5,-51.93,9.3282,-76,89.6,12.49,1.273352,1.440811,16.4384,0.0
7218,-100,-45.0,40,4.0,5.0,-50.42,9.5557,-73,88.86,13.37,1.222645,1.312524,16.8884,0.0
7220,-100,-45.0,40,4.0,6.0,-51.57,10.648,-79,88.03,14.37,1.190244,1.389578,17.8465,0.0
7223,-100,-45.0,40,4.0,7.5,-52.66,12.3752,-85,88.48,13.82,1.648245,1.527978,14.6401,0.0025
7221,-100,-45.0,40,4.0,6.5,-52.31,10.8613,-77,88.38,13.94,1.466453,1.313758,15.5369,0.0001
7222,-100,-45.0,40,4.0,7.0,-52.72,11.836,-81,88.49,13.82,1.550675,1.425309,15.491,0.0003
7225,-100,-45.0,40,4.0,8.5,-53.12,13.1668,-88,87.67,14.8,1.618518,1.66357,15.4953,0.004
7224,-100,-45.0,40,4.0,8.0,-53.14,13.0159,-92,88.29,14.06,1.594933,1.261359,13.9726,0.0023
7226,-100,-45.0,40,4.0,9.0,-53.16,14.0442,-93,88.31,14.03,1.800292,1.494815,13.4765,0.0054
7227,-100,-45.0,40,4.0,9.5,-53.1,15.185,-100,88.91,13.31,2.031584,1.894552,13.6782,0.0105
7228,-100,-45.0,40,4.0,10.0,-52.76,14.7019,-93,86.02,16.77,1.6691,1.748905,16.1966,0.0081
7229,-100,-45.0,40,4.0,10.5,-53.23,15.0697,-99,88.58,13.71,2.279379,1.67796,10.7443,0.0088
7230,-100,-45.0,40,4.0,11.0,-52.53,15.8917,-100,87.09,15.49,2.013659,1.706572,12.8543,0.0209
7231,-100,-45.0,40,4.0,11.5,-52.93,16.1228,-100,86.68,15.98,1.900453,1.551348,13.3772,0.021
7232,-100,-45.0,40,4.0,12.0,-53.16,16.4545,-100,86.87,15.76,2.06199,1.916414,13.3205,0.0222
7234,-100,-45.0,40,4.0,13.0,-53.19,17.185,-100,87.32,15.22,2.333695,1.842554,11.7803,0.0255
7233,-100,-45.0,40,4.0,12.5,-53.26,17.64,-100,86.41,16.31,2.026942,1.686014,13.0886,0.0202
7235,-100,-45.0,40,4.0,13.5,-51.99,17.6967,-100,85.82,17.02,2.119913,1.696994,11.4613,0.0226
7237,-100,-45.0,40,4.25,1.0,-42.06,8.0647,-58,89.0,13.19,1.089245,1.031909,16.6371,0.0
7236,-100,-45.0,40,4.0,14.0,-52.94,18.3374,-100,85.9,16.92,2.143028,1.569834,11.656,0.0316
7238,-100,-45.0,40,4.25,1.5,-40.84,7.9162,-55,86.3,16.45,0.823643,0.874291,19.8555,0.0
7239,-100,-45.0,40,4.25,2.0,-44.41,7.9244,-59,85.06,17.93,0.755434,0.888406,21.2723,0.0
7241,-100,-45.0,40,4.25,3.0,-44.91,9.3816,-62,86.36,16.37,0.859382,1.116143,20.001,0.0
7240,-100,-45.0,40,4.25,2.5,-43.31,7.3461,-60,85.3,17.64,0.948052,1.190376,19.9989,0.0
7242,-100,-45.0,40,4.25,3.5,-46.49,9.2024,-62,87.98,14.42,1.234736,0.98283,16.1871,0.0
7243,-100,-45.0,40,4.25,4.0,-45.81,9.781,-66,85.29,17.65,1.022268,0.895173,18.1789,0.0
7244,-100,-45.0,40,4.25,4.5,-49.39,10.2675,-76,87.84,14.59,1.344617,1.539143,16.8759,0.0
7245,-100,-45.0,40,4.25,5.0,-51.0,10.4899,-71,86.83,15.8,1.160727,1.131303,17.516,0.0001
7246,-100,-45.0,40,4.25,5.5,-49.9,11.0145,-74,85.64,17.23,1.232154,1.336347,18.3469,0.0001
7248,-100,-45.0,40,4.25,6.5,-50.2,12.1104,-78,86.99,15.62,1.497505,1.335617,15.4492,0.0019
7247,-100,-45.0,40,4.25,6.0,-49.73,11.7517,-76,85.48,17.42,1.268036,1.253345,17.7214,0.0014
7250,-100,-45.0,40,4.25,7.5,-50.16,13.4982,-86,86.09,16.7,1.509602,1.471136,16.0191,0.0029
7249,-100,-45.0,40,4.25,7.0,-49.98,12.5009,-84,85.39,17.54,1.39129,1.28041,16.6259,0.0018
7251,-100,-45.0,40,4.25,8.0,-50.25,13.8209,-89,86.63,16.05,1.702144,1.513503,14.2935,0.0039
7252,-100,-45.0,40,4.25,8.5,-49.8,13.9349,-85,85.78,17.06,1.654725,1.289594,13.5125,0.0071
7253,-100,-45.0,40,4.25,9.0,-50.01,13.6321,-93,84.39,18.74,1.556468,1.679635,16.7125,0.007
7254,-100,-45.0,40,4.25,9.5,-50.2,14.8626,-90,86.05,16.74,1.855201,1.647947,13.6699,0.0135
7255,-100,-45.0,40,4.25,10.0,-50.02,15.746,-94,85.82,17.02,1.87028,1.440618,13.1649,0.0118
7256,-100,-45.0,40,4.25,10.5,-50.32,16.0976,-96,85.55,17.34,1.912746,1.419001,11.8677,0.0148
7258,-100,-45.0,40,4.25,11.5,-49.93,17.3453,-100,85.18,17.79,2.079356,1.535506,11.7845,0.0412
7259,-100,-45.0,40,4.25,12.0,-50.62,16.6882,-100,85.27,17.67,2.041248,1.441882,11.5247,0.0272
7257,-100,-45.0,40,4.25,11.0,-49.89,15.8726,-97,84.23,18.92,1.800292,1.729047,14.1396,0.0162
7260,-100,-45.0,40,4.25,12.5,-51.0,17.2922,-100,87.01,15.59,2.372724,1.789257,9.0159,0.0188
7262,-100,-45.0,40,4.25,13.5,-49.66,18.5206,-100,84.2,18.96,1.961821,1.407361,11.3217,0.0275
7261,-100,-45.0,40,4.25,13.0,-50.02,18.2003,-100,84.68,18.39,2.044044,1.835783,12.4785,0.0195
7263,-100,-45.0,40,4.25,14.0,-50.35,19.2714,-100,84.22,18.93,2.045657,1.492284,11.807,0.0421
7264,-100,-45.0,40,4.5,1.0,-40.19,9.0659,-54,85.19,17.77,0.985439,1.01853,18.888,0.0
7265,-100,-45.0,40,4.5,1.5,-40.5,9.0896,-56,84.04,19.16,0.830147,0.788187,20.3055,0.0
7266,-100,-45.0,40,4.5,2.0,-39.16,9.7166,-57,83.97,19.24,0.910401,0.973635,20.1785,0.0
7267,-100,-45.0,40,4.5,2.5,-43.11,9.8754,-60,83.21,20.15,0.863499,0.995163,20.7592,0.0
7268,-100,-45.0,40,4.5,3.0,-43.34,9.9743,-63,84.0,19.2,0.883944,0.803856,19.5494,0.0
7269,-100,-45.0,40,4.5,3.5,-45.81,9.7599,-64,83.81,19.42,0.989768,0.883864,18.6356,0.0
7271,-100,-45.0,40,4.5,4.5,-46.1,11.0282,-69,81.49,22.21,0.95954,1.046502,20.5757,0.0
7272,-100,-45.0,40,4.5,5.0,-47.28,11.0352,-71,85.23,17.73,1.38141,1.494323,16.9924,0.0001
7270,-100,-45.0,40,4.5,4.0,-45.36,9.8743,-66,81.8,21.84,0.946262,1.059472,20.3064,0.0
7273,-100,-45.0,40,4.5,5.5,-47.82,11.5585,-79,83.41,19.9,1.125081,1.22122,19.0706,0.0003
7274,-100,-45.0,40,4.5,6.0,-46.63,12.255,-78,81.89,21.74,1.186674,1.269579,18.5305,0.0034
7275,-100,-45.0,40,4.5,6.5,-47.29,13.1029,-80,83.91,19.3,1.415606,1.23957,15.9938,0.0019
7276,-100,-45.0,40,4.5,7.0,-47.02,13.3432,-83,83.23,20.13,1.392804,1.247614,16.3114,0.0015
7277,-100,-45.0,40,4.5,7.5,-47.14,13.7588,-84,82.98,20.42,1.406128,1.248866,16.0958,0.0067
7278,-100,-45.0,40,4.5,8.0,-47.53,14.0252,-85,83.69,19.57,1.568659,1.366332,14.8552,0.0093
7279,-100,-45.0,40,4.5,8.5,-47.56,15.0823,-86,84.03,19.17,1.687468,1.353054,14.0375,0.0072
7280,-100,-45.0,40,4.5,9.0,-47.47,14.733,-88,82.65,20.82,1.549774,1.481848,15.5839,0.0214
7281,-100,-45.0,40,4.5,9.5,-47.56,15.26,-93,84.39,18.73,1.856104,1.219613,11.2323,0.009
7282,-100,-45.0,40,4.5,10.0,-47.21,15.516,-88,83.49,19.82,1.831487,1.473611,12.6385,0.0269
7283,-100,-45.0,40,4.5,10.5,-47.52,16.3652,-94,83.38,19.95,1.813175,1.461586,13.2315,0.0164
7284,-100,-45.0,40,4.5,11.0,-47.33,17.03,-98,83.28,20.07,1.805909,1.539026,13.4257,0.0281
7285,-100,-45.0,40,4.5,11.5,-47.19,17.4594,-96,82.37,21.16,1.741543,1.553501,14.2083,0.0335
7286,-100,-45.0,40,4.5,12.0,-47.17,17.708,-100,82.85,20.58,1.867853,1.569921,12.7159,0.0337
7287,-100,-45.0,40,4.5,12.5,-46.81,17.9393,-100,83.5,19.8,1.930487,1.381797,10.6455,0.0323
7288,-100,-45.0,40,4.5,13.0,-47.4,18.585,-100,83.47,19.83,1.966027,1.417489,11.1173,0.0415
7289,-100,-45.0,40,4.5,13.5,-47.57,18.5738,-100,83.12,20.25,2.032023,1.443782,10.7764,0.0604
7290,-100,-45.0,40,4.5,14.0,-47.25,18.9069,-100,83.1,20.28,2.048704,1.537569,11.2999,0.047
7291,-100,-45.0,40,4.75,1.0,-39.84,10.2354,-56,83.05,20.34,0.93424,0.921592,19.6546,0.0
7292,-100,-45.0,40,4.75,1.5,-39.98,10.5415,-60,81.81,21.83,0.869874,0.867992,20.5602,0.0
7293,-100,-45.0,40,4.75,2.0,-39.48,10.8114,-56,82.08,21.51,0.915909,0.865393,19.9018,0.0
7294,-100,-45.0,40,4.75,2.5,-40.01,10.8634,-59,80.34,23.59,0.951337,0.922829,19.2475,0.0
7296,-100,-45.0,40,4.75,3.5,-43.29,11.3575,-63,82.13,21.45,1.162173,1.032811,17.5837,0.0
7295,-100,-45.0,40,4.75,3.0,-41.98,10.051,-61,81.61,22.07,0.956848,0.820148,19.2878,0.0
7298,-100,-45.0,40,4.75,4.5,-44.14,12.1681,-68,81.78,21.87,1.204761,1.077253,17.0554,0.0001
7297,-100,-45.0,40,4.75,4.0,-44.25,10.724,-69,81.34,22.39,1.109139,0.928398,17.8572,0.0002
7299,-100,-45.0,40,4.75,5.0,-43.17,12.5694,-70,81.64,22.03,1.179885,1.092301,17.7656,0.0
7300,-100,-45.0,40,4.75,5.5,-43.69,13.3328,-75,82.16,21.41,1.379444,1.091322,15.2083,0.0038
7301,-100,-45.0,40,4.75,6.0,-43.62,13.9377,-76,81.42,22.3,1.370765,1.170664,16.0818,0.0022
7302,-100,-45.0,40,4.75,6.5,-44.77,13.6381,-78,82.14,21.43,1.394712,1.298126,16.1864,0.0027
7303,-100,-45.0,40,4.75,7.0,-44.0,13.3674,-81,79.69,24.38,1.302376,1.336787,17.5842,0.0058
7304,-100,-45.0,40,4.75,7.5,-44.81,14.1875,-84,82.0,21.6,1.498176,1.389679,15.4897,0.0132
7305,-100,-45.0,40,4.75,8.0,-44.71,14.9068,-80,81.39,22.33,1.514511,1.269588,14.9408,0.0102
7306,-100,-45.0,40,4.75,8.5,-44.41,14.8489,-91,81.19,22.57,1.506878,1.314278,14.7237,0.0256
7307,-100,-45.0,40,4.75,9.0,-44.15,16.2521,-92,81.51,22.2,1.615648,1.614355,14.8773,0.0284
7308,-100,-45.0,40,4.75,9.5,-44.53,16.4654,-89,81.79,21.86,1.65962,1.412433,13.8018,0.0173
7310,-100,-45.0,40,4.75,10.5,-44.89,17.2729,-96,82.13,21.44,1.744953,1.355576,11.9925,0.0383
7309,-100,-45.0,40,4.75,10.0,-44.19,16.4198,-93,81.57,22.13,1.713016,1.314503,11.8228,0.0234
7311,-100,-45.0,40,4.75,11.0,-44.36,17.8829,-100,81.66,22.01,1.772703,1.672863,13.4392,0.036
7312,-100,-45.0,40,4.75,11.5,-44.06,17.7598,-100,81.24,22.51,1.731079,1.497188,13.0201,0.0419
7313,-100,-45.0,40,4.75,12.0,-44.36,18.4402,-100,82.52,20.99,1.907327,1.476736,10.8299,0.0433
7314,-100,-45.0,40,4.75,12.5,-44.91,17.954,-99,81.17,22.59,1.685286,1.545477,13.3751,0.0263
7315,-100,-45.0,40,4.75,13.0,-44.14,18.5165,-100,81.82,21.81,1.865949,1.378989,10.1417,0.0423
7316,-100,-45.0,40,4.75,13.5,-44.27,19.3096,-100,81.88,21.75,1.898235,1.651538,11.8516,0.0382
7317,-100,-45.0,40,4.75,14.0,-44.58,19.8612,-100,82.05,21.55,1.924148,1.497231,10.4414,0.0515
7319,-100,-45.0,40,5.0,1.5,-38.24,11.0894,-55,80.55,23.33,0.943937,1.041758,20.0513,0.0
7320,-100,-45.0,40,5.0,2.0,-37.09,11.8433,-56,79.29,24.86,0.916498,0.819206,19.5682,0.0
7318,-100,-45.0,40,5.0,1.0,-37.7,11.5611,-58,78.38,25.94,0.827625,0.771776,20.302,0.0
7321,-100,-45.0,40,5.0,2.5,-40.27,12.4108,-61,80.43,23.49,1.021661,0.929173,18.7104,0.0
7322,-100,-45.0,40,5.0,3.0,-39.87,13.0118,-63,80.21,23.75,1.013673,1.015715,18.5922,0.0
7323,-100,-45.0,40,5.0,3.5,-41.82,10.9683,-65,78.75,25.5,1.052377,1.038452,18.7149,0.0001
7324,-100,-45.0,40,5.0,4.0,-42.16,12.2119,-66,80.32,23.62,1.175034,1.085902,17.5053,0.0007
7325,-100,-45.0,40,5.0,4.5,-41.8,13.2595,-67,79.9,24.12,1.179907,1.11639,17.2512,0.0001
7326,-100,-45.0,40,5.0,5.0,-41.48,12.5787,-72,80.18,23.78,1.26186,1.296623,17.7136,0.0026
7327,-100,-45.0,40,5.0,5.5,-41.77,13.6189,-72,79.39,24.74,1.218461,1.275468,17.318,0.0048
7328,-100,-45.0,40,5.0,6.0,-41.74,14.143,-77,78.98,25.22,1.172734,1.135047,16.8711,0.0068
7329,-100,-45.0,40,5.0,6.5,-41.44,14.7074,-81,79.49,24.6,1.333027,1.4356,16.866,0.0122
7330,-100,-45.0,40,5.0,7.0,-41.13,14.5362,-85,79.47,24.63,1.394289,1.30837,15.4255,0.011
7331,-100,-45.0,40,5.0,7.5,-42.3,15.2265,-80,80.53,23.36,1.488018,1.368142,14.2247,0.0149
7332,-100,-45.0,40,5.0,8.0,-41.59,15.8991,-84,79.46,24.64,1.431281,1.349751,14.9951,0.0291
7333,-100,-45.0,40,5.0,8.5,-41.66,15.9066,-86,79.93,24.09,1.535491,1.190937,12.2738,0.0163
7334,-100,-45.0,40,5.0,9.0,-41.72,16.755,-90,80.7,23.17,1.625716,1.362991,12.5756,0.0275
7335,-100,-45.0,40,5.0,9.5,-41.95,16.8879,-93,81.76,21.88,1.753273,1.585891,11.542,0.016
7336,-100,-45.0,40,5.0,10.0,-41.24,17.1224,-96,80.04,23.95,1.575978,1.238994,12.3078,0.0469
7337,-100,-45.0,40,5.0,10.5,-41.81,17.4564,-94,80.31,23.63,1.670161,1.306271,11.8769,0.0486
7338,-100,-45.0,40,5.0,11.0,-41.28,17.7815,-95,79.51,24.59,1.610263,1.41414,12.6621,0.0357
7346,-100,-40.0,40,1.0,1.5,,,,100.0,0.0,0.0,0.0,0.0,0.0
7345,-100,-40.0,40,1.0,1.0,,,,100.0,0.0,0.0,0.0,0.0,0.0
7339,-100,-45.0,40,5.0,11.5,-41.11,18.3505,-98,80.5,23.4,1.760512,1.39096,11.4818,0.0588
7347,-100,-40.0,40,1.0,2.0,,,,100.0,0.0,0.0,0.0,0.0,0.0
7340,-100,-45.0,40,5.0,12.0,-41.6,18.8325,-99,81.74,21.91,1.926935,1.540868,9.5841,0.0396
7348,-100,-40.0,40,1.0,2.5,,,,100.0,0.0,0.0,0.0,0.0,0.0
7341,-100,-45.0,40,5.0,12.5,-42.08,18.3526,-100,81.65,22.0,1.832024,1.529874,11.6766,0.0566
7349,-100,-40.0,40,1.0,3.0,,,,100.0,0.0,0.0,0.0,0.0,0.0
7342,-100,-45.0,40,5.0,13.0,-41.41,19.9284,-100,80.13,23.84,1.688563,1.504134,12.5894,0.0368
7343,-100,-45.0,40,5.0,13.5,-41.64,20.0506,-100,80.52,23.38,1.779757,1.284679,10.3031,0.0676
7344,-100,-45.0,40,5.0,14.0,-41.46,19.9621,-100,80.97,22.84,1.867491,1.407678,10.1563,0.0715
7350,-100,-40.0,40,1.0,3.5,,,,100.0,0.0,0.0,0.0,0.0,0.0
7351,-100,-40.0,40,1.0,4.0,,,,100.0,0.0,0.0,0.0,0.0,0.0
7352,-100,-40.0,40,1.0,4.5,,,,100.0,0.0,0.0,0.0,0.0,0.0
7353,-100,-40.0,40,1.0,5.0,,,,100.0,0.0,0.0,0.0,0.0,0.0
7354,-100,-40.0,40,1.0,5.5,,,,100.0,0.0,0.0,0.0,0.0,0.0
7355,-100,-40.0,40,1.0,6.0,,,,100.0,0.0,0.0,0.0,0.0,0.0
7356,-100,-40.0,40,1.0,6.5,,,,100.0,0.0,0.0,0.0,0.0,0.0
7357,-100,-40.0,40,1.0,7.0,,,,100.0,0.0,0.0,0.0,0.0,0.0
7358,-100,-40.0,40,1.0,7.5,,,,100.0,0.0,0.0,0.0,0.0,0.0
7359,-100,-40.0,40,1.0,8.0,,,,100.0,0.0,0.0,0.0,0.0,0.0
7360,-100,-40.0,40,1.0,8.5,,,,100.0,0.0,0.0,0.0,0.0,0.0
7361,-100,-40.0,40,1.0,9.0,,,,100.0,0.0,0.0,0.0,0.0,0.0
7362,-100,-40.0,40,1.0,9.5,-66.0,0.0,-66,100.0,0.0,3.292849,0.0,0.0024,0.0
7363,-100,-40.0,40,1.0,10.0,,,,100.0,0.0,0.0,0.0,0.0,0.0
7364,-100,-40.0,40,1.0,10.5,-81.25,4.0277,-84,100.0,0.0,1.720721,0.53533,0.0053,0.0
7365,-100,-40.0,40,1.0,11.0,-91.33,12.2565,-100,100.0,0.0,2.28537,0.498169,0.004,0.0
7366,-100,-40.0,40,1.0,11.5,-81.66,2.3452,-85,100.0,0.0,1.919176,0.429603,0.0076,0.0
7368,-100,-40.0,40,1.0,12.5,-79.07,12.5076,-100,99.99,0.01,2.4908,0.838542,0.0174,0.0
7367,-100,-40.0,40,1.0,12.0,-83.73,7.9616,-100,99.99,0.01,2.225031,0.491566,0.0197,0.0
7369,-100,-40.0,40,1.0,13.0,-86.04,10.7605,-99,99.98,0.02,2.247591,0.875787,0.0284,0.0
7370,-100,-40.0,40,1.0,13.5,-84.71,11.4393,-100,99.97,0.04,2.690987,1.010606,0.0337,0.0
7372,-100,-40.0,40,1.25,1.0,,,,100.0,0.0,0.0,0.0,0.0,0.0
7373,-100,-40.0,40,1.25,1.5,,,,100.0,0.0,0.0,0.0,0.0,0.0
7371,-100,-40.0,40,1.0,14.0,-83.8,11.27,-100,99.94,0.07,2.261779,1.031236,0.0701,0.0
7374,-100,-40.0,40,1.25,2.0,,,,100.0,0.0,0.0,0.0,0.0,0.0
7375,-100,-40.0,40,1.25,2.5,,,,100.0,0.0,0.0,0.0,0.0,0.0
7376,-100,-40.0,40,1.25,3.0,,,,100.0,0.0,0.0,0.0,0.0,0.0
7377,-100,-40.0,40,1.25,3.5,,,,100.0,0.0,0.0,0.0,0.0,0.0
7378,-100,-40.0,40,1.25,4.0,,,,100.0,0.0,0.0,0.0,0.0,0.0
7380,-100,-40.0,40,1.25,5.0,,,,100.0,0.0,0.0,0.0,0.0,0.0
7379,-100,-40.0,40,1.25,4.5,,,,100.0,0.0,0.0,0.0,0.0,0.0
7381,-100,-40.0,40,1.25,5.5,,,,100.0,0.0,0.0,0.0,0.0,0.0
7384,-100,-40.0,40,1.25,7.0,,,,100.0,0.0,0.0,0.0,0.0,0.0
7382,-100,-40.0,40,1.25,6.0,,,,100.0,0.0,0.0,0.0,0.0,0.0
7383,-100,-40.0,40,1.25,6.5,,,,100.0,0.0,0.0,0.0,0.0,0.0
7385,-100,-40.0,40,1.25,7.5,,,,100.0,0.0,0.0,0.0,0.0,0.0
7386,-100,-40.0,40,1.25,8.0,,,,100.0,0.0,0.0,0.0,0.0,0.0
7387,-100,-40.0,40,1.25,8.5,,,,100.0,0.0,0.0,0.0,0.0,0.0
7388,-100,-40.0,40,1.25,9.0,-80.5,11.5,-92,100.0,0.0,3.250542,0.155825,0.0049,0.0
7389,-100,-40.0,40,1.25,9.5,-61.0,0.0,-61,100.0,0.0,2.78677,0.0,0.0024,0.0
7390,-100,-40.0,40,1.25,10.0,-76.33,9.9778,-87,100.0,0.0,3.887843,0.432151,0.004,0.0
7391,-100,-40.0,40,1.25,10.5,-75.27,6.2237,-89,100.0,0.01,3.724967,0.691902,0.0129,0.0
7392,-100,-40.0,40,1.25,11.0,-76.11,11.3695,-100,99.99,0.01,3.017076,0.885554,0.0203,0.0
7393,-100,-40.0,40,1.25,11.5,-82.65,12.702,-100,99.99,0.01,2.875631,1.348852,0.0148,0.0
7394,-100,-40.0,40,1.25,12.0,-80.55,10.1601,-100,99.98,0.02,3.201805,1.11281,0.0273,0.0
7395,-100,-40.0,40,1.25,12.5,-86.47,11.7852,-100,99.97,0.03,3.228066,0.912067,0.0326,0.0
7397,-100,-40.0,40,1.25,13.5,-81.77,12.6204,-100,99.92,0.1,2.864468,0.973871,0.1358,0.0
7396,-100,-40.0,40,1.25,13.0,-83.22,10.4936,-100,99.95,0.06,2.724314,1.099552,0.0597,0.0
7399,-100,-40.0,40,1.5,1.0,,,,100.0,0.0,0.0,0.0,0.0,0.0
7398,-100,-40.0,40,1.25,14.0,-83.03,11.9022,-100,99.88,0.15,2.651424,0.923395,0.1648,0.0001
7400,-100,-40.0,40,1.5,1.5,,,,100.0,0.0,0.0,0.0,0.0,0.0
7401,-100,-40.0,40,1.5,2.0,,,,100.0,0.0,0.0,0.0,0.0,0.0
7402,-100,-40.0,40,1.5,2.5,,,,100.0,0.0,0.0,0.0,0.0,0.0
7403,-100,-40.0,40,1.5,3.0,,,,100.0,0.0,0.0,0.0,0.0,0.0
7404,-100,-40.0,40,1.5,3.5,,,,100.0,0.0,0.0,0.0,0.0,0.0
7405,-100,-40.0,40,1.5,4.0,,,,100.0,0.0,0.0,0.0,0.0,0.0
7406,-100,-40.0,40,1.5,4.5,,,,100.0,0.0,0.0,0.0,0.0,0.0
7407,-100,-40.0,40,1.5,5.0,,,,100.0,0.0,0.0,0.0,0.0,0.0
7408,-100,-40.0,40,1.5,5.5,,,,100.0,0.0,0.0,0.0,0.0,0.0
7409,-100,-40.0,40,1.5,6.0,,,,100.0,0.0,0.0,0.0,0.0,0.0
7410,-100,-40.0,40,1.5,6.5,,,,100.0,0.0,0.0,0.0,0.0,0.0
7411,-100,-40.0,40,1.5,7.0,,,,100.0,0.0,0.0,0.0,0.0,0.0
7412,-100,-40.0,40,1.5,7.5,-76.0,0.0,-76,100.0,0.0,2.880519,0.0,0.0024,0.0
7413,-100,-40.0,40,1.5,8.0,-92.0,0.0,-92,100.0,0.0,3.318027,0.0,0.0024,0.0
7414,-100,-40.0,40,1.5,8.5,-66.25,2.357,-70,100.0,0.0,3.598863,0.341341,0.0053,0.0
7415,-100,-40.0,40,1.5,9.0,-73.75,10.1581,-84,100.0,0.0,4.169084,0.763682,0.0097,0.0
7416,-100,-40.0,40,1.5,9.5,-71.0,11.4018,-95,100.0,0.01,2.209394,0.386805,0.0151,0.0
7417,-100,-40.0,40,1.5,10.0,-75.54,9.1685,-96,99.99,0.01,3.64865,1.234524,0.0145,0.0
7418,-100,-40.0,40,1.5,10.5,-73.55,10.0354,-92,99.98,0.02,3.082561,0.992012,0.032,0.0
7419,-100,-40.0,40,1.5,11.0,-74.55,11.9182,-100,99.97,0.04,2.081984,0.728823,0.0764,0.0
7421,-100,-40.0,40,1.5,12.0,-79.47,11.4759,-98,99.96,0.04,3.905058,1.264632,0.0715,0.0
7420,-100,-40.0,40,1.5,11.5,-76.26,11.3085,-100,99.96,0.05,3.384855,1.577999,0.0794,0.0
7422,-100,-40.0,40,1.5,12.5,-76.72,10.7761,-100,99.93,0.09,3.131323,0.798908,0.1172,0.0
7423,-100,-40.0,40,1.5,13.0,-79.34,12.8311,-100,99.89,0.13,3.293137,1.024305,0.1118,0.0
7424,-100,-40.0,40,1.5,13.5,-80.38,13.8984,-100,99.85,0.18,2.99797,1.369049,0.2268,0.0
7425,-100,-40.0,40,1.5,14.0,-80.15,13.9756,-100,99.74,0.32,2.903965,0.96889,0.4758,0.0
7426,-100,-40.0,40,1.75,1.0,,,,100.0,0.0,0.0,0.0,0.0,0.0
7427,-100,-40.0,40,1.75,1.5,,,,100.0,0.0,0.0,0.0,0.0,0.0
7428,-100,-40.0,40,1.75,2.0,,,,100.0,0.0,0.0,0.0,0.0,0.0
7429,-100,-40.0,40,1.75,2.5,,,,100.0,0.0,0.0,0.0,0.0,0.0
7430,-100,-40.0,40,1.75,3.0,,,,100.0,0.0,0.0,0.0,0.0,0.0
7431,-100,-40.0,40,1.75,3.5,,,,100.0,0.0,0.0,0.0,0.0,0.0
7432,-100,-40.0,40,1.75,4.0,,,,100.0,0.0,0.0,0.0,0.0,0.0
7433,-100,-40.0,40,1.75,4.5,,,,100.0,0.0,0.0,0.0,0.0,0.0
7434,-100,-40.0,40,1.75,5.0,,,,100.0,0.0,0.0,0.0,0.0,0.0
7435,-100,-40.0,40,1.75,5.5,,,,100.0,0.0,0.0,0.0,0.0,0.0
7436,-100,-40.0,40,1.75,6.0,,,,100.0,0.0,0.0,0.0,0.0,0.0
7437,-100,-40.0,40,1.75,6.5,-64.0,0.0,-64,100.0,0.0,2.189919,0.0,0.0024,0.0
7438,-100,-40.0,40,1.75,7.0,-57.67,4.0277,-61,100.0,0.0,2.657859,0.649012,0.0073,0.0
7439,-100,-40.0,40,1.75,7.5,-65.91,7.2021,-80,99.99,0.01,2.446761,1.275506,0.0267,0.0
7440,-100,-40.0,40,1.75,8.0,-60.97,8.9248,-77,99.99,0.01,3.34777,0.736876,0.0222,0.0
7441,-100,-40.0,40,1.75,8.5,-70.87,7.3627,-78,99.99,0.01,3.315742,1.322573,0.0284,0.0
7442,-100,-40.0,40,1.75,9.0,-69.02,9.2612,-86,99.98,0.02,2.429692,1.373911,0.0479,0.0
7443,-100,-40.0,40,1.75,9.5,-70.48,9.9333,-92,99.98,0.03,2.545172,0.977496,0.0703,0.0
7444,-100,-40.0,40,1.75,10.0,-71.85,11.6162,-88,99.98,0.02,5.751146,1.873608,0.0345,0.0
7445,-100,-40.0,40,1.75,10.5,-71.75,10.8735,-97,99.97,0.04,3.258489,1.389678,0.0622,0.0
7446,-100,-40.0,40,1.75,11.0,-77.9,11.9293,-100,99.93,0.08,2.684385,1.370876,0.1439,0.0
7447,-100,-40.0,40,1.75,11.5,-77.58,11.2537,-100,99.91,0.11,3.244119,2.431574,0.1862,0.0
7448,-100,-40.0,40,1.75,12.0,-78.16,11.786,-100,99.84,0.19,3.031749,1.260618,0.2943,0.0
7449,-100,-40.0,40,1.75,12.5,-75.82,12.2584,-100,99.83,0.2,2.973118,1.13058,0.3448,0.0
7450,-100,-40.0,40,1.75,13.0,-76.97,13.7209,-100,99.76,0.29,3.831282,1.852798,0.3985,0.0
7451,-100,-40.0,40,1.75,13.5,-78.56,13.827,-100,99.75,0.3,3.759138,1.385503,0.4223,0.0002
7453,-100,-40.0,40,2.0,1.0,,,,100.0,0.0,0.0,0.0,0.0,0.0
7452,-100,-40.0,40,1.75,14.0,-79.0,13.8191,-100,99.6,0.48,3.349608,1.298601,0.5172,0.0003
7454,-100,-40.0,40,2.0,1.5,,,,100.0,0.0,0.0,0.0,0.0,0.0
7455,-100,-40.0,40,2.0,2.0,,,,100.0,0.0,0.0,0.0,0.0,0.0
7457,-100,-40.0,40,2.0,3.0,,,,100.0,0.0,0.0,0.0,0.0,0.0
7456,-100,-40.0,40,2.0,2.5,,,,100.0,0.0,0.0,0.0,0.0,0.0
7458,-100,-40.0,40,2.0,3.5,,,,100.0,0.0,0.0,0.0,0.0,0.0
7459,-100,-40.0,40,2.0,4.0,,,,100.0,0.0,0.0,0.0,0.0,0.0
7460,-100,-40.0,40,2.0,4.5,,,,100.0,0.0,0.0,0.0,0.0,0.0
7461,-100,-40.0,40,2.0,5.0,,,,100.0,0.0,0.0,0.0,0.0,0.0
7462,-100,-40.0,40,2.0,5.5,,,,100.0,0.0,0.0,0.0,0.0,0.0
7463,-100,-40.0,40,2.0,6.0,-67.0,4.1899,-73,100.0,0.0,4.530041,0.283672,0.0053,0.0
7464,-100,-40.0,40,2.0,6.5,-59.5,4.5,-64,100.0,0.0,3.349642,0.587945,0.0049,0.0
7465,-100,-40.0,40,2.0,7.0,-55.2,3.763,-61,100.0,0.0,10.593153,0.785845,0.0121,0.0
7467,-100,-40.0,40,2.0,8.0,-67.56,6.4577,-76,99.99,0.02,4.705564,1.662946,0.0335,0.0
7466,-100,-40.0,40,2.0,7.5,-71.2,8.8553,-81,99.99,0.01,4.408202,0.670377,0.0221,0.0
7468,-100,-40.0,40,2.0,8.5,-70.61,6.9175,-83,99.98,0.02,2.545061,0.722738,0.0603,0.0
7469,-100,-40.0,40,2.0,9.0,-73.32,9.5815,-100,99.96,0.05,3.316389,0.890024,0.1315,0.0
7470,-100,-40.0,40,2.0,9.5,-71.32,9.5177,-86,99.93,0.08,3.449215,1.196994,0.1741,0.0
7471,-100,-40.0,40,2.0,10.0,-71.57,11.0187,-98,99.92,0.1,3.16088,1.772323,0.246,0.0
7472,-100,-40.0,40,2.0,10.5,-71.28,10.8448,-96,99.86,0.17,4.320656,1.774541,0.2773,0.0
7473,-100,-40.0,40,2.0,11.0,-75.17,11.8272,-99,99.83,0.21,3.989268,1.544849,0.4221,0.0
7474,-100,-40.0,40,2.0,11.5,-71.39,12.0152,-100,99.72,0.34,3.330254,1.292241,0.5428,0.0
7475,-100,-40.0,40,2.0,12.0,-75.81,12.5302,-100,99.71,0.35,3.989904,1.971954,0.4334,0.0002
7476,-100,-40.0,40,2.0,12.5,-75.12,12.6126,-100,99.55,0.54,3.265166,1.616592,0.7741,0.0
7477,-100,-40.0,40,2.0,13.0,-76.14,14.0685,-100,99.54,0.55,4.06735,1.598639,0.7248,0.0002
7478,-100,-40.0,40,2.0,13.5,-75.61,13.8202,-100,99.29,0.85,3.001376,1.267124,1.2658,0.0003
7479,-100,-40.0,40,2.0,14.0,-76.49,15.0837,-100,99.2,0.96,3.333568,0.935824,1.1748,0.0006
7480,-100,-40.0,40,2.25,1.0,,,,100.0,0.0,0.0,0.0,0.0,0.0
7481,-100,-40.0,40,2.25,1.5,,,,100.0,0.0,0.0,0.0,0.0,0.0
7482,-100,-40.0,40,2.25,2.0,,,,100.0,0.0,0.0,0.0,0.0,0.0
7483,-100,-40.0,40,2.25,2.5,,,,100.0,0.0,0.0,0.0,0.0,0.0
7484,-100,-40.0,40,2.25,3.0,,,,100.0,0.0,0.0,0.0,0.0,0.0
7485,-100,-40.0,40,2.25,3.5,,,,100.0,0.0,0.0,0.0,0.0,0.0
7486,-100,-40.0,40,2.25,4.0,,,,100.0,0.0,0.0,0.0,0.0,0.0
7487,-100,-40.0,40,2.25,4.5,-64.0,0.0,-64,100.0,0.0,3.521152,0.0,0.0024,0.0
7488,-100,-40.0,40,2.25,5.0,-56.5,7.0415,-61,100.0,0.0,2.381985,0.36773,0.0146,0.0
7489,-100,-40.0,40,2.25,5.5,-65.88,7.9347,-72,100.0,0.0,3.562792,1.981142,0.0099,0.0
7490,-100,-40.0,40,2.25,6.0,-55.5,5.2095,-65,100.0,0.0,4.945326,1.99164,0.0106,0.0
7491,-100,-40.0,40,2.25,6.5,-57.38,5.6845,-69,99.99,0.02,2.928047,2.669314,0.0487,0.0
7492,-100,-40.0,40,2.25,7.0,-66.2,7.915,-74,99.97,0.04,3.300266,0.795616,0.1074,0.0
7493,-100,-40.0,40,2.25,7.5,-61.76,7.687,-86,99.96,0.05,3.627224,0.895478,0.1304,0.0
7494,-100,-40.0,40,2.25,8.0,-62.53,8.9994,-82,99.89,0.14,3.722232,1.670194,0.4178,0.0
7495,-100,-40.0,40,2.25,8.5,-68.12,8.8198,-91,99.82,0.21,2.565776,0.815201,0.5485,0.0
7496,-100,-40.0,40,2.25,9.0,-68.56,9.3127,-86,99.9,0.13,4.523546,1.273242,0.2832,0.0
7497,-100,-40.0,40,2.25,9.5,-70.69,10.4646,-96,99.82,0.22,4.290406,1.302662,0.3896,0.0
7498,-100,-40.0,40,2.25,10.0,-71.5,10.706,-94,99.69,0.37,3.471848,1.177385,0.6969,0.0
7499,-100,-40.0,40,2.25,10.5,-73.38,12.2179,-97,99.57,0.51,3.655859,1.470546,1.0359,0.0
7500,-100,-40.0,40,2.25,11.0,-71.05,11.3374,-100,99.37,0.75,2.797749,1.385767,1.5754,0.0
7501,-100,-40.0,40,2.25,11.5,-69.3,12.6377,-100,99.36,0.77,3.515845,1.267421,1.3817,0.0
7502,-100,-40.0,40,2.25,12.0,-72.79,13.2988,-100,99.36,0.76,3.566369,1.246462,1.1743,0.0001
7504,-100,-40.0,40,2.25,13.0,-74.02,14.229,-100,99.12,1.06,3.622463,1.464526,1.393,0.0002
7503,-100,-40.0,40,2.25,12.5,-72.19,13.6238,-100,99.22,0.94,3.492626,1.812274,1.2782,0.0004
7505,-100,-40.0,40,2.25,13.5,-72.88,14.4994,-100,98.78,1.47,3.601929,1.515034,1.7968,0.0001
7506,-100,-40.0,40,2.25,14.0,-73.61,15.0713,-100,98.75,1.5,3.71997,1.167389,1.6026,0.0003
7507,-100,-40.0,40,2.5,1.0,,,,100.0,0.0,0.0,0.0,0.0,0.0
7508,-100,-40.0,40,2.5,1.5,,,,100.0,0.0,0.0,0.0,0.0,0.0
7509,-100,-40.0,40,2.5,2.0,,,,100.0,0.0,0.0,0.0,0.0,0.0
7510,-100,-40.0,40,2.5,2.5,,,,100.0,0.0,0.0,0.0,0.0,0.0
7511,-100,-40.0,40,2.5,3.0,-54.0,0.0,-54,100.0,0.0,1.203956,0.0,0.0024,0.0
7512,-100,-40.0,40,2.5,3.5,-50.36,2.4223,-55,99.99,0.01,4.025529,0.704801,0.0267,0.0
7513,-100,-40.0,40,2.5,4.0,-52.2,4.02,-58,100.0,0.0,3.791246,1.134969,0.0122,0.0
7514,-100,-40.0,40,2.5,4.5,-57.88,4.45,-62,99.99,0.01,2.80473,0.878119,0.0195,0.0
7515,-100,-40.0,40,2.5,5.0,-56.91,4.541,-64,99.99,0.01,3.249943,0.759753,0.0317,0.0
7516,-100,-40.0,40,2.5,5.5,-61.56,5.7578,-77,99.94,0.07,2.619427,0.802152,0.2233,0.0
7517,-100,-40.0,40,2.5,6.0,-58.97,7.0626,-68,99.93,0.08,4.081045,1.089009,0.2041,0.0
7518,-100,-40.0,40,2.5,6.5,-57.72,6.8539,-74,99.87,0.16,2.669192,1.378416,0.4712,0.0
7519,-100,-40.0,40,2.5,7.0,-57.58,7.5455,-73,99.74,0.31,3.331488,1.167215,1.0051,0.0
7520,-100,-40.0,40,2.5,7.5,-62.9,7.7453,-80,99.82,0.21,3.832797,1.347408,0.5934,0.0
7521,-100,-40.0,40,2.5,8.0,-64.73,9.1674,-87,99.69,0.37,3.692119,1.332951,0.7142,0.0
7522,-100,-40.0,40,2.5,8.5,-68.98,9.1376,-94,99.66,0.4,3.783493,1.659857,0.855,0.0
7523,-100,-40.0,40,2.5,9.0,-65.86,10.2783,-87,99.71,0.35,5.339789,2.346802,0.6423,0.0
7524,-100,-40.0,40,2.5,9.5,-67.3,10.3522,-87,99.45,0.66,3.602592,1.136656,1.2706,0.0
7525,-100,-40.0,40,2.5,10.0,-68.86,10.9174,-94,99.46,0.65,4.655724,1.935605,1.2705,0.0
7526,-100,-40.0,40,2.5,10.5,-70.24,11.5947,-100,98.98,1.22,2.761183,1.011837,2.4222,0.0
7527,-100,-40.0,40,2.5,11.0,-69.12,11.4706,-100,99.13,1.04,3.402266,1.636666,1.4219,0.0001
7528,-100,-40.0,40,2.5,11.5,-68.29,12.4693,-100,98.93,1.29,3.633031,1.021088,1.9313,0.0002
7529,-100,-40.0,40,2.5,12.0,-70.45,13.1256,-100,98.85,1.38,3.465455,1.504839,2.1346,0.0003
7530,-100,-40.0,40,2.5,12.5,-69.54,13.6772,-100,98.43,1.88,2.724121,1.34094,2.7473,0.0002
7531,-100,-40.0,40,2.5,13.0,-70.57,14.3399,-100,98.56,1.72,3.663256,1.617561,2.2476,0.0007
7532,-100,-40.0,40,2.5,13.5,-68.62,14.2092,-100,98.18,2.18,3.211428,1.947166,2.6112,0.0008
7533,-100,-40.0,40,2.5,14.0,-71.03,14.8906,-100,98.11,2.27,3.444842,1.194319,2.4563,0.0009
7534,-100,-40.0,40,2.75,1.0,-50.0,0.0,-50,100.0,0.0,2.774263,0.0,0.0024,0.0
7535,-100,-40.0,40,2.75,1.5,-48.67,1.2472,-50,100.0,0.0,6.05056,0.526046,0.0073,0.0
7536,-100,-40.0,40,2.75,2.0,-48.0,0.0,-48,100.0,0.0,3.555432,0.0,0.0024,0.0
7537,-100,-40.0,40,2.75,2.5,-48.17,1.7717,-50,100.0,0.0,6.621187,1.179688,0.0146,0.0
7538,-100,-40.0,40,2.75,3.0,-52.59,2.4771,-55,99.99,0.01,2.548042,0.539226,0.0412,0.0
7539,-100,-40.0,40,2.75,3.5,-51.19,3.449,-59,99.99,0.01,4.862534,1.193623,0.042,0.0
7540,-100,-40.0,40,2.75,4.0,-52.02,4.2607,-61,99.85,0.18,5.82261,1.346242,0.648,0.0
7541,-100,-40.0,40,2.75,4.5,-50.7,4.2103,-62,99.89,0.13,2.948734,0.779633,0.3682,0.0
7542,-100,-40.0,40,2.75,5.0,-54.07,5.1829,-67,99.74,0.31,3.578891,0.817575,1.0292,0.0
7543,-100,-40.0,40,2.75,5.5,-54.15,6.0536,-69,99.87,0.16,6.180977,4.940497,0.3716,0.0
7544,-100,-40.0,40,2.75,6.0,-56.71,6.8571,-77,99.84,0.19,7.771333,2.674667,0.5304,0.0
7545,-100,-40.0,40,2.75,6.5,-60.64,6.9224,-75,99.71,0.35,4.409472,1.20626,0.9123,0.0
7546,-100,-40.0,40,2.75,7.0,-57.87,7.3145,-73,99.52,0.57,3.915317,1.470353,1.0933,0.0
7547,-100,-40.0,40,2.75,7.5,-58.92,7.8979,-85,99.36,0.77,3.186943,0.943583,1.8341,0.0
7548,-100,-40.0,40,2.75,8.0,-62.11,8.6593,-80,99.15,1.02,3.508545,1.803498,1.6373,0.0
7549,-100,-40.0,40,2.75,8.5,-61.9,9.7246,-83,99.25,0.9,4.460595,1.603318,1.9942,0.0
7550,-100,-40.0,40,2.75,9.0,-65.6,9.8526,-93,98.98,1.23,3.604362,1.180477,2.0937,0.0
7551,-100,-40.0,40,2.75,9.5,-64.84,10.7468,-92,98.99,1.21,3.946787,1.123986,2.0014,0.0
7552,-100,-40.0,40,2.75,10.0,-64.96,10.9104,-93,98.86,1.37,3.363994,1.057356,2.5869,0.0
7553,-100,-40.0,40,2.75,10.5,-69.59,12.1508,-98,98.8,1.44,3.705451,1.868255,2.6516,0.0
7554,-100,-40.0,40,2.75,11.0,-66.77,12.4096,-98,98.54,1.75,3.665302,1.721085,2.7481,0.0
7555,-100,-40.0,40,2.75,11.5,-68.13,13.3638,-99,98.3,2.04,3.753868,1.622585,3.0769,0.0001
7556,-100,-40.0,40,2.75,12.0,-67.0,13.2382,-100,98.23,2.12,3.82483,1.362559,2.2943,0.0006
7557,-100,-40.0,40,2.75,12.5,-67.66,14.4103,-100,97.73,2.73,3.218473,1.76138,3.861,0.0008
7558,-100,-40.0,40,2.75,13.0,-68.47,14.4028,-100,97.58,2.91,2.982207,1.878,4.0444,0.0012
7559,-100,-40.0,40,2.75,13.5,-66.84,15.239,-100,97.76,2.69,4.218637,2.015875,2.2474,0.0013
7560,-100,-40.0,40,2.75,14.0,-66.7,15.2295,-100,97.77,2.68,4.156822,2.218171,2.3724,0.0019
7561,-100,-40.0,40,3.0,1.0,-44.19,1.2781,-47,99.93,0.09,2.331673,0.491231,0.3087,0.0
7562,-100,-40.0,40,3.0,1.5,-46.98,1.7771,-50,99.9,0.12,3.296228,0.774746,0.4232,0.0
7564,-100,-40.0,40,3.0,2.5,-48.97,2.5808,-55,99.81,0.23,2.464668,0.586944,0.8331,0.0
7563,-100,-40.0,40,3.0,2.0,-42.54,2.2054,-49,99.75,0.3,4.918003,1.288507,1.1001,0.0
7565,-100,-40.0,40,3.0,3.0,-48.17,3.1209,-58,99.83,0.2,3.980084,1.708841,0.524,0.0
7566,-100,-40.0,40,3.0,3.5,-45.98,3.7442,-56,99.55,0.53,3.308666,0.811297,1.6035,0.0
7567,-100,-40.0,40,3.0,4.0,-51.91,4.2486,-60,99.67,0.39,2.865523,0.749601,1.1329,0.0
7568,-100,-40.0,40,3.0,4.5,-48.97,5.8089,-62,98.95,1.26,2.200785,1.317328,4.1051,0.0
7569,-100,-40.0,40,3.0,5.0,-51.4,6.1324,-63,99.13,1.04,2.943529,1.080661,3.0346,0.0
7570,-100,-40.0,40,3.0,5.5,-53.16,6.1457,-68,98.55,1.74,2.006312,1.218017,5.1047,0.0
7571,-100,-40.0,40,3.0,6.0,-53.46,6.9849,-70,98.96,1.25,2.845454,1.041024,2.858,0.0
7573,-100,-40.0,40,3.0,7.0,-59.85,8.4107,-76,99.07,1.12,3.86696,1.589086,2.7259,0.0
7572,-100,-40.0,40,3.0,6.5,-56.52,7.3886,-74,99.33,0.8,4.064121,1.394751,2.0505,0.0
7574,-100,-40.0,40,3.0,7.5,-57.87,8.5652,-83,98.89,1.33,3.568023,1.238984,2.3886,0.0
7575,-100,-40.0,40,3.0,8.0,-59.24,9.2061,-87,98.49,1.82,3.337023,1.568065,3.6046,0.0
7576,-100,-40.0,40,3.0,8.5,-61.07,9.7436,-86,98.15,2.22,3.201553,1.190459,3.8596,0.0
7577,-100,-40.0,40,3.0,9.0,-61.95,10.5614,-89,98.52,1.77,3.663565,1.1666,2.8915,0.0
7578,-100,-40.0,40,3.0,9.5,-63.52,10.8943,-91,97.76,2.69,2.774377,1.647536,5.0298,0.0
7579,-100,-40.0,40,3.0,10.0,-66.05,12.0071,-98,98.01,2.39,3.492899,1.263407,3.2625,0.0
7580,-100,-40.0,40,3.0,10.5,-64.21,12.5009,-100,97.63,2.84,3.213373,1.647086,4.6492,0.0002
7581,-100,-40.0,40,3.0,11.0,-62.62,12.6153,-100,96.96,3.65,2.709924,1.447072,5.4046,0.0
7582,-100,-40.0,40,3.0,11.5,-64.32,13.5146,-100,96.96,3.65,2.807416,1.607808,4.9796,0.0001
7583,-100,-40.0,40,3.0,12.0,-64.13,13.4967,-100,96.7,3.96,3.181505,1.604481,4.5698,0.0008
7585,-100,-40.0,40,3.0,13.0,-64.61,14.8224,-100,96.77,3.88,3.323893,1.964449,4.5326,0.0037
7584,-100,-40.0,40,3.0,12.5,-63.17,14.654,-100,96.96,3.64,3.466433,1.837631,3.9445,0.0026
7586,-100,-40.0,40,3.0,13.5,-63.72,15.7206,-100,95.7,5.16,2.817989,1.57282,6.4492,0.0027
7588,-100,-40.0,40,3.25,1.0,-43.18,1.5691,-47,99.31,0.82,3.453532,1.394868,2.6634,0.0
7589,-100,-40.0,40,3.25,1.5,-41.77,2.2091,-49,99.04,1.15,2.504474,1.142783,3.2409,0.0
7587,-100,-40.0,40,3.0,14.0,-63.72,16.3989,-100,96.48,4.23,3.833721,1.922977,3.3127,0.0044
7590,-100,-40.0,40,3.25,2.0,-46.37,2.6331,-54,99.35,0.78,3.822389,1.573081,2.5104,0.0
7591,-100,-40.0,40,3.25,2.5,-44.4,2.8567,-52,98.8,1.44,2.325228,0.8514,3.613,0.0
7592,-100,-40.0,40,3.25,3.0,-45.75,3.9083,-54,98.28,2.07,1.851346,1.348245,6.0315,0.0
7593,-100,-40.0,40,3.25,3.5,-48.4,3.9305,-58,99.08,1.1,3.981304,1.632739,2.973,0.0
7594,-100,-40.0,40,3.25,4.0,-48.57,5.4103,-60,98.32,2.01,2.161646,1.569136,5.6195,0.0
7595,-100,-40.0,40,3.25,4.5,-50.27,5.1477,-63,97.97,2.43,1.422781,0.961762,6.8453,0.0
7597,-100,-40.0,40,3.25,5.5,-52.45,6.9305,-67,98.63,1.64,3.424183,1.726185,3.7464,0.0
7596,-100,-40.0,40,3.25,5.0,-50.71,6.2338,-66,98.71,1.55,3.532419,1.899929,3.3631,0.0
7598,-100,-40.0,40,3.25,6.0,-51.31,7.3803,-70,98.17,2.2,2.657257,1.416398,4.9233,0.0
7599,-100,-40.0,40,3.25,6.5,-54.43,7.6967,-74,97.73,2.73,2.211041,1.686641,5.9607,0.0
7601,-100,-40.0,40,3.25,7.5,-56.87,8.7962,-83,97.09,3.49,2.129245,1.539959,7.5396,0.0
7600,-100,-40.0,40,3.25,7.0,-55.0,8.5143,-73,97.94,2.47,2.830081,1.3248,4.9205,0.0
7602,-100,-40.0,40,3.25,8.0,-56.28,8.9661,-80,96.77,3.88,2.021406,0.953779,6.4769,0.0
7603,-100,-40.0,40,3.25,8.5,-60.47,10.3993,-88,96.94,3.67,2.391431,1.524005,6.3355,0.0
7604,-100,-40.0,40,3.25,9.0,-61.15,11.8521,-92,97.41,3.11,3.064545,1.620043,4.357,0.0
7605,-100,-40.0,40,3.25,9.5,-59.22,11.7943,-91,96.71,3.95,2.710674,1.533051,5.8632,0.0
7606,-100,-40.0,40,3.25,10.0,-61.75,12.1277,-100,97.19,3.37,3.275679,1.237977,4.3479,0.0002
7607,-100,-40.0,40,3.25,10.5,-61.37,12.5319,-96,97.03,3.56,3.615612,1.387299,3.8997,0.001
7608,-100,-40.0,40,3.25,11.0,-61.24,13.6764,-100,96.59,4.09,3.313137,1.397589,4.9143,0.0007
7609,-100,-40.0,40,3.25,11.5,-61.28,13.225,-100,96.2,4.56,3.255307,1.840873,4.6371,0.001
7610,-100,-40.0,40,3.25,12.0,-60.63,14.924,-100,95.07,5.92,2.546798,1.299093,6.886,0.0009
7611,-100,-40.0,40,3.25,12.5,-61.45,14.297,-100,93.93,7.29,2.040233,2.475491,10.2494,0.0012
7613,-100,-40.0,40,3.25,13.5,-61.78,16.4923,-100,94.98,6.02,2.932951,1.475491,6.3066,0.0042
7612,-100,-40.0,40,3.25,13.0,-60.77,16.5493,-100,94.99,6.01,2.883892,1.921467,7.6285,0.0033
7614,-100,-40.0,40,3.25,14.0,-61.17,16.9446,-100,94.49,6.61,2.899779,1.552233,6.2212,0.0059
7615,-100,-40.0,40,3.5,1.0,-41.16,2.4342,-48,95.77,5.08,0.644496,0.663635,12.8323,0.0
7616,-100,-40.0,40,3.5,1.5,-41.78,3.1788,-50,97.2,3.36,1.021371,1.437471,10.4927,0.0
7617,-100,-40.0,40,3.5,2.0,-42.38,3.4382,-51,96.72,3.94,1.038132,1.293661,11.1508,0.0
7618,-100,-40.0,40,3.5,2.5,-44.8,3.6987,-56,96.43,4.29,1.056692,0.971304,11.0413,0.0
7619,-100,-40.0,40,3.5,3.0,-44.14,4.3817,-58,97.32,3.22,1.689838,1.688043,8.4244,0.0
7621,-100,-40.0,40,3.5,4.0,-46.38,5.8952,-60,96.35,4.38,1.375999,1.250635,10.2439,0.0
7620,-100,-40.0,40,3.5,3.5,-44.51,5.5806,-57,96.29,4.45,1.131625,1.063196,11.0165,0.0
7622,-100,-40.0,40,3.5,4.5,-47.63,5.9508,-65,97.48,3.02,2.135622,1.371283,6.5259,0.0
7623,-100,-40.0,40,3.5,5.0,-48.77,7.2026,-65,96.46,4.25,1.584333,1.883421,10.4982,0.0
7625,-100,-40.0,40,3.5,6.0,-52.19,7.6679,-69,95.73,5.13,1.741671,1.533356,9.3139,0.0
7624,-100,-40.0,40,3.5,5.5,-52.34,7.0467,-70,96.61,4.07,1.69484,1.214692,8.6183,0.0
7626,-100,-40.0,40,3.5,6.5,-51.96,8.3702,-74,95.24,5.72,1.551527,1.705292,11.2993,0.0
7627,-100,-40.0,40,3.5,7.0,-56.12,9.2048,-76,95.63,5.25,1.940441,1.287959,8.2091,0.0
7628,-100,-40.0,40,3.5,7.5,-55.92,9.4141,-79,95.34,5.6,1.782903,1.359859,9.7139,0.0
7629,-100,-40.0,40,3.5,8.0,-57.2,10.348,-85,95.75,5.1,2.115001,2.022651,9.3,0.0
7630,-100,-40.0,40,3.5,8.5,-58.35,10.8332,-88,95.37,5.55,2.08725,1.554484,8.6103,0.0
7631,-100,-40.0,40,3.5,9.0,-58.11,11.9381,-87,95.75,5.1,2.550735,1.915273,7.1876,0.0001
7632,-100,-40.0,40,3.5,9.5,-58.8,12.1391,-94,95.83,5.01,2.772774,1.387825,6.2127,0.0006
7633,-100,-40.0,40,3.5,10.0,-57.81,12.3433,-99,94.99,6.01,2.544736,1.247163,6.8359,0.0007
7634,-100,-40.0,40,3.5,10.5,-58.75,13.5655,-99,93.75,7.5,1.964634,2.045308,11.7132,0.0012
7636,-100,-40.0,40,3.5,11.5,-58.66,14.7304,-100,94.59,6.49,2.655533,1.92106,8.2678,0.0021
7635,-100,-40.0,40,3.5,11.0,-58.44,14.3578,-100,95.25,5.7,3.023208,1.556498,6.3892,0.0026
7637,-100,-40.0,40,3.5,12.0,-59.27,14.6662,-100,93.93,7.28,2.417349,1.422644,7.4508,0.0008
7638,-100,-40.0,40,3.5,12.5,-58.51,16.0051,-100,93.53,7.77,2.521833,1.487852,8.6661,0.0037
7639,-100,-40.0,40,3.5,13.0,-58.29,16.4584,-100,93.35,7.98,2.729508,1.580128,7.7902,0.005
7640,-100,-40.0,40,3.5,13.5,-58.16,16.1922,-100,93.28,8.06,2.955053,1.450863,6.471,0.0065
7641,-100,-40.0,40,3.5,14.0,-59.06,17.0773,-100,92.92,8.49,2.676144,1.481177,7.8108,0.006
7642,-100,-40.0,40,3.75,1.0,-38.59,2.8911,-48,94.57,6.51,0.543859,1.200791,15.6673,0.0
7643,-100,-40.0,40,3.75,1.5,-42.5,4.5838,-53,93.0,8.41,0.547601,0.67634,16.6638,0.0
7644,-100,-40.0,40,3.75,2.0,-39.47,4.3148,-52,93.83,7.41,0.791049,0.986414,15.1251,0.0
7645,-100,-40.0,40,3.75,2.5,-42.66,4.0716,-52,95.19,5.77,1.113333,1.499807,12.7424,0.0
7646,-100,-40.0,40,3.75,3.0,-41.15,5.3051,-57,94.26,6.88,1.042989,1.295398,14.1828,0.0
7647,-100,-40.0,40,3.75,3.5,-45.53,6.1422,-61,93.77,7.48,0.694488,1.103448,15.7721,0.0
7648,-100,-40.0,40,3.75,4.0,-45.11,6.6925,-66,94.35,6.77,1.026844,1.084025,13.5759,0.0
7649,-100,-40.0,40,3.75,4.5,-49.99,7.1833,-68,94.57,6.52,1.3027,1.40993,12.9579,0.0
7650,-100,-40.0,40,3.75,5.0,-49.4,6.3976,-66,93.91,7.31,1.192147,2.178366,15.3033,0.0
7651,-100,-40.0,40,3.75,5.5,-49.35,8.9634,-68,94.88,6.14,1.589532,1.358225,11.1486,0.0
7652,-100,-40.0,40,3.75,6.0,-49.46,9.4664,-74,93.58,7.7,1.307016,1.227886,13.195,0.0
7653,-100,-40.0,40,3.75,6.5,-54.15,9.5896,-77,94.0,7.2,1.51429,1.23121,11.8495,0.0
7654,-100,-40.0,40,3.75,7.0,-52.9,9.5968,-76,92.83,8.61,1.498191,1.483616,13.4881,0.0
7655,-100,-40.0,40,3.75,7.5,-56.33,10.4125,-84,94.45,6.67,2.141252,1.341047,9.1958,0.0
7656,-100,-40.0,40,3.75,8.0,-54.13,11.1703,-81,92.74,8.71,1.665371,1.519909,12.7657,0.0
7657,-100,-40.0,40,3.75,8.5,-55.55,11.433,-88,93.49,7.81,2.063312,1.66386,10.9349,0.0003
7658,-100,-40.0,40,3.75,9.0,-56.42,12.124,-88,93.63,7.65,2.046612,1.322084,9.6073,0.0001
7659,-100,-40.0,40,3.75,9.5,-55.87,13.8325,-92,93.33,8.01,1.960677,1.87906,11.9747,0.0007
7660,-100,-40.0,40,3.75,10.0,-56.06,13.8558,-97,93.21,8.15,2.27544,1.557481,9.7162,0.0007
7661,-100,-40.0,40,3.75,10.5,-55.62,13.443,-97,93.49,7.81,2.475972,1.335659,8.1099,0.002
7662,-100,-40.0,40,3.75,11.0,-55.98,14.5356,-98,91.56,10.13,1.941263,1.796749,12.5232,0.0014
7663,-100,-40.0,40,3.75,11.5,-55.1,14.4897,-100,90.47,11.44,1.79627,1.652132,12.6256,0.0031
7664,-100,-40.0,40,3.75,12.0,-55.79,15.8794,-100,92.07,9.52,2.325228,1.674262,10.1967,0.003
7665,-100,-40.0,40,3.75,12.5,-55.17,16.2769,-100,91.19,10.57,2.276552,1.701036,10.7227,0.0126
7666,-100,-40.0,40,3.75,13.0,-55.23,16.2296,-100,90.66,11.21,2.133513,1.89547,12.208,0.0074
7667,-100,-40.0,40,3.75,13.5,-55.73,17.2889,-100,91.02,10.78,2.286992,1.611132,10.2957,0.007
7669,-100,-40.0,40,4.0,1.0,-37.57,5.9463,-49,92.54,8.95,0.855361,0.771574,15.4523,0.0
7668,-100,-40.0,40,3.75,14.0,-55.39,17.4764,-100,91.19,10.57,2.609797,1.82413,8.8824,0.0138
7670,-100,-40.0,40,4.0,1.5,-39.57,5.8601,-48,92.82,8.62,0.779223,0.896486,16.1582,0.0
7671,-100,-40.0,40,4.0,2.0,-38.93,6.3703,-51,91.92,9.7,0.882432,0.955242,16.4802,0.0
7672,-100,-40.0,40,4.0,2.5,-39.2,5.8273,-52,92.72,8.73,1.094769,0.932326,14.108,0.0
7673,-100,-40.0,40,4.0,3.0,-41.66,5.818,-55,93.14,8.24,1.013678,1.457897,15.3934,0.0
7674,-100,-40.0,40,4.0,3.5,-43.12,6.9787,-58,92.99,8.41,1.053798,1.088167,14.7232,0.0
7675,-100,-40.0,40,4.0,4.0,-44.1,7.2548,-62,93.18,8.18,1.207811,1.483054,14.8668,0.0
7676,-100,-40.0,40,4.0,4.5,-44.59,7.6584,-63,91.91,9.71,1.113131,1.118928,15.4925,0.0
7677,-100,-40.0,40,4.0,5.0,-46.77,8.8336,-72,91.99,9.61,1.268622,1.30718,15.0726,0.0
7678,-100,-40.0,40,4.0,5.5,-47.51,9.6559,-71,92.79,8.66,1.339762,1.520702,14.6171,0.0
7679,-100,-40.0,40,4.0,6.0,-50.86,8.9494,-75,92.0,9.61,1.3439,1.613869,14.9618,0.0
7680,-100,-40.0,40,4.0,6.5,-48.48,10.7353,-75,92.21,9.35,1.469227,1.759951,15.2809,0.0
7681,-100,-40.0,40,4.0,7.0,-51.88,9.8068,-76,91.58,10.1,1.569092,1.383045,13.4651,0.0
7682,-100,-40.0,40,4.0,7.5,-51.93,11.7667,-90,92.21,9.35,1.642431,1.817989,13.9304,0.0
7683,-100,-40.0,40,4.0,8.0,-52.07,11.7772,-86,92.42,9.1,1.789436,1.31729,11.5336,0.0002
7684,-100,-40.0,40,4.0,8.5,-52.76,12.2257,-87,91.15,10.62,1.714964,1.609579,13.2334,0.0001
7685,-100,-40.0,40,4.0,9.0,-53.08,13.2162,-88,91.32,10.41,1.813777,1.548177,12.5123,0.0009
7686,-100,-40.0,40,4.0,9.5,-52.01,13.5194,-91,89.42,12.7,1.590183,1.848669,15.5585,0.0013
7687,-100,-40.0,40,4.0,10.0,-52.11,13.9884,-92,90.74,11.11,1.891313,1.667388,12.5951,0.0011
7688,-100,-40.0,40,4.0,10.5,-52.18,13.9946,-96,88.84,13.39,1.574845,1.511695,14.2423,0.0028
7689,-100,-40.0,40,4.0,11.0,-52.74,15.332,-99,90.9,10.92,2.268305,1.652792,10.6035,0.0039
7690,-100,-40.0,40,4.0,11.5,-52.61,15.3458,-100,89.08,13.11,1.836906,1.527377,12.8858,0.0062
7691,-100,-40.0,40,4.0,12.0,-52.62,15.7524,-100,90.55,11.34,2.399744,1.821839,9.1689,0.0045
7692,-100,-40.0,40,4.0,12.5,-52.23,17.3722,-100,89.68,12.38,2.143904,1.619981,10.9247,0.0117
7693,-100,-40.0,40,4.0,13.0,-52.68,16.8734,-100,90.34,11.59,2.426286,2.12178,10.2448,0.0104
7694,-100,-40.0,40,4.0,13.5,-52.76,17.5093,-100,89.13,13.04,2.154992,1.774234,12.2124,0.0064
7696,-100,-40.0,40,4.25,1.0,-37.5,7.5523,-49,90.77,11.08,0.68087,0.697471,18.0852,0.0
7695,-100,-40.0,40,4.0,14.0,-52.59,18.271,-100,89.61,12.47,2.334997,1.76513,10.0999,0.0072
7697,-100,-40.0,40,4.25,1.5,-37.49,6.1595,-51,89.91,12.11,0.823357,0.954511,18.1483,0.0
7698,-100,-40.0,40,4.25,2.0,-39.12,6.8813,-52,90.95,10.86,0.988001,1.008273,16.3773,0.0
7699,-100,-40.0,40,4.25,2.5,-37.92,7.3156,-53,89.89,12.13,0.805663,1.156338,18.6836,0.0
7700,-100,-40.0,40,4.25,3.0,-41.56,7.3808,-55,88.86,13.37,0.77071,0.973009,19.4221,0.0
7701,-100,-40.0,40,4.25,3.5,-43.47,7.156,-59,90.22,11.73,0.966399,1.180169,17.4757,0.0
7702,-100,-40.0,40,4.25,4.0,-42.19,8.4538,-62,90.39,11.53,1.042068,1.181774,16.9654,0.0
7703,-100,-40.0,40,4.25,4.5,-43.28,8.513,-65,90.5,11.4,1.123379,1.310748,16.4164,0.0
7704,-100,-40.0,40,4.25,5.0,-45.04,9.4399,-66,89.79,12.26,1.119564,1.634082,17.7688,0.0
7705,-100,-40.0,40,4.25,5.5,-48.16,10.0631,-74,89.91,12.11,1.245644,1.133861,15.3861,0.0
7706,-100,-40.0,40,4.25,6.0,-47.45,9.9731,-72,89.43,12.68,1.351447,1.516917,16.451,0.0
7707,-100,-40.0,40,4.25,6.5,-48.57,11.474,-70,89.0,13.2,1.325461,1.279412,15.8463,0.0
7708,-100,-40.0,40,4.25,7.0,-49.92,10.5863,-77,88.52,13.77,1.137166,1.193929,17.0311,0.0
7709,-100,-40.0,40,4.25,7.5,-49.96,12.1631,-77,90.07,11.92,1.543901,2.056305,16.1035,0.0003
7710,-100,-40.0,40,4.25,8.0,-50.76,12.2159,-82,87.67,14.8,1.235679,1.298695,17.1041,0.0008
7711,-100,-40.0,40,4.25,8.5,-50.25,13.2421,-87,89.85,12.18,1.769953,1.447815,13.296,0.0018
7712,-100,-40.0,40,4.25,9.0,-49.8,13.6114,-87,89.4,12.72,1.803576,1.731271,14.1437,0.0026
7713,-100,-40.0,40,4.25,9.5,-49.99,13.8015,-92,88.26,14.09,1.66002,1.691019,14.8862,0.0051
7714,-100,-40.0,40,4.25,10.0,-49.92,15.1532,-96,88.06,14.33,1.638383,1.753772,15.8637,0.0039
7715,-100,-40.0,40,4.25,10.5,-49.78,16.013,-94,88.59,13.69,1.885377,1.726175,13.9038,0.0071
7716,-100,-40.0,40,4.25,11.0,-49.43,16.1719,-93,88.06,14.33,1.923408,1.379299,12.4233,0.0098
7717,-100,-40.0,40,4.25,11.5,-50.85,16.2547,-100,88.1,14.28,1.808823,1.46902,13.3954,0.0112
7718,-100,-40.0,40,4.25,12.0,-49.76,16.5566,-98,87.71,14.75,1.972849,1.672513,12.8008,0.0152
7721,-100,-40.0,40,4.25,13.5,-50.29,18.6446,-100,89.08,13.1,2.480706,1.79067,10.5897,0.0197
7719,-100,-40.0,40,4.25,12.5,-50.43,17.3821,-100,87.98,14.43,2.075295,1.591147,12.3098,0.0193
7720,-100,-40.0,40,4.25,13.0,-49.91,18.0651,-100,88.18,14.19,2.184017,1.637868,11.4546,0.0193
7723,-100,-40.0,40,4.5,1.0,-38.03,6.5845,-50,88.34,13.99,0.725546,0.963382,19.9245,0.0
7722,-100,-40.0,40,4.25,14.0,-49.46,18.3531,-100,86.93,15.69,2.152862,1.772954,12.3567,0.0224
7724,-100,-40.0,40,4.5,1.5,-35.85,8.9178,-52,88.04,14.35,0.861038,1.036755,19.0696,0.0
7725,-100,-40.0,40,4.5,2.0,-38.14,8.1463,-53,88.47,13.83,0.839653,0.809759,18.6659,0.0
7726,-100,-40.0,40,4.5,2.5,-37.52,8.1088,-55,87.6,14.88,0.782653,0.831126,19.6264,0.0
7727,-100,-40.0,40,4.5,3.0,-36.35,8.5191,-56,87.32,15.21,0.901529,1.300213,19.95,0.0
7728,-100,-40.0,40,4.5,3.5,-40.66,8.4145,-60,87.6,14.88,0.91627,0.999532,18.8457,0.0
7729,-100,-40.0,40,4.5,4.0,-40.78,9.9401,-63,87.43,15.08,1.024592,1.130772,18.2628,0.0
7730,-100,-40.0,40,4.5,4.5,-43.68,9.4759,-64,86.65,16.02,0.904214,1.056984,19.6663,0.0
7732,-100,-40.0,40,4.5,5.5,-45.58,10.3516,-70,87.28,15.26,1.191536,1.277696,17.5553,0.0
7731,-100,-40.0,40,4.5,5.0,-44.06,10.6555,-67,87.61,14.87,1.151101,1.410883,18.4156,0.0
7733,-100,-40.0,40,4.5,6.0,-46.05,10.9694,-75,87.7,14.76,1.394055,1.40998,16.4904,0.0
7735,-100,-40.0,40,4.5,7.0,-46.79,12.5533,-79,87.32,15.22,1.486099,1.336731,15.4361,0.0006
7734,-100,-40.0,40,4.5,6.5,-47.25,11.1408,-77,86.55,16.13,1.188181,1.265895,17.7982,0.0
7736,-100,-40.0,40,4.5,7.5,-46.96,13.1015,-78,87.16,15.41,1.543034,1.323214,14.6096,0.0011
7737,-100,-40.0,40,4.5,8.0,-46.98,13.3551,-86,87.51,14.99,1.662613,1.366301,14.0728,0.0013
7738,-100,-40.0,40,4.5,8.5,-47.35,14.4623,-89,87.92,14.49,1.637542,1.806119,15.8777,0.0019
7739,-100,-40.0,40,4.5,9.0,-47.14,14.4072,-87,86.4,16.32,1.59918,1.63109,15.6948,0.0046
7740,-100,-40.0,40,4.5,9.5,-47.22,14.706,-94,86.68,15.98,1.731116,1.540992,14.267,0.0046
7741,-100,-40.0,40,4.5,10.0,-47.1,15.7304,-94,86.57,16.12,1.755974,1.550201,14.3977,0.0064
7743,-100,-40.0,40,4.5,11.0,-47.29,16.0269,-100,86.53,16.16,1.879432,1.470358,12.7277,0.0122
7742,-100,-40.0,40,4.5,10.5,-47.19,15.7592,-94,85.75,17.1,1.701825,1.485707,14.9498,0.0078
7744,-100,-40.0,40,4.5,11.5,-47.36,16.6558,-94,85.04,17.96,1.696707,1.551154,14.3583,0.0116
7745,-100,-40.0,40,4.5,12.0,-48.0,17.2766,-100,86.36,16.37,1.919808,1.472378,13.2308,0.0137
7746,-100,-40.0,40,4.5,12.5,-47.24,17.7147,-99,85.88,16.94,1.95814,1.425014,11.9437,0.0182
7747,-100,-40.0,40,4.5,13.0,-46.92,18.6162,-100,85.97,16.83,2.037549,1.73595,13.4534,0.0274
7748,-100,-40.0,40,4.5,13.5,-47.27,19.1838,-100,85.19,17.77,1.919987,1.660338,13.8618,0.0213
7749,-100,-40.0,40,4.5,14.0,-47.2,18.8709,-100,84.71,18.36,1.880995,1.852875,15.2392,0.0256
7750,-100,-40.0,40,4.75,1.0,-35.2,9.3898,-51,85.94,16.87,0.773232,0.754852,20.1559,0.0
7751,-100,-40.0,40,4.75,1.5,-36.55,8.9029,-50,86.69,15.98,0.852534,0.938595,19.6822,0.0
7752,-100,-40.0,40,4.75,2.0,-35.7,9.4397,-52,85.58,17.31,0.904252,0.862903,19.5044,0.0
7753,-100,-40.0,40,4.75,2.5,-35.1,9.6118,-54,84.35,18.78,0.826264,0.881327,20.7556,0.0
7754,-100,-40.0,40,4.75,3.0,-37.8,9.6805,-55,86.23,16.53,1.013585,0.908641,18.2173,0.0
7755,-100,-40.0,40,4.75,3.5,-38.47,9.6647,-57,86.02,16.78,1.109267,0.925728,17.2765,0.0
7756,-100,-40.0,40,4.75,4.0,-40.54,10.746,-60,85.19,17.77,1.052898,1.305283,19.4193,0.0
7757,-100,-40.0,40,4.75,4.5,-41.58,10.8175,-69,85.24,17.71,1.066532,1.310586,19.295,0.0
7758,-100,-40.0,40,4.75,5.0,-41.89,10.8687,-67,84.88,18.15,1.091599,1.007519,17.8907,0.0
7759,-100,-40.0,40,4.75,5.5,-43.93,11.7095,-73,85.62,17.26,1.258333,1.14704,17.0834,0.0
7760,-100,-40.0,40,4.75,6.0,-44.41,12.4769,-72,86.19,16.57,1.389256,1.263074,16.2264,0.0004
7761,-100,-40.0,40,4.75,6.5,-43.92,12.4825,-78,85.48,17.43,1.317797,1.241989,16.6644,0.0
7763,-100,-40.0,40,4.75,7.5,-44.22,13.4773,-79,84.97,18.03,1.397224,1.416405,16.8648,0.0035
7762,-100,-40.0,40,4.75,7.0,-44.57,12.6114,-80,84.27,18.89,1.252311,1.527853,19.1474,0.0006
7764,-100,-40.0,40,4.75,8.0,-44.31,13.5591,-78,83.26,20.1,1.256256,1.440139,18.8023,0.0034
7765,-100,-40.0,40,4.75,8.5,-43.95,15.0826,-84,84.71,18.35,1.584944,1.326457,14.8943,0.0079
7767,-100,-40.0,40,4.75,9.5,-44.06,15.283,-86,84.02,19.17,1.585943,1.432748,15.0987,0.0094
7766,-100,-40.0,40,4.75,9.0,-43.99,15.8176,-88,85.46,17.45,1.722973,1.398371,13.4316,0.005
7768,-100,-40.0,40,4.75,10.0,-44.62,16.2706,-92,84.3,18.84,1.625033,1.477346,15.521,0.0164
7769,-100,-40.0,40,4.75,10.5,-44.13,17.244,-92,84.33,18.8,1.731084,1.443174,13.8503,0.0119
7770,-100,-40.0,40,4.75,11.0,-44.7,17.4139,-100,84.9,18.12,1.81227,1.505667,14.0145,0.0179
7771,-100,-40.0,40,4.75,11.5,-44.53,17.6237,-95,85.93,16.88,2.075101,1.652907,11.7594,0.0203
7772,-100,-40.0,40,4.75,12.0,-44.03,18.364,-100,84.55,18.55,1.96357,1.597882,13.0838,0.0312
7773,-100,-40.0,40,4.75,12.5,-44.31,18.4372,-100,84.34,18.8,1.929389,1.328786,11.2329,0.0173
7774,-100,-40.0,40,4.75,13.0,-44.17,19.144,-100,84.67,18.39,2.027226,1.432009,11.6848,0.046
7775,-100,-40.0,40,4.75,13.5,-44.7,19.0535,-100,85.37,17.55,2.211849,1.573007,10.0127,0.0406
7776,-100,-40.0,40,4.75,14.0,-44.17,19.5584,-100,84.02,19.17,2.032809,1.523162,11.3705,0.0415
7777,-100,-40.0,40,5.0,1.0,-33.79,10.4776,-50,84.21,18.94,0.825248,0.90119,20.7384,0.0
7778,-100,-40.0,40,5.0,1.5,-35.78,10.0082,-51,83.68,19.59,0.836624,0.952802,21.0889,0.0
7779,-100,-40.0,40,5.0,2.0,-34.76,10.6694,-55,83.57,19.71,0.812598,0.871446,20.9192,0.0
7780,-100,-40.0,40,5.0,2.5,-34.87,11.2616,-54,83.72,19.54,1.015598,1.135873,19.7919,0.0
7781,-100,-40.0,40,5.0,3.0,-35.97,10.1847,-57,82.34,21.2,0.945986,0.919321,19.7134,0.0
7782,-100,-40.0,40,5.0,3.5,-37.31,10.9549,-59,83.15,20.22,0.98557,1.097422,19.1722,0.0
7783,-100,-40.0,40,5.0,4.0,-37.87,11.406,-59,85.02,17.98,1.212294,1.203382,17.5914,0.0
7784,-100,-40.0,40,5.0,4.5,-41.43,12.3685,-64,83.95,19.26,1.134917,1.163648,18.6237,0.0002
7785,-100,-40.0,40,5.0,5.0,-41.93,12.2566,-65,84.02,19.18,1.204695,1.123014,17.8909,0.0003
7786,-100,-40.0,40,5.0,5.5,-41.54,12.7271,-72,83.21,20.15,1.246308,1.193435,17.8086,0.0002
7787,-100,-40.0,40,5.0,6.0,-41.27,13.7463,-71,84.0,19.2,1.327054,1.23717,16.7764,0.0009
7788,-100,-40.0,40,5.0,6.5,-41.38,13.6661,-72,83.55,19.75,1.385859,1.257668,16.519,0.0026
7789,-100,-40.0,40,5.0,7.0,-41.65,13.8394,-77,84.03,19.16,1.444783,1.20311,15.3469,0.0046
7791,-100,-40.0,40,5.0,8.0,-41.67,14.9124,-79,82.68,20.78,1.451279,1.237925,15.4849,0.0045
7790,-100,-40.0,40,5.0,7.5,-41.78,14.1872,-78,82.92,20.49,1.396447,1.240941,16.3526,0.0027
7792,-100,-40.0,40,5.0,8.5,-41.21,15.1912,-79,84.04,19.14,1.695207,1.218156,12.1302,0.0032
7793,-100,-40.0,40,5.0,9.0,-41.38,15.8534,-82,82.41,21.1,1.523027,1.437007,15.7043,0.0085
7794,-100,-40.0,40,5.0,9.5,-41.8,16.7615,-87,83.34,19.99,1.693064,1.541014,14.8864,0.0163
7795,-100,-40.0,40,5.0,10.0,-41.49,17.194,-90,82.7,20.76,1.623548,1.564391,14.6085,0.0174
7796,-100,-40.0,40,5.0,10.5,-41.47,17.0447,-94,82.76,20.69,1.702551,1.442413,13.98,0.0243
7804,-100,-35.0,40,1.0,1.0,,,,100.0,0.0,0.0,0.0,0.0,0.0
7797,-100,-40.0,40,5.0,11.0,-41.51,17.9745,-91,82.48,21.03,1.697209,1.478923,14.1637,0.0183
7799,-100,-40.0,40,5.0,12.0,-41.02,18.3004,-95,82.01,21.59,1.759521,1.362631,12.4692,0.0332
7798,-100,-40.0,40,5.0,11.5,-41.79,18.0402,-94,82.4,21.12,1.703624,1.42513,14.1417,0.0314
7805,-100,-35.0,40,1.0,1.5,,,,100.0,0.0,0.0,0.0,0.0,0.0
7800,-100,-40.0,40,5.0,12.5,-41.76,19.5515,-100,84.53,18.57,2.13837,1.578651,10.6922,0.0336
7801,-100,-40.0,40,5.0,13.0,-41.63,19.206,-100,82.57,20.92,1.820417,1.761223,13.6846,0.0322
7806,-100,-35.0,40,1.0,2.0,,,,100.0,0.0,0.0,0.0,0.0,0.0
7807,-100,-35.0,40,1.0,2.5,,,,100.0,0.0,0.0,0.0,0.0,0.0
7802,-100,-40.0,40,5.0,13.5,-41.73,20.0514,-99,82.6,20.88,1.860428,1.543584,13.1735,0.0331
7803,-100,-40.0,40,5.0,14.0,-41.65,19.8165,-100,83.21,20.14,1.993198,1.658219,11.7078,0.0291
7808,-100,-35.0,40,1.0,3.0,,,,100.0,0.0,0.0,0.0,0.0,0.0
7809,-100,-35.0,40,1.0,3.5,,,,100.0,0.0,0.0,0.0,0.0,0.0
7810,-100,-35.0,40,1.0,4.0,,,,100.0,0.0,0.0,0.0,0.0,0.0
7812,-100,-35.0,40,1.0,5.0,,,,100.0,0.0,0.0,0.0,0.0,0.0
7811,-100,-35.0,40,1.0,4.5,,,,100.0,0.0,0.0,0.0,0.0,0.0
7813,-100,-35.0,40,1.0,5.5,,,,100.0,0.0,0.0,0.0,0.0,0.0
7814,-100,-35.0,40,1.0,6.0,,,,100.0,0.0,0.0,0.0,0.0,0.0
7815,-100,-35.0,40,1.0,6.5,,,,100.0,0.0,0.0,0.0,0.0,0.0
7816,-100,-35.0,40,1.0,7.0,,,,100.0,0.0,0.0,0.0,0.0,0.0
7818,-100,-35.0,40,1.0,8.0,,,,100.0,0.0,0.0,0.0,0.0,0.0
7817,-100,-35.0,40,1.0,7.5,,,,100.0,0.0,0.0,0.0,0.0,0.0
7819,-100,-35.0,40,1.0,8.5,,,,100.0,0.0,0.0,0.0,0.0,0.0
7820,-100,-35.0,40,1.0,9.0,,,,100.0,0.0,0.0,0.0,0.0,0.0
7821,-100,-35.0,40,1.0,9.5,,,,100.0,0.0,0.0,0.0,0.0,0.0
7822,-100,-35.0,40,1.0,10.0,,,,100.0,0.0,0.0,0.0,0.0,0.0
7823,-100,-35.0,40,1.0,10.5,,,,100.0,0.0,0.0,0.0,0.0,0.0
7824,-100,-35.0,40,1.0,11.0,,,,100.0,0.0,0.0,0.0,0.0,0.0
7825,-100,-35.0,40,1.0,11.5,-85.33,4.1096,-90,100.0,0.0,2.490534,0.43628,0.004,0.0
7826,-100,-35.0,40,1.0,12.0,,,,100.0,0.0,0.0,0.0,0.0,0.0
7827,-100,-35.0,40,1.0,12.5,-79.25,15.1224,-100,100.0,0.0,2.684863,0.71074,0.0045,0.0
7829,-100,-35.0,40,1.0,13.5,-84.32,9.4259,-99,99.99,0.01,3.072334,1.266442,0.0192,0.0
7831,-100,-35.0,40,1.25,1.0,,,,100.0,0.0,0.0,0.0,0.0,0.0
7830,-100,-35.0,40,1.0,14.0,-81.54,11.5783,-100,99.99,0.01,2.661473,1.089758,0.0202,0.0
7828,-100,-35.0,40,1.0,13.0,-85.87,8.1093,-100,99.99,0.01,2.345474,1.027579,0.0109,0.0
7832,-100,-35.0,40,1.25,1.5,,,,100.0,0.0,0.0,0.0,0.0,0.0
7833,-100,-35.0,40,1.25,2.0,,,,100.0,0.0,0.0,0.0,0.0,0.0
7834,-100,-35.0,40,1.25,2.5,,,,100.0,0.0,0.0,0.0,0.0,0.0
7835,-100,-35.0,40,1.25,3.0,,,,100.0,0.0,0.0,0.0,0.0,0.0
7836,-100,-35.0,40,1.25,3.5,,,,100.0,0.0,0.0,0.0,0.0,0.0
7837,-100,-35.0,40,1.25,4.0,,,,100.0,0.0,0.0,0.0,0.0,0.0
7838,-100,-35.0,40,1.25,4.5,,,,100.0,0.0,0.0,0.0,0.0,0.0
7839,-100,-35.0,40,1.25,5.0,,,,100.0,0.0,0.0,0.0,0.0,0.0
7840,-100,-35.0,40,1.25,5.5,,,,100.0,0.0,0.0,0.0,0.0,0.0
7841,-100,-35.0,40,1.25,6.0,,,,100.0,0.0,0.0,0.0,0.0,0.0
7842,-100,-35.0,40,1.25,6.5,,,,100.0,0.0,0.0,0.0,0.0,0.0
7843,-100,-35.0,40,1.25,7.0,,,,100.0,0.0,0.0,0.0,0.0,0.0
7844,-100,-35.0,40,1.25,7.5,,,,100.0,0.0,0.0,0.0,0.0,0.0
7845,-100,-35.0,40,1.25,8.0,,,,100.0,0.0,0.0,0.0,0.0,0.0
7846,-100,-35.0,40,1.25,8.5,,,,100.0,0.0,0.0,0.0,0.0,0.0
7847,-100,-35.0,40,1.25,9.0,,,,100.0,0.0,0.0,0.0,0.0,0.0
7848,-100,-35.0,40,1.25,9.5,-90.0,0.0,-90,100.0,0.0,1.997852,0.0,0.0024,0.0
7849,-100,-35.0,40,1.25,10.0,,,,100.0,0.0,0.0,0.0,0.0,0.0
7850,-100,-35.0,40,1.25,10.5,,,,100.0,0.0,0.0,0.0,0.0,0.0
7851,-100,-35.0,40,1.25,11.0,-79.33,2.357,-81,100.0,0.0,3.356947,0.877335,0.004,0.0
7852,-100,-35.0,40,1.25,11.5,-73.5,11.5,-85,100.0,0.0,3.397184,0.734077,0.0033,0.0
7853,-100,-35.0,40,1.25,12.0,-81.88,14.6233,-100,100.0,0.0,3.350976,1.780021,0.006,0.0
7854,-100,-35.0,40,1.25,12.5,-79.55,6.5217,-90,99.99,0.01,2.6593,0.571286,0.0118,0.0
7855,-100,-35.0,40,1.25,13.0,-85.94,11.6245,-100,99.98,0.02,2.800138,0.882412,0.0324,0.0
7856,-100,-35.0,40,1.25,13.5,-77.83,12.2154,-100,99.98,0.02,3.229101,1.138619,0.0357,0.0
7858,-100,-35.0,40,1.5,1.0,,,,100.0,0.0,0.0,0.0,0.0,0.0
7857,-100,-35.0,40,1.25,14.0,-78.69,11.3054,-100,99.97,0.04,2.753928,1.307193,0.0528,0.0
7859,-100,-35.0,40,1.5,1.5,,,,100.0,0.0,0.0,0.0,0.0,0.0
7860,-100,-35.0,40,1.5,2.0,,,,100.0,0.0,0.0,0.0,0.0,0.0
7861,-100,-35.0,40,1.5,2.5,,,,100.0,0.0,0.0,0.0,0.0,0.0
7862,-100,-35.0,40,1.5,3.0,,,,100.0,0.0,0.0,0.0,0.0,0.0
7863,-100,-35.0,40,1.5,3.5,,,,100.0,0.0,0.0,0.0,0.0,0.0
7864,-100,-35.0,40,1.5,4.0,,,,100.0,0.0,0.0,0.0,0.0,0.0
7866,-100,-35.0,40,1.5,5.0,,,,100.0,0.0,0.0,0.0,0.0,0.0
7865,-100,-35.0,40,1.5,4.5,,,,100.0,0.0,0.0,0.0,0.0,0.0
7867,-100,-35.0,40,1.5,5.5,,,,100.0,0.0,0.0,0.0,0.0,0.0
7868,-100,-35.0,40,1.5,6.0,,,,100.0,0.0,0.0,0.0,0.0,0.0
7869,-100,-35.0,40,1.5,6.5,,,,100.0,0.0,0.0,0.0,0.0,0.0
7871,-100,-35.0,40,1.5,7.5,,,,100.0,0.0,0.0,0.0,0.0,0.0
7870,-100,-35.0,40,1.5,7.0,,,,100.0,0.0,0.0,0.0,0.0,0.0
7872,-100,-35.0,40,1.5,8.0,,,,100.0,0.0,0.0,0.0,0.0,0.0
7873,-100,-35.0,40,1.5,8.5,,,,100.0,0.0,0.0,0.0,0.0,0.0
7874,-100,-35.0,40,1.5,9.0,,,,100.0,0.0,0.0,0.0,0.0,0.0
7875,-100,-35.0,40,1.5,9.5,-69.0,0.0,-69,100.0,0.0,2.782001,0.0,0.0024,0.0
7876,-100,-35.0,40,1.5,10.0,,,,100.0,0.0,0.0,0.0,0.0,0.0
7877,-100,-35.0,40,1.5,10.5,-67.5,9.4207,-79,100.0,0.0,3.933149,0.240757,0.0097,0.0
7878,-100,-35.0,40,1.5,11.0,-73.0,13.1997,-95,99.99,0.01,3.595633,0.928078,0.0171,0.0
7879,-100,-35.0,40,1.5,11.5,-72.45,12.0399,-100,99.99,0.01,3.563886,1.735743,0.0152,0.0
7880,-100,-35.0,40,1.5,12.0,-69.85,10.976,-96,99.99,0.02,3.076118,1.30068,0.0243,0.0
7881,-100,-35.0,40,1.5,12.5,-80.87,12.1552,-100,99.98,0.03,3.275566,1.375139,0.0331,0.0
7882,-100,-35.0,40,1.5,13.0,-81.76,12.5796,-100,99.97,0.04,2.784221,1.019326,0.0512,0.0
7883,-100,-35.0,40,1.5,13.5,-81.69,13.8126,-100,99.97,0.04,3.254754,1.181955,0.0471,0.0
7884,-100,-35.0,40,1.5,14.0,-79.49,12.996,-100,99.94,0.07,3.400755,0.882426,0.0858,0.0
7885,-100,-35.0,40,1.75,1.0,,,,100.0,0.0,0.0,0.0,0.0,0.0
7886,-100,-35.0,40,1.75,1.5,,,,100.0,0.0,0.0,0.0,0.0,0.0
7887,-100,-35.0,40,1.75,2.0,,,,100.0,0.0,0.0,0.0,0.0,0.0
7888,-100,-35.0,40,1.75,2.5,,,,100.0,0.0,0.0,0.0,0.0,0.0
7889,-100,-35.0,40,1.75,3.0,,,,100.0,0.0,0.0,0.0,0.0,0.0
7891,-100,-35.0,40,1.75,4.0,,,,100.0,0.0,0.0,0.0,0.0,0.0
7890,-100,-35.0,40,1.75,3.5,,,,100.0,0.0,0.0,0.0,0.0,0.0
7892,-100,-35.0,40,1.75,4.5,,,,100.0,0.0,0.0,0.0,0.0,0.0
7893,-100,-35.0,40,1.75,5.0,,,,100.0,0.0,0.0,0.0,0.0,0.0
7894,-100,-35.0,40,1.75,5.5,,,,100.0,0.0,0.0,0.0,0.0,0.0
7895,-100,-35.0,40,1.75,6.0,,,,100.0,0.0,0.0,0.0,0.0,0.0
7896,-100,-35.0,40,1.75,6.5,,,,100.0,0.0,0.0,0.0,0.0,0.0
7897,-100,-35.0,40,1.75,7.0,,,,100.0,0.0,0.0,0.0,0.0,0.0
7898,-100,-35.0,40,1.75,7.5,,,,100.0,0.0,0.0,0.0,0.0,0.0
7899,-100,-35.0,40,1.75,8.0,-62.0,0.0,-62,100.0,0.0,8.076764,0.0,0.0024,0.0
7900,-100,-35.0,40,1.75,8.5,,,,100.0,0.0,0.0,0.0,0.0,0.0
7901,-100,-35.0,40,1.75,9.0,-73.5,1.5,-75,100.0,0.0,2.283178,0.308897,0.0049,0.0
7902,-100,-35.0,40,1.75,9.5,-58.25,3.3448,-62,100.0,0.0,2.384196,0.318573,0.0097,0.0
7903,-100,-35.0,40,1.75,10.0,-77.4,6.5886,-85,99.99,0.01,2.332242,1.120101,0.0159,0.0
7904,-100,-35.0,40,1.75,10.5,-68.97,10.5205,-86,99.99,0.01,3.573977,0.723514,0.0277,0.0
7906,-100,-35.0,40,1.75,11.5,-75.62,11.7789,-94,99.97,0.03,4.299834,1.354659,0.0633,0.0
7905,-100,-35.0,40,1.75,11.0,-76.54,10.7607,-96,99.99,0.01,4.282114,1.216061,0.0311,0.0
7907,-100,-35.0,40,1.75,12.0,-75.23,12.7633,-100,99.95,0.06,2.611931,1.220096,0.1181,0.0
7908,-100,-35.0,40,1.75,12.5,-80.79,13.2716,-100,99.93,0.08,3.30551,1.129153,0.1156,0.0
7909,-100,-35.0,40,1.75,13.0,-74.02,12.3573,-100,99.91,0.1,3.756855,1.384903,0.1304,0.0
7910,-100,-35.0,40,1.75,13.5,-78.58,13.404,-100,99.87,0.16,2.882661,0.893788,0.2272,0.0
7911,-100,-35.0,40,1.75,14.0,-76.59,14.2068,-100,99.85,0.18,3.497717,1.107337,0.2028,0.0
7912,-100,-35.0,40,2.0,1.0,,,,100.0,0.0,0.0,0.0,0.0,0.0
7913,-100,-35.0,40,2.0,1.5,,,,100.0,0.0,0.0,0.0,0.0,0.0
7914,-100,-35.0,40,2.0,2.0,,,,100.0,0.0,0.0,0.0,0.0,0.0
7915,-100,-35.0,40,2.0,2.5,,,,100.0,0.0,0.0,0.0,0.0,0.0
7916,-100,-35.0,40,2.0,3.0,,,,100.0,0.0,0.0,0.0,0.0,0.0
7917,-100,-35.0,40,2.0,3.5,,,,100.0,0.0,0.0,0.0,0.0,0.0
7918,-100,-35.0,40,2.0,4.0,,,,100.0,0.0,0.0,0.0,0.0,0.0
7919,-100,-35.0,40,2.0,4.5,,,,100.0,0.0,0.0,0.0,0.0,0.0
7920,-100,-35.0,40,2.0,5.0,,,,100.0,0.0,0.0,0.0,0.0,0.0
7921,-100,-35.0,40,2.0,5.5,,,,100.0,0.0,0.0,0.0,0.0,0.0
7922,-100,-35.0,40,2.0,6.0,-65.0,0.0,-65,100.0,0.0,1.653939,0.0,0.0024,0.0
7923,-100,-35.0,40,2.0,6.5,,,,100.0,0.0,0.0,0.0,0.0,0.0
7924,-100,-35.0,40,2.0,7.0,,,,100.0,0.0,0.0,0.0,0.0,0.0
7925,-100,-35.0,40,2.0,7.5,-62.0,0.0,-62,100.0,0.0,1.836974,0.0,0.0024,0.0
7926,-100,-35.0,40,2.0,8.0,-66.0,8.5245,-78,100.0,0.0,3.596662,0.952985,0.0073,0.0
7927,-100,-35.0,40,2.0,8.5,-59.0,3.448,-66,100.0,0.0,5.664025,1.723566,0.0123,0.0
7928,-100,-35.0,40,2.0,9.0,-68.19,8.7128,-77,99.99,0.02,2.725712,0.59018,0.0583,0.0
7929,-100,-35.0,40,2.0,9.5,-67.97,9.4641,-83,99.97,0.03,2.377928,0.913077,0.0918,0.0
7930,-100,-35.0,40,2.0,10.0,-66.84,11.2633,-85,99.97,0.03,3.77098,1.259396,0.0699,0.0
7931,-100,-35.0,40,2.0,10.5,-70.24,9.7006,-93,99.97,0.04,3.71037,1.304036,0.0649,0.0
7932,-100,-35.0,40,2.0,11.0,-69.2,12.8565,-91,99.96,0.05,3.673836,1.192263,0.0948,0.0
7933,-100,-35.0,40,2.0,11.5,-69.89,12.0893,-100,99.88,0.15,2.925587,1.040766,0.3543,0.0
7934,-100,-35.0,40,2.0,12.0,-72.76,12.5624,-100,99.86,0.16,3.214685,1.240191,0.3364,0.0
7935,-100,-35.0,40,2.0,12.5,-71.37,12.4436,-100,99.88,0.15,3.835682,1.850583,0.2221,0.0
7936,-100,-35.0,40,2.0,13.0,-75.72,13.494,-100,99.76,0.29,3.339051,1.370991,0.436,0.0
7937,-100,-35.0,40,2.0,13.5,-76.47,14.6266,-100,99.71,0.35,2.456691,1.409255,0.6329,0.0
7938,-100,-35.0,40,2.0,14.0,-74.91,15.0733,-100,99.64,0.43,3.895262,1.253995,0.5673,0.0001
7939,-100,-35.0,40,2.25,1.0,,,,100.0,0.0,0.0,0.0,0.0,0.0
7940,-100,-35.0,40,2.25,1.5,,,,100.0,0.0,0.0,0.0,0.0,0.0
7941,-100,-35.0,40,2.25,2.0,,,,100.0,0.0,0.0,0.0,0.0,0.0
7942,-100,-35.0,40,2.25,2.5,,,,100.0,0.0,0.0,0.0,0.0,0.0
7943,-100,-35.0,40,2.25,3.0,,,,100.0,0.0,0.0,0.0,0.0,0.0
7944,-100,-35.0,40,2.25,3.5,,,,100.0,0.0,0.0,0.0,0.0,0.0
7945,-100,-35.0,40,2.25,4.0,,,,100.0,0.0,0.0,0.0,0.0,0.0
7946,-100,-35.0,40,2.25,4.5,,,,100.0,0.0,0.0,0.0,0.0,0.0
7947,-100,-35.0,40,2.25,5.0,,,,100.0,0.0,0.0,0.0,0.0,0.0
7948,-100,-35.0,40,2.25,5.5,,,,100.0,0.0,0.0,0.0,0.0,0.0
7949,-100,-35.0,40,2.25,6.0,-61.5,1.5,-63,100.0,0.0,6.246246,0.612683,0.0049,0.0
7950,-100,-35.0,40,2.25,6.5,-56.0,3.7417,-60,100.0,0.0,2.941402,0.487818,0.0073,0.0
7951,-100,-35.0,40,2.25,7.0,-58.83,5.3359,-64,100.0,0.0,6.177874,1.407898,0.0146,0.0
7952,-100,-35.0,40,2.25,7.5,-56.8,8.5187,-74,99.97,0.03,4.494031,0.797337,0.1117,0.0
7953,-100,-35.0,40,2.25,8.0,-64.88,5.8623,-70,99.99,0.01,2.992444,0.592916,0.034,0.0
7955,-100,-35.0,40,2.25,9.0,-64.94,10.555,-77,99.98,0.02,5.819731,1.488195,0.0527,0.0
7954,-100,-35.0,40,2.25,8.5,-60.78,7.9921,-75,99.97,0.03,2.857423,0.63559,0.0834,0.0
7956,-100,-35.0,40,2.25,9.5,-62.1,8.2666,-74,99.94,0.07,4.466394,0.970794,0.1843,0.0
7957,-100,-35.0,40,2.25,10.0,-64.64,9.9475,-85,99.93,0.08,3.296329,0.991896,0.2161,0.0
7958,-100,-35.0,40,2.25,10.5,-67.61,9.9404,-85,99.9,0.12,3.836849,1.160762,0.2178,0.0
7959,-100,-35.0,40,2.25,11.0,-69.4,12.033,-100,99.86,0.17,3.00734,1.126351,0.387,0.0
7961,-100,-35.0,40,2.25,12.0,-72.25,12.5429,-100,99.69,0.37,3.383624,1.104069,0.624,0.0
7960,-100,-35.0,40,2.25,11.5,-69.11,12.3044,-100,99.83,0.21,3.822534,1.731593,0.3668,0.0
7962,-100,-35.0,40,2.25,12.5,-72.21,13.0998,-100,99.68,0.38,3.460191,1.16634,0.5841,0.0
7963,-100,-35.0,40,2.25,13.0,-71.45,13.9843,-100,99.47,0.63,3.174987,1.132685,1.2183,0.0
7964,-100,-35.0,40,2.25,13.5,-73.28,14.0783,-100,99.63,0.44,4.77021,1.756135,0.7336,0.0001
7965,-100,-35.0,40,2.25,14.0,-70.91,15.0283,-100,99.33,0.81,3.430831,1.651525,1.1796,0.0001
7966,-100,-35.0,40,2.5,1.0,,,,100.0,0.0,0.0,0.0,0.0,0.0
7967,-100,-35.0,40,2.5,1.5,,,,100.0,0.0,0.0,0.0,0.0,0.0
7968,-100,-35.0,40,2.5,2.0,,,,100.0,0.0,0.0,0.0,0.0,0.0
7969,-100,-35.0,40,2.5,2.5,,,,100.0,0.0,0.0,0.0,0.0,0.0
7970,-100,-35.0,40,2.5,3.0,,,,100.0,0.0,0.0,0.0,0.0,0.0
7971,-100,-35.0,40,2.5,3.5,,,,100.0,0.0,0.0,0.0,0.0,0.0
7973,-100,-35.0,40,2.5,4.5,,,,100.0,0.0,0.0,0.0,0.0,0.0
7972,-100,-35.0,40,2.5,4.0,-50.0,0.0,-50,100.0,0.0,2.583759,0.0,0.0024,0.0
7974,-100,-35.0,40,2.5,5.0,,,,100.0,0.0,0.0,0.0,0.0,0.0
7975,-100,-35.0,40,2.5,5.5,-60.84,6.0156,-66,100.0,0.0,4.350099,0.90559,0.0076,0.0
7976,-100,-35.0,40,2.5,6.0,-54.73,6.6538,-63,99.98,0.03,2.168154,0.517971,0.0946,0.0
7977,-100,-35.0,40,2.5,6.5,-59.4,7.1729,-70,99.99,0.01,4.72803,1.755555,0.0175,0.0
7978,-100,-35.0,40,2.5,7.0,-59.11,7.3963,-74,99.98,0.02,5.337668,1.012353,0.0512,0.0
7979,-100,-35.0,40,2.5,7.5,-60.75,9.3051,-76,99.97,0.03,4.897541,1.567551,0.0797,0.0
7980,-100,-35.0,40,2.5,8.0,-60.79,8.8085,-77,99.95,0.06,4.114139,1.420605,0.1287,0.0
7981,-100,-35.0,40,2.5,8.5,-58.43,8.0805,-76,99.79,0.25,2.988873,0.866605,0.5758,0.0
7982,-100,-35.0,40,2.5,9.0,-58.61,9.2947,-82,99.83,0.21,3.194257,0.814802,0.4688,0.0
7983,-100,-35.0,40,2.5,9.5,-62.8,9.2964,-86,99.87,0.15,3.546199,1.923482,0.3427,0.0
7984,-100,-35.0,40,2.5,10.0,-67.55,10.8075,-94,99.63,0.45,2.373935,1.766041,1.248,0.0
7985,-100,-35.0,40,2.5,10.5,-63.27,11.0724,-92,99.75,0.3,4.084756,1.165334,0.5487,0.0
7986,-100,-35.0,40,2.5,11.0,-69.91,11.9397,-97,99.54,0.55,2.765669,1.064455,1.1403,0.0
7987,-100,-35.0,40,2.5,11.5,-69.47,12.6261,-100,99.3,0.84,2.599947,1.205062,1.6514,0.0
7988,-100,-35.0,40,2.5,12.0,-70.5,12.7871,-100,99.7,0.36,5.202537,3.122077,0.5112,0.0
7989,-100,-35.0,40,2.5,12.5,-67.97,13.661,-100,99.29,0.85,3.120418,1.463953,1.4362,0.0
7990,-100,-35.0,40,2.5,13.0,-70.53,14.0669,-100,99.23,0.93,3.527426,1.095629,1.4185,0.0002
7991,-100,-35.0,40,2.5,13.5,-67.76,14.5534,-100,99.06,1.13,3.48349,1.559811,1.6306,0.0001
7992,-100,-35.0,40,2.5,14.0,-71.49,15.8267,-100,99.2,0.96,4.820253,1.743252,1.1111,0.0003
7993,-100,-35.0,40,2.75,1.0,,,,100.0,0.0,0.0,0.0,0.0,0.0
7994,-100,-35.0,40,2.75,1.5,,,,100.0,0.0,0.0,0.0,0.0,0.0
7995,-100,-35.0,40,2.75,2.0,-51.0,0.0,-51,100.0,0.0,2.358261,0.0,0.0024,0.0
7997,-100,-35.0,40,2.75,3.0,,,,100.0,0.0,0.0,0.0,0.0,0.0
7996,-100,-35.0,40,2.75,2.5,,,,100.0,0.0,0.0,0.0,0.0,0.0
7998,-100,-35.0,40,2.75,3.5,-56.0,0.0,-56,100.0,0.0,6.797464,0.0,0.0024,0.0
7999,-100,-35.0,40,2.75,4.0,,,,100.0,0.0,0.0,0.0,0.0,0.0
8000,-100,-35.0,40,2.75,4.5,-55.05,4.6573,-60,99.99,0.01,3.267084,1.084425,0.0219,0.0
8001,-100,-35.0,40,2.75,5.0,-49.42,5.2712,-60,99.98,0.02,4.102191,0.873884,0.0655,0.0
8002,-100,-35.0,40,2.75,5.5,-49.46,5.4663,-62,99.98,0.02,4.899936,1.931036,0.0752,0.0
8003,-100,-35.0,40,2.75,6.0,-52.5,6.1823,-66,99.95,0.06,3.454768,0.854468,0.1792,0.0
8004,-100,-35.0,40,2.75,6.5,-54.26,7.0224,-68,99.91,0.11,3.016819,0.959651,0.3503,0.0
8005,-100,-35.0,40,2.75,7.0,-54.13,6.9153,-69,99.83,0.21,3.073623,0.885478,0.5476,0.0
8006,-100,-35.0,40,2.75,7.5,-58.28,8.4192,-74,99.82,0.21,3.805519,0.949454,0.6164,0.0
8007,-100,-35.0,40,2.75,8.0,-58.03,8.5515,-79,99.7,0.36,2.165832,0.936262,0.9817,0.0
8008,-100,-35.0,40,2.75,8.5,-58.81,9.3156,-77,99.84,0.19,5.100167,2.063746,0.3939,0.0
8010,-100,-35.0,40,2.75,9.5,-62.44,10.5808,-86,99.56,0.53,3.728814,1.07207,1.1466,0.0
8009,-100,-35.0,40,2.75,9.0,-64.96,9.4609,-86,99.64,0.44,3.30577,1.562809,1.1149,0.0
8011,-100,-35.0,40,2.75,10.0,-64.47,10.9252,-97,99.37,0.76,3.904289,1.837386,1.3704,0.0
8012,-100,-35.0,40,2.75,10.5,-65.98,11.0672,-92,99.32,0.81,3.265136,1.394386,1.4372,0.0
8014,-100,-35.0,40,2.75,11.5,-67.11,12.7443,-99,98.91,1.31,2.85281,1.100424,2.4299,0.0
8013,-100,-35.0,40,2.75,11.0,-66.17,12.0944,-99,99.1,1.08,3.081226,1.174158,1.7502,0.0
8015,-100,-35.0,40,2.75,12.0,-65.71,14.209,-100,98.87,1.36,3.363818,1.52001,2.5097,0.0001
8017,-100,-35.0,40,2.75,13.0,-67.98,14.0362,-100,98.57,1.72,3.033558,1.032527,2.4968,0.0002
8016,-100,-35.0,40,2.75,12.5,-67.58,13.9502,-100,98.74,1.52,3.111317,1.252163,2.6858,0.0002
8018,-100,-35.0,40,2.75,13.5,-64.68,14.4664,-100,98.63,1.65,3.896357,1.837826,1.8247,0.0003
8019,-100,-35.0,40,2.75,14.0,-66.3,16.0661,-100,98.93,1.29,5.067882,2.626837,1.2055,0.0006
8020,-100,-35.0,40,3.0,1.0,-43.5,0.5,-44,100.0,0.0,5.793035,1.204651,0.0049,0.0
8021,-100,-35.0,40,3.0,1.5,-41.4,1.3565,-43,100.0,0.0,5.656186,1.156524,0.0121,0.0
8022,-100,-35.0,40,3.0,2.0,-42.33,2.3094,-47,99.99,0.01,5.23715,1.311426,0.0219,0.0
8023,-100,-35.0,40,3.0,2.5,-41.47,2.3875,-46,99.97,0.03,4.276874,0.654641,0.1239,0.0
8024,-100,-35.0,40,3.0,3.0,-45.39,3.0135,-50,99.97,0.03,2.954578,0.882,0.0975,0.0
8025,-100,-35.0,40,3.0,3.5,-47.5,3.0999,-55,99.99,0.01,5.640157,1.585749,0.0341,0.0
8026,-100,-35.0,40,3.0,4.0,-45.0,4.0305,-59,99.89,0.14,2.047253,0.74741,0.4914,0.0
8028,-100,-35.0,40,3.0,5.0,-47.23,5.3084,-62,99.78,0.27,2.75849,0.691785,0.811,0.0
8029,-100,-35.0,40,3.0,5.5,-49.12,5.6693,-62,99.82,0.22,2.962123,0.715762,0.7256,0.0
8027,-100,-35.0,40,3.0,4.5,-45.8,4.9762,-57,99.92,0.1,3.533983,0.822287,0.2967,0.0
8030,-100,-35.0,40,3.0,6.0,-53.14,6.5039,-66,99.79,0.25,4.190321,1.223756,0.7985,0.0
8031,-100,-35.0,40,3.0,6.5,-55.05,7.0785,-75,99.79,0.25,5.556878,1.527638,0.6717,0.0
8032,-100,-35.0,40,3.0,7.0,-53.38,7.2599,-71,99.71,0.35,3.877523,1.155811,0.9822,0.0
8034,-100,-35.0,40,3.0,8.0,-59.42,9.0188,-75,99.39,0.73,4.150334,0.99164,1.5617,0.0
8033,-100,-35.0,40,3.0,7.5,-56.48,8.094,-75,99.51,0.59,3.407386,1.770485,1.1663,0.0
8035,-100,-35.0,40,3.0,8.5,-59.76,9.236,-90,99.4,0.72,4.224549,1.528901,1.4998,0.0
8036,-100,-35.0,40,3.0,9.0,-59.29,10.3937,-83,99.22,0.94,3.509826,1.454241,1.9333,0.0
8037,-100,-35.0,40,3.0,9.5,-63.62,10.978,-87,99.3,0.84,4.586591,1.312567,1.5522,0.0
8038,-100,-35.0,40,3.0,10.0,-62.58,11.3645,-96,98.86,1.37,3.622477,1.24135,2.4221,0.0
8039,-100,-35.0,40,3.0,10.5,-64.89,11.4785,-90,98.56,1.73,3.004219,1.470684,3.3708,0.0
8040,-100,-35.0,40,3.0,11.0,-62.39,11.8414,-100,98.54,1.76,3.157464,1.213462,2.8118,0.0
8041,-100,-35.0,40,3.0,11.5,-63.97,13.3204,-99,98.64,1.63,4.229651,1.748203,2.2777,0.0
8042,-100,-35.0,40,3.0,12.0,-64.41,14.3063,-100,98.25,2.1,3.311493,1.138851,3.1307,0.0002
8043,-100,-35.0,40,3.0,12.5,-63.44,13.7489,-100,98.38,1.94,3.958559,1.923773,2.1177,0.0002
8044,-100,-35.0,40,3.0,13.0,-65.0,15.0615,-100,97.99,2.42,3.149771,1.041458,3.1113,0.0006
8045,-100,-35.0,40,3.0,13.5,-62.95,15.4191,-100,97.15,3.42,2.531887,1.327747,5.1409,0.0006
8047,-100,-35.0,40,3.25,1.0,-41.55,1.258,-44,99.96,0.05,2.975026,0.634747,0.1675,0.0
8046,-100,-35.0,40,3.0,14.0,-63.84,15.3951,-100,97.3,3.24,3.106255,2.084327,3.8986,0.0012
8048,-100,-35.0,40,3.25,1.5,-39.18,1.6068,-42,99.92,0.1,4.581953,0.819375,0.345,0.0
8049,-100,-35.0,40,3.25,2.0,-39.47,2.5261,-44,99.89,0.13,9.676774,2.31774,0.4346,0.0
8050,-100,-35.0,40,3.25,2.5,-42.52,2.9636,-49,99.87,0.16,2.920059,0.889519,0.5171,0.0
8052,-100,-35.0,40,3.25,3.5,-42.85,3.7154,-51,99.61,0.46,3.850386,0.996653,1.6585,0.0
8051,-100,-35.0,40,3.25,3.0,-41.98,3.3004,-49,99.68,0.38,5.058999,1.291285,1.3742,0.0
8053,-100,-35.0,40,3.25,4.0,-45.49,4.5625,-63,99.8,0.25,3.537666,0.830275,0.7556,0.0
8054,-100,-35.0,40,3.25,4.5,-46.68,5.0485,-59,99.6,0.48,4.767259,2.322697,1.174,0.0
8055,-100,-35.0,40,3.25,5.0,-46.93,5.5261,-60,99.59,0.49,4.692216,2.266388,1.1954,0.0
8056,-100,-35.0,40,3.25,5.5,-49.35,6.4238,-63,99.58,0.5,4.626695,1.474124,1.3998,0.0
8058,-100,-35.0,40,3.25,6.5,-48.77,7.4486,-66,99.41,0.71,5.23172,1.595655,1.7458,0.0
8057,-100,-35.0,40,3.25,6.0,-50.08,6.9859,-65,99.4,0.72,3.895399,1.034496,1.8995,0.0
8059,-100,-35.0,40,3.25,7.0,-54.4,8.028,-73,99.16,1.01,3.838309,2.114269,2.764,0.0
8060,-100,-35.0,40,3.25,7.5,-52.43,8.776,-72,99.07,1.12,4.189317,2.381232,2.7335,0.0
8061,-100,-35.0,40,3.25,8.0,-53.25,9.6048,-76,98.26,2.09,2.430091,1.366666,4.6761,0.0
8062,-100,-35.0,40,3.25,8.5,-56.29,9.7414,-81,98.4,1.91,2.858938,1.46085,4.0576,0.0
8064,-100,-35.0,40,3.25,9.5,-58.73,10.7448,-84,97.71,2.75,2.275158,1.120877,5.1393,0.0
8063,-100,-35.0,40,3.25,9.0,-58.27,10.6399,-93,98.24,2.11,2.806404,1.538447,4.3556,0.0
8065,-100,-35.0,40,3.25,10.0,-60.27,12.1759,-91,97.97,2.44,2.758142,2.148354,4.7684,0.0
8066,-100,-35.0,40,3.25,10.5,-60.92,11.6878,-87,97.98,2.43,3.134778,2.021421,3.7956,0.0
8067,-100,-35.0,40,3.25,11.0,-60.04,12.9449,-95,97.95,2.46,3.476538,1.346489,3.469,0.0001
8068,-100,-35.0,40,3.25,11.5,-61.17,13.3619,-94,97.35,3.19,2.795637,1.70603,5.441,0.0001
8069,-100,-35.0,40,3.25,12.0,-63.1,14.8526,-100,97.96,2.45,4.065623,1.837936,2.8413,0.0001
8070,-100,-35.0,40,3.25,12.5,-61.04,15.7879,-100,96.81,3.83,2.842645,1.921128,6.3279,0.0006
8071,-100,-35.0,40,3.25,13.0,-61.47,15.1116,-100,97.46,3.05,3.935541,1.326139,3.2373,0.001
8072,-100,-35.0,40,3.25,13.5,-61.42,16.2736,-100,96.94,3.68,3.397339,1.360716,4.0399,0.0009
8074,-100,-35.0,40,3.5,1.0,-39.45,1.5535,-43,99.72,0.33,3.43203,1.055418,1.1847,0.0
8073,-100,-35.0,40,3.25,14.0,-60.64,15.6643,-100,95.85,4.98,2.650989,1.604183,6.605,0.001
8075,-100,-35.0,40,3.5,1.5,-38.34,1.7046,-44,98.92,1.3,1.806224,0.902536,4.7003,0.0
8076,-100,-35.0,40,3.5,2.0,-39.54,2.3521,-46,98.7,1.56,1.706917,1.006784,5.3107,0.0
8077,-100,-35.0,40,3.5,2.5,-40.6,2.8926,-47,99.43,0.68,3.782813,1.387963,2.3554,0.0
8078,-100,-35.0,40,3.5,3.0,-40.72,3.5805,-49,99.08,1.1,2.591984,1.287031,3.6814,0.0
8079,-100,-35.0,40,3.5,3.5,-42.28,4.1739,-54,99.21,0.94,3.210738,1.321629,2.4961,0.0
8080,-100,-35.0,40,3.5,4.0,-44.28,4.9449,-57,98.26,2.09,1.887914,1.062303,5.1716,0.0
8081,-100,-35.0,40,3.5,4.5,-43.15,5.5942,-54,97.89,2.53,1.337708,0.999077,7.3939,0.0
8082,-100,-35.0,40,3.5,5.0,-49.21,5.7363,-63,98.59,1.69,1.906785,1.353303,5.3526,0.0
8083,-100,-35.0,40,3.5,5.5,-45.12,6.3406,-63,98.71,1.55,3.357635,1.196475,3.462,0.0
8084,-100,-35.0,40,3.5,6.0,-49.12,7.6583,-67,98.22,2.14,2.189086,1.6827,5.8314,0.0
8085,-100,-35.0,40,3.5,6.5,-50.4,8.0701,-69,97.4,3.12,1.80823,0.969902,6.737,0.0
8086,-100,-35.0,40,3.5,7.0,-52.52,8.7185,-74,98.53,1.76,3.795396,1.94092,3.1625,0.0
8087,-100,-35.0,40,3.5,7.5,-51.04,8.7534,-70,97.64,2.83,2.484849,1.177918,5.5902,0.0
8088,-100,-35.0,40,3.5,8.0,-53.48,9.438,-77,96.91,3.71,1.81062,1.667537,7.858,0.0
8089,-100,-35.0,40,3.5,8.5,-57.46,11.0751,-89,97.24,3.31,2.273351,1.384715,6.0154,0.0
8090,-100,-35.0,40,3.5,9.0,-57.29,11.0417,-90,97.63,2.84,3.030162,1.146184,4.5197,0.0
8091,-100,-35.0,40,3.5,9.5,-59.37,11.7339,-93,97.09,3.49,2.553108,1.344388,5.5772,0.0
8092,-100,-35.0,40,3.5,10.0,-59.23,12.3314,-90,97.16,3.41,2.899701,1.625607,5.9022,0.0001
8093,-100,-35.0,40,3.5,10.5,-58.87,12.4688,-89,96.23,4.52,2.479417,1.684987,7.0951,0.0002
8094,-100,-35.0,40,3.5,11.0,-59.52,13.5343,-100,97.61,2.87,4.018539,1.615912,3.8488,0.0003
8095,-100,-35.0,40,3.5,11.5,-58.74,13.9372,-97,95.97,4.83,2.683253,1.238943,6.0588,0.0
8096,-100,-35.0,40,3.5,12.0,-58.94,14.3054,-100,97.04,3.55,3.475661,1.404344,3.9029,0.0007
8097,-100,-35.0,40,3.5,12.5,-57.32,14.7005,-100,96.12,4.66,3.156548,1.366453,4.5697,0.0006
8098,-100,-35.0,40,3.5,13.0,-59.37,16.3507,-100,95.23,5.73,2.516817,1.842996,8.1804,0.0011
8099,-100,-35.0,40,3.5,13.5,-58.17,16.6714,-100,95.26,5.7,2.738226,2.347996,8.0056,0.0027
8101,-100,-35.0,40,3.75,1.0,-37.61,2.2206,-44,97.19,3.37,0.48574,0.664671,11.4291,0.0
8100,-100,-35.0,40,3.5,14.0,-58.53,15.8665,-100,95.45,5.46,3.122635,1.504136,5.159,0.0027
8102,-100,-35.0,40,3.75,1.5,-35.59,2.6924,-45,96.25,4.5,0.853471,0.557797,11.1739,0.0
8103,-100,-35.0,40,3.75,2.0,-36.73,3.6408,-47,97.09,3.49,0.898328,1.294275,10.8633,0.0
8104,-100,-35.0,40,3.75,2.5,-40.85,3.4984,-51,97.49,3.01,1.28203,1.54827,9.3398,0.0
8105,-100,-35.0,40,3.75,3.0,-40.01,4.4924,-50,96.82,3.81,1.101949,1.380659,10.971,0.0
8106,-100,-35.0,40,3.75,3.5,-40.2,5.1346,-54,97.3,3.24,1.26287,1.642887,9.7478,0.0
8107,-100,-35.0,40,3.75,4.0,-42.3,6.0437,-54,96.49,4.21,1.143957,1.856942,11.6342,0.0
8108,-100,-35.0,40,3.75,4.5,-41.81,5.3391,-56,97.06,3.53,1.836458,2.084807,9.1497,0.0
8109,-100,-35.0,40,3.75,5.0,-45.1,6.2645,-60,97.82,2.62,2.445089,1.367741,5.3422,0.0
8110,-100,-35.0,40,3.75,5.5,-46.16,6.6709,-69,96.54,4.15,1.585609,1.447213,9.2535,0.0
8111,-100,-35.0,40,3.75,6.0,-48.26,7.655,-68,95.45,5.47,1.284562,1.135809,10.5872,0.0
8112,-100,-35.0,40,3.75,6.5,-47.54,8.6724,-71,96.41,4.31,1.861442,1.420803,8.9803,0.0
8113,-100,-35.0,40,3.75,7.0,-49.81,9.2728,-72,96.07,4.71,1.638919,1.939905,11.1058,0.0
8115,-100,-35.0,40,3.75,8.0,-53.17,9.7479,-80,96.95,3.66,2.673727,1.794532,6.1923,0.0
8114,-100,-35.0,40,3.75,7.5,-50.47,9.6192,-70,96.89,3.74,2.501087,1.124661,5.6794,0.0
8116,-100,-35.0,40,3.75,8.5,-53.45,11.4102,-84,96.67,4.0,2.615917,1.640693,6.4336,0.0
8117,-100,-35.0,40,3.75,9.0,-52.87,11.1356,-81,96.4,4.32,2.630365,1.91683,6.7579,0.0
8118,-100,-35.0,40,3.75,9.5,-55.05,12.2827,-86,95.68,5.19,2.323359,1.653052,8.3274,0.0
8119,-100,-35.0,40,3.75,10.0,-55.61,12.9978,-90,95.36,5.57,2.429941,1.409491,7.8164,0.0003
8120,-100,-35.0,40,3.75,10.5,-55.44,13.5751,-94,94.69,6.37,2.089174,1.426708,9.1826,0.0007
8121,-100,-35.0,40,3.75,11.0,-55.07,14.063,-94,94.74,6.31,2.234241,1.545228,8.7511,0.0008
8122,-100,-35.0,40,3.75,11.5,-55.46,14.9058,-100,94.29,6.85,2.242348,1.554846,8.3581,0.0009
8123,-100,-35.0,40,3.75,12.0,-55.9,15.8149,-100,94.89,6.13,2.781347,1.606979,7.6083,0.0012
8124,-100,-35.0,40,3.75,12.5,-55.39,15.9355,-100,93.51,7.78,2.195859,1.514686,9.5593,0.0016
8125,-100,-35.0,40,3.75,13.0,-55.68,17.0984,-100,94.09,7.09,2.474758,1.873009,9.5936,0.0011
8127,-100,-35.0,40,3.75,14.0,-55.7,17.1618,-100,93.28,8.06,2.528823,1.747218,9.3898,0.0056
8126,-100,-35.0,40,3.75,13.5,-56.27,16.4219,-100,92.99,8.41,2.119124,1.671206,10.243,0.0028
8128,-100,-35.0,40,4.0,1.0,-35.11,2.7367,-42,95.18,5.78,0.90962,1.077327,13.2127,0.0
8129,-100,-35.0,40,4.0,1.5,-35.68,3.2712,-44,94.99,6.01,0.452263,0.497787,14.8742,0.0
8130,-100,-35.0,40,4.0,2.0,-33.58,4.8199,-45,94.64,6.43,0.789857,1.022513,14.313,0.0
8131,-100,-35.0,40,4.0,2.5,-36.91,6.3729,-49,95.82,5.02,1.180202,1.08201,10.9206,0.0
8132,-100,-35.0,40,4.0,3.0,-38.98,4.5133,-50,95.7,5.16,0.880037,1.002532,12.5708,0.0
8133,-100,-35.0,40,4.0,3.5,-39.44,6.1155,-53,95.56,5.32,1.449158,1.629572,11.858,0.0
8134,-100,-35.0,40,4.0,4.0,-39.48,5.348,-55,94.74,6.31,1.190656,1.675651,13.6093,0.0
8135,-100,-35.0,40,4.0,4.5,-42.59,7.3399,-60,95.68,5.18,1.242384,1.203253,11.2167,0.0
8136,-100,-35.0,40,4.0,5.0,-41.17,7.5171,-62,94.63,6.45,1.17826,1.2331,13.0823,0.0
8137,-100,-35.0,40,4.0,5.5,-43.72,7.9861,-64,95.29,5.65,1.492635,1.39589,10.9038,0.0
8138,-100,-35.0,40,4.0,6.0,-48.01,8.4954,-67,95.04,5.95,1.511779,1.438736,11.3237,0.0
8139,-100,-35.0,40,4.0,6.5,-46.94,9.6935,-70,95.67,5.2,1.938928,1.859159,10.2569,0.0
8140,-100,-35.0,40,4.0,7.0,-49.51,10.0971,-68,94.75,6.31,1.808502,1.791448,11.3966,0.0
8142,-100,-35.0,40,4.0,8.0,-50.81,11.6512,-77,94.51,6.59,2.077731,1.756051,10.7216,0.0
8141,-100,-35.0,40,4.0,7.5,-47.94,9.9185,-77,94.49,6.62,2.008517,1.128561,8.8942,0.0
8143,-100,-35.0,40,4.0,8.5,-52.04,11.5761,-80,93.14,8.23,1.510877,1.188771,12.2013,0.0
8144,-100,-35.0,40,4.0,9.0,-51.99,12.0935,-80,94.74,6.31,2.323817,1.546173,8.1289,0.0002
8145,-100,-35.0,40,4.0,9.5,-52.36,13.6929,-89,94.12,7.06,2.097895,1.558241,10.2798,0.0
8146,-100,-35.0,40,4.0,10.0,-52.33,12.5073,-86,92.59,8.9,1.752404,1.275662,10.6553,0.0001
8147,-100,-35.0,40,4.0,10.5,-53.12,14.2348,-95,94.11,7.07,2.432784,1.820406,8.6836,0.0006
8148,-100,-35.0,40,4.0,11.0,-52.37,13.8442,-98,93.74,7.51,2.38419,1.73354,8.6161,0.0014
8149,-100,-35.0,40,4.0,11.5,-52.9,15.5898,-100,92.37,9.15,1.95689,1.71513,12.0391,0.0016
8151,-100,-35.0,40,4.0,12.5,-53.11,16.8764,-100,92.16,9.42,2.100536,1.690128,11.5651,0.0026
8150,-100,-35.0,40,4.0,12.0,-53.17,16.3231,-100,92.7,8.75,2.220699,1.610626,10.865,0.0023
8152,-100,-35.0,40,4.0,13.0,-52.46,17.2298,-100,91.32,10.41,2.046064,1.872564,12.9201,0.0056
8153,-100,-35.0,40,4.0,13.5,-52.95,17.5504,-100,92.75,8.71,2.667926,1.788138,8.8279,0.0071
8154,-100,-35.0,40,4.0,14.0,-52.0,17.4517,-100,90.66,11.21,1.956351,1.896672,12.0298,0.0063
8155,-100,-35.0,40,4.25,1.0,-34.36,5.1783,-44,94.1,7.07,0.865337,0.996236,14.5772,0.0
8156,-100,-35.0,40,4.25,1.5,-33.91,5.5318,-45,92.97,8.44,0.724467,0.797612,16.0899,0.0
8157,-100,-35.0,40,4.25,2.0,-35.42,5.4978,-46,92.46,9.05,0.807371,0.781925,16.055,0.0
8158,-100,-35.0,40,4.25,2.5,-35.27,6.8785,-47,93.53,7.76,0.987583,1.024009,14.6566,0.0
8159,-100,-35.0,40,4.25,3.0,-37.05,5.8377,-50,93.63,7.64,0.980772,1.460732,15.5969,0.0
8160,-100,-35.0,40,4.25,3.5,-37.67,6.5934,-54,92.53,8.96,0.886323,0.916755,15.8328,0.0
8161,-100,-35.0,40,4.25,4.0,-39.58,7.957,-56,92.74,8.72,1.043567,1.103764,14.9973,0.0
8162,-100,-35.0,40,4.25,4.5,-38.93,7.5196,-59,93.25,8.11,1.166333,1.231239,14.0218,0.0
8163,-100,-35.0,40,4.25,5.0,-42.24,9.2533,-60,93.29,8.05,1.276209,1.430398,14.4968,0.0
8164,-100,-35.0,40,4.25,5.5,-42.02,9.3694,-63,93.66,7.61,1.422633,1.591731,13.3969,0.0
8165,-100,-35.0,40,4.25,6.0,-44.03,9.9843,-68,93.39,7.93,1.587399,1.432159,12.0591,0.0
8166,-100,-35.0,40,4.25,6.5,-46.25,9.7027,-69,93.02,8.37,1.545008,1.632007,13.4608,0.0
8167,-100,-35.0,40,4.25,7.0,-47.05,10.5065,-71,92.45,9.07,1.509207,1.342958,13.1668,0.0
8168,-100,-35.0,40,4.25,7.5,-48.68,10.3983,-74,92.46,9.05,1.566562,1.725766,13.9809,0.0
8169,-100,-35.0,40,4.25,8.0,-50.23,11.5563,-78,92.28,9.26,1.511595,1.530739,13.2916,0.0
8170,-100,-35.0,40,4.25,8.5,-50.39,12.7395,-80,92.46,9.05,1.700327,1.340293,12.1929,0.0001
8171,-100,-35.0,40,4.25,9.0,-50.21,13.3195,-88,92.8,8.64,1.957229,1.603192,11.3506,0.0003
8172,-100,-35.0,40,4.25,9.5,-49.42,13.7707,-86,92.17,9.4,1.866319,1.525578,11.2539,0.0002
8173,-100,-35.0,40,4.25,10.0,-49.96,14.7342,-91,91.44,10.28,1.84187,1.858189,13.4864,0.0008
8174,-100,-35.0,40,4.25,10.5,-50.33,14.3662,-88,91.47,10.23,1.842987,1.645628,12.6531,0.002
8175,-100,-35.0,40,4.25,11.0,-49.97,14.8794,-92,91.01,10.78,1.870371,1.74893,13.7271,0.0029
8176,-100,-35.0,40,4.25,11.5,-50.53,15.701,-100,92.78,8.66,2.518142,1.755021,8.816,0.0011
8177,-100,-35.0,40,4.25,12.0,-50.44,16.6235,-100,90.99,10.81,2.065047,1.726387,12.4415,0.0049
8178,-100,-35.0,40,4.25,12.5,-50.59,16.8124,-100,91.43,10.28,2.275718,1.913716,10.9215,0.0037
8179,-100,-35.0,40,4.25,13.0,-49.81,17.2738,-100,90.21,11.75,2.024842,1.695026,12.2989,0.0084
8180,-100,-35.0,40,4.25,13.5,-49.41,17.9174,-100,90.36,11.56,2.314203,1.729003,11.0637,0.0071
8181,-100,-35.0,40,4.25,14.0,-49.79,18.8022,-100,90.62,11.26,2.365371,1.573454,9.4931,0.0054
8182,-100,-35.0,40,4.5,1.0,-32.68,6.016,-47,90.91,10.91,0.694732,0.78143,18.0579,0.0
8183,-100,-35.0,40,4.5,1.5,-33.6,6.2352,-48,90.1,11.88,0.618367,0.674085,19.0704,0.0
8184,-100,-35.0,40,4.5,2.0,-33.38,7.1917,-46,91.62,10.06,0.817082,0.72954,16.4067,0.0
8185,-100,-35.0,40,4.5,2.5,-34.18,6.7589,-48,90.63,11.24,0.735931,0.764848,17.8666,0.0
8187,-100,-35.0,40,4.5,3.5,-36.94,7.6955,-52,91.36,10.37,0.929629,1.183404,16.6994,0.0
8186,-100,-35.0,40,4.5,3.0,-35.92,7.5338,-51,91.12,10.66,0.788953,0.850188,17.1824,0.0
8188,-100,-35.0,40,4.5,4.0,-37.54,7.7372,-52,89.47,12.64,0.712168,1.230332,19.7623,0.0
8189,-100,-35.0,40,4.5,4.5,-38.82,8.1545,-58,90.69,11.17,0.941077,1.271429,17.6166,0.0
8190,-100,-35.0,40,4.5,5.0,-39.81,10.8528,-62,91.44,10.27,1.22578,1.158265,14.736,0.0
8191,-100,-35.0,40,4.5,5.5,-41.58,9.8387,-63,90.25,11.7,1.152928,1.164435,16.1416,0.0
8192,-100,-35.0,40,4.5,6.0,-42.64,10.2949,-71,90.12,11.86,1.162405,1.2779,16.6672,0.0
8193,-100,-35.0,40,4.5,6.5,-44.4,10.9267,-70,89.63,12.45,1.092595,1.192928,16.9025,0.0
8194,-100,-35.0,40,4.5,7.0,-44.89,12.1363,-72,90.44,11.48,1.403252,1.622424,15.6591,0.0
8195,-100,-35.0,40,4.5,7.5,-46.46,11.5883,-78,90.14,11.84,1.411073,1.381785,15.3422,0.0
8196,-100,-35.0,40,4.5,8.0,-48.2,12.4552,-77,90.7,11.17,1.506842,1.716212,15.171,0.0001
8197,-100,-35.0,40,4.5,8.5,-47.16,13.6257,-81,91.72,9.94,1.909088,1.943051,12.9848,0.0006
8198,-100,-35.0,40,4.5,9.0,-46.97,14.6893,-89,90.37,11.55,1.626572,1.733036,14.479,0.0009
8199,-100,-35.0,40,4.5,9.5,-47.15,14.2986,-83,90.4,11.52,1.759467,1.275443,12.3778,0.0002
8200,-100,-35.0,40,4.5,10.0,-46.93,14.6983,-88,90.24,11.71,1.937481,1.521374,12.1008,0.0018
8201,-100,-35.0,40,4.5,10.5,-47.01,16.0064,-90,88.59,13.7,1.616514,1.412989,14.4842,0.0018
8202,-100,-35.0,40,4.5,11.0,-47.53,15.715,-90,88.76,13.49,1.712682,1.398509,13.8161,0.0031
8203,-100,-35.0,40,4.5,11.5,-46.91,16.471,-98,89.42,12.7,2.03934,1.641725,12.442,0.0085
8204,-100,-35.0,40,4.5,12.0,-47.09,17.8779,-95,89.58,12.5,2.091962,1.540362,11.6769,0.0077
8205,-100,-35.0,40,4.5,12.5,-47.31,18.2268,-100,88.94,13.27,1.994112,1.592238,12.4744,0.0056
8206,-100,-35.0,40,4.5,13.0,-46.91,18.2363,-100,90.15,11.82,2.4287,1.76658,10.015,0.0116
8207,-100,-35.0,40,4.5,13.5,-46.94,19.1104,-100,88.82,13.42,2.166092,1.564762,11.0776,0.0118
8208,-100,-35.0,40,4.5,14.0,-47.23,19.8617,-100,89.33,12.81,2.351626,1.95194,11.6463,0.0176
8210,-100,-35.0,40,4.75,1.5,-30.93,7.1702,-45,88.57,13.71,0.640456,0.847399,20.4515,0.0
8209,-100,-35.0,40,4.75,1.0,-30.1,7.2993,-46,88.41,13.9,0.785147,0.660459,18.5343,0.0
8212,-100,-35.0,40,4.75,2.5,-34.05,8.7487,-50,88.86,13.37,0.736435,0.846494,19.4899,0.0
8211,-100,-35.0,40,4.75,2.0,-33.13,7.6983,-46,88.41,13.91,0.806984,0.829729,19.1167,0.0
8213,-100,-35.0,40,4.75,3.0,-33.83,8.5778,-51,89.58,12.51,1.074279,1.196417,17.4413,0.0
8214,-100,-35.0,40,4.75,3.5,-34.42,9.1284,-54,89.34,12.79,0.941923,1.214668,18.3366,0.0
8215,-100,-35.0,40,4.75,4.0,-35.23,9.4638,-55,88.83,13.41,0.960685,1.168745,17.9138,0.0
8216,-100,-35.0,40,4.75,4.5,-36.41,9.3166,-57,91.06,10.73,1.380229,1.3155,14.5006,0.0
8217,-100,-35.0,40,4.75,5.0,-39.71,9.472,-65,88.11,14.27,0.983061,1.060121,18.345,0.0
8218,-100,-35.0,40,4.75,5.5,-40.41,10.8245,-65,88.14,14.23,1.076753,1.201344,18.1314,0.0
8219,-100,-35.0,40,4.75,6.0,-40.78,12.6308,-68,90.58,11.31,1.558565,1.827644,14.8224,0.0
8220,-100,-35.0,40,4.75,6.5,-42.59,11.1954,-66,88.38,13.94,1.23999,1.232181,16.6799,0.0
8222,-100,-35.0,40,4.75,7.5,-43.3,12.6686,-73,89.04,13.15,1.490174,1.429893,15.4196,0.0001
8221,-100,-35.0,40,4.75,7.0,-43.53,11.8626,-73,88.56,13.73,1.316802,1.080633,15.3845,0.0
8223,-100,-35.0,40,4.75,8.0,-43.61,12.6221,-75,88.38,13.94,1.532811,1.579092,15.6687,0.0004
8224,-100,-35.0,40,4.75,8.5,-44.78,13.5925,-84,88.29,14.05,1.578114,1.478057,14.9646,0.0007
8225,-100,-35.0,40,4.75,9.0,-44.7,14.9331,-83,88.41,13.91,1.654966,1.719343,15.5892,0.0011
8226,-100,-35.0,40,4.75,9.5,-44.1,15.3492,-87,87.9,14.52,1.654938,1.577539,15.1289,0.0034
8227,-100,-35.0,40,4.75,10.0,-44.49,15.3014,-87,87.49,15.01,1.605998,1.556265,15.3415,0.0017
8228,-100,-35.0,40,4.75,10.5,-44.37,15.6134,-89,88.39,13.93,1.854593,1.751357,13.3007,0.0029
8229,-100,-35.0,40,4.75,11.0,-44.04,16.1096,-94,87.33,15.2,1.775399,1.394256,13.2145,0.0069
8231,-100,-35.0,40,4.75,12.0,-43.78,17.9862,-100,87.15,15.42,1.889085,1.526016,13.1557,0.0051
8230,-100,-35.0,40,4.75,11.5,-44.5,17.078,-100,86.69,15.98,1.720213,1.715853,15.5217,0.0081
8232,-100,-35.0,40,4.75,12.5,-44.08,17.7048,-96,87.1,15.49,1.889599,1.663374,13.3065,0.0118
8234,-100,-35.0,40,4.75,13.5,-44.74,19.4261,-100,87.06,15.53,2.047051,1.732906,12.911,0.0096
8233,-100,-35.0,40,4.75,13.0,-44.39,18.2957,-100,86.39,16.34,1.814667,1.527596,13.2819,0.0188
8235,-100,-35.0,40,4.75,14.0,-43.79,20.3262,-100,86.98,15.63,2.096532,1.690386,12.8467,0.0202
8237,-100,-35.0,40,5.0,1.5,-29.98,9.5321,-44,86.37,16.35,0.820649,0.849708,19.6589,0.0
8236,-100,-35.0,40,5.0,1.0,-28.6,9.1225,-42,85.86,16.97,0.754099,0.681323,20.2795,0.0
8238,-100,-35.0,40,5.0,2.0,-30.56,9.6981,-48,87.53,14.97,0.780995,0.805318,19.5305,0.0
8239,-100,-35.0,40,5.0,2.5,-31.68,10.0205,-53,85.0,18.01,0.768394,0.701628,20.6126,0.0
8240,-100,-35.0,40,5.0,3.0,-32.77,10.4983,-53,86.83,15.81,0.875976,0.846389,18.8852,0.0
8241,-100,-35.0,40,5.0,3.5,-34.59,10.4687,-55,87.76,14.69,0.94607,1.256988,19.2877,0.0
8243,-100,-35.0,40,5.0,4.5,-37.14,11.0352,-61,88.24,14.11,1.209711,1.247598,17.1943,0.0
8242,-100,-35.0,40,5.0,4.0,-32.94,10.1487,-55,87.45,15.06,1.121175,1.274393,17.4173,0.0
8244,-100,-35.0,40,5.0,5.0,-37.21,11.0603,-58,88.29,14.05,1.333003,1.311833,16.3439,0.0
8245,-100,-35.0,40,5.0,5.5,-40.02,12.3293,-63,88.14,14.23,1.311438,1.192048,15.4868,0.0
8246,-100,-35.0,40,5.0,6.0,-41.02,12.5193,-64,86.83,15.81,1.220697,1.737472,18.3152,0.0001
8247,-100,-35.0,40,5.0,6.5,-39.94,12.3506,-74,86.02,16.77,1.140989,1.168979,18.401,0.0
8248,-100,-35.0,40,5.0,7.0,-41.42,13.728,-75,87.13,15.44,1.436129,1.393157,16.5248,0.0001
8249,-100,-35.0,40,5.0,7.5,-41.77,13.533,-75,85.86,16.97,1.280004,1.542166,17.9833,0.0004
8250,-100,-35.0,40,5.0,8.0,-41.9,13.6699,-84,86.17,16.6,1.334053,1.13824,16.1329,0.0004
8251,-100,-35.0,40,5.0,8.5,-41.36,15.3158,-81,85.98,16.83,1.468753,1.288138,15.8166,0.0026
8252,-100,-35.0,40,5.0,9.0,-41.69,15.5515,-79,85.31,17.62,1.445971,1.250571,15.8764,0.0026
8253,-100,-35.0,40,5.0,9.5,-41.54,15.1921,-85,85.35,17.59,1.516189,1.633896,16.4132,0.0057
8254,-100,-35.0,40,5.0,10.0,-41.6,16.6055,-89,87.35,15.18,1.922298,1.408536,12.3356,0.007
8255,-100,-35.0,40,5.0,10.5,-41.57,17.1557,-94,85.91,16.91,1.737417,1.405657,13.9799,0.0079
8256,-100,-35.0,40,5.0,11.0,-41.89,17.1819,-92,86.7,15.96,1.852133,1.80931,14.3034,0.0084
8257,-100,-35.0,40,5.0,11.5,-41.63,16.8278,-100,86.42,16.3,1.908168,1.488162,12.6964,0.01
8258,-100,-35.0,40,5.0,12.0,-41.55,18.101,-91,86.31,16.43,1.932472,1.57036,13.3426,0.0074
8264,-100,-30.0,40,1.0,1.5,,,,100.0,0.0,0.0,0.0,0.0,0.0
8259,-100,-35.0,40,5.0,12.5,-41.07,18.4851,-97,86.13,16.65,2.037337,1.638215,12.1138,0.0207
8263,-100,-30.0,40,1.0,1.0,,,,100.0,0.0,0.0,0.0,0.0,0.0
8260,-100,-35.0,40,5.0,13.0,-41.06,18.8637,-100,85.69,17.17,2.008267,1.565146,12.3853,0.0151
8261,-100,-35.0,40,5.0,13.5,-41.67,19.1786,-100,85.02,17.98,1.971403,1.544317,12.7685,0.0272
8265,-100,-30.0,40,1.0,2.0,,,,100.0,0.0,0.0,0.0,0.0,0.0
8262,-100,-35.0,40,5.0,14.0,-41.68,19.8541,-100,85.41,17.51,2.066708,1.443196,11.4482,0.0246
8266,-100,-30.0,40,1.0,2.5,,,,100.0,0.0,0.0,0.0,0.0,0.0
8267,-100,-30.0,40,1.0,3.0,,,,100.0,0.0,0.0,0.0,0.0,0.0
8268,-100,-30.0,40,1.0,3.5,,,,100.0,0.0,0.0,0.0,0.0,0.0
8269,-100,-30.0,40,1.0,4.0,,,,100.0,0.0,0.0,0.0,0.0,0.0
8270,-100,-30.0,40,1.0,4.5,,,,100.0,0.0,0.0,0.0,0.0,0.0
8272,-100,-30.0,40,1.0,5.5,,,,100.0,0.0,0.0,0.0,0.0,0.0
8271,-100,-30.0,40,1.0,5.0,,,,100.0,0.0,0.0,0.0,0.0,0.0
8273,-100,-30.0,40,1.0,6.0,,,,100.0,0.0,0.0,0.0,0.0,0.0
8274,-100,-30.0,40,1.0,6.5,,,,100.0,0.0,0.0,0.0,0.0,0.0
8275,-100,-30.0,40,1.0,7.0,,,,100.0,0.0,0.0,0.0,0.0,0.0
8276,-100,-30.0,40,1.0,7.5,,,,100.0,0.0,0.0,0.0,0.0,0.0
8277,-100,-30.0,40,1.0,8.0,,,,100.0,0.0,0.0,0.0,0.0,0.0
8278,-100,-30.0,40,1.0,8.5,,,,100.0,0.0,0.0,0.0,0.0,0.0
8279,-100,-30.0,40,1.0,9.0,,,,100.0,0.0,0.0,0.0,0.0,0.0
8280,-100,-30.0,40,1.0,9.5,,,,100.0,0.0,0.0,0.0,0.0,0.0
8281,-100,-30.0,40,1.0,10.0,,,,100.0,0.0,0.0,0.0,0.0,0.0
8283,-100,-30.0,40,1.0,11.0,,,,100.0,0.0,0.0,0.0,0.0,0.0
8282,-100,-30.0,40,1.0,10.5,,,,100.0,0.0,0.0,0.0,0.0,0.0
8284,-100,-30.0,40,1.0,11.5,,,,100.0,0.0,0.0,0.0,0.0,0.0
8285,-100,-30.0,40,1.0,12.0,,,,100.0,0.0,0.0,0.0,0.0,0.0
8286,-100,-30.0,40,1.0,12.5,,,,100.0,0.0,0.0,0.0,0.0,0.0
8287,-100,-30.0,40,1.0,13.0,-88.5,0.5,-89,100.0,0.0,1.713714,0.815116,0.0033,0.0
8288,-100,-30.0,40,1.0,13.5,-86.0,7.0356,-94,100.0,0.0,3.168862,1.57203,0.0045,0.0
8289,-100,-30.0,40,1.0,14.0,-78.5,6.8739,-84,100.0,0.0,3.413265,0.426053,0.0057,0.0
8290,-100,-30.0,40,1.25,1.0,,,,100.0,0.0,0.0,0.0,0.0,0.0
8291,-100,-30.0,40,1.25,1.5,,,,100.0,0.0,0.0,0.0,0.0,0.0
8292,-100,-30.0,40,1.25,2.0,,,,100.0,0.0,0.0,0.0,0.0,0.0
8293,-100,-30.0,40,1.25,2.5,,,,100.0,0.0,0.0,0.0,0.0,0.0
8294,-100,-30.0,40,1.25,3.0,,,,100.0,0.0,0.0,0.0,0.0,0.0
8295,-100,-30.0,40,1.25,3.5,,,,100.0,0.0,0.0,0.0,0.0,0.0
8297,-100,-30.0,40,1.25,4.5,,,,100.0,0.0,0.0,0.0,0.0,0.0
8296,-100,-30.0,40,1.25,4.0,,,,100.0,0.0,0.0,0.0,0.0,0.0
8298,-100,-30.0,40,1.25,5.0,,,,100.0,0.0,0.0,0.0,0.0,0.0
8299,-100,-30.0,40,1.25,5.5,,,,100.0,0.0,0.0,0.0,0.0,0.0
8300,-100,-30.0,40,1.25,6.0,,,,100.0,0.0,0.0,0.0,0.0,0.0
8301,-100,-30.0,40,1.25,6.5,,,,100.0,0.0,0.0,0.0,0.0,0.0
8302,-100,-30.0,40,1.25,7.0,,,,100.0,0.0,0.0,0.0,0.0,0.0
8303,-100,-30.0,40,1.25,7.5,,,,100.0,0.0,0.0,0.0,0.0,0.0
8304,-100,-30.0,40,1.25,8.0,,,,100.0,0.0,0.0,0.0,0.0,0.0
8305,-100,-30.0,40,1.25,8.5,,,,100.0,0.0,0.0,0.0,0.0,0.0
8306,-100,-30.0,40,1.25,9.0,,,,100.0,0.0,0.0,0.0,0.0,0.0
8307,-100,-30.0,40,1.25,9.5,,,,100.0,0.0,0.0,0.0,0.0,0.0
8308,-100,-30.0,40,1.25,10.0,,,,100.0,0.0,0.0,0.0,0.0,0.0
8310,-100,-30.0,40,1.25,11.0,,,,100.0,0.0,0.0,0.0,0.0,0.0
8309,-100,-30.0,40,1.25,10.5,-79.0,0.0,-79,100.0,0.0,1.592665,0.0,0.0024,0.0
8311,-100,-30.0,40,1.25,11.5,,,,100.0,0.0,0.0,0.0,0.0,0.0
8312,-100,-30.0,40,1.25,12.0,-79.5,10.5,-90,100.0,0.0,1.771851,0.205463,0.0033,0.0
8313,-100,-30.0,40,1.25,12.5,-78.25,6.7763,-86,100.0,0.0,2.734166,0.380362,0.0107,0.0
8314,-100,-30.0,40,1.25,13.0,-74.0,2.0,-76,100.0,0.0,2.656153,0.467812,0.0033,0.0
8315,-100,-30.0,40,1.25,13.5,-77.3,12.9228,-100,100.0,0.0,3.697538,1.974146,0.0062,0.0
8316,-100,-30.0,40,1.25,14.0,-78.02,12.3628,-100,99.98,0.02,2.613486,0.837651,0.0357,0.0
8317,-100,-30.0,40,1.5,1.0,,,,100.0,0.0,0.0,0.0,0.0,0.0
8318,-100,-30.0,40,1.5,1.5,,,,100.0,0.0,0.0,0.0,0.0,0.0
8319,-100,-30.0,40,1.5,2.0,,,,100.0,0.0,0.0,0.0,0.0,0.0
8320,-100,-30.0,40,1.5,2.5,,,,100.0,0.0,0.0,0.0,0.0,0.0
8321,-100,-30.0,40,1.5,3.0,,,,100.0,0.0,0.0,0.0,0.0,0.0
8322,-100,-30.0,40,1.5,3.5,,,,100.0,0.0,0.0,0.0,0.0,0.0
8323,-100,-30.0,40,1.5,4.0,,,,100.0,0.0,0.0,0.0,0.0,0.0
8325,-100,-30.0,40,1.5,5.0,,,,100.0,0.0,0.0,0.0,0.0,0.0
8324,-100,-30.0,40,1.5,4.5,,,,100.0,0.0,0.0,0.0,0.0,0.0
8326,-100,-30.0,40,1.5,5.5,,,,100.0,0.0,0.0,0.0,0.0,0.0
8327,-100,-30.0,40,1.5,6.0,,,,100.0,0.0,0.0,0.0,0.0,0.0
8328,-100,-30.0,40,1.5,6.5,,,,100.0,0.0,0.0,0.0,0.0,0.0
8329,-100,-30.0,40,1.5,7.0,,,,100.0,0.0,0.0,0.0,0.0,0.0
8330,-100,-30.0,40,1.5,7.5,,,,100.0,0.0,0.0,0.0,0.0,0.0
8331,-100,-30.0,40,1.5,8.0,,,,100.0,0.0,0.0,0.0,0.0,0.0
8332,-100,-30.0,40,1.5,8.5,,,,100.0,0.0,0.0,0.0,0.0,0.0
8333,-100,-30.0,40,1.5,9.0,,,,100.0,0.0,0.0,0.0,0.0,0.0
8334,-100,-30.0,40,1.5,9.5,-70.0,10.0,-80,100.0,0.0,2.028648,0.500317,0.0049,0.0
8335,-100,-30.0,40,1.5,10.0,,,,100.0,0.0,0.0,0.0,0.0,0.0
8336,-100,-30.0,40,1.5,10.5,-82.5,6.5,-89,100.0,0.0,2.876616,0.044732,0.0049,0.0
8337,-100,-30.0,40,1.5,11.0,-76.0,10.0,-86,100.0,0.0,3.263018,0.452812,0.0049,0.0
8338,-100,-30.0,40,1.5,11.5,-83.88,11.0815,-93,100.0,0.0,4.058464,1.202371,0.006,0.0
8339,-100,-30.0,40,1.5,12.0,-66.25,13.9931,-86,100.0,0.0,2.738316,0.289092,0.0106,0.0
8340,-100,-30.0,40,1.5,12.5,-75.4,10.9287,-89,100.0,0.01,2.885275,1.204094,0.0089,0.0
8341,-100,-30.0,40,1.5,13.0,-69.3,12.6827,-100,99.99,0.01,2.669804,0.649805,0.02,0.0
8342,-100,-30.0,40,1.5,13.5,-73.43,10.9831,-93,99.98,0.02,3.038557,1.168663,0.025,0.0
8344,-100,-30.0,40,1.75,1.0,,,,100.0,0.0,0.0,0.0,0.0,0.0
8343,-100,-30.0,40,1.5,14.0,-77.87,12.3362,-100,99.97,0.04,3.781262,1.132371,0.0589,0.0
8345,-100,-30.0,40,1.75,1.5,,,,100.0,0.0,0.0,0.0,0.0,0.0
8346,-100,-30.0,40,1.75,2.0,,,,100.0,0.0,0.0,0.0,0.0,0.0
8347,-100,-30.0,40,1.75,2.5,,,,100.0,0.0,0.0,0.0,0.0,0.0
8348,-100,-30.0,40,1.75,3.0,,,,100.0,0.0,0.0,0.0,0.0,0.0
8349,-100,-30.0,40,1.75,3.5,,,,100.0,0.0,0.0,0.0,0.0,0.0
8350,-100,-30.0,40,1.75,4.0,,,,100.0,0.0,0.0,0.0,0.0,0.0
8351,-100,-30.0,40,1.75,4.5,,,,100.0,0.0,0.0,0.0,0.0,0.0
8352,-100,-30.0,40,1.75,5.0,,,,100.0,0.0,0.0,0.0,0.0,0.0
8353,-100,-30.0,40,1.75,5.5,,,,100.0,0.0,0.0,0.0,0.0,0.0
8354,-100,-30.0,40,1.75,6.0,,,,100.0,0.0,0.0,0.0,0.0,0.0
8355,-100,-30.0,40,1.75,6.5,,,,100.0,0.0,0.0,0.0,0.0,0.0
8356,-100,-30.0,40,1.75,7.0,,,,100.0,0.0,0.0,0.0,0.0,0.0
8357,-100,-30.0,40,1.75,7.5,,,,100.0,0.0,0.0,0.0,0.0,0.0
8358,-100,-30.0,40,1.75,8.0,,,,100.0,0.0,0.0,0.0,0.0,0.0
8359,-100,-30.0,40,1.75,8.5,,,,100.0,0.0,0.0,0.0,0.0,0.0
8360,-100,-30.0,40,1.75,9.0,,,,100.0,0.0,0.0,0.0,0.0,0.0
8361,-100,-30.0,40,1.75,9.5,-65.0,0.0,-65,100.0,0.0,4.130499,0.0,0.0024,0.0
8362,-100,-30.0,40,1.75,10.0,-72.67,9.2856,-82,100.0,0.0,2.640592,0.709338,0.004,0.0
8363,-100,-30.0,40,1.75,10.5,-75.33,13.0724,-91,100.0,0.0,4.598469,2.029419,0.004,0.0
8364,-100,-30.0,40,1.75,11.0,-67.78,7.4993,-80,100.0,0.0,2.491551,0.508732,0.0078,0.0
8365,-100,-30.0,40,1.75,11.5,-68.33,8.5677,-81,99.99,0.01,2.820678,0.742741,0.0293,0.0
8366,-100,-30.0,40,1.75,12.0,-73.27,11.8603,-96,99.99,0.01,3.27202,0.937782,0.0165,0.0
8367,-100,-30.0,40,1.75,12.5,-70.4,12.4911,-91,99.98,0.02,3.703384,1.61375,0.032,0.0
8368,-100,-30.0,40,1.75,13.0,-72.19,12.0854,-99,99.98,0.02,3.673208,1.671262,0.0304,0.0
8369,-100,-30.0,40,1.75,13.5,-74.42,14.3545,-100,99.95,0.06,2.526682,1.227833,0.1375,0.0
8370,-100,-30.0,40,1.75,14.0,-80.83,14.8786,-100,99.93,0.08,2.823034,1.236026,0.1148,0.0
8372,-100,-30.0,40,2.0,1.5,,,,100.0,0.0,0.0,0.0,0.0,0.0
8371,-100,-30.0,40,2.0,1.0,,,,100.0,0.0,0.0,0.0,0.0,0.0
8373,-100,-30.0,40,2.0,2.0,,,,100.0,0.0,0.0,0.0,0.0,0.0
8374,-100,-30.0,40,2.0,2.5,,,,100.0,0.0,0.0,0.0,0.0,0.0
8375,-100,-30.0,40,2.0,3.0,,,,100.0,0.0,0.0,0.0,0.0,0.0
8376,-100,-30.0,40,2.0,3.5,,,,100.0,0.0,0.0,0.0,0.0,0.0
8377,-100,-30.0,40,2.0,4.0,,,,100.0,0.0,0.0,0.0,0.0,0.0
8378,-100,-30.0,40,2.0,4.5,,,,100.0,0.0,0.0,0.0,0.0,0.0
8379,-100,-30.0,40,2.0,5.0,,,,100.0,0.0,0.0,0.0,0.0,0.0
8380,-100,-30.0,40,2.0,5.5,,,,100.0,0.0,0.0,0.0,0.0,0.0
8381,-100,-30.0,40,2.0,6.0,,,,100.0,0.0,0.0,0.0,0.0,0.0
8382,-100,-30.0,40,2.0,6.5,,,,100.0,0.0,0.0,0.0,0.0,0.0
8383,-100,-30.0,40,2.0,7.0,,,,100.0,0.0,0.0,0.0,0.0,0.0
8384,-100,-30.0,40,2.0,7.5,,,,100.0,0.0,0.0,0.0,0.0,0.0
8385,-100,-30.0,40,2.0,8.0,,,,100.0,0.0,0.0,0.0,0.0,0.0
8386,-100,-30.0,40,2.0,8.5,-43.0,0.0,-43,100.0,0.0,2.258555,0.0,0.0024,0.0
8387,-100,-30.0,40,2.0,9.0,-68.0,2.0,-70,100.0,0.0,3.841551,1.041486,0.0049,0.0
8388,-100,-30.0,40,2.0,9.5,-67.72,9.788,-83,100.0,0.0,2.609042,1.071031,0.0087,0.0
8389,-100,-30.0,40,2.0,10.0,-63.88,10.3789,-77,99.99,0.01,3.374154,0.921865,0.0227,0.0
8390,-100,-30.0,40,2.0,10.5,-62.0,14.1951,-76,100.0,0.0,3.36384,2.279682,0.0045,0.0
8391,-100,-30.0,40,2.0,11.0,-67.23,8.9656,-75,99.99,0.01,3.391302,1.080786,0.019,0.0
8392,-100,-30.0,40,2.0,11.5,-73.88,10.9466,-88,99.99,0.01,4.25553,1.24093,0.0264,0.0
8393,-100,-30.0,40,2.0,12.0,-73.67,13.1548,-92,99.96,0.05,2.407942,1.322005,0.1573,0.0
8394,-100,-30.0,40,2.0,12.5,-73.94,12.9703,-100,99.95,0.07,3.135589,0.999043,0.1216,0.0
8395,-100,-30.0,40,2.0,13.0,-72.81,12.8422,-97,99.93,0.08,3.118165,1.080543,0.1327,0.0
8396,-100,-30.0,40,2.0,13.5,-68.89,13.8361,-99,99.92,0.09,3.492485,1.580718,0.1376,0.0
8398,-100,-30.0,40,2.25,1.0,,,,100.0,0.0,0.0,0.0,0.0,0.0
8397,-100,-30.0,40,2.0,14.0,-72.21,14.3416,-100,99.88,0.14,3.378279,1.23219,0.1804,0.0
8399,-100,-30.0,40,2.25,1.5,,,,100.0,0.0,0.0,0.0,0.0,0.0
8400,-100,-30.0,40,2.25,2.0,,,,100.0,0.0,0.0,0.0,0.0,0.0
8401,-100,-30.0,40,2.25,2.5,,,,100.0,0.0,0.0,0.0,0.0,0.0
8402,-100,-30.0,40,2.25,3.0,,,,100.0,0.0,0.0,0.0,0.0,0.0
8403,-100,-30.0,40,2.25,3.5,,,,100.0,0.0,0.0,0.0,0.0,0.0
8404,-100,-30.0,40,2.25,4.0,,,,100.0,0.0,0.0,0.0,0.0,0.0
8405,-100,-30.0,40,2.25,4.5,,,,100.0,0.0,0.0,0.0,0.0,0.0
8406,-100,-30.0,40,2.25,5.0,,,,100.0,0.0,0.0,0.0,0.0,0.0
8407,-100,-30.0,40,2.25,5.5,,,,100.0,0.0,0.0,0.0,0.0,0.0
8409,-100,-30.0,40,2.25,6.5,,,,100.0,0.0,0.0,0.0,0.0,0.0
8410,-100,-30.0,40,2.25,7.0,,,,100.0,0.0,0.0,0.0,0.0,0.0
8408,-100,-30.0,40,2.25,6.0,,,,100.0,0.0,0.0,0.0,0.0,0.0
8411,-100,-30.0,40,2.25,7.5,-47.0,0.0,-47,100.0,0.0,6.218937,0.0,0.0024,0.0
8412,-100,-30.0,40,2.25,8.0,-59.5,3.5,-63,100.0,0.0,3.246886,0.949275,0.0033,0.0
8413,-100,-30.0,40,2.25,8.5,-59.58,4.8074,-65,99.99,0.01,2.946966,1.628978,0.016,0.0
8414,-100,-30.0,40,2.25,9.0,-56.23,8.6858,-76,99.99,0.01,3.542465,0.78712,0.0269,0.0
8415,-100,-30.0,40,2.25,9.5,-65.77,9.5528,-80,99.99,0.02,3.850813,0.871268,0.047,0.0
8416,-100,-30.0,40,2.25,10.0,-67.85,9.8324,-83,99.98,0.02,3.17578,0.75919,0.0511,0.0
8417,-100,-30.0,40,2.25,10.5,-66.72,10.7592,-83,99.96,0.04,3.483994,0.82256,0.0941,0.0
8418,-100,-30.0,40,2.25,11.0,-71.3,11.5608,-94,99.96,0.05,3.603785,1.223051,0.0917,0.0
8419,-100,-30.0,40,2.25,11.5,-71.83,12.9417,-92,99.97,0.04,4.113117,1.379532,0.0671,0.0
8421,-100,-30.0,40,2.25,12.5,-69.18,12.3227,-99,99.88,0.15,3.263339,0.959274,0.2361,0.0
8420,-100,-30.0,40,2.25,12.0,-69.95,12.4644,-87,99.92,0.1,3.679409,1.073071,0.2117,0.0
8422,-100,-30.0,40,2.25,13.0,-70.13,14.6435,-100,99.8,0.24,3.184231,1.450159,0.5216,0.0
8423,-100,-30.0,40,2.25,13.5,-71.5,14.2351,-100,99.85,0.18,3.80936,1.056675,0.2966,0.0
8424,-100,-30.0,40,2.25,14.0,-72.42,15.1669,-100,99.8,0.24,4.077429,1.525761,0.2922,0.0
8425,-100,-30.0,40,2.5,1.0,,,,100.0,0.0,0.0,0.0,0.0,0.0
8426,-100,-30.0,40,2.5,1.5,,,,100.0,0.0,0.0,0.0,0.0,0.0
8427,-100,-30.0,40,2.5,2.0,,,,100.0,0.0,0.0,0.0,0.0,0.0
8428,-100,-30.0,40,2.5,2.5,,,,100.0,0.0,0.0,0.0,0.0,0.0
8429,-100,-30.0,40,2.5,3.0,,,,100.0,0.0,0.0,0.0,0.0,0.0
8430,-100,-30.0,40,2.5,3.5,,,,100.0,0.0,0.0,0.0,0.0,0.0
8431,-100,-30.0,40,2.5,4.0,,,,100.0,0.0,0.0,0.0,0.0,0.0
8432,-100,-30.0,40,2.5,4.5,,,,100.0,0.0,0.0,0.0,0.0,0.0
8433,-100,-30.0,40,2.5,5.0,,,,100.0,0.0,0.0,0.0,0.0,0.0
8434,-100,-30.0,40,2.5,5.5,,,,100.0,0.0,0.0,0.0,0.0,0.0
8435,-100,-30.0,40,2.5,6.0,-58.0,0.0,-58,100.0,0.0,5.763328,0.0,0.0024,0.0
8436,-100,-30.0,40,2.5,6.5,-53.33,5.7927,-61,100.0,0.0,3.635168,0.373753,0.0073,0.0
8437,-100,-30.0,40,2.5,7.0,-60.25,3.8586,-63,100.0,0.0,4.122714,1.108472,0.0053,0.0
8438,-100,-30.0,40,2.5,7.5,-55.4,9.7582,-70,100.0,0.0,5.854203,1.438977,0.0123,0.0
8439,-100,-30.0,40,2.5,8.0,-59.8,9.2736,-73,99.99,0.02,4.452499,1.014154,0.0508,0.0
8440,-100,-30.0,40,2.5,8.5,-61.66,7.9061,-70,99.99,0.01,4.23522,0.840187,0.0268,0.0
8441,-100,-30.0,40,2.5,9.0,-60.8,10.4036,-83,99.96,0.04,2.247519,0.836799,0.1431,0.0
8442,-100,-30.0,40,2.5,9.5,-62.81,11.3926,-82,99.94,0.07,2.136145,1.392022,0.2246,0.0
8443,-100,-30.0,40,2.5,10.0,-64.33,10.0817,-91,99.95,0.06,4.246633,1.28849,0.1324,0.0
8444,-100,-30.0,40,2.5,10.5,-64.79,11.124,-91,99.92,0.09,2.543954,1.002982,0.2362,0.0
8445,-100,-30.0,40,2.5,11.0,-66.29,11.2718,-98,99.9,0.12,4.0752,1.031012,0.2673,0.0
8446,-100,-30.0,40,2.5,11.5,-63.86,11.8681,-100,99.84,0.19,3.766277,1.049362,0.3869,0.0
8447,-100,-30.0,40,2.5,12.0,-65.01,12.6191,-100,99.75,0.29,3.064,1.215914,0.6145,0.0
8448,-100,-30.0,40,2.5,12.5,-71.51,13.1166,-100,99.75,0.3,3.324103,1.501903,0.5245,0.0
8449,-100,-30.0,40,2.5,13.0,-67.64,12.8658,-100,99.79,0.25,4.601237,2.511194,0.3301,0.0
8451,-100,-30.0,40,2.5,14.0,-71.24,15.1295,-100,99.31,0.83,2.373648,1.469614,1.6563,0.0
8450,-100,-30.0,40,2.5,13.5,-68.47,14.1497,-100,99.52,0.58,2.966604,1.349168,1.0383,0.0
8452,-100,-30.0,40,2.75,1.0,,,,100.0,0.0,0.0,0.0,0.0,0.0
8453,-100,-30.0,40,2.75,1.5,,,,100.0,0.0,0.0,0.0,0.0,0.0
8454,-100,-30.0,40,2.75,2.0,,,,100.0,0.0,0.0,0.0,0.0,0.0
8455,-100,-30.0,40,2.75,2.5,,,,100.0,0.0,0.0,0.0,0.0,0.0
8456,-100,-30.0,40,2.75,3.0,,,,100.0,0.0,0.0,0.0,0.0,0.0
8457,-100,-30.0,40,2.75,3.5,,,,100.0,0.0,0.0,0.0,0.0,0.0
8458,-100,-30.0,40,2.75,4.0,,,,100.0,0.0,0.0,0.0,0.0,0.0
8459,-100,-30.0,40,2.75,4.5,,,,100.0,0.0,0.0,0.0,0.0,0.0
8460,-100,-30.0,40,2.75,5.0,-50.67,2.8674,-54,100.0,0.0,1.696638,0.507134,0.0073,0.0
8462,-100,-30.0,40,2.75,6.0,-61.0,0.0,-61,100.0,0.0,2.685191,0.0,0.0024,0.0
8461,-100,-30.0,40,2.75,5.5,-50.0,0.0,-50,100.0,0.0,5.484534,0.0,0.0024,0.0
8463,-100,-30.0,40,2.75,6.5,-48.71,4.6363,-55,99.99,0.01,4.90904,1.255613,0.0274,0.0
8464,-100,-30.0,40,2.75,7.0,-49.83,7.7791,-65,99.97,0.04,3.654346,0.955429,0.1165,0.0
8465,-100,-30.0,40,2.75,7.5,-54.28,5.8842,-64,99.96,0.05,3.25829,1.437023,0.1494,0.0
8466,-100,-30.0,40,2.75,8.0,-53.19,8.4736,-70,99.97,0.04,5.384154,2.267991,0.0909,0.0
8467,-100,-30.0,40,2.75,8.5,-53.21,8.1839,-75,99.94,0.07,5.439603,1.639737,0.1486,0.0
8469,-100,-30.0,40,2.75,9.5,-55.74,10.3008,-84,99.84,0.19,4.540964,1.358511,0.4901,0.0
8468,-100,-30.0,40,2.75,9.0,-58.2,10.0387,-79,99.92,0.1,4.306669,1.466892,0.2674,0.0
8470,-100,-30.0,40,2.75,10.0,-59.03,10.871,-83,99.71,0.34,2.612989,0.747353,0.958,0.0
8471,-100,-30.0,40,2.75,10.5,-65.73,12.1227,-87,99.76,0.29,3.836605,1.459625,0.7188,0.0
8472,-100,-30.0,40,2.75,11.0,-63.87,11.4342,-88,99.73,0.33,3.057461,1.523724,0.6237,0.0
8473,-100,-30.0,40,2.75,11.5,-63.11,12.888,-95,99.68,0.38,4.686051,1.910016,0.684,0.0
8474,-100,-30.0,40,2.75,12.0,-64.18,13.1797,-100,99.59,0.49,4.009993,1.737735,0.8241,0.0
8475,-100,-30.0,40,2.75,12.5,-66.56,13.252,-100,99.55,0.54,3.736636,1.012398,0.8561,0.0001
8476,-100,-30.0,40,2.75,13.0,-67.69,13.0951,-96,99.28,0.86,3.525727,1.595435,1.5004,0.0
8477,-100,-30.0,40,2.75,13.5,-66.65,14.1553,-99,99.35,0.78,4.118476,1.332703,0.9998,0.0001
8478,-100,-30.0,40,2.75,14.0,-66.48,14.8839,-100,99.19,0.97,3.253591,1.03595,1.3577,0.0003
8479,-100,-30.0,40,3.0,1.0,,,,100.0,0.0,0.0,0.0,0.0,0.0
8480,-100,-30.0,40,3.0,1.5,,,,100.0,0.0,0.0,0.0,0.0,0.0
8481,-100,-30.0,40,3.0,2.0,,,,100.0,0.0,0.0,0.0,0.0,0.0
8482,-100,-30.0,40,3.0,2.5,,,,100.0,0.0,0.0,0.0,0.0,0.0
8483,-100,-30.0,40,3.0,3.0,,,,100.0,0.0,0.0,0.0,0.0,0.0
8484,-100,-30.0,40,3.0,3.5,-47.0,0.0,-47,100.0,0.0,1.567998,0.0,0.0024,0.0
8486,-100,-30.0,40,3.0,4.5,-45.65,5.4009,-55,99.99,0.01,2.484305,0.394161,0.0413,0.0
8485,-100,-30.0,40,3.0,4.0,-42.5,3.4911,-49,100.0,0.0,4.348973,1.800292,0.0076,0.0
8487,-100,-30.0,40,3.0,5.0,-43.34,4.5495,-52,99.99,0.01,5.001802,0.967656,0.0292,0.0
8488,-100,-30.0,40,3.0,5.5,-42.86,5.6493,-57,99.95,0.06,3.783536,0.782154,0.1511,0.0
8489,-100,-30.0,40,3.0,6.0,-47.44,5.7573,-59,99.96,0.04,3.654601,0.748822,0.141,0.0
8490,-100,-30.0,40,3.0,6.5,-51.7,8.2165,-63,99.94,0.07,7.297285,1.371858,0.2275,0.0
8491,-100,-30.0,40,3.0,7.0,-51.54,6.9323,-68,99.82,0.22,1.916165,1.33948,0.7038,0.0
8492,-100,-30.0,40,3.0,7.5,-53.0,8.2937,-66,99.92,0.1,5.039791,1.73865,0.231,0.0
8493,-100,-30.0,40,3.0,8.0,-56.54,9.1691,-81,99.85,0.18,5.232723,1.643285,0.4956,0.0
8494,-100,-30.0,40,3.0,8.5,-55.14,8.8271,-71,99.81,0.22,3.492729,1.897623,0.6065,0.0
8495,-100,-30.0,40,3.0,9.0,-57.84,9.8356,-76,99.74,0.31,4.613143,2.415771,0.635,0.0
8496,-100,-30.0,40,3.0,9.5,-53.65,10.2265,-73,99.64,0.44,3.63866,1.146764,1.1793,0.0
8498,-100,-30.0,40,3.0,10.5,-62.06,11.5254,-89,99.65,0.42,4.833817,1.184161,0.7159,0.0
8497,-100,-30.0,40,3.0,10.0,-63.21,10.9935,-87,99.22,0.93,2.174248,1.236936,2.6463,0.0
8499,-100,-30.0,40,3.0,11.0,-60.31,11.4305,-96,99.09,1.09,2.55267,1.074153,2.2378,0.0
8500,-100,-30.0,40,3.0,11.5,-63.06,12.3528,-88,99.32,0.82,3.802557,1.442556,1.5604,0.0001
8501,-100,-30.0,40,3.0,12.0,-64.3,13.8225,-96,99.13,1.05,4.092685,1.069486,1.7039,0.0
8502,-100,-30.0,40,3.0,12.5,-65.63,13.8259,-100,98.74,1.51,2.656262,1.393478,2.8646,0.0
8503,-100,-30.0,40,3.0,13.0,-62.81,14.1009,-100,98.89,1.33,3.573889,1.006489,1.9114,0.0001
8504,-100,-30.0,40,3.0,13.5,-63.52,15.0583,-100,98.95,1.26,4.243193,1.540942,1.9607,0.0003
8505,-100,-30.0,40,3.0,14.0,-64.27,15.4316,-100,98.55,1.74,3.580691,1.255821,2.1936,0.0006
8506,-100,-30.0,40,3.25,1.0,,,,100.0,0.0,0.0,0.0,0.0,0.0
8507,-100,-30.0,40,3.25,1.5,,,,100.0,0.0,0.0,0.0,0.0,0.0
8508,-100,-30.0,40,3.25,2.0,-41.33,2.6247,-45,100.0,0.0,3.165328,0.129643,0.0073,0.0
8509,-100,-30.0,40,3.25,2.5,-39.67,3.1972,-47,99.99,0.01,3.278183,0.951468,0.0292,0.0
8511,-100,-30.0,40,3.25,3.5,-40.96,3.0587,-48,99.99,0.01,5.565823,1.309743,0.0443,0.0
8510,-100,-30.0,40,3.25,3.0,-39.96,3.2432,-47,99.99,0.02,2.29828,0.437759,0.0607,0.0
8512,-100,-30.0,40,3.25,4.0,-39.79,3.9135,-49,99.97,0.04,5.062818,1.1904,0.1485,0.0
8513,-100,-30.0,40,3.25,4.5,-45.81,5.0721,-53,99.9,0.13,8.248328,2.127726,0.4342,0.0
8514,-100,-30.0,40,3.25,5.0,-44.33,5.5333,-56,99.7,0.36,3.739641,0.863321,1.2589,0.0
8515,-100,-30.0,40,3.25,5.5,-45.12,5.7473,-55,99.72,0.34,2.966451,0.657301,1.1423,0.0
8516,-100,-30.0,40,3.25,6.0,-45.01,6.2536,-58,99.77,0.28,4.518881,1.056848,0.8109,0.0
8517,-100,-30.0,40,3.25,6.5,-47.81,6.8139,-62,99.83,0.21,5.719901,2.674321,0.5027,0.0
8518,-100,-30.0,40,3.25,7.0,-43.71,7.6211,-64,99.5,0.6,3.417578,1.151998,1.526,0.0
8519,-100,-30.0,40,3.25,7.5,-53.44,7.8724,-72,99.58,0.5,3.30288,1.491848,1.523,0.0
8520,-100,-30.0,40,3.25,8.0,-50.66,8.8159,-73,99.52,0.58,4.134199,1.07192,1.3836,0.0
8521,-100,-30.0,40,3.25,8.5,-49.96,9.5596,-73,99.4,0.72,4.286697,1.290466,1.5762,0.0
8522,-100,-30.0,40,3.25,9.0,-53.7,9.2018,-74,99.41,0.71,3.524387,2.068746,1.6778,0.0
8523,-100,-30.0,40,3.25,9.5,-56.89,10.2807,-81,98.98,1.22,2.463653,1.553411,2.4571,0.0
8524,-100,-30.0,40,3.25,10.0,-58.73,10.7663,-96,98.98,1.22,3.163254,1.277817,2.5261,0.0
8525,-100,-30.0,40,3.25,10.5,-58.21,11.5112,-98,98.87,1.35,3.312016,1.568905,2.2595,0.0
8526,-100,-30.0,40,3.25,11.0,-61.9,12.0426,-94,98.63,1.65,2.933563,1.56483,3.1096,0.0
8527,-100,-30.0,40,3.25,11.5,-59.14,12.6679,-99,98.53,1.77,2.891498,1.136729,2.9242,0.0
8528,-100,-30.0,40,3.25,12.0,-60.56,13.6924,-98,98.6,1.67,3.654191,2.285837,3.0584,0.0
8529,-100,-30.0,40,3.25,12.5,-62.67,13.7222,-100,98.18,2.19,2.900839,1.337849,3.1939,0.0001
8530,-100,-30.0,40,3.25,13.0,-60.49,14.5568,-100,98.15,2.23,3.179313,1.72934,3.2843,0.0001
8531,-100,-30.0,40,3.25,13.5,-61.16,15.3367,-99,98.1,2.28,3.199266,1.337345,3.3674,0.0003
8532,-100,-30.0,40,3.25,14.0,-61.86,16.2129,-100,98.15,2.22,3.449177,1.406735,2.9286,0.0004
8533,-100,-30.0,40,3.5,1.0,-30.53,1.3793,-37,99.35,0.78,2.123879,0.914115,2.8209,0.0
8534,-100,-30.0,40,3.5,1.5,-34.53,2.0559,-38,99.66,0.41,3.540923,1.456484,1.494,0.0
8535,-100,-30.0,40,3.5,2.0,-36.16,2.2113,-41,99.84,0.19,5.246498,1.260724,0.6911,0.0
8536,-100,-30.0,40,3.5,2.5,-37.03,2.4184,-43,99.83,0.21,2.519389,0.632562,0.7482,0.0
8537,-100,-30.0,40,3.5,3.0,-36.92,2.929,-43,99.84,0.19,5.403395,1.230893,0.6847,0.0
8538,-100,-30.0,40,3.5,3.5,-38.98,3.5963,-46,99.74,0.32,2.493667,0.797127,1.1282,0.0
8539,-100,-30.0,40,3.5,4.0,-38.65,4.1206,-50,99.55,0.54,3.024994,0.990051,1.776,0.0
8540,-100,-30.0,40,3.5,4.5,-42.71,4.8691,-50,99.84,0.19,7.082764,1.659252,0.5669,0.0
8541,-100,-30.0,40,3.5,5.0,-40.16,5.5138,-54,99.28,0.86,2.607557,0.720932,2.5101,0.0
8542,-100,-30.0,40,3.5,5.5,-45.2,5.751,-56,99.45,0.66,3.432428,1.407856,1.9967,0.0
8543,-100,-30.0,40,3.5,6.0,-45.94,6.7105,-58,99.59,0.49,4.889054,1.369724,1.3117,0.0
8544,-100,-30.0,40,3.5,6.5,-45.57,7.1318,-67,99.34,0.79,3.583206,1.30156,1.9974,0.0
8545,-100,-30.0,40,3.5,7.0,-49.06,8.0426,-69,98.93,1.28,3.003465,1.754764,3.2118,0.0
8546,-100,-30.0,40,3.5,7.5,-47.48,8.2353,-68,98.88,1.35,2.945609,0.829111,2.9686,0.0
8547,-100,-30.0,40,3.5,8.0,-50.98,9.0408,-75,99.1,1.08,3.51418,1.015293,2.4422,0.0
8548,-100,-30.0,40,3.5,8.5,-50.88,10.4113,-79,98.74,1.51,3.663737,1.747076,2.9593,0.0
8549,-100,-30.0,40,3.5,9.0,-53.45,9.8897,-84,98.22,2.14,2.339417,1.30414,4.692,0.0
8550,-100,-30.0,40,3.5,9.5,-55.29,11.2282,-89,98.25,2.1,2.457033,1.275734,4.2093,0.0
8551,-100,-30.0,40,3.5,10.0,-53.89,11.6311,-88,98.34,1.99,2.906941,1.906127,4.5475,0.0
8552,-100,-30.0,40,3.5,10.5,-55.11,12.44,-90,98.66,1.61,4.030155,2.428659,2.2156,0.0
8553,-100,-30.0,40,3.5,11.0,-57.8,12.5557,-93,97.43,3.08,1.958939,1.412308,6.222,0.0
8554,-100,-30.0,40,3.5,11.5,-57.88,13.2085,-99,97.82,2.61,2.682233,2.026352,5.0184,0.0001
8555,-100,-30.0,40,3.5,12.0,-58.8,13.9825,-94,98.05,2.35,3.884513,1.783283,2.8572,0.0002
8556,-100,-30.0,40,3.5,12.5,-58.88,15.1215,-94,97.83,2.6,3.567116,2.243707,4.2204,0.0001
8557,-100,-30.0,40,3.5,13.0,-57.89,15.0401,-99,97.29,3.26,3.284974,1.79457,3.7776,0.0003
8558,-100,-30.0,40,3.5,13.5,-58.54,16.4674,-100,97.19,3.37,3.255937,1.449231,4.5617,0.0003
8559,-100,-30.0,40,3.5,14.0,-58.03,15.8204,-100,96.85,3.78,3.05695,1.809216,4.2753,0.0009
8560,-100,-30.0,40,3.75,1.0,-33.17,1.2294,-37,98.89,1.33,1.710447,0.873329,4.8056,0.0
8561,-100,-30.0,40,3.75,1.5,-34.3,2.054,-40,99.43,0.68,1.96677,0.692336,2.4353,0.0
8562,-100,-30.0,40,3.75,2.0,-35.4,2.4435,-41,99.12,1.06,2.505202,1.660919,3.7241,0.0
8563,-100,-30.0,40,3.75,2.5,-37.07,2.6264,-46,98.68,1.59,1.328674,0.577106,5.7223,0.0
8564,-100,-30.0,40,3.75,3.0,-36.57,3.5539,-44,99.57,0.51,4.070904,1.409381,1.725,0.0
8566,-100,-30.0,40,3.75,4.0,-38.06,4.416,-47,98.79,1.45,2.426552,1.505954,4.4359,0.0
8565,-100,-30.0,40,3.75,3.5,-36.8,3.7827,-46,99.13,1.05,2.447798,0.700748,2.9693,0.0
8567,-100,-30.0,40,3.75,4.5,-40.49,5.1422,-53,98.97,1.24,3.001992,1.077153,3.146,0.0
8568,-100,-30.0,40,3.75,5.0,-40.56,5.6706,-57,98.9,1.32,3.267411,1.254078,3.1022,0.0
8569,-100,-30.0,40,3.75,5.5,-42.5,6.68,-56,98.53,1.76,2.295217,1.592542,4.8996,0.0
8572,-100,-30.0,40,3.75,7.0,-46.06,8.5805,-62,99.21,0.95,5.942756,2.203559,1.8353,0.0
8571,-100,-30.0,40,3.75,6.5,-42.99,7.8255,-61,98.56,1.72,2.948799,1.07227,3.8772,0.0
8570,-100,-30.0,40,3.75,6.0,-41.28,7.1673,-65,98.24,2.11,2.727447,1.447267,4.553,0.0
8573,-100,-30.0,40,3.75,7.5,-45.56,8.7712,-71,98.4,1.92,3.47269,1.425268,3.1986,0.0
8574,-100,-30.0,40,3.75,8.0,-49.48,9.025,-69,97.03,3.56,1.679923,1.354407,7.9203,0.0
8575,-100,-30.0,40,3.75,8.5,-48.14,10.2761,-71,96.37,4.36,1.288119,1.284645,10.1662,0.0
8576,-100,-30.0,40,3.75,9.0,-51.65,10.0823,-77,97.45,3.06,2.631785,1.287583,5.2595,0.0
8578,-100,-30.0,40,3.75,10.0,-56.01,12.3779,-85,98.49,1.82,5.172488,2.274209,2.3445,0.0001
8577,-100,-30.0,40,3.75,9.5,-51.39,11.8461,-80,97.43,3.09,2.426461,1.439901,6.0793,0.0
8579,-100,-30.0,40,3.75,10.5,-54.72,12.9006,-88,97.21,3.34,2.912642,1.263547,4.8557,0.0
8580,-100,-30.0,40,3.75,11.0,-55.71,13.0372,-88,97.01,3.59,2.949724,1.295557,5.1465,0.0001
8581,-100,-30.0,40,3.75,11.5,-55.71,13.4751,-95,97.05,3.54,3.063185,1.771876,5.5411,0.0
8582,-100,-30.0,40,3.75,12.0,-56.21,14.3811,-94,96.46,4.24,2.707817,1.580377,6.2904,0.0004
8583,-100,-30.0,40,3.75,12.5,-56.74,14.9467,-100,96.2,4.56,2.64103,1.529804,6.416,0.0009
8584,-100,-30.0,40,3.75,13.0,-56.37,15.9597,-100,96.69,3.97,3.429552,1.618757,4.1658,0.0004
8585,-100,-30.0,40,3.75,13.5,-56.21,16.3803,-100,96.58,4.11,3.26558,1.385631,4.165,0.0011
8586,-100,-30.0,40,3.75,14.0,-55.49,16.7732,-100,95.95,4.86,2.984094,1.128853,5.1374,0.0017
8587,-100,-30.0,40,4.0,1.0,-33.14,1.6952,-39,97.55,2.94,0.628633,0.710492,10.3265,0.0
8588,-100,-30.0,40,4.0,1.5,-32.44,2.5736,-40,97.42,3.09,0.866708,0.942746,9.9362,0.0
8589,-100,-30.0,40,4.0,2.0,-32.52,3.6771,-42,96.95,3.66,0.788265,1.050964,11.2149,0.0
8590,-100,-30.0,40,4.0,2.5,-33.56,3.635,-43,96.84,3.8,0.937167,1.191937,11.1916,0.0
8591,-100,-30.0,40,4.0,3.0,-34.47,3.7004,-46,97.86,2.57,1.610885,1.942577,7.9615,0.0
8592,-100,-30.0,40,4.0,3.5,-35.41,4.5796,-47,97.66,2.81,1.364803,1.263172,8.2403,0.0
8593,-100,-30.0,40,4.0,4.0,-37.4,4.9761,-57,97.49,3.01,1.553766,1.311216,8.1381,0.0
8594,-100,-30.0,40,4.0,4.5,-38.83,6.592,-54,97.29,3.25,1.473631,1.121493,8.3584,0.0
8595,-100,-30.0,40,4.0,5.0,-40.95,5.6166,-56,95.43,5.48,0.819853,1.289303,13.3501,0.0
8596,-100,-30.0,40,4.0,5.5,-42.74,7.8094,-60,97.46,3.04,2.096657,1.672622,7.0698,0.0
8597,-100,-30.0,40,4.0,6.0,-41.57,8.1144,-60,96.17,4.59,1.386789,0.838605,9.0857,0.0
8599,-100,-30.0,40,4.0,7.0,-46.19,9.2007,-71,96.71,3.95,1.932162,1.889428,9.0878,0.0
8598,-100,-30.0,40,4.0,6.5,-41.25,8.7932,-63,95.84,4.99,1.398496,1.608218,11.4034,0.0
8600,-100,-30.0,40,4.0,7.5,-45.96,9.5903,-73,96.51,4.19,1.947994,1.06931,7.4065,0.0
8601,-100,-30.0,40,4.0,8.0,-47.68,10.2287,-74,96.04,4.75,1.779079,1.148471,8.4598,0.0
8602,-100,-30.0,40,4.0,8.5,-49.7,10.2544,-72,94.19,6.97,1.168883,0.955522,12.1516,0.0
8603,-100,-30.0,40,4.0,9.0,-48.27,11.4505,-78,96.73,3.93,2.633425,1.332247,6.328,0.0
8604,-100,-30.0,40,4.0,9.5,-52.52,12.1577,-84,96.28,4.47,2.347286,1.790115,7.5579,0.0
8605,-100,-30.0,40,4.0,10.0,-51.24,12.2989,-84,95.97,4.83,2.49044,1.136188,6.7267,0.0001
8606,-100,-30.0,40,4.0,10.5,-51.47,13.4291,-85,96.31,4.43,2.512327,1.311027,6.536,0.0001
8608,-100,-30.0,40,4.0,11.5,-52.58,14.168,-92,95.34,5.59,2.47893,1.530722,7.6105,0.0008
8607,-100,-30.0,40,4.0,11.0,-53.28,14.1338,-95,95.74,5.11,2.597996,1.557574,6.9131,0.0004
8609,-100,-30.0,40,4.0,12.0,-53.27,15.2353,-94,96.0,4.8,3.024065,1.602522,5.5352,0.0006
8610,-100,-30.0,40,4.0,12.5,-53.06,16.0532,-100,95.34,5.59,2.608134,1.302607,6.7343,0.0004
8611,-100,-30.0,40,4.0,13.0,-52.01,16.432,-98,94.9,6.11,2.747648,1.309483,6.5072,0.0011
8612,-100,-30.0,40,4.0,13.5,-52.54,16.6315,-100,94.44,6.67,2.554985,2.240722,9.5059,0.0012
8613,-100,-30.0,40,4.0,14.0,-54.21,17.4043,-100,93.25,8.11,1.97196,1.434368,10.3435,0.0015
8614,-100,-30.0,40,4.25,1.0,-30.34,3.09,-38,96.56,4.13,1.004443,0.795813,10.4924,0.0
8615,-100,-30.0,40,4.25,1.5,-30.3,3.7856,-39,96.18,4.59,0.936116,1.198502,11.9046,0.0
8617,-100,-30.0,40,4.25,2.5,-32.71,3.5933,-43,95.28,5.66,0.672403,0.898838,13.8334,0.0
8616,-100,-30.0,40,4.25,2.0,-28.11,4.6348,-39,94.32,6.81,0.664732,1.043964,15.2715,0.0
8618,-100,-30.0,40,4.25,3.0,-36.56,4.9766,-49,95.48,5.43,0.731808,0.770718,13.179,0.0
8619,-100,-30.0,40,4.25,3.5,-32.79,5.6657,-49,94.09,7.09,0.72305,1.016057,15.3874,0.0
8620,-100,-30.0,40,4.25,4.0,-33.07,5.7421,-49,94.18,6.98,0.843118,1.403905,14.6828,0.0
8621,-100,-30.0,40,4.25,4.5,-35.6,6.4295,-55,94.43,6.68,0.945872,1.063622,14.0404,0.0
8622,-100,-30.0,40,4.25,5.0,-36.18,7.5178,-55,94.92,6.1,1.124743,1.134929,12.7519,0.0
8623,-100,-30.0,40,4.25,5.5,-39.26,7.3294,-61,95.73,5.13,1.602982,1.525997,10.3961,0.0
8624,-100,-30.0,40,4.25,6.0,-39.45,8.4489,-64,94.09,7.09,1.163994,1.193225,13.4388,0.0
8626,-100,-30.0,40,4.25,7.0,-41.54,10.0454,-64,95.02,5.97,1.522367,1.436167,11.5866,0.0
8625,-100,-30.0,40,4.25,6.5,-41.36,9.79,-69,94.81,6.23,1.439125,1.202912,11.6101,0.0
8627,-100,-30.0,40,4.25,7.5,-45.87,9.7609,-65,95.16,5.8,1.670253,2.371211,11.6749,0.0
8628,-100,-30.0,40,4.25,8.0,-44.33,12.2184,-75,95.62,5.25,2.019798,1.611521,9.6869,0.0
8629,-100,-30.0,40,4.25,8.5,-46.67,11.1776,-77,94.7,6.36,1.772208,1.62805,10.7891,0.0
8630,-100,-30.0,40,4.25,9.0,-49.24,12.2372,-80,93.73,7.52,1.572975,1.130186,11.0802,0.0
8631,-100,-30.0,40,4.25,9.5,-49.47,11.9257,-84,95.09,5.89,2.251676,1.230212,8.0179,0.0
8632,-100,-30.0,40,4.25,10.0,-50.71,12.6222,-89,94.79,6.26,2.165527,1.935578,10.5359,0.0
8633,-100,-30.0,40,4.25,10.5,-48.27,13.876,-84,94.36,6.77,2.121472,1.652245,10.1271,0.0
8634,-100,-30.0,40,4.25,11.0,-50.94,14.5334,-91,94.65,6.42,2.225275,1.478791,8.5953,0.0006
8635,-100,-30.0,40,4.25,11.5,-50.23,15.4165,-92,93.68,7.58,2.0946,1.660092,10.7814,0.0009
8636,-100,-30.0,40,4.25,12.0,-49.62,15.948,-95,93.01,8.39,2.01567,1.769254,11.3662,0.0009
8637,-100,-30.0,40,4.25,12.5,-50.06,16.4578,-100,93.6,7.68,2.367574,1.394613,8.6289,0.0016
8638,-100,-30.0,40,4.25,13.0,-49.83,17.1927,-98,94.52,6.58,2.89026,1.529959,6.737,0.0025
8639,-100,-30.0,40,4.25,13.5,-49.77,17.8748,-95,93.5,7.8,2.485946,1.628451,8.404,0.0032
8640,-100,-30.0,40,4.25,14.0,-49.45,17.6539,-100,92.44,9.08,2.352768,1.897473,9.6481,0.0012
8641,-100,-30.0,40,4.5,1.0,-26.48,6.2409,-37,94.72,6.34,0.934741,1.252537,14.0192,0.0
8642,-100,-30.0,40,4.5,1.5,-30.3,5.1855,-40,94.23,6.92,0.935974,1.126223,14.3574,0.0
8643,-100,-30.0,40,4.5,2.0,-30.71,5.0579,-42,94.29,6.86,0.832213,1.207604,14.9832,0.0
8644,-100,-30.0,40,4.5,2.5,-30.55,5.3491,-42,93.97,7.24,0.89595,1.013278,14.1092,0.0
8645,-100,-30.0,40,4.5,3.0,-31.18,6.2396,-50,94.49,6.61,1.420126,1.126917,11.4837,0.0
8646,-100,-30.0,40,4.5,3.5,-33.39,7.4777,-51,93.66,7.61,0.780189,1.148712,14.9824,0.0
8647,-100,-30.0,40,4.5,4.0,-34.78,6.769,-51,93.01,8.39,0.96546,1.173439,15.3033,0.0
8648,-100,-30.0,40,4.5,4.5,-33.46,9.1163,-53,94.64,6.43,1.578471,1.038693,10.512,0.0
8649,-100,-30.0,40,4.5,5.0,-35.73,8.4168,-54,93.41,7.9,1.098358,1.190692,14.64,0.0
8650,-100,-30.0,40,4.5,5.5,-39.28,9.5823,-60,94.05,7.14,1.357991,1.266135,12.697,0.0
8651,-100,-30.0,40,4.5,6.0,-41.1,9.8942,-61,94.28,6.86,1.455552,1.302686,12.2671,0.0
8652,-100,-30.0,40,4.5,6.5,-41.02,9.6872,-67,93.37,7.96,1.25365,1.738758,15.2991,0.0
8653,-100,-30.0,40,4.5,7.0,-41.27,10.8333,-66,93.45,7.86,1.396784,1.518863,13.7504,0.0
8654,-100,-30.0,40,4.5,7.5,-45.16,10.7926,-68,92.65,8.82,1.300172,1.399022,14.3482,0.0
8655,-100,-30.0,40,4.5,8.0,-45.83,11.7835,-72,92.58,8.91,1.44414,1.165937,13.2914,0.0
8656,-100,-30.0,40,4.5,8.5,-46.5,13.2569,-75,93.47,7.84,1.805891,1.457537,10.9147,0.0
8657,-100,-30.0,40,4.5,9.0,-46.91,12.0625,-87,93.98,7.22,2.0569,2.062892,11.3459,0.0
8659,-100,-30.0,40,4.5,10.0,-46.88,14.3662,-90,93.59,7.7,2.189529,1.699586,10.1254,0.0007
8658,-100,-30.0,40,4.5,9.5,-46.69,13.6805,-81,93.12,8.26,1.870972,1.477221,11.0366,0.0
8660,-100,-30.0,40,4.5,10.5,-46.59,14.0982,-83,92.78,8.66,2.098218,1.566404,10.549,0.0006
8661,-100,-30.0,40,4.5,11.0,-47.19,14.996,-86,92.42,9.09,1.912612,1.455238,11.236,0.0013
8662,-100,-30.0,40,4.5,11.5,-47.73,15.6806,-87,91.48,10.22,1.819475,1.373489,12.2895,0.0012
8663,-100,-30.0,40,4.5,12.0,-46.73,16.271,-97,92.28,9.27,2.254543,1.502876,10.1157,0.0043
8665,-100,-30.0,40,4.5,13.0,-46.37,17.2425,-97,91.56,10.13,2.290263,1.618145,10.1415,0.0054
8664,-100,-30.0,40,4.5,12.5,-47.68,17.2026,-100,90.81,11.03,1.819812,1.609033,13.5251,0.0018
8666,-100,-30.0,40,4.5,13.5,-46.62,17.5885,-100,91.07,10.72,2.160398,1.607058,11.4701,0.006
8667,-100,-30.0,40,4.5,14.0,-46.82,18.9747,-100,91.91,9.71,2.409279,1.925167,10.0578,0.0047
8668,-100,-30.0,40,4.75,1.0,-26.6,7.0577,-38,92.43,9.09,0.735162,1.091064,16.8607,0.0
8669,-100,-30.0,40,4.75,1.5,-27.41,6.1433,-40,92.5,9.0,0.752885,1.002469,16.6902,0.0
8670,-100,-30.0,40,4.75,2.0,-28.0,6.7179,-42,90.69,11.18,0.586076,0.732337,18.6361,0.0
8671,-100,-30.0,40,4.75,2.5,-28.35,7.3669,-45,90.99,10.81,0.710661,0.759221,17.96,0.0
8672,-100,-30.0,40,4.75,3.0,-30.55,7.4125,-45,92.63,8.85,1.107757,1.183251,14.9278,0.0
8673,-100,-30.0,40,4.75,3.5,-31.54,8.3411,-50,93.1,8.28,1.216257,1.357237,13.7757,0.0
8674,-100,-30.0,40,4.75,4.0,-32.07,7.785,-52,91.91,9.71,1.003757,1.047932,15.7966,0.0
8675,-100,-30.0,40,4.75,4.5,-33.07,8.6354,-51,90.28,11.66,0.833864,0.919039,17.6825,0.0
8676,-100,-30.0,40,4.75,5.0,-35.56,8.8609,-57,91.05,10.74,1.044375,1.132343,16.2788,0.0
8678,-100,-30.0,40,4.75,6.0,-36.66,10.1496,-63,91.5,10.2,1.154528,1.02501,14.9827,0.0
8677,-100,-30.0,40,4.75,5.5,-36.81,9.954,-60,90.95,10.86,0.896882,0.942402,16.8339,0.0
8679,-100,-30.0,40,4.75,6.5,-40.68,10.7389,-65,91.54,10.15,1.386716,1.530976,15.0906,0.0
8680,-100,-30.0,40,4.75,7.0,-42.05,10.9855,-66,90.97,10.84,1.223122,1.291679,15.8212,0.0
8681,-100,-30.0,40,4.75,7.5,-43.51,12.3398,-64,91.93,9.68,1.458702,1.519623,14.3826,0.0
8683,-100,-30.0,40,4.75,8.5,-42.77,13.3589,-80,91.92,9.7,1.706515,1.438018,12.9901,0.0
8682,-100,-30.0,40,4.75,8.0,-43.68,12.816,-75,91.79,9.85,1.599632,1.776882,14.4672,0.0
8684,-100,-30.0,40,4.75,9.0,-44.04,13.526,-80,90.79,11.05,1.574856,1.228089,12.7595,0.0
8685,-100,-30.0,40,4.75,9.5,-43.27,14.3451,-84,90.21,11.74,1.611439,1.304482,13.6988,0.0004
8686,-100,-30.0,40,4.75,10.0,-43.85,14.3897,-84,90.38,11.55,1.696747,1.327747,12.84,0.0011
8687,-100,-30.0,40,4.75,10.5,-44.14,15.3419,-84,91.13,10.64,1.961245,1.640055,12.1646,0.001
8688,-100,-30.0,40,4.75,11.0,-44.32,15.0663,-87,90.14,11.83,1.692004,1.702425,13.8599,0.0025
8689,-100,-30.0,40,4.75,11.5,-44.04,16.8811,-90,90.3,11.64,1.956979,1.575499,12.3922,0.0029
8690,-100,-30.0,40,4.75,12.0,-44.41,16.8785,-92,89.78,12.26,1.838661,1.595996,13.5148,0.0012
8691,-100,-30.0,40,4.75,12.5,-43.52,17.7654,-100,88.79,13.45,1.783246,1.804158,14.111,0.0039
8693,-100,-30.0,40,4.75,13.5,-44.23,19.4263,-100,89.82,12.22,2.094859,1.685913,11.6337,0.008
8692,-100,-30.0,40,4.75,13.0,-44.66,19.1841,-100,90.01,11.99,2.054314,1.507337,11.6822,0.0048
8695,-100,-30.0,40,5.0,1.0,-26.09,8.4358,-37,89.37,12.75,0.556097,0.822725,20.0491,0.0
8694,-100,-30.0,40,4.75,14.0,-44.13,19.1014,-100,88.75,13.5,1.947301,1.67146,13.0355,0.0068
8696,-100,-30.0,40,5.0,1.5,-27.04,8.6678,-43,90.03,11.96,0.898471,0.954256,17.5927,0.0
8697,-100,-30.0,40,5.0,2.0,-27.08,8.107,-43,91.03,10.76,0.941093,1.114414,16.7923,0.0
8698,-100,-30.0,40,5.0,2.5,-28.84,6.8933,-43,89.98,12.03,0.754116,0.89973,18.6122,0.0
8699,-100,-30.0,40,5.0,3.0,-27.0,8.6232,-45,89.63,12.44,0.884293,0.804201,17.5968,0.0
8700,-100,-30.0,40,5.0,3.5,-31.68,7.9553,-48,91.28,10.47,1.033881,1.249942,16.4597,0.0
8701,-100,-30.0,40,5.0,4.0,-29.98,9.7428,-50,88.71,13.55,0.850811,0.978329,18.881,0.0
8702,-100,-30.0,40,5.0,4.5,-30.47,9.1289,-54,88.84,13.39,0.931527,1.210544,18.6505,0.0
8703,-100,-30.0,40,5.0,5.0,-31.21,10.4581,-55,89.93,12.08,1.132142,1.037456,16.1834,0.0
8704,-100,-30.0,40,5.0,5.5,-35.07,11.0033,-58,90.33,11.6,1.149088,1.527868,17.18,0.0
8705,-100,-30.0,40,5.0,6.0,-35.8,11.1972,-62,89.32,12.82,1.127395,1.172031,16.935,0.0
8706,-100,-30.0,40,5.0,6.5,-38.55,12.4957,-65,88.71,13.55,1.158829,1.037772,16.6623,0.0
8708,-100,-30.0,40,5.0,7.5,-42.45,12.7747,-74,89.63,12.44,1.360886,1.457218,16.0768,0.0001
8707,-100,-30.0,40,5.0,7.0,-37.65,12.1071,-69,89.99,12.01,1.364192,1.44054,15.7715,0.0
8709,-100,-30.0,40,5.0,8.0,-39.42,13.6829,-71,89.33,12.8,1.417776,1.254379,15.2218,0.0
8710,-100,-30.0,40,5.0,8.5,-40.7,14.1553,-72,88.95,13.26,1.401643,1.289409,15.8021,0.0004
8711,-100,-30.0,40,5.0,9.0,-41.4,14.1348,-76,88.11,14.27,1.380147,1.598788,16.7337,0.0006
8712,-100,-30.0,40,5.0,9.5,-42.36,15.0427,-81,89.77,12.27,1.671588,1.444773,13.7038,0.0007
8713,-100,-30.0,40,5.0,10.0,-41.03,16.0311,-77,88.37,13.96,1.514822,1.675129,15.9156,0.0021
8714,-100,-30.0,40,5.0,10.5,-41.64,15.8876,-81,89.03,13.17,1.78271,1.447813,13.586,0.0026
8715,-100,-30.0,40,5.0,11.0,-42.27,17.3568,-90,88.32,14.02,1.611003,1.37993,14.711,0.0026
8716,-100,-30.0,40,5.0,11.5,-41.45,17.1664,-93,87.82,14.62,1.635093,1.752992,16.0496,0.0039
8717,-100,-30.0,40,5.0,12.0,-41.86,17.9907,-100,89.16,13.01,2.035165,1.752774,12.7976,0.0068
8718,-100,-30.0,40,5.0,12.5,-41.45,18.6327,-92,88.5,13.8,1.880468,1.774176,14.4318,0.0074
8720,-100,-30.0,40,5.0,13.5,-41.98,19.0465,-100,88.16,14.21,1.951476,1.403172,11.8452,0.0106
8719,-100,-30.0,40,5.0,13.0,-41.38,18.9761,-100,88.51,13.79,2.019365,1.723395,12.9482,0.0112
8721,-100,-30.0,40,5.0,14.0,-41.89,19.4837,-97,87.17,15.4,1.826317,1.768684,14.6096,0.0137
8726,-100,-65.0,40,2.0,15.0,-73.2,15.2987,-100,88.49,13.82,6.171737,2.332965,5.2669,0.049
8731,-100,-65.0,40,2.0,17.0,-72.86,16.7374,-100,87.2,15.36,5.884662,2.243058,5.9457,0.0517
8730,-100,-70.0,40,2.0,17.0,-72.28,16.9039,-100,84.01,19.18,5.226087,2.854784,8.8735,0.0792
8725,-100,-70.0,40,2.0,15.0,-72.03,15.8409,-100,84.57,18.52,5.311421,3.395585,9.8957,0.0653
8724,-100,-75.0,40,2.0,15.0,-73.81,15.1021,-100,82.67,20.8,4.901671,2.515237,7.481,0.0777
8728,-100,-80.0,40,2.0,17.0,-74.08,16.7198,-100,81.39,22.33,4.654433,2.168946,5.6938,0.1147
8733,-100,-80.0,40,2.0,20.0,-73.36,18.8271,-100,81.88,21.74,4.62137,1.854709,4.8915,0.1224
8723,-100,-80.0,40,2.0,15.0,-74.35,15.2418,-100,81.18,22.58,4.492145,1.78663,4.7885,0.1129
8729,-100,-75.0,40,2.0,17.0,-73.44,16.8086,-100,83.22,20.13,5.066711,1.978941,5.265,0.1076
8727,-100,-85.0,40,2.0,17.0,-74.32,16.7433,-100,80.1,23.91,4.047228,1.958001,6.296,0.0991
8722,-100,-85.0,40,2.0,15.0,-74.43,15.2214,-100,79.89,24.14,3.829545,2.00937,8.6423,0.1264
8732,-100,-85.0,40,2.0,20.0,-73.62,18.616,-100,79.48,24.63,4.007768,1.799207,5.6258,0.1242
8735,-100,-70.0,40,2.0,20.0,-73.31,18.6205,-100,83.87,19.36,5.298599,1.748415,4.0086,0.1141
8736,-100,-65.0,40,2.0,20.0,-72.31,18.9721,-100,86.95,15.66,6.038757,2.706414,5.6807,0.0732
8734,-100,-75.0,40,2.0,20.0,-72.23,19.1842,-100,81.79,21.86,4.757175,2.7311,9.4829,0.0821
8741,-100,-65.0,40,2.5,15.0,-66.92,15.9515,-100,84.4,18.72,5.195398,2.582256,8.0576,0.0597
8740,-100,-70.0,40,2.5,15.0,-67.46,16.3933,-100,82.64,20.85,4.93255,2.501477,7.2259,0.0848
8737,-100,-85.0,40,2.5,15.0,-69.89,15.9802,-100,78.82,25.41,3.424438,1.4952,4.9701,0.1268
8739,-100,-75.0,40,2.5,15.0,-68.3,15.8604,-100,80.83,23.01,4.272559,2.102562,6.5933,0.0963
8738,-100,-80.0,40,2.5,15.0,-69.44,16.3057,-100,79.93,24.08,3.782151,1.436712,3.3445,0.1477
8745,-100,-70.0,40,2.5,17.0,-67.02,18.0673,-100,82.16,21.42,4.803193,2.577176,9.5484,0.1092
8744,-100,-75.0,40,2.5,17.0,-67.78,17.8829,-100,80.78,23.06,4.309803,2.17181,7.4342,0.1066
8743,-100,-80.0,40,2.5,17.0,-67.42,18.0668,-100,80.25,23.71,3.905212,1.846538,6.8049,0.1425
8742,-100,-85.0,40,2.5,17.0,-68.95,17.6875,-100,78.15,26.2,3.415775,1.409883,4.7907,0.1644
8746,-100,-65.0,40,2.5,17.0,-67.09,17.5651,-100,83.39,19.94,5.033885,2.855524,7.3798,0.0651
8748,-100,-80.0,40,2.5,20.0,-68.15,19.6336,-100,79.38,24.75,3.891142,1.767202,6.4537,0.1313
8747,-100,-85.0,40,2.5,20.0,-68.14,19.94,-100,78.6,25.68,3.506544,1.538293,5.3289,0.1506
8750,-100,-70.0,40,2.5,20.0,-67.13,20.1124,-100,82.73,20.73,4.879033,2.249029,6.5898,0.0872
8749,-100,-75.0,40,2.5,20.0,-67.72,19.6195,-100,80.68,23.2,4.371783,2.179892,6.9926,0.1204
8751,-100,-65.0,40,2.5,20.0,-66.69,20.0913,-100,84.31,18.82,5.454651,2.377333,6.6637,0.0942
8754,-100,-75.0,40,3.0,15.0,-62.51,17.2299,-100,78.86,25.38,3.739164,2.380103,8.9764,0.0747
8752,-100,-85.0,40,3.0,15.0,-63.28,17.2147,-100,76.04,28.75,2.724214,1.598862,8.5569,0.1409
8756,-100,-65.0,40,3.0,15.0,-60.52,17.1455,-100,82.13,21.46,4.734478,2.971236,10.8625,0.0906
8753,-100,-80.0,40,3.0,15.0,-62.06,17.5018,-100,78.2,26.16,3.195065,1.568761,5.9529,0.1486
8755,-100,-70.0,40,3.0,15.0,-61.4,17.4966,-100,80.5,23.41,4.207296,2.14368,8.168,0.1157
8757,-100,-85.0,40,3.0,17.0,-62.23,18.9236,-100,76.61,28.07,2.979472,1.797802,8.6088,0.1095
8758,-100,-80.0,40,3.0,17.0,-62.94,18.5692,-100,77.61,26.86,3.315035,1.57236,6.2946,0.1457
8761,-100,-65.0,40,3.0,17.0,-61.2,18.715,-100,81.83,21.82,4.702084,2.251295,7.3929,0.0882
8760,-100,-70.0,40,3.0,17.0,-61.85,18.6779,-100,80.27,23.67,4.213317,2.215415,7.7655,0.1015
8759,-100,-75.0,40,3.0,17.0,-62.76,18.5285,-100,78.39,25.93,3.69608,1.882549,7.617,0.1156
8763,-100,-80.0,40,3.0,20.0,-62.89,20.9209,-100,79.14,25.04,3.461318,1.60033,5.1632,0.1329
8762,-100,-85.0,40,3.0,20.0,-62.84,20.9594,-100,77.17,27.39,3.083739,1.32767,4.6535,0.1654
8766,-100,-65.0,40,3.0,20.0,-60.97,21.2896,-100,82.06,21.51,4.798869,2.241625,7.4801,0.0956
8765,-100,-70.0,40,3.0,20.0,-61.56,20.7248,-100,80.8,23.05,4.359311,2.076965,6.9003,0.1248
8764,-100,-75.0,40,3.0,20.0,-61.91,21.1959,-100,79.05,25.14,3.858062,1.870689,6.5332,0.1264
8768,-100,-80.0,40,3.5,15.0,-58.68,17.7968,-100,76.5,28.19,2.827905,1.175233,3.8579,0.179
8769,-100,-75.0,40,3.5,15.0,-57.65,17.7171,-100,77.1,27.49,3.054862,1.555068,6.1913,0.1259
8767,-100,-85.0,40,3.5,15.0,-58.59,18.0663,-100,76.22,28.55,2.619937,1.121484,3.4915,0.1802
8770,-100,-70.0,40,3.5,15.0,-55.91,18.0592,-100,78.66,25.62,3.571432,1.947894,7.0963,0.1282
8771,-100,-65.0,40,3.5,15.0,-55.82,17.8671,-100,80.59,23.29,4.236211,2.597056,8.7691,0.0906
8772,-100,-85.0,40,3.5,17.0,-58.3,19.4465,-100,77.71,26.76,2.926799,1.39513,5.4589,0.1523
8773,-100,-80.0,40,3.5,17.0,-57.65,19.7295,-100,77.37,27.16,2.968423,1.388612,5.4752,0.1416
8774,-100,-75.0,40,3.5,17.0,-57.32,19.3994,-100,77.46,27.07,3.306078,1.883146,7.4153,0.1101
8775,-100,-70.0,40,3.5,17.0,-57.22,19.747,-100,79.2,24.95,3.812723,1.94283,6.5529,0.1092
8776,-100,-65.0,40,3.5,17.0,-54.66,19.9474,-100,80.67,23.2,4.130958,2.259539,8.9247,0.0973
8777,-100,-85.0,40,3.5,20.0,-57.93,21.6148,-100,76.31,28.43,2.739883,1.285434,5.3447,0.1515
8778,-100,-80.0,40,3.5,20.0,-57.7,21.8023,-100,76.63,28.06,2.985477,1.228252,3.5782,0.17
8779,-100,-75.0,40,3.5,20.0,-56.82,22.2789,-100,77.95,26.45,3.462732,1.577049,5.6362,0.1468
8780,-100,-70.0,40,3.5,20.0,-56.8,21.8453,-100,79.14,25.03,3.802872,1.923856,6.6652,0.1063
8781,-100,-65.0,40,3.5,20.0,-55.6,22.0069,-100,80.47,23.45,4.259644,2.089349,6.9272,0.1228
8783,-100,-80.0,40,4.0,15.0,-52.95,18.5704,-100,75.66,29.22,2.542302,1.259382,5.3934,0.152
8782,-100,-85.0,40,4.0,15.0,-52.53,18.9164,-100,74.73,30.32,2.384844,1.24243,7.4909,0.1606
8786,-100,-65.0,40,4.0,15.0,-50.38,18.6296,-100,77.24,27.3,3.377827,1.818046,8.5805,0.1237
8784,-100,-75.0,40,4.0,15.0,-50.79,18.7474,-100,74.76,30.27,2.636818,1.659416,9.5793,0.1084
8785,-100,-70.0,40,4.0,15.0,-51.99,18.7615,-100,77.69,26.76,3.168198,1.543849,5.8543,0.1347
8787,-100,-85.0,40,4.0,17.0,-52.53,20.2239,-100,76.47,28.24,2.59795,1.150787,3.3575,0.1752
8788,-100,-80.0,40,4.0,17.0,-51.8,20.1242,-100,76.56,28.14,2.710127,1.399174,6.8956,0.128
8789,-100,-75.0,40,4.0,17.0,-50.87,20.8584,-100,77.51,26.98,2.902787,1.322345,5.0544,0.1609
8790,-100,-70.0,40,4.0,17.0,-51.75,20.4367,-100,78.02,26.39,3.26346,1.629488,6.3106,0.1248
8791,-100,-65.0,40,4.0,17.0,-51.26,20.5064,-100,78.8,25.44,3.679794,1.642606,5.3234,0.1479
8792,-100,-85.0,40,4.0,20.0,-51.36,22.623,-100,76.03,28.78,2.545407,1.350536,6.7055,0.1405
8793,-100,-80.0,40,4.0,20.0,-51.46,22.9018,-100,75.79,29.07,2.749742,1.385715,6.2725,0.1443
8797,-100,-68.0,40,2.0,6.0,-68.57,8.2206,-99,91.68,9.98,4.864578,3.198785,11.2204,0.0029
8795,-100,-70.0,40,4.0,20.0,-51.3,22.4875,-100,77.63,26.84,3.223267,1.598866,6.2032,0.1367
8794,-100,-75.0,40,4.0,20.0,-52.05,22.6841,-100,77.23,27.32,3.034644,1.330369,3.9971,0.1519
8798,-100,-73.0,40,2.0,6.0,-71.18,8.6114,-100,85.02,17.97,4.253443,3.325176,14.4318,0.0168
8801,-100,-68.0,40,2.0,8.0,-70.51,9.9225,-100,89.28,12.85,5.008143,3.218471,12.3169,0.0092
8796,-100,-65.0,40,4.0,20.0,-51.17,22.7965,-100,78.88,25.35,3.82074,2.013138,6.4783,0.108
8799,-100,-78.0,40,2.0,6.0,-73.11,8.3819,-100,79.53,24.56,3.978872,2.826421,12.7622,0.0817
8802,-100,-73.0,40,2.0,8.0,-72.54,10.0905,-100,84.97,18.03,4.971628,2.849993,10.3811,0.0485
8805,-100,-68.0,40,2.0,10.0,-71.89,11.6251,-100,88.59,13.69,5.542997,2.806704,8.6542,0.0271
8800,-100,-83.0,40,2.0,6.0,-75.39,7.9492,-100,78.69,25.58,3.58239,1.971816,8.767,0.1264
8803,-100,-78.0,40,2.0,8.0,-72.93,10.0922,-100,80.14,23.85,3.951611,3.052119,14.3402,0.0707
8806,-100,-73.0,40,2.0,10.0,-73.35,11.7003,-100,84.53,18.55,5.113234,2.723318,9.0737,0.0475
8804,-100,-83.0,40,2.0,8.0,-74.51,9.9582,-100,78.35,25.99,3.509672,2.112355,9.2227,0.1007
8809,-100,-68.0,40,2.0,12.0,-73.58,13.1901,-100,87.76,14.69,5.924485,2.352502,6.2423,0.0525
8807,-100,-78.0,40,2.0,10.0,-74.07,11.4053,-100,80.27,23.66,4.346764,2.451405,9.2223,0.0947
8808,-100,-83.0,40,2.0,10.0,-74.68,11.2482,-100,79.08,25.1,3.721672,2.113776,8.273,0.1066
8810,-100,-73.0,40,2.0,12.0,-73.2,13.0891,-100,84.18,18.97,5.217241,2.884533,8.2442,0.0655
8811,-100,-78.0,40,2.0,12.0,-74.05,13.1217,-100,81.41,22.31,4.499296,2.310887,7.124,0.0814
8813,-100,-68.0,40,2.5,6.0,-64.57,9.207,-99,84.59,18.49,4.363095,3.050308,12.5889,0.0309
8812,-100,-83.0,40,2.0,12.0,-74.72,12.8422,-100,80.13,23.85,3.938823,1.707799,5.0106,0.1085
8814,-100,-73.0,40,2.5,6.0,-67.26,9.6016,-99,80.59,23.29,4.037598,2.418416,10.6122,0.0512
8815,-100,-78.0,40,2.5,6.0,-68.8,9.4707,-99,77.97,26.42,3.282618,1.822035,7.2926,0.0957
8817,-100,-68.0,40,2.5,8.0,-65.0,10.7082,-100,81.93,21.69,3.912789,2.997738,16.3775,0.0273
8818,-100,-73.0,40,2.5,8.0,-67.07,10.5565,-100,79.85,24.18,3.869368,3.04968,12.0925,0.0613
8816,-100,-83.0,40,2.5,6.0,-69.59,10.082,-100,77.6,26.87,2.764196,1.2735,5.1248,0.1707
8819,-100,-78.0,40,2.5,8.0,-69.39,10.3623,-100,78.38,25.95,3.444503,1.907001,7.0388,0.0881
8821,-100,-68.0,40,2.5,10.0,-65.89,12.6917,-100,84.19,18.98,4.965382,3.119921,10.694,0.062
8820,-100,-83.0,40,2.5,8.0,-69.75,10.4173,-100,76.45,28.25,2.770513,1.501186,7.0859,0.1223
8822,-100,-73.0,40,2.5,10.0,-68.25,12.129,-100,82.01,21.6,4.678243,2.590992,7.4808,0.0678
8823,-100,-78.0,40,2.5,10.0,-68.39,12.4226,-100,78.81,25.42,3.519079,2.075098,9.076,0.1073
8825,-100,-68.0,40,2.5,12.0,-66.37,13.9223,-100,83.34,20.0,4.842717,3.343456,10.9607,0.0519
8824,-100,-83.0,40,2.5,10.0,-70.09,11.7799,-100,77.35,27.17,3.029852,1.358393,4.5496,0.1497
8826,-100,-73.0,40,2.5,12.0,-66.75,14.3033,-100,81.09,22.7,4.347071,3.226708,12.0243,0.0645
8827,-100,-78.0,40,2.5,12.0,-68.59,14.015,-100,79.43,24.69,3.751729,2.151265,7.0695,0.0942
8829,-100,-68.0,40,3.0,6.0,-59.61,10.7741,-92,79.53,24.55,3.781942,2.574965,13.0169,0.0562
8828,-100,-83.0,40,2.5,12.0,-69.44,13.6768,-100,77.26,27.28,3.176413,1.510008,6.0146,0.1428
8830,-100,-73.0,40,3.0,6.0,-62.29,10.5026,-94,77.64,26.83,3.319057,2.080233,9.3749,0.0852
8833,-100,-68.0,40,3.0,8.0,-60.94,11.7251,-99,79.65,24.42,3.901289,2.769963,11.6597,0.0714
8831,-100,-78.0,40,3.0,6.0,-63.65,10.8907,-99,76.05,28.75,2.701038,1.449986,6.7845,0.112
8832,-100,-83.0,40,3.0,6.0,-64.14,10.7487,-96,74.44,30.68,2.374781,1.091801,4.2046,0.1606
8834,-100,-73.0,40,3.0,8.0,-61.98,11.9997,-100,76.63,28.02,3.244227,2.087469,10.8152,0.0896
8837,-100,-68.0,40,3.0,10.0,-61.7,13.131,-100,80.33,23.59,4.08068,2.493038,10.2941,0.0964
8836,-100,-83.0,40,3.0,8.0,-64.47,11.7671,-100,76.66,28.02,2.596008,1.232896,4.9961,0.16
8835,-100,-78.0,40,3.0,8.0,-63.32,11.5697,-100,76.89,27.74,2.835211,1.4424,5.2785,0.1378
8838,-100,-73.0,40,3.0,10.0,-62.72,13.3968,-100,78.37,25.95,3.595385,1.891369,7.2048,0.1094
8839,-100,-78.0,40,3.0,10.0,-62.88,12.971,-100,76.67,27.99,2.967637,1.87407,7.55,0.1004
8840,-100,-83.0,40,3.0,10.0,-64.09,13.3572,-100,75.54,29.36,2.802927,1.811034,11.0035,0.1228
8841,-100,-68.0,40,3.0,12.0,-60.94,14.9051,-100,79.97,24.04,4.068294,2.476993,10.6008,0.0769
8842,-100,-73.0,40,3.0,12.0,-62.16,14.6265,-100,78.1,26.27,3.613087,2.463354,9.3735,0.0834
8843,-100,-78.0,40,3.0,12.0,-62.81,14.3306,-100,76.07,28.7,2.96782,1.898038,10.5788,0.1237
8844,-100,-83.0,40,3.0,12.0,-63.19,15.126,-100,76.67,28.02,2.815075,1.32962,5.5093,0.1629
8845,-100,-68.0,40,3.5,6.0,-57.08,10.6089,-92,77.45,27.07,3.12649,2.450634,10.5248,0.0537
8847,-100,-78.0,40,3.5,6.0,-58.56,11.7073,-93,75.02,29.99,2.337213,1.203071,6.9484,0.1716
8846,-100,-73.0,40,3.5,6.0,-57.73,11.2306,-94,75.97,28.85,2.624307,1.701388,9.0359,0.1018
8849,-100,-68.0,40,3.5,8.0,-55.41,13.1716,-95,76.8,27.84,3.310088,2.26409,12.4822,0.0972
8848,-100,-83.0,40,3.5,6.0,-58.35,12.1118,-91,74.52,30.59,2.330963,1.112063,5.5055,0.1773
8850,-100,-73.0,40,3.5,8.0,-57.58,12.8007,-97,76.93,27.69,2.854523,1.397027,5.9703,0.1553
8851,-100,-78.0,40,3.5,8.0,-58.05,12.9731,-98,76.37,28.36,2.552342,1.207368,5.2398,0.1747
8853,-100,-68.0,40,3.5,10.0,-56.14,13.8808,-100,78.03,26.37,3.425941,1.963191,7.5054,0.1098
8852,-100,-83.0,40,3.5,8.0,-58.93,12.4312,-98,74.33,30.81,2.44407,1.428424,8.9235,0.1367
8854,-100,-73.0,40,3.5,10.0,-57.34,14.3525,-100,78.16,26.22,3.09753,1.363578,4.6486,0.1414
8857,-100,-68.0,40,3.5,12.0,-55.48,16.2048,-100,79.36,24.77,3.629788,1.996314,7.5911,0.0964
8855,-100,-78.0,40,3.5,10.0,-58.62,13.9319,-100,77.05,27.55,2.763158,1.316337,5.8489,0.1611
8856,-100,-83.0,40,3.5,10.0,-58.63,13.7566,-100,74.22,30.94,2.322322,1.224972,6.7498,0.1501
8859,-100,-78.0,40,3.5,12.0,-57.41,15.8233,-100,76.09,28.71,2.705449,1.287952,5.2224,0.1705
8861,-100,-68.0,40,4.0,6.0,-52.61,12.6103,-87,76.2,28.57,2.75519,1.430687,6.5129,0.1494
8858,-100,-73.0,40,3.5,12.0,-57.22,15.324,-100,77.66,26.8,3.192063,1.645151,6.4905,0.0991
8860,-100,-83.0,40,3.5,12.0,-58.59,15.4784,-100,75.17,29.78,2.534803,1.187666,5.1091,0.1841
8862,-100,-73.0,40,4.0,6.0,-53.09,12.901,-88,75.71,29.15,2.42699,1.171361,5.6533,0.1618
8864,-100,-83.0,40,4.0,6.0,-53.9,12.7218,-90,76.17,28.59,2.332438,1.308836,7.4577,0.1279
8863,-100,-78.0,40,4.0,6.0,-53.03,12.8493,-88,75.28,29.67,2.350674,1.156224,5.2472,0.1751
8866,-100,-73.0,40,4.0,8.0,-52.03,13.718,-94,75.51,29.4,2.486254,1.340795,7.2795,0.1452
8865,-100,-68.0,40,4.0,8.0,-51.87,13.7888,-96,76.99,27.6,2.955983,1.6119,6.4447,0.117
8867,-100,-78.0,40,4.0,8.0,-52.59,14.1215,-97,76.1,28.69,2.403315,1.100543,4.2013,0.1756
8869,-100,-68.0,40,4.0,10.0,-50.0,15.6001,-100,76.74,27.91,2.895386,1.629006,8.2189,0.1125
8868,-100,-83.0,40,4.0,8.0,-53.13,13.6798,-94,74.39,30.76,2.287995,1.082934,5.2249,0.1732
8870,-100,-73.0,40,4.0,10.0,-52.05,15.1652,-100,76.48,28.22,2.621512,1.139089,3.6719,0.1577
8871,-100,-78.0,40,4.0,10.0,-52.64,15.2667,-100,74.57,30.5,2.397549,1.188814,4.7743,0.1765
8872,-100,-83.0,40,4.0,10.0,-52.83,15.353,-100,75.99,28.81,2.324703,1.061876,4.2308,0.1684
8873,-100,-68.0,40,4.0,12.0,-51.62,16.1041,-100,77.99,26.42,3.202867,1.647268,6.4153,0.1168
8874,-100,-73.0,40,4.0,12.0,-51.83,16.5323,-100,76.19,28.57,2.728874,1.196374,3.7673,0.1702
8881,-100,-70.0,40,1.5,15.0,-79.34,14.0425,-100,88.59,13.69,6.014936,2.325593,5.5383,0.0588
8880,-100,-75.0,40,1.5,15.0,-79.23,14.3138,-100,84.95,18.06,5.36796,1.771809,4.966,0.099
8875,-100,-78.0,40,4.0,12.0,-52.2,16.6506,-100,74.73,30.31,2.476404,1.071561,3.4508,0.2034
8876,-100,-83.0,40,4.0,12.0,-52.97,16.8052,-100,76.19,28.59,2.484354,1.177452,5.1723,0.1855
8878,-100,-85.0,40,1.5,15.0,-79.49,14.1013,-100,80.92,22.91,4.286076,2.047324,6.4005,0.1208
8879,-100,-80.0,40,1.5,15.0,-80.11,14.0733,-100,82.25,21.3,4.919394,1.918175,5.4234,0.1217
8877,-100,-90.0,40,1.5,15.0,-79.95,14.0983,-100,79.99,24.01,4.062547,1.96539,6.6376,0.1134
8885,-100,-75.0,40,1.5,17.0,-78.92,15.3406,-100,84.91,18.11,5.549964,2.523258,5.6252,0.0796
8884,-100,-80.0,40,1.5,17.0,-78.55,15.6302,-100,81.67,22.0,4.707745,2.359463,7.7721,0.0975
8883,-100,-85.0,40,1.5,17.0,-79.0,15.4214,-100,78.94,25.27,4.015221,1.786847,6.3278,0.114
8882,-100,-90.0,40,1.5,17.0,-79.16,15.4289,-100,79.49,24.61,3.774013,1.811885,7.8933,0.1275
8886,-100,-70.0,40,1.5,17.0,-78.99,15.5152,-100,88.23,14.12,6.212593,1.923441,3.2194,0.0611
8893,-100,-75.0,40,2.0,22.0,-72.12,20.0446,-100,80.81,23.03,4.524584,2.25542,6.5365,0.0908
8887,-100,-90.0,40,2.0,15.0,-74.52,15.3657,-100,76.72,27.94,3.203208,1.627544,7.3036,0.1582
8888,-100,-90.0,40,2.0,17.0,-75.11,16.5057,-100,78.46,25.84,3.473935,1.242371,1.8973,0.1793
8891,-100,-85.0,40,2.0,22.0,-73.53,20.0576,-100,80.25,23.69,4.218066,1.858612,5.7465,0.1428
8892,-100,-80.0,40,2.0,22.0,-72.64,20.0618,-100,81.09,22.7,4.511111,2.092147,6.3493,0.1044
8890,-100,-90.0,40,2.5,17.0,-69.12,17.6095,-100,77.82,26.62,3.203405,1.555568,6.1959,0.1349
8895,-100,-65.0,40,2.0,22.0,-71.77,20.2671,-100,85.58,17.3,5.623152,2.104315,6.3091,0.0831
8889,-100,-90.0,40,2.5,15.0,-69.25,16.4029,-100,77.38,27.12,2.881994,1.339192,4.9586,0.1291
8894,-100,-70.0,40,2.0,22.0,-72.2,20.2564,-100,83.22,20.15,5.147992,1.880405,5.3847,0.1034
8896,-100,-85.0,40,2.0,23.0,-71.68,20.7883,-100,77.2,27.38,3.55439,2.333995,11.5274,0.1105
8897,-100,-80.0,40,2.0,23.0,-72.31,20.6515,-100,79.65,24.42,4.181615,1.675347,5.2197,0.1517
8898,-100,-75.0,40,2.0,23.0,-72.12,20.9798,-100,82.53,20.96,4.901723,2.326872,6.8551,0.0879
8900,-100,-65.0,40,2.0,23.0,-71.9,20.8356,-100,85.49,17.4,5.646257,1.999066,5.0355,0.0933
8899,-100,-70.0,40,2.0,23.0,-71.21,21.297,-100,83.26,20.1,5.141925,2.869575,10.4293,0.0877
8903,-100,-75.0,40,2.5,22.0,-66.49,21.7402,-100,81.34,22.41,4.598429,2.650204,9.7222,0.0891
8905,-100,-65.0,40,2.5,22.0,-66.66,21.4832,-100,82.77,20.67,5.015839,2.181949,6.2215,0.0873
8904,-100,-70.0,40,2.5,22.0,-66.88,21.7598,-100,82.55,20.92,5.04763,2.226229,6.0599,0.1069
8902,-100,-80.0,40,2.5,22.0,-68.33,21.0491,-100,80.42,23.48,4.068497,1.551191,3.6562,0.1367
8901,-100,-85.0,40,2.5,22.0,-67.67,21.256,-100,78.96,25.24,3.561178,1.634447,5.99,0.1541
8910,-100,-65.0,40,2.5,23.0,-67.04,21.9607,-100,82.79,20.66,5.073316,2.193998,5.1556,0.1074
8907,-100,-80.0,40,2.5,23.0,-66.4,22.0314,-100,79.89,24.14,3.990815,2.85276,9.3473,0.0736
8906,-100,-85.0,40,2.5,23.0,-68.05,21.9667,-100,79.19,24.97,3.597915,1.552251,4.8163,0.1376
8909,-100,-70.0,40,2.5,23.0,-65.69,22.3185,-100,82.01,21.6,4.822754,2.464524,8.0183,0.0962
8908,-100,-75.0,40,2.5,23.0,-67.43,22.0602,-100,81.86,21.77,4.634909,1.793558,4.1477,0.1095
8911,-100,-85.0,40,3.0,22.0,-62.77,22.4259,-100,78.63,25.63,3.344228,1.429459,4.2181,0.1565
8912,-100,-80.0,40,3.0,22.0,-62.86,22.2309,-100,79.42,24.68,3.637127,1.652914,5.099,0.1102
8914,-100,-70.0,40,3.0,22.0,-61.33,22.6998,-100,80.45,23.45,4.280634,1.943032,6.4646,0.1279
8913,-100,-75.0,40,3.0,22.0,-62.74,22.5243,-100,79.45,24.65,3.969744,1.996205,6.6893,0.1158
8915,-100,-65.0,40,3.0,22.0,-60.7,22.7027,-100,82.22,21.33,4.791322,2.312469,7.1743,0.0942
8916,-100,-85.0,40,3.0,23.0,-62.67,23.1958,-100,78.54,25.74,3.35945,1.43323,4.4376,0.134
8920,-100,-65.0,40,3.0,23.0,-60.77,23.1259,-100,82.59,20.89,4.881206,2.097819,5.9935,0.1087
8919,-100,-70.0,40,3.0,23.0,-61.16,23.275,-100,79.8,24.25,4.169894,2.048638,7.3073,0.1228
8918,-100,-75.0,40,3.0,23.0,-61.62,23.032,-100,79.69,24.37,3.935627,2.133742,7.4968,0.1069
8917,-100,-80.0,40,3.0,23.0,-62.12,23.4298,-100,78.28,26.07,3.600293,1.757959,5.9971,0.1295
8921,-100,-85.0,40,3.5,22.0,-56.94,23.3976,-100,76.28,28.47,2.808434,1.264207,5.2727,0.1694
8922,-100,-80.0,40,3.5,22.0,-56.94,23.1302,-100,77.36,27.17,3.116861,1.448021,5.2699,0.1412
8923,-100,-75.0,40,3.5,22.0,-57.13,23.3373,-100,78.18,26.16,3.457135,1.42419,4.6408,0.1327
8924,-100,-70.0,40,3.5,22.0,-56.32,23.3026,-100,79.62,24.46,3.819843,1.81001,5.6266,0.1282
8925,-100,-65.0,40,3.5,22.0,-54.52,23.5547,-100,80.54,23.36,4.226161,2.712823,9.3084,0.0899
8926,-100,-85.0,40,3.5,23.0,-55.83,24.3391,-100,77.48,27.03,2.969027,1.416046,5.817,0.1107
8927,-100,-80.0,40,3.5,23.0,-57.4,24.0943,-100,78.84,25.38,3.316131,1.522671,5.2639,0.1479
8930,-100,-65.0,40,3.5,23.0,-54.98,24.2937,-100,81.42,22.3,4.431743,2.024636,6.0053,0.1275
8928,-100,-75.0,40,3.5,23.0,-56.47,24.2086,-100,79.21,24.96,3.577315,1.511835,4.5383,0.1526
8929,-100,-70.0,40,3.5,23.0,-55.97,24.3108,-100,79.07,25.11,3.839953,1.619194,4.7076,0.1479
8931,-100,-85.0,40,4.0,22.0,-52.51,24.4327,-100,76.26,28.49,2.686071,1.148911,3.2232,0.1796
8932,-100,-80.0,40,4.0,22.0,-51.49,24.1728,-100,77.05,27.53,2.860833,1.532,7.1588,0.1309
8933,-100,-75.0,40,4.0,22.0,-51.22,24.1907,-100,77.63,26.87,3.173219,1.448762,4.9481,0.1513
8934,-100,-70.0,40,4.0,22.0,-49.32,24.609,-100,78.76,25.51,3.410672,1.897587,7.9655,0.1147
8935,-100,-65.0,40,4.0,22.0,-48.87,24.2672,-100,78.87,25.35,3.898641,2.265252,9.5725,0.1087
8936,-100,-85.0,40,4.0,23.0,-51.53,24.9971,-100,77.03,27.57,2.805972,1.160311,3.191,0.1734
8937,-100,-80.0,40,4.0,23.0,-52.27,24.898,-100,76.85,27.77,3.03162,1.247063,4.6558,0.1622
8938,-100,-75.0,40,4.0,23.0,-51.27,24.7321,-100,77.23,27.32,3.145766,1.529266,5.9797,0.1228
8939,-100,-70.0,40,4.0,23.0,-51.6,24.9479,-100,78.46,25.86,3.525961,1.596377,5.4462,0.1297
8940,-100,-65.0,40,4.0,23.0,-49.78,25.2894,-100,79.93,24.07,3.881664,2.03592,7.3132,0.1122
