id,RX_SENSITIVITY_DBM,RSSI_INFLECTION_POINT,TRANSMITTING_RANGE,PATH_LOSS_EXPONENT,AWGN_SIGMA,mean_rssi_dbm,std_rssi_dbm,min_rssi_dbm,loss_rate_pct,throughput_pkt_s,mean_delay_s,std_delay_s,std_loss_rate,per_node_min_prr
5,-100,-120.0,40,1.0,3.0,-85.31,3.2573,-98,4.22,114.95,0.506526,0.28498,3.5458,0.9087
9,-100,-120.0,40,1.0,5.0,-84.93,5.0863,-100,2.21,117.47,0.426666,0.244106,3.0271,0.9177
3,-100,-120.0,40,1.0,2.0,-84.94,2.1959,-94,9.83,108.3,0.542307,0.414936,12.645,0.659
6,-100,-120.0,40,1.0,3.5,-85.96,3.7707,-100,7.0,111.78,0.524381,0.336057,7.1265,0.802
1,-100,-120.0,40,1.0,1.0,-84.48,1.7481,-89,5.73,113.21,0.508126,0.32314,5.8711,0.8463
10,-100,-120.0,40,1.0,5.5,-85.24,5.7001,-100,1.61,118.09,0.393746,0.208263,1.2504,0.9593
7,-100,-120.0,40,1.0,4.0,-84.95,4.133,-100,3.65,115.62,0.448903,0.269642,3.4388,0.8963
4,-100,-120.0,40,1.0,2.5,-85.1,2.9837,-98,3.21,116.14,0.446434,0.264799,3.2271,0.9271
11,-100,-120.0,40,1.0,6.0,-85.23,6.1977,-100,4.22,114.91,0.444352,0.285477,4.447,0.8738
12,-100,-120.0,40,1.0,6.5,-85.02,6.5279,-100,3.04,116.38,0.433185,0.259174,2.2383,0.9414
2,-100,-120.0,40,1.0,1.5,-85.5,1.9799,-94,5.57,113.36,0.487625,0.316317,6.1404,0.8269
8,-100,-120.0,40,1.0,4.5,-85.1,4.5684,-100,3.63,115.83,0.48154,0.279484,2.0739,0.928
17,-100,-120.0,40,1.0,9.0,-84.66,8.6744,-100,1.43,118.28,0.424938,0.232413,0.7652,0.9753
15,-100,-120.0,40,1.0,8.0,-84.54,7.7981,-100,7.48,111.03,0.541239,0.338518,6.2635,0.8296
13,-100,-120.0,40,1.0,7.0,-84.58,7.172,-100,1.98,117.64,0.425897,0.233956,1.9103,0.943
16,-100,-120.0,40,1.0,8.5,-84.75,8.2766,-100,2.12,117.3,0.437732,0.243951,1.069,0.9621
14,-100,-120.0,40,1.0,7.5,-85.46,7.434,-100,2.08,117.59,0.424813,0.232146,1.3252,0.9611
21,-100,-120.0,40,1.0,11.0,-84.45,10.2254,-100,5.55,113.37,0.471624,0.310075,5.1763,0.866
24,-100,-120.0,40,1.0,12.5,-84.24,11.3123,-100,3.32,116.17,0.463076,0.274447,3.8033,0.8913
23,-100,-120.0,40,1.0,12.0,-85.1,10.8283,-100,3.06,116.31,0.452508,0.2669,2.7324,0.9201
20,-100,-120.0,40,1.0,10.5,-84.97,9.7835,-100,4.55,114.7,0.476468,0.295947,4.322,0.8765
22,-100,-120.0,40,1.0,11.5,-84.15,10.6049,-100,3.14,116.24,0.428979,0.268569,1.8323,0.9461
19,-100,-120.0,40,1.0,10.0,-84.42,9.5052,-100,3.21,116.24,0.438315,0.260718,3.4741,0.8987
18,-100,-120.0,40,1.0,9.5,-85.09,9.1993,-100,1.86,117.83,0.399107,0.221306,1.1761,0.9593
27,-100,-120.0,40,1.0,14.0,-83.81,12.3593,-100,3.32,116.08,0.444553,0.269012,1.3701,0.9421
28,-100,-120.0,40,1.25,1.0,-81.54,2.0471,-88,5.48,113.38,0.476403,0.316836,5.962,0.8339
29,-100,-120.0,40,1.25,1.5,-81.23,2.1508,-89,3.26,116.08,0.446383,0.261354,3.6761,0.8963
25,-100,-120.0,40,1.0,13.0,-84.5,11.575,-100,2.87,116.67,0.449086,0.256657,2.1049,0.9465
26,-100,-120.0,40,1.0,13.5,-83.87,12.0543,-100,3.55,115.9,0.468998,0.264369,2.9319,0.9221
35,-100,-120.0,40,1.25,4.5,-81.75,4.7458,-100,1.94,117.75,0.431362,0.236911,1.6985,0.9517
34,-100,-120.0,40,1.25,4.0,-81.06,4.185,-97,5.42,113.6,0.468912,0.311895,5.3845,0.8678
30,-100,-120.0,40,1.25,2.0,-81.15,2.3262,-90,1.77,117.97,0.411624,0.221874,0.9473,0.9673
32,-100,-120.0,40,1.25,3.0,-81.83,3.137,-94,2.12,117.49,0.426372,0.235418,1.5573,0.96
36,-100,-120.0,40,1.25,5.0,-81.38,5.2177,-100,1.52,118.22,0.425667,0.2181,1.2663,0.96
31,-100,-120.0,40,1.25,2.5,-81.99,3.1938,-95,3.97,115.15,0.470064,0.288686,2.5381,0.9187
33,-100,-120.0,40,1.25,3.5,-80.76,3.8497,-96,2.18,117.4,0.428251,0.233813,0.7687,0.9667
40,-100,-120.0,40,1.25,7.0,-81.12,7.0467,-100,2.13,117.29,0.443767,0.250512,1.3762,0.958
39,-100,-120.0,40,1.25,6.5,-81.73,6.68,-100,3.34,116.06,0.452404,0.259821,3.9029,0.8913
37,-100,-120.0,40,1.25,5.5,-81.47,5.7292,-100,2.16,117.39,0.457583,0.240318,1.6158,0.9528
38,-100,-120.0,40,1.25,6.0,-81.19,6.2828,-100,4.46,114.58,0.474856,0.294582,4.9123,0.8617
41,-100,-120.0,40,1.25,7.5,-81.49,7.5382,-100,7.72,110.67,0.543612,0.363788,8.2902,0.7699
46,-100,-120.0,40,1.25,10.0,-81.1,9.7547,-100,4.87,114.16,0.487124,0.313161,4.7935,0.8828
48,-100,-120.0,40,1.25,11.0,-81.67,10.5357,-100,2.4,117.25,0.436517,0.242692,1.5606,0.9511
43,-100,-120.0,40,1.25,8.5,-82.34,8.5384,-100,8.25,110.1,0.519466,0.37176,8.6909,0.7555
45,-100,-120.0,40,1.25,9.5,-81.14,9.3989,-100,2.83,116.6,0.414647,0.247783,1.7259,0.9468
44,-100,-120.0,40,1.25,9.0,-80.94,8.8705,-100,4.02,115.16,0.487719,0.290504,3.6409,0.9054
42,-100,-120.0,40,1.25,8.0,-81.51,8.1641,-100,4.36,114.82,0.46432,0.301085,5.2325,0.8568
47,-100,-120.0,40,1.25,10.5,-81.14,10.1748,-100,2.5,117.11,0.457601,0.250243,1.6238,0.945
50,-100,-120.0,40,1.25,12.0,-80.62,11.525,-100,3.67,115.7,0.438566,0.270555,2.5434,0.9208
53,-100,-120.0,40,1.25,13.5,-80.83,12.6496,-100,5.5,113.54,0.491485,0.304473,5.4413,0.8723
49,-100,-120.0,40,1.25,11.5,-80.99,11.0908,-100,4.37,114.74,0.46971,0.285151,3.2359,0.9217
59,-100,-120.0,40,1.5,3.0,-77.61,3.3692,-92,7.55,111.07,0.530179,0.349737,7.5663,0.7942
51,-100,-120.0,40,1.25,12.5,-81.24,11.82,-100,2.04,117.75,0.425521,0.240557,0.9256,0.9655
52,-100,-120.0,40,1.25,13.0,-80.75,12.2036,-100,3.93,115.31,0.466303,0.277769,3.0719,0.9217
56,-100,-120.0,40,1.5,1.5,-77.74,2.3754,-86,4.18,114.9,0.49968,0.291207,3.1703,0.9035
60,-100,-120.0,40,1.5,3.5,-78.28,3.8806,-96,1.29,118.63,0.417261,0.22142,0.7927,0.9718
58,-100,-120.0,40,1.5,2.5,-77.14,3.135,-88,2.81,116.72,0.456088,0.272402,3.0581,0.912
57,-100,-120.0,40,1.5,2.0,-77.8,2.7173,-87,3.48,115.85,0.438267,0.269474,3.4019,0.9136
55,-100,-120.0,40,1.5,1.0,-76.89,1.8322,-83,2.89,116.59,0.451499,0.262806,2.5355,0.9356
54,-100,-120.0,40,1.25,14.0,-80.65,12.8885,-100,2.63,116.86,0.46289,0.246493,2.1011,0.9336
63,-100,-120.0,40,1.5,5.0,-78.67,5.0927,-98,4.76,114.26,0.462515,0.292755,5.3485,0.8586
62,-100,-120.0,40,1.5,4.5,-76.92,4.6849,-97,3.68,115.55,0.467441,0.274151,3.4707,0.9008
64,-100,-120.0,40,1.5,5.5,-77.1,5.6947,-99,2.62,116.78,0.434033,0.247868,1.9068,0.9423
66,-100,-120.0,40,1.5,6.5,-77.63,6.6965,-100,4.85,114.14,0.520042,0.307389,5.1638,0.8799
65,-100,-120.0,40,1.5,6.0,-78.37,6.1607,-100,1.84,117.79,0.434933,0.238574,1.3474,0.9567
61,-100,-120.0,40,1.5,4.0,-77.6,4.5094,-94,1.29,118.45,0.396513,0.212644,1.0999,0.9659
72,-100,-120.0,40,1.5,9.5,-77.34,9.5463,-100,7.69,110.86,0.548777,0.380343,9.6836,0.7418
70,-100,-120.0,40,1.5,8.5,-78.07,8.6219,-100,3.22,116.2,0.457955,0.275407,2.2673,0.9349
68,-100,-120.0,40,1.5,7.5,-78.05,7.7619,-100,4.38,114.84,0.478769,0.290077,2.9328,0.926
67,-100,-120.0,40,1.5,7.0,-77.16,7.0517,-100,8.47,109.93,0.570277,0.400517,10.3042,0.7219
69,-100,-120.0,40,1.5,8.0,-77.7,8.1789,-100,2.14,117.44,0.429661,0.248975,1.7102,0.9541
71,-100,-120.0,40,1.5,9.0,-78.21,9.0034,-100,2.0,117.59,0.429663,0.245433,1.1893,0.9625
84,-100,-120.0,40,1.75,2.0,-75.25,2.9926,-86,12.42,105.27,0.619152,0.463587,13.8545,0.6177
81,-100,-120.0,40,1.5,14.0,-77.15,13.4162,-100,9.09,109.27,0.560237,0.422659,12.1755,0.6725
76,-100,-120.0,40,1.5,11.5,-77.97,11.3058,-100,5.0,114.13,0.498379,0.300499,3.5183,0.8989
75,-100,-120.0,40,1.5,11.0,-78.02,10.8919,-100,3.18,116.15,0.463592,0.269264,3.0055,0.9156
73,-100,-120.0,40,1.5,10.0,-78.12,9.9539,-100,1.99,117.77,0.417906,0.229814,1.0029,0.9682
77,-100,-120.0,40,1.5,12.0,-77.91,11.7995,-100,4.52,114.7,0.521101,0.303112,3.4464,0.9091
82,-100,-120.0,40,1.75,1.0,-73.79,1.4667,-79,6.02,112.73,0.490014,0.336135,5.7516,0.8671
83,-100,-120.0,40,1.75,1.5,-74.92,2.1775,-82,6.9,111.88,0.515779,0.333528,6.7435,0.8083
78,-100,-120.0,40,1.5,12.5,-78.31,12.1813,-100,6.08,112.85,0.47975,0.328835,5.549,0.8459
74,-100,-120.0,40,1.5,10.5,-76.9,10.561,-100,3.12,116.33,0.46914,0.258588,2.0031,0.9427
79,-100,-120.0,40,1.5,13.0,-77.76,12.603,-100,2.41,117.19,0.463663,0.243656,1.4767,0.9534
80,-100,-120.0,40,1.5,13.5,-77.53,13.0175,-100,2.89,116.47,0.446045,0.259408,3.5151,0.9025
91,-100,-120.0,40,1.75,5.5,-73.69,5.7438,-97,9.36,108.81,0.528104,0.393596,11.283,0.7235
89,-100,-120.0,40,1.75,4.5,-74.0,4.8717,-92,1.71,117.96,0.412907,0.226463,0.8402,0.9716
86,-100,-120.0,40,1.75,3.0,-74.86,3.3408,-88,4.55,114.56,0.49096,0.305698,3.6209,0.9057
94,-100,-120.0,40,1.75,7.0,-74.84,7.1388,-100,1.35,118.28,0.442274,0.223355,0.2928,0.9823
93,-100,-120.0,40,1.75,6.5,-74.84,6.9014,-100,2.79,116.73,0.415516,0.245559,2.3758,0.9322
92,-100,-120.0,40,1.75,6.0,-74.16,6.2545,-99,2.59,116.88,0.474325,0.2531,2.8392,0.9177
90,-100,-120.0,40,1.75,5.0,-73.55,5.2857,-95,1.11,118.73,0.379256,0.212356,0.7603,0.9749
96,-100,-120.0,40,1.75,8.0,-74.08,8.067,-100,7.81,110.62,0.529346,0.353016,8.7459,0.8105
87,-100,-120.0,40,1.75,3.5,-73.99,3.7509,-90,6.08,112.63,0.508401,0.330276,6.0385,0.8581
85,-100,-120.0,40,1.75,2.5,-74.29,2.7367,-85,1.41,118.38,0.398763,0.211514,0.7796,0.974
88,-100,-120.0,40,1.75,4.0,-73.88,4.3957,-90,2.16,117.46,0.422212,0.237538,1.674,0.9545
95,-100,-120.0,40,1.75,7.5,-74.01,7.5717,-100,2.75,116.91,0.452008,0.256429,1.7114,0.9517
106,-100,-120.0,40,1.75,13.0,-74.23,12.815,-100,8.39,109.89,0.544799,0.395539,11.4015,0.6949
97,-100,-120.0,40,1.75,8.5,-74.63,8.5847,-100,2.09,117.53,0.423024,0.235596,1.2713,0.9575
104,-100,-120.0,40,1.75,12.0,-74.36,11.9036,-100,2.45,117.1,0.413891,0.236464,1.7468,0.9483
105,-100,-120.0,40,1.75,12.5,-74.78,12.4521,-100,4.21,115.06,0.455265,0.304338,5.2361,0.8544
101,-100,-120.0,40,1.75,10.5,-73.55,10.5961,-100,2.22,117.49,0.453153,0.25718,1.2281,0.9584
98,-100,-120.0,40,1.75,9.0,-74.13,9.0942,-100,3.76,115.66,0.458147,0.277421,1.6165,0.9394
107,-100,-120.0,40,1.75,13.5,-72.91,13.3517,-100,8.36,110.12,0.565,0.388162,8.713,0.7535
102,-100,-120.0,40,1.75,11.0,-74.32,11.0539,-100,3.76,115.62,0.454164,0.275135,3.0597,0.9103
100,-100,-120.0,40,1.75,10.0,-74.27,10.0837,-100,4.75,114.34,0.487868,0.304303,4.4224,0.8971
103,-100,-120.0,40,1.75,11.5,-74.19,11.5951,-100,5.43,113.53,0.468586,0.314732,7.2796,0.8029
99,-100,-120.0,40,1.75,9.5,-74.29,9.6216,-100,1.13,118.62,0.399631,0.209135,1.0264,0.9684
108,-100,-120.0,40,1.75,14.0,-73.91,13.6612,-100,3.84,115.45,0.460916,0.278133,2.8925,0.9213
109,-100,-120.0,40,2.0,1.0,-70.96,1.9679,-77,1.23,118.55,0.40968,0.215148,0.6272,0.978
110,-100,-120.0,40,2.0,1.5,-70.79,2.2808,-80,3.3,116.09,0.456166,0.256195,2.8902,0.9277
118,-100,-120.0,40,2.0,5.5,-70.47,5.8099,-95,4.97,114.16,0.466133,0.315507,5.5003,0.8454
117,-100,-120.0,40,2.0,5.0,-70.52,5.574,-92,2.7,116.82,0.445163,0.245114,1.9797,0.9454
111,-100,-120.0,40,2.0,2.0,-70.58,2.6971,-80,1.93,117.75,0.398618,0.220299,1.0348,0.9714
112,-100,-120.0,40,2.0,2.5,-70.83,3.2927,-86,1.29,118.46,0.411802,0.218801,0.4629,0.9781
116,-100,-120.0,40,2.0,4.5,-70.68,4.7954,-92,3.9,115.4,0.464749,0.276716,3.3391,0.9038
115,-100,-120.0,40,2.0,4.0,-69.59,4.3906,-86,4.35,114.82,0.473039,0.2886,3.455,0.9034
114,-100,-120.0,40,2.0,3.5,-71.08,4.0383,-86,1.69,117.97,0.411516,0.213671,1.1839,0.9609
113,-100,-120.0,40,2.0,3.0,-70.22,3.313,-85,5.07,114.08,0.469981,0.301855,7.4903,0.8
119,-100,-120.0,40,2.0,6.0,-70.62,6.1963,-94,2.61,116.94,0.425203,0.25165,2.3071,0.9318
120,-100,-120.0,40,2.0,6.5,-70.52,6.5262,-96,4.12,115.11,0.458905,0.285367,3.8459,0.8945
123,-100,-120.0,40,2.0,8.0,-70.26,8.1444,-100,3.94,115.27,0.47675,0.286793,3.593,0.8979
122,-100,-120.0,40,2.0,7.5,-70.53,7.7607,-99,1.82,117.89,0.416132,0.231427,1.5698,0.9511
121,-100,-120.0,40,2.0,7.0,-70.9,7.2569,-98,2.87,116.65,0.461028,0.252339,2.0228,0.9403
126,-100,-120.0,40,2.0,9.5,-70.24,9.6577,-100,7.84,110.53,0.518913,0.365434,7.8384,0.815
130,-100,-120.0,40,2.0,11.5,-70.39,11.4392,-100,4.11,115.09,0.435483,0.290846,5.9013,0.8418
127,-100,-120.0,40,2.0,10.0,-70.0,10.1213,-100,2.94,116.6,0.453177,0.253411,2.3011,0.9306
125,-100,-120.0,40,2.0,9.0,-70.46,9.2523,-100,2.63,116.91,0.438722,0.253023,1.7146,0.9405
131,-100,-120.0,40,2.0,12.0,-70.36,11.9887,-100,1.66,118.05,0.392029,0.212163,1.1592,0.9639
129,-100,-120.0,40,2.0,11.0,-70.58,11.0645,-100,3.24,116.28,0.489342,0.284657,2.2318,0.9255
128,-100,-120.0,40,2.0,10.5,-70.6,10.7692,-100,8.97,109.29,0.524568,0.396679,10.8582,0.7165
124,-100,-120.0,40,2.0,8.5,-69.95,8.707,-100,6.27,112.49,0.491367,0.328542,6.2609,0.8505
132,-100,-120.0,40,2.0,12.5,-70.8,12.3767,-100,8.17,110.28,0.524946,0.398397,12.5362,0.6687
133,-100,-120.0,40,2.0,13.0,-70.83,12.9827,-100,2.14,117.64,0.462286,0.254812,0.936,0.9653
134,-100,-120.0,40,2.0,13.5,-70.57,13.4684,-100,2.67,116.89,0.442395,0.246772,1.4971,0.9568
135,-100,-120.0,40,2.0,14.0,-70.42,14.031,-100,2.5,116.97,0.434598,0.24684,2.234,0.9405
136,-100,-120.0,40,2.25,1.0,-67.37,2.5288,-75,7.48,111.1,0.492687,0.347082,7.2661,0.8065
142,-100,-120.0,40,2.25,4.0,-67.1,4.5529,-86,2.02,117.55,0.429628,0.236804,1.4703,0.9621
138,-100,-120.0,40,2.25,2.0,-67.0,3.2441,-78,3.74,115.62,0.469687,0.273356,3.0986,0.9077
137,-100,-120.0,40,2.25,1.5,-66.73,2.4346,-75,3.15,116.13,0.432537,0.265631,3.494,0.9021
140,-100,-120.0,40,2.25,3.0,-66.91,4.1297,-82,2.41,117.13,0.425355,0.240639,1.4626,0.9505
143,-100,-120.0,40,2.25,4.5,-67.15,4.9728,-88,3.09,116.36,0.456631,0.26559,4.3596,0.8821
139,-100,-120.0,40,2.25,2.5,-67.6,3.3323,-79,2.48,117.01,0.444199,0.248598,1.559,0.9561
141,-100,-120.0,40,2.25,3.5,-66.89,3.8014,-82,2.92,116.52,0.447133,0.261431,1.9938,0.945
144,-100,-120.0,40,2.25,5.0,-67.31,5.5519,-91,2.07,117.59,0.424024,0.246872,1.2795,0.9642
146,-100,-120.0,40,2.25,6.0,-66.44,6.2297,-90,9.12,109.04,0.517625,0.394848,12.1067,0.6716
145,-100,-120.0,40,2.25,5.5,-66.52,5.6919,-93,3.16,116.18,0.477077,0.258502,1.8756,0.9376
147,-100,-120.0,40,2.25,6.5,-66.94,6.7603,-92,4.91,114.12,0.492663,0.300407,5.1293,0.8785
151,-100,-120.0,40,2.25,8.5,-66.26,8.721,-100,7.93,110.5,0.51237,0.368125,10.3066,0.7255
148,-100,-120.0,40,2.25,7.0,-67.36,7.1735,-98,3.67,115.63,0.473585,0.281134,2.8828,0.9174
153,-100,-120.0,40,2.25,9.5,-67.52,9.7674,-100,2.9,116.62,0.450982,0.253992,2.6504,0.921
150,-100,-120.0,40,2.25,8.0,-67.29,8.1031,-98,7.67,110.89,0.505307,0.366753,9.6459,0.7557
152,-100,-120.0,40,2.25,9.0,-66.83,9.0726,-100,5.45,113.54,0.466079,0.310586,4.6525,0.8871
154,-100,-120.0,40,2.25,10.0,-67.41,10.2499,-100,2.63,116.87,0.433902,0.246094,3.2835,0.9116
149,-100,-120.0,40,2.25,7.5,-66.81,7.7071,-97,3.6,115.63,0.464164,0.280625,4.0835,0.8851
155,-100,-120.0,40,2.25,10.5,-66.28,10.7304,-100,4.49,114.63,0.469089,0.289484,5.7184,0.8441
156,-100,-120.0,40,2.25,11.0,-67.1,11.1405,-100,5.17,113.89,0.479513,0.312355,4.9865,0.8682
157,-100,-120.0,40,2.25,11.5,-67.1,11.6311,-100,3.96,115.2,0.45317,0.283989,4.2764,0.8817
161,-100,-120.0,40,2.25,13.5,-66.98,13.4334,-100,7.74,110.68,0.508148,0.355855,8.5066,0.7794
159,-100,-120.0,40,2.25,12.5,-66.88,12.6963,-100,3.89,115.35,0.50341,0.287486,5.0485,0.8622
158,-100,-120.0,40,2.25,12.0,-67.02,12.1001,-100,4.83,114.21,0.486363,0.305257,5.41,0.8458
160,-100,-120.0,40,2.25,13.0,-67.24,13.0844,-100,3.35,115.95,0.437756,0.272502,1.8862,0.9499
168,-100,-120.0,40,2.5,3.5,-62.86,3.8554,-78,3.34,116.08,0.423221,0.260422,3.7368,0.8945
162,-100,-120.0,40,2.25,14.0,-67.08,13.8958,-100,4.72,114.31,0.479214,0.293842,5.0421,0.8615
165,-100,-120.0,40,2.5,2.0,-63.54,2.9012,-74,1.56,118.22,0.428722,0.236209,1.0689,0.9691
167,-100,-120.0,40,2.5,3.0,-63.04,3.8141,-76,4.47,114.57,0.445214,0.299894,5.3473,0.851
166,-100,-120.0,40,2.5,2.5,-63.95,3.7819,-78,3.73,115.4,0.464158,0.273663,2.5431,0.9376
164,-100,-120.0,40,2.5,1.5,-63.29,2.3418,-71,2.1,117.38,0.479641,0.249044,1.4269,0.9653
163,-100,-120.0,40,2.5,1.0,-63.22,2.2553,-69,4.99,114.01,0.481837,0.301209,3.9269,0.9028
169,-100,-120.0,40,2.5,4.0,-63.64,4.5124,-82,2.3,117.24,0.41685,0.232338,1.363,0.9622
170,-100,-120.0,40,2.5,4.5,-63.99,5.0662,-84,3.41,115.92,0.440156,0.268856,3.5112,0.8994
171,-100,-120.0,40,2.5,5.0,-62.64,5.5916,-84,3.26,116.11,0.454346,0.273026,3.0739,0.9136
172,-100,-120.0,40,2.5,5.5,-62.92,5.774,-86,1.81,117.82,0.406088,0.230097,2.0788,0.941
173,-100,-120.0,40,2.5,6.0,-63.17,6.361,-92,3.83,115.43,0.463212,0.277526,2.7684,0.9293
174,-100,-120.0,40,2.5,6.5,-63.33,6.8123,-88,6.27,112.51,0.514545,0.31713,4.9271,0.8579
180,-100,-120.0,40,2.5,9.5,-63.06,9.7397,-100,6.04,112.78,0.490771,0.319856,5.8955,0.8565
178,-100,-120.0,40,2.5,8.5,-62.57,8.7731,-97,2.33,117.22,0.42574,0.240108,1.7614,0.9562
177,-100,-120.0,40,2.5,8.0,-63.39,8.3449,-95,1.52,118.32,0.399383,0.216503,1.6339,0.9521
175,-100,-120.0,40,2.5,7.0,-63.36,7.3098,-91,3.53,115.87,0.475614,0.296346,4.4498,0.8788
176,-100,-120.0,40,2.5,7.5,-63.55,7.6396,-94,3.49,115.79,0.452877,0.263267,4.245,0.8835
179,-100,-120.0,40,2.5,9.0,-63.65,9.2192,-100,1.56,118.2,0.416134,0.219545,1.2335,0.9617
182,-100,-120.0,40,2.5,10.5,-64.04,10.7168,-100,8.43,109.85,0.517223,0.394793,11.6565,0.6938
181,-100,-120.0,40,2.5,10.0,-63.77,10.258,-100,2.25,117.29,0.436387,0.233449,2.5761,0.9275
184,-100,-120.0,40,2.5,11.5,-62.71,11.6783,-100,6.66,112.08,0.495232,0.333137,6.1857,0.8255
183,-100,-120.0,40,2.5,11.0,-63.59,11.4316,-100,3.44,116.08,0.470832,0.280367,3.0571,0.9174
185,-100,-120.0,40,2.5,12.0,-62.88,12.2013,-100,4.92,114.2,0.483768,0.301292,4.6751,0.8885
191,-100,-120.0,40,2.75,1.5,-59.95,3.2619,-69,4.2,114.89,0.468312,0.291646,4.6382,0.8723
186,-100,-120.0,40,2.5,12.5,-63.4,12.6428,-100,3.84,115.32,0.461199,0.289621,6.0626,0.8404
188,-100,-120.0,40,2.5,13.5,-63.96,13.6136,-100,3.92,115.49,0.436978,0.279409,5.1584,0.8604
187,-100,-120.0,40,2.5,13.0,-64.17,13.2683,-100,6.62,112.21,0.545097,0.355173,9.5685,0.7439
192,-100,-120.0,40,2.75,2.0,-59.29,2.8063,-70,2.3,117.27,0.421901,0.238657,1.6671,0.9454
190,-100,-120.0,40,2.75,1.0,-60.48,2.7962,-70,1.98,117.69,0.40941,0.228875,1.8402,0.9442
189,-100,-120.0,40,2.5,14.0,-62.29,14.1358,-100,3.31,116.14,0.437636,0.273152,2.9786,0.9128
193,-100,-120.0,40,2.75,2.5,-58.97,3.6767,-71,8.27,110.17,0.519448,0.353797,9.0475,0.7538
194,-100,-120.0,40,2.75,3.0,-60.09,3.9136,-75,3.42,115.97,0.468515,0.280846,3.3283,0.9058
195,-100,-120.0,40,2.75,3.5,-59.96,3.9366,-75,1.48,118.27,0.421409,0.221886,0.9452,0.9733
196,-100,-120.0,40,2.75,4.0,-59.34,5.107,-80,2.09,117.57,0.414426,0.227946,1.0706,0.9625
201,-100,-120.0,40,2.75,6.5,-60.23,6.8788,-87,4.84,114.21,0.469834,0.309585,6.6166,0.8199
200,-100,-120.0,40,2.75,6.0,-60.28,6.4701,-85,6.48,112.39,0.513132,0.343137,6.0503,0.8539
198,-100,-120.0,40,2.75,5.0,-59.54,5.425,-80,4.34,114.75,0.441697,0.302445,6.1606,0.8346
199,-100,-120.0,40,2.75,5.5,-59.21,5.8575,-82,1.85,117.85,0.456222,0.255689,1.341,0.9564
197,-100,-120.0,40,2.75,4.5,-60.19,5.2346,-80,3.56,115.86,0.483452,0.281105,4.0672,0.8878
202,-100,-120.0,40,2.75,7.0,-59.61,7.3192,-89,1.43,118.19,0.404708,0.218903,1.7157,0.9515
204,-100,-120.0,40,2.75,8.0,-59.66,8.481,-99,4.96,114.12,0.451282,0.305546,5.43,0.8479
203,-100,-120.0,40,2.75,7.5,-60.14,8.1425,-92,2.14,117.48,0.463289,0.248678,2.1104,0.9396
205,-100,-120.0,40,2.75,8.5,-60.14,9.0569,-97,7.74,110.69,0.518087,0.377443,8.963,0.7508
206,-100,-120.0,40,2.75,9.0,-59.24,9.5989,-96,3.43,115.97,0.418423,0.264371,4.2098,0.8864
207,-100,-120.0,40,2.75,9.5,-59.43,9.8337,-100,2.37,117.24,0.425466,0.243553,2.1784,0.9367
210,-100,-120.0,40,2.75,11.0,-60.2,11.27,-100,2.69,116.67,0.439119,0.255638,1.2783,0.9529
211,-100,-120.0,40,2.75,11.5,-60.25,11.9505,-100,4.18,114.95,0.439409,0.285324,3.5331,0.9143
208,-100,-120.0,40,2.75,10.0,-59.42,10.6486,-100,6.28,112.43,0.490321,0.321525,5.6467,0.8442
213,-100,-120.0,40,2.75,12.5,-60.26,12.6476,-100,3.78,115.51,0.433446,0.273166,4.1562,0.8855
209,-100,-120.0,40,2.75,10.5,-59.26,10.5593,-98,3.76,115.57,0.449066,0.274762,4.4326,0.8756
215,-100,-120.0,40,2.75,13.5,-59.57,13.7095,-100,8.84,109.48,0.522561,0.396364,11.2991,0.7098
216,-100,-120.0,40,2.75,14.0,-59.29,14.0581,-100,4.12,115.16,0.441192,0.284241,5.3107,0.8584
214,-100,-120.0,40,2.75,13.0,-60.06,13.3241,-100,8.11,110.45,0.548305,0.367917,8.7365,0.8076
212,-100,-120.0,40,2.75,12.0,-59.75,12.3696,-100,1.98,117.77,0.424466,0.238551,1.2779,0.9562
217,-100,-120.0,40,3.0,1.0,-56.37,2.5676,-63,4.47,114.68,0.452259,0.292382,5.4092,0.8498
219,-100,-120.0,40,3.0,2.0,-55.67,3.7867,-67,3.9,115.39,0.447919,0.270376,3.0475,0.9251
218,-100,-120.0,40,3.0,1.5,-55.7,2.7769,-64,4.19,115.1,0.445687,0.283891,5.7114,0.8445
220,-100,-120.0,40,3.0,2.5,-56.79,3.991,-70,3.13,116.34,0.443756,0.258233,4.6365,0.8761
226,-100,-120.0,40,3.0,5.5,-56.13,6.0062,-79,8.84,109.55,0.539882,0.378478,7.8741,0.802
221,-100,-120.0,40,3.0,3.0,-56.16,3.7904,-72,3.54,115.75,0.457359,0.274975,2.6833,0.919
222,-100,-120.0,40,3.0,3.5,-56.47,4.5185,-73,2.33,117.26,0.467135,0.245846,0.8071,0.9672
223,-100,-120.0,40,3.0,4.0,-56.04,4.6464,-74,1.25,118.51,0.424865,0.22051,0.8277,0.9723
224,-100,-120.0,40,3.0,4.5,-56.74,5.5164,-77,3.05,116.3,0.425189,0.259082,3.712,0.8975
227,-100,-120.0,40,3.0,6.0,-56.08,6.423,-84,3.21,116.22,0.491387,0.272538,3.4112,0.9029
225,-100,-120.0,40,3.0,5.0,-55.93,5.6638,-78,2.1,117.53,0.415522,0.233965,0.7962,0.9696
228,-100,-120.0,40,3.0,6.5,-56.66,7.023,-83,0.9,118.98,0.379225,0.19377,0.6547,0.981
229,-100,-120.0,40,3.0,7.0,-55.71,7.3292,-88,2.33,117.29,0.46526,0.24378,1.5347,0.9538
233,-100,-120.0,40,3.0,9.0,-55.8,9.4311,-95,8.59,109.69,0.502054,0.380974,9.9121,0.7354
231,-100,-120.0,40,3.0,8.0,-56.56,8.4811,-92,4.43,114.71,0.46332,0.28764,3.4867,0.9036
230,-100,-120.0,40,3.0,7.5,-56.62,7.844,-87,2.01,117.64,0.416927,0.237128,0.3788,0.9755
235,-100,-120.0,40,3.0,10.0,-56.65,10.4129,-97,1.95,117.65,0.404536,0.222316,1.1093,0.9653
232,-100,-120.0,40,3.0,8.5,-55.7,8.8027,-93,2.45,117.16,0.431593,0.237122,2.2855,0.9358
239,-100,-120.0,40,3.0,12.0,-56.17,12.2347,-100,4.52,114.57,0.481013,0.285189,4.1642,0.8955
238,-100,-120.0,40,3.0,11.5,-55.79,11.74,-100,5.32,113.75,0.488338,0.314005,5.0611,0.8588
234,-100,-120.0,40,3.0,9.5,-55.22,9.9242,-99,2.85,116.78,0.463018,0.267272,1.9404,0.9403
236,-100,-120.0,40,3.0,10.5,-56.5,10.819,-100,2.68,116.77,0.419742,0.245007,2.4644,0.9324
237,-100,-120.0,40,3.0,11.0,-55.43,11.351,-100,4.48,114.64,0.468307,0.297469,5.1963,0.8568
240,-100,-120.0,40,3.0,12.5,-56.1,12.7529,-100,1.9,117.8,0.417779,0.223703,0.818,0.9701
241,-100,-120.0,40,3.0,13.0,-56.16,13.3837,-100,2.09,117.73,0.456275,0.248182,1.1844,0.9633
246,-100,-120.0,40,3.25,2.0,-52.46,3.528,-66,4.09,115.19,0.442644,0.284942,5.799,0.8434
242,-100,-120.0,40,3.0,13.5,-56.43,13.8409,-100,4.21,114.97,0.438227,0.288504,4.7943,0.8664
247,-100,-120.0,40,3.25,2.5,-52.58,3.8233,-66,11.41,106.43,0.590767,0.428411,11.3172,0.738
248,-100,-120.0,40,3.25,3.0,-53.42,4.0272,-69,8.39,110.0,0.522725,0.38177,9.7689,0.7327
243,-100,-120.0,40,3.0,14.0,-56.51,14.1955,-100,1.37,118.55,0.406202,0.21495,0.6978,0.977
244,-100,-120.0,40,3.25,1.0,-52.23,2.9826,-59,3.72,115.73,0.475491,0.277979,2.9032,0.9257
245,-100,-120.0,40,3.25,1.5,-52.74,3.2512,-62,2.92,116.52,0.436372,0.255185,3.097,0.9102
250,-100,-120.0,40,3.25,4.0,-53.15,4.955,-73,9.56,108.55,0.532315,0.399379,9.997,0.7454
251,-100,-120.0,40,3.25,4.5,-52.83,5.4111,-74,5.75,113.17,0.474755,0.319049,6.3743,0.8463
249,-100,-120.0,40,3.25,3.5,-52.86,4.5225,-69,4.31,114.66,0.492331,0.310286,4.9628,0.8615
252,-100,-120.0,40,3.25,5.0,-52.0,5.7485,-75,2.08,117.5,0.424103,0.238706,1.2372,0.9633
253,-100,-120.0,40,3.25,5.5,-53.0,6.1987,-80,5.25,113.76,0.499634,0.305984,6.4988,0.8206
254,-100,-120.0,40,3.25,6.0,-52.37,6.7344,-83,8.99,109.36,0.524528,0.402753,12.2649,0.6743
260,-100,-120.0,40,3.25,9.0,-53.09,9.5985,-95,8.68,109.55,0.542157,0.393718,11.3548,0.7017
255,-100,-120.0,40,3.25,6.5,-52.95,7.1802,-84,2.58,116.99,0.415762,0.239108,2.3908,0.9286
257,-100,-120.0,40,3.25,7.5,-52.24,7.899,-81,1.4,118.38,0.413291,0.213697,0.7232,0.9753
256,-100,-120.0,40,3.25,7.0,-52.58,7.3856,-84,3.97,115.42,0.459042,0.278633,4.3593,0.8743
259,-100,-120.0,40,3.25,8.5,-52.76,9.1064,-85,2.39,117.26,0.449568,0.248596,1.8497,0.9432
258,-100,-120.0,40,3.25,8.0,-53.09,8.6265,-92,3.3,116.12,0.455678,0.264005,3.2313,0.9039
261,-100,-120.0,40,3.25,9.5,-52.66,9.8303,-93,2.58,117.12,0.470758,0.26198,2.666,0.9223
262,-100,-120.0,40,3.25,10.0,-52.35,10.6659,-91,3.85,115.33,0.459573,0.283033,4.4099,0.8774
263,-100,-120.0,40,3.25,10.5,-52.12,10.851,-95,8.74,109.58,0.552535,0.402797,11.1507,0.6971
264,-100,-120.0,40,3.25,11.0,-53.76,11.3546,-100,2.31,117.23,0.431884,0.238008,0.8581,0.964
265,-100,-120.0,40,3.25,11.5,-51.82,11.8258,-98,4.62,114.55,0.473216,0.290363,3.36,0.9132
266,-100,-120.0,40,3.25,12.0,-52.89,12.238,-100,6.25,112.62,0.496707,0.315694,4.9101,0.8747
267,-100,-120.0,40,3.25,12.5,-52.67,12.7178,-100,5.63,113.18,0.481025,0.317403,6.5636,0.8272
272,-100,-120.0,40,3.5,1.5,-48.84,3.1744,-59,7.62,110.92,0.53867,0.36912,10.3595,0.7277
268,-100,-120.0,40,3.25,13.0,-52.56,13.4836,-100,3.7,115.63,0.470916,0.284915,3.7377,0.8946
269,-100,-120.0,40,3.25,13.5,-52.28,13.8008,-100,1.93,117.66,0.407281,0.222201,1.5236,0.9538
270,-100,-120.0,40,3.25,14.0,-53.09,14.0271,-100,1.68,117.99,0.399818,0.213477,1.1852,0.9636
271,-100,-120.0,40,3.5,1.0,-49.05,3.165,-57,3.16,116.3,0.446183,0.2675,2.124,0.9385
273,-100,-120.0,40,3.5,2.0,-49.0,3.8847,-61,4.18,114.97,0.468446,0.280215,2.8088,0.916
274,-100,-120.0,40,3.5,2.5,-49.12,3.6942,-64,1.75,117.96,0.418251,0.225551,1.8466,0.9461
275,-100,-120.0,40,3.5,3.0,-48.86,4.0056,-63,3.84,115.4,0.458612,0.279352,3.0562,0.9208
276,-100,-120.0,40,3.5,3.5,-48.67,5.0513,-65,5.98,112.85,0.539633,0.310079,4.6319,0.8732
277,-100,-120.0,40,3.5,4.0,-49.52,4.6972,-69,2.28,117.16,0.441391,0.244323,1.9576,0.9459
278,-100,-120.0,40,3.5,4.5,-49.54,5.2456,-71,4.16,115.13,0.445308,0.275478,3.6031,0.8967
280,-100,-120.0,40,3.5,5.5,-48.93,6.1255,-73,2.67,116.92,0.493347,0.262973,1.7297,0.9523
279,-100,-120.0,40,3.5,5.0,-48.78,5.8817,-70,2.63,116.9,0.421877,0.24297,1.6295,0.9553
283,-100,-120.0,40,3.5,7.0,-48.9,7.4555,-80,7.3,111.22,0.501157,0.332009,8.2609,0.8249
284,-100,-120.0,40,3.5,7.5,-48.63,8.0409,-79,6.34,112.49,0.521034,0.325022,4.8636,0.8655
281,-100,-120.0,40,3.5,6.0,-49.08,6.3726,-76,1.59,118.29,0.445995,0.23466,1.2597,0.9593
282,-100,-120.0,40,3.5,6.5,-49.0,7.3419,-78,3.05,116.43,0.439293,0.252478,2.2386,0.9318
285,-100,-120.0,40,3.5,8.0,-49.57,8.4897,-84,1.87,117.93,0.423355,0.234974,0.689,0.9702
286,-100,-120.0,40,3.5,8.5,-49.14,9.064,-86,6.64,112.04,0.502454,0.339131,8.2666,0.7717
287,-100,-120.0,40,3.5,9.0,-48.9,9.537,-88,3.8,115.57,0.479038,0.281365,2.8053,0.9186
288,-100,-120.0,40,3.5,9.5,-48.85,9.7562,-89,2.23,117.33,0.432073,0.240251,1.3384,0.9594
289,-100,-120.0,40,3.5,10.0,-49.2,10.3759,-87,3.96,115.32,0.452734,0.284911,4.0549,0.884
291,-100,-120.0,40,3.5,11.0,-49.02,11.3416,-97,3.03,116.5,0.45552,0.263801,3.9725,0.8908
290,-100,-120.0,40,3.5,10.5,-48.79,10.9566,-90,3.23,116.17,0.434779,0.261132,3.0246,0.9107
292,-100,-120.0,40,3.5,11.5,-49.25,11.9169,-97,1.8,117.88,0.442425,0.235872,1.0394,0.9661
294,-100,-120.0,40,3.5,12.5,-49.27,12.6692,-100,4.46,114.74,0.457653,0.289128,4.3323,0.8953
295,-100,-120.0,40,3.5,13.0,-48.43,13.6147,-100,4.6,114.47,0.454232,0.295596,5.755,0.8412
293,-100,-120.0,40,3.5,12.0,-49.24,12.3714,-100,1.61,118.05,0.41005,0.218141,1.0628,0.9643
298,-100,-120.0,40,3.75,1.0,-45.3,3.0748,-54,6.86,111.82,0.525367,0.354518,5.748,0.8566
296,-100,-120.0,40,3.5,13.5,-49.06,13.7084,-99,2.3,117.38,0.450266,0.250795,1.3391,0.9617
297,-100,-120.0,40,3.5,14.0,-48.64,14.3329,-100,2.11,117.61,0.426445,0.238329,1.4767,0.9559
299,-100,-120.0,40,3.75,1.5,-45.36,3.5635,-55,1.86,117.97,0.433004,0.240885,0.9776,0.9669
300,-100,-120.0,40,3.75,2.0,-44.49,4.1259,-57,4.19,114.96,0.462021,0.295991,3.9182,0.8879
301,-100,-120.0,40,3.75,2.5,-45.45,4.257,-60,2.55,116.93,0.436099,0.240104,1.7671,0.9497
304,-100,-120.0,40,3.75,4.0,-44.73,5.2387,-67,7.71,110.84,0.522933,0.360225,7.8455,0.8045
302,-100,-120.0,40,3.75,3.0,-44.89,3.9639,-59,2.46,117.14,0.422134,0.250398,1.8392,0.9468
305,-100,-120.0,40,3.75,4.5,-46.42,5.672,-69,8.45,109.86,0.523979,0.385017,10.9175,0.703
303,-100,-120.0,40,3.75,3.5,-45.22,4.8622,-63,2.43,117.07,0.435422,0.246485,1.4953,0.9526
306,-100,-120.0,40,3.75,5.0,-44.8,6.2881,-76,1.72,117.93,0.432707,0.230262,1.4155,0.9622
308,-100,-120.0,40,3.75,6.0,-45.32,6.6559,-70,8.67,109.59,0.528564,0.399333,11.3441,0.6922
307,-100,-120.0,40,3.75,5.5,-45.38,6.5601,-71,2.13,117.64,0.433094,0.246338,1.2087,0.9611
310,-100,-120.0,40,3.75,7.0,-45.47,7.8229,-76,8.73,109.57,0.524808,0.38181,8.6066,0.774
311,-100,-120.0,40,3.75,7.5,-46.05,7.9753,-81,2.11,117.51,0.433039,0.241589,2.1526,0.9362
309,-100,-120.0,40,3.75,6.5,-45.89,7.0173,-72,1.46,118.25,0.425221,0.221767,1.1773,0.9633
312,-100,-120.0,40,3.75,8.0,-44.79,8.4077,-80,8.92,109.29,0.52824,0.390425,11.2302,0.7186
313,-100,-120.0,40,3.75,8.5,-45.62,9.0816,-81,3.13,116.27,0.436891,0.262525,3.763,0.8973
317,-100,-120.0,40,3.75,10.5,-45.43,10.9204,-85,4.33,114.87,0.449773,0.29675,5.1606,0.8575
316,-100,-120.0,40,3.75,10.0,-45.42,10.7739,-86,1.31,118.45,0.420417,0.221269,1.0924,0.9663
315,-100,-120.0,40,3.75,9.5,-45.67,10.1191,-88,2.09,117.36,0.46293,0.25374,1.6543,0.9506
314,-100,-120.0,40,3.75,9.0,-45.05,9.7223,-86,0.88,118.94,0.355569,0.178687,0.1974,0.9886
321,-100,-120.0,40,3.75,12.5,-45.86,12.9072,-99,5.9,113.02,0.479595,0.325467,5.1691,0.8672
318,-100,-120.0,40,3.75,11.0,-45.4,11.4785,-95,4.01,115.16,0.438571,0.274804,5.4874,0.8523
319,-100,-120.0,40,3.75,11.5,-45.35,11.8501,-92,3.8,115.54,0.444829,0.279219,4.3214,0.8803
322,-100,-120.0,40,3.75,13.0,-44.96,13.2882,-99,3.06,116.27,0.445672,0.261755,2.7105,0.9217
320,-100,-120.0,40,3.75,12.0,-45.48,12.497,-96,1.61,118.13,0.43593,0.220094,1.0285,0.9643
323,-100,-120.0,40,3.75,13.5,-45.47,13.8144,-98,1.98,117.68,0.403473,0.223901,1.2673,0.964
324,-100,-120.0,40,3.75,14.0,-44.67,14.2767,-100,8.22,110.23,0.515663,0.374472,9.3854,0.755
325,-100,-120.0,40,4.0,1.0,-41.27,3.4519,-50,4.1,115.04,0.448246,0.28917,6.3277,0.833
329,-100,-120.0,40,4.0,3.0,-41.48,4.1649,-58,9.18,109.1,0.529274,0.392741,10.5319,0.7425
326,-100,-120.0,40,4.0,1.5,-41.9,3.2695,-51,1.77,117.8,0.434902,0.236373,1.0902,0.967
327,-100,-120.0,40,4.0,2.0,-41.94,3.8783,-53,2.2,117.42,0.428385,0.24111,2.1116,0.938
328,-100,-120.0,40,4.0,2.5,-42.41,4.5941,-58,2.94,116.5,0.408709,0.254894,4.122,0.8902
330,-100,-120.0,40,4.0,3.5,-42.18,4.7487,-60,2.83,116.58,0.460868,0.261953,3.8578,0.8946
331,-100,-120.0,40,4.0,4.0,-41.48,5.8444,-62,3.85,115.47,0.455494,0.280345,3.5207,0.8994
332,-100,-120.0,40,4.0,4.5,-41.75,5.4076,-66,5.12,113.86,0.480921,0.298229,4.4773,0.8801
333,-100,-120.0,40,4.0,5.0,-42.2,5.9832,-65,4.39,114.81,0.465163,0.283634,3.9388,0.9081
334,-100,-120.0,40,4.0,5.5,-41.86,6.1576,-66,2.7,116.79,0.449633,0.247522,2.5989,0.9393
335,-100,-120.0,40,4.0,6.0,-42.03,6.9629,-67,1.32,118.42,0.38649,0.204385,1.0026,0.9685
336,-100,-120.0,40,4.0,6.5,-41.16,7.4964,-69,4.26,114.99,0.46579,0.290109,5.3245,0.8537
337,-100,-120.0,40,4.0,7.0,-42.13,7.8684,-75,8.97,109.23,0.529489,0.392913,12.0857,0.6813
338,-100,-120.0,40,4.0,7.5,-41.8,8.2307,-71,4.29,114.9,0.469552,0.291664,3.4777,0.9042
340,-100,-120.0,40,4.0,8.5,-41.52,9.6032,-81,2.67,116.93,0.454327,0.253724,2.5509,0.9277
339,-100,-120.0,40,4.0,8.0,-41.73,8.3776,-78,2.95,116.69,0.460114,0.267556,1.9207,0.9434
341,-100,-120.0,40,4.0,9.0,-41.58,9.5355,-77,1.06,118.81,0.39013,0.199883,0.9555,0.9705
344,-100,-120.0,40,4.0,10.5,-41.47,11.1699,-88,5.87,112.9,0.504746,0.323402,6.6594,0.8263
342,-100,-120.0,40,4.0,9.5,-41.87,9.8374,-82,4.06,115.24,0.480369,0.276559,3.5359,0.9002
343,-100,-120.0,40,4.0,10.0,-41.7,10.7067,-83,3.3,116.1,0.473747,0.263819,3.7752,0.8949
345,-100,-120.0,40,4.0,11.0,-42.15,11.502,-100,1.64,118.1,0.401325,0.221484,1.6473,0.9515
346,-100,-120.0,40,4.0,11.5,-41.64,11.8825,-86,2.15,117.42,0.422717,0.238714,1.6409,0.9468
347,-100,-120.0,40,4.0,12.0,-41.9,12.4618,-92,1.22,118.56,0.420656,0.212331,0.4416,0.9792
348,-100,-120.0,40,4.0,12.5,-41.87,12.8635,-90,1.59,117.94,0.438322,0.240233,0.9888,0.9652
350,-100,-120.0,40,4.0,13.5,-41.38,13.8344,-96,5.6,113.23,0.497131,0.315246,5.6804,0.8568
349,-100,-120.0,40,4.0,13.0,-42.19,13.2828,-94,1.81,117.98,0.421221,0.229015,0.7978,0.9669
352,-100,-120.0,40,4.25,1.0,-37.96,3.0497,-45,3.69,115.58,0.433607,0.273376,4.2605,0.8855
351,-100,-120.0,40,4.0,14.0,-41.89,14.4768,-97,1.61,118.0,0.416404,0.221747,0.6491,0.9753
354,-100,-120.0,40,4.25,2.0,-38.13,4.4727,-51,4.39,114.85,0.442893,0.295705,7.3723,0.8087
353,-100,-120.0,40,4.25,1.5,-37.79,3.3283,-48,5.5,113.4,0.46791,0.323668,7.1603,0.8081
357,-100,-120.0,40,4.25,3.5,-38.05,4.9166,-54,4.01,115.26,0.45869,0.277192,4.3862,0.8736
358,-100,-120.0,40,4.25,4.0,-38.27,5.19,-57,5.77,113.02,0.515017,0.31769,5.1737,0.8622
355,-100,-120.0,40,4.25,2.5,-38.29,4.1776,-52,4.01,115.19,0.461601,0.269769,4.0577,0.8826
356,-100,-120.0,40,4.25,3.0,-38.06,4.8269,-53,2.05,117.53,0.419128,0.231936,1.4903,0.9531
359,-100,-120.0,40,4.25,4.5,-38.33,5.5801,-61,4.2,114.96,0.454976,0.282007,5.1977,0.8595
360,-100,-120.0,40,4.25,5.0,-38.5,6.5383,-62,1.94,117.74,0.443798,0.239155,1.8163,0.9459
361,-100,-120.0,40,4.25,5.5,-38.65,6.4384,-66,3.04,116.4,0.443066,0.257414,1.7985,0.9492
362,-100,-120.0,40,4.25,6.0,-38.44,6.7476,-65,3.72,115.5,0.473023,0.27433,3.2017,0.9201
363,-100,-120.0,40,4.25,6.5,-39.09,7.6897,-67,9.81,108.27,0.558983,0.400889,10.5876,0.7064
364,-100,-120.0,40,4.25,7.0,-38.12,7.9599,-68,3.49,116.0,0.450382,0.266963,2.6109,0.9201
366,-100,-120.0,40,4.25,8.0,-38.56,8.6099,-70,2.78,116.65,0.425993,0.264863,1.8887,0.9526
365,-100,-120.0,40,4.25,7.5,-37.83,8.1038,-70,4.37,114.79,0.481361,0.296662,4.0464,0.8907
370,-100,-120.0,40,4.25,10.0,-38.03,10.8129,-79,7.58,110.89,0.504389,0.3546,8.475,0.7899
367,-100,-120.0,40,4.25,8.5,-38.6,9.0912,-74,3.16,116.22,0.426675,0.261817,3.8895,0.8919
368,-100,-120.0,40,4.25,9.0,-38.06,9.8171,-78,1.71,118.07,0.411381,0.217953,1.0959,0.9673
369,-100,-120.0,40,4.25,9.5,-38.12,9.9386,-76,2.16,117.47,0.424737,0.228175,2.0942,0.938
371,-100,-120.0,40,4.25,10.5,-38.12,11.1809,-80,3.34,116.06,0.463834,0.277242,3.3563,0.9087
372,-100,-120.0,40,4.25,11.0,-37.87,11.6095,-85,3.4,115.92,0.44143,0.263094,3.3396,0.9033
373,-100,-120.0,40,4.25,11.5,-38.72,12.0095,-90,2.15,117.53,0.405012,0.242336,1.404,0.9577
374,-100,-120.0,40,4.25,12.0,-38.37,12.5699,-86,2.95,116.52,0.425132,0.257312,2.0341,0.9438
375,-100,-120.0,40,4.25,12.5,-37.77,12.9405,-89,2.48,116.99,0.424767,0.238392,1.5663,0.9565
378,-100,-120.0,40,4.25,14.0,-37.99,14.4328,-100,2.03,117.51,0.420587,0.230089,1.4285,0.9553
376,-100,-120.0,40,4.25,13.0,-37.76,13.4131,-91,3.2,116.18,0.478573,0.278931,2.6445,0.9228
377,-100,-120.0,40,4.25,13.5,-37.77,13.9642,-90,5.85,113.12,0.493042,0.320823,6.2221,0.8642
381,-100,-120.0,40,4.5,2.0,-34.92,4.2288,-48,5.94,113.02,0.530633,0.329452,5.8197,0.8555
382,-100,-120.0,40,4.5,2.5,-34.39,4.5257,-48,3.19,116.43,0.485098,0.280956,2.4577,0.9275
379,-100,-120.0,40,4.5,1.0,-34.18,3.6515,-43,2.42,117.3,0.453673,0.250512,1.3153,0.9615
380,-100,-120.0,40,4.5,1.5,-34.33,4.2847,-45,3.3,116.12,0.455834,0.27267,3.5141,0.9059
383,-100,-120.0,40,4.5,3.0,-34.67,4.372,-50,8.49,109.93,0.521974,0.39588,10.171,0.7463
384,-100,-120.0,40,4.5,3.5,-34.74,5.2834,-53,3.48,115.88,0.461386,0.275447,3.7496,0.9027
385,-100,-120.0,40,4.5,4.0,-34.24,5.9551,-56,1.98,117.65,0.391264,0.223764,1.6631,0.9483
386,-100,-120.0,40,4.5,4.5,-35.19,5.781,-58,8.95,109.34,0.52368,0.399092,10.638,0.7147
387,-100,-120.0,40,4.5,5.0,-33.75,6.0273,-57,1.67,118.01,0.419795,0.233839,1.3228,0.9607
388,-100,-120.0,40,4.5,5.5,-34.57,6.7333,-60,1.63,118.14,0.414881,0.235819,1.1569,0.9611
389,-100,-120.0,40,4.5,6.0,-34.83,7.2437,-64,2.05,117.48,0.426596,0.250733,1.3992,0.9587
390,-100,-120.0,40,4.5,6.5,-33.77,7.3115,-67,1.5,118.29,0.418107,0.229108,0.6395,0.9767
393,-100,-120.0,40,4.5,8.0,-34.61,8.6593,-69,3.87,115.44,0.462927,0.2859,4.5956,0.8735
391,-100,-120.0,40,4.5,7.0,-34.66,8.2267,-68,1.85,117.86,0.412425,0.22762,1.1682,0.9606
394,-100,-120.0,40,4.5,8.5,-35.93,9.3196,-73,8.08,110.32,0.51408,0.376826,10.6043,0.7221
392,-100,-120.0,40,4.5,7.5,-34.67,8.3953,-67,4.19,115.06,0.450826,0.276334,3.6546,0.8933
395,-100,-120.0,40,4.5,9.0,-34.94,10.039,-72,2.87,116.66,0.442996,0.255994,1.8034,0.9465
396,-100,-120.0,40,4.5,9.5,-34.69,10.0172,-76,4.06,115.04,0.469504,0.278028,4.7216,0.8695
397,-100,-120.0,40,4.5,10.0,-33.97,10.9681,-80,3.62,115.88,0.463438,0.280708,4.9293,0.8655
398,-100,-120.0,40,4.5,10.5,-34.58,11.3465,-81,3.52,115.84,0.435906,0.2715,2.1734,0.9347
399,-100,-120.0,40,4.5,11.0,-34.35,11.6036,-79,2.6,116.95,0.435202,0.253336,1.6974,0.9515
400,-100,-120.0,40,4.5,11.5,-33.98,12.034,-86,9.11,109.07,0.524189,0.405352,12.9331,0.6536
401,-100,-120.0,40,4.5,12.0,-34.32,12.3743,-84,3.47,115.93,0.42357,0.271422,4.3504,0.8788
402,-100,-120.0,40,4.5,12.5,-34.61,12.8323,-84,3.04,116.42,0.45613,0.253052,2.1987,0.9395
403,-100,-120.0,40,4.5,13.0,-34.36,13.5486,-86,2.1,117.41,0.415024,0.244078,1.8274,0.9441
404,-100,-120.0,40,4.5,13.5,-34.15,13.9403,-83,2.47,117.03,0.433916,0.257029,2.6346,0.9242
405,-100,-120.0,40,4.5,14.0,-34.41,14.5624,-92,3.94,115.3,0.43842,0.279411,5.4463,0.8526
406,-100,-120.0,40,4.75,1.0,-30.81,3.596,-40,1.71,117.98,0.398223,0.220801,1.1418,0.9675
407,-100,-120.0,40,4.75,1.5,-30.5,3.7122,-40,4.12,115.09,0.460442,0.286859,4.8263,0.8709
408,-100,-120.0,40,4.75,2.0,-31.07,4.9395,-44,2.06,117.69,0.45239,0.242653,0.8301,0.9691
409,-100,-120.0,40,4.75,2.5,-30.94,4.8156,-45,1.87,117.68,0.411726,0.238109,1.5414,0.9535
410,-100,-120.0,40,4.75,3.0,-31.95,5.2595,-50,2.01,117.62,0.412739,0.232118,1.3427,0.9587
411,-100,-120.0,40,4.75,3.5,-31.56,5.0722,-49,2.37,117.23,0.422363,0.243613,1.0651,0.9643
412,-100,-120.0,40,4.75,4.0,-30.7,6.1318,-50,4.36,114.73,0.469093,0.29385,4.9213,0.8615
413,-100,-120.0,40,4.75,4.5,-31.98,5.6314,-52,2.05,117.47,0.443293,0.24296,1.0962,0.9697
418,-100,-120.0,40,4.75,7.0,-31.46,8.3507,-66,3.62,115.55,0.466782,0.299552,4.1799,0.886
414,-100,-120.0,40,4.75,5.0,-30.86,6.3838,-56,4.36,114.71,0.464202,0.295183,4.8999,0.8629
415,-100,-120.0,40,4.75,5.5,-31.05,7.2599,-60,2.27,117.39,0.43693,0.244587,1.7498,0.949
416,-100,-120.0,40,4.75,6.0,-31.2,7.3836,-61,2.21,117.42,0.408047,0.236989,1.9854,0.942
417,-100,-120.0,40,4.75,6.5,-31.14,7.3591,-63,4.4,114.71,0.492188,0.298569,4.5943,0.883
419,-100,-120.0,40,4.75,7.5,-30.49,8.2894,-60,3.17,116.21,0.477286,0.268769,3.7946,0.8938
420,-100,-120.0,40,4.75,8.0,-31.31,9.0997,-66,2.57,117.09,0.44307,0.249212,2.177,0.9412
421,-100,-120.0,40,4.75,8.5,-31.23,9.3348,-64,6.02,112.83,0.478172,0.317862,6.4962,0.8301
422,-100,-120.0,40,4.75,9.0,-30.38,9.8619,-70,4.09,115.17,0.474305,0.281327,4.0449,0.8839
423,-100,-120.0,40,4.75,9.5,-29.92,10.1901,-79,2.03,117.64,0.410951,0.23172,1.8862,0.9544
424,-100,-120.0,40,4.75,10.0,-30.47,10.9494,-73,4.7,114.39,0.466855,0.290877,3.9555,0.8982
425,-100,-120.0,40,4.75,10.5,-30.99,11.0522,-72,4.81,114.22,0.479466,0.305117,4.9709,0.8604
426,-100,-120.0,40,4.75,11.0,-30.73,11.575,-73,1.17,118.75,0.415519,0.219645,0.7048,0.9779
427,-100,-120.0,40,4.75,11.5,-30.49,11.9305,-77,5.08,113.97,0.499212,0.316756,5.7269,0.8412
428,-100,-120.0,40,4.75,12.0,-30.6,12.5525,-80,1.77,117.91,0.406873,0.217798,1.2876,0.9571
429,-100,-120.0,40,4.75,12.5,-31.28,13.042,-84,3.29,116.09,0.433091,0.2696,5.1827,0.8635
430,-100,-120.0,40,4.75,13.0,-30.69,13.4041,-91,3.9,115.48,0.454285,0.275707,5.3523,0.8557
432,-100,-120.0,40,4.75,14.0,-30.9,14.6991,-85,3.71,115.54,0.448301,0.273664,4.1709,0.9057
431,-100,-120.0,40,4.75,13.5,-31.01,14.3459,-89,1.75,117.99,0.438752,0.245176,1.3936,0.9573
434,-100,-120.0,40,5.0,1.5,-26.89,4.23,-37,7.25,111.42,0.51887,0.349017,5.8969,0.8454
433,-100,-120.0,40,5.0,1.0,-26.99,4.3926,-37,2.34,117.26,0.421856,0.243518,2.3396,0.9302
435,-100,-120.0,40,5.0,2.0,-27.15,4.2008,-39,3.53,115.68,0.455073,0.272074,4.8839,0.8682
436,-100,-120.0,40,5.0,2.5,-27.88,4.9105,-43,8.57,109.82,0.518377,0.367858,9.0906,0.7955
437,-100,-120.0,40,5.0,3.0,-26.97,5.3457,-45,2.18,117.59,0.457584,0.251513,2.1922,0.9362
440,-100,-120.0,40,5.0,4.5,-27.84,6.1768,-49,8.01,110.38,0.508954,0.356055,8.0538,0.8202
439,-100,-120.0,40,5.0,4.0,-27.43,5.7506,-48,5.4,113.6,0.48425,0.306878,5.8041,0.8503
438,-100,-120.0,40,5.0,3.5,-26.84,5.8395,-48,2.27,117.44,0.413487,0.243184,1.4725,0.9586
442,-100,-120.0,40,5.0,5.5,-27.29,6.9598,-55,3.55,115.7,0.475437,0.275816,2.1752,0.9336
441,-100,-120.0,40,5.0,5.0,-27.31,6.454,-49,1.63,118.16,0.420966,0.22661,1.1768,0.9604
443,-100,-120.0,40,5.0,6.0,-26.93,7.3824,-55,2.33,117.29,0.40317,0.234073,2.2621,0.936
444,-100,-120.0,40,5.0,6.5,-27.2,7.8308,-56,5.92,112.87,0.505492,0.337328,6.6153,0.8564
445,-100,-120.0,40,5.0,7.0,-27.46,8.434,-58,3.02,116.41,0.44666,0.264195,2.5748,0.9295
446,-100,-120.0,40,5.0,7.5,-27.29,8.255,-61,2.11,117.61,0.430657,0.228545,1.7268,0.9508
448,-100,-120.0,40,5.0,8.5,-27.78,9.4449,-68,3.9,115.31,0.456562,0.280886,5.0488,0.8608
447,-100,-120.0,40,5.0,8.0,-27.17,8.7153,-62,4.57,114.68,0.494888,0.294022,5.763,0.8418
450,-100,-120.0,40,5.0,9.5,-28.02,10.5466,-75,5.78,113.06,0.476534,0.316349,5.253,0.8768
449,-100,-120.0,40,5.0,9.0,-27.02,10.0298,-64,3.77,115.5,0.459139,0.281779,4.5431,0.8725
451,-100,-120.0,40,5.0,10.0,-26.14,10.8337,-69,4.75,114.23,0.495581,0.29941,4.536,0.8907
452,-100,-120.0,40,5.0,10.5,-27.11,11.1353,-71,2.6,116.94,0.429446,0.257424,1.7467,0.9477
454,-100,-120.0,40,5.0,11.5,-27.44,12.4991,-81,4.51,114.59,0.459995,0.305507,5.9746,0.8382
453,-100,-120.0,40,5.0,11.0,-27.43,11.676,-71,1.29,118.49,0.37706,0.20285,0.8986,0.9731
455,-100,-120.0,40,5.0,12.0,-28.06,12.6679,-80,3.84,115.51,0.474725,0.279857,2.6758,0.9315
456,-100,-120.0,40,5.0,12.5,-26.7,13.0196,-86,2.33,117.25,0.421111,0.230587,2.4463,0.9294
457,-100,-120.0,40,5.0,13.0,-27.41,13.8167,-84,1.88,117.76,0.404196,0.225369,1.6838,0.9598
459,-100,-120.0,40,5.0,14.0,-26.69,14.619,-88,1.61,118.03,0.403433,0.222298,0.9461,0.9692
458,-100,-120.0,40,5.0,13.5,-27.43,14.2207,-98,2.52,117.04,0.481403,0.250802,2.0855,0.938
460,-100,-115.0,40,1.0,1.0,-85.15,1.7445,-91,3.1,116.29,0.443146,0.257685,2.1285,0.9407
461,-100,-115.0,40,1.0,1.5,-85.08,2.2891,-94,1.81,117.85,0.42114,0.229456,0.9481,0.9668
462,-100,-115.0,40,1.0,2.0,-84.66,2.2633,-94,2.19,117.55,0.439749,0.252268,1.4059,0.9586
465,-100,-115.0,40,1.0,3.5,-84.83,3.6868,-99,4.74,114.3,0.463739,0.302454,4.8201,0.8649
463,-100,-115.0,40,1.0,2.5,-84.69,2.8318,-97,3.96,115.32,0.465792,0.282881,3.971,0.8931
464,-100,-115.0,40,1.0,3.0,-84.81,3.2508,-97,2.89,116.53,0.451136,0.258926,3.205,0.9071
466,-100,-115.0,40,1.0,4.0,-84.84,4.136,-100,2.23,117.4,0.425867,0.239579,2.0422,0.9479
467,-100,-115.0,40,1.0,4.5,-85.32,4.7107,-100,4.61,114.46,0.481679,0.288755,3.8999,0.8812
468,-100,-115.0,40,1.0,5.0,-85.61,5.2692,-100,1.24,118.66,0.382787,0.201529,1.1643,0.9644
469,-100,-115.0,40,1.0,5.5,-85.49,5.5282,-100,5.48,113.44,0.483233,0.313997,6.1614,0.8246
470,-100,-115.0,40,1.0,6.0,-84.65,6.1972,-100,8.08,110.38,0.51429,0.38206,9.3314,0.7553
471,-100,-115.0,40,1.0,6.5,-85.21,6.6283,-100,3.13,116.32,0.447424,0.259475,3.2509,0.9042
472,-100,-115.0,40,1.0,7.0,-84.96,7.0493,-100,10.58,107.38,0.568157,0.420522,12.0047,0.6605
474,-100,-115.0,40,1.0,8.0,-84.49,7.8554,-100,7.36,111.18,0.523354,0.341039,8.1365,0.7843
473,-100,-115.0,40,1.0,7.5,-86.04,7.3832,-100,2.2,117.46,0.423578,0.237375,1.1027,0.9662
475,-100,-115.0,40,1.0,8.5,-84.81,8.3402,-100,6.26,112.57,0.495993,0.320466,6.4141,0.8191
476,-100,-115.0,40,1.0,9.0,-84.71,8.6504,-100,2.4,117.19,0.432518,0.254259,1.5698,0.96
477,-100,-115.0,40,1.0,9.5,-84.66,9.137,-100,3.12,116.37,0.436732,0.262822,2.9971,0.9177
478,-100,-115.0,40,1.0,10.0,-84.87,9.4929,-100,3.05,116.36,0.480841,0.277852,2.5318,0.9367
479,-100,-115.0,40,1.0,10.5,-84.35,9.8733,-100,7.61,110.87,0.520553,0.35893,7.927,0.8256
480,-100,-115.0,40,1.0,11.0,-84.81,10.1494,-100,1.94,117.63,0.414682,0.226274,1.2437,0.957
481,-100,-115.0,40,1.0,11.5,-84.25,10.6245,-100,3.65,115.61,0.445258,0.266887,4.119,0.8846
482,-100,-115.0,40,1.0,12.0,-84.23,10.9896,-100,2.37,117.31,0.44624,0.247726,1.6586,0.9553
483,-100,-115.0,40,1.0,12.5,-83.56,11.4025,-100,2.19,117.48,0.432436,0.244541,1.2525,0.9586
484,-100,-115.0,40,1.0,13.0,-84.41,11.6026,-100,8.5,109.75,0.569513,0.36453,6.9044,0.8083
485,-100,-115.0,40,1.0,13.5,-84.45,11.986,-100,8.24,110.23,0.564947,0.364524,6.7525,0.8391
486,-100,-115.0,40,1.0,14.0,-84.27,12.249,-100,9.12,109.16,0.544002,0.388407,8.9874,0.7438
490,-100,-115.0,40,1.25,2.5,-81.0,2.8661,-92,7.99,110.47,0.517754,0.372318,9.2409,0.7503
487,-100,-115.0,40,1.25,1.0,-81.34,1.5745,-87,3.89,115.48,0.454553,0.281788,3.9221,0.8904
488,-100,-115.0,40,1.25,1.5,-81.46,1.8784,-89,3.35,116.09,0.444497,0.270729,2.58,0.9273
489,-100,-115.0,40,1.25,2.0,-81.33,2.7751,-91,1.96,117.7,0.42093,0.233385,1.5017,0.9517
491,-100,-115.0,40,1.25,3.0,-81.44,3.2756,-94,2.24,117.51,0.443351,0.254552,1.5268,0.9566
492,-100,-115.0,40,1.25,3.5,-81.14,3.9838,-97,3.73,115.51,0.453791,0.26995,2.623,0.9347
493,-100,-115.0,40,1.25,4.0,-81.98,4.1955,-98,2.66,116.68,0.466977,0.257247,1.3487,0.9551
495,-100,-115.0,40,1.25,5.0,-81.36,5.1476,-100,3.57,115.86,0.461292,0.277228,4.7972,0.8687
494,-100,-115.0,40,1.25,4.5,-81.75,4.7942,-100,2.12,117.54,0.471167,0.248306,0.9112,0.9655
496,-100,-115.0,40,1.25,5.5,-81.51,5.547,-100,4.75,114.3,0.454045,0.291733,4.5141,0.875
497,-100,-115.0,40,1.25,6.0,-81.33,6.1159,-100,6.48,112.22,0.49053,0.336898,6.4312,0.8321
498,-100,-115.0,40,1.25,6.5,-81.78,6.6405,-100,2.42,117.19,0.407112,0.236194,1.2617,0.9535
499,-100,-115.0,40,1.25,7.0,-80.98,7.0695,-100,7.32,111.32,0.505765,0.341405,6.4428,0.8296
500,-100,-115.0,40,1.25,7.5,-81.19,7.609,-100,1.65,117.88,0.454458,0.238315,1.1882,0.9662
502,-100,-115.0,40,1.25,8.5,-80.91,8.5226,-100,1.57,118.3,0.412297,0.222367,0.7113,0.972
501,-100,-115.0,40,1.25,8.0,-80.78,8.0853,-100,4.42,114.69,0.469697,0.291014,3.8995,0.8841
503,-100,-115.0,40,1.25,9.0,-81.06,8.9235,-100,1.78,118.0,0.39975,0.221593,1.0035,0.972
504,-100,-115.0,40,1.25,9.5,-81.93,9.3365,-100,3.57,115.79,0.476111,0.277568,4.4071,0.8772
505,-100,-115.0,40,1.25,10.0,-81.33,9.7307,-100,3.48,115.85,0.432666,0.269707,4.195,0.883
506,-100,-115.0,40,1.25,10.5,-81.66,10.2055,-100,4.29,114.94,0.446286,0.296062,6.3558,0.8302
507,-100,-115.0,40,1.25,11.0,-81.15,10.6605,-100,2.54,117.06,0.418041,0.240607,1.1717,0.9635
508,-100,-115.0,40,1.25,11.5,-81.32,11.0105,-100,4.37,114.7,0.467408,0.28837,2.6378,0.9238
509,-100,-115.0,40,1.25,12.0,-81.28,11.4277,-100,3.93,115.38,0.469363,0.275901,5.3687,0.8537
510,-100,-115.0,40,1.25,12.5,-81.05,11.9336,-100,6.82,111.88,0.50006,0.32793,5.7639,0.8476
511,-100,-115.0,40,1.25,13.0,-80.74,12.2359,-100,2.72,116.83,0.419294,0.247819,1.4009,0.9524
512,-100,-115.0,40,1.25,13.5,-81.07,12.5846,-100,2.05,117.56,0.417541,0.227178,1.3276,0.9544
514,-100,-115.0,40,1.5,1.0,-77.45,1.4157,-83,2.64,116.78,0.444538,0.252556,2.6806,0.9282
513,-100,-115.0,40,1.25,14.0,-80.76,13.0253,-100,4.6,114.54,0.486725,0.297623,4.5197,0.8689
515,-100,-115.0,40,1.5,1.5,-77.55,2.0888,-85,2.05,117.53,0.431297,0.236193,1.536,0.953
516,-100,-115.0,40,1.5,2.0,-77.59,2.5473,-89,4.12,114.97,0.488203,0.302383,6.0323,0.8389
518,-100,-115.0,40,1.5,3.0,-77.62,3.6141,-91,6.62,112.11,0.508559,0.328712,6.8127,0.8311
519,-100,-115.0,40,1.5,3.5,-78.48,3.941,-94,2.57,116.98,0.446311,0.248748,2.2056,0.9324
517,-100,-115.0,40,1.5,2.5,-77.97,2.7119,-88,2.67,116.78,0.445177,0.260956,1.9324,0.9423
520,-100,-115.0,40,1.5,4.0,-77.23,4.4444,-97,7.83,110.7,0.52752,0.357272,8.2359,0.7953
521,-100,-115.0,40,1.5,4.5,-77.8,4.8065,-98,3.64,115.73,0.496489,0.294809,3.9078,0.8872
522,-100,-115.0,40,1.5,5.0,-77.44,5.1155,-97,2.42,117.02,0.434681,0.240275,1.613,0.9481
523,-100,-115.0,40,1.5,5.5,-78.06,5.6581,-99,4.03,115.17,0.444413,0.272036,3.6868,0.8974
524,-100,-115.0,40,1.5,6.0,-77.34,6.0976,-100,2.0,117.76,0.451655,0.241449,1.0729,0.9673
525,-100,-115.0,40,1.5,6.5,-77.79,6.7169,-100,1.64,118.03,0.381014,0.213052,1.2044,0.9614
526,-100,-115.0,40,1.5,7.0,-78.16,7.1608,-100,3.32,116.0,0.460885,0.269617,3.3824,0.9025
527,-100,-115.0,40,1.5,7.5,-77.32,7.62,-100,2.06,117.53,0.424828,0.240065,1.5913,0.9512
528,-100,-115.0,40,1.5,8.0,-78.34,8.1912,-100,3.26,116.22,0.430686,0.265442,2.9841,0.9277
530,-100,-115.0,40,1.5,9.0,-77.4,8.9877,-100,8.39,109.98,0.518913,0.385026,9.685,0.7704
529,-100,-115.0,40,1.5,8.5,-77.63,8.626,-100,4.04,115.11,0.435111,0.275265,5.272,0.8558
531,-100,-115.0,40,1.5,9.5,-77.48,9.4901,-100,3.16,116.19,0.461036,0.271132,4.6237,0.8761
532,-100,-115.0,40,1.5,10.0,-77.09,9.9809,-100,4.49,114.6,0.443626,0.292,5.7818,0.8456
533,-100,-115.0,40,1.5,10.5,-77.41,10.4593,-100,5.56,113.38,0.498696,0.321351,5.0405,0.8761
535,-100,-115.0,40,1.5,11.5,-77.53,11.3259,-100,5.6,113.35,0.466746,0.32022,6.8592,0.815
534,-100,-115.0,40,1.5,11.0,-77.15,10.8821,-100,1.89,117.66,0.439497,0.235716,1.371,0.9598
536,-100,-115.0,40,1.5,12.0,-77.54,11.703,-100,2.54,117.02,0.423712,0.243245,2.7448,0.9199
538,-100,-115.0,40,1.5,13.0,-77.3,12.621,-100,1.43,118.34,0.404552,0.214498,0.8556,0.9752
537,-100,-115.0,40,1.5,12.5,-77.13,12.1381,-100,4.05,115.09,0.478497,0.279832,3.7516,0.8918
539,-100,-115.0,40,1.5,13.5,-76.81,13.0129,-100,8.39,109.96,0.540037,0.374411,10.5296,0.7188
540,-100,-115.0,40,1.5,14.0,-76.82,13.6153,-100,5.77,113.21,0.502579,0.319921,7.1207,0.8032
541,-100,-115.0,40,1.75,1.0,-74.64,1.6858,-80,6.96,111.74,0.516504,0.350616,6.2209,0.8286
542,-100,-115.0,40,1.75,1.5,-74.3,2.3589,-82,3.16,116.32,0.475642,0.25876,3.213,0.9053
543,-100,-115.0,40,1.75,2.0,-74.75,2.8537,-86,4.19,115.0,0.515128,0.294137,4.3593,0.8832
544,-100,-115.0,40,1.75,2.5,-73.84,3.0647,-86,2.57,117.0,0.441574,0.249529,1.815,0.9515
546,-100,-115.0,40,1.75,3.5,-73.28,4.0674,-89,8.54,109.89,0.557785,0.374651,10.2048,0.7213
545,-100,-115.0,40,1.75,3.0,-74.05,3.3787,-88,2.21,117.29,0.457091,0.246123,1.3302,0.9626
547,-100,-115.0,40,1.75,4.0,-74.2,4.6533,-93,2.29,117.33,0.426128,0.242948,0.9518,0.9669
550,-100,-115.0,40,1.75,5.5,-74.32,5.8042,-97,1.73,117.85,0.425001,0.232713,1.2178,0.9591
548,-100,-115.0,40,1.75,4.5,-74.53,4.9649,-94,2.62,116.99,0.426809,0.249835,1.7251,0.9553
549,-100,-115.0,40,1.75,5.0,-74.39,5.3265,-96,2.99,116.42,0.460981,0.260639,2.725,0.9235
551,-100,-115.0,40,1.75,6.0,-73.7,6.1902,-98,2.66,116.81,0.446371,0.256982,2.1974,0.9461
552,-100,-115.0,40,1.75,6.5,-74.2,6.7635,-100,1.8,117.87,0.447627,0.227757,1.3731,0.96
553,-100,-115.0,40,1.75,7.0,-75.07,7.1695,-100,2.76,116.76,0.436493,0.249768,1.0015,0.9636
554,-100,-115.0,40,1.75,7.5,-73.99,7.5526,-100,1.53,118.26,0.428274,0.226828,0.8064,0.9735
555,-100,-115.0,40,1.75,8.0,-74.47,8.2684,-100,1.92,117.86,0.429394,0.236602,1.0578,0.9602
556,-100,-115.0,40,1.75,8.5,-74.2,8.6987,-100,2.47,117.03,0.438517,0.24523,2.0096,0.941
557,-100,-115.0,40,1.75,9.0,-73.98,9.2877,-100,1.79,117.97,0.420878,0.23315,1.6057,0.951
558,-100,-115.0,40,1.75,9.5,-74.8,9.7018,-100,5.51,113.27,0.497022,0.324561,5.44,0.8512
559,-100,-115.0,40,1.75,10.0,-74.68,10.1047,-100,2.91,116.6,0.432595,0.254592,2.2202,0.9289
560,-100,-115.0,40,1.75,10.5,-74.17,10.6095,-100,2.93,116.55,0.450124,0.257168,2.9917,0.9128
561,-100,-115.0,40,1.75,11.0,-73.66,11.1629,-100,0.82,119.07,0.368239,0.179328,0.2222,0.9895
562,-100,-115.0,40,1.75,11.5,-74.55,11.514,-100,2.0,117.7,0.411036,0.243031,1.6237,0.9483
564,-100,-115.0,40,1.75,12.5,-73.87,12.3909,-100,7.44,111.18,0.531456,0.384745,11.1204,0.7042
563,-100,-115.0,40,1.75,12.0,-74.64,11.8487,-100,3.09,116.41,0.44647,0.259576,2.3871,0.9306
565,-100,-115.0,40,1.75,13.0,-74.42,12.8304,-100,3.06,116.37,0.437635,0.262349,2.1542,0.9423
566,-100,-115.0,40,1.75,13.5,-75.14,13.1566,-100,6.16,112.67,0.480459,0.32377,6.2925,0.8237
567,-100,-115.0,40,1.75,14.0,-74.11,13.6454,-100,8.13,110.32,0.518215,0.37839,9.2862,0.756
568,-100,-115.0,40,2.0,1.0,-70.33,2.2136,-77,2.4,117.26,0.435188,0.238019,1.7219,0.9463
570,-100,-115.0,40,2.0,2.0,-70.75,3.1133,-81,6.93,111.7,0.496917,0.337491,8.1291,0.8271
569,-100,-115.0,40,2.0,1.5,-70.23,2.228,-78,3.57,115.83,0.432137,0.272468,4.0815,0.8902
571,-100,-115.0,40,2.0,2.5,-70.17,3.2091,-83,3.54,115.75,0.441086,0.277333,4.6815,0.8717
573,-100,-115.0,40,2.0,3.5,-70.19,4.1276,-87,6.28,112.55,0.489396,0.332502,6.8467,0.8076
572,-100,-115.0,40,2.0,3.0,-70.07,3.7616,-84,3.11,116.38,0.444877,0.264104,2.4609,0.932
575,-100,-115.0,40,2.0,4.5,-70.91,4.9003,-90,6.64,112.14,0.509291,0.340614,7.0265,0.8292
574,-100,-115.0,40,2.0,4.0,-71.03,4.2914,-89,2.47,117.24,0.480575,0.262804,1.7695,0.9468
576,-100,-115.0,40,2.0,5.0,-70.41,5.3839,-90,8.14,110.2,0.511741,0.3726,10.6105,0.7154
578,-100,-115.0,40,2.0,6.0,-70.53,6.3591,-96,6.36,112.29,0.498095,0.345582,7.1983,0.7987
577,-100,-115.0,40,2.0,5.5,-70.48,5.7991,-93,5.81,113.07,0.543985,0.329538,5.4367,0.8523
579,-100,-115.0,40,2.0,6.5,-69.94,6.8435,-100,4.35,114.91,0.462282,0.291801,5.5728,0.8475
581,-100,-115.0,40,2.0,7.5,-70.6,7.82,-100,5.72,113.04,0.519068,0.332304,7.0103,0.82
580,-100,-115.0,40,2.0,7.0,-70.46,7.5061,-98,2.98,116.32,0.444861,0.256857,2.6307,0.9241
582,-100,-115.0,40,2.0,8.0,-70.01,8.4105,-100,3.92,115.43,0.497958,0.285074,2.5151,0.9168
583,-100,-115.0,40,2.0,8.5,-69.96,8.8798,-100,1.49,118.29,0.39362,0.216096,0.7924,0.971
584,-100,-115.0,40,2.0,9.0,-70.55,9.3481,-100,3.2,116.19,0.425974,0.265116,2.3128,0.938
585,-100,-115.0,40,2.0,9.5,-70.9,9.8059,-100,5.41,113.57,0.47772,0.305673,5.4145,0.8606
586,-100,-115.0,40,2.0,10.0,-70.55,10.0227,-100,1.69,117.86,0.44216,0.245845,1.1876,0.9612
588,-100,-115.0,40,2.0,11.0,-70.86,11.1354,-100,4.16,115.03,0.467831,0.286011,5.8305,0.8431
587,-100,-115.0,40,2.0,10.5,-70.57,10.7116,-100,1.53,118.3,0.44893,0.242522,0.6019,0.9765
590,-100,-115.0,40,2.0,12.0,-70.17,12.156,-100,4.23,114.9,0.441939,0.286019,5.4093,0.8523
589,-100,-115.0,40,2.0,11.5,-70.35,11.64,-100,2.04,117.5,0.441836,0.234844,1.3418,0.9611
591,-100,-115.0,40,2.0,12.5,-69.87,12.4908,-100,1.79,117.94,0.405935,0.221712,1.388,0.9604
592,-100,-115.0,40,2.0,13.0,-69.57,12.9146,-100,3.43,116.0,0.463144,0.265003,2.1132,0.9362
593,-100,-115.0,40,2.0,13.5,-70.51,13.5097,-100,4.0,115.31,0.506776,0.279524,2.4497,0.9298
594,-100,-115.0,40,2.0,14.0,-70.1,13.8412,-100,3.58,115.74,0.449807,0.273204,4.1789,0.8828
595,-100,-115.0,40,2.25,1.0,-66.99,1.4898,-73,4.84,114.27,0.462309,0.296092,6.0279,0.8328
596,-100,-115.0,40,2.25,1.5,-67.12,2.8567,-76,1.56,118.25,0.418459,0.227084,0.9667,0.968
597,-100,-115.0,40,2.25,2.0,-66.72,2.9031,-77,2.35,117.21,0.415466,0.237358,1.7219,0.9533
598,-100,-115.0,40,2.25,2.5,-66.88,3.4015,-79,2.27,117.21,0.420474,0.237091,2.1711,0.936
599,-100,-115.0,40,2.25,3.0,-67.18,3.7386,-82,3.91,115.4,0.45577,0.298881,4.0652,0.8924
600,-100,-115.0,40,2.25,3.5,-66.73,3.9899,-82,1.0,118.79,0.380101,0.198331,0.9117,0.972
601,-100,-115.0,40,2.25,4.0,-67.55,4.4712,-84,8.33,110.08,0.530616,0.37973,10.0992,0.7351
603,-100,-115.0,40,2.25,5.0,-67.19,5.3924,-87,3.97,115.24,0.428238,0.274059,5.89,0.8426
602,-100,-115.0,40,2.25,4.5,-67.06,4.8776,-86,2.95,116.49,0.43237,0.259252,1.5696,0.952
604,-100,-115.0,40,2.25,5.5,-67.07,5.6916,-92,6.25,112.62,0.522579,0.33161,5.4289,0.8389
605,-100,-115.0,40,2.25,6.0,-66.38,6.3812,-92,3.56,115.89,0.443677,0.27638,2.4195,0.9338
606,-100,-115.0,40,2.25,6.5,-67.46,7.028,-96,3.19,116.17,0.440402,0.262465,2.1391,0.9478
607,-100,-115.0,40,2.25,7.0,-67.27,7.3058,-95,2.6,116.73,0.463264,0.261029,1.6372,0.9544
608,-100,-115.0,40,2.25,7.5,-66.27,7.7142,-96,2.52,116.99,0.448995,0.248579,1.3591,0.9526
609,-100,-115.0,40,2.25,8.0,-66.46,8.1274,-96,2.81,116.64,0.438638,0.255861,4.0048,0.8924
610,-100,-115.0,40,2.25,8.5,-67.3,8.655,-100,5.04,113.98,0.480999,0.305316,4.9561,0.8554
611,-100,-115.0,40,2.25,9.0,-67.1,9.2683,-100,4.96,114.11,0.481053,0.29097,4.0878,0.885
612,-100,-115.0,40,2.25,9.5,-66.61,9.7407,-100,5.34,113.73,0.488665,0.311005,6.3443,0.8233
613,-100,-115.0,40,2.25,10.0,-66.38,10.2761,-100,2.14,117.5,0.428935,0.232975,1.4581,0.9595
614,-100,-115.0,40,2.25,10.5,-67.61,10.5748,-100,3.9,115.35,0.443951,0.273862,4.7942,0.873
615,-100,-115.0,40,2.25,11.0,-67.12,11.1521,-100,3.36,116.05,0.483135,0.281893,2.4002,0.9347
616,-100,-115.0,40,2.25,11.5,-67.53,11.6781,-100,8.05,110.43,0.527425,0.383646,9.5563,0.7358
617,-100,-115.0,40,2.25,12.0,-67.26,12.1138,-100,2.12,117.41,0.41645,0.238473,1.7403,0.9481
618,-100,-115.0,40,2.25,12.5,-67.01,12.6318,-100,2.38,117.2,0.413126,0.23372,1.1123,0.9606
619,-100,-115.0,40,2.25,13.0,-67.09,13.1507,-100,5.24,113.98,0.512295,0.332761,5.4342,0.8593
621,-100,-115.0,40,2.25,14.0,-66.93,14.0476,-100,4.37,114.75,0.469514,0.299333,4.2111,0.8763
620,-100,-115.0,40,2.25,13.5,-66.72,13.542,-100,1.21,118.49,0.398096,0.224787,1.0715,0.9668
622,-100,-115.0,40,2.5,1.0,-63.91,2.041,-71,1.22,118.56,0.398366,0.196155,0.877,0.9727
623,-100,-115.0,40,2.5,1.5,-63.76,2.4692,-72,1.21,118.65,0.394294,0.215105,0.4121,0.983
624,-100,-115.0,40,2.5,2.0,-63.75,2.7611,-73,3.23,116.13,0.513279,0.276854,2.3767,0.9304
625,-100,-115.0,40,2.5,2.5,-63.07,3.0219,-74,1.86,117.74,0.407371,0.226859,1.0075,0.9614
626,-100,-115.0,40,2.5,3.0,-63.1,4.026,-78,3.88,115.36,0.426841,0.275803,6.1134,0.8391
627,-100,-115.0,40,2.5,3.5,-64.03,3.9554,-78,1.07,118.81,0.379622,0.196373,0.4602,0.9811
628,-100,-115.0,40,2.5,4.0,-63.91,4.551,-81,3.02,116.45,0.457952,0.263441,3.8912,0.8923
629,-100,-115.0,40,2.5,4.5,-63.25,5.4675,-85,2.01,117.67,0.422088,0.236464,1.0891,0.964
630,-100,-115.0,40,2.5,5.0,-63.36,5.6051,-90,1.47,118.24,0.407412,0.212306,1.1336,0.9632
631,-100,-115.0,40,2.5,5.5,-62.67,6.0093,-87,3.36,116.03,0.452826,0.26017,3.5153,0.9002
632,-100,-115.0,40,2.5,6.0,-64.16,6.5461,-93,3.9,115.28,0.444745,0.290206,4.611,0.8743
634,-100,-115.0,40,2.5,7.0,-63.74,7.1866,-92,5.83,113.17,0.510882,0.329174,5.7876,0.8322
635,-100,-115.0,40,2.5,7.5,-63.15,7.9699,-96,6.61,112.14,0.497124,0.349426,6.1256,0.8284
633,-100,-115.0,40,2.5,6.5,-63.48,6.8381,-91,2.14,117.49,0.400216,0.230478,0.9365,0.9612
637,-100,-115.0,40,2.5,8.5,-63.36,8.818,-98,4.84,114.28,0.444404,0.299679,5.4213,0.8481
636,-100,-115.0,40,2.5,8.0,-63.93,8.4603,-98,1.78,117.97,0.412265,0.217504,1.0186,0.9622
639,-100,-115.0,40,2.5,9.5,-62.95,9.6945,-100,7.42,111.28,0.567916,0.344103,5.8685,0.8629
638,-100,-115.0,40,2.5,9.0,-63.87,9.3803,-100,3.54,115.68,0.477503,0.280616,2.6867,0.9215
640,-100,-115.0,40,2.5,10.0,-63.59,10.2956,-100,4.1,115.15,0.498202,0.295693,4.156,0.8988
641,-100,-115.0,40,2.5,10.5,-63.48,10.6463,-100,2.9,116.54,0.430903,0.252008,2.0826,0.9465
642,-100,-115.0,40,2.5,11.0,-63.43,11.3138,-100,1.8,117.82,0.393678,0.219503,2.1588,0.9391
643,-100,-115.0,40,2.5,11.5,-63.41,11.6816,-100,1.71,118.04,0.409092,0.227971,2.0953,0.9414
644,-100,-115.0,40,2.5,12.0,-62.51,12.2715,-100,2.21,117.41,0.419854,0.242983,1.9043,0.9477
645,-100,-115.0,40,2.5,12.5,-63.58,12.5797,-100,5.15,114.02,0.505292,0.307621,4.4598,0.8718
646,-100,-115.0,40,2.5,13.0,-63.2,13.21,-100,4.24,114.9,0.48997,0.281913,4.0353,0.8804
647,-100,-115.0,40,2.5,13.5,-63.62,13.6986,-100,4.0,115.32,0.463063,0.279876,3.9847,0.8859
648,-100,-115.0,40,2.5,14.0,-63.22,14.3169,-100,1.51,118.29,0.39019,0.210636,0.7049,0.9732
649,-100,-115.0,40,2.75,1.0,-59.37,2.6975,-66,2.27,117.31,0.419618,0.237295,1.9187,0.941
650,-100,-115.0,40,2.75,1.5,-59.77,2.8298,-69,9.58,108.52,0.537326,0.396968,10.7357,0.7279
651,-100,-115.0,40,2.75,2.0,-59.73,3.489,-72,2.55,117.05,0.464902,0.252794,1.2989,0.9585
652,-100,-115.0,40,2.75,2.5,-59.93,3.1526,-71,2.5,117.01,0.411769,0.237772,1.5285,0.9502
653,-100,-115.0,40,2.75,3.0,-59.43,3.786,-73,5.49,113.51,0.462984,0.325844,6.6351,0.8161
654,-100,-115.0,40,2.75,3.5,-59.53,4.2633,-76,4.44,114.82,0.476266,0.293444,4.4194,0.881
657,-100,-115.0,40,2.75,5.0,-59.89,6.121,-82,8.5,109.88,0.511961,0.372314,10.6239,0.7089
655,-100,-115.0,40,2.75,4.0,-60.96,4.9183,-82,1.65,118.06,0.390335,0.216713,1.258,0.9648
658,-100,-115.0,40,2.75,5.5,-59.89,5.9225,-81,8.98,109.27,0.514465,0.389438,9.9965,0.7499
656,-100,-115.0,40,2.75,4.5,-59.8,4.9997,-79,2.43,117.1,0.454676,0.248971,1.7564,0.9472
659,-100,-115.0,40,2.75,6.0,-59.49,6.5696,-86,1.04,118.86,0.369893,0.192986,0.4088,0.9834
660,-100,-115.0,40,2.75,6.5,-59.84,6.9252,-90,4.31,115.0,0.469682,0.299995,5.3011,0.8515
661,-100,-115.0,40,2.75,7.0,-59.75,7.4001,-87,4.85,114.17,0.486843,0.302591,5.0203,0.8563
663,-100,-115.0,40,2.75,8.0,-59.64,8.4491,-92,4.98,114.23,0.477776,0.304533,4.3845,0.8738
662,-100,-115.0,40,2.75,7.5,-59.3,7.8299,-92,2.58,117.01,0.431731,0.25476,2.0757,0.9436
664,-100,-115.0,40,2.75,8.5,-59.8,8.8629,-92,5.46,113.5,0.480045,0.317898,5.7824,0.8461
665,-100,-115.0,40,2.75,9.0,-60.43,9.5203,-100,2.07,117.56,0.402617,0.227589,1.357,0.9613
666,-100,-115.0,40,2.75,9.5,-60.19,9.8639,-100,2.36,117.34,0.454238,0.242254,1.4683,0.9521
667,-100,-115.0,40,2.75,10.0,-59.48,10.1857,-98,2.63,116.91,0.42901,0.252213,2.9509,0.9152
668,-100,-115.0,40,2.75,10.5,-60.63,10.7661,-100,3.06,116.47,0.452846,0.262736,2.9792,0.91
669,-100,-115.0,40,2.75,11.0,-59.76,11.3339,-100,2.67,116.83,0.428543,0.238984,2.5227,0.9409
671,-100,-115.0,40,2.75,12.0,-60.15,12.321,-100,9.06,109.13,0.547058,0.396716,11.1575,0.7033
670,-100,-115.0,40,2.75,11.5,-59.86,11.5841,-100,2.75,116.57,0.455073,0.255555,3.415,0.9056
673,-100,-115.0,40,2.75,13.0,-59.16,13.2674,-100,4.1,115.05,0.454449,0.289751,4.5593,0.8759
672,-100,-115.0,40,2.75,12.5,-59.67,12.6581,-100,1.34,118.39,0.391131,0.213704,1.3562,0.9598
675,-100,-115.0,40,2.75,14.0,-60.05,14.253,-100,3.41,116.02,0.436976,0.267245,5.4768,0.8566
674,-100,-115.0,40,2.75,13.5,-60.1,13.6002,-100,2.56,117.09,0.435423,0.250147,1.4364,0.9519
676,-100,-115.0,40,3.0,1.0,-56.61,3.4485,-66,8.22,110.23,0.522501,0.395323,11.1149,0.7018
677,-100,-115.0,40,3.0,1.5,-55.88,3.0622,-65,1.99,117.57,0.407162,0.221815,1.301,0.9641
679,-100,-115.0,40,3.0,2.5,-56.81,3.1727,-69,8.34,109.92,0.519376,0.390462,11.0723,0.7001
678,-100,-115.0,40,3.0,2.0,-55.66,3.2114,-66,1.59,118.15,0.379854,0.205747,0.8481,0.9676
680,-100,-115.0,40,3.0,3.0,-56.0,4.2407,-70,1.24,118.51,0.39654,0.209534,0.8738,0.9725
681,-100,-115.0,40,3.0,3.5,-55.69,4.2655,-73,2.02,117.69,0.439064,0.245557,1.3097,0.9577
682,-100,-115.0,40,3.0,4.0,-56.37,4.812,-74,3.84,115.31,0.495736,0.288016,3.4312,0.9058
683,-100,-115.0,40,3.0,4.5,-56.14,5.0775,-75,3.15,116.24,0.427081,0.262847,2.3291,0.9345
684,-100,-115.0,40,3.0,5.0,-56.61,5.6165,-79,6.11,112.65,0.512642,0.31981,5.6118,0.8438
685,-100,-115.0,40,3.0,5.5,-56.48,5.8764,-82,8.81,109.45,0.567224,0.386561,11.4478,0.696
686,-100,-115.0,40,3.0,6.0,-56.43,6.4889,-82,2.32,117.23,0.434391,0.247839,2.2637,0.9468
687,-100,-115.0,40,3.0,6.5,-55.86,6.9743,-85,1.83,117.77,0.4199,0.226311,0.873,0.9704
688,-100,-115.0,40,3.0,7.0,-56.31,7.4895,-90,2.55,116.93,0.462075,0.25752,1.7414,0.9485
689,-100,-115.0,40,3.0,7.5,-56.51,8.0778,-87,5.37,113.58,0.47719,0.308657,5.5958,0.8763
692,-100,-115.0,40,3.0,9.0,-56.33,9.1382,-97,3.8,115.45,0.452158,0.275238,3.8551,0.892
690,-100,-115.0,40,3.0,8.0,-56.62,8.5464,-94,4.5,114.55,0.43965,0.291869,3.4675,0.9107
691,-100,-115.0,40,3.0,8.5,-55.72,8.7998,-89,1.42,118.31,0.402921,0.216249,0.8465,0.974
693,-100,-115.0,40,3.0,9.5,-55.98,9.8366,-92,3.24,116.22,0.458213,0.272963,1.5473,0.949
694,-100,-115.0,40,3.0,10.0,-56.52,10.4982,-97,3.08,116.35,0.453914,0.268188,2.8862,0.9183
695,-100,-115.0,40,3.0,10.5,-56.19,10.9024,-100,3.45,115.9,0.45657,0.272343,4.5636,0.8779
696,-100,-115.0,40,3.0,11.0,-55.65,11.1486,-100,1.67,117.97,0.407617,0.220019,0.928,0.965
697,-100,-115.0,40,3.0,11.5,-55.85,11.7161,-100,3.42,115.9,0.416574,0.264356,3.156,0.9081
699,-100,-115.0,40,3.0,12.5,-56.58,12.8698,-100,3.87,115.43,0.441714,0.283483,5.4873,0.8519
698,-100,-115.0,40,3.0,12.0,-56.46,12.4364,-100,1.6,118.19,0.397227,0.212824,0.7839,0.9718
700,-100,-115.0,40,3.0,13.0,-57.05,13.1682,-100,2.4,117.14,0.40934,0.235566,1.652,0.9523
701,-100,-115.0,40,3.0,13.5,-56.57,13.6784,-100,8.23,110.2,0.540567,0.376069,10.8767,0.7074
702,-100,-115.0,40,3.0,14.0,-55.5,14.0838,-100,2.9,116.56,0.42134,0.258952,2.8215,0.9275
703,-100,-115.0,40,3.25,1.0,-52.14,2.8551,-60,3.2,116.14,0.426964,0.266824,1.8324,0.936
704,-100,-115.0,40,3.25,1.5,-52.77,3.5112,-62,5.55,113.43,0.489961,0.321237,3.999,0.8928
706,-100,-115.0,40,3.25,2.5,-52.56,3.7143,-65,6.6,112.25,0.507618,0.35469,8.9046,0.7626
705,-100,-115.0,40,3.25,2.0,-52.29,3.4336,-64,3.8,115.53,0.493394,0.275928,3.7268,0.9084
707,-100,-115.0,40,3.25,3.0,-52.51,3.9915,-66,2.5,117.01,0.421521,0.245396,2.4854,0.9268
708,-100,-115.0,40,3.25,3.5,-51.8,4.4385,-68,5.15,113.89,0.516602,0.321693,4.4445,0.8839
709,-100,-115.0,40,3.25,4.0,-52.98,4.6497,-70,4.4,114.77,0.449968,0.281999,4.494,0.8718
710,-100,-115.0,40,3.25,4.5,-52.57,5.5067,-72,2.24,117.42,0.447474,0.243881,1.824,0.9541
711,-100,-115.0,40,3.25,5.0,-52.69,5.6684,-75,3.89,115.46,0.490469,0.287201,4.2896,0.8761
712,-100,-115.0,40,3.25,5.5,-53.71,5.9879,-79,6.32,112.53,0.478942,0.328521,6.0757,0.8485
713,-100,-115.0,40,3.25,6.0,-52.78,6.477,-79,3.26,116.14,0.460647,0.26673,3.9482,0.8895
714,-100,-115.0,40,3.25,6.5,-53.11,7.0245,-80,2.77,116.76,0.4199,0.248257,1.6993,0.9473
716,-100,-115.0,40,3.25,7.5,-52.16,8.0632,-85,8.16,110.35,0.519971,0.375728,9.8057,0.755
715,-100,-115.0,40,3.25,7.0,-52.24,7.2025,-82,1.98,117.71,0.409997,0.23893,1.4473,0.9615
717,-100,-115.0,40,3.25,8.0,-52.27,8.4732,-88,2.68,116.85,0.438033,0.26385,1.6401,0.9445
718,-100,-115.0,40,3.25,8.5,-53.14,8.8399,-85,2.97,116.47,0.416658,0.243927,4.8508,0.8734
719,-100,-115.0,40,3.25,9.0,-52.3,9.3446,-89,3.87,115.39,0.486745,0.276853,3.5239,0.8973
720,-100,-115.0,40,3.25,9.5,-52.39,9.9671,-91,1.82,117.78,0.42997,0.230069,1.5386,0.9553
721,-100,-115.0,40,3.25,10.0,-52.24,10.3866,-95,1.75,117.88,0.464694,0.233134,0.8796,0.9716
722,-100,-115.0,40,3.25,10.5,-52.68,10.8214,-96,6.96,111.63,0.500299,0.333758,5.1824,0.8772
723,-100,-115.0,40,3.25,11.0,-52.54,11.34,-100,3.46,115.77,0.42771,0.264619,4.5619,0.8743
724,-100,-115.0,40,3.25,11.5,-52.36,11.8914,-98,1.47,118.27,0.405898,0.219118,1.0458,0.9651
725,-100,-115.0,40,3.25,12.0,-51.92,12.3995,-100,2.73,116.76,0.440727,0.256221,1.5838,0.9432
727,-100,-115.0,40,3.25,13.0,-52.06,13.2543,-100,4.42,114.69,0.457183,0.305945,6.7917,0.8202
726,-100,-115.0,40,3.25,12.5,-53.06,12.6722,-100,8.2,110.18,0.515302,0.36727,9.2625,0.781
728,-100,-115.0,40,3.25,13.5,-52.17,13.8251,-100,1.9,117.82,0.445134,0.229652,0.6479,0.9744
729,-100,-115.0,40,3.25,14.0,-51.96,14.3582,-100,10.36,107.63,0.566344,0.419272,11.8024,0.6736
731,-100,-115.0,40,3.5,1.5,-49.23,3.5843,-60,5.14,113.82,0.464765,0.299899,4.7512,0.8864
730,-100,-115.0,40,3.5,1.0,-49.78,2.8019,-59,5.7,113.28,0.494354,0.323598,6.159,0.8309
732,-100,-115.0,40,3.5,2.0,-49.74,3.6984,-62,2.31,117.33,0.40908,0.23507,2.5442,0.9266
733,-100,-115.0,40,3.5,2.5,-48.87,4.5979,-62,7.85,110.66,0.499563,0.376802,10.2547,0.7204
734,-100,-115.0,40,3.5,3.0,-48.7,4.2955,-66,2.44,117.26,0.461968,0.256499,1.7187,0.947
735,-100,-115.0,40,3.5,3.5,-48.9,4.4123,-66,3.3,116.01,0.424587,0.265146,4.3689,0.8801
737,-100,-115.0,40,3.5,4.5,-48.79,5.0768,-68,7.88,110.63,0.523846,0.371138,10.6267,0.7161
736,-100,-115.0,40,3.5,4.0,-48.83,5.2285,-68,2.02,117.62,0.428996,0.226635,0.9541,0.9632
738,-100,-115.0,40,3.5,5.0,-49.27,5.9583,-71,2.16,117.48,0.430569,0.232949,1.5074,0.9609
739,-100,-115.0,40,3.5,5.5,-48.7,6.4766,-74,2.94,116.49,0.43257,0.26518,2.5047,0.927
740,-100,-115.0,40,3.5,6.0,-49.78,7.1725,-77,2.55,117.03,0.446164,0.25175,1.8471,0.9488
741,-100,-115.0,40,3.5,6.5,-48.99,7.1445,-78,2.38,117.13,0.435095,0.241529,1.4096,0.9612
742,-100,-115.0,40,3.5,7.0,-47.92,7.4614,-81,7.82,110.72,0.525941,0.383371,11.7586,0.6881
743,-100,-115.0,40,3.5,7.5,-49.1,8.2463,-80,2.97,116.42,0.467659,0.25332,2.0898,0.9363
744,-100,-115.0,40,3.5,8.0,-49.31,8.6223,-86,7.17,111.4,0.520479,0.342215,7.5275,0.8322
745,-100,-115.0,40,3.5,8.5,-48.86,9.042,-83,4.22,115.02,0.487435,0.29359,4.4202,0.8743
746,-100,-115.0,40,3.5,9.0,-48.84,9.8982,-86,1.76,118.05,0.433112,0.244521,0.8528,0.9689
747,-100,-115.0,40,3.5,9.5,-48.57,9.9255,-89,7.59,111.01,0.520926,0.36739,8.5941,0.7792
748,-100,-115.0,40,3.5,10.0,-48.11,10.5406,-87,3.77,115.46,0.450183,0.281589,2.8991,0.9239
749,-100,-115.0,40,3.5,10.5,-48.9,10.9286,-95,8.32,110.07,0.518047,0.391472,10.0697,0.7224
750,-100,-115.0,40,3.5,11.0,-49.27,11.4739,-98,3.73,115.51,0.457412,0.280097,2.8857,0.9226
752,-100,-115.0,40,3.5,12.0,-48.94,12.4837,-100,3.18,116.25,0.480712,0.281359,3.4857,0.9031
751,-100,-115.0,40,3.5,11.5,-48.99,11.7913,-95,6.62,112.19,0.514669,0.320862,5.7405,0.8468
753,-100,-115.0,40,3.5,12.5,-48.37,12.8063,-100,6.2,112.49,0.511871,0.339076,5.9068,0.8606
754,-100,-115.0,40,3.5,13.0,-49.26,13.368,-100,3.98,115.32,0.458505,0.27521,2.6148,0.925
755,-100,-115.0,40,3.5,13.5,-49.45,13.9063,-100,4.03,115.21,0.455822,0.281425,3.3157,0.9078
756,-100,-115.0,40,3.5,14.0,-48.99,14.1898,-100,2.02,117.54,0.433918,0.237303,1.5107,0.9499
759,-100,-115.0,40,3.75,2.0,-45.53,4.0162,-57,3.78,115.49,0.449848,0.279009,4.4524,0.8796
757,-100,-115.0,40,3.75,1.0,-45.12,3.0062,-53,2.37,117.0,0.472981,0.258855,1.6774,0.9456
758,-100,-115.0,40,3.75,1.5,-46.0,4.2259,-57,1.74,117.93,0.44057,0.224816,1.2878,0.9612
760,-100,-115.0,40,3.75,2.5,-45.36,4.045,-59,8.6,109.66,0.504686,0.395691,10.032,0.7531
761,-100,-115.0,40,3.75,3.0,-46.09,4.5011,-61,3.34,115.91,0.44076,0.266851,3.5703,0.8972
763,-100,-115.0,40,3.75,4.0,-44.99,5.3116,-62,8.62,109.72,0.516809,0.383637,8.7627,0.7807
762,-100,-115.0,40,3.75,3.5,-45.29,4.8145,-62,1.92,117.71,0.439596,0.241426,1.0312,0.9635
764,-100,-115.0,40,3.75,4.5,-45.9,5.4066,-67,3.88,115.42,0.45123,0.280765,4.904,0.8655
767,-100,-115.0,40,3.75,6.0,-45.05,7.0579,-72,4.7,114.45,0.47831,0.293474,3.4341,0.9082
765,-100,-115.0,40,3.75,5.0,-45.6,5.8699,-69,1.96,117.69,0.406632,0.222043,1.5269,0.9549
766,-100,-115.0,40,3.75,5.5,-45.82,6.0288,-71,3.3,116.03,0.478614,0.272035,2.3173,0.9358
768,-100,-115.0,40,3.75,6.5,-45.39,7.1188,-77,2.1,117.51,0.456695,0.249295,1.5908,0.9502
769,-100,-115.0,40,3.75,7.0,-46.21,7.8007,-75,3.15,116.27,0.469951,0.267045,4.1508,0.8862
771,-100,-115.0,40,3.75,8.0,-44.78,8.8171,-79,5.16,113.97,0.503788,0.300937,5.566,0.8541
770,-100,-115.0,40,3.75,7.5,-45.84,8.2154,-81,1.21,118.58,0.41389,0.21051,1.0184,0.9682
772,-100,-115.0,40,3.75,8.5,-45.61,8.8278,-82,3.53,115.87,0.466037,0.261071,4.2957,0.8813
773,-100,-115.0,40,3.75,9.0,-44.71,9.6869,-85,3.2,116.29,0.46359,0.259371,3.0837,0.9096
774,-100,-115.0,40,3.75,9.5,-45.82,9.8595,-89,1.43,118.43,0.403821,0.216917,1.1831,0.9622
777,-100,-115.0,40,3.75,11.0,-44.77,11.3848,-88,4.96,114.2,0.458467,0.302929,4.8819,0.8613
775,-100,-115.0,40,3.75,10.0,-45.25,10.4736,-91,3.41,115.94,0.456203,0.271805,3.1972,0.9125
776,-100,-115.0,40,3.75,10.5,-44.73,10.8905,-86,2.11,117.62,0.411413,0.24093,1.2647,0.9595
778,-100,-115.0,40,3.75,11.5,-45.0,11.8445,-89,3.18,116.23,0.426446,0.26021,5.0854,0.867
779,-100,-115.0,40,3.75,12.0,-45.32,12.5236,-93,3.78,115.55,0.460766,0.292728,3.9492,0.8966
780,-100,-115.0,40,3.75,12.5,-45.42,12.864,-100,4.01,115.35,0.475544,0.275922,4.4719,0.8734
781,-100,-115.0,40,3.75,13.0,-44.54,13.3071,-100,7.64,111.07,0.570992,0.380679,9.42,0.7407
782,-100,-115.0,40,3.75,13.5,-45.26,13.8813,-100,7.92,110.56,0.509046,0.359013,8.5063,0.8163
783,-100,-115.0,40,3.75,14.0,-45.56,14.3502,-100,3.67,115.63,0.476918,0.280539,3.8849,0.8967
784,-100,-115.0,40,4.0,1.0,-42.1,3.621,-50,3.32,115.98,0.42378,0.269135,4.0494,0.8867
785,-100,-115.0,40,4.0,1.5,-42.39,3.6993,-53,3.69,115.61,0.425348,0.271291,3.542,0.901
786,-100,-115.0,40,4.0,2.0,-42.62,4.2327,-57,1.75,118.0,0.398954,0.230417,1.3231,0.9568
789,-100,-115.0,40,4.0,3.5,-41.61,5.4651,-59,2.03,117.58,0.434817,0.232521,1.3906,0.9578
787,-100,-115.0,40,4.0,2.5,-41.65,3.8759,-54,4.31,114.89,0.453822,0.293988,4.6971,0.8725
788,-100,-115.0,40,4.0,3.0,-42.15,4.5246,-57,0.95,118.95,0.37541,0.186121,0.4422,0.9823
790,-100,-115.0,40,4.0,4.0,-41.53,4.9325,-63,8.12,110.35,0.514936,0.356191,9.3363,0.7727
791,-100,-115.0,40,4.0,4.5,-41.06,5.868,-65,2.46,117.05,0.431225,0.24892,2.24,0.9327
792,-100,-115.0,40,4.0,5.0,-41.99,5.6332,-65,1.77,117.88,0.411846,0.226886,1.6521,0.9521
793,-100,-115.0,40,4.0,5.5,-42.22,6.5542,-68,1.8,117.86,0.390059,0.211709,1.4814,0.9584
794,-100,-115.0,40,4.0,6.0,-41.84,6.6336,-67,1.92,117.64,0.41735,0.233902,1.1639,0.9607
795,-100,-115.0,40,4.0,6.5,-41.5,7.4191,-69,5.77,113.24,0.524194,0.317568,5.4795,0.8575
797,-100,-115.0,40,4.0,7.5,-41.2,8.4056,-75,3.84,115.41,0.45504,0.279419,5.6954,0.8485
796,-100,-115.0,40,4.0,7.0,-41.21,7.8699,-74,2.37,117.17,0.410602,0.236895,1.7989,0.9508
800,-100,-115.0,40,4.0,9.0,-41.41,9.7072,-78,4.01,115.2,0.463932,0.286457,4.8303,0.8662
801,-100,-115.0,40,4.0,9.5,-41.57,10.1597,-83,8.19,110.31,0.526778,0.399586,11.1482,0.6993
798,-100,-115.0,40,4.0,8.0,-41.93,8.6188,-76,1.53,118.15,0.402882,0.21442,0.7492,0.9764
799,-100,-115.0,40,4.0,8.5,-41.48,9.3354,-78,3.87,115.39,0.445891,0.271778,2.888,0.9275
802,-100,-115.0,40,4.0,10.0,-41.91,10.5343,-80,5.73,113.22,0.465479,0.309088,5.9767,0.8624
803,-100,-115.0,40,4.0,10.5,-41.95,11.0911,-84,3.02,116.46,0.428831,0.258046,3.7872,0.8951
804,-100,-115.0,40,4.0,11.0,-42.64,11.4338,-85,2.35,117.18,0.423415,0.244301,1.9065,0.9466
805,-100,-115.0,40,4.0,11.5,-41.64,12.1841,-87,2.58,117.05,0.433129,0.251034,1.7053,0.9447
806,-100,-115.0,40,4.0,12.0,-42.14,12.4443,-98,2.65,116.87,0.418953,0.248675,2.7096,0.9338
807,-100,-115.0,40,4.0,12.5,-41.98,12.9945,-94,1.25,118.52,0.406842,0.204743,1.0578,0.968
808,-100,-115.0,40,4.0,13.0,-42.38,13.3956,-93,3.72,115.51,0.455856,0.278769,2.8907,0.9228
809,-100,-115.0,40,4.0,13.5,-41.01,14.0119,-96,3.99,115.22,0.437964,0.275768,4.7169,0.873
812,-100,-115.0,40,4.25,1.5,-38.12,4.2725,-50,5.72,113.22,0.483646,0.316614,4.5904,0.8707
810,-100,-115.0,40,4.0,14.0,-41.9,14.5493,-100,2.48,116.92,0.443987,0.253644,2.0806,0.9383
811,-100,-115.0,40,4.25,1.0,-38.31,3.3241,-47,1.81,118.03,0.433616,0.239615,0.8764,0.9709
814,-100,-115.0,40,4.25,2.5,-38.75,3.9967,-54,3.86,115.33,0.46249,0.283316,4.4489,0.8752
813,-100,-115.0,40,4.25,2.0,-37.63,3.7847,-49,4.07,115.11,0.460762,0.296273,4.8694,0.8635
816,-100,-115.0,40,4.25,3.5,-38.32,5.0428,-54,10.07,108.04,0.540172,0.418374,11.3949,0.6884
815,-100,-115.0,40,4.25,3.0,-38.15,4.5609,-54,2.82,116.63,0.461173,0.254257,1.7067,0.943
818,-100,-115.0,40,4.25,4.5,-37.88,5.8947,-59,3.47,115.82,0.447462,0.273973,4.7006,0.874
817,-100,-115.0,40,4.25,4.0,-39.19,5.5035,-59,4.98,114.15,0.491852,0.297489,5.7828,0.837
819,-100,-115.0,40,4.25,5.0,-38.29,6.2505,-68,5.85,112.92,0.516119,0.331811,6.3337,0.8333
820,-100,-115.0,40,4.25,5.5,-38.2,6.4532,-63,3.48,115.96,0.451392,0.27434,4.0891,0.8908
821,-100,-115.0,40,4.25,6.0,-37.55,6.5861,-63,1.73,118.05,0.428985,0.220222,1.0144,0.9644
825,-100,-115.0,40,4.25,8.0,-38.16,9.0349,-73,5.91,112.99,0.488119,0.315098,4.8273,0.877
822,-100,-115.0,40,4.25,6.5,-38.64,7.461,-66,2.3,117.44,0.436345,0.248638,2.7486,0.9226
823,-100,-115.0,40,4.25,7.0,-38.2,7.83,-74,5.77,113.17,0.462614,0.314069,6.5596,0.8253
824,-100,-115.0,40,4.25,7.5,-38.53,8.4187,-74,3.48,115.77,0.432726,0.271956,4.9301,0.8667
826,-100,-115.0,40,4.25,8.5,-38.52,9.1773,-74,5.94,112.87,0.492805,0.329983,5.5286,0.851
827,-100,-115.0,40,4.25,9.0,-37.7,9.7234,-79,2.38,117.19,0.439249,0.243737,1.5635,0.9537
828,-100,-115.0,40,4.25,9.5,-37.71,10.1336,-77,2.15,117.34,0.430317,0.25267,1.2936,0.9661
830,-100,-115.0,40,4.25,10.5,-38.19,11.0955,-87,5.83,113.08,0.503957,0.313457,4.5213,0.8792
829,-100,-115.0,40,4.25,10.0,-38.62,10.4727,-83,2.2,117.48,0.40797,0.227008,1.7081,0.949
831,-100,-115.0,40,4.25,11.0,-37.96,11.5953,-78,1.94,117.73,0.405034,0.22188,1.0707,0.9699
832,-100,-115.0,40,4.25,11.5,-38.18,12.0257,-85,6.13,112.73,0.515103,0.332776,6.1664,0.8264
833,-100,-115.0,40,4.25,12.0,-38.65,12.8139,-89,7.8,110.65,0.513368,0.368347,10.0322,0.7257
834,-100,-115.0,40,4.25,12.5,-38.35,13.0372,-88,2.14,117.56,0.449362,0.244142,1.4232,0.9586
835,-100,-115.0,40,4.25,13.0,-38.32,13.5637,-91,3.98,115.38,0.462746,0.28968,4.2606,0.8781
836,-100,-115.0,40,4.25,13.5,-38.13,14.0859,-96,3.25,116.11,0.453086,0.271375,3.8876,0.8918
837,-100,-115.0,40,4.25,14.0,-37.82,14.3533,-100,4.83,114.26,0.495968,0.291129,4.2298,0.8837
838,-100,-115.0,40,4.5,1.0,-34.62,4.0864,-44,2.24,117.4,0.417728,0.237942,2.1716,0.9349
841,-100,-115.0,40,4.5,2.5,-34.87,4.663,-50,6.25,112.51,0.470076,0.335988,6.3757,0.8552
842,-100,-115.0,40,4.5,3.0,-34.77,4.4616,-50,4.05,115.27,0.459543,0.293877,4.2442,0.8785
839,-100,-115.0,40,4.5,1.5,-34.18,3.7882,-44,3.3,116.05,0.439185,0.260994,4.296,0.8828
840,-100,-115.0,40,4.5,2.0,-34.39,4.1367,-46,4.13,115.07,0.446875,0.286072,4.6805,0.8685
843,-100,-115.0,40,4.5,3.5,-34.23,5.3564,-53,2.91,116.61,0.418,0.255805,4.2995,0.885
844,-100,-115.0,40,4.5,4.0,-33.96,5.2893,-53,4.42,114.84,0.478866,0.286771,3.479,0.9101
845,-100,-115.0,40,4.5,4.5,-34.77,6.0085,-56,2.33,117.35,0.435531,0.243429,1.81,0.9445
850,-100,-115.0,40,4.5,7.0,-34.26,8.03,-63,4.25,114.84,0.460717,0.290439,5.2405,0.8588
846,-100,-115.0,40,4.5,5.0,-33.7,6.3078,-56,2.4,117.19,0.454304,0.264704,1.53,0.9548
847,-100,-115.0,40,4.5,5.5,-34.97,6.4045,-59,1.78,117.89,0.382797,0.217484,1.5164,0.9539
848,-100,-115.0,40,4.5,6.0,-35.07,6.9025,-63,3.6,115.71,0.451448,0.272107,3.7448,0.8925
849,-100,-115.0,40,4.5,6.5,-34.24,7.313,-65,2.03,117.59,0.459554,0.247823,1.5633,0.9494
851,-100,-115.0,40,4.5,7.5,-34.73,8.8859,-67,5.34,113.8,0.533686,0.320448,4.9614,0.8758
852,-100,-115.0,40,4.5,8.0,-34.67,8.95,-66,5.12,113.93,0.464601,0.306048,4.4666,0.8772
853,-100,-115.0,40,4.5,8.5,-34.89,9.1317,-68,3.98,115.29,0.446524,0.280117,3.8241,0.8917
854,-100,-115.0,40,4.5,9.0,-33.96,9.4643,-70,4.38,114.81,0.429781,0.299766,7.0123,0.8162
857,-100,-115.0,40,4.5,10.5,-34.3,11.187,-80,4.95,114.14,0.453715,0.302206,7.8957,0.7928
855,-100,-115.0,40,4.5,9.5,-34.55,10.3094,-77,1.84,117.74,0.405607,0.23858,1.1033,0.961
856,-100,-115.0,40,4.5,10.0,-34.13,10.8795,-79,1.86,117.74,0.408866,0.233636,1.52,0.9512
858,-100,-115.0,40,4.5,11.0,-34.18,11.6635,-82,6.74,111.99,0.500029,0.336716,7.0384,0.8224
862,-100,-115.0,40,4.5,13.0,-34.57,13.6206,-90,8.07,110.4,0.514375,0.380675,10.5066,0.7161
859,-100,-115.0,40,4.5,11.5,-34.2,11.8956,-81,2.01,117.64,0.458329,0.252667,1.09,0.9624
860,-100,-115.0,40,4.5,12.0,-34.91,12.6593,-82,3.58,115.85,0.457899,0.272153,4.3859,0.8783
861,-100,-115.0,40,4.5,12.5,-35.7,12.9614,-90,3.1,116.36,0.46511,0.263448,2.3398,0.9329
865,-100,-115.0,40,4.75,1.0,-30.61,3.7105,-39,6.95,111.68,0.483727,0.351432,8.4623,0.774
863,-100,-115.0,40,4.5,13.5,-34.66,14.428,-91,2.78,116.79,0.433581,0.25933,2.0641,0.9412
864,-100,-115.0,40,4.5,14.0,-34.22,14.5773,-87,4.34,114.89,0.458455,0.290113,3.5307,0.9089
866,-100,-115.0,40,4.75,1.5,-31.58,4.413,-43,2.26,117.47,0.452449,0.242764,1.2816,0.9609
867,-100,-115.0,40,4.75,2.0,-30.69,4.3182,-43,4.66,114.49,0.493158,0.298646,3.7497,0.9069
868,-100,-115.0,40,4.75,2.5,-30.94,4.2859,-45,1.55,118.27,0.400667,0.216563,1.5423,0.9557
869,-100,-115.0,40,4.75,3.0,-31.24,4.7871,-47,2.91,116.57,0.439959,0.248447,3.7313,0.8979
870,-100,-115.0,40,4.75,3.5,-31.21,5.5756,-50,2.24,117.3,0.451449,0.239462,1.0143,0.9651
873,-100,-115.0,40,4.75,5.0,-31.44,6.3145,-54,2.07,117.44,0.425422,0.246018,1.1878,0.9668
871,-100,-115.0,40,4.75,4.0,-30.39,6.1201,-50,1.63,118.19,0.432069,0.219361,1.3549,0.9595
872,-100,-115.0,40,4.75,4.5,-30.68,5.7538,-52,2.15,117.42,0.4564,0.257995,1.7696,0.9526
874,-100,-115.0,40,4.75,5.5,-31.1,6.6399,-57,2.34,117.27,0.418767,0.236221,2.4863,0.9282
875,-100,-115.0,40,4.75,6.0,-30.85,7.5395,-59,3.18,116.25,0.427448,0.258449,3.1421,0.9237
878,-100,-115.0,40,4.75,7.5,-31.02,8.1485,-64,5.82,113.16,0.464341,0.324537,6.0367,0.8412
876,-100,-115.0,40,4.75,6.5,-30.97,7.5013,-60,1.93,117.67,0.412738,0.222806,1.2179,0.9629
877,-100,-115.0,40,4.75,7.0,-30.82,8.0291,-61,1.19,118.57,0.401151,0.208605,0.9848,0.9686
879,-100,-115.0,40,4.75,8.0,-31.11,9.1135,-66,3.46,115.9,0.439889,0.267107,3.4369,0.9095
880,-100,-115.0,40,4.75,8.5,-30.56,9.3136,-67,3.17,116.42,0.4588,0.274888,3.2293,0.9049
881,-100,-115.0,40,4.75,9.0,-31.42,9.6072,-67,3.28,116.13,0.427299,0.265548,4.8129,0.8711
882,-100,-115.0,40,4.75,9.5,-30.64,10.0737,-71,3.79,115.44,0.430592,0.269136,3.7789,0.8917
883,-100,-115.0,40,4.75,10.0,-31.28,10.9443,-71,2.89,116.51,0.455743,0.257098,1.473,0.947
886,-100,-115.0,40,4.75,11.5,-29.8,12.2976,-76,3.68,115.63,0.478912,0.290226,4.8007,0.8694
884,-100,-115.0,40,4.75,10.5,-30.77,11.183,-77,1.97,117.58,0.440146,0.235619,1.9608,0.9434
885,-100,-115.0,40,4.75,11.0,-31.56,12.0922,-80,2.51,117.03,0.448182,0.251354,1.3313,0.96
887,-100,-115.0,40,4.75,12.0,-31.29,12.4601,-79,2.64,116.9,0.447261,0.247672,3.3258,0.9085
888,-100,-115.0,40,4.75,12.5,-31.09,13.439,-82,3.13,116.29,0.4523,0.265343,2.2652,0.9389
889,-100,-115.0,40,4.75,13.0,-31.78,13.5307,-82,3.37,116.06,0.440238,0.267035,2.8351,0.9159
890,-100,-115.0,40,4.75,13.5,-31.58,13.9932,-95,3.89,115.46,0.448941,0.274556,3.8734,0.887
892,-100,-115.0,40,5.0,1.0,-28.01,4.2385,-37,12.29,105.27,0.58773,0.442166,12.1693,0.6629
893,-100,-115.0,40,5.0,1.5,-26.74,4.0909,-37,4.28,114.89,0.460743,0.290695,3.5662,0.8993
891,-100,-115.0,40,4.75,14.0,-30.43,14.6142,-87,1.68,118.14,0.412916,0.219797,1.1756,0.9613
897,-100,-115.0,40,5.0,3.5,-27.23,5.6305,-46,4.22,114.97,0.42707,0.285361,4.5272,0.8781
895,-100,-115.0,40,5.0,2.5,-27.44,4.7033,-43,3.08,116.27,0.42492,0.253527,3.422,0.9144
894,-100,-115.0,40,5.0,2.0,-28.11,4.5704,-42,2.49,117.0,0.444516,0.248979,1.8031,0.9454
896,-100,-115.0,40,5.0,3.0,-26.94,5.0467,-42,3.12,116.28,0.443928,0.261815,4.1302,0.8871
898,-100,-115.0,40,5.0,4.0,-27.7,6.3494,-51,3.78,115.39,0.48585,0.287135,3.9324,0.905
899,-100,-115.0,40,5.0,4.5,-27.89,6.3229,-50,1.96,117.61,0.420847,0.237572,1.8237,0.9444
901,-100,-115.0,40,5.0,5.5,-26.88,6.621,-53,9.65,108.6,0.578996,0.389354,9.6611,0.7767
900,-100,-115.0,40,5.0,5.0,-27.57,6.3832,-51,2.27,117.33,0.42285,0.2397,1.6853,0.955
902,-100,-115.0,40,5.0,6.0,-27.23,7.895,-57,3.74,115.51,0.449314,0.276524,3.8419,0.9007
903,-100,-115.0,40,5.0,6.5,-27.34,7.6967,-57,2.34,117.26,0.471584,0.250083,1.6897,0.9452
904,-100,-115.0,40,5.0,7.0,-27.33,7.9498,-59,6.38,112.47,0.501305,0.337818,6.7504,0.8483
905,-100,-115.0,40,5.0,7.5,-27.39,8.8149,-61,1.65,118.21,0.407267,0.229945,1.4167,0.9617
908,-100,-115.0,40,5.0,9.0,-27.19,9.9504,-66,6.6,112.1,0.485534,0.338554,7.5624,0.8186
906,-100,-115.0,40,5.0,8.0,-26.9,9.0585,-63,1.77,117.79,0.42657,0.232206,1.4875,0.9625
907,-100,-115.0,40,5.0,8.5,-27.54,9.2558,-70,3.64,115.55,0.46074,0.288925,3.0753,0.9145
909,-100,-115.0,40,5.0,9.5,-28.02,10.5504,-70,3.92,115.32,0.481602,0.296,4.216,0.8801
910,-100,-115.0,40,5.0,10.0,-27.11,10.9903,-70,3.22,115.97,0.479697,0.272651,1.6265,0.9475
912,-100,-115.0,40,5.0,11.0,-26.77,11.7793,-79,4.03,115.17,0.456625,0.277418,3.2314,0.9081
911,-100,-115.0,40,5.0,10.5,-27.61,11.2506,-76,4.44,114.79,0.468905,0.296561,4.191,0.8852
913,-100,-115.0,40,5.0,11.5,-26.94,12.0837,-78,3.29,116.23,0.467793,0.279803,3.0233,0.9145
914,-100,-115.0,40,5.0,12.0,-27.16,12.728,-100,3.44,115.99,0.441612,0.274228,5.1317,0.8631
915,-100,-115.0,40,5.0,12.5,-26.64,12.9465,-82,3.8,115.44,0.431547,0.279007,5.3443,0.8553
916,-100,-115.0,40,5.0,13.0,-27.45,13.3489,-79,1.62,118.07,0.390562,0.215023,1.4595,0.9562
917,-100,-115.0,40,5.0,13.5,-28.5,14.092,-93,5.97,112.92,0.470421,0.312766,6.3004,0.851
918,-100,-115.0,40,5.0,14.0,-27.3,14.2865,-85,7.46,111.14,0.502036,0.363508,8.7101,0.7655
920,-100,-110.0,40,1.0,1.5,-85.4,2.3854,-94,5.57,113.46,0.491162,0.317864,4.9142,0.8615
919,-100,-110.0,40,1.0,1.0,-85.53,2.746,-96,2.19,117.43,0.418419,0.233699,2.4603,0.9291
921,-100,-110.0,40,1.0,2.0,-85.45,2.3701,-95,3.56,115.71,0.465698,0.272596,2.5943,0.9199
923,-100,-110.0,40,1.0,3.0,-85.25,3.2443,-99,7.54,111.04,0.501242,0.35556,8.8746,0.7626
922,-100,-110.0,40,1.0,2.5,-85.23,2.8954,-98,2.54,117.06,0.433412,0.244372,1.7371,0.9443
924,-100,-110.0,40,1.0,3.5,-84.76,3.7022,-99,1.97,117.66,0.414514,0.233485,1.1278,0.9629
925,-100,-110.0,40,1.0,4.0,-85.74,4.3426,-100,5.04,114.09,0.505048,0.301898,4.6206,0.864
926,-100,-110.0,40,1.0,4.5,-84.89,4.6467,-100,1.65,118.14,0.420235,0.227531,1.3335,0.9597
927,-100,-110.0,40,1.0,5.0,-84.9,5.2977,-100,4.45,114.71,0.489004,0.286223,3.8675,0.9062
928,-100,-110.0,40,1.0,5.5,-85.15,5.6315,-100,8.13,110.3,0.512062,0.365602,9.3781,0.7671
929,-100,-110.0,40,1.0,6.0,-85.48,6.0766,-100,3.07,116.27,0.465346,0.260465,1.7329,0.943
930,-100,-110.0,40,1.0,6.5,-84.77,6.5448,-100,6.15,112.76,0.510274,0.317926,5.9571,0.8396
931,-100,-110.0,40,1.0,7.0,-84.32,7.0399,-100,2.16,117.41,0.429453,0.248371,0.9351,0.968
934,-100,-110.0,40,1.0,8.5,-84.57,8.356,-100,2.62,116.78,0.42885,0.254113,1.9004,0.9414
932,-100,-110.0,40,1.0,7.5,-85.76,7.3775,-100,3.72,115.38,0.470765,0.28203,3.1452,0.9113
933,-100,-110.0,40,1.0,8.0,-84.9,7.9259,-100,6.27,112.58,0.516526,0.331906,5.9866,0.8221
935,-100,-110.0,40,1.0,9.0,-84.4,8.7038,-100,4.42,114.85,0.488451,0.292635,3.0269,0.9078
936,-100,-110.0,40,1.0,9.5,-85.2,9.0133,-100,2.32,117.28,0.46019,0.241608,2.122,0.9356
937,-100,-110.0,40,1.0,10.0,-84.99,9.4452,-100,1.97,117.83,0.435404,0.235678,1.4229,0.96
938,-100,-110.0,40,1.0,10.5,-84.32,9.8502,-100,8.17,110.12,0.531745,0.364669,9.4961,0.7567
939,-100,-110.0,40,1.0,11.0,-84.37,10.3153,-100,2.45,117.06,0.453487,0.241153,1.4282,0.9564
940,-100,-110.0,40,1.0,11.5,-84.9,10.5744,-100,2.54,117.11,0.449894,0.242305,1.6161,0.9508
941,-100,-110.0,40,1.0,12.0,-84.31,10.9096,-100,2.62,116.91,0.443008,0.248537,2.3649,0.9284
942,-100,-110.0,40,1.0,12.5,-84.34,11.2961,-100,4.33,114.74,0.486723,0.286212,3.5919,0.8984
943,-100,-110.0,40,1.0,13.0,-83.89,11.6217,-100,7.17,111.51,0.519558,0.335539,5.4418,0.8546
944,-100,-110.0,40,1.0,13.5,-84.16,12.0002,-100,5.28,113.66,0.515635,0.29914,4.759,0.8673
945,-100,-110.0,40,1.0,14.0,-84.5,12.2597,-100,5.13,113.89,0.495834,0.297602,3.8472,0.9051
946,-100,-110.0,40,1.25,1.0,-82.01,2.0255,-88,2.14,117.58,0.447858,0.252348,2.0008,0.9407
947,-100,-110.0,40,1.25,1.5,-81.47,2.0642,-88,7.89,110.63,0.486679,0.358765,11.425,0.6962
948,-100,-110.0,40,1.25,2.0,-81.39,2.6547,-90,9.81,108.21,0.587468,0.436971,12.9164,0.651
950,-100,-110.0,40,1.25,3.0,-81.73,3.4837,-96,4.03,115.19,0.442843,0.289141,3.5887,0.9043
949,-100,-110.0,40,1.25,2.5,-81.44,3.1602,-93,1.98,117.64,0.457979,0.244719,1.0974,0.9625
951,-100,-110.0,40,1.25,3.5,-81.92,3.6587,-98,4.09,115.25,0.452974,0.269973,4.7815,0.8716
952,-100,-110.0,40,1.25,4.0,-81.65,4.394,-99,1.07,118.76,0.437453,0.234577,0.8462,0.9749
953,-100,-110.0,40,1.25,4.5,-81.4,4.8051,-100,2.98,116.44,0.446932,0.257982,1.7749,0.9418
954,-100,-110.0,40,1.25,5.0,-81.39,5.4593,-100,3.32,116.07,0.449495,0.259497,3.8727,0.8905
955,-100,-110.0,40,1.25,5.5,-81.37,5.889,-100,5.09,113.91,0.477141,0.310537,5.1632,0.8642
956,-100,-110.0,40,1.25,6.0,-81.73,6.244,-100,1.57,118.2,0.394292,0.221963,1.0856,0.9644
959,-100,-110.0,40,1.25,7.5,-80.92,7.5475,-100,7.31,111.37,0.523559,0.333946,6.0243,0.8517
957,-100,-110.0,40,1.25,6.5,-80.92,6.7571,-100,2.22,117.42,0.398803,0.234172,1.7887,0.9483
958,-100,-110.0,40,1.25,7.0,-81.99,7.2067,-100,1.4,118.31,0.41072,0.216504,0.7236,0.9751
960,-100,-110.0,40,1.25,8.0,-81.23,8.0798,-100,2.28,117.41,0.430465,0.245611,1.1397,0.9597
961,-100,-110.0,40,1.25,8.5,-81.57,8.5315,-100,1.69,117.99,0.420227,0.221163,1.4904,0.9535
962,-100,-110.0,40,1.25,9.0,-81.5,9.0305,-100,3.38,116.1,0.4913,0.280338,2.2685,0.9313
963,-100,-110.0,40,1.25,9.5,-81.15,9.351,-100,2.98,116.39,0.435496,0.256164,3.4296,0.9047
964,-100,-110.0,40,1.25,10.0,-80.4,9.8876,-100,5.79,113.05,0.50019,0.311222,4.8365,0.8772
965,-100,-110.0,40,1.25,10.5,-81.8,10.2271,-100,5.86,113.1,0.5048,0.319535,5.523,0.8481
966,-100,-110.0,40,1.25,11.0,-81.23,10.5835,-100,6.63,112.06,0.516286,0.333838,6.9722,0.8459
967,-100,-110.0,40,1.25,11.5,-81.14,11.0198,-100,2.79,116.55,0.440546,0.261212,2.8553,0.9255
969,-100,-110.0,40,1.25,12.5,-80.89,11.7499,-100,3.57,115.8,0.45494,0.271717,2.2421,0.9387
968,-100,-110.0,40,1.25,12.0,-80.98,11.4874,-100,3.92,115.4,0.486066,0.277399,4.2836,0.8773
970,-100,-110.0,40,1.25,13.0,-81.43,12.0635,-100,5.18,113.88,0.480596,0.307922,5.624,0.8405
971,-100,-110.0,40,1.25,13.5,-80.75,12.4972,-100,7.17,111.46,0.541974,0.338724,6.9629,0.8161
972,-100,-110.0,40,1.25,14.0,-80.08,12.9907,-100,3.87,115.54,0.466706,0.275433,2.6211,0.9327
973,-100,-110.0,40,1.5,1.0,-77.89,2.0471,-85,3.0,116.36,0.43256,0.256945,2.354,0.9371
974,-100,-110.0,40,1.5,1.5,-77.56,2.0694,-84,1.64,118.22,0.451922,0.238506,0.7788,0.972
975,-100,-110.0,40,1.5,2.0,-77.5,2.7128,-87,3.73,115.62,0.43618,0.271546,3.7104,0.894
976,-100,-110.0,40,1.5,2.5,-77.82,3.042,-88,1.78,117.79,0.429722,0.22844,1.2848,0.9688
977,-100,-110.0,40,1.5,3.0,-77.06,3.5852,-90,3.24,116.02,0.449723,0.258868,2.9226,0.9159
978,-100,-110.0,40,1.5,3.5,-77.16,3.8319,-93,1.35,118.49,0.396764,0.207709,0.4406,0.9814
982,-100,-110.0,40,1.5,5.5,-77.97,5.6809,-100,4.68,114.42,0.451818,0.281791,4.1819,0.8815
979,-100,-110.0,40,1.5,4.0,-77.56,4.144,-94,2.57,117.04,0.448407,0.25003,1.7591,0.9497
980,-100,-110.0,40,1.5,4.5,-77.71,4.7932,-98,1.3,118.36,0.431945,0.224796,0.6705,0.9758
981,-100,-110.0,40,1.5,5.0,-77.89,5.3043,-100,2.52,116.98,0.42785,0.25393,1.6364,0.9461
983,-100,-110.0,40,1.5,6.0,-77.53,6.2918,-100,4.31,114.76,0.477602,0.288131,4.9213,0.8635
984,-100,-110.0,40,1.5,6.5,-77.8,6.8882,-100,2.22,117.44,0.408022,0.233983,1.4054,0.9546
986,-100,-110.0,40,1.5,7.5,-78.0,7.5657,-100,6.35,112.39,0.507936,0.320634,5.5049,0.8528
985,-100,-110.0,40,1.5,7.0,-77.63,7.0871,-100,2.01,117.53,0.416288,0.239778,1.6663,0.9477
987,-100,-110.0,40,1.5,8.0,-76.63,8.1196,-100,4.71,114.34,0.475167,0.305108,5.2148,0.8617
988,-100,-110.0,40,1.5,8.5,-77.97,8.5653,-100,3.51,115.87,0.458596,0.269017,3.6867,0.8989
989,-100,-110.0,40,1.5,9.0,-78.49,9.0307,-100,4.97,113.95,0.482423,0.297801,3.7429,0.8988
990,-100,-110.0,40,1.5,9.5,-77.57,9.5221,-100,3.73,115.73,0.449648,0.274146,3.9228,0.8913
991,-100,-110.0,40,1.5,10.0,-77.39,10.0955,-100,3.75,115.39,0.465025,0.269094,5.4195,0.8549
992,-100,-110.0,40,1.5,10.5,-77.28,10.4474,-100,1.37,118.47,0.42477,0.221626,0.7153,0.9752
995,-100,-110.0,40,1.5,12.0,-78.82,11.6872,-100,2.97,116.55,0.446172,0.260001,3.2117,0.9063
993,-100,-110.0,40,1.5,11.0,-77.13,10.9576,-100,3.57,115.67,0.464051,0.27231,1.7382,0.9436
994,-100,-110.0,40,1.5,11.5,-77.18,11.3736,-100,1.68,117.99,0.426129,0.231,0.5702,0.9756
997,-100,-110.0,40,1.5,13.0,-77.72,12.6989,-100,7.48,111.22,0.539435,0.348416,7.4297,0.8114
996,-100,-110.0,40,1.5,12.5,-77.34,12.3089,-100,2.74,116.74,0.43514,0.251901,0.8154,0.9597
998,-100,-110.0,40,1.5,13.5,-77.68,12.9573,-100,2.99,116.37,0.439379,0.253331,1.9299,0.9425
999,-100,-110.0,40,1.5,14.0,-77.41,13.5165,-100,6.03,112.89,0.480786,0.328203,7.0321,0.8027
1000,-100,-110.0,40,1.75,1.0,-74.06,1.6932,-81,3.31,116.18,0.447984,0.267147,4.3038,0.8826
1001,-100,-110.0,40,1.75,1.5,-74.15,1.9548,-82,3.33,116.1,0.43034,0.260337,2.7911,0.921
1002,-100,-110.0,40,1.75,2.0,-75.18,2.389,-85,1.43,118.21,0.415767,0.224837,1.2722,0.9611
1003,-100,-110.0,40,1.75,2.5,-74.58,3.0948,-87,8.05,110.4,0.549208,0.36756,8.4956,0.8092
1004,-100,-110.0,40,1.75,3.0,-73.87,3.4641,-86,1.36,118.3,0.431243,0.219386,0.9174,0.9735
1007,-100,-110.0,40,1.75,4.5,-74.58,4.6954,-95,6.0,112.85,0.507627,0.325803,6.2865,0.8475
1005,-100,-110.0,40,1.75,3.5,-74.28,3.787,-91,3.05,116.42,0.431668,0.254526,3.1756,0.9093
1006,-100,-110.0,40,1.75,4.0,-74.11,4.2265,-89,2.77,116.77,0.421484,0.253635,2.247,0.9432
1009,-100,-110.0,40,1.75,5.5,-74.29,6.015,-99,5.83,112.97,0.478994,0.314406,5.2892,0.8725
1008,-100,-110.0,40,1.75,5.0,-74.39,5.2518,-97,2.66,116.81,0.439299,0.260107,1.9507,0.9452
1011,-100,-110.0,40,1.75,6.5,-74.79,6.7188,-100,11.27,106.61,0.591858,0.418393,9.6792,0.7521
1010,-100,-110.0,40,1.75,6.0,-73.59,6.1135,-99,5.1,113.96,0.476747,0.304905,4.2538,0.8927
1012,-100,-110.0,40,1.75,7.0,-74.39,7.2332,-100,2.11,117.43,0.40228,0.228353,1.5936,0.9589
1013,-100,-110.0,40,1.75,7.5,-74.34,7.6459,-100,3.11,116.29,0.453209,0.269561,3.905,0.8925
1014,-100,-110.0,40,1.75,8.0,-74.6,8.1198,-100,4.02,115.21,0.47906,0.285761,3.5527,0.8923
1015,-100,-110.0,40,1.75,8.5,-75.02,8.6183,-100,2.6,116.81,0.457587,0.252542,1.9236,0.9464
1021,-100,-110.0,40,1.75,11.5,-74.13,11.4985,-100,7.39,111.17,0.509724,0.334119,7.4286,0.8002
1016,-100,-110.0,40,1.75,9.0,-74.09,9.0452,-100,2.61,116.92,0.423668,0.249006,2.3526,0.9331
1018,-100,-110.0,40,1.75,10.0,-74.16,10.1143,-100,3.79,115.61,0.471068,0.280742,2.9707,0.9139
1017,-100,-110.0,40,1.75,9.5,-74.69,9.6627,-100,3.47,115.94,0.447962,0.27604,4.5028,0.8756
1019,-100,-110.0,40,1.75,10.5,-74.57,10.5565,-100,1.69,118.29,0.450131,0.241835,1.2257,0.96
1020,-100,-110.0,40,1.75,11.0,-73.98,10.9007,-100,4.25,114.94,0.438813,0.282075,3.7995,0.8926
1022,-100,-110.0,40,1.75,12.0,-74.28,11.9462,-100,3.8,115.43,0.451616,0.270343,5.041,0.8625
1023,-100,-110.0,40,1.75,12.5,-74.32,12.3989,-100,2.27,117.16,0.467204,0.253591,1.5375,0.9578
1024,-100,-110.0,40,1.75,13.0,-74.92,12.6972,-100,4.09,115.12,0.506505,0.283709,1.9987,0.9264
1025,-100,-110.0,40,1.75,13.5,-73.64,13.3087,-100,8.65,109.69,0.539026,0.375086,9.733,0.7383
1026,-100,-110.0,40,1.75,14.0,-73.24,13.8247,-100,3.38,115.98,0.442622,0.270594,3.8505,0.8896
1027,-100,-110.0,40,2.0,1.0,-71.07,1.7114,-77,2.24,117.47,0.43464,0.24966,1.4608,0.953
1028,-100,-110.0,40,2.0,1.5,-70.84,2.4606,-79,8.12,110.34,0.552212,0.357162,8.9992,0.7708
1031,-100,-110.0,40,2.0,3.0,-70.2,3.2752,-85,4.44,114.68,0.470163,0.300041,3.9731,0.8952
1029,-100,-110.0,40,2.0,2.0,-70.25,3.061,-81,4.88,114.31,0.503003,0.308325,3.8491,0.8913
1032,-100,-110.0,40,2.0,3.5,-70.47,4.1628,-88,4.14,115.1,0.456021,0.284415,4.352,0.8744
1030,-100,-110.0,40,2.0,2.5,-70.73,3.0782,-83,1.18,118.68,0.385737,0.206701,0.9453,0.9699
1033,-100,-110.0,40,2.0,4.0,-70.14,4.3503,-90,5.56,113.44,0.486173,0.317044,5.9143,0.8358
1034,-100,-110.0,40,2.0,4.5,-70.68,4.8267,-91,4.91,114.27,0.505604,0.321075,4.5989,0.8698
1035,-100,-110.0,40,2.0,5.0,-70.65,5.3829,-95,2.5,117.2,0.457603,0.245671,1.8777,0.943
1036,-100,-110.0,40,2.0,5.5,-70.59,5.8982,-94,1.22,118.63,0.380899,0.205724,0.9846,0.9687
1037,-100,-110.0,40,2.0,6.0,-70.88,6.1644,-96,2.05,117.73,0.43993,0.243789,1.3068,0.9613
1038,-100,-110.0,40,2.0,6.5,-70.59,6.8736,-98,9.15,109.01,0.518582,0.405395,11.7325,0.6924
1039,-100,-110.0,40,2.0,7.0,-70.19,7.2501,-96,4.75,114.44,0.505608,0.307892,4.5668,0.8781
1040,-100,-110.0,40,2.0,7.5,-70.61,7.6456,-100,5.57,113.4,0.478242,0.314327,5.1759,0.8458
1041,-100,-110.0,40,2.0,8.0,-70.01,8.34,-100,2.37,117.24,0.452559,0.255199,1.196,0.9591
1042,-100,-110.0,40,2.0,8.5,-71.12,8.6121,-100,4.1,115.06,0.487599,0.279607,4.381,0.8732
1046,-100,-110.0,40,2.0,10.5,-70.2,10.6289,-100,4.76,114.32,0.456115,0.29628,5.0849,0.8787
1043,-100,-110.0,40,2.0,9.0,-70.18,9.2229,-100,5.23,113.77,0.504456,0.307677,5.541,0.8536
1044,-100,-110.0,40,2.0,9.5,-71.19,9.7218,-100,2.86,116.58,0.440526,0.248094,2.4038,0.9369
1045,-100,-110.0,40,2.0,10.0,-70.03,10.1618,-100,4.09,115.02,0.437431,0.282884,3.6718,0.8974
1047,-100,-110.0,40,2.0,11.0,-70.77,11.2211,-100,4.6,114.49,0.464632,0.291964,5.343,0.8597
1049,-100,-110.0,40,2.0,12.0,-70.41,12.0515,-100,3.34,115.96,0.44441,0.257775,3.4335,0.9026
1048,-100,-110.0,40,2.0,11.5,-69.44,11.5462,-100,1.85,117.85,0.426634,0.231585,1.6448,0.949
1050,-100,-110.0,40,2.0,12.5,-70.89,12.3964,-100,3.41,115.91,0.454715,0.260945,4.6289,0.8765
1052,-100,-110.0,40,2.0,13.5,-70.72,13.5245,-100,5.42,113.49,0.506943,0.313462,6.4412,0.8298
1053,-100,-110.0,40,2.0,14.0,-69.71,13.9061,-100,3.39,116.0,0.442831,0.262069,2.4646,0.9286
1051,-100,-110.0,40,2.0,13.0,-70.24,13.0239,-100,2.49,117.07,0.442884,0.249174,2.1767,0.9345
1054,-100,-110.0,40,2.25,1.0,-66.61,2.611,-74,9.01,109.34,0.526055,0.393998,9.9333,0.7425
1057,-100,-110.0,40,2.25,2.5,-66.2,3.1725,-79,3.73,115.59,0.447904,0.27615,3.3714,0.9192
1055,-100,-110.0,40,2.25,1.5,-66.89,2.7712,-76,1.24,118.53,0.390332,0.206658,0.5341,0.9796
1056,-100,-110.0,40,2.25,2.0,-67.4,3.1975,-77,2.14,117.46,0.408012,0.235033,1.2404,0.9634
1058,-100,-110.0,40,2.25,3.0,-67.28,3.6886,-82,1.42,118.31,0.364851,0.202255,1.4791,0.9564
1059,-100,-110.0,40,2.25,3.5,-66.96,4.2729,-82,2.11,117.52,0.419011,0.236166,1.5681,0.9576
1061,-100,-110.0,40,2.25,4.5,-67.42,4.9167,-88,4.28,114.86,0.447032,0.289921,5.3474,0.8546
1060,-100,-110.0,40,2.25,4.0,-66.35,4.7178,-86,2.95,116.44,0.429826,0.251694,4.2196,0.8864
1062,-100,-110.0,40,2.25,5.0,-67.0,5.1617,-86,2.62,116.87,0.415045,0.251574,2.1976,0.9354
1063,-100,-110.0,40,2.25,5.5,-67.48,6.0584,-96,2.88,116.57,0.43481,0.252569,1.9683,0.9506
1066,-100,-110.0,40,2.25,7.0,-66.39,7.2772,-95,3.99,115.32,0.439909,0.27334,4.5155,0.8778
1064,-100,-110.0,40,2.25,6.0,-66.81,6.2376,-93,4.33,114.76,0.469949,0.296497,4.5609,0.8709
1065,-100,-110.0,40,2.25,6.5,-67.34,6.9067,-95,1.5,118.24,0.392496,0.210905,1.1871,0.9618
1067,-100,-110.0,40,2.25,7.5,-66.89,7.7119,-100,4.58,114.57,0.468371,0.291145,3.9633,0.8866
1069,-100,-110.0,40,2.25,8.5,-66.37,8.7382,-100,2.16,117.48,0.436424,0.238247,0.8085,0.9699
1068,-100,-110.0,40,2.25,8.0,-66.9,8.1708,-99,1.94,117.62,0.415396,0.238476,1.7892,0.9461
1071,-100,-110.0,40,2.25,9.5,-66.8,9.6484,-100,6.01,112.93,0.48701,0.319971,6.0023,0.8582
1070,-100,-110.0,40,2.25,9.0,-66.56,9.1111,-100,1.74,117.96,0.449897,0.236015,0.7953,0.9718
1072,-100,-110.0,40,2.25,10.0,-67.13,10.3295,-100,8.61,109.76,0.523469,0.3922,10.1024,0.726
1073,-100,-110.0,40,2.25,10.5,-66.98,10.5113,-100,1.93,117.72,0.407543,0.230872,1.401,0.9547
1074,-100,-110.0,40,2.25,11.0,-67.18,11.1345,-100,1.14,118.7,0.379592,0.195097,1.1012,0.9667
1075,-100,-110.0,40,2.25,11.5,-66.58,11.7405,-100,9.74,108.3,0.539316,0.402616,10.465,0.7322
1076,-100,-110.0,40,2.25,12.0,-66.64,12.0374,-100,1.98,117.66,0.42392,0.227762,1.2628,0.956
1077,-100,-110.0,40,2.25,12.5,-66.64,12.5696,-100,4.13,115.18,0.460244,0.292488,3.7899,0.9105
1078,-100,-110.0,40,2.25,13.0,-66.85,13.1107,-100,3.1,116.37,0.431234,0.252114,2.5033,0.9255
1079,-100,-110.0,40,2.25,13.5,-67.3,13.4987,-100,3.68,115.64,0.431728,0.262277,3.9015,0.8904
1080,-100,-110.0,40,2.25,14.0,-67.04,13.9698,-100,4.26,114.93,0.465467,0.286668,4.591,0.8689
1081,-100,-110.0,40,2.5,1.0,-63.61,2.1366,-70,1.78,117.95,0.388292,0.213067,1.2885,0.957
1082,-100,-110.0,40,2.5,1.5,-63.48,2.5091,-72,3.71,115.63,0.42315,0.277622,4.606,0.872
1084,-100,-110.0,40,2.5,2.5,-63.27,3.8445,-76,9.45,108.67,0.537015,0.404912,12.1596,0.6805
1083,-100,-110.0,40,2.5,2.0,-62.91,2.9134,-75,2.92,116.54,0.437461,0.25598,2.508,0.9268
1085,-100,-110.0,40,2.5,3.0,-63.96,3.6853,-79,3.44,115.92,0.463834,0.284532,2.5712,0.9233
1086,-100,-110.0,40,2.5,3.5,-63.61,4.3246,-81,2.8,116.78,0.433652,0.254444,2.4639,0.9389
1087,-100,-110.0,40,2.5,4.0,-63.25,4.4301,-82,3.12,116.4,0.441588,0.276233,2.6112,0.9215
1088,-100,-110.0,40,2.5,4.5,-63.69,5.1692,-84,6.31,112.57,0.498538,0.335908,5.1734,0.8548
1089,-100,-110.0,40,2.5,5.0,-63.56,5.5313,-88,2.93,116.53,0.441616,0.259111,2.9222,0.9143
1090,-100,-110.0,40,2.5,5.5,-63.22,5.8618,-88,5.91,113.04,0.487026,0.322667,5.5207,0.86
1093,-100,-110.0,40,2.5,7.0,-63.02,7.4217,-90,5.64,113.32,0.513212,0.314924,5.2498,0.857
1092,-100,-110.0,40,2.5,6.5,-63.37,6.8194,-91,8.41,110.08,0.540817,0.382176,10.4327,0.7217
1091,-100,-110.0,40,2.5,6.0,-63.03,6.2909,-88,2.72,116.79,0.443631,0.266757,2.0237,0.9398
1095,-100,-110.0,40,2.5,8.0,-62.82,8.1919,-98,5.67,113.18,0.484368,0.326781,5.9816,0.8487
1096,-100,-110.0,40,2.5,8.5,-63.55,8.9076,-100,8.68,109.69,0.532657,0.378614,10.9434,0.7121
1094,-100,-110.0,40,2.5,7.5,-63.47,7.8615,-94,1.25,118.58,0.434295,0.211471,0.4549,0.9794
1097,-100,-110.0,40,2.5,9.0,-63.43,9.3541,-100,3.88,115.34,0.442166,0.272039,4.1336,0.8817
1098,-100,-110.0,40,2.5,9.5,-62.9,9.8364,-100,3.45,115.9,0.458333,0.25856,4.5875,0.8758
1099,-100,-110.0,40,2.5,10.0,-63.72,10.3985,-100,3.49,115.89,0.447364,0.274762,4.0738,0.8913
1100,-100,-110.0,40,2.5,10.5,-63.63,10.8586,-100,3.24,116.26,0.458361,0.274955,1.9875,0.9452
1102,-100,-110.0,40,2.5,11.5,-63.59,11.6469,-100,5.41,113.54,0.511774,0.311377,6.041,0.8379
1101,-100,-110.0,40,2.5,11.0,-63.01,11.1731,-100,0.95,119.01,0.393415,0.202909,0.3023,0.9868
1103,-100,-110.0,40,2.5,12.0,-63.76,12.2079,-100,3.97,115.16,0.458111,0.281276,4.5188,0.8738
1105,-100,-110.0,40,2.5,13.0,-63.03,13.2001,-100,3.03,116.55,0.481389,0.271984,2.7459,0.9199
1104,-100,-110.0,40,2.5,12.5,-63.87,12.6238,-100,2.84,116.59,0.429189,0.255637,1.228,0.9594
1106,-100,-110.0,40,2.5,13.5,-63.03,13.5874,-100,3.85,115.33,0.461022,0.283309,2.9607,0.9271
1107,-100,-110.0,40,2.5,14.0,-63.81,14.1939,-100,3.02,116.41,0.450935,0.263263,1.6632,0.9407
1108,-100,-110.0,40,2.75,1.0,-59.35,2.244,-66,4.27,114.98,0.467909,0.290845,4.61,0.8712
1109,-100,-110.0,40,2.75,1.5,-59.38,2.622,-69,4.33,114.83,0.438439,0.291279,4.7614,0.8671
1110,-100,-110.0,40,2.75,2.0,-59.38,3.0158,-70,3.64,115.62,0.430794,0.274292,5.3593,0.8566
1111,-100,-110.0,40,2.75,2.5,-59.82,3.4334,-75,2.41,117.11,0.437731,0.243704,1.6907,0.947
1112,-100,-110.0,40,2.75,3.0,-60.15,3.7602,-74,1.16,118.62,0.390625,0.203361,0.6366,0.9812
1113,-100,-110.0,40,2.75,3.5,-59.9,3.9871,-74,2.3,117.25,0.468656,0.242312,1.467,0.9553
1115,-100,-110.0,40,2.75,4.5,-59.81,5.2771,-81,7.6,110.97,0.509184,0.357725,9.642,0.7503
1114,-100,-110.0,40,2.75,4.0,-59.57,4.9427,-78,4.07,115.3,0.495842,0.303182,5.4365,0.8515
1119,-100,-110.0,40,2.75,6.5,-59.49,6.9936,-91,3.68,115.68,0.458673,0.263958,2.838,0.929
1117,-100,-110.0,40,2.75,5.5,-59.91,6.0845,-83,4.87,114.13,0.487619,0.305521,5.7275,0.8489
1116,-100,-110.0,40,2.75,5.0,-59.65,5.572,-80,1.78,117.89,0.418446,0.222657,1.8361,0.9461
1118,-100,-110.0,40,2.75,6.0,-59.4,6.5956,-86,3.6,115.6,0.458276,0.281692,4.2956,0.8875
1120,-100,-110.0,40,2.75,7.0,-59.85,7.3569,-95,1.67,118.02,0.418481,0.227855,1.2266,0.9669
1121,-100,-110.0,40,2.75,7.5,-59.87,8.0056,-93,8.27,110.22,0.529933,0.34705,8.1878,0.8036
1122,-100,-110.0,40,2.75,8.0,-59.71,8.2494,-91,1.85,117.86,0.430794,0.24059,1.2789,0.9591
1123,-100,-110.0,40,2.75,8.5,-59.71,8.8794,-93,3.53,115.75,0.444136,0.267739,4.3374,0.8806
1125,-100,-110.0,40,2.75,9.5,-59.6,9.6447,-100,2.89,116.66,0.457781,0.273289,3.6892,0.8981
1124,-100,-110.0,40,2.75,9.0,-59.43,9.455,-100,1.59,118.19,0.383995,0.212086,0.9218,0.9687
1127,-100,-110.0,40,2.75,10.5,-60.2,10.8846,-100,3.78,115.53,0.458373,0.277318,4.5691,0.8752
1126,-100,-110.0,40,2.75,10.0,-60.16,10.3472,-100,2.99,116.46,0.439251,0.255875,0.888,0.9573
1129,-100,-110.0,40,2.75,11.5,-60.3,11.6278,-100,5.15,113.75,0.483359,0.30599,6.6208,0.8189
1131,-100,-110.0,40,2.75,12.5,-59.54,12.7827,-100,2.88,116.64,0.429408,0.254761,2.7771,0.9345
1128,-100,-110.0,40,2.75,11.0,-59.37,11.2154,-100,2.15,117.67,0.427313,0.244888,1.2978,0.957
1130,-100,-110.0,40,2.75,12.0,-60.17,12.1728,-100,3.32,116.18,0.466554,0.286011,5.2494,0.862
1132,-100,-110.0,40,2.75,13.0,-59.67,13.1151,-100,1.07,118.81,0.407668,0.216746,0.6304,0.9774
1133,-100,-110.0,40,2.75,13.5,-60.12,13.9273,-100,1.26,118.51,0.393432,0.208575,0.9476,0.9691
1134,-100,-110.0,40,2.75,14.0,-59.72,14.2137,-100,2.15,117.51,0.450011,0.243299,1.2279,0.9613
1135,-100,-110.0,40,3.0,1.0,-55.77,2.7242,-63,1.96,117.75,0.413429,0.231683,1.4594,0.9589
1137,-100,-110.0,40,3.0,2.0,-56.09,3.4137,-67,4.28,114.79,0.438586,0.288258,6.0066,0.8384
1136,-100,-110.0,40,3.0,1.5,-55.6,3.1055,-65,2.67,116.87,0.475037,0.265347,2.8703,0.9186
1139,-100,-110.0,40,3.0,3.0,-56.55,3.8761,-71,5.06,114.02,0.446031,0.297054,4.1317,0.8933
1138,-100,-110.0,40,3.0,2.5,-56.39,3.8835,-69,3.81,115.35,0.460895,0.281006,3.3266,0.8988
1143,-100,-110.0,40,3.0,5.0,-57.2,5.5613,-80,5.44,113.52,0.480087,0.310881,4.5457,0.8812
1140,-100,-110.0,40,3.0,3.5,-56.39,4.5267,-74,1.96,117.84,0.428757,0.232785,1.2882,0.9602
1141,-100,-110.0,40,3.0,4.0,-56.51,4.8261,-76,2.04,117.45,0.457828,0.258144,0.9115,0.9675
1142,-100,-110.0,40,3.0,4.5,-56.71,5.353,-76,2.13,117.6,0.423593,0.240552,1.4906,0.9517
1144,-100,-110.0,40,3.0,5.5,-55.97,6.1051,-79,4.63,114.52,0.47856,0.302011,6.7,0.8204
1145,-100,-110.0,40,3.0,6.0,-55.94,6.8344,-83,8.49,109.86,0.529595,0.38756,10.2958,0.7284
1146,-100,-110.0,40,3.0,6.5,-56.22,7.1464,-83,2.61,116.93,0.433598,0.245511,1.4384,0.9515
1149,-100,-110.0,40,3.0,8.0,-55.15,8.4781,-91,7.87,110.55,0.514574,0.366614,8.9108,0.785
1147,-100,-110.0,40,3.0,7.0,-57.1,7.5446,-89,3.49,115.86,0.469364,0.267225,3.0926,0.9186
1148,-100,-110.0,40,3.0,7.5,-56.29,7.8415,-87,3.62,115.72,0.456302,0.282612,3.5576,0.9069
1150,-100,-110.0,40,3.0,8.5,-55.96,8.8299,-91,3.27,116.06,0.455318,0.275539,2.3737,0.9288
1151,-100,-110.0,40,3.0,9.0,-55.81,9.3034,-93,4.81,114.3,0.462507,0.285077,4.4914,0.8749
1152,-100,-110.0,40,3.0,9.5,-55.82,9.8957,-92,9.86,108.17,0.526218,0.430586,13.5675,0.6449
1153,-100,-110.0,40,3.0,10.0,-56.63,10.4047,-98,0.86,119.18,0.403906,0.203131,0.2293,0.9875
1156,-100,-110.0,40,3.0,11.5,-55.95,11.948,-100,5.51,113.4,0.485066,0.321977,5.9641,0.8554
1154,-100,-110.0,40,3.0,10.5,-56.02,10.8572,-98,2.06,117.57,0.397077,0.228851,1.4756,0.9617
1157,-100,-110.0,40,3.0,12.0,-55.99,12.1624,-100,2.99,116.33,0.451981,0.274301,3.4787,0.9067
1155,-100,-110.0,40,3.0,11.0,-56.69,11.3916,-100,2.13,117.38,0.429512,0.248261,2.4152,0.9311
1158,-100,-110.0,40,3.0,12.5,-56.91,12.6583,-100,8.86,109.37,0.521677,0.405149,11.5544,0.6932
1163,-100,-110.0,40,3.25,1.5,-52.68,3.0605,-62,6.04,112.87,0.499347,0.313717,5.5923,0.8597
1159,-100,-110.0,40,3.0,13.0,-55.82,13.2675,-100,1.73,117.91,0.423625,0.230946,1.4402,0.9609
1160,-100,-110.0,40,3.0,13.5,-56.05,13.6644,-100,3.86,115.38,0.455784,0.271895,4.1932,0.8837
1161,-100,-110.0,40,3.0,14.0,-56.15,14.2619,-100,2.52,116.9,0.441421,0.24791,2.0073,0.9412
1162,-100,-110.0,40,3.25,1.0,-52.67,3.0137,-61,2.54,116.94,0.43417,0.251163,2.0823,0.9485
1164,-100,-110.0,40,3.25,2.0,-52.19,3.2771,-64,1.3,118.42,0.39732,0.208711,1.122,0.9651
1166,-100,-110.0,40,3.25,3.0,-52.74,4.2408,-70,4.14,115.08,0.442245,0.283757,5.111,0.8586
1167,-100,-110.0,40,3.25,3.5,-53.01,4.5457,-68,9.78,108.2,0.533295,0.408829,11.878,0.6884
1169,-100,-110.0,40,3.25,4.5,-53.3,5.1024,-74,3.64,115.75,0.440436,0.265987,4.719,0.8711
1165,-100,-110.0,40,3.25,2.5,-53.56,3.8571,-67,1.59,118.16,0.411325,0.219086,0.7173,0.9733
1168,-100,-110.0,40,3.25,4.0,-52.97,4.913,-70,2.02,117.62,0.422263,0.228237,1.2434,0.9613
1170,-100,-110.0,40,3.25,5.0,-52.57,5.7067,-77,2.05,117.56,0.41173,0.226928,2.0594,0.9408
1171,-100,-110.0,40,3.25,5.5,-52.77,6.2059,-76,7.84,110.85,0.564042,0.400844,11.0503,0.7022
1172,-100,-110.0,40,3.25,6.0,-52.58,6.8579,-77,0.95,118.77,0.381057,0.19509,0.3432,0.9861
1173,-100,-110.0,40,3.25,6.5,-52.55,6.927,-84,6.06,112.77,0.481635,0.32106,6.1191,0.8402
1174,-100,-110.0,40,3.25,7.0,-53.2,7.5962,-89,3.87,115.38,0.450884,0.274705,5.354,0.8581
1176,-100,-110.0,40,3.25,8.0,-53.0,8.4989,-87,3.79,115.44,0.438612,0.278236,3.0406,0.9154
1175,-100,-110.0,40,3.25,7.5,-52.91,7.9172,-84,5.8,113.14,0.512585,0.330633,7.7206,0.7962
1179,-100,-110.0,40,3.25,9.5,-52.92,9.8769,-92,8.85,109.43,0.512274,0.386132,9.9715,0.736
1180,-100,-110.0,40,3.25,10.0,-52.75,10.2839,-93,9.14,108.99,0.510327,0.391921,10.9427,0.7032
1177,-100,-110.0,40,3.25,8.5,-52.08,8.8745,-89,1.94,117.76,0.464238,0.236652,0.6633,0.9715
1178,-100,-110.0,40,3.25,9.0,-52.19,9.3005,-91,3.88,115.42,0.496717,0.281695,4.3308,0.8815
1181,-100,-110.0,40,3.25,10.5,-52.51,10.8699,-100,4.11,115.08,0.476122,0.274849,4.4298,0.8834
1182,-100,-110.0,40,3.25,11.0,-51.93,11.3169,-100,0.97,118.82,0.394022,0.208587,0.5613,0.9794
1183,-100,-110.0,40,3.25,11.5,-52.39,11.9627,-95,8.06,110.4,0.525434,0.372413,9.0278,0.7798
1184,-100,-110.0,40,3.25,12.0,-53.02,12.3182,-100,6.58,112.06,0.498151,0.337102,6.1633,0.8471
1188,-100,-110.0,40,3.25,14.0,-52.25,14.4659,-100,4.84,114.28,0.451144,0.309951,6.079,0.832
1185,-100,-110.0,40,3.25,12.5,-52.94,12.6496,-99,1.2,118.6,0.391248,0.205595,1.1021,0.9671
1186,-100,-110.0,40,3.25,13.0,-52.93,13.3396,-100,1.54,118.28,0.398542,0.213559,1.1776,0.9617
1189,-100,-110.0,40,3.5,1.0,-49.43,2.9135,-57,8.3,110.12,0.522028,0.377326,9.6552,0.7409
1187,-100,-110.0,40,3.25,13.5,-52.23,13.8136,-100,1.54,118.17,0.388666,0.217285,1.5477,0.954
1191,-100,-110.0,40,3.5,2.0,-48.9,3.547,-60,4.42,114.64,0.470695,0.297849,5.2741,0.8545
1190,-100,-110.0,40,3.5,1.5,-48.97,3.327,-59,1.12,118.66,0.381564,0.203226,0.7271,0.9772
1192,-100,-110.0,40,3.5,2.5,-48.38,4.0321,-63,2.16,117.5,0.430465,0.247527,1.2424,0.9589
1193,-100,-110.0,40,3.5,3.0,-49.12,3.9788,-64,3.54,115.87,0.483713,0.283366,3.037,0.9185
1194,-100,-110.0,40,3.5,3.5,-48.69,4.442,-64,1.83,117.91,0.413036,0.236967,1.5821,0.9506
1195,-100,-110.0,40,3.5,4.0,-48.33,4.9882,-66,2.5,117.1,0.448458,0.255832,1.1749,0.9631
1196,-100,-110.0,40,3.5,4.5,-49.34,5.0679,-70,2.65,116.9,0.438279,0.259332,1.6305,0.953
1198,-100,-110.0,40,3.5,5.5,-48.63,6.1971,-72,8.3,109.99,0.507363,0.403231,11.2936,0.7046
1199,-100,-110.0,40,3.5,6.0,-49.1,6.8203,-75,8.02,110.37,0.496559,0.370049,10.3796,0.7174
1197,-100,-110.0,40,3.5,5.0,-49.15,5.3992,-72,2.67,116.94,0.468884,0.258452,1.4053,0.9558
1201,-100,-110.0,40,3.5,7.0,-48.7,7.7586,-80,4.47,114.72,0.468079,0.286914,4.8135,0.8629
1200,-100,-110.0,40,3.5,6.5,-49.3,6.9895,-81,2.09,117.56,0.412748,0.23715,1.3816,0.9606
1202,-100,-110.0,40,3.5,7.5,-49.15,7.7742,-81,2.94,116.69,0.483065,0.264668,1.7466,0.9394
1203,-100,-110.0,40,3.5,8.0,-49.75,8.6353,-84,2.81,116.56,0.426159,0.245958,4.4731,0.8828
1204,-100,-110.0,40,3.5,8.5,-49.14,8.985,-85,4.87,114.28,0.461107,0.29837,5.0286,0.8604
1205,-100,-110.0,40,3.5,9.0,-48.74,9.2799,-88,2.37,117.19,0.428868,0.242802,2.4063,0.9385
1206,-100,-110.0,40,3.5,9.5,-49.03,9.7304,-91,2.06,117.66,0.421844,0.234486,1.5604,0.9555
1207,-100,-110.0,40,3.5,10.0,-49.86,10.4721,-89,3.61,115.61,0.447249,0.27155,3.3382,0.9015
1208,-100,-110.0,40,3.5,10.5,-49.03,10.8521,-98,4.79,114.4,0.467089,0.294859,3.9318,0.8819
1211,-100,-110.0,40,3.5,12.0,-48.49,12.404,-98,2.61,116.76,0.449049,0.263453,2.3991,0.9378
1209,-100,-110.0,40,3.5,11.0,-48.98,11.3667,-100,2.73,116.93,0.46246,0.259838,1.5681,0.9526
1210,-100,-110.0,40,3.5,11.5,-48.5,11.875,-96,7.73,110.75,0.508135,0.354757,8.4346,0.8107
1212,-100,-110.0,40,3.5,12.5,-49.54,12.9515,-98,4.26,114.94,0.442718,0.289669,5.0629,0.8575
1213,-100,-110.0,40,3.5,13.0,-49.03,13.1922,-100,2.32,117.35,0.45888,0.249624,2.2451,0.9358
1214,-100,-110.0,40,3.5,13.5,-48.76,13.7519,-100,7.15,111.55,0.524629,0.343003,6.6702,0.8445
1216,-100,-110.0,40,3.75,1.0,-45.71,3.8757,-55,7.7,110.82,0.497539,0.352482,9.0257,0.7787
1215,-100,-110.0,40,3.5,14.0,-49.2,14.4125,-100,3.32,116.04,0.438781,0.28255,4.9666,0.8678
1217,-100,-110.0,40,3.75,1.5,-45.8,3.3872,-55,2.9,116.66,0.427093,0.253988,1.9281,0.9485
1218,-100,-110.0,40,3.75,2.0,-46.08,4.1906,-58,2.15,117.47,0.425592,0.233303,1.1318,0.9593
1219,-100,-110.0,40,3.75,2.5,-45.42,3.957,-59,4.92,114.29,0.473544,0.305708,5.6538,0.8421
1220,-100,-110.0,40,3.75,3.0,-44.41,4.3408,-60,3.37,115.89,0.445172,0.273961,2.8379,0.9259
1221,-100,-110.0,40,3.75,3.5,-45.42,4.8943,-62,2.54,116.89,0.439853,0.256271,2.382,0.9295
1224,-100,-110.0,40,3.75,5.0,-45.0,5.7163,-69,4.67,114.38,0.449863,0.291767,3.3725,0.9107
1222,-100,-110.0,40,3.75,4.0,-46.18,4.9414,-65,0.94,118.88,0.3718,0.188374,0.4366,0.9834
1223,-100,-110.0,40,3.75,4.5,-45.41,5.4364,-67,3.63,115.66,0.467277,0.275635,3.5414,0.899
1225,-100,-110.0,40,3.75,5.5,-45.24,7.1985,-70,4.6,114.39,0.496932,0.302812,3.5601,0.8982
1226,-100,-110.0,40,3.75,6.0,-44.76,6.4063,-74,1.75,117.84,0.429787,0.23605,1.7664,0.949
1227,-100,-110.0,40,3.75,6.5,-45.37,7.0749,-73,4.25,114.94,0.464343,0.284279,4.1519,0.8844
1228,-100,-110.0,40,3.75,7.0,-45.26,7.5156,-74,2.04,117.73,0.405381,0.244077,1.7727,0.9472
1229,-100,-110.0,40,3.75,7.5,-45.39,7.9407,-78,3.76,115.49,0.461591,0.273838,5.236,0.8586
1230,-100,-110.0,40,3.75,8.0,-44.73,8.5759,-76,4.69,114.4,0.447533,0.309624,7.4217,0.8051
1231,-100,-110.0,40,3.75,8.5,-45.06,9.2141,-79,1.97,117.64,0.422704,0.226956,1.3553,0.9575
1232,-100,-110.0,40,3.75,9.0,-44.99,9.5245,-82,4.23,114.91,0.441705,0.292219,6.2243,0.8332
1235,-100,-110.0,40,3.75,10.5,-45.3,10.7457,-85,6.2,112.59,0.485528,0.329364,6.333,0.8397
1234,-100,-110.0,40,3.75,10.0,-44.97,10.4601,-86,1.06,118.74,0.426836,0.222807,0.6482,0.978
1233,-100,-110.0,40,3.75,9.5,-45.49,10.142,-88,1.54,118.3,0.403997,0.21766,0.7835,0.9732
1236,-100,-110.0,40,3.75,11.0,-45.73,11.6039,-90,1.64,118.08,0.410738,0.224694,1.0715,0.9681
1237,-100,-110.0,40,3.75,11.5,-46.16,11.9712,-94,3.41,115.93,0.452934,0.261141,3.0986,0.9104
1240,-100,-110.0,40,3.75,13.0,-45.25,13.7476,-97,3.4,115.99,0.421649,0.268592,4.8146,0.8702
1238,-100,-110.0,40,3.75,12.0,-45.39,12.4163,-95,3.4,115.86,0.463639,0.274681,3.6939,0.8971
1239,-100,-110.0,40,3.75,12.5,-45.43,12.9404,-98,3.16,116.19,0.443057,0.2609,2.3766,0.9351
1241,-100,-110.0,40,3.75,13.5,-45.38,14.2941,-99,1.75,118.01,0.418397,0.23089,1.4492,0.9537
1242,-100,-110.0,40,3.75,14.0,-44.98,14.3011,-100,3.47,116.0,0.470536,0.278625,4.2215,0.8822
1243,-100,-110.0,40,4.0,1.0,-42.09,3.6797,-51,2.45,117.12,0.440319,0.24441,1.2751,0.9644
1244,-100,-110.0,40,4.0,1.5,-41.79,4.1655,-54,4.53,114.64,0.482004,0.301547,5.63,0.8481
1247,-100,-110.0,40,4.0,3.0,-42.15,4.1852,-58,5.01,114.15,0.491373,0.314748,3.9589,0.8933
1246,-100,-110.0,40,4.0,2.5,-41.76,4.5541,-58,4.23,114.92,0.452916,0.282093,4.7032,0.8671
1245,-100,-110.0,40,4.0,2.0,-41.99,4.4807,-56,2.45,117.01,0.435176,0.242919,1.5455,0.9513
1248,-100,-110.0,40,4.0,3.5,-41.4,4.5763,-57,2.83,116.67,0.455515,0.256409,2.0275,0.9421
1249,-100,-110.0,40,4.0,4.0,-41.69,5.5174,-62,1.8,117.91,0.411403,0.217358,1.3743,0.9633
1250,-100,-110.0,40,4.0,4.5,-40.9,5.3178,-61,5.27,113.84,0.491186,0.313942,5.2593,0.8727
1252,-100,-110.0,40,4.0,5.5,-41.37,6.4362,-64,2.02,117.65,0.422091,0.226289,0.8394,0.9705
1251,-100,-110.0,40,4.0,5.0,-41.54,6.1965,-65,1.78,117.73,0.439064,0.236805,0.5179,0.9747
1253,-100,-110.0,40,4.0,6.0,-40.75,6.798,-72,2.48,117.16,0.42341,0.254629,2.1941,0.9447
1254,-100,-110.0,40,4.0,6.5,-42.21,7.1807,-71,2.09,117.61,0.43162,0.242571,1.377,0.9526
1255,-100,-110.0,40,4.0,7.0,-41.46,7.7125,-73,3.72,115.74,0.471001,0.277771,3.5761,0.8935
1256,-100,-110.0,40,4.0,7.5,-42.03,8.1205,-75,2.61,116.93,0.413367,0.250125,2.9022,0.9177
1258,-100,-110.0,40,4.0,8.5,-42.32,9.332,-76,6.98,111.78,0.53358,0.356894,7.5442,0.7901
1257,-100,-110.0,40,4.0,8.0,-41.38,8.4691,-75,7.48,111.15,0.543933,0.362289,7.3835,0.7924
1259,-100,-110.0,40,4.0,9.0,-41.44,9.6304,-78,2.11,117.55,0.439248,0.248785,1.6237,0.9578
1260,-100,-110.0,40,4.0,9.5,-41.62,9.8863,-79,2.02,117.63,0.415008,0.228728,1.9055,0.9421
1261,-100,-110.0,40,4.0,10.0,-41.03,10.4661,-82,3.47,115.9,0.468051,0.266075,2.9209,0.9134
1262,-100,-110.0,40,4.0,10.5,-41.83,11.1718,-87,3.55,115.8,0.437888,0.268901,4.915,0.8667
1263,-100,-110.0,40,4.0,11.0,-42.48,11.4026,-89,3.73,115.63,0.49714,0.275195,3.7022,0.8912
1264,-100,-110.0,40,4.0,11.5,-41.54,11.9452,-90,3.63,115.79,0.483293,0.285399,4.9483,0.8651
1265,-100,-110.0,40,4.0,12.0,-41.91,12.5836,-92,2.55,117.19,0.452792,0.259088,2.6904,0.923
1266,-100,-110.0,40,4.0,12.5,-41.99,13.0277,-91,2.36,117.13,0.44476,0.240249,1.5479,0.955
1270,-100,-110.0,40,4.25,1.0,-37.87,4.1511,-47,7.45,111.08,0.524971,0.352597,7.4854,0.82
1267,-100,-110.0,40,4.0,13.0,-42.0,13.4166,-91,2.47,117.17,0.431449,0.253325,1.7012,0.9477
1268,-100,-110.0,40,4.0,13.5,-41.67,13.9196,-97,1.7,117.98,0.402336,0.219347,1.3471,0.9567
1269,-100,-110.0,40,4.0,14.0,-41.66,14.2689,-96,1.34,118.51,0.399668,0.211855,0.3056,0.9812
1271,-100,-110.0,40,4.25,1.5,-37.71,4.6251,-49,2.27,117.44,0.433807,0.240195,1.4672,0.9553
1273,-100,-110.0,40,4.25,2.5,-37.97,4.8198,-54,4.16,115.1,0.450063,0.282244,5.355,0.8526
1274,-100,-110.0,40,4.25,3.0,-37.78,4.707,-52,12.43,105.18,0.594314,0.455503,12.7177,0.7016
1272,-100,-110.0,40,4.25,2.0,-38.43,4.1415,-51,1.45,118.21,0.401943,0.215522,1.3835,0.9593
1276,-100,-110.0,40,4.25,4.0,-38.57,4.9849,-58,4.16,115.15,0.459184,0.29069,4.085,0.8823
1275,-100,-110.0,40,4.25,3.5,-38.27,5.3879,-60,2.22,117.46,0.428403,0.235561,1.3055,0.9609
1277,-100,-110.0,40,4.25,4.5,-38.23,5.6104,-58,1.19,118.68,0.414673,0.21041,0.6031,0.9762
1278,-100,-110.0,40,4.25,5.0,-38.12,6.0121,-63,1.8,117.89,0.427821,0.234039,0.9456,0.9678
1280,-100,-110.0,40,4.25,6.0,-38.12,6.8048,-65,1.19,118.46,0.435799,0.220978,0.5391,0.9816
1282,-100,-110.0,40,4.25,7.0,-38.17,8.1607,-70,6.0,112.82,0.526408,0.337093,7.1051,0.811
1279,-100,-110.0,40,4.25,5.5,-37.72,6.2318,-63,3.32,116.04,0.448527,0.270566,2.726,0.9293
1281,-100,-110.0,40,4.25,6.5,-37.66,7.3985,-65,3.75,115.54,0.46995,0.28523,5.4778,0.8532
1283,-100,-110.0,40,4.25,7.5,-38.33,8.1211,-71,1.7,117.97,0.432853,0.225397,0.8435,0.9677
1284,-100,-110.0,40,4.25,8.0,-37.95,8.8709,-76,1.85,117.91,0.426183,0.231073,1.1402,0.9591
1285,-100,-110.0,40,4.25,8.5,-38.21,9.2824,-71,1.99,117.67,0.399012,0.227714,1.8482,0.9445
1286,-100,-110.0,40,4.25,9.0,-38.12,9.5081,-81,2.01,117.61,0.437406,0.247159,1.1866,0.9577
1287,-100,-110.0,40,4.25,9.5,-38.04,9.9047,-77,1.99,117.76,0.428266,0.235333,0.9456,0.9682
1289,-100,-110.0,40,4.25,10.5,-38.32,11.0853,-89,2.15,117.5,0.425859,0.233542,1.1213,0.9614
1288,-100,-110.0,40,4.25,10.0,-38.03,10.4858,-79,1.04,118.84,0.419643,0.204993,0.3638,0.9834
1290,-100,-110.0,40,4.25,11.0,-38.33,11.7502,-87,2.5,117.06,0.431166,0.248073,1.9804,0.9407
1294,-100,-110.0,40,4.25,13.0,-38.1,13.5485,-94,5.89,113.13,0.518279,0.325003,5.5704,0.8626
1291,-100,-110.0,40,4.25,11.5,-38.31,12.0785,-82,1.99,117.73,0.424187,0.231805,1.6937,0.9519
1292,-100,-110.0,40,4.25,12.0,-38.09,12.3841,-93,2.16,117.51,0.445841,0.239745,1.2062,0.9613
1293,-100,-110.0,40,4.25,12.5,-37.76,12.9115,-89,2.33,117.24,0.414862,0.246997,1.7843,0.9551
1295,-100,-110.0,40,4.25,13.5,-37.78,13.8879,-94,1.98,117.69,0.44594,0.23199,1.265,0.9566
1296,-100,-110.0,40,4.25,14.0,-37.82,14.5073,-91,3.18,116.24,0.478509,0.284838,4.4711,0.8799
1298,-100,-110.0,40,4.5,1.5,-34.56,4.0777,-46,1.03,118.81,0.401953,0.211366,0.3659,0.9855
1297,-100,-110.0,40,4.5,1.0,-34.51,4.6122,-44,2.85,116.55,0.477939,0.258373,1.8694,0.9392
1299,-100,-110.0,40,4.5,2.0,-34.39,3.7523,-46,2.75,116.74,0.439336,0.253871,1.7914,0.9508
1301,-100,-110.0,40,4.5,3.0,-34.61,4.5553,-51,3.09,116.3,0.437382,0.265063,3.3012,0.9154
1300,-100,-110.0,40,4.5,2.5,-34.34,5.2283,-49,3.71,115.45,0.471033,0.297477,4.8061,0.8707
1302,-100,-110.0,40,4.5,3.5,-34.28,5.1481,-52,4.17,115.08,0.450513,0.287342,4.9938,0.8606
1304,-100,-110.0,40,4.5,4.5,-34.5,5.6974,-55,7.54,110.99,0.508008,0.353864,7.2037,0.8074
1303,-100,-110.0,40,4.5,4.0,-34.61,5.6693,-55,3.27,116.11,0.420155,0.262791,5.2147,0.863
1305,-100,-110.0,40,4.5,5.0,-34.51,6.3074,-60,1.47,118.32,0.411449,0.214424,1.1835,0.9626
1306,-100,-110.0,40,4.5,5.5,-33.64,6.3253,-56,2.7,116.86,0.457323,0.246462,2.3459,0.9277
1307,-100,-110.0,40,4.5,6.0,-34.05,6.8129,-62,2.01,117.68,0.420415,0.22959,1.2683,0.963
1309,-100,-110.0,40,4.5,7.0,-34.3,7.8667,-66,3.81,115.31,0.439261,0.283064,6.0122,0.8422
1308,-100,-110.0,40,4.5,6.5,-34.38,7.3937,-64,1.58,118.19,0.402242,0.224926,1.2508,0.96
1311,-100,-110.0,40,4.5,8.0,-34.5,8.9016,-68,1.69,118.04,0.416141,0.226065,1.5917,0.9544
1310,-100,-110.0,40,4.5,7.5,-35.24,8.2439,-71,2.59,116.96,0.444048,0.247657,1.7858,0.9438
1312,-100,-110.0,40,4.5,8.5,-33.93,9.4864,-69,1.84,117.78,0.419825,0.224925,1.517,0.9542
1313,-100,-110.0,40,4.5,9.0,-34.81,9.6487,-72,2.2,117.44,0.474526,0.269741,1.7813,0.9504
1314,-100,-110.0,40,4.5,9.5,-35.43,10.3456,-75,8.62,109.76,0.537846,0.373548,11.4218,0.6973
1315,-100,-110.0,40,4.5,10.0,-34.02,10.6182,-79,3.83,115.47,0.435474,0.282372,4.5792,0.8738
1316,-100,-110.0,40,4.5,10.5,-35.17,11.1565,-81,3.66,115.61,0.460828,0.278023,3.7857,0.8993
1317,-100,-110.0,40,4.5,11.0,-34.77,11.5444,-94,3.15,116.28,0.448764,0.262528,4.0141,0.8914
1318,-100,-110.0,40,4.5,11.5,-34.2,12.1577,-83,5.53,113.38,0.478357,0.325528,5.1256,0.877
1319,-100,-110.0,40,4.5,12.0,-34.33,12.4625,-82,5.1,113.95,0.450766,0.297842,4.5207,0.8844
1320,-100,-110.0,40,4.5,12.5,-34.71,13.2133,-83,1.73,117.89,0.464463,0.235731,1.3957,0.9621
1321,-100,-110.0,40,4.5,13.0,-35.15,13.4822,-86,1.27,118.45,0.406452,0.210654,1.0348,0.9692
1322,-100,-110.0,40,4.5,13.5,-34.73,13.8542,-91,4.64,114.59,0.465094,0.297112,5.4838,0.847
1323,-100,-110.0,40,4.5,14.0,-34.62,14.463,-90,1.09,118.76,0.378835,0.205029,0.4808,0.9841
1324,-100,-110.0,40,4.75,1.0,-30.44,4.2524,-40,1.36,118.51,0.400036,0.217205,0.718,0.9761
1325,-100,-110.0,40,4.75,1.5,-29.85,4.9934,-41,8.14,110.17,0.505187,0.373493,9.2847,0.7548
1326,-100,-110.0,40,4.75,2.0,-31.04,4.4614,-43,1.43,118.22,0.430378,0.221665,1.1846,0.9626
1327,-100,-110.0,40,4.75,2.5,-31.3,4.8584,-46,1.75,117.94,0.410864,0.22318,1.3249,0.9643
1328,-100,-110.0,40,4.75,3.0,-31.62,4.9708,-47,2.4,117.08,0.430098,0.249281,0.99,0.9686
1329,-100,-110.0,40,4.75,3.5,-31.14,5.1785,-49,1.39,118.41,0.403805,0.208335,0.6178,0.9756
1331,-100,-110.0,40,4.75,4.5,-31.02,5.7313,-51,4.31,114.82,0.452316,0.2878,4.3313,0.8808
1330,-100,-110.0,40,4.75,4.0,-31.53,5.4311,-52,1.34,118.56,0.418275,0.225142,0.599,0.9754
1332,-100,-110.0,40,4.75,5.0,-30.76,6.4612,-53,1.46,118.2,0.426768,0.226973,1.1352,0.9716
1333,-100,-110.0,40,4.75,5.5,-30.72,6.611,-60,2.91,116.5,0.433451,0.258311,3.9996,0.8916
1335,-100,-110.0,40,4.75,6.5,-31.37,8.0002,-63,1.78,117.91,0.455024,0.238541,1.0562,0.9688
1334,-100,-110.0,40,4.75,6.0,-30.73,7.1311,-63,1.78,117.91,0.411461,0.224192,1.2205,0.9668
1337,-100,-110.0,40,4.75,7.5,-31.0,8.4686,-62,5.65,113.29,0.47254,0.311794,5.6655,0.8421
1336,-100,-110.0,40,4.75,7.0,-30.73,7.6064,-60,1.75,117.98,0.40992,0.226351,1.1296,0.9662
1338,-100,-110.0,40,4.75,8.0,-30.47,8.9864,-66,3.73,115.69,0.455448,0.270133,4.6078,0.8707
1339,-100,-110.0,40,4.75,8.5,-31.46,9.6049,-69,9.97,108.17,0.54095,0.386316,10.7846,0.7051
1340,-100,-110.0,40,4.75,9.0,-31.97,9.6334,-73,3.81,115.48,0.431992,0.271637,4.9479,0.8664
1343,-100,-110.0,40,4.75,10.5,-30.63,11.1066,-80,6.84,111.77,0.496952,0.340713,7.1041,0.8433
1341,-100,-110.0,40,4.75,9.5,-29.86,10.4782,-68,1.44,118.35,0.403095,0.21092,0.9246,0.9681
1342,-100,-110.0,40,4.75,10.0,-31.23,10.9033,-74,1.85,117.86,0.450338,0.255575,1.1093,0.9672
1345,-100,-110.0,40,4.75,11.5,-30.58,12.0837,-80,4.29,114.84,0.442077,0.28348,4.492,0.8754
1347,-100,-110.0,40,4.75,12.5,-31.55,13.0253,-85,4.45,114.85,0.483221,0.294684,4.894,0.8624
1344,-100,-110.0,40,4.75,11.0,-31.37,11.6253,-75,3.21,116.26,0.447199,0.253142,2.2624,0.938
1346,-100,-110.0,40,4.75,12.0,-31.13,12.624,-84,1.11,118.64,0.441678,0.219772,1.0847,0.971
1348,-100,-110.0,40,4.75,13.0,-30.83,13.7871,-92,3.85,115.5,0.473373,0.27791,4.6893,0.87
1349,-100,-110.0,40,4.75,13.5,-30.72,13.9368,-88,4.57,114.53,0.454775,0.300918,5.1574,0.855
1350,-100,-110.0,40,4.75,14.0,-30.45,14.5281,-95,4.99,114.03,0.490838,0.300442,4.5016,0.8736
1351,-100,-110.0,40,5.0,1.0,-26.8,3.9356,-36,1.13,118.81,0.384431,0.213829,0.582,0.9794
1352,-100,-110.0,40,5.0,1.5,-27.67,3.8991,-38,2.97,116.48,0.455341,0.265335,3.9936,0.8925
1353,-100,-110.0,40,5.0,2.0,-26.95,4.4094,-40,7.03,111.55,0.50964,0.355317,7.3231,0.8248
1354,-100,-110.0,40,5.0,2.5,-27.45,4.6188,-43,4.87,114.07,0.47227,0.308435,5.5278,0.8453
1355,-100,-110.0,40,5.0,3.0,-26.83,5.334,-42,1.23,118.71,0.421534,0.226643,0.6366,0.9758
1357,-100,-110.0,40,5.0,4.0,-26.97,5.9503,-50,4.23,115.06,0.455591,0.290825,4.9549,0.8613
1358,-100,-110.0,40,5.0,4.5,-28.12,5.923,-50,6.07,112.67,0.490558,0.333917,7.5702,0.7928
1356,-100,-110.0,40,5.0,3.5,-27.64,5.4831,-46,3.89,115.27,0.465247,0.302846,6.3339,0.8346
1359,-100,-110.0,40,5.0,5.0,-28.0,6.1016,-51,2.24,117.45,0.438002,0.253458,1.3748,0.9593
1360,-100,-110.0,40,5.0,5.5,-27.24,6.7401,-53,3.19,116.26,0.462998,0.258602,3.6162,0.9027
1361,-100,-110.0,40,5.0,6.0,-27.41,7.1357,-56,2.16,117.5,0.430222,0.237816,1.4172,0.9584
1362,-100,-110.0,40,5.0,6.5,-27.55,7.7872,-57,1.41,118.43,0.411419,0.219066,0.5343,0.9754
1365,-100,-110.0,40,5.0,8.0,-27.58,8.9605,-62,4.07,115.2,0.447522,0.281633,4.7706,0.8743
1363,-100,-110.0,40,5.0,7.0,-28.14,8.3492,-59,1.64,118.11,0.401212,0.233999,1.0371,0.9696
1364,-100,-110.0,40,5.0,7.5,-27.17,8.3884,-60,3.94,115.29,0.513818,0.288329,3.0782,0.916
1366,-100,-110.0,40,5.0,8.5,-27.88,9.338,-62,6.37,112.39,0.487589,0.334686,5.9448,0.8465
1367,-100,-110.0,40,5.0,9.0,-27.03,9.7633,-71,1.21,118.49,0.399945,0.209003,0.5495,0.9794
1370,-100,-110.0,40,5.0,10.5,-27.37,11.3217,-70,4.97,114.21,0.460235,0.298311,4.9544,0.8602
1368,-100,-110.0,40,5.0,9.5,-27.59,10.1236,-70,1.27,118.54,0.401612,0.222381,1.2693,0.962
1369,-100,-110.0,40,5.0,10.0,-27.48,10.8353,-75,3.99,115.35,0.474092,0.293967,3.6222,0.9128
1371,-100,-110.0,40,5.0,11.0,-27.18,11.61,-71,1.5,118.13,0.398477,0.218798,1.2862,0.9611
1372,-100,-110.0,40,5.0,11.5,-27.78,12.1805,-74,4.12,115.0,0.44605,0.286303,4.626,0.873
1373,-100,-110.0,40,5.0,12.0,-26.91,12.5305,-83,6.36,112.37,0.490734,0.326776,6.9688,0.8305
1374,-100,-110.0,40,5.0,12.5,-27.14,12.9888,-79,6.41,112.33,0.498133,0.332314,5.6029,0.8479
1375,-100,-110.0,40,5.0,13.0,-28.18,13.5664,-90,3.63,115.59,0.455769,0.28776,5.6929,0.8501
1376,-100,-110.0,40,5.0,13.5,-27.4,13.9243,-83,1.89,117.81,0.414352,0.221922,1.1865,0.9634
1377,-100,-110.0,40,5.0,14.0,-26.28,14.394,-92,1.58,118.07,0.414307,0.220992,1.3181,0.9606
1378,-100,-105.0,40,1.0,1.0,-85.69,1.6131,-91,4.32,115.0,0.507539,0.296573,3.7131,0.8862
1379,-100,-105.0,40,1.0,1.5,-84.8,2.3238,-93,4.63,114.46,0.444397,0.301592,7.8056,0.7976
1381,-100,-105.0,40,1.0,2.5,-84.71,2.7418,-96,6.06,112.77,0.496307,0.320744,5.6589,0.8553
1380,-100,-105.0,40,1.0,2.0,-84.78,2.674,-93,5.19,113.81,0.47758,0.306607,6.5881,0.8193
1382,-100,-105.0,40,1.0,3.0,-84.61,3.2422,-97,3.44,115.95,0.467479,0.272403,2.7297,0.921
1383,-100,-105.0,40,1.0,3.5,-85.15,3.827,-100,3.5,115.83,0.498336,0.283695,4.4015,0.8787
1384,-100,-105.0,40,1.0,4.0,-85.2,4.1646,-100,4.76,114.42,0.476075,0.30272,5.5454,0.8539
1385,-100,-105.0,40,1.0,4.5,-85.07,4.8084,-100,3.56,115.64,0.469687,0.273906,1.9792,0.9383
1386,-100,-105.0,40,1.0,5.0,-85.1,5.3687,-100,2.98,116.52,0.434916,0.257854,2.8557,0.9145
1387,-100,-105.0,40,1.0,5.5,-85.43,5.6504,-100,1.81,117.76,0.445285,0.235611,0.5188,0.9753
1388,-100,-105.0,40,1.0,6.0,-84.98,6.041,-100,1.6,118.05,0.402255,0.221538,0.4169,0.976
1389,-100,-105.0,40,1.0,6.5,-85.26,6.6259,-100,1.4,118.42,0.418504,0.209431,0.7924,0.9734
1390,-100,-105.0,40,1.0,7.0,-84.32,7.0698,-100,5.09,113.84,0.498974,0.310636,4.1215,0.8895
1391,-100,-105.0,40,1.0,7.5,-84.87,7.4195,-100,3.07,116.33,0.461812,0.267218,2.4478,0.9289
1392,-100,-105.0,40,1.0,8.0,-84.87,7.9167,-100,4.08,115.18,0.453632,0.279316,4.6545,0.8734
1393,-100,-105.0,40,1.0,8.5,-84.81,8.274,-100,4.53,114.58,0.484468,0.288317,3.5204,0.903
1394,-100,-105.0,40,1.0,9.0,-84.78,8.7077,-100,2.79,116.51,0.46097,0.265193,1.9922,0.9407
1395,-100,-105.0,40,1.0,9.5,-84.65,9.0668,-100,7.03,111.6,0.541488,0.34088,7.0277,0.8186
1396,-100,-105.0,40,1.0,10.0,-84.47,9.4664,-100,4.11,115.14,0.470738,0.276239,4.1825,0.879
1397,-100,-105.0,40,1.0,10.5,-84.96,9.8231,-100,10.83,107.15,0.616316,0.40908,11.5007,0.6981
1398,-100,-105.0,40,1.0,11.0,-84.88,10.1096,-100,3.73,115.66,0.517351,0.272119,1.2371,0.9407
1401,-100,-105.0,40,1.0,12.5,-84.49,11.299,-100,6.15,112.6,0.536406,0.310948,4.7684,0.8559
1399,-100,-105.0,40,1.0,11.5,-83.83,10.7233,-100,5.02,114.06,0.515765,0.303602,4.1574,0.8852
1400,-100,-105.0,40,1.0,12.0,-83.92,11.0801,-100,4.8,114.3,0.493795,0.293989,3.6116,0.8805
1403,-100,-105.0,40,1.0,13.5,-84.22,11.9496,-100,11.66,106.07,0.607313,0.402548,8.4389,0.7996
1402,-100,-105.0,40,1.0,13.0,-83.95,11.7193,-100,4.38,114.65,0.49689,0.284692,2.6076,0.923
1404,-100,-105.0,40,1.0,14.0,-83.63,12.4221,-100,7.81,110.62,0.549393,0.362854,9.3364,0.7412
1405,-100,-105.0,40,1.25,1.0,-81.85,1.4952,-87,4.19,114.88,0.478465,0.299544,6.5873,0.8265
1406,-100,-105.0,40,1.25,1.5,-81.72,2.4833,-91,2.97,116.62,0.468618,0.26277,2.173,0.9271
1407,-100,-105.0,40,1.25,2.0,-81.17,2.212,-90,2.52,116.98,0.440602,0.251026,1.5625,0.9541
1408,-100,-105.0,40,1.25,2.5,-81.39,2.5872,-92,5.5,113.33,0.494662,0.315372,6.0948,0.8319
1409,-100,-105.0,40,1.25,3.0,-81.62,3.4876,-94,1.66,118.18,0.43873,0.234089,0.62,0.974
1410,-100,-105.0,40,1.25,3.5,-81.3,3.8455,-98,4.7,114.53,0.463103,0.298099,5.3271,0.8506
1411,-100,-105.0,40,1.25,4.0,-81.67,4.3184,-98,4.07,115.25,0.46527,0.296136,5.3838,0.8532
1414,-100,-105.0,40,1.25,5.5,-81.58,5.7448,-100,1.93,117.61,0.43013,0.239262,0.8724,0.9688
1412,-100,-105.0,40,1.25,4.5,-81.62,4.8394,-100,3.23,116.27,0.479992,0.275899,2.6965,0.9289
1415,-100,-105.0,40,1.25,6.0,-80.74,6.1691,-100,6.34,112.4,0.50414,0.330355,6.6872,0.8375
1413,-100,-105.0,40,1.25,5.0,-81.88,5.3423,-100,2.46,117.09,0.422694,0.25031,2.4159,0.9289
1416,-100,-105.0,40,1.25,6.5,-81.68,6.6145,-100,3.45,115.85,0.441505,0.274904,4.7393,0.8714
1417,-100,-105.0,40,1.25,7.0,-81.18,7.2722,-100,2.13,117.49,0.430193,0.242105,1.5611,0.9493
1419,-100,-105.0,40,1.25,8.0,-81.15,8.0393,-100,9.46,108.63,0.550148,0.397546,9.6269,0.7663
1420,-100,-105.0,40,1.25,8.5,-81.26,8.531,-100,5.1,113.98,0.481617,0.305164,4.0514,0.9007
1418,-100,-105.0,40,1.25,7.5,-81.54,7.6374,-100,2.41,117.14,0.47777,0.24502,1.6948,0.9515
1421,-100,-105.0,40,1.25,9.0,-81.12,9.0631,-100,8.52,109.84,0.531734,0.391852,11.0352,0.7007
1422,-100,-105.0,40,1.25,9.5,-82.0,9.3723,-100,2.09,117.67,0.448446,0.254362,1.5788,0.9593
1424,-100,-105.0,40,1.25,10.5,-81.89,10.2069,-100,6.05,112.88,0.49292,0.326609,7.6999,0.7881
1423,-100,-105.0,40,1.25,10.0,-81.56,9.7919,-100,3.97,115.23,0.489642,0.284591,3.3102,0.9018
1425,-100,-105.0,40,1.25,11.0,-80.88,10.7009,-100,4.96,114.13,0.506913,0.310793,5.3408,0.8481
1426,-100,-105.0,40,1.25,11.5,-80.72,11.0886,-100,2.95,116.57,0.435609,0.250529,2.1396,0.9421
1427,-100,-105.0,40,1.25,12.0,-80.9,11.5141,-100,2.88,116.64,0.459352,0.245638,1.7145,0.9468
1428,-100,-105.0,40,1.25,12.5,-80.98,11.852,-100,2.72,116.92,0.45312,0.252917,1.9689,0.9461
1432,-100,-105.0,40,1.5,1.0,-77.94,1.6462,-83,6.34,112.49,0.519909,0.34204,6.6317,0.8181
1429,-100,-105.0,40,1.25,13.0,-80.28,12.3449,-100,2.68,116.66,0.475648,0.25807,1.3854,0.9567
1430,-100,-105.0,40,1.25,13.5,-80.75,12.5536,-100,3.8,115.56,0.453451,0.27477,4.9497,0.864
1431,-100,-105.0,40,1.25,14.0,-80.99,12.9237,-100,4.12,115.13,0.4671,0.278359,3.7845,0.9089
1433,-100,-105.0,40,1.5,1.5,-77.83,2.2695,-86,8.49,109.8,0.510574,0.379688,10.365,0.7187
1434,-100,-105.0,40,1.5,2.0,-78.62,2.6496,-88,9.34,108.83,0.524912,0.403755,11.7162,0.6994
1436,-100,-105.0,40,1.5,3.0,-78.56,3.2553,-92,4.98,114.2,0.515083,0.325575,6.0031,0.8324
1435,-100,-105.0,40,1.5,2.5,-78.58,3.1361,-91,2.59,116.98,0.435925,0.248005,1.7016,0.9468
1437,-100,-105.0,40,1.5,3.5,-77.98,3.676,-92,1.92,117.74,0.442155,0.23187,2.2823,0.938
1439,-100,-105.0,40,1.5,4.5,-78.49,4.8113,-96,2.1,117.55,0.421316,0.238063,1.2024,0.9565
1438,-100,-105.0,40,1.5,4.0,-78.09,4.3547,-96,3.81,115.41,0.459167,0.27985,5.4056,0.8541
1440,-100,-105.0,40,1.5,5.0,-78.21,5.3457,-100,2.62,116.88,0.434494,0.254473,2.337,0.9437
1441,-100,-105.0,40,1.5,5.5,-77.58,5.6815,-100,3.11,116.41,0.471384,0.273229,2.133,0.9405
1442,-100,-105.0,40,1.5,6.0,-77.54,6.1523,-100,1.46,118.3,0.395119,0.20877,1.195,0.9635
1443,-100,-105.0,40,1.5,6.5,-77.37,6.57,-100,2.51,116.9,0.43939,0.256728,1.0209,0.9607
1444,-100,-105.0,40,1.5,7.0,-77.84,7.2239,-100,3.49,115.88,0.458441,0.268836,3.1924,0.9177
1445,-100,-105.0,40,1.5,7.5,-77.66,7.6237,-100,2.3,117.31,0.417382,0.236753,2.5592,0.9289
1446,-100,-105.0,40,1.5,8.0,-78.26,8.1859,-100,3.19,116.24,0.47445,0.266887,3.652,0.8961
1448,-100,-105.0,40,1.5,9.0,-78.48,9.2299,-100,4.03,115.31,0.455243,0.281148,2.3598,0.9385
1447,-100,-105.0,40,1.5,8.5,-77.86,8.6605,-100,3.93,115.37,0.467232,0.274118,3.779,0.9071
1449,-100,-105.0,40,1.5,9.5,-78.41,9.6428,-100,3.31,116.02,0.434281,0.25996,3.3329,0.9125
1451,-100,-105.0,40,1.5,10.5,-77.41,10.5065,-100,1.92,117.77,0.417151,0.226174,1.8392,0.9468
1450,-100,-105.0,40,1.5,10.0,-77.62,9.9746,-100,4.01,115.29,0.438977,0.279164,4.9469,0.8644
1452,-100,-105.0,40,1.5,11.0,-78.32,10.8054,-100,4.29,114.92,0.472552,0.287046,4.0222,0.8817
1455,-100,-105.0,40,1.5,12.5,-77.62,12.0987,-100,4.46,114.81,0.466965,0.294054,5.2794,0.8501
1453,-100,-105.0,40,1.5,11.5,-77.64,11.3346,-100,1.89,117.9,0.4206,0.230709,0.7402,0.968
1454,-100,-105.0,40,1.5,12.0,-77.13,11.9053,-100,2.66,116.93,0.42785,0.242948,2.2412,0.9315
1456,-100,-105.0,40,1.5,13.0,-77.86,12.5797,-100,3.58,115.8,0.463096,0.26942,2.9824,0.9167
1457,-100,-105.0,40,1.5,13.5,-77.43,12.981,-100,2.58,116.9,0.479511,0.252337,1.329,0.9565
1458,-100,-105.0,40,1.5,14.0,-77.31,13.3598,-100,6.42,112.4,0.483172,0.326318,5.7687,0.84
1459,-100,-105.0,40,1.75,1.0,-74.46,1.8484,-81,2.68,116.73,0.431508,0.254367,1.4451,0.955
1461,-100,-105.0,40,1.75,2.0,-74.57,2.7045,-84,2.14,117.36,0.406,0.225615,2.4222,0.9311
1460,-100,-105.0,40,1.75,1.5,-74.05,2.282,-81,2.09,117.56,0.428108,0.237903,1.8373,0.9452
1462,-100,-105.0,40,1.75,2.5,-73.76,2.8212,-85,1.41,118.42,0.398319,0.217938,0.7991,0.9745
1463,-100,-105.0,40,1.75,3.0,-74.14,3.8483,-89,2.13,117.46,0.402097,0.231804,1.7787,0.9446
1464,-100,-105.0,40,1.75,3.5,-73.22,4.0419,-88,3.11,116.49,0.466078,0.259805,1.8945,0.9351
1465,-100,-105.0,40,1.75,4.0,-74.06,4.3931,-91,6.21,112.61,0.495978,0.340248,7.8083,0.7848
1466,-100,-105.0,40,1.75,4.5,-74.78,4.7361,-92,1.97,117.85,0.438402,0.245727,1.0016,0.9653
1467,-100,-105.0,40,1.75,5.0,-74.86,5.3541,-97,1.21,118.56,0.414279,0.209185,0.634,0.9781
1468,-100,-105.0,40,1.75,5.5,-73.94,5.6213,-100,3.48,115.79,0.442225,0.263512,2.5925,0.9293
1469,-100,-105.0,40,1.75,6.0,-74.22,6.2004,-100,2.1,117.53,0.424833,0.228217,1.9004,0.9519
1470,-100,-105.0,40,1.75,6.5,-73.98,6.6884,-98,6.67,112.16,0.480767,0.32468,7.8448,0.8067
1471,-100,-105.0,40,1.75,7.0,-74.17,7.3591,-100,3.96,115.32,0.457258,0.28228,3.3951,0.9113
1472,-100,-105.0,40,1.75,7.5,-74.55,7.627,-100,7.17,111.44,0.515279,0.346371,8.4146,0.7666
1473,-100,-105.0,40,1.75,8.0,-73.78,8.1555,-100,3.93,115.29,0.461323,0.287644,5.0796,0.8593
1474,-100,-105.0,40,1.75,8.5,-73.34,8.544,-100,3.86,115.43,0.458575,0.287078,3.0887,0.9114
1476,-100,-105.0,40,1.75,9.5,-74.02,9.6239,-100,4.39,114.78,0.456979,0.298639,4.3622,0.8751
1475,-100,-105.0,40,1.75,9.0,-73.85,9.2335,-100,2.23,117.34,0.432493,0.232656,1.253,0.9618
1477,-100,-105.0,40,1.75,10.0,-73.48,10.2136,-100,6.1,112.69,0.482702,0.327633,6.2937,0.8563
1478,-100,-105.0,40,1.75,10.5,-74.08,10.5571,-100,1.6,118.22,0.417796,0.220411,0.3944,0.9803
1479,-100,-105.0,40,1.75,11.0,-73.8,11.0903,-100,3.15,116.29,0.475582,0.258476,2.8649,0.9143
1480,-100,-105.0,40,1.75,11.5,-74.22,11.413,-100,2.77,116.68,0.440981,0.243806,3.2978,0.9101
1481,-100,-105.0,40,1.75,12.0,-74.19,11.9523,-100,5.55,113.36,0.511276,0.325363,5.5382,0.8442
1482,-100,-105.0,40,1.75,12.5,-74.48,12.392,-100,2.4,117.14,0.452244,0.24997,1.3641,0.9554
1483,-100,-105.0,40,1.75,13.0,-74.51,12.9468,-100,5.95,112.86,0.488913,0.319788,6.0918,0.84
1484,-100,-105.0,40,1.75,13.5,-74.42,13.3965,-100,2.25,117.32,0.405976,0.237796,1.4661,0.951
1485,-100,-105.0,40,1.75,14.0,-74.47,13.6062,-100,5.82,113.11,0.527302,0.318803,4.3017,0.8743
1487,-100,-105.0,40,2.0,1.5,-70.17,2.1767,-78,4.62,114.55,0.458589,0.303574,6.1063,0.8324
1486,-100,-105.0,40,2.0,1.0,-70.73,2.5475,-79,2.03,117.57,0.429354,0.229595,1.1793,0.9648
1488,-100,-105.0,40,2.0,2.0,-70.9,2.8329,-83,3.29,116.12,0.453128,0.266144,2.6729,0.9217
1489,-100,-105.0,40,2.0,2.5,-70.79,2.9478,-82,5.83,113.07,0.506942,0.311024,5.7571,0.8366
1490,-100,-105.0,40,2.0,3.0,-70.57,3.453,-84,9.13,109.07,0.553781,0.394259,11.1323,0.7244
1492,-100,-105.0,40,2.0,4.0,-70.63,4.5216,-88,11.77,105.8,0.575928,0.433343,15.0688,0.6094
1491,-100,-105.0,40,2.0,3.5,-71.14,3.9948,-87,4.94,114.28,0.509898,0.300792,4.973,0.8662
1493,-100,-105.0,40,2.0,4.5,-70.47,4.9989,-92,4.19,115.07,0.448918,0.280986,4.7044,0.8676
1494,-100,-105.0,40,2.0,5.0,-70.46,5.2849,-92,3.88,115.42,0.476641,0.278418,1.7607,0.9418
1495,-100,-105.0,40,2.0,5.5,-71.2,5.8173,-95,1.4,118.47,0.411936,0.227869,0.1546,0.9834
1496,-100,-105.0,40,2.0,6.0,-70.67,6.2672,-94,3.82,115.33,0.449859,0.282689,5.2813,0.8563
1497,-100,-105.0,40,2.0,6.5,-70.98,6.6129,-97,1.77,118.02,0.466592,0.244225,1.0331,0.9632
1498,-100,-105.0,40,2.0,7.0,-70.38,7.2928,-99,9.23,109.12,0.553078,0.408314,11.3412,0.6973
1499,-100,-105.0,40,2.0,7.5,-69.94,7.654,-100,4.8,114.4,0.485167,0.313695,5.0634,0.8562
1500,-100,-105.0,40,2.0,8.0,-70.28,8.2208,-100,4.26,114.9,0.463822,0.286389,3.771,0.8969
1501,-100,-105.0,40,2.0,8.5,-70.39,8.557,-100,3.42,115.97,0.456847,0.266981,3.2154,0.9042
1502,-100,-105.0,40,2.0,9.0,-70.88,9.195,-100,2.56,116.86,0.460815,0.256839,1.9327,0.9423
1503,-100,-105.0,40,2.0,9.5,-70.49,9.6087,-100,2.31,117.35,0.428972,0.246067,1.813,0.9418
1504,-100,-105.0,40,2.0,10.0,-69.86,10.2231,-100,2.64,116.96,0.450972,0.263731,2.011,0.9475
1505,-100,-105.0,40,2.0,10.5,-70.88,10.6735,-100,3.98,115.29,0.478033,0.278739,3.5783,0.8931
1506,-100,-105.0,40,2.0,11.0,-71.45,11.1501,-100,3.17,116.15,0.45094,0.258011,2.4846,0.93
1507,-100,-105.0,40,2.0,11.5,-70.99,11.5552,-100,1.79,118.03,0.43931,0.234278,0.8836,0.9653
1508,-100,-105.0,40,2.0,12.0,-70.16,12.0902,-100,6.8,111.96,0.545027,0.344897,7.07,0.7993
1509,-100,-105.0,40,2.0,12.5,-70.49,12.5098,-100,4.05,115.3,0.463599,0.293527,3.4044,0.9078
1510,-100,-105.0,40,2.0,13.0,-70.06,13.1068,-100,2.23,117.54,0.412268,0.238744,0.8398,0.9638
1511,-100,-105.0,40,2.0,13.5,-69.95,13.545,-100,3.49,115.8,0.468337,0.275151,4.4322,0.8767
1512,-100,-105.0,40,2.0,14.0,-70.2,13.905,-100,1.58,118.18,0.398721,0.224062,1.5277,0.9537
1513,-100,-105.0,40,2.25,1.0,-66.76,2.6488,-74,2.11,117.48,0.41113,0.232537,2.2563,0.9342
1514,-100,-105.0,40,2.25,1.5,-67.07,2.1107,-75,1.74,117.96,0.409924,0.222956,1.1463,0.9598
1516,-100,-105.0,40,2.25,2.5,-67.13,3.1886,-78,4.03,115.19,0.462974,0.285157,3.3727,0.9074
1517,-100,-105.0,40,2.25,3.0,-66.66,3.6689,-83,6.91,111.74,0.514258,0.35261,6.5213,0.8153
1515,-100,-105.0,40,2.25,2.0,-67.24,2.9198,-79,2.74,116.69,0.448941,0.248658,1.5188,0.9457
1518,-100,-105.0,40,2.25,3.5,-67.14,3.9174,-83,7.57,111.0,0.539547,0.359462,8.5107,0.7841
1519,-100,-105.0,40,2.25,4.0,-66.99,4.2815,-85,3.89,115.29,0.454132,0.279015,4.8781,0.8644
1520,-100,-105.0,40,2.25,4.5,-66.52,5.0519,-85,2.34,117.15,0.448692,0.243967,1.1146,0.9631
1521,-100,-105.0,40,2.25,5.0,-67.39,5.4741,-91,5.74,113.17,0.503161,0.320094,5.1356,0.8727
1522,-100,-105.0,40,2.25,5.5,-66.08,5.9112,-92,2.24,117.29,0.452291,0.264909,2.5274,0.9293
1523,-100,-105.0,40,2.25,6.0,-67.12,6.3673,-90,3.97,115.23,0.465384,0.274985,3.3183,0.9072
1524,-100,-105.0,40,2.25,6.5,-67.24,6.9228,-93,3.9,115.35,0.467235,0.280491,3.7456,0.9016
1525,-100,-105.0,40,2.25,7.0,-67.3,7.4019,-98,3.83,115.47,0.444126,0.275383,4.1913,0.8805
1526,-100,-105.0,40,2.25,7.5,-67.92,7.8398,-100,2.29,117.24,0.458602,0.247482,1.0632,0.9654
1527,-100,-105.0,40,2.25,8.0,-66.95,8.488,-98,1.91,117.72,0.411435,0.229228,0.7837,0.968
1528,-100,-105.0,40,2.25,8.5,-66.35,8.6073,-100,1.37,118.37,0.380296,0.204392,1.0237,0.966
1529,-100,-105.0,40,2.25,9.0,-66.69,9.2505,-100,1.56,118.26,0.423279,0.241036,1.2578,0.9653
1530,-100,-105.0,40,2.25,9.5,-66.83,9.7467,-100,1.96,117.8,0.416265,0.233826,1.2006,0.9575
1531,-100,-105.0,40,2.25,10.0,-67.31,10.3371,-100,3.86,115.43,0.487831,0.279294,3.7539,0.8953
1532,-100,-105.0,40,2.25,10.5,-66.61,10.7053,-100,6.08,112.79,0.485828,0.331186,6.2758,0.8595
1534,-100,-105.0,40,2.25,11.5,-67.38,11.737,-100,2.36,117.14,0.441114,0.242562,2.2749,0.9349
1533,-100,-105.0,40,2.25,11.0,-66.06,11.2881,-100,1.38,118.44,0.389919,0.209201,1.2583,0.9613
1536,-100,-105.0,40,2.25,12.5,-67.28,12.6078,-100,2.27,117.32,0.42057,0.239513,1.3904,0.9555
1535,-100,-105.0,40,2.25,12.0,-67.37,12.1782,-100,7.14,111.54,0.527563,0.338552,8.1766,0.7953
1537,-100,-105.0,40,2.25,13.0,-67.58,13.0555,-100,1.93,117.73,0.424033,0.230128,1.6069,0.9606
1538,-100,-105.0,40,2.25,13.5,-67.77,13.5654,-100,2.99,116.46,0.430477,0.253094,3.8291,0.894
1540,-100,-105.0,40,2.5,1.0,-63.46,2.4263,-70,2.39,117.11,0.412537,0.239202,1.8596,0.9437
1541,-100,-105.0,40,2.5,1.5,-63.37,2.611,-73,3.99,115.21,0.46116,0.290164,4.4199,0.875
1539,-100,-105.0,40,2.25,14.0,-66.82,13.9829,-100,4.55,114.55,0.438328,0.294334,5.8306,0.8398
1544,-100,-105.0,40,2.5,3.0,-63.42,3.3104,-79,9.39,108.73,0.526365,0.406431,10.0808,0.7284
1542,-100,-105.0,40,2.5,2.0,-63.1,2.686,-73,1.58,118.16,0.462603,0.230741,0.3633,0.9798
1543,-100,-105.0,40,2.5,2.5,-64.08,3.1323,-76,1.72,118.09,0.415833,0.228436,1.1185,0.968
1545,-100,-105.0,40,2.5,3.5,-63.07,4.1222,-78,4.66,114.53,0.480603,0.328462,6.4289,0.8253
1548,-100,-105.0,40,2.5,5.0,-63.56,5.5198,-89,4.81,114.18,0.483359,0.296909,5.1762,0.866
1546,-100,-105.0,40,2.5,4.0,-63.14,4.175,-79,3.9,115.21,0.484307,0.285529,2.808,0.9071
1547,-100,-105.0,40,2.5,4.5,-62.92,4.8364,-81,4.76,114.36,0.465176,0.296521,4.8728,0.8635
1549,-100,-105.0,40,2.5,5.5,-63.72,5.8374,-86,4.82,114.37,0.447879,0.308531,5.3338,0.8523
1550,-100,-105.0,40,2.5,6.0,-63.07,6.2687,-86,4.64,114.42,0.45271,0.292822,4.1152,0.881
1553,-100,-105.0,40,2.5,7.5,-63.78,7.7388,-97,2.61,116.85,0.403894,0.238945,2.7676,0.9201
1551,-100,-105.0,40,2.5,6.5,-63.86,6.872,-90,2.39,117.17,0.414338,0.240719,2.0754,0.9412
1552,-100,-105.0,40,2.5,7.0,-63.43,7.3654,-93,3.41,115.99,0.450035,0.259911,4.2039,0.8833
1556,-100,-105.0,40,2.5,9.0,-63.44,9.3268,-100,7.41,111.14,0.512165,0.359612,8.1145,0.7773
1554,-100,-105.0,40,2.5,8.0,-63.59,8.2284,-97,1.34,118.32,0.423252,0.217978,0.6338,0.9761
1555,-100,-105.0,40,2.5,8.5,-63.33,8.8232,-95,3.05,116.59,0.463577,0.262454,2.2239,0.9378
1557,-100,-105.0,40,2.5,9.5,-63.14,9.7685,-100,1.65,117.94,0.425558,0.23488,1.1372,0.9639
1558,-100,-105.0,40,2.5,10.0,-63.97,10.237,-100,5.97,112.99,0.500602,0.333453,6.1594,0.8644
1559,-100,-105.0,40,2.5,10.5,-63.21,10.726,-100,3.76,115.53,0.426506,0.27107,5.6194,0.8503
1560,-100,-105.0,40,2.5,11.0,-64.51,11.3855,-100,2.74,116.64,0.437097,0.253404,3.4343,0.9044
1561,-100,-105.0,40,2.5,11.5,-62.78,11.62,-100,1.95,117.61,0.446345,0.235612,1.3844,0.9591
1562,-100,-105.0,40,2.5,12.0,-63.18,12.1254,-100,4.04,115.22,0.474261,0.287024,4.8279,0.864
1563,-100,-105.0,40,2.5,12.5,-63.09,12.5179,-100,3.97,115.28,0.460618,0.291888,4.5739,0.8721
1564,-100,-105.0,40,2.5,13.0,-62.75,13.198,-100,3.4,115.94,0.451095,0.266375,4.8692,0.8707
1565,-100,-105.0,40,2.5,13.5,-63.16,13.6542,-100,2.04,117.78,0.443002,0.249087,1.0022,0.9662
1567,-100,-105.0,40,2.75,1.0,-60.31,2.7895,-67,3.33,116.18,0.457868,0.287475,3.3557,0.9088
1568,-100,-105.0,40,2.75,1.5,-60.01,2.8018,-70,5.05,114.08,0.460136,0.308286,5.0948,0.8785
1566,-100,-105.0,40,2.5,14.0,-63.37,14.0871,-100,1.82,117.88,0.430921,0.230594,1.3023,0.9629
1569,-100,-105.0,40,2.75,2.0,-59.71,3.1106,-70,4.1,115.04,0.448008,0.288583,4.1166,0.8831
1570,-100,-105.0,40,2.75,2.5,-59.64,3.4191,-72,2.31,117.31,0.443209,0.241519,2.5071,0.9275
1572,-100,-105.0,40,2.75,3.5,-60.19,4.3671,-77,3.37,116.21,0.480264,0.280963,3.1717,0.9072
1571,-100,-105.0,40,2.75,3.0,-59.91,3.6688,-73,3.82,115.41,0.436814,0.27538,4.8873,0.8664
1573,-100,-105.0,40,2.75,4.0,-59.53,4.5729,-81,2.25,117.37,0.415662,0.239754,1.4031,0.9582
1575,-100,-105.0,40,2.75,5.0,-59.79,5.6239,-81,4.36,114.87,0.43661,0.288237,5.0818,0.8584
1574,-100,-105.0,40,2.75,4.5,-59.76,5.0923,-81,4.68,114.41,0.461875,0.298817,3.9791,0.9039
1576,-100,-105.0,40,2.75,5.5,-59.46,5.9591,-85,2.78,116.75,0.450067,0.253588,2.2845,0.9295
1577,-100,-105.0,40,2.75,6.0,-59.2,6.2659,-84,1.21,118.51,0.395801,0.212224,1.4133,0.9598
1579,-100,-105.0,40,2.75,7.0,-60.36,7.3742,-90,3.53,115.7,0.446843,0.27275,3.5482,0.9008
1578,-100,-105.0,40,2.75,6.5,-60.12,6.9733,-86,1.16,118.6,0.402948,0.209191,0.618,0.9772
1580,-100,-105.0,40,2.75,7.5,-60.23,7.7231,-100,2.07,117.64,0.437985,0.248027,1.6219,0.9579
1581,-100,-105.0,40,2.75,8.0,-60.08,8.188,-93,4.07,115.11,0.441963,0.278856,5.4806,0.8523
1583,-100,-105.0,40,2.75,9.0,-60.2,9.3667,-96,11.84,105.9,0.572271,0.483066,15.2632,0.5946
1582,-100,-105.0,40,2.75,8.5,-59.83,8.7547,-94,1.97,117.8,0.421574,0.236617,1.7246,0.9472
1584,-100,-105.0,40,2.75,9.5,-59.21,9.7554,-99,4.28,114.84,0.478686,0.290358,3.4626,0.9003
1585,-100,-105.0,40,2.75,10.0,-59.7,10.2967,-100,2.12,117.56,0.423139,0.238935,1.4993,0.9548
1586,-100,-105.0,40,2.75,10.5,-60.08,10.7972,-100,3.87,115.44,0.447802,0.27332,3.5274,0.9003
1587,-100,-105.0,40,2.75,11.0,-59.09,11.2299,-100,1.35,118.56,0.403487,0.208257,0.6493,0.9758
1588,-100,-105.0,40,2.75,11.5,-59.82,11.6569,-100,1.9,117.74,0.439618,0.230188,1.7108,0.9488
1589,-100,-105.0,40,2.75,12.0,-60.09,12.2968,-100,2.22,117.39,0.437286,0.239405,2.1325,0.9456
1590,-100,-105.0,40,2.75,12.5,-59.59,12.8425,-100,2.07,117.57,0.39216,0.220976,1.3767,0.9633
1592,-100,-105.0,40,2.75,13.5,-59.25,13.91,-100,4.06,115.18,0.448421,0.274524,5.0152,0.8615
1591,-100,-105.0,40,2.75,13.0,-59.01,13.2652,-100,1.57,118.26,0.398282,0.218378,0.7573,0.9709
1593,-100,-105.0,40,2.75,14.0,-59.78,14.2165,-100,4.88,114.13,0.465508,0.297171,3.9321,0.8893
1594,-100,-105.0,40,3.0,1.0,-56.08,3.5005,-64,3.14,116.29,0.451037,0.266555,1.9965,0.9345
1595,-100,-105.0,40,3.0,1.5,-56.18,3.4948,-66,2.42,117.16,0.44254,0.249127,1.5954,0.9548
1596,-100,-105.0,40,3.0,2.0,-56.07,2.7446,-66,4.74,114.35,0.463554,0.305978,5.5169,0.8499
1597,-100,-105.0,40,3.0,2.5,-56.27,3.8911,-69,2.56,116.89,0.422342,0.254642,1.9912,0.9443
1598,-100,-105.0,40,3.0,3.0,-56.09,4.5765,-72,2.96,116.64,0.478122,0.275196,2.2094,0.932
1599,-100,-105.0,40,3.0,3.5,-55.27,4.2015,-70,1.89,117.81,0.392856,0.225864,1.2604,0.9573
1600,-100,-105.0,40,3.0,4.0,-55.92,4.9387,-75,6.21,112.62,0.516458,0.332894,5.9067,0.8535
1601,-100,-105.0,40,3.0,4.5,-56.36,5.3592,-79,3.98,115.24,0.457687,0.277295,3.6368,0.9034
1602,-100,-105.0,40,3.0,5.0,-55.98,5.8801,-83,2.88,116.58,0.453384,0.258384,1.5112,0.9489
1603,-100,-105.0,40,3.0,5.5,-55.83,6.0678,-82,8.12,110.28,0.520951,0.38241,9.7131,0.7432
1604,-100,-105.0,40,3.0,6.0,-55.78,6.6627,-84,2.98,116.48,0.427138,0.259368,3.2637,0.9055
1605,-100,-105.0,40,3.0,6.5,-56.55,6.9814,-90,1.12,118.68,0.383713,0.198325,0.7928,0.9763
1608,-100,-105.0,40,3.0,8.0,-55.99,8.4697,-88,10.49,107.47,0.545334,0.419261,12.4272,0.6662
1607,-100,-105.0,40,3.0,7.5,-55.96,7.7373,-87,4.44,114.82,0.461401,0.291542,3.3541,0.9007
1606,-100,-105.0,40,3.0,7.0,-55.82,7.5552,-86,2.21,117.43,0.413921,0.235181,1.6576,0.9515
1609,-100,-105.0,40,3.0,8.5,-56.36,8.7804,-88,7.0,111.71,0.525267,0.342988,7.0408,0.8402
1610,-100,-105.0,40,3.0,9.0,-56.91,9.6243,-95,4.98,114.08,0.473938,0.293088,5.4497,0.8691
1612,-100,-105.0,40,3.0,10.0,-56.17,10.3262,-94,6.09,112.75,0.505535,0.319321,6.0007,0.8638
1611,-100,-105.0,40,3.0,9.5,-56.26,9.7744,-95,3.45,116.03,0.466642,0.282988,3.6816,0.8969
1613,-100,-105.0,40,3.0,10.5,-55.97,10.806,-100,3.4,116.02,0.451463,0.265132,2.4668,0.9253
1615,-100,-105.0,40,3.0,11.5,-55.64,11.8678,-100,1.96,117.61,0.426191,0.239258,1.5814,0.9508
1614,-100,-105.0,40,3.0,11.0,-56.25,11.3754,-100,2.3,117.35,0.450084,0.246345,1.4043,0.9595
1617,-100,-105.0,40,3.0,12.5,-56.56,12.8485,-100,7.99,110.49,0.531118,0.359667,9.5334,0.7441
1616,-100,-105.0,40,3.0,12.0,-56.06,12.2621,-100,3.32,116.03,0.467933,0.267369,3.2098,0.9058
1618,-100,-105.0,40,3.0,13.0,-56.34,13.2954,-100,3.88,115.38,0.45439,0.275378,2.8842,0.9114
1619,-100,-105.0,40,3.0,13.5,-56.85,13.7198,-100,10.11,107.98,0.558248,0.423345,12.0436,0.6926
1620,-100,-105.0,40,3.0,14.0,-56.52,14.0132,-100,2.93,116.45,0.449226,0.26492,2.5693,0.9255
1621,-100,-105.0,40,3.25,1.0,-52.2,3.0794,-60,2.28,117.27,0.417241,0.244171,1.7345,0.9477
1622,-100,-105.0,40,3.25,1.5,-52.51,2.8838,-62,7.47,111.05,0.523223,0.346073,8.4283,0.7821
1625,-100,-105.0,40,3.25,3.0,-52.39,4.0251,-67,4.19,115.16,0.442174,0.282913,4.7794,0.874
1626,-100,-105.0,40,3.25,3.5,-52.91,4.5993,-69,9.05,109.25,0.522203,0.386606,10.4,0.7286
1623,-100,-105.0,40,3.25,2.0,-53.43,3.5173,-65,1.82,117.97,0.441341,0.240609,0.7687,0.9718
1624,-100,-105.0,40,3.25,2.5,-52.6,3.7071,-66,3.98,115.31,0.449111,0.282404,4.8766,0.8644
1627,-100,-105.0,40,3.25,4.0,-52.25,4.6835,-70,3.06,116.41,0.44531,0.262294,2.7554,0.9199
1628,-100,-105.0,40,3.25,4.5,-52.32,5.2379,-72,5.97,112.95,0.481693,0.333379,6.0899,0.8611
1629,-100,-105.0,40,3.25,5.0,-52.22,5.5555,-74,8.85,109.59,0.550258,0.392874,10.0505,0.7564
1631,-100,-105.0,40,3.25,6.0,-52.72,6.5717,-77,6.38,112.27,0.492297,0.333202,6.0689,0.8501
1632,-100,-105.0,40,3.25,6.5,-52.09,6.9524,-78,9.82,108.28,0.537447,0.409174,10.4186,0.7093
1630,-100,-105.0,40,3.25,5.5,-52.6,6.4074,-75,3.77,115.56,0.47218,0.269769,2.948,0.9172
1633,-100,-105.0,40,3.25,7.0,-52.39,7.6212,-83,4.15,115.04,0.474534,0.29176,3.4256,0.9056
1634,-100,-105.0,40,3.25,7.5,-52.43,8.209,-95,3.48,115.84,0.468254,0.262472,3.7034,0.8933
1636,-100,-105.0,40,3.25,8.5,-52.66,9.0274,-85,3.49,115.76,0.444847,0.269085,3.542,0.9116
1635,-100,-105.0,40,3.25,8.0,-53.1,8.4308,-87,1.88,117.81,0.41595,0.232445,1.342,0.9559
1637,-100,-105.0,40,3.25,9.0,-51.92,9.3339,-86,4.34,114.8,0.478818,0.299967,5.3322,0.8536
1638,-100,-105.0,40,3.25,9.5,-52.4,9.8141,-94,3.78,115.4,0.459016,0.281504,3.938,0.8976
1640,-100,-105.0,40,3.25,10.5,-52.17,10.8291,-93,3.43,115.97,0.434911,0.265133,2.9817,0.927
1639,-100,-105.0,40,3.25,10.0,-53.09,10.2427,-97,3.71,115.59,0.439709,0.281428,4.8055,0.8682
1641,-100,-105.0,40,3.25,11.0,-52.34,11.4044,-99,1.94,117.76,0.443413,0.238662,1.2685,0.9564
1643,-100,-105.0,40,3.25,12.0,-52.35,12.5287,-100,4.68,114.37,0.462691,0.290654,6.2534,0.8323
1642,-100,-105.0,40,3.25,11.5,-53.02,11.9579,-100,3.07,116.16,0.476797,0.269107,3.0597,0.9134
1644,-100,-105.0,40,3.25,12.5,-52.45,12.8752,-100,2.43,117.27,0.439419,0.253149,1.9423,0.9398
1645,-100,-105.0,40,3.25,13.0,-52.47,13.3284,-100,3.22,116.19,0.472829,0.262513,3.4795,0.9019
1646,-100,-105.0,40,3.25,13.5,-52.63,13.7454,-100,2.14,117.37,0.407035,0.232143,1.3122,0.9596
1647,-100,-105.0,40,3.25,14.0,-53.04,14.289,-100,7.49,111.2,0.540247,0.37658,9.6654,0.7427
1648,-100,-105.0,40,3.5,1.0,-49.11,2.699,-57,3.02,116.43,0.452935,0.261215,3.7368,0.8954
1649,-100,-105.0,40,3.5,1.5,-49.29,3.3121,-59,2.86,116.71,0.447111,0.260371,1.5356,0.9468
1650,-100,-105.0,40,3.5,2.0,-49.84,3.5039,-61,3.28,116.21,0.47897,0.275562,2.1591,0.9407
1651,-100,-105.0,40,3.5,2.5,-48.57,4.228,-62,2.3,117.32,0.411749,0.239107,1.501,0.9582
1652,-100,-105.0,40,3.5,3.0,-49.51,4.5456,-67,4.98,113.99,0.47521,0.297122,4.667,0.8819
1653,-100,-105.0,40,3.5,3.5,-48.98,4.5022,-68,1.91,117.72,0.4393,0.23215,1.0974,0.9643
1654,-100,-105.0,40,3.5,4.0,-48.82,5.1767,-67,4.85,114.22,0.483429,0.305146,4.8833,0.8597
1655,-100,-105.0,40,3.5,4.5,-48.65,5.4476,-70,4.72,114.4,0.457494,0.293742,5.2523,0.8507
1657,-100,-105.0,40,3.5,5.5,-48.03,6.4007,-71,6.15,112.69,0.469755,0.324972,6.7278,0.8206
1658,-100,-105.0,40,3.5,6.0,-48.73,6.7214,-72,2.18,117.36,0.402876,0.235697,1.3012,0.9551
1656,-100,-105.0,40,3.5,5.0,-49.06,5.903,-72,2.07,117.52,0.431842,0.243085,1.2863,0.9653
1659,-100,-105.0,40,3.5,6.5,-48.73,7.0141,-76,3.66,115.62,0.468211,0.276884,4.0092,0.885
1660,-100,-105.0,40,3.5,7.0,-48.64,7.7158,-76,1.95,117.63,0.41599,0.233289,1.2802,0.956
1663,-100,-105.0,40,3.5,8.5,-49.39,9.1465,-85,2.32,117.27,0.432594,0.252809,1.1075,0.9576
1661,-100,-105.0,40,3.5,7.5,-49.4,8.1552,-89,2.59,116.95,0.436545,0.242276,1.8593,0.9495
1662,-100,-105.0,40,3.5,8.0,-48.52,8.3615,-85,3.37,116.01,0.450288,0.267553,3.5263,0.9002
1664,-100,-105.0,40,3.5,9.0,-48.5,9.3892,-88,1.58,118.21,0.382488,0.214954,1.2267,0.96
1665,-100,-105.0,40,3.5,9.5,-48.98,9.8384,-88,2.36,117.16,0.421158,0.250884,0.99,0.9658
1668,-100,-105.0,40,3.5,11.0,-49.72,11.2453,-96,3.93,115.37,0.455554,0.275252,3.7129,0.8928
1667,-100,-105.0,40,3.5,10.5,-49.25,10.9811,-91,2.46,117.13,0.421354,0.233727,1.9258,0.9521
1669,-100,-105.0,40,3.5,11.5,-48.71,11.7965,-94,3.86,115.36,0.457701,0.279886,5.5125,0.8528
1666,-100,-105.0,40,3.5,10.0,-49.31,10.5732,-91,3.04,116.52,0.441336,0.272872,2.2671,0.9391
1670,-100,-105.0,40,3.5,12.0,-49.03,12.3251,-100,2.85,116.57,0.443592,0.262557,1.582,0.9478
1671,-100,-105.0,40,3.5,12.5,-48.14,12.8664,-94,4.29,114.87,0.491083,0.300486,4.4003,0.8891
1672,-100,-105.0,40,3.5,13.0,-49.03,13.2782,-100,3.42,115.98,0.461456,0.276398,2.934,0.9174
1675,-100,-105.0,40,3.75,1.0,-45.79,3.2272,-54,5.04,113.98,0.473976,0.299731,4.3512,0.8765
1674,-100,-105.0,40,3.5,14.0,-49.01,14.3532,-100,1.81,117.85,0.417649,0.225684,1.0887,0.9617
1673,-100,-105.0,40,3.5,13.5,-48.82,14.0738,-100,1.56,118.21,0.401001,0.214936,0.5422,0.9779
1676,-100,-105.0,40,3.75,1.5,-45.74,3.6491,-56,1.77,117.8,0.430662,0.236206,1.4374,0.955
1677,-100,-105.0,40,3.75,2.0,-44.86,3.0599,-56,8.62,109.78,0.56027,0.396338,10.4754,0.7226
1678,-100,-105.0,40,3.75,2.5,-45.67,4.1445,-59,8.92,109.29,0.53084,0.395299,10.7953,0.7143
1680,-100,-105.0,40,3.75,3.5,-44.9,4.7815,-62,7.99,110.33,0.555818,0.400325,10.5199,0.7134
1681,-100,-105.0,40,3.75,4.0,-45.25,5.4823,-65,3.74,115.61,0.474438,0.274829,2.9217,0.9069
1679,-100,-105.0,40,3.75,3.0,-45.96,4.3258,-61,1.68,118.15,0.412074,0.220203,0.8784,0.9678
1682,-100,-105.0,40,3.75,4.5,-45.68,5.7903,-66,3.62,115.62,0.435438,0.264039,4.9836,0.8648
1683,-100,-105.0,40,3.75,5.0,-45.31,6.2457,-67,3.41,115.93,0.465761,0.28872,3.6125,0.8975
1684,-100,-105.0,40,3.75,5.5,-46.42,6.5877,-71,2.35,117.27,0.439732,0.243354,1.629,0.9564
1686,-100,-105.0,40,3.75,6.5,-44.87,7.3686,-72,7.17,111.52,0.501894,0.356528,7.6635,0.8195
1687,-100,-105.0,40,3.75,7.0,-44.84,7.6105,-72,6.05,112.73,0.489941,0.321149,5.4773,0.8626
1685,-100,-105.0,40,3.75,6.0,-45.44,6.9609,-71,2.19,117.4,0.450369,0.251377,1.1891,0.9591
1688,-100,-105.0,40,3.75,7.5,-45.0,8.4812,-77,1.72,118.0,0.441797,0.230073,0.9198,0.9673
1689,-100,-105.0,40,3.75,8.0,-44.32,8.5103,-82,3.73,115.57,0.471245,0.273587,4.5404,0.8756
1693,-100,-105.0,40,3.75,10.0,-45.42,10.4522,-85,4.3,114.86,0.449478,0.289811,4.341,0.8812
1692,-100,-105.0,40,3.75,9.5,-45.62,10.081,-88,4.57,114.52,0.455359,0.290599,3.7877,0.8971
1690,-100,-105.0,40,3.75,8.5,-45.74,9.2513,-81,2.14,117.53,0.465185,0.261562,1.5394,0.9533
1691,-100,-105.0,40,3.75,9.0,-45.5,9.5222,-81,3.74,115.57,0.501783,0.289028,3.8534,0.9149
1694,-100,-105.0,40,3.75,10.5,-45.18,10.9953,-91,6.45,112.38,0.502483,0.331003,6.9965,0.8331
1695,-100,-105.0,40,3.75,11.0,-45.38,11.5093,-93,3.93,115.35,0.44158,0.277104,3.5589,0.8979
1696,-100,-105.0,40,3.75,11.5,-45.22,11.9472,-95,4.17,115.06,0.471819,0.297033,4.6515,0.8723
1698,-100,-105.0,40,3.75,12.5,-45.51,12.6501,-92,5.49,113.43,0.489971,0.316254,5.2847,0.8804
1699,-100,-105.0,40,3.75,13.0,-45.08,13.2793,-97,2.33,117.23,0.421145,0.245381,1.9847,0.9483
1697,-100,-105.0,40,3.75,12.0,-45.13,12.6039,-96,3.73,115.72,0.504276,0.290126,2.0717,0.9398
1700,-100,-105.0,40,3.75,13.5,-45.06,13.7878,-100,5.26,113.67,0.475372,0.314425,5.6751,0.842
1701,-100,-105.0,40,3.75,14.0,-44.99,14.1921,-100,4.08,115.17,0.444294,0.282411,6.1058,0.8374
1702,-100,-105.0,40,4.0,1.0,-41.84,4.1643,-52,1.51,118.26,0.400568,0.205729,0.5701,0.977
1705,-100,-105.0,40,4.0,2.5,-42.04,4.2331,-56,2.33,117.27,0.422691,0.237471,1.7642,0.9501
1703,-100,-105.0,40,4.0,1.5,-41.68,3.4258,-53,3.58,115.88,0.476465,0.271615,2.1463,0.9407
1704,-100,-105.0,40,4.0,2.0,-41.62,3.7285,-55,2.69,116.76,0.435009,0.246421,1.5761,0.9521
1706,-100,-105.0,40,4.0,3.0,-42.28,4.3076,-59,5.12,113.99,0.483878,0.308111,4.7943,0.8629
1707,-100,-105.0,40,4.0,3.5,-42.04,5.0562,-60,8.25,110.22,0.533155,0.367912,8.321,0.7758
1708,-100,-105.0,40,4.0,4.0,-41.46,5.4755,-61,9.13,108.96,0.549556,0.391212,11.4674,0.711
1711,-100,-105.0,40,4.0,5.5,-42.03,6.863,-67,5.79,113.23,0.520016,0.31555,4.7455,0.8732
1709,-100,-105.0,40,4.0,4.5,-41.91,5.6298,-63,1.79,117.78,0.430161,0.24097,1.3183,0.9654
1712,-100,-105.0,40,4.0,6.0,-42.05,6.9639,-71,8.08,110.17,0.542189,0.38577,10.2182,0.7345
1710,-100,-105.0,40,4.0,5.0,-41.86,6.0883,-66,2.06,117.72,0.428303,0.239481,2.2162,0.9353
1713,-100,-105.0,40,4.0,6.5,-41.6,7.0264,-70,5.95,112.78,0.518383,0.321901,5.3217,0.8752
1714,-100,-105.0,40,4.0,7.0,-41.55,7.8532,-73,1.9,117.7,0.411642,0.226055,1.537,0.9526
1715,-100,-105.0,40,4.0,7.5,-41.67,8.345,-75,1.34,118.44,0.430391,0.212406,0.5646,0.9772
1716,-100,-105.0,40,4.0,8.0,-41.12,8.7552,-74,2.45,117.07,0.444791,0.244386,2.0176,0.9483
1717,-100,-105.0,40,4.0,8.5,-41.21,9.3927,-77,3.71,115.61,0.438352,0.275981,5.0027,0.8646
1718,-100,-105.0,40,4.0,9.0,-42.12,9.5831,-77,8.78,109.34,0.537468,0.384392,9.7644,0.7279
1719,-100,-105.0,40,4.0,9.5,-41.55,10.0274,-79,0.96,118.9,0.378825,0.187882,0.5793,0.9808
1720,-100,-105.0,40,4.0,10.0,-41.61,10.5005,-87,2.49,117.04,0.428175,0.250035,1.9507,0.9446
1723,-100,-105.0,40,4.0,11.5,-42.41,11.7972,-87,4.51,114.67,0.455397,0.291766,4.6536,0.8736
1722,-100,-105.0,40,4.0,11.0,-42.09,11.5152,-93,3.78,115.61,0.450798,0.274703,3.2635,0.8996
1721,-100,-105.0,40,4.0,10.5,-41.84,10.9746,-84,3.1,116.38,0.445113,0.272102,2.8723,0.915
1724,-100,-105.0,40,4.0,12.0,-41.39,12.638,-90,4.85,114.17,0.475082,0.304413,5.2755,0.8788
1725,-100,-105.0,40,4.0,12.5,-41.88,13.0548,-95,1.98,117.74,0.418732,0.231929,1.978,0.9443
1727,-100,-105.0,40,4.0,13.5,-41.3,14.0646,-96,3.88,115.45,0.472628,0.290525,5.0179,0.8624
1726,-100,-105.0,40,4.0,13.0,-41.86,13.299,-99,2.18,117.45,0.439897,0.245172,2.4364,0.9306
1728,-100,-105.0,40,4.0,14.0,-41.83,14.5067,-96,3.91,115.4,0.447659,0.269876,3.7174,0.9002
1730,-100,-105.0,40,4.25,1.5,-38.9,4.1242,-50,4.81,114.24,0.456347,0.294996,4.8589,0.8806
1729,-100,-105.0,40,4.25,1.0,-37.94,3.9671,-46,1.8,117.9,0.435542,0.233576,1.243,0.9591
1731,-100,-105.0,40,4.25,2.0,-38.57,3.7419,-50,2.07,117.61,0.418258,0.234485,1.348,0.9621
1732,-100,-105.0,40,4.25,2.5,-37.83,4.3966,-51,2.05,117.62,0.426167,0.233115,1.2989,0.9585
1734,-100,-105.0,40,4.25,3.5,-37.7,5.1658,-56,2.8,116.74,0.451249,0.26299,1.8916,0.9405
1733,-100,-105.0,40,4.25,3.0,-38.29,4.4893,-53,2.53,117.17,0.450597,0.254167,2.3075,0.9345
1735,-100,-105.0,40,4.25,4.0,-37.96,5.45,-56,4.74,114.49,0.465617,0.298118,3.853,0.9027
1736,-100,-105.0,40,4.25,4.5,-37.89,5.5799,-58,0.86,118.98,0.380287,0.189426,0.3812,0.9843
1737,-100,-105.0,40,4.25,5.0,-38.24,6.0656,-60,7.99,110.5,0.539339,0.371001,8.548,0.7953
1739,-100,-105.0,40,4.25,6.0,-38.3,6.9773,-64,2.8,116.81,0.450862,0.261515,1.8887,0.951
1738,-100,-105.0,40,4.25,5.5,-38.56,6.8112,-68,1.69,117.83,0.428595,0.234715,1.4366,0.9608
1740,-100,-105.0,40,4.25,6.5,-38.5,7.2923,-66,5.24,113.72,0.503165,0.323891,6.6524,0.8246
1741,-100,-105.0,40,4.25,7.0,-38.3,7.8152,-71,4.05,115.13,0.450921,0.295455,4.8768,0.8646
1742,-100,-105.0,40,4.25,7.5,-38.68,8.2408,-75,2.42,117.16,0.433146,0.244426,2.7276,0.9251
1743,-100,-105.0,40,4.25,8.0,-38.11,8.7953,-72,1.77,117.86,0.435309,0.240343,1.0625,0.9655
1744,-100,-105.0,40,4.25,8.5,-38.17,9.1939,-77,2.28,117.41,0.439339,0.238885,1.7657,0.9427
1745,-100,-105.0,40,4.25,9.0,-37.42,9.687,-82,5.57,113.45,0.486245,0.319114,4.7498,0.8754
1746,-100,-105.0,40,4.25,9.5,-37.81,10.2014,-82,5.05,114.0,0.465012,0.301048,5.1332,0.8541
1747,-100,-105.0,40,4.25,10.0,-37.65,10.4434,-83,2.15,117.54,0.417573,0.234223,1.8837,0.9409
1748,-100,-105.0,40,4.25,10.5,-38.41,11.1364,-84,2.18,117.6,0.419275,0.236623,1.7246,0.955
1749,-100,-105.0,40,4.25,11.0,-38.11,11.7162,-83,3.08,116.44,0.425094,0.256834,3.8086,0.8935
1750,-100,-105.0,40,4.25,11.5,-37.93,12.1497,-86,3.44,115.9,0.4621,0.278996,3.947,0.8978
1751,-100,-105.0,40,4.25,12.0,-38.6,12.3355,-94,2.0,117.7,0.443727,0.236734,1.2735,0.9635
1752,-100,-105.0,40,4.25,12.5,-38.05,12.8838,-85,3.85,115.52,0.505474,0.289053,4.0533,0.8886
1753,-100,-105.0,40,4.25,13.0,-37.57,13.626,-89,3.4,115.78,0.453236,0.275012,4.2135,0.8866
1754,-100,-105.0,40,4.25,13.5,-37.81,13.8411,-98,1.48,118.27,0.391704,0.206112,0.9529,0.9669
1755,-100,-105.0,40,4.25,14.0,-38.16,14.3723,-98,1.8,117.9,0.441221,0.230377,0.9865,0.9671
1756,-100,-105.0,40,4.5,1.0,-34.47,4.2433,-43,2.13,117.5,0.445358,0.238837,1.5395,0.9494
1758,-100,-105.0,40,4.5,2.0,-35.05,4.3692,-49,5.93,112.94,0.477331,0.320925,5.7274,0.8669
1757,-100,-105.0,40,4.5,1.5,-34.46,4.3728,-46,2.8,116.57,0.478187,0.264813,3.5319,0.9027
1759,-100,-105.0,40,4.5,2.5,-34.62,3.9608,-47,3.59,115.73,0.469008,0.266928,3.6384,0.9035
1761,-100,-105.0,40,4.5,3.5,-34.26,5.1407,-50,6.78,111.91,0.523983,0.343089,6.6762,0.8241
1760,-100,-105.0,40,4.5,3.0,-34.49,4.8608,-50,2.78,116.74,0.440642,0.251148,3.0603,0.9116
1762,-100,-105.0,40,4.5,4.0,-34.43,5.2864,-53,9.21,109.02,0.537288,0.39472,10.527,0.7553
1763,-100,-105.0,40,4.5,4.5,-34.18,5.7953,-57,1.94,117.68,0.43188,0.243179,1.4476,0.955
1765,-100,-105.0,40,4.5,5.5,-34.7,6.438,-58,4.82,114.24,0.473242,0.29154,4.7989,0.8682
1764,-100,-105.0,40,4.5,5.0,-34.37,6.2927,-57,1.84,117.93,0.420821,0.240276,0.9781,0.9635
1766,-100,-105.0,40,4.5,6.0,-34.56,7.267,-61,5.03,114.04,0.448329,0.309172,6.4944,0.8224
1767,-100,-105.0,40,4.5,6.5,-33.85,7.7783,-62,3.76,115.6,0.461522,0.284268,4.3577,0.8786
1768,-100,-105.0,40,4.5,7.0,-34.07,7.8782,-63,2.63,116.94,0.43154,0.268284,3.1217,0.9145
1769,-100,-105.0,40,4.5,7.5,-34.11,8.3898,-64,2.64,116.85,0.401331,0.24249,1.6553,0.9544
1771,-100,-105.0,40,4.5,8.5,-34.6,9.1793,-70,4.42,114.94,0.498304,0.293062,3.401,0.9067
1770,-100,-105.0,40,4.5,8.0,-33.95,8.7386,-67,1.09,118.71,0.408612,0.210901,0.3381,0.9852
1772,-100,-105.0,40,4.5,9.0,-34.87,9.6471,-72,1.65,118.1,0.409205,0.220236,1.0469,0.9704
1773,-100,-105.0,40,4.5,9.5,-34.58,10.2749,-78,0.77,119.1,0.39962,0.197598,0.6587,0.9812
1774,-100,-105.0,40,4.5,10.0,-33.95,10.6509,-78,1.61,117.99,0.432712,0.246546,1.4569,0.9557
1775,-100,-105.0,40,4.5,10.5,-34.4,11.0967,-81,5.23,113.84,0.48308,0.313447,5.6023,0.8432
1776,-100,-105.0,40,4.5,11.0,-34.79,11.8697,-88,6.45,112.32,0.490494,0.338065,7.0508,0.8374
1777,-100,-105.0,40,4.5,11.5,-34.46,11.9162,-84,6.16,112.58,0.497341,0.328378,6.135,0.8438
1778,-100,-105.0,40,4.5,12.0,-33.64,12.5929,-82,3.64,115.55,0.456806,0.284501,4.898,0.8676
1779,-100,-105.0,40,4.5,12.5,-35.33,13.1829,-84,1.33,118.25,0.437374,0.238707,0.806,0.9715
1781,-100,-105.0,40,4.5,13.5,-34.31,13.9022,-92,6.2,112.48,0.480733,0.336611,7.2953,0.8018
1782,-100,-105.0,40,4.5,14.0,-33.73,14.4109,-89,8.5,109.8,0.516436,0.379238,10.5433,0.7217
1780,-100,-105.0,40,4.5,13.0,-35.05,13.4402,-87,5.04,114.08,0.465213,0.297791,4.8499,0.8655
1783,-100,-105.0,40,4.75,1.0,-31.21,3.7087,-40,2.68,116.7,0.422105,0.252416,2.5429,0.9358
1784,-100,-105.0,40,4.75,1.5,-31.09,4.534,-43,2.54,117.06,0.438276,0.245763,1.5575,0.9551
1787,-100,-105.0,40,4.75,3.0,-30.81,4.5641,-47,6.47,112.27,0.481542,0.327501,7.7256,0.8021
1785,-100,-105.0,40,4.75,2.0,-30.42,4.1355,-43,3.0,116.55,0.465219,0.278247,1.888,0.9441
1789,-100,-105.0,40,4.75,4.0,-31.04,5.4092,-50,5.85,112.91,0.516049,0.318253,6.2969,0.8438
1786,-100,-105.0,40,4.75,2.5,-31.15,4.7592,-46,3.91,115.45,0.429443,0.266136,4.2777,0.8828
1788,-100,-105.0,40,4.75,3.5,-31.45,5.531,-50,2.38,117.3,0.429561,0.24568,2.0499,0.9445
1790,-100,-105.0,40,4.75,4.5,-31.42,6.2779,-54,2.24,117.29,0.428881,0.238148,1.09,0.9658
1791,-100,-105.0,40,4.75,5.0,-30.8,6.2543,-54,2.36,117.33,0.459225,0.249055,1.4701,0.9488
1792,-100,-105.0,40,4.75,5.5,-30.63,6.3164,-55,3.38,115.94,0.438911,0.270102,2.8813,0.9253
1794,-100,-105.0,40,4.75,6.5,-30.75,7.5815,-60,7.38,111.22,0.499594,0.355753,7.7586,0.7848
1793,-100,-105.0,40,4.75,6.0,-30.5,7.6473,-58,1.33,118.41,0.411642,0.225111,0.9492,0.9716
1795,-100,-105.0,40,4.75,7.0,-30.6,8.0986,-60,1.99,117.68,0.441516,0.244981,2.0304,0.9528
1796,-100,-105.0,40,4.75,7.5,-31.0,8.4354,-63,4.03,115.16,0.457816,0.299084,5.6677,0.8465
1799,-100,-105.0,40,4.75,9.0,-30.76,10.0885,-74,7.95,110.5,0.529356,0.370257,8.5004,0.7906
1797,-100,-105.0,40,4.75,8.0,-31.56,8.6621,-65,4.58,114.67,0.48579,0.291777,3.2339,0.9177
1798,-100,-105.0,40,4.75,8.5,-31.43,9.1773,-70,2.06,117.5,0.400064,0.237479,1.6492,0.9517
1800,-100,-105.0,40,4.75,9.5,-30.9,10.2043,-72,2.08,117.57,0.412024,0.231038,1.2875,0.9664
1801,-100,-105.0,40,4.75,10.0,-31.42,10.8303,-72,1.97,117.74,0.439278,0.23319,1.6,0.9526
1802,-100,-105.0,40,4.75,10.5,-31.3,11.127,-76,4.41,114.79,0.442308,0.289621,5.9949,0.841
1803,-100,-105.0,40,4.75,11.0,-30.94,11.3776,-75,2.19,117.56,0.459478,0.248472,0.8811,0.9647
1804,-100,-105.0,40,4.75,11.5,-31.36,12.0275,-77,1.3,118.41,0.407301,0.210312,0.9008,0.9755
1805,-100,-105.0,40,4.75,12.0,-30.88,12.7546,-83,1.37,118.54,0.407319,0.219061,0.8498,0.9711
1807,-100,-105.0,40,4.75,13.0,-30.51,13.4984,-84,1.56,118.12,0.40721,0.212961,0.5844,0.9767
1806,-100,-105.0,40,4.75,12.5,-31.29,13.0171,-92,1.5,118.28,0.432792,0.229911,1.0218,0.9664
1808,-100,-105.0,40,4.75,13.5,-30.82,14.3313,-87,5.16,113.81,0.495231,0.310175,5.047,0.8682
1810,-100,-105.0,40,5.0,1.0,-28.08,4.0603,-38,5.39,113.46,0.499993,0.314241,5.8477,0.8622
1809,-100,-105.0,40,4.75,14.0,-31.23,14.4801,-87,2.77,116.66,0.446084,0.261617,1.9557,0.9528
1811,-100,-105.0,40,5.0,1.5,-27.79,4.7768,-40,4.18,115.13,0.464007,0.29116,3.0534,0.9199
1812,-100,-105.0,40,5.0,2.0,-27.84,4.5075,-42,2.02,117.53,0.437681,0.231609,2.124,0.9387
1813,-100,-105.0,40,5.0,2.5,-27.91,5.0757,-44,1.31,118.54,0.424387,0.230299,0.9674,0.9715
1814,-100,-105.0,40,5.0,3.0,-27.86,5.1664,-44,3.85,115.53,0.466339,0.286171,2.8554,0.9166
1815,-100,-105.0,40,5.0,3.5,-26.79,5.3955,-46,6.87,111.79,0.526428,0.354638,6.7039,0.8438
1816,-100,-105.0,40,5.0,4.0,-27.17,5.9794,-47,3.95,115.3,0.495181,0.284653,4.4566,0.8758
1817,-100,-105.0,40,5.0,4.5,-27.93,6.173,-48,5.12,113.99,0.490619,0.300733,6.0479,0.8318
1818,-100,-105.0,40,5.0,5.0,-28.06,6.2747,-51,1.15,118.73,0.385708,0.211299,0.5106,0.9805
1819,-100,-105.0,40,5.0,5.5,-26.96,6.874,-52,5.18,113.78,0.484019,0.304775,4.4328,0.881
1820,-100,-105.0,40,5.0,6.0,-27.84,7.576,-56,2.09,117.51,0.425133,0.240076,1.7337,0.9542
1821,-100,-105.0,40,5.0,6.5,-27.72,7.6166,-57,4.17,115.11,0.470315,0.302149,6.5445,0.8277
1823,-100,-105.0,40,5.0,7.5,-26.8,8.6393,-60,4.1,115.19,0.459296,0.284966,3.8779,0.8851
1822,-100,-105.0,40,5.0,7.0,-27.55,8.0584,-60,1.12,118.75,0.374145,0.198063,0.9462,0.9702
1824,-100,-105.0,40,5.0,8.0,-27.53,9.0614,-65,3.77,115.49,0.465804,0.283925,3.2019,0.9154
1825,-100,-105.0,40,5.0,8.5,-27.03,9.3435,-64,4.22,114.94,0.451579,0.28643,5.5986,0.8506
1826,-100,-105.0,40,5.0,9.0,-27.02,9.9031,-67,7.72,110.74,0.504195,0.361527,8.2306,0.7904
1828,-100,-105.0,40,5.0,10.0,-27.59,11.2063,-74,5.49,113.39,0.482113,0.313937,5.7936,0.8631
1827,-100,-105.0,40,5.0,9.5,-27.23,10.3179,-67,3.17,116.13,0.444626,0.263939,1.8694,0.9502
1829,-100,-105.0,40,5.0,10.5,-27.36,11.3736,-84,7.78,110.86,0.560765,0.363415,9.6056,0.7421
1830,-100,-105.0,40,5.0,11.0,-28.04,11.6457,-79,8.94,109.35,0.514102,0.402366,12.2303,0.6698
1832,-100,-105.0,40,5.0,12.0,-27.39,12.6382,-80,4.35,114.87,0.457785,0.28603,5.5713,0.8465
1831,-100,-105.0,40,5.0,11.5,-27.65,11.9439,-77,3.5,115.9,0.439139,0.274435,2.5628,0.9309
1833,-100,-105.0,40,5.0,12.5,-27.86,13.1258,-76,1.23,118.55,0.398505,0.207013,0.7985,0.9746
1834,-100,-105.0,40,5.0,13.0,-27.6,13.8231,-78,3.58,115.69,0.464182,0.268927,2.8444,0.9297
1835,-100,-105.0,40,5.0,13.5,-27.76,13.7952,-77,1.76,117.96,0.410871,0.234737,0.5788,0.9729
1836,-100,-105.0,40,5.0,14.0,-26.41,14.7591,-87,8.97,109.32,0.513276,0.389477,11.0466,0.7128
1837,-100,-100.0,40,1.0,1.0,-84.87,1.5606,-90,6.39,112.39,0.504306,0.343607,7.0131,0.8049
1838,-100,-100.0,40,1.0,1.5,-85.74,1.816,-93,5.65,113.34,0.506951,0.330986,5.7893,0.8338
1841,-100,-100.0,40,1.0,3.0,-84.84,3.4351,-100,2.98,116.5,0.450834,0.256749,1.8716,0.9392
1839,-100,-100.0,40,1.0,2.0,-84.76,2.2552,-95,3.44,115.87,0.454231,0.265596,2.5697,0.9251
1840,-100,-100.0,40,1.0,2.5,-85.19,2.693,-96,4.8,114.23,0.489357,0.303204,4.6431,0.8611
1842,-100,-100.0,40,1.0,3.5,-85.14,3.7921,-100,1.77,117.93,0.443799,0.235139,0.7194,0.969
1843,-100,-100.0,40,1.0,4.0,-85.66,4.2837,-100,3.93,115.32,0.453979,0.272147,2.5052,0.9309
1844,-100,-100.0,40,1.0,4.5,-84.54,4.6049,-100,1.55,118.23,0.38194,0.21207,1.1856,0.962
1845,-100,-100.0,40,1.0,5.0,-84.36,5.1814,-100,5.02,114.1,0.485624,0.299811,6.1962,0.8289
1847,-100,-100.0,40,1.0,6.0,-85.51,6.2017,-100,7.77,110.71,0.52447,0.350673,8.5265,0.8121
1849,-100,-100.0,40,1.0,7.0,-84.94,6.8926,-100,8.82,109.44,0.548841,0.352655,7.5309,0.8036
1846,-100,-100.0,40,1.0,5.5,-85.26,5.6035,-100,10.0,108.25,0.591585,0.400398,10.1521,0.774
1848,-100,-100.0,40,1.0,6.5,-84.49,6.4876,-100,4.97,113.98,0.501064,0.30851,5.6142,0.8391
1850,-100,-100.0,40,1.0,7.5,-85.38,7.4311,-100,4.54,114.72,0.496434,0.292112,1.8011,0.9284
1851,-100,-100.0,40,1.0,8.0,-84.34,7.9112,-100,5.21,113.92,0.47588,0.304579,5.2567,0.8586
1852,-100,-100.0,40,1.0,8.5,-85.07,8.2326,-100,8.12,110.19,0.544368,0.358247,8.0619,0.7937
1853,-100,-100.0,40,1.0,9.0,-85.08,8.6799,-100,7.71,110.94,0.57498,0.365677,7.9343,0.768
1854,-100,-100.0,40,1.0,9.5,-84.71,9.1826,-100,3.23,116.05,0.455305,0.25976,3.428,0.9105
1855,-100,-100.0,40,1.0,10.0,-84.89,9.4422,-100,7.28,111.33,0.574236,0.332834,7.5406,0.7785
1856,-100,-100.0,40,1.0,10.5,-84.55,9.9881,-100,7.43,111.01,0.55547,0.33062,3.8554,0.8822
1858,-100,-100.0,40,1.0,11.5,-84.45,10.5595,-100,13.89,103.42,0.662502,0.442232,11.3979,0.6919
1857,-100,-100.0,40,1.0,11.0,-83.91,10.4503,-100,7.18,111.46,0.568842,0.325798,2.7638,0.8957
1861,-100,-100.0,40,1.0,13.0,-84.08,11.644,-100,15.25,101.85,0.689917,0.445171,9.4668,0.7362
1859,-100,-100.0,40,1.0,12.0,-83.91,11.0606,-100,7.86,110.58,0.577063,0.322829,3.8025,0.8498
1860,-100,-100.0,40,1.0,12.5,-84.11,11.3366,-100,9.67,108.34,0.6217,0.34699,3.067,0.8653
1862,-100,-100.0,40,1.0,13.5,-84.14,11.9951,-100,16.51,100.22,0.707161,0.49659,15.1979,0.5655
1863,-100,-100.0,40,1.0,14.0,-83.58,12.2697,-100,11.46,106.24,0.637336,0.364025,5.7682,0.7861
1864,-100,-100.0,40,1.25,1.0,-81.37,1.6521,-88,3.94,115.36,0.471582,0.28009,3.2062,0.9219
1865,-100,-100.0,40,1.25,1.5,-81.65,2.1888,-90,1.42,118.24,0.404892,0.223755,1.0078,0.9718
1866,-100,-100.0,40,1.25,2.0,-82.05,2.7405,-94,1.88,117.8,0.430734,0.234403,1.0124,0.966
1867,-100,-100.0,40,1.25,2.5,-82.08,2.8391,-92,3.0,116.46,0.420012,0.255676,3.5844,0.8996
1868,-100,-100.0,40,1.25,3.0,-81.5,3.3324,-95,5.22,113.82,0.487234,0.322668,8.1727,0.7852
1869,-100,-100.0,40,1.25,3.5,-82.19,3.7557,-97,1.32,118.54,0.388356,0.207673,1.3292,0.9604
1870,-100,-100.0,40,1.25,4.0,-81.46,4.0877,-97,2.2,117.41,0.460774,0.245927,1.7058,0.9479
1871,-100,-100.0,40,1.25,4.5,-81.65,4.83,-100,2.56,117.07,0.456551,0.256773,2.0847,0.9463
1872,-100,-100.0,40,1.25,5.0,-81.89,5.191,-100,1.09,118.84,0.435964,0.21645,0.5437,0.9826
1873,-100,-100.0,40,1.25,5.5,-81.75,5.7031,-100,3.45,115.94,0.453965,0.273056,2.5072,0.9302
1874,-100,-100.0,40,1.25,6.0,-81.04,6.1521,-100,2.61,116.96,0.42949,0.24415,1.5037,0.9553
1875,-100,-100.0,40,1.25,6.5,-81.24,6.7695,-100,2.33,117.38,0.441086,0.242691,1.1112,0.9546
1876,-100,-100.0,40,1.25,7.0,-81.67,7.1264,-100,4.13,114.97,0.476251,0.295085,3.8203,0.8853
1877,-100,-100.0,40,1.25,7.5,-80.67,7.5469,-100,4.73,114.36,0.48948,0.299765,5.243,0.8497
1878,-100,-100.0,40,1.25,8.0,-81.01,7.9979,-100,1.49,118.29,0.416479,0.220431,1.3048,0.9631
1879,-100,-100.0,40,1.25,8.5,-80.5,8.5398,-100,6.69,112.05,0.510464,0.329724,6.1946,0.8452
1880,-100,-100.0,40,1.25,9.0,-81.4,8.9234,-100,7.27,111.26,0.535214,0.344295,7.3572,0.7966
1881,-100,-100.0,40,1.25,9.5,-81.34,9.3856,-100,2.38,117.22,0.455916,0.247155,1.8509,0.9464
1882,-100,-100.0,40,1.25,10.0,-81.08,9.7464,-100,4.34,114.92,0.495343,0.293632,4.3663,0.8777
1884,-100,-100.0,40,1.25,11.0,-81.43,10.6805,-100,7.31,111.16,0.533879,0.341141,7.5496,0.793
1883,-100,-100.0,40,1.25,10.5,-81.28,10.2391,-100,4.37,114.81,0.496041,0.296976,3.9066,0.8913
1885,-100,-100.0,40,1.25,11.5,-81.82,10.9272,-100,9.76,108.28,0.561173,0.383025,8.1977,0.7603
1886,-100,-100.0,40,1.25,12.0,-81.18,11.3517,-100,9.37,108.82,0.583709,0.365069,6.8317,0.8114
1889,-100,-100.0,40,1.25,13.5,-80.86,12.5318,-100,11.4,106.31,0.619256,0.398785,8.8925,0.7629
1887,-100,-100.0,40,1.25,12.5,-80.19,11.8217,-100,7.22,111.41,0.547149,0.339903,7.1438,0.8065
1888,-100,-100.0,40,1.25,13.0,-80.87,12.2242,-100,10.88,106.96,0.609125,0.388997,8.5987,0.7728
1890,-100,-100.0,40,1.25,14.0,-80.75,12.9791,-100,11.0,106.86,0.614994,0.382131,7.2765,0.7998
1891,-100,-100.0,40,1.5,1.0,-78.04,2.0191,-84,3.03,116.37,0.426784,0.255186,3.6651,0.8973
1893,-100,-100.0,40,1.5,2.0,-78.56,2.3753,-89,5.54,113.42,0.499014,0.304021,5.699,0.8403
1892,-100,-100.0,40,1.5,1.5,-77.92,1.9476,-85,1.74,118.03,0.442034,0.232648,0.9703,0.9676
1894,-100,-100.0,40,1.5,2.5,-78.01,3.0946,-89,1.67,117.99,0.40983,0.217795,1.1958,0.9626
1895,-100,-100.0,40,1.5,3.0,-77.98,3.2796,-91,4.14,115.12,0.45767,0.2774,4.3845,0.8761
1896,-100,-100.0,40,1.5,3.5,-77.43,3.8704,-92,3.92,115.26,0.458169,0.271741,5.1919,0.8597
1897,-100,-100.0,40,1.5,4.0,-78.38,4.1773,-95,2.53,117.16,0.463188,0.250937,1.8036,0.9427
1898,-100,-100.0,40,1.5,4.5,-76.67,4.9151,-96,5.75,113.22,0.463304,0.311406,6.3941,0.8559
1899,-100,-100.0,40,1.5,5.0,-77.41,5.3852,-98,7.8,110.67,0.517103,0.386185,9.8634,0.7365
1901,-100,-100.0,40,1.5,6.0,-77.08,6.1806,-100,4.14,115.19,0.467254,0.281853,3.5764,0.8946
1902,-100,-100.0,40,1.5,6.5,-77.92,6.6302,-100,2.76,116.68,0.453316,0.261026,1.4452,0.9541
1900,-100,-100.0,40,1.5,5.5,-77.46,5.6147,-100,3.84,115.35,0.460067,0.272172,2.8474,0.9094
1903,-100,-100.0,40,1.5,7.0,-77.34,7.2126,-100,2.11,117.4,0.455258,0.241478,1.6803,0.9485
1905,-100,-100.0,40,1.5,8.0,-77.78,8.119,-100,7.77,110.74,0.531902,0.367901,8.4874,0.8159
1904,-100,-100.0,40,1.5,7.5,-78.37,7.6476,-100,4.59,114.59,0.475951,0.291102,3.3597,0.9114
1908,-100,-100.0,40,1.5,9.5,-77.63,9.4541,-100,2.99,116.42,0.467279,0.274039,4.7374,0.8754
1909,-100,-100.0,40,1.5,10.0,-77.71,9.9461,-100,5.71,113.3,0.503329,0.340023,7.698,0.7906
1906,-100,-100.0,40,1.5,8.5,-78.07,8.571,-100,5.12,113.81,0.470192,0.309807,6.9928,0.8117
1907,-100,-100.0,40,1.5,9.0,-77.4,9.0703,-100,3.45,116.03,0.487582,0.270009,2.3327,0.9387
1910,-100,-100.0,40,1.5,10.5,-77.46,10.5295,-100,5.03,114.02,0.475319,0.293057,4.7129,0.8651
1911,-100,-100.0,40,1.5,11.0,-77.11,10.9438,-100,5.23,113.76,0.480297,0.299231,6.0268,0.8305
1913,-100,-100.0,40,1.5,12.0,-77.64,11.8383,-100,12.56,105.11,0.641435,0.414547,7.3442,0.7696
1914,-100,-100.0,40,1.5,12.5,-77.6,12.1613,-100,7.32,111.35,0.541288,0.344266,7.8828,0.7812
1912,-100,-100.0,40,1.5,11.5,-77.1,11.3889,-100,4.28,115.05,0.499389,0.295502,3.5652,0.8933
1915,-100,-100.0,40,1.5,13.0,-78.18,12.5387,-100,3.6,115.7,0.470283,0.265733,2.582,0.9217
1916,-100,-100.0,40,1.5,13.5,-77.34,13.0395,-100,10.99,106.91,0.587812,0.404989,10.3389,0.7414
1919,-100,-100.0,40,1.75,1.5,-74.01,1.893,-81,6.24,112.64,0.517737,0.334342,5.3495,0.8725
1917,-100,-100.0,40,1.5,14.0,-77.38,13.4382,-100,6.95,111.74,0.520428,0.334673,7.2907,0.7908
1918,-100,-100.0,40,1.75,1.0,-74.46,2.2485,-81,1.95,117.76,0.458862,0.247923,1.5375,0.9607
1921,-100,-100.0,40,1.75,2.5,-74.65,3.5922,-89,2.55,116.99,0.452815,0.263389,2.0719,0.9484
1920,-100,-100.0,40,1.75,2.0,-75.13,2.8715,-85,2.83,116.75,0.427073,0.24842,2.2088,0.9421
1922,-100,-100.0,40,1.75,3.0,-73.97,3.2968,-88,5.42,113.55,0.508466,0.312926,5.3175,0.851
1923,-100,-100.0,40,1.75,3.5,-73.45,3.9277,-89,2.9,116.65,0.4391,0.249639,2.8209,0.9286
1924,-100,-100.0,40,1.75,4.0,-74.06,4.3312,-91,2.53,116.96,0.438493,0.252871,2.8103,0.9208
1925,-100,-100.0,40,1.75,4.5,-74.31,4.8648,-93,2.93,116.43,0.463758,0.252545,2.3305,0.9306
1926,-100,-100.0,40,1.75,5.0,-74.09,5.4454,-99,3.8,115.49,0.462875,0.277155,3.0175,0.9126
1928,-100,-100.0,40,1.75,6.0,-74.59,6.4488,-99,5.81,113.16,0.518092,0.322312,5.3138,0.8622
1927,-100,-100.0,40,1.75,5.5,-74.36,5.8569,-100,3.98,115.34,0.474872,0.292053,3.4767,0.9051
1931,-100,-100.0,40,1.75,7.5,-73.46,7.8491,-100,7.48,111.02,0.500697,0.366137,10.7271,0.7174
1929,-100,-100.0,40,1.75,6.5,-74.7,6.7698,-100,2.32,117.28,0.42366,0.240829,1.2453,0.9542
1930,-100,-100.0,40,1.75,7.0,-74.37,7.1801,-100,1.77,117.94,0.411822,0.224726,1.2516,0.9585
1933,-100,-100.0,40,1.75,8.5,-74.76,8.6464,-100,3.51,115.76,0.473502,0.272713,4.0586,0.8855
1932,-100,-100.0,40,1.75,8.0,-73.77,8.0958,-100,1.52,118.24,0.418221,0.224768,0.7541,0.9762
1934,-100,-100.0,40,1.75,9.0,-74.03,9.1118,-100,2.7,116.83,0.415596,0.248476,1.8843,0.9512
1935,-100,-100.0,40,1.75,9.5,-73.77,9.6529,-100,7.32,111.34,0.540537,0.338237,7.0911,0.8217
1936,-100,-100.0,40,1.75,10.0,-74.91,10.0353,-100,5.43,113.49,0.479671,0.31177,5.0849,0.8629
1937,-100,-100.0,40,1.75,10.5,-74.09,10.6098,-100,3.94,115.35,0.471134,0.277705,4.1114,0.8817
1938,-100,-100.0,40,1.75,11.0,-74.75,11.1331,-100,2.01,117.69,0.413338,0.232879,0.806,0.9669
1939,-100,-100.0,40,1.75,11.5,-74.06,11.5705,-100,4.28,114.94,0.473598,0.28477,3.3217,0.9136
1940,-100,-100.0,40,1.75,12.0,-74.29,11.8419,-100,1.38,118.26,0.448037,0.237857,1.2169,0.9622
1942,-100,-100.0,40,1.75,13.0,-74.74,12.8242,-100,9.21,109.08,0.563082,0.375164,9.7094,0.7293
1941,-100,-100.0,40,1.75,12.5,-74.16,12.3871,-100,7.05,111.53,0.535019,0.361308,7.5128,0.7902
1945,-100,-100.0,40,2.0,1.0,-70.22,1.7807,-76,3.94,115.34,0.490333,0.286916,3.4515,0.9089
1943,-100,-100.0,40,1.75,13.5,-73.32,13.2755,-100,6.21,112.71,0.531311,0.320304,5.0309,0.8575
1944,-100,-100.0,40,1.75,14.0,-74.34,13.7157,-100,5.36,113.58,0.497323,0.310133,5.2025,0.8497
1946,-100,-100.0,40,2.0,1.5,-70.72,1.7532,-78,0.96,118.84,0.36413,0.184723,0.5529,0.9811
1947,-100,-100.0,40,2.0,2.0,-69.94,2.6891,-80,8.83,109.37,0.530044,0.404744,13.4851,0.6429
1949,-100,-100.0,40,2.0,3.0,-69.87,3.6319,-84,5.42,113.6,0.478327,0.307088,5.5425,0.8755
1948,-100,-100.0,40,2.0,2.5,-70.46,2.9241,-83,1.38,118.44,0.416719,0.224184,0.8681,0.9691
1950,-100,-100.0,40,2.0,3.5,-71.02,3.993,-89,2.99,116.58,0.458426,0.260206,1.6464,0.9559
1951,-100,-100.0,40,2.0,4.0,-70.51,4.2147,-91,7.41,111.14,0.51163,0.347685,8.4694,0.7668
1952,-100,-100.0,40,2.0,4.5,-70.55,4.6684,-90,2.14,117.5,0.446858,0.240481,1.3661,0.9564
1953,-100,-100.0,40,2.0,5.0,-71.04,5.3598,-92,1.84,117.84,0.412617,0.226744,0.6749,0.9693
1956,-100,-100.0,40,2.0,6.5,-70.62,6.6019,-100,7.61,110.96,0.501884,0.344367,7.1537,0.8233
1954,-100,-100.0,40,2.0,5.5,-70.71,5.7131,-97,2.3,117.19,0.486453,0.257647,1.7796,0.9481
1955,-100,-100.0,40,2.0,6.0,-70.35,6.473,-95,3.47,115.85,0.47501,0.273184,2.8707,0.9163
1957,-100,-100.0,40,2.0,7.0,-70.28,7.3279,-99,1.18,118.75,0.429302,0.219426,0.8462,0.9736
1958,-100,-100.0,40,2.0,7.5,-70.79,7.7626,-99,6.91,111.68,0.49458,0.336887,6.4326,0.8476
1959,-100,-100.0,40,2.0,8.0,-70.4,8.3845,-100,4.75,114.29,0.500549,0.306837,4.6068,0.8685
1961,-100,-100.0,40,2.0,9.0,-70.86,9.2052,-100,4.31,114.95,0.469685,0.285465,4.453,0.8951
1960,-100,-100.0,40,2.0,8.5,-70.86,8.7432,-100,2.26,117.34,0.42208,0.232246,1.5566,0.9547
1962,-100,-100.0,40,2.0,9.5,-70.15,9.781,-100,2.73,116.84,0.440934,0.245498,2.0927,0.9452
1963,-100,-100.0,40,2.0,10.0,-70.88,10.0949,-100,2.32,117.24,0.460145,0.249937,1.6709,0.9526
1964,-100,-100.0,40,2.0,10.5,-70.71,10.5705,-100,4.72,114.51,0.518649,0.312504,4.8165,0.8662
1965,-100,-100.0,40,2.0,11.0,-70.56,11.2371,-100,5.64,113.23,0.508821,0.320013,6.1829,0.8434
1968,-100,-100.0,40,2.0,12.5,-71.3,12.5859,-100,3.03,116.28,0.438302,0.262482,1.9751,0.9472
1966,-100,-100.0,40,2.0,11.5,-70.62,11.5367,-100,2.07,117.64,0.418447,0.236518,1.1365,0.96
1967,-100,-100.0,40,2.0,12.0,-70.4,11.9805,-100,5.66,113.26,0.516119,0.309211,4.7168,0.8908
1970,-100,-100.0,40,2.0,13.5,-70.37,13.4129,-100,5.99,112.83,0.478031,0.315759,5.7997,0.8682
1969,-100,-100.0,40,2.0,13.0,-70.39,13.048,-100,4.61,114.53,0.468479,0.290509,4.1883,0.8787
1971,-100,-100.0,40,2.0,14.0,-69.95,13.8436,-100,2.38,117.31,0.42267,0.233122,2.2976,0.9318
1974,-100,-100.0,40,2.25,2.0,-66.73,2.5699,-77,7.24,111.39,0.503604,0.354673,6.7719,0.8434
1972,-100,-100.0,40,2.25,1.0,-66.86,2.1973,-74,2.93,116.49,0.454737,0.261913,2.5315,0.9306
1973,-100,-100.0,40,2.25,1.5,-67.64,2.2277,-75,2.59,117.08,0.448083,0.256731,1.7606,0.9579
1975,-100,-100.0,40,2.25,2.5,-67.07,3.0456,-79,2.0,117.67,0.427636,0.238615,0.693,0.9673
1976,-100,-100.0,40,2.25,3.0,-66.45,3.4772,-80,3.49,115.91,0.45351,0.293751,4.5669,0.8756
1977,-100,-100.0,40,2.25,3.5,-66.83,3.7404,-82,2.09,117.62,0.424236,0.227415,1.7898,0.945
1978,-100,-100.0,40,2.25,4.0,-66.83,4.6928,-85,2.49,117.1,0.419057,0.243683,2.7378,0.9289
1979,-100,-100.0,40,2.25,4.5,-66.59,4.9184,-84,5.11,113.9,0.46542,0.313796,5.3099,0.8474
1980,-100,-100.0,40,2.25,5.0,-66.22,5.4512,-87,3.26,116.02,0.440594,0.260729,3.8245,0.8916
1981,-100,-100.0,40,2.25,5.5,-66.83,5.9165,-89,2.24,117.4,0.401715,0.225791,0.8739,0.9631
1982,-100,-100.0,40,2.25,6.0,-67.29,6.2054,-94,1.53,118.16,0.409566,0.215802,0.9104,0.9745
1983,-100,-100.0,40,2.25,6.5,-66.87,6.9704,-93,1.63,118.12,0.441835,0.231755,1.133,0.9662
1986,-100,-100.0,40,2.25,8.0,-66.94,8.4213,-98,7.39,111.24,0.520445,0.37444,11.1833,0.7035
1985,-100,-100.0,40,2.25,7.5,-67.09,7.9055,-97,4.93,114.28,0.48488,0.298906,4.3448,0.8913
1984,-100,-100.0,40,2.25,7.0,-67.37,7.338,-95,3.44,115.79,0.446414,0.274311,5.1344,0.8631
1987,-100,-100.0,40,2.25,8.5,-67.15,8.8011,-99,4.17,115.08,0.456586,0.298981,4.3645,0.8765
1989,-100,-100.0,40,2.25,9.5,-67.39,9.6962,-100,5.81,113.03,0.459217,0.319151,5.6818,0.8676
1988,-100,-100.0,40,2.25,9.0,-66.98,9.337,-100,1.89,117.84,0.420528,0.233378,1.4857,0.9537
1990,-100,-100.0,40,2.25,10.0,-66.93,10.1691,-100,6.62,112.14,0.4977,0.335466,7.3039,0.8184
1991,-100,-100.0,40,2.25,10.5,-67.16,10.6304,-100,1.33,118.31,0.410168,0.213737,0.8564,0.9754
1994,-100,-100.0,40,2.25,12.0,-66.32,12.1606,-100,8.29,110.13,0.518173,0.375501,9.173,0.7535
1992,-100,-100.0,40,2.25,11.0,-67.55,11.1505,-100,2.24,117.39,0.443229,0.238438,1.2349,0.9605
1993,-100,-100.0,40,2.25,11.5,-67.15,11.704,-100,1.98,117.53,0.445648,0.24406,1.4723,0.9562
1995,-100,-100.0,40,2.25,12.5,-66.8,12.6165,-100,7.71,110.76,0.527179,0.359907,7.5255,0.7955
1996,-100,-100.0,40,2.25,13.0,-67.26,13.0178,-100,1.57,118.25,0.413956,0.227271,0.9531,0.9687
1997,-100,-100.0,40,2.25,13.5,-66.68,13.6339,-100,1.3,118.35,0.426528,0.224656,1.0173,0.968
1998,-100,-100.0,40,2.25,14.0,-66.56,14.1337,-100,6.55,112.25,0.538772,0.329031,5.5953,0.846
1999,-100,-100.0,40,2.5,1.0,-64.01,2.6259,-71,1.35,118.45,0.426302,0.21291,1.0396,0.9673
2002,-100,-100.0,40,2.5,2.5,-63.48,3.352,-75,9.46,108.68,0.529415,0.405327,10.8877,0.7049
2000,-100,-100.0,40,2.5,1.5,-64.49,3.0545,-75,2.4,117.06,0.439824,0.257184,1.9355,0.9434
2001,-100,-100.0,40,2.5,2.0,-63.3,3.4295,-75,2.83,116.53,0.458228,0.26451,1.398,0.9499
2003,-100,-100.0,40,2.5,3.0,-63.29,4.3387,-78,5.93,112.96,0.502553,0.31226,5.4181,0.851
2004,-100,-100.0,40,2.5,3.5,-63.59,4.268,-80,3.68,115.82,0.481225,0.28744,3.5037,0.8949
2005,-100,-100.0,40,2.5,4.0,-63.94,4.4107,-81,2.32,117.21,0.423836,0.23792,2.545,0.9271
2006,-100,-100.0,40,2.5,4.5,-63.03,5.0408,-82,4.12,115.08,0.460698,0.293349,5.1286,0.8584
2007,-100,-100.0,40,2.5,5.0,-63.08,5.1425,-83,3.55,115.71,0.469646,0.264556,4.6662,0.8723
2009,-100,-100.0,40,2.5,6.0,-63.36,6.4283,-89,5.04,114.04,0.471218,0.297433,4.0925,0.8966
2008,-100,-100.0,40,2.5,5.5,-63.21,6.0382,-86,1.73,117.85,0.413665,0.22825,1.2192,0.9632
2010,-100,-100.0,40,2.5,6.5,-63.15,6.9716,-93,4.55,114.66,0.464787,0.29271,4.7309,0.8651
2011,-100,-100.0,40,2.5,7.0,-62.86,7.1681,-92,1.74,117.75,0.411358,0.235619,1.5746,0.9522
2013,-100,-100.0,40,2.5,8.0,-63.48,8.3399,-93,2.25,117.41,0.44015,0.237941,1.5695,0.953
2012,-100,-100.0,40,2.5,7.5,-63.92,7.7207,-96,1.59,118.14,0.432398,0.224966,0.9725,0.9658
2014,-100,-100.0,40,2.5,8.5,-63.56,8.6336,-98,4.84,114.25,0.463669,0.299166,4.5349,0.8682
2016,-100,-100.0,40,2.5,9.5,-63.5,9.7042,-99,3.51,115.96,0.453007,0.264832,2.9706,0.9213
2015,-100,-100.0,40,2.5,9.0,-63.0,9.1333,-98,2.63,116.84,0.422736,0.25099,2.2421,0.9456
2017,-100,-100.0,40,2.5,10.0,-63.31,10.1143,-100,3.24,116.18,0.447138,0.28001,4.7407,0.8732
2018,-100,-100.0,40,2.5,10.5,-63.7,10.8218,-100,2.58,116.96,0.413082,0.245051,1.8724,0.9488
2019,-100,-100.0,40,2.5,11.0,-63.41,11.2469,-100,4.61,114.54,0.467279,0.295065,4.0831,0.8843
2020,-100,-100.0,40,2.5,11.5,-63.96,11.774,-100,4.16,115.07,0.441068,0.289388,5.8078,0.8434
2021,-100,-100.0,40,2.5,12.0,-64.4,12.1736,-100,2.07,117.64,0.431561,0.232153,1.6149,0.9497
2023,-100,-100.0,40,2.5,13.0,-63.9,13.2492,-100,7.31,111.17,0.514324,0.349018,7.6098,0.8319
2022,-100,-100.0,40,2.5,12.5,-62.89,12.6252,-100,4.2,114.96,0.469981,0.290536,3.4823,0.9147
2025,-100,-100.0,40,2.5,14.0,-63.54,14.0217,-100,4.27,114.86,0.477213,0.292235,4.8385,0.8676
2024,-100,-100.0,40,2.5,13.5,-63.13,13.5522,-100,1.38,118.45,0.422084,0.212182,0.8064,0.9702
2026,-100,-100.0,40,2.75,1.0,-59.77,2.5687,-67,3.34,116.21,0.438596,0.275086,4.5932,0.8749
2028,-100,-100.0,40,2.75,2.0,-59.81,3.2211,-70,4.1,115.05,0.456948,0.296305,4.3706,0.8792
2027,-100,-100.0,40,2.75,1.5,-60.66,2.8721,-71,2.92,116.5,0.431063,0.265485,2.4028,0.9279
2029,-100,-100.0,40,2.75,2.5,-60.32,3.6499,-74,4.93,114.12,0.453381,0.293842,4.5706,0.8772
2030,-100,-100.0,40,2.75,3.0,-59.99,4.0456,-75,2.09,117.63,0.450471,0.23285,0.4882,0.9732
2031,-100,-100.0,40,2.75,3.5,-59.62,3.9652,-75,2.86,116.7,0.434968,0.256716,2.6265,0.9226
2034,-100,-100.0,40,2.75,5.0,-59.13,5.5589,-80,7.71,110.9,0.531513,0.37621,9.434,0.7396
2033,-100,-100.0,40,2.75,4.5,-60.39,5.1717,-81,6.18,112.65,0.506968,0.326656,7.0795,0.8213
2032,-100,-100.0,40,2.75,4.0,-59.32,4.6414,-77,2.14,117.56,0.438283,0.243716,0.8244,0.9631
2035,-100,-100.0,40,2.75,5.5,-59.71,6.1473,-87,2.99,116.41,0.458237,0.276004,2.857,0.9228
2037,-100,-100.0,40,2.75,6.5,-60.03,7.1595,-91,5.34,113.67,0.49709,0.309697,3.9504,0.9
2036,-100,-100.0,40,2.75,6.0,-59.1,6.3735,-89,4.92,114.18,0.467976,0.300092,4.9922,0.8774
2038,-100,-100.0,40,2.75,7.0,-59.55,7.5929,-89,4.56,114.46,0.462158,0.300453,7.7952,0.7987
2040,-100,-100.0,40,2.75,8.0,-60.1,8.337,-93,8.42,110.01,0.547224,0.38451,9.397,0.772
2041,-100,-100.0,40,2.75,8.5,-60.24,8.8443,-100,5.57,113.39,0.455948,0.317469,5.2874,0.8496
2039,-100,-100.0,40,2.75,7.5,-59.63,7.865,-90,3.15,116.3,0.46772,0.268359,2.0323,0.9454
2042,-100,-100.0,40,2.75,9.0,-59.72,9.3025,-96,5.44,113.41,0.47662,0.317342,5.0868,0.8588
2043,-100,-100.0,40,2.75,9.5,-60.06,9.8064,-100,1.57,118.02,0.401588,0.214417,1.0655,0.9652
2044,-100,-100.0,40,2.75,10.0,-59.83,10.4746,-100,2.57,116.98,0.442605,0.24907,1.9048,0.9477
2046,-100,-100.0,40,2.75,11.0,-59.28,11.2371,-100,2.49,117.05,0.42354,0.242873,2.3583,0.9338
2045,-100,-100.0,40,2.75,10.5,-59.61,10.7256,-99,1.69,118.05,0.427659,0.237204,0.5335,0.9727
2047,-100,-100.0,40,2.75,11.5,-60.17,11.7518,-100,0.96,119.07,0.402242,0.20481,0.1546,0.9884
2048,-100,-100.0,40,2.75,12.0,-59.36,12.2172,-100,3.34,116.14,0.452205,0.266882,3.499,0.902
2049,-100,-100.0,40,2.75,12.5,-59.55,12.6878,-100,2.31,117.44,0.422133,0.23807,2.7484,0.923
2050,-100,-100.0,40,2.75,13.0,-59.97,13.1658,-100,5.8,112.92,0.519481,0.320701,6.2812,0.8543
2051,-100,-100.0,40,2.75,13.5,-60.39,13.6762,-100,8.04,110.32,0.513331,0.362442,9.8102,0.74
2053,-100,-100.0,40,3.0,1.0,-56.63,2.7264,-66,6.34,112.26,0.526387,0.329865,7.0062,0.8016
2052,-100,-100.0,40,2.75,14.0,-60.47,14.0778,-100,1.86,118.0,0.436445,0.242005,1.2001,0.9584
2054,-100,-100.0,40,3.0,1.5,-56.47,2.838,-65,1.17,118.69,0.409898,0.216328,0.5545,0.979
2055,-100,-100.0,40,3.0,2.0,-56.82,3.6737,-69,5.66,113.21,0.497307,0.329504,6.381,0.8227
2056,-100,-100.0,40,3.0,2.5,-55.86,3.8464,-70,3.55,115.75,0.462028,0.27767,3.064,0.9089
2059,-100,-100.0,40,3.0,4.0,-56.33,4.8913,-74,7.51,111.14,0.511825,0.358106,7.5754,0.7904
2058,-100,-100.0,40,3.0,3.5,-55.76,4.4117,-71,5.26,113.84,0.499324,0.311942,7.5548,0.7969
2057,-100,-100.0,40,3.0,3.0,-55.85,3.9446,-71,3.05,116.42,0.426076,0.260706,3.4006,0.9114
2062,-100,-100.0,40,3.0,5.5,-56.08,6.0584,-79,3.72,115.61,0.444277,0.279908,3.9501,0.8907
2060,-100,-100.0,40,3.0,4.5,-57.01,5.3646,-77,2.62,117.0,0.432033,0.254763,1.5558,0.9548
2061,-100,-100.0,40,3.0,5.0,-56.91,5.7491,-79,2.74,116.76,0.425723,0.248533,1.7708,0.9577
2063,-100,-100.0,40,3.0,6.0,-56.56,6.4855,-84,3.82,115.41,0.434242,0.279777,4.7944,0.8698
2064,-100,-100.0,40,3.0,6.5,-55.48,7.1261,-83,4.1,115.11,0.479273,0.279399,4.7659,0.8698
2065,-100,-100.0,40,3.0,7.0,-56.4,7.3811,-87,2.0,117.64,0.418338,0.227838,1.276,0.9589
2066,-100,-100.0,40,3.0,7.5,-56.68,7.9371,-94,3.57,115.81,0.442115,0.275587,4.583,0.8747
2067,-100,-100.0,40,3.0,8.0,-55.59,8.2938,-90,3.31,116.09,0.466418,0.268155,4.1695,0.8868
2069,-100,-100.0,40,3.0,9.0,-56.53,9.3369,-90,3.08,116.53,0.476739,0.277818,3.0285,0.9118
2068,-100,-100.0,40,3.0,8.5,-56.8,8.8482,-91,1.94,117.72,0.426562,0.244241,1.9745,0.9416
2072,-100,-100.0,40,3.0,10.5,-56.43,11.0421,-100,4.6,114.47,0.448846,0.288793,4.1123,0.8859
2074,-100,-100.0,40,3.0,11.5,-55.47,11.9655,-100,1.82,117.9,0.415929,0.226011,1.1885,0.9686
2071,-100,-100.0,40,3.0,10.0,-56.94,10.3263,-98,4.41,114.69,0.438637,0.289113,4.8702,0.8655
2070,-100,-100.0,40,3.0,9.5,-56.16,9.9975,-96,4.12,114.95,0.464664,0.290907,4.6299,0.8696
2075,-100,-100.0,40,3.0,12.0,-56.88,12.1896,-100,4.54,114.66,0.487094,0.302757,4.8743,0.8635
2073,-100,-100.0,40,3.0,11.0,-56.39,11.3785,-100,2.84,116.59,0.413745,0.251928,2.1368,0.9391
2076,-100,-100.0,40,3.0,12.5,-55.99,12.7683,-100,1.98,117.67,0.426058,0.241097,1.0882,0.9652
2077,-100,-100.0,40,3.0,13.0,-56.32,13.3086,-100,1.51,118.12,0.428137,0.221478,1.1597,0.9624
2078,-100,-100.0,40,3.0,13.5,-56.45,13.7757,-100,1.99,117.61,0.419015,0.233863,0.9994,0.967
2079,-100,-100.0,40,3.0,14.0,-56.05,14.0733,-100,3.08,116.43,0.438993,0.259584,2.2565,0.9318
2080,-100,-100.0,40,3.25,1.0,-52.91,2.8723,-60,3.45,115.8,0.491232,0.273405,4.042,0.8888
2082,-100,-100.0,40,3.25,2.0,-52.39,3.1727,-64,7.07,111.51,0.521054,0.371042,10.0047,0.7331
2081,-100,-100.0,40,3.25,1.5,-52.25,3.9215,-62,1.69,118.08,0.440745,0.234668,1.2931,0.9586
2086,-100,-100.0,40,3.25,4.0,-52.97,4.7575,-71,4.08,115.09,0.490293,0.284463,4.5717,0.8682
2087,-100,-100.0,40,3.25,4.5,-52.42,5.2373,-74,7.53,111.0,0.53002,0.336447,7.9805,0.8146
2083,-100,-100.0,40,3.25,2.5,-53.17,3.6437,-65,2.77,116.86,0.464086,0.272468,2.9147,0.9157
2085,-100,-100.0,40,3.25,3.5,-52.85,4.352,-68,3.38,115.95,0.466828,0.288839,3.1287,0.9095
2084,-100,-100.0,40,3.25,3.0,-52.57,3.9563,-67,1.59,118.09,0.410592,0.221044,1.0228,0.9667
2088,-100,-100.0,40,3.25,5.0,-52.74,5.4433,-76,3.83,115.52,0.457904,0.283711,3.8023,0.8905
2089,-100,-100.0,40,3.25,5.5,-52.24,6.0633,-74,3.26,116.18,0.46817,0.270791,2.4296,0.9367
2090,-100,-100.0,40,3.25,6.0,-51.99,6.3856,-79,2.24,117.37,0.429985,0.232482,1.4769,0.9566
2091,-100,-100.0,40,3.25,6.5,-52.3,7.1458,-81,1.07,118.8,0.41578,0.21521,0.1924,0.987
2092,-100,-100.0,40,3.25,7.0,-53.07,7.7562,-85,3.95,115.35,0.457663,0.280128,4.4446,0.8796
2093,-100,-100.0,40,3.25,7.5,-52.39,8.0323,-83,4.93,114.16,0.511938,0.319062,5.2221,0.8523
2094,-100,-100.0,40,3.25,8.0,-52.68,8.509,-93,1.87,117.76,0.431288,0.230937,1.4281,0.9622
2095,-100,-100.0,40,3.25,8.5,-52.08,9.0951,-90,6.34,112.58,0.523629,0.339848,6.7549,0.8389
2096,-100,-100.0,40,3.25,9.0,-52.45,9.501,-89,7.84,110.61,0.519168,0.344222,8.8202,0.7991
2098,-100,-100.0,40,3.25,10.0,-53.08,10.3249,-93,2.48,117.1,0.406614,0.240139,2.0606,0.938
2097,-100,-100.0,40,3.25,9.5,-52.73,9.9276,-91,4.33,114.88,0.459488,0.293992,3.4028,0.9
2099,-100,-100.0,40,3.25,10.5,-52.53,11.0602,-93,3.9,115.42,0.450209,0.28309,4.7712,0.8689
2100,-100,-100.0,40,3.25,11.0,-52.98,11.3864,-97,1.55,118.27,0.445874,0.23385,0.8006,0.9736
2101,-100,-100.0,40,3.25,11.5,-52.2,11.648,-100,3.93,115.43,0.454598,0.279885,4.0922,0.8942
2102,-100,-100.0,40,3.25,12.0,-52.54,12.4349,-100,3.41,115.97,0.475115,0.271083,2.7998,0.9286
2103,-100,-100.0,40,3.25,12.5,-52.49,12.6934,-99,1.76,117.91,0.378198,0.209127,1.3527,0.9558
2109,-100,-100.0,40,3.5,2.0,-49.05,4.1807,-63,2.8,116.73,0.478108,0.264393,1.9513,0.9396
2104,-100,-100.0,40,3.25,13.0,-52.32,13.679,-100,2.4,117.26,0.438307,0.247155,2.6131,0.9262
2105,-100,-100.0,40,3.25,13.5,-52.59,13.8607,-100,3.74,115.65,0.462477,0.272721,4.1049,0.8826
2106,-100,-100.0,40,3.25,14.0,-52.53,14.2425,-100,4.68,114.3,0.472014,0.300786,5.7006,0.848
2107,-100,-100.0,40,3.5,1.0,-48.23,3.3186,-56,1.45,118.28,0.426368,0.219762,1.1725,0.9626
2110,-100,-100.0,40,3.5,2.5,-49.93,4.0666,-65,9.12,109.11,0.55168,0.396459,11.5148,0.686
2108,-100,-100.0,40,3.5,1.5,-48.55,2.8656,-57,2.58,116.96,0.425937,0.252755,1.3553,0.954
2111,-100,-100.0,40,3.5,3.0,-48.97,4.0741,-66,1.87,117.84,0.419086,0.233093,1.0738,0.9639
2112,-100,-100.0,40,3.5,3.5,-48.39,4.3439,-64,1.66,117.92,0.420782,0.232174,1.826,0.9488
2113,-100,-100.0,40,3.5,4.0,-49.17,4.924,-70,2.85,116.56,0.433278,0.253853,1.9621,0.947
2114,-100,-100.0,40,3.5,4.5,-49.38,5.3398,-72,3.8,115.47,0.471687,0.28087,3.8618,0.8905
2115,-100,-100.0,40,3.5,5.0,-49.31,5.9796,-74,1.4,118.51,0.434513,0.224569,0.819,0.9705
2118,-100,-100.0,40,3.5,6.5,-48.78,7.1509,-76,2.15,117.36,0.415215,0.232757,1.2531,0.9614
2117,-100,-100.0,40,3.5,6.0,-48.66,6.945,-76,2.58,117.07,0.432919,0.251623,2.2875,0.9306
2116,-100,-100.0,40,3.5,5.5,-49.34,6.073,-73,1.31,118.46,0.424814,0.216204,1.1902,0.9642
2122,-100,-100.0,40,3.5,8.5,-48.76,8.9846,-82,8.0,110.44,0.512322,0.352121,6.3704,0.8311
2119,-100,-100.0,40,3.5,7.0,-48.72,7.6983,-79,4.48,114.58,0.465863,0.294972,7.3436,0.8088
2120,-100,-100.0,40,3.5,7.5,-48.92,8.3085,-87,1.43,118.19,0.408158,0.222651,1.208,0.9636
2121,-100,-100.0,40,3.5,8.0,-49.03,8.5326,-82,1.12,118.62,0.380669,0.202967,1.4572,0.9598
2123,-100,-100.0,40,3.5,9.0,-47.77,9.4659,-87,1.68,117.94,0.431254,0.238634,1.5275,0.956
2124,-100,-100.0,40,3.5,9.5,-49.18,9.9436,-90,1.9,117.8,0.394449,0.219797,1.8301,0.9454
2125,-100,-100.0,40,3.5,10.0,-48.77,10.54,-91,2.66,116.8,0.420885,0.245752,1.8805,0.9412
2126,-100,-100.0,40,3.5,10.5,-48.62,10.8657,-94,2.25,117.3,0.444735,0.256154,1.2969,0.9642
2127,-100,-100.0,40,3.5,11.0,-49.12,11.54,-93,4.31,114.97,0.486269,0.298134,3.769,0.9066
2130,-100,-100.0,40,3.5,12.5,-49.31,12.9275,-100,8.2,110.23,0.523234,0.372696,10.4549,0.7187
2128,-100,-100.0,40,3.5,11.5,-48.32,12.006,-93,2.18,117.52,0.410958,0.235562,1.8881,0.9423
2129,-100,-100.0,40,3.5,12.0,-49.1,12.3933,-95,1.19,118.51,0.427917,0.216623,0.553,0.9798
2133,-100,-100.0,40,3.5,14.0,-48.47,14.2486,-100,4.83,114.17,0.494432,0.301758,5.1943,0.8622
2132,-100,-100.0,40,3.5,13.5,-49.07,14.1162,-100,7.08,111.57,0.563631,0.366999,7.5665,0.8229
2134,-100,-100.0,40,3.75,1.0,-44.29,3.4573,-53,7.32,111.3,0.524032,0.351371,11.3947,0.6998
2131,-100,-100.0,40,3.5,13.0,-49.52,13.4925,-100,3.89,115.44,0.455497,0.29695,4.1273,0.8817
2135,-100,-100.0,40,3.75,1.5,-45.3,2.9572,-55,2.19,117.43,0.400593,0.237306,2.2553,0.9342
2136,-100,-100.0,40,3.75,2.0,-45.61,3.5265,-57,3.99,115.14,0.438037,0.280161,3.9675,0.8837
2137,-100,-100.0,40,3.75,2.5,-45.73,4.0629,-60,2.61,116.87,0.425015,0.245385,1.5712,0.9533
2138,-100,-100.0,40,3.75,3.0,-45.83,4.3942,-61,2.72,116.8,0.424565,0.248018,1.8945,0.951
2139,-100,-100.0,40,3.75,3.5,-46.07,4.5733,-63,1.65,118.15,0.407007,0.216861,0.8611,0.969
2140,-100,-100.0,40,3.75,4.0,-45.49,5.1364,-65,5.31,113.63,0.479513,0.312981,5.2902,0.8644
2141,-100,-100.0,40,3.75,4.5,-45.48,5.4803,-64,4.75,114.4,0.455148,0.301942,6.2627,0.83
2142,-100,-100.0,40,3.75,5.0,-45.07,6.1808,-68,2.11,117.58,0.429769,0.23626,2.547,0.9284
2143,-100,-100.0,40,3.75,5.5,-45.37,6.2962,-69,3.78,115.5,0.457632,0.27245,4.4741,0.875
2144,-100,-100.0,40,3.75,6.0,-45.49,6.6256,-69,2.74,116.91,0.464721,0.267191,1.9437,0.942
2145,-100,-100.0,40,3.75,6.5,-45.73,7.0437,-77,4.03,115.14,0.473733,0.284386,4.0441,0.8978
2147,-100,-100.0,40,3.75,7.5,-45.79,8.2121,-76,3.35,116.0,0.416552,0.260768,5.3674,0.8593
2146,-100,-100.0,40,3.75,7.0,-45.33,7.6876,-79,2.98,116.45,0.471395,0.262495,2.0973,0.9432
2148,-100,-100.0,40,3.75,8.0,-46.33,8.5779,-83,4.9,114.26,0.459827,0.306402,6.5841,0.8201
2149,-100,-100.0,40,3.75,8.5,-45.81,9.115,-80,1.82,117.92,0.412873,0.222076,1.3265,0.9624
2150,-100,-100.0,40,3.75,9.0,-45.55,9.4882,-87,2.03,117.69,0.425817,0.2352,1.302,0.9562
2151,-100,-100.0,40,3.75,9.5,-45.71,10.0477,-84,5.88,113.01,0.505094,0.306324,4.6989,0.8727
2153,-100,-100.0,40,3.75,10.5,-45.08,11.1519,-92,3.57,115.86,0.472431,0.274198,3.4221,0.9051
2152,-100,-100.0,40,3.75,10.0,-45.55,10.3643,-85,1.33,118.4,0.432925,0.222478,0.4318,0.9801
2154,-100,-100.0,40,3.75,11.0,-45.49,11.3702,-97,7.86,110.65,0.496284,0.3788,10.0473,0.7282
2155,-100,-100.0,40,3.75,11.5,-45.47,11.776,-91,7.3,111.42,0.504482,0.348147,7.7563,0.832
2156,-100,-100.0,40,3.75,12.0,-44.77,12.2669,-92,3.76,115.54,0.444428,0.274803,3.1642,0.9121
2157,-100,-100.0,40,3.75,12.5,-45.95,12.8147,-98,4.36,114.77,0.458612,0.290071,3.6388,0.9051
2158,-100,-100.0,40,3.75,13.0,-45.28,13.2645,-100,3.33,115.85,0.467908,0.28408,3.6281,0.8985
2159,-100,-100.0,40,3.75,13.5,-46.14,13.8097,-97,2.56,116.9,0.465797,0.254702,1.7364,0.9414
2160,-100,-100.0,40,3.75,14.0,-45.45,14.3546,-100,8.35,110.06,0.534284,0.379705,9.9074,0.7351
2161,-100,-100.0,40,4.0,1.0,-41.57,3.5411,-50,2.5,117.16,0.451991,0.248058,1.1334,0.962
2162,-100,-100.0,40,4.0,1.5,-41.63,4.1476,-52,4.32,114.85,0.449985,0.29029,4.7318,0.8644
2163,-100,-100.0,40,4.0,2.0,-41.74,3.7759,-53,3.82,115.6,0.457772,0.284958,3.9942,0.8852
2165,-100,-100.0,40,4.0,3.0,-41.33,4.6899,-57,2.53,117.06,0.441126,0.249305,1.9695,0.9432
2166,-100,-100.0,40,4.0,3.5,-42.2,5.0162,-61,8.0,110.61,0.570941,0.371897,8.3765,0.817
2164,-100,-100.0,40,4.0,2.5,-41.79,3.6688,-55,1.46,118.34,0.449788,0.225529,0.8477,0.9701
2167,-100,-100.0,40,4.0,4.0,-41.31,5.5711,-61,3.97,115.23,0.470911,0.283283,3.5457,0.903
2168,-100,-100.0,40,4.0,4.5,-42.23,5.9766,-63,1.77,117.93,0.39961,0.218732,1.0963,0.9624
2169,-100,-100.0,40,4.0,5.0,-42.14,6.1123,-68,4.14,115.13,0.456081,0.285909,5.7968,0.8426
2170,-100,-100.0,40,4.0,5.5,-41.9,6.7617,-67,2.03,117.63,0.418458,0.246433,1.6412,0.9523
2171,-100,-100.0,40,4.0,6.0,-41.97,6.7324,-70,2.83,116.78,0.463612,0.262525,1.9468,0.9485
2172,-100,-100.0,40,4.0,6.5,-41.71,7.3507,-68,4.6,114.71,0.484967,0.298446,3.4314,0.904
2173,-100,-100.0,40,4.0,7.0,-41.31,7.7206,-70,3.64,115.74,0.438244,0.278587,4.9831,0.8643
2174,-100,-100.0,40,4.0,7.5,-41.68,8.3973,-74,2.11,117.62,0.456809,0.25287,1.4701,0.9532
2175,-100,-100.0,40,4.0,8.0,-41.79,8.6344,-75,4.08,115.17,0.450569,0.285514,4.879,0.868
2180,-100,-100.0,40,4.0,10.5,-41.3,10.9553,-84,3.02,116.37,0.451829,0.274349,2.2654,0.9309
2176,-100,-100.0,40,4.0,8.5,-42.28,9.2971,-79,2.74,116.88,0.434713,0.243593,2.0035,0.9367
2178,-100,-100.0,40,4.0,9.5,-41.67,9.9756,-79,4.7,114.32,0.479991,0.304489,4.6154,0.8831
2177,-100,-100.0,40,4.0,9.0,-41.75,9.6792,-82,2.15,117.4,0.420625,0.2419,1.458,0.961
2179,-100,-100.0,40,4.0,10.0,-42.6,10.4271,-80,1.53,118.31,0.427055,0.218954,0.8253,0.9701
2181,-100,-100.0,40,4.0,11.0,-42.31,11.523,-94,2.97,116.44,0.444541,0.26878,2.8047,0.9166
2182,-100,-100.0,40,4.0,11.5,-42.06,12.4703,-95,3.56,115.72,0.460941,0.276666,4.9776,0.8653
2184,-100,-100.0,40,4.0,12.5,-41.2,12.8846,-92,2.02,117.57,0.446121,0.243223,1.3887,0.9539
2183,-100,-100.0,40,4.0,12.0,-41.41,12.2756,-94,3.4,115.9,0.452831,0.275058,4.5865,0.8749
2185,-100,-100.0,40,4.0,13.0,-42.24,13.2421,-92,1.91,117.68,0.406564,0.229,1.7327,0.9576
2186,-100,-100.0,40,4.0,13.5,-41.39,13.9216,-95,8.09,110.37,0.512143,0.371705,7.5056,0.8199
2187,-100,-100.0,40,4.0,14.0,-42.53,14.3555,-95,4.66,114.52,0.492052,0.304128,5.1815,0.8597
2188,-100,-100.0,40,4.25,1.0,-38.0,3.3902,-48,7.97,110.43,0.499027,0.353487,8.706,0.7731
2190,-100,-100.0,40,4.25,2.0,-38.13,4.5631,-51,3.47,115.91,0.451067,0.262295,1.9303,0.9371
2189,-100,-100.0,40,4.25,1.5,-37.96,3.7544,-48,2.95,116.47,0.44931,0.270989,3.9213,0.8936
2191,-100,-100.0,40,4.25,2.5,-37.57,3.9926,-52,2.38,116.98,0.445011,0.263021,2.3885,0.9302
2192,-100,-100.0,40,4.25,3.0,-38.62,4.1486,-53,2.31,117.31,0.4389,0.240735,1.5102,0.9497
2196,-100,-100.0,40,4.25,5.0,-38.43,5.6043,-61,8.93,109.49,0.544445,0.408699,11.5219,0.6877
2193,-100,-100.0,40,4.25,3.5,-37.55,5.0106,-54,1.85,117.84,0.406285,0.226023,1.5078,0.9533
2194,-100,-100.0,40,4.25,4.0,-39.01,5.2701,-59,2.78,116.75,0.461379,0.260176,1.8705,0.9414
2195,-100,-100.0,40,4.25,4.5,-37.88,5.8682,-58,2.06,117.66,0.439124,0.243099,1.1368,0.9622
2197,-100,-100.0,40,4.25,5.5,-38.05,6.2801,-62,2.11,117.56,0.432643,0.238538,1.7283,0.9472
2198,-100,-100.0,40,4.25,6.0,-37.99,6.7776,-65,1.83,117.91,0.432917,0.235658,1.5164,0.955
2199,-100,-100.0,40,4.25,6.5,-38.39,7.4691,-67,2.67,116.89,0.417752,0.246329,1.9415,0.9416
2200,-100,-100.0,40,4.25,7.0,-38.42,7.8912,-70,7.77,110.8,0.53632,0.377642,10.5383,0.7195
2201,-100,-100.0,40,4.25,7.5,-38.17,8.455,-68,3.68,115.63,0.458629,0.265354,3.0507,0.9091
2203,-100,-100.0,40,4.25,8.5,-38.41,9.4279,-73,4.94,114.13,0.483962,0.302097,4.2009,0.8795
2204,-100,-100.0,40,4.25,9.0,-38.38,9.6985,-74,2.35,117.25,0.422661,0.246434,1.6207,0.9566
2202,-100,-100.0,40,4.25,8.0,-37.52,8.7035,-71,1.58,118.21,0.439321,0.229137,1.374,0.9576
2208,-100,-100.0,40,4.25,11.0,-38.44,11.327,-93,2.96,116.5,0.441083,0.25084,2.3784,0.935
2205,-100,-100.0,40,4.25,9.5,-38.9,10.1607,-78,3.82,115.48,0.459757,0.28183,5.5982,0.8501
2206,-100,-100.0,40,4.25,10.0,-37.66,10.8542,-77,0.87,118.87,0.419103,0.218054,0.3673,0.9846
2207,-100,-100.0,40,4.25,10.5,-37.78,11.2039,-81,0.93,119.02,0.368835,0.182744,0.2942,0.9857
2210,-100,-100.0,40,4.25,12.0,-38.63,12.4821,-89,3.36,115.97,0.444885,0.269971,3.2223,0.9226
2209,-100,-100.0,40,4.25,11.5,-38.59,11.9208,-88,0.91,118.83,0.392503,0.206569,0.6067,0.979
2211,-100,-100.0,40,4.25,12.5,-38.05,12.888,-92,8.91,109.42,0.528441,0.378736,10.2599,0.7275
2212,-100,-100.0,40,4.25,13.0,-37.98,13.4444,-93,3.68,115.73,0.473587,0.273248,4.1155,0.8848
2213,-100,-100.0,40,4.25,13.5,-39.05,14.0119,-97,2.05,117.63,0.403888,0.230474,1.4769,0.9556
2216,-100,-100.0,40,4.5,1.5,-35.28,4.271,-48,4.4,114.78,0.443453,0.290322,5.0483,0.8615
2214,-100,-100.0,40,4.25,14.0,-37.54,14.5565,-93,2.58,117.01,0.459252,0.262769,2.0725,0.9427
2215,-100,-100.0,40,4.5,1.0,-34.85,3.6467,-44,1.7,117.94,0.415222,0.234198,1.034,0.9655
2217,-100,-100.0,40,4.5,2.0,-34.18,3.714,-45,8.23,110.15,0.496671,0.372082,9.4679,0.7684
2218,-100,-100.0,40,4.5,2.5,-34.75,4.1277,-48,8.27,110.12,0.499521,0.374199,9.6279,0.7752
2220,-100,-100.0,40,4.5,3.5,-34.96,5.1184,-53,8.05,110.42,0.518527,0.371622,9.3291,0.7571
2219,-100,-100.0,40,4.5,3.0,-33.99,4.5907,-51,3.83,115.44,0.471699,0.290597,5.1713,0.8624
2221,-100,-100.0,40,4.5,4.0,-34.5,5.4805,-54,8.24,110.15,0.507978,0.377666,10.1277,0.7212
2222,-100,-100.0,40,4.5,4.5,-34.49,5.8296,-55,1.88,117.66,0.420048,0.225361,1.2316,0.9662
2224,-100,-100.0,40,4.5,5.5,-34.85,6.6329,-61,8.14,110.3,0.535409,0.381364,10.7051,0.7116
2223,-100,-100.0,40,4.5,5.0,-35.13,6.4639,-62,1.78,118.01,0.417966,0.226087,1.4542,0.9535
2225,-100,-100.0,40,4.5,6.0,-33.92,7.0436,-58,8.26,110.15,0.560005,0.381533,8.0298,0.7973
2226,-100,-100.0,40,4.5,6.5,-34.01,7.8018,-68,2.96,116.43,0.427636,0.256678,2.4954,0.9264
2227,-100,-100.0,40,4.5,7.0,-34.31,7.725,-66,3.11,116.4,0.436747,0.265611,4.1346,0.8869
2228,-100,-100.0,40,4.5,7.5,-34.57,8.6406,-71,3.77,115.65,0.426962,0.27681,5.3268,0.8562
2231,-100,-100.0,40,4.5,9.0,-34.39,10.052,-81,4.53,114.64,0.470487,0.301909,5.414,0.8494
2230,-100,-100.0,40,4.5,8.5,-34.44,9.0747,-69,1.94,117.8,0.415758,0.231615,1.4436,0.9544
2229,-100,-100.0,40,4.5,8.0,-34.68,9.0757,-70,3.3,116.11,0.421181,0.25893,4.4272,0.8787
2232,-100,-100.0,40,4.5,9.5,-35.07,10.2245,-77,1.27,118.59,0.398727,0.209169,0.8601,0.9714
2233,-100,-100.0,40,4.5,10.0,-34.23,10.7287,-75,2.69,116.88,0.486832,0.267973,2.7796,0.9192
2234,-100,-100.0,40,4.5,10.5,-34.86,10.9274,-73,1.98,117.67,0.397432,0.231215,1.4999,0.9568
2236,-100,-100.0,40,4.5,11.5,-35.19,12.2936,-83,5.86,113.14,0.487939,0.317219,5.0052,0.8671
2235,-100,-100.0,40,4.5,11.0,-34.85,11.6801,-79,4.12,115.08,0.501374,0.303966,3.8384,0.8979
2237,-100,-100.0,40,4.5,12.0,-33.38,12.5544,-93,4.14,115.04,0.488101,0.283113,4.2214,0.8985
2238,-100,-100.0,40,4.5,12.5,-34.16,13.4135,-87,3.25,116.04,0.437492,0.254291,4.3682,0.8817
2239,-100,-100.0,40,4.5,13.0,-34.98,13.422,-84,1.58,118.23,0.417303,0.222745,1.2461,0.9599
2240,-100,-100.0,40,4.5,13.5,-34.51,14.3268,-92,3.16,116.33,0.439544,0.270768,2.3418,0.9298
2242,-100,-100.0,40,4.75,1.0,-31.05,3.8523,-40,4.68,114.46,0.482348,0.311185,5.0222,0.8588
2243,-100,-100.0,40,4.75,1.5,-30.72,3.962,-42,8.9,109.24,0.531606,0.397158,11.0073,0.6999
2241,-100,-100.0,40,4.5,14.0,-34.24,14.6379,-86,2.98,116.51,0.469276,0.26464,1.9089,0.9503
2244,-100,-100.0,40,4.75,2.0,-31.46,4.8142,-45,3.51,115.94,0.462628,0.271378,2.9541,0.9101
2245,-100,-100.0,40,4.75,2.5,-30.72,4.8501,-46,3.9,115.39,0.429401,0.278669,4.96,0.8637
2246,-100,-100.0,40,4.75,3.0,-31.1,5.2838,-48,1.9,117.78,0.400543,0.221443,1.7286,0.9573
2247,-100,-100.0,40,4.75,3.5,-30.54,5.2582,-48,2.92,116.59,0.458372,0.269812,2.9043,0.9268
2248,-100,-100.0,40,4.75,4.0,-30.34,5.3728,-51,7.08,111.47,0.519931,0.3381,7.5293,0.822
2249,-100,-100.0,40,4.75,4.5,-30.49,5.8789,-54,4.11,115.07,0.449292,0.281742,4.8844,0.8649
2250,-100,-100.0,40,4.75,5.0,-31.18,6.2497,-55,9.32,108.89,0.549016,0.393815,9.3233,0.77
2252,-100,-100.0,40,4.75,6.0,-31.11,6.8816,-56,3.54,115.81,0.463555,0.288086,5.4197,0.8568
2251,-100,-100.0,40,4.75,5.5,-30.64,6.7544,-56,1.8,117.77,0.440487,0.231397,1.7711,0.9473
2254,-100,-100.0,40,4.75,7.0,-30.54,7.794,-61,7.39,111.28,0.523079,0.368078,9.6547,0.7389
2253,-100,-100.0,40,4.75,6.5,-30.45,7.8006,-62,1.76,117.89,0.422425,0.223975,1.7749,0.9474
2255,-100,-100.0,40,4.75,7.5,-31.06,8.4118,-66,1.64,118.1,0.401905,0.221063,1.299,0.9598
2256,-100,-100.0,40,4.75,8.0,-31.09,8.9405,-67,3.76,115.57,0.434715,0.271857,5.3277,0.8562
2257,-100,-100.0,40,4.75,8.5,-30.81,9.2989,-63,2.12,117.5,0.449647,0.242866,1.4345,0.9512
2258,-100,-100.0,40,4.75,9.0,-30.98,9.6004,-69,2.38,117.13,0.419555,0.249151,1.2165,0.9609
2259,-100,-100.0,40,4.75,9.5,-30.57,10.1747,-71,6.9,111.85,0.504799,0.341957,7.2049,0.8412
2260,-100,-100.0,40,4.75,10.0,-30.59,10.566,-73,5.79,113.03,0.478653,0.314224,6.3564,0.8449
2261,-100,-100.0,40,4.75,10.5,-30.32,11.1612,-77,1.96,117.8,0.416702,0.238784,1.3996,0.9573
2262,-100,-100.0,40,4.75,11.0,-30.88,11.7578,-76,3.71,115.56,0.439031,0.271011,4.0318,0.8872
2263,-100,-100.0,40,4.75,11.5,-31.07,12.1373,-76,1.49,118.45,0.441502,0.241704,0.6349,0.9763
2264,-100,-100.0,40,4.75,12.0,-31.25,12.5608,-84,3.77,115.6,0.442538,0.273998,5.4788,0.853
2265,-100,-100.0,40,4.75,12.5,-31.03,13.2176,-86,1.77,118.05,0.444873,0.232097,0.9674,0.9678
2266,-100,-100.0,40,4.75,13.0,-31.28,13.733,-86,3.64,115.64,0.469696,0.280487,3.3508,0.9048
2267,-100,-100.0,40,4.75,13.5,-31.01,14.0752,-86,3.37,116.0,0.448013,0.265287,3.0954,0.9246
2268,-100,-100.0,40,4.75,14.0,-31.94,14.6658,-91,4.49,114.75,0.46701,0.302419,4.1035,0.8812
2269,-100,-100.0,40,5.0,1.0,-27.28,4.612,-37,6.98,111.73,0.533417,0.340824,8.1244,0.7829
2270,-100,-100.0,40,5.0,1.5,-26.92,4.0209,-37,8.03,110.44,0.509661,0.3545,8.2466,0.8134
2271,-100,-100.0,40,5.0,2.0,-27.36,4.2945,-40,4.04,115.18,0.42937,0.275235,4.2271,0.8799
2272,-100,-100.0,40,5.0,2.5,-27.51,4.9597,-42,4.55,114.64,0.445684,0.28899,5.5484,0.8463
2274,-100,-100.0,40,5.0,3.5,-27.13,5.5841,-46,4.95,114.26,0.493797,0.307927,4.3819,0.8831
2273,-100,-100.0,40,5.0,3.0,-26.92,6.0749,-45,3.12,116.22,0.465473,0.256268,2.0891,0.9389
2275,-100,-100.0,40,5.0,4.0,-27.42,5.9649,-49,4.46,114.74,0.458745,0.296209,5.4862,0.8497
2277,-100,-100.0,40,5.0,5.0,-27.19,6.6842,-51,4.74,114.28,0.477564,0.294407,4.5621,0.8721
2276,-100,-100.0,40,5.0,4.5,-27.3,5.9429,-49,3.13,116.25,0.454813,0.276301,3.9129,0.8913
2278,-100,-100.0,40,5.0,5.5,-27.34,6.9041,-54,2.78,116.78,0.466867,0.262114,2.2158,0.9461
2279,-100,-100.0,40,5.0,6.0,-27.35,7.4767,-55,2.26,117.27,0.435348,0.248524,1.6959,0.9519
2280,-100,-100.0,40,5.0,6.5,-27.08,7.7785,-54,4.17,115.07,0.447143,0.287347,5.8505,0.843
2281,-100,-100.0,40,5.0,7.0,-27.84,8.0345,-58,2.21,117.44,0.420445,0.238236,1.6403,0.9499
2282,-100,-100.0,40,5.0,7.5,-26.82,8.7908,-58,2.23,117.45,0.411001,0.234935,2.0822,0.9427
2283,-100,-100.0,40,5.0,8.0,-26.87,8.8231,-65,1.89,117.8,0.431655,0.229039,1.6553,0.9529
2284,-100,-100.0,40,5.0,8.5,-26.5,9.5177,-71,2.42,117.13,0.423696,0.250815,1.8637,0.9522
2285,-100,-100.0,40,5.0,9.0,-27.7,9.6395,-69,2.04,117.58,0.427761,0.228743,1.9275,0.9427
2286,-100,-100.0,40,5.0,9.5,-27.45,10.455,-67,3.31,116.05,0.453878,0.271606,3.8955,0.8902
2287,-100,-100.0,40,5.0,10.0,-27.27,10.5931,-64,1.89,117.94,0.417177,0.234246,1.516,0.9617
2288,-100,-100.0,40,5.0,10.5,-27.79,11.3788,-70,3.98,115.26,0.445488,0.274558,4.3911,0.8888
2289,-100,-100.0,40,5.0,11.0,-27.16,11.8697,-81,3.59,115.79,0.447015,0.297256,4.9603,0.8653
2290,-100,-100.0,40,5.0,11.5,-27.61,12.2399,-74,1.98,117.67,0.396957,0.237304,1.0492,0.9659
2291,-100,-100.0,40,5.0,12.0,-26.61,12.5774,-76,5.14,113.91,0.463591,0.318959,7.1826,0.8058
2292,-100,-100.0,40,5.0,12.5,-27.34,13.1237,-76,2.22,117.32,0.406675,0.238509,1.8117,0.9452
2294,-100,-100.0,40,5.0,13.5,-27.12,14.2207,-89,2.31,117.17,0.429914,0.23737,1.8017,0.9443
2293,-100,-100.0,40,5.0,13.0,-27.7,13.6388,-83,1.65,117.99,0.439783,0.235828,0.9269,0.9694
2295,-100,-100.0,40,5.0,14.0,-26.54,14.4166,-83,6.08,112.89,0.490134,0.326995,5.8857,0.8523
2297,-100,-95.0,40,1.0,1.5,-84.39,2.1844,-92,6.21,112.47,0.49892,0.337057,8.387,0.7726
2296,-100,-95.0,40,1.0,1.0,-85.5,1.968,-92,4.31,114.97,0.464919,0.284764,6.7689,0.8219
2298,-100,-95.0,40,1.0,2.0,-85.41,2.6199,-95,4.52,114.55,0.446069,0.285993,4.1211,0.8993
2299,-100,-95.0,40,1.0,2.5,-85.15,3.3445,-98,3.07,116.25,0.463475,0.269817,2.9344,0.9232
2300,-100,-95.0,40,1.0,3.0,-85.39,3.3714,-98,4.79,114.3,0.491015,0.29399,3.9681,0.898
2302,-100,-95.0,40,1.0,4.0,-84.97,4.0961,-100,3.56,115.88,0.482825,0.271962,1.9019,0.9389
2301,-100,-95.0,40,1.0,3.5,-84.77,3.6327,-99,2.72,116.75,0.458286,0.261465,1.9143,0.9506
2303,-100,-95.0,40,1.0,4.5,-84.59,4.6133,-100,3.57,115.76,0.435978,0.276653,3.2936,0.916
2304,-100,-95.0,40,1.0,5.0,-84.87,5.1608,-100,5.46,113.48,0.501358,0.315825,7.514,0.7969
2306,-100,-95.0,40,1.0,6.0,-84.97,6.169,-100,8.07,110.43,0.552121,0.356962,8.9232,0.7459
2307,-100,-95.0,40,1.0,6.5,-85.54,6.5226,-100,8.66,109.68,0.593488,0.349232,4.8049,0.8532
2305,-100,-95.0,40,1.0,5.5,-84.69,5.6541,-100,2.67,116.89,0.434901,0.24442,2.7507,0.9206
2309,-100,-95.0,40,1.0,7.5,-85.16,7.452,-100,8.07,110.28,0.57355,0.342946,6.8175,0.7978
2308,-100,-95.0,40,1.0,7.0,-84.86,6.9419,-100,6.07,112.66,0.53978,0.323001,4.9587,0.849
2310,-100,-95.0,40,1.0,8.0,-85.19,7.9009,-100,15.06,102.06,0.698985,0.433113,9.0589,0.745
2311,-100,-95.0,40,1.0,8.5,-84.75,8.2583,-100,15.54,101.51,0.701571,0.45894,12.1623,0.6434
2312,-100,-95.0,40,1.0,9.0,-85.15,8.7162,-100,15.69,101.18,0.721304,0.425921,6.2124,0.7519
2314,-100,-95.0,40,1.0,10.0,-85.2,9.4235,-100,20.49,95.48,0.803485,0.517507,14.2477,0.6134
2315,-100,-95.0,40,1.0,10.5,-85.06,9.7687,-100,20.31,95.56,0.811933,0.484543,11.4091,0.6013
2313,-100,-95.0,40,1.0,9.5,-84.04,9.1898,-100,10.51,107.46,0.629478,0.360844,5.2092,0.8271
2316,-100,-95.0,40,1.0,11.0,-84.25,10.1977,-100,18.87,97.44,0.76986,0.471317,13.9041,0.6191
2317,-100,-95.0,40,1.0,11.5,-84.18,10.5906,-100,24.02,91.18,0.86077,0.60688,17.5551,0.4545
2318,-100,-95.0,40,1.0,12.0,-84.06,10.985,-100,21.94,93.69,0.831188,0.512872,12.4955,0.5839
2319,-100,-95.0,40,1.0,12.5,-84.82,11.2513,-100,24.42,90.79,0.893176,0.471385,6.2288,0.6826
2320,-100,-95.0,40,1.0,13.0,-84.19,11.6818,-100,23.53,91.8,0.858325,0.490952,10.8893,0.6714
2321,-100,-95.0,40,1.0,13.5,-84.25,11.8537,-100,27.11,87.37,0.953603,0.496099,8.9865,0.6527
2322,-100,-95.0,40,1.0,14.0,-84.32,12.3197,-100,27.05,87.57,0.944215,0.501958,8.7395,0.6183
2323,-100,-95.0,40,1.25,1.0,-81.57,1.6842,-89,2.91,116.47,0.425712,0.251613,2.9389,0.9214
2324,-100,-95.0,40,1.25,1.5,-81.56,2.2431,-91,4.22,115.0,0.464197,0.279885,3.7085,0.8892
2326,-100,-95.0,40,1.25,2.5,-81.62,2.9025,-93,8.56,109.74,0.502638,0.381765,11.5651,0.6884
2325,-100,-95.0,40,1.25,2.0,-81.19,2.4874,-90,1.11,118.51,0.423345,0.220507,0.405,0.9816
2327,-100,-95.0,40,1.25,3.0,-81.33,3.2566,-95,4.89,114.16,0.474775,0.305177,4.4174,0.874
2330,-100,-95.0,40,1.25,4.5,-82.03,4.8003,-100,5.56,113.28,0.489782,0.315708,5.2198,0.8725
2331,-100,-95.0,40,1.25,5.0,-81.89,5.1195,-100,5.33,113.83,0.512846,0.327049,5.8772,0.8331
2328,-100,-95.0,40,1.25,3.5,-81.99,3.6995,-95,2.69,116.71,0.454381,0.246962,2.2101,0.9464
2329,-100,-95.0,40,1.25,4.0,-81.51,4.214,-99,1.94,117.61,0.438575,0.236061,0.7848,0.9718
2333,-100,-95.0,40,1.25,6.0,-80.93,6.1553,-100,8.69,109.59,0.538307,0.371467,10.1356,0.7331
2332,-100,-95.0,40,1.25,5.5,-81.42,5.7508,-100,3.07,116.41,0.489635,0.263056,1.4445,0.9492
2334,-100,-95.0,40,1.25,6.5,-81.67,6.6298,-100,10.43,107.55,0.574256,0.433826,13.5372,0.6313
2335,-100,-95.0,40,1.25,7.0,-81.19,7.1868,-100,10.1,107.97,0.584243,0.382784,8.7839,0.7586
2336,-100,-95.0,40,1.25,7.5,-80.97,7.5934,-100,2.93,116.72,0.473201,0.264822,1.1298,0.9606
2337,-100,-95.0,40,1.25,8.0,-81.38,8.0189,-100,5.7,113.12,0.547652,0.306984,2.1679,0.9136
2339,-100,-95.0,40,1.25,9.0,-81.13,8.858,-100,13.15,104.21,0.615441,0.456359,13.3038,0.6319
2338,-100,-95.0,40,1.25,8.5,-82.27,8.4646,-100,5.57,113.34,0.52448,0.302807,3.1762,0.915
2342,-100,-95.0,40,1.25,10.5,-80.99,10.2577,-100,12.8,104.66,0.637624,0.429369,11.4296,0.6758
2340,-100,-95.0,40,1.25,9.5,-81.29,9.3687,-100,6.85,111.8,0.544673,0.3156,4.0656,0.8902
2341,-100,-95.0,40,1.25,10.0,-81.05,9.8312,-100,12.24,105.42,0.649851,0.400108,8.947,0.749
2343,-100,-95.0,40,1.25,11.0,-80.84,10.6401,-100,9.15,109.18,0.604177,0.347929,6.524,0.7926
2344,-100,-95.0,40,1.25,11.5,-80.97,11.0366,-100,18.57,97.74,0.729473,0.495652,13.8927,0.6642
2345,-100,-95.0,40,1.25,12.0,-80.95,11.4337,-100,14.89,102.31,0.690589,0.470931,13.8455,0.5957
2346,-100,-95.0,40,1.25,12.5,-80.92,11.8243,-100,13.35,104.05,0.678699,0.399159,6.8503,0.7796
2347,-100,-95.0,40,1.25,13.0,-80.78,12.1068,-100,11.65,106.17,0.639854,0.37501,6.0435,0.7734
2349,-100,-95.0,40,1.25,14.0,-80.5,12.9499,-100,20.6,95.24,0.818021,0.457734,9.6957,0.6501
2348,-100,-95.0,40,1.25,13.5,-80.94,12.622,-100,15.63,101.37,0.718023,0.423561,9.9403,0.7101
2350,-100,-95.0,40,1.5,1.0,-78.01,1.6799,-84,4.16,115.06,0.457067,0.279076,2.915,0.9302
2351,-100,-95.0,40,1.5,1.5,-78.02,2.4001,-86,1.6,117.99,0.414676,0.228511,1.4632,0.9574
2353,-100,-95.0,40,1.5,2.5,-78.63,2.8475,-90,6.26,112.43,0.472581,0.345298,9.5902,0.7472
2354,-100,-95.0,40,1.5,3.0,-77.93,3.3231,-92,6.49,112.33,0.562196,0.34912,7.3854,0.8074
2352,-100,-95.0,40,1.5,2.0,-77.6,2.5938,-87,4.47,114.61,0.464126,0.303659,6.2629,0.835
2355,-100,-95.0,40,1.5,3.5,-77.68,3.7314,-95,8.36,110.1,0.551418,0.369917,9.2045,0.7596
2356,-100,-95.0,40,1.5,4.0,-77.73,4.3405,-94,3.75,115.43,0.465212,0.276949,4.6404,0.8729
2357,-100,-95.0,40,1.5,4.5,-78.01,4.6966,-96,2.1,117.41,0.445458,0.237495,1.3655,0.96
2358,-100,-95.0,40,1.5,5.0,-78.69,5.1631,-98,3.65,115.72,0.468941,0.274514,3.5776,0.8996
2359,-100,-95.0,40,1.5,5.5,-77.46,5.5795,-100,7.34,111.37,0.528336,0.333333,6.662,0.8143
2360,-100,-95.0,40,1.5,6.0,-78.05,6.0637,-100,2.85,116.67,0.455426,0.270475,2.5224,0.9322
2361,-100,-95.0,40,1.5,6.5,-78.41,6.6546,-100,1.72,117.93,0.42646,0.228768,1.1359,0.9648
2363,-100,-95.0,40,1.5,7.5,-77.39,7.5354,-100,8.17,110.39,0.574466,0.392371,8.2183,0.8125
2362,-100,-95.0,40,1.5,7.0,-78.4,7.2532,-100,6.41,112.33,0.497985,0.325675,5.3924,0.8642
2364,-100,-95.0,40,1.5,8.0,-77.22,8.1887,-100,10.25,107.78,0.558931,0.430623,14.3192,0.6143
2365,-100,-95.0,40,1.5,8.5,-76.7,8.515,-100,5.62,113.43,0.512773,0.32253,4.8205,0.8702
2367,-100,-95.0,40,1.5,9.5,-77.45,9.5473,-100,7.2,111.23,0.577491,0.350941,7.2045,0.8304
2366,-100,-95.0,40,1.5,9.0,-78.5,9.1452,-100,5.18,113.76,0.49702,0.301759,2.0725,0.9128
2368,-100,-95.0,40,1.5,10.0,-78.08,9.9554,-100,14.16,103.06,0.626349,0.470314,13.0653,0.702
2369,-100,-95.0,40,1.5,10.5,-77.41,10.4348,-100,4.91,114.0,0.515096,0.294393,4.2319,0.8805
2370,-100,-95.0,40,1.5,11.0,-77.76,11.1307,-100,5.05,114.11,0.525409,0.308021,3.404,0.8957
2371,-100,-95.0,40,1.5,11.5,-77.48,11.3861,-100,8.67,109.7,0.591158,0.35545,6.3597,0.8211
2372,-100,-95.0,40,1.5,12.0,-77.13,11.6871,-100,10.59,107.4,0.594467,0.401923,12.0085,0.6664
2375,-100,-95.0,40,1.5,13.5,-76.94,12.9093,-100,10.78,107.15,0.594709,0.423313,13.6755,0.6298
2376,-100,-95.0,40,1.5,14.0,-77.03,13.4967,-100,8.85,109.39,0.579478,0.353351,5.9102,0.8477
2373,-100,-95.0,40,1.5,12.5,-77.72,12.0887,-100,7.38,111.12,0.550552,0.334253,5.6525,0.8489
2374,-100,-95.0,40,1.5,13.0,-77.28,12.561,-100,4.22,114.94,0.495505,0.27935,3.7639,0.8947
2377,-100,-95.0,40,1.75,1.0,-74.66,1.8397,-82,3.58,115.62,0.467453,0.278415,3.1619,0.9111
2379,-100,-95.0,40,1.75,2.0,-74.36,3.1168,-85,2.97,116.5,0.451317,0.250469,2.4015,0.9336
2378,-100,-95.0,40,1.75,1.5,-74.64,2.3537,-83,5.31,113.54,0.491728,0.31098,4.4114,0.8941
2380,-100,-95.0,40,1.75,2.5,-74.62,2.9892,-86,5.37,113.55,0.495693,0.323592,7.5164,0.7975
2381,-100,-95.0,40,1.75,3.0,-74.23,3.2679,-88,7.31,111.43,0.551186,0.352595,7.1251,0.8228
2382,-100,-95.0,40,1.75,3.5,-74.34,3.8597,-89,4.03,115.26,0.454073,0.276476,4.8789,0.8673
2383,-100,-95.0,40,1.75,4.0,-74.27,4.2714,-93,2.79,116.69,0.465221,0.266504,1.958,0.9504
2385,-100,-95.0,40,1.75,5.0,-74.5,5.2579,-94,8.03,110.41,0.545432,0.366394,9.1248,0.7575
2384,-100,-95.0,40,1.75,4.5,-74.21,4.9126,-93,3.82,115.36,0.449498,0.273888,5.0331,0.8667
2388,-100,-95.0,40,1.75,6.5,-73.74,6.6724,-99,4.12,115.11,0.451933,0.297102,5.654,0.8465
2386,-100,-95.0,40,1.75,5.5,-74.42,5.895,-97,2.98,116.37,0.451466,0.259622,1.7703,0.9511
2387,-100,-95.0,40,1.75,6.0,-73.8,6.0215,-97,3.86,115.34,0.443411,0.277383,3.1922,0.9039
2389,-100,-95.0,40,1.75,7.0,-73.99,7.2241,-100,2.99,116.53,0.449108,0.261627,2.8233,0.9273
2390,-100,-95.0,40,1.75,7.5,-74.51,7.651,-100,7.54,111.01,0.518864,0.353379,8.7305,0.7818
2391,-100,-95.0,40,1.75,8.0,-74.21,8.128,-100,5.82,113.09,0.498368,0.321496,6.2311,0.8461
2392,-100,-95.0,40,1.75,8.5,-74.32,8.7329,-100,2.05,117.61,0.420431,0.238085,2.1092,0.9389
2393,-100,-95.0,40,1.75,9.0,-74.53,9.089,-100,3.16,116.37,0.452367,0.263637,1.9692,0.934
2394,-100,-95.0,40,1.75,9.5,-73.92,9.6398,-100,3.96,115.33,0.480982,0.276198,2.1095,0.9293
2397,-100,-95.0,40,1.75,11.0,-73.68,11.1011,-100,10.0,108.05,0.568894,0.432547,13.1422,0.6451
2395,-100,-95.0,40,1.75,10.0,-74.1,10.0258,-100,4.81,114.38,0.491114,0.297084,3.1724,0.9089
2396,-100,-95.0,40,1.75,10.5,-73.51,10.6152,-100,2.96,116.57,0.478322,0.264242,1.972,0.9391
2398,-100,-95.0,40,1.75,11.5,-74.19,11.4444,-100,4.53,114.74,0.483607,0.28784,3.8539,0.8944
2399,-100,-95.0,40,1.75,12.0,-73.65,11.9225,-100,6.61,112.08,0.523537,0.333381,6.5252,0.8166
2400,-100,-95.0,40,1.75,12.5,-74.1,12.4063,-100,2.86,116.67,0.429199,0.25132,3.6508,0.8987
2402,-100,-95.0,40,1.75,13.5,-74.02,13.3065,-100,7.37,111.35,0.546071,0.326183,7.0313,0.8163
2401,-100,-95.0,40,1.75,13.0,-74.91,12.7355,-100,5.28,113.71,0.497285,0.298522,4.8892,0.8765
2403,-100,-95.0,40,1.75,14.0,-73.56,13.8037,-100,9.16,109.01,0.573283,0.364435,7.6458,0.8157
2404,-100,-95.0,40,2.0,1.0,-71.15,2.0112,-78,8.94,109.42,0.539648,0.393116,11.3284,0.7025
2405,-100,-95.0,40,2.0,1.5,-70.37,2.7368,-79,1.63,117.96,0.408669,0.220641,1.4026,0.9575
2406,-100,-95.0,40,2.0,2.0,-70.34,2.783,-80,1.55,118.22,0.430482,0.231498,1.1943,0.962
2409,-100,-95.0,40,2.0,3.5,-71.1,3.8057,-86,2.74,116.72,0.459559,0.252057,4.0044,0.8931
2407,-100,-95.0,40,2.0,2.5,-70.45,3.169,-82,2.06,117.45,0.428518,0.238697,1.6996,0.9524
2408,-100,-95.0,40,2.0,3.0,-71.21,3.2748,-84,3.94,115.28,0.504707,0.282664,4.7805,0.87
2410,-100,-95.0,40,2.0,4.0,-70.85,4.4377,-87,3.14,116.44,0.464816,0.281582,3.7941,0.894
2411,-100,-95.0,40,2.0,4.5,-70.36,4.8163,-88,2.54,116.97,0.460148,0.24659,1.5597,0.9511
2412,-100,-95.0,40,2.0,5.0,-70.18,5.2709,-95,1.97,117.62,0.404041,0.228803,2.1436,0.938
2413,-100,-95.0,40,2.0,5.5,-70.52,5.7304,-95,1.61,118.17,0.408589,0.220113,1.0247,0.9649
2414,-100,-95.0,40,2.0,6.0,-71.2,6.3619,-93,5.39,113.65,0.520233,0.319126,5.2206,0.8695
2415,-100,-95.0,40,2.0,6.5,-71.04,6.925,-99,2.78,116.66,0.44835,0.260415,1.5763,0.9515
2416,-100,-95.0,40,2.0,7.0,-70.18,7.2769,-99,2.36,117.17,0.443921,0.251893,2.3115,0.9322
2417,-100,-95.0,40,2.0,7.5,-70.81,7.8177,-100,6.05,112.67,0.536487,0.334371,6.8375,0.8121
2418,-100,-95.0,40,2.0,8.0,-70.8,8.2565,-100,3.36,115.97,0.475855,0.272882,3.7906,0.8933
2420,-100,-95.0,40,2.0,9.0,-70.83,9.155,-100,4.29,114.73,0.455478,0.291697,7.2293,0.8126
2419,-100,-95.0,40,2.0,8.5,-71.32,8.7241,-100,5.76,113.01,0.54253,0.328113,8.1466,0.781
2421,-100,-95.0,40,2.0,9.5,-70.55,9.5888,-100,3.45,115.79,0.486484,0.268774,3.4535,0.903
2422,-100,-95.0,40,2.0,10.0,-70.87,10.2251,-100,3.41,115.92,0.451213,0.267545,3.0186,0.9112
2425,-100,-95.0,40,2.0,11.5,-70.56,11.5484,-100,3.36,116.13,0.457142,0.27136,1.8405,0.9409
2423,-100,-95.0,40,2.0,10.5,-70.98,10.5259,-100,3.05,116.33,0.450863,0.260336,2.0674,0.9443
2424,-100,-95.0,40,2.0,11.0,-70.61,11.1929,-100,3.18,116.18,0.445062,0.261617,2.0463,0.9329
2426,-100,-95.0,40,2.0,12.0,-70.29,12.0865,-100,4.28,114.78,0.469081,0.282141,5.3842,0.8521
2427,-100,-95.0,40,2.0,12.5,-71.08,12.6259,-100,3.29,116.12,0.447601,0.264848,2.2233,0.9248
2428,-100,-95.0,40,2.0,13.0,-71.37,12.9702,-100,5.82,113.08,0.499795,0.315495,5.9586,0.8272
2429,-100,-95.0,40,2.0,13.5,-70.01,13.4497,-100,9.82,108.22,0.558068,0.391045,10.9104,0.7304
2430,-100,-95.0,40,2.0,14.0,-70.62,13.7725,-100,11.36,106.4,0.60513,0.479666,16.9167,0.5506
2431,-100,-95.0,40,2.25,1.0,-67.08,2.5858,-74,2.19,117.35,0.423695,0.254014,1.57,0.9584
2433,-100,-95.0,40,2.25,2.0,-66.97,2.9207,-77,9.57,108.51,0.562442,0.387619,9.7329,0.7166
2432,-100,-95.0,40,2.25,1.5,-66.82,2.3031,-75,1.47,118.33,0.407285,0.212611,0.836,0.9726
2436,-100,-95.0,40,2.25,3.5,-66.82,4.0219,-82,3.36,116.02,0.435783,0.26707,4.0377,0.8866
2434,-100,-95.0,40,2.25,2.5,-66.85,3.6084,-82,4.09,115.11,0.478025,0.28078,3.2673,0.8972
2435,-100,-95.0,40,2.25,3.0,-66.8,3.3394,-80,1.68,117.95,0.44421,0.226915,1.0702,0.9675
2437,-100,-95.0,40,2.25,4.0,-67.17,4.7041,-86,0.78,119.08,0.409591,0.199995,0.2429,0.9895
2438,-100,-95.0,40,2.25,4.5,-67.11,5.0768,-86,4.78,114.37,0.465479,0.296651,4.5503,0.8698
2439,-100,-95.0,40,2.25,5.0,-67.45,5.3484,-89,2.71,116.78,0.460445,0.263634,3.4992,0.9033
2440,-100,-95.0,40,2.25,5.5,-67.22,5.7542,-93,0.81,119.18,0.392205,0.202542,0.3846,0.9846
2441,-100,-95.0,40,2.25,6.0,-67.57,6.1472,-95,1.91,117.89,0.406304,0.22937,0.7304,0.9702
2442,-100,-95.0,40,2.25,6.5,-66.91,6.757,-95,1.9,117.71,0.415808,0.244635,1.3991,0.9571
2443,-100,-95.0,40,2.25,7.0,-66.84,7.3631,-96,2.15,117.63,0.432451,0.240747,1.5414,0.9579
2444,-100,-95.0,40,2.25,7.5,-66.6,7.8749,-100,3.09,116.35,0.437546,0.272085,4.5246,0.879
2445,-100,-95.0,40,2.25,8.0,-66.68,8.2945,-99,4.26,115.16,0.482882,0.287091,2.0851,0.9356
2446,-100,-95.0,40,2.25,8.5,-67.9,8.6355,-100,3.68,115.65,0.443084,0.272799,5.3356,0.8579
2447,-100,-95.0,40,2.25,9.0,-67.66,9.3513,-100,9.61,108.62,0.531307,0.399338,10.9668,0.7387
2448,-100,-95.0,40,2.25,9.5,-66.7,9.6414,-100,1.9,117.76,0.427155,0.224778,1.02,0.9684
2449,-100,-95.0,40,2.25,10.0,-66.45,10.1104,-100,5.48,113.36,0.496564,0.312424,5.5979,0.8752
2450,-100,-95.0,40,2.25,10.5,-66.96,10.783,-100,5.73,113.13,0.4846,0.318081,4.4519,0.8911
2451,-100,-95.0,40,2.25,11.0,-67.37,11.1143,-100,3.63,115.65,0.461322,0.279334,4.375,0.8763
2452,-100,-95.0,40,2.25,11.5,-67.01,11.8564,-100,6.92,111.77,0.502414,0.334657,7.3152,0.8383
2453,-100,-95.0,40,2.25,12.0,-66.84,12.03,-100,2.34,117.36,0.448028,0.256087,1.1735,0.9597
2454,-100,-95.0,40,2.25,12.5,-67.09,12.4713,-100,4.64,114.44,0.464436,0.29147,2.4834,0.9192
2455,-100,-95.0,40,2.25,13.0,-67.64,13.1518,-100,8.24,110.2,0.550459,0.383473,11.7739,0.6844
2456,-100,-95.0,40,2.25,13.5,-66.79,13.5423,-100,8.77,109.51,0.535063,0.369991,9.2273,0.7582
2458,-100,-95.0,40,2.5,1.0,-63.87,1.8129,-70,8.79,109.52,0.521938,0.381595,9.5164,0.7413
2459,-100,-95.0,40,2.5,1.5,-62.9,2.4537,-72,8.52,109.87,0.5478,0.370676,6.7169,0.8168
2457,-100,-95.0,40,2.25,14.0,-67.45,14.1085,-100,2.85,116.74,0.465126,0.259373,1.9008,0.9421
2460,-100,-95.0,40,2.5,2.0,-63.71,3.3018,-75,2.01,117.53,0.412543,0.229547,1.2055,0.9562
2461,-100,-95.0,40,2.5,2.5,-63.8,3.0763,-75,5.99,112.94,0.49624,0.321379,5.7578,0.8396
2462,-100,-95.0,40,2.5,3.0,-63.91,3.5182,-78,2.2,117.44,0.399396,0.230069,1.5307,0.9582
2463,-100,-95.0,40,2.5,3.5,-62.98,4.0595,-82,2.17,117.37,0.468927,0.245296,1.8802,0.9447
2464,-100,-95.0,40,2.5,4.0,-63.6,4.7047,-83,4.03,115.23,0.455098,0.284588,2.948,0.9223
2465,-100,-95.0,40,2.5,4.5,-63.08,5.1295,-84,2.67,116.93,0.449576,0.260277,1.5939,0.9537
2466,-100,-95.0,40,2.5,5.0,-64.08,5.5629,-85,1.9,117.63,0.424862,0.237412,1.8993,0.9439
2468,-100,-95.0,40,2.5,6.0,-62.89,6.4352,-87,8.5,109.95,0.533605,0.380316,10.401,0.717
2467,-100,-95.0,40,2.5,5.5,-62.56,6.066,-86,1.78,117.88,0.411701,0.236879,2.5311,0.932
2469,-100,-95.0,40,2.5,6.5,-63.26,7.0582,-91,1.74,117.99,0.421013,0.221564,1.1172,0.9609
2470,-100,-95.0,40,2.5,7.0,-63.75,7.3532,-92,3.8,115.51,0.473194,0.286642,2.9667,0.9223
2471,-100,-95.0,40,2.5,7.5,-62.83,7.8446,-91,1.58,118.29,0.422492,0.223447,1.302,0.9588
2473,-100,-95.0,40,2.5,8.5,-63.43,8.782,-98,3.48,115.83,0.464547,0.275324,3.8094,0.8926
2472,-100,-95.0,40,2.5,8.0,-63.03,8.2931,-97,2.53,116.96,0.430636,0.248079,1.4598,0.9522
2475,-100,-95.0,40,2.5,9.5,-63.39,9.7028,-99,7.63,110.9,0.495914,0.363003,11.1686,0.7025
2474,-100,-95.0,40,2.5,9.0,-63.91,9.2749,-96,1.36,118.36,0.395239,0.207513,1.13,0.965
2476,-100,-95.0,40,2.5,10.0,-63.12,10.1425,-100,2.37,117.23,0.409539,0.243434,2.1648,0.936
2477,-100,-95.0,40,2.5,10.5,-62.76,10.6123,-100,6.52,112.24,0.507708,0.32785,6.9759,0.8221
2478,-100,-95.0,40,2.5,11.0,-63.2,11.2265,-100,3.4,116.04,0.430922,0.265248,4.3165,0.8826
2479,-100,-95.0,40,2.5,11.5,-63.23,11.6936,-100,2.01,117.66,0.431657,0.239917,1.8229,0.9468
2480,-100,-95.0,40,2.5,12.0,-63.62,12.0392,-100,3.98,115.3,0.488701,0.291327,2.9448,0.9135
2481,-100,-95.0,40,2.5,12.5,-63.02,12.7923,-100,5.77,113.15,0.490453,0.323344,5.4331,0.8461
2482,-100,-95.0,40,2.5,13.0,-63.67,13.0999,-100,2.86,116.5,0.450291,0.256035,2.2263,0.9427
2483,-100,-95.0,40,2.5,13.5,-63.77,13.6323,-100,5.69,113.16,0.477808,0.310101,5.661,0.8374
2484,-100,-95.0,40,2.5,14.0,-63.31,14.1088,-100,2.52,117.04,0.450731,0.246004,1.7519,0.9454
2486,-100,-95.0,40,2.75,1.5,-59.65,2.895,-69,5.27,113.71,0.475706,0.307533,5.269,0.8508
2485,-100,-95.0,40,2.75,1.0,-59.59,3.2436,-67,3.39,115.85,0.450576,0.271479,1.7238,0.9486
2487,-100,-95.0,40,2.75,2.0,-60.1,3.4816,-71,5.34,113.54,0.493554,0.32263,5.5573,0.8426
2488,-100,-95.0,40,2.75,2.5,-59.75,3.3094,-71,2.32,117.25,0.417926,0.237161,1.1698,0.9653
2489,-100,-95.0,40,2.75,3.0,-59.23,4.004,-74,4.22,114.88,0.453755,0.293954,5.0378,0.8629
2490,-100,-95.0,40,2.75,3.5,-59.69,4.0916,-75,3.1,116.26,0.472325,0.261906,2.8798,0.9122
2491,-100,-95.0,40,2.75,4.0,-60.55,5.0083,-79,2.83,116.68,0.440799,0.24616,1.2095,0.9562
2492,-100,-95.0,40,2.75,4.5,-59.42,4.9664,-81,1.92,117.74,0.423055,0.241847,1.5413,0.9576
2495,-100,-95.0,40,2.75,6.0,-59.82,6.6793,-89,5.87,112.96,0.52038,0.314882,6.29,0.857
2493,-100,-95.0,40,2.75,5.0,-59.71,5.5273,-82,4.4,114.81,0.483219,0.293234,3.5095,0.9036
2494,-100,-95.0,40,2.75,5.5,-59.45,6.1338,-82,2.61,117.03,0.454412,0.265788,1.9124,0.9425
2496,-100,-95.0,40,2.75,6.5,-60.02,6.7157,-89,9.28,108.94,0.527493,0.398984,11.561,0.7023
2498,-100,-95.0,40,2.75,7.5,-59.74,7.9033,-91,2.33,117.23,0.405033,0.231527,1.6261,0.9506
2497,-100,-95.0,40,2.75,7.0,-60.36,7.4431,-91,3.16,116.28,0.427611,0.250758,3.5922,0.9012
2499,-100,-95.0,40,2.75,8.0,-59.67,8.2391,-93,5.07,114.14,0.520134,0.316565,5.2415,0.8738
2500,-100,-95.0,40,2.75,8.5,-60.26,8.7963,-92,2.39,117.09,0.457656,0.259606,1.7327,0.9551
2501,-100,-95.0,40,2.75,9.0,-60.35,9.3232,-95,1.95,117.71,0.401589,0.227769,1.9207,0.9447
2502,-100,-95.0,40,2.75,9.5,-59.97,10.126,-98,5.79,112.92,0.530417,0.333039,6.6286,0.8173
2503,-100,-95.0,40,2.75,10.0,-59.71,10.3013,-99,2.27,117.35,0.416657,0.236939,1.4968,0.9512
2504,-100,-95.0,40,2.75,10.5,-59.23,10.7556,-100,3.41,115.96,0.449234,0.263197,4.5695,0.8754
2507,-100,-95.0,40,2.75,12.0,-59.64,12.2822,-100,7.95,110.5,0.514988,0.3619,9.1446,0.7602
2505,-100,-95.0,40,2.75,11.0,-59.31,11.3981,-100,2.02,117.67,0.410867,0.229483,1.641,0.9576
2506,-100,-95.0,40,2.75,11.5,-59.12,11.7704,-100,2.04,117.53,0.451579,0.242889,1.0566,0.9651
2508,-100,-95.0,40,2.75,12.5,-60.4,12.7539,-100,4.49,114.77,0.464849,0.298639,4.9038,0.862
2509,-100,-95.0,40,2.75,13.0,-59.96,13.1546,-100,2.49,116.96,0.452548,0.249731,2.0128,0.9425
2510,-100,-95.0,40,2.75,13.5,-59.85,13.8091,-100,2.0,117.52,0.453163,0.240757,1.5372,0.96
2511,-100,-95.0,40,2.75,14.0,-59.85,14.2987,-100,3.82,115.48,0.482291,0.292912,3.8863,0.8955
2513,-100,-95.0,40,3.0,1.5,-56.41,3.1192,-67,3.85,115.48,0.448241,0.278814,4.3944,0.8774
2512,-100,-95.0,40,3.0,1.0,-56.1,3.3053,-64,2.28,117.42,0.449925,0.248762,1.6386,0.9489
2514,-100,-95.0,40,3.0,2.0,-56.67,3.0643,-67,5.71,113.08,0.493218,0.320116,8.6081,0.771
2515,-100,-95.0,40,3.0,2.5,-56.49,3.7804,-69,2.24,117.34,0.446687,0.242988,1.0273,0.9657
2517,-100,-95.0,40,3.0,3.5,-55.94,4.3386,-71,3.62,115.77,0.456299,0.274774,2.6684,0.9351
2516,-100,-95.0,40,3.0,3.0,-56.02,4.3302,-73,2.66,116.98,0.444691,0.253161,2.7909,0.9228
2518,-100,-95.0,40,3.0,4.0,-55.85,4.8177,-74,1.02,118.87,0.390013,0.19378,0.3905,0.9823
2519,-100,-95.0,40,3.0,4.5,-55.66,5.3514,-77,2.43,117.27,0.449044,0.258133,1.2929,0.9597
2520,-100,-95.0,40,3.0,5.0,-55.96,5.679,-78,3.54,115.79,0.444095,0.274707,4.1115,0.8928
2521,-100,-95.0,40,3.0,5.5,-55.86,6.1845,-81,2.44,117.01,0.421739,0.242671,1.976,0.9452
2523,-100,-95.0,40,3.0,6.5,-55.59,7.1179,-81,8.51,109.8,0.51404,0.384527,10.5484,0.7266
2522,-100,-95.0,40,3.0,6.0,-56.39,6.923,-88,2.56,116.9,0.454315,0.256848,2.9135,0.9167
2524,-100,-95.0,40,3.0,7.0,-56.14,7.7727,-85,1.55,118.13,0.412623,0.219832,1.0369,0.964
2525,-100,-95.0,40,3.0,7.5,-55.51,7.9281,-86,5.54,113.5,0.490745,0.303597,5.9681,0.8653
2526,-100,-95.0,40,3.0,8.0,-56.09,8.2871,-87,1.44,118.44,0.423592,0.220812,0.828,0.9715
2527,-100,-95.0,40,3.0,8.5,-56.54,8.9215,-92,4.57,114.59,0.455821,0.294624,5.0255,0.8572
2528,-100,-95.0,40,3.0,9.0,-55.71,9.4149,-90,4.27,114.9,0.473237,0.285504,4.8027,0.8644
2529,-100,-95.0,40,3.0,9.5,-55.27,9.6787,-96,7.81,110.7,0.516543,0.353595,7.7096,0.7877
2530,-100,-95.0,40,3.0,10.0,-56.47,10.1923,-100,1.86,117.73,0.450351,0.233956,0.9437,0.9676
2532,-100,-95.0,40,3.0,11.0,-55.75,11.2287,-100,7.9,110.66,0.561424,0.379447,11.3071,0.6962
2531,-100,-95.0,40,3.0,10.5,-55.74,10.7074,-100,2.07,117.65,0.424476,0.239772,1.444,0.9526
2535,-100,-95.0,40,3.0,12.5,-55.84,12.8706,-100,5.52,113.46,0.487126,0.310169,5.5656,0.8754
2533,-100,-95.0,40,3.0,11.5,-55.44,11.7764,-100,3.05,116.4,0.434765,0.253626,2.1962,0.9378
2534,-100,-95.0,40,3.0,12.0,-56.23,12.0834,-100,2.79,116.74,0.459204,0.258975,1.7146,0.9532
2537,-100,-95.0,40,3.0,13.5,-57.24,13.6783,-100,4.84,114.17,0.480695,0.31961,4.3278,0.877
2536,-100,-95.0,40,3.0,13.0,-56.47,13.1386,-100,4.5,114.63,0.46558,0.295627,5.0105,0.8581
2538,-100,-95.0,40,3.0,14.0,-56.31,14.3421,-100,3.79,115.53,0.466097,0.290236,5.0076,0.8626
2540,-100,-95.0,40,3.25,1.5,-52.89,2.6911,-61,6.64,112.14,0.506111,0.332196,6.4901,0.8407
2539,-100,-95.0,40,3.25,1.0,-52.89,2.5827,-60,3.41,116.03,0.449471,0.268031,3.5821,0.8949
2541,-100,-95.0,40,3.25,2.0,-52.56,3.6864,-64,2.47,117.21,0.463752,0.260239,1.3032,0.9557
2542,-100,-95.0,40,3.25,2.5,-52.79,3.9378,-66,3.05,116.36,0.435485,0.257262,1.6276,0.9546
2544,-100,-95.0,40,3.25,3.5,-52.66,4.2748,-69,4.89,114.24,0.457206,0.298767,5.4873,0.8494
2543,-100,-95.0,40,3.25,3.0,-52.79,4.5533,-72,4.07,115.22,0.45434,0.280324,4.0331,0.8924
2546,-100,-95.0,40,3.25,4.5,-53.17,5.5886,-74,4.88,114.25,0.476057,0.297679,5.5885,0.8438
2545,-100,-95.0,40,3.25,4.0,-53.33,4.8739,-71,1.72,117.95,0.41325,0.221487,1.2208,0.9597
2547,-100,-95.0,40,3.25,5.0,-52.05,5.5131,-73,2.97,116.36,0.458579,0.255374,4.0161,0.8915
2548,-100,-95.0,40,3.25,5.5,-52.21,6.1506,-75,4.06,115.2,0.458094,0.291459,5.8891,0.8425
2549,-100,-95.0,40,3.25,6.0,-52.31,6.487,-78,3.34,116.09,0.447813,0.264155,2.3462,0.9349
2550,-100,-95.0,40,3.25,6.5,-53.05,6.8848,-80,4.09,115.08,0.46061,0.286553,4.4086,0.8721
2551,-100,-95.0,40,3.25,7.0,-52.53,7.828,-86,3.36,115.81,0.482986,0.281012,2.6327,0.9237
2552,-100,-95.0,40,3.25,7.5,-52.26,8.0258,-84,4.3,114.98,0.467347,0.285649,2.9034,0.923
2553,-100,-95.0,40,3.25,8.0,-52.02,8.6154,-83,2.38,117.23,0.416908,0.247481,1.6316,0.9535
2557,-100,-95.0,40,3.25,10.0,-53.54,10.4514,-98,8.29,110.16,0.525007,0.383248,11.046,0.7004
2554,-100,-95.0,40,3.25,8.5,-52.7,8.8845,-88,4.79,114.34,0.445114,0.306504,7.1966,0.8098
2556,-100,-95.0,40,3.25,9.5,-52.76,9.8649,-93,3.4,115.93,0.440735,0.260664,4.9416,0.8678
2555,-100,-95.0,40,3.25,9.0,-51.67,9.3221,-88,0.88,119.01,0.359556,0.181485,0.3435,0.9848
2558,-100,-95.0,40,3.25,10.5,-52.57,10.8294,-96,3.45,115.78,0.45182,0.279447,2.8143,0.9203
2559,-100,-95.0,40,3.25,11.0,-52.51,11.3517,-99,2.81,116.69,0.426084,0.247873,4.1191,0.8897
2560,-100,-95.0,40,3.25,11.5,-52.92,12.0002,-99,1.56,118.14,0.435911,0.219921,0.8806,0.9697
2561,-100,-95.0,40,3.25,12.0,-52.98,12.3286,-100,1.98,117.89,0.455643,0.250988,1.0137,0.9668
2562,-100,-95.0,40,3.25,12.5,-51.95,12.8571,-100,1.73,118.01,0.395379,0.224014,1.2968,0.9577
2564,-100,-95.0,40,3.25,13.5,-52.71,13.9489,-100,7.16,111.48,0.512094,0.35174,8.166,0.7922
2563,-100,-95.0,40,3.25,13.0,-52.27,13.3656,-100,3.44,115.89,0.430936,0.270311,4.4189,0.8783
2565,-100,-95.0,40,3.25,14.0,-52.7,14.1388,-100,1.33,118.51,0.418873,0.213459,0.6553,0.9772
2567,-100,-95.0,40,3.5,1.5,-49.15,3.8733,-60,8.49,109.92,0.53855,0.379155,10.698,0.7107
2566,-100,-95.0,40,3.5,1.0,-48.91,3.5657,-56,1.43,118.38,0.428657,0.226282,1.3307,0.9595
2568,-100,-95.0,40,3.5,2.0,-48.34,3.686,-60,1.65,118.23,0.401851,0.224754,1.2842,0.9582
2569,-100,-95.0,40,3.5,2.5,-49.51,3.9857,-63,1.84,117.9,0.407179,0.219816,1.2015,0.9641
2570,-100,-95.0,40,3.5,3.0,-48.87,3.9661,-64,1.79,117.89,0.410157,0.218166,1.2126,0.9652
2571,-100,-95.0,40,3.5,3.5,-49.04,4.8295,-69,2.37,117.18,0.410619,0.233905,1.6346,0.9537
2573,-100,-95.0,40,3.5,4.5,-49.02,5.5279,-70,6.4,112.41,0.528268,0.351968,6.1687,0.8488
2572,-100,-95.0,40,3.5,4.0,-49.27,4.9986,-67,4.36,114.84,0.452067,0.284815,6.147,0.834
2574,-100,-95.0,40,3.5,5.0,-48.66,6.2278,-76,1.0,118.88,0.399894,0.19498,0.3199,0.9847
2575,-100,-95.0,40,3.5,5.5,-48.77,6.075,-71,6.85,111.78,0.538293,0.34372,7.1505,0.8338
2576,-100,-95.0,40,3.5,6.0,-49.39,7.0696,-78,1.35,118.41,0.397821,0.204265,0.6253,0.9773
2577,-100,-95.0,40,3.5,6.5,-49.91,7.0868,-81,8.1,110.33,0.515988,0.373211,10.3285,0.7255
2578,-100,-95.0,40,3.5,7.0,-48.82,7.9303,-77,7.91,110.37,0.535222,0.375338,9.3224,0.7569
2579,-100,-95.0,40,3.5,7.5,-49.21,7.8559,-82,3.24,116.12,0.433587,0.265634,2.0284,0.9421
2580,-100,-95.0,40,3.5,8.0,-49.37,8.3594,-80,1.88,117.85,0.436175,0.231942,1.1182,0.9591
2581,-100,-95.0,40,3.5,8.5,-48.71,9.13,-87,0.95,119.01,0.394717,0.205674,0.3322,0.9841
2582,-100,-95.0,40,3.5,9.0,-48.47,9.501,-87,2.67,116.81,0.463364,0.266209,1.9995,0.9437
2583,-100,-95.0,40,3.5,9.5,-49.73,9.8226,-86,1.98,117.63,0.429901,0.237592,1.3495,0.9593
2584,-100,-95.0,40,3.5,10.0,-48.8,10.6355,-91,8.18,110.28,0.532438,0.372093,7.3645,0.7946
2585,-100,-95.0,40,3.5,10.5,-49.23,10.9028,-93,2.99,116.45,0.463136,0.267647,2.8729,0.9181
2586,-100,-95.0,40,3.5,11.0,-49.03,11.5607,-88,2.62,116.79,0.454714,0.261419,2.6682,0.9239
2587,-100,-95.0,40,3.5,11.5,-48.9,11.8897,-96,3.89,115.45,0.465652,0.278777,5.726,0.8467
2588,-100,-95.0,40,3.5,12.0,-49.48,12.431,-96,1.48,118.41,0.413901,0.217871,0.9108,0.968
2589,-100,-95.0,40,3.5,12.5,-48.39,12.8312,-99,2.04,117.65,0.444868,0.237975,1.5227,0.9566
2590,-100,-95.0,40,3.5,13.0,-48.62,13.2937,-100,1.58,118.09,0.412291,0.218555,1.1073,0.9632
2592,-100,-95.0,40,3.5,14.0,-49.29,14.2996,-100,5.12,113.76,0.473838,0.313382,5.7223,0.844
2591,-100,-95.0,40,3.5,13.5,-48.62,13.8362,-100,3.85,115.53,0.456742,0.276671,4.771,0.8678
2594,-100,-95.0,40,3.75,1.5,-45.87,3.3872,-56,1.86,117.95,0.434382,0.233111,1.7562,0.9477
2593,-100,-95.0,40,3.75,1.0,-45.0,3.429,-54,3.63,115.82,0.465284,0.276732,4.7898,0.8696
2595,-100,-95.0,40,3.75,2.0,-45.19,3.6319,-56,3.12,116.25,0.470214,0.269719,3.2053,0.9101
2596,-100,-95.0,40,3.75,2.5,-45.27,4.4986,-59,1.3,118.63,0.409964,0.210653,0.7811,0.9758
2597,-100,-95.0,40,3.75,3.0,-45.59,4.6828,-62,1.62,118.17,0.392475,0.216541,1.3686,0.9581
2598,-100,-95.0,40,3.75,3.5,-45.2,4.7136,-64,4.68,114.59,0.490608,0.301522,5.6876,0.8421
2599,-100,-95.0,40,3.75,4.0,-45.14,5.0989,-64,3.14,116.23,0.470231,0.275162,1.9211,0.9398
2600,-100,-95.0,40,3.75,4.5,-45.52,5.6868,-68,1.79,117.87,0.404401,0.226512,2.4731,0.9327
2601,-100,-95.0,40,3.75,5.0,-45.45,5.6862,-67,1.18,118.73,0.420766,0.221933,0.4134,0.9801
2602,-100,-95.0,40,3.75,5.5,-45.39,6.6138,-70,2.54,117.11,0.426735,0.245743,1.8503,0.9455
2603,-100,-95.0,40,3.75,6.0,-44.92,6.7748,-69,1.26,118.6,0.424231,0.220972,0.6331,0.9794
2604,-100,-95.0,40,3.75,6.5,-45.44,7.4468,-71,1.6,118.08,0.435623,0.235968,0.9019,0.9688
2605,-100,-95.0,40,3.75,7.0,-44.54,7.6793,-74,3.92,115.24,0.468355,0.280093,4.1636,0.8817
2606,-100,-95.0,40,3.75,7.5,-44.6,8.4174,-80,5.78,113.14,0.549032,0.337515,5.4104,0.8544
2607,-100,-95.0,40,3.75,8.0,-45.62,8.5875,-90,2.44,117.13,0.43365,0.24752,1.093,0.9565
2608,-100,-95.0,40,3.75,8.5,-45.53,8.9787,-77,3.61,115.77,0.440362,0.268362,3.1634,0.9089
2609,-100,-95.0,40,3.75,9.0,-45.19,9.4697,-86,5.25,113.77,0.4785,0.314641,5.3456,0.8521
2610,-100,-95.0,40,3.75,9.5,-45.97,10.2157,-89,5.05,114.04,0.485654,0.307164,5.6989,0.8402
2611,-100,-95.0,40,3.75,10.0,-45.65,10.5993,-87,1.23,118.4,0.418173,0.232874,1.102,0.9699
2613,-100,-95.0,40,3.75,11.0,-44.78,11.5288,-95,4.5,114.71,0.451293,0.283812,6.0246,0.8369
2612,-100,-95.0,40,3.75,10.5,-45.37,11.0279,-92,3.84,115.47,0.438737,0.274177,3.0766,0.9206
2614,-100,-95.0,40,3.75,11.5,-45.07,11.878,-90,4.08,115.11,0.48721,0.286142,4.914,0.8667
2615,-100,-95.0,40,3.75,12.0,-45.48,12.458,-94,3.24,116.16,0.435641,0.263477,2.6243,0.9206
2616,-100,-95.0,40,3.75,12.5,-45.72,12.8389,-95,2.25,117.19,0.446743,0.249511,1.8143,0.9526
2617,-100,-95.0,40,3.75,13.0,-44.87,13.2244,-92,3.74,115.69,0.451225,0.280834,4.1976,0.8812
2618,-100,-95.0,40,3.75,13.5,-45.64,13.9533,-99,2.44,117.08,0.459996,0.250654,1.3258,0.9589
2619,-100,-95.0,40,3.75,14.0,-45.21,14.4129,-100,9.33,108.86,0.527862,0.402986,11.3138,0.7003
2620,-100,-95.0,40,4.0,1.0,-42.2,3.7477,-51,8.08,110.33,0.514508,0.378015,9.4748,0.76
2621,-100,-95.0,40,4.0,1.5,-40.88,3.2881,-52,1.97,117.76,0.436326,0.243032,2.0138,0.9423
2622,-100,-95.0,40,4.0,2.0,-41.58,4.1197,-53,3.23,116.14,0.476507,0.266326,3.5651,0.9006
2623,-100,-95.0,40,4.0,2.5,-41.56,4.3211,-55,5.51,113.44,0.467774,0.31295,4.972,0.8729
2624,-100,-95.0,40,4.0,3.0,-41.85,4.5823,-57,1.59,118.15,0.443298,0.241953,1.6574,0.951
2625,-100,-95.0,40,4.0,3.5,-41.75,4.849,-60,1.69,117.97,0.414341,0.216035,1.0852,0.9658
2626,-100,-95.0,40,4.0,4.0,-41.73,4.888,-60,3.06,116.42,0.436618,0.254676,3.6869,0.8987
2628,-100,-95.0,40,4.0,5.0,-41.39,5.8957,-67,8.89,109.4,0.536805,0.419845,13.7285,0.6388
2627,-100,-95.0,40,4.0,4.5,-41.55,5.5418,-62,1.65,118.09,0.40616,0.219189,1.1158,0.9702
2629,-100,-95.0,40,4.0,5.5,-41.93,6.5742,-66,1.54,118.34,0.414401,0.23392,0.9596,0.9718
2630,-100,-95.0,40,4.0,6.0,-41.83,6.6073,-69,3.94,115.4,0.452882,0.289572,5.3827,0.8535
2632,-100,-95.0,40,4.0,7.0,-42.4,7.811,-76,4.27,114.91,0.44533,0.280334,4.3713,0.8763
2631,-100,-95.0,40,4.0,6.5,-41.9,7.2262,-71,3.74,115.6,0.509622,0.288633,2.6001,0.9268
2633,-100,-95.0,40,4.0,7.5,-42.04,8.3592,-77,1.25,118.53,0.38876,0.208593,1.4785,0.9588
2634,-100,-95.0,40,4.0,8.0,-42.09,8.3906,-76,1.05,118.9,0.406288,0.203887,0.3426,0.9837
2635,-100,-95.0,40,4.0,8.5,-40.96,9.2034,-80,4.46,114.79,0.465369,0.293004,3.9704,0.896
2636,-100,-95.0,40,4.0,9.0,-42.08,9.7087,-86,3.3,116.01,0.459138,0.268839,4.0532,0.8875
2637,-100,-95.0,40,4.0,9.5,-42.62,10.0071,-85,3.7,115.63,0.440269,0.266201,3.5038,0.898
2638,-100,-95.0,40,4.0,10.0,-41.45,10.5522,-85,1.84,117.86,0.427866,0.23321,1.2685,0.9609
2639,-100,-95.0,40,4.0,10.5,-42.09,10.8634,-86,1.54,118.22,0.40816,0.226344,0.6727,0.9719
2641,-100,-95.0,40,4.0,11.5,-41.96,12.1721,-93,5.74,113.15,0.484224,0.311695,5.1002,0.8647
2640,-100,-95.0,40,4.0,11.0,-41.46,11.6337,-87,3.54,115.85,0.496919,0.2756,2.5922,0.9273
2642,-100,-95.0,40,4.0,12.0,-42.13,12.5268,-87,4.21,115.02,0.478956,0.277751,4.2089,0.8813
2643,-100,-95.0,40,4.0,12.5,-41.47,12.934,-92,4.48,114.69,0.445709,0.28881,5.5625,0.8499
2644,-100,-95.0,40,4.0,13.0,-41.16,13.3378,-97,1.47,118.24,0.403287,0.21708,0.8226,0.9691
2645,-100,-95.0,40,4.0,13.5,-42.61,13.9989,-95,1.95,117.88,0.425796,0.242758,2.1753,0.9371
2646,-100,-95.0,40,4.0,14.0,-41.55,14.534,-100,4.36,114.85,0.463074,0.28999,3.9884,0.8908
2647,-100,-95.0,40,4.25,1.0,-37.56,3.6587,-46,4.85,114.2,0.4941,0.29702,4.3525,0.8839
2648,-100,-95.0,40,4.25,1.5,-38.25,3.4855,-48,4.11,115.08,0.433406,0.274583,4.5704,0.8712
2649,-100,-95.0,40,4.25,2.0,-38.26,3.9625,-50,4.01,115.27,0.444799,0.278471,4.9064,0.8622
2650,-100,-95.0,40,4.25,2.5,-38.0,4.3419,-52,1.67,118.05,0.445442,0.227858,1.118,0.9667
2651,-100,-95.0,40,4.25,3.0,-38.64,4.6512,-53,1.15,118.8,0.401768,0.217167,0.6581,0.977
2652,-100,-95.0,40,4.25,3.5,-37.42,4.7393,-53,2.84,116.68,0.42502,0.246303,2.3282,0.9387
2653,-100,-95.0,40,4.25,4.0,-37.95,5.4781,-59,3.11,116.23,0.429917,0.266073,5.0438,0.868
2654,-100,-95.0,40,4.25,4.5,-38.14,5.4435,-58,3.41,116.05,0.428863,0.261556,3.93,0.8884
2655,-100,-95.0,40,4.25,5.0,-38.11,6.2314,-61,4.2,114.89,0.44926,0.284957,4.145,0.9006
2656,-100,-95.0,40,4.25,5.5,-38.2,6.4004,-64,2.57,117.08,0.458139,0.264216,1.6454,0.9521
2657,-100,-95.0,40,4.25,6.0,-38.32,6.6871,-64,9.43,108.71,0.534442,0.388915,12.3081,0.6779
2658,-100,-95.0,40,4.25,6.5,-37.82,7.2977,-67,3.87,115.38,0.457707,0.282471,4.3987,0.8747
2659,-100,-95.0,40,4.25,7.0,-38.64,8.0374,-71,7.53,110.97,0.524141,0.354237,8.5456,0.8183
2660,-100,-95.0,40,4.25,7.5,-37.53,8.0452,-69,4.07,115.32,0.457275,0.297539,5.2023,0.8573
2661,-100,-95.0,40,4.25,8.0,-37.43,8.644,-73,8.84,109.41,0.510544,0.380918,11.5663,0.6884
2662,-100,-95.0,40,4.25,8.5,-37.61,9.1713,-75,2.38,117.12,0.430499,0.246713,1.6755,0.9508
2663,-100,-95.0,40,4.25,9.0,-37.88,9.7002,-75,1.97,117.71,0.417833,0.23316,1.2687,0.9629
2664,-100,-95.0,40,4.25,9.5,-37.76,10.4599,-77,1.61,118.28,0.391544,0.223469,1.1828,0.9653
2665,-100,-95.0,40,4.25,10.0,-38.05,10.6848,-88,1.17,118.45,0.44697,0.231414,1.2253,0.9653
2666,-100,-95.0,40,4.25,10.5,-38.38,11.0393,-82,1.4,118.37,0.419178,0.223846,0.7712,0.9764
2667,-100,-95.0,40,4.25,11.0,-37.48,11.721,-87,2.28,117.38,0.422755,0.235072,1.1838,0.9634
2668,-100,-95.0,40,4.25,11.5,-38.25,11.9297,-88,2.06,117.71,0.412626,0.233668,1.5619,0.9577
2669,-100,-95.0,40,4.25,12.0,-38.32,12.6261,-86,9.78,108.37,0.555242,0.422623,13.4224,0.6418
2670,-100,-95.0,40,4.25,12.5,-38.05,12.9847,-93,1.47,118.31,0.434797,0.220838,0.9088,0.9673
2671,-100,-95.0,40,4.25,13.0,-38.55,13.544,-100,3.53,115.75,0.4445,0.276666,4.4701,0.8761
2672,-100,-95.0,40,4.25,13.5,-38.65,13.9975,-88,7.99,110.45,0.53036,0.37755,8.8507,0.7531
2673,-100,-95.0,40,4.25,14.0,-38.1,14.538,-96,2.86,116.63,0.439175,0.262134,3.8706,0.8943
2675,-100,-95.0,40,4.5,1.5,-35.31,4.0593,-47,4.01,115.12,0.468637,0.293377,4.2315,0.8797
2674,-100,-95.0,40,4.5,1.0,-34.29,3.9699,-44,2.81,116.81,0.433861,0.258368,1.9344,0.9452
2676,-100,-95.0,40,4.5,2.0,-34.75,4.5553,-47,2.47,117.02,0.427158,0.245943,1.9652,0.9443
2677,-100,-95.0,40,4.5,2.5,-34.83,4.488,-49,3.71,115.62,0.458268,0.280284,3.7873,0.8917
2678,-100,-95.0,40,4.5,3.0,-34.95,4.7655,-49,1.42,118.26,0.423092,0.22111,0.794,0.9771
2679,-100,-95.0,40,4.5,3.5,-34.31,5.4837,-53,4.61,114.49,0.491858,0.300287,4.8509,0.8615
2680,-100,-95.0,40,4.5,4.0,-34.8,5.5542,-57,1.65,117.94,0.450367,0.232211,1.0367,0.9719
2681,-100,-95.0,40,4.5,4.5,-34.62,5.7444,-56,3.68,115.58,0.477181,0.273191,3.5144,0.8994
2682,-100,-95.0,40,4.5,5.0,-33.73,6.1976,-59,2.84,116.66,0.460545,0.273526,2.0509,0.9383
2683,-100,-95.0,40,4.5,5.5,-34.45,6.801,-60,1.66,117.96,0.410516,0.220327,1.1061,0.9695
2684,-100,-95.0,40,4.5,6.0,-35.17,7.0557,-63,1.54,118.22,0.406036,0.212396,0.4665,0.9763
2685,-100,-95.0,40,4.5,6.5,-34.34,7.3282,-64,8.22,110.12,0.522737,0.375003,9.3715,0.7421
2686,-100,-95.0,40,4.5,7.0,-34.33,8.0307,-67,2.91,116.55,0.450153,0.246335,2.0243,0.9447
2687,-100,-95.0,40,4.5,7.5,-34.08,8.5338,-70,1.06,118.91,0.413212,0.206851,0.4953,0.9826
2688,-100,-95.0,40,4.5,8.0,-34.91,8.6291,-67,4.8,114.38,0.478743,0.298337,7.0172,0.8121
2689,-100,-95.0,40,4.5,8.5,-35.14,9.3218,-69,3.58,115.81,0.46581,0.268187,4.3594,0.8794
2690,-100,-95.0,40,4.5,9.0,-35.23,9.754,-73,1.92,117.63,0.447644,0.244827,1.1746,0.9661
2691,-100,-95.0,40,4.5,9.5,-34.29,10.1279,-76,1.76,117.76,0.420802,0.234454,1.2228,0.9659
2692,-100,-95.0,40,4.5,10.0,-34.56,10.5121,-74,4.43,114.89,0.505938,0.303039,5.0749,0.8573
2693,-100,-95.0,40,4.5,10.5,-34.29,11.1464,-80,2.58,117.07,0.456521,0.255422,2.3759,0.9418
2694,-100,-95.0,40,4.5,11.0,-34.05,11.3286,-77,8.03,110.39,0.510157,0.368438,10.6383,0.7147
2695,-100,-95.0,40,4.5,11.5,-33.98,11.8826,-79,3.83,115.31,0.474005,0.285808,4.1472,0.8835
2697,-100,-95.0,40,4.5,12.5,-35.11,13.0468,-90,2.36,117.27,0.449719,0.256173,1.6143,0.9541
2696,-100,-95.0,40,4.5,12.0,-34.2,12.4753,-85,2.86,116.71,0.449238,0.252665,2.9559,0.9161
2698,-100,-95.0,40,4.5,13.0,-34.98,13.5283,-84,3.97,115.3,0.450498,0.281255,4.7644,0.8696
2699,-100,-95.0,40,4.5,13.5,-34.48,14.0503,-90,1.32,118.34,0.426978,0.222982,0.9764,0.9725
2700,-100,-95.0,40,4.5,14.0,-34.69,14.4057,-100,2.93,116.56,0.421412,0.24976,2.9319,0.9134
2701,-100,-95.0,40,4.75,1.0,-31.32,3.6993,-40,1.83,117.85,0.408861,0.223914,1.3484,0.9626
2702,-100,-95.0,40,4.75,1.5,-30.55,4.1699,-41,1.31,118.52,0.403029,0.210049,1.0412,0.9664
2705,-100,-95.0,40,4.75,3.0,-30.82,5.1204,-46,6.35,112.3,0.499908,0.333874,6.9851,0.8135
2703,-100,-95.0,40,4.75,2.0,-30.88,4.3761,-43,3.94,115.42,0.462656,0.293237,2.9163,0.9268
2704,-100,-95.0,40,4.75,2.5,-31.02,4.871,-45,3.18,116.27,0.439289,0.256694,3.9885,0.8895
2706,-100,-95.0,40,4.75,3.5,-31.18,5.4513,-51,4.26,114.95,0.459703,0.286113,3.2789,0.9152
2707,-100,-95.0,40,4.75,4.0,-30.65,5.7116,-50,6.2,112.68,0.493186,0.314993,6.5993,0.8459
2708,-100,-95.0,40,4.75,4.5,-31.45,5.7824,-59,2.18,117.5,0.435781,0.243319,1.4557,0.9609
2709,-100,-95.0,40,4.75,5.0,-30.28,6.2637,-55,1.98,117.69,0.404047,0.22694,1.7655,0.9574
2710,-100,-95.0,40,4.75,5.5,-30.54,6.3615,-57,3.57,115.91,0.469456,0.270728,3.4142,0.9125
2712,-100,-95.0,40,4.75,6.5,-31.53,7.3578,-58,1.26,118.51,0.372943,0.196722,0.7518,0.9728
2711,-100,-95.0,40,4.75,6.0,-30.55,7.4282,-63,3.26,116.18,0.428837,0.264344,4.6913,0.8738
2713,-100,-95.0,40,4.75,7.0,-30.65,8.0664,-64,3.87,115.37,0.461829,0.284452,2.8002,0.9226
2714,-100,-95.0,40,4.75,7.5,-31.11,8.4433,-66,2.16,117.5,0.443815,0.256288,1.3575,0.9617
2715,-100,-95.0,40,4.75,8.0,-30.8,9.0396,-69,2.12,117.53,0.426234,0.236698,1.7182,0.9533
2716,-100,-95.0,40,4.75,8.5,-30.98,9.2821,-65,1.93,117.77,0.416104,0.229138,1.414,0.9541
2717,-100,-95.0,40,4.75,9.0,-30.92,9.8456,-70,3.94,115.16,0.467315,0.284016,3.67,0.906
2718,-100,-95.0,40,4.75,9.5,-30.91,10.4093,-74,3.92,115.36,0.44833,0.276789,4.0555,0.885
2719,-100,-95.0,40,4.75,10.0,-31.14,10.7118,-81,1.96,117.67,0.40997,0.225359,1.5808,0.9526
2720,-100,-95.0,40,4.75,10.5,-31.41,10.9902,-76,2.51,117.13,0.455917,0.24456,1.0817,0.9647
2721,-100,-95.0,40,4.75,11.0,-30.56,11.585,-73,4.02,115.23,0.493567,0.279546,4.2486,0.879
2722,-100,-95.0,40,4.75,11.5,-30.31,12.0781,-82,3.36,116.0,0.453024,0.263165,3.8585,0.8911
2724,-100,-95.0,40,4.75,12.5,-31.19,13.0058,-86,0.96,118.77,0.384851,0.210313,0.8528,0.9737
2723,-100,-95.0,40,4.75,12.0,-30.89,12.5219,-84,4.03,115.25,0.464268,0.275315,3.4503,0.8969
2725,-100,-95.0,40,4.75,13.0,-29.85,13.3885,-82,6.7,112.03,0.484282,0.332675,7.4974,0.8264
2726,-100,-95.0,40,4.75,13.5,-31.57,13.9829,-89,2.42,117.2,0.403827,0.240817,2.6133,0.9246
2729,-100,-95.0,40,5.0,1.5,-27.52,4.3132,-39,1.46,118.24,0.420588,0.223886,1.0356,0.9678
2727,-100,-95.0,40,4.75,14.0,-30.64,14.4762,-83,1.63,118.01,0.424662,0.231695,1.0678,0.9645
2728,-100,-95.0,40,5.0,1.0,-27.59,4.2711,-36,1.38,118.45,0.409127,0.2252,0.8994,0.9693
2730,-100,-95.0,40,5.0,2.0,-27.52,4.3342,-40,3.03,116.45,0.432189,0.263333,3.2355,0.9093
2731,-100,-95.0,40,5.0,2.5,-27.57,4.6436,-42,4.31,114.91,0.488476,0.292477,4.3663,0.8743
2732,-100,-95.0,40,5.0,3.0,-26.59,5.0621,-43,1.77,117.94,0.462977,0.255411,1.6574,0.9506
2733,-100,-95.0,40,5.0,3.5,-27.01,5.1078,-43,2.34,117.29,0.456156,0.252004,1.496,0.9582
2734,-100,-95.0,40,5.0,4.0,-26.81,6.3228,-52,3.24,116.31,0.479792,0.270951,2.4127,0.9244
2735,-100,-95.0,40,5.0,4.5,-28.06,6.0955,-52,5.66,113.35,0.484757,0.320704,5.3289,0.8597
2736,-100,-95.0,40,5.0,5.0,-28.32,6.2363,-51,8.27,110.16,0.556197,0.365238,7.4024,0.7957
2737,-100,-95.0,40,5.0,5.5,-26.88,6.8412,-54,1.41,118.39,0.411837,0.21022,0.9523,0.9678
2738,-100,-95.0,40,5.0,6.0,-27.57,7.2961,-56,1.64,117.87,0.436858,0.244355,1.2969,0.9645
2740,-100,-95.0,40,5.0,7.0,-28.22,8.2726,-58,4.32,114.96,0.443219,0.291991,5.609,0.847
2739,-100,-95.0,40,5.0,6.5,-27.67,8.042,-58,2.59,116.91,0.443243,0.248294,1.907,0.9497
2741,-100,-95.0,40,5.0,7.5,-27.58,8.7208,-60,1.12,118.65,0.403508,0.207679,0.8192,0.9726
2744,-100,-95.0,40,5.0,9.0,-27.19,9.8533,-69,9.66,108.44,0.517353,0.406055,11.5144,0.7083
2745,-100,-95.0,40,5.0,9.5,-27.25,10.504,-63,8.29,110.04,0.513318,0.359917,8.2507,0.7921
2742,-100,-95.0,40,5.0,8.0,-28.0,8.933,-63,3.26,116.12,0.451851,0.2667,2.7007,0.9192
2743,-100,-95.0,40,5.0,8.5,-27.51,9.8457,-66,3.84,115.49,0.463651,0.28627,2.2074,0.9403
2746,-100,-95.0,40,5.0,10.0,-27.84,10.617,-71,0.69,119.28,0.371892,0.175721,0.1504,0.9911
2748,-100,-95.0,40,5.0,11.0,-27.12,11.851,-75,1.93,117.74,0.394807,0.225308,1.8158,0.9451
2747,-100,-95.0,40,5.0,10.5,-26.81,11.1488,-74,2.34,117.36,0.417643,0.233724,1.8801,0.9497
2749,-100,-95.0,40,5.0,11.5,-27.95,12.1712,-79,5.17,113.75,0.457706,0.314203,5.8851,0.8404
2752,-100,-95.0,40,5.0,13.0,-27.4,13.6472,-84,7.24,111.3,0.498919,0.356466,8.5244,0.763
2751,-100,-95.0,40,5.0,12.5,-27.82,12.7937,-79,1.85,117.98,0.456246,0.251352,1.478,0.9526
2750,-100,-95.0,40,5.0,12.0,-26.9,12.7807,-74,2.12,117.61,0.443064,0.241786,1.1798,0.9676
2753,-100,-95.0,40,5.0,13.5,-27.19,14.0164,-81,5.58,113.27,0.48249,0.317413,5.8133,0.8637
2754,-100,-95.0,40,5.0,14.0,-27.18,14.745,-84,5.2,113.96,0.505068,0.321309,5.0077,0.8694
2756,-100,-90.0,40,1.0,1.5,-85.45,1.9794,-93,4.32,114.78,0.510334,0.28392,4.1108,0.8761
2755,-100,-90.0,40,1.0,1.0,-85.16,1.9044,-91,4.46,114.87,0.495647,0.291529,3.8733,0.8957
2757,-100,-90.0,40,1.0,2.0,-84.55,2.2576,-93,3.42,115.96,0.469213,0.261194,3.0977,0.9091
2758,-100,-90.0,40,1.0,2.5,-84.48,2.8444,-95,15.31,101.64,0.678764,0.482899,14.3253,0.5848
2760,-100,-90.0,40,1.0,3.5,-84.57,3.7348,-100,16.25,100.55,0.677246,0.582708,20.0776,0.451
2759,-100,-90.0,40,1.0,3.0,-83.85,3.2883,-97,10.68,107.26,0.591585,0.425129,14.8299,0.6001
2761,-100,-90.0,40,1.0,4.0,-85.2,4.191,-100,20.0,95.93,0.777872,0.526398,17.1651,0.538
2764,-100,-90.0,40,1.0,5.5,-85.71,5.6493,-100,27.92,86.55,0.965227,0.510389,7.2562,0.6207
2763,-100,-90.0,40,1.0,5.0,-84.69,5.1917,-100,19.84,96.15,0.805757,0.440132,8.3303,0.6476
2765,-100,-90.0,40,1.0,6.0,-84.87,6.0699,-100,23.99,91.2,0.870524,0.504867,11.8637,0.6166
2762,-100,-90.0,40,1.0,4.5,-84.94,4.5865,-100,12.34,105.19,0.670796,0.377909,5.2964,0.7843
2767,-100,-90.0,40,1.0,7.0,-85.48,7.0575,-100,40.81,71.02,1.281843,0.6528,8.6018,0.4718
2768,-100,-90.0,40,1.0,7.5,-83.56,7.465,-100,27.93,86.56,0.947888,0.569074,15.0003,0.5752
2769,-100,-90.0,40,1.0,8.0,-85.01,7.7877,-100,31.63,82.02,1.033328,0.574657,13.7911,0.521
2766,-100,-90.0,40,1.0,6.5,-84.79,6.5821,-100,22.4,93.25,0.854898,0.452343,8.8782,0.6564
2771,-100,-90.0,40,1.0,9.0,-84.1,8.7925,-100,37.89,74.49,1.194434,0.69833,15.4245,0.4327
2772,-100,-90.0,40,1.0,9.5,-84.61,9.0894,-100,34.55,78.63,1.10952,0.632438,14.3851,0.464
2770,-100,-90.0,40,1.0,8.5,-84.32,8.3359,-100,26.97,87.72,0.941572,0.494619,7.6279,0.5946
2773,-100,-90.0,40,1.0,10.0,-84.38,9.4066,-100,32.24,81.41,1.053054,0.494354,8.6057,0.56
2774,-100,-90.0,40,1.0,10.5,-84.36,9.7997,-100,38.2,74.27,1.192482,0.584371,9.4651,0.496
2775,-100,-90.0,40,1.0,11.0,-84.11,10.2471,-100,33.99,79.26,1.077832,0.661371,16.871,0.4027
2776,-100,-90.0,40,1.0,11.5,-84.52,10.5652,-100,39.06,73.13,1.224132,0.668667,13.7662,0.4296
2777,-100,-90.0,40,1.0,12.0,-83.67,11.1288,-100,41.08,70.73,1.269436,0.699864,14.2884,0.4562
2778,-100,-90.0,40,1.0,12.5,-83.79,11.4038,-100,38.5,73.86,1.208481,0.644574,12.5434,0.4087
2780,-100,-90.0,40,1.0,13.5,-83.77,11.9725,-100,46.26,64.58,1.437903,0.880508,17.0737,0.3477
2779,-100,-90.0,40,1.0,13.0,-83.85,11.7023,-100,43.24,68.07,1.352327,0.642734,10.1425,0.4184
2781,-100,-90.0,40,1.0,14.0,-83.58,12.4327,-100,41.19,70.6,1.28135,0.603877,8.6774,0.4345
2783,-100,-90.0,40,1.25,1.5,-81.18,1.7321,-88,4.21,114.98,0.456181,0.284067,4.4041,0.8781
2782,-100,-90.0,40,1.25,1.0,-81.75,1.7704,-88,3.2,116.06,0.459202,0.270162,4.5718,0.8792
2784,-100,-90.0,40,1.25,2.0,-82.56,2.4637,-91,2.51,117.02,0.448719,0.247345,1.4784,0.9598
2785,-100,-90.0,40,1.25,2.5,-80.96,3.0433,-93,1.48,118.42,0.43257,0.22187,0.6657,0.9744
2789,-100,-90.0,40,1.25,4.5,-81.12,5.0375,-100,9.22,108.95,0.572125,0.38432,11.2463,0.6911
2786,-100,-90.0,40,1.25,3.0,-81.67,3.2904,-95,2.5,117.09,0.444985,0.243253,1.7843,0.947
2787,-100,-90.0,40,1.25,3.5,-81.92,3.7859,-97,3.35,115.99,0.454595,0.269142,1.5835,0.9483
2788,-100,-90.0,40,1.25,4.0,-80.72,4.1452,-96,2.74,116.85,0.445009,0.254481,1.7998,0.9483
2790,-100,-90.0,40,1.25,5.0,-81.32,5.7738,-100,8.37,110.09,0.593556,0.365595,8.6384,0.7461
2791,-100,-90.0,40,1.25,5.5,-81.59,5.7068,-100,8.26,109.98,0.594741,0.346046,7.2134,0.8286
2793,-100,-90.0,40,1.25,6.5,-81.18,6.5555,-100,13.29,104.2,0.658273,0.454145,14.4661,0.5792
2792,-100,-90.0,40,1.25,6.0,-81.26,6.1053,-100,7.32,111.28,0.564867,0.323449,4.2808,0.8552
2795,-100,-90.0,40,1.25,7.5,-81.52,7.5053,-100,27.91,86.63,0.925464,0.634837,17.7582,0.521
2794,-100,-90.0,40,1.25,7.0,-80.89,7.1919,-100,10.58,107.33,0.615898,0.398995,10.4704,0.7057
2796,-100,-90.0,40,1.25,8.0,-81.0,8.0866,-100,14.53,102.58,0.702428,0.423061,9.7144,0.698
2797,-100,-90.0,40,1.25,8.5,-81.57,8.4908,-100,24.74,90.33,0.87532,0.541496,13.5943,0.5612
2798,-100,-90.0,40,1.25,9.0,-81.2,9.0609,-100,28.51,85.89,0.952474,0.655969,18.6246,0.4651
2799,-100,-90.0,40,1.25,9.5,-81.25,9.3723,-100,18.5,97.88,0.77445,0.466369,11.1983,0.6192
2800,-100,-90.0,40,1.25,10.0,-80.9,9.7308,-100,20.17,95.91,0.790436,0.548611,16.7252,0.4711
2801,-100,-90.0,40,1.25,10.5,-80.18,10.2903,-100,15.44,101.49,0.713011,0.429577,11.4893,0.6325
2802,-100,-90.0,40,1.25,11.0,-81.88,10.5393,-100,27.8,86.67,0.96885,0.509289,9.1092,0.5935
2804,-100,-90.0,40,1.25,12.0,-80.56,11.5155,-100,34.38,78.67,1.091726,0.706168,18.6331,0.4503
2805,-100,-90.0,40,1.25,12.5,-80.38,11.7686,-100,30.25,83.77,0.988874,0.60786,15.7258,0.46
2803,-100,-90.0,40,1.25,11.5,-81.12,10.9652,-100,19.96,96.0,0.806537,0.425734,8.2282,0.7016
2806,-100,-90.0,40,1.25,13.0,-80.62,12.2234,-100,25.22,89.69,0.906352,0.488515,10.9139,0.6316
2807,-100,-90.0,40,1.25,13.5,-80.82,12.4775,-100,26.78,88.01,0.92431,0.517725,11.874,0.5996
2808,-100,-90.0,40,1.25,14.0,-80.7,12.8599,-100,29.84,84.14,1.010742,0.50972,8.371,0.5787
2809,-100,-90.0,40,1.5,1.0,-77.52,1.9754,-83,1.89,117.82,0.407009,0.228,0.8981,0.9695
2810,-100,-90.0,40,1.5,1.5,-76.67,2.0865,-84,2.5,117.16,0.444718,0.252902,1.8367,0.947
2812,-100,-90.0,40,1.5,2.5,-77.14,3.1005,-89,3.95,115.17,0.455362,0.281132,4.1359,0.8852
2811,-100,-90.0,40,1.5,2.0,-77.59,2.6343,-88,3.12,116.33,0.482327,0.2609,2.2281,0.9396
2813,-100,-90.0,40,1.5,3.0,-78.02,3.4804,-91,7.95,110.51,0.51879,0.368406,11.4934,0.6938
2814,-100,-90.0,40,1.5,3.5,-77.92,3.6776,-98,5.66,113.34,0.464789,0.324243,6.3841,0.8235
2815,-100,-90.0,40,1.5,4.0,-77.58,4.3348,-94,5.21,113.76,0.500548,0.300657,5.8814,0.8653
2816,-100,-90.0,40,1.5,4.5,-77.77,4.8062,-95,6.05,112.7,0.485811,0.323895,7.5621,0.7952
2817,-100,-90.0,40,1.5,5.0,-77.87,5.1747,-97,2.27,117.36,0.399242,0.231327,3.1529,0.9145
2818,-100,-90.0,40,1.5,5.5,-78.35,5.8888,-100,5.63,113.27,0.49918,0.328561,6.99,0.8074
2820,-100,-90.0,40,1.5,6.5,-77.38,6.8871,-100,6.83,111.85,0.520721,0.339957,6.6016,0.8295
2819,-100,-90.0,40,1.5,6.0,-78.06,6.2649,-100,2.98,116.49,0.451039,0.261033,3.1455,0.9086
2821,-100,-90.0,40,1.5,7.0,-77.78,7.1892,-100,3.05,116.26,0.475958,0.264729,1.6402,0.9492
2822,-100,-90.0,40,1.5,7.5,-77.61,7.8052,-100,12.09,105.61,0.608214,0.412464,11.4925,0.7132
2823,-100,-90.0,40,1.5,8.0,-77.78,8.1468,-100,10.71,107.12,0.597467,0.388001,9.8025,0.7405
2824,-100,-90.0,40,1.5,8.5,-77.49,8.6678,-100,11.01,106.81,0.625072,0.3994,10.4091,0.7143
2825,-100,-90.0,40,1.5,9.0,-78.25,8.9684,-100,6.61,112.15,0.574677,0.326587,5.7557,0.8257
2826,-100,-90.0,40,1.5,9.5,-78.38,9.4671,-100,12.04,105.57,0.652075,0.405509,11.118,0.6582
2827,-100,-90.0,40,1.5,10.0,-78.19,9.9971,-100,8.92,109.44,0.603465,0.348455,6.1879,0.8338
2828,-100,-90.0,40,1.5,10.5,-77.83,10.4578,-100,10.72,107.21,0.637214,0.364083,5.432,0.8177
2829,-100,-90.0,40,1.5,11.0,-78.09,10.7675,-100,10.79,107.03,0.644341,0.362775,6.5188,0.7897
2830,-100,-90.0,40,1.5,11.5,-77.17,11.3482,-100,14.82,102.25,0.67901,0.437873,12.7553,0.6776
2831,-100,-90.0,40,1.5,12.0,-77.13,11.815,-100,15.57,101.42,0.692745,0.486651,15.3648,0.5928
2832,-100,-90.0,40,1.5,12.5,-77.83,12.0835,-100,16.28,100.46,0.735329,0.43755,10.0758,0.6412
2833,-100,-90.0,40,1.5,13.0,-77.37,12.7098,-100,21.11,94.85,0.801505,0.53699,15.103,0.5499
2835,-100,-90.0,40,1.5,14.0,-77.93,13.3398,-100,28.37,85.94,0.965912,0.613917,15.7547,0.5389
2834,-100,-90.0,40,1.5,13.5,-77.36,12.9529,-100,14.2,103.08,0.6751,0.410937,8.7556,0.7172
2836,-100,-90.0,40,1.75,1.0,-74.29,2.6314,-83,4.34,114.96,0.515252,0.301543,3.1286,0.9194
2837,-100,-90.0,40,1.75,1.5,-74.41,2.1796,-82,1.98,117.71,0.408255,0.22877,1.7075,0.9577
2838,-100,-90.0,40,1.75,2.0,-74.72,2.7756,-86,3.86,115.5,0.453219,0.278499,3.2876,0.9035
2839,-100,-90.0,40,1.75,2.5,-74.08,3.0231,-88,0.93,119.01,0.394228,0.191061,0.2775,0.9861
2840,-100,-90.0,40,1.75,3.0,-73.66,3.3626,-87,1.84,118.02,0.418032,0.244638,1.3161,0.9568
2841,-100,-90.0,40,1.75,3.5,-73.69,4.0631,-89,3.32,116.03,0.462076,0.258889,2.5557,0.9291
2843,-100,-90.0,40,1.75,4.5,-74.06,4.6127,-92,6.18,112.69,0.515508,0.337657,6.5993,0.8534
2842,-100,-90.0,40,1.75,4.0,-73.48,4.5848,-90,2.61,116.9,0.441737,0.246659,3.8642,0.8969
2844,-100,-90.0,40,1.75,5.0,-74.52,5.4062,-94,3.65,115.59,0.438033,0.264898,5.0729,0.8631
2845,-100,-90.0,40,1.75,5.5,-73.86,5.8389,-96,5.74,113.04,0.491357,0.325089,5.9367,0.8406
2846,-100,-90.0,40,1.75,6.0,-73.98,6.146,-100,4.12,115.14,0.459175,0.285247,5.1905,0.8559
2847,-100,-90.0,40,1.75,6.5,-73.82,6.8936,-100,3.43,115.87,0.449239,0.268463,3.6841,0.8953
2848,-100,-90.0,40,1.75,7.0,-73.39,7.1758,-100,2.52,117.07,0.443184,0.243657,2.4885,0.9257
2849,-100,-90.0,40,1.75,7.5,-74.81,7.6662,-100,9.05,109.13,0.579133,0.370877,8.5034,0.7933
2852,-100,-90.0,40,1.75,9.0,-73.71,9.1076,-100,13.59,103.9,0.655463,0.484991,14.2725,0.6078
2850,-100,-90.0,40,1.75,8.0,-74.38,8.0445,-100,2.49,116.98,0.459219,0.253006,1.8405,0.9434
2851,-100,-90.0,40,1.75,8.5,-74.41,8.732,-100,3.98,115.31,0.473602,0.275121,2.8044,0.9125
2853,-100,-90.0,40,1.75,9.5,-74.19,9.5143,-100,4.01,115.28,0.488883,0.273459,2.9751,0.9141
2854,-100,-90.0,40,1.75,10.0,-74.69,10.0934,-100,8.93,109.31,0.54868,0.378025,9.9325,0.7555
2856,-100,-90.0,40,1.75,11.0,-74.32,11.1257,-100,15.08,101.92,0.673086,0.483034,14.7207,0.6031
2855,-100,-90.0,40,1.75,10.5,-74.71,10.5537,-100,7.03,111.48,0.567781,0.322857,4.4141,0.8779
2858,-100,-90.0,40,1.75,12.0,-74.2,11.9345,-100,18.94,97.49,0.770927,0.506287,12.8435,0.6754
2857,-100,-90.0,40,1.75,11.5,-74.16,11.4924,-100,7.79,110.81,0.579096,0.33544,4.4339,0.847
2859,-100,-90.0,40,1.75,12.5,-74.17,12.3987,-100,20.17,95.9,0.766091,0.583315,18.3629,0.569
2860,-100,-90.0,40,1.75,13.0,-73.44,12.9679,-100,19.44,96.82,0.748825,0.547627,16.2638,0.5329
2861,-100,-90.0,40,1.75,13.5,-73.53,13.1558,-100,9.32,108.79,0.611189,0.355697,6.5743,0.8204
2862,-100,-90.0,40,1.75,14.0,-73.5,13.7138,-100,13.21,104.16,0.675727,0.401477,8.9324,0.7587
2863,-100,-90.0,40,2.0,1.0,-70.37,2.4415,-78,0.69,119.25,0.357427,0.172133,0.3395,0.9872
2864,-100,-90.0,40,2.0,1.5,-70.0,1.9909,-77,1.71,117.93,0.406647,0.221821,1.8713,0.9473
2866,-100,-90.0,40,2.0,2.5,-70.52,3.0697,-83,6.19,112.65,0.533984,0.332979,6.5954,0.8378
2867,-100,-90.0,40,2.0,3.0,-71.09,3.3419,-86,4.12,114.97,0.452752,0.284705,4.9947,0.8653
2865,-100,-90.0,40,2.0,2.0,-70.77,2.7731,-80,1.49,118.34,0.428707,0.23451,0.5851,0.9738
2868,-100,-90.0,40,2.0,3.5,-69.78,3.9362,-87,4.28,114.88,0.477078,0.292941,4.7908,0.864
2870,-100,-90.0,40,2.0,4.5,-70.87,4.9907,-91,6.97,111.71,0.50909,0.340729,7.5525,0.8236
2869,-100,-90.0,40,2.0,4.0,-70.93,4.2782,-89,1.62,118.16,0.394463,0.217918,0.8458,0.9729
2871,-100,-90.0,40,2.0,5.0,-70.87,5.3547,-93,2.19,117.31,0.448345,0.244613,1.8645,0.947
2872,-100,-90.0,40,2.0,5.5,-70.19,5.79,-93,4.01,115.19,0.471533,0.28796,5.8553,0.8445
2873,-100,-90.0,40,2.0,6.0,-69.83,6.1751,-95,3.56,115.75,0.474201,0.272361,3.0896,0.9208
2874,-100,-90.0,40,2.0,6.5,-70.41,6.6806,-97,2.11,117.41,0.431491,0.242976,1.5497,0.9568
2875,-100,-90.0,40,2.0,7.0,-71.19,7.2388,-100,2.9,116.57,0.455135,0.265031,2.1429,0.9387
2876,-100,-90.0,40,2.0,7.5,-70.07,7.7125,-100,4.96,114.06,0.52194,0.318765,6.5785,0.8222
2879,-100,-90.0,40,2.0,9.0,-70.84,9.1625,-100,9.73,108.3,0.583874,0.377269,9.8072,0.7557
2877,-100,-90.0,40,2.0,8.0,-70.65,8.2733,-100,2.43,117.19,0.415167,0.237652,1.9325,0.9434
2880,-100,-90.0,40,2.0,9.5,-70.23,9.6349,-100,10.6,107.27,0.569841,0.408007,9.2167,0.7694
2878,-100,-90.0,40,2.0,8.5,-70.17,8.8472,-100,2.94,116.51,0.433747,0.254065,2.3605,0.9244
2882,-100,-90.0,40,2.0,10.5,-70.44,10.7367,-100,7.09,111.59,0.549198,0.333326,6.3775,0.8269
2881,-100,-90.0,40,2.0,10.0,-70.13,10.0648,-100,3.17,116.08,0.451425,0.266027,2.7797,0.9322
2884,-100,-90.0,40,2.0,11.5,-70.75,11.6367,-100,9.93,108.09,0.578618,0.396754,10.5657,0.7172
2883,-100,-90.0,40,2.0,11.0,-70.2,11.0744,-100,7.61,110.87,0.52519,0.355107,6.9928,0.8009
2886,-100,-90.0,40,2.0,12.5,-70.27,12.6662,-100,9.87,108.16,0.589968,0.372417,6.8492,0.826
2885,-100,-90.0,40,2.0,12.0,-70.95,11.9575,-100,7.27,111.41,0.533643,0.338958,5.66,0.8511
2887,-100,-90.0,40,2.0,13.0,-70.66,12.8991,-100,2.36,117.15,0.44143,0.240909,1.2682,0.9535
2888,-100,-90.0,40,2.0,13.5,-70.63,13.4561,-100,5.67,113.29,0.543535,0.302861,3.0991,0.8927
2889,-100,-90.0,40,2.0,14.0,-69.9,13.7566,-100,7.37,111.34,0.553083,0.327506,4.189,0.879
2890,-100,-90.0,40,2.25,1.0,-66.77,1.7482,-72,2.22,117.43,0.434987,0.242456,2.0089,0.9436
2891,-100,-90.0,40,2.25,1.5,-66.57,2.5261,-75,3.62,115.73,0.43903,0.273912,2.7954,0.9262
2892,-100,-90.0,40,2.25,2.0,-66.67,2.8966,-79,2.7,116.79,0.438899,0.245282,1.1917,0.9562
2893,-100,-90.0,40,2.25,2.5,-67.42,3.0289,-79,5.38,113.53,0.489782,0.319052,4.5851,0.8831
2894,-100,-90.0,40,2.25,3.0,-66.68,3.4388,-81,2.05,117.59,0.420513,0.235418,1.0818,0.9634
2895,-100,-90.0,40,2.25,3.5,-67.5,4.2035,-84,5.54,113.37,0.482493,0.313429,5.6221,0.8604
2897,-100,-90.0,40,2.25,4.5,-67.11,4.8827,-85,7.71,110.85,0.519319,0.373242,8.1301,0.7774
2896,-100,-90.0,40,2.25,4.0,-67.54,4.4585,-85,1.52,118.26,0.406352,0.219286,1.1587,0.964
2898,-100,-90.0,40,2.25,5.0,-67.19,5.622,-90,2.04,117.52,0.407133,0.238434,1.3275,0.9635
2899,-100,-90.0,40,2.25,5.5,-67.41,5.7046,-89,0.58,119.45,0.376452,0.20042,0.1158,0.9924
2900,-100,-90.0,40,2.25,6.0,-67.06,6.3237,-90,2.19,117.4,0.431103,0.240566,1.5341,0.9593
2901,-100,-90.0,40,2.25,6.5,-67.51,6.8847,-93,7.68,110.85,0.553747,0.38041,9.8997,0.7358
2902,-100,-90.0,40,2.25,7.0,-66.85,7.2785,-99,3.05,116.34,0.448476,0.253201,2.6842,0.9199
2904,-100,-90.0,40,2.25,8.0,-66.24,8.2131,-100,2.31,117.13,0.433239,0.25331,1.8644,0.9434
2903,-100,-90.0,40,2.25,7.5,-66.63,7.7545,-99,1.04,118.75,0.374466,0.191149,0.4439,0.9839
2907,-100,-90.0,40,2.25,9.5,-67.2,9.857,-100,5.84,112.99,0.47719,0.324887,7.0973,0.802
2905,-100,-90.0,40,2.25,8.5,-67.1,8.7718,-100,2.94,116.46,0.448188,0.262888,2.153,0.9394
2906,-100,-90.0,40,2.25,9.0,-67.0,9.2473,-100,2.55,117.09,0.450937,0.257833,1.3906,0.9537
2909,-100,-90.0,40,2.25,10.5,-67.16,10.8827,-100,11.36,106.48,0.575679,0.429545,12.9311,0.7168
2908,-100,-90.0,40,2.25,10.0,-67.28,10.2102,-100,7.54,111.03,0.526988,0.347958,7.1141,0.8341
2910,-100,-90.0,40,2.25,11.0,-66.95,11.2831,-100,4.32,114.8,0.477388,0.290045,2.9493,0.9145
2911,-100,-90.0,40,2.25,11.5,-66.93,11.6807,-100,11.21,106.55,0.582187,0.419578,11.2254,0.6929
2912,-100,-90.0,40,2.25,12.0,-67.29,12.2003,-100,2.02,117.62,0.433286,0.225353,1.9384,0.9436
2913,-100,-90.0,40,2.25,12.5,-67.11,12.5803,-100,5.25,113.8,0.486249,0.315094,7.1338,0.8065
2914,-100,-90.0,40,2.25,13.0,-66.51,13.0038,-100,6.35,112.51,0.515576,0.313936,5.0786,0.8566
2915,-100,-90.0,40,2.25,13.5,-66.75,13.587,-100,8.16,110.22,0.566324,0.347433,8.4596,0.7957
2916,-100,-90.0,40,2.25,14.0,-67.45,13.8505,-100,2.49,117.09,0.465674,0.251523,1.0524,0.955
2917,-100,-90.0,40,2.5,1.0,-62.78,2.3007,-70,3.49,115.81,0.448751,0.274528,3.7292,0.9036
2918,-100,-90.0,40,2.5,1.5,-64.12,2.4586,-73,3.02,116.38,0.435623,0.257801,2.3021,0.9318
2919,-100,-90.0,40,2.5,2.0,-63.62,2.9107,-75,3.88,115.37,0.480846,0.272506,4.651,0.87
2920,-100,-90.0,40,2.5,2.5,-63.27,3.2679,-75,8.91,109.35,0.51163,0.409457,12.0893,0.6741
2921,-100,-90.0,40,2.5,3.0,-63.87,4.0168,-79,2.25,117.31,0.425495,0.243355,2.2062,0.9363
2923,-100,-90.0,40,2.5,4.0,-63.28,4.421,-82,2.5,117.05,0.441896,0.253216,1.6449,0.953
2922,-100,-90.0,40,2.5,3.5,-63.37,3.7924,-79,3.67,115.65,0.48432,0.276806,3.9351,0.8866
2924,-100,-90.0,40,2.5,4.5,-63.52,4.7202,-81,2.55,116.86,0.469774,0.2688,2.6403,0.9298
2925,-100,-90.0,40,2.5,5.0,-63.2,5.6837,-86,5.89,113.07,0.495463,0.308441,6.2313,0.8436
2926,-100,-90.0,40,2.5,5.5,-62.85,5.7209,-86,2.03,117.54,0.431962,0.239307,1.3884,0.957
2927,-100,-90.0,40,2.5,6.0,-62.86,6.5552,-91,2.96,116.6,0.447821,0.258746,2.2851,0.9339
2928,-100,-90.0,40,2.5,6.5,-63.76,6.9096,-89,1.42,118.35,0.372139,0.205058,1.1712,0.9629
2930,-100,-90.0,40,2.5,7.5,-63.19,7.9614,-93,4.22,115.02,0.432411,0.288797,6.3733,0.8311
2929,-100,-90.0,40,2.5,7.0,-63.39,7.3107,-96,6.99,111.73,0.521465,0.347711,6.9877,0.8226
2931,-100,-90.0,40,2.5,8.0,-63.61,8.5505,-99,3.92,115.29,0.489504,0.282236,3.9945,0.9095
2932,-100,-90.0,40,2.5,8.5,-63.01,8.9962,-100,1.81,118.02,0.445158,0.240332,0.8799,0.9687
2933,-100,-90.0,40,2.5,9.0,-63.5,9.3826,-100,8.25,110.25,0.543495,0.370263,8.1907,0.7906
2934,-100,-90.0,40,2.5,9.5,-63.23,9.7342,-99,4.04,115.17,0.466193,0.282065,2.5881,0.9185
2935,-100,-90.0,40,2.5,10.0,-64.33,10.1295,-100,2.75,116.92,0.455613,0.259299,2.9174,0.9152
2937,-100,-90.0,40,2.5,11.0,-63.2,11.2714,-100,5.02,114.12,0.483035,0.299138,2.7763,0.921
2936,-100,-90.0,40,2.5,10.5,-63.19,10.6939,-100,1.6,118.31,0.411519,0.239288,1.3079,0.9579
2938,-100,-90.0,40,2.5,11.5,-63.5,11.7328,-100,1.99,117.67,0.417173,0.231914,1.3159,0.9648
2940,-100,-90.0,40,2.5,12.5,-64.39,12.7574,-100,3.83,115.43,0.498398,0.293401,2.5761,0.9235
2939,-100,-90.0,40,2.5,12.0,-63.07,12.1618,-100,2.1,117.58,0.429358,0.243721,1.8328,0.9441
2942,-100,-90.0,40,2.5,13.5,-63.17,13.5618,-100,10.88,106.91,0.581256,0.454313,14.3464,0.6191
2941,-100,-90.0,40,2.5,13.0,-63.54,13.0412,-100,3.6,115.7,0.432229,0.27211,2.5317,0.9309
2943,-100,-90.0,40,2.5,14.0,-62.7,14.0148,-100,3.43,115.93,0.473477,0.264841,2.596,0.9275
2944,-100,-90.0,40,2.75,1.0,-60.22,2.419,-67,1.97,117.69,0.424539,0.23485,1.6897,0.9535
2945,-100,-90.0,40,2.75,1.5,-59.45,3.0756,-69,6.56,112.27,0.544705,0.339817,6.2279,0.8338
2946,-100,-90.0,40,2.75,2.0,-59.45,3.5725,-71,3.57,115.71,0.442767,0.280786,4.6542,0.8725
2947,-100,-90.0,40,2.75,2.5,-60.4,3.4151,-72,4.01,115.25,0.461897,0.279002,3.0991,0.911
2949,-100,-90.0,40,2.75,3.5,-60.27,4.0222,-77,9.34,108.81,0.539207,0.396834,11.651,0.6814
2948,-100,-90.0,40,2.75,3.0,-59.81,3.5204,-75,4.57,114.63,0.497273,0.294294,3.4547,0.9008
2950,-100,-90.0,40,2.75,4.0,-59.53,4.7603,-80,6.87,111.77,0.49599,0.338013,6.7809,0.8072
2952,-100,-90.0,40,2.75,5.0,-58.69,5.5898,-80,4.22,114.88,0.451492,0.291656,5.2602,0.8544
2951,-100,-90.0,40,2.75,4.5,-59.93,5.6803,-82,5.46,113.61,0.485646,0.313301,5.3345,0.862
2953,-100,-90.0,40,2.75,5.5,-59.56,5.8741,-81,8.18,110.2,0.528836,0.369354,10.7248,0.7174
2954,-100,-90.0,40,2.75,6.0,-59.42,6.4478,-89,1.72,118.04,0.418686,0.225903,0.9217,0.9664
2955,-100,-90.0,40,2.75,6.5,-60.46,6.8606,-92,4.31,114.94,0.439507,0.285359,7.0237,0.8166
2956,-100,-90.0,40,2.75,7.0,-59.79,7.2943,-88,2.41,117.22,0.427974,0.2418,2.1138,0.9367
2957,-100,-90.0,40,2.75,7.5,-60.21,7.8198,-94,0.94,118.84,0.407251,0.204964,0.6416,0.9805
2958,-100,-90.0,40,2.75,8.0,-59.76,8.4819,-96,5.15,114.01,0.489997,0.31374,4.5821,0.8779
2959,-100,-90.0,40,2.75,8.5,-59.68,8.8839,-94,2.08,117.52,0.435735,0.234066,1.5826,0.9591
2960,-100,-90.0,40,2.75,9.0,-59.94,9.2697,-96,2.21,117.43,0.415669,0.236095,1.4758,0.9521
2961,-100,-90.0,40,2.75,9.5,-60.35,9.8248,-97,1.54,118.08,0.43485,0.230732,0.5066,0.9762
2962,-100,-90.0,40,2.75,10.0,-59.77,10.1708,-98,2.1,117.4,0.453691,0.249273,0.7778,0.9716
2963,-100,-90.0,40,2.75,10.5,-60.02,10.886,-100,1.98,117.64,0.441946,0.252098,1.8932,0.943
2964,-100,-90.0,40,2.75,11.0,-60.26,11.1959,-100,4.54,114.42,0.510941,0.309822,4.975,0.8787
2965,-100,-90.0,40,2.75,11.5,-60.06,11.9483,-100,3.58,115.66,0.442603,0.272278,4.5289,0.8747
2967,-100,-90.0,40,2.75,12.5,-59.82,12.664,-100,4.91,114.16,0.485473,0.309797,4.5432,0.8765
2968,-100,-90.0,40,2.75,13.0,-59.89,13.1936,-100,8.92,109.28,0.55208,0.403194,11.6876,0.6822
2966,-100,-90.0,40,2.75,12.0,-59.68,12.2799,-100,3.33,116.11,0.455355,0.270455,3.9754,0.8902
2969,-100,-90.0,40,2.75,13.5,-59.56,13.6221,-100,4.56,114.5,0.487996,0.300299,4.3961,0.8752
2970,-100,-90.0,40,2.75,14.0,-59.71,14.1662,-100,1.46,118.33,0.437234,0.214176,0.9151,0.969
2972,-100,-90.0,40,3.0,1.5,-56.39,3.5585,-66,5.16,113.95,0.506531,0.303211,4.8667,0.8678
2971,-100,-90.0,40,3.0,1.0,-55.3,2.7417,-63,1.56,118.19,0.4491,0.238811,0.9175,0.9731
2973,-100,-90.0,40,3.0,2.0,-55.74,3.5082,-68,8.43,109.89,0.533247,0.382231,10.062,0.7394
2974,-100,-90.0,40,3.0,2.5,-55.92,3.1226,-67,4.73,114.24,0.483344,0.298434,4.9686,0.8562
2976,-100,-90.0,40,3.0,3.5,-56.39,3.9968,-70,5.96,112.88,0.514264,0.32972,5.8049,0.8573
2975,-100,-90.0,40,3.0,3.0,-56.17,4.2337,-72,2.02,117.61,0.420968,0.235862,1.4249,0.9567
2977,-100,-90.0,40,3.0,4.0,-56.16,4.6413,-74,2.37,117.25,0.469548,0.24461,1.1847,0.9609
2978,-100,-90.0,40,3.0,4.5,-56.48,5.1687,-75,3.31,116.01,0.468722,0.261952,2.9509,0.9212
2979,-100,-90.0,40,3.0,5.0,-56.44,5.7775,-79,1.85,118.05,0.45372,0.250136,1.0757,0.964
2980,-100,-90.0,40,3.0,5.5,-56.39,5.7461,-78,2.56,117.03,0.442778,0.245406,1.6225,0.9493
2981,-100,-90.0,40,3.0,6.0,-55.98,6.5955,-83,3.11,116.39,0.451765,0.267957,4.3771,0.8817
2984,-100,-90.0,40,3.0,7.5,-56.09,7.9642,-91,8.07,110.48,0.519986,0.374656,8.743,0.7875
2982,-100,-90.0,40,3.0,6.5,-55.77,6.8781,-82,3.15,116.28,0.447114,0.263466,2.2941,0.9303
2983,-100,-90.0,40,3.0,7.0,-55.96,7.3681,-88,3.27,116.19,0.477185,0.27058,2.7472,0.9186
2985,-100,-90.0,40,3.0,8.0,-56.39,8.3247,-93,4.31,114.91,0.475269,0.290787,4.3568,0.8767
2986,-100,-90.0,40,3.0,8.5,-56.22,9.0706,-91,6.81,111.95,0.522832,0.333305,8.764,0.7676
2987,-100,-90.0,40,3.0,9.0,-55.8,9.2983,-92,2.16,117.51,0.449102,0.242927,1.9113,0.9423
2988,-100,-90.0,40,3.0,9.5,-56.05,9.7747,-100,4.0,115.39,0.445863,0.290003,5.3229,0.8553
2989,-100,-90.0,40,3.0,10.0,-56.85,10.3505,-96,0.95,118.81,0.37774,0.195061,0.655,0.9776
2990,-100,-90.0,40,3.0,10.5,-56.47,10.8397,-100,8.16,110.13,0.526567,0.367214,10.5548,0.7253
2991,-100,-90.0,40,3.0,11.0,-55.9,11.2902,-100,2.23,117.33,0.409174,0.241719,1.1376,0.9605
2992,-100,-90.0,40,3.0,11.5,-55.83,11.6909,-100,3.37,116.04,0.472706,0.287855,3.9452,0.8895
2993,-100,-90.0,40,3.0,12.0,-55.91,12.2265,-100,4.59,114.51,0.463478,0.31015,6.5106,0.8276
2994,-100,-90.0,40,3.0,12.5,-55.94,12.8269,-100,3.45,116.05,0.452282,0.281619,3.0814,0.9139
2997,-100,-90.0,40,3.0,14.0,-56.56,14.257,-100,6.04,112.86,0.480174,0.320157,5.7554,0.8613
2995,-100,-90.0,40,3.0,13.0,-56.12,13.1481,-100,2.68,116.85,0.455399,0.258516,2.151,0.9387
2996,-100,-90.0,40,3.0,13.5,-55.76,13.6762,-100,3.57,115.88,0.443699,0.287076,4.5686,0.8736
2998,-100,-90.0,40,3.25,1.0,-53.06,3.5487,-63,4.2,115.01,0.448454,0.284854,4.2868,0.8808
3000,-100,-90.0,40,3.25,2.0,-52.92,3.2173,-63,12.0,105.75,0.564464,0.441886,13.2649,0.7174
2999,-100,-90.0,40,3.25,1.5,-52.46,2.8895,-62,3.61,115.61,0.443422,0.280434,3.4524,0.9163
3001,-100,-90.0,40,3.25,2.5,-52.21,4.0819,-65,2.81,116.65,0.469798,0.268641,2.0535,0.9472
3002,-100,-90.0,40,3.25,3.0,-52.57,4.0519,-68,2.28,117.38,0.450562,0.245759,1.6623,0.956
3003,-100,-90.0,40,3.25,3.5,-52.17,4.6653,-70,2.2,117.44,0.438684,0.242893,0.9401,0.9648
3004,-100,-90.0,40,3.25,4.0,-52.7,4.6469,-69,4.67,114.45,0.514205,0.292414,2.6905,0.9123
3005,-100,-90.0,40,3.25,4.5,-52.41,5.327,-74,0.68,119.23,0.383808,0.191831,0.1792,0.9911
3006,-100,-90.0,40,3.25,5.0,-52.83,5.8766,-77,2.03,117.5,0.425663,0.233335,1.6606,0.9506
3007,-100,-90.0,40,3.25,5.5,-51.61,6.109,-75,4.85,114.33,0.461863,0.302105,5.0013,0.8716
3008,-100,-90.0,40,3.25,6.0,-52.02,6.8422,-78,1.0,118.9,0.389062,0.198254,0.9442,0.9714
3009,-100,-90.0,40,3.25,6.5,-52.92,6.7895,-79,3.69,115.64,0.457228,0.280593,3.4245,0.9009
3010,-100,-90.0,40,3.25,7.0,-52.72,7.3925,-82,3.75,115.52,0.439517,0.269595,3.4506,0.919
3011,-100,-90.0,40,3.25,7.5,-52.61,8.2341,-84,2.27,117.27,0.481682,0.250054,1.3883,0.9573
3012,-100,-90.0,40,3.25,8.0,-53.23,8.3559,-85,2.14,117.44,0.439839,0.246543,1.4334,0.9535
3015,-100,-90.0,40,3.25,9.5,-52.68,10.0268,-90,8.4,110.01,0.527961,0.382627,9.8333,0.762
3013,-100,-90.0,40,3.25,8.5,-52.31,8.9722,-88,2.18,117.4,0.437439,0.240289,1.3562,0.9573
3016,-100,-90.0,40,3.25,10.0,-52.05,10.3838,-94,8.13,110.21,0.521108,0.383242,12.0115,0.681
3014,-100,-90.0,40,3.25,9.0,-52.16,9.3421,-90,2.06,117.62,0.423171,0.234425,1.3015,0.9615
3017,-100,-90.0,40,3.25,10.5,-53.24,10.9612,-100,2.53,117.02,0.431985,0.243327,2.4173,0.9266
3018,-100,-90.0,40,3.25,11.0,-52.75,11.3506,-95,10.2,107.89,0.537392,0.42707,13.322,0.651
3019,-100,-90.0,40,3.25,11.5,-52.72,11.867,-100,3.45,116.06,0.465469,0.274773,5.1571,0.8631
3020,-100,-90.0,40,3.25,12.0,-52.54,12.2512,-100,2.59,116.93,0.450782,0.249624,1.0527,0.9627
3021,-100,-90.0,40,3.25,12.5,-51.89,12.8943,-100,2.74,116.89,0.454617,0.262892,1.9879,0.9434
3022,-100,-90.0,40,3.25,13.0,-53.05,13.1871,-100,2.63,116.95,0.417141,0.244627,2.1676,0.9369
3024,-100,-90.0,40,3.25,14.0,-52.9,14.1288,-100,8.41,110.02,0.538256,0.358319,8.6068,0.7575
3023,-100,-90.0,40,3.25,13.5,-53.1,13.8367,-100,3.4,116.09,0.48121,0.273162,3.0271,0.913
3025,-100,-90.0,40,3.5,1.0,-48.93,3.3179,-58,2.54,116.83,0.447298,0.260759,2.1919,0.945
3026,-100,-90.0,40,3.5,1.5,-49.2,3.5832,-59,2.67,116.91,0.442499,0.250114,2.2057,0.938
3027,-100,-90.0,40,3.5,2.0,-49.29,3.1925,-60,7.76,110.67,0.518307,0.38186,11.7223,0.6909
3028,-100,-90.0,40,3.5,2.5,-48.74,3.7876,-62,5.93,113.02,0.513031,0.325902,4.7042,0.8837
3030,-100,-90.0,40,3.5,3.5,-48.71,4.864,-66,9.19,109.04,0.537532,0.392606,11.7534,0.6797
3029,-100,-90.0,40,3.5,3.0,-48.99,4.0563,-63,3.33,116.04,0.471389,0.270884,1.8567,0.9497
3032,-100,-90.0,40,3.5,4.5,-49.4,5.3514,-72,2.41,117.14,0.421402,0.244888,2.2832,0.9347
3031,-100,-90.0,40,3.5,4.0,-48.61,4.9358,-66,3.23,116.21,0.480743,0.271903,2.5612,0.9221
3033,-100,-90.0,40,3.5,5.0,-49.16,5.6404,-70,4.09,115.19,0.456217,0.286834,4.2545,0.8832
3034,-100,-90.0,40,3.5,5.5,-48.99,6.3472,-75,3.4,116.13,0.459434,0.274314,2.5793,0.9206
3035,-100,-90.0,40,3.5,6.0,-49.62,6.7626,-77,1.73,117.92,0.403398,0.216818,1.0452,0.9659
3036,-100,-90.0,40,3.5,6.5,-48.64,7.0947,-77,4.18,115.1,0.467123,0.289449,4.2276,0.8799
3037,-100,-90.0,40,3.5,7.0,-50.1,7.891,-81,1.79,118.03,0.452118,0.248286,1.2028,0.9599
3038,-100,-90.0,40,3.5,7.5,-48.92,7.8633,-78,1.88,117.84,0.400787,0.226688,2.0691,0.9403
3039,-100,-90.0,40,3.5,8.0,-49.15,8.2758,-83,4.73,114.24,0.497305,0.294453,4.6854,0.8898
3040,-100,-90.0,40,3.5,8.5,-49.0,8.8995,-85,1.87,117.68,0.453931,0.23328,1.5494,0.9612
3041,-100,-90.0,40,3.5,9.0,-48.77,9.4467,-84,9.13,109.09,0.527554,0.403276,10.3699,0.7345
3042,-100,-90.0,40,3.5,9.5,-49.57,9.9463,-90,3.55,115.88,0.468069,0.279079,4.6604,0.8714
3043,-100,-90.0,40,3.5,10.0,-48.57,10.4235,-91,1.96,117.78,0.427972,0.229571,1.057,0.9607
3044,-100,-90.0,40,3.5,10.5,-48.08,11.0399,-92,3.7,115.63,0.449455,0.272177,3.9799,0.8861
3045,-100,-90.0,40,3.5,11.0,-49.32,11.499,-93,3.09,116.26,0.456406,0.25577,1.8258,0.945
3046,-100,-90.0,40,3.5,11.5,-49.01,11.8857,-99,3.66,115.83,0.490455,0.281907,3.2555,0.923
3048,-100,-90.0,40,3.5,12.5,-49.33,12.8852,-99,9.14,108.96,0.535307,0.404273,11.2074,0.7122
3047,-100,-90.0,40,3.5,12.0,-48.09,12.5729,-100,4.34,114.95,0.463697,0.295579,4.4528,0.887
3049,-100,-90.0,40,3.5,13.0,-49.15,13.3318,-100,6.0,112.98,0.491158,0.336229,4.7587,0.8709
3051,-100,-90.0,40,3.5,14.0,-49.12,14.2985,-100,7.41,111.15,0.524772,0.356553,8.1776,0.7895
3050,-100,-90.0,40,3.5,13.5,-48.87,13.8392,-100,3.64,115.59,0.473651,0.276296,2.3437,0.9315
3052,-100,-90.0,40,3.75,1.0,-44.92,3.0286,-53,5.47,113.45,0.463156,0.302599,5.6845,0.8622
3053,-100,-90.0,40,3.75,1.5,-45.72,3.6598,-56,5.56,113.25,0.490894,0.327371,4.3343,0.8918
3054,-100,-90.0,40,3.75,2.0,-46.11,4.095,-59,3.13,116.31,0.45613,0.263657,4.5754,0.8779
3055,-100,-90.0,40,3.75,2.5,-45.81,4.1556,-60,3.9,115.27,0.443178,0.287272,4.4217,0.8754
3056,-100,-90.0,40,3.75,3.0,-44.71,4.1325,-60,3.48,115.88,0.498361,0.278068,3.112,0.9203
3057,-100,-90.0,40,3.75,3.5,-45.44,4.6533,-64,1.63,118.12,0.402998,0.224794,1.5833,0.9526
3060,-100,-90.0,40,3.75,5.0,-45.19,6.4519,-69,8.52,109.88,0.565647,0.395715,11.4559,0.6953
3058,-100,-90.0,40,3.75,4.0,-45.29,4.8464,-64,2.11,117.38,0.428114,0.24946,2.0677,0.9439
3059,-100,-90.0,40,3.75,4.5,-45.53,5.3397,-67,3.34,116.09,0.42573,0.270483,4.0162,0.8875
3061,-100,-90.0,40,3.75,5.5,-45.07,6.2527,-69,4.13,115.11,0.462896,0.292224,5.1828,0.8564
3063,-100,-90.0,40,3.75,6.5,-44.46,7.4319,-74,3.62,115.72,0.427102,0.271594,4.7918,0.8691
3062,-100,-90.0,40,3.75,6.0,-45.53,6.8024,-71,4.19,115.09,0.443662,0.282695,5.4446,0.8505
3064,-100,-90.0,40,3.75,7.0,-44.95,7.6692,-75,3.8,115.44,0.447747,0.281832,3.667,0.9001
3065,-100,-90.0,40,3.75,7.5,-45.49,8.0517,-76,3.11,116.19,0.435025,0.259184,4.3783,0.8819
3066,-100,-90.0,40,3.75,8.0,-45.66,8.4129,-77,3.8,115.44,0.451703,0.281642,3.1403,0.9183
3069,-100,-90.0,40,3.75,9.5,-45.49,10.0721,-85,4.57,114.65,0.471035,0.297533,6.5623,0.8246
3067,-100,-90.0,40,3.75,8.5,-45.7,8.8613,-85,1.98,117.69,0.406489,0.235123,1.2291,0.9569
3068,-100,-90.0,40,3.75,9.0,-45.76,9.8582,-87,3.89,115.4,0.471151,0.282379,4.9988,0.8629
3070,-100,-90.0,40,3.75,10.0,-45.47,10.3654,-87,2.21,117.27,0.44398,0.253733,0.9764,0.9657
3071,-100,-90.0,40,3.75,10.5,-45.9,11.2483,-92,5.19,113.74,0.48986,0.310412,6.468,0.8268
3072,-100,-90.0,40,3.75,11.0,-45.48,11.498,-91,2.51,117.07,0.416994,0.241969,2.184,0.9389
3075,-100,-90.0,40,3.75,12.5,-45.72,12.8,-93,6.14,112.77,0.506049,0.335171,6.2038,0.8385
3073,-100,-90.0,40,3.75,11.5,-45.15,12.1486,-93,8.64,109.7,0.507293,0.38844,10.439,0.7309
3074,-100,-90.0,40,3.75,12.0,-46.45,12.442,-92,9.33,108.83,0.556904,0.406506,13.5285,0.638
3076,-100,-90.0,40,3.75,13.0,-44.92,13.5616,-100,3.23,116.16,0.450452,0.267682,1.9208,0.9437
3077,-100,-90.0,40,3.75,13.5,-45.72,13.721,-100,2.47,117.0,0.437679,0.246985,1.6228,0.9547
3078,-100,-90.0,40,3.75,14.0,-45.66,14.3455,-100,1.9,117.86,0.435393,0.24256,1.292,0.9651
3079,-100,-90.0,40,4.0,1.0,-41.87,3.2946,-50,3.21,116.25,0.452345,0.255961,2.0972,0.9313
3081,-100,-90.0,40,4.0,2.0,-41.62,3.6796,-53,2.34,117.19,0.438001,0.232591,3.1988,0.913
3080,-100,-90.0,40,4.0,1.5,-41.7,3.2326,-51,2.25,117.42,0.436006,0.248302,1.1656,0.962
3082,-100,-90.0,40,4.0,2.5,-41.45,4.0826,-55,2.99,116.36,0.424568,0.25698,4.4933,0.881
3083,-100,-90.0,40,4.0,3.0,-41.64,4.5853,-57,2.65,117.0,0.463841,0.2585,1.5211,0.9501
3084,-100,-90.0,40,4.0,3.5,-42.28,4.5213,-57,1.3,118.45,0.424979,0.237885,0.7155,0.9737
3085,-100,-90.0,40,4.0,4.0,-41.81,5.0954,-61,1.92,117.73,0.45389,0.234338,1.2079,0.9639
3086,-100,-90.0,40,4.0,4.5,-41.7,5.9099,-63,1.6,118.23,0.408758,0.222368,1.0754,0.966
3087,-100,-90.0,40,4.0,5.0,-42.33,5.9491,-66,3.77,115.53,0.441862,0.264694,2.8645,0.9213
3088,-100,-90.0,40,4.0,5.5,-41.42,6.7529,-68,2.29,117.26,0.450799,0.248368,1.0398,0.9639
3089,-100,-90.0,40,4.0,6.0,-41.49,7.0129,-68,1.81,117.89,0.407825,0.221974,1.6626,0.9534
3090,-100,-90.0,40,4.0,6.5,-41.35,7.0763,-69,3.82,115.54,0.449987,0.275599,2.8296,0.9094
3091,-100,-90.0,40,4.0,7.0,-41.66,7.7471,-73,4.52,114.52,0.468821,0.298453,5.1932,0.8545
3093,-100,-90.0,40,4.0,8.0,-41.69,8.8694,-77,7.84,110.69,0.518254,0.366961,8.16,0.7763
3092,-100,-90.0,40,4.0,7.5,-42.2,8.0119,-75,1.48,118.23,0.415859,0.223343,0.9706,0.9677
3094,-100,-90.0,40,4.0,8.5,-41.93,9.1501,-74,1.35,118.57,0.414986,0.22174,0.5407,0.9787
3095,-100,-90.0,40,4.0,9.0,-42.6,9.9514,-84,2.43,117.19,0.424883,0.247984,1.772,0.9497
3096,-100,-90.0,40,4.0,9.5,-42.12,10.1556,-83,5.16,113.85,0.479969,0.309659,4.8054,0.8875
3097,-100,-90.0,40,4.0,10.0,-41.96,10.6264,-85,8.41,110.0,0.502349,0.362556,9.7576,0.7376
3098,-100,-90.0,40,4.0,10.5,-41.55,11.1077,-85,5.89,112.88,0.504299,0.316676,6.176,0.8303
3099,-100,-90.0,40,4.0,11.0,-42.33,11.537,-87,1.47,118.18,0.43455,0.223436,1.067,0.9711
3100,-100,-90.0,40,4.0,11.5,-40.88,11.8982,-86,3.72,115.7,0.45704,0.284716,3.7265,0.8964
3101,-100,-90.0,40,4.0,12.0,-41.53,12.64,-89,6.48,112.2,0.462063,0.327282,7.4396,0.804
3103,-100,-90.0,40,4.0,13.0,-41.53,13.367,-95,5.34,113.56,0.484981,0.303375,5.7379,0.8575
3102,-100,-90.0,40,4.0,12.5,-41.67,13.0207,-92,4.16,115.12,0.501844,0.290048,4.2963,0.8794
3104,-100,-90.0,40,4.0,13.5,-41.91,13.9348,-97,1.75,117.83,0.438681,0.238386,1.1597,0.9686
3105,-100,-90.0,40,4.0,14.0,-41.32,14.4976,-100,1.64,118.01,0.400177,0.218559,1.4173,0.9565
3106,-100,-90.0,40,4.25,1.0,-38.29,3.8068,-47,1.39,118.38,0.379969,0.20872,1.8934,0.9483
3107,-100,-90.0,40,4.25,1.5,-38.1,3.5053,-48,3.14,116.27,0.422916,0.260366,3.3391,0.9065
3108,-100,-90.0,40,4.25,2.0,-38.19,4.2444,-52,2.01,117.54,0.432702,0.238819,1.6733,0.9499
3109,-100,-90.0,40,4.25,2.5,-38.35,4.4516,-53,4.1,115.09,0.469395,0.274234,3.953,0.8878
3110,-100,-90.0,40,4.25,3.0,-38.12,4.4953,-55,1.46,118.36,0.374186,0.211187,1.4828,0.9559
3111,-100,-90.0,40,4.25,3.5,-37.69,5.1664,-58,1.17,118.68,0.364536,0.198054,1.6338,0.9559
3112,-100,-90.0,40,4.25,4.0,-37.76,5.1858,-56,8.19,110.32,0.548785,0.369463,9.2932,0.7605
3113,-100,-90.0,40,4.25,4.5,-38.23,5.7047,-60,3.12,116.21,0.43778,0.25761,4.7671,0.8736
3115,-100,-90.0,40,4.25,5.5,-38.24,6.3481,-62,3.58,115.81,0.466776,0.278395,4.3058,0.8799
3114,-100,-90.0,40,4.25,5.0,-37.92,6.4533,-62,2.72,116.77,0.481456,0.25913,0.7105,0.9624
3116,-100,-90.0,40,4.25,6.0,-38.87,6.7783,-67,2.44,117.07,0.463912,0.24552,2.2294,0.9459
3117,-100,-90.0,40,4.25,6.5,-38.64,7.3432,-72,6.18,112.67,0.524239,0.328559,6.2707,0.8453
3118,-100,-90.0,40,4.25,7.0,-38.58,7.989,-68,1.4,118.33,0.41909,0.225291,0.8992,0.9698
3119,-100,-90.0,40,4.25,7.5,-38.01,8.1818,-72,7.1,111.49,0.505743,0.340931,6.4569,0.8289
3120,-100,-90.0,40,4.25,8.0,-37.8,8.5728,-74,5.51,113.32,0.487659,0.318873,6.0671,0.8562
3122,-100,-90.0,40,4.25,9.0,-38.24,9.734,-74,7.3,111.33,0.505839,0.348966,6.7101,0.8412
3121,-100,-90.0,40,4.25,8.5,-37.83,9.1941,-78,4.38,114.8,0.455102,0.282348,3.802,0.9093
3124,-100,-90.0,40,4.25,10.0,-37.91,10.4044,-76,7.22,111.41,0.505544,0.35978,7.6349,0.8125
3123,-100,-90.0,40,4.25,9.5,-38.0,10.0829,-78,6.87,111.76,0.522362,0.330965,7.5812,0.7843
3125,-100,-90.0,40,4.25,10.5,-37.93,11.0048,-82,4.51,114.61,0.486763,0.28469,4.4323,0.8993
3127,-100,-90.0,40,4.25,11.5,-37.23,12.0812,-89,8.63,109.76,0.538942,0.369587,10.4956,0.7248
3126,-100,-90.0,40,4.25,11.0,-38.47,11.5238,-86,1.31,118.5,0.405878,0.213738,1.47,0.9593
3128,-100,-90.0,40,4.25,12.0,-38.17,12.4254,-93,2.95,116.48,0.445091,0.263914,2.0935,0.9414
3129,-100,-90.0,40,4.25,12.5,-38.22,12.9456,-87,1.35,118.33,0.446778,0.227162,0.9931,0.967
3130,-100,-90.0,40,4.25,13.0,-37.8,13.5083,-94,8.67,109.72,0.547435,0.373411,10.2674,0.7421
3131,-100,-90.0,40,4.25,13.5,-37.77,13.9228,-98,4.63,114.58,0.494615,0.297966,5.7859,0.8396
3134,-100,-90.0,40,4.5,1.5,-35.09,3.5731,-45,10.96,106.85,0.552786,0.425517,12.4789,0.6579
3132,-100,-90.0,40,4.25,14.0,-38.14,14.5328,-96,3.35,116.04,0.459048,0.271649,3.025,0.9121
3133,-100,-90.0,40,4.5,1.0,-34.33,3.779,-44,2.0,117.71,0.436126,0.236721,1.1814,0.9638
3135,-100,-90.0,40,4.5,2.0,-34.69,4.4647,-48,1.85,117.79,0.409811,0.227619,1.3112,0.9603
3136,-100,-90.0,40,4.5,2.5,-34.6,4.5553,-49,1.47,118.22,0.399416,0.213767,1.1422,0.9629
3137,-100,-90.0,40,4.5,3.0,-33.86,4.5906,-48,4.63,114.62,0.476023,0.305833,6.0882,0.834
3138,-100,-90.0,40,4.5,3.5,-34.94,4.845,-54,1.69,118.05,0.399009,0.226746,1.0912,0.97
3139,-100,-90.0,40,4.5,4.0,-35.21,5.6868,-56,2.44,117.11,0.401895,0.234865,2.0232,0.9475
3140,-100,-90.0,40,4.5,4.5,-34.38,6.2327,-56,6.12,112.82,0.497181,0.325028,5.9581,0.8588
3141,-100,-90.0,40,4.5,5.0,-34.76,5.9036,-57,2.84,116.61,0.403988,0.24001,4.3951,0.8842
3142,-100,-90.0,40,4.5,5.5,-34.22,6.665,-63,3.68,115.63,0.447744,0.289986,4.3883,0.8792
3144,-100,-90.0,40,4.5,6.5,-33.81,7.6645,-65,6.52,112.1,0.498366,0.321288,4.8808,0.8813
3143,-100,-90.0,40,4.5,6.0,-34.31,6.7589,-61,2.48,117.08,0.428985,0.25151,1.8937,0.9519
3145,-100,-90.0,40,4.5,7.0,-34.93,7.8734,-64,2.55,117.12,0.429634,0.248213,1.4625,0.9557
3146,-100,-90.0,40,4.5,7.5,-34.21,8.4427,-71,2.59,116.89,0.44691,0.261452,2.1035,0.9419
3148,-100,-90.0,40,4.5,8.5,-34.61,9.0919,-78,3.32,115.96,0.436974,0.271946,2.4918,0.9331
3147,-100,-90.0,40,4.5,8.0,-34.42,8.8486,-71,7.31,111.3,0.520033,0.373754,8.3278,0.7694
3149,-100,-90.0,40,4.5,9.0,-34.06,9.7311,-69,1.55,118.16,0.41638,0.217185,0.6857,0.9785
3150,-100,-90.0,40,4.5,9.5,-34.75,10.3995,-77,3.19,116.27,0.44952,0.264443,2.846,0.9183
3151,-100,-90.0,40,4.5,10.0,-34.72,10.7575,-76,3.1,116.29,0.430492,0.257763,2.1803,0.938
3153,-100,-90.0,40,4.5,11.0,-34.25,11.5903,-77,1.72,117.96,0.426166,0.234709,0.8045,0.9753
3152,-100,-90.0,40,4.5,10.5,-34.82,11.0859,-79,0.81,119.28,0.385723,0.200314,0.1692,0.9886
3154,-100,-90.0,40,4.5,11.5,-33.77,12.124,-79,1.35,118.43,0.419456,0.214162,0.7379,0.9725
3155,-100,-90.0,40,4.5,12.0,-34.72,12.4891,-81,2.73,116.7,0.433068,0.253219,1.681,0.9529
3156,-100,-90.0,40,4.5,12.5,-33.75,12.9513,-82,1.52,118.18,0.452244,0.229581,0.814,0.9691
3157,-100,-90.0,40,4.5,13.0,-34.19,13.5504,-87,1.39,118.31,0.382835,0.207728,1.3364,0.9596
3158,-100,-90.0,40,4.5,13.5,-34.01,13.8344,-87,1.28,118.4,0.404332,0.21241,0.8704,0.9708
3160,-100,-90.0,40,4.75,1.0,-30.84,4.1609,-40,6.51,112.22,0.490146,0.338695,6.1558,0.8433
3159,-100,-90.0,40,4.5,14.0,-34.03,14.4123,-98,3.56,115.72,0.442267,0.268964,3.1236,0.9251
3161,-100,-90.0,40,4.75,1.5,-32.12,4.2229,-43,1.98,117.64,0.408119,0.230399,1.7423,0.9485
3162,-100,-90.0,40,4.75,2.0,-31.03,4.4544,-44,3.89,115.38,0.440518,0.27118,6.1818,0.8376
3163,-100,-90.0,40,4.75,2.5,-31.0,4.6347,-45,1.99,117.74,0.427704,0.231762,2.2975,0.9351
3165,-100,-90.0,40,4.75,3.5,-31.51,4.7774,-49,1.78,117.88,0.4286,0.233631,0.9448,0.9669
3164,-100,-90.0,40,4.75,3.0,-30.73,4.8536,-49,1.84,117.95,0.454325,0.234763,1.2126,0.9579
3166,-100,-90.0,40,4.75,4.0,-31.22,6.0222,-53,1.98,117.61,0.392285,0.223913,1.1503,0.9612
3167,-100,-90.0,40,4.75,4.5,-31.06,5.996,-54,2.11,117.38,0.438169,0.239573,1.2684,0.9587
3168,-100,-90.0,40,4.75,5.0,-31.06,6.0814,-56,4.45,114.59,0.467347,0.301441,4.6316,0.8651
3169,-100,-90.0,40,4.75,5.5,-30.79,6.9134,-55,4.2,115.11,0.440625,0.296587,5.65,0.8476
3170,-100,-90.0,40,4.75,6.0,-31.7,6.7512,-55,0.74,119.02,0.403721,0.209358,0.2759,0.9872
3172,-100,-90.0,40,4.75,7.0,-30.6,7.9682,-65,9.44,108.73,0.527768,0.407448,12.2802,0.6685
3171,-100,-90.0,40,4.75,6.5,-30.64,7.1886,-59,1.25,118.61,0.411062,0.216012,0.6259,0.979
3173,-100,-90.0,40,4.75,7.5,-30.85,8.2419,-63,1.86,117.86,0.443994,0.234016,1.5364,0.9532
3174,-100,-90.0,40,4.75,8.0,-30.56,8.9723,-64,2.29,117.28,0.427242,0.240977,1.7722,0.9436
3175,-100,-90.0,40,4.75,8.5,-31.6,9.1904,-70,2.28,117.35,0.427374,0.248185,2.3614,0.9324
3176,-100,-90.0,40,4.75,9.0,-30.82,9.5869,-67,2.69,116.73,0.461028,0.248628,1.9946,0.949
3177,-100,-90.0,40,4.75,9.5,-30.69,10.2934,-78,3.22,116.2,0.430679,0.257359,2.9462,0.916
3178,-100,-90.0,40,4.75,10.0,-31.25,10.996,-76,2.91,116.58,0.430809,0.249158,3.9519,0.8922
3180,-100,-90.0,40,4.75,11.0,-30.96,11.6288,-75,4.85,114.34,0.487056,0.308809,4.6937,0.8908
3179,-100,-90.0,40,4.75,10.5,-31.08,11.0791,-78,5.35,113.57,0.502521,0.312736,4.8687,0.8808
3181,-100,-90.0,40,4.75,11.5,-30.95,12.1466,-79,7.44,111.07,0.503725,0.356884,9.162,0.7677
3182,-100,-90.0,40,4.75,12.0,-31.33,12.4677,-87,7.32,111.34,0.510691,0.350566,7.6486,0.8058
3183,-100,-90.0,40,4.75,12.5,-30.35,13.2418,-91,1.74,117.75,0.445139,0.245805,1.0004,0.9661
3184,-100,-90.0,40,4.75,13.0,-31.34,13.5277,-91,1.67,118.02,0.398274,0.212429,1.1352,0.9626
3185,-100,-90.0,40,4.75,13.5,-30.53,14.0969,-91,7.88,110.61,0.516967,0.364638,7.7991,0.8247
3186,-100,-90.0,40,4.75,14.0,-31.24,14.3637,-87,1.63,118.12,0.408912,0.214353,0.9362,0.9659
3187,-100,-90.0,40,5.0,1.0,-27.3,4.5056,-37,2.2,117.42,0.422593,0.237086,1.7725,0.9539
3188,-100,-90.0,40,5.0,1.5,-27.6,4.2628,-41,4.29,114.78,0.49807,0.285046,5.1139,0.8644
3189,-100,-90.0,40,5.0,2.0,-27.95,5.1376,-42,2.9,116.6,0.449898,0.252182,1.9987,0.9383
3190,-100,-90.0,40,5.0,2.5,-27.97,5.1322,-43,2.76,116.69,0.460864,0.249602,2.2136,0.9309
3193,-100,-90.0,40,5.0,4.0,-26.42,5.3455,-47,9.47,108.77,0.574624,0.396083,10.1256,0.753
3191,-100,-90.0,40,5.0,3.0,-27.42,5.4517,-44,3.9,115.26,0.451561,0.278799,6.0566,0.8404
3192,-100,-90.0,40,5.0,3.5,-27.1,5.6646,-47,5.41,113.59,0.490524,0.325255,5.5687,0.8747
3194,-100,-90.0,40,5.0,4.5,-27.46,5.7056,-49,2.85,116.51,0.446883,0.253469,2.8889,0.9177
3195,-100,-90.0,40,5.0,5.0,-27.07,6.3988,-51,5.76,113.13,0.480373,0.314105,5.5965,0.8579
3196,-100,-90.0,40,5.0,5.5,-27.59,6.7571,-53,3.23,116.0,0.453204,0.276193,2.1708,0.9369
3197,-100,-90.0,40,5.0,6.0,-27.31,7.4685,-53,2.44,117.15,0.431669,0.245884,1.5752,0.9559
3198,-100,-90.0,40,5.0,6.5,-27.16,7.6233,-59,1.61,118.16,0.424579,0.235514,0.9464,0.9681
3199,-100,-90.0,40,5.0,7.0,-27.86,7.9872,-58,3.61,115.72,0.442267,0.277994,4.5443,0.8763
3201,-100,-90.0,40,5.0,8.0,-27.89,8.8666,-60,9.72,108.42,0.543813,0.399894,11.0547,0.7573
3200,-100,-90.0,40,5.0,7.5,-27.12,8.5627,-64,1.52,118.16,0.434917,0.22735,1.2854,0.9591
3202,-100,-90.0,40,5.0,8.5,-28.0,9.4714,-62,3.65,115.55,0.497476,0.289355,4.5598,0.8765
3203,-100,-90.0,40,5.0,9.0,-27.69,9.8551,-66,4.63,114.66,0.470442,0.290105,6.0073,0.8369
3204,-100,-90.0,40,5.0,9.5,-27.6,10.0574,-76,2.36,117.39,0.455366,0.255384,1.4322,0.9564
3205,-100,-90.0,40,5.0,10.0,-27.24,10.8651,-71,3.83,115.43,0.462602,0.287913,3.5832,0.8973
3206,-100,-90.0,40,5.0,10.5,-27.35,11.2554,-74,7.34,111.12,0.538735,0.369307,9.8127,0.7356
3207,-100,-90.0,40,5.0,11.0,-27.15,11.7032,-76,6.75,111.89,0.513654,0.335793,6.3706,0.8139
3208,-100,-90.0,40,5.0,11.5,-27.13,12.0385,-71,4.41,114.71,0.448005,0.285992,4.7286,0.8696
3209,-100,-90.0,40,5.0,12.0,-27.75,12.6248,-80,1.69,118.17,0.41908,0.228904,1.1629,0.9604
3215,-100,-85.0,40,1.0,1.5,-84.74,1.8492,-93,64.08,43.1,2.060035,1.285537,14.2291,0.096
3210,-100,-90.0,40,5.0,12.5,-27.02,12.8616,-78,4.75,114.43,0.468918,0.305894,4.5053,0.8834
3214,-100,-85.0,40,1.0,1.0,-84.19,1.8314,-90,58.99,49.15,1.641867,1.148543,22.994,0.1488
3218,-100,-85.0,40,1.0,3.0,-85.1,3.3728,-97,66.01,40.83,2.295032,0.87467,7.3937,0.2777
3216,-100,-85.0,40,1.0,2.0,-84.64,2.2062,-93,59.11,49.07,1.901967,0.936822,10.0322,0.2114
3219,-100,-85.0,40,1.0,3.5,-85.33,3.6821,-100,67.74,38.76,2.502094,1.043384,5.6556,0.2436
3217,-100,-85.0,40,1.0,2.5,-84.03,2.7919,-95,54.18,55.04,1.694818,0.966744,14.8445,0.2273
3211,-100,-90.0,40,5.0,13.0,-27.82,13.6562,-77,2.5,117.07,0.426137,0.237911,1.4491,0.9609
3212,-100,-90.0,40,5.0,13.5,-26.64,14.2024,-90,1.68,118.08,0.387003,0.216664,0.9283,0.9714
3220,-100,-85.0,40,1.0,4.0,-84.2,4.2483,-100,55.74,53.12,1.799743,1.149511,17.5741,0.2339
3213,-100,-90.0,40,5.0,14.0,-27.8,14.4037,-90,4.43,114.78,0.461576,0.286418,4.2104,0.8772
3221,-100,-85.0,40,1.0,4.5,-85.22,4.6549,-100,63.77,43.47,2.275665,0.879116,7.8207,0.2752
3222,-100,-85.0,40,1.0,5.0,-84.34,5.2227,-100,55.67,53.23,1.768888,1.201031,15.9726,0.1796
3223,-100,-85.0,40,1.0,5.5,-84.74,5.566,-100,63.03,44.36,2.272573,0.917831,7.5761,0.3037
3226,-100,-85.0,40,1.0,7.0,-84.02,7.1444,-100,55.26,53.7,1.746881,1.085963,18.7981,0.24
3224,-100,-85.0,40,1.0,6.0,-84.47,6.2653,-100,55.72,53.15,1.763205,0.920228,15.6658,0.2366
3227,-100,-85.0,40,1.0,7.5,-84.77,7.3625,-100,63.06,44.33,2.231393,0.965668,8.2871,0.2425
3228,-100,-85.0,40,1.0,8.0,-84.79,7.9296,-100,59.34,48.83,2.006184,1.218322,16.1579,0.2036
3229,-100,-85.0,40,1.0,8.5,-84.38,8.321,-100,58.27,50.17,1.950293,1.058153,15.0708,0.2517
3225,-100,-85.0,40,1.0,6.5,-84.17,6.5393,-100,52.4,57.15,1.629764,0.649192,9.5603,0.3848
3230,-100,-85.0,40,1.0,9.0,-84.88,8.6688,-100,58.78,49.51,1.982672,0.683235,6.0177,0.3743
3231,-100,-85.0,40,1.0,9.5,-84.31,9.1117,-100,60.57,47.32,2.079492,1.388039,18.9738,0.1792
3232,-100,-85.0,40,1.0,10.0,-85.3,9.269,-100,58.9,49.33,1.920359,0.702278,8.5604,0.277
3233,-100,-85.0,40,1.0,10.5,-83.89,9.912,-100,55.43,53.52,1.810148,0.905529,13.6876,0.2832
3234,-100,-85.0,40,1.0,11.0,-83.91,10.1453,-100,53.42,55.9,1.695984,0.727764,9.2285,0.3152
3236,-100,-85.0,40,1.0,12.0,-83.91,11.0538,-100,54.9,54.14,1.781579,0.832153,10.9285,0.2817
3235,-100,-85.0,40,1.0,11.5,-84.04,10.5333,-100,54.94,54.07,1.773202,0.696787,8.7802,0.3708
3237,-100,-85.0,40,1.0,12.5,-83.95,11.2949,-100,56.5,52.18,1.86073,0.686502,6.4323,0.3633
3238,-100,-85.0,40,1.0,13.0,-84.48,11.5684,-100,62.37,45.17,2.200898,0.901566,8.9049,0.277
3239,-100,-85.0,40,1.0,13.5,-84.29,11.8347,-100,56.87,51.7,1.882353,0.722358,7.2793,0.3517
3240,-100,-85.0,40,1.0,14.0,-82.5,12.7703,-100,50.99,58.78,1.619419,0.624429,6.23,0.4029
3242,-100,-85.0,40,1.25,1.5,-81.11,2.1176,-90,16.16,100.66,0.687745,0.516739,16.6589,0.5192
3241,-100,-85.0,40,1.25,1.0,-81.94,1.3392,-87,14.32,102.83,0.64523,0.464162,13.7794,0.6848
3243,-100,-85.0,40,1.25,2.0,-81.37,2.3606,-91,13.29,104.22,0.656261,0.414882,11.2465,0.6503
3244,-100,-85.0,40,1.25,2.5,-81.3,2.7906,-91,23.6,91.61,0.856482,0.563262,13.4204,0.6182
3250,-100,-85.0,40,1.25,5.5,-81.85,5.6025,-100,35.49,77.45,1.117796,0.604486,11.3217,0.5286
3246,-100,-85.0,40,1.25,3.5,-80.95,3.7672,-97,25.71,89.16,0.884442,0.600764,15.4624,0.5304
3248,-100,-85.0,40,1.25,4.5,-81.51,4.6871,-100,28.83,85.4,0.98141,0.505901,6.2566,0.6332
3245,-100,-85.0,40,1.25,3.0,-80.56,3.4095,-93,19.63,96.51,0.746048,0.530027,16.4675,0.5915
3249,-100,-85.0,40,1.25,5.0,-81.42,5.2986,-100,37.93,74.48,1.195658,0.640257,11.7586,0.4638
3251,-100,-85.0,40,1.25,6.0,-80.98,6.2226,-100,32.3,81.3,1.057559,0.60622,11.2678,0.4687
3247,-100,-85.0,40,1.25,4.0,-81.32,4.1673,-99,27.45,87.17,0.93108,0.566227,13.6897,0.5796
3252,-100,-85.0,40,1.25,6.5,-81.43,6.8001,-100,41.09,70.62,1.271545,0.869997,19.6856,0.3567
3253,-100,-85.0,40,1.25,7.0,-80.93,6.9918,-100,38.12,74.38,1.188216,0.741703,17.8097,0.4134
3254,-100,-85.0,40,1.25,7.5,-81.51,7.4797,-100,38.63,73.65,1.208969,0.732686,16.1255,0.3784
3255,-100,-85.0,40,1.25,8.0,-80.94,8.0633,-100,36.46,76.4,1.14744,0.691755,15.925,0.3727
3256,-100,-85.0,40,1.25,8.5,-80.44,8.5032,-100,37.92,74.54,1.182951,0.76275,19.0775,0.4611
3259,-100,-85.0,40,1.25,10.0,-80.96,9.7285,-100,41.24,70.52,1.267169,0.636788,13.3551,0.4548
3257,-100,-85.0,40,1.25,9.0,-81.5,8.8385,-100,44.84,66.24,1.386223,0.90669,18.5334,0.2783
3258,-100,-85.0,40,1.25,9.5,-81.23,9.4617,-100,40.83,71.03,1.267577,0.602822,9.5798,0.4774
3263,-100,-85.0,40,1.25,12.0,-80.02,11.5959,-100,43.61,67.68,1.348522,0.922645,20.5868,0.3282
3264,-100,-85.0,40,1.25,12.5,-80.53,11.971,-100,43.05,68.33,1.332771,0.687647,11.7079,0.4034
3260,-100,-85.0,40,1.25,10.5,-80.67,10.2404,-100,35.98,76.91,1.135547,0.499469,7.816,0.5216
3261,-100,-85.0,40,1.25,11.0,-80.31,10.7456,-100,41.36,70.33,1.289026,0.678773,12.208,0.3791
3262,-100,-85.0,40,1.25,11.5,-81.37,10.9798,-100,46.48,64.27,1.454701,0.679559,10.4319,0.4361
3265,-100,-85.0,40,1.25,13.0,-80.81,12.1303,-100,46.45,64.29,1.448835,0.6265,8.6518,0.426
3266,-100,-85.0,40,1.25,13.5,-80.55,12.5804,-100,48.24,62.16,1.495489,0.865638,14.5553,0.2826
3267,-100,-85.0,40,1.25,14.0,-81.04,12.7383,-100,48.33,62.0,1.525304,0.891407,14.7232,0.2759
3268,-100,-85.0,40,1.5,1.0,-78.29,1.5676,-84,4.23,114.92,0.437826,0.285158,3.9661,0.89
3269,-100,-85.0,40,1.5,1.5,-77.75,2.3083,-87,2.11,117.55,0.437898,0.239668,1.7871,0.9438
3273,-100,-85.0,40,1.5,3.5,-77.09,3.8718,-92,6.79,111.98,0.524945,0.335409,7.0775,0.8017
3270,-100,-85.0,40,1.5,2.0,-77.61,2.4574,-89,3.28,116.16,0.449348,0.265753,2.4442,0.921
3271,-100,-85.0,40,1.5,2.5,-77.86,2.9073,-89,2.34,117.34,0.446268,0.250388,1.7967,0.9519
3272,-100,-85.0,40,1.5,3.0,-77.83,3.5153,-91,2.99,116.45,0.45567,0.259495,1.9414,0.9336
3276,-100,-85.0,40,1.5,5.0,-78.02,5.2452,-99,21.71,93.89,0.789277,0.622379,19.7012,0.5156
3275,-100,-85.0,40,1.5,4.5,-78.07,4.5469,-95,10.27,107.6,0.603665,0.389817,8.5744,0.7427
3274,-100,-85.0,40,1.5,4.0,-77.63,4.3297,-95,6.38,112.49,0.528931,0.321135,4.9325,0.8481
3277,-100,-85.0,40,1.5,5.5,-77.92,5.6105,-100,12.63,104.87,0.650893,0.400609,7.7214,0.776
3278,-100,-85.0,40,1.5,6.0,-77.45,6.1581,-100,16.3,100.5,0.678737,0.52026,17.9571,0.5441
3279,-100,-85.0,40,1.5,6.5,-77.46,6.855,-100,15.42,101.65,0.704126,0.424291,7.8761,0.745
3280,-100,-85.0,40,1.5,7.0,-77.56,7.1943,-100,17.73,98.67,0.747079,0.468661,12.7795,0.6266
3281,-100,-85.0,40,1.5,7.5,-78.75,7.6114,-100,22.04,93.56,0.825889,0.525105,14.2603,0.5309
3282,-100,-85.0,40,1.5,8.0,-77.72,8.0614,-100,19.72,96.36,0.796967,0.463684,9.0916,0.6293
3283,-100,-85.0,40,1.5,8.5,-77.31,8.6756,-100,24.74,90.4,0.873902,0.605059,18.7078,0.5239
3284,-100,-85.0,40,1.5,9.0,-77.98,8.9342,-100,26.39,88.38,0.922905,0.579425,15.2387,0.5277
3285,-100,-85.0,40,1.5,9.5,-78.01,9.589,-100,27.42,87.11,0.961749,0.490491,6.7299,0.6065
3288,-100,-85.0,40,1.5,11.0,-77.41,10.8428,-100,30.0,84.13,1.011128,0.547411,12.0548,0.5302
3287,-100,-85.0,40,1.5,10.5,-77.19,10.4164,-100,26.31,88.37,0.9177,0.560059,13.8924,0.4899
3286,-100,-85.0,40,1.5,10.0,-78.36,9.9817,-100,27.17,87.5,0.949492,0.514205,8.587,0.6213
3289,-100,-85.0,40,1.5,11.5,-77.68,11.283,-100,29.32,84.82,0.985707,0.643317,17.6367,0.4282
3290,-100,-85.0,40,1.5,12.0,-77.41,11.7023,-100,36.37,76.38,1.143381,0.691678,16.5845,0.4347
3291,-100,-85.0,40,1.5,12.5,-77.53,12.1805,-100,32.58,81.0,1.045006,0.580212,14.3285,0.5389
3292,-100,-85.0,40,1.5,13.0,-77.58,12.4398,-100,33.91,79.36,1.097604,0.715849,18.4434,0.4215
3293,-100,-85.0,40,1.5,13.5,-77.32,12.8887,-100,34.59,78.63,1.10371,0.655074,13.8072,0.4485
3294,-100,-85.0,40,1.5,14.0,-76.89,13.4053,-100,35.41,77.46,1.119031,0.635084,14.7617,0.517
3295,-100,-85.0,40,1.75,1.0,-73.81,1.7808,-81,1.72,118.03,0.415883,0.225504,0.9616,0.9701
3296,-100,-85.0,40,1.75,1.5,-73.53,2.5244,-82,7.21,111.35,0.505819,0.346874,8.0919,0.7736
3297,-100,-85.0,40,1.75,2.0,-74.22,2.6833,-85,4.13,115.12,0.44383,0.28272,5.7908,0.8438
3299,-100,-85.0,40,1.75,3.0,-74.17,3.5996,-88,4.11,115.19,0.458098,0.28004,4.6715,0.8727
3298,-100,-85.0,40,1.75,2.5,-74.35,2.8078,-86,4.05,115.13,0.458917,0.286644,2.2582,0.9383
3300,-100,-85.0,40,1.75,3.5,-73.97,3.7204,-89,4.81,114.38,0.496467,0.298665,4.7366,0.8841
3301,-100,-85.0,40,1.75,4.0,-74.75,4.5008,-91,3.3,116.19,0.476952,0.272288,1.2972,0.9506
3302,-100,-85.0,40,1.75,4.5,-73.81,5.0928,-94,5.05,113.93,0.457134,0.304892,7.1911,0.8076
3303,-100,-85.0,40,1.75,5.0,-73.95,5.3896,-94,11.49,106.3,0.570753,0.436198,13.6701,0.643
3304,-100,-85.0,40,1.75,5.5,-74.27,5.6523,-98,11.73,105.97,0.592566,0.438413,12.7801,0.6747
3305,-100,-85.0,40,1.75,6.0,-74.55,6.2052,-97,6.82,111.78,0.530185,0.332138,7.5638,0.7877
3306,-100,-85.0,40,1.75,6.5,-74.01,6.656,-100,5.36,113.58,0.517568,0.310965,6.6973,0.813
3307,-100,-85.0,40,1.75,7.0,-73.67,7.1959,-100,10.01,107.97,0.572912,0.399069,10.1209,0.7203
3308,-100,-85.0,40,1.75,7.5,-73.88,7.9294,-100,13.33,104.13,0.622618,0.512859,18.3629,0.5047
3311,-100,-85.0,40,1.75,9.0,-74.53,9.1271,-100,13.93,103.45,0.676236,0.416167,9.7099,0.7011
3313,-100,-85.0,40,1.75,10.0,-74.13,10.0407,-100,16.55,100.17,0.707782,0.47786,12.7938,0.6092
3309,-100,-85.0,40,1.75,8.0,-73.17,8.087,-100,8.07,110.48,0.56847,0.342688,6.1848,0.8434
3310,-100,-85.0,40,1.75,8.5,-74.81,8.4958,-100,11.63,106.12,0.636786,0.387827,6.6399,0.8192
3314,-100,-85.0,40,1.75,10.5,-74.42,10.4481,-100,18.13,98.31,0.738362,0.511388,15.1016,0.6027
3312,-100,-85.0,40,1.75,9.5,-73.75,9.5483,-100,9.27,108.8,0.606969,0.342633,2.5957,0.8736
3315,-100,-85.0,40,1.75,11.0,-73.98,10.9608,-100,23.02,92.38,0.826555,0.624863,19.7533,0.448
3316,-100,-85.0,40,1.75,11.5,-74.45,11.5395,-100,23.9,91.41,0.847923,0.563965,16.1345,0.5636
3317,-100,-85.0,40,1.75,12.0,-73.09,11.9853,-100,18.0,98.46,0.758952,0.444984,11.4015,0.6304
3318,-100,-85.0,40,1.75,12.5,-74.06,12.3352,-100,22.84,92.64,0.847656,0.533783,14.13,0.558
3321,-100,-85.0,40,1.75,14.0,-74.68,13.4955,-100,33.14,80.31,1.040932,0.646017,16.7228,0.5157
3319,-100,-85.0,40,1.75,13.0,-74.09,12.6801,-100,17.56,98.97,0.756779,0.434647,9.7945,0.649
3320,-100,-85.0,40,1.75,13.5,-73.83,13.1999,-100,19.49,96.71,0.790123,0.447827,9.7335,0.6582
3322,-100,-85.0,40,2.0,1.0,-71.48,2.2912,-79,5.9,112.98,0.503958,0.323884,6.1594,0.83
3323,-100,-85.0,40,2.0,1.5,-70.08,2.4051,-78,3.19,116.2,0.430331,0.260264,3.843,0.8925
3324,-100,-85.0,40,2.0,2.0,-70.89,2.7814,-81,3.61,115.65,0.449656,0.286182,3.3898,0.901
3326,-100,-85.0,40,2.0,3.0,-71.43,3.5614,-85,2.52,117.01,0.452843,0.257304,2.2955,0.932
3325,-100,-85.0,40,2.0,2.5,-71.31,2.9297,-82,1.89,117.89,0.414735,0.224274,1.1496,0.9635
3327,-100,-85.0,40,2.0,3.5,-70.35,4.3286,-89,7.11,111.53,0.509453,0.344481,8.2746,0.7901
3328,-100,-85.0,40,2.0,4.0,-71.24,4.5347,-92,4.18,114.92,0.47134,0.286741,5.2292,0.8566
3329,-100,-85.0,40,2.0,4.5,-70.83,4.927,-90,3.93,115.3,0.461395,0.281172,3.4051,0.9022
3330,-100,-85.0,40,2.0,5.0,-70.77,5.2496,-91,2.35,117.2,0.446839,0.245732,1.4819,0.9568
3332,-100,-85.0,40,2.0,6.0,-70.72,6.5812,-98,4.57,114.55,0.481145,0.297714,4.1856,0.874
3331,-100,-85.0,40,2.0,5.5,-70.72,5.9871,-91,2.27,117.34,0.413459,0.234956,2.1964,0.934
3333,-100,-85.0,40,2.0,6.5,-70.14,6.8253,-100,2.44,117.19,0.445257,0.247255,1.5414,0.9502
3334,-100,-85.0,40,2.0,7.0,-70.28,7.1619,-100,4.51,114.65,0.474679,0.298464,5.5054,0.8458
3335,-100,-85.0,40,2.0,7.5,-71.1,7.7455,-100,7.19,111.43,0.512379,0.343264,6.9322,0.802
3339,-100,-85.0,40,2.0,9.5,-70.75,9.6592,-100,17.04,99.71,0.706327,0.523115,16.6951,0.562
3336,-100,-85.0,40,2.0,8.0,-70.87,8.2892,-100,6.48,112.36,0.504616,0.332354,7.0691,0.8431
3337,-100,-85.0,40,2.0,8.5,-70.82,8.6825,-100,8.29,110.15,0.523249,0.380094,11.8975,0.681
3338,-100,-85.0,40,2.0,9.0,-70.71,9.1402,-100,4.67,114.38,0.500615,0.294824,3.8632,0.8855
3340,-100,-85.0,40,2.0,10.0,-70.41,10.1368,-100,7.64,110.91,0.575111,0.338891,4.9253,0.855
3341,-100,-85.0,40,2.0,10.5,-70.0,10.6735,-100,12.67,104.87,0.670917,0.389227,7.9641,0.7811
3342,-100,-85.0,40,2.0,11.0,-70.7,11.207,-100,10.23,107.81,0.580289,0.414123,13.1228,0.645
3344,-100,-85.0,40,2.0,12.0,-70.74,12.041,-100,19.25,96.97,0.748746,0.539054,16.2973,0.5764
3343,-100,-85.0,40,2.0,11.5,-71.16,11.5739,-100,12.3,105.22,0.619332,0.393823,7.9486,0.8058
3345,-100,-85.0,40,2.0,12.5,-70.41,12.6361,-100,11.54,106.12,0.636316,0.391656,9.4018,0.7407
3346,-100,-85.0,40,2.0,13.0,-70.83,12.8415,-100,10.64,107.29,0.634981,0.363324,6.3069,0.8272
3347,-100,-85.0,40,2.0,13.5,-70.87,13.4332,-100,13.26,104.09,0.671285,0.390696,5.8512,0.765
3348,-100,-85.0,40,2.0,14.0,-71.36,13.7104,-100,18.55,97.83,0.75804,0.504145,15.3324,0.5432
3349,-100,-85.0,40,2.25,1.0,-66.91,2.8481,-74,1.22,118.48,0.386743,0.21539,0.8996,0.9704
3350,-100,-85.0,40,2.25,1.5,-66.95,2.9246,-76,2.82,116.65,0.427619,0.250015,2.6305,0.9376
3351,-100,-85.0,40,2.25,2.0,-66.6,3.0337,-77,3.27,116.12,0.444414,0.276401,4.451,0.8792
3352,-100,-85.0,40,2.25,2.5,-67.1,3.2716,-79,1.81,117.98,0.414424,0.230042,1.761,0.9477
3353,-100,-85.0,40,2.25,3.0,-67.1,3.4176,-80,1.27,118.66,0.392169,0.204446,0.3338,0.9832
3357,-100,-85.0,40,2.25,5.0,-67.43,5.4281,-91,5.14,113.95,0.492194,0.30633,4.9992,0.8597
3354,-100,-85.0,40,2.25,3.5,-67.32,4.2322,-82,5.01,113.96,0.464374,0.304834,5.6283,0.8421
3355,-100,-85.0,40,2.25,4.0,-66.85,4.4561,-84,1.95,117.53,0.442793,0.249474,1.4805,0.9616
3356,-100,-85.0,40,2.25,4.5,-67.02,4.9995,-86,2.08,117.55,0.426616,0.239261,1.1003,0.962
3358,-100,-85.0,40,2.25,5.5,-66.91,5.8715,-90,8.52,109.97,0.551083,0.396316,9.6496,0.7322
3359,-100,-85.0,40,2.25,6.0,-67.13,6.5219,-95,6.52,112.24,0.503253,0.323151,6.1721,0.832
3360,-100,-85.0,40,2.25,6.5,-67.42,6.949,-93,2.25,117.42,0.418099,0.233038,1.8449,0.9428
3362,-100,-85.0,40,2.25,7.5,-66.64,7.7975,-97,4.41,114.89,0.482106,0.296016,4.345,0.8747
3361,-100,-85.0,40,2.25,7.0,-67.16,7.2723,-97,3.51,115.69,0.426998,0.274956,4.7438,0.8723
3363,-100,-85.0,40,2.25,8.0,-67.16,8.335,-100,2.85,116.52,0.448851,0.256763,2.1706,0.9439
3364,-100,-85.0,40,2.25,8.5,-67.3,8.6477,-100,7.1,111.62,0.51669,0.344077,7.2003,0.8376
3365,-100,-85.0,40,2.25,9.0,-67.21,9.2411,-100,4.23,114.91,0.466875,0.280094,3.1528,0.9186
3368,-100,-85.0,40,2.25,10.5,-66.04,10.6157,-100,10.89,107.0,0.58484,0.414809,10.8179,0.7388
3366,-100,-85.0,40,2.25,9.5,-66.66,9.5756,-100,5.92,113.02,0.499929,0.317116,7.5935,0.7906
3367,-100,-85.0,40,2.25,10.0,-66.83,10.3018,-100,2.49,117.02,0.460756,0.243571,2.1526,0.9351
3369,-100,-85.0,40,2.25,11.0,-66.73,11.1123,-100,3.39,116.05,0.476971,0.267044,0.7648,0.9523
3370,-100,-85.0,40,2.25,11.5,-67.63,11.7822,-100,8.71,109.63,0.553326,0.374921,9.3452,0.734
3371,-100,-85.0,40,2.25,12.0,-67.0,12.2708,-100,9.73,108.49,0.589162,0.39617,9.7689,0.7197
3372,-100,-85.0,40,2.25,12.5,-66.75,12.6572,-100,5.13,113.88,0.525247,0.285464,1.2567,0.9371
3374,-100,-85.0,40,2.25,13.5,-67.16,13.5348,-100,11.03,106.79,0.591934,0.446901,14.1153,0.6166
3373,-100,-85.0,40,2.25,13.0,-67.82,13.1002,-100,7.89,110.67,0.542432,0.336776,5.7388,0.8143
3375,-100,-85.0,40,2.25,14.0,-66.95,13.9747,-100,18.22,98.21,0.724373,0.556801,17.1286,0.5188
3377,-100,-85.0,40,2.5,1.5,-63.32,2.6545,-71,8.86,109.4,0.531118,0.390602,10.9768,0.7044
3376,-100,-85.0,40,2.5,1.0,-63.2,2.3239,-70,2.5,117.16,0.431434,0.244204,1.5304,0.9499
3378,-100,-85.0,40,2.5,2.0,-63.49,2.7735,-73,1.96,117.6,0.412242,0.222605,1.9477,0.9416
3379,-100,-85.0,40,2.5,2.5,-63.13,3.375,-76,2.28,117.28,0.422001,0.237238,2.3733,0.9354
3380,-100,-85.0,40,2.5,3.0,-63.61,3.5489,-77,1.85,117.61,0.425394,0.251031,1.1438,0.9663
3381,-100,-85.0,40,2.5,3.5,-64.2,4.2406,-80,2.07,117.54,0.407835,0.230057,1.5446,0.955
3382,-100,-85.0,40,2.5,4.0,-62.8,4.5821,-81,2.56,116.81,0.429426,0.246929,1.7096,0.9531
3387,-100,-85.0,40,2.5,6.5,-64.15,6.8486,-92,8.46,110.03,0.552426,0.390159,11.4117,0.6962
3383,-100,-85.0,40,2.5,4.5,-63.44,4.9651,-84,5.16,113.81,0.516514,0.308257,4.9342,0.8705
3384,-100,-85.0,40,2.5,5.0,-62.97,5.6913,-84,3.83,115.46,0.450851,0.273785,4.9203,0.8644
3385,-100,-85.0,40,2.5,5.5,-63.53,5.9462,-87,4.62,114.56,0.457124,0.302078,5.5762,0.8454
3386,-100,-85.0,40,2.5,6.0,-63.13,6.9222,-92,4.77,114.21,0.47213,0.304868,5.2139,0.8655
3388,-100,-85.0,40,2.5,7.0,-63.28,7.3154,-93,2.85,116.62,0.436737,0.258867,2.515,0.9275
3389,-100,-85.0,40,2.5,7.5,-62.47,7.8491,-93,3.26,116.01,0.476946,0.269142,1.6166,0.9494
3390,-100,-85.0,40,2.5,8.0,-63.25,8.2514,-100,8.78,109.49,0.518078,0.382253,9.8704,0.7371
3391,-100,-85.0,40,2.5,8.5,-62.96,8.7726,-98,8.33,110.18,0.541439,0.382295,8.3666,0.7884
3392,-100,-85.0,40,2.5,9.0,-63.72,9.0854,-99,3.61,115.71,0.457735,0.279913,5.157,0.8611
3393,-100,-85.0,40,2.5,9.5,-63.44,9.7139,-100,3.33,115.92,0.436237,0.264234,4.8641,0.8698
3394,-100,-85.0,40,2.5,10.0,-63.91,10.3347,-100,4.42,114.7,0.464731,0.282839,3.7056,0.9016
3397,-100,-85.0,40,2.5,11.5,-63.2,11.8207,-100,10.66,107.2,0.579743,0.423463,11.9212,0.6678
3395,-100,-85.0,40,2.5,10.5,-63.06,10.8365,-100,2.09,117.55,0.41687,0.235084,1.3819,0.955
3396,-100,-85.0,40,2.5,11.0,-62.71,11.2477,-100,4.97,114.11,0.472677,0.30881,7.3873,0.8029
3398,-100,-85.0,40,2.5,12.0,-63.15,12.183,-100,4.53,114.67,0.481506,0.283067,2.9295,0.928
3399,-100,-85.0,40,2.5,12.5,-63.8,12.5836,-100,3.11,116.42,0.470432,0.26381,2.4227,0.9215
3401,-100,-85.0,40,2.5,13.5,-63.61,13.6878,-100,10.74,107.04,0.593048,0.39578,7.8506,0.7899
3400,-100,-85.0,40,2.5,13.0,-63.47,13.0023,-100,6.41,112.31,0.535006,0.319454,6.5478,0.8105
3402,-100,-85.0,40,2.5,14.0,-64.12,13.9444,-100,7.85,110.55,0.540385,0.348042,7.0875,0.7962
3403,-100,-85.0,40,2.75,1.0,-59.63,2.3858,-66,2.82,116.59,0.432091,0.261548,2.6196,0.9302
3404,-100,-85.0,40,2.75,1.5,-60.02,2.6193,-69,3.81,115.4,0.443911,0.27614,3.2941,0.9078
3405,-100,-85.0,40,2.75,2.0,-59.63,3.236,-71,5.57,113.36,0.484569,0.318562,4.8944,0.8767
3406,-100,-85.0,40,2.75,2.5,-59.79,3.6219,-74,3.71,115.71,0.476245,0.272174,2.9948,0.9101
3407,-100,-85.0,40,2.75,3.0,-60.29,3.6323,-74,3.0,116.59,0.461119,0.279039,2.4514,0.9333
3408,-100,-85.0,40,2.75,3.5,-60.11,4.4987,-77,1.11,118.68,0.417533,0.218355,0.6929,0.9796
3409,-100,-85.0,40,2.75,4.0,-59.72,4.4987,-77,1.53,118.19,0.402867,0.213272,1.5221,0.9544
3410,-100,-85.0,40,2.75,4.5,-59.32,4.9721,-79,8.21,110.23,0.52812,0.376292,9.7681,0.7275
3411,-100,-85.0,40,2.75,5.0,-59.94,5.7394,-84,1.33,118.52,0.378659,0.204188,1.2576,0.9617
3412,-100,-85.0,40,2.75,5.5,-60.22,6.324,-82,3.05,116.35,0.44455,0.263045,2.0521,0.9408
3413,-100,-85.0,40,2.75,6.0,-59.81,6.6951,-87,4.42,114.81,0.45654,0.292417,5.3656,0.8508
3415,-100,-85.0,40,2.75,7.0,-59.42,7.4789,-88,6.13,112.71,0.496901,0.329999,6.0908,0.8559
3414,-100,-85.0,40,2.75,6.5,-59.79,7.3083,-85,2.16,117.47,0.452902,0.245868,1.3691,0.957
3416,-100,-85.0,40,2.75,7.5,-60.61,7.6662,-95,2.48,116.95,0.460314,0.26218,1.7589,0.9549
3417,-100,-85.0,40,2.75,8.0,-59.63,8.156,-90,2.36,117.16,0.452519,0.242314,2.3463,0.9319
3419,-100,-85.0,40,2.75,9.0,-60.29,9.4515,-99,8.9,109.35,0.549675,0.416304,11.7647,0.6909
3418,-100,-85.0,40,2.75,8.5,-59.7,8.819,-95,1.91,117.71,0.41972,0.232498,1.6638,0.9556
3420,-100,-85.0,40,2.75,9.5,-59.42,10.0665,-100,4.5,114.73,0.456558,0.288334,3.648,0.8957
3421,-100,-85.0,40,2.75,10.0,-59.15,10.3307,-97,2.72,116.63,0.435173,0.259137,2.2219,0.941
3422,-100,-85.0,40,2.75,10.5,-59.77,10.5306,-100,2.6,117.08,0.456524,0.256928,1.7855,0.9418
3423,-100,-85.0,40,2.75,11.0,-60.06,11.1629,-100,2.79,116.7,0.429206,0.253712,1.5481,0.9503
3424,-100,-85.0,40,2.75,11.5,-59.62,11.6518,-100,6.61,112.21,0.49213,0.341433,6.789,0.8371
3425,-100,-85.0,40,2.75,12.0,-59.98,12.3316,-100,5.85,113.17,0.516021,0.313562,4.3618,0.8805
3426,-100,-85.0,40,2.75,12.5,-60.16,12.786,-100,5.98,112.78,0.517751,0.330408,7.8131,0.7899
3427,-100,-85.0,40,2.75,13.0,-60.57,13.0806,-100,4.11,115.15,0.4803,0.282841,3.8117,0.887
3428,-100,-85.0,40,2.75,13.5,-60.2,13.73,-100,2.74,116.73,0.457822,0.253361,1.6247,0.9452
3429,-100,-85.0,40,2.75,14.0,-60.17,14.1763,-100,4.5,114.73,0.496336,0.284754,3.7238,0.8923
3430,-100,-85.0,40,3.0,1.0,-56.12,3.083,-65,1.25,118.59,0.392677,0.196748,0.9885,0.9685
3431,-100,-85.0,40,3.0,1.5,-56.33,2.8338,-65,1.66,118.07,0.410519,0.228246,0.2845,0.9793
3433,-100,-85.0,40,3.0,2.5,-56.31,3.9452,-72,3.64,115.72,0.458132,0.267128,2.5598,0.9342
3432,-100,-85.0,40,3.0,2.0,-55.85,3.48,-67,2.88,116.68,0.43559,0.258545,2.9358,0.9154
3434,-100,-85.0,40,3.0,3.0,-56.01,4.3665,-70,4.37,114.78,0.453306,0.282592,4.504,0.8794
3435,-100,-85.0,40,3.0,3.5,-56.41,4.6348,-73,5.01,114.08,0.502577,0.305773,5.6989,0.8515
3436,-100,-85.0,40,3.0,4.0,-56.63,4.7908,-77,1.83,117.98,0.424419,0.232255,1.2018,0.9635
3437,-100,-85.0,40,3.0,4.5,-55.88,5.5274,-78,2.62,116.78,0.439546,0.249217,1.5609,0.9562
3438,-100,-85.0,40,3.0,5.0,-55.75,5.5922,-78,3.6,115.8,0.446237,0.276733,2.7865,0.9273
3439,-100,-85.0,40,3.0,5.5,-56.04,6.0382,-79,3.64,115.76,0.456209,0.283601,3.9904,0.8856
3440,-100,-85.0,40,3.0,6.0,-56.32,6.246,-82,6.08,112.76,0.486587,0.323535,5.9233,0.8517
3441,-100,-85.0,40,3.0,6.5,-56.03,6.9085,-83,4.79,114.28,0.493913,0.306638,4.6206,0.8702
3442,-100,-85.0,40,3.0,7.0,-56.13,7.5016,-86,4.8,114.32,0.468906,0.304267,4.5954,0.8696
3445,-100,-85.0,40,3.0,8.5,-56.29,8.7772,-92,7.89,110.54,0.508427,0.376835,10.5615,0.7143
3444,-100,-85.0,40,3.0,8.0,-56.32,8.4015,-91,4.39,114.74,0.458983,0.297925,5.7193,0.8423
3443,-100,-85.0,40,3.0,7.5,-55.89,7.7139,-87,4.1,115.12,0.454237,0.286761,3.8113,0.8936
3447,-100,-85.0,40,3.0,9.5,-55.42,10.0001,-96,7.31,111.23,0.516956,0.345819,8.145,0.8007
3446,-100,-85.0,40,3.0,9.0,-56.6,9.367,-97,5.95,112.93,0.481521,0.321411,6.3097,0.82
3448,-100,-85.0,40,3.0,10.0,-56.06,10.4748,-100,5.87,112.96,0.484022,0.320739,6.1408,0.8631
3449,-100,-85.0,40,3.0,10.5,-56.16,10.818,-99,3.54,115.76,0.449429,0.275232,3.5063,0.8975
3451,-100,-85.0,40,3.0,11.5,-56.15,11.6535,-99,8.09,110.2,0.514665,0.378901,9.4402,0.7396
3450,-100,-85.0,40,3.0,11.0,-56.04,11.4587,-100,1.52,118.18,0.40584,0.21905,0.9164,0.9704
3452,-100,-85.0,40,3.0,12.0,-55.59,12.1889,-100,4.25,114.89,0.459258,0.288473,4.9735,0.8638
3453,-100,-85.0,40,3.0,12.5,-56.29,12.6574,-100,8.33,110.02,0.536324,0.35335,8.7684,0.7897
3454,-100,-85.0,40,3.0,13.0,-56.84,13.2039,-100,4.47,114.76,0.496232,0.280026,2.8494,0.9098
3458,-100,-85.0,40,3.25,1.5,-52.21,2.8113,-62,6.21,112.57,0.494432,0.3203,6.8395,0.8282
3455,-100,-85.0,40,3.0,13.5,-55.96,13.7607,-100,3.6,115.72,0.491871,0.275904,1.6271,0.9338
3457,-100,-85.0,40,3.25,1.0,-53.43,3.0916,-61,3.96,115.22,0.457283,0.286072,3.9676,0.89
3456,-100,-85.0,40,3.0,14.0,-55.35,14.3372,-100,1.96,117.48,0.45073,0.241291,1.5811,0.9612
3459,-100,-85.0,40,3.25,2.0,-52.69,3.3195,-64,3.03,116.44,0.440995,0.270985,2.0957,0.9385
3460,-100,-85.0,40,3.25,2.5,-52.79,3.6886,-65,2.33,117.32,0.421892,0.253109,2.2535,0.9322
3461,-100,-85.0,40,3.25,3.0,-53.08,4.3877,-69,7.07,111.61,0.524969,0.348518,7.8111,0.7937
3462,-100,-85.0,40,3.25,3.5,-51.87,4.2699,-67,4.33,114.92,0.469462,0.287917,3.8793,0.8987
3463,-100,-85.0,40,3.25,4.0,-52.79,4.53,-71,7.39,111.24,0.499227,0.357002,8.6292,0.7812
3464,-100,-85.0,40,3.25,4.5,-51.1,5.3344,-73,7.55,111.08,0.520978,0.381547,10.6396,0.7154
3465,-100,-85.0,40,3.25,5.0,-52.26,5.5031,-73,1.9,117.76,0.436336,0.235813,0.5618,0.9743
3467,-100,-85.0,40,3.25,6.0,-52.96,6.6246,-80,3.2,116.07,0.425717,0.258222,4.3587,0.8826
3466,-100,-85.0,40,3.25,5.5,-52.96,6.5408,-77,1.64,118.02,0.391786,0.220196,1.2012,0.9623
3470,-100,-85.0,40,3.25,7.5,-51.91,7.9273,-86,1.22,118.61,0.377825,0.197821,0.9402,0.9707
3468,-100,-85.0,40,3.25,6.5,-53.55,7.1868,-87,2.04,117.67,0.443003,0.232454,1.0785,0.9655
3469,-100,-85.0,40,3.25,7.0,-52.85,7.8773,-86,2.47,117.14,0.462892,0.24665,1.7724,0.9427
3471,-100,-85.0,40,3.25,8.0,-52.78,8.3594,-88,1.53,118.21,0.421426,0.213795,1.2766,0.9613
3472,-100,-85.0,40,3.25,8.5,-52.59,8.6791,-91,5.31,113.79,0.48663,0.326048,6.996,0.8085
3473,-100,-85.0,40,3.25,9.0,-52.4,9.3431,-88,2.5,116.96,0.433432,0.243888,1.7176,0.9443
3474,-100,-85.0,40,3.25,9.5,-53.47,9.9356,-94,2.68,116.78,0.459616,0.261746,1.9242,0.9481
3475,-100,-85.0,40,3.25,10.0,-52.82,10.5586,-94,2.88,116.64,0.461106,0.254721,2.1926,0.9396
3476,-100,-85.0,40,3.25,10.5,-52.23,10.7165,-100,2.22,117.32,0.428237,0.238801,1.8871,0.9504
3477,-100,-85.0,40,3.25,11.0,-53.33,11.2596,-100,1.27,118.56,0.357692,0.189224,1.2559,0.9623
3478,-100,-85.0,40,3.25,11.5,-52.87,11.9295,-99,3.54,115.76,0.454469,0.270948,2.6919,0.9157
3479,-100,-85.0,40,3.25,12.0,-52.28,12.2765,-100,2.73,116.77,0.449638,0.247501,3.4659,0.9044
3480,-100,-85.0,40,3.25,12.5,-52.44,12.6457,-100,4.0,115.2,0.467071,0.282429,3.6635,0.8964
3482,-100,-85.0,40,3.25,13.5,-52.55,13.5667,-100,8.87,109.45,0.560939,0.362533,8.013,0.7926
3481,-100,-85.0,40,3.25,13.0,-51.77,13.4666,-100,6.54,112.24,0.472859,0.340401,7.5102,0.7964
3483,-100,-85.0,40,3.25,14.0,-51.61,14.2304,-100,4.37,114.77,0.466732,0.295216,4.8498,0.8828
3484,-100,-85.0,40,3.5,1.0,-49.07,3.5421,-59,2.14,117.45,0.448537,0.247622,1.9265,0.9437
3486,-100,-85.0,40,3.5,2.0,-49.35,3.5294,-61,7.45,111.18,0.555145,0.363477,11.3944,0.6988
3485,-100,-85.0,40,3.5,1.5,-49.03,3.3287,-59,4.17,114.98,0.461905,0.28185,4.7366,0.866
3487,-100,-85.0,40,3.5,2.5,-48.71,4.1243,-63,1.35,118.39,0.408375,0.215179,0.7139,0.9727
3488,-100,-85.0,40,3.5,3.0,-49.22,4.2556,-65,3.94,115.51,0.485239,0.302185,3.7601,0.8908
3491,-100,-85.0,40,3.5,4.5,-49.17,5.2371,-68,8.0,110.32,0.527286,0.368496,9.0507,0.793
3489,-100,-85.0,40,3.5,3.5,-48.86,4.1807,-64,3.79,115.55,0.477456,0.272688,3.6474,0.9024
3490,-100,-85.0,40,3.5,4.0,-48.97,4.9351,-69,4.85,114.18,0.487714,0.303202,4.4821,0.8747
3493,-100,-85.0,40,3.5,5.5,-49.17,6.2292,-74,2.28,117.23,0.419393,0.247483,1.8113,0.949
3492,-100,-85.0,40,3.5,5.0,-48.95,5.8641,-71,6.95,111.66,0.512714,0.346201,8.2951,0.7745
3494,-100,-85.0,40,3.5,6.0,-49.32,6.9619,-77,2.41,117.17,0.437648,0.251203,2.2146,0.9374
3495,-100,-85.0,40,3.5,6.5,-49.03,7.0768,-77,1.73,118.0,0.424864,0.235902,1.0592,0.9624
3496,-100,-85.0,40,3.5,7.0,-49.04,7.5273,-81,3.53,115.77,0.472707,0.288907,4.8566,0.8687
3497,-100,-85.0,40,3.5,7.5,-49.04,8.2037,-81,3.67,115.53,0.444846,0.269687,4.4567,0.8765
3498,-100,-85.0,40,3.5,8.0,-49.32,8.5094,-88,4.05,115.15,0.45483,0.277103,4.1773,0.8846
3499,-100,-85.0,40,3.5,8.5,-48.69,8.9267,-87,3.26,116.17,0.48532,0.283748,2.7467,0.9205
3500,-100,-85.0,40,3.5,9.0,-49.12,9.4708,-90,1.85,117.94,0.424388,0.226333,1.1428,0.966
3502,-100,-85.0,40,3.5,10.0,-49.34,10.8009,-88,3.43,115.94,0.451126,0.270749,3.2885,0.9154
3501,-100,-85.0,40,3.5,9.5,-48.19,9.8386,-86,1.15,118.6,0.385795,0.198284,0.8331,0.9733
3503,-100,-85.0,40,3.5,10.5,-48.97,10.789,-100,4.05,115.22,0.442194,0.285703,6.4165,0.8318
3504,-100,-85.0,40,3.5,11.0,-48.98,11.2233,-93,2.45,116.95,0.460977,0.257805,2.125,0.9477
3506,-100,-85.0,40,3.5,12.0,-48.73,12.5727,-100,2.26,117.3,0.43117,0.233735,1.1738,0.9624
3505,-100,-85.0,40,3.5,11.5,-49.66,11.9477,-94,2.33,117.19,0.431002,0.234468,1.8182,0.9495
3507,-100,-85.0,40,3.5,12.5,-49.0,12.6041,-96,4.21,114.91,0.481026,0.290036,4.6148,0.8703
3508,-100,-85.0,40,3.5,13.0,-48.39,13.2442,-100,0.78,118.99,0.375614,0.189039,0.28,0.9886
3509,-100,-85.0,40,3.5,13.5,-48.77,13.7402,-100,1.68,118.05,0.423837,0.230536,0.5523,0.9767
3510,-100,-85.0,40,3.5,14.0,-49.05,14.3445,-100,3.46,116.02,0.450744,0.259337,2.478,0.938
3511,-100,-85.0,40,3.75,1.0,-44.84,3.6317,-53,4.85,114.18,0.471809,0.288089,4.8446,0.8667
3512,-100,-85.0,40,3.75,1.5,-45.8,3.6999,-56,3.65,115.77,0.434047,0.2758,5.4148,0.8555
3513,-100,-85.0,40,3.75,2.0,-45.71,3.9361,-58,4.33,114.97,0.477988,0.287684,3.6341,0.9038
3514,-100,-85.0,40,3.75,2.5,-45.38,3.7474,-58,4.38,114.79,0.472848,0.286536,4.2202,0.8773
3515,-100,-85.0,40,3.75,3.0,-45.23,4.703,-63,3.49,115.89,0.429448,0.273563,3.7212,0.904
3517,-100,-85.0,40,3.75,4.0,-45.86,4.76,-65,7.48,111.03,0.521464,0.347249,6.7596,0.8031
3516,-100,-85.0,40,3.75,3.5,-45.44,4.7817,-61,0.89,119.13,0.413454,0.210569,0.2724,0.9877
3518,-100,-85.0,40,3.75,4.5,-45.42,5.7328,-68,4.87,114.27,0.492745,0.30836,4.2665,0.8738
3519,-100,-85.0,40,3.75,5.0,-45.12,6.0214,-67,3.12,116.36,0.440594,0.255698,2.1906,0.9367
3520,-100,-85.0,40,3.75,5.5,-46.15,6.2933,-72,9.39,108.79,0.518551,0.40698,11.9638,0.677
3521,-100,-85.0,40,3.75,6.0,-45.4,6.661,-72,2.15,117.51,0.411185,0.23755,1.8041,0.9428
3522,-100,-85.0,40,3.75,6.5,-45.26,7.2996,-75,1.86,117.74,0.431525,0.233943,1.3502,0.9594
3523,-100,-85.0,40,3.75,7.0,-45.2,7.6564,-76,2.76,116.81,0.45603,0.257374,3.012,0.9123
3524,-100,-85.0,40,3.75,7.5,-44.85,8.0709,-74,2.86,116.68,0.460048,0.263293,2.6151,0.921
3526,-100,-85.0,40,3.75,8.5,-45.69,8.9252,-80,8.67,109.63,0.506015,0.385649,9.7828,0.7393
3525,-100,-85.0,40,3.75,8.0,-45.04,8.5104,-77,4.85,114.32,0.50514,0.316185,4.7068,0.866
3527,-100,-85.0,40,3.75,9.0,-45.68,9.6757,-84,3.93,115.39,0.493467,0.287261,4.3286,0.8819
3530,-100,-85.0,40,3.75,10.5,-45.73,11.0532,-92,1.47,118.33,0.423965,0.218196,0.7052,0.9754
3528,-100,-85.0,40,3.75,9.5,-45.77,10.1477,-91,4.1,115.07,0.43802,0.286258,5.0103,0.8606
3529,-100,-85.0,40,3.75,10.0,-44.52,10.4731,-84,2.5,117.11,0.461923,0.26601,1.4342,0.9553
3531,-100,-85.0,40,3.75,11.0,-45.31,11.6184,-95,3.68,115.58,0.426556,0.270563,4.8758,0.87
3532,-100,-85.0,40,3.75,11.5,-45.22,11.9646,-94,1.55,118.22,0.408565,0.211612,1.4717,0.9557
3533,-100,-85.0,40,3.75,12.0,-45.74,12.3253,-96,3.5,115.78,0.448082,0.271611,2.9871,0.9197
3534,-100,-85.0,40,3.75,12.5,-45.33,12.8852,-93,4.87,114.14,0.459052,0.304403,5.7227,0.8395
3535,-100,-85.0,40,3.75,13.0,-45.9,13.4948,-99,2.2,117.37,0.45564,0.247192,1.5858,0.9492
3538,-100,-85.0,40,4.0,1.0,-42.22,3.8832,-52,7.67,110.83,0.493393,0.361433,8.3588,0.8004
3536,-100,-85.0,40,3.75,13.5,-45.13,13.8319,-99,1.64,118.12,0.407796,0.215595,1.0317,0.9654
3537,-100,-85.0,40,3.75,14.0,-44.92,14.5001,-100,5.43,113.56,0.511102,0.316777,5.2654,0.879
3539,-100,-85.0,40,4.0,1.5,-41.99,3.6744,-52,5.93,113.04,0.482313,0.333633,6.5013,0.8391
3542,-100,-85.0,40,4.0,3.0,-41.35,4.5999,-58,8.1,110.37,0.505602,0.370826,9.5258,0.7396
3540,-100,-85.0,40,4.0,2.0,-41.39,3.8329,-54,4.45,114.77,0.467222,0.302676,4.2522,0.8776
3541,-100,-85.0,40,4.0,2.5,-41.62,4.1033,-54,3.6,115.76,0.440953,0.264393,3.1154,0.9235
3543,-100,-85.0,40,4.0,3.5,-41.71,4.6545,-58,1.59,118.18,0.423788,0.214835,0.8549,0.9702
3544,-100,-85.0,40,4.0,4.0,-41.93,4.8278,-59,1.23,118.63,0.428138,0.21656,0.5456,0.9799
3545,-100,-85.0,40,4.0,4.5,-41.27,6.2497,-65,3.6,115.67,0.443131,0.269213,4.2211,0.8815
3546,-100,-85.0,40,4.0,5.0,-41.96,6.0886,-65,1.57,118.19,0.423014,0.229884,1.0656,0.9651
3547,-100,-85.0,40,4.0,5.5,-41.71,6.3956,-65,2.89,116.56,0.456167,0.256415,1.3618,0.9593
3550,-100,-85.0,40,4.0,7.0,-41.98,8.0762,-73,9.3,108.93,0.516268,0.400544,12.2241,0.6729
3548,-100,-85.0,40,4.0,6.0,-41.82,6.5523,-69,2.99,116.37,0.455197,0.264398,2.3068,0.9423
3549,-100,-85.0,40,4.0,6.5,-41.04,7.2933,-78,2.08,117.52,0.429317,0.237371,1.2387,0.9641
3551,-100,-85.0,40,4.0,7.5,-41.5,8.2461,-72,3.03,116.46,0.416574,0.258075,3.4079,0.9069
3552,-100,-85.0,40,4.0,8.0,-42.11,8.6662,-79,4.11,115.02,0.474395,0.295193,4.4657,0.8768
3553,-100,-85.0,40,4.0,8.5,-41.86,9.1978,-79,3.26,116.19,0.456943,0.265106,2.4292,0.9282
3554,-100,-85.0,40,4.0,9.0,-42.02,9.6288,-78,2.09,117.57,0.430897,0.234556,1.4577,0.9611
3555,-100,-85.0,40,4.0,9.5,-41.55,10.1582,-82,1.8,117.91,0.413576,0.229001,0.6143,0.9728
3556,-100,-85.0,40,4.0,10.0,-41.57,10.6831,-82,3.7,115.69,0.469497,0.283421,3.6166,0.8981
3557,-100,-85.0,40,4.0,10.5,-41.58,10.9392,-87,7.17,111.54,0.512705,0.352107,6.8235,0.8239
3558,-100,-85.0,40,4.0,11.0,-42.19,11.587,-92,2.94,116.49,0.445402,0.255606,2.154,0.9441
3559,-100,-85.0,40,4.0,11.5,-41.38,12.1262,-85,4.15,115.06,0.45196,0.273496,4.9111,0.8613
3560,-100,-85.0,40,4.0,12.0,-42.0,12.3961,-100,1.28,118.5,0.39497,0.211831,0.7646,0.9731
3561,-100,-85.0,40,4.0,12.5,-42.15,13.1122,-100,3.98,115.22,0.450903,0.275385,2.3151,0.9255
3562,-100,-85.0,40,4.0,13.0,-41.9,13.538,-100,2.97,116.54,0.406144,0.241197,3.0425,0.9145
3563,-100,-85.0,40,4.0,13.5,-41.58,13.8793,-100,6.34,112.37,0.506587,0.333772,6.4365,0.828
3565,-100,-85.0,40,4.25,1.0,-38.3,3.2659,-46,4.2,115.05,0.479954,0.285438,4.7226,0.8696
3564,-100,-85.0,40,4.0,14.0,-42.26,14.4572,-95,1.85,117.89,0.431944,0.235113,0.2621,0.9776
3566,-100,-85.0,40,4.25,1.5,-37.9,3.8463,-48,4.1,115.27,0.464309,0.293458,4.773,0.8662
3567,-100,-85.0,40,4.25,2.0,-38.34,3.756,-51,3.33,116.16,0.439707,0.265693,2.7713,0.9289
3568,-100,-85.0,40,4.25,2.5,-38.19,4.0835,-52,3.32,116.05,0.461557,0.265599,2.8063,0.9273
3569,-100,-85.0,40,4.25,3.0,-38.1,4.3107,-52,1.23,118.66,0.408525,0.212248,0.4488,0.9826
3570,-100,-85.0,40,4.25,3.5,-38.18,4.6711,-55,2.32,117.36,0.450744,0.245893,1.585,0.9528
3571,-100,-85.0,40,4.25,4.0,-37.8,5.0782,-57,2.91,116.67,0.44294,0.265511,2.2719,0.9349
3572,-100,-85.0,40,4.25,4.5,-37.63,5.7881,-59,2.29,117.31,0.455851,0.239126,1.5778,0.9558
3573,-100,-85.0,40,4.25,5.0,-38.07,5.9297,-62,4.77,114.25,0.461141,0.301282,4.3012,0.8781
3574,-100,-85.0,40,4.25,5.5,-38.01,6.5346,-64,2.2,117.38,0.411139,0.229838,2.1149,0.9367
3575,-100,-85.0,40,4.25,6.0,-37.89,7.0879,-64,1.56,118.14,0.423939,0.216207,0.748,0.9709
3577,-100,-85.0,40,4.25,7.0,-38.59,7.4204,-67,3.71,115.64,0.440677,0.276432,4.77,0.868
3576,-100,-85.0,40,4.25,6.5,-38.74,7.3711,-69,3.86,115.53,0.477579,0.289801,4.0231,0.8861
3578,-100,-85.0,40,4.25,7.5,-38.01,8.1798,-68,2.9,116.75,0.454019,0.263054,1.8549,0.9436
3579,-100,-85.0,40,4.25,8.0,-37.92,8.7383,-69,1.21,118.62,0.426022,0.212009,0.6009,0.9776
3580,-100,-85.0,40,4.25,8.5,-37.77,9.317,-74,3.53,115.94,0.494839,0.284331,4.1851,0.8846
3581,-100,-85.0,40,4.25,9.0,-38.01,10.0062,-82,1.48,118.31,0.398027,0.217824,1.2654,0.9611
3582,-100,-85.0,40,4.25,9.5,-37.99,9.9869,-83,1.47,118.28,0.401983,0.223865,0.7837,0.9733
3583,-100,-85.0,40,4.25,10.0,-38.23,10.5937,-84,1.04,118.73,0.399347,0.202575,0.5959,0.979
3584,-100,-85.0,40,4.25,10.5,-38.33,11.0031,-81,3.09,116.32,0.455276,0.264986,2.0433,0.9455
3585,-100,-85.0,40,4.25,11.0,-38.42,11.6658,-87,1.62,118.17,0.413626,0.227803,1.3111,0.9611
3586,-100,-85.0,40,4.25,11.5,-37.8,12.252,-88,2.43,117.2,0.441904,0.245065,1.2681,0.9553
3587,-100,-85.0,40,4.25,12.0,-37.88,12.4249,-85,1.08,118.72,0.374505,0.197967,0.637,0.9792
3588,-100,-85.0,40,4.25,12.5,-38.58,12.8517,-87,3.55,115.68,0.462676,0.273891,3.0666,0.9083
3589,-100,-85.0,40,4.25,13.0,-38.18,13.3415,-91,5.66,113.13,0.486787,0.322447,5.2222,0.8539
3591,-100,-85.0,40,4.25,14.0,-37.91,14.3396,-99,8.01,110.32,0.526424,0.37869,8.6019,0.8085
3590,-100,-85.0,40,4.25,13.5,-37.82,13.8767,-92,1.41,118.29,0.411742,0.217888,0.6435,0.9787
3592,-100,-85.0,40,4.5,1.0,-34.89,4.2255,-44,6.34,112.53,0.480423,0.327908,7.2481,0.8081
3594,-100,-85.0,40,4.5,2.0,-34.62,4.1887,-47,3.23,116.16,0.479716,0.284658,2.6999,0.9217
3593,-100,-85.0,40,4.5,1.5,-34.8,4.7422,-47,1.98,117.78,0.438554,0.244681,1.6342,0.9506
3595,-100,-85.0,40,4.5,2.5,-34.41,4.8522,-48,2.18,117.5,0.4303,0.237165,1.1223,0.9617
3596,-100,-85.0,40,4.5,3.0,-34.62,5.081,-52,3.94,115.28,0.460331,0.283086,4.4039,0.8799
3597,-100,-85.0,40,4.5,3.5,-34.71,4.7324,-50,2.46,116.99,0.429962,0.245853,1.4743,0.9587
3598,-100,-85.0,40,4.5,4.0,-34.39,5.0462,-55,3.29,116.22,0.448438,0.26206,4.9427,0.8687
3599,-100,-85.0,40,4.5,4.5,-35.85,5.7439,-58,2.87,116.72,0.449376,0.268331,2.68,0.9213
3600,-100,-85.0,40,4.5,5.0,-34.91,6.402,-57,1.87,117.76,0.418484,0.234104,1.4596,0.9573
3601,-100,-85.0,40,4.5,5.5,-35.05,6.3242,-60,5.84,113.1,0.503926,0.310871,6.3442,0.8295
3603,-100,-85.0,40,4.5,6.5,-34.81,7.2668,-62,9.7,108.45,0.549716,0.410111,13.1117,0.6423
3602,-100,-85.0,40,4.5,6.0,-34.09,6.8861,-63,5.74,113.16,0.488185,0.312854,6.1458,0.845
3604,-100,-85.0,40,4.5,7.0,-34.1,8.2543,-66,8.32,110.12,0.513946,0.385183,10.8477,0.7047
3605,-100,-85.0,40,4.5,7.5,-34.88,8.1726,-68,3.21,116.31,0.453532,0.263202,4.1229,0.8857
3606,-100,-85.0,40,4.5,8.0,-34.5,8.8235,-74,4.75,114.35,0.476449,0.301997,4.6323,0.8878
3607,-100,-85.0,40,4.5,8.5,-34.24,9.1865,-70,2.93,116.48,0.416306,0.251809,4.1509,0.8879
3608,-100,-85.0,40,4.5,9.0,-34.67,9.8041,-75,5.05,114.03,0.504906,0.309164,4.298,0.898
3609,-100,-85.0,40,4.5,9.5,-34.77,10.2327,-75,1.33,118.4,0.425004,0.216574,0.8694,0.974
3610,-100,-85.0,40,4.5,10.0,-34.72,10.5184,-74,4.19,115.2,0.471281,0.319774,3.7693,0.8884
3611,-100,-85.0,40,4.5,10.5,-34.42,11.2762,-81,2.3,117.12,0.455573,0.25914,1.7176,0.9437
3615,-100,-85.0,40,4.5,12.5,-34.34,13.1138,-83,9.24,108.94,0.521674,0.401051,11.0823,0.7172
3612,-100,-85.0,40,4.5,11.0,-33.77,11.6988,-82,3.15,116.3,0.460194,0.272087,3.7112,0.8952
3613,-100,-85.0,40,4.5,11.5,-35.05,12.2144,-84,1.61,118.26,0.417651,0.223316,1.2438,0.9597
3614,-100,-85.0,40,4.5,12.0,-34.15,12.4842,-82,2.01,117.64,0.413696,0.237202,1.3561,0.9577
3616,-100,-85.0,40,4.5,13.0,-34.67,13.5555,-94,2.85,116.75,0.442474,0.253767,2.0228,0.9468
3617,-100,-85.0,40,4.5,13.5,-34.9,13.9355,-87,2.17,117.37,0.437984,0.243365,0.3856,0.9737
3618,-100,-85.0,40,4.5,14.0,-34.54,14.5493,-96,0.89,118.83,0.423326,0.212456,0.782,0.976
3619,-100,-85.0,40,4.75,1.0,-30.18,4.4155,-40,3.56,115.77,0.46937,0.272036,4.0334,0.8868
3620,-100,-85.0,40,4.75,1.5,-30.24,3.8198,-40,3.7,115.73,0.443955,0.280117,4.8035,0.8682
3621,-100,-85.0,40,4.75,2.0,-30.61,3.9965,-44,2.37,117.35,0.463114,0.249752,2.1191,0.943
3622,-100,-85.0,40,4.75,2.5,-30.65,4.2575,-44,1.5,118.34,0.405645,0.207753,1.2517,0.9605
3623,-100,-85.0,40,4.75,3.0,-29.89,5.2482,-47,2.12,117.67,0.452943,0.249877,1.4367,0.957
3624,-100,-85.0,40,4.75,3.5,-31.45,5.2556,-49,1.48,118.23,0.420763,0.235756,1.0809,0.9701
3625,-100,-85.0,40,4.75,4.0,-30.59,6.1046,-52,1.69,118.05,0.410603,0.229631,0.8706,0.9695
3626,-100,-85.0,40,4.75,4.5,-30.71,6.0248,-52,1.74,117.82,0.405714,0.229407,1.2193,0.9619
3627,-100,-85.0,40,4.75,5.0,-30.99,6.6456,-55,1.94,117.73,0.397219,0.216629,1.6377,0.9531
3628,-100,-85.0,40,4.75,5.5,-31.68,6.6066,-55,1.09,118.64,0.384132,0.199437,0.5094,0.98
3629,-100,-85.0,40,4.75,6.0,-30.27,6.8793,-55,1.0,118.88,0.38277,0.192807,0.4557,0.9814
3631,-100,-85.0,40,4.75,7.0,-30.49,7.9175,-61,7.38,111.16,0.515741,0.345357,7.4255,0.7922
3630,-100,-85.0,40,4.75,6.5,-31.11,7.1395,-61,3.43,115.95,0.435246,0.263911,2.5453,0.936
3632,-100,-85.0,40,4.75,7.5,-30.93,8.4378,-62,5.38,113.64,0.45243,0.301038,5.1357,0.8783
3633,-100,-85.0,40,4.75,8.0,-30.84,9.1479,-69,2.01,117.7,0.397586,0.230982,1.3159,0.96
3634,-100,-85.0,40,4.75,8.5,-31.42,9.278,-65,1.62,118.19,0.432728,0.234579,0.7549,0.9705
3635,-100,-85.0,40,4.75,9.0,-31.11,9.8884,-71,9.02,109.2,0.521382,0.382778,9.4296,0.7391
3638,-100,-85.0,40,4.75,10.5,-31.09,11.2171,-75,4.31,114.9,0.459323,0.282499,4.4708,0.8774
3636,-100,-85.0,40,4.75,9.5,-30.91,10.2049,-67,3.88,115.39,0.445202,0.287787,5.5122,0.8537
3637,-100,-85.0,40,4.75,10.0,-30.63,10.936,-73,3.86,115.34,0.425112,0.272133,4.7766,0.8691
3639,-100,-85.0,40,4.75,11.0,-30.42,11.7787,-74,4.05,115.31,0.43818,0.283326,3.9502,0.894
3640,-100,-85.0,40,4.75,11.5,-31.43,12.0499,-79,9.7,108.53,0.570142,0.403121,10.6474,0.7396
3642,-100,-85.0,40,4.75,12.5,-31.3,12.8966,-88,7.28,111.29,0.499569,0.338616,8.2672,0.8128
3641,-100,-85.0,40,4.75,12.0,-30.71,12.3257,-81,3.06,116.49,0.455665,0.270421,2.0404,0.9481
3643,-100,-85.0,40,4.75,13.0,-30.11,13.5171,-83,2.58,116.97,0.43698,0.25021,1.9052,0.9517
3644,-100,-85.0,40,4.75,13.5,-30.19,14.1545,-90,8.75,109.54,0.548082,0.398004,11.8048,0.6878
3645,-100,-85.0,40,4.75,14.0,-30.89,14.7269,-92,7.6,110.91,0.52109,0.353268,7.5576,0.8054
3646,-100,-85.0,40,5.0,1.0,-27.66,3.9235,-36,1.7,118.04,0.414267,0.232843,0.7103,0.9728
3649,-100,-85.0,40,5.0,2.5,-27.29,4.7185,-42,7.98,110.34,0.527749,0.380938,8.9844,0.751
3647,-100,-85.0,40,5.0,1.5,-27.78,4.2709,-39,2.72,116.78,0.445628,0.26204,2.8193,0.9201
3648,-100,-85.0,40,5.0,2.0,-27.52,5.1578,-41,4.08,115.18,0.476685,0.305786,4.5996,0.8794
3650,-100,-85.0,40,5.0,3.0,-26.95,5.1782,-43,3.57,115.82,0.460503,0.272494,4.2276,0.8822
3651,-100,-85.0,40,5.0,3.5,-27.06,5.7504,-46,9.43,108.72,0.525047,0.402437,10.4112,0.7246
3652,-100,-85.0,40,5.0,4.0,-27.84,5.7558,-47,1.72,117.94,0.422931,0.225604,1.6831,0.9519
3653,-100,-85.0,40,5.0,4.5,-28.15,6.3663,-51,2.12,117.54,0.439705,0.239128,1.7828,0.9488
3654,-100,-85.0,40,5.0,5.0,-27.57,6.288,-51,2.12,117.41,0.426836,0.237082,0.9224,0.9677
3655,-100,-85.0,40,5.0,5.5,-26.8,7.1008,-53,1.54,118.23,0.400167,0.21487,0.7432,0.9733
3656,-100,-85.0,40,5.0,6.0,-27.28,7.0195,-55,1.95,117.71,0.408588,0.223778,1.2353,0.96
3657,-100,-85.0,40,5.0,6.5,-26.79,7.5173,-55,1.34,118.58,0.426942,0.232861,0.7376,0.972
3658,-100,-85.0,40,5.0,7.0,-26.82,8.0327,-57,3.49,115.94,0.47019,0.268412,2.82,0.9176
3659,-100,-85.0,40,5.0,7.5,-27.33,8.7605,-61,2.16,117.45,0.442605,0.238051,1.4898,0.9602
3660,-100,-85.0,40,5.0,8.0,-26.82,9.0766,-61,3.3,115.93,0.454652,0.266585,3.1319,0.9098
3661,-100,-85.0,40,5.0,8.5,-27.24,9.3894,-62,1.9,117.68,0.435933,0.240312,1.2254,0.9587
3662,-100,-85.0,40,5.0,9.0,-28.27,10.0488,-70,1.94,117.73,0.415275,0.237213,1.2951,0.9596
3663,-100,-85.0,40,5.0,9.5,-27.61,10.4561,-69,1.73,118.13,0.460605,0.241281,1.3633,0.9568
3664,-100,-85.0,40,5.0,10.0,-27.14,10.7848,-71,7.35,111.2,0.509736,0.359887,8.8147,0.7779
3673,-100,-80.0,40,1.0,1.0,-83.97,1.4681,-90,98.54,1.76,4.810179,1.168931,1.2001,0.0016
3665,-100,-85.0,40,5.0,10.5,-26.66,11.1478,-74,3.05,116.35,0.448611,0.262635,3.6037,0.8998
3674,-100,-80.0,40,1.0,1.5,-83.03,1.8472,-89,96.88,3.75,3.033532,0.907292,3.4499,0.0016
3666,-100,-85.0,40,5.0,11.0,-26.99,11.582,-74,2.38,117.28,0.41158,0.236523,1.6129,0.9573
3675,-100,-80.0,40,1.0,2.0,-83.77,2.2823,-92,94.01,7.19,3.224964,0.955624,5.4467,0.0067
3668,-100,-85.0,40,5.0,12.0,-27.56,12.987,-77,3.84,115.44,0.463146,0.274311,4.0237,0.8835
3667,-100,-85.0,40,5.0,11.5,-27.6,12.6065,-81,4.85,114.2,0.454428,0.291821,4.8412,0.8758
3676,-100,-80.0,40,1.0,2.5,-84.17,2.5801,-92,93.89,7.34,3.588546,1.352965,5.1169,0.0114
3669,-100,-85.0,40,5.0,12.5,-27.11,13.0247,-75,7.5,110.98,0.489232,0.364001,10.1079,0.7342
3670,-100,-85.0,40,5.0,13.0,-27.96,13.5948,-81,3.29,116.15,0.470858,0.278904,2.7973,0.915
3677,-100,-80.0,40,1.0,3.0,-84.43,3.1211,-95,90.23,11.73,3.89245,0.687869,3.215,0.0459
3678,-100,-80.0,40,1.0,3.5,-84.65,3.5046,-98,89.71,12.34,4.329264,2.268579,3.8477,0.0649
3671,-100,-85.0,40,5.0,13.5,-27.53,14.2541,-92,2.34,117.15,0.439308,0.248901,3.0225,0.9169
3672,-100,-85.0,40,5.0,14.0,-27.37,14.4373,-84,3.98,115.38,0.446892,0.279943,4.1185,0.8868
3679,-100,-80.0,40,1.0,4.0,-84.06,4.3237,-98,85.87,16.99,3.631862,1.10612,6.6965,0.0861
3680,-100,-80.0,40,1.0,4.5,-84.71,4.6505,-100,83.94,19.3,3.708019,0.98105,4.2955,0.1002
3682,-100,-80.0,40,1.0,5.5,-84.74,5.849,-100,80.77,23.1,3.312179,0.987561,5.8304,0.1271
3683,-100,-80.0,40,1.0,6.0,-85.02,6.0162,-100,80.01,24.0,3.470643,0.682608,1.8244,0.1744
3681,-100,-80.0,40,1.0,5.0,-84.98,5.0531,-100,82.25,21.31,3.245769,0.986208,5.988,0.1001
3685,-100,-80.0,40,1.0,7.0,-85.56,7.0944,-100,80.89,22.96,3.678879,1.659657,6.1193,0.1226
3684,-100,-80.0,40,1.0,6.5,-84.69,6.4134,-100,76.15,28.65,2.910446,1.257583,7.412,0.1087
3686,-100,-80.0,40,1.0,7.5,-84.78,7.2893,-100,79.48,24.62,3.588368,1.501871,8.1643,0.1332
3687,-100,-80.0,40,1.0,8.0,-84.01,8.1931,-100,77.51,27.03,3.504777,1.126084,2.9476,0.1984
3688,-100,-80.0,40,1.0,8.5,-84.71,8.2799,-100,71.83,33.79,2.699419,0.719312,4.8483,0.226
3689,-100,-80.0,40,1.0,9.0,-84.55,8.6443,-100,76.18,28.61,3.226607,1.698818,10.5814,0.139
3690,-100,-80.0,40,1.0,9.5,-84.59,8.8965,-100,71.48,34.26,2.74401,1.022227,6.6139,0.176
3692,-100,-80.0,40,1.0,10.5,-84.39,9.8202,-100,69.14,37.07,2.539582,0.726825,4.0308,0.2312
3691,-100,-80.0,40,1.0,10.0,-84.02,9.508,-100,71.96,33.68,2.846351,0.900647,6.3979,0.2079
3693,-100,-80.0,40,1.0,11.0,-84.94,10.1664,-100,71.0,34.85,2.736911,0.718139,3.4041,0.24
3694,-100,-80.0,40,1.0,11.5,-84.31,10.4892,-100,67.83,38.63,2.505506,1.031176,7.7615,0.1779
3695,-100,-80.0,40,1.0,12.0,-84.09,10.9783,-100,69.05,37.16,2.652374,0.978811,6.7367,0.2166
3697,-100,-80.0,40,1.0,13.0,-83.77,11.6836,-100,65.91,40.95,2.392287,0.784058,5.9362,0.2597
3696,-100,-80.0,40,1.0,12.5,-84.29,11.3971,-100,66.25,40.48,2.348385,0.732375,5.8085,0.2233
3698,-100,-80.0,40,1.0,13.5,-83.91,12.0457,-100,70.53,35.39,2.787318,0.894322,5.6749,0.2105
3700,-100,-80.0,40,1.25,1.0,-80.25,1.5354,-86,77.99,26.46,2.734767,1.725151,16.0231,0.0324
3699,-100,-80.0,40,1.0,14.0,-83.84,12.2,-100,66.91,39.74,2.495027,0.873228,6.5112,0.2431
3701,-100,-80.0,40,1.25,1.5,-80.79,1.876,-88,78.5,25.78,3.292817,2.015875,12.3318,0.0938
3704,-100,-80.0,40,1.25,3.0,-81.01,3.2959,-92,76.77,27.89,3.408433,1.474246,6.8327,0.1615
3702,-100,-80.0,40,1.25,2.0,-81.18,2.1776,-89,76.17,28.64,2.88231,1.288328,9.8931,0.1427
3703,-100,-80.0,40,1.25,2.5,-81.34,2.7098,-91,75.79,29.07,2.670774,1.174285,8.9033,0.1367
3705,-100,-80.0,40,1.25,3.5,-80.17,4.0394,-95,64.33,42.83,2.060984,1.349161,21.5145,0.1532
3706,-100,-80.0,40,1.25,4.0,-80.99,4.1248,-96,69.88,36.2,2.6337,1.25645,11.6564,0.1734
3707,-100,-80.0,40,1.25,4.5,-81.01,4.5744,-97,68.27,38.07,2.542679,1.167423,7.8021,0.1879
3708,-100,-80.0,40,1.25,5.0,-80.02,5.372,-99,62.95,44.5,2.181082,1.110418,13.4912,0.2277
3709,-100,-80.0,40,1.25,5.5,-81.01,5.6508,-100,64.6,42.52,2.282917,1.164893,13.7775,0.2382
3710,-100,-80.0,40,1.25,6.0,-81.04,6.0531,-100,67.36,39.23,2.416364,1.659301,15.7887,0.1266
3712,-100,-80.0,40,1.25,7.0,-81.42,7.0392,-100,68.03,38.38,2.588133,0.899062,6.9347,0.2393
3711,-100,-80.0,40,1.25,6.5,-81.2,6.7025,-100,65.12,41.87,2.352504,1.135074,10.9154,0.1937
3713,-100,-80.0,40,1.25,7.5,-80.67,7.5601,-100,63.36,44.0,2.201983,1.033622,12.166,0.2557
3714,-100,-80.0,40,1.25,8.0,-80.47,8.0664,-100,61.31,46.43,1.980494,0.810391,11.7546,0.2928
3715,-100,-80.0,40,1.25,8.5,-80.88,8.3597,-100,60.29,47.69,2.046463,0.750949,7.4904,0.3062
3717,-100,-80.0,40,1.25,9.5,-81.77,9.3821,-100,68.81,37.48,2.717948,1.130224,7.257,0.1931
3718,-100,-80.0,40,1.25,10.0,-81.04,9.7373,-100,60.55,47.39,2.0572,0.663648,5.7056,0.3358
3716,-100,-80.0,40,1.25,9.0,-81.03,9.052,-100,59.43,48.68,1.985328,0.588307,2.8429,0.3526
3719,-100,-80.0,40,1.25,10.5,-80.03,10.3151,-100,57.98,50.41,1.917819,1.290528,18.2422,0.2011
3720,-100,-80.0,40,1.25,11.0,-80.65,10.6024,-100,60.52,47.36,2.091633,0.929231,11.1723,0.303
3721,-100,-80.0,40,1.25,11.5,-80.98,10.9184,-100,61.17,46.71,2.132687,0.772107,7.528,0.3009
3722,-100,-80.0,40,1.25,12.0,-81.59,11.3075,-100,61.99,45.66,2.176712,1.019853,10.9931,0.2394
3724,-100,-80.0,40,1.25,13.0,-81.43,12.2451,-100,64.55,42.57,2.354245,0.823279,6.179,0.308
3723,-100,-80.0,40,1.25,12.5,-80.94,11.854,-100,59.87,48.2,2.056274,0.715152,4.4649,0.3302
3725,-100,-80.0,40,1.25,13.5,-80.16,12.5476,-100,60.97,46.91,2.114329,0.868463,9.322,0.2953
3726,-100,-80.0,40,1.25,14.0,-79.46,13.1606,-100,58.04,50.33,1.925296,0.842767,10.0096,0.2837
3729,-100,-80.0,40,1.5,2.0,-78.14,2.2914,-88,38.88,73.4,1.209434,0.685378,14.1346,0.4119
3727,-100,-80.0,40,1.5,1.0,-77.13,1.5788,-83,20.65,95.18,0.721561,0.787691,26.439,0.2738
3731,-100,-80.0,40,1.5,3.0,-77.62,3.1923,-90,41.48,70.27,1.272494,0.839747,16.5745,0.3476
3728,-100,-80.0,40,1.5,1.5,-76.85,1.9606,-84,22.82,92.61,0.763637,0.865601,27.3707,0.2678
3730,-100,-80.0,40,1.5,2.5,-77.42,3.0526,-89,36.59,76.09,1.063308,0.953736,28.2227,0.3192
3732,-100,-80.0,40,1.5,3.5,-77.59,3.9862,-92,41.7,69.91,1.255891,0.935735,22.6332,0.2954
3733,-100,-80.0,40,1.5,4.0,-77.49,4.3584,-94,41.08,70.68,1.251687,0.856707,21.1913,0.3262
3735,-100,-80.0,40,1.5,5.0,-77.87,5.077,-97,43.73,67.51,1.341513,0.835069,17.2645,0.3633
3737,-100,-80.0,40,1.5,6.0,-77.69,6.3774,-100,50.71,59.22,1.591801,1.118349,18.3566,0.2101
3736,-100,-80.0,40,1.5,5.5,-76.85,5.7922,-100,40.49,71.44,1.228133,0.779254,18.9052,0.379
3734,-100,-80.0,40,1.5,4.5,-76.93,4.9479,-95,36.18,76.64,1.139785,0.641041,13.8641,0.4687
3738,-100,-80.0,40,1.5,6.5,-77.75,6.7747,-100,46.72,63.98,1.453279,0.862506,15.2504,0.2792
3740,-100,-80.0,40,1.5,7.5,-77.4,7.5429,-100,43.58,67.82,1.344686,0.658956,9.9534,0.4631
3739,-100,-80.0,40,1.5,7.0,-77.91,7.0803,-100,48.41,61.9,1.524757,0.931529,16.9211,0.3385
3741,-100,-80.0,40,1.5,8.0,-77.37,7.9626,-100,42.23,69.37,1.308206,0.783244,13.4775,0.3416
3742,-100,-80.0,40,1.5,8.5,-77.21,8.5239,-100,44.41,66.78,1.387816,0.630545,8.385,0.4611
3745,-100,-80.0,40,1.5,10.0,-77.46,9.8651,-100,47.73,62.81,1.488816,0.888946,16.7566,0.2964
3743,-100,-80.0,40,1.5,9.0,-78.11,9.0699,-100,51.42,58.31,1.639028,0.848648,13.4555,0.3123
3744,-100,-80.0,40,1.5,9.5,-77.33,9.5539,-100,51.26,58.48,1.632451,0.850661,11.6631,0.2855
3746,-100,-80.0,40,1.5,10.5,-77.9,10.3693,-100,52.13,57.5,1.671372,0.807437,10.7126,0.3092
3748,-100,-80.0,40,1.5,11.5,-76.97,11.3196,-100,50.19,59.83,1.579747,0.8565,15.3499,0.3763
3747,-100,-80.0,40,1.5,11.0,-77.5,10.7966,-100,47.2,63.4,1.476407,0.62999,8.3238,0.4432
3749,-100,-80.0,40,1.5,12.0,-77.55,11.6612,-100,52.31,57.27,1.683711,0.828586,12.4696,0.3363
3750,-100,-80.0,40,1.5,12.5,-77.71,12.129,-100,51.47,58.32,1.641731,0.688505,6.7356,0.3985
3751,-100,-80.0,40,1.5,13.0,-76.91,12.8077,-100,48.66,61.57,1.520961,0.851255,15.4319,0.3658
3752,-100,-80.0,40,1.5,13.5,-76.6,13.0855,-100,44.83,66.25,1.393182,0.800431,13.8243,0.2955
3753,-100,-80.0,40,1.5,14.0,-76.4,13.3345,-100,44.75,66.3,1.386041,0.576016,8.5359,0.3962
3754,-100,-80.0,40,1.75,1.0,-73.82,1.808,-79,3.82,115.54,0.482028,0.272644,3.4529,0.8963
3755,-100,-80.0,40,1.75,1.5,-74.21,2.4016,-83,5.73,113.13,0.53044,0.310979,4.1018,0.8962
3756,-100,-80.0,40,1.75,2.0,-74.55,2.3373,-84,4.3,115.07,0.512137,0.293522,3.2752,0.8946
3758,-100,-80.0,40,1.75,3.0,-74.21,3.7729,-89,11.03,106.78,0.599192,0.384511,7.0989,0.7705
3759,-100,-80.0,40,1.75,3.5,-73.17,4.1593,-88,9.75,108.3,0.573368,0.390881,11.3088,0.6842
3757,-100,-80.0,40,1.75,2.5,-73.66,3.0378,-86,7.95,110.43,0.572769,0.356468,8.8124,0.7615
3760,-100,-80.0,40,1.75,4.0,-73.99,4.3495,-90,13.68,103.76,0.651986,0.430388,12.386,0.7047
3761,-100,-80.0,40,1.75,4.5,-73.73,4.6691,-93,8.76,109.59,0.561897,0.350122,9.4658,0.7367
3762,-100,-80.0,40,1.75,5.0,-74.05,5.2568,-95,14.37,102.81,0.691704,0.422902,10.8858,0.648
3763,-100,-80.0,40,1.75,5.5,-73.78,5.7503,-95,16.28,100.57,0.694788,0.446012,11.0209,0.6555
3764,-100,-80.0,40,1.75,6.0,-73.72,6.3787,-96,19.61,96.46,0.778221,0.481162,13.1354,0.5892
3765,-100,-80.0,40,1.75,6.5,-73.74,6.6801,-100,22.17,93.53,0.816422,0.625185,20.3398,0.4094
3768,-100,-80.0,40,1.75,8.0,-74.12,8.3068,-100,30.95,83.0,0.994677,0.688868,20.6714,0.4875
3766,-100,-80.0,40,1.75,7.0,-74.08,7.1962,-100,23.98,91.22,0.877358,0.501626,11.2035,0.5738
3767,-100,-80.0,40,1.75,7.5,-73.45,7.7526,-100,22.72,92.81,0.852573,0.48573,11.6914,0.6394
3769,-100,-80.0,40,1.75,8.5,-74.55,8.5366,-100,35.4,77.56,1.1028,0.730701,18.19,0.4346
3771,-100,-80.0,40,1.75,9.5,-73.98,9.7646,-100,35.03,78.02,1.119754,0.644414,12.5224,0.4949
3770,-100,-80.0,40,1.75,9.0,-73.49,9.189,-100,26.57,88.17,0.902329,0.65473,19.9885,0.4253
3772,-100,-80.0,40,1.75,10.0,-73.58,10.0678,-100,28.34,85.98,0.950221,0.529638,12.359,0.5895
3773,-100,-80.0,40,1.75,10.5,-74.23,10.4662,-100,35.32,77.6,1.116257,0.73341,18.0419,0.3484
3774,-100,-80.0,40,1.75,11.0,-74.24,10.9109,-100,35.63,77.27,1.14104,0.553939,7.9181,0.5477
3775,-100,-80.0,40,1.75,11.5,-73.86,11.4696,-100,35.91,77.01,1.135785,0.625467,13.7992,0.5163
3777,-100,-80.0,40,1.75,12.5,-73.44,12.3635,-100,35.23,77.65,1.123373,0.631108,13.813,0.4974
3776,-100,-80.0,40,1.75,12.0,-73.73,11.8312,-100,36.38,76.45,1.150883,0.68312,16.2003,0.411
3779,-100,-80.0,40,1.75,13.5,-73.46,13.1531,-100,38.76,73.58,1.203066,0.712305,16.0405,0.3819
3780,-100,-80.0,40,1.75,14.0,-73.99,13.6762,-100,44.45,66.67,1.383005,0.637441,8.8049,0.4822
3778,-100,-80.0,40,1.75,13.0,-73.77,12.7521,-100,37.23,75.29,1.180705,0.592225,9.3124,0.4568
3781,-100,-80.0,40,2.0,1.0,-69.96,1.6444,-75,8.19,110.21,0.51721,0.368828,9.2171,0.7539
3784,-100,-80.0,40,2.0,2.5,-70.73,2.8016,-81,8.3,110.05,0.542622,0.381003,10.9262,0.7044
3783,-100,-80.0,40,2.0,2.0,-71.21,3.5953,-82,2.24,117.3,0.439088,0.242896,1.4133,0.9501
3782,-100,-80.0,40,2.0,1.5,-70.89,2.1578,-79,2.99,116.42,0.447795,0.265834,2.9136,0.9208
3785,-100,-80.0,40,2.0,3.0,-69.93,3.7884,-85,6.47,112.38,0.518233,0.326105,5.7,0.8266
3786,-100,-80.0,40,2.0,3.5,-71.01,4.2411,-87,5.22,113.83,0.46925,0.302638,5.6313,0.8432
3787,-100,-80.0,40,2.0,4.0,-71.41,4.2594,-89,3.97,115.34,0.495079,0.292366,2.3902,0.9174
3788,-100,-80.0,40,2.0,4.5,-70.61,4.9235,-91,10.6,107.31,0.584121,0.395776,9.2188,0.7567
3789,-100,-80.0,40,2.0,5.0,-70.8,5.3365,-90,10.19,107.93,0.599229,0.382134,7.1698,0.8164
3791,-100,-80.0,40,2.0,6.0,-70.26,6.1875,-95,12.85,104.7,0.638508,0.434921,10.5442,0.7349
3792,-100,-80.0,40,2.0,6.5,-70.98,6.5863,-99,15.14,101.9,0.642974,0.527627,18.0079,0.5172
3790,-100,-80.0,40,2.0,5.5,-70.1,5.7988,-96,5.34,113.75,0.509662,0.308929,4.9674,0.8575
3793,-100,-80.0,40,2.0,7.0,-70.16,7.1809,-97,9.89,108.17,0.571602,0.384195,9.1229,0.7566
3794,-100,-80.0,40,2.0,7.5,-70.51,7.7934,-100,15.43,101.56,0.706467,0.424119,9.9948,0.7282
3795,-100,-80.0,40,2.0,8.0,-70.86,8.1727,-100,15.35,101.59,0.700083,0.471677,14.3497,0.6202
3797,-100,-80.0,40,2.0,9.0,-70.58,9.1898,-100,17.73,98.85,0.732061,0.510838,16.3798,0.5978
3798,-100,-80.0,40,2.0,9.5,-70.96,9.5385,-100,16.15,100.62,0.721614,0.433335,9.2315,0.6745
3796,-100,-80.0,40,2.0,8.5,-71.08,8.5992,-100,13.78,103.58,0.686914,0.409498,7.9928,0.7647
3799,-100,-80.0,40,2.0,10.0,-70.05,10.1555,-100,19.39,96.75,0.778437,0.474418,12.1275,0.6444
3800,-100,-80.0,40,2.0,10.5,-70.62,10.7518,-100,20.43,95.57,0.809283,0.48126,11.0522,0.6166
3801,-100,-80.0,40,2.0,11.0,-70.64,11.0771,-100,21.86,93.8,0.841645,0.46327,8.9565,0.681
3804,-100,-80.0,40,2.0,12.5,-69.45,12.5548,-100,35.46,77.53,1.103197,0.912662,23.2824,0.3036
3802,-100,-80.0,40,2.0,11.5,-69.38,11.6143,-100,27.9,86.5,0.921004,0.633468,17.1523,0.5125
3803,-100,-80.0,40,2.0,12.0,-70.05,12.0231,-100,24.76,90.3,0.87778,0.512085,12.6998,0.5903
3805,-100,-80.0,40,2.0,13.0,-69.6,12.9252,-100,24.88,90.24,0.870686,0.644603,19.7714,0.4134
3807,-100,-80.0,40,2.0,14.0,-70.19,13.7633,-100,30.17,83.87,1.017088,0.632712,15.991,0.4832
3806,-100,-80.0,40,2.0,13.5,-70.46,13.4535,-100,24.16,91.01,0.881413,0.517302,13.4023,0.5172
3810,-100,-80.0,40,2.25,2.0,-67.04,2.9241,-77,6.39,112.35,0.496294,0.329065,6.8163,0.8276
3808,-100,-80.0,40,2.25,1.0,-66.47,2.2984,-73,1.98,117.66,0.41449,0.239912,1.4177,0.9555
3809,-100,-80.0,40,2.25,1.5,-66.95,3.0366,-77,4.7,114.28,0.455805,0.303461,5.1802,0.859
3812,-100,-80.0,40,2.25,3.0,-67.0,3.7474,-81,8.48,109.89,0.546642,0.371442,10.5504,0.7244
3811,-100,-80.0,40,2.25,2.5,-66.49,3.0472,-78,4.12,115.07,0.463686,0.29286,3.6367,0.8965
3813,-100,-80.0,40,2.25,3.5,-66.83,4.3501,-82,4.03,115.26,0.481401,0.291995,4.5208,0.8727
3814,-100,-80.0,40,2.25,4.0,-66.28,4.3482,-83,1.52,118.3,0.42001,0.231455,0.7758,0.9722
3815,-100,-80.0,40,2.25,4.5,-66.49,5.1518,-85,4.15,115.01,0.491777,0.284965,3.4281,0.9077
3816,-100,-80.0,40,2.25,5.0,-67.18,5.4519,-87,2.83,116.59,0.442228,0.255917,1.8189,0.949
3817,-100,-80.0,40,2.25,5.5,-66.82,6.0545,-93,3.42,115.89,0.450651,0.272873,3.1063,0.9237
3818,-100,-80.0,40,2.25,6.0,-67.06,6.5009,-91,1.94,117.59,0.433118,0.242419,1.6496,0.949
3819,-100,-80.0,40,2.25,6.5,-66.75,6.7033,-91,3.53,115.76,0.452971,0.268972,2.7514,0.926
3820,-100,-80.0,40,2.25,7.0,-66.43,7.3568,-95,8.13,110.35,0.537415,0.354221,9.736,0.7488
3821,-100,-80.0,40,2.25,7.5,-66.54,7.7502,-96,3.85,115.4,0.465819,0.275802,3.1625,0.9114
3822,-100,-80.0,40,2.25,8.0,-67.2,8.301,-97,6.46,112.28,0.52486,0.324779,5.5541,0.8487
3823,-100,-80.0,40,2.25,8.5,-66.89,8.6703,-100,10.94,106.98,0.600542,0.411734,12.6687,0.6452
3825,-100,-80.0,40,2.25,9.5,-67.53,9.6783,-100,14.67,102.56,0.698425,0.440548,9.9207,0.7235
3824,-100,-80.0,40,2.25,9.0,-67.15,9.255,-100,5.28,113.53,0.544333,0.304707,3.6126,0.89
3827,-100,-80.0,40,2.25,10.5,-67.63,10.7364,-100,13.79,103.42,0.671043,0.418943,11.0131,0.6671
3826,-100,-80.0,40,2.25,10.0,-66.91,10.2296,-100,8.26,110.08,0.558252,0.331485,4.9434,0.8387
3828,-100,-80.0,40,2.25,11.0,-66.32,11.2115,-100,8.79,109.55,0.603946,0.357335,6.5383,0.8025
3829,-100,-80.0,40,2.25,11.5,-66.59,11.761,-100,17.39,99.07,0.716389,0.494762,12.1002,0.6463
3830,-100,-80.0,40,2.25,12.0,-66.89,12.0249,-100,13.87,103.56,0.686959,0.413017,9.2681,0.7289
3832,-100,-80.0,40,2.25,13.0,-66.93,13.1153,-100,14.23,103.04,0.672083,0.439959,13.1944,0.6371
3831,-100,-80.0,40,2.25,12.5,-66.78,12.7034,-100,11.51,106.41,0.644818,0.40236,8.7738,0.7508
3833,-100,-80.0,40,2.25,13.5,-67.3,13.5761,-100,18.66,97.66,0.758339,0.536034,16.2901,0.5104
3834,-100,-80.0,40,2.25,14.0,-67.07,13.9611,-100,16.73,100.09,0.744255,0.424585,7.3107,0.687
3835,-100,-80.0,40,2.5,1.0,-62.91,2.53,-69,9.9,108.2,0.531194,0.406152,10.9258,0.7143
3836,-100,-80.0,40,2.5,1.5,-63.26,2.7359,-72,3.69,115.52,0.51894,0.286669,2.9318,0.9096
3837,-100,-80.0,40,2.5,2.0,-63.61,3.0168,-74,3.49,115.9,0.475519,0.282371,4.2388,0.8821
3838,-100,-80.0,40,2.5,2.5,-64.05,3.4057,-76,8.54,109.88,0.523522,0.395041,11.2868,0.6944
3839,-100,-80.0,40,2.5,3.0,-62.89,3.84,-79,3.96,115.34,0.436965,0.290744,5.5344,0.8509
3840,-100,-80.0,40,2.5,3.5,-63.27,4.0862,-79,2.22,117.27,0.436045,0.246044,1.3964,0.9622
3841,-100,-80.0,40,2.5,4.0,-62.79,4.4148,-81,1.59,118.14,0.381183,0.211465,1.637,0.9521
3842,-100,-80.0,40,2.5,4.5,-63.59,5.1198,-83,4.54,114.57,0.468246,0.291573,3.761,0.8971
3843,-100,-80.0,40,2.5,5.0,-63.16,5.4746,-83,3.88,115.21,0.449576,0.276214,3.3597,0.9138
3844,-100,-80.0,40,2.5,5.5,-63.69,5.8839,-86,4.46,114.71,0.445119,0.286476,4.6542,0.8647
3845,-100,-80.0,40,2.5,6.0,-62.62,6.6304,-90,4.7,114.45,0.449362,0.292292,6.1276,0.8338
3846,-100,-80.0,40,2.5,6.5,-63.53,6.9341,-91,2.3,117.18,0.448925,0.247974,1.6379,0.9562
3847,-100,-80.0,40,2.5,7.0,-64.43,7.19,-93,5.56,113.37,0.497602,0.310667,5.9211,0.8386
3849,-100,-80.0,40,2.5,8.0,-63.28,8.6138,-99,9.13,109.05,0.576388,0.371352,8.4106,0.7691
3848,-100,-80.0,40,2.5,7.5,-63.48,7.8095,-94,2.88,116.63,0.444748,0.256581,1.4705,0.9499
3850,-100,-80.0,40,2.5,8.5,-63.72,8.7795,-95,6.05,112.89,0.505779,0.320639,7.0798,0.8072
3852,-100,-80.0,40,2.5,9.5,-62.99,9.7297,-100,11.28,106.55,0.592503,0.402002,8.7607,0.7881
3851,-100,-80.0,40,2.5,9.0,-63.43,9.3076,-100,5.55,113.37,0.502846,0.309549,6.4905,0.8268
3853,-100,-80.0,40,2.5,10.0,-63.07,10.1815,-100,11.32,106.54,0.614944,0.409253,12.5541,0.6864
3854,-100,-80.0,40,2.5,10.5,-62.91,10.5209,-100,4.66,114.56,0.526297,0.299099,2.2999,0.923
3856,-100,-80.0,40,2.5,11.5,-63.59,11.6872,-100,12.29,105.39,0.611516,0.419701,11.4868,0.6911
3855,-100,-80.0,40,2.5,11.0,-62.6,11.2382,-100,5.53,113.51,0.506799,0.310447,5.2306,0.8678
3858,-100,-80.0,40,2.5,12.5,-63.68,12.7349,-100,7.14,111.39,0.557161,0.323126,4.5927,0.8403
3857,-100,-80.0,40,2.5,12.0,-62.93,12.0271,-100,7.26,111.28,0.546423,0.3383,5.925,0.8345
3859,-100,-80.0,40,2.5,13.0,-63.88,13.2864,-100,11.51,106.17,0.617804,0.412088,12.0129,0.6575
3860,-100,-80.0,40,2.5,13.5,-63.65,13.5477,-100,11.6,106.19,0.632056,0.389319,8.2617,0.7651
3861,-100,-80.0,40,2.5,14.0,-64.57,14.0158,-100,10.53,107.46,0.626489,0.372307,7.9141,0.7838
3862,-100,-80.0,40,2.75,1.0,-59.74,2.7164,-66,3.02,116.36,0.425783,0.252105,3.2918,0.9066
3863,-100,-80.0,40,2.75,1.5,-59.84,3.1476,-69,1.46,118.36,0.417889,0.216342,1.0616,0.966
3864,-100,-80.0,40,2.75,2.0,-59.75,3.1408,-70,1.3,118.43,0.41664,0.212145,0.4709,0.9798
3865,-100,-80.0,40,2.75,2.5,-59.61,3.7001,-73,1.59,118.14,0.40835,0.215086,1.1212,0.9705
3866,-100,-80.0,40,2.75,3.0,-59.34,4.0249,-73,4.15,115.12,0.444662,0.280015,3.9153,0.8911
3867,-100,-80.0,40,2.75,3.5,-59.65,4.659,-76,3.5,115.83,0.446361,0.269963,3.9406,0.889
3868,-100,-80.0,40,2.75,4.0,-60.54,5.0719,-83,1.6,118.12,0.414797,0.228032,0.6126,0.9745
3869,-100,-80.0,40,2.75,4.5,-59.69,5.1856,-81,4.08,115.25,0.466414,0.290092,3.9735,0.8839
3870,-100,-80.0,40,2.75,5.0,-59.42,5.4881,-81,2.26,117.43,0.419293,0.251763,1.2067,0.9635
3871,-100,-80.0,40,2.75,5.5,-60.08,5.8795,-82,2.83,116.69,0.44265,0.25819,1.9777,0.9371
3873,-100,-80.0,40,2.75,6.5,-59.93,6.8341,-88,2.17,117.43,0.472863,0.244683,1.381,0.9597
3872,-100,-80.0,40,2.75,6.0,-59.33,6.5066,-87,1.65,117.97,0.417833,0.227203,0.896,0.9688
3874,-100,-80.0,40,2.75,7.0,-59.93,7.3362,-91,3.07,116.38,0.452595,0.255188,1.6186,0.953
3875,-100,-80.0,40,2.75,7.5,-59.91,7.8835,-94,2.62,116.82,0.437967,0.249767,1.6414,0.9473
3876,-100,-80.0,40,2.75,8.0,-59.34,8.4025,-89,3.35,116.18,0.482182,0.27598,1.8174,0.9438
3877,-100,-80.0,40,2.75,8.5,-59.82,8.9914,-93,9.66,108.44,0.536115,0.396054,10.5533,0.7544
3878,-100,-80.0,40,2.75,9.0,-60.0,9.3716,-97,4.93,114.22,0.489923,0.307362,4.3744,0.8655
3880,-100,-80.0,40,2.75,10.0,-60.16,10.4629,-100,12.08,105.42,0.591881,0.478571,14.3585,0.6153
3879,-100,-80.0,40,2.75,9.5,-59.16,9.8481,-100,4.58,114.57,0.474887,0.287053,4.1008,0.8788
3881,-100,-80.0,40,2.75,10.5,-60.14,10.8753,-100,2.55,116.96,0.467153,0.245316,2.5202,0.9282
3882,-100,-80.0,40,2.75,11.0,-60.08,11.375,-100,12.8,104.67,0.622632,0.441628,12.8132,0.6669
3884,-100,-80.0,40,2.75,12.0,-59.16,12.203,-100,13.48,103.82,0.613169,0.475316,13.4688,0.6346
3883,-100,-80.0,40,2.75,11.5,-59.92,11.7888,-100,4.53,114.52,0.508912,0.290651,3.1549,0.9047
3885,-100,-80.0,40,2.75,12.5,-59.59,12.5842,-100,6.36,112.3,0.553454,0.319872,4.3043,0.8794
3886,-100,-80.0,40,2.75,13.0,-59.5,13.339,-100,3.49,115.82,0.505741,0.278829,2.5359,0.934
3887,-100,-80.0,40,2.75,13.5,-60.99,13.8866,-100,9.14,109.08,0.605287,0.368496,8.7533,0.7351
3888,-100,-80.0,40,2.75,14.0,-60.35,14.2535,-100,11.94,105.78,0.612236,0.403699,10.7402,0.7103
3890,-100,-80.0,40,3.0,1.5,-56.45,3.609,-67,6.79,111.96,0.51951,0.34385,8.314,0.7723
3889,-100,-80.0,40,3.0,1.0,-55.97,2.7629,-63,4.17,115.19,0.450868,0.283081,4.5221,0.8747
3891,-100,-80.0,40,3.0,2.0,-56.47,3.3335,-66,2.07,117.6,0.440342,0.241267,1.3376,0.9575
3892,-100,-80.0,40,3.0,2.5,-55.67,3.4841,-69,2.62,116.95,0.432957,0.244427,3.7146,0.8997
3894,-100,-80.0,40,3.0,3.5,-56.55,4.3541,-73,4.17,115.07,0.461772,0.281327,3.7557,0.8966
3893,-100,-80.0,40,3.0,3.0,-56.28,3.6832,-72,3.46,115.77,0.460846,0.264387,2.2567,0.941
3895,-100,-80.0,40,3.0,4.0,-56.13,4.8918,-77,2.78,116.84,0.46266,0.257825,1.63,0.9523
3896,-100,-80.0,40,3.0,4.5,-55.98,5.0123,-78,1.59,118.21,0.413853,0.222805,0.8701,0.9691
3897,-100,-80.0,40,3.0,5.0,-56.88,5.7467,-82,4.11,114.96,0.465518,0.292914,4.9972,0.8624
3898,-100,-80.0,40,3.0,5.5,-55.77,6.1487,-82,2.18,117.3,0.457197,0.254981,1.4526,0.9549
3899,-100,-80.0,40,3.0,6.0,-56.05,6.4367,-81,8.35,109.95,0.55474,0.377284,9.2949,0.7445
3900,-100,-80.0,40,3.0,6.5,-56.11,6.8854,-81,1.8,117.91,0.434831,0.245746,1.2631,0.9575
3901,-100,-80.0,40,3.0,7.0,-56.86,7.6651,-87,9.41,108.64,0.542199,0.412056,10.8025,0.73
3902,-100,-80.0,40,3.0,7.5,-56.39,7.8706,-87,4.65,114.4,0.456967,0.308929,4.6477,0.8673
3903,-100,-80.0,40,3.0,8.0,-56.79,8.3284,-90,7.11,111.48,0.557875,0.372955,9.0805,0.7589
3904,-100,-80.0,40,3.0,8.5,-56.49,8.85,-90,4.09,115.2,0.461283,0.280027,3.4589,0.9042
3905,-100,-80.0,40,3.0,9.0,-55.95,9.3175,-92,1.33,118.43,0.43842,0.22402,0.9148,0.9705
3906,-100,-80.0,40,3.0,9.5,-56.04,9.9253,-100,4.68,114.38,0.463612,0.306799,5.8975,0.8379
3907,-100,-80.0,40,3.0,10.0,-56.35,10.3507,-97,4.48,114.68,0.464731,0.287673,5.8774,0.8398
3909,-100,-80.0,40,3.0,11.0,-56.14,11.2465,-100,4.78,114.37,0.515038,0.303392,5.6748,0.8394
3908,-100,-80.0,40,3.0,10.5,-56.28,11.0065,-100,2.52,117.21,0.467094,0.262639,1.25,0.9559
3910,-100,-80.0,40,3.0,11.5,-56.72,11.7523,-100,5.46,113.44,0.498468,0.301796,4.9504,0.8494
3911,-100,-80.0,40,3.0,12.0,-55.96,12.2706,-100,3.1,116.17,0.475351,0.270342,2.3405,0.9367
3913,-100,-80.0,40,3.0,13.0,-56.01,13.4985,-100,9.6,108.66,0.581869,0.386707,8.6087,0.7866
3912,-100,-80.0,40,3.0,12.5,-56.93,12.8925,-100,3.88,115.36,0.477157,0.269857,2.3389,0.9205
3914,-100,-80.0,40,3.0,13.5,-56.08,13.7818,-100,2.56,116.87,0.456912,0.243156,1.7216,0.941
3915,-100,-80.0,40,3.0,14.0,-56.23,14.0788,-100,6.3,112.45,0.537965,0.315073,3.1753,0.9051
3916,-100,-80.0,40,3.25,1.0,-52.64,2.9173,-61,8.2,110.16,0.540039,0.366589,9.9144,0.7285
3917,-100,-80.0,40,3.25,1.5,-53.12,2.5082,-61,3.22,116.29,0.465728,0.272018,2.2765,0.9378
3918,-100,-80.0,40,3.25,2.0,-52.47,3.4124,-63,3.67,115.77,0.455499,0.286418,4.7553,0.8707
3919,-100,-80.0,40,3.25,2.5,-52.17,3.9168,-65,1.34,118.36,0.400824,0.209697,1.0006,0.9694
3920,-100,-80.0,40,3.25,3.0,-53.39,4.2795,-69,4.26,114.82,0.462747,0.297969,3.5041,0.9042
3921,-100,-80.0,40,3.25,3.5,-52.55,4.5796,-69,4.25,114.88,0.482139,0.291823,3.5495,0.8985
3922,-100,-80.0,40,3.25,4.0,-52.93,4.9316,-72,3.43,115.93,0.444191,0.266856,4.1569,0.886
3923,-100,-80.0,40,3.25,4.5,-52.25,5.3741,-72,2.66,116.93,0.453814,0.261772,2.1145,0.943
3924,-100,-80.0,40,3.25,5.0,-52.31,5.5616,-74,6.8,111.89,0.47438,0.331204,7.7917,0.7847
3925,-100,-80.0,40,3.25,5.5,-52.48,6.3769,-80,4.03,115.2,0.47006,0.279348,4.0152,0.8982
3926,-100,-80.0,40,3.25,6.0,-52.3,6.7373,-77,7.94,110.52,0.542301,0.373357,8.4391,0.7715
3927,-100,-80.0,40,3.25,6.5,-52.17,6.8304,-78,3.47,115.92,0.444327,0.268486,1.6576,0.9387
3928,-100,-80.0,40,3.25,7.0,-53.16,8.0161,-82,2.88,116.61,0.475139,0.257856,1.3692,0.9519
3929,-100,-80.0,40,3.25,7.5,-52.63,8.1643,-85,1.73,118.03,0.397928,0.217296,1.0254,0.9666
3930,-100,-80.0,40,3.25,8.0,-52.03,8.3765,-86,1.87,117.78,0.462385,0.246719,1.345,0.9624
3931,-100,-80.0,40,3.25,8.5,-52.55,8.8806,-87,8.19,110.21,0.526202,0.390724,11.1433,0.701
3932,-100,-80.0,40,3.25,9.0,-52.58,9.3082,-88,8.05,110.51,0.538981,0.396147,12.1702,0.6779
3933,-100,-80.0,40,3.25,9.5,-52.46,9.9241,-95,2.48,117.14,0.42805,0.250065,1.6934,0.9537
3936,-100,-80.0,40,3.25,11.0,-53.06,11.1173,-97,10.49,107.41,0.566065,0.39609,9.2978,0.7512
3934,-100,-80.0,40,3.25,10.0,-52.5,10.2799,-93,3.32,116.15,0.452439,0.271527,2.2474,0.94
3935,-100,-80.0,40,3.25,10.5,-53.03,11.067,-98,2.4,117.08,0.423403,0.244899,2.285,0.932
3937,-100,-80.0,40,3.25,11.5,-52.12,11.8169,-100,2.96,116.49,0.453599,0.268425,2.4533,0.9237
3938,-100,-80.0,40,3.25,12.0,-52.92,12.3788,-100,3.38,115.9,0.493445,0.269919,2.4317,0.9401
3939,-100,-80.0,40,3.25,12.5,-52.16,12.5926,-100,1.76,117.95,0.403946,0.234306,1.6635,0.9501
3940,-100,-80.0,40,3.25,13.0,-52.8,13.2973,-100,4.06,115.18,0.494373,0.289974,5.3324,0.8532
3941,-100,-80.0,40,3.25,13.5,-52.71,13.6667,-100,8.98,109.26,0.530125,0.361812,7.1628,0.8114
3944,-100,-80.0,40,3.5,1.5,-49.01,3.1306,-60,7.47,111.03,0.519014,0.364946,8.6953,0.7684
3942,-100,-80.0,40,3.25,14.0,-52.43,14.3074,-100,2.27,117.4,0.442375,0.247591,1.4533,0.9485
3943,-100,-80.0,40,3.5,1.0,-48.81,3.0456,-57,3.8,115.57,0.449906,0.27904,4.995,0.8655
3945,-100,-80.0,40,3.5,2.0,-49.0,3.9629,-61,3.04,116.37,0.442917,0.266976,4.1933,0.8866
3946,-100,-80.0,40,3.5,2.5,-49.16,3.556,-62,3.26,116.02,0.43786,0.270822,3.797,0.8955
3947,-100,-80.0,40,3.5,3.0,-49.74,4.2949,-65,4.13,115.1,0.477218,0.279076,4.1716,0.8783
3948,-100,-80.0,40,3.5,3.5,-49.01,4.2513,-64,1.43,118.23,0.407602,0.211228,1.0609,0.9731
3949,-100,-80.0,40,3.5,4.0,-49.26,4.8184,-66,1.81,117.78,0.401873,0.226837,1.5892,0.9512
3950,-100,-80.0,40,3.5,4.5,-48.7,5.3231,-69,4.44,114.65,0.481678,0.299014,3.7646,0.903
3951,-100,-80.0,40,3.5,5.0,-49.12,5.5259,-69,1.89,117.84,0.420262,0.23072,1.3093,0.9617
3952,-100,-80.0,40,3.5,5.5,-48.79,6.1576,-72,3.57,115.75,0.459385,0.271344,4.0393,0.8848
3953,-100,-80.0,40,3.5,6.0,-48.45,6.8241,-76,3.27,116.12,0.450575,0.267399,3.0087,0.9264
3955,-100,-80.0,40,3.5,7.0,-47.85,7.7946,-79,6.47,112.38,0.501251,0.33141,6.1682,0.8443
3954,-100,-80.0,40,3.5,6.5,-49.6,7.6482,-80,3.31,116.15,0.445318,0.25878,4.2427,0.8828
3956,-100,-80.0,40,3.5,7.5,-49.61,8.065,-81,2.91,116.67,0.442507,0.256339,2.632,0.9286
3957,-100,-80.0,40,3.5,8.0,-48.78,8.5719,-82,11.26,106.45,0.546449,0.448971,14.5471,0.6238
3958,-100,-80.0,40,3.5,8.5,-49.22,9.0703,-85,3.71,115.67,0.439912,0.281622,4.3028,0.8808
3959,-100,-80.0,40,3.5,9.0,-49.02,9.4439,-87,3.01,116.47,0.430077,0.255776,3.4787,0.9022
3960,-100,-80.0,40,3.5,9.5,-49.03,10.0293,-90,5.15,113.93,0.495798,0.305593,5.3179,0.8497
3961,-100,-80.0,40,3.5,10.0,-48.88,10.4865,-94,3.62,115.71,0.464218,0.281331,3.9275,0.8907
3962,-100,-80.0,40,3.5,10.5,-49.02,10.7984,-93,1.51,118.25,0.409821,0.221788,0.864,0.9696
3963,-100,-80.0,40,3.5,11.0,-49.66,11.4035,-90,2.61,116.95,0.45207,0.2486,1.5185,0.9584
3964,-100,-80.0,40,3.5,11.5,-49.65,12.0421,-100,2.95,116.63,0.4457,0.262195,1.438,0.9494
3965,-100,-80.0,40,3.5,12.0,-48.75,12.3957,-96,2.4,117.25,0.444032,0.239006,1.6742,0.9468
3966,-100,-80.0,40,3.5,12.5,-48.27,12.8027,-97,4.94,113.96,0.468452,0.299614,3.6154,0.919
3968,-100,-80.0,40,3.5,13.5,-48.97,13.9174,-100,5.1,113.94,0.511943,0.31125,4.9685,0.8635
3967,-100,-80.0,40,3.5,13.0,-49.32,13.4958,-100,7.61,110.98,0.569954,0.350124,6.4814,0.8405
3969,-100,-80.0,40,3.5,14.0,-48.65,14.3578,-100,6.48,112.4,0.52275,0.333242,5.6028,0.8387
3970,-100,-80.0,40,3.75,1.0,-45.06,3.6474,-54,2.21,117.44,0.444806,0.247989,1.4682,0.9555
3971,-100,-80.0,40,3.75,1.5,-46.02,3.5379,-56,1.58,118.18,0.408459,0.231942,1.1893,0.9609
3972,-100,-80.0,40,3.75,2.0,-45.28,3.6284,-56,5.58,113.42,0.536578,0.310584,4.4934,0.885
3973,-100,-80.0,40,3.75,2.5,-45.46,4.0055,-60,2.47,117.1,0.429577,0.249189,2.6499,0.9241
3974,-100,-80.0,40,3.75,3.0,-45.18,4.2304,-61,2.74,116.85,0.425067,0.255268,2.0539,0.9383
3975,-100,-80.0,40,3.75,3.5,-44.76,4.3886,-63,2.18,117.52,0.462731,0.24809,0.7982,0.9671
3976,-100,-80.0,40,3.75,4.0,-45.1,5.138,-64,3.1,116.31,0.406715,0.253623,4.1517,0.8879
3977,-100,-80.0,40,3.75,4.5,-45.2,5.6483,-68,2.92,116.69,0.436951,0.266428,2.3547,0.934
3978,-100,-80.0,40,3.75,5.0,-46.32,6.1353,-71,1.37,118.41,0.382109,0.205173,0.8857,0.9689
3979,-100,-80.0,40,3.75,5.5,-45.05,6.1215,-67,4.93,114.17,0.465872,0.296084,5.971,0.8389
3980,-100,-80.0,40,3.75,6.0,-45.72,6.9865,-71,1.95,117.74,0.430731,0.234049,0.6694,0.9714
3981,-100,-80.0,40,3.75,6.5,-45.21,7.5565,-71,1.31,118.49,0.41936,0.214111,1.0323,0.9676
3983,-100,-80.0,40,3.75,7.5,-45.66,8.1679,-76,4.78,114.33,0.449813,0.304538,5.3256,0.8512
3984,-100,-80.0,40,3.75,8.0,-44.99,8.4266,-83,3.78,115.45,0.439505,0.275578,5.0147,0.8644
3982,-100,-80.0,40,3.75,7.0,-44.54,7.5811,-75,2.73,116.6,0.464385,0.26849,2.1125,0.9409
3985,-100,-80.0,40,3.75,8.5,-44.67,9.2232,-80,9.21,109.01,0.535598,0.391756,10.3458,0.7644
3986,-100,-80.0,40,3.75,9.0,-45.22,9.4776,-81,5.25,113.61,0.482328,0.312394,4.4056,0.8851
3988,-100,-80.0,40,3.75,10.0,-45.02,10.5898,-91,3.91,115.27,0.46243,0.281437,4.5292,0.8734
3987,-100,-80.0,40,3.75,9.5,-44.87,9.857,-86,3.57,115.83,0.466416,0.272637,4.5111,0.8758
3989,-100,-80.0,40,3.75,10.5,-45.13,10.762,-92,1.54,118.24,0.398295,0.225036,0.8325,0.9687
3992,-100,-80.0,40,3.75,12.0,-44.89,12.3594,-98,11.22,106.61,0.551449,0.420024,12.1409,0.7325
3990,-100,-80.0,40,3.75,11.0,-46.42,11.6132,-93,4.92,114.12,0.464125,0.308037,5.9627,0.8366
3991,-100,-80.0,40,3.75,11.5,-45.02,11.8977,-93,4.52,114.51,0.457078,0.295447,7.044,0.8144
3993,-100,-80.0,40,3.75,12.5,-45.59,13.0397,-96,4.24,115.01,0.448086,0.279214,4.0846,0.8864
3994,-100,-80.0,40,3.75,13.0,-45.13,13.4204,-100,5.97,112.84,0.500762,0.316477,5.775,0.8694
3995,-100,-80.0,40,3.75,13.5,-45.28,13.9739,-97,4.19,115.06,0.452623,0.283223,6.2941,0.8336
3996,-100,-80.0,40,3.75,14.0,-44.99,14.5917,-100,2.94,116.48,0.460127,0.260702,1.9355,0.9419
3997,-100,-80.0,40,4.0,1.0,-41.74,3.1526,-49,1.66,118.1,0.389649,0.215091,1.3269,0.9662
3998,-100,-80.0,40,4.0,1.5,-42.49,3.7332,-53,3.31,116.11,0.462875,0.265652,2.6137,0.9257
4000,-100,-80.0,40,4.0,2.5,-41.9,4.5397,-57,2.35,117.17,0.440392,0.238681,1.7987,0.951
3999,-100,-80.0,40,4.0,2.0,-42.3,3.7074,-53,3.34,116.06,0.433762,0.266635,3.2775,0.9186
4001,-100,-80.0,40,4.0,3.0,-42.08,4.6382,-57,3.7,115.57,0.449219,0.277912,4.0724,0.8848
4002,-100,-80.0,40,4.0,3.5,-41.49,5.165,-61,7.33,111.13,0.549756,0.354501,9.9769,0.7327
4003,-100,-80.0,40,4.0,4.0,-41.75,5.3162,-63,4.73,114.4,0.462543,0.296156,3.9175,0.8945
4004,-100,-80.0,40,4.0,4.5,-42.69,5.9635,-64,4.47,114.64,0.450216,0.293423,5.4663,0.8523
4005,-100,-80.0,40,4.0,5.0,-42.17,5.9268,-66,2.09,117.5,0.41642,0.237323,1.5974,0.9595
4006,-100,-80.0,40,4.0,5.5,-41.61,6.6583,-66,1.29,118.47,0.380966,0.198062,0.7815,0.9734
4007,-100,-80.0,40,4.0,6.0,-42.03,6.5816,-67,1.75,117.93,0.423137,0.225989,0.8798,0.9687
4008,-100,-80.0,40,4.0,6.5,-41.63,7.5706,-71,2.11,117.51,0.426327,0.238891,1.0116,0.9698
4009,-100,-80.0,40,4.0,7.0,-40.88,7.7438,-72,8.26,110.24,0.522958,0.368591,10.2848,0.7195
4010,-100,-80.0,40,4.0,7.5,-42.14,8.193,-74,3.99,115.33,0.49576,0.287075,2.9256,0.9157
4011,-100,-80.0,40,4.0,8.0,-42.17,8.685,-78,3.69,115.58,0.440247,0.278518,3.4178,0.9024
4012,-100,-80.0,40,4.0,8.5,-41.69,9.267,-78,3.65,115.61,0.431779,0.269801,5.2994,0.8586
4013,-100,-80.0,40,4.0,9.0,-41.68,9.4545,-83,5.06,114.02,0.464139,0.311149,5.8669,0.8367
4014,-100,-80.0,40,4.0,9.5,-42.39,10.1918,-81,4.66,114.41,0.473834,0.308324,5.4683,0.8517
4015,-100,-80.0,40,4.0,10.0,-42.21,10.5859,-95,4.63,114.4,0.492809,0.307339,4.7384,0.8647
4016,-100,-80.0,40,4.0,10.5,-42.43,10.9508,-83,2.79,116.73,0.41508,0.253253,2.5524,0.9324
4017,-100,-80.0,40,4.0,11.0,-41.43,11.4076,-88,1.23,118.64,0.385721,0.198691,1.3122,0.9617
4018,-100,-80.0,40,4.0,11.5,-41.8,12.0594,-87,8.71,109.47,0.531494,0.393191,10.1474,0.749
4019,-100,-80.0,40,4.0,12.0,-42.5,12.5479,-98,1.55,118.11,0.394419,0.217058,1.7076,0.9513
4020,-100,-80.0,40,4.0,12.5,-41.06,13.1083,-87,3.18,116.21,0.425553,0.266835,3.7721,0.8937
4021,-100,-80.0,40,4.0,13.0,-42.01,13.4346,-98,4.06,115.21,0.435671,0.291637,6.1811,0.8361
4022,-100,-80.0,40,4.0,13.5,-41.04,13.8826,-94,2.49,116.93,0.440048,0.250092,1.674,0.9578
4025,-100,-80.0,40,4.25,1.5,-37.67,4.4944,-49,6.14,112.79,0.481025,0.337157,6.2632,0.8387
4023,-100,-80.0,40,4.0,14.0,-41.55,14.3471,-100,3.13,116.31,0.434871,0.260947,1.8569,0.9472
4024,-100,-80.0,40,4.25,1.0,-38.67,3.3021,-47,2.31,117.23,0.446227,0.243552,2.1831,0.9344
4028,-100,-80.0,40,4.25,3.0,-38.01,4.2515,-53,6.24,112.54,0.546517,0.351171,7.5269,0.8076
4026,-100,-80.0,40,4.25,2.0,-38.62,3.7439,-52,2.21,117.36,0.442905,0.248452,2.5355,0.9277
4027,-100,-80.0,40,4.25,2.5,-37.7,4.4915,-52,1.74,118.09,0.423631,0.226473,0.9715,0.9638
4029,-100,-80.0,40,4.25,3.5,-38.47,4.9031,-55,2.41,117.11,0.41795,0.240911,1.7541,0.9557
4030,-100,-80.0,40,4.25,4.0,-38.35,5.8944,-59,3.6,115.53,0.469948,0.289554,5.5727,0.8527
4032,-100,-80.0,40,4.25,5.0,-37.59,6.1546,-63,9.05,109.06,0.543194,0.392693,12.0404,0.6747
4031,-100,-80.0,40,4.25,4.5,-38.97,5.6352,-63,2.04,117.67,0.414065,0.230085,1.6317,0.9586
4033,-100,-80.0,40,4.25,5.5,-38.46,6.3292,-65,3.27,116.1,0.454193,0.262247,2.011,0.9416
4034,-100,-80.0,40,4.25,6.0,-38.62,7.1037,-66,8.03,110.42,0.553989,0.354008,7.6882,0.7928
4035,-100,-80.0,40,4.25,6.5,-38.99,7.4744,-68,8.54,109.78,0.535653,0.395136,10.5997,0.7297
4037,-100,-80.0,40,4.25,7.5,-38.11,8.0956,-75,4.98,114.11,0.480842,0.305012,4.1653,0.888
4036,-100,-80.0,40,4.25,7.0,-38.44,7.7306,-70,3.97,115.21,0.433897,0.277781,3.8014,0.9095
4039,-100,-80.0,40,4.25,8.5,-37.84,8.9544,-73,4.93,114.23,0.47041,0.291197,5.2053,0.8763
4040,-100,-80.0,40,4.25,9.0,-38.31,9.8638,-75,2.72,116.81,0.437931,0.247987,3.2352,0.9094
4038,-100,-80.0,40,4.25,8.0,-38.14,8.8521,-75,3.56,115.83,0.422517,0.268298,4.9296,0.8669
4041,-100,-80.0,40,4.25,9.5,-38.57,10.4009,-81,5.99,112.9,0.486779,0.323378,6.6734,0.8255
4043,-100,-80.0,40,4.25,10.5,-38.46,11.3064,-84,4.37,114.9,0.462853,0.284767,3.5842,0.8953
4042,-100,-80.0,40,4.25,10.0,-37.76,10.5969,-78,0.98,118.89,0.379119,0.189974,0.434,0.9841
4045,-100,-80.0,40,4.25,11.5,-37.64,12.1494,-87,9.03,109.1,0.514818,0.412186,14.6407,0.6175
4044,-100,-80.0,40,4.25,11.0,-38.1,11.1739,-81,2.5,117.05,0.442283,0.250954,2.187,0.9463
4046,-100,-80.0,40,4.25,12.0,-38.16,12.4064,-82,2.68,116.88,0.440168,0.252758,3.1065,0.9134
4047,-100,-80.0,40,4.25,12.5,-38.22,13.436,-91,1.45,118.3,0.418911,0.225091,1.193,0.9629
4049,-100,-80.0,40,4.25,13.5,-38.19,14.0456,-91,5.13,113.97,0.470707,0.303079,5.7734,0.8374
4048,-100,-80.0,40,4.25,13.0,-37.54,13.4132,-91,1.29,118.47,0.407117,0.212233,0.7954,0.9718
4050,-100,-80.0,40,4.25,14.0,-37.55,14.3638,-100,3.56,115.89,0.435086,0.271136,5.1991,0.8606
4051,-100,-80.0,40,4.5,1.0,-34.39,4.3905,-44,4.16,114.92,0.451606,0.292183,6.0721,0.8393
4052,-100,-80.0,40,4.5,1.5,-34.7,4.6858,-46,4.45,114.63,0.462323,0.292944,5.2872,0.8539
4053,-100,-80.0,40,4.5,2.0,-34.24,3.4908,-46,3.35,115.98,0.445497,0.262353,3.1493,0.9206
4055,-100,-80.0,40,4.5,3.0,-34.24,4.7589,-50,4.26,114.95,0.44766,0.294625,6.3843,0.83
4054,-100,-80.0,40,4.5,2.5,-33.45,4.2759,-47,2.01,117.6,0.427277,0.240287,2.4072,0.932
4056,-100,-80.0,40,4.5,3.5,-34.52,5.382,-53,2.89,116.73,0.468005,0.261398,1.1766,0.957
4057,-100,-80.0,40,4.5,4.0,-34.49,5.3971,-57,2.07,117.48,0.424312,0.232754,1.8133,0.9474
4058,-100,-80.0,40,4.5,4.5,-34.93,5.784,-58,2.88,116.77,0.450921,0.265262,3.3217,0.9054
4061,-100,-80.0,40,4.5,6.0,-34.16,6.9674,-62,3.69,115.62,0.459532,0.268786,2.8509,0.9264
4059,-100,-80.0,40,4.5,5.0,-34.83,6.1735,-58,3.35,116.06,0.440696,0.265401,2.2759,0.9369
4060,-100,-80.0,40,4.5,5.5,-34.13,6.5393,-59,7.98,110.52,0.507698,0.384309,9.3807,0.743
4064,-100,-80.0,40,4.5,7.5,-34.47,8.3085,-66,3.93,115.32,0.430944,0.27376,6.2982,0.8349
4062,-100,-80.0,40,4.5,6.5,-34.68,7.3335,-66,3.33,116.0,0.452009,0.264752,4.8692,0.8694
4063,-100,-80.0,40,4.5,7.0,-34.49,7.8695,-64,1.69,117.88,0.428167,0.232826,1.0453,0.9641
4065,-100,-80.0,40,4.5,8.0,-34.21,8.8261,-68,2.81,116.77,0.445206,0.269354,3.0016,0.9188
4066,-100,-80.0,40,4.5,8.5,-34.85,9.2605,-71,7.82,110.58,0.510849,0.370984,8.4152,0.7733
4067,-100,-80.0,40,4.5,9.0,-34.92,9.7608,-74,3.96,115.29,0.449615,0.281312,3.337,0.919
4068,-100,-80.0,40,4.5,9.5,-34.87,10.2953,-72,5.84,113.04,0.500597,0.311048,6.1403,0.8606
4069,-100,-80.0,40,4.5,10.0,-34.96,10.6526,-75,3.66,115.63,0.470229,0.27135,4.6905,0.8707
4070,-100,-80.0,40,4.5,10.5,-34.32,11.3291,-75,4.28,114.9,0.456622,0.279072,3.364,0.9131
4071,-100,-80.0,40,4.5,11.0,-34.87,11.8656,-85,4.33,114.82,0.448402,0.297797,5.3033,0.8584
4072,-100,-80.0,40,4.5,11.5,-34.1,11.8823,-76,2.74,116.67,0.421727,0.252561,2.3572,0.9365
4073,-100,-80.0,40,4.5,12.0,-34.59,12.5786,-84,5.48,113.36,0.495086,0.318957,6.2418,0.8276
4074,-100,-80.0,40,4.5,12.5,-34.1,13.1866,-83,1.78,117.93,0.418903,0.23318,1.306,0.9586
4075,-100,-80.0,40,4.5,13.0,-35.2,13.3975,-91,2.79,116.86,0.448885,0.257667,2.365,0.93
4076,-100,-80.0,40,4.5,13.5,-33.98,13.8895,-88,3.37,116.17,0.468582,0.27795,2.2334,0.9391
4077,-100,-80.0,40,4.5,14.0,-34.11,14.3418,-95,1.86,117.91,0.430982,0.236265,1.2254,0.9655
4078,-100,-80.0,40,4.75,1.0,-31.24,4.1213,-40,2.96,116.59,0.468848,0.266193,2.2986,0.9401
4079,-100,-80.0,40,4.75,1.5,-31.53,3.9333,-41,2.02,117.69,0.440326,0.241654,1.4557,0.9549
4080,-100,-80.0,40,4.75,2.0,-31.13,4.9228,-44,1.96,117.66,0.439754,0.232773,1.369,0.9582
4081,-100,-80.0,40,4.75,2.5,-30.85,4.8143,-46,3.98,115.4,0.47876,0.280725,4.2171,0.8841
4082,-100,-80.0,40,4.75,3.0,-31.06,4.8236,-48,2.62,117.02,0.443484,0.261507,2.73,0.9208
4083,-100,-80.0,40,4.75,3.5,-30.67,5.6633,-48,5.26,113.7,0.51893,0.311115,5.4492,0.864
4084,-100,-80.0,40,4.75,4.0,-30.95,5.4329,-51,3.09,116.38,0.462617,0.257401,2.5466,0.9221
4085,-100,-80.0,40,4.75,4.5,-31.09,6.294,-57,8.94,109.34,0.551125,0.388731,11.0631,0.6967
4086,-100,-80.0,40,4.75,5.0,-30.85,6.1158,-55,5.06,113.95,0.507879,0.304009,4.6427,0.8896
4087,-100,-80.0,40,4.75,5.5,-31.25,6.81,-55,3.72,115.53,0.428797,0.28412,6.3627,0.8356
4088,-100,-80.0,40,4.75,6.0,-31.22,6.8657,-56,2.01,117.67,0.415154,0.239422,1.4394,0.9595
4089,-100,-80.0,40,4.75,6.5,-31.01,7.6043,-61,1.67,118.05,0.423365,0.233265,0.982,0.9708
4090,-100,-80.0,40,4.75,7.0,-30.7,7.8799,-62,4.06,115.33,0.487734,0.287529,3.8076,0.8852
4091,-100,-80.0,40,4.75,7.5,-30.27,8.4563,-63,3.37,115.98,0.444551,0.274458,4.8364,0.8718
4092,-100,-80.0,40,4.75,8.0,-31.55,8.9886,-66,2.09,117.51,0.461362,0.251417,1.5713,0.9484
4093,-100,-80.0,40,4.75,8.5,-31.53,9.3945,-71,0.96,118.89,0.42119,0.220007,0.5063,0.9825
4094,-100,-80.0,40,4.75,9.0,-31.44,9.6824,-71,4.5,114.51,0.476614,0.290043,3.9787,0.888
4095,-100,-80.0,40,4.75,9.5,-30.95,10.6883,-72,6.38,112.4,0.487523,0.327259,6.3118,0.8535
4096,-100,-80.0,40,4.75,10.0,-31.05,10.9435,-81,0.85,119.01,0.395144,0.196787,0.6905,0.9787
4097,-100,-80.0,40,4.75,10.5,-30.24,11.3829,-71,2.44,117.05,0.417182,0.244358,2.0648,0.9485
4098,-100,-80.0,40,4.75,11.0,-29.97,11.5626,-84,11.03,106.87,0.592195,0.427726,14.3293,0.6272
4099,-100,-80.0,40,4.75,11.5,-30.94,12.2408,-77,4.18,115.02,0.465599,0.285169,4.179,0.8879
4100,-100,-80.0,40,4.75,12.0,-31.03,12.3166,-77,3.33,116.05,0.454774,0.270644,4.3349,0.8808
4101,-100,-80.0,40,4.75,12.5,-31.74,13.283,-88,4.08,115.18,0.427218,0.276096,4.2332,0.8783
4102,-100,-80.0,40,4.75,13.0,-31.1,13.6258,-89,2.69,116.72,0.441089,0.252254,1.7753,0.9517
4103,-100,-80.0,40,4.75,13.5,-30.79,13.8363,-82,2.25,117.22,0.415026,0.23591,2.6873,0.9284
4104,-100,-80.0,40,4.75,14.0,-30.78,14.826,-81,7.87,110.56,0.492026,0.372783,9.5165,0.7529
4105,-100,-80.0,40,5.0,1.0,-27.76,4.0562,-38,6.03,112.72,0.51305,0.314746,6.6073,0.8461
4106,-100,-80.0,40,5.0,1.5,-27.36,3.9808,-38,3.65,115.65,0.459027,0.271748,3.4344,0.9016
4107,-100,-80.0,40,5.0,2.0,-27.46,5.6305,-41,3.83,115.53,0.449721,0.282226,2.6558,0.9233
4110,-100,-80.0,40,5.0,3.5,-26.9,4.9005,-46,8.81,109.4,0.522556,0.396224,11.3339,0.7095
4108,-100,-80.0,40,5.0,2.5,-26.99,4.9908,-41,1.84,117.9,0.390641,0.222746,1.4739,0.9546
4109,-100,-80.0,40,5.0,3.0,-27.38,4.8714,-45,5.48,113.49,0.502836,0.317511,5.3249,0.8697
4111,-100,-80.0,40,5.0,4.0,-27.82,5.4067,-49,8.18,110.17,0.509295,0.381424,10.6084,0.7233
4112,-100,-80.0,40,5.0,4.5,-26.76,6.1946,-50,2.28,117.37,0.435895,0.246961,1.5614,0.9559
4114,-100,-80.0,40,5.0,5.5,-27.32,7.1513,-52,5.66,113.24,0.474896,0.313276,6.1874,0.8673
4113,-100,-80.0,40,5.0,5.0,-27.37,6.4682,-51,3.13,116.35,0.453312,0.271439,3.8793,0.8915
4115,-100,-80.0,40,5.0,6.0,-26.43,7.226,-52,1.64,118.14,0.400814,0.220633,1.4371,0.9624
4116,-100,-80.0,40,5.0,6.5,-27.4,7.4471,-56,1.85,117.72,0.434875,0.233716,1.7659,0.9499
4117,-100,-80.0,40,5.0,7.0,-27.33,8.2117,-57,3.61,115.73,0.428345,0.269519,5.4162,0.8557
4118,-100,-80.0,40,5.0,7.5,-27.19,8.534,-62,1.83,117.92,0.426091,0.235177,1.3742,0.9579
4119,-100,-80.0,40,5.0,8.0,-27.24,9.1287,-66,2.25,117.49,0.44892,0.25184,0.9558,0.9629
4120,-100,-80.0,40,5.0,8.5,-27.66,9.5967,-75,5.57,113.31,0.47287,0.3167,5.2976,0.8694
4122,-100,-80.0,40,5.0,9.5,-27.14,10.177,-69,8.66,109.5,0.539387,0.377278,9.8048,0.7529
4121,-100,-80.0,40,5.0,9.0,-27.39,10.0166,-69,3.38,116.04,0.441698,0.268556,2.5041,0.9275
4123,-100,-80.0,40,5.0,10.0,-27.01,10.6432,-66,3.92,115.48,0.469568,0.290822,4.1024,0.8902
4124,-100,-80.0,40,5.0,10.5,-26.2,11.2674,-74,11.21,106.59,0.570935,0.42764,12.21,0.7266
4125,-100,-80.0,40,5.0,11.0,-27.39,11.7208,-73,6.73,111.96,0.52637,0.36501,7.932,0.7897
4132,-100,-75.0,40,1.0,1.0,-83.0,2.0,-85,99.99,0.01,3.889888,1.509362,0.011,0.0
4133,-100,-75.0,40,1.0,1.5,-84.33,0.9428,-85,99.99,0.02,3.2762,0.139985,0.018,0.0
4126,-100,-80.0,40,5.0,11.5,-27.1,11.8823,-72,2.24,117.34,0.402708,0.237392,1.891,0.954
4134,-100,-75.0,40,1.0,2.0,-83.52,1.7661,-87,99.9,0.12,4.407707,2.505132,0.0658,0.0
4135,-100,-75.0,40,1.0,2.5,-83.23,2.5301,-90,99.76,0.29,5.212232,1.745975,0.1897,0.0
4127,-100,-80.0,40,5.0,12.0,-26.64,12.5238,-76,3.45,115.88,0.469941,0.272303,3.3416,0.9136
4136,-100,-75.0,40,1.0,3.0,-83.69,3.1166,-90,99.46,0.65,3.81738,1.840399,0.432,0.0009
4128,-100,-80.0,40,5.0,12.5,-27.53,13.0204,-79,1.48,118.35,0.431769,0.236964,0.9772,0.9686
4137,-100,-75.0,40,1.0,3.5,-83.13,3.5955,-94,98.52,1.78,4.157173,1.284608,1.0449,0.0011
4129,-100,-80.0,40,5.0,13.0,-27.65,13.4494,-84,1.85,117.81,0.443224,0.243305,1.2122,0.9579
4130,-100,-80.0,40,5.0,13.5,-26.81,14.2098,-79,3.29,116.17,0.449145,0.263774,3.8757,0.8925
4138,-100,-75.0,40,1.0,4.0,-84.44,4.2902,-97,98.1,2.29,4.00985,1.291919,0.8417,0.0085
4139,-100,-75.0,40,1.0,4.5,-83.16,4.3894,-98,95.84,5.0,3.108075,0.499315,2.528,0.0134
4131,-100,-80.0,40,5.0,14.0,-27.13,14.7256,-86,1.43,118.45,0.40743,0.221984,0.4394,0.9799
4140,-100,-75.0,40,1.0,5.0,-84.08,4.9021,-99,95.1,5.88,3.856689,1.216825,1.6981,0.0271
4141,-100,-75.0,40,1.0,5.5,-84.08,5.6818,-100,93.45,7.87,4.105278,1.054152,1.5925,0.0349
4142,-100,-75.0,40,1.0,6.0,-83.75,6.132,-100,89.73,12.34,3.379875,0.858697,2.8794,0.0489
4143,-100,-75.0,40,1.0,6.5,-84.88,6.3597,-100,91.83,9.81,3.991916,1.25998,1.3836,0.059
4144,-100,-75.0,40,1.0,7.0,-85.0,6.9152,-100,89.74,12.32,3.238292,0.715389,2.0138,0.0756
4145,-100,-75.0,40,1.0,7.5,-84.43,7.4086,-100,87.35,15.19,3.723381,1.01637,4.9582,0.0651
4147,-100,-75.0,40,1.0,8.5,-84.59,8.2698,-100,85.73,17.13,3.677603,1.292001,5.1041,0.0752
4146,-100,-75.0,40,1.0,8.0,-84.35,7.7311,-100,84.81,18.24,3.298345,0.678259,2.5389,0.12
4148,-100,-75.0,40,1.0,9.0,-85.22,8.5496,-100,83.94,19.28,3.430686,1.185452,3.5136,0.0958
4149,-100,-75.0,40,1.0,9.5,-84.63,9.0911,-100,83.32,20.05,3.405397,1.253658,4.4393,0.0917
4151,-100,-75.0,40,1.0,10.5,-84.94,9.7649,-100,83.6,19.68,3.696265,1.682832,5.098,0.1053
4150,-100,-75.0,40,1.0,10.0,-84.14,9.3924,-100,81.47,22.24,3.346683,1.480939,7.0636,0.0878
4152,-100,-75.0,40,1.0,11.0,-83.52,10.0472,-100,78.28,26.1,2.809316,0.460781,2.1254,0.1859
4153,-100,-75.0,40,1.0,11.5,-84.3,10.2382,-100,78.25,26.11,3.131959,1.043025,4.3987,0.1434
4154,-100,-75.0,40,1.0,12.0,-84.08,10.7957,-100,76.21,28.55,2.88153,0.538954,1.8478,0.215
4159,-100,-75.0,40,1.25,1.0,-80.43,1.4415,-85,99.57,0.52,3.676862,1.011429,0.3741,0.0004
4158,-100,-75.0,40,1.0,14.0,-83.68,12.3739,-100,77.48,27.06,3.436987,1.022503,4.4578,0.1841
4155,-100,-75.0,40,1.0,12.5,-84.02,11.4973,-100,78.57,25.75,3.310338,1.056656,4.9525,0.1398
4157,-100,-75.0,40,1.0,13.5,-83.96,11.9163,-100,76.35,28.39,3.031126,1.068892,5.0323,0.1434
4156,-100,-75.0,40,1.0,13.0,-84.29,11.5368,-100,75.72,29.17,2.869203,1.117938,6.7739,0.119
4160,-100,-75.0,40,1.25,1.5,-79.98,1.9577,-86,98.87,1.36,3.428925,1.046209,1.2824,0.0007
4161,-100,-75.0,40,1.25,2.0,-79.49,2.426,-86,97.59,2.89,3.666315,1.528943,3.0406,0.0034
4162,-100,-75.0,40,1.25,2.5,-79.79,2.8321,-91,96.47,4.24,3.669054,1.259572,3.2003,0.0049
4163,-100,-75.0,40,1.25,3.0,-81.3,3.0996,-92,96.57,4.11,4.452078,1.426703,1.6732,0.0171
4164,-100,-75.0,40,1.25,3.5,-81.26,3.7271,-91,95.4,5.51,4.472289,2.166163,2.9906,0.0163
4165,-100,-75.0,40,1.25,4.0,-80.9,4.2178,-94,91.1,10.67,3.97826,1.080029,4.1393,0.0385
4166,-100,-75.0,40,1.25,4.5,-80.43,4.6915,-96,88.01,14.4,4.005588,1.347169,6.2317,0.0694
4168,-100,-75.0,40,1.25,5.5,-81.36,5.5319,-99,86.68,15.98,3.826725,1.248986,3.2698,0.0931
4167,-100,-75.0,40,1.25,5.0,-80.39,5.1513,-99,85.05,17.97,3.609951,1.389094,6.2438,0.0721
4170,-100,-75.0,40,1.25,6.5,-81.22,6.6858,-100,83.41,19.93,3.885437,2.372872,6.3277,0.0864
4171,-100,-75.0,40,1.25,7.0,-81.18,7.0698,-100,82.72,20.75,3.866733,2.143601,5.7206,0.0929
4172,-100,-75.0,40,1.25,7.5,-81.53,7.5557,-100,81.38,22.36,3.548817,1.271964,5.172,0.094
4169,-100,-75.0,40,1.25,6.0,-80.74,6.2746,-100,81.82,21.82,3.240671,1.591761,7.5585,0.1059
4173,-100,-75.0,40,1.25,8.0,-80.98,7.9813,-100,77.99,26.43,3.369022,0.726139,2.0869,0.1951
4174,-100,-75.0,40,1.25,8.5,-80.47,8.5456,-100,77.0,27.63,3.231507,1.765418,9.3023,0.1183
4176,-100,-75.0,40,1.25,9.5,-81.73,9.3439,-100,79.15,25.03,3.614732,1.396679,5.5336,0.132
4175,-100,-75.0,40,1.25,9.0,-81.34,8.9542,-100,76.46,28.26,3.201807,0.869673,5.1314,0.1791
4177,-100,-75.0,40,1.25,10.0,-79.83,9.935,-100,73.29,32.06,3.01884,1.05103,6.1619,0.1955
4178,-100,-75.0,40,1.25,10.5,-81.19,10.0674,-100,73.12,32.25,2.854746,0.707717,2.4708,0.231
4181,-100,-75.0,40,1.25,12.0,-80.16,11.2932,-100,74.7,30.36,3.264157,1.029002,5.1221,0.2011
4179,-100,-75.0,40,1.25,11.0,-81.2,10.6034,-100,75.68,29.16,3.158834,0.931575,4.9487,0.1951
4180,-100,-75.0,40,1.25,11.5,-79.73,10.8406,-100,69.06,37.18,2.607452,0.965661,6.4692,0.2002
4182,-100,-75.0,40,1.25,12.5,-80.13,11.6291,-100,72.07,33.54,2.776894,1.572878,8.8443,0.1081
4183,-100,-75.0,40,1.25,13.0,-81.03,12.2963,-100,73.75,31.51,3.097121,1.026114,5.4635,0.1709
4184,-100,-75.0,40,1.25,13.5,-80.3,12.6004,-100,69.5,36.62,2.647,0.892503,6.7684,0.2056
4186,-100,-75.0,40,1.5,1.0,-77.75,1.3281,-83,94.26,6.9,4.104422,1.163616,2.9741,0.0217
4185,-100,-75.0,40,1.25,14.0,-81.34,12.8738,-100,70.36,35.55,2.710118,0.831473,4.7939,0.235
4187,-100,-75.0,40,1.5,1.5,-77.24,1.8787,-85,90.19,11.77,4.236455,1.649723,5.8367,0.0422
4188,-100,-75.0,40,1.5,2.0,-77.93,2.2176,-85,90.41,11.52,4.904443,3.013049,3.2826,0.0577
4189,-100,-75.0,40,1.5,2.5,-77.8,2.8367,-87,86.36,16.38,3.957856,1.313263,5.2899,0.0878
4190,-100,-75.0,40,1.5,3.0,-76.61,3.4406,-91,80.5,23.4,3.174589,1.946715,14.9922,0.0334
4193,-100,-75.0,40,1.5,4.5,-77.89,4.5437,-93,79.1,25.1,3.621924,1.460514,6.5827,0.1174
4191,-100,-75.0,40,1.5,3.5,-77.13,3.9867,-90,79.32,24.83,3.109444,1.163275,8.779,0.0855
4192,-100,-75.0,40,1.5,4.0,-76.65,4.4123,-96,73.51,31.78,2.79635,0.824952,7.6986,0.14
4194,-100,-75.0,40,1.5,5.0,-77.52,5.1403,-96,74.65,30.41,3.129732,0.760746,3.6685,0.1917
4195,-100,-75.0,40,1.5,5.5,-77.47,5.672,-99,72.83,32.63,2.956876,0.878491,4.1592,0.2291
4196,-100,-75.0,40,1.5,6.0,-76.51,6.2503,-98,71.08,34.72,2.854063,1.491602,11.0941,0.1437
4199,-100,-75.0,40,1.5,7.5,-77.66,7.5612,-100,75.5,29.42,3.439918,1.60102,9.4498,0.1512
4197,-100,-75.0,40,1.5,6.5,-77.52,6.5588,-100,70.28,35.69,2.730347,1.272561,8.9643,0.1546
4198,-100,-75.0,40,1.5,7.0,-77.07,6.9847,-100,69.07,37.18,2.672791,1.320372,11.2438,0.1763
4200,-100,-75.0,40,1.5,8.0,-77.78,7.9912,-100,71.22,34.52,2.896124,1.487771,9.6974,0.1531
4201,-100,-75.0,40,1.5,8.5,-76.67,8.5884,-100,67.04,39.56,2.451532,1.255061,11.6464,0.2007
4202,-100,-75.0,40,1.5,9.0,-77.42,9.0649,-100,66.74,39.96,2.482669,1.032787,9.4007,0.2387
4203,-100,-75.0,40,1.5,9.5,-77.58,9.5555,-100,67.34,39.24,2.549511,0.879549,6.2704,0.2497
4204,-100,-75.0,40,1.5,10.0,-78.3,10.0409,-100,68.91,37.31,2.692238,0.992629,6.5654,0.204
4205,-100,-75.0,40,1.5,10.5,-77.1,10.4239,-100,63.17,44.16,2.217205,0.707823,4.4312,0.2834
4206,-100,-75.0,40,1.5,11.0,-77.45,10.9718,-100,65.52,41.35,2.397839,1.004704,9.7787,0.2483
4207,-100,-75.0,40,1.5,11.5,-77.53,11.3996,-100,65.02,41.95,2.373683,0.87253,6.5909,0.2438
4208,-100,-75.0,40,1.5,12.0,-77.52,11.6732,-100,63.6,43.71,2.244368,0.725807,6.6281,0.321
4209,-100,-75.0,40,1.5,12.5,-78.01,12.0422,-100,65.08,41.94,2.374422,0.785296,6.0706,0.2564
4210,-100,-75.0,40,1.5,13.0,-77.87,12.628,-100,63.71,43.59,2.269041,0.797559,6.8563,0.2923
4211,-100,-75.0,40,1.5,13.5,-76.64,12.7606,-100,69.02,37.17,2.724676,1.634904,12.3376,0.1336
4212,-100,-75.0,40,1.5,14.0,-77.62,13.3425,-100,68.05,38.36,2.645791,1.051449,8.3306,0.2404
4213,-100,-75.0,40,1.75,1.0,-72.76,1.8317,-79,40.42,71.59,1.12038,0.892608,24.8912,0.2626
4214,-100,-75.0,40,1.75,1.5,-73.72,1.8476,-80,43.43,67.94,1.287349,0.889705,19.8149,0.2752
4216,-100,-75.0,40,1.75,2.5,-74.06,2.722,-85,55.18,53.79,1.727799,1.093259,17.8354,0.2117
4217,-100,-75.0,40,1.75,3.0,-74.33,3.4777,-90,58.72,49.62,1.755052,1.174448,20.6501,0.2031
4215,-100,-75.0,40,1.75,2.0,-72.97,2.4769,-83,40.16,71.88,1.123648,0.904038,25.8136,0.2119
4218,-100,-75.0,40,1.75,3.5,-74.15,3.714,-88,57.37,51.16,1.911276,0.910914,8.8626,0.287
4219,-100,-75.0,40,1.75,4.0,-73.53,4.2663,-90,49.38,60.75,1.539533,0.789367,13.7706,0.3969
4220,-100,-75.0,40,1.75,4.5,-73.79,4.8676,-92,52.33,57.24,1.684812,0.670485,5.0046,0.3884
4221,-100,-75.0,40,1.75,5.0,-74.23,5.1608,-94,55.25,53.73,1.784231,0.725874,8.1223,0.3553
4222,-100,-75.0,40,1.75,5.5,-73.52,5.651,-95,51.6,58.06,1.630972,1.131075,19.0594,0.2128
4223,-100,-75.0,40,1.75,6.0,-73.89,6.2823,-100,56.88,51.76,1.873183,1.091445,17.8858,0.2862
4224,-100,-75.0,40,1.75,6.5,-73.42,6.6473,-97,51.9,57.7,1.641055,1.238069,18.9879,0.1879
4225,-100,-75.0,40,1.75,7.0,-74.06,7.0971,-98,57.04,51.6,1.904191,0.892733,11.156,0.3345
4226,-100,-75.0,40,1.75,7.5,-73.88,7.5653,-100,57.62,50.88,1.912985,1.384077,17.9501,0.1676
4230,-100,-75.0,40,1.75,9.5,-74.28,9.6292,-100,55.9,52.94,1.843383,0.783135,9.0965,0.3094
4227,-100,-75.0,40,1.75,8.0,-73.71,8.0935,-100,50.22,59.7,1.577279,0.747373,12.1525,0.3689
4229,-100,-75.0,40,1.75,9.0,-73.49,9.0432,-100,49.99,60.0,1.56057,0.792638,14.2157,0.3591
4228,-100,-75.0,40,1.75,8.5,-73.1,8.6523,-100,53.49,55.88,1.723499,1.023426,16.29,0.2682
4232,-100,-75.0,40,1.75,10.5,-73.79,10.6526,-100,59.0,49.27,2.000252,1.204521,18.0794,0.2523
4231,-100,-75.0,40,1.75,10.0,-73.7,10.3541,-100,55.52,53.37,1.814483,1.107492,14.539,0.206
4234,-100,-75.0,40,1.75,11.5,-74.2,11.4092,-100,57.24,51.37,1.919417,0.867664,10.3276,0.332
4235,-100,-75.0,40,1.75,12.0,-73.9,11.8432,-100,57.31,51.2,1.918817,1.294724,17.3842,0.1906
4233,-100,-75.0,40,1.75,11.0,-73.84,10.892,-100,50.6,59.29,1.600237,0.874562,12.8621,0.2638
4236,-100,-75.0,40,1.75,12.5,-73.18,12.5119,-100,51.86,57.73,1.653354,0.737473,9.7265,0.3473
4237,-100,-75.0,40,1.75,13.0,-73.76,12.9912,-100,53.15,56.28,1.707177,0.763948,10.3044,0.3369
4238,-100,-75.0,40,1.75,13.5,-74.06,13.2812,-100,52.78,56.68,1.687695,0.733942,9.7278,0.3169
4239,-100,-75.0,40,1.75,14.0,-74.07,13.4829,-100,54.34,54.87,1.759575,0.690983,7.8124,0.3428
4241,-100,-75.0,40,2.0,1.5,-70.7,2.4396,-80,8.12,110.36,0.552723,0.346466,8.5967,0.7512
4243,-100,-75.0,40,2.0,2.5,-70.78,3.0372,-82,15.54,101.49,0.681155,0.46541,13.844,0.5841
4244,-100,-75.0,40,2.0,3.0,-70.21,3.5231,-84,13.84,103.46,0.657809,0.4083,9.0953,0.7374
4240,-100,-75.0,40,2.0,1.0,-70.97,1.9442,-78,7.81,110.73,0.550437,0.343475,9.3689,0.736
4242,-100,-75.0,40,2.0,2.0,-71.08,2.2528,-79,17.07,99.57,0.733549,0.491513,11.9641,0.6197
4247,-100,-75.0,40,2.0,4.5,-70.12,4.6944,-89,21.03,94.69,0.797925,0.492316,11.5813,0.6687
4246,-100,-75.0,40,2.0,4.0,-70.07,4.4454,-90,23.76,91.54,0.785118,0.702456,25.6215,0.3964
4245,-100,-75.0,40,2.0,3.5,-69.72,3.8391,-86,13.26,104.15,0.675085,0.421635,9.6698,0.7553
4248,-100,-75.0,40,2.0,5.0,-70.19,5.2725,-91,24.72,90.38,0.8559,0.589166,17.6242,0.5295
4249,-100,-75.0,40,2.0,5.5,-69.97,5.8246,-94,26.38,88.3,0.89377,0.568487,15.5906,0.5221
4250,-100,-75.0,40,2.0,6.0,-70.45,6.1829,-95,31.59,82.07,1.003582,0.693856,18.6959,0.4908
4251,-100,-75.0,40,2.0,6.5,-69.99,6.683,-95,34.09,79.08,1.069105,0.924448,25.4738,0.3019
4252,-100,-75.0,40,2.0,7.0,-70.51,7.3215,-98,39.3,72.96,1.240511,0.658673,11.6906,0.4298
4256,-100,-75.0,40,2.0,9.0,-69.61,9.2676,-100,37.29,75.35,1.145677,0.708035,17.6116,0.5228
4253,-100,-75.0,40,2.0,7.5,-70.16,7.6572,-99,32.63,80.88,1.068431,0.774343,19.1143,0.3331
4257,-100,-75.0,40,2.0,9.5,-70.94,9.7612,-100,43.16,68.18,1.339573,0.784544,17.3333,0.3934
4255,-100,-75.0,40,2.0,8.5,-70.39,8.6671,-100,39.09,73.09,1.205396,0.811416,19.3375,0.3367
4254,-100,-75.0,40,2.0,8.0,-69.5,8.1815,-99,32.15,81.42,1.040361,0.673398,18.6458,0.4128
4259,-100,-75.0,40,2.0,10.5,-70.32,10.5626,-100,40.7,71.22,1.267962,0.637142,11.3746,0.4881
4258,-100,-75.0,40,2.0,10.0,-70.03,10.0667,-100,36.54,76.24,1.130869,0.747434,20.5892,0.4085
4260,-100,-75.0,40,2.0,11.0,-70.76,11.0352,-100,43.28,68.15,1.336108,0.803765,16.6935,0.3633
4262,-100,-75.0,40,2.0,12.0,-69.94,12.0692,-100,43.02,68.34,1.330605,0.86502,18.9439,0.3571
4261,-100,-75.0,40,2.0,11.5,-70.39,11.4751,-100,45.12,65.91,1.408554,0.946135,19.1335,0.3087
4263,-100,-75.0,40,2.0,12.5,-70.75,12.3492,-100,42.36,69.09,1.329931,0.627097,9.4927,0.4275
4264,-100,-75.0,40,2.0,13.0,-70.21,12.9307,-100,45.09,65.9,1.387194,1.136354,23.9029,0.2351
4265,-100,-75.0,40,2.0,13.5,-70.31,13.3122,-100,51.36,58.37,1.640288,1.072233,19.1444,0.2933
4266,-100,-75.0,40,2.0,14.0,-70.31,13.9254,-100,44.6,66.52,1.388038,0.702406,12.855,0.4452
4267,-100,-75.0,40,2.25,1.0,-67.23,1.8487,-73,7.2,111.37,0.519323,0.358878,10.8637,0.7113
4268,-100,-75.0,40,2.25,1.5,-66.68,2.8901,-77,4.95,114.32,0.500986,0.307391,4.9579,0.868
4270,-100,-75.0,40,2.25,2.5,-67.25,3.3916,-81,2.23,117.38,0.454439,0.24562,0.9713,0.9614
4271,-100,-75.0,40,2.25,3.0,-67.67,3.6339,-81,6.18,112.59,0.521414,0.317657,4.5667,0.8808
4269,-100,-75.0,40,2.25,2.0,-66.81,3.9947,-78,3.6,115.73,0.468596,0.27403,1.8721,0.9345
4272,-100,-75.0,40,2.25,3.5,-67.05,4.035,-83,7.45,111.12,0.565993,0.337672,6.4171,0.8154
4273,-100,-75.0,40,2.25,4.0,-67.54,4.4109,-86,3.72,115.67,0.480034,0.270134,2.5662,0.9242
4274,-100,-75.0,40,2.25,4.5,-66.67,4.9941,-87,8.9,109.37,0.57992,0.36541,8.5301,0.7465
4276,-100,-75.0,40,2.25,5.5,-66.72,6.0083,-89,11.15,106.6,0.628078,0.380373,7.6225,0.7633
4275,-100,-75.0,40,2.25,5.0,-66.83,5.2264,-89,5.42,113.43,0.507334,0.300052,4.6295,0.8655
4277,-100,-75.0,40,2.25,6.0,-66.59,6.5442,-92,13.75,103.52,0.651341,0.420272,11.8336,0.6716
4278,-100,-75.0,40,2.25,6.5,-66.47,6.9379,-94,18.63,97.81,0.735597,0.574617,19.3473,0.4593
4279,-100,-75.0,40,2.25,7.0,-66.83,7.3424,-93,26.03,88.82,0.878371,0.649725,20.3192,0.545
4280,-100,-75.0,40,2.25,7.5,-67.11,7.788,-97,16.58,100.17,0.74442,0.4203,6.7757,0.7136
4281,-100,-75.0,40,2.25,8.0,-67.08,8.1752,-98,16.44,100.4,0.722676,0.430485,11.3751,0.6342
4282,-100,-75.0,40,2.25,8.5,-66.45,8.7365,-98,16.1,100.66,0.703248,0.506872,17.216,0.5084
4283,-100,-75.0,40,2.25,9.0,-67.03,9.1442,-100,20.83,94.97,0.822206,0.456698,8.1752,0.6761
4284,-100,-75.0,40,2.25,9.5,-66.23,9.5306,-100,22.98,92.54,0.822694,0.598376,18.1657,0.4982
4285,-100,-75.0,40,2.25,10.0,-67.16,10.0646,-100,21.47,94.39,0.827722,0.458131,8.5623,0.638
4286,-100,-75.0,40,2.25,10.5,-66.28,10.637,-100,17.06,99.63,0.747125,0.424252,11.4544,0.6891
4290,-100,-75.0,40,2.25,12.5,-66.36,12.3442,-100,35.06,78.06,1.094203,0.756591,20.801,0.4166
4288,-100,-75.0,40,2.25,11.5,-67.62,11.7693,-100,38.52,73.73,1.227249,0.751011,16.5734,0.4467
4289,-100,-75.0,40,2.25,12.0,-66.8,12.1192,-100,29.46,84.66,0.998506,0.51111,5.834,0.6224
4287,-100,-75.0,40,2.25,11.0,-66.19,11.1457,-100,22.23,93.43,0.825228,0.550798,15.968,0.5156
4291,-100,-75.0,40,2.25,13.0,-66.31,13.3044,-100,26.11,88.62,0.904305,0.565659,16.1882,0.4899
4292,-100,-75.0,40,2.25,13.5,-66.85,13.5879,-100,31.15,82.71,1.022018,0.553814,11.3483,0.547
4293,-100,-75.0,40,2.25,14.0,-66.29,14.0329,-100,32.11,81.47,1.034159,0.738539,19.6594,0.3699
4295,-100,-75.0,40,2.5,1.5,-62.87,2.3523,-71,2.81,116.79,0.436367,0.26166,1.739,0.9497
4294,-100,-75.0,40,2.5,1.0,-63.6,2.7377,-71,1.82,117.78,0.433697,0.236832,1.3847,0.9618
4296,-100,-75.0,40,2.5,2.0,-63.55,3.0467,-75,4.01,115.23,0.431928,0.285836,6.5262,0.8295
4297,-100,-75.0,40,2.5,2.5,-63.76,3.1976,-76,1.96,117.76,0.431908,0.229647,1.6461,0.9587
4302,-100,-75.0,40,2.5,5.0,-63.86,5.3005,-84,5.09,113.81,0.480721,0.307668,5.9073,0.8364
4298,-100,-75.0,40,2.5,3.0,-63.38,4.0017,-79,2.5,117.04,0.437059,0.251543,1.5335,0.9491
4300,-100,-75.0,40,2.5,4.0,-63.66,4.4843,-85,2.45,117.13,0.405888,0.233611,1.494,0.9504
4299,-100,-75.0,40,2.5,3.5,-63.21,4.1836,-80,2.2,117.38,0.4448,0.246305,1.3953,0.9577
4301,-100,-75.0,40,2.5,4.5,-63.15,4.8336,-82,4.34,114.86,0.460856,0.290726,3.133,0.9221
4305,-100,-75.0,40,2.5,6.5,-63.55,6.902,-90,7.43,111.16,0.544353,0.349225,7.351,0.7935
4303,-100,-75.0,40,2.5,5.5,-63.15,6.0387,-85,2.39,117.05,0.456402,0.244272,1.2788,0.9511
4304,-100,-75.0,40,2.5,6.0,-63.86,6.6265,-88,5.79,113.12,0.511678,0.311,5.5192,0.8374
4307,-100,-75.0,40,2.5,7.5,-64.24,7.7498,-93,6.0,113.01,0.558584,0.316566,3.4781,0.8919
4306,-100,-75.0,40,2.5,7.0,-63.39,7.4048,-100,4.72,114.2,0.522797,0.301592,2.9955,0.9012
4308,-100,-75.0,40,2.5,8.0,-63.1,8.2528,-95,8.05,110.48,0.565471,0.346701,8.7384,0.7604
4309,-100,-75.0,40,2.5,8.5,-62.98,8.7408,-96,12.97,104.61,0.590711,0.443334,15.4716,0.6181
4310,-100,-75.0,40,2.5,9.0,-63.28,9.3022,-100,12.0,105.69,0.612222,0.407739,9.5501,0.7593
4311,-100,-75.0,40,2.5,9.5,-63.43,9.5936,-100,18.12,98.26,0.716524,0.524168,15.2947,0.5865
4313,-100,-75.0,40,2.5,10.5,-63.23,10.7863,-100,24.64,90.45,0.832343,0.677709,19.5344,0.4371
4314,-100,-75.0,40,2.5,11.0,-63.23,11.2775,-100,14.66,102.49,0.686737,0.402638,7.399,0.758
4312,-100,-75.0,40,2.5,10.0,-62.56,10.2151,-100,10.09,107.81,0.58612,0.390382,10.6892,0.6952
4315,-100,-75.0,40,2.5,11.5,-62.85,11.4821,-100,25.26,89.75,0.860944,0.639025,18.8785,0.5649
4316,-100,-75.0,40,2.5,12.0,-63.13,12.0335,-100,13.44,103.87,0.636987,0.443106,13.3996,0.6154
4317,-100,-75.0,40,2.5,12.5,-62.68,12.734,-100,17.03,99.71,0.736125,0.432924,9.802,0.6761
4318,-100,-75.0,40,2.5,13.0,-63.13,13.1623,-100,25.83,89.01,0.871196,0.598749,16.6173,0.4934
4320,-100,-75.0,40,2.5,14.0,-63.91,13.8806,-100,30.41,83.46,0.990255,0.683681,18.7462,0.488
4319,-100,-75.0,40,2.5,13.5,-62.36,13.4694,-100,20.76,95.18,0.796618,0.5113,14.2299,0.5633
4321,-100,-75.0,40,2.75,1.0,-58.74,2.2263,-66,4.32,114.84,0.462658,0.28518,2.9269,0.9179
4322,-100,-75.0,40,2.75,1.5,-59.76,2.6002,-69,4.0,115.16,0.453611,0.278908,4.0261,0.8839
4323,-100,-75.0,40,2.75,2.0,-59.81,3.6194,-71,1.92,117.83,0.401326,0.214436,1.2804,0.9588
4324,-100,-75.0,40,2.75,2.5,-59.73,3.6474,-73,2.22,117.43,0.443752,0.239516,1.7297,0.9555
4325,-100,-75.0,40,2.75,3.0,-59.99,3.7925,-76,3.09,116.39,0.452991,0.265768,3.428,0.9058
4326,-100,-75.0,40,2.75,3.5,-59.54,4.152,-74,5.99,112.82,0.495548,0.335443,8.6959,0.7672
4328,-100,-75.0,40,2.75,4.5,-59.37,5.2285,-81,8.81,109.5,0.543047,0.374699,8.8643,0.7633
4327,-100,-75.0,40,2.75,4.0,-59.81,4.7331,-78,1.9,117.75,0.42427,0.231883,1.4088,0.9594
4329,-100,-75.0,40,2.75,5.0,-59.91,5.5998,-86,1.63,118.04,0.428512,0.230897,0.6046,0.9746
4331,-100,-75.0,40,2.75,6.0,-59.11,6.5881,-84,13.18,104.18,0.613949,0.462177,13.664,0.6315
4330,-100,-75.0,40,2.75,5.5,-59.4,6.0848,-82,1.31,118.5,0.426236,0.216838,0.5258,0.9814
4332,-100,-75.0,40,2.75,6.5,-59.62,7.1874,-88,3.12,116.36,0.46864,0.268865,1.7276,0.954
4334,-100,-75.0,40,2.75,7.5,-59.9,7.6979,-88,9.22,108.92,0.557098,0.388392,8.8352,0.7517
4333,-100,-75.0,40,2.75,7.0,-59.65,7.1935,-87,4.75,114.41,0.52793,0.307963,4.5359,0.8662
4335,-100,-75.0,40,2.75,8.0,-59.42,8.3868,-100,8.72,109.6,0.578719,0.357373,5.7802,0.8339
4336,-100,-75.0,40,2.75,8.5,-58.88,8.9762,-95,6.64,112.09,0.509545,0.338369,8.4527,0.7664
4338,-100,-75.0,40,2.75,9.5,-60.65,9.8314,-100,15.76,101.12,0.673659,0.533623,17.4997,0.5351
4337,-100,-75.0,40,2.75,9.0,-60.05,9.4078,-95,6.09,112.79,0.523637,0.332253,6.8456,0.8054
4339,-100,-75.0,40,2.75,10.0,-60.28,10.2239,-100,6.8,111.93,0.538696,0.324868,4.2775,0.8689
4340,-100,-75.0,40,2.75,10.5,-60.09,10.7423,-100,5.7,113.27,0.544717,0.312247,3.5296,0.877
4342,-100,-75.0,40,2.75,11.5,-59.91,11.6565,-100,16.24,100.51,0.691305,0.479569,13.695,0.6528
4341,-100,-75.0,40,2.75,11.0,-60.25,11.1635,-100,11.53,106.13,0.614741,0.425323,12.2465,0.6857
4343,-100,-75.0,40,2.75,12.0,-60.09,12.2158,-100,13.2,104.22,0.621599,0.498398,16.4687,0.5499
4344,-100,-75.0,40,2.75,12.5,-60.29,12.5405,-100,11.75,105.96,0.65227,0.386415,7.8915,0.7713
4345,-100,-75.0,40,2.75,13.0,-59.6,13.3124,-100,14.98,102.19,0.635731,0.484871,16.3784,0.6022
4346,-100,-75.0,40,2.75,13.5,-60.09,13.8074,-100,15.49,101.45,0.695773,0.420057,8.5891,0.745
4347,-100,-75.0,40,2.75,14.0,-59.8,14.2863,-100,14.36,102.73,0.667774,0.461307,12.9896,0.6101
4348,-100,-75.0,40,3.0,1.0,-56.7,2.6281,-64,1.52,118.18,0.396174,0.216929,1.4173,0.9589
4349,-100,-75.0,40,3.0,1.5,-56.6,2.9983,-65,2.18,117.51,0.425888,0.236171,1.2102,0.9635
4350,-100,-75.0,40,3.0,2.0,-56.91,3.4528,-68,1.55,118.1,0.397308,0.218462,1.433,0.9562
4351,-100,-75.0,40,3.0,2.5,-56.85,4.27,-71,2.46,117.07,0.432403,0.248644,1.6629,0.9503
4352,-100,-75.0,40,3.0,3.0,-56.91,4.0215,-71,2.61,116.78,0.419951,0.249481,2.6415,0.9318
4353,-100,-75.0,40,3.0,3.5,-56.38,4.2722,-73,1.65,118.26,0.433827,0.236495,0.5911,0.9761
4354,-100,-75.0,40,3.0,4.0,-56.57,4.5958,-74,2.96,116.55,0.436406,0.264227,2.1136,0.9431
4355,-100,-75.0,40,3.0,4.5,-55.95,5.1449,-78,3.65,115.64,0.448148,0.26931,3.5759,0.9015
4356,-100,-75.0,40,3.0,5.0,-56.08,5.6663,-79,0.77,119.21,0.374909,0.186375,0.4429,0.9841
4357,-100,-75.0,40,3.0,5.5,-55.98,5.8799,-80,1.79,117.82,0.430199,0.236816,1.4372,0.9553
4359,-100,-75.0,40,3.0,6.5,-56.15,6.7919,-84,8.84,109.43,0.522957,0.394725,11.5881,0.6872
4358,-100,-75.0,40,3.0,6.0,-56.88,6.6257,-85,1.52,118.1,0.41263,0.219685,1.1412,0.9636
4362,-100,-75.0,40,3.0,8.0,-55.71,8.4537,-88,9.02,109.21,0.523874,0.3817,11.5346,0.6842
4360,-100,-75.0,40,3.0,7.0,-55.97,7.9182,-88,1.72,117.95,0.433023,0.227687,0.754,0.9726
4361,-100,-75.0,40,3.0,7.5,-56.47,7.8549,-86,3.95,115.24,0.484879,0.279481,3.4983,0.9095
4363,-100,-75.0,40,3.0,8.5,-56.12,8.9198,-95,8.7,109.47,0.561379,0.393266,9.1493,0.7649
4364,-100,-75.0,40,3.0,9.0,-55.98,9.3386,-94,5.87,113.01,0.483756,0.332343,8.6591,0.7696
4365,-100,-75.0,40,3.0,9.5,-55.5,9.6526,-98,2.87,116.48,0.426423,0.25266,3.7672,0.8961
4366,-100,-75.0,40,3.0,10.0,-56.46,10.3246,-98,3.52,115.87,0.480369,0.264342,2.4547,0.9351
4367,-100,-75.0,40,3.0,10.5,-56.33,10.6507,-100,6.19,112.73,0.53484,0.318391,5.1571,0.8374
4368,-100,-75.0,40,3.0,11.0,-55.62,11.3243,-100,7.0,111.64,0.503079,0.344108,8.4301,0.772
4369,-100,-75.0,40,3.0,11.5,-56.42,11.7377,-100,10.6,107.32,0.597619,0.386688,9.0608,0.7609
4370,-100,-75.0,40,3.0,12.0,-56.26,12.5524,-100,4.53,114.7,0.495302,0.285764,3.9681,0.8776
4371,-100,-75.0,40,3.0,12.5,-56.27,12.6509,-100,8.13,110.37,0.552573,0.358178,6.7473,0.7975
4372,-100,-75.0,40,3.0,13.0,-56.23,13.4106,-100,8.15,110.33,0.564029,0.348199,5.5666,0.8523
4374,-100,-75.0,40,3.0,14.0,-56.29,14.2545,-100,10.94,106.94,0.607096,0.411674,12.2512,0.6637
4373,-100,-75.0,40,3.0,13.5,-56.11,13.5536,-100,5.73,113.14,0.513751,0.320505,6.3121,0.818
4376,-100,-75.0,40,3.25,1.5,-52.68,3.3924,-62,3.98,115.37,0.451516,0.281201,3.5262,0.8944
4375,-100,-75.0,40,3.25,1.0,-52.22,3.3889,-61,4.64,114.45,0.454262,0.293077,6.7111,0.8219
4378,-100,-75.0,40,3.25,2.5,-53.04,3.3045,-65,2.24,117.23,0.437742,0.238063,1.2788,0.9636
4377,-100,-75.0,40,3.25,2.0,-52.04,3.0645,-64,1.86,117.86,0.404892,0.233572,1.0158,0.9659
4379,-100,-75.0,40,3.25,3.0,-52.57,3.9915,-67,2.14,117.55,0.425588,0.242526,1.6627,0.9494
4380,-100,-75.0,40,3.25,3.5,-52.78,4.4491,-70,3.88,115.37,0.453297,0.28498,6.4177,0.833
4381,-100,-75.0,40,3.25,4.0,-52.76,5.0054,-71,3.32,116.03,0.469725,0.267419,4.8383,0.8723
4382,-100,-75.0,40,3.25,4.5,-52.94,4.9947,-72,3.33,115.97,0.460872,0.27119,4.9489,0.868
4383,-100,-75.0,40,3.25,5.0,-52.51,5.712,-76,1.37,118.43,0.404718,0.215956,0.8683,0.9698
4384,-100,-75.0,40,3.25,5.5,-51.7,5.8744,-77,1.33,118.48,0.425291,0.211832,0.6011,0.977
4385,-100,-75.0,40,3.25,6.0,-52.71,6.5633,-77,3.37,116.13,0.469534,0.271939,2.906,0.9251
4386,-100,-75.0,40,3.25,6.5,-52.14,7.4314,-81,2.71,116.69,0.451659,0.248848,1.3314,0.9526
4387,-100,-75.0,40,3.25,7.0,-53.01,7.5018,-82,8.81,109.57,0.549317,0.393996,10.3534,0.7174
4388,-100,-75.0,40,3.25,7.5,-52.4,8.2077,-85,3.3,116.05,0.474467,0.268998,1.6575,0.9392
4389,-100,-75.0,40,3.25,8.0,-52.57,8.4545,-85,2.02,117.55,0.407411,0.228445,1.3407,0.967
4390,-100,-75.0,40,3.25,8.5,-52.6,8.7885,-84,1.91,117.87,0.440159,0.233286,1.0784,0.9678
4391,-100,-75.0,40,3.25,9.0,-53.05,9.2085,-92,3.45,115.96,0.494323,0.279004,2.8145,0.9205
4392,-100,-75.0,40,3.25,9.5,-52.73,9.925,-96,1.78,117.97,0.442228,0.234741,1.07,0.963
4393,-100,-75.0,40,3.25,10.0,-52.14,10.5756,-93,2.62,116.89,0.44899,0.253228,0.5313,0.965
4394,-100,-75.0,40,3.25,10.5,-52.62,10.9724,-98,7.87,110.57,0.528673,0.366491,9.5048,0.747
4395,-100,-75.0,40,3.25,11.0,-52.0,11.3022,-95,5.86,112.96,0.470722,0.322353,8.4832,0.7737
4396,-100,-75.0,40,3.25,11.5,-53.16,11.8003,-100,3.83,115.42,0.476553,0.280727,2.4264,0.9293
4397,-100,-75.0,40,3.25,12.0,-52.4,12.3449,-100,4.84,114.12,0.507963,0.298316,3.4761,0.8993
4399,-100,-75.0,40,3.25,13.0,-51.93,13.1781,-100,10.05,108.03,0.57626,0.388555,8.3095,0.7756
4398,-100,-75.0,40,3.25,12.5,-52.63,12.7849,-100,3.53,115.76,0.460586,0.267057,2.9383,0.9086
4400,-100,-75.0,40,3.25,13.5,-52.5,13.7835,-100,4.04,115.19,0.50938,0.279638,2.274,0.9253
4403,-100,-75.0,40,3.5,1.5,-49.01,3.1233,-58,10.03,108.07,0.566055,0.413736,10.7769,0.7016
4401,-100,-75.0,40,3.25,14.0,-51.82,14.2096,-100,4.53,114.75,0.50382,0.285918,2.4602,0.9237
4402,-100,-75.0,40,3.5,1.0,-49.13,3.4858,-57,4.52,114.59,0.448417,0.288231,3.6332,0.8983
4404,-100,-75.0,40,3.5,2.0,-49.32,3.0602,-60,2.92,116.51,0.433673,0.250377,2.6708,0.9201
4405,-100,-75.0,40,3.5,2.5,-48.81,4.4636,-63,2.25,117.35,0.460289,0.242487,1.6466,0.957
4406,-100,-75.0,40,3.5,3.0,-48.92,4.0158,-64,1.16,118.72,0.390188,0.204526,0.2819,0.9843
4407,-100,-75.0,40,3.5,3.5,-48.98,4.6667,-70,5.67,113.46,0.513084,0.324324,4.9335,0.8624
4408,-100,-75.0,40,3.5,4.0,-49.23,5.2337,-68,2.66,116.72,0.461146,0.25231,3.1791,0.9118
4409,-100,-75.0,40,3.5,4.5,-49.53,5.233,-70,1.85,117.95,0.418538,0.242016,0.8455,0.9711
4410,-100,-75.0,40,3.5,5.0,-49.52,5.9497,-72,3.49,115.88,0.445915,0.267429,3.1294,0.9257
4411,-100,-75.0,40,3.5,5.5,-49.97,6.4287,-74,3.99,115.35,0.477142,0.284752,2.9914,0.9215
4413,-100,-75.0,40,3.5,6.5,-48.83,6.9472,-74,2.7,116.85,0.436245,0.251515,1.9477,0.9385
4412,-100,-75.0,40,3.5,6.0,-49.45,6.7918,-73,4.8,114.22,0.459149,0.306694,5.1589,0.8691
4414,-100,-75.0,40,3.5,7.0,-48.88,7.9151,-80,2.38,117.17,0.41104,0.242948,1.6122,0.9508
4415,-100,-75.0,40,3.5,7.5,-48.98,7.9515,-80,2.13,117.38,0.432006,0.237629,1.3516,0.9609
4416,-100,-75.0,40,3.5,8.0,-49.24,8.5742,-80,3.07,116.41,0.42702,0.265058,4.0634,0.8881
4417,-100,-75.0,40,3.5,8.5,-48.69,8.952,-82,4.34,114.85,0.46601,0.290833,3.2454,0.9157
4418,-100,-75.0,40,3.5,9.0,-48.82,9.6425,-86,4.01,115.12,0.467883,0.28448,5.6174,0.8525
4419,-100,-75.0,40,3.5,9.5,-48.81,9.9476,-89,1.67,118.04,0.406859,0.218567,1.2751,0.9615
4420,-100,-75.0,40,3.5,10.0,-48.68,10.4447,-88,2.16,117.57,0.425161,0.241987,1.9183,0.9427
4421,-100,-75.0,40,3.5,10.5,-49.05,10.9274,-96,2.28,117.38,0.454149,0.252908,0.9588,0.9671
4422,-100,-75.0,40,3.5,11.0,-48.7,11.3279,-93,2.62,116.7,0.461614,0.272981,3.5468,0.9037
4423,-100,-75.0,40,3.5,11.5,-49.54,11.8652,-97,3.8,115.44,0.470103,0.278232,4.3508,0.8767
4424,-100,-75.0,40,3.5,12.0,-49.0,12.1963,-99,3.01,116.57,0.482455,0.266575,1.5025,0.9517
4425,-100,-75.0,40,3.5,12.5,-49.48,12.8035,-100,2.46,117.17,0.440253,0.241087,1.778,0.941
4427,-100,-75.0,40,3.5,13.5,-49.18,13.7692,-100,5.5,113.56,0.486167,0.31243,5.5093,0.8483
4426,-100,-75.0,40,3.5,13.0,-49.38,13.2802,-100,5.17,113.79,0.479182,0.305958,6.3976,0.8231
4428,-100,-75.0,40,3.5,14.0,-49.26,14.2462,-100,6.3,112.48,0.4922,0.321815,7.2565,0.8027
4430,-100,-75.0,40,3.75,1.5,-45.51,3.8295,-56,7.98,110.48,0.546004,0.353173,8.9498,0.7604
4429,-100,-75.0,40,3.75,1.0,-45.42,3.0072,-52,2.61,116.96,0.445106,0.252878,1.8733,0.9499
4431,-100,-75.0,40,3.75,2.0,-45.75,3.6939,-57,3.12,116.23,0.465124,0.284137,3.8933,0.892
4432,-100,-75.0,40,3.75,2.5,-45.01,4.2707,-62,3.08,116.36,0.454583,0.268684,3.9433,0.8909
4433,-100,-75.0,40,3.75,3.0,-44.74,4.2093,-60,3.87,115.33,0.456862,0.281089,5.38,0.8543
4434,-100,-75.0,40,3.75,3.5,-45.54,4.4456,-62,3.05,116.21,0.455119,0.280983,3.9775,0.8902
4435,-100,-75.0,40,3.75,4.0,-46.16,5.4502,-67,4.28,114.87,0.484815,0.293969,5.5725,0.851
4437,-100,-75.0,40,3.75,5.0,-45.35,5.5646,-66,8.67,109.61,0.514787,0.378425,9.4441,0.7593
4436,-100,-75.0,40,3.75,4.5,-45.32,5.4716,-67,3.34,116.11,0.431851,0.274036,4.8815,0.8691
4439,-100,-75.0,40,3.75,6.0,-45.88,6.714,-71,3.64,115.69,0.446573,0.274581,5.143,0.8608
4438,-100,-75.0,40,3.75,5.5,-45.13,6.1564,-69,3.69,115.62,0.454756,0.272219,4.9612,0.8646
4440,-100,-75.0,40,3.75,6.5,-45.78,7.1265,-76,3.09,116.36,0.418188,0.254555,2.1677,0.9329
4441,-100,-75.0,40,3.75,7.0,-45.09,7.6608,-79,7.88,110.54,0.533773,0.379595,10.871,0.7075
4442,-100,-75.0,40,3.75,7.5,-45.66,8.205,-80,3.78,115.54,0.437044,0.277517,4.6862,0.8707
4443,-100,-75.0,40,3.75,8.0,-44.92,8.8325,-79,3.93,115.27,0.476742,0.290909,5.0457,0.8602
4444,-100,-75.0,40,3.75,8.5,-45.05,9.3816,-80,3.9,115.4,0.452031,0.269794,3.1825,0.9168
4445,-100,-75.0,40,3.75,9.0,-44.77,9.4542,-84,4.41,114.78,0.477059,0.295769,5.7741,0.8412
4446,-100,-75.0,40,3.75,9.5,-45.02,10.0347,-87,1.53,118.36,0.409936,0.22058,0.6919,0.9783
4447,-100,-75.0,40,3.75,10.0,-45.08,10.6069,-85,1.84,117.85,0.429802,0.234693,1.0678,0.9716
4448,-100,-75.0,40,3.75,10.5,-46.28,10.7892,-91,3.15,116.36,0.470516,0.269026,3.5581,0.8982
4449,-100,-75.0,40,3.75,11.0,-44.92,11.2943,-89,1.57,118.06,0.414491,0.22156,1.3104,0.9595
4451,-100,-75.0,40,3.75,12.0,-45.34,12.5034,-98,2.62,116.78,0.442191,0.250345,1.9542,0.9452
4450,-100,-75.0,40,3.75,11.5,-45.39,12.0259,-94,2.99,116.42,0.456381,0.260277,0.5862,0.965
4452,-100,-75.0,40,3.75,12.5,-45.44,12.9155,-100,3.8,115.35,0.462459,0.277355,4.7257,0.8752
4453,-100,-75.0,40,3.75,13.0,-45.11,13.3969,-100,6.74,112.02,0.532607,0.332508,5.5758,0.8615
4454,-100,-75.0,40,3.75,13.5,-44.85,13.8685,-100,1.21,118.7,0.401043,0.215335,0.8643,0.9716
4457,-100,-75.0,40,4.0,1.5,-42.29,3.7179,-52,4.91,114.11,0.470809,0.298919,5.1549,0.8767
4455,-100,-75.0,40,3.75,14.0,-44.62,14.308,-98,4.31,114.83,0.461072,0.286404,5.4216,0.8537
4456,-100,-75.0,40,4.0,1.0,-40.98,3.6267,-49,4.03,115.23,0.460678,0.285398,4.5751,0.8716
4458,-100,-75.0,40,4.0,2.0,-41.05,3.5386,-52,5.75,113.06,0.499136,0.308476,4.5697,0.8819
4459,-100,-75.0,40,4.0,2.5,-42.35,3.856,-54,8.43,110.07,0.545868,0.377072,9.2193,0.7537
4461,-100,-75.0,40,4.0,3.5,-41.93,5.0455,-59,6.38,112.36,0.484692,0.329904,6.7405,0.8375
4460,-100,-75.0,40,4.0,3.0,-41.45,3.9274,-57,2.02,117.62,0.408114,0.221329,1.4129,0.9579
4462,-100,-75.0,40,4.0,4.0,-41.6,4.8227,-60,4.2,115.02,0.454548,0.296349,5.5776,0.8472
4463,-100,-75.0,40,4.0,4.5,-42.15,5.8031,-64,2.86,116.69,0.429153,0.262053,3.5637,0.9006
4464,-100,-75.0,40,4.0,5.0,-41.42,5.9619,-63,2.4,117.2,0.423814,0.243421,2.1836,0.9345
4465,-100,-75.0,40,4.0,5.5,-42.04,6.4341,-64,3.08,116.4,0.441232,0.265613,4.524,0.8796
4466,-100,-75.0,40,4.0,6.0,-41.26,7.1911,-68,3.65,115.87,0.479463,0.278084,3.3558,0.9036
4467,-100,-75.0,40,4.0,6.5,-42.07,6.9596,-71,3.96,115.27,0.473254,0.298021,4.136,0.8821
4468,-100,-75.0,40,4.0,7.0,-41.36,7.5531,-72,2.57,116.89,0.414598,0.244933,1.626,0.9575
4469,-100,-75.0,40,4.0,7.5,-41.5,8.1899,-75,1.8,117.99,0.424148,0.232804,1.5407,0.953
4470,-100,-75.0,40,4.0,8.0,-41.56,8.5161,-75,4.28,114.95,0.456485,0.288188,3.3208,0.9119
4471,-100,-75.0,40,4.0,8.5,-42.32,9.1345,-89,5.17,113.82,0.50942,0.31145,6.0783,0.8541
4472,-100,-75.0,40,4.0,9.0,-41.85,9.5622,-85,8.17,110.12,0.520785,0.378712,10.1846,0.7309
4473,-100,-75.0,40,4.0,9.5,-41.33,9.8688,-81,3.44,115.91,0.459432,0.262919,3.4409,0.901
4474,-100,-75.0,40,4.0,10.0,-41.69,10.4934,-88,1.99,117.56,0.459797,0.239057,1.7586,0.9474
4475,-100,-75.0,40,4.0,10.5,-41.56,10.7272,-87,1.86,117.78,0.408292,0.227505,1.3807,0.9562
4476,-100,-75.0,40,4.0,11.0,-41.71,11.3326,-89,1.31,118.48,0.394712,0.210057,1.1946,0.9725
4477,-100,-75.0,40,4.0,11.5,-41.58,12.1586,-84,8.88,109.34,0.526675,0.386214,10.0511,0.7879
4478,-100,-75.0,40,4.0,12.0,-41.55,12.3518,-92,3.43,115.83,0.465625,0.269255,2.9228,0.9273
4479,-100,-75.0,40,4.0,12.5,-41.2,12.8815,-92,8.42,109.87,0.527406,0.376125,9.1658,0.7643
4483,-100,-75.0,40,4.25,1.0,-38.25,3.4366,-47,7.34,111.38,0.54432,0.360135,8.3748,0.777
4480,-100,-75.0,40,4.0,13.0,-41.99,13.5638,-92,1.44,118.31,0.406428,0.208815,0.8682,0.969
4481,-100,-75.0,40,4.0,13.5,-41.72,14.1865,-98,3.36,116.14,0.458455,0.266675,2.6254,0.9302
4482,-100,-75.0,40,4.0,14.0,-41.17,14.4206,-99,4.28,114.84,0.437451,0.285946,6.6858,0.8245
4484,-100,-75.0,40,4.25,1.5,-38.68,3.7464,-49,1.5,118.33,0.423963,0.230474,1.2862,0.96
4485,-100,-75.0,40,4.25,2.0,-37.49,4.1608,-52,2.66,116.9,0.418659,0.244051,1.6988,0.9464
4486,-100,-75.0,40,4.25,2.5,-38.31,4.4703,-52,5.48,113.38,0.491417,0.306806,4.2999,0.8919
4487,-100,-75.0,40,4.25,3.0,-38.08,4.8891,-55,8.27,110.15,0.522062,0.366212,10.2058,0.7331
4488,-100,-75.0,40,4.25,3.5,-38.66,5.5196,-57,6.11,112.73,0.524016,0.327637,4.6614,0.8888
4489,-100,-75.0,40,4.25,4.0,-38.54,5.1436,-59,4.59,114.6,0.46287,0.300476,3.9694,0.887
4490,-100,-75.0,40,4.25,4.5,-38.2,5.5143,-58,3.84,115.43,0.463959,0.272485,4.3836,0.8783
4491,-100,-75.0,40,4.25,5.0,-38.25,6.5526,-64,1.54,118.28,0.406512,0.221287,0.6558,0.9763
4493,-100,-75.0,40,4.25,6.0,-38.4,6.8221,-66,6.88,111.78,0.499266,0.33966,6.8846,0.8445
4492,-100,-75.0,40,4.25,5.5,-38.19,6.283,-63,2.55,116.84,0.447725,0.260952,4.2935,0.889
4494,-100,-75.0,40,4.25,6.5,-38.82,7.4536,-69,2.41,117.22,0.441825,0.240137,1.3209,0.9517
4495,-100,-75.0,40,4.25,7.0,-37.43,7.831,-75,5.02,114.08,0.488073,0.304085,5.3654,0.8638
4496,-100,-75.0,40,4.25,7.5,-37.58,8.1276,-69,2.41,117.23,0.431731,0.24541,1.9022,0.9521
4497,-100,-75.0,40,4.25,8.0,-38.4,8.6616,-71,1.65,118.08,0.428857,0.233231,1.3879,0.96
4498,-100,-75.0,40,4.25,8.5,-37.89,9.4251,-80,1.38,118.48,0.388594,0.212089,0.7871,0.9744
4499,-100,-75.0,40,4.25,9.0,-38.73,9.535,-75,2.25,117.3,0.446562,0.253452,1.2486,0.962
4500,-100,-75.0,40,4.25,9.5,-38.4,10.1826,-87,1.29,118.41,0.409669,0.219136,0.8011,0.9733
4501,-100,-75.0,40,4.25,10.0,-38.37,10.5058,-77,3.55,115.81,0.46276,0.267207,3.6092,0.8952
4502,-100,-75.0,40,4.25,10.5,-38.03,10.9663,-82,3.53,115.6,0.466665,0.277945,5.6016,0.8534
4504,-100,-75.0,40,4.25,11.5,-38.73,12.0684,-87,4.39,114.77,0.474379,0.299975,4.1429,0.8961
4503,-100,-75.0,40,4.25,11.0,-38.86,11.6828,-89,4.22,114.98,0.466457,0.284518,3.4693,0.9104
4506,-100,-75.0,40,4.25,12.5,-38.19,13.2231,-98,2.17,117.32,0.452896,0.248633,1.6833,0.949
4505,-100,-75.0,40,4.25,12.0,-37.56,12.2864,-93,2.04,117.66,0.4392,0.241856,1.5043,0.9584
4507,-100,-75.0,40,4.25,13.0,-38.66,13.245,-95,1.68,118.0,0.434904,0.231107,1.2813,0.9628
4508,-100,-75.0,40,4.25,13.5,-38.59,13.7278,-92,3.15,116.27,0.446512,0.265616,2.0491,0.9456
4509,-100,-75.0,40,4.25,14.0,-39.04,14.4389,-96,4.1,115.22,0.475475,0.301514,6.6403,0.8266
4510,-100,-75.0,40,4.5,1.0,-34.62,3.251,-42,2.54,117.04,0.415617,0.245183,2.9022,0.919
4511,-100,-75.0,40,4.5,1.5,-34.04,3.6338,-44,2.78,116.83,0.44792,0.260758,1.4254,0.9555
4513,-100,-75.0,40,4.5,2.5,-35.2,4.3089,-49,8.91,109.3,0.526043,0.398221,11.0248,0.7065
4512,-100,-75.0,40,4.5,2.0,-34.43,4.3144,-46,2.0,117.68,0.388055,0.220649,1.6078,0.9532
4514,-100,-75.0,40,4.5,3.0,-35.08,4.5473,-52,5.93,112.85,0.501086,0.326698,6.8907,0.8092
4515,-100,-75.0,40,4.5,3.5,-34.48,5.1023,-53,1.8,118.0,0.414606,0.23047,1.6276,0.951
4517,-100,-75.0,40,4.5,4.5,-34.35,6.3254,-58,9.04,109.31,0.532893,0.394838,10.7197,0.7295
4516,-100,-75.0,40,4.5,4.0,-34.17,6.0582,-54,1.95,117.65,0.42891,0.236643,1.9228,0.9423
4518,-100,-75.0,40,4.5,5.0,-34.7,6.0953,-57,3.92,115.43,0.458171,0.287396,3.3454,0.9139
4519,-100,-75.0,40,4.5,5.5,-34.21,7.1748,-62,3.25,116.2,0.45229,0.26861,4.4645,0.8785
4520,-100,-75.0,40,4.5,6.0,-34.28,7.0891,-62,3.39,116.01,0.463635,0.274532,3.0504,0.9105
4521,-100,-75.0,40,4.5,6.5,-35.16,7.5224,-65,3.34,116.07,0.464524,0.27311,2.6044,0.9277
4522,-100,-75.0,40,4.5,7.0,-34.92,7.6754,-62,3.53,115.68,0.438288,0.269979,3.7859,0.8976
4523,-100,-75.0,40,4.5,7.5,-34.29,7.9279,-63,3.04,116.32,0.440619,0.264616,3.8156,0.8965
4524,-100,-75.0,40,4.5,8.0,-34.42,8.827,-69,1.6,118.1,0.395619,0.219091,1.4236,0.9558
4525,-100,-75.0,40,4.5,8.5,-34.23,9.4213,-71,4.08,115.25,0.464701,0.294607,4.6787,0.8678
4527,-100,-75.0,40,4.5,9.5,-35.26,10.0098,-74,1.34,118.37,0.435438,0.217216,1.2144,0.9642
4526,-100,-75.0,40,4.5,9.0,-35.2,9.9042,-78,3.41,115.9,0.468333,0.278337,4.2335,0.8831
4529,-100,-75.0,40,4.5,10.5,-35.3,11.1946,-85,8.76,109.66,0.526191,0.395824,12.4208,0.6694
4528,-100,-75.0,40,4.5,10.0,-34.29,10.7039,-75,1.71,117.94,0.414095,0.221436,1.2368,0.9612
4530,-100,-75.0,40,4.5,11.0,-33.96,11.6242,-80,1.3,118.57,0.391832,0.20545,1.1769,0.9635
4532,-100,-75.0,40,4.5,12.0,-34.81,12.8944,-95,1.69,117.98,0.405155,0.219573,1.3388,0.9596
4531,-100,-75.0,40,4.5,11.5,-34.48,12.0851,-83,1.39,118.34,0.387817,0.206602,1.042,0.9659
4533,-100,-75.0,40,4.5,12.5,-33.59,13.0435,-80,3.94,115.45,0.4527,0.287383,5.4284,0.8523
4534,-100,-75.0,40,4.5,13.0,-34.66,13.3657,-87,2.48,117.11,0.433116,0.246947,2.5197,0.9271
4535,-100,-75.0,40,4.5,13.5,-34.87,14.0688,-89,5.19,113.85,0.501535,0.306077,5.0573,0.8864
4536,-100,-75.0,40,4.5,14.0,-34.63,14.4845,-91,3.2,116.3,0.451198,0.273588,2.8671,0.9149
4537,-100,-75.0,40,4.75,1.0,-30.96,4.174,-41,4.78,114.35,0.452987,0.297769,5.4889,0.8481
4538,-100,-75.0,40,4.75,1.5,-31.3,4.2315,-42,5.42,113.45,0.473723,0.317353,5.4694,0.864
4540,-100,-75.0,40,4.75,2.5,-31.1,4.8971,-45,9.33,108.86,0.522948,0.396801,10.9707,0.7078
4539,-100,-75.0,40,4.75,2.0,-30.76,4.2575,-43,3.95,115.26,0.438314,0.277131,4.6569,0.8698
4541,-100,-75.0,40,4.75,3.0,-30.83,5.1346,-48,4.26,115.04,0.463154,0.287617,4.1542,0.8832
4542,-100,-75.0,40,4.75,3.5,-30.3,4.9206,-48,2.6,117.01,0.417544,0.249857,2.443,0.93
4544,-100,-75.0,40,4.75,4.5,-31.53,6.3424,-56,8.09,110.43,0.523367,0.380511,8.4517,0.776
4543,-100,-75.0,40,4.75,4.0,-31.26,6.0642,-52,2.33,117.36,0.462226,0.254142,1.2736,0.9582
4545,-100,-75.0,40,4.75,5.0,-31.01,6.4221,-55,4.45,114.73,0.464738,0.296864,4.3161,0.8871
4546,-100,-75.0,40,4.75,5.5,-30.36,6.9282,-55,1.43,118.33,0.388078,0.211487,0.7089,0.9736
4547,-100,-75.0,40,4.75,6.0,-30.94,7.2997,-57,3.17,116.2,0.416007,0.257088,2.5373,0.9253
4548,-100,-75.0,40,4.75,6.5,-31.58,7.4017,-59,3.87,115.36,0.458461,0.28553,2.8144,0.9315
4549,-100,-75.0,40,4.75,7.0,-31.22,8.3259,-64,2.39,117.3,0.434201,0.245198,1.7498,0.9454
4551,-100,-75.0,40,4.75,8.0,-30.33,8.8651,-63,11.3,106.45,0.570692,0.456888,13.0273,0.6387
4550,-100,-75.0,40,4.75,7.5,-30.2,8.2777,-67,4.92,114.01,0.47955,0.321192,5.2144,0.8604
4552,-100,-75.0,40,4.75,8.5,-31.43,9.0845,-66,3.71,115.55,0.434326,0.276597,3.1568,0.9102
4553,-100,-75.0,40,4.75,9.0,-29.97,10.024,-71,2.06,117.6,0.412612,0.23279,2.1667,0.9387
4554,-100,-75.0,40,4.75,9.5,-31.02,10.3032,-68,2.74,116.79,0.440715,0.257579,2.6583,0.9275
4555,-100,-75.0,40,4.75,10.0,-30.92,10.7385,-78,3.37,115.99,0.49769,0.281226,3.6204,0.8992
4556,-100,-75.0,40,4.75,10.5,-31.16,11.2461,-74,3.23,116.22,0.445637,0.258381,3.2838,0.9063
4557,-100,-75.0,40,4.75,11.0,-31.13,11.5897,-76,8.31,110.04,0.506713,0.383411,10.3032,0.7163
4558,-100,-75.0,40,4.75,11.5,-31.4,12.0901,-84,2.36,117.23,0.415244,0.237277,1.4527,0.955
4559,-100,-75.0,40,4.75,12.0,-31.43,12.3428,-83,4.12,115.26,0.468047,0.276485,4.7222,0.868
4560,-100,-75.0,40,4.75,12.5,-30.99,13.0063,-81,0.96,118.8,0.38046,0.197741,0.8267,0.974
4561,-100,-75.0,40,4.75,13.0,-31.16,13.4814,-84,3.57,115.95,0.483266,0.290495,3.9005,0.8944
4562,-100,-75.0,40,4.75,13.5,-30.88,13.9837,-82,4.34,114.75,0.448044,0.292466,4.6946,0.8667
4563,-100,-75.0,40,4.75,14.0,-30.79,14.603,-91,3.72,115.66,0.453754,0.284083,4.9345,0.8651
4564,-100,-75.0,40,5.0,1.0,-27.51,4.3849,-38,6.2,112.64,0.489288,0.329612,5.5718,0.8443
4565,-100,-75.0,40,5.0,1.5,-27.4,4.5686,-39,5.44,113.48,0.472711,0.304886,6.0746,0.8545
4566,-100,-75.0,40,5.0,2.0,-27.92,5.1944,-41,2.09,117.47,0.424645,0.237419,1.2229,0.958
4567,-100,-75.0,40,5.0,2.5,-26.71,4.5747,-41,2.2,117.5,0.450495,0.233887,1.2121,0.9564
4568,-100,-75.0,40,5.0,3.0,-27.02,5.4317,-46,1.8,117.83,0.437008,0.228801,0.8446,0.9698
4569,-100,-75.0,40,5.0,3.5,-27.58,5.5961,-47,3.59,115.61,0.480561,0.276947,3.9058,0.89
4570,-100,-75.0,40,5.0,4.0,-27.2,5.7436,-46,4.47,114.78,0.474077,0.287938,4.3236,0.8799
4571,-100,-75.0,40,5.0,4.5,-27.91,5.8868,-49,3.02,116.38,0.453618,0.277657,4.3816,0.8826
4572,-100,-75.0,40,5.0,5.0,-27.57,6.5234,-53,3.5,115.88,0.428299,0.259459,3.5359,0.919
4573,-100,-75.0,40,5.0,5.5,-26.62,7.1237,-55,5.91,112.86,0.473875,0.328587,5.5392,0.864
4574,-100,-75.0,40,5.0,6.0,-26.81,7.4348,-56,1.67,118.07,0.440431,0.234966,0.7895,0.9752
4575,-100,-75.0,40,5.0,6.5,-27.41,7.3676,-56,4.38,114.71,0.441192,0.281557,4.3423,0.8779
4576,-100,-75.0,40,5.0,7.0,-27.01,8.2487,-59,1.3,118.64,0.41671,0.222828,0.454,0.9792
4577,-100,-75.0,40,5.0,7.5,-27.66,9.0242,-61,3.94,115.35,0.475518,0.280988,3.4138,0.9166
4578,-100,-75.0,40,5.0,8.0,-26.78,8.7533,-65,1.84,117.87,0.412739,0.222784,1.1736,0.9611
4580,-100,-75.0,40,5.0,9.0,-27.62,10.0128,-62,4.76,114.41,0.487846,0.306535,5.9022,0.8361
4579,-100,-75.0,40,5.0,8.5,-27.38,9.688,-65,1.88,117.75,0.418692,0.233131,1.8986,0.9465
4581,-100,-75.0,40,5.0,9.5,-27.35,10.6921,-68,5.81,113.12,0.525176,0.327371,6.5256,0.8198
4582,-100,-75.0,40,5.0,10.0,-27.11,10.7658,-66,2.82,116.61,0.45817,0.260857,2.6712,0.9291
4583,-100,-75.0,40,5.0,10.5,-26.94,11.168,-72,2.11,117.53,0.417287,0.244574,1.5563,0.9532
4584,-100,-75.0,40,5.0,11.0,-27.0,11.7906,-70,1.16,118.6,0.385894,0.198627,0.6613,0.9787
4591,-100,-70.0,40,1.0,1.0,,,,100.0,0.0,0.0,0.0,0.0,0.0
4592,-100,-70.0,40,1.0,1.5,,,,100.0,0.0,0.0,0.0,0.0,0.0
4585,-100,-75.0,40,5.0,11.5,-26.27,12.2498,-76,3.89,115.4,0.439629,0.283981,5.7317,0.8471
4586,-100,-75.0,40,5.0,12.0,-27.46,13.0912,-80,2.6,116.84,0.441573,0.25542,2.1145,0.9405
4587,-100,-75.0,40,5.0,12.5,-27.35,13.2572,-88,4.32,114.76,0.46153,0.290269,5.571,0.8485
4593,-100,-70.0,40,1.0,2.0,,,,100.0,0.0,0.0,0.0,0.0,0.0
4594,-100,-70.0,40,1.0,2.5,,,,100.0,0.0,0.0,0.0,0.0,0.0
4588,-100,-75.0,40,5.0,13.0,-27.07,13.7768,-80,1.85,117.72,0.421009,0.232024,1.2951,0.9635
4589,-100,-75.0,40,5.0,13.5,-27.09,14.0476,-89,4.87,114.18,0.480433,0.302061,4.7186,0.8852
4595,-100,-70.0,40,1.0,3.0,-86.0,2.9439,-90,99.99,0.02,4.470542,2.505797,0.0179,0.0
4596,-100,-70.0,40,1.0,3.5,-85.0,0.0,-85,100.0,0.01,3.925581,0.0,0.009,0.0
4597,-100,-70.0,40,1.0,4.0,-85.46,3.5435,-90,99.94,0.07,3.828561,0.607236,0.0595,0.0
4590,-100,-75.0,40,5.0,14.0,-26.91,14.8721,-85,1.81,117.87,0.439341,0.230859,1.3209,0.9636
4598,-100,-70.0,40,1.0,4.5,-84.35,3.3306,-91,99.83,0.2,3.825035,0.763073,0.1028,0.0007
4599,-100,-70.0,40,1.0,5.0,-83.54,4.6234,-96,99.44,0.68,2.941745,0.914003,0.306,0.0002
4600,-100,-70.0,40,1.0,5.5,-83.61,5.6395,-100,99.03,1.16,3.885281,1.869189,0.7909,0.0036
4601,-100,-70.0,40,1.0,6.0,-84.8,6.5814,-100,98.89,1.33,3.665774,1.102287,0.6902,0.0047
4602,-100,-70.0,40,1.0,6.5,-84.98,6.4464,-100,98.0,2.4,3.68955,0.951401,0.8044,0.0116
4603,-100,-70.0,40,1.0,7.0,-83.68,6.9557,-100,96.51,4.18,3.409259,0.97034,2.1659,0.0172
4604,-100,-70.0,40,1.0,7.5,-83.42,7.5195,-100,94.62,6.46,3.44732,0.986463,2.3814,0.0228
4605,-100,-70.0,40,1.0,8.0,-84.73,8.026,-100,95.47,5.44,3.563494,1.303878,1.5518,0.0256
4606,-100,-70.0,40,1.0,8.5,-85.28,8.2888,-100,94.92,6.09,3.92345,1.14368,1.0486,0.0374
4607,-100,-70.0,40,1.0,9.0,-84.79,8.4733,-100,92.44,9.07,3.541041,0.781437,1.3348,0.0615
4608,-100,-70.0,40,1.0,9.5,-84.14,9.0248,-100,90.14,11.83,3.456446,0.652779,1.3883,0.0756
4609,-100,-70.0,40,1.0,10.0,-83.66,9.6624,-100,89.56,12.55,3.413474,0.979351,3.0389,0.0557
4610,-100,-70.0,40,1.0,10.5,-84.49,9.8608,-100,90.06,11.94,3.812097,1.035828,3.8149,0.0644
4611,-100,-70.0,40,1.0,11.0,-84.11,10.1121,-100,87.2,15.35,3.388919,0.860859,3.1039,0.077
4612,-100,-70.0,40,1.0,11.5,-83.74,10.5022,-100,87.01,15.61,3.730695,0.96732,3.0735,0.094
4613,-100,-70.0,40,1.0,12.0,-84.51,10.7436,-100,86.59,16.09,3.620209,1.022166,2.7888,0.0996
4614,-100,-70.0,40,1.0,12.5,-83.48,11.4825,-100,85.18,17.8,3.518624,0.980384,3.6927,0.1136
4615,-100,-70.0,40,1.0,13.0,-83.51,11.7366,-100,83.82,19.43,3.177389,0.725121,2.7029,0.1206
4616,-100,-70.0,40,1.0,13.5,-83.45,12.1248,-100,83.52,19.79,3.542135,1.078141,4.0532,0.111
4618,-100,-70.0,40,1.25,1.0,-79.5,0.5,-80,99.99,0.01,2.721682,0.111339,0.0179,0.0
4619,-100,-70.0,40,1.25,1.5,-85.0,0.0,-85,100.0,0.01,5.211616,0.0,0.009,0.0
4622,-100,-70.0,40,1.25,3.0,-81.0,2.5707,-86,99.9,0.12,4.899212,1.938257,0.0594,0.0
4620,-100,-70.0,40,1.25,2.0,-80.25,1.0897,-82,99.98,0.02,3.45083,0.477,0.0262,0.0
4617,-100,-70.0,40,1.0,14.0,-83.29,12.2426,-100,81.19,22.56,2.93847,0.607622,2.4177,0.1521
4624,-100,-70.0,40,1.25,4.0,-79.34,4.3806,-91,99.19,0.98,5.380158,1.801834,0.4281,0.0027
4621,-100,-70.0,40,1.25,2.5,-80.0,3.9158,-84,99.96,0.05,4.218123,0.765729,0.0298,0.0
4623,-100,-70.0,40,1.25,3.5,-80.53,3.7015,-91,99.67,0.39,3.860506,1.401421,0.1439,0.0011
4625,-100,-70.0,40,1.25,4.5,-80.24,4.615,-98,98.58,1.7,3.993479,1.405835,1.092,0.0004
4626,-100,-70.0,40,1.25,5.0,-81.43,4.7855,-95,98.0,2.39,3.780632,1.068972,0.3578,0.0166
4627,-100,-70.0,40,1.25,5.5,-80.84,5.9015,-97,97.1,3.49,5.411408,2.648057,0.9894,0.0152
4628,-100,-70.0,40,1.25,6.0,-80.46,5.7627,-100,95.44,5.47,4.399304,1.718062,1.7254,0.0195
4629,-100,-70.0,40,1.25,6.5,-79.94,6.6492,-100,93.67,7.6,4.046579,2.093209,4.1222,0.0291
4630,-100,-70.0,40,1.25,7.0,-81.25,7.0929,-100,92.24,9.33,3.529239,0.781989,2.5415,0.0503
4631,-100,-70.0,40,1.25,7.5,-81.53,7.6088,-100,92.04,9.57,3.809852,0.900361,3.3243,0.0302
4632,-100,-70.0,40,1.25,8.0,-81.56,8.2264,-100,91.69,9.98,4.222391,0.957101,1.7331,0.0588
4633,-100,-70.0,40,1.25,8.5,-80.2,8.5896,-100,86.28,16.48,3.340225,1.140308,4.8434,0.055
4634,-100,-70.0,40,1.25,9.0,-81.25,8.9774,-100,88.92,13.3,4.044377,1.355872,4.1545,0.0519
4635,-100,-70.0,40,1.25,9.5,-80.74,9.567,-100,85.95,16.87,3.88816,1.398827,5.0349,0.0658
4636,-100,-70.0,40,1.25,10.0,-81.93,9.8422,-100,85.54,17.35,3.567349,1.135729,4.9019,0.0817
4637,-100,-70.0,40,1.25,10.5,-80.13,10.412,-100,83.43,19.89,3.728524,1.593164,6.9705,0.0815
4638,-100,-70.0,40,1.25,11.0,-80.82,10.5238,-100,83.76,19.5,3.879529,1.260603,3.9501,0.1179
4639,-100,-70.0,40,1.25,11.5,-80.03,10.9939,-100,82.86,20.58,3.74984,1.547066,5.1386,0.0893
4640,-100,-70.0,40,1.25,12.0,-81.31,11.3092,-100,83.92,19.32,3.700654,1.970693,5.9239,0.0817
4642,-100,-70.0,40,1.25,13.0,-81.35,11.9936,-100,79.88,24.17,3.300882,0.76174,2.5266,0.1697
4643,-100,-70.0,40,1.25,13.5,-81.26,12.6735,-100,82.06,21.54,3.871193,1.068069,2.5704,0.1423
4644,-100,-70.0,40,1.25,14.0,-79.88,13.0389,-100,78.8,25.48,3.436862,0.833657,3.6929,0.1765
4645,-100,-70.0,40,1.5,1.0,-76.35,1.1074,-80,99.88,0.14,3.659485,1.001502,0.1485,0.0
4641,-100,-70.0,40,1.25,12.5,-80.69,11.7249,-100,79.66,24.42,3.317007,0.838939,3.5107,0.1588
4646,-100,-70.0,40,1.5,1.5,-73.42,1.7622,-80,98.03,2.36,2.853264,0.688596,3.7278,0.0
4647,-100,-70.0,40,1.5,2.0,-76.01,2.0879,-83,99.09,1.09,4.100958,0.813743,0.7416,0.0011
4648,-100,-70.0,40,1.5,2.5,-77.07,2.6454,-85,98.68,1.58,3.877192,1.451151,0.7096,0.0025
4651,-100,-70.0,40,1.5,4.0,-76.54,4.1754,-93,94.27,6.88,3.999993,1.361081,5.2016,0.0103
4649,-100,-70.0,40,1.5,3.0,-77.37,3.1803,-87,98.32,2.01,3.954444,0.997234,1.2227,0.0076
4650,-100,-70.0,40,1.5,3.5,-76.83,3.629,-89,96.12,4.66,3.901321,1.283262,2.4385,0.0094
4652,-100,-70.0,40,1.5,4.5,-77.08,4.6,-93,93.44,7.89,4.34109,0.936067,3.05,0.0242
4653,-100,-70.0,40,1.5,5.0,-76.58,5.3202,-98,89.4,12.74,3.749973,1.338466,5.4272,0.0497
4654,-100,-70.0,40,1.5,5.5,-77.01,5.5843,-97,88.98,13.24,4.057321,1.413395,3.0304,0.0723
4655,-100,-70.0,40,1.5,6.0,-77.26,6.0784,-100,85.61,17.26,3.118267,0.748905,4.9026,0.083
4656,-100,-70.0,40,1.5,6.5,-77.22,6.8467,-99,84.96,18.05,3.434581,1.172885,6.6196,0.0761
4658,-100,-70.0,40,1.5,7.5,-77.18,7.8041,-100,84.27,18.89,3.942319,1.27305,5.8501,0.0894
4657,-100,-70.0,40,1.5,7.0,-78.09,7.0585,-100,85.66,17.24,3.54323,1.234931,4.4779,0.0886
4660,-100,-70.0,40,1.5,8.5,-77.27,8.6156,-100,82.01,21.6,3.488122,1.317796,8.147,0.0961
4661,-100,-70.0,40,1.5,9.0,-77.38,8.9728,-100,79.4,24.74,3.444036,1.54448,6.8753,0.0935
4662,-100,-70.0,40,1.5,9.5,-77.38,9.5753,-100,80.74,23.15,3.535312,1.8997,9.0151,0.0671
4659,-100,-70.0,40,1.5,8.0,-77.25,8.1038,-100,80.2,23.78,3.450536,1.370333,4.4291,0.1205
4663,-100,-70.0,40,1.5,10.0,-77.5,9.8143,-100,77.53,27.01,3.1945,0.868118,4.9257,0.1481
4664,-100,-70.0,40,1.5,10.5,-77.38,10.2594,-100,78.49,25.81,3.514853,0.85733,3.3457,0.1653
4665,-100,-70.0,40,1.5,11.0,-76.95,10.6963,-100,79.95,24.08,3.880099,1.816032,7.1394,0.097
4667,-100,-70.0,40,1.5,12.0,-76.66,11.784,-100,75.06,29.95,3.234753,1.264466,7.1563,0.1707
4666,-100,-70.0,40,1.5,11.5,-76.9,11.4175,-100,73.75,31.55,2.950026,1.320948,7.1215,0.1331
4668,-100,-70.0,40,1.5,12.5,-76.52,12.2361,-100,73.31,32.06,2.94615,0.990519,6.8646,0.1991
4670,-100,-70.0,40,1.5,13.5,-77.31,13.0799,-100,75.11,29.89,2.998576,0.975802,5.4847,0.1503
4669,-100,-70.0,40,1.5,13.0,-76.86,12.4625,-100,72.06,33.59,2.83796,0.778785,5.1159,0.215
4672,-100,-70.0,40,1.75,1.0,-71.45,1.6231,-79,90.24,11.71,3.195447,1.155327,9.2334,0.0022
4673,-100,-70.0,40,1.75,1.5,-72.91,1.7376,-79,94.11,7.08,3.989746,0.889945,4.7006,0.002
4674,-100,-70.0,40,1.75,2.0,-72.71,2.3676,-80,90.21,11.76,3.863828,1.381599,6.3305,0.0195
4671,-100,-70.0,40,1.5,14.0,-77.16,13.327,-100,73.49,31.84,2.971769,0.966957,7.2863,0.2022
4675,-100,-70.0,40,1.75,2.5,-72.82,2.8857,-85,88.95,13.27,3.709063,1.356537,8.0749,0.0337
4676,-100,-70.0,40,1.75,3.0,-73.52,3.3307,-85,89.4,12.72,3.587601,0.933142,8.4605,0.0125
4677,-100,-70.0,40,1.75,3.5,-73.53,3.7249,-87,86.08,16.69,3.888308,1.519339,6.9983,0.0586
4678,-100,-70.0,40,1.75,4.0,-73.11,4.277,-87,81.6,22.09,3.350629,1.384109,9.2012,0.0451
4679,-100,-70.0,40,1.75,4.5,-73.14,4.9792,-91,79.62,24.45,3.036723,1.68759,11.9785,0.0707
4684,-100,-70.0,40,1.75,7.0,-73.5,7.1181,-100,77.78,26.69,3.603323,1.294712,5.3701,0.1617
4686,-100,-70.0,40,1.75,8.0,-74.45,8.1644,-100,76.14,28.62,3.36457,0.886396,3.3285,0.196
4680,-100,-70.0,40,1.75,5.0,-72.93,5.2421,-93,75.8,29.06,2.799027,1.096982,10.2856,0.13
4681,-100,-70.0,40,1.75,5.5,-73.79,5.8102,-94,79.26,24.89,3.449312,1.473308,7.6463,0.1336
4682,-100,-70.0,40,1.75,6.0,-73.92,6.043,-100,77.22,27.36,3.329079,1.563252,7.2109,0.1387
4683,-100,-70.0,40,1.75,6.5,-73.74,6.5963,-98,72.4,33.13,2.738665,0.897862,7.774,0.17
4685,-100,-70.0,40,1.75,7.5,-73.85,7.623,-99,72.84,32.61,2.880162,1.11704,8.5156,0.1678
4687,-100,-70.0,40,1.75,8.5,-73.62,8.8653,-100,73.83,31.42,2.947521,0.903643,6.54,0.1808
4689,-100,-70.0,40,1.75,9.5,-74.1,9.5555,-100,74.09,31.11,3.122723,1.307632,8.0308,0.1468
4688,-100,-70.0,40,1.75,9.0,-73.92,9.1654,-100,72.19,33.35,2.921083,1.230117,6.7568,0.1668
4690,-100,-70.0,40,1.75,10.0,-73.36,10.2345,-100,72.26,33.31,2.987901,1.117727,7.7073,0.1872
4691,-100,-70.0,40,1.75,10.5,-74.16,10.4936,-100,70.72,35.17,2.787953,1.270909,10.8964,0.1839
4692,-100,-70.0,40,1.75,11.0,-73.79,10.9584,-100,71.13,34.65,2.879436,1.05462,6.2828,0.2145
4693,-100,-70.0,40,1.75,11.5,-74.01,11.6023,-100,68.68,37.61,2.585165,1.270406,9.469,0.1383
4694,-100,-70.0,40,1.75,12.0,-73.44,11.9772,-100,67.29,39.26,2.522791,1.111836,8.4003,0.1724
4695,-100,-70.0,40,1.75,12.5,-74.29,12.3475,-100,66.6,40.12,2.440445,0.993736,7.6106,0.1993
4696,-100,-70.0,40,1.75,13.0,-73.77,12.7226,-100,70.58,35.35,2.873223,1.109161,7.1136,0.1839
4697,-100,-70.0,40,1.75,13.5,-73.65,13.3332,-100,66.63,40.04,2.49045,0.901826,7.3064,0.243
4698,-100,-70.0,40,1.75,14.0,-73.73,13.6189,-100,65.96,40.91,2.439612,0.877135,7.6171,0.2389
4699,-100,-70.0,40,2.0,1.0,-69.26,1.8227,-76,67.73,38.68,1.488841,1.097052,27.0975,0.0292
4701,-100,-70.0,40,2.0,2.0,-68.6,2.6226,-80,51.79,57.86,1.40671,1.357347,29.5576,0.1507
4700,-100,-70.0,40,2.0,1.5,-68.97,1.9102,-78,53.37,56.0,1.388057,1.58273,31.8608,0.0781
4703,-100,-70.0,40,2.0,3.0,-69.58,3.2624,-82,61.14,46.57,2.048615,1.587413,18.2688,0.1398
4702,-100,-70.0,40,2.0,2.5,-68.69,3.2505,-81,60.12,47.86,1.555165,1.514224,31.0977,0.1
4706,-100,-70.0,40,2.0,4.5,-69.95,4.7641,-89,60.66,47.19,2.024506,1.053082,13.4564,0.2289
4708,-100,-70.0,40,2.0,5.5,-70.54,5.6977,-93,63.74,43.49,2.255826,1.280115,14.152,0.2092
4707,-100,-70.0,40,2.0,5.0,-69.74,5.2918,-88,60.6,47.27,2.051096,1.545639,19.6714,0.1589
4709,-100,-70.0,40,2.0,6.0,-70.49,6.1585,-95,66.98,39.64,2.567439,0.944253,5.7838,0.2609
4704,-100,-70.0,40,2.0,3.5,-69.91,4.0986,-85,63.89,43.33,2.129204,1.072709,13.6161,0.2441
4710,-100,-70.0,40,2.0,6.5,-69.17,6.986,-98,58.01,50.42,1.839849,1.274902,20.4811,0.183
4705,-100,-70.0,40,2.0,4.0,-68.95,4.2507,-86,54.38,54.81,1.632967,1.222828,22.0386,0.1532
4711,-100,-70.0,40,2.0,7.0,-71.16,7.1301,-95,65.59,41.34,2.422308,0.814173,3.8926,0.2796
4712,-100,-70.0,40,2.0,7.5,-70.49,7.8207,-99,60.42,47.52,2.032961,0.903512,12.3485,0.2494
4713,-100,-70.0,40,2.0,8.0,-70.29,8.0288,-100,61.88,45.77,2.136284,1.399538,15.2644,0.1747
4714,-100,-70.0,40,2.0,8.5,-70.88,8.4875,-100,64.42,42.74,2.362081,1.183285,11.7899,0.2145
4715,-100,-70.0,40,2.0,9.0,-70.91,9.2606,-100,65.75,41.07,2.430381,1.100308,9.7245,0.2465
4716,-100,-70.0,40,2.0,9.5,-69.33,9.7275,-100,58.52,49.81,1.963111,0.999759,14.7648,0.264
4718,-100,-70.0,40,2.0,10.5,-70.54,10.7382,-100,60.88,46.96,2.098643,1.173904,12.3829,0.1821
4719,-100,-70.0,40,2.0,11.0,-70.44,11.1221,-100,62.51,45.08,2.231056,0.876954,7.3487,0.2662
4720,-100,-70.0,40,2.0,11.5,-70.42,11.4041,-100,69.05,37.14,2.671441,1.900036,16.0205,0.1405
4721,-100,-70.0,40,2.0,12.0,-70.02,12.1668,-100,57.86,50.62,1.923198,1.084052,14.0198,0.2078
4722,-100,-70.0,40,2.0,12.5,-69.6,12.4886,-100,58.27,50.11,1.95196,1.215657,15.386,0.2069
4717,-100,-70.0,40,2.0,10.0,-70.28,10.1214,-100,57.62,50.88,1.875757,0.878197,10.8365,0.2412
4723,-100,-70.0,40,2.0,13.0,-69.39,13.0717,-100,60.9,46.93,2.110741,1.182496,14.0252,0.2217
4724,-100,-70.0,40,2.0,13.5,-69.62,13.5236,-100,57.65,50.87,1.919858,1.090653,14.6655,0.2244
4725,-100,-70.0,40,2.0,14.0,-70.7,13.6261,-100,59.48,48.63,2.03248,0.821401,7.5199,0.2562
4727,-100,-70.0,40,2.25,1.5,-65.66,2.643,-75,23.5,91.77,0.761503,0.845133,26.634,0.2965
4726,-100,-70.0,40,2.25,1.0,-66.35,1.9625,-74,26.67,88.05,0.785565,0.975153,31.3961,0.2367
4729,-100,-70.0,40,2.25,2.5,-66.6,3.0024,-78,27.01,87.66,0.864316,0.815794,26.4145,0.3022
4735,-100,-70.0,40,2.25,5.5,-66.39,5.8577,-91,42.55,69.0,1.310913,0.886925,18.1347,0.2689
4732,-100,-70.0,40,2.25,4.0,-66.8,4.4491,-84,37.0,75.7,1.136453,0.759084,20.9078,0.4217
4728,-100,-70.0,40,2.25,2.0,-66.7,2.5886,-79,19.78,96.23,0.783669,0.566303,16.2587,0.5038
4734,-100,-70.0,40,2.25,5.0,-66.56,5.2941,-87,37.73,74.79,1.169554,0.741036,17.5108,0.4143
4733,-100,-70.0,40,2.25,4.5,-66.25,5.0663,-91,34.28,78.91,1.092883,0.582648,11.6206,0.4597
4730,-100,-70.0,40,2.25,3.0,-65.95,3.6741,-80,24.03,91.16,0.799662,0.768845,26.6402,0.3083
4731,-100,-70.0,40,2.25,3.5,-66.5,3.7495,-84,24.71,90.39,0.865585,0.607188,16.9912,0.4743
4737,-100,-70.0,40,2.25,6.5,-66.37,6.8858,-93,40.1,71.83,1.235063,1.002319,24.3459,0.284
4736,-100,-70.0,40,2.25,6.0,-66.9,6.2047,-91,39.98,72.03,1.261233,0.591971,6.4275,0.4878
4738,-100,-70.0,40,2.25,7.0,-66.74,7.2837,-95,40.47,71.44,1.258634,0.678909,14.5183,0.4379
4739,-100,-70.0,40,2.25,7.5,-66.9,7.8348,-96,42.43,69.08,1.332134,0.623109,7.3131,0.4609
4745,-100,-70.0,40,2.25,10.5,-66.0,10.5949,-100,40.73,71.18,1.261896,0.972619,21.1076,0.2483
4740,-100,-70.0,40,2.25,8.0,-66.41,8.0484,-95,37.26,75.28,1.173998,0.569746,10.0559,0.5105
4746,-100,-70.0,40,2.25,11.0,-66.3,11.0912,-100,44.93,66.14,1.371938,1.530508,22.6309,0.1181
4741,-100,-70.0,40,2.25,8.5,-66.55,8.5011,-100,40.34,71.63,1.257494,0.583912,8.3411,0.4923
4743,-100,-70.0,40,2.25,9.5,-65.98,9.7184,-99,42.91,68.57,1.333078,0.798659,17.4087,0.3528
4742,-100,-70.0,40,2.25,9.0,-66.52,9.2515,-100,43.28,68.1,1.34099,0.774448,16.0365,0.3452
4744,-100,-70.0,40,2.25,10.0,-66.39,10.0867,-100,43.71,67.6,1.34031,0.987807,21.9649,0.2945
4747,-100,-70.0,40,2.25,11.5,-66.99,11.7119,-100,49.32,60.88,1.555414,0.70365,8.9779,0.3884
4749,-100,-70.0,40,2.25,12.5,-67.03,12.6401,-100,53.96,55.33,1.740003,1.039368,19.1616,0.3181
4748,-100,-70.0,40,2.25,12.0,-66.62,11.9897,-100,51.77,57.98,1.652168,1.104943,19.54,0.2855
4750,-100,-70.0,40,2.25,13.0,-66.79,13.1564,-100,48.76,61.5,1.525664,0.871716,15.4993,0.323
4752,-100,-70.0,40,2.25,14.0,-66.58,14.1307,-100,46.46,64.25,1.449963,0.769187,13.1969,0.3677
4751,-100,-70.0,40,2.25,13.5,-67.59,13.3849,-100,50.15,59.89,1.588246,0.673527,8.1685,0.3649
4753,-100,-70.0,40,2.5,1.0,-63.58,2.379,-71,1.71,117.9,0.429625,0.227353,0.6625,0.9747
4754,-100,-70.0,40,2.5,1.5,-63.18,2.3418,-71,3.59,115.59,0.466293,0.279374,2.6772,0.9168
4755,-100,-70.0,40,2.5,2.0,-63.26,3.0854,-73,4.24,115.0,0.490598,0.283618,2.4269,0.9224
4758,-100,-70.0,40,2.5,3.5,-63.8,4.1101,-80,9.22,109.0,0.596681,0.356172,6.0868,0.8436
4757,-100,-70.0,40,2.5,3.0,-63.14,3.8271,-79,8.1,110.27,0.572685,0.346383,6.196,0.8192
4756,-100,-70.0,40,2.5,2.5,-64.06,3.6291,-77,10.47,107.38,0.600426,0.382831,6.7751,0.8119
4761,-100,-70.0,40,2.5,5.0,-63.11,5.6701,-85,16.96,99.74,0.738386,0.458288,10.7063,0.6989
4759,-100,-70.0,40,2.5,4.0,-63.1,4.5906,-83,7.5,111.04,0.55628,0.338617,6.685,0.7984
4760,-100,-70.0,40,2.5,4.5,-63.58,5.2565,-82,15.24,101.85,0.711171,0.423086,8.1702,0.6951
4764,-100,-70.0,40,2.5,6.5,-63.57,6.8654,-90,22.12,93.52,0.832204,0.492417,10.2789,0.6472
4762,-100,-70.0,40,2.5,5.5,-63.05,5.7102,-94,11.79,105.94,0.644374,0.377501,6.3812,0.7962
4763,-100,-70.0,40,2.5,6.0,-63.05,6.4976,-89,23.73,91.51,0.862234,0.574471,17.6746,0.5206
4765,-100,-70.0,40,2.5,7.0,-62.68,7.3111,-93,24.45,90.69,0.838933,0.637217,19.6267,0.4705
4770,-100,-70.0,40,2.5,9.5,-63.13,9.8317,-99,31.79,81.83,1.021304,0.703271,18.6262,0.3939
4769,-100,-70.0,40,2.5,9.0,-63.12,9.1464,-99,24.46,90.71,0.870769,0.49848,11.0232,0.6054
4771,-100,-70.0,40,2.5,10.0,-63.48,10.2767,-100,30.39,83.56,1.015161,0.550764,11.7942,0.5568
4766,-100,-70.0,40,2.5,7.5,-62.31,7.6218,-92,15.75,101.14,0.716341,0.421497,9.5909,0.7065
4773,-100,-70.0,40,2.5,11.0,-63.52,11.2384,-100,34.65,78.44,1.12409,0.621923,12.2552,0.4322
4767,-100,-70.0,40,2.5,8.0,-62.47,8.2607,-96,17.81,98.68,0.747306,0.438417,12.3229,0.6817
4768,-100,-70.0,40,2.5,8.5,-62.97,8.8667,-95,22.46,93.14,0.841408,0.50309,14.3253,0.5508
4772,-100,-70.0,40,2.5,10.5,-63.59,10.752,-100,29.27,84.87,0.988224,0.552224,12.714,0.5669
4774,-100,-70.0,40,2.5,11.5,-62.56,11.6372,-100,30.04,84.04,0.99947,0.616572,15.9386,0.4841
4776,-100,-70.0,40,2.5,12.5,-63.65,12.7215,-100,37.73,74.77,1.193822,0.532224,0.8309,0.6114
4775,-100,-70.0,40,2.5,12.0,-62.71,12.132,-100,30.23,83.78,1.006742,0.593245,13.6695,0.4924
4777,-100,-70.0,40,2.5,13.0,-64.02,13.0204,-100,43.49,67.8,1.342164,0.895171,20.1931,0.3671
4779,-100,-70.0,40,2.5,14.0,-62.58,14.0377,-100,34.38,78.74,1.09491,0.629963,14.8989,0.4624
4778,-100,-70.0,40,2.5,13.5,-63.25,13.5895,-100,36.92,75.69,1.173295,0.653758,13.2003,0.4215
4781,-100,-70.0,40,2.75,1.5,-60.16,2.4241,-68,4.98,114.2,0.477804,0.304736,4.7271,0.8723
4780,-100,-70.0,40,2.75,1.0,-59.44,2.5573,-67,3.86,115.4,0.435152,0.277172,3.5908,0.8933
4783,-100,-70.0,40,2.75,2.5,-59.27,3.5794,-72,1.7,117.96,0.40749,0.220383,0.998,0.9657
4782,-100,-70.0,40,2.75,2.0,-59.29,3.0977,-70,3.05,116.49,0.442957,0.264417,3.5911,0.8982
4784,-100,-70.0,40,2.75,3.0,-59.67,3.6454,-72,1.31,118.47,0.419823,0.22331,0.6324,0.9767
4785,-100,-70.0,40,2.75,3.5,-60.22,4.6377,-77,4.83,114.22,0.467041,0.29776,5.742,0.8416
4788,-100,-70.0,40,2.75,5.0,-59.51,5.6643,-83,8.62,109.64,0.542242,0.349381,7.8129,0.7953
4786,-100,-70.0,40,2.75,4.0,-60.32,4.8086,-77,3.2,116.29,0.471537,0.272734,2.8675,0.9134
4787,-100,-70.0,40,2.75,4.5,-59.47,5.0819,-78,2.44,116.98,0.454597,0.249778,1.6878,0.9472
4789,-100,-70.0,40,2.75,5.5,-60.28,5.9459,-82,5.48,113.59,0.508098,0.306523,4.1191,0.8779
4790,-100,-70.0,40,2.75,6.0,-59.35,6.3553,-85,6.99,111.75,0.556379,0.327323,5.8119,0.8515
4791,-100,-70.0,40,2.75,6.5,-59.68,7.2092,-89,7.66,110.92,0.559978,0.33341,7.1372,0.7846
4792,-100,-70.0,40,2.75,7.0,-59.52,7.4315,-88,10.43,107.62,0.574653,0.405857,12.1905,0.6805
4794,-100,-70.0,40,2.75,8.0,-59.61,8.428,-92,10.7,107.19,0.618119,0.367392,6.3984,0.7852
4793,-100,-70.0,40,2.75,7.5,-59.94,8.0577,-93,11.33,106.48,0.582362,0.407422,11.5298,0.6741
4795,-100,-70.0,40,2.75,8.5,-59.41,8.8351,-94,14.6,102.58,0.688988,0.434436,9.6658,0.6902
4796,-100,-70.0,40,2.75,9.0,-59.33,9.4166,-97,22.75,92.73,0.786596,0.58756,18.2833,0.5405
4797,-100,-70.0,40,2.75,9.5,-59.94,9.6714,-100,14.5,102.76,0.689594,0.396498,8.9794,0.7224
4800,-100,-70.0,40,2.75,11.0,-58.98,11.2757,-100,24.44,90.61,0.860812,0.552499,14.2505,0.5717
4798,-100,-70.0,40,2.75,10.0,-59.63,10.4576,-100,17.27,99.4,0.717291,0.480996,12.2499,0.6595
4799,-100,-70.0,40,2.75,10.5,-60.03,10.7724,-100,18.78,97.48,0.773115,0.457789,9.3492,0.7047
4801,-100,-70.0,40,2.75,11.5,-59.11,11.7881,-100,17.41,99.24,0.756473,0.424699,7.0385,0.7732
4802,-100,-70.0,40,2.75,12.0,-59.84,12.1343,-100,23.55,91.84,0.839892,0.592013,17.7842,0.4465
4803,-100,-70.0,40,2.75,12.5,-59.55,12.5873,-100,26.61,88.15,0.912137,0.555543,14.6325,0.5641
4804,-100,-70.0,40,2.75,13.0,-59.67,13.2613,-100,29.3,84.87,0.952084,0.712062,21.8266,0.4336
4805,-100,-70.0,40,2.75,13.5,-58.96,13.7438,-100,19.87,96.29,0.774243,0.494025,15.4448,0.5573
4806,-100,-70.0,40,2.75,14.0,-59.85,14.1941,-100,24.6,90.52,0.896716,0.511524,11.323,0.5936
4808,-100,-70.0,40,3.0,1.5,-56.52,3.3826,-67,4.99,114.09,0.48421,0.297174,3.7436,0.9094
4807,-100,-70.0,40,3.0,1.0,-56.98,2.5688,-65,5.62,113.24,0.475718,0.312207,5.9651,0.8477
4809,-100,-70.0,40,3.0,2.0,-56.51,2.8062,-67,4.37,114.62,0.500217,0.296628,4.967,0.8606
4811,-100,-70.0,40,3.0,3.0,-56.19,4.0892,-72,4.39,114.79,0.462155,0.282637,4.6163,0.8922
4810,-100,-70.0,40,3.0,2.5,-56.06,3.7388,-68,5.1,113.93,0.479758,0.307378,4.9634,0.8597
4812,-100,-70.0,40,3.0,3.5,-56.45,4.4191,-73,3.79,115.44,0.452691,0.278258,1.9085,0.9394
4814,-100,-70.0,40,3.0,4.5,-56.07,4.9709,-76,9.67,108.47,0.571195,0.437529,12.2383,0.6669
4813,-100,-70.0,40,3.0,4.0,-55.56,4.9988,-73,5.87,113.07,0.503325,0.329153,4.6523,0.8705
4815,-100,-70.0,40,3.0,5.0,-56.39,5.9482,-80,6.66,112.0,0.494835,0.33058,7.6461,0.7935
4816,-100,-70.0,40,3.0,5.5,-55.64,6.1538,-80,1.32,118.42,0.416767,0.211401,0.654,0.977
4818,-100,-70.0,40,3.0,6.5,-56.25,7.272,-85,4.44,114.93,0.52124,0.292925,2.3979,0.914
4817,-100,-70.0,40,3.0,6.0,-56.2,6.4898,-85,1.75,117.81,0.428106,0.230422,1.1526,0.9612
4819,-100,-70.0,40,3.0,7.0,-55.49,7.5637,-85,6.32,112.44,0.516984,0.324527,7.1766,0.8045
4820,-100,-70.0,40,3.0,7.5,-56.03,7.8398,-91,2.53,116.96,0.478027,0.253984,0.8672,0.9625
4821,-100,-70.0,40,3.0,8.0,-56.35,8.6091,-85,5.73,113.1,0.516037,0.316184,6.3845,0.8173
4822,-100,-70.0,40,3.0,8.5,-56.76,9.0048,-95,13.83,103.49,0.672507,0.445445,13.1181,0.6902
4823,-100,-70.0,40,3.0,9.0,-56.55,9.2514,-100,8.13,110.28,0.569028,0.345191,6.7164,0.8213
4824,-100,-70.0,40,3.0,9.5,-55.79,9.826,-94,9.17,109.11,0.597108,0.367559,7.6381,0.7727
4825,-100,-70.0,40,3.0,10.0,-55.54,10.2273,-92,12.34,105.19,0.63667,0.406153,10.381,0.7499
4826,-100,-70.0,40,3.0,10.5,-56.39,10.7724,-97,12.54,104.97,0.62765,0.426659,10.5086,0.6936
4827,-100,-70.0,40,3.0,11.0,-55.8,11.3869,-100,9.9,108.12,0.600241,0.360833,6.0259,0.8224
4828,-100,-70.0,40,3.0,11.5,-55.82,12.0054,-100,16.79,99.78,0.707452,0.485538,13.1283,0.6772
4830,-100,-70.0,40,3.0,12.5,-56.22,12.7922,-100,13.53,103.87,0.681939,0.408849,9.5786,0.7035
4829,-100,-70.0,40,3.0,12.0,-55.76,12.2339,-100,9.98,108.07,0.616056,0.353801,4.7759,0.8343
4831,-100,-70.0,40,3.0,13.0,-56.27,13.3436,-100,15.95,100.85,0.730731,0.421228,7.8428,0.743
4833,-100,-70.0,40,3.0,14.0,-56.4,14.115,-100,21.13,94.7,0.790318,0.616286,19.4798,0.4273
4832,-100,-70.0,40,3.0,13.5,-55.5,13.8234,-100,19.27,96.98,0.76684,0.500207,13.2713,0.6548
4834,-100,-70.0,40,3.25,1.0,-53.04,2.6492,-60,1.7,117.97,0.393162,0.221053,0.9564,0.9684
4835,-100,-70.0,40,3.25,1.5,-52.85,3.1502,-62,1.56,118.11,0.406897,0.232241,2.1713,0.9412
4836,-100,-70.0,40,3.25,2.0,-53.05,3.5285,-64,4.03,115.3,0.45449,0.284025,4.425,0.8732
4837,-100,-70.0,40,3.25,2.5,-52.28,3.63,-66,3.87,115.48,0.467971,0.284634,4.064,0.8834
4838,-100,-70.0,40,3.25,3.0,-51.91,4.3478,-68,3.7,115.68,0.464772,0.281061,3.8915,0.887
4839,-100,-70.0,40,3.25,3.5,-52.54,4.234,-72,1.24,118.71,0.393774,0.223509,1.1605,0.9669
4840,-100,-70.0,40,3.25,4.0,-52.92,4.7251,-72,2.53,117.01,0.435649,0.250851,1.3234,0.9604
4841,-100,-70.0,40,3.25,4.5,-52.22,5.1326,-76,6.82,111.65,0.528912,0.351059,6.4606,0.831
4842,-100,-70.0,40,3.25,5.0,-52.06,5.6158,-74,3.06,116.42,0.44756,0.26335,3.6623,0.8966
4843,-100,-70.0,40,3.25,5.5,-52.57,6.2183,-75,2.17,117.34,0.429289,0.234668,0.8908,0.9625
4844,-100,-70.0,40,3.25,6.0,-52.8,6.5497,-79,3.32,116.02,0.450782,0.281131,3.5783,0.8996
4845,-100,-70.0,40,3.25,6.5,-52.96,7.1943,-80,3.09,116.35,0.412799,0.249239,2.898,0.9327
4846,-100,-70.0,40,3.25,7.0,-52.15,7.582,-86,2.11,117.51,0.420745,0.230032,1.3053,0.9558
4847,-100,-70.0,40,3.25,7.5,-52.57,8.0823,-86,1.79,117.92,0.392255,0.22218,1.9243,0.9437
4850,-100,-70.0,40,3.25,9.0,-52.79,9.1928,-87,11.16,106.66,0.591571,0.409149,11.3527,0.7145
4848,-100,-70.0,40,3.25,8.0,-52.74,8.3145,-86,2.97,116.59,0.453197,0.254117,1.9568,0.9345
4851,-100,-70.0,40,3.25,9.5,-52.67,9.8247,-88,3.6,115.63,0.493577,0.269209,3.5988,0.8999
4849,-100,-70.0,40,3.25,8.5,-52.57,9.0618,-91,4.91,114.32,0.521312,0.313657,4.6066,0.8653
4852,-100,-70.0,40,3.25,10.0,-52.0,10.3592,-93,3.7,115.67,0.457616,0.26802,3.5599,0.8937
4855,-100,-70.0,40,3.25,11.5,-52.02,11.7464,-100,13.35,104.01,0.620201,0.442051,11.2557,0.7114
4854,-100,-70.0,40,3.25,11.0,-52.87,11.3066,-95,7.9,110.6,0.595439,0.328601,2.7807,0.9018
4853,-100,-70.0,40,3.25,10.5,-52.45,10.9217,-93,7.09,111.57,0.529012,0.373235,10.2619,0.7259
4856,-100,-70.0,40,3.25,12.0,-52.45,12.3924,-100,10.27,107.73,0.582234,0.39641,10.1075,0.7089
4857,-100,-70.0,40,3.25,12.5,-53.36,12.7657,-100,12.39,105.11,0.652181,0.435633,12.7249,0.6606
4858,-100,-70.0,40,3.25,13.0,-53.53,13.21,-100,12.99,104.55,0.630959,0.416165,9.5385,0.7291
4859,-100,-70.0,40,3.25,13.5,-52.57,13.909,-100,11.07,106.73,0.604736,0.382407,6.8623,0.7906
4863,-100,-70.0,40,3.5,2.0,-48.88,3.3029,-61,7.71,110.7,0.571023,0.367047,8.9975,0.7621
4860,-100,-70.0,40,3.25,14.0,-52.63,14.2885,-100,10.79,107.17,0.622632,0.405857,11.4536,0.6705
4862,-100,-70.0,40,3.5,1.5,-48.87,3.5132,-59,5.72,113.14,0.511138,0.330874,5.6486,0.866
4861,-100,-70.0,40,3.5,1.0,-49.06,3.5508,-58,2.41,117.12,0.436625,0.247366,2.5531,0.9262
4865,-100,-70.0,40,3.5,3.0,-49.01,4.0379,-63,7.63,110.95,0.549444,0.364009,9.524,0.7394
4864,-100,-70.0,40,3.5,2.5,-48.93,3.7227,-61,1.69,118.03,0.433062,0.233154,1.0276,0.9673
4866,-100,-70.0,40,3.5,3.5,-49.04,4.7045,-68,3.33,116.09,0.456407,0.280408,4.2042,0.8841
4867,-100,-70.0,40,3.5,4.0,-49.44,4.6803,-67,3.81,115.47,0.437155,0.277622,4.0611,0.885
4868,-100,-70.0,40,3.5,4.5,-49.98,5.5307,-70,4.15,115.01,0.459806,0.28086,3.9088,0.8897
4869,-100,-70.0,40,3.5,5.0,-49.1,5.7826,-70,5.43,113.52,0.45114,0.328585,7.9625,0.7883
4871,-100,-70.0,40,3.5,6.0,-49.8,6.7102,-76,8.37,110.07,0.513882,0.372172,9.5609,0.7508
4870,-100,-70.0,40,3.5,5.5,-48.87,6.1818,-74,3.61,115.77,0.451519,0.282929,4.4241,0.8783
4872,-100,-70.0,40,3.5,6.5,-49.07,7.2758,-81,3.36,116.1,0.474842,0.270279,3.3188,0.9034
4875,-100,-70.0,40,3.5,8.0,-49.0,8.7408,-88,4.08,115.18,0.426094,0.282654,5.0185,0.8604
4873,-100,-70.0,40,3.5,7.0,-49.21,7.5564,-79,1.66,118.16,0.426245,0.226978,1.4096,0.9553
4874,-100,-70.0,40,3.5,7.5,-48.75,7.9366,-79,1.79,117.89,0.450822,0.230255,1.1215,0.9667
4876,-100,-70.0,40,3.5,8.5,-49.35,8.9837,-88,9.71,108.43,0.547116,0.419954,11.9419,0.6938
4878,-100,-70.0,40,3.5,9.5,-49.32,9.9743,-86,9.37,108.87,0.559594,0.399029,10.7995,0.7242
4877,-100,-70.0,40,3.5,9.0,-49.36,9.5101,-90,5.04,114.1,0.452932,0.305336,5.3276,0.8566
4879,-100,-70.0,40,3.5,10.0,-49.19,10.3325,-92,2.73,116.87,0.432177,0.245435,1.981,0.9476
4880,-100,-70.0,40,3.5,10.5,-49.14,10.8074,-93,5.35,113.7,0.48002,0.301713,4.7528,0.8647
4881,-100,-70.0,40,3.5,11.0,-48.5,11.4636,-93,7.85,110.58,0.510691,0.346446,6.1186,0.8512
4882,-100,-70.0,40,3.5,11.5,-48.81,11.8868,-96,8.06,110.32,0.531727,0.352722,8.3288,0.772
4883,-100,-70.0,40,3.5,12.0,-48.79,12.3741,-100,3.62,115.67,0.498316,0.280922,3.4381,0.9158
4884,-100,-70.0,40,3.5,12.5,-48.55,12.7289,-96,8.76,109.5,0.543349,0.36485,7.8152,0.8097
4885,-100,-70.0,40,3.5,13.0,-48.76,13.0615,-97,3.48,115.74,0.47181,0.269701,2.9611,0.9098
4887,-100,-70.0,40,3.5,14.0,-48.48,14.3451,-100,9.4,108.76,0.56373,0.378909,8.4451,0.7749
4886,-100,-70.0,40,3.5,13.5,-48.55,13.8301,-100,4.51,114.61,0.497543,0.289138,3.407,0.8956
4888,-100,-70.0,40,3.75,1.0,-45.38,3.7095,-55,2.87,116.65,0.461114,0.261699,1.1646,0.957
4889,-100,-70.0,40,3.75,1.5,-44.78,3.5066,-55,2.86,116.56,0.423793,0.251426,1.8696,0.9434
4890,-100,-70.0,40,3.75,2.0,-45.45,3.8987,-57,2.78,116.78,0.422073,0.241597,3.2294,0.9095
4891,-100,-70.0,40,3.75,2.5,-44.81,3.7358,-57,4.47,114.71,0.439228,0.288782,5.2209,0.8584
4893,-100,-70.0,40,3.75,3.5,-44.86,4.4225,-61,1.95,117.77,0.406268,0.243453,1.9518,0.9418
4892,-100,-70.0,40,3.75,3.0,-45.18,4.1425,-63,2.99,116.45,0.462849,0.266061,2.0847,0.9442
4894,-100,-70.0,40,3.75,4.0,-45.2,4.7942,-62,8.06,110.43,0.488215,0.37472,8.6177,0.7702
4895,-100,-70.0,40,3.75,4.5,-45.57,5.223,-66,4.64,114.5,0.480129,0.293564,4.5418,0.8938
4896,-100,-70.0,40,3.75,5.0,-45.56,5.7992,-66,7.85,110.5,0.532231,0.382612,11.948,0.6846
4899,-100,-70.0,40,3.75,6.5,-45.65,7.8388,-74,6.41,112.38,0.488593,0.333961,5.9298,0.8611
4898,-100,-70.0,40,3.75,6.0,-45.52,6.7803,-72,2.74,116.81,0.449079,0.264696,1.659,0.9508
4897,-100,-70.0,40,3.75,5.5,-44.84,6.2886,-69,7.75,110.81,0.519976,0.359231,8.4311,0.7949
4900,-100,-70.0,40,3.75,7.0,-45.23,7.6346,-77,4.72,114.29,0.469913,0.291194,3.977,0.8986
4901,-100,-70.0,40,3.75,7.5,-45.29,7.9837,-76,5.39,113.59,0.482098,0.30395,3.8309,0.908
4902,-100,-70.0,40,3.75,8.0,-45.27,8.7383,-77,2.67,116.86,0.412198,0.243105,2.7621,0.9273
4903,-100,-70.0,40,3.75,8.5,-45.3,9.5315,-79,1.89,117.81,0.423222,0.229119,1.3301,0.9558
4905,-100,-70.0,40,3.75,9.5,-45.14,10.0309,-92,3.75,115.53,0.446496,0.272601,2.7777,0.9275
4904,-100,-70.0,40,3.75,9.0,-45.97,9.3219,-83,2.62,116.82,0.456755,0.255018,1.9117,0.9412
4906,-100,-70.0,40,3.75,10.0,-45.34,10.5759,-89,4.21,115.01,0.469378,0.283212,4.1023,0.8826
4908,-100,-70.0,40,3.75,11.0,-45.2,11.6176,-91,8.35,110.0,0.575458,0.38797,9.1195,0.7856
4907,-100,-70.0,40,3.75,10.5,-44.8,10.9798,-91,3.58,115.83,0.480958,0.280802,2.8542,0.9172
4909,-100,-70.0,40,3.75,11.5,-45.31,11.8413,-89,7.54,110.98,0.527515,0.356701,6.7456,0.8336
4911,-100,-70.0,40,3.75,12.5,-45.4,12.9926,-91,2.13,117.49,0.438796,0.237682,2.6627,0.9257
4910,-100,-70.0,40,3.75,12.0,-45.19,12.5888,-100,7.14,111.5,0.499882,0.336097,7.8345,0.8027
4912,-100,-70.0,40,3.75,13.0,-45.28,13.4704,-98,9.1,109.18,0.552053,0.377574,8.4985,0.7584
4913,-100,-70.0,40,3.75,13.5,-45.17,13.7917,-100,7.24,111.32,0.5163,0.355598,8.938,0.7616
4914,-100,-70.0,40,3.75,14.0,-45.4,14.2077,-99,10.68,107.11,0.563573,0.401424,8.7511,0.7991
4915,-100,-70.0,40,4.0,1.0,-42.0,4.1761,-53,3.42,115.9,0.455757,0.2725,4.4805,0.877
4917,-100,-70.0,40,4.0,2.0,-41.85,4.604,-54,2.32,117.28,0.41841,0.235795,1.6841,0.9532
4916,-100,-70.0,40,4.0,1.5,-42.44,3.9327,-53,1.27,118.35,0.409857,0.220399,1.1319,0.9654
4918,-100,-70.0,40,4.0,2.5,-42.17,4.0698,-56,6.48,112.23,0.501619,0.331981,6.4994,0.828
4919,-100,-70.0,40,4.0,3.0,-42.17,4.2823,-56,2.03,117.67,0.416575,0.237804,1.376,0.9595
4921,-100,-70.0,40,4.0,4.0,-42.02,5.3962,-61,9.41,108.66,0.534876,0.409162,11.3845,0.6927
4920,-100,-70.0,40,4.0,3.5,-41.73,4.7812,-58,6.75,112.08,0.540341,0.367212,7.1003,0.8387
4922,-100,-70.0,40,4.0,4.5,-41.87,5.5208,-63,3.11,116.31,0.480187,0.271704,2.6518,0.9221
4923,-100,-70.0,40,4.0,5.0,-41.39,6.1737,-66,2.26,117.21,0.448367,0.246436,1.4282,0.9553
4924,-100,-70.0,40,4.0,5.5,-41.62,6.3992,-69,2.53,117.02,0.426319,0.25275,2.5392,0.9289
4925,-100,-70.0,40,4.0,6.0,-42.4,7.1588,-68,1.42,118.22,0.419617,0.214525,0.7081,0.9745
4926,-100,-70.0,40,4.0,6.5,-41.45,7.2706,-71,2.41,117.03,0.44305,0.250083,2.0429,0.9401
4927,-100,-70.0,40,4.0,7.0,-40.91,7.4685,-68,2.23,117.52,0.445303,0.245407,1.1185,0.96
4928,-100,-70.0,40,4.0,7.5,-41.11,7.945,-70,1.45,118.3,0.411318,0.220674,1.0185,0.967
4929,-100,-70.0,40,4.0,8.0,-40.99,8.5551,-76,2.39,117.19,0.431295,0.239287,1.4988,0.9564
4930,-100,-70.0,40,4.0,8.5,-41.78,9.1114,-82,3.92,115.37,0.465046,0.271886,4.2745,0.8774
4931,-100,-70.0,40,4.0,9.0,-41.91,9.7856,-80,2.44,117.15,0.418224,0.248053,1.7535,0.9488
4932,-100,-70.0,40,4.0,9.5,-42.98,10.1927,-82,7.41,111.09,0.533996,0.347642,7.524,0.817
4933,-100,-70.0,40,4.0,10.0,-41.85,10.4019,-82,3.38,115.87,0.452963,0.271946,2.4735,0.9434
4934,-100,-70.0,40,4.0,10.5,-42.47,11.1792,-87,7.65,110.84,0.556507,0.392694,10.0594,0.7277
4935,-100,-70.0,40,4.0,11.0,-41.61,11.3096,-84,2.56,116.83,0.445204,0.248973,2.2753,0.9336
4936,-100,-70.0,40,4.0,11.5,-41.85,12.0825,-88,1.51,118.18,0.39511,0.215801,1.5529,0.9553
4937,-100,-70.0,40,4.0,12.0,-41.6,12.6288,-92,4.11,115.03,0.463497,0.288976,3.83,0.8857
4938,-100,-70.0,40,4.0,12.5,-40.92,12.7629,-94,5.86,112.94,0.497132,0.318137,6.283,0.8541
4939,-100,-70.0,40,4.0,13.0,-40.62,13.389,-92,2.14,117.74,0.45291,0.250316,1.6614,0.9461
4941,-100,-70.0,40,4.0,14.0,-41.41,14.3622,-94,4.28,114.91,0.476239,0.285073,3.9735,0.8848
4940,-100,-70.0,40,4.0,13.5,-41.29,14.0907,-94,2.15,117.35,0.410195,0.238014,2.0193,0.9401
4942,-100,-70.0,40,4.25,1.0,-38.2,3.5948,-47,3.0,116.32,0.488745,0.278311,3.7955,0.8954
4945,-100,-70.0,40,4.25,2.5,-37.58,4.7806,-54,9.09,109.16,0.581598,0.361577,8.6857,0.7996
4943,-100,-70.0,40,4.25,1.5,-39.06,4.0907,-49,2.23,117.45,0.418561,0.236038,1.828,0.9515
4944,-100,-70.0,40,4.25,2.0,-38.42,4.3378,-52,3.34,116.04,0.465387,0.267891,2.9037,0.9163
4946,-100,-70.0,40,4.25,3.0,-38.05,4.7787,-53,6.1,112.89,0.508776,0.329411,5.1471,0.8702
4947,-100,-70.0,40,4.25,3.5,-37.93,4.8653,-56,1.47,118.42,0.439713,0.236962,0.8779,0.9727
4948,-100,-70.0,40,4.25,4.0,-38.03,5.6297,-58,9.01,109.33,0.539139,0.4074,11.3687,0.6946
4949,-100,-70.0,40,4.25,4.5,-38.54,5.3421,-60,3.43,116.05,0.485808,0.281902,2.7704,0.921
4950,-100,-70.0,40,4.25,5.0,-37.5,5.885,-62,5.96,112.92,0.500058,0.328094,5.8839,0.8472
4951,-100,-70.0,40,4.25,5.5,-37.94,6.2066,-62,7.66,110.98,0.516617,0.363307,7.789,0.8096
4952,-100,-70.0,40,4.25,6.0,-37.86,6.9494,-64,9.14,109.15,0.536338,0.401357,11.2807,0.7034
4953,-100,-70.0,40,4.25,6.5,-38.56,7.4446,-69,4.64,114.61,0.485199,0.302357,4.0592,0.8817
4954,-100,-70.0,40,4.25,7.0,-37.92,7.9512,-69,3.51,115.81,0.466815,0.268932,2.3836,0.9385
4955,-100,-70.0,40,4.25,7.5,-37.49,8.2443,-69,5.19,113.82,0.458248,0.306194,6.26,0.8284
4956,-100,-70.0,40,4.25,8.0,-38.13,8.5438,-72,1.42,118.21,0.410073,0.217445,1.1213,0.967
4957,-100,-70.0,40,4.25,8.5,-38.62,9.3717,-76,5.1,113.98,0.469722,0.319917,6.8123,0.8152
4959,-100,-70.0,40,4.25,9.5,-38.65,9.9408,-80,3.96,115.38,0.453642,0.282518,5.4458,0.8517
4958,-100,-70.0,40,4.25,9.0,-37.65,9.4728,-77,1.94,117.88,0.40757,0.233633,1.6934,0.9483
4960,-100,-70.0,40,4.25,10.0,-37.9,10.4876,-82,8.48,109.9,0.527139,0.382143,10.5539,0.7226
4961,-100,-70.0,40,4.25,10.5,-37.5,11.036,-79,1.87,117.82,0.428447,0.236393,1.4287,0.9582
4962,-100,-70.0,40,4.25,11.0,-37.88,11.5301,-83,4.65,114.49,0.456134,0.285247,4.8345,0.868
4963,-100,-70.0,40,4.25,11.5,-38.03,12.0606,-84,1.77,118.01,0.400306,0.220079,0.9859,0.968
4964,-100,-70.0,40,4.25,12.0,-38.06,12.678,-85,4.93,114.13,0.508746,0.307545,5.9396,0.8358
4965,-100,-70.0,40,4.25,12.5,-37.86,13.0914,-89,1.63,118.2,0.448804,0.233584,0.8582,0.9681
4966,-100,-70.0,40,4.25,13.0,-38.75,13.5667,-90,5.4,113.59,0.473744,0.303236,4.244,0.8992
4968,-100,-70.0,40,4.25,14.0,-37.83,14.444,-93,8.83,109.39,0.544629,0.381217,10.8587,0.7015
4969,-100,-70.0,40,4.5,1.0,-34.7,3.9195,-43,9.4,108.72,0.528538,0.392701,9.5492,0.7574
4967,-100,-70.0,40,4.25,13.5,-37.25,13.9322,-95,4.25,114.98,0.4859,0.275892,2.9378,0.9112
4971,-100,-70.0,40,4.5,2.0,-34.33,4.0046,-47,8.63,109.61,0.506069,0.401437,11.7027,0.6949
4970,-100,-70.0,40,4.5,1.5,-34.86,3.9848,-45,2.4,117.12,0.410794,0.237871,1.7338,0.9585
4972,-100,-70.0,40,4.5,2.5,-35.14,4.2029,-50,3.54,115.84,0.436665,0.270924,3.996,0.8864
4973,-100,-70.0,40,4.5,3.0,-34.46,5.0989,-53,1.74,117.83,0.424255,0.222922,1.4118,0.96
4974,-100,-70.0,40,4.5,3.5,-34.74,4.8522,-50,1.96,117.84,0.402507,0.223018,1.4537,0.9573
4975,-100,-70.0,40,4.5,4.0,-34.81,6.1584,-59,2.65,116.89,0.419809,0.246484,1.4436,0.9532
4976,-100,-70.0,40,4.5,4.5,-33.99,5.6935,-56,7.8,110.83,0.562591,0.348708,7.2011,0.793
4977,-100,-70.0,40,4.5,5.0,-33.87,6.2894,-58,4.17,115.09,0.46864,0.287021,4.9809,0.8597
4978,-100,-70.0,40,4.5,5.5,-34.7,6.2812,-58,3.67,115.69,0.431727,0.272682,4.8304,0.8682
4981,-100,-70.0,40,4.5,7.0,-34.58,7.9238,-63,5.71,113.22,0.494355,0.321841,5.0696,0.874
4979,-100,-70.0,40,4.5,6.0,-34.93,7.1606,-61,3.47,115.76,0.460649,0.278792,5.1823,0.862
4980,-100,-70.0,40,4.5,6.5,-34.77,7.7724,-69,4.07,115.16,0.460288,0.288933,5.854,0.8426
4982,-100,-70.0,40,4.5,7.5,-34.42,8.3495,-67,3.29,115.89,0.454405,0.276565,3.0292,0.914
4983,-100,-70.0,40,4.5,8.0,-34.75,9.0327,-75,4.33,114.99,0.485494,0.292865,3.6347,0.9045
4984,-100,-70.0,40,4.5,8.5,-34.72,9.1991,-69,4.86,114.31,0.484437,0.316312,6.7504,0.819
4985,-100,-70.0,40,4.5,9.0,-34.43,9.6826,-73,3.35,116.0,0.444665,0.26351,3.21,0.9163
4986,-100,-70.0,40,4.5,9.5,-35.23,10.1566,-78,1.86,117.83,0.448978,0.233926,0.8672,0.9686
4987,-100,-70.0,40,4.5,10.0,-34.14,10.8462,-75,2.8,116.74,0.451428,0.254834,1.8653,0.9554
4988,-100,-70.0,40,4.5,10.5,-34.69,11.3724,-80,3.41,115.94,0.473332,0.274084,3.687,0.8927
4989,-100,-70.0,40,4.5,11.0,-34.09,11.5707,-76,2.25,117.41,0.429465,0.239332,2.0591,0.9369
4990,-100,-70.0,40,4.5,11.5,-33.85,12.0327,-82,8.22,109.98,0.554918,0.375396,7.9629,0.8067
4991,-100,-70.0,40,4.5,12.0,-34.58,12.7096,-89,3.84,115.42,0.479433,0.277757,3.1123,0.9235
4993,-100,-70.0,40,4.5,13.0,-34.12,13.4261,-87,6.1,112.63,0.491349,0.338727,6.7618,0.8126
4992,-100,-70.0,40,4.5,12.5,-33.67,13.0258,-89,0.99,118.73,0.39453,0.210772,0.6249,0.9798
4994,-100,-70.0,40,4.5,13.5,-34.98,13.9842,-96,2.41,117.12,0.411138,0.23555,1.7867,0.9463
4996,-100,-70.0,40,4.75,1.0,-30.35,4.4583,-40,8.65,109.72,0.525006,0.38718,12.0799,0.6776
4995,-100,-70.0,40,4.5,14.0,-34.48,14.299,-89,3.47,115.94,0.477067,0.269079,2.0831,0.9407
4998,-100,-70.0,40,4.75,2.0,-31.51,3.8278,-42,2.07,117.44,0.419743,0.241254,1.7517,0.9544
4997,-100,-70.0,40,4.75,1.5,-30.6,4.8387,-44,4.26,114.92,0.449124,0.290502,5.7744,0.8435
4999,-100,-70.0,40,4.75,2.5,-30.89,4.8373,-45,3.31,115.91,0.455416,0.283298,2.737,0.932
5000,-100,-70.0,40,4.75,3.0,-30.94,5.1084,-46,4.28,114.85,0.467303,0.283999,4.2176,0.9015
5001,-100,-70.0,40,4.75,3.5,-30.86,5.5176,-49,2.02,117.68,0.424384,0.24378,1.1845,0.9591
5002,-100,-70.0,40,4.75,4.0,-30.96,5.3198,-51,2.01,117.71,0.398261,0.225743,1.5207,0.9523
5003,-100,-70.0,40,4.75,4.5,-31.02,5.8062,-52,4.83,114.31,0.451627,0.310642,7.011,0.8143
5005,-100,-70.0,40,4.75,5.5,-30.67,6.9274,-58,7.56,110.9,0.500811,0.35753,7.7914,0.8228
5004,-100,-70.0,40,4.75,5.0,-31.2,6.3913,-57,3.33,116.04,0.43188,0.267865,3.8245,0.8929
5006,-100,-70.0,40,4.75,6.0,-30.61,7.3003,-56,3.93,115.32,0.477887,0.274513,4.6372,0.8736
5007,-100,-70.0,40,4.75,6.5,-30.61,7.5237,-58,1.38,118.37,0.398038,0.217348,1.1601,0.9643
5008,-100,-70.0,40,4.75,7.0,-29.81,8.0793,-57,1.85,117.88,0.416011,0.239749,1.2654,0.9634
5009,-100,-70.0,40,4.75,7.5,-31.01,8.1926,-67,3.75,115.55,0.41789,0.271798,5.948,0.8435
5010,-100,-70.0,40,4.75,8.0,-31.29,9.1122,-67,2.81,116.59,0.435756,0.261278,3.0802,0.9143
5011,-100,-70.0,40,4.75,8.5,-30.99,9.3527,-68,2.72,116.73,0.458127,0.261421,2.9148,0.9152
5012,-100,-70.0,40,4.75,9.0,-31.88,9.7838,-74,2.85,116.67,0.418389,0.25371,2.5894,0.9235
5013,-100,-70.0,40,4.75,9.5,-30.74,10.0358,-68,3.21,116.26,0.455294,0.262946,3.8007,0.8953
5014,-100,-70.0,40,4.75,10.0,-31.47,10.7425,-74,2.71,116.83,0.422471,0.249849,1.8649,0.9507
5015,-100,-70.0,40,4.75,10.5,-31.56,11.3063,-74,4.34,114.73,0.452344,0.283154,6.4606,0.8278
5016,-100,-70.0,40,4.75,11.0,-30.43,11.6714,-80,5.82,113.26,0.508962,0.337694,5.814,0.8474
5017,-100,-70.0,40,4.75,11.5,-31.51,12.1475,-89,1.88,117.98,0.429643,0.241408,0.9097,0.9631
5018,-100,-70.0,40,4.75,12.0,-30.48,12.6622,-81,5.43,113.57,0.476107,0.316656,6.4899,0.8197
5019,-100,-70.0,40,4.75,12.5,-31.38,13.0056,-80,2.07,117.59,0.462752,0.249077,1.9205,0.945
5020,-100,-70.0,40,4.75,13.0,-30.31,13.4841,-84,3.22,116.14,0.453335,0.264828,5.2469,0.8631
5021,-100,-70.0,40,4.75,13.5,-30.17,14.3736,-89,7.36,111.22,0.500925,0.349463,8.1676,0.8079
5022,-100,-70.0,40,4.75,14.0,-30.19,14.2512,-85,7.68,110.84,0.51589,0.35966,8.371,0.8085
5023,-100,-70.0,40,5.0,1.0,-27.52,4.1427,-36,5.08,113.98,0.47695,0.313976,4.9447,0.8837
5024,-100,-70.0,40,5.0,1.5,-27.54,4.4924,-39,1.43,118.38,0.39288,0.211243,0.6081,0.9742
5027,-100,-70.0,40,5.0,3.0,-27.5,5.4567,-46,4.54,114.63,0.462339,0.287623,4.5425,0.8743
5025,-100,-70.0,40,5.0,2.0,-26.96,4.2615,-39,1.45,118.37,0.413113,0.221561,0.9855,0.9687
5029,-100,-70.0,40,5.0,4.0,-27.77,5.8299,-48,9.3,108.7,0.542317,0.390557,11.7471,0.6956
5026,-100,-70.0,40,5.0,2.5,-27.5,4.8705,-44,4.21,114.88,0.442565,0.284969,5.9694,0.8415
5028,-100,-70.0,40,5.0,3.5,-27.2,4.9584,-45,8.42,109.95,0.521893,0.371932,10.5002,0.7125
5030,-100,-70.0,40,5.0,4.5,-27.66,5.8724,-53,2.32,117.21,0.443273,0.249094,1.786,0.9485
5032,-100,-70.0,40,5.0,5.5,-27.24,6.6771,-52,3.29,115.92,0.43952,0.279528,4.3497,0.884
5031,-100,-70.0,40,5.0,5.0,-27.4,6.4781,-53,2.36,117.26,0.421296,0.244337,1.369,0.9604
5034,-100,-70.0,40,5.0,6.5,-26.86,7.5976,-53,8.29,110.28,0.554693,0.381248,10.8003,0.711
5033,-100,-70.0,40,5.0,6.0,-27.2,7.312,-56,2.25,117.35,0.415481,0.231127,1.558,0.9602
5035,-100,-70.0,40,5.0,7.0,-28.48,8.537,-61,8.87,109.4,0.520343,0.398971,12.1497,0.6727
5036,-100,-70.0,40,5.0,7.5,-27.08,8.1803,-63,3.92,115.32,0.428696,0.274524,5.571,0.8501
5037,-100,-70.0,40,5.0,8.0,-28.09,9.2912,-65,1.62,118.02,0.424047,0.224912,1.3748,0.9622
5040,-100,-70.0,40,5.0,9.5,-27.09,10.1785,-67,8.08,110.3,0.53349,0.375564,10.4152,0.7304
5038,-100,-70.0,40,5.0,8.5,-27.91,9.1816,-66,1.52,118.25,0.395174,0.214878,1.1534,0.9634
5041,-100,-70.0,40,5.0,10.0,-26.88,10.8606,-66,9.03,109.24,0.538233,0.390401,10.7405,0.7114
5039,-100,-70.0,40,5.0,9.0,-27.3,9.6583,-71,1.55,118.14,0.421639,0.229588,1.3593,0.9591
5042,-100,-70.0,40,5.0,10.5,-27.3,11.4348,-71,1.31,118.53,0.422479,0.225123,0.6082,0.9781
5043,-100,-70.0,40,5.0,11.0,-28.31,11.6162,-74,4.59,114.53,0.490816,0.293396,3.9411,0.8909
5052,-100,-65.0,40,1.0,2.0,,,,100.0,0.0,0.0,0.0,0.0,0.0
5044,-100,-70.0,40,5.0,11.5,-26.87,12.0586,-75,1.34,118.5,0.445702,0.22738,0.8097,0.9714
5050,-100,-65.0,40,1.0,1.0,,,,100.0,0.0,0.0,0.0,0.0,0.0
5051,-100,-65.0,40,1.0,1.5,,,,100.0,0.0,0.0,0.0,0.0,0.0
5053,-100,-65.0,40,1.0,2.5,,,,100.0,0.0,0.0,0.0,0.0,0.0
5054,-100,-65.0,40,1.0,3.0,,,,100.0,0.0,0.0,0.0,0.0,0.0
5045,-100,-70.0,40,5.0,12.0,-27.6,12.6202,-80,4.86,114.22,0.452193,0.306976,6.9831,0.8123
5046,-100,-70.0,40,5.0,12.5,-27.69,13.0133,-81,4.2,115.04,0.475113,0.285181,5.0391,0.8635
5055,-100,-65.0,40,1.0,3.5,,,,100.0,0.0,0.0,0.0,0.0,0.0
5047,-100,-70.0,40,5.0,13.0,-27.99,13.7617,-80,5.1,114.03,0.515563,0.322108,5.2975,0.8479
5057,-100,-65.0,40,1.0,4.5,,,,100.0,0.0,0.0,0.0,0.0,0.0
5056,-100,-65.0,40,1.0,4.0,,,,100.0,0.0,0.0,0.0,0.0,0.0
5048,-100,-70.0,40,5.0,13.5,-27.87,14.155,-83,2.2,117.51,0.437907,0.244616,1.4287,0.955
5058,-100,-65.0,40,1.0,5.0,-83.62,3.6379,-90,99.96,0.04,4.457478,0.534543,0.0304,0.0
5059,-100,-65.0,40,1.0,5.5,-80.17,5.398,-89,99.97,0.03,3.504836,0.559908,0.0219,0.0
5061,-100,-65.0,40,1.0,6.5,-85.16,6.8771,-100,99.78,0.27,4.434624,2.602875,0.1392,0.0002
5060,-100,-65.0,40,1.0,6.0,-88.36,5.9356,-100,99.9,0.12,3.603304,0.584838,0.0415,0.0004
5049,-100,-70.0,40,5.0,14.0,-27.75,14.641,-90,2.0,117.73,0.411181,0.239692,1.6741,0.9481
5062,-100,-65.0,40,1.0,7.0,-83.42,7.6375,-100,99.49,0.61,3.674187,1.139376,0.3176,0.0018
5063,-100,-65.0,40,1.0,7.5,-83.06,7.5556,-100,99.06,1.12,3.732857,1.053109,0.4177,0.0031
5064,-100,-65.0,40,1.0,8.0,-85.26,7.4975,-100,99.06,1.13,3.705209,0.715395,0.3469,0.0038
5065,-100,-65.0,40,1.0,8.5,-84.12,8.0827,-100,98.45,1.87,3.689147,1.081378,0.5336,0.0065
5066,-100,-65.0,40,1.0,9.0,-84.8,8.687,-100,97.8,2.64,3.135782,0.63105,0.7907,0.0121
5068,-100,-65.0,40,1.0,10.0,-84.53,9.4409,-100,96.32,4.42,3.814229,1.268547,0.9669,0.018
5067,-100,-65.0,40,1.0,9.5,-84.08,8.9324,-100,96.72,3.94,3.321968,1.269251,1.0781,0.0159
5069,-100,-65.0,40,1.0,10.5,-84.4,10.0326,-100,95.34,5.6,3.56207,0.925538,1.5281,0.0271
5070,-100,-65.0,40,1.0,11.0,-84.5,10.0973,-100,94.69,6.37,3.497756,0.812003,1.0405,0.0379
5071,-100,-65.0,40,1.0,11.5,-84.33,10.4314,-100,93.87,7.37,3.704453,1.594086,1.6386,0.0365
5072,-100,-65.0,40,1.0,12.0,-83.73,10.9718,-100,91.68,9.98,3.324604,0.674024,2.526,0.051
5073,-100,-65.0,40,1.0,12.5,-83.86,11.032,-100,91.54,10.16,3.872218,1.747648,1.911,0.0606
5074,-100,-65.0,40,1.0,13.0,-83.51,11.6724,-100,90.13,11.86,3.478915,1.092833,2.3997,0.0662
5075,-100,-65.0,40,1.0,13.5,-82.74,12.1338,-100,88.32,14.02,3.209887,1.04157,3.5028,0.0521
5077,-100,-65.0,40,1.25,1.0,,,,100.0,0.0,0.0,0.0,0.0,0.0
5076,-100,-65.0,40,1.0,14.0,-83.75,12.3232,-100,90.5,11.4,4.220768,1.372187,2.4368,0.0599
5079,-100,-65.0,40,1.25,2.0,,,,100.0,0.0,0.0,0.0,0.0,0.0
5080,-100,-65.0,40,1.25,2.5,-76.0,0.0,-76,100.0,0.01,5.588018,0.0,0.0089,0.0
5078,-100,-65.0,40,1.25,1.5,,,,100.0,0.0,0.0,0.0,0.0,0.0
5081,-100,-65.0,40,1.25,3.0,-79.0,0.0,-79,100.0,0.01,2.945781,0.0,0.009,0.0
5083,-100,-65.0,40,1.25,4.0,-84.2,2.6382,-87,99.98,0.03,4.041169,1.032046,0.0246,0.0
5082,-100,-65.0,40,1.25,3.5,-78.67,3.3993,-82,99.99,0.02,3.858629,2.078622,0.018,0.0
5084,-100,-65.0,40,1.25,4.5,-83.0,1.9494,-87,99.96,0.05,5.827701,2.097198,0.0469,0.0
5085,-100,-65.0,40,1.25,5.0,-82.28,5.1735,-92,99.86,0.17,4.469017,1.736325,0.0415,0.0009
5086,-100,-65.0,40,1.25,5.5,-79.4,6.0687,-95,99.47,0.64,4.479423,1.88278,0.4224,0.0004
5087,-100,-65.0,40,1.25,6.0,-80.27,5.3004,-96,99.3,0.84,3.32226,0.828962,0.508,0.0016
5091,-100,-65.0,40,1.25,8.0,-80.75,8.0815,-100,96.27,4.47,4.050957,1.419834,1.3724,0.0197
5092,-100,-65.0,40,1.25,8.5,-81.41,8.6034,-100,96.52,4.17,4.488944,1.300304,0.5898,0.0236
5089,-100,-65.0,40,1.25,7.0,-80.63,7.0811,-100,98.14,2.23,3.891605,0.862451,0.6466,0.0088
5088,-100,-65.0,40,1.25,6.5,-81.7,6.2912,-97,98.98,1.23,3.811485,1.118091,0.0953,0.0096
5090,-100,-65.0,40,1.25,7.5,-80.57,7.766,-100,97.26,3.29,3.764676,0.902584,0.6286,0.0168
5093,-100,-65.0,40,1.25,9.0,-79.75,8.881,-100,93.72,7.54,3.326197,1.162533,3.0226,0.015
5095,-100,-65.0,40,1.25,10.0,-81.64,9.7323,-100,93.43,7.89,3.99609,0.967307,1.7676,0.0362
5094,-100,-65.0,40,1.25,9.5,-80.98,9.3642,-100,93.06,8.33,3.591224,0.896297,2.3347,0.0452
5096,-100,-65.0,40,1.25,10.5,-81.51,10.4728,-100,92.8,8.64,4.132032,1.410311,2.7316,0.0426
5097,-100,-65.0,40,1.25,11.0,-81.72,10.5274,-100,91.69,9.98,3.908909,1.281207,2.3784,0.0499
5098,-100,-65.0,40,1.25,11.5,-80.3,10.9434,-100,89.95,12.07,4.149623,1.749175,2.9691,0.0615
5099,-100,-65.0,40,1.25,12.0,-80.43,11.415,-100,88.43,13.9,3.798542,1.057486,2.1389,0.0763
5104,-100,-65.0,40,1.5,1.0,-76.0,0.0,-76,100.0,0.01,3.419028,0.0,0.009,0.0
5100,-100,-65.0,40,1.25,12.5,-80.89,11.4777,-100,88.15,14.23,3.572156,1.310332,2.8029,0.0814
5101,-100,-65.0,40,1.25,13.0,-79.92,11.8948,-100,84.24,18.91,3.216945,1.246238,4.1048,0.0915
5107,-100,-65.0,40,1.5,2.5,-77.0,0.0,-77,100.0,0.01,2.778968,0.0,0.009,0.0
5102,-100,-65.0,40,1.25,13.5,-80.39,12.4233,-100,84.24,18.91,3.279724,0.807394,3.2542,0.1212
5103,-100,-65.0,40,1.25,14.0,-79.79,12.9612,-100,84.43,18.69,3.652035,1.236801,3.9458,0.1177
5108,-100,-65.0,40,1.5,3.0,-77.43,4.1699,-84,99.97,0.04,4.944571,0.920589,0.0415,0.0
5105,-100,-65.0,40,1.5,1.5,,,,100.0,0.0,0.0,0.0,0.0,0.0
5106,-100,-65.0,40,1.5,2.0,-75.33,1.8856,-78,99.99,0.02,2.799527,0.316388,0.0268,0.0
5109,-100,-65.0,40,1.5,3.5,-76.36,3.7457,-84,99.78,0.27,3.111808,0.694635,0.3038,0.0004
5110,-100,-65.0,40,1.5,4.0,-76.87,4.0388,-86,99.59,0.49,3.841239,1.33841,0.2903,0.0004
5111,-100,-65.0,40,1.5,4.5,-76.22,4.7997,-94,99.16,1.01,4.40503,3.359376,0.6724,0.0004
5115,-100,-65.0,40,1.5,6.5,-76.77,6.3529,-96,95.99,4.81,4.610327,1.969287,2.3887,0.0195
5112,-100,-65.0,40,1.5,5.0,-77.38,5.5526,-94,98.96,1.25,4.497602,1.331799,0.4319,0.0027
5114,-100,-65.0,40,1.5,6.0,-76.88,6.3014,-96,97.1,3.48,4.429265,2.003651,2.1211,0.0135
5113,-100,-65.0,40,1.5,5.5,-75.83,5.5871,-91,97.1,3.48,3.998068,2.717625,2.0054,0.007
5116,-100,-65.0,40,1.5,7.0,-77.17,7.361,-100,94.47,6.64,4.245855,1.283447,1.543,0.0339
5117,-100,-65.0,40,1.5,7.5,-76.61,7.7311,-100,92.31,9.23,3.476965,1.425256,4.1823,0.0324
5118,-100,-65.0,40,1.5,8.0,-77.65,7.8378,-100,92.46,9.06,3.889963,1.462325,3.5261,0.0262
5119,-100,-65.0,40,1.5,8.5,-76.96,8.5193,-100,90.27,11.68,4.015257,1.509639,4.3957,0.0497
5120,-100,-65.0,40,1.5,9.0,-77.43,9.2097,-100,88.86,13.38,3.822564,1.085931,2.1036,0.0974
5121,-100,-65.0,40,1.5,9.5,-77.42,9.3404,-100,89.75,12.3,4.407454,1.193991,1.4616,0.0844
5122,-100,-65.0,40,1.5,10.0,-77.32,10.0501,-100,87.22,15.36,3.8245,1.004855,2.8614,0.1035
5123,-100,-65.0,40,1.5,10.5,-77.96,10.3826,-100,87.78,14.67,4.090178,1.429054,2.6402,0.0823
5124,-100,-65.0,40,1.5,11.0,-77.91,10.6991,-100,85.33,17.6,3.607503,0.885853,2.5768,0.1132
5125,-100,-65.0,40,1.5,11.5,-77.52,11.3249,-100,85.57,17.33,4.001208,2.44229,5.3788,0.0664
5126,-100,-65.0,40,1.5,12.0,-77.47,11.5125,-100,83.67,19.6,3.544914,1.165471,4.539,0.0772
5127,-100,-65.0,40,1.5,12.5,-76.31,12.0796,-100,80.6,23.29,3.42728,1.06263,5.883,0.1128
5129,-100,-65.0,40,1.5,13.5,-77.47,12.9033,-100,82.31,21.23,3.68636,0.882659,3.4248,0.1349
5128,-100,-65.0,40,1.5,13.0,-77.5,12.5348,-100,81.71,21.96,3.585896,1.215884,4.0437,0.1369
5130,-100,-65.0,40,1.5,14.0,-77.27,13.2744,-100,83.56,19.73,3.882088,1.40909,3.7814,0.1134
5131,-100,-65.0,40,1.75,1.0,-72.18,1.3361,-76,99.9,0.12,3.219889,1.04755,0.1641,0.0
5132,-100,-65.0,40,1.75,1.5,-73.29,1.8713,-76,99.92,0.09,3.935471,2.558228,0.0675,0.0
5134,-100,-65.0,40,1.75,2.5,-72.81,3.2118,-80,99.83,0.2,5.928247,1.570618,0.1351,0.0004
5135,-100,-65.0,40,1.75,3.0,-73.08,3.115,-82,99.44,0.67,4.894908,1.18424,0.4058,0.0013
5133,-100,-65.0,40,1.75,2.0,-72.93,2.3795,-78,99.87,0.16,5.335452,2.085747,0.0872,0.0002
5136,-100,-65.0,40,1.75,3.5,-73.54,3.7982,-85,98.79,1.45,5.073862,1.798509,0.6875,0.004
5137,-100,-65.0,40,1.75,4.0,-71.52,4.6573,-89,96.29,4.46,4.793004,0.976993,3.3274,0.0065
5139,-100,-65.0,40,1.75,5.0,-72.86,5.146,-93,93.41,7.91,4.428257,2.063264,3.484,0.0319
5138,-100,-65.0,40,1.75,4.5,-73.13,4.7636,-91,95.24,5.71,3.99395,0.952872,2.2594,0.0182
5141,-100,-65.0,40,1.75,6.0,-73.0,6.2219,-96,91.56,10.13,4.132444,2.493236,7.4834,0.0402
5140,-100,-65.0,40,1.75,5.5,-73.91,5.604,-93,94.23,6.92,4.067783,1.344822,4.0448,0.0121
5142,-100,-65.0,40,1.75,6.5,-73.87,6.5551,-99,88.82,13.43,3.910078,1.284779,1.5817,0.0924
5143,-100,-65.0,40,1.75,7.0,-73.72,7.2392,-95,87.07,15.52,3.506067,1.388437,4.959,0.0496
5144,-100,-65.0,40,1.75,7.5,-73.6,7.7407,-100,86.08,16.71,3.524331,1.000537,5.9326,0.072
5145,-100,-65.0,40,1.75,8.0,-74.25,8.1496,-100,85.47,17.44,3.718499,0.961465,1.8637,0.1192
5146,-100,-65.0,40,1.75,8.5,-73.8,8.6858,-100,86.37,16.37,4.402821,1.194517,1.5033,0.1166
5147,-100,-65.0,40,1.75,9.0,-73.92,9.1049,-100,82.04,21.57,3.525719,0.919608,4.9666,0.1208
5148,-100,-65.0,40,1.75,9.5,-73.73,9.6469,-100,80.28,23.69,3.263892,0.970003,4.3988,0.1163
5150,-100,-65.0,40,1.75,10.5,-73.3,10.6324,-100,81.16,22.6,3.659241,1.12247,5.2606,0.1304
5154,-100,-65.0,40,1.75,12.5,-74.18,12.3521,-100,79.83,24.2,3.768583,1.946702,8.2124,0.1219
5149,-100,-65.0,40,1.75,10.0,-73.98,10.1409,-100,80.17,23.81,3.291218,1.044446,5.8677,0.1213
5151,-100,-65.0,40,1.75,11.0,-74.01,11.0211,-100,79.75,24.31,3.56428,1.686712,8.2729,0.104
5158,-100,-65.0,40,2.0,1.0,-68.41,1.3312,-74,97.87,2.56,3.52136,0.850803,2.7123,0.0004
5152,-100,-65.0,40,1.75,11.5,-73.77,11.3284,-100,75.39,29.55,2.943287,0.764537,4.4827,0.1778
5153,-100,-65.0,40,1.75,12.0,-73.6,11.9195,-100,76.77,27.91,3.089855,1.432643,6.0643,0.1152
5159,-100,-65.0,40,2.0,1.5,-68.46,1.9411,-76,97.52,2.98,6.043067,1.793784,2.382,0.0045
5155,-100,-65.0,40,1.75,13.0,-74.56,12.4665,-100,75.27,29.71,2.962174,0.794069,3.9092,0.1861
5156,-100,-65.0,40,1.75,13.5,-73.38,13.4518,-100,75.12,29.86,3.169324,0.862746,4.0375,0.2027
5157,-100,-65.0,40,1.75,14.0,-73.29,13.7872,-100,76.4,28.3,3.13554,1.493453,6.6122,0.1246
5160,-100,-65.0,40,2.0,2.0,-67.52,2.7115,-75,92.79,8.66,2.776137,1.041091,8.3263,0.0011
5162,-100,-65.0,40,2.0,3.0,-69.84,3.1815,-80,94.27,6.88,5.451661,2.28084,3.6093,0.0166
5161,-100,-65.0,40,2.0,2.5,-69.39,2.6868,-79,94.14,7.03,3.706602,2.174001,5.1841,0.0022
5163,-100,-65.0,40,2.0,3.5,-69.06,3.9953,-84,91.31,10.43,5.246591,1.836016,4.9736,0.0267
5164,-100,-65.0,40,2.0,4.0,-70.14,4.3578,-84,88.28,14.07,3.505025,1.288707,6.351,0.0485
5165,-100,-65.0,40,2.0,4.5,-69.91,4.6548,-85,86.4,16.33,3.976148,1.424502,4.96,0.0774
5166,-100,-65.0,40,2.0,5.0,-69.67,5.3673,-87,83.34,20.01,3.541427,1.102986,7.191,0.0966
5167,-100,-65.0,40,2.0,5.5,-69.73,5.6681,-95,83.5,19.79,3.624604,1.867922,9.4503,0.0548
5168,-100,-65.0,40,2.0,6.0,-70.07,6.2938,-91,81.71,21.97,3.653468,1.117895,4.9677,0.1356
5170,-100,-65.0,40,2.0,7.0,-70.4,7.159,-93,81.41,22.31,4.121333,2.122509,5.7399,0.0917
5171,-100,-65.0,40,2.0,7.5,-70.29,7.503,-97,80.82,23.02,3.98967,1.891239,5.6297,0.1006
5169,-100,-65.0,40,2.0,6.5,-69.95,6.6845,-93,80.51,23.42,3.323788,1.016349,6.028,0.1255
5172,-100,-65.0,40,2.0,8.0,-70.92,8.2202,-100,77.76,26.71,3.341853,0.918444,4.196,0.182
5173,-100,-65.0,40,2.0,8.5,-69.81,8.5056,-100,76.6,28.09,3.344673,1.822473,10.2383,0.1147
5174,-100,-65.0,40,2.0,9.0,-69.87,9.2196,-100,74.14,31.07,3.018765,1.063065,7.8691,0.1598
5176,-100,-65.0,40,2.0,10.0,-70.27,10.0841,-100,75.01,29.97,3.173711,0.996914,6.2172,0.1791
5175,-100,-65.0,40,2.0,9.5,-69.52,9.5813,-100,73.59,31.69,2.876051,0.768996,4.9515,0.1734
5177,-100,-65.0,40,2.0,10.5,-69.85,10.4637,-100,72.62,32.87,2.987917,0.752918,2.8132,0.2181
5178,-100,-65.0,40,2.0,11.0,-70.73,10.8831,-100,73.51,31.78,3.039015,0.8138,5.1599,0.1845
5179,-100,-65.0,40,2.0,11.5,-70.2,11.6927,-100,71.42,34.29,2.792474,1.19633,9.8949,0.1859
5180,-100,-65.0,40,2.0,12.0,-70.45,11.9021,-100,72.49,33.04,2.952256,1.045802,7.151,0.1789
5183,-100,-65.0,40,2.0,13.5,-71.03,13.1239,-100,76.97,27.65,3.716555,1.460731,7.0274,0.1742
5181,-100,-65.0,40,2.0,12.5,-70.65,12.3762,-100,72.45,33.08,2.965041,1.198604,7.2375,0.1551
5182,-100,-65.0,40,2.0,13.0,-69.77,13.2529,-100,67.45,39.11,2.506255,0.963697,8.2488,0.2226
5185,-100,-65.0,40,2.25,1.0,-64.93,2.0833,-73,80.47,23.44,2.341342,1.471297,15.6273,0.0157
5184,-100,-65.0,40,2.0,14.0,-70.13,13.6452,-100,70.56,35.35,2.622004,1.195048,8.2419,0.1622
5186,-100,-65.0,40,2.25,1.5,-65.45,2.0685,-73,79.8,24.27,2.485718,1.084164,14.5991,0.0197
5190,-100,-65.0,40,2.25,3.5,-66.82,3.7375,-80,81.39,22.37,4.062085,1.743176,5.9931,0.123
5187,-100,-65.0,40,2.25,2.0,-65.06,2.6747,-76,71.91,33.74,2.116921,1.153697,18.8509,0.0613
5188,-100,-65.0,40,2.25,2.5,-65.13,3.0279,-77,69.04,37.22,2.127268,1.016738,15.45,0.0817
5189,-100,-65.0,40,2.25,3.0,-65.95,3.4544,-80,75.42,29.54,2.694212,2.003761,14.7761,0.0445
5191,-100,-65.0,40,2.25,4.0,-65.17,4.4,-82,65.56,41.34,2.032765,1.35196,20.1908,0.0878
5195,-100,-65.0,40,2.25,6.0,-67.22,6.2807,-91,73.19,32.15,3.004844,1.178798,6.4981,0.2043
5192,-100,-65.0,40,2.25,4.5,-66.34,4.8555,-84,71.07,34.7,2.537613,1.686696,18.0059,0.1187
5193,-100,-65.0,40,2.25,5.0,-66.89,5.1897,-85,73.31,32.03,3.096648,0.936139,3.3842,0.2058
5194,-100,-65.0,40,2.25,5.5,-66.8,6.0095,-90,70.91,34.94,2.710524,0.799893,4.8941,0.2148
5196,-100,-65.0,40,2.25,6.5,-66.02,6.7452,-92,66.07,40.75,2.428787,1.40745,12.6849,0.1758
5197,-100,-65.0,40,2.25,7.0,-66.82,7.1001,-94,70.52,35.42,2.714724,2.038589,15.4821,0.1255
5198,-100,-65.0,40,2.25,7.5,-66.98,7.7066,-94,68.83,37.43,2.69873,0.95744,4.8263,0.2292
5203,-100,-65.0,40,2.25,10.0,-66.19,10.1836,-100,70.05,35.97,2.861575,1.629704,12.6,0.1568
5199,-100,-65.0,40,2.25,8.0,-66.64,8.2739,-96,67.03,39.57,2.486446,1.010597,8.3365,0.2125
5201,-100,-65.0,40,2.25,9.0,-66.67,9.1964,-100,68.28,38.12,2.610258,1.904572,16.7314,0.1172
5200,-100,-65.0,40,2.25,8.5,-65.94,8.916,-99,67.24,39.33,2.560109,1.093855,8.2282,0.2056
5202,-100,-65.0,40,2.25,9.5,-66.23,9.6176,-100,65.02,41.99,2.245945,1.226945,14.0213,0.1861
5204,-100,-65.0,40,2.25,10.5,-65.7,10.5996,-100,61.58,46.1,2.138803,0.963293,12.3592,0.2794
5205,-100,-65.0,40,2.25,11.0,-66.53,10.9697,-100,64.06,43.12,2.309898,0.923339,8.518,0.2548
5206,-100,-65.0,40,2.25,11.5,-65.13,11.6098,-100,60.26,47.69,2.075918,1.104066,15.1498,0.2862
5207,-100,-65.0,40,2.25,12.0,-66.2,12.2378,-100,62.59,44.92,2.219098,1.187344,13.0042,0.1955
5209,-100,-65.0,40,2.25,13.0,-67.29,13.1317,-100,71.74,33.93,3.050806,1.668958,11.1033,0.1673
5208,-100,-65.0,40,2.25,12.5,-65.98,12.4363,-100,61.25,46.54,2.098569,1.270232,14.9237,0.2033
5210,-100,-65.0,40,2.25,13.5,-66.45,13.5179,-100,65.25,41.77,2.416263,1.036169,8.0163,0.2186
5211,-100,-65.0,40,2.25,14.0,-66.42,13.9184,-100,67.19,39.41,2.553669,1.523507,12.7235,0.1571
5212,-100,-65.0,40,2.5,1.0,-61.98,1.8125,-69,37.6,74.95,1.028681,1.345399,34.0111,0.1591
5214,-100,-65.0,40,2.5,2.0,-61.85,2.7687,-73,34.86,78.3,0.954117,1.221221,35.8568,0.2036
5213,-100,-65.0,40,2.5,1.5,-62.53,2.1579,-70,32.89,80.6,1.009364,0.808958,22.7784,0.2756
5217,-100,-65.0,40,2.5,3.5,-63.08,4.0825,-77,49.17,61.02,1.509802,0.780724,14.1995,0.3376
5215,-100,-65.0,40,2.5,2.5,-62.36,3.088,-74,35.24,77.78,1.086219,0.787476,21.8593,0.3675
5216,-100,-65.0,40,2.5,3.0,-62.47,3.6811,-77,43.56,67.77,1.176106,1.265837,33.2462,0.1271
5218,-100,-65.0,40,2.5,4.0,-61.63,4.5909,-79,37.25,75.37,1.110982,1.113187,28.5063,0.198
5220,-100,-65.0,40,2.5,5.0,-63.29,5.6527,-89,54.42,54.68,1.727768,0.718444,8.9949,0.3042
5219,-100,-65.0,40,2.5,4.5,-62.3,5.3117,-81,44.44,66.73,1.30769,0.829443,21.313,0.351
5221,-100,-65.0,40,2.5,5.5,-62.95,5.7485,-83,45.82,65.06,1.402314,0.935808,18.4343,0.2765
5222,-100,-65.0,40,2.5,6.0,-62.78,6.3855,-89,46.36,64.4,1.426791,1.153521,22.9985,0.2222
5224,-100,-65.0,40,2.5,7.0,-63.29,7.4049,-94,52.6,56.85,1.666877,0.849579,13.2146,0.3143
5223,-100,-65.0,40,2.5,6.5,-62.56,6.7861,-92,46.21,64.6,1.439003,0.761258,13.1343,0.3391
5225,-100,-65.0,40,2.5,7.5,-62.96,7.5847,-93,49.21,61.06,1.548077,0.812808,12.7642,0.379
5227,-100,-65.0,40,2.5,8.5,-62.69,8.6778,-100,53.55,55.76,1.725634,1.283048,20.0648,0.1884
5229,-100,-65.0,40,2.5,9.5,-62.91,9.5506,-100,51.9,57.78,1.643808,1.133057,19.5579,0.2345
5226,-100,-65.0,40,2.5,8.0,-63.07,8.212,-92,50.08,59.97,1.547113,1.054389,20.76,0.274
5228,-100,-65.0,40,2.5,9.0,-61.92,9.3494,-99,49.82,60.31,1.575319,1.064072,18.516,0.2383
5230,-100,-65.0,40,2.5,10.0,-62.51,10.3096,-100,48.96,61.23,1.527381,0.828014,16.4134,0.3504
5231,-100,-65.0,40,2.5,10.5,-62.94,10.5998,-100,51.6,58.1,1.65816,0.686434,7.9022,0.4153
5232,-100,-65.0,40,2.5,11.0,-62.62,11.2275,-100,49.59,60.56,1.559086,0.901029,15.1908,0.2707
5233,-100,-65.0,40,2.5,11.5,-63.34,11.727,-100,57.99,50.43,1.964072,0.800912,6.4472,0.303
5234,-100,-65.0,40,2.5,12.0,-63.13,11.9917,-100,55.01,54.02,1.801226,0.76815,8.4992,0.3781
5235,-100,-65.0,40,2.5,12.5,-63.22,12.6429,-100,65.06,41.98,2.369044,1.81675,17.9308,0.1544
5236,-100,-65.0,40,2.5,13.0,-62.72,13.1684,-100,55.48,53.4,1.825784,1.091338,14.0752,0.2123
5237,-100,-65.0,40,2.5,13.5,-63.21,13.4386,-100,54.82,54.21,1.787347,0.899745,10.9139,0.257
5238,-100,-65.0,40,2.5,14.0,-62.87,14.0153,-100,51.81,57.85,1.647522,0.99714,14.5987,0.2552
5239,-100,-65.0,40,2.75,1.0,-59.55,2.8118,-68,7.19,111.51,0.53707,0.3478,9.5728,0.7378
5240,-100,-65.0,40,2.75,1.5,-59.61,2.7385,-68,7.9,110.61,0.525881,0.354409,9.774,0.7336
5242,-100,-65.0,40,2.75,2.5,-58.44,4.0124,-72,14.2,102.95,0.665302,0.448973,13.9541,0.6282
5241,-100,-65.0,40,2.75,2.0,-59.55,3.2785,-70,13.12,104.27,0.596048,0.451944,15.1702,0.6391
5243,-100,-65.0,40,2.75,3.0,-59.25,3.5821,-72,15.05,102.01,0.659849,0.454706,12.2002,0.6637
5244,-100,-65.0,40,2.75,3.5,-60.5,4.118,-76,22.54,93.01,0.781517,0.561637,17.4874,0.5821
5245,-100,-65.0,40,2.75,4.0,-59.58,4.4298,-77,17.03,99.57,0.71225,0.441572,9.0346,0.7405
5246,-100,-65.0,40,2.75,4.5,-59.58,4.6557,-78,28.61,85.67,0.939802,0.737428,20.3491,0.3336
5247,-100,-65.0,40,2.75,5.0,-59.17,5.485,-82,19.9,96.23,0.759572,0.49963,14.2825,0.5758
5248,-100,-65.0,40,2.75,5.5,-59.69,6.0004,-84,28.08,86.37,0.945136,0.603341,16.4114,0.47
5249,-100,-65.0,40,2.75,6.0,-60.01,6.179,-85,26.46,88.27,0.912269,0.591868,15.8884,0.4783
5250,-100,-65.0,40,2.75,6.5,-58.97,6.905,-85,28.11,86.25,0.940305,0.607318,15.4756,0.5174
5251,-100,-65.0,40,2.75,7.0,-59.2,7.4891,-86,31.12,82.7,1.020227,0.641022,16.4707,0.4837
5252,-100,-65.0,40,2.75,7.5,-59.85,7.9158,-93,29.76,84.35,0.977528,0.579047,13.8293,0.4738
5253,-100,-65.0,40,2.75,8.0,-58.87,8.2667,-94,28.95,85.19,0.964454,0.609351,17.5077,0.4678
5254,-100,-65.0,40,2.75,8.5,-59.64,8.8779,-89,34.36,78.87,1.104553,0.566888,10.4156,0.5221
5255,-100,-65.0,40,2.75,9.0,-60.08,9.3138,-95,36.15,76.67,1.13551,0.675868,16.5638,0.435
5257,-100,-65.0,40,2.75,10.0,-60.51,10.3357,-98,43.03,68.44,1.345019,0.628542,7.5477,0.4727
5256,-100,-65.0,40,2.75,9.5,-59.84,9.9703,-100,36.66,75.98,1.137897,0.691072,17.8042,0.4378
5258,-100,-65.0,40,2.75,10.5,-59.23,10.6757,-100,34.14,79.1,1.094317,0.65826,17.5844,0.4624
5260,-100,-65.0,40,2.75,11.5,-59.81,11.89,-100,37.94,74.49,1.193546,0.568038,8.564,0.5585
5259,-100,-65.0,40,2.75,11.0,-59.11,11.3325,-100,35.04,77.92,1.103191,0.701083,18.7547,0.4258
5261,-100,-65.0,40,2.75,12.0,-60.04,12.2346,-100,43.62,67.72,1.359804,0.619226,6.3546,0.468
5262,-100,-65.0,40,2.75,12.5,-59.86,12.7277,-100,41.24,70.57,1.291061,0.667858,12.2073,0.4114
5263,-100,-65.0,40,2.75,13.0,-58.61,13.1809,-100,47.87,62.57,1.485484,1.16122,25.1594,0.2763
5264,-100,-65.0,40,2.75,13.5,-59.18,13.5045,-100,40.39,71.6,1.24882,0.87227,18.7585,0.2935
5265,-100,-65.0,40,2.75,14.0,-59.42,13.9438,-100,39.74,72.37,1.238925,0.663751,12.9292,0.4548
5267,-100,-65.0,40,3.0,1.5,-56.09,3.1929,-66,3.43,115.95,0.439394,0.269891,3.9214,0.8909
5266,-100,-65.0,40,3.0,1.0,-55.77,2.4407,-62,4.35,114.86,0.437906,0.283863,5.8848,0.8432
5268,-100,-65.0,40,3.0,2.0,-56.69,3.0785,-67,6.24,112.51,0.50124,0.325556,5.8493,0.8352
5269,-100,-65.0,40,3.0,2.5,-56.24,3.1189,-67,3.49,115.96,0.477991,0.271957,3.4362,0.8992
5272,-100,-65.0,40,3.0,4.0,-56.33,4.8215,-77,6.18,112.59,0.560688,0.329349,6.1769,0.8325
5271,-100,-65.0,40,3.0,3.5,-55.37,4.314,-71,5.21,113.65,0.493326,0.310896,7.1702,0.8067
5270,-100,-65.0,40,3.0,3.0,-56.82,4.0224,-72,6.01,112.91,0.497066,0.320569,5.8115,0.8685
5273,-100,-65.0,40,3.0,4.5,-56.04,4.9391,-76,5.12,113.94,0.52942,0.31262,3.8297,0.9031
5274,-100,-65.0,40,3.0,5.0,-56.88,5.3347,-79,8.56,109.72,0.543362,0.372908,11.8987,0.6826
5276,-100,-65.0,40,3.0,6.0,-56.02,6.552,-82,10.31,107.65,0.584482,0.394262,10.6002,0.7543
5275,-100,-65.0,40,3.0,5.5,-55.57,6.2436,-80,6.03,112.78,0.505054,0.310816,6.1728,0.8194
5277,-100,-65.0,40,3.0,6.5,-55.71,7.1521,-82,11.15,106.73,0.627324,0.385756,9.1355,0.7163
5279,-100,-65.0,40,3.0,7.5,-56.23,7.9381,-88,12.72,104.81,0.656816,0.395194,7.0782,0.7658
5278,-100,-65.0,40,3.0,7.0,-55.37,7.364,-89,8.21,110.18,0.590633,0.350795,6.6348,0.8
5280,-100,-65.0,40,3.0,8.0,-55.97,8.5129,-90,18.72,97.66,0.7273,0.597386,20.4446,0.4468
5281,-100,-65.0,40,3.0,8.5,-56.15,8.8162,-90,24.6,90.57,0.89231,0.526852,11.9429,0.5879
5284,-100,-65.0,40,3.0,10.0,-55.92,10.202,-97,17.22,99.45,0.737356,0.437055,10.4808,0.7047
5283,-100,-65.0,40,3.0,9.5,-55.29,9.9203,-93,15.54,101.31,0.713105,0.419275,7.5103,0.7445
5282,-100,-65.0,40,3.0,9.0,-56.21,9.2457,-93,15.97,100.85,0.708566,0.462014,15.909,0.5521
5285,-100,-65.0,40,3.0,10.5,-55.08,10.8544,-100,18.26,98.15,0.740701,0.447999,13.1442,0.6747
5286,-100,-65.0,40,3.0,11.0,-55.63,11.1687,-100,23.19,92.2,0.828518,0.542241,14.7063,0.5955
5288,-100,-65.0,40,3.0,12.0,-55.64,12.4027,-100,25.81,89.06,0.918033,0.547623,13.0733,0.521
5287,-100,-65.0,40,3.0,11.5,-56.25,11.6771,-100,25.46,89.58,0.906658,0.549373,12.0921,0.5651
5289,-100,-65.0,40,3.0,12.5,-56.23,12.6341,-99,29.51,84.64,0.990386,0.581496,13.5153,0.4846
5291,-100,-65.0,40,3.0,13.5,-55.58,13.6951,-100,28.5,85.82,0.958464,0.564262,13.7864,0.5661
5292,-100,-65.0,40,3.0,14.0,-56.31,14.299,-100,33.92,79.28,1.083803,0.701068,17.4526,0.4476
5290,-100,-65.0,40,3.0,13.0,-56.04,13.0295,-100,27.79,86.67,0.961287,0.584535,14.4409,0.5233
5293,-100,-65.0,40,3.25,1.0,-51.93,3.2278,-60,1.99,117.61,0.454336,0.233602,1.3819,0.9584
5294,-100,-65.0,40,3.25,1.5,-52.92,2.9831,-63,7.44,111.15,0.501987,0.338322,7.0196,0.8329
5295,-100,-65.0,40,3.25,2.0,-52.51,3.6843,-65,3.86,115.37,0.455322,0.282872,5.986,0.8432
5296,-100,-65.0,40,3.25,2.5,-52.6,4.0215,-67,2.5,117.07,0.438946,0.238488,1.4692,0.9586
5297,-100,-65.0,40,3.25,3.0,-52.49,4.5008,-67,3.39,115.99,0.445388,0.259544,3.7039,0.8941
5298,-100,-65.0,40,3.25,3.5,-51.45,4.1272,-68,2.92,116.73,0.467388,0.271443,3.8685,0.8951
5301,-100,-65.0,40,3.25,5.0,-52.43,5.5911,-73,7.86,110.56,0.510354,0.354208,8.7568,0.776
5299,-100,-65.0,40,3.25,4.0,-51.84,5.0358,-73,4.28,114.97,0.493626,0.294509,4.3671,0.8756
5300,-100,-65.0,40,3.25,4.5,-53.45,5.2861,-75,3.07,116.39,0.440631,0.258631,1.9794,0.9445
5303,-100,-65.0,40,3.25,6.0,-51.69,6.6322,-76,12.04,105.62,0.588882,0.450385,12.9862,0.7043
5302,-100,-65.0,40,3.25,5.5,-52.61,6.0613,-76,3.2,116.25,0.487617,0.264099,2.7615,0.919
5304,-100,-65.0,40,3.25,6.5,-52.63,7.0892,-81,7.93,110.41,0.554095,0.349238,8.3275,0.7706
5306,-100,-65.0,40,3.25,7.5,-52.96,8.249,-84,8.11,110.47,0.551182,0.357025,9.4514,0.7345
5305,-100,-65.0,40,3.25,7.0,-53.02,7.7887,-83,6.37,112.34,0.540043,0.325977,5.5387,0.8391
5307,-100,-65.0,40,3.25,8.0,-52.41,8.3274,-90,7.74,110.78,0.557813,0.332483,5.1742,0.8376
5308,-100,-65.0,40,3.25,8.5,-52.45,8.8237,-84,6.79,111.95,0.563764,0.320707,3.9611,0.8745
5309,-100,-65.0,40,3.25,9.0,-52.68,9.4982,-91,9.9,108.19,0.616627,0.382673,10.7572,0.6907
5310,-100,-65.0,40,3.25,9.5,-52.57,9.9525,-93,8.96,109.4,0.5988,0.348606,5.5241,0.8089
5311,-100,-65.0,40,3.25,10.0,-53.08,10.3825,-94,20.53,95.4,0.765535,0.512883,12.4483,0.6644
5312,-100,-65.0,40,3.25,10.5,-52.0,10.927,-93,16.59,100.1,0.693421,0.61556,21.1673,0.4151
5313,-100,-65.0,40,3.25,11.0,-52.34,11.409,-100,13.56,103.74,0.667664,0.405917,8.2959,0.7268
5314,-100,-65.0,40,3.25,11.5,-52.9,11.7239,-97,16.66,99.98,0.688263,0.538151,18.2863,0.5096
5315,-100,-65.0,40,3.25,12.0,-52.81,12.2339,-100,23.36,91.98,0.816355,0.576832,16.9393,0.6031
5316,-100,-65.0,40,3.25,12.5,-51.76,12.6943,-100,14.14,103.11,0.691818,0.403012,7.3732,0.7794
5319,-100,-65.0,40,3.25,14.0,-52.23,14.3279,-100,29.75,84.41,0.974042,0.711941,19.299,0.3875
5317,-100,-65.0,40,3.25,13.0,-52.08,13.132,-100,21.95,93.73,0.806287,0.548131,15.8667,0.5613
5318,-100,-65.0,40,3.25,13.5,-53.18,13.7828,-100,19.33,96.96,0.793514,0.450792,9.6468,0.6602
5320,-100,-65.0,40,3.5,1.0,-49.15,3.5293,-57,0.6,119.35,0.380565,0.188321,0.3656,0.987
5321,-100,-65.0,40,3.5,1.5,-48.64,3.7616,-59,1.74,117.89,0.38921,0.21952,2.0274,0.9423
5322,-100,-65.0,40,3.5,2.0,-48.1,3.3758,-59,2.4,117.17,0.418994,0.241236,1.6828,0.9551
5323,-100,-65.0,40,3.5,2.5,-48.99,3.4564,-61,1.44,118.19,0.43219,0.227399,0.6772,0.9783
5324,-100,-65.0,40,3.5,3.0,-49.13,4.4426,-64,3.79,115.36,0.473013,0.272545,5.8752,0.8459
5325,-100,-65.0,40,3.5,3.5,-48.94,4.4951,-66,3.06,116.37,0.42201,0.262901,2.3066,0.9351
5326,-100,-65.0,40,3.5,4.0,-48.52,5.3813,-69,3.5,115.8,0.434993,0.268691,3.9725,0.8952
5327,-100,-65.0,40,3.5,4.5,-48.96,5.5912,-71,4.32,114.89,0.451681,0.296741,4.8987,0.8705
5329,-100,-65.0,40,3.5,5.5,-48.25,6.6747,-75,6.11,112.7,0.464437,0.327433,7.6328,0.7926
5328,-100,-65.0,40,3.5,5.0,-49.3,5.5925,-71,3.17,116.18,0.430664,0.261114,4.1897,0.8855
5330,-100,-65.0,40,3.5,6.0,-48.45,6.8403,-77,2.08,117.63,0.449352,0.253767,1.3542,0.9539
5331,-100,-65.0,40,3.5,6.5,-48.7,7.2582,-77,4.67,114.42,0.472346,0.29116,3.7154,0.9004
5333,-100,-65.0,40,3.5,7.5,-48.75,8.0191,-80,3.51,115.79,0.469733,0.270719,2.0712,0.9396
5332,-100,-65.0,40,3.5,7.0,-49.06,7.5778,-81,6.22,112.6,0.510765,0.325185,5.6962,0.8398
5334,-100,-65.0,40,3.5,8.0,-48.95,8.949,-83,3.2,116.24,0.480878,0.264371,2.0442,0.9409
5335,-100,-65.0,40,3.5,8.5,-48.75,9.0008,-87,4.63,114.44,0.501282,0.294535,2.5091,0.9136
5336,-100,-65.0,40,3.5,9.0,-49.15,9.3775,-91,4.69,114.41,0.511423,0.28942,3.0863,0.9145
5338,-100,-65.0,40,3.5,10.0,-48.12,10.5019,-87,10.27,107.68,0.586799,0.383328,7.3918,0.7877
5337,-100,-65.0,40,3.5,9.5,-48.47,9.7716,-89,7.43,111.19,0.531996,0.34593,5.827,0.8521
5339,-100,-65.0,40,3.5,10.5,-48.43,10.9609,-95,8.78,109.63,0.559044,0.394074,10.9444,0.7004
5340,-100,-65.0,40,3.5,11.0,-48.86,11.3819,-95,15.3,101.63,0.637035,0.485284,13.67,0.6694
5341,-100,-65.0,40,3.5,11.5,-49.13,11.8939,-100,11.63,106.0,0.61471,0.401142,10.0167,0.7246
5342,-100,-65.0,40,3.5,12.0,-48.32,12.4707,-95,2.97,116.56,0.470885,0.258615,2.1302,0.9376
5343,-100,-65.0,40,3.5,12.5,-48.82,12.6626,-100,13.79,103.66,0.677529,0.437474,12.5547,0.6756
5344,-100,-65.0,40,3.5,13.0,-49.21,13.3012,-100,12.24,105.24,0.633979,0.409293,10.5908,0.7461
5345,-100,-65.0,40,3.5,13.5,-48.87,13.7951,-100,14.12,103.14,0.65864,0.446996,13.0957,0.6559
5346,-100,-65.0,40,3.5,14.0,-48.37,14.1823,-100,17.82,98.69,0.712945,0.498378,14.1151,0.6248
5350,-100,-65.0,40,3.75,2.5,-44.73,4.1608,-58,5.56,113.31,0.509657,0.322385,5.7847,0.8723
5347,-100,-65.0,40,3.75,1.0,-45.15,3.4539,-53,3.85,115.46,0.475155,0.28568,2.7437,0.9268
5348,-100,-65.0,40,3.75,1.5,-45.81,4.0172,-56,1.96,117.65,0.425307,0.233883,1.2384,0.962
5349,-100,-65.0,40,3.75,2.0,-45.12,3.4185,-56,1.79,117.91,0.400987,0.221138,1.4616,0.9535
5352,-100,-65.0,40,3.75,3.5,-44.84,4.7691,-61,8.02,110.37,0.538861,0.400515,9.4795,0.7492
5351,-100,-65.0,40,3.75,3.0,-45.3,4.3422,-60,5.32,113.73,0.526374,0.312759,5.3676,0.8494
5353,-100,-65.0,40,3.75,4.0,-45.76,4.9705,-65,1.42,118.39,0.41025,0.216982,0.6786,0.9776
5354,-100,-65.0,40,3.75,4.5,-45.22,5.8428,-66,1.88,117.73,0.394587,0.222677,1.4205,0.9551
5355,-100,-65.0,40,3.75,5.0,-45.23,5.8408,-68,4.18,114.94,0.462633,0.294702,4.4994,0.877
5356,-100,-65.0,40,3.75,5.5,-45.98,6.141,-71,2.43,117.19,0.428536,0.241018,1.0965,0.9585
5357,-100,-65.0,40,3.75,6.0,-45.26,6.5089,-69,1.7,118.08,0.405761,0.213905,1.1048,0.9629
5358,-100,-65.0,40,3.75,6.5,-45.63,7.084,-75,3.97,115.28,0.462989,0.285431,4.2583,0.8774
5361,-100,-65.0,40,3.75,8.0,-45.65,8.4045,-77,9.1,109.2,0.532708,0.383104,8.9658,0.7702
5359,-100,-65.0,40,3.75,7.0,-45.4,7.808,-76,2.71,116.87,0.433416,0.254134,2.6229,0.9221
5360,-100,-65.0,40,3.75,7.5,-45.14,8.1258,-75,1.7,118.04,0.444067,0.2352,0.9772,0.9689
5362,-100,-65.0,40,3.75,8.5,-45.34,9.1885,-81,2.88,116.79,0.479029,0.274879,1.9045,0.9387
5364,-100,-65.0,40,3.75,9.5,-45.43,10.0364,-86,5.48,113.43,0.476806,0.311936,5.9333,0.8644
5363,-100,-65.0,40,3.75,9.0,-45.24,9.3931,-88,4.25,115.09,0.491639,0.289678,3.0127,0.9067
5365,-100,-65.0,40,3.75,10.0,-44.97,10.5379,-85,3.18,116.39,0.471418,0.263683,1.9832,0.9387
5366,-100,-65.0,40,3.75,10.5,-46.14,10.9,-89,4.65,114.42,0.473695,0.292257,4.8557,0.8604
5367,-100,-65.0,40,3.75,11.0,-46.0,11.4188,-91,5.75,113.1,0.545686,0.314462,4.2048,0.8824
5368,-100,-65.0,40,3.75,11.5,-45.37,11.806,-92,4.35,114.89,0.496815,0.280123,2.2968,0.9342
5369,-100,-65.0,40,3.75,12.0,-45.02,12.4856,-98,6.62,112.18,0.554808,0.336177,6.6696,0.8225
5370,-100,-65.0,40,3.75,12.5,-44.35,12.7567,-97,4.98,114.24,0.507065,0.304812,4.9322,0.8539
5373,-100,-65.0,40,3.75,14.0,-44.51,14.1984,-100,9.88,108.17,0.558198,0.406256,12.8947,0.6465
5371,-100,-65.0,40,3.75,13.0,-44.97,13.3833,-95,3.99,115.27,0.515111,0.278449,1.9815,0.9233
5372,-100,-65.0,40,3.75,13.5,-45.14,13.8922,-95,4.24,114.88,0.505219,0.27758,2.0934,0.9293
5374,-100,-65.0,40,4.0,1.0,-42.06,3.2004,-50,2.47,117.06,0.432411,0.247423,1.6897,0.9535
5375,-100,-65.0,40,4.0,1.5,-42.22,3.6315,-54,3.71,115.73,0.449085,0.280574,3.9474,0.8904
5376,-100,-65.0,40,4.0,2.0,-41.43,4.2096,-55,2.91,116.7,0.447081,0.259243,2.3341,0.9306
5377,-100,-65.0,40,4.0,2.5,-41.84,4.4466,-57,2.61,116.78,0.42589,0.24554,3.4288,0.9059
5378,-100,-65.0,40,4.0,3.0,-41.83,4.1415,-56,3.97,115.32,0.467372,0.284249,3.7358,0.8936
5379,-100,-65.0,40,4.0,3.5,-42.17,5.0718,-63,4.43,114.62,0.475487,0.294355,4.9634,0.8604
5380,-100,-65.0,40,4.0,4.0,-41.91,5.1244,-61,2.37,117.15,0.464971,0.247716,1.1023,0.9613
5381,-100,-65.0,40,4.0,4.5,-42.77,5.4373,-62,3.53,115.72,0.427212,0.271291,5.2055,0.8608
5382,-100,-65.0,40,4.0,5.0,-42.36,6.1094,-67,5.79,113.14,0.492295,0.323715,5.4456,0.8557
5383,-100,-65.0,40,4.0,5.5,-41.59,6.2326,-66,4.17,115.08,0.445262,0.288002,5.2369,0.8557
5384,-100,-65.0,40,4.0,6.0,-41.16,6.9987,-67,7.54,111.01,0.509397,0.349511,7.7885,0.8056
5385,-100,-65.0,40,4.0,6.5,-41.44,7.5594,-70,1.89,117.79,0.427501,0.240455,1.5594,0.9515
5388,-100,-65.0,40,4.0,8.0,-42.1,8.6197,-76,7.84,110.66,0.511857,0.37177,9.6847,0.7409
5386,-100,-65.0,40,4.0,7.0,-42.06,7.5729,-74,4.92,114.19,0.498289,0.30097,4.6823,0.8678
5387,-100,-65.0,40,4.0,7.5,-41.27,8.039,-73,2.65,116.77,0.461961,0.258456,2.4395,0.932
5389,-100,-65.0,40,4.0,8.5,-41.67,8.8831,-75,6.28,112.32,0.520255,0.333618,6.8294,0.829
5390,-100,-65.0,40,4.0,9.0,-42.19,10.0535,-82,6.21,112.54,0.498642,0.329385,6.4776,0.8268
5391,-100,-65.0,40,4.0,9.5,-42.37,10.0469,-83,2.5,116.91,0.461458,0.259534,1.4434,0.954
5392,-100,-65.0,40,4.0,10.0,-41.68,10.6104,-79,3.51,115.87,0.447297,0.262168,2.4548,0.9391
5393,-100,-65.0,40,4.0,10.5,-41.51,11.0182,-87,2.99,116.5,0.451169,0.261162,2.8262,0.9145
5394,-100,-65.0,40,4.0,11.0,-41.8,11.5851,-93,4.86,114.28,0.487066,0.293732,5.4378,0.8465
5395,-100,-65.0,40,4.0,11.5,-41.63,11.896,-85,10.62,107.33,0.581677,0.405254,11.238,0.7565
5397,-100,-65.0,40,4.0,12.5,-41.67,12.7949,-99,5.76,113.09,0.520962,0.315435,5.0038,0.8615
5396,-100,-65.0,40,4.0,12.0,-41.53,12.4003,-100,5.81,113.04,0.504304,0.314282,6.0885,0.8353
5398,-100,-65.0,40,4.0,13.0,-41.86,13.5231,-100,6.38,112.51,0.523332,0.329776,5.76,0.8432
5399,-100,-65.0,40,4.0,13.5,-41.56,13.7598,-100,3.55,115.85,0.506264,0.277116,2.9907,0.9248
5400,-100,-65.0,40,4.0,14.0,-41.75,14.299,-100,3.37,116.07,0.498933,0.262013,2.2649,0.9264
5401,-100,-65.0,40,4.25,1.0,-37.86,3.871,-47,3.47,115.81,0.44505,0.274659,4.2519,0.8846
5402,-100,-65.0,40,4.25,1.5,-38.09,4.2472,-49,1.68,118.09,0.406595,0.219655,0.8928,0.9702
5403,-100,-65.0,40,4.25,2.0,-38.37,3.7238,-50,2.69,116.83,0.476274,0.275362,3.349,0.9091
5404,-100,-65.0,40,4.25,2.5,-37.95,4.4073,-55,2.03,117.67,0.434794,0.237136,1.597,0.9519
5406,-100,-65.0,40,4.25,3.5,-38.33,4.8047,-56,4.25,115.01,0.478033,0.291331,4.8164,0.8633
5405,-100,-65.0,40,4.25,3.0,-37.74,4.5871,-53,1.39,118.47,0.401609,0.214226,0.5428,0.9796
5407,-100,-65.0,40,4.25,4.0,-38.5,5.3034,-57,1.85,117.74,0.423722,0.239609,1.1455,0.9643
5408,-100,-65.0,40,4.25,4.5,-38.16,5.7992,-61,4.26,114.89,0.456407,0.293097,4.6467,0.868
5409,-100,-65.0,40,4.25,5.0,-38.55,6.1998,-60,8.06,110.46,0.521611,0.365503,8.2365,0.7861
5412,-100,-65.0,40,4.25,6.5,-37.79,7.5481,-67,10.03,108.11,0.536799,0.416554,12.7695,0.6609
5410,-100,-65.0,40,4.25,5.5,-38.13,6.1893,-61,1.89,117.81,0.389279,0.228138,1.3227,0.9573
5411,-100,-65.0,40,4.25,6.0,-37.69,6.9063,-63,1.55,118.13,0.415459,0.225602,0.8733,0.9707
5413,-100,-65.0,40,4.25,7.0,-38.35,7.6586,-69,3.25,116.06,0.450523,0.26704,2.0087,0.9338
5414,-100,-65.0,40,4.25,7.5,-38.33,8.2534,-71,1.82,117.86,0.402426,0.220836,1.3709,0.9559
5415,-100,-65.0,40,4.25,8.0,-37.83,8.6696,-70,1.81,117.99,0.39812,0.224945,1.6541,0.9528
5417,-100,-65.0,40,4.25,9.0,-37.52,9.603,-75,9.08,109.09,0.558793,0.388131,9.8809,0.7632
5418,-100,-65.0,40,4.25,9.5,-37.91,9.9775,-75,4.24,114.89,0.459096,0.278628,3.9898,0.8864
5416,-100,-65.0,40,4.25,8.5,-37.66,9.4069,-76,3.19,116.11,0.463883,0.273165,3.9644,0.8893
5419,-100,-65.0,40,4.25,10.0,-38.42,10.5555,-78,4.69,114.49,0.497461,0.296186,4.7736,0.8707
5421,-100,-65.0,40,4.25,11.0,-37.78,11.7911,-89,6.91,111.62,0.541857,0.348894,9.7783,0.7391
5420,-100,-65.0,40,4.25,10.5,-38.11,10.9865,-78,4.46,114.74,0.482248,0.287774,4.6539,0.8767
5422,-100,-65.0,40,4.25,11.5,-37.88,12.0379,-90,1.87,117.91,0.434943,0.241143,1.3679,0.9577
5423,-100,-65.0,40,4.25,12.0,-37.97,12.2879,-89,4.15,115.09,0.458684,0.27876,4.3242,0.885
5424,-100,-65.0,40,4.25,12.5,-38.09,13.1592,-93,3.62,115.51,0.48001,0.283023,2.5594,0.9333
5425,-100,-65.0,40,4.25,13.0,-38.1,13.6984,-95,4.96,114.16,0.524027,0.296469,4.5157,0.8658
5426,-100,-65.0,40,4.25,13.5,-37.43,13.9757,-94,3.59,115.78,0.462769,0.278703,4.6517,0.872
5427,-100,-65.0,40,4.25,14.0,-38.27,14.4333,-96,3.28,116.29,0.483048,0.272481,1.7276,0.9446
5428,-100,-65.0,40,4.5,1.0,-34.01,4.4709,-43,1.23,118.52,0.43065,0.217968,1.171,0.966
5429,-100,-65.0,40,4.5,1.5,-34.34,3.8259,-44,1.82,117.89,0.406153,0.214992,1.6018,0.9532
5430,-100,-65.0,40,4.5,2.0,-34.17,4.0313,-47,5.16,113.9,0.464088,0.302655,4.5567,0.8718
5433,-100,-65.0,40,4.5,3.5,-34.57,5.1484,-55,4.71,114.33,0.447875,0.306277,6.4085,0.8276
5431,-100,-65.0,40,4.5,2.5,-34.54,4.24,-49,3.35,115.92,0.437287,0.272515,4.5327,0.8765
5432,-100,-65.0,40,4.5,3.0,-34.56,4.5404,-50,1.71,118.02,0.411502,0.222143,2.0248,0.9425
5434,-100,-65.0,40,4.5,4.0,-35.09,5.2265,-54,6.25,112.65,0.48854,0.334219,6.1251,0.8512
5437,-100,-65.0,40,4.5,5.5,-34.55,6.7022,-58,4.45,114.68,0.49375,0.292682,4.9919,0.8714
5435,-100,-65.0,40,4.5,4.5,-34.55,5.7573,-58,1.82,117.82,0.40393,0.218899,1.427,0.9615
5436,-100,-65.0,40,4.5,5.0,-34.8,6.3158,-59,2.33,117.3,0.419928,0.235171,1.9757,0.945
5438,-100,-65.0,40,4.5,6.0,-34.55,6.9787,-60,2.3,117.39,0.443663,0.245115,1.3351,0.9613
5439,-100,-65.0,40,4.5,6.5,-34.9,7.4008,-62,2.66,116.87,0.447976,0.257057,1.835,0.9562
5440,-100,-65.0,40,4.5,7.0,-34.41,8.3342,-66,1.48,118.27,0.446106,0.234854,1.0601,0.9724
5441,-100,-65.0,40,4.5,7.5,-33.98,8.2592,-71,2.66,116.89,0.464928,0.265383,1.9331,0.9425
5442,-100,-65.0,40,4.5,8.0,-34.61,8.8211,-69,4.26,115.01,0.450751,0.282415,5.4399,0.8503
5443,-100,-65.0,40,4.5,8.5,-34.12,9.4046,-68,2.05,117.41,0.441687,0.244954,1.3863,0.9625
5444,-100,-65.0,40,4.5,9.0,-33.63,9.6342,-75,7.22,111.32,0.503636,0.351644,8.5714,0.7648
5445,-100,-65.0,40,4.5,9.5,-34.44,10.3542,-71,4.65,114.42,0.490374,0.288809,4.3386,0.8873
5446,-100,-65.0,40,4.5,10.0,-35.02,10.9547,-79,2.12,117.52,0.431567,0.234795,1.8727,0.9423
5448,-100,-65.0,40,4.5,11.0,-34.76,11.7065,-83,4.44,114.82,0.452148,0.289756,6.3229,0.8304
5447,-100,-65.0,40,4.5,10.5,-34.6,10.9635,-79,3.25,116.17,0.452542,0.264999,4.1918,0.8866
5449,-100,-65.0,40,4.5,11.5,-35.42,12.1518,-84,4.16,115.16,0.476213,0.279793,4.3142,0.8767
5450,-100,-65.0,40,4.5,12.0,-34.83,12.822,-86,1.51,118.19,0.434952,0.232416,0.9868,0.9701
5451,-100,-65.0,40,4.5,12.5,-34.6,12.9497,-89,9.46,108.61,0.534752,0.40069,10.8061,0.7057
5452,-100,-65.0,40,4.5,13.0,-34.41,13.6618,-87,2.51,117.08,0.415488,0.243702,1.5792,0.9468
5453,-100,-65.0,40,4.5,13.5,-34.71,13.9175,-91,3.24,116.26,0.468831,0.275695,2.6697,0.9336
5454,-100,-65.0,40,4.5,14.0,-34.41,14.38,-91,3.09,116.2,0.45797,0.271131,2.0955,0.9407
5456,-100,-65.0,40,4.75,1.5,-30.94,4.3923,-42,8.85,109.37,0.552332,0.382733,10.9643,0.7056
5455,-100,-65.0,40,4.75,1.0,-31.18,4.4134,-41,3.64,115.79,0.475696,0.272838,5.0351,0.8635
5457,-100,-65.0,40,4.75,2.0,-30.86,4.54,-43,4.46,114.61,0.435344,0.292158,6.0965,0.8355
5458,-100,-65.0,40,4.75,2.5,-30.76,5.1278,-46,4.15,115.11,0.440308,0.28029,4.1376,0.8803
5459,-100,-65.0,40,4.75,3.0,-31.5,5.1461,-49,5.12,113.79,0.485235,0.309124,4.0824,0.8992
5460,-100,-65.0,40,4.75,3.5,-31.68,5.0232,-50,1.31,118.38,0.419109,0.222364,1.1141,0.9658
5461,-100,-65.0,40,4.75,4.0,-30.7,5.7266,-49,2.72,116.82,0.436541,0.250459,2.462,0.9304
5462,-100,-65.0,40,4.75,4.5,-31.11,5.7556,-51,2.68,116.76,0.44718,0.250107,3.5513,0.9024
5463,-100,-65.0,40,4.75,5.0,-31.38,7.1205,-57,2.58,116.85,0.457868,0.26151,2.0072,0.9387
5464,-100,-65.0,40,4.75,5.5,-31.02,7.1464,-59,0.97,118.97,0.399442,0.203859,0.858,0.9733
5465,-100,-65.0,40,4.75,6.0,-31.75,7.2214,-60,1.44,118.36,0.403944,0.208346,0.9604,0.9678
5467,-100,-65.0,40,4.75,7.0,-31.01,7.9536,-61,7.29,111.29,0.51189,0.345204,7.9658,0.8153
5466,-100,-65.0,40,4.75,6.5,-31.04,7.63,-63,2.04,117.47,0.444271,0.246996,1.8082,0.9544
5468,-100,-65.0,40,4.75,7.5,-31.09,8.554,-68,4.28,114.94,0.463982,0.284738,4.6222,0.8687
5469,-100,-65.0,40,4.75,8.0,-31.69,8.6609,-63,3.06,116.22,0.442417,0.253105,4.8005,0.8736
5470,-100,-65.0,40,4.75,8.5,-31.67,9.5771,-65,4.1,114.92,0.463298,0.299213,5.0937,0.859
5471,-100,-65.0,40,4.75,9.0,-30.51,9.675,-67,4.17,114.95,0.483897,0.309717,5.7003,0.8447
5472,-100,-65.0,40,4.75,9.5,-30.78,10.4093,-70,2.47,117.1,0.459195,0.244068,2.1972,0.9452
5473,-100,-65.0,40,4.75,10.0,-30.84,10.8104,-72,5.04,113.95,0.443407,0.298268,5.1975,0.8507
5474,-100,-65.0,40,4.75,10.5,-30.75,11.2599,-82,9.85,108.33,0.540965,0.414201,12.0809,0.6908
5475,-100,-65.0,40,4.75,11.0,-31.27,11.6002,-82,2.96,116.45,0.436606,0.256489,4.2032,0.8866
5476,-100,-65.0,40,4.75,11.5,-30.92,12.1558,-88,4.42,114.85,0.465325,0.290926,4.8505,0.8613
5478,-100,-65.0,40,4.75,12.5,-31.12,12.912,-82,2.06,117.57,0.4302,0.236711,1.7616,0.9443
5477,-100,-65.0,40,4.75,12.0,-29.98,12.8055,-82,4.96,114.14,0.481754,0.315926,4.0312,0.8805
5479,-100,-65.0,40,4.75,13.0,-30.5,13.6283,-82,3.11,116.26,0.437989,0.262433,2.4785,0.9306
5480,-100,-65.0,40,4.75,13.5,-30.69,14.0231,-89,4.14,115.04,0.461249,0.277573,5.2993,0.8553
5481,-100,-65.0,40,4.75,14.0,-30.62,14.3652,-92,4.36,114.86,0.47487,0.303802,4.4912,0.8698
5482,-100,-65.0,40,5.0,1.0,-27.35,4.0879,-36,12.1,105.48,0.614249,0.404792,9.5294,0.7819
5483,-100,-65.0,40,5.0,1.5,-26.98,4.2846,-38,1.57,118.18,0.424575,0.235851,0.5346,0.9746
5486,-100,-65.0,40,5.0,3.0,-27.22,5.2866,-47,7.93,110.54,0.513602,0.377631,9.7343,0.7437
5484,-100,-65.0,40,5.0,2.0,-27.0,4.7761,-40,1.83,117.88,0.4408,0.233672,1.4292,0.96
5485,-100,-65.0,40,5.0,2.5,-27.87,5.1521,-44,2.72,116.67,0.471059,0.257682,2.2303,0.9374
5487,-100,-65.0,40,5.0,3.5,-27.54,5.0131,-44,4.28,114.94,0.467561,0.293261,4.9357,0.8619
5488,-100,-65.0,40,5.0,4.0,-28.0,6.2883,-49,4.38,114.79,0.481727,0.28054,4.425,0.8869
5489,-100,-65.0,40,5.0,4.5,-27.12,5.9534,-52,5.45,113.45,0.470331,0.319231,5.6707,0.8536
5490,-100,-65.0,40,5.0,5.0,-27.05,6.2001,-51,1.88,117.9,0.409873,0.218187,1.1951,0.9624
5491,-100,-65.0,40,5.0,5.5,-28.09,6.9005,-54,5.19,113.89,0.481182,0.303482,5.3648,0.8541
5492,-100,-65.0,40,5.0,6.0,-27.85,7.0539,-56,0.99,118.85,0.418181,0.209627,0.5314,0.9814
5493,-100,-65.0,40,5.0,6.5,-26.72,7.9478,-60,4.84,114.31,0.464337,0.302437,6.6038,0.8209
5494,-100,-65.0,40,5.0,7.0,-27.95,8.1779,-60,1.31,118.42,0.389536,0.211042,1.0869,0.9657
5495,-100,-65.0,40,5.0,7.5,-26.89,8.4909,-58,2.19,117.41,0.412215,0.23456,1.9079,0.9466
5496,-100,-65.0,40,5.0,8.0,-26.85,8.8293,-62,5.1,113.79,0.484955,0.296,4.1529,0.8949
5497,-100,-65.0,40,5.0,8.5,-27.19,9.5355,-65,2.97,116.28,0.452479,0.265956,1.7853,0.9428
5498,-100,-65.0,40,5.0,9.0,-28.31,10.0294,-66,8.66,109.61,0.529126,0.376637,10.478,0.7288
5499,-100,-65.0,40,5.0,9.5,-26.23,10.1893,-67,3.3,115.95,0.462141,0.270134,2.5907,0.9376
5509,-100,-60.0,40,1.0,1.0,,,,100.0,0.0,0.0,0.0,0.0,0.0
5510,-100,-60.0,40,1.0,1.5,,,,100.0,0.0,0.0,0.0,0.0,0.0
5500,-100,-65.0,40,5.0,10.0,-27.57,11.2163,-77,2.0,117.55,0.431812,0.230179,1.257,0.9644
5511,-100,-60.0,40,1.0,2.0,,,,100.0,0.0,0.0,0.0,0.0,0.0
5502,-100,-65.0,40,5.0,11.0,-27.17,11.792,-75,1.93,117.79,0.417347,0.236121,1.5004,0.958
5501,-100,-65.0,40,5.0,10.5,-26.8,11.0903,-77,4.38,114.83,0.461071,0.288914,4.2168,0.8933
5503,-100,-65.0,40,5.0,11.5,-28.58,12.3052,-79,7.84,110.61,0.546097,0.386223,9.9211,0.7423
5504,-100,-65.0,40,5.0,12.0,-27.3,13.0,-75,2.87,116.67,0.443487,0.252858,3.2871,0.9067
5505,-100,-65.0,40,5.0,12.5,-27.5,13.0854,-82,3.13,116.32,0.45257,0.260693,1.8462,0.9438
5506,-100,-65.0,40,5.0,13.0,-27.95,13.6232,-83,9.96,108.11,0.6131,0.423677,11.1869,0.7239
5507,-100,-65.0,40,5.0,13.5,-26.36,13.9768,-79,1.63,118.24,0.410874,0.23505,1.039,0.9723
5512,-100,-60.0,40,1.0,2.5,,,,100.0,0.0,0.0,0.0,0.0,0.0
5513,-100,-60.0,40,1.0,3.0,,,,100.0,0.0,0.0,0.0,0.0,0.0
5514,-100,-60.0,40,1.0,3.5,,,,100.0,0.0,0.0,0.0,0.0,0.0
5508,-100,-65.0,40,5.0,14.0,-28.0,14.5578,-82,8.65,109.66,0.517941,0.386073,10.6693,0.7297
5517,-100,-60.0,40,1.0,5.0,,,,100.0,0.0,0.0,0.0,0.0,0.0
5516,-100,-60.0,40,1.0,4.5,,,,100.0,0.0,0.0,0.0,0.0,0.0
5518,-100,-60.0,40,1.0,5.5,,,,100.0,0.0,0.0,0.0,0.0,0.0
5515,-100,-60.0,40,1.0,4.0,,,,100.0,0.0,0.0,0.0,0.0,0.0
5520,-100,-60.0,40,1.0,6.5,-81.0,3.266,-87,99.96,0.05,3.147886,0.97301,0.0297,0.0
5519,-100,-60.0,40,1.0,6.0,-83.0,3.0,-86,99.99,0.01,2.926037,0.260893,0.011,0.0
5521,-100,-60.0,40,1.0,7.0,-80.93,5.2707,-89,99.94,0.08,3.724891,0.791456,0.0716,0.0
5522,-100,-60.0,40,1.0,7.5,-83.52,8.7919,-99,99.91,0.11,3.724015,1.942375,0.0623,0.0002
5523,-100,-60.0,40,1.0,8.0,-84.67,9.2244,-100,99.87,0.16,6.870329,3.1463,0.0825,0.0002
5524,-100,-60.0,40,1.0,8.5,-84.76,7.9473,-100,99.63,0.44,3.785174,0.709056,0.2212,0.0009
5526,-100,-60.0,40,1.0,9.5,-82.46,9.1083,-100,99.23,0.92,3.692757,1.092201,0.3822,0.004
5525,-100,-60.0,40,1.0,9.0,-82.87,8.0229,-100,99.58,0.51,4.13055,1.989423,0.2035,0.0016
5530,-100,-60.0,40,1.0,11.5,-82.78,10.7523,-100,97.15,3.42,3.37565,0.894937,1.2276,0.0162
5527,-100,-60.0,40,1.0,10.0,-83.16,9.3681,-100,98.89,1.33,3.882017,1.632694,0.1964,0.0083
5528,-100,-60.0,40,1.0,10.5,-83.92,10.0474,-100,98.29,2.06,3.355793,0.889168,0.8893,0.0103
5529,-100,-60.0,40,1.0,11.0,-83.5,10.4832,-100,98.27,2.08,3.397317,1.248418,0.5438,0.0117
5531,-100,-60.0,40,1.0,12.0,-83.97,10.9952,-100,96.89,3.73,3.829969,0.908799,0.5435,0.0227
5532,-100,-60.0,40,1.0,12.5,-84.25,11.0423,-100,96.25,4.49,3.664301,0.76539,0.7867,0.0251
5533,-100,-60.0,40,1.0,13.0,-83.21,11.715,-100,95.55,5.34,3.680247,1.054543,1.0629,0.0313
5534,-100,-60.0,40,1.0,13.5,-84.28,11.9955,-100,94.56,6.53,3.569826,0.697128,1.442,0.0353
5536,-100,-60.0,40,1.25,1.0,,,,100.0,0.0,0.0,0.0,0.0,0.0
5538,-100,-60.0,40,1.25,2.0,,,,100.0,0.0,0.0,0.0,0.0,0.0
5537,-100,-60.0,40,1.25,1.5,,,,100.0,0.0,0.0,0.0,0.0,0.0
5535,-100,-60.0,40,1.0,14.0,-83.4,12.1838,-100,94.69,6.37,3.220688,0.792903,0.7241,0.0397
5539,-100,-60.0,40,1.25,2.5,,,,100.0,0.0,0.0,0.0,0.0,0.0
5540,-100,-60.0,40,1.25,3.0,,,,100.0,0.0,0.0,0.0,0.0,0.0
5542,-100,-60.0,40,1.25,4.0,,,,100.0,0.0,0.0,0.0,0.0,0.0
5541,-100,-60.0,40,1.25,3.5,,,,100.0,0.0,0.0,0.0,0.0,0.0
5543,-100,-60.0,40,1.25,4.5,,,,100.0,0.0,0.0,0.0,0.0,0.0
5544,-100,-60.0,40,1.25,5.0,-85.67,3.6818,-90,99.99,0.02,4.733942,2.24621,0.011,0.0
5545,-100,-60.0,40,1.25,5.5,-79.5,5.9161,-86,99.96,0.04,4.225098,1.190434,0.0363,0.0
5547,-100,-60.0,40,1.25,6.5,-85.5,6.6521,-100,99.91,0.11,4.342646,0.980187,0.0762,0.0
5548,-100,-60.0,40,1.25,7.0,-81.23,5.9156,-95,99.8,0.24,4.14194,2.094157,0.1212,0.0004
5549,-100,-60.0,40,1.25,7.5,-80.01,7.9937,-100,99.42,0.7,3.622076,1.267405,0.3943,0.0018
5546,-100,-60.0,40,1.25,6.0,-86.09,6.0069,-96,99.95,0.06,3.54977,0.776422,0.0219,0.0002
5550,-100,-60.0,40,1.25,8.0,-81.23,8.1026,-100,99.18,0.98,3.685415,1.966465,0.4409,0.0018
5553,-100,-60.0,40,1.25,9.5,-79.67,9.717,-100,97.71,2.75,4.06622,1.003058,0.7428,0.0108
5551,-100,-60.0,40,1.25,8.5,-78.64,8.878,-100,98.54,1.76,3.740386,0.779638,0.7942,0.0065
5552,-100,-60.0,40,1.25,9.0,-81.61,8.4184,-100,98.77,1.48,3.497915,1.034485,0.3586,0.0081
5554,-100,-60.0,40,1.25,10.0,-79.51,9.6707,-100,97.01,3.59,3.732212,0.896275,0.7184,0.0215
5555,-100,-60.0,40,1.25,10.5,-81.44,9.8511,-100,96.92,3.7,3.453424,1.174534,1.1058,0.0101
5556,-100,-60.0,40,1.25,11.0,-79.84,11.1069,-100,95.04,5.96,3.63731,0.949616,1.5574,0.03
5557,-100,-60.0,40,1.25,11.5,-80.94,10.7396,-100,94.65,6.43,3.554029,0.855125,2.0469,0.0251
5558,-100,-60.0,40,1.25,12.0,-80.65,11.2605,-100,94.75,6.31,3.661316,0.93133,1.5826,0.0378
5559,-100,-60.0,40,1.25,12.5,-80.28,12.008,-100,92.07,9.54,3.206651,0.782356,2.3911,0.0512
5560,-100,-60.0,40,1.25,13.0,-80.8,11.9938,-100,93.88,7.36,4.047903,0.868329,0.999,0.0481
5561,-100,-60.0,40,1.25,13.5,-80.42,12.6528,-100,91.24,10.52,3.441036,1.095756,3.7478,0.0539
5562,-100,-60.0,40,1.25,14.0,-80.83,12.9843,-100,91.79,9.87,3.888602,0.931563,1.5063,0.0649
5563,-100,-60.0,40,1.5,1.0,,,,100.0,0.0,0.0,0.0,0.0,0.0
5565,-100,-60.0,40,1.5,2.0,-75.0,1.0,-76,99.99,0.01,3.681025,0.724014,0.011,0.0
5564,-100,-60.0,40,1.5,1.5,,,,100.0,0.0,0.0,0.0,0.0,0.0
5566,-100,-60.0,40,1.5,2.5,,,,100.0,0.0,0.0,0.0,0.0,0.0
5567,-100,-60.0,40,1.5,3.0,,,,100.0,0.0,0.0,0.0,0.0,0.0
5568,-100,-60.0,40,1.5,3.5,,,,100.0,0.0,0.0,0.0,0.0,0.0
5569,-100,-60.0,40,1.5,4.0,-71.0,0.0,-71,100.0,0.01,4.216437,0.0,0.0089,0.0
5570,-100,-60.0,40,1.5,4.5,-77.57,4.0305,-86,99.97,0.04,9.283675,4.273723,0.0335,0.0
5571,-100,-60.0,40,1.5,5.0,-78.67,5.7349,-87,99.97,0.03,3.053803,0.30481,0.0261,0.0
5573,-100,-60.0,40,1.5,6.0,-76.68,5.8785,-90,99.65,0.41,4.686365,1.984877,0.1401,0.0009
5574,-100,-60.0,40,1.5,6.5,-76.22,6.6499,-100,99.11,1.06,3.43785,1.040785,0.6589,0.0
5575,-100,-60.0,40,1.5,7.0,-77.07,7.1116,-95,98.76,1.49,3.991598,0.965346,0.5361,0.0058
5572,-100,-60.0,40,1.5,5.5,-76.95,5.4196,-87,99.75,0.3,3.425772,0.751126,0.2291,0.0
5576,-100,-60.0,40,1.5,7.5,-76.54,7.3713,-99,97.94,2.48,4.047861,1.627342,1.1576,0.0105
5577,-100,-60.0,40,1.5,8.0,-77.93,7.7962,-100,98.14,2.23,3.945206,1.878685,1.1371,0.0052
5578,-100,-60.0,40,1.5,8.5,-77.71,8.3017,-100,97.53,2.97,3.909591,1.331919,0.5609,0.0183
5579,-100,-60.0,40,1.5,9.0,-76.61,9.4125,-100,95.81,5.03,3.879097,1.804763,2.5863,0.0137
5581,-100,-60.0,40,1.5,10.0,-77.65,10.0009,-100,94.78,6.27,3.619691,0.989486,2.8162,0.0148
5580,-100,-60.0,40,1.5,9.5,-77.68,9.6095,-100,95.5,5.4,3.945025,1.179433,0.9493,0.0268
5582,-100,-60.0,40,1.5,10.5,-77.43,10.0352,-100,92.51,9.0,3.409926,1.445244,2.5831,0.0414
5583,-100,-60.0,40,1.5,11.0,-77.92,10.5666,-100,92.06,9.54,3.270207,0.648413,1.3797,0.0553
5584,-100,-60.0,40,1.5,11.5,-76.7,11.4175,-100,90.83,11.03,3.997501,1.381825,2.0259,0.0539
5585,-100,-60.0,40,1.5,12.0,-78.41,11.7901,-100,90.12,11.84,3.380081,0.841368,2.0136,0.0845
5586,-100,-60.0,40,1.5,12.5,-77.44,12.3275,-100,89.37,12.76,3.567516,1.319406,3.7602,0.0411
5587,-100,-60.0,40,1.5,13.0,-76.88,12.7402,-100,86.5,16.22,3.225026,0.899972,2.8893,0.0819
5590,-100,-60.0,40,1.75,1.0,,,,100.0,0.0,0.0,0.0,0.0,0.0
5588,-100,-60.0,40,1.5,13.5,-76.62,13.1537,-100,86.12,16.66,3.416417,0.789694,3.6851,0.0967
5589,-100,-60.0,40,1.5,14.0,-77.1,13.2914,-100,86.91,15.71,3.580614,0.995338,3.5857,0.0871
5591,-100,-60.0,40,1.75,1.5,,,,100.0,0.0,0.0,0.0,0.0,0.0
5592,-100,-60.0,40,1.75,2.0,,,,100.0,0.0,0.0,0.0,0.0,0.0
5593,-100,-60.0,40,1.75,2.5,-66.75,1.479,-69,99.98,0.02,3.691603,0.454582,0.0358,0.0
5594,-100,-60.0,40,1.75,3.0,-75.25,3.7666,-81,99.98,0.02,4.069086,1.450303,0.022,0.0
5595,-100,-60.0,40,1.75,3.5,-73.21,3.668,-80,99.94,0.08,3.386578,0.81399,0.077,0.0
5596,-100,-60.0,40,1.75,4.0,-73.29,4.1238,-82,99.8,0.24,3.26197,1.365331,0.1582,0.0002
5597,-100,-60.0,40,1.75,4.5,-73.24,4.5422,-83,99.74,0.31,3.953876,1.866639,0.3043,0.0
5598,-100,-60.0,40,1.75,5.0,-72.11,4.9235,-85,99.32,0.81,4.921358,1.017012,0.6728,0.0004
5599,-100,-60.0,40,1.75,5.5,-73.62,5.5465,-88,99.13,1.04,5.428723,1.646655,0.4757,0.0025
5601,-100,-60.0,40,1.75,6.5,-71.74,6.5411,-92,95.23,5.73,3.527331,1.048701,3.457,0.0087
5600,-100,-60.0,40,1.75,6.0,-72.77,5.8175,-92,97.99,2.41,3.659867,0.815857,1.5032,0.004
5603,-100,-60.0,40,1.75,7.5,-74.19,7.7093,-100,95.71,5.16,4.200148,1.511327,1.4445,0.0298
5602,-100,-60.0,40,1.75,7.0,-73.64,7.0209,-97,95.12,5.87,3.274829,0.756205,1.5944,0.0224
5604,-100,-60.0,40,1.75,8.0,-73.52,8.0692,-100,93.69,7.58,3.420471,1.637809,2.7776,0.0201
5605,-100,-60.0,40,1.75,8.5,-73.46,8.6884,-100,92.75,8.72,4.236828,1.73245,2.7039,0.0277
5607,-100,-60.0,40,1.75,9.5,-72.94,9.7089,-100,90.5,11.41,4.074636,1.644614,4.6289,0.0389
5606,-100,-60.0,40,1.75,9.0,-74.46,9.1356,-100,93.16,8.21,4.246405,1.929901,2.9674,0.0323
5608,-100,-60.0,40,1.75,10.0,-73.31,10.2502,-100,88.93,13.29,3.871774,0.844804,3.2387,0.0711
5609,-100,-60.0,40,1.75,10.5,-73.48,10.7816,-100,88.89,13.32,3.993061,1.323999,4.8312,0.0487
5610,-100,-60.0,40,1.75,11.0,-73.89,10.832,-100,87.27,15.29,3.921747,1.302039,3.3115,0.0794
5611,-100,-60.0,40,1.75,11.5,-73.79,11.5612,-100,87.1,15.46,3.835784,0.870965,3.4863,0.0909
5612,-100,-60.0,40,1.75,12.0,-73.19,11.8473,-100,86.32,16.42,4.221524,1.462882,4.1524,0.1048
5613,-100,-60.0,40,1.75,12.5,-73.71,12.3131,-100,82.94,20.48,3.292381,0.90545,2.4068,0.1492
5614,-100,-60.0,40,1.75,13.0,-73.51,12.8487,-100,83.79,19.48,3.717513,1.318748,5.8319,0.089
5615,-100,-60.0,40,1.75,13.5,-74.45,13.2735,-100,84.22,18.95,3.721603,1.262918,3.9326,0.1089
5616,-100,-60.0,40,1.75,14.0,-73.2,13.7366,-100,82.58,20.91,3.674069,1.213938,4.6604,0.1154
5618,-100,-60.0,40,2.0,1.5,-68.0,0.7385,-69,99.95,0.06,3.2828,1.327086,0.0877,0.0
5619,-100,-60.0,40,2.0,2.0,-67.94,1.9545,-71,99.92,0.09,3.832435,1.266794,0.0891,0.0
5617,-100,-60.0,40,2.0,1.0,-69.0,0.0,-69,99.98,0.02,2.952131,0.184503,0.0262,0.0
5620,-100,-60.0,40,2.0,2.5,-69.75,2.2776,-74,99.93,0.09,4.364103,1.919954,0.0624,0.0
5621,-100,-60.0,40,2.0,3.0,-69.28,3.0085,-76,99.79,0.25,3.946885,1.301739,0.1119,0.0007
5622,-100,-60.0,40,2.0,3.5,-69.79,3.7942,-81,99.31,0.83,3.712761,0.987206,0.6684,0.0002
5624,-100,-60.0,40,2.0,4.5,-69.07,4.7232,-84,97.69,2.78,4.819563,1.452298,1.8197,0.0056
5623,-100,-60.0,40,2.0,4.0,-69.18,4.1355,-81,98.43,1.89,3.986313,1.105315,1.0943,0.0022
5625,-100,-60.0,40,2.0,5.0,-67.95,5.6004,-87,94.43,6.69,3.534044,0.996201,5.0663,0.0092
5626,-100,-60.0,40,2.0,5.5,-69.31,5.4838,-92,94.96,6.05,4.638984,2.44514,3.8481,0.0128
5627,-100,-60.0,40,2.0,6.0,-70.86,5.987,-95,95.16,5.81,4.243324,1.31776,2.2836,0.0096
5628,-100,-60.0,40,2.0,6.5,-69.77,6.6069,-94,92.26,9.3,4.096672,1.337885,4.9351,0.0152
5629,-100,-60.0,40,2.0,7.0,-68.99,7.0611,-95,89.46,12.66,3.545705,1.339134,5.8444,0.0271
5630,-100,-60.0,40,2.0,7.5,-70.07,7.6338,-97,89.24,12.92,3.702011,1.048025,3.4762,0.0516
5631,-100,-60.0,40,2.0,8.0,-70.34,8.1904,-97,90.08,11.9,4.52315,1.639437,3.7159,0.0494
5632,-100,-60.0,40,2.0,8.5,-69.51,8.6716,-97,85.34,17.62,3.691601,1.224128,6.1406,0.0716
5633,-100,-60.0,40,2.0,9.0,-69.73,9.4242,-100,84.79,18.26,3.487851,1.217853,8.1516,0.051
5634,-100,-60.0,40,2.0,9.5,-70.01,9.808,-100,85.21,17.76,4.309096,1.236742,2.6524,0.1026
5635,-100,-60.0,40,2.0,10.0,-70.0,9.9806,-100,85.14,17.83,4.009621,2.049916,7.4135,0.0581
5636,-100,-60.0,40,2.0,10.5,-70.36,10.7041,-100,86.58,16.11,4.761126,1.80313,4.0914,0.0783
5637,-100,-60.0,40,2.0,11.0,-70.03,11.0446,-100,82.27,21.29,3.682543,0.829426,1.848,0.1571
5638,-100,-60.0,40,2.0,11.5,-70.67,11.9006,-100,82.98,20.46,3.95067,1.541983,4.7758,0.1148
5639,-100,-60.0,40,2.0,12.0,-68.85,12.1085,-100,76.27,28.5,2.900133,0.797462,6.2602,0.157
5640,-100,-60.0,40,2.0,12.5,-70.12,12.561,-100,80.01,24.01,3.338956,1.396446,5.684,0.1109
5641,-100,-60.0,40,2.0,13.0,-70.39,13.0173,-100,81.55,22.16,4.038335,1.995268,6.9398,0.0899
5644,-100,-60.0,40,2.25,1.0,-62.71,1.6422,-69,97.36,3.17,3.07094,0.64192,4.5555,0.0
5642,-100,-60.0,40,2.0,13.5,-70.33,13.4836,-100,78.83,25.41,3.525485,0.778024,2.5489,0.1635
5645,-100,-60.0,40,2.25,1.5,-63.02,2.2851,-71,97.38,3.15,4.49333,1.157567,3.5477,0.0004
5643,-100,-60.0,40,2.0,14.0,-69.97,14.0225,-100,79.2,24.94,3.5744,1.425277,7.1867,0.13
5646,-100,-60.0,40,2.25,2.0,-64.73,2.3731,-73,97.94,2.47,5.148421,2.081968,1.7252,0.0007
5647,-100,-60.0,40,2.25,2.5,-65.54,2.6894,-74,97.16,3.4,4.129349,1.327582,1.8621,0.0029
5648,-100,-60.0,40,2.25,3.0,-65.6,3.1129,-76,95.58,5.31,3.655737,1.0417,4.1295,0.0038
5649,-100,-60.0,40,2.25,3.5,-65.01,3.7272,-78,94.14,7.04,6.108424,3.500085,3.7039,0.0072
5650,-100,-60.0,40,2.25,4.0,-65.89,4.1489,-80,92.55,8.95,4.042348,1.578114,4.7365,0.0101
5651,-100,-60.0,40,2.25,4.5,-65.59,4.939,-82,90.21,11.76,3.944645,1.095875,6.1723,0.021
5652,-100,-60.0,40,2.25,5.0,-65.56,5.307,-87,88.7,13.57,3.622214,1.179145,7.18,0.0197
5653,-100,-60.0,40,2.25,5.5,-65.96,5.7386,-85,87.61,14.87,4.09764,1.75954,7.0118,0.068
5654,-100,-60.0,40,2.25,6.0,-65.78,6.2496,-88,84.19,18.97,3.497999,1.657314,8.456,0.0843
5656,-100,-60.0,40,2.25,7.0,-66.21,7.1287,-92,84.3,18.85,4.130295,1.740101,8.0289,0.0805
5655,-100,-60.0,40,2.25,6.5,-66.26,6.4203,-91,80.97,22.85,2.924148,0.477208,4.6336,0.1365
5657,-100,-60.0,40,2.25,7.5,-66.68,7.6105,-94,82.1,21.5,3.553317,1.419417,7.3382,0.0655
5659,-100,-60.0,40,2.25,8.5,-66.39,8.9446,-97,78.81,25.43,3.406222,0.824089,1.466,0.1901
5660,-100,-60.0,40,2.25,9.0,-65.96,9.2882,-100,78.92,25.3,3.303129,1.597364,11.0326,0.0705
5658,-100,-60.0,40,2.25,8.0,-67.25,8.1035,-95,80.87,22.96,3.184815,0.83399,4.5484,0.1468
5661,-100,-60.0,40,2.25,9.5,-66.8,9.7152,-100,78.92,25.3,3.451474,1.012324,5.8226,0.1371
5662,-100,-60.0,40,2.25,10.0,-66.02,10.2541,-100,77.14,27.48,3.388534,1.167627,6.796,0.1801
5663,-100,-60.0,40,2.25,10.5,-66.58,10.8733,-100,77.59,26.89,3.371693,1.205569,7.0643,0.1347
5664,-100,-60.0,40,2.25,11.0,-66.74,11.0912,-100,77.48,27.04,3.519448,1.339559,6.5375,0.1481
5667,-100,-60.0,40,2.25,12.5,-66.05,12.7983,-100,72.36,33.16,2.880628,1.052927,8.0713,0.2173
5668,-100,-60.0,40,2.25,13.0,-67.24,13.1981,-100,77.57,26.93,3.615165,1.449472,8.3224,0.1615
5669,-100,-60.0,40,2.25,13.5,-67.63,13.5177,-100,78.79,25.47,3.929717,1.495919,5.3787,0.1622
5665,-100,-60.0,40,2.25,11.5,-66.9,11.3386,-100,75.92,28.92,3.321962,1.2725,6.5004,0.1698
5671,-100,-60.0,40,2.5,1.0,-62.56,1.2955,-67,93.27,8.09,3.441631,1.780558,6.2968,0.0152
5666,-100,-60.0,40,2.25,12.0,-66.19,12.1714,-100,72.77,32.68,2.908528,1.648145,10.5864,0.132
5673,-100,-60.0,40,2.5,2.0,-61.71,2.3261,-69,82.97,20.44,3.262902,0.962283,8.8083,0.0615
5670,-100,-60.0,40,2.25,14.0,-67.1,13.9571,-100,72.51,33.01,2.93934,0.927527,6.3976,0.2192
5672,-100,-60.0,40,2.5,1.5,-61.03,1.9552,-70,90.81,11.04,5.011741,1.759983,7.6558,0.002
5674,-100,-60.0,40,2.5,2.5,-62.21,2.9017,-73,85.16,17.81,3.09728,1.198024,10.5801,0.0263
5675,-100,-60.0,40,2.5,3.0,-61.35,3.6961,-75,80.13,23.83,2.590716,1.416272,16.9984,0.0341
5676,-100,-60.0,40,2.5,3.5,-61.0,4.0455,-77,76.98,27.65,2.603013,1.575764,16.8394,0.0451
5678,-100,-60.0,40,2.5,4.5,-62.12,4.6751,-81,75.26,29.71,2.880525,1.405105,12.444,0.0515
5677,-100,-60.0,40,2.5,4.0,-61.41,4.5059,-77,76.01,28.82,2.876843,1.565251,13.6953,0.086
5679,-100,-60.0,40,2.5,5.0,-62.59,5.1913,-81,77.11,27.48,3.225067,1.447659,10.1853,0.1082
5680,-100,-60.0,40,2.5,5.5,-61.64,6.1535,-84,71.62,34.04,2.398196,1.429643,15.4619,0.0896
5685,-100,-60.0,40,2.5,8.0,-62.81,8.1152,-89,73.01,32.41,2.826098,1.86991,13.2436,0.097
5681,-100,-60.0,40,2.5,6.0,-62.81,6.2069,-85,76.15,28.65,3.225056,1.154046,8.5471,0.1705
5682,-100,-60.0,40,2.5,6.5,-62.67,6.9338,-90,74.27,30.9,2.720341,1.245838,11.6826,0.117
5683,-100,-60.0,40,2.5,7.0,-62.54,7.3895,-90,72.78,32.66,2.959116,1.185771,8.0103,0.1547
5684,-100,-60.0,40,2.5,7.5,-62.73,7.67,-97,72.05,33.57,2.890729,1.370267,9.9934,0.1651
5686,-100,-60.0,40,2.5,8.5,-63.15,9.0856,-100,72.52,32.98,2.852094,1.487418,12.6726,0.1524
5687,-100,-60.0,40,2.5,9.0,-63.01,9.222,-100,68.78,37.45,2.630469,1.062596,9.1743,0.1864
5688,-100,-60.0,40,2.5,9.5,-63.03,9.5076,-99,70.5,35.4,2.806604,1.549895,12.1034,0.1479
5689,-100,-60.0,40,2.5,10.0,-63.04,10.0071,-100,68.73,37.54,2.662141,1.053913,7.9363,0.1888
5690,-100,-60.0,40,2.5,10.5,-62.54,10.933,-100,67.1,39.47,2.498476,1.47363,15.1677,0.1766
5691,-100,-60.0,40,2.5,11.0,-62.98,10.9982,-100,69.17,36.98,2.693574,1.843994,13.7627,0.1295
5692,-100,-60.0,40,2.5,11.5,-63.14,11.6961,-100,66.13,40.69,2.442286,1.076465,8.8784,0.1935
5693,-100,-60.0,40,2.5,12.0,-62.57,12.3563,-100,68.25,38.11,2.663282,0.976906,6.3898,0.2264
5694,-100,-60.0,40,2.5,12.5,-62.19,12.5981,-100,64.05,43.21,2.270005,0.986479,9.4592,0.2096
5695,-100,-60.0,40,2.5,13.0,-62.53,13.0138,-100,65.23,41.79,2.324855,1.342388,12.46,0.1468
5696,-100,-60.0,40,2.5,13.5,-63.31,13.4505,-100,69.13,37.05,2.723118,1.848175,15.0497,0.1181
5697,-100,-60.0,40,2.5,14.0,-63.2,13.9071,-100,72.03,33.59,2.985699,1.216432,7.7559,0.1594
5698,-100,-60.0,40,2.75,1.0,-58.6,1.7724,-67,56.89,51.74,1.51749,1.243071,27.4751,0.1174
5699,-100,-60.0,40,2.75,1.5,-57.69,2.0693,-69,48.01,62.43,0.782527,0.748768,40.1219,0.047
5700,-100,-60.0,40,2.75,2.0,-58.82,2.4654,-69,55.98,52.84,1.451824,1.353054,30.6642,0.1059
5703,-100,-60.0,40,2.75,3.5,-58.44,4.2615,-77,58.51,49.8,1.693682,1.517674,29.8501,0.156
5701,-100,-60.0,40,2.75,2.5,-59.19,3.256,-72,63.37,43.97,1.790294,1.193802,19.7547,0.1024
5702,-100,-60.0,40,2.75,3.0,-57.92,3.602,-71,45.98,64.88,1.241493,1.369324,32.2305,0.1474
5705,-100,-60.0,40,2.75,4.5,-58.43,4.9539,-79,55.9,52.92,1.744516,1.196707,22.3942,0.23
5707,-100,-60.0,40,2.75,5.5,-59.78,5.8655,-80,61.02,46.84,2.060002,1.164706,13.4902,0.182
5704,-100,-60.0,40,2.75,4.0,-58.46,4.4083,-78,52.68,56.88,1.596669,1.396451,25.666,0.1588
5706,-100,-60.0,40,2.75,5.0,-58.4,5.2054,-79,52.78,56.63,1.590644,1.77344,24.9964,0.0966
5708,-100,-60.0,40,2.75,6.0,-59.49,6.5341,-81,58.77,49.49,1.908612,1.1361,19.4636,0.2447
5709,-100,-60.0,40,2.75,6.5,-59.54,6.6341,-87,56.99,51.61,1.880129,0.847819,9.0387,0.2603
5710,-100,-60.0,40,2.75,7.0,-59.64,7.5572,-86,58.64,49.64,1.92636,0.894371,13.3575,0.3038
5711,-100,-60.0,40,2.75,7.5,-58.21,7.8092,-87,58.05,50.34,1.89101,1.593707,23.5077,0.1644
5712,-100,-60.0,40,2.75,8.0,-59.27,8.5426,-91,58.72,49.53,1.961799,0.900037,9.2495,0.255
5713,-100,-60.0,40,2.75,8.5,-58.8,8.9406,-95,58.82,49.46,1.976007,1.400425,18.2252,0.17
5715,-100,-60.0,40,2.75,9.5,-59.23,9.9592,-96,60.37,47.58,2.060485,1.193207,13.5287,0.1819
5714,-100,-60.0,40,2.75,9.0,-58.53,9.2445,-96,53.83,55.43,1.721748,1.42244,21.3504,0.1893
5717,-100,-60.0,40,2.75,10.5,-59.3,10.5922,-100,63.64,43.68,2.29356,1.588096,19.6628,0.1821
5718,-100,-60.0,40,2.75,11.0,-58.5,11.3041,-100,55.31,53.69,1.786365,1.196746,20.2348,0.2579
5716,-100,-60.0,40,2.75,10.0,-58.16,10.2376,-99,58.24,50.12,1.963074,1.471662,18.2981,0.16
5719,-100,-60.0,40,2.75,11.5,-58.75,11.7639,-100,56.87,51.78,1.886095,1.271589,19.4299,0.2108
5721,-100,-60.0,40,2.75,12.5,-59.62,12.5369,-100,58.09,50.31,1.972995,1.058786,11.2391,0.2192
5720,-100,-60.0,40,2.75,12.0,-58.57,12.112,-100,57.0,51.58,1.879642,0.924439,12.0071,0.2703
5722,-100,-60.0,40,2.75,13.0,-59.22,13.247,-100,59.62,48.49,2.043369,1.042775,13.2431,0.2593
5723,-100,-60.0,40,2.75,13.5,-59.19,13.743,-100,57.41,51.07,1.924796,1.113556,14.2095,0.2065
5724,-100,-60.0,40,2.75,14.0,-59.74,14.1527,-100,59.1,49.13,2.009251,1.090104,14.081,0.2557
5725,-100,-60.0,40,3.0,1.0,-56.18,2.2564,-64,16.93,99.63,0.687439,0.533059,17.0947,0.5066
5727,-100,-60.0,40,3.0,2.0,-56.67,2.786,-68,24.67,90.34,0.827293,0.668459,20.8367,0.3764
5726,-100,-60.0,40,3.0,1.5,-56.92,2.4509,-66,25.17,89.79,0.827567,0.644897,17.4328,0.5377
5729,-100,-60.0,40,3.0,3.0,-55.45,3.9599,-70,22.83,92.73,0.816061,0.709829,23.3827,0.313
5728,-100,-60.0,40,3.0,2.5,-55.85,3.3003,-69,23.94,91.36,0.76224,0.650771,23.2091,0.3268
5731,-100,-60.0,40,3.0,4.0,-55.8,4.5193,-73,32.78,80.69,1.050841,0.718818,18.6112,0.3553
5732,-100,-60.0,40,3.0,4.5,-54.87,5.2395,-75,28.75,85.62,0.876094,0.931817,31.1508,0.3291
5730,-100,-60.0,40,3.0,3.5,-54.96,4.3162,-72,29.24,84.95,0.877192,0.941593,31.0759,0.3266
5733,-100,-60.0,40,3.0,5.0,-55.21,5.5347,-78,33.02,80.44,1.044869,0.870989,21.7687,0.2678
5734,-100,-60.0,40,3.0,5.5,-55.47,6.0087,-82,35.25,77.77,1.079113,0.925354,25.8175,0.3121
5735,-100,-60.0,40,3.0,6.0,-55.65,6.7216,-83,38.33,74.03,1.159944,0.837368,22.0659,0.3257
5736,-100,-60.0,40,3.0,6.5,-55.6,6.8017,-83,31.31,82.5,1.019749,0.611821,16.5317,0.5255
5737,-100,-60.0,40,3.0,7.0,-55.38,7.3624,-85,31.27,82.48,0.991306,0.785587,23.7935,0.3612
5740,-100,-60.0,40,3.0,8.5,-56.13,8.8793,-87,50.32,59.59,1.587721,0.831148,11.3877,0.376
5739,-100,-60.0,40,3.0,8.0,-55.56,8.5356,-90,40.31,71.66,1.239476,0.954606,23.1868,0.2864
5738,-100,-60.0,40,3.0,7.5,-55.6,7.7601,-87,35.43,77.45,1.116173,0.747072,19.4746,0.3778
5743,-100,-60.0,40,3.0,10.0,-55.65,10.3738,-99,44.55,66.59,1.374907,1.163906,24.7455,0.2281
5742,-100,-60.0,40,3.0,9.5,-55.25,9.9094,-92,39.47,72.71,1.212565,0.846393,21.2465,0.3239
5744,-100,-60.0,40,3.0,10.5,-54.59,10.7872,-94,49.6,60.54,1.526067,1.247574,26.1339,0.2447
5741,-100,-60.0,40,3.0,9.0,-55.32,9.2712,-89,35.86,77.0,1.112977,0.914334,21.6422,0.2456
5745,-100,-60.0,40,3.0,11.0,-55.72,11.1938,-100,46.46,64.26,1.44368,0.876784,17.8277,0.3329
5746,-100,-60.0,40,3.0,11.5,-55.59,11.6065,-100,39.35,72.8,1.230212,0.644515,12.4424,0.396
5747,-100,-60.0,40,3.0,12.0,-55.48,12.1597,-100,43.41,67.92,1.354766,0.658179,11.1907,0.4302
5748,-100,-60.0,40,3.0,12.5,-55.73,12.7581,-100,46.24,64.56,1.432825,0.879458,18.0958,0.3204
5749,-100,-60.0,40,3.0,13.0,-56.65,13.3536,-100,53.18,56.23,1.733273,0.721769,6.4786,0.3546
5750,-100,-60.0,40,3.0,13.5,-55.75,13.6821,-100,45.22,65.79,1.413496,0.563721,3.2185,0.4937
5751,-100,-60.0,40,3.0,14.0,-55.92,14.1706,-100,45.55,65.39,1.425989,0.622093,7.588,0.4213
5752,-100,-60.0,40,3.25,1.0,-52.38,2.7201,-60,4.32,114.84,0.474046,0.293579,3.7328,0.9051
5753,-100,-60.0,40,3.25,1.5,-53.08,3.0364,-63,2.47,116.98,0.430108,0.245948,2.1714,0.9403
5754,-100,-60.0,40,3.25,2.0,-52.64,3.654,-65,6.36,112.38,0.513501,0.315682,5.296,0.8655
5755,-100,-60.0,40,3.25,2.5,-52.14,3.7804,-64,2.69,116.78,0.416623,0.246254,4.2603,0.8884
5756,-100,-60.0,40,3.25,3.0,-52.37,3.919,-66,6.46,112.36,0.531629,0.328746,7.4069,0.7937
5757,-100,-60.0,40,3.25,3.5,-52.42,4.2046,-67,7.75,110.72,0.537697,0.349414,5.9953,0.842
5758,-100,-60.0,40,3.25,4.0,-52.17,4.617,-69,1.88,117.87,0.432081,0.234292,1.0453,0.9633
5759,-100,-60.0,40,3.25,4.5,-52.3,5.1528,-71,7.92,110.52,0.574247,0.330924,4.6357,0.8564
5760,-100,-60.0,40,3.25,5.0,-51.9,5.6555,-72,17.6,98.81,0.681565,0.512739,16.0361,0.5895
5762,-100,-60.0,40,3.25,6.0,-52.36,6.3307,-78,18.58,97.7,0.719907,0.572912,17.9431,0.492
5761,-100,-60.0,40,3.25,5.5,-52.2,6.0108,-78,15.56,101.4,0.669685,0.474407,13.1593,0.6785
5763,-100,-60.0,40,3.25,6.5,-51.83,6.9835,-80,23.48,91.85,0.83994,0.610024,19.4025,0.4966
5764,-100,-60.0,40,3.25,7.0,-51.72,7.5232,-84,18.6,97.58,0.734913,0.478967,14.1625,0.6229
5765,-100,-60.0,40,3.25,7.5,-51.58,8.0577,-83,22.3,93.28,0.792559,0.533917,16.3739,0.6153
5766,-100,-60.0,40,3.25,8.0,-51.76,8.5791,-86,23.78,91.46,0.784888,0.72288,25.9772,0.4007
5767,-100,-60.0,40,3.25,8.5,-52.29,8.8656,-88,21.56,94.19,0.820899,0.499806,11.1958,0.6348
5768,-100,-60.0,40,3.25,9.0,-52.07,9.3733,-91,23.67,91.63,0.856865,0.600848,17.7001,0.4383
5769,-100,-60.0,40,3.25,9.5,-52.44,9.8394,-96,28.02,86.41,0.978954,0.530053,10.1619,0.5398
5771,-100,-60.0,40,3.25,10.5,-52.51,10.8791,-96,28.7,85.49,0.970991,0.523222,8.7945,0.5749
5772,-100,-60.0,40,3.25,11.0,-51.85,11.3108,-93,29.96,84.14,0.975555,0.722177,20.2323,0.3627
5770,-100,-60.0,40,3.25,10.0,-52.51,10.3233,-88,27.11,87.6,0.932725,0.594059,14.9966,0.4588
5773,-100,-60.0,40,3.25,11.5,-52.3,11.7662,-97,32.07,81.46,1.024625,0.693563,19.0769,0.4768
5774,-100,-60.0,40,3.25,12.0,-52.1,12.2395,-100,28.16,86.22,0.960155,0.573563,13.4422,0.5092
5775,-100,-60.0,40,3.25,12.5,-52.41,12.8268,-100,31.53,82.29,1.017188,0.621675,16.5849,0.4877
5776,-100,-60.0,40,3.25,13.0,-51.23,13.3573,-100,29.25,84.92,0.97831,0.590871,16.4708,0.4828
5777,-100,-60.0,40,3.25,13.5,-51.38,13.7157,-100,28.39,85.9,0.951382,0.546326,14.1964,0.5758
5778,-100,-60.0,40,3.25,14.0,-52.44,14.0965,-100,33.95,79.31,1.092754,0.56575,12.0709,0.5183
5781,-100,-60.0,40,3.5,2.0,-48.67,3.6589,-60,2.58,117.04,0.431779,0.252396,2.2927,0.9288
5779,-100,-60.0,40,3.5,1.0,-49.43,2.8045,-58,3.08,116.23,0.462249,0.2749,4.2576,0.8848
5780,-100,-60.0,40,3.5,1.5,-48.94,3.0815,-59,1.71,118.06,0.386954,0.214556,1.483,0.9635
5782,-100,-60.0,40,3.5,2.5,-48.87,4.2978,-62,8.56,109.72,0.544499,0.369152,10.0216,0.7584
5783,-100,-60.0,40,3.5,3.0,-49.25,3.9048,-62,9.27,108.88,0.539298,0.404957,11.5241,0.6911
5784,-100,-60.0,40,3.5,3.5,-49.0,4.7202,-66,8.03,110.33,0.530384,0.366566,8.812,0.7901
5785,-100,-60.0,40,3.5,4.0,-49.26,4.6513,-67,3.11,116.18,0.460951,0.263645,2.557,0.9277
5786,-100,-60.0,40,3.5,4.5,-49.18,5.4238,-70,2.16,117.55,0.46445,0.248237,1.4367,0.9503
5787,-100,-60.0,40,3.5,5.0,-48.95,5.7433,-72,3.24,116.13,0.451423,0.267726,3.9471,0.8891
5788,-100,-60.0,40,3.5,5.5,-48.16,6.0834,-72,7.17,111.35,0.502222,0.349523,8.7422,0.7598
5789,-100,-60.0,40,3.5,6.0,-48.73,6.6383,-75,6.73,111.96,0.533147,0.330604,5.2003,0.8595
5790,-100,-60.0,40,3.5,6.5,-48.95,7.0144,-81,7.7,110.81,0.532802,0.355169,10.1385,0.7262
5791,-100,-60.0,40,3.5,7.0,-48.75,7.4092,-78,9.8,108.2,0.565102,0.392337,11.634,0.6765
5792,-100,-60.0,40,3.5,7.5,-48.45,7.926,-80,9.98,108.13,0.565727,0.380948,10.3984,0.7626
5793,-100,-60.0,40,3.5,8.0,-48.21,8.5918,-79,8.79,109.47,0.583175,0.365636,9.5171,0.727
5794,-100,-60.0,40,3.5,8.5,-49.86,8.9559,-88,14.45,102.72,0.664115,0.418864,10.2793,0.7092
5796,-100,-60.0,40,3.5,9.5,-48.21,9.9215,-86,20.35,95.6,0.756263,0.553788,15.2109,0.551
5795,-100,-60.0,40,3.5,9.0,-49.24,9.3555,-85,9.29,108.84,0.598201,0.354754,5.0182,0.8224
5797,-100,-60.0,40,3.5,10.0,-49.51,10.4362,-89,21.65,94.07,0.848405,0.481832,8.3298,0.6534
5798,-100,-60.0,40,3.5,10.5,-48.47,10.7647,-100,20.38,95.56,0.76804,0.550642,17.2346,0.5297
5799,-100,-60.0,40,3.5,11.0,-48.3,11.2285,-98,21.28,94.55,0.801198,0.562453,17.3141,0.519
5800,-100,-60.0,40,3.5,11.5,-49.86,11.8732,-93,18.64,97.74,0.770644,0.454726,9.3322,0.6702
5801,-100,-60.0,40,3.5,12.0,-48.97,12.3229,-98,19.31,96.75,0.781847,0.476787,11.3056,0.6974
5802,-100,-60.0,40,3.5,12.5,-48.2,12.9063,-94,20.92,94.87,0.805599,0.541672,16.4949,0.5374
5804,-100,-60.0,40,3.5,13.5,-49.41,13.8834,-100,24.36,90.77,0.892317,0.457353,4.461,0.7065
5805,-100,-60.0,40,3.5,14.0,-48.76,14.4427,-100,23.41,91.92,0.876029,0.506215,11.9635,0.5493
5803,-100,-60.0,40,3.5,13.0,-49.19,13.344,-97,20.34,95.75,0.778793,0.480178,13.747,0.5861
5806,-100,-60.0,40,3.75,1.0,-44.92,3.7199,-53,4.26,114.93,0.531373,0.302844,4.2069,0.8738
5807,-100,-60.0,40,3.75,1.5,-45.6,3.8166,-57,3.4,115.91,0.423468,0.258435,3.7203,0.9024
5808,-100,-60.0,40,3.75,2.0,-45.86,3.5988,-57,3.34,116.09,0.445853,0.268295,3.4706,0.9019
5809,-100,-60.0,40,3.75,2.5,-44.43,4.1247,-58,2.51,117.0,0.440907,0.245176,1.3356,0.9606
5810,-100,-60.0,40,3.75,3.0,-45.98,4.2278,-61,8.1,110.29,0.514586,0.367468,8.9262,0.7575
5812,-100,-60.0,40,3.75,4.0,-45.4,5.3145,-68,8.63,109.73,0.51323,0.378347,10.2238,0.736
5811,-100,-60.0,40,3.75,3.5,-45.07,4.9199,-61,0.99,118.76,0.409258,0.209162,0.8796,0.9732
5813,-100,-60.0,40,3.75,4.5,-44.92,5.5908,-66,2.53,117.05,0.460009,0.25612,1.5201,0.9555
5814,-100,-60.0,40,3.75,5.0,-45.05,6.2858,-71,5.31,113.82,0.514688,0.322594,5.9428,0.8327
5815,-100,-60.0,40,3.75,5.5,-45.23,6.1908,-69,4.78,114.28,0.468386,0.3006,5.0165,0.87
5816,-100,-60.0,40,3.75,6.0,-44.53,6.9849,-69,1.95,117.64,0.416034,0.230467,1.4145,0.9535
5817,-100,-60.0,40,3.75,6.5,-45.78,7.0641,-72,4.86,114.24,0.485053,0.295719,4.4519,0.8821
5818,-100,-60.0,40,3.75,7.0,-45.82,7.4905,-74,4.41,114.77,0.519419,0.293054,3.3827,0.8955
5819,-100,-60.0,40,3.75,7.5,-45.83,7.9776,-81,3.81,115.49,0.472023,0.275891,2.6974,0.9224
5820,-100,-60.0,40,3.75,8.0,-44.99,8.6151,-80,7.55,111.07,0.531207,0.33871,7.3004,0.8087
5821,-100,-60.0,40,3.75,8.5,-46.08,9.1199,-81,6.91,111.75,0.545807,0.322694,3.9217,0.8604
5822,-100,-60.0,40,3.75,9.0,-45.17,9.4513,-84,6.45,112.36,0.55653,0.319701,4.0598,0.8667
5823,-100,-60.0,40,3.75,9.5,-44.88,10.0468,-84,6.98,111.69,0.551591,0.330511,4.7748,0.8535
5824,-100,-60.0,40,3.75,10.0,-45.43,10.5228,-90,10.05,107.95,0.608393,0.383601,7.3707,0.781
5825,-100,-60.0,40,3.75,10.5,-45.01,10.8904,-93,5.13,113.84,0.527006,0.301608,3.782,0.8745
5826,-100,-60.0,40,3.75,11.0,-45.53,11.5498,-89,8.49,109.77,0.591825,0.346878,5.0126,0.847
5829,-100,-60.0,40,3.75,12.5,-46.1,12.8752,-96,25.54,89.38,0.870407,0.636476,18.1891,0.472
5827,-100,-60.0,40,3.75,11.5,-44.28,12.1792,-92,11.54,106.13,0.646511,0.389115,6.6983,0.8143
5828,-100,-60.0,40,3.75,12.0,-45.69,12.4494,-99,14.8,102.28,0.702975,0.46678,13.1873,0.6132
5832,-100,-60.0,40,3.75,14.0,-45.41,14.3408,-100,17.23,99.28,0.726426,0.475326,12.6081,0.6409
5830,-100,-60.0,40,3.75,13.0,-45.87,13.376,-99,15.23,101.81,0.677012,0.435037,11.7599,0.6975
5831,-100,-60.0,40,3.75,13.5,-44.75,13.741,-100,13.27,104.07,0.6442,0.41672,11.3519,0.7004
5833,-100,-60.0,40,4.0,1.0,-41.19,2.9929,-49,4.65,114.54,0.462149,0.298246,5.5096,0.8459
5834,-100,-60.0,40,4.0,1.5,-42.39,4.5602,-55,1.84,117.98,0.44029,0.246741,1.4525,0.9562
5836,-100,-60.0,40,4.0,2.5,-41.63,4.1209,-54,4.6,114.54,0.456289,0.291289,5.7152,0.84
5835,-100,-60.0,40,4.0,2.0,-42.47,4.4202,-57,1.47,118.08,0.431084,0.229984,1.6009,0.9542
5837,-100,-60.0,40,4.0,3.0,-41.48,4.2738,-57,4.58,114.53,0.4752,0.293878,6.1439,0.8327
5838,-100,-60.0,40,4.0,3.5,-41.59,4.8135,-60,3.65,115.76,0.470835,0.279276,4.3216,0.8781
5839,-100,-60.0,40,4.0,4.0,-42.12,5.2025,-63,5.37,113.71,0.478434,0.303375,6.3576,0.8237
5840,-100,-60.0,40,4.0,4.5,-41.35,5.6594,-62,4.39,114.82,0.442191,0.298289,4.1834,0.8872
5841,-100,-60.0,40,4.0,5.0,-41.38,6.4216,-63,3.17,116.27,0.426557,0.256397,3.6393,0.9016
5843,-100,-60.0,40,4.0,6.0,-41.6,6.8585,-68,1.65,118.02,0.436481,0.221943,1.2373,0.9664
5842,-100,-60.0,40,4.0,5.5,-41.4,6.3209,-65,6.03,112.85,0.515169,0.320829,5.8596,0.8427
5844,-100,-60.0,40,4.0,6.5,-42.19,7.3044,-71,4.24,114.99,0.437475,0.29198,5.7948,0.8438
5845,-100,-60.0,40,4.0,7.0,-42.01,7.6377,-71,4.46,114.6,0.503177,0.298555,5.6511,0.8447
5846,-100,-60.0,40,4.0,7.5,-42.34,8.0878,-75,2.17,117.51,0.466157,0.244142,1.4009,0.9541
5848,-100,-60.0,40,4.0,8.5,-40.73,9.1493,-77,5.99,112.89,0.519694,0.323732,5.719,0.838
5847,-100,-60.0,40,4.0,8.0,-41.37,8.668,-75,2.06,117.64,0.41256,0.22703,2.3011,0.9338
5849,-100,-60.0,40,4.0,9.0,-40.97,9.7815,-77,6.08,112.76,0.485404,0.316401,5.696,0.8391
5850,-100,-60.0,40,4.0,9.5,-41.32,10.2504,-79,10.76,107.16,0.582314,0.41297,13.5346,0.6318
5851,-100,-60.0,40,4.0,10.0,-42.0,10.5415,-87,5.83,112.9,0.510779,0.323407,7.8779,0.7889
5852,-100,-60.0,40,4.0,10.5,-41.82,11.037,-87,4.68,114.49,0.489445,0.298777,3.8923,0.904
5853,-100,-60.0,40,4.0,11.0,-41.46,11.4731,-95,9.91,108.19,0.584409,0.377887,9.6154,0.751
5855,-100,-60.0,40,4.0,12.0,-40.82,12.5344,-90,9.62,108.4,0.582672,0.368867,7.7262,0.7908
5854,-100,-60.0,40,4.0,11.5,-41.1,11.9141,-88,4.86,114.24,0.50028,0.29539,2.1896,0.9181
5856,-100,-60.0,40,4.0,12.5,-41.37,12.9235,-99,8.07,110.37,0.549945,0.358216,10.02,0.7259
5857,-100,-60.0,40,4.0,13.0,-41.64,13.3374,-100,5.9,112.89,0.525193,0.314859,4.7278,0.8521
5858,-100,-60.0,40,4.0,13.5,-41.97,13.8082,-95,7.4,111.25,0.55651,0.345331,5.925,0.8233
5859,-100,-60.0,40,4.0,14.0,-41.74,14.3029,-100,11.55,106.14,0.650238,0.391018,8.5604,0.7657
5860,-100,-60.0,40,4.25,1.0,-38.31,3.9637,-48,8.22,110.09,0.515259,0.389843,9.6563,0.7499
5861,-100,-60.0,40,4.25,1.5,-38.6,3.8958,-50,0.7,119.25,0.367618,0.172271,0.0902,0.9913
5862,-100,-60.0,40,4.25,2.0,-37.6,4.1185,-50,3.78,115.41,0.458044,0.283299,4.4886,0.875
5863,-100,-60.0,40,4.25,2.5,-37.74,4.1945,-55,4.62,114.47,0.454871,0.287914,5.1207,0.8655
5864,-100,-60.0,40,4.25,3.0,-38.63,5.1029,-56,5.98,112.89,0.472715,0.314661,5.6816,0.8604
5865,-100,-60.0,40,4.25,3.5,-38.17,4.8924,-54,6.0,112.74,0.492438,0.322454,6.7384,0.8339
5866,-100,-60.0,40,4.25,4.0,-38.07,4.9486,-55,3.16,116.32,0.463509,0.271291,1.9945,0.9479
5868,-100,-60.0,40,4.25,5.0,-38.05,6.306,-63,5.25,113.69,0.495299,0.308091,5.7524,0.8391
5867,-100,-60.0,40,4.25,4.5,-38.08,5.8418,-58,3.68,115.62,0.49278,0.294303,3.3535,0.9048
5869,-100,-60.0,40,4.25,5.5,-38.7,6.3075,-63,1.21,118.51,0.385185,0.204659,1.2427,0.9632
5870,-100,-60.0,40,4.25,6.0,-38.3,7.0136,-68,2.24,117.52,0.46266,0.255493,2.1701,0.9358
5871,-100,-60.0,40,4.25,6.5,-38.45,7.181,-69,4.55,114.54,0.454382,0.294382,3.8227,0.894
5872,-100,-60.0,40,4.25,7.0,-38.42,7.7546,-69,2.41,117.21,0.431722,0.243316,1.5327,0.9551
5873,-100,-60.0,40,4.25,7.5,-38.25,8.5762,-71,1.61,118.06,0.423257,0.220072,1.1282,0.9659
5874,-100,-60.0,40,4.25,8.0,-38.46,8.9577,-79,3.46,115.91,0.444695,0.265697,2.6679,0.9246
5877,-100,-60.0,40,4.25,9.5,-37.6,10.0065,-75,9.6,108.45,0.541495,0.393252,8.9615,0.78
5875,-100,-60.0,40,4.25,8.5,-37.87,9.2784,-73,4.64,114.51,0.480037,0.298215,4.3477,0.8769
5876,-100,-60.0,40,4.25,9.0,-37.84,9.7377,-77,1.65,117.95,0.425707,0.222856,1.214,0.9661
5878,-100,-60.0,40,4.25,10.0,-37.59,10.4803,-81,1.7,117.9,0.430567,0.228921,0.8849,0.9692
5879,-100,-60.0,40,4.25,10.5,-37.51,11.031,-85,6.72,112.01,0.496371,0.347622,9.0375,0.7541
5880,-100,-60.0,40,4.25,11.0,-38.01,11.766,-82,6.57,112.19,0.522323,0.34284,6.9518,0.8083
5881,-100,-60.0,40,4.25,11.5,-37.41,12.0453,-86,7.01,111.81,0.561402,0.345912,6.8948,0.8159
5882,-100,-60.0,40,4.25,12.0,-37.66,12.4825,-88,2.52,117.01,0.44894,0.25075,1.8673,0.947
5884,-100,-60.0,40,4.25,13.0,-38.05,13.4895,-92,2.9,116.69,0.489494,0.26587,1.3041,0.949
5883,-100,-60.0,40,4.25,12.5,-38.14,12.854,-92,13.29,104.02,0.607674,0.458395,12.1231,0.6667
5885,-100,-60.0,40,4.25,13.5,-37.8,14.0356,-90,4.7,114.37,0.457163,0.299011,7.395,0.8052
5886,-100,-60.0,40,4.25,14.0,-38.22,14.3769,-93,6.42,112.5,0.555573,0.330976,5.6532,0.8483
5887,-100,-60.0,40,4.5,1.0,-34.14,4.0002,-43,1.73,118.07,0.44476,0.237056,1.4403,0.9568
5888,-100,-60.0,40,4.5,1.5,-34.35,4.1991,-47,2.68,116.92,0.459237,0.256779,2.0681,0.947
5889,-100,-60.0,40,4.5,2.0,-34.79,3.9488,-46,1.79,117.79,0.439781,0.22827,1.072,0.9686
5890,-100,-60.0,40,4.5,2.5,-34.8,4.55,-48,3.02,116.39,0.463941,0.257937,3.8573,0.8935
5891,-100,-60.0,40,4.5,3.0,-34.03,5.2633,-50,7.87,110.69,0.549861,0.372449,9.6422,0.7437
5892,-100,-60.0,40,4.5,3.5,-34.17,5.0555,-53,7.91,110.65,0.537908,0.359192,7.2649,0.8114
5893,-100,-60.0,40,4.5,4.0,-35.46,5.7054,-56,9.05,109.23,0.528239,0.399799,10.3356,0.7212
5894,-100,-60.0,40,4.5,4.5,-34.38,5.7583,-54,2.86,116.76,0.469348,0.264102,2.4069,0.9371
5895,-100,-60.0,40,4.5,5.0,-34.89,6.5671,-60,3.5,116.05,0.477206,0.278149,2.5624,0.9279
5896,-100,-60.0,40,4.5,5.5,-34.53,6.3708,-62,3.55,115.86,0.428297,0.270223,4.5714,0.8747
5897,-100,-60.0,40,4.5,6.0,-34.31,6.8392,-61,3.31,116.11,0.454763,0.264966,2.3301,0.9336
5898,-100,-60.0,40,4.5,6.5,-35.19,7.1589,-64,3.52,115.96,0.46564,0.278157,3.3362,0.9007
5899,-100,-60.0,40,4.5,7.0,-34.5,8.108,-63,4.31,115.03,0.461107,0.291382,4.5889,0.8725
5900,-100,-60.0,40,4.5,7.5,-34.64,8.2736,-68,2.26,117.31,0.452603,0.256449,1.7039,0.9479
5901,-100,-60.0,40,4.5,8.0,-33.92,8.9315,-70,7.84,110.55,0.52786,0.383671,10.5826,0.7172
5902,-100,-60.0,40,4.5,8.5,-34.57,9.3388,-79,3.09,116.4,0.446244,0.261088,2.4639,0.9376
5903,-100,-60.0,40,4.5,9.0,-34.73,9.8224,-69,7.85,110.54,0.508182,0.361717,7.8694,0.823
5904,-100,-60.0,40,4.5,9.5,-34.44,10.194,-76,3.57,115.75,0.475152,0.272669,2.8537,0.9192
5905,-100,-60.0,40,4.5,10.0,-34.56,10.5713,-74,4.53,114.62,0.462738,0.302172,5.4217,0.849
5906,-100,-60.0,40,4.5,10.5,-34.56,11.1217,-82,9.08,109.09,0.536244,0.407481,12.0409,0.6738
5908,-100,-60.0,40,4.5,11.5,-34.37,12.0882,-85,5.82,112.94,0.460229,0.315531,7.725,0.7921
5907,-100,-60.0,40,4.5,11.0,-34.47,11.5529,-83,6.15,112.76,0.531315,0.353523,9.0009,0.7591
5909,-100,-60.0,40,4.5,12.0,-34.92,12.5645,-80,7.02,111.58,0.505188,0.343772,6.8615,0.8376
5910,-100,-60.0,40,4.5,12.5,-34.83,12.9825,-86,4.93,114.13,0.505561,0.292478,4.1806,0.8837
5911,-100,-60.0,40,4.5,13.0,-34.22,13.3272,-84,5.58,113.44,0.495892,0.313888,4.5663,0.8819
5912,-100,-60.0,40,4.5,13.5,-33.62,14.0081,-92,4.69,114.42,0.484608,0.290468,3.7983,0.8963
5913,-100,-60.0,40,4.5,14.0,-34.63,14.5143,-100,6.32,112.55,0.492097,0.33002,8.1758,0.7743
5914,-100,-60.0,40,4.75,1.0,-31.44,3.5058,-40,6.15,112.64,0.49125,0.326684,6.128,0.829
5915,-100,-60.0,40,4.75,1.5,-31.33,3.8782,-41,1.23,118.52,0.42941,0.215749,0.4341,0.98
5916,-100,-60.0,40,4.75,2.0,-31.23,3.4532,-42,5.59,113.29,0.488803,0.31509,4.961,0.8734
5917,-100,-60.0,40,4.75,2.5,-31.32,4.488,-45,1.95,117.6,0.445663,0.241385,2.0245,0.9403
5918,-100,-60.0,40,4.75,3.0,-31.6,4.7399,-47,2.94,116.51,0.440496,0.256312,2.5391,0.9306
5920,-100,-60.0,40,4.75,4.0,-31.17,5.6371,-50,5.34,113.73,0.457506,0.314279,6.8975,0.8116
5919,-100,-60.0,40,4.75,3.5,-31.19,5.4952,-50,1.75,117.87,0.420981,0.225902,0.9555,0.9701
5921,-100,-60.0,40,4.75,4.5,-31.81,6.6793,-55,1.13,118.68,0.380137,0.193351,0.8331,0.9722
5922,-100,-60.0,40,4.75,5.0,-30.22,6.5282,-54,2.87,116.65,0.451801,0.260881,2.053,0.9454
5923,-100,-60.0,40,4.75,5.5,-30.83,7.2741,-59,1.13,118.64,0.378546,0.19328,0.6679,0.9805
5924,-100,-60.0,40,4.75,6.0,-31.2,7.0852,-56,2.33,117.21,0.418041,0.232657,2.811,0.9233
5925,-100,-60.0,40,4.75,6.5,-31.4,7.5131,-61,1.79,117.7,0.453521,0.247079,1.7037,0.9502
5926,-100,-60.0,40,4.75,7.0,-30.3,7.7045,-59,3.73,115.62,0.474348,0.277443,2.7666,0.9214
5927,-100,-60.0,40,4.75,7.5,-31.31,8.3108,-67,1.65,117.93,0.412724,0.232138,1.5968,0.9584
5928,-100,-60.0,40,4.75,8.0,-30.29,8.809,-68,2.55,117.11,0.442218,0.252408,3.6198,0.9022
5929,-100,-60.0,40,4.75,8.5,-30.98,9.3589,-69,1.89,117.75,0.434648,0.231251,0.7041,0.9716
5930,-100,-60.0,40,4.75,9.0,-31.75,9.8567,-71,8.57,109.69,0.530475,0.390149,9.7459,0.7475
5931,-100,-60.0,40,4.75,9.5,-31.13,10.3622,-72,1.26,118.57,0.407705,0.221365,0.4583,0.9802
5932,-100,-60.0,40,4.75,10.0,-30.52,10.7883,-79,4.44,114.77,0.463845,0.279702,4.4807,0.8875
5934,-100,-60.0,40,4.75,11.0,-30.82,11.5189,-76,8.66,109.7,0.526515,0.387662,10.921,0.704
5933,-100,-60.0,40,4.75,10.5,-30.47,11.1397,-78,3.93,115.29,0.444456,0.274737,4.0223,0.9045
5935,-100,-60.0,40,4.75,11.5,-31.96,12.2707,-81,4.65,114.41,0.463343,0.298174,6.0866,0.8332
5936,-100,-60.0,40,4.75,12.0,-30.51,12.5871,-84,5.1,113.87,0.44952,0.303935,5.2365,0.8503
5937,-100,-60.0,40,4.75,12.5,-30.87,13.3907,-79,1.97,117.68,0.438736,0.238264,1.3112,0.9587
5938,-100,-60.0,40,4.75,13.0,-30.75,13.3533,-83,8.38,110.02,0.519671,0.39064,11.7828,0.6875
5939,-100,-60.0,40,4.75,13.5,-30.79,14.0433,-88,2.86,116.53,0.47192,0.268129,2.5917,0.9298
5940,-100,-60.0,40,4.75,14.0,-30.88,14.5522,-92,4.21,114.97,0.499755,0.27814,2.7745,0.9103
5941,-100,-60.0,40,5.0,1.0,-28.06,3.5494,-36,5.07,113.97,0.462536,0.311377,6.3352,0.8242
5942,-100,-60.0,40,5.0,1.5,-27.79,4.5915,-39,1.83,117.75,0.460827,0.241935,1.7887,0.9472
5944,-100,-60.0,40,5.0,2.5,-27.75,5.0721,-42,6.91,111.76,0.568857,0.368823,9.8369,0.7371
5943,-100,-60.0,40,5.0,2.0,-27.15,4.8081,-41,1.62,118.11,0.416879,0.227877,0.8747,0.9702
5945,-100,-60.0,40,5.0,3.0,-27.29,5.4612,-45,1.89,117.89,0.452039,0.252709,1.1984,0.9658
5946,-100,-60.0,40,5.0,3.5,-26.99,4.8755,-43,5.16,113.88,0.466506,0.302333,5.2614,0.8737
5947,-100,-60.0,40,5.0,4.0,-26.94,5.8084,-50,4.26,114.89,0.509174,0.29781,4.6909,0.8734
5948,-100,-60.0,40,5.0,4.5,-27.17,6.806,-54,1.54,118.23,0.41223,0.217674,0.9634,0.9659
5949,-100,-60.0,40,5.0,5.0,-27.43,6.3324,-49,2.29,117.33,0.433069,0.243618,1.2135,0.9649
5950,-100,-60.0,40,5.0,5.5,-27.76,6.925,-53,2.0,117.58,0.44314,0.232412,1.5582,0.9506
5951,-100,-60.0,40,5.0,6.0,-27.37,7.4744,-56,3.73,115.78,0.470882,0.284605,4.1904,0.881
5952,-100,-60.0,40,5.0,6.5,-26.56,7.8173,-56,1.61,118.09,0.43552,0.227954,1.0213,0.9684
5953,-100,-60.0,40,5.0,7.0,-27.65,7.9348,-60,3.22,116.24,0.441948,0.256129,4.4432,0.8795
5954,-100,-60.0,40,5.0,7.5,-27.86,8.7252,-63,2.57,117.01,0.439256,0.255006,1.2133,0.9584
5956,-100,-60.0,40,5.0,8.5,-27.56,9.422,-72,2.2,117.31,0.426983,0.244855,1.2963,0.9555
5955,-100,-60.0,40,5.0,8.0,-27.79,8.9885,-65,4.18,115.11,0.466962,0.287641,3.8683,0.8907
5957,-100,-60.0,40,5.0,9.0,-27.25,9.5661,-65,3.27,116.11,0.451331,0.259871,4.9729,0.8689
5958,-100,-60.0,40,5.0,9.5,-28.22,10.3327,-69,1.29,118.61,0.419524,0.221906,0.6043,0.9754
5959,-100,-60.0,40,5.0,10.0,-26.87,10.6158,-70,6.01,112.95,0.516444,0.33295,5.7706,0.8361
5960,-100,-60.0,40,5.0,10.5,-27.48,11.1974,-72,10.0,107.91,0.573654,0.414737,12.4071,0.6629
5961,-100,-60.0,40,5.0,11.0,-27.08,11.8682,-81,4.16,114.96,0.458396,0.29592,4.5451,0.8871
5968,-100,-55.0,40,1.0,1.0,,,,100.0,0.0,0.0,0.0,0.0,0.0
5969,-100,-55.0,40,1.0,1.5,,,,100.0,0.0,0.0,0.0,0.0,0.0
5970,-100,-55.0,40,1.0,2.0,,,,100.0,0.0,0.0,0.0,0.0,0.0
5962,-100,-60.0,40,5.0,11.5,-27.17,12.3384,-74,3.71,115.53,0.467365,0.27884,4.2009,0.8803
5963,-100,-60.0,40,5.0,12.0,-26.97,12.7001,-75,2.7,117.01,0.427403,0.271638,2.3216,0.9365
5964,-100,-60.0,40,5.0,12.5,-27.62,13.2885,-84,5.28,113.85,0.522015,0.31169,4.9068,0.8577
5971,-100,-55.0,40,1.0,2.5,,,,100.0,0.0,0.0,0.0,0.0,0.0
5965,-100,-60.0,40,5.0,13.0,-27.1,13.9249,-90,5.84,113.09,0.491634,0.323964,6.0197,0.8448
5973,-100,-55.0,40,1.0,3.5,,,,100.0,0.0,0.0,0.0,0.0,0.0
5966,-100,-60.0,40,5.0,13.5,-26.85,14.0742,-83,1.83,117.8,0.434359,0.233669,1.1696,0.9609
5972,-100,-55.0,40,1.0,3.0,,,,100.0,0.0,0.0,0.0,0.0,0.0
5975,-100,-55.0,40,1.0,4.5,,,,100.0,0.0,0.0,0.0,0.0,0.0
5974,-100,-55.0,40,1.0,4.0,,,,100.0,0.0,0.0,0.0,0.0,0.0
5976,-100,-55.0,40,1.0,5.0,,,,100.0,0.0,0.0,0.0,0.0,0.0
5978,-100,-55.0,40,1.0,6.0,,,,100.0,0.0,0.0,0.0,0.0,0.0
5967,-100,-60.0,40,5.0,14.0,-27.18,14.9361,-90,5.57,113.47,0.473256,0.306507,5.0718,0.8557
5977,-100,-55.0,40,1.0,5.5,,,,100.0,0.0,0.0,0.0,0.0,0.0
5979,-100,-55.0,40,1.0,6.5,,,,100.0,0.0,0.0,0.0,0.0,0.0
5980,-100,-55.0,40,1.0,7.0,,,,100.0,0.0,0.0,0.0,0.0,0.0
5981,-100,-55.0,40,1.0,7.5,-78.0,0.0,-78,100.0,0.01,3.232064,0.0,0.0089,0.0
5983,-100,-55.0,40,1.0,8.5,-83.71,8.144,-99,99.92,0.09,3.596288,1.481001,0.0364,0.0002
5984,-100,-55.0,40,1.0,9.0,-82.0,10.7083,-94,99.97,0.03,3.736395,0.778886,0.022,0.0
5982,-100,-55.0,40,1.0,8.0,-74.75,3.1125,-78,99.98,0.02,3.031477,0.220808,0.0262,0.0
5985,-100,-55.0,40,1.0,9.5,-83.62,10.0468,-100,99.83,0.2,3.998487,1.083604,0.039,0.0011
5986,-100,-55.0,40,1.0,10.0,-81.35,9.215,-100,99.75,0.3,4.390688,1.454734,0.1357,0.0009
5987,-100,-55.0,40,1.0,10.5,-83.07,10.3782,-100,99.6,0.48,3.685406,0.807482,0.1703,0.0013
5988,-100,-55.0,40,1.0,11.0,-83.48,10.0273,-100,99.34,0.8,3.560885,0.812223,0.1815,0.0045
5989,-100,-55.0,40,1.0,11.5,-84.32,10.7443,-100,99.11,1.06,3.417751,0.718031,0.1447,0.0076
5990,-100,-55.0,40,1.0,12.0,-84.68,10.8107,-100,98.8,1.45,3.68881,1.095432,0.3528,0.0081
5992,-100,-55.0,40,1.0,13.0,-84.29,11.2883,-100,98.17,2.2,3.832027,0.724267,0.6429,0.0089
5991,-100,-55.0,40,1.0,12.5,-84.23,11.2967,-100,98.58,1.7,3.421756,1.043293,0.5874,0.0056
5993,-100,-55.0,40,1.0,13.5,-83.24,11.8244,-100,97.8,2.65,3.5743,0.860642,0.4265,0.0172
5995,-100,-55.0,40,1.25,1.0,,,,100.0,0.0,0.0,0.0,0.0,0.0
5996,-100,-55.0,40,1.25,1.5,,,,100.0,0.0,0.0,0.0,0.0,0.0
5997,-100,-55.0,40,1.25,2.0,,,,100.0,0.0,0.0,0.0,0.0,0.0
5994,-100,-55.0,40,1.0,14.0,-83.86,12.0917,-100,96.87,3.76,3.455756,1.126981,0.5758,0.0233
5998,-100,-55.0,40,1.25,2.5,,,,100.0,0.0,0.0,0.0,0.0,0.0
5999,-100,-55.0,40,1.25,3.0,,,,100.0,0.0,0.0,0.0,0.0,0.0
6001,-100,-55.0,40,1.25,4.0,,,,100.0,0.0,0.0,0.0,0.0,0.0
6000,-100,-55.0,40,1.25,3.5,,,,100.0,0.0,0.0,0.0,0.0,0.0
6003,-100,-55.0,40,1.25,5.0,,,,100.0,0.0,0.0,0.0,0.0,0.0
6002,-100,-55.0,40,1.25,4.5,,,,100.0,0.0,0.0,0.0,0.0,0.0
6004,-100,-55.0,40,1.25,5.5,,,,100.0,0.0,0.0,0.0,0.0,0.0
6005,-100,-55.0,40,1.25,6.0,-79.0,0.0,-79,100.0,0.01,3.670562,0.0,0.009,0.0
6006,-100,-55.0,40,1.25,6.5,-82.5,13.5,-96,99.99,0.01,4.936774,0.454565,0.011,0.0
6007,-100,-55.0,40,1.25,7.0,-82.75,6.26,-92,99.98,0.02,3.204158,0.798516,0.0168,0.0
6008,-100,-55.0,40,1.25,7.5,-82.0,6.2757,-94,99.94,0.07,4.848556,1.362735,0.0757,0.0
6009,-100,-55.0,40,1.25,8.0,-84.4,7.3986,-99,99.91,0.11,3.903047,0.774217,0.0375,0.0004
6010,-100,-55.0,40,1.25,8.5,-79.63,8.5657,-100,99.77,0.27,3.733145,0.843832,0.1263,0.0011
6011,-100,-55.0,40,1.25,9.0,-79.74,8.4854,-100,99.62,0.45,3.656358,0.84459,0.1378,0.0011
6012,-100,-55.0,40,1.25,9.5,-78.11,8.7413,-99,99.48,0.62,4.097263,0.847854,0.3127,0.0009
6014,-100,-55.0,40,1.25,10.5,-80.02,10.1672,-100,98.64,1.64,3.912216,0.957157,0.4202,0.0088
6013,-100,-55.0,40,1.25,10.0,-80.58,9.0535,-100,99.2,0.96,3.428273,0.801904,0.4018,0.0029
6016,-100,-55.0,40,1.25,11.5,-80.33,11.3272,-100,98.38,1.95,3.731319,1.353244,0.5613,0.011
6015,-100,-55.0,40,1.25,11.0,-80.0,9.956,-100,98.2,2.16,3.135273,0.589163,0.7622,0.0092
6017,-100,-55.0,40,1.25,12.0,-80.26,10.9443,-100,97.45,3.06,3.906881,1.257323,0.794,0.0137
6020,-100,-55.0,40,1.25,13.5,-80.56,12.3401,-100,96.17,4.6,4.285472,1.488514,1.4326,0.0221
6018,-100,-55.0,40,1.25,12.5,-80.53,11.9683,-100,97.34,3.2,3.893342,0.976482,0.6274,0.0197
6022,-100,-55.0,40,1.5,1.0,,,,100.0,0.0,0.0,0.0,0.0,0.0
6019,-100,-55.0,40,1.25,13.0,-80.7,12.3577,-100,96.36,4.37,3.770742,1.506643,0.9363,0.0256
6021,-100,-55.0,40,1.25,14.0,-80.29,12.8253,-100,94.98,6.03,3.762549,1.464301,1.2934,0.0339
6023,-100,-55.0,40,1.5,1.5,,,,100.0,0.0,0.0,0.0,0.0,0.0
6024,-100,-55.0,40,1.5,2.0,,,,100.0,0.0,0.0,0.0,0.0,0.0
6025,-100,-55.0,40,1.5,2.5,,,,100.0,0.0,0.0,0.0,0.0,0.0
6027,-100,-55.0,40,1.5,3.5,,,,100.0,0.0,0.0,0.0,0.0,0.0
6026,-100,-55.0,40,1.5,3.0,,,,100.0,0.0,0.0,0.0,0.0,0.0
6030,-100,-55.0,40,1.5,5.0,-67.0,0.0,-67,100.0,0.01,7.451387,0.0,0.0089,0.0
6028,-100,-55.0,40,1.5,4.0,,,,100.0,0.0,0.0,0.0,0.0,0.0
6029,-100,-55.0,40,1.5,4.5,,,,100.0,0.0,0.0,0.0,0.0,0.0
6031,-100,-55.0,40,1.5,5.5,-81.0,5.0,-86,99.99,0.01,3.795771,0.697143,0.0179,0.0
6032,-100,-55.0,40,1.5,6.0,-74.36,7.8341,-86,99.94,0.08,3.604837,1.593846,0.0932,0.0
6033,-100,-55.0,40,1.5,6.5,-75.22,4.5772,-89,99.92,0.1,3.72278,1.34199,0.0482,0.0002
6035,-100,-55.0,40,1.5,7.5,-80.62,8.7954,-99,99.86,0.17,4.599327,2.094796,0.0437,0.0007
6036,-100,-55.0,40,1.5,8.0,-78.3,6.8591,-91,99.65,0.43,4.061377,1.319301,0.2806,0.0007
6034,-100,-55.0,40,1.5,7.0,-75.16,5.7424,-93,99.83,0.2,3.213385,1.1535,0.1248,0.0
6037,-100,-55.0,40,1.5,8.5,-77.87,8.4766,-99,99.42,0.7,4.723061,1.202028,0.1514,0.0043
6038,-100,-55.0,40,1.5,9.0,-76.95,8.7934,-100,98.83,1.4,3.604234,1.040234,0.5528,0.0038
6039,-100,-55.0,40,1.5,9.5,-78.44,8.8049,-100,98.83,1.4,4.70301,1.783231,0.1867,0.0089
6040,-100,-55.0,40,1.5,10.0,-77.68,10.0399,-100,98.17,2.2,3.966196,1.215799,0.5672,0.0101
6042,-100,-55.0,40,1.5,11.0,-77.21,10.6701,-100,97.21,3.36,4.643038,1.383735,0.5024,0.0189
6041,-100,-55.0,40,1.5,10.5,-77.67,10.1806,-100,97.55,2.94,3.695069,1.34668,1.3887,0.0085
6043,-100,-55.0,40,1.5,11.5,-77.13,11.157,-100,96.13,4.65,3.810735,1.625025,1.5509,0.0164
6044,-100,-55.0,40,1.5,12.0,-77.83,11.4346,-100,95.92,4.9,3.875242,1.061951,1.3053,0.0236
6045,-100,-55.0,40,1.5,12.5,-77.12,12.1002,-100,94.54,6.55,3.915167,1.297179,1.7404,0.0331
6046,-100,-55.0,40,1.5,13.0,-76.92,12.3238,-100,93.4,7.92,3.453156,0.951103,2.0345,0.0472
6047,-100,-55.0,40,1.5,13.5,-75.85,12.6993,-100,92.29,9.26,3.8091,1.105542,3.339,0.0283
6049,-100,-55.0,40,1.75,1.0,,,,100.0,0.0,0.0,0.0,0.0,0.0
6048,-100,-55.0,40,1.5,14.0,-75.97,13.342,-100,91.9,9.73,3.554283,1.281285,2.3581,0.0426
6050,-100,-55.0,40,1.75,1.5,,,,100.0,0.0,0.0,0.0,0.0,0.0
6051,-100,-55.0,40,1.75,2.0,,,,100.0,0.0,0.0,0.0,0.0,0.0
6052,-100,-55.0,40,1.75,2.5,,,,100.0,0.0,0.0,0.0,0.0,0.0
6053,-100,-55.0,40,1.75,3.0,,,,100.0,0.0,0.0,0.0,0.0,0.0
6055,-100,-55.0,40,1.75,4.0,,,,100.0,0.0,0.0,0.0,0.0,0.0
6054,-100,-55.0,40,1.75,3.5,-69.0,1.0,-70,99.99,0.01,3.754763,0.047789,0.011,0.0
6056,-100,-55.0,40,1.75,4.5,-75.0,0.0,-75,100.0,0.01,6.076963,0.0,0.0089,0.0
6057,-100,-55.0,40,1.75,5.0,-70.91,5.8228,-78,99.9,0.12,3.358306,1.253027,0.152,0.0
6058,-100,-55.0,40,1.75,5.5,-74.61,5.5305,-89,99.9,0.12,4.531252,1.325446,0.0628,0.0004
6059,-100,-55.0,40,1.75,6.0,-73.5,6.8819,-97,99.84,0.19,5.563804,1.598592,0.1387,0.0002
6060,-100,-55.0,40,1.75,6.5,-72.75,5.9983,-87,99.57,0.52,3.269561,0.860458,0.3954,0.0009
6061,-100,-55.0,40,1.75,7.0,-72.73,5.62,-90,99.5,0.6,6.254345,3.862982,0.2752,0.0013
6062,-100,-55.0,40,1.75,7.5,-74.21,7.5628,-92,99.22,0.94,5.708093,2.791497,0.2056,0.0054
6065,-100,-55.0,40,1.75,9.0,-72.83,9.1795,-100,96.68,3.98,4.253506,1.81419,1.6471,0.0101
6063,-100,-55.0,40,1.75,8.0,-74.47,8.5875,-99,98.68,1.58,4.086115,0.963883,0.4064,0.0061
6064,-100,-55.0,40,1.75,8.5,-74.24,8.2489,-98,98.18,2.19,4.295911,1.94521,0.3595,0.0125
6067,-100,-55.0,40,1.75,10.0,-73.81,10.3197,-100,95.39,5.53,4.052914,1.253198,1.4258,0.0294
6068,-100,-55.0,40,1.75,10.5,-73.27,10.5389,-100,94.26,6.9,3.981746,1.622945,2.9128,0.0293
6066,-100,-55.0,40,1.75,9.5,-73.62,9.9458,-100,96.21,4.55,4.26936,1.819941,0.9032,0.0271
6072,-100,-55.0,40,1.75,12.5,-73.22,12.4815,-100,92.15,9.42,4.779071,1.94685,3.1203,0.0483
6069,-100,-55.0,40,1.75,11.0,-72.95,11.0728,-100,93.58,7.71,3.858649,1.469489,3.4727,0.0282
6070,-100,-55.0,40,1.75,11.5,-73.38,11.4625,-100,91.62,10.06,3.521336,0.939993,2.46,0.0459
6071,-100,-55.0,40,1.75,12.0,-73.65,11.9302,-100,92.11,9.47,4.001377,1.355473,1.8685,0.0581
6073,-100,-55.0,40,1.75,13.0,-73.68,12.4294,-100,89.03,13.17,3.199108,0.881611,2.9214,0.0602
6074,-100,-55.0,40,1.75,13.5,-72.54,13.2655,-100,88.88,13.35,3.899231,0.826109,0.9957,0.0973
6076,-100,-55.0,40,2.0,1.0,,,,100.0,0.0,0.0,0.0,0.0,0.0
6077,-100,-55.0,40,2.0,1.5,,,,100.0,0.0,0.0,0.0,0.0,0.0
6078,-100,-55.0,40,2.0,2.0,,,,100.0,0.0,0.0,0.0,0.0,0.0
6075,-100,-55.0,40,1.75,14.0,-73.97,13.8754,-100,89.05,13.16,3.954619,1.228627,1.5993,0.0853
6079,-100,-55.0,40,2.0,2.5,-71.0,0.0,-71,100.0,0.01,3.108778,0.0,0.0089,0.0
6080,-100,-55.0,40,2.0,3.0,,,,100.0,0.0,0.0,0.0,0.0,0.0
6081,-100,-55.0,40,2.0,3.5,-67.5,1.5,-69,99.99,0.01,5.198348,2.247392,0.011,0.0
6082,-100,-55.0,40,2.0,4.0,-68.86,3.8703,-77,99.94,0.08,3.031606,0.69918,0.0932,0.0
6083,-100,-55.0,40,2.0,4.5,-69.85,4.8492,-80,99.88,0.14,4.090403,1.057438,0.1108,0.0004
6085,-100,-55.0,40,2.0,5.5,-69.53,5.5921,-85,99.39,0.74,4.014402,1.34737,0.3645,0.0018
6084,-100,-55.0,40,2.0,5.0,-69.07,5.0167,-79,99.74,0.31,3.532629,1.804996,0.2096,0.0002
6087,-100,-55.0,40,2.0,6.5,-69.44,6.5394,-88,98.37,1.95,5.005921,2.052492,0.9166,0.0029
6086,-100,-55.0,40,2.0,6.0,-68.17,6.8284,-88,98.4,1.92,3.844514,0.770858,1.5079,0.0011
6088,-100,-55.0,40,2.0,7.0,-68.58,6.8994,-92,97.4,3.12,3.741552,2.190927,2.6598,0.0045
6089,-100,-55.0,40,2.0,7.5,-68.78,7.3967,-97,95.81,5.03,3.875618,1.104653,3.2098,0.0094
6090,-100,-55.0,40,2.0,8.0,-70.01,7.8919,-95,95.82,5.02,3.82416,1.224534,2.6266,0.0074
6091,-100,-55.0,40,2.0,8.5,-69.88,8.3543,-95,94.59,6.49,3.962573,1.966177,1.9654,0.0262
6092,-100,-55.0,40,2.0,9.0,-69.8,9.5932,-100,93.48,7.84,3.954661,1.456519,3.6126,0.0198
6093,-100,-55.0,40,2.0,9.5,-69.63,9.7304,-100,92.17,9.41,4.136863,0.806786,2.915,0.0494
6094,-100,-55.0,40,2.0,10.0,-69.99,10.0064,-100,92.33,9.21,4.489925,1.312807,2.4084,0.038
6095,-100,-55.0,40,2.0,10.5,-69.7,10.5933,-100,89.64,12.44,3.950387,1.358255,3.4549,0.0591
6096,-100,-55.0,40,2.0,11.0,-69.7,11.2329,-100,88.13,14.26,3.81951,1.116447,3.4977,0.0519
6097,-100,-55.0,40,2.0,11.5,-69.88,11.6763,-100,88.0,14.4,3.75788,1.451454,3.8368,0.0624
6098,-100,-55.0,40,2.0,12.0,-69.32,12.0322,-100,87.59,14.9,4.028925,1.044093,3.5899,0.0691
6099,-100,-55.0,40,2.0,12.5,-69.92,12.3769,-100,88.07,14.33,3.759382,2.018835,4.5215,0.0438
6103,-100,-55.0,40,2.25,1.0,-65.0,0.0,-65,100.0,0.01,3.35528,0.0,0.0089,0.0
6100,-100,-55.0,40,2.0,13.0,-70.3,12.9139,-100,84.92,18.1,3.523456,0.861447,4.8449,0.0857
6104,-100,-55.0,40,2.25,1.5,-66.0,0.0,-66,100.0,0.01,3.402158,0.0,0.0089,0.0
6101,-100,-55.0,40,2.0,13.5,-70.25,13.4067,-100,84.72,18.36,3.63054,1.334311,4.3723,0.0696
6102,-100,-55.0,40,2.0,14.0,-69.76,14.0014,-100,83.2,20.16,3.474345,1.29893,5.0887,0.1221
6105,-100,-55.0,40,2.25,2.0,-66.75,3.2692,-72,99.98,0.02,3.678962,1.410546,0.0261,0.0
6106,-100,-55.0,40,2.25,2.5,-65.33,1.6997,-67,99.99,0.02,4.84827,0.13436,0.0269,0.0
6108,-100,-55.0,40,2.25,3.5,-65.49,3.2476,-72,99.67,0.4,4.369007,2.004963,0.288,0.0002
6107,-100,-55.0,40,2.25,3.0,-65.07,2.8064,-71,99.81,0.23,3.004353,0.402369,0.2376,0.0
6109,-100,-55.0,40,2.25,4.0,-65.47,3.7676,-77,99.0,1.2,3.322996,1.030174,0.8958,0.0
6110,-100,-55.0,40,2.25,4.5,-65.5,4.6878,-80,98.76,1.49,4.275273,1.412359,0.7898,0.0025
6113,-100,-55.0,40,2.25,6.0,-65.8,6.1944,-84,95.3,5.64,4.12483,2.075713,3.4917,0.0105
6112,-100,-55.0,40,2.25,5.5,-65.3,5.8945,-84,96.89,3.73,4.684999,1.259767,2.0687,0.0092
6111,-100,-55.0,40,2.25,5.0,-66.14,4.9839,-81,98.04,2.36,3.719437,1.308854,1.3076,0.0036
6114,-100,-55.0,40,2.25,6.5,-65.46,6.6986,-88,94.37,6.76,3.821419,1.252144,3.578,0.0117
6115,-100,-55.0,40,2.25,7.0,-65.07,7.1868,-90,92.03,9.56,4.170139,0.847269,4.3365,0.0361
6116,-100,-55.0,40,2.25,7.5,-65.62,7.5199,-90,90.67,11.22,3.14435,1.015655,6.0677,0.0157
6117,-100,-55.0,40,2.25,8.0,-65.42,8.1815,-100,89.54,12.56,3.760989,0.9569,4.6287,0.0377
6118,-100,-55.0,40,2.25,8.5,-66.58,8.734,-100,89.7,12.34,4.053051,1.221205,3.5307,0.0516
6119,-100,-55.0,40,2.25,9.0,-66.47,9.1054,-100,90.95,10.88,4.44468,3.793728,4.8557,0.0333
6120,-100,-55.0,40,2.25,9.5,-66.8,9.7317,-100,86.6,16.11,3.509714,1.062242,5.2072,0.0591
6121,-100,-55.0,40,2.25,10.0,-66.16,10.2008,-100,86.55,16.15,3.831356,0.870786,5.3307,0.0696
6122,-100,-55.0,40,2.25,10.5,-66.3,10.3914,-100,85.6,17.28,4.221972,1.671186,2.9365,0.0998
6124,-100,-55.0,40,2.25,11.5,-67.17,11.7892,-100,83.23,20.14,3.446155,0.86697,3.7043,0.1423
6123,-100,-55.0,40,2.25,11.0,-66.33,10.8724,-100,84.94,18.07,3.886759,2.601063,7.246,0.0527
6125,-100,-55.0,40,2.25,12.0,-66.41,12.0654,-100,82.7,20.75,3.755572,1.520595,6.6069,0.0817
6127,-100,-55.0,40,2.25,13.0,-67.12,12.872,-100,81.8,21.87,3.644466,0.843276,4.0938,0.1275
6128,-100,-55.0,40,2.25,13.5,-67.25,13.2798,-100,81.8,21.83,3.765707,0.919804,2.6171,0.1515
6126,-100,-55.0,40,2.25,12.5,-66.35,12.7054,-100,82.79,20.66,4.003217,1.377019,4.4318,0.1293
6130,-100,-55.0,40,2.5,1.0,-59.68,1.4836,-64,99.5,0.6,5.739853,3.673369,0.5824,0.0
6131,-100,-55.0,40,2.5,1.5,-61.74,1.7912,-66,99.71,0.35,3.096964,0.631615,0.3351,0.0002
6129,-100,-55.0,40,2.25,14.0,-67.16,13.8373,-100,81.9,21.71,3.897292,1.890786,7.4163,0.0842
6132,-100,-55.0,40,2.5,2.0,-61.21,2.2626,-67,99.54,0.55,4.750145,1.235346,0.4394,0.0
6133,-100,-55.0,40,2.5,2.5,-58.32,3.352,-68,96.78,3.87,3.804302,0.936738,5.0988,0.0004
6134,-100,-55.0,40,2.5,3.0,-60.4,3.4218,-72,97.37,3.16,5.220952,1.175367,2.7394,0.0004
6136,-100,-55.0,40,2.5,4.0,-60.89,4.5658,-76,94.0,7.22,4.222643,2.467382,6.8213,0.0085
6137,-100,-55.0,40,2.5,4.5,-61.12,5.0514,-77,92.42,9.1,3.629349,1.016939,6.2481,0.0112
6135,-100,-55.0,40,2.5,3.5,-61.72,3.6399,-74,96.46,4.25,4.132424,1.621505,3.3599,0.0022
6139,-100,-55.0,40,2.5,5.5,-63.23,5.7569,-81,91.48,10.22,4.038622,1.18773,3.6763,0.0329
6140,-100,-55.0,40,2.5,6.0,-61.87,6.2419,-88,88.29,14.05,3.407526,1.520205,7.935,0.0163
6138,-100,-55.0,40,2.5,5.0,-61.67,5.2582,-81,91.79,9.85,4.373092,3.026203,6.3232,0.0139
6141,-100,-55.0,40,2.5,6.5,-62.53,6.6494,-86,86.77,15.88,3.674752,1.342066,6.6288,0.0673
6142,-100,-55.0,40,2.5,7.0,-62.4,7.3505,-87,86.56,16.13,4.164156,1.755824,6.288,0.0741
6143,-100,-55.0,40,2.5,7.5,-63.14,7.6419,-89,85.99,16.83,3.891873,1.526143,5.9912,0.034
6144,-100,-55.0,40,2.5,8.0,-62.32,8.3409,-90,80.77,23.11,3.13292,1.10907,6.4187,0.1237
6145,-100,-55.0,40,2.5,8.5,-61.72,8.8324,-97,78.25,26.09,2.992468,1.243692,10.2982,0.09
6146,-100,-55.0,40,2.5,9.0,-63.39,9.1044,-100,82.73,20.75,3.922253,1.629706,5.6635,0.1036
6147,-100,-55.0,40,2.5,9.5,-62.67,9.4726,-97,78.63,25.67,3.106228,1.481013,7.0473,0.0904
6148,-100,-55.0,40,2.5,10.0,-63.75,10.0813,-97,84.51,18.6,4.617052,2.019778,4.1896,0.0964
6149,-100,-55.0,40,2.5,10.5,-63.43,10.7772,-100,79.29,24.85,3.324668,1.206611,8.0217,0.1089
6151,-100,-55.0,40,2.5,11.5,-62.3,11.7438,-100,77.32,27.23,3.31447,1.446454,8.4911,0.1407
6152,-100,-55.0,40,2.5,12.0,-63.35,12.1257,-100,78.06,26.32,3.478588,1.224603,6.2032,0.141
6150,-100,-55.0,40,2.5,11.0,-61.81,11.2483,-100,75.82,29.01,3.131749,1.36945,10.2912,0.1353
6154,-100,-55.0,40,2.5,13.0,-61.94,13.1123,-100,74.48,30.64,3.115985,1.502843,8.9849,0.1459
6157,-100,-55.0,40,2.75,1.0,-58.14,1.2999,-63,97.16,3.41,4.706787,2.111394,2.7807,0.0
6153,-100,-55.0,40,2.5,12.5,-62.9,12.6132,-100,73.63,31.67,2.825298,0.835912,5.7898,0.2027
6158,-100,-55.0,40,2.75,1.5,-57.14,2.0213,-64,92.85,8.58,3.917657,1.645923,6.5205,0.0009
6159,-100,-55.0,40,2.75,2.0,-58.14,2.1394,-67,93.58,7.71,3.876207,1.378053,6.7608,0.0011
6155,-100,-55.0,40,2.5,13.5,-62.92,13.4672,-100,76.02,28.81,3.216566,1.156454,6.5125,0.1638
6156,-100,-55.0,40,2.5,14.0,-63.44,14.2154,-100,73.83,31.43,2.983372,0.856294,4.9075,0.2
6160,-100,-55.0,40,2.75,2.5,-56.53,3.1032,-67,88.42,13.92,2.984548,1.980802,15.0934,0.0045
6161,-100,-55.0,40,2.75,3.0,-58.17,3.2488,-73,89.5,12.61,3.710583,1.254214,8.8626,0.006
6163,-100,-55.0,40,2.75,4.0,-58.65,4.2616,-80,83.42,19.91,2.807226,0.671714,10.1131,0.0121
6162,-100,-55.0,40,2.75,3.5,-58.29,3.8352,-73,86.01,16.8,3.716754,1.329419,8.8634,0.021
6165,-100,-55.0,40,2.75,5.0,-59.23,5.4579,-79,84.3,18.84,3.797923,1.615249,7.9326,0.0479
6164,-100,-55.0,40,2.75,4.5,-58.17,5.2139,-76,82.06,21.54,3.222595,1.1831,9.684,0.0832
6166,-100,-55.0,40,2.75,5.5,-58.61,5.9824,-81,79.88,24.16,3.25683,1.219179,10.1405,0.0947
6167,-100,-55.0,40,2.75,6.0,-59.71,6.347,-83,81.59,22.12,3.635029,1.27008,7.3112,0.0868
6168,-100,-55.0,40,2.75,6.5,-58.2,6.8522,-85,75.49,29.44,3.110495,1.079451,7.0532,0.1246
6169,-100,-55.0,40,2.75,7.0,-59.4,7.3277,-86,80.77,23.08,3.885924,1.422841,6.0884,0.1031
6171,-100,-55.0,40,2.75,8.0,-59.76,8.325,-92,76.75,27.88,3.285463,0.910737,5.0014,0.1416
6170,-100,-55.0,40,2.75,7.5,-59.42,7.8442,-90,76.19,28.58,3.03298,1.049835,9.271,0.1095
6172,-100,-55.0,40,2.75,8.5,-58.33,8.7234,-91,71.58,34.1,2.67722,1.907002,14.4732,0.0922
6173,-100,-55.0,40,2.75,9.0,-58.49,9.3175,-94,70.61,35.28,2.690566,1.605895,15.1546,0.1591
6175,-100,-55.0,40,2.75,10.0,-58.86,10.2706,-96,72.73,32.75,2.915777,1.783646,13.8271,0.1078
6174,-100,-55.0,40,2.75,9.5,-59.48,9.8409,-91,72.67,32.76,2.833538,1.119983,9.433,0.1434
6178,-100,-55.0,40,2.75,11.5,-59.53,11.6377,-100,73.92,31.33,3.098689,1.077025,7.6235,0.1881
6177,-100,-55.0,40,2.75,11.0,-58.54,11.0576,-96,67.69,38.81,2.559139,0.86739,6.7483,0.2568
6176,-100,-55.0,40,2.75,10.5,-58.68,10.8037,-97,68.84,37.44,2.522615,1.134436,10.9358,0.1678
6180,-100,-55.0,40,2.75,12.5,-59.63,12.7389,-100,76.83,27.82,3.666928,2.121116,8.7949,0.0952
6181,-100,-55.0,40,2.75,13.0,-58.75,13.045,-100,71.74,33.93,2.824826,2.032281,14.0211,0.1159
6179,-100,-55.0,40,2.75,12.0,-59.69,11.983,-100,70.32,35.64,2.658541,0.972646,6.9398,0.1991
6183,-100,-55.0,40,2.75,14.0,-59.42,14.1175,-100,72.1,33.46,3.054529,1.057286,5.4324,0.2209
6182,-100,-55.0,40,2.75,13.5,-60.11,13.7144,-100,70.43,35.52,2.804345,0.947279,7.4443,0.2378
6184,-100,-55.0,40,3.0,1.0,-53.85,1.9269,-62,68.24,38.17,1.443366,0.988485,27.5987,0.0188
6185,-100,-55.0,40,3.0,1.5,-54.45,2.2373,-63,71.56,34.12,1.907383,1.390043,21.8495,0.0334
6186,-100,-55.0,40,3.0,2.0,-54.05,2.7054,-67,64.72,42.38,1.526297,1.359871,32.5485,0.0528
6187,-100,-55.0,40,3.0,2.5,-54.2,3.0741,-68,61.61,46.1,1.507138,1.436127,31.8915,0.0353
6188,-100,-55.0,40,3.0,3.0,-54.91,3.5907,-69,68.35,37.98,2.048999,1.441638,21.2141,0.0682
6190,-100,-55.0,40,3.0,4.0,-56.21,4.4353,-72,72.69,32.78,2.840327,1.6809,11.5383,0.1655
6189,-100,-55.0,40,3.0,3.5,-54.3,4.0712,-70,60.58,47.33,1.66283,1.381016,25.8179,0.1065
6193,-100,-55.0,40,3.0,5.5,-54.99,5.9061,-76,61.41,46.34,1.996277,1.298919,20.3779,0.1519
6191,-100,-55.0,40,3.0,4.5,-54.29,5.001,-73,52.04,57.58,1.529022,0.956351,21.2704,0.2846
6194,-100,-55.0,40,3.0,6.0,-54.85,6.3471,-82,61.96,45.72,2.041802,1.822931,22.1266,0.1045
6192,-100,-55.0,40,3.0,5.0,-54.2,5.6092,-76,61.68,46.01,1.830167,1.287084,24.6021,0.1163
6195,-100,-55.0,40,3.0,6.5,-55.18,7.0465,-83,61.96,45.67,2.073316,1.176724,15.5961,0.1973
6196,-100,-55.0,40,3.0,7.0,-56.13,7.4457,-83,69.2,36.99,2.683873,0.961979,4.2369,0.2282
6197,-100,-55.0,40,3.0,7.5,-54.87,7.9194,-88,59.91,48.13,1.930325,1.175737,17.3429,0.1821
6198,-100,-55.0,40,3.0,8.0,-55.27,8.4769,-85,61.77,45.89,2.112569,1.187255,16.7806,0.2247
6199,-100,-55.0,40,3.0,8.5,-55.08,8.9251,-89,59.79,48.25,1.935198,1.410707,20.8167,0.1785
6200,-100,-55.0,40,3.0,9.0,-54.46,9.3009,-86,57.35,51.2,1.872707,1.293822,20.0961,0.1966
6202,-100,-55.0,40,3.0,10.0,-55.37,10.4582,-97,60.87,46.97,2.082935,1.19064,15.8493,0.2007
6201,-100,-55.0,40,3.0,9.5,-54.76,9.7631,-97,59.54,48.59,1.999683,1.287538,17.0742,0.1913
6203,-100,-55.0,40,3.0,10.5,-55.41,10.6984,-91,60.99,46.82,2.111113,1.48073,19.4142,0.1841
6204,-100,-55.0,40,3.0,11.0,-55.46,11.5776,-100,61.57,46.08,2.132579,0.837741,8.3677,0.2608
6205,-100,-55.0,40,3.0,11.5,-54.83,11.9672,-100,57.19,51.38,1.854478,1.052376,15.4087,0.2087
6206,-100,-55.0,40,3.0,12.0,-55.28,12.4556,-100,60.23,47.78,2.062479,1.013619,10.7311,0.2206
6207,-100,-55.0,40,3.0,12.5,-55.46,12.5215,-100,59.93,48.12,2.035106,1.309792,14.1832,0.1602
6208,-100,-55.0,40,3.0,13.0,-55.86,13.2004,-100,64.87,42.16,2.369309,1.717197,16.9457,0.1477
6209,-100,-55.0,40,3.0,13.5,-55.08,13.5535,-100,59.88,48.13,2.059787,1.262014,16.6863,0.2074
6210,-100,-55.0,40,3.0,14.0,-55.53,14.1581,-100,59.69,48.4,2.030978,1.252989,13.3131,0.1715
6211,-100,-55.0,40,3.25,1.0,-50.98,2.3724,-59,25.65,89.32,0.758038,0.960111,29.1132,0.2143
6214,-100,-55.0,40,3.25,2.5,-51.97,3.4794,-66,40.77,71.13,1.190205,0.83583,22.774,0.3096
6212,-100,-55.0,40,3.25,1.5,-50.98,3.2629,-60,34.07,79.16,0.934283,1.042319,31.532,0.2388
6213,-100,-55.0,40,3.25,2.0,-51.54,2.687,-62,26.85,87.82,0.834171,0.862943,28.2842,0.3517
6215,-100,-55.0,40,3.25,3.0,-51.34,3.6661,-68,32.18,81.46,0.91302,0.982982,30.8977,0.2353
6218,-100,-55.0,40,3.25,4.5,-52.19,5.2426,-72,50.93,58.93,1.494932,1.206563,25.8224,0.2034
6219,-100,-55.0,40,3.25,5.0,-52.1,5.687,-73,48.12,62.29,1.442299,0.927845,22.0629,0.3497
6216,-100,-55.0,40,3.25,3.5,-50.86,4.2048,-66,27.8,86.63,0.832698,1.001745,30.8948,0.2125
6217,-100,-55.0,40,3.25,4.0,-51.35,4.6967,-69,35.71,77.15,1.069332,0.863467,25.4152,0.3204
6220,-100,-55.0,40,3.25,5.5,-51.45,5.9037,-74,41.19,70.6,1.22099,1.12024,27.9989,0.2447
6221,-100,-55.0,40,3.25,6.0,-51.0,6.4705,-77,38.15,74.24,1.148475,1.104226,28.5547,0.2421
6222,-100,-55.0,40,3.25,6.5,-51.96,6.8947,-79,43.54,67.8,1.310044,1.136188,25.617,0.2506
6225,-100,-55.0,40,3.25,8.0,-51.65,8.2206,-81,52.82,56.67,1.66612,1.850791,29.6108,0.1385
6223,-100,-55.0,40,3.25,7.0,-52.14,7.5029,-80,43.9,67.39,1.359063,0.853209,17.5075,0.279
6224,-100,-55.0,40,3.25,7.5,-52.03,7.9776,-81,46.5,64.27,1.449101,0.910143,17.5409,0.2734
6226,-100,-55.0,40,3.25,8.5,-52.17,8.8154,-87,44.85,66.19,1.366705,1.039631,24.667,0.29
6230,-100,-55.0,40,3.25,10.5,-52.75,10.6355,-99,55.47,53.47,1.814628,0.831938,10.8717,0.3345
6227,-100,-55.0,40,3.25,9.0,-52.04,9.4605,-86,47.57,62.97,1.4773,0.85618,14.6817,0.3425
6228,-100,-55.0,40,3.25,9.5,-52.37,10.0226,-90,51.68,57.97,1.630906,1.085511,19.3413,0.2233
6229,-100,-55.0,40,3.25,10.0,-51.89,10.2454,-91,46.83,63.91,1.444832,0.738328,13.359,0.3987
6231,-100,-55.0,40,3.25,11.0,-51.76,11.3478,-89,49.71,60.39,1.572356,0.727843,9.2642,0.3432
6232,-100,-55.0,40,3.25,11.5,-52.34,12.0634,-100,51.39,58.35,1.624709,0.751627,11.2735,0.3727
6233,-100,-55.0,40,3.25,12.0,-52.28,12.0151,-93,51.3,58.51,1.635576,0.720361,8.7861,0.3852
6234,-100,-55.0,40,3.25,12.5,-51.4,12.8956,-100,52.58,56.96,1.669513,1.392536,22.3782,0.1747
6235,-100,-55.0,40,3.25,13.0,-52.13,13.3026,-100,48.18,62.27,1.511251,0.876742,14.8663,0.2951
6236,-100,-55.0,40,3.25,13.5,-51.28,13.7598,-100,53.39,55.98,1.713001,1.121361,18.9501,0.253
6237,-100,-55.0,40,3.25,14.0,-52.04,14.0629,-100,51.54,58.24,1.633577,0.831527,12.4029,0.3383
6238,-100,-55.0,40,3.5,1.0,-48.93,2.8059,-56,8.05,110.41,0.55779,0.346868,9.4011,0.7387
6239,-100,-55.0,40,3.5,1.5,-49.54,2.9161,-59,6.76,112.01,0.521781,0.322499,5.4074,0.8465
6241,-100,-55.0,40,3.5,2.5,-48.53,3.7877,-61,10.92,106.98,0.568365,0.393694,10.6987,0.726
6240,-100,-55.0,40,3.5,2.0,-48.85,3.0289,-59,9.68,108.45,0.552422,0.39324,10.5101,0.7093
6242,-100,-55.0,40,3.5,3.0,-48.02,4.46,-65,17.43,99.18,0.677998,0.564237,19.5223,0.4644
6244,-100,-55.0,40,3.5,4.0,-48.61,4.8118,-68,28.0,86.58,0.889985,0.733626,24.9244,0.3957
6243,-100,-55.0,40,3.5,3.5,-49.0,4.1648,-66,11.26,106.57,0.622935,0.384753,7.8639,0.7704
6245,-100,-55.0,40,3.5,4.5,-48.49,5.337,-69,12.59,104.95,0.629642,0.396611,8.3548,0.7758
6246,-100,-55.0,40,3.5,5.0,-48.7,5.5865,-70,14.02,103.2,0.677446,0.408455,9.4141,0.7081
6249,-100,-55.0,40,3.5,6.5,-48.05,7.108,-75,23.87,91.48,0.865625,0.487934,7.6577,0.6761
6247,-100,-55.0,40,3.5,5.5,-48.04,6.1519,-72,20.1,95.94,0.732186,0.568524,18.9584,0.4843
6248,-100,-55.0,40,3.5,6.0,-47.87,6.7061,-73,20.22,95.75,0.745986,0.64821,22.7241,0.4139
6251,-100,-55.0,40,3.5,7.5,-48.21,7.9402,-82,24.01,91.34,0.861344,0.542803,14.7917,0.5724
6253,-100,-55.0,40,3.5,8.5,-47.75,9.1624,-86,31.13,82.69,0.967562,0.807887,26.2142,0.3445
6252,-100,-55.0,40,3.5,8.0,-49.05,8.4707,-81,30.92,82.95,1.018089,0.564058,12.2838,0.5456
6250,-100,-55.0,40,3.5,7.0,-48.22,7.3907,-82,20.31,95.6,0.77099,0.539499,17.6018,0.512
6255,-100,-55.0,40,3.5,9.5,-48.19,9.9753,-86,33.11,80.3,1.018866,1.1233,28.7807,0.1919
6254,-100,-55.0,40,3.5,9.0,-47.92,9.4797,-85,26.61,88.05,0.888452,0.659997,21.4806,0.4029
6256,-100,-55.0,40,3.5,10.0,-48.11,10.4752,-91,28.6,85.75,0.965711,0.577784,15.081,0.4544
6257,-100,-55.0,40,3.5,10.5,-48.47,11.0377,-95,35.26,77.64,1.108758,0.687765,17.7359,0.4882
6258,-100,-55.0,40,3.5,11.0,-49.17,11.1672,-88,36.36,76.47,1.148643,0.644529,13.0613,0.4054
6259,-100,-55.0,40,3.5,11.5,-48.63,11.8135,-95,37.21,75.42,1.1673,0.741006,16.6412,0.3826
6260,-100,-55.0,40,3.5,12.0,-49.09,12.4178,-100,40.17,71.87,1.234844,0.960434,21.1873,0.2519
6261,-100,-55.0,40,3.5,12.5,-48.02,12.8487,-99,35.22,77.68,1.124933,0.641039,14.1525,0.4879
6262,-100,-55.0,40,3.5,13.0,-49.14,13.1225,-98,41.1,70.66,1.268421,0.797849,18.5724,0.3955
6263,-100,-55.0,40,3.5,13.5,-47.83,13.7904,-100,35.87,76.97,1.121598,0.762486,20.2462,0.3949
6264,-100,-55.0,40,3.5,14.0,-47.97,14.3589,-100,38.24,74.14,1.18758,0.722876,16.2702,0.3522
6265,-100,-55.0,40,3.75,1.0,-46.37,3.5983,-54,7.21,111.44,0.501006,0.359007,7.4186,0.8366
6266,-100,-55.0,40,3.75,1.5,-45.44,3.454,-54,1.39,118.26,0.429545,0.229292,1.406,0.9593
6267,-100,-55.0,40,3.75,2.0,-45.05,3.7856,-57,5.07,113.94,0.497152,0.304819,4.0573,0.8911
6268,-100,-55.0,40,3.75,2.5,-44.53,3.6924,-58,4.27,114.91,0.45155,0.287096,4.2638,0.8752
6269,-100,-55.0,40,3.75,3.0,-45.42,4.729,-63,6.85,111.85,0.525699,0.331977,7.1588,0.7933
6271,-100,-55.0,40,3.75,4.0,-46.24,4.7789,-65,12.53,105.07,0.636905,0.425779,10.4785,0.7174
6270,-100,-55.0,40,3.75,3.5,-45.86,5.0411,-64,4.66,114.5,0.493023,0.288433,3.3041,0.8922
6272,-100,-55.0,40,3.75,4.5,-45.08,5.7769,-67,4.36,114.85,0.483671,0.282272,2.9122,0.9095
6273,-100,-55.0,40,3.75,5.0,-45.29,5.8976,-68,12.93,104.46,0.587603,0.456595,14.8625,0.5859
6276,-100,-55.0,40,3.75,6.5,-45.27,7.1188,-72,18.29,98.19,0.714229,0.562154,17.6812,0.512
6277,-100,-55.0,40,3.75,7.0,-45.9,7.68,-78,11.57,106.25,0.638018,0.3892,8.9257,0.7611
6274,-100,-55.0,40,3.75,5.5,-44.73,6.1345,-68,3.58,115.79,0.476988,0.277583,2.0214,0.9362
6275,-100,-55.0,40,3.75,6.0,-45.19,6.9999,-74,8.57,109.71,0.570549,0.356564,7.1982,0.8114
6279,-100,-55.0,40,3.75,8.0,-44.67,8.7478,-77,18.72,97.52,0.7093,0.53721,16.9195,0.6058
6278,-100,-55.0,40,3.75,7.5,-44.44,7.9063,-74,6.8,111.88,0.540088,0.319897,7.4206,0.7966
6280,-100,-55.0,40,3.75,8.5,-44.89,8.9165,-80,15.94,100.94,0.677695,0.484206,16.6675,0.6342
6281,-100,-55.0,40,3.75,9.0,-45.03,9.5044,-79,16.77,99.9,0.751838,0.425043,6.7257,0.7488
6282,-100,-55.0,40,3.75,9.5,-45.28,10.0925,-83,19.96,96.09,0.784854,0.518908,14.571,0.5349
6283,-100,-55.0,40,3.75,10.0,-45.53,10.4773,-86,19.32,96.82,0.790962,0.435654,6.4487,0.7279
6284,-100,-55.0,40,3.75,10.5,-44.88,10.8833,-88,25.08,89.9,0.885043,0.551205,14.7568,0.5617
6285,-100,-55.0,40,3.75,11.0,-45.59,11.3989,-92,18.2,98.39,0.764918,0.442779,9.7854,0.7013
6286,-100,-55.0,40,3.75,11.5,-45.1,11.6496,-92,28.98,85.35,0.948663,0.677356,19.222,0.4899
6287,-100,-55.0,40,3.75,12.0,-45.26,12.1993,-100,24.18,91.13,0.850377,0.616458,19.6418,0.4875
6288,-100,-55.0,40,3.75,12.5,-44.83,12.7248,-93,23.19,92.23,0.830518,0.555374,15.404,0.5555
6289,-100,-55.0,40,3.75,13.0,-45.25,13.3388,-96,32.52,80.94,1.05329,0.714079,19.1585,0.3886
6290,-100,-55.0,40,3.75,13.5,-45.38,14.0504,-99,30.38,83.56,1.012248,0.642454,15.2135,0.4054
6291,-100,-55.0,40,3.75,14.0,-45.05,14.3141,-100,27.93,86.61,0.950061,0.552743,14.2546,0.581
6292,-100,-55.0,40,4.0,1.0,-41.23,3.7988,-50,1.88,117.75,0.422684,0.224789,1.3103,0.9559
6293,-100,-55.0,40,4.0,1.5,-41.66,3.3145,-51,1.72,118.12,0.40203,0.232912,1.7185,0.9492
6294,-100,-55.0,40,4.0,2.0,-41.58,4.1015,-53,2.14,117.58,0.443672,0.244811,1.7945,0.9551
6296,-100,-55.0,40,4.0,3.0,-41.43,4.2352,-56,5.63,113.3,0.483816,0.319,6.7727,0.8101
6295,-100,-55.0,40,4.0,2.5,-41.25,4.313,-55,1.53,118.17,0.411472,0.219803,1.0679,0.9673
6297,-100,-55.0,40,4.0,3.5,-41.48,5.2665,-60,2.76,116.79,0.419042,0.253821,2.344,0.9286
6298,-100,-55.0,40,4.0,4.0,-42.4,5.1253,-60,4.76,114.33,0.459067,0.303054,5.3778,0.8505
6299,-100,-55.0,40,4.0,4.5,-41.23,5.1369,-60,7.09,111.41,0.534726,0.358178,6.6784,0.8385
6302,-100,-55.0,40,4.0,6.0,-42.11,7.1212,-71,5.19,113.92,0.503767,0.302631,4.783,0.8566
6300,-100,-55.0,40,4.0,5.0,-41.43,6.0333,-65,3.23,116.22,0.438239,0.260655,3.2022,0.9262
6301,-100,-55.0,40,4.0,5.5,-41.65,6.6078,-68,6.52,112.22,0.516007,0.334568,6.1563,0.8311
6303,-100,-55.0,40,4.0,6.5,-41.34,7.2929,-70,5.53,113.42,0.505075,0.305623,4.8953,0.8629
6304,-100,-55.0,40,4.0,7.0,-42.02,8.1906,-77,6.77,111.9,0.534204,0.332201,5.1484,0.8687
6305,-100,-55.0,40,4.0,7.5,-42.34,8.2538,-73,7.72,110.78,0.537188,0.345935,5.7525,0.8503
6307,-100,-55.0,40,4.0,8.5,-41.87,9.2336,-78,17.0,99.61,0.705398,0.513615,15.5049,0.5982
6306,-100,-55.0,40,4.0,8.0,-41.43,8.4761,-74,6.58,112.14,0.520065,0.322781,5.181,0.8443
6308,-100,-55.0,40,4.0,9.0,-41.88,9.535,-78,8.68,109.68,0.567035,0.381459,9.9138,0.7188
6309,-100,-55.0,40,4.0,9.5,-41.23,10.0787,-83,10.26,107.71,0.600082,0.376662,8.5453,0.7755
6310,-100,-55.0,40,4.0,10.0,-42.28,10.4473,-83,10.2,107.82,0.594418,0.368917,7.8539,0.7935
6311,-100,-55.0,40,4.0,10.5,-41.32,10.9626,-84,7.68,110.82,0.568571,0.323574,4.3974,0.8644
6312,-100,-55.0,40,4.0,11.0,-41.16,11.4807,-86,12.9,104.47,0.656748,0.432168,11.8626,0.6505
6313,-100,-55.0,40,4.0,11.5,-41.86,12.0533,-89,12.75,104.73,0.653788,0.394707,7.8083,0.7955
6314,-100,-55.0,40,4.0,12.0,-41.71,12.4295,-92,15.15,101.82,0.652989,0.481064,15.3314,0.6128
6315,-100,-55.0,40,4.0,12.5,-42.11,12.8631,-97,13.02,104.44,0.67652,0.376286,6.5173,0.7859
6316,-100,-55.0,40,4.0,13.0,-41.33,13.4226,-95,14.41,102.77,0.676119,0.437862,13.5135,0.6004
6317,-100,-55.0,40,4.0,13.5,-41.5,13.6907,-93,19.74,96.38,0.763046,0.53444,15.0299,0.5331
6318,-100,-55.0,40,4.0,14.0,-41.68,14.3048,-99,19.72,96.47,0.793333,0.449245,9.1958,0.6931
6319,-100,-55.0,40,4.25,1.0,-38.59,3.9098,-48,4.41,114.74,0.466771,0.282932,3.2614,0.9139
6320,-100,-55.0,40,4.25,1.5,-38.36,3.4343,-49,1.54,118.24,0.41141,0.214274,0.7187,0.9713
6321,-100,-55.0,40,4.25,2.0,-38.31,4.5168,-51,4.85,114.23,0.486183,0.309579,6.005,0.8362
6322,-100,-55.0,40,4.25,2.5,-38.35,4.6228,-53,1.67,118.08,0.425113,0.223141,1.1583,0.9673
6323,-100,-55.0,40,4.25,3.0,-37.97,4.6102,-54,3.16,116.21,0.460081,0.278925,2.2642,0.9391
6324,-100,-55.0,40,4.25,3.5,-38.27,5.0515,-57,4.75,114.2,0.457786,0.292392,4.2356,0.8824
6327,-100,-55.0,40,4.25,5.0,-37.96,5.8903,-60,7.49,111.05,0.542988,0.370534,11.1753,0.703
6325,-100,-55.0,40,4.25,4.0,-37.62,4.9598,-56,3.86,115.36,0.456092,0.28033,3.3732,0.9036
6326,-100,-55.0,40,4.25,4.5,-37.64,5.7388,-60,9.4,108.73,0.546162,0.384682,9.2461,0.7933
6328,-100,-55.0,40,4.25,5.5,-38.31,6.5351,-65,2.41,117.18,0.408527,0.243292,2.0829,0.9407
6329,-100,-55.0,40,4.25,6.0,-38.15,6.903,-64,3.06,116.33,0.45522,0.255032,2.9993,0.9172
6330,-100,-55.0,40,4.25,6.5,-38.12,7.5767,-71,8.42,109.97,0.534306,0.399507,11.2638,0.7008
6331,-100,-55.0,40,4.25,7.0,-37.43,7.9532,-67,3.19,116.21,0.449611,0.260563,2.1951,0.9353
6332,-100,-55.0,40,4.25,7.5,-38.4,8.2898,-76,2.25,117.26,0.457548,0.241563,1.7903,0.9519
6333,-100,-55.0,40,4.25,8.0,-37.67,8.8931,-70,10.46,107.46,0.547753,0.418945,10.7758,0.7169
6334,-100,-55.0,40,4.25,8.5,-38.61,9.1763,-75,6.64,112.23,0.496212,0.332694,7.2762,0.8043
6335,-100,-55.0,40,4.25,9.0,-37.71,9.8885,-92,4.34,114.82,0.480931,0.280172,4.4313,0.8732
6336,-100,-55.0,40,4.25,9.5,-38.68,9.9828,-79,5.86,112.89,0.558729,0.328816,4.8663,0.8512
6337,-100,-55.0,40,4.25,10.0,-38.39,10.602,-84,5.77,113.11,0.511317,0.30931,4.3455,0.8833
6338,-100,-55.0,40,4.25,10.5,-38.87,11.017,-85,4.44,114.82,0.505916,0.285153,2.6746,0.917
6339,-100,-55.0,40,4.25,11.0,-38.02,11.3765,-81,6.62,111.92,0.520093,0.342991,6.7021,0.8072
6340,-100,-55.0,40,4.25,11.5,-37.63,12.1497,-84,9.04,109.11,0.617459,0.360516,5.5388,0.8302
6341,-100,-55.0,40,4.25,12.0,-37.45,12.7776,-98,7.14,111.49,0.538524,0.322475,4.7002,0.8626
6342,-100,-55.0,40,4.25,12.5,-37.74,13.0285,-94,7.23,111.37,0.558828,0.329177,6.5197,0.8018
6343,-100,-55.0,40,4.25,13.0,-37.47,13.8243,-92,15.31,101.75,0.669379,0.48192,15.1806,0.6564
6344,-100,-55.0,40,4.25,13.5,-36.74,13.9619,-98,18.54,97.9,0.710182,0.510405,14.9773,0.5786
6345,-100,-55.0,40,4.25,14.0,-38.8,14.1502,-93,10.78,107.16,0.636106,0.383063,10.1662,0.6926
6346,-100,-55.0,40,4.5,1.0,-33.48,4.3198,-45,2.37,117.23,0.41523,0.237815,2.0005,0.943
6349,-100,-55.0,40,4.5,2.5,-34.69,4.5922,-52,6.76,112.03,0.532534,0.340617,7.1538,0.8282
6347,-100,-55.0,40,4.5,1.5,-33.86,4.2108,-45,1.87,117.61,0.435791,0.238178,1.556,0.9544
6348,-100,-55.0,40,4.5,2.0,-34.74,3.9028,-47,1.33,118.43,0.391046,0.210232,1.1308,0.9644
6350,-100,-55.0,40,4.5,3.0,-34.32,4.8134,-50,1.54,118.13,0.408215,0.224321,1.4852,0.9559
6351,-100,-55.0,40,4.5,3.5,-34.75,4.7595,-51,2.22,117.31,0.399323,0.232802,2.5523,0.9273
6352,-100,-55.0,40,4.5,4.0,-33.97,5.7232,-54,4.89,114.16,0.462313,0.3097,5.3366,0.8492
6353,-100,-55.0,40,4.5,4.5,-34.55,5.7739,-55,2.49,116.94,0.44529,0.241975,1.8751,0.9446
6354,-100,-55.0,40,4.5,5.0,-34.19,5.9038,-58,4.91,114.17,0.447165,0.306091,6.9908,0.8136
6355,-100,-55.0,40,4.5,5.5,-35.15,6.7593,-60,1.91,117.64,0.426132,0.239136,1.3948,0.9562
6356,-100,-55.0,40,4.5,6.0,-34.31,6.8739,-61,2.3,117.35,0.425337,0.243764,1.864,0.9532
6357,-100,-55.0,40,4.5,6.5,-34.76,7.2111,-61,8.97,109.42,0.548797,0.401274,10.922,0.7081
6358,-100,-55.0,40,4.5,7.0,-33.89,7.9984,-63,4.06,115.16,0.475888,0.28761,3.8695,0.8866
6361,-100,-55.0,40,4.5,8.5,-34.37,9.4287,-70,5.07,114.05,0.491584,0.296315,4.8056,0.8604
6360,-100,-55.0,40,4.5,8.0,-34.41,8.9198,-73,11.08,106.81,0.608495,0.43308,11.7858,0.6696
6359,-100,-55.0,40,4.5,7.5,-34.62,8.252,-63,2.96,116.56,0.48843,0.255608,1.3719,0.9517
6362,-100,-55.0,40,4.5,9.0,-34.32,9.5827,-72,4.15,114.97,0.475319,0.28675,5.4056,0.8523
6363,-100,-55.0,40,4.5,9.5,-34.91,10.0612,-77,2.18,117.38,0.45147,0.237987,1.4162,0.9567
6364,-100,-55.0,40,4.5,10.0,-34.57,10.4915,-74,4.75,114.37,0.481143,0.29025,4.207,0.8923
6366,-100,-55.0,40,4.5,11.0,-35.11,11.5391,-92,6.78,111.98,0.521748,0.33784,7.29,0.8275
6367,-100,-55.0,40,4.5,11.5,-33.9,12.0061,-87,9.72,108.4,0.565424,0.39418,10.2493,0.7594
6365,-100,-55.0,40,4.5,10.5,-34.35,11.0811,-77,3.27,116.15,0.45922,0.26718,3.0806,0.9078
6368,-100,-55.0,40,4.5,12.0,-34.59,12.6343,-84,7.86,110.63,0.550067,0.378152,10.3712,0.7226
6369,-100,-55.0,40,4.5,12.5,-35.13,13.2245,-89,8.55,109.76,0.593345,0.348698,6.0135,0.8373
6370,-100,-55.0,40,4.5,13.0,-35.31,13.7681,-88,4.58,114.59,0.495922,0.289273,3.8283,0.885
6372,-100,-55.0,40,4.5,14.0,-34.26,14.394,-94,6.46,112.37,0.539341,0.317161,4.4763,0.8752
6371,-100,-55.0,40,4.5,13.5,-35.01,13.8622,-96,8.47,109.7,0.572113,0.35378,7.3671,0.7975
6373,-100,-55.0,40,4.75,1.0,-31.02,4.2215,-41,5.48,113.53,0.478567,0.319796,5.0834,0.8822
6374,-100,-55.0,40,4.75,1.5,-31.53,4.228,-43,1.44,118.24,0.421819,0.225235,0.8095,0.9724
6375,-100,-55.0,40,4.75,2.0,-31.34,4.7124,-44,1.6,118.06,0.431984,0.218692,1.0002,0.9714
6376,-100,-55.0,40,4.75,2.5,-30.62,4.7905,-46,1.9,117.84,0.418395,0.226742,1.2334,0.9578
6378,-100,-55.0,40,4.75,3.5,-31.78,5.5923,-51,4.69,114.29,0.479399,0.31352,5.1653,0.8545
6377,-100,-55.0,40,4.75,3.0,-31.6,5.1163,-52,4.01,115.05,0.462619,0.295119,3.5057,0.9039
6379,-100,-55.0,40,4.75,4.0,-31.08,5.5665,-50,1.86,117.81,0.417368,0.226049,0.9511,0.9705
6381,-100,-55.0,40,4.75,5.0,-30.26,6.3221,-52,8.0,110.47,0.519604,0.371428,7.6769,0.8038
6380,-100,-55.0,40,4.75,4.5,-30.89,6.1225,-54,1.14,118.71,0.396073,0.207898,0.5667,0.9812
6382,-100,-55.0,40,4.75,5.5,-31.45,7.0138,-56,3.13,116.27,0.460494,0.26346,3.9099,0.8915
6384,-100,-55.0,40,4.75,6.5,-31.24,7.8117,-60,5.45,113.55,0.49246,0.312407,5.8937,0.8383
6383,-100,-55.0,40,4.75,6.0,-30.63,7.1472,-57,1.8,117.99,0.403477,0.234754,1.3262,0.9582
6385,-100,-55.0,40,4.75,7.0,-30.83,8.0763,-61,3.69,115.59,0.447024,0.277871,3.193,0.9119
6386,-100,-55.0,40,4.75,7.5,-31.05,8.52,-64,3.51,115.85,0.451688,0.272378,2.9278,0.9188
6387,-100,-55.0,40,4.75,8.0,-31.37,9.0914,-67,5.18,113.83,0.458493,0.306154,6.2009,0.8273
6388,-100,-55.0,40,4.75,8.5,-31.08,9.2374,-65,3.94,115.2,0.456159,0.283068,4.8932,0.8646
6390,-100,-55.0,40,4.75,9.5,-30.41,10.3812,-76,9.18,109.03,0.52468,0.395079,10.5102,0.7191
6389,-100,-55.0,40,4.75,9.0,-31.27,9.9718,-68,2.54,117.04,0.4372,0.244519,1.702,0.9459
6391,-100,-55.0,40,4.75,10.0,-30.07,10.608,-70,7.34,111.28,0.50705,0.353981,7.5717,0.8247
6393,-100,-55.0,40,4.75,11.0,-30.36,11.9157,-79,6.88,111.87,0.513834,0.347617,6.0849,0.8479
6392,-100,-55.0,40,4.75,10.5,-30.51,11.5564,-77,4.71,114.33,0.513067,0.299072,4.4443,0.8841
6394,-100,-55.0,40,4.75,11.5,-31.18,12.2925,-77,2.23,117.45,0.455166,0.244186,2.061,0.9374
6395,-100,-55.0,40,4.75,12.0,-31.05,12.6662,-85,2.8,116.7,0.449044,0.255322,1.9459,0.934
6397,-100,-55.0,40,4.75,13.0,-30.35,13.4121,-87,4.71,114.28,0.50393,0.302502,4.6625,0.877
6398,-100,-55.0,40,4.75,13.5,-30.99,13.8059,-87,6.77,111.96,0.506968,0.334735,6.0597,0.8333
6399,-100,-55.0,40,4.75,14.0,-31.26,14.417,-90,7.47,111.01,0.522042,0.34563,7.3933,0.7983
6396,-100,-55.0,40,4.75,12.5,-31.71,13.2246,-82,4.3,114.97,0.496096,0.283333,2.3207,0.9257
6400,-100,-55.0,40,5.0,1.0,-27.02,4.1205,-36,2.7,116.85,0.439885,0.26275,1.7638,0.953
6401,-100,-55.0,40,5.0,1.5,-28.24,4.3522,-42,5.38,113.7,0.514866,0.323397,5.3572,0.8749
6402,-100,-55.0,40,5.0,2.0,-27.02,4.5626,-40,1.17,118.56,0.397134,0.201452,1.2105,0.9642
6403,-100,-55.0,40,5.0,2.5,-27.82,4.9543,-44,1.78,117.86,0.405045,0.235019,0.6843,0.9736
6404,-100,-55.0,40,5.0,3.0,-28.34,5.1173,-44,1.64,118.17,0.4235,0.22488,0.684,0.9711
6405,-100,-55.0,40,5.0,3.5,-27.79,5.9827,-46,1.93,117.77,0.437523,0.233961,1.4716,0.9562
6406,-100,-55.0,40,5.0,4.0,-27.45,6.2838,-49,3.93,115.3,0.451941,0.276307,4.8287,0.8653
6408,-100,-55.0,40,5.0,5.0,-27.93,6.301,-53,8.02,110.5,0.536583,0.38203,9.5666,0.7531
6409,-100,-55.0,40,5.0,5.5,-27.22,6.6814,-52,5.78,113.22,0.524499,0.318431,6.3464,0.8436
6407,-100,-55.0,40,5.0,4.5,-27.73,6.1039,-48,3.62,115.88,0.463528,0.281984,5.5094,0.8541
6410,-100,-55.0,40,5.0,6.0,-27.41,7.2725,-53,2.1,117.41,0.422395,0.240355,1.3317,0.9636
6411,-100,-55.0,40,5.0,6.5,-26.92,7.9642,-56,2.12,117.51,0.433648,0.243303,2.1802,0.9356
6413,-100,-55.0,40,5.0,7.5,-27.72,8.4693,-59,1.89,117.9,0.434845,0.234921,1.0722,0.9657
6412,-100,-55.0,40,5.0,7.0,-27.95,7.9139,-57,3.4,116.01,0.479364,0.259518,2.7352,0.9208
6414,-100,-55.0,40,5.0,8.0,-27.7,9.1343,-65,2.86,116.6,0.447306,0.255705,1.9394,0.9351
6415,-100,-55.0,40,5.0,8.5,-27.54,9.5902,-64,2.22,117.35,0.448227,0.250651,1.3177,0.9609
6416,-100,-55.0,40,5.0,9.0,-27.59,10.1054,-67,1.96,117.66,0.416735,0.225053,1.7794,0.9464
6417,-100,-55.0,40,5.0,9.5,-27.15,10.28,-70,2.94,116.56,0.431325,0.251601,2.5791,0.932
6418,-100,-55.0,40,5.0,10.0,-27.89,10.6722,-73,1.39,118.4,0.44387,0.232132,0.8927,0.9725
6419,-100,-55.0,40,5.0,10.5,-27.68,11.2478,-71,7.66,110.78,0.509945,0.378609,11.2042,0.7027
6427,-100,-50.0,40,1.0,1.0,,,,100.0,0.0,0.0,0.0,0.0,0.0
6420,-100,-55.0,40,5.0,11.0,-26.68,11.7614,-71,5.1,113.9,0.475499,0.30092,3.8678,0.9018
6423,-100,-55.0,40,5.0,12.5,-27.83,13.3338,-78,8.73,109.49,0.556719,0.399444,11.9402,0.681
6421,-100,-55.0,40,5.0,11.5,-27.94,12.2804,-74,4.52,114.44,0.488079,0.304273,4.8034,0.8649
6428,-100,-50.0,40,1.0,1.5,,,,100.0,0.0,0.0,0.0,0.0,0.0
6422,-100,-55.0,40,5.0,12.0,-27.55,12.5893,-81,4.0,115.33,0.489985,0.289593,4.7541,0.8661
6429,-100,-50.0,40,1.0,2.0,,,,100.0,0.0,0.0,0.0,0.0,0.0
6430,-100,-50.0,40,1.0,2.5,,,,100.0,0.0,0.0,0.0,0.0,0.0
6431,-100,-50.0,40,1.0,3.0,,,,100.0,0.0,0.0,0.0,0.0,0.0
6425,-100,-55.0,40,5.0,13.5,-27.4,14.0828,-84,3.02,116.59,0.454151,0.256983,2.2242,0.934
6432,-100,-50.0,40,1.0,3.5,,,,100.0,0.0,0.0,0.0,0.0,0.0
6433,-100,-50.0,40,1.0,4.0,,,,100.0,0.0,0.0,0.0,0.0,0.0
6424,-100,-55.0,40,5.0,13.0,-26.88,13.5949,-86,3.08,116.15,0.479458,0.273234,1.9036,0.9383
6434,-100,-50.0,40,1.0,4.5,,,,100.0,0.0,0.0,0.0,0.0,0.0
6435,-100,-50.0,40,1.0,5.0,,,,100.0,0.0,0.0,0.0,0.0,0.0
6436,-100,-50.0,40,1.0,5.5,,,,100.0,0.0,0.0,0.0,0.0,0.0
6437,-100,-50.0,40,1.0,6.0,,,,100.0,0.0,0.0,0.0,0.0,0.0
6426,-100,-55.0,40,5.0,14.0,-27.15,14.6459,-89,2.42,117.29,0.456943,0.254415,1.871,0.9416
6438,-100,-50.0,40,1.0,6.5,,,,100.0,0.0,0.0,0.0,0.0,0.0
6439,-100,-50.0,40,1.0,7.0,,,,100.0,0.0,0.0,0.0,0.0,0.0
6440,-100,-50.0,40,1.0,7.5,,,,100.0,0.0,0.0,0.0,0.0,0.0
6441,-100,-50.0,40,1.0,8.0,-88.0,0.0,-88,100.0,0.01,2.193288,0.0,0.0089,0.0
6442,-100,-50.0,40,1.0,8.5,-83.5,8.5,-92,99.99,0.01,5.055287,0.2584,0.0179,0.0
6444,-100,-50.0,40,1.0,9.5,-86.67,9.7753,-99,99.97,0.03,3.431492,0.647765,0.0329,0.0
6443,-100,-50.0,40,1.0,9.0,-81.5,4.5,-86,99.99,0.01,4.568867,0.589798,0.011,0.0
6446,-100,-50.0,40,1.0,10.5,-84.6,10.4728,-100,99.89,0.13,2.916698,0.331483,0.0567,0.0004
6445,-100,-50.0,40,1.0,10.0,-81.58,8.6164,-100,99.95,0.06,3.669513,0.877447,0.0364,0.0
6447,-100,-50.0,40,1.0,11.0,-85.57,9.2714,-100,99.91,0.11,3.369902,0.878108,0.0458,0.0004
6448,-100,-50.0,40,1.0,11.5,-81.02,12.3331,-100,99.79,0.25,3.435694,1.104465,0.0832,0.0011
6449,-100,-50.0,40,1.0,12.0,-83.36,10.6098,-100,99.52,0.58,3.316433,0.783955,0.2414,0.0018
6450,-100,-50.0,40,1.0,12.5,-82.29,11.866,-100,99.49,0.61,3.43188,0.888116,0.2414,0.0029
6451,-100,-50.0,40,1.0,13.0,-83.26,11.2436,-100,99.28,0.86,3.527743,0.949779,0.272,0.0047
6452,-100,-50.0,40,1.0,13.5,-83.67,12.105,-100,99.08,1.1,3.583511,0.747735,0.3243,0.0056
6453,-100,-50.0,40,1.0,14.0,-83.28,11.3458,-100,98.43,1.89,3.269505,0.639974,0.2932,0.0123
6454,-100,-50.0,40,1.25,1.0,,,,100.0,0.0,0.0,0.0,0.0,0.0
6455,-100,-50.0,40,1.25,1.5,,,,100.0,0.0,0.0,0.0,0.0,0.0
6456,-100,-50.0,40,1.25,2.0,,,,100.0,0.0,0.0,0.0,0.0,0.0
6458,-100,-50.0,40,1.25,3.0,,,,100.0,0.0,0.0,0.0,0.0,0.0
6460,-100,-50.0,40,1.25,4.0,,,,100.0,0.0,0.0,0.0,0.0,0.0
6459,-100,-50.0,40,1.25,3.5,,,,100.0,0.0,0.0,0.0,0.0,0.0
6457,-100,-50.0,40,1.25,2.5,,,,100.0,0.0,0.0,0.0,0.0,0.0
6461,-100,-50.0,40,1.25,4.5,,,,100.0,0.0,0.0,0.0,0.0,0.0
6462,-100,-50.0,40,1.25,5.0,,,,100.0,0.0,0.0,0.0,0.0,0.0
6463,-100,-50.0,40,1.25,5.5,,,,100.0,0.0,0.0,0.0,0.0,0.0
6464,-100,-50.0,40,1.25,6.0,,,,100.0,0.0,0.0,0.0,0.0,0.0
6465,-100,-50.0,40,1.25,6.5,,,,100.0,0.0,0.0,0.0,0.0,0.0
6466,-100,-50.0,40,1.25,7.0,,,,100.0,0.0,0.0,0.0,0.0,0.0
6467,-100,-50.0,40,1.25,7.5,,,,100.0,0.0,0.0,0.0,0.0,0.0
6468,-100,-50.0,40,1.25,8.0,-78.0,6.0,-84,99.99,0.01,4.474222,1.040762,0.011,0.0
6469,-100,-50.0,40,1.25,8.5,-79.27,5.6506,-88,99.93,0.08,3.350367,0.680232,0.0491,0.0
6470,-100,-50.0,40,1.25,9.0,-82.29,9.1918,-100,99.94,0.08,4.209212,1.368637,0.0385,0.0
6471,-100,-50.0,40,1.25,9.5,-84.33,7.9826,-100,99.89,0.13,3.325439,0.750265,0.0701,0.0002
6472,-100,-50.0,40,1.25,10.0,-79.87,11.4847,-100,99.79,0.25,4.358785,1.22775,0.1451,0.0002
6473,-100,-50.0,40,1.25,10.5,-78.41,10.6577,-100,99.74,0.31,3.664556,1.019592,0.1864,0.0002
6474,-100,-50.0,40,1.25,11.0,-80.92,10.2513,-100,99.67,0.39,3.493854,0.939969,0.2072,0.0011
6475,-100,-50.0,40,1.25,11.5,-80.49,11.8124,-100,99.3,0.84,3.203732,0.652746,0.3874,0.0022
6476,-100,-50.0,40,1.25,12.0,-80.59,10.4094,-100,98.91,1.31,3.381064,1.230947,0.4,0.007
6477,-100,-50.0,40,1.25,12.5,-79.01,11.7594,-100,99.02,1.18,3.839143,1.38139,0.2598,0.0065
6478,-100,-50.0,40,1.25,13.0,-79.74,11.6121,-100,98.42,1.89,3.475642,0.816592,0.7582,0.0078
6480,-100,-50.0,40,1.25,14.0,-79.87,12.8624,-100,97.73,2.73,3.709289,1.012524,0.6695,0.0141
6479,-100,-50.0,40,1.25,13.5,-82.02,12.3015,-100,98.45,1.86,3.5879,0.933661,0.3746,0.0107
6481,-100,-50.0,40,1.5,1.0,,,,100.0,0.0,0.0,0.0,0.0,0.0
6483,-100,-50.0,40,1.5,2.0,,,,100.0,0.0,0.0,0.0,0.0,0.0
6482,-100,-50.0,40,1.5,1.5,,,,100.0,0.0,0.0,0.0,0.0,0.0
6484,-100,-50.0,40,1.5,2.5,,,,100.0,0.0,0.0,0.0,0.0,0.0
6485,-100,-50.0,40,1.5,3.0,,,,100.0,0.0,0.0,0.0,0.0,0.0
6486,-100,-50.0,40,1.5,3.5,,,,100.0,0.0,0.0,0.0,0.0,0.0
6487,-100,-50.0,40,1.5,4.0,,,,100.0,0.0,0.0,0.0,0.0,0.0
6488,-100,-50.0,40,1.5,4.5,,,,100.0,0.0,0.0,0.0,0.0,0.0
6489,-100,-50.0,40,1.5,5.0,,,,100.0,0.0,0.0,0.0,0.0,0.0
6490,-100,-50.0,40,1.5,5.5,,,,100.0,0.0,0.0,0.0,0.0,0.0
6491,-100,-50.0,40,1.5,6.0,,,,100.0,0.0,0.0,0.0,0.0,0.0
6492,-100,-50.0,40,1.5,6.5,,,,100.0,0.0,0.0,0.0,0.0,0.0
6493,-100,-50.0,40,1.5,7.0,-76.0,1.633,-78,99.99,0.02,4.381176,1.73587,0.011,0.0
6496,-100,-50.0,40,1.5,8.5,-78.49,8.7115,-100,99.82,0.21,3.922134,1.326996,0.0891,0.0007
6495,-100,-50.0,40,1.5,8.0,-79.12,8.1154,-90,99.96,0.04,4.217554,0.858889,0.0179,0.0
6494,-100,-50.0,40,1.5,7.5,-76.4,6.0531,-83,99.98,0.03,2.701728,0.340209,0.0283,0.0
6497,-100,-50.0,40,1.5,9.0,-75.07,8.6723,-100,99.75,0.3,3.968762,1.448149,0.1382,0.0011
6498,-100,-50.0,40,1.5,9.5,-75.76,9.3328,-97,99.72,0.34,3.576427,1.478251,0.1794,0.0007
6499,-100,-50.0,40,1.5,10.0,-78.03,10.9531,-100,99.38,0.74,3.88471,1.120119,0.1815,0.0038
6500,-100,-50.0,40,1.5,10.5,-77.09,10.1202,-100,99.31,0.83,3.649016,1.510272,0.2875,0.0029
6501,-100,-50.0,40,1.5,11.0,-77.27,11.6283,-100,99.1,1.08,3.676118,0.877639,0.3812,0.0049
6502,-100,-50.0,40,1.5,11.5,-76.75,12.0023,-100,98.63,1.65,3.953489,1.025704,0.4939,0.0051
6503,-100,-50.0,40,1.5,12.0,-76.89,11.3147,-100,97.91,2.51,3.856831,0.999527,0.7074,0.0085
6504,-100,-50.0,40,1.5,12.5,-76.69,12.3618,-100,97.96,2.44,3.909824,0.853779,0.7564,0.009
6505,-100,-50.0,40,1.5,13.0,-76.72,12.6856,-100,96.95,3.67,3.605408,1.093716,1.0546,0.0207
6507,-100,-50.0,40,1.5,14.0,-75.72,13.2775,-100,95.88,4.95,3.31783,0.877778,1.9228,0.0157
6508,-100,-50.0,40,1.75,1.0,,,,100.0,0.0,0.0,0.0,0.0,0.0
6506,-100,-50.0,40,1.5,13.5,-77.31,13.0824,-100,96.58,4.11,3.766812,1.017601,0.6092,0.023
6509,-100,-50.0,40,1.75,1.5,,,,100.0,0.0,0.0,0.0,0.0,0.0
6510,-100,-50.0,40,1.75,2.0,,,,100.0,0.0,0.0,0.0,0.0,0.0
6511,-100,-50.0,40,1.75,2.5,,,,100.0,0.0,0.0,0.0,0.0,0.0
6512,-100,-50.0,40,1.75,3.0,,,,100.0,0.0,0.0,0.0,0.0,0.0
6513,-100,-50.0,40,1.75,3.5,,,,100.0,0.0,0.0,0.0,0.0,0.0
6514,-100,-50.0,40,1.75,4.0,,,,100.0,0.0,0.0,0.0,0.0,0.0
6516,-100,-50.0,40,1.75,5.0,,,,100.0,0.0,0.0,0.0,0.0,0.0
6515,-100,-50.0,40,1.75,4.5,,,,100.0,0.0,0.0,0.0,0.0,0.0
6517,-100,-50.0,40,1.75,5.5,-83.0,0.0,-83,100.0,0.01,4.435205,0.0,0.009,0.0
6519,-100,-50.0,40,1.75,6.5,-74.71,2.9137,-79,99.97,0.04,2.90091,0.096797,0.0304,0.0
6518,-100,-50.0,40,1.75,6.0,-75.0,2.0,-77,99.99,0.01,2.534129,0.036272,0.0179,0.0
6520,-100,-50.0,40,1.75,7.0,-73.08,7.5799,-81,99.94,0.07,3.353866,0.884738,0.0644,0.0
6521,-100,-50.0,40,1.75,7.5,-73.14,7.8792,-91,99.78,0.26,3.455835,1.01721,0.191,0.0002
6522,-100,-50.0,40,1.75,8.0,-71.15,7.9536,-91,99.59,0.49,4.377126,1.707368,0.277,0.0011
6523,-100,-50.0,40,1.75,8.5,-74.23,9.6088,-93,99.52,0.58,4.080164,1.014826,0.2202,0.0018
6524,-100,-50.0,40,1.75,9.0,-73.27,9.123,-95,99.33,0.8,3.478967,0.862152,0.4231,0.0022
6525,-100,-50.0,40,1.75,9.5,-74.23,9.8289,-100,99.06,1.13,4.303836,1.911708,0.3112,0.0054
6526,-100,-50.0,40,1.75,10.0,-73.32,9.9187,-100,98.66,1.61,4.422602,1.165995,0.3782,0.0072
6528,-100,-50.0,40,1.75,11.0,-72.18,10.6229,-100,97.15,3.42,3.711112,0.962756,1.4794,0.0083
6527,-100,-50.0,40,1.75,10.5,-73.23,10.8174,-100,98.09,2.29,4.408554,1.729824,0.7352,0.0072
6529,-100,-50.0,40,1.75,11.5,-73.31,11.7538,-100,97.66,2.81,5.154101,1.718218,0.5868,0.0143
6532,-100,-50.0,40,1.75,13.0,-73.22,12.985,-100,95.93,4.89,5.351724,2.376777,1.226,0.0186
6531,-100,-50.0,40,1.75,12.5,-73.07,12.1679,-100,95.79,5.05,3.949092,1.490701,2.1782,0.0159
6530,-100,-50.0,40,1.75,12.0,-73.33,11.9186,-100,97.03,3.57,4.298521,1.770511,1.4114,0.0188
6533,-100,-50.0,40,1.75,13.5,-73.33,13.0346,-100,94.16,7.01,3.995785,1.247859,1.8124,0.0343
6534,-100,-50.0,40,1.75,14.0,-74.24,13.3047,-100,94.87,6.16,4.260099,1.627268,1.2337,0.0287
6535,-100,-50.0,40,2.0,1.0,,,,100.0,0.0,0.0,0.0,0.0,0.0
6536,-100,-50.0,40,2.0,1.5,,,,100.0,0.0,0.0,0.0,0.0,0.0
6537,-100,-50.0,40,2.0,2.0,,,,100.0,0.0,0.0,0.0,0.0,0.0
6538,-100,-50.0,40,2.0,2.5,,,,100.0,0.0,0.0,0.0,0.0,0.0
6539,-100,-50.0,40,2.0,3.0,,,,100.0,0.0,0.0,0.0,0.0,0.0
6540,-100,-50.0,40,2.0,3.5,,,,100.0,0.0,0.0,0.0,0.0,0.0
6541,-100,-50.0,40,2.0,4.0,,,,100.0,0.0,0.0,0.0,0.0,0.0
6544,-100,-50.0,40,2.0,5.5,-68.35,5.1099,-76,99.92,0.09,4.210273,1.194882,0.0798,0.0
6542,-100,-50.0,40,2.0,4.5,-72.0,0.0,-72,100.0,0.01,4.551044,0.0,0.0089,0.0
6543,-100,-50.0,40,2.0,5.0,-75.0,0.0,-75,100.0,0.01,3.158143,0.0,0.009,0.0
6545,-100,-50.0,40,2.0,6.0,-67.24,6.6607,-81,99.85,0.18,5.506332,1.618078,0.0688,0.0004
6546,-100,-50.0,40,2.0,6.5,-67.48,6.7943,-78,99.9,0.12,4.795434,0.984988,0.0989,0.0
6547,-100,-50.0,40,2.0,7.0,-71.07,8.2742,-91,99.73,0.32,4.627626,1.970775,0.2136,0.0009
6548,-100,-50.0,40,2.0,7.5,-69.94,7.4873,-89,99.51,0.59,4.507249,1.36942,0.2961,0.0018
6549,-100,-50.0,40,2.0,8.0,-71.26,7.6937,-94,99.27,0.88,5.037803,1.765918,0.2857,0.0034
6550,-100,-50.0,40,2.0,8.5,-68.88,8.5671,-96,98.52,1.77,4.313924,2.360425,1.3299,0.0049
6552,-100,-50.0,40,2.0,9.5,-68.53,9.7833,-99,96.69,3.97,3.685347,1.322413,2.0471,0.0051
6551,-100,-50.0,40,2.0,9.0,-69.51,8.9821,-97,97.99,2.42,3.917755,1.168922,0.9397,0.0087
6553,-100,-50.0,40,2.0,10.0,-69.25,10.3964,-96,96.48,4.23,4.391097,1.000764,1.5289,0.0107
6555,-100,-50.0,40,2.0,11.0,-70.43,10.8216,-100,95.83,5.0,4.439286,1.63455,1.7676,0.0283
6554,-100,-50.0,40,2.0,10.5,-69.66,10.5289,-97,96.51,4.2,4.148625,1.630312,1.6376,0.0067
6556,-100,-50.0,40,2.0,11.5,-70.5,11.5283,-100,94.22,6.94,3.850193,0.816682,2.1656,0.0236
6557,-100,-50.0,40,2.0,12.0,-69.77,12.4453,-100,93.59,7.7,3.673289,0.982948,2.0785,0.0331
6558,-100,-50.0,40,2.0,12.5,-69.07,12.2139,-100,92.59,8.89,3.912523,2.112646,2.8781,0.0414
6559,-100,-50.0,40,2.0,13.0,-71.93,12.5372,-100,92.64,8.82,4.071457,0.834841,0.9034,0.0572
6560,-100,-50.0,40,2.0,13.5,-70.26,13.1178,-100,92.1,9.5,4.473168,1.752131,1.5502,0.0545
6561,-100,-50.0,40,2.0,14.0,-69.76,13.7165,-100,91.61,10.07,4.882581,2.029465,1.9968,0.0519
6562,-100,-50.0,40,2.25,1.0,,,,100.0,0.0,0.0,0.0,0.0,0.0
6563,-100,-50.0,40,2.25,1.5,,,,100.0,0.0,0.0,0.0,0.0,0.0
6564,-100,-50.0,40,2.25,2.0,,,,100.0,0.0,0.0,0.0,0.0,0.0
6565,-100,-50.0,40,2.25,2.5,,,,100.0,0.0,0.0,0.0,0.0,0.0
6566,-100,-50.0,40,2.25,3.0,,,,100.0,0.0,0.0,0.0,0.0,0.0
6568,-100,-50.0,40,2.25,4.0,-64.6,4.4542,-70,99.96,0.05,3.02376,0.768132,0.0693,0.0
6567,-100,-50.0,40,2.25,3.5,,,,100.0,0.0,0.0,0.0,0.0,0.0
6569,-100,-50.0,40,2.25,4.5,-66.47,4.4701,-77,99.93,0.08,3.815912,0.990047,0.0751,0.0
6570,-100,-50.0,40,2.25,5.0,-66.29,4.4309,-75,99.91,0.11,5.054026,3.615391,0.0699,0.0
6571,-100,-50.0,40,2.25,5.5,-64.87,5.6994,-78,99.52,0.58,4.904847,2.494517,0.5263,0.0
6572,-100,-50.0,40,2.25,6.0,-65.14,6.5491,-82,99.3,0.84,4.868601,1.070349,0.5572,0.0007
6573,-100,-50.0,40,2.25,6.5,-65.13,6.8914,-81,98.69,1.58,4.025306,1.470453,1.2065,0.0018
6574,-100,-50.0,40,2.25,7.0,-66.52,7.3442,-91,98.65,1.62,3.832439,1.383462,0.7432,0.0029
6575,-100,-50.0,40,2.25,7.5,-64.94,7.854,-89,96.81,3.83,3.522968,1.226056,2.4623,0.0052
6576,-100,-50.0,40,2.25,8.0,-66.13,8.3417,-91,96.88,3.75,4.012469,1.286996,1.5149,0.0148
6578,-100,-50.0,40,2.25,9.0,-65.37,9.0293,-96,94.85,6.18,4.290361,1.288755,2.8151,0.0215
6579,-100,-50.0,40,2.25,9.5,-66.87,9.8395,-99,95.17,5.8,4.487467,1.906804,1.8883,0.0305
6580,-100,-50.0,40,2.25,10.0,-66.01,10.1975,-100,92.43,9.09,4.002731,0.951679,2.8544,0.0348
6577,-100,-50.0,40,2.25,8.5,-66.76,8.4539,-91,96.51,4.19,3.192291,0.662487,1.4953,0.011
6581,-100,-50.0,40,2.25,10.5,-65.71,10.5253,-100,92.73,8.73,4.525139,1.869389,3.4143,0.0376
6582,-100,-50.0,40,2.25,11.0,-66.71,11.2935,-100,91.7,9.96,3.87069,1.093359,2.8883,0.0539
6583,-100,-50.0,40,2.25,11.5,-66.76,11.7102,-100,91.22,10.55,4.063981,2.154149,2.246,0.0613
6584,-100,-50.0,40,2.25,12.0,-66.78,12.1229,-100,89.63,12.46,3.679567,0.925307,2.5562,0.0723
6587,-100,-50.0,40,2.25,13.5,-67.45,13.6294,-100,90.45,11.46,5.066122,2.242051,2.6244,0.0682
6585,-100,-50.0,40,2.25,12.5,-65.35,12.6642,-100,86.2,16.56,3.402607,1.384803,5.3823,0.0478
6586,-100,-50.0,40,2.25,13.0,-66.0,12.7264,-100,89.01,13.19,3.502462,2.011377,4.078,0.0499
6591,-100,-50.0,40,2.5,2.0,,,,100.0,0.0,0.0,0.0,0.0,0.0
6590,-100,-50.0,40,2.5,1.5,,,,100.0,0.0,0.0,0.0,0.0,0.0
6589,-100,-50.0,40,2.5,1.0,,,,100.0,0.0,0.0,0.0,0.0,0.0
6592,-100,-50.0,40,2.5,2.5,-60.3,1.6155,-63,99.96,0.05,5.43396,0.918093,0.0549,0.0
6593,-100,-50.0,40,2.5,3.0,-61.0,3.1623,-67,99.96,0.05,3.510888,1.039703,0.0512,0.0
6588,-100,-50.0,40,2.25,14.0,-67.04,14.0171,-100,86.4,16.32,3.68503,0.96065,3.8138,0.0896
6594,-100,-50.0,40,2.5,3.5,-60.6,3.1369,-67,99.89,0.13,3.394743,1.403604,0.1795,0.0
6595,-100,-50.0,40,2.5,4.0,-60.59,4.3367,-70,99.52,0.57,3.140552,0.752638,0.5219,0.0
6596,-100,-50.0,40,2.5,4.5,-61.67,4.6097,-73,99.33,0.81,4.084577,1.560265,0.6163,0.0004
6597,-100,-50.0,40,2.5,5.0,-61.38,5.0624,-78,98.55,1.74,4.25098,1.483601,1.2789,0.0016
6598,-100,-50.0,40,2.5,5.5,-60.26,5.8125,-77,96.88,3.75,3.772268,1.702548,2.9929,0.0027
6599,-100,-50.0,40,2.5,6.0,-61.56,6.0628,-78,96.81,3.83,4.609928,1.58529,2.054,0.0085
6602,-100,-50.0,40,2.5,7.5,-61.41,7.7538,-87,92.62,8.86,3.749767,1.322317,4.5374,0.0192
6601,-100,-50.0,40,2.5,7.0,-62.45,7.1196,-95,95.38,5.54,5.101699,3.360366,2.5851,0.0304
6600,-100,-50.0,40,2.5,6.5,-63.06,6.6908,-83,96.83,3.81,4.787413,1.925884,1.2935,0.0163
6603,-100,-50.0,40,2.5,8.0,-62.77,8.29,-89,93.67,7.61,5.06746,1.726205,1.8277,0.0308
6604,-100,-50.0,40,2.5,8.5,-61.99,8.4659,-91,91.35,10.38,3.681234,1.960949,5.5279,0.0221
6606,-100,-50.0,40,2.5,9.5,-62.86,9.503,-91,89.75,12.32,3.967579,1.098616,2.8199,0.0689
6605,-100,-50.0,40,2.5,9.0,-62.4,9.2127,-92,90.04,11.96,3.989893,1.343197,4.2209,0.0523
6607,-100,-50.0,40,2.5,10.0,-61.83,10.115,-97,85.99,16.82,3.39142,1.0217,4.9855,0.0734
6608,-100,-50.0,40,2.5,10.5,-62.82,10.6869,-100,89.13,13.05,4.634987,2.041249,6.0825,0.0615
6609,-100,-50.0,40,2.5,11.0,-62.33,11.0726,-99,86.21,16.56,3.988191,1.797268,6.697,0.0815
6610,-100,-50.0,40,2.5,11.5,-62.04,11.5653,-100,83.61,19.68,3.524269,1.114274,5.8561,0.1002
6611,-100,-50.0,40,2.5,12.0,-63.25,12.3264,-100,86.24,16.52,4.264278,2.090251,5.6381,0.0879
6616,-100,-50.0,40,2.75,1.0,-57.67,1.1926,-60,99.93,0.08,4.169362,0.486949,0.0664,0.0
6612,-100,-50.0,40,2.5,12.5,-62.83,12.726,-100,83.65,19.62,3.645163,1.293525,6.9695,0.0937
6614,-100,-50.0,40,2.5,13.5,-63.68,13.366,-100,83.79,19.46,3.725029,1.864444,6.1974,0.0859
6613,-100,-50.0,40,2.5,13.0,-63.27,13.2035,-100,84.05,19.16,3.831989,0.976219,4.4266,0.0922
6615,-100,-50.0,40,2.5,14.0,-61.69,13.6495,-100,78.57,25.73,2.790581,0.519649,5.1475,0.1347
6618,-100,-50.0,40,2.75,2.0,-56.88,2.506,-62,99.85,0.18,3.369514,1.058599,0.2103,0.0
6617,-100,-50.0,40,2.75,1.5,-58.33,1.8257,-63,99.96,0.05,4.574413,1.312121,0.0411,0.0
6619,-100,-50.0,40,2.75,2.5,-56.77,2.9256,-67,99.25,0.9,4.028303,1.844549,0.9649,0.0
6620,-100,-50.0,40,2.75,3.0,-57.8,3.1573,-67,99.39,0.74,3.364865,0.822477,0.8219,0.0
6621,-100,-50.0,40,2.75,3.5,-57.31,3.5702,-68,97.93,2.49,3.11621,1.009956,2.3823,0.0016
6622,-100,-50.0,40,2.75,4.0,-57.95,4.1826,-71,96.89,3.73,4.203513,1.402324,2.384,0.0027
6623,-100,-50.0,40,2.75,4.5,-57.26,4.6688,-74,94.58,6.51,3.822203,2.145363,5.0331,0.0076
6624,-100,-50.0,40,2.75,5.0,-56.29,5.3657,-75,91.41,10.3,3.377541,1.802083,9.1132,0.007
6625,-100,-50.0,40,2.75,5.5,-58.58,5.6247,-79,93.56,7.73,3.561527,1.76816,5.4371,0.0114
6627,-100,-50.0,40,2.75,6.5,-58.67,6.8103,-81,89.49,12.62,3.496581,1.169873,5.9362,0.0391
6626,-100,-50.0,40,2.75,6.0,-58.5,6.3545,-82,93.1,8.29,3.675706,1.610385,4.1974,0.0171
6628,-100,-50.0,40,2.75,7.0,-58.57,7.1363,-85,89.13,13.05,3.95512,1.216503,5.6181,0.0373
6630,-100,-50.0,40,2.75,8.0,-57.42,8.4756,-91,85.26,17.68,3.618668,2.358407,10.0623,0.0281
6629,-100,-50.0,40,2.75,7.5,-57.27,7.6756,-84,86.92,15.7,3.249179,1.89712,8.8607,0.0224
6631,-100,-50.0,40,2.75,8.5,-58.15,8.6436,-99,83.06,20.34,3.291052,1.645255,7.6559,0.0563
6632,-100,-50.0,40,2.75,9.0,-58.94,9.2102,-94,84.24,18.93,3.951737,1.308551,4.5076,0.1027
6634,-100,-50.0,40,2.75,10.0,-59.69,10.0984,-99,85.27,17.67,4.25837,1.713906,5.2544,0.1008
6633,-100,-50.0,40,2.75,9.5,-58.94,9.5664,-89,82.46,21.05,3.45251,1.691892,6.2988,0.0808
6635,-100,-50.0,40,2.75,10.5,-58.86,10.616,-94,81.37,22.38,3.816205,1.622759,6.1069,0.0982
6636,-100,-50.0,40,2.75,11.0,-59.95,11.2824,-99,82.37,21.19,3.756175,0.947594,4.307,0.1054
6638,-100,-50.0,40,2.75,12.0,-60.39,12.2845,-100,84.72,18.35,4.822131,2.277949,5.3582,0.0951
6637,-100,-50.0,40,2.75,11.5,-59.49,11.7821,-98,79.29,24.87,3.533124,0.992953,3.9583,0.1391
6639,-100,-50.0,40,2.75,12.5,-58.79,12.9109,-100,78.98,25.23,3.543465,1.446225,6.5259,0.0946
6640,-100,-50.0,40,2.75,13.0,-59.4,12.9482,-100,77.38,27.15,3.319284,0.936136,4.7366,0.1508
6643,-100,-50.0,40,3.0,1.0,-52.73,1.6135,-60,97.83,2.61,5.399044,0.983246,3.2797,0.0002
6642,-100,-50.0,40,2.75,14.0,-58.87,14.3402,-100,75.73,29.15,3.153227,1.038597,6.9835,0.17
6641,-100,-50.0,40,2.75,13.5,-59.37,13.6191,-100,78.12,26.27,3.493562,0.946931,3.9497,0.1823
6644,-100,-50.0,40,3.0,1.5,-53.44,1.8033,-59,97.53,2.96,5.345419,2.838401,2.5755,0.0
6646,-100,-50.0,40,3.0,2.5,-53.26,2.6547,-66,91.44,10.28,3.060388,0.725929,8.852,0.0013
6645,-100,-50.0,40,3.0,2.0,-54.37,2.2436,-62,96.57,4.12,4.338606,1.581914,2.8821,0.0009
6647,-100,-50.0,40,3.0,3.0,-53.62,3.271,-66,90.61,11.28,3.840956,1.207281,7.8093,0.0083
6648,-100,-50.0,40,3.0,3.5,-54.52,3.6859,-66,92.43,9.09,4.683865,1.920315,5.4138,0.0063
6650,-100,-50.0,40,3.0,4.5,-55.12,4.8504,-73,87.02,15.58,3.474647,0.878529,7.7228,0.0333
6649,-100,-50.0,40,3.0,4.0,-54.55,4.3885,-75,91.79,9.86,4.164714,1.544179,6.4932,0.0132
6652,-100,-50.0,40,3.0,5.5,-55.78,6.0113,-76,89.87,12.16,5.616413,3.316286,3.2116,0.07
6651,-100,-50.0,40,3.0,5.0,-54.48,5.5709,-76,84.31,18.84,2.828175,1.038139,11.7029,0.0272
6655,-100,-50.0,40,3.0,7.0,-56.4,7.2376,-79,86.61,16.07,4.961042,2.180166,4.909,0.0469
6654,-100,-50.0,40,3.0,6.5,-55.95,6.7461,-79,85.14,17.84,4.402782,1.407007,3.0462,0.1192
6653,-100,-50.0,40,3.0,6.0,-55.43,6.3222,-78,84.11,19.09,3.530867,1.160812,8.2216,0.0694
6656,-100,-50.0,40,3.0,7.5,-55.16,7.8331,-85,79.13,25.04,3.128789,1.531088,12.164,0.0909
6657,-100,-50.0,40,3.0,8.0,-55.19,8.2605,-83,79.09,25.1,3.277821,1.948224,10.7672,0.0666
6658,-100,-50.0,40,3.0,8.5,-55.22,8.8115,-91,75.41,29.5,2.931471,1.047961,8.8722,0.1264
6659,-100,-50.0,40,3.0,9.0,-55.77,9.3342,-85,78.19,26.17,3.425721,1.340476,8.237,0.1306
6660,-100,-50.0,40,3.0,9.5,-55.34,9.7667,-92,74.09,31.11,2.93369,1.296939,10.48,0.1394
6661,-100,-50.0,40,3.0,10.0,-54.98,10.2396,-94,74.61,30.47,3.015472,1.028545,8.3306,0.1546
6662,-100,-50.0,40,3.0,10.5,-53.88,10.7015,-95,70.97,34.89,2.668383,1.710923,13.8477,0.0955
6663,-100,-50.0,40,3.0,11.0,-54.52,11.4369,-98,74.35,30.76,3.187455,1.495206,11.25,0.1488
6664,-100,-50.0,40,3.0,11.5,-55.02,11.7964,-100,74.22,30.94,3.163877,1.215789,8.9241,0.1852
6665,-100,-50.0,40,3.0,12.0,-57.14,12.2808,-100,76.05,28.73,3.346831,1.992749,8.8951,0.1327
6666,-100,-50.0,40,3.0,12.5,-55.85,12.5183,-97,75.12,29.87,3.388562,1.601729,6.6898,0.1374
6667,-100,-50.0,40,3.0,13.0,-55.86,13.2312,-100,73.83,31.41,3.101446,1.550451,10.9045,0.1226
6668,-100,-50.0,40,3.0,13.5,-56.45,13.5716,-100,79.25,24.93,4.11333,2.209899,8.6517,0.114
6669,-100,-50.0,40,3.0,14.0,-55.6,14.1258,-100,71.68,34.01,2.925948,1.476862,10.373,0.1363
6670,-100,-50.0,40,3.25,1.0,-49.31,1.6185,-58,75.4,29.51,1.759613,1.494409,28.4186,0.0022
6671,-100,-50.0,40,3.25,1.5,-49.51,2.0016,-58,72.9,32.52,1.774037,0.936731,22.1575,0.0034
6672,-100,-50.0,40,3.25,2.0,-50.57,2.3959,-61,79.5,24.65,2.395663,1.44055,18.7809,0.0145
6674,-100,-50.0,40,3.25,3.0,-49.83,3.5197,-66,74.47,30.63,2.317014,1.540967,20.2181,0.0224
6673,-100,-50.0,40,3.25,2.5,-50.49,2.8695,-63,77.72,26.75,2.392107,1.223059,17.9791,0.0085
6675,-100,-50.0,40,3.25,3.5,-50.19,4.1684,-65,69.17,37.01,2.077508,1.421856,22.0544,0.0846
6676,-100,-50.0,40,3.25,4.0,-50.59,4.7465,-68,73.73,31.53,2.414058,1.699259,19.4615,0.0712
6678,-100,-50.0,40,3.25,5.0,-50.77,5.7789,-71,70.71,35.13,2.236048,1.577513,21.1236,0.0862
6679,-100,-50.0,40,3.25,5.5,-51.53,5.8406,-74,72.37,33.17,2.740435,1.421878,14.1864,0.0992
6677,-100,-50.0,40,3.25,4.5,-51.73,5.0669,-69,71.96,33.67,2.517198,0.84559,9.7605,0.1523
6680,-100,-50.0,40,3.25,6.0,-52.32,6.5525,-77,74.2,30.95,2.893254,1.779788,13.5119,0.1389
6682,-100,-50.0,40,3.25,7.0,-51.41,7.4747,-82,68.4,37.95,2.565605,1.163081,10.4258,0.1682
6681,-100,-50.0,40,3.25,6.5,-50.23,6.8698,-74,61.86,45.82,1.97313,1.684649,21.6135,0.1065
6683,-100,-50.0,40,3.25,7.5,-51.84,7.881,-80,67.37,39.17,2.40215,1.38611,14.9968,0.1522
6684,-100,-50.0,40,3.25,8.0,-51.29,8.3746,-83,64.87,42.17,2.145714,1.227144,16.3838,0.1515
6686,-100,-50.0,40,3.25,9.0,-51.83,9.3762,-85,68.75,37.49,2.625222,1.865453,16.3637,0.1069
6687,-100,-50.0,40,3.25,9.5,-51.54,10.0588,-90,66.08,40.77,2.392929,1.174563,11.6958,0.183
6685,-100,-50.0,40,3.25,8.5,-50.36,8.88,-88,65.78,41.08,2.319443,1.910734,17.7592,0.0797
6688,-100,-50.0,40,3.25,10.0,-51.44,10.1649,-93,64.32,42.81,2.302554,1.345999,15.0473,0.174
6689,-100,-50.0,40,3.25,10.5,-52.5,10.4443,-88,65.96,40.9,2.382542,1.349741,13.3107,0.1915
6692,-100,-50.0,40,3.25,12.0,-51.89,12.5636,-100,66.97,39.65,2.494593,1.252711,14.0852,0.23
6690,-100,-50.0,40,3.25,11.0,-52.11,11.2299,-92,64.43,42.73,2.291772,1.046637,11.9575,0.2492
6691,-100,-50.0,40,3.25,11.5,-51.92,11.8658,-93,63.26,44.12,2.232486,0.863153,8.4854,0.3122
6693,-100,-50.0,40,3.25,12.5,-51.55,12.6869,-100,67.71,38.77,2.600194,1.68482,17.0005,0.1544
6694,-100,-50.0,40,3.25,13.0,-52.61,13.3503,-100,66.95,39.66,2.512837,1.312575,12.1159,0.2038
6695,-100,-50.0,40,3.25,13.5,-52.73,13.6042,-100,65.79,41.05,2.452495,0.92626,9.1188,0.2685
6696,-100,-50.0,40,3.25,14.0,-51.41,14.4813,-100,65.06,41.93,2.367486,1.732556,17.7442,0.1542
6697,-100,-50.0,40,3.5,1.0,-46.96,2.6548,-56,57.53,51.0,1.039782,1.023411,34.6246,0.0465
6698,-100,-50.0,40,3.5,1.5,-47.15,2.3706,-57,40.68,71.21,0.958046,0.835297,31.8471,0.1185
6699,-100,-50.0,40,3.5,2.0,-47.47,2.8727,-59,40.3,71.65,1.002536,1.145441,33.7778,0.1351
6700,-100,-50.0,40,3.5,2.5,-48.67,3.0773,-60,55.06,53.94,1.497492,1.630131,28.2219,0.1246
6702,-100,-50.0,40,3.5,3.5,-48.29,4.1571,-64,48.38,61.93,1.390188,0.897153,21.3837,0.2143
6703,-100,-50.0,40,3.5,4.0,-46.89,4.5861,-65,37.46,75.11,1.080685,1.043286,29.7477,0.2472
6701,-100,-50.0,40,3.5,3.0,-47.45,3.5908,-63,39.71,72.43,1.07555,1.102182,31.2735,0.1937
6705,-100,-50.0,40,3.5,5.0,-48.35,5.5623,-74,51.34,58.44,1.590698,0.77654,13.7305,0.3107
6704,-100,-50.0,40,3.5,4.5,-47.03,5.274,-67,45.77,65.1,1.264356,1.212728,29.5398,0.211
6706,-100,-50.0,40,3.5,5.5,-47.89,5.9869,-71,50.88,58.99,1.537064,1.348353,23.129,0.1282
6707,-100,-50.0,40,3.5,6.0,-47.09,6.7619,-73,46.12,64.64,1.337071,1.099995,25.9211,0.226
6708,-100,-50.0,40,3.5,6.5,-47.89,7.1521,-77,50.39,59.67,1.558436,0.894256,16.4924,0.3347
6709,-100,-50.0,40,3.5,7.0,-47.99,7.3305,-76,57.34,51.24,1.860873,1.572265,26.8101,0.1643
6711,-100,-50.0,40,3.5,8.0,-48.4,8.366,-83,53.22,56.15,1.685043,1.052228,20.3517,0.2806
6710,-100,-50.0,40,3.5,7.5,-48.2,8.0082,-77,52.75,56.72,1.653005,1.094981,22.1568,0.2396
6712,-100,-50.0,40,3.5,8.5,-47.13,8.8719,-83,45.72,65.2,1.401604,1.027849,21.8802,0.257
6713,-100,-50.0,40,3.5,9.0,-48.01,9.6284,-92,51.93,57.63,1.618837,1.078002,20.0381,0.2189
6714,-100,-50.0,40,3.5,9.5,-48.42,9.8247,-85,52.31,57.29,1.658353,0.690813,7.7708,0.4166
6715,-100,-50.0,40,3.5,10.0,-48.4,10.5373,-98,55.52,53.4,1.819212,1.057339,12.6886,0.2045
6717,-100,-50.0,40,3.5,11.0,-49.08,11.4692,-91,55.05,53.96,1.772483,1.035348,16.8953,0.2494
6716,-100,-50.0,40,3.5,10.5,-48.12,10.5155,-95,55.54,53.33,1.815966,1.365566,17.7233,0.1609
6719,-100,-50.0,40,3.5,12.0,-47.89,12.3941,-99,53.39,56.03,1.695837,1.016137,19.1746,0.2837
6718,-100,-50.0,40,3.5,11.5,-48.36,11.9057,-100,53.53,55.78,1.729249,1.128123,17.0297,0.2107
6720,-100,-50.0,40,3.5,12.5,-48.31,12.8454,-96,51.76,57.92,1.590396,1.031892,19.1465,0.2564
6721,-100,-50.0,40,3.5,13.0,-47.32,12.9554,-97,53.57,55.74,1.670049,0.746112,12.3375,0.2916
6722,-100,-50.0,40,3.5,13.5,-47.92,14.0673,-100,53.35,55.97,1.699711,1.149249,19.0906,0.2488
6723,-100,-50.0,40,3.5,14.0,-48.7,14.3566,-100,52.4,57.2,1.659312,0.818224,14.7249,0.3919
6724,-100,-50.0,40,3.75,1.0,-44.01,2.9625,-53,15.43,101.7,0.627083,0.609775,22.73,0.3942
6725,-100,-50.0,40,3.75,1.5,-44.39,3.0693,-56,16.21,100.58,0.648448,0.587876,19.9019,0.4434
6726,-100,-50.0,40,3.75,2.0,-44.93,3.4214,-57,20.13,95.84,0.733559,0.576607,17.8513,0.5206
6728,-100,-50.0,40,3.75,3.0,-44.63,3.8995,-61,19.03,97.17,0.754767,0.484335,11.2929,0.664
6729,-100,-50.0,40,3.75,3.5,-44.43,4.6571,-63,22.42,93.21,0.806666,0.529314,17.4612,0.565
6727,-100,-50.0,40,3.75,2.5,-44.52,3.8618,-58,19.95,96.17,0.699758,0.581596,21.1713,0.5067
6731,-100,-50.0,40,3.75,4.5,-44.91,5.5305,-65,28.68,85.53,0.932256,0.610578,16.5599,0.5116
6733,-100,-50.0,40,3.75,5.5,-44.12,6.432,-71,32.85,80.59,0.984231,1.023711,29.9434,0.2633
6730,-100,-50.0,40,3.75,4.0,-44.18,5.2214,-63,26.43,88.44,0.862017,0.635207,21.079,0.46
6732,-100,-50.0,40,3.75,5.0,-45.01,5.6954,-67,25.74,89.12,0.905671,0.503109,9.2557,0.6007
6734,-100,-50.0,40,3.75,6.0,-44.3,6.7051,-71,30.1,83.93,0.947547,0.676014,21.8115,0.4781
6735,-100,-50.0,40,3.75,6.5,-44.78,6.8828,-70,27.03,87.67,0.887794,0.773284,23.1732,0.3136
6736,-100,-50.0,40,3.75,7.0,-44.11,7.7117,-80,29.09,85.15,0.944077,0.778512,22.2328,0.2944
6737,-100,-50.0,40,3.75,7.5,-44.85,8.0215,-78,37.84,74.64,1.167983,0.804439,21.5967,0.4061
6739,-100,-50.0,40,3.75,8.5,-44.81,9.0668,-82,45.56,65.39,1.438475,0.884331,13.4974,0.2984
6738,-100,-50.0,40,3.75,8.0,-44.05,8.5898,-81,29.88,84.13,0.95624,0.808144,26.0234,0.3632
6740,-100,-50.0,40,3.75,9.0,-44.94,9.3981,-81,36.12,76.8,1.118585,0.717814,19.3137,0.4016
6741,-100,-50.0,40,3.75,9.5,-44.54,10.0069,-83,40.22,71.76,1.248537,0.818479,17.5842,0.3389
6742,-100,-50.0,40,3.75,10.0,-45.79,10.2919,-86,41.73,70.02,1.298053,0.803056,17.5867,0.3591
6743,-100,-50.0,40,3.75,10.5,-44.97,10.765,-91,39.44,72.71,1.219025,0.874517,19.882,0.2815
6744,-100,-50.0,40,3.75,11.0,-44.6,11.3033,-85,39.7,72.4,1.212284,0.878704,20.169,0.2615
6745,-100,-50.0,40,3.75,11.5,-44.63,11.7714,-91,46.28,64.55,1.427886,0.888031,19.6167,0.3423
6746,-100,-50.0,40,3.75,12.0,-45.72,12.348,-99,44.96,66.13,1.406527,0.617139,8.5763,0.4387
6747,-100,-50.0,40,3.75,12.5,-44.51,12.7164,-90,39.53,72.65,1.235876,0.655507,13.2494,0.4251
6748,-100,-50.0,40,3.75,13.0,-44.52,13.2588,-97,45.37,65.63,1.389636,1.196875,24.3033,0.2247
6749,-100,-50.0,40,3.75,13.5,-44.49,13.8139,-99,43.04,68.41,1.32605,0.874428,19.0311,0.3067
6750,-100,-50.0,40,3.75,14.0,-44.7,14.3169,-95,42.85,68.63,1.311116,0.938707,22.2029,0.3031
6751,-100,-50.0,40,4.0,1.0,-41.65,3.1594,-49,1.8,117.88,0.393148,0.223488,2.077,0.9407
6752,-100,-50.0,40,4.0,1.5,-41.74,3.7521,-53,3.6,115.64,0.467696,0.270522,2.313,0.9331
6753,-100,-50.0,40,4.0,2.0,-41.8,4.4074,-54,5.25,113.7,0.500454,0.310905,5.2275,0.8459
6755,-100,-50.0,40,4.0,3.0,-41.09,4.8403,-57,4.39,114.72,0.466258,0.287029,3.54,0.8951
6756,-100,-50.0,40,4.0,3.5,-40.49,4.6817,-57,5.26,113.74,0.476397,0.301416,8.415,0.7794
6754,-100,-50.0,40,4.0,2.5,-41.48,4.6999,-57,9.44,108.72,0.532588,0.466244,16.2293,0.5814
6757,-100,-50.0,40,4.0,4.0,-42.39,4.7479,-59,7.36,111.19,0.542483,0.332259,6.0495,0.8199
6758,-100,-50.0,40,4.0,4.5,-41.4,5.6675,-62,11.91,105.76,0.597422,0.424506,11.0578,0.7253
6759,-100,-50.0,40,4.0,5.0,-41.19,6.0854,-63,10.67,107.23,0.600578,0.389816,8.433,0.787
6760,-100,-50.0,40,4.0,5.5,-41.44,6.1529,-65,9.14,108.97,0.601142,0.350019,5.3573,0.8144
6761,-100,-50.0,40,4.0,6.0,-41.5,6.5937,-67,16.2,100.66,0.689114,0.494135,15.0337,0.6018
6762,-100,-50.0,40,4.0,6.5,-41.43,7.2734,-75,13.33,103.93,0.660984,0.428209,12.1911,0.6406
6763,-100,-50.0,40,4.0,7.0,-42.22,7.5557,-72,16.36,100.31,0.722246,0.456716,12.1127,0.6047
6764,-100,-50.0,40,4.0,7.5,-41.68,8.1704,-71,18.68,97.65,0.696225,0.586364,21.4253,0.4774
6765,-100,-50.0,40,4.0,8.0,-41.49,8.67,-78,19.59,96.61,0.74665,0.490628,13.4432,0.6879
6768,-100,-50.0,40,4.0,9.5,-41.68,10.0191,-81,32.36,81.11,1.050119,0.620408,14.1264,0.4864
6767,-100,-50.0,40,4.0,9.0,-42.06,9.6851,-81,27.74,86.74,0.953576,0.522316,7.4468,0.589
6766,-100,-50.0,40,4.0,8.5,-41.34,8.8917,-74,15.44,101.53,0.669728,0.510432,18.7596,0.4868
6769,-100,-50.0,40,4.0,10.0,-41.31,10.459,-89,22.84,92.74,0.84589,0.513097,13.7987,0.5063
6770,-100,-50.0,40,4.0,10.5,-41.39,10.8768,-86,28.07,86.31,0.932859,0.720118,21.6633,0.3577
6771,-100,-50.0,40,4.0,11.0,-41.37,11.5444,-89,29.25,84.8,0.987526,0.56013,10.8959,0.5289
6772,-100,-50.0,40,4.0,11.5,-40.61,11.9118,-97,27.15,87.49,0.877368,0.744314,23.9745,0.3843
6773,-100,-50.0,40,4.0,12.0,-41.05,12.3299,-93,30.59,83.41,0.975699,0.689159,20.5836,0.4826
6774,-100,-50.0,40,4.0,12.5,-42.47,12.8631,-100,31.95,81.67,1.059971,0.518751,6.1123,0.563
6775,-100,-50.0,40,4.0,13.0,-40.87,13.4534,-100,28.44,85.88,0.941785,0.601612,16.8762,0.4891
6776,-100,-50.0,40,4.0,13.5,-40.43,13.8136,-92,27.7,86.73,0.924404,0.706463,22.5507,0.3881
6777,-100,-50.0,40,4.0,14.0,-41.63,14.4282,-96,31.05,82.86,1.018856,0.558098,12.9144,0.5262
6778,-100,-50.0,40,4.25,1.0,-38.53,3.8311,-48,2.03,117.62,0.444735,0.234617,0.9475,0.9689
6779,-100,-50.0,40,4.25,1.5,-37.79,4.3396,-49,2.97,116.47,0.416145,0.258781,4.1903,0.8866
6780,-100,-50.0,40,4.25,2.0,-37.56,4.1142,-50,2.73,116.74,0.436018,0.25119,2.4722,0.9262
6781,-100,-50.0,40,4.25,2.5,-38.42,3.82,-52,3.34,116.13,0.444925,0.269931,3.724,0.8987
6782,-100,-50.0,40,4.25,3.0,-37.32,5.0035,-54,1.85,117.8,0.430699,0.226334,0.7551,0.9686
6783,-100,-50.0,40,4.25,3.5,-38.26,5.0516,-55,6.38,112.42,0.494542,0.331029,6.0398,0.8208
6784,-100,-50.0,40,4.25,4.0,-38.36,5.3734,-58,2.93,116.48,0.456098,0.261905,2.1222,0.938
6785,-100,-50.0,40,4.25,4.5,-37.55,5.5918,-59,5.21,113.9,0.527067,0.318896,3.7337,0.8803
6786,-100,-50.0,40,4.25,5.0,-38.52,6.0905,-63,4.93,113.96,0.51588,0.304122,2.7186,0.9192
6787,-100,-50.0,40,4.25,5.5,-37.94,6.7714,-63,2.64,116.9,0.455818,0.255026,1.4908,0.951
6788,-100,-50.0,40,4.25,6.0,-38.58,7.1703,-64,4.4,114.75,0.506605,0.284728,3.6871,0.9072
6789,-100,-50.0,40,4.25,6.5,-38.46,7.3837,-68,7.04,111.62,0.544917,0.338884,6.1993,0.8107
6790,-100,-50.0,40,4.25,7.0,-38.27,7.8859,-77,5.74,112.96,0.525452,0.305415,4.2836,0.8786
6791,-100,-50.0,40,4.25,7.5,-38.42,8.0943,-71,5.61,113.46,0.515936,0.300085,3.5214,0.9065
6793,-100,-50.0,40,4.25,8.5,-38.15,9.1121,-76,21.3,94.34,0.757941,0.585513,16.7315,0.6061
6792,-100,-50.0,40,4.25,8.0,-37.96,8.6834,-71,16.07,100.72,0.711576,0.478543,13.3045,0.6197
6794,-100,-50.0,40,4.25,9.0,-38.19,9.495,-77,12.41,105.15,0.645335,0.412217,10.0241,0.7351
6795,-100,-50.0,40,4.25,9.5,-37.94,10.2678,-80,11.0,106.86,0.619493,0.376866,7.0461,0.7864
6796,-100,-50.0,40,4.25,10.0,-37.52,10.7096,-85,10.4,107.52,0.56595,0.380882,12.2748,0.7018
6797,-100,-50.0,40,4.25,10.5,-38.12,11.0103,-79,18.75,97.51,0.731829,0.516413,15.9303,0.5351
6798,-100,-50.0,40,4.25,11.0,-37.22,11.3621,-78,12.84,104.71,0.659486,0.395872,9.1481,0.7436
6799,-100,-50.0,40,4.25,11.5,-37.58,11.9387,-80,20.74,95.13,0.799518,0.516187,12.2903,0.6293
6800,-100,-50.0,40,4.25,12.0,-37.09,12.4939,-94,14.2,103.02,0.679108,0.422066,10.1783,0.6964
6801,-100,-50.0,40,4.25,12.5,-38.57,13.0385,-89,19.74,96.4,0.805941,0.433633,3.1924,0.7694
6803,-100,-50.0,40,4.25,13.5,-37.59,13.9071,-96,22.48,93.01,0.820152,0.561955,17.4338,0.5526
6802,-100,-50.0,40,4.25,13.0,-37.31,13.259,-88,19.67,96.38,0.773933,0.545778,17.6456,0.4973
6804,-100,-50.0,40,4.25,14.0,-37.1,14.2017,-99,32.33,81.26,0.992579,0.881655,24.5208,0.3293
6805,-100,-50.0,40,4.5,1.0,-34.82,3.802,-44,3.67,115.72,0.435986,0.270448,4.8094,0.8678
6806,-100,-50.0,40,4.5,1.5,-34.83,4.4828,-46,2.76,116.59,0.431462,0.246894,3.1652,0.913
6807,-100,-50.0,40,4.5,2.0,-34.72,4.4783,-49,4.3,114.9,0.467028,0.288344,3.8609,0.9101
6808,-100,-50.0,40,4.5,2.5,-34.56,4.6176,-49,3.24,116.15,0.471259,0.272272,2.0291,0.9423
6809,-100,-50.0,40,4.5,3.0,-35.15,4.3902,-51,8.71,109.61,0.508216,0.379189,9.2851,0.7517
6810,-100,-50.0,40,4.5,3.5,-34.78,4.9647,-51,3.29,116.07,0.421143,0.269521,4.2881,0.8823
6813,-100,-50.0,40,4.5,5.0,-34.61,6.4887,-64,3.26,116.29,0.463053,0.274676,2.2869,0.9322
6811,-100,-50.0,40,4.5,4.0,-34.64,5.1499,-54,7.07,111.64,0.525331,0.338274,7.7974,0.7955
6812,-100,-50.0,40,4.5,4.5,-34.72,5.7959,-58,2.52,117.11,0.436356,0.250898,1.5689,0.9535
6814,-100,-50.0,40,4.5,5.5,-35.23,6.8794,-61,2.11,117.52,0.415424,0.233394,1.8544,0.945
6815,-100,-50.0,40,4.5,6.0,-35.13,6.9457,-61,4.24,114.99,0.480156,0.289687,3.1739,0.8989
6816,-100,-50.0,40,4.5,6.5,-34.4,7.56,-64,4.98,114.02,0.512213,0.302165,4.1661,0.8837
6817,-100,-50.0,40,4.5,7.0,-34.27,7.7794,-63,3.47,115.83,0.459834,0.271262,2.6323,0.9172
6818,-100,-50.0,40,4.5,7.5,-34.49,8.1632,-71,5.47,113.35,0.501717,0.304591,4.3426,0.8973
6819,-100,-50.0,40,4.5,8.0,-34.56,8.5665,-71,7.49,111.09,0.522089,0.347839,8.3559,0.7676
6820,-100,-50.0,40,4.5,8.5,-34.18,9.1021,-71,12.96,104.43,0.594058,0.470996,14.6003,0.6166
6821,-100,-50.0,40,4.5,9.0,-34.55,10.0769,-76,3.61,115.71,0.506182,0.272101,2.7599,0.9096
6822,-100,-50.0,40,4.5,9.5,-34.29,9.9555,-75,6.25,112.6,0.497345,0.317421,7.4161,0.7919
6826,-100,-50.0,40,4.5,11.5,-34.37,12.0642,-84,10.47,107.48,0.598568,0.371146,9.1224,0.7497
6823,-100,-50.0,40,4.5,10.0,-34.62,10.5306,-80,5.0,113.99,0.520028,0.312109,6.527,0.8199
6825,-100,-50.0,40,4.5,11.0,-34.32,11.3226,-76,9.44,108.69,0.580832,0.381223,9.8342,0.7235
6824,-100,-50.0,40,4.5,10.5,-34.85,11.1525,-82,7.5,111.02,0.558486,0.333374,5.948,0.8143
6827,-100,-50.0,40,4.5,12.0,-34.15,12.4683,-83,5.51,113.42,0.543161,0.309329,4.21,0.8707
6828,-100,-50.0,40,4.5,12.5,-34.8,13.0272,-93,9.2,109.03,0.610027,0.362846,6.0406,0.822
6829,-100,-50.0,40,4.5,13.0,-34.32,13.5311,-87,12.71,104.77,0.642979,0.411442,10.5234,0.6906
6830,-100,-50.0,40,4.5,13.5,-34.25,13.8916,-87,8.37,110.04,0.584042,0.340027,7.174,0.7832
6831,-100,-50.0,40,4.5,14.0,-34.2,14.4966,-87,20.07,95.98,0.780762,0.562047,17.341,0.4745
6832,-100,-50.0,40,4.75,1.0,-31.04,4.0947,-41,7.53,110.9,0.526691,0.347836,6.528,0.8359
6833,-100,-50.0,40,4.75,1.5,-30.62,4.2546,-41,2.56,116.85,0.414879,0.248418,4.1311,0.8918
6834,-100,-50.0,40,4.75,2.0,-31.3,4.0899,-43,1.63,117.99,0.388924,0.215471,1.1938,0.9679
6836,-100,-50.0,40,4.75,3.0,-31.13,4.1276,-47,8.46,109.86,0.51483,0.377249,9.1974,0.7935
6838,-100,-50.0,40,4.75,4.0,-31.67,5.402,-51,5.7,113.28,0.500115,0.315725,5.3508,0.8506
6835,-100,-50.0,40,4.75,2.5,-31.02,5.091,-47,2.28,117.38,0.452047,0.249221,1.5188,0.9555
6837,-100,-50.0,40,4.75,3.5,-30.55,5.8093,-50,2.73,116.79,0.442981,0.252703,2.3305,0.9358
6839,-100,-50.0,40,4.75,4.5,-29.96,5.6396,-51,2.59,116.95,0.414398,0.237378,2.4891,0.9257
6840,-100,-50.0,40,4.75,5.0,-30.91,6.2428,-54,1.71,118.06,0.437103,0.232309,0.3443,0.9779
6841,-100,-50.0,40,4.75,5.5,-31.59,7.0498,-56,2.46,117.02,0.442911,0.245395,1.72,0.9476
6843,-100,-50.0,40,4.75,6.5,-31.11,7.3841,-61,1.8,118.04,0.424664,0.239259,0.8458,0.9705
6842,-100,-50.0,40,4.75,6.0,-30.95,7.0816,-57,3.47,116.04,0.472359,0.267633,2.6531,0.9302
6844,-100,-50.0,40,4.75,7.0,-31.01,7.9177,-62,4.01,115.28,0.448642,0.278744,3.9886,0.8847
6845,-100,-50.0,40,4.75,7.5,-31.53,8.2518,-67,1.94,117.76,0.436455,0.241716,1.3602,0.9544
6846,-100,-50.0,40,4.75,8.0,-30.73,9.0403,-67,5.59,113.4,0.475633,0.317823,7.3031,0.8054
6848,-100,-50.0,40,4.75,9.0,-30.77,10.0296,-76,5.22,113.79,0.491609,0.300297,4.7718,0.8749
6847,-100,-50.0,40,4.75,8.5,-30.51,9.4216,-71,4.28,114.81,0.453285,0.286053,6.2861,0.8314
6849,-100,-50.0,40,4.75,9.5,-31.21,10.3832,-71,2.68,116.72,0.416,0.247617,3.276,0.9091
6851,-100,-50.0,40,4.75,10.5,-30.65,11.2232,-78,13.44,103.88,0.60171,0.46221,15.3435,0.6065
6850,-100,-50.0,40,4.75,10.0,-31.14,10.7187,-72,3.93,115.3,0.499347,0.273429,1.9362,0.9362
6853,-100,-50.0,40,4.75,11.5,-31.12,12.0739,-81,18.81,97.46,0.740406,0.554334,16.8744,0.5605
6852,-100,-50.0,40,4.75,11.0,-31.01,11.5362,-77,3.68,115.55,0.486898,0.27928,2.5887,0.9273
6854,-100,-50.0,40,4.75,12.0,-30.02,12.6239,-83,12.68,104.82,0.631389,0.435768,12.1804,0.6611
6855,-100,-50.0,40,4.75,12.5,-29.93,13.0052,-83,6.98,111.81,0.53279,0.332003,5.2378,0.8723
6856,-100,-50.0,40,4.75,13.0,-31.22,13.5087,-91,12.63,104.95,0.639979,0.423242,9.4737,0.7387
6857,-100,-50.0,40,4.75,13.5,-31.18,14.0102,-90,9.67,108.56,0.600182,0.370484,7.1777,0.8074
6858,-100,-50.0,40,4.75,14.0,-29.56,14.2713,-93,16.31,100.38,0.690268,0.58816,20.1209,0.4456
6859,-100,-50.0,40,5.0,1.0,-27.41,4.1443,-36,5.22,113.78,0.473403,0.299998,4.3993,0.8718
6860,-100,-50.0,40,5.0,1.5,-26.77,3.7986,-37,1.33,118.56,0.414645,0.22185,0.2805,0.982
6862,-100,-50.0,40,5.0,2.5,-27.58,4.438,-42,8.21,110.3,0.547451,0.387436,9.7267,0.7454
6863,-100,-50.0,40,5.0,3.0,-27.14,5.3817,-43,5.48,113.41,0.470823,0.318755,5.2233,0.8532
6861,-100,-50.0,40,5.0,2.0,-27.13,4.8274,-41,2.55,117.03,0.467607,0.254828,2.577,0.9239
6864,-100,-50.0,40,5.0,3.5,-27.64,5.7984,-48,2.0,117.61,0.418613,0.233724,1.4387,0.9594
6865,-100,-50.0,40,5.0,4.0,-28.51,6.2978,-50,3.92,115.37,0.46431,0.284885,3.2038,0.9215
6866,-100,-50.0,40,5.0,4.5,-26.8,6.3853,-48,3.56,115.8,0.466891,0.274471,3.215,0.9083
6867,-100,-50.0,40,5.0,5.0,-27.35,6.6537,-55,3.51,115.68,0.461053,0.277364,3.9018,0.8905
6868,-100,-50.0,40,5.0,5.5,-27.61,6.7394,-52,6.98,111.73,0.493533,0.338116,8.986,0.7639
6869,-100,-50.0,40,5.0,6.0,-27.38,7.0347,-53,3.91,115.3,0.486735,0.288239,4.3232,0.8767
6870,-100,-50.0,40,5.0,6.5,-26.91,7.8537,-58,3.4,115.89,0.447333,0.263883,4.1444,0.8859
6873,-100,-50.0,40,5.0,8.0,-26.61,8.8609,-72,3.35,115.99,0.448172,0.263683,3.0168,0.9196
6871,-100,-50.0,40,5.0,7.0,-27.79,8.0985,-61,1.66,118.08,0.424742,0.230537,1.0364,0.9714
6874,-100,-50.0,40,5.0,8.5,-27.66,9.5261,-66,10.27,107.76,0.554131,0.41379,11.4112,0.7116
6872,-100,-50.0,40,5.0,7.5,-27.24,8.8313,-61,3.27,116.14,0.453529,0.266255,4.0009,0.8887
6876,-100,-50.0,40,5.0,9.5,-26.95,10.1748,-71,6.31,112.55,0.523734,0.324895,8.1311,0.7767
6877,-100,-50.0,40,5.0,10.0,-27.68,10.8417,-68,6.28,112.53,0.492409,0.316402,6.3731,0.8389
6875,-100,-50.0,40,5.0,9.0,-27.46,9.9411,-64,2.34,117.26,0.446282,0.248494,1.3538,0.9568
6879,-100,-50.0,40,5.0,11.0,-27.04,11.4481,-72,5.46,113.6,0.514524,0.327061,8.0521,0.7866
6878,-100,-50.0,40,5.0,10.5,-27.8,11.4348,-72,2.15,117.43,0.464195,0.241809,1.908,0.9438
6880,-100,-50.0,40,5.0,11.5,-27.39,12.1062,-86,1.77,118.04,0.416988,0.232071,2.3456,0.9365
6886,-100,-45.0,40,1.0,1.0,,,,100.0,0.0,0.0,0.0,0.0,0.0
6887,-100,-45.0,40,1.0,1.5,,,,100.0,0.0,0.0,0.0,0.0,0.0
6888,-100,-45.0,40,1.0,2.0,,,,100.0,0.0,0.0,0.0,0.0,0.0
6889,-100,-45.0,40,1.0,2.5,,,,100.0,0.0,0.0,0.0,0.0,0.0
6881,-100,-50.0,40,5.0,12.0,-26.86,12.6094,-76,7.28,111.38,0.564404,0.348947,5.5976,0.8629
6890,-100,-45.0,40,1.0,3.0,,,,100.0,0.0,0.0,0.0,0.0,0.0
6891,-100,-45.0,40,1.0,3.5,,,,100.0,0.0,0.0,0.0,0.0,0.0
6892,-100,-45.0,40,1.0,4.0,,,,100.0,0.0,0.0,0.0,0.0,0.0
6882,-100,-50.0,40,5.0,12.5,-27.24,13.1487,-83,3.23,116.07,0.468168,0.266624,3.7667,0.8932
6893,-100,-45.0,40,1.0,4.5,,,,100.0,0.0,0.0,0.0,0.0,0.0
6883,-100,-50.0,40,5.0,13.0,-27.36,13.6237,-88,7.37,111.18,0.541396,0.342766,6.5522,0.8436
6884,-100,-50.0,40,5.0,13.5,-27.5,14.0486,-88,7.1,111.42,0.533889,0.345054,7.9532,0.7868
6894,-100,-45.0,40,1.0,5.0,,,,100.0,0.0,0.0,0.0,0.0,0.0
6885,-100,-50.0,40,5.0,14.0,-27.02,14.5464,-94,10.68,107.23,0.595226,0.405957,8.8517,0.7779
6895,-100,-45.0,40,1.0,5.5,,,,100.0,0.0,0.0,0.0,0.0,0.0
6896,-100,-45.0,40,1.0,6.0,,,,100.0,0.0,0.0,0.0,0.0,0.0
6897,-100,-45.0,40,1.0,6.5,,,,100.0,0.0,0.0,0.0,0.0,0.0
6899,-100,-45.0,40,1.0,7.5,,,,100.0,0.0,0.0,0.0,0.0,0.0
6898,-100,-45.0,40,1.0,7.0,,,,100.0,0.0,0.0,0.0,0.0,0.0
6900,-100,-45.0,40,1.0,8.0,,,,100.0,0.0,0.0,0.0,0.0,0.0
6901,-100,-45.0,40,1.0,8.5,,,,100.0,0.0,0.0,0.0,0.0,0.0
6902,-100,-45.0,40,1.0,9.0,,,,100.0,0.0,0.0,0.0,0.0,0.0
6903,-100,-45.0,40,1.0,9.5,,,,100.0,0.0,0.0,0.0,0.0,0.0
6904,-100,-45.0,40,1.0,10.0,-80.5,1.5,-82,99.99,0.01,3.168762,0.253837,0.011,0.0
6906,-100,-45.0,40,1.0,11.0,-87.29,6.5184,-98,99.97,0.04,3.316621,1.139625,0.0228,0.0
6905,-100,-45.0,40,1.0,10.5,-92.5,4.5,-97,99.99,0.01,3.414068,0.295741,0.011,0.0
6907,-100,-45.0,40,1.0,11.5,-83.12,10.6235,-100,99.93,0.09,3.115994,0.881962,0.0818,0.0
6908,-100,-45.0,40,1.0,12.0,-86.57,10.6952,-100,99.94,0.08,3.080656,0.701247,0.0329,0.0002
6909,-100,-45.0,40,1.0,12.5,-81.66,11.3753,-100,99.87,0.16,3.476935,0.950422,0.0623,0.0007
6910,-100,-45.0,40,1.0,13.0,-83.17,11.8668,-100,99.79,0.25,3.670537,0.823508,0.1025,0.0011
6911,-100,-45.0,40,1.0,13.5,-84.26,11.2737,-100,99.67,0.39,3.390417,1.052701,0.144,0.002
6912,-100,-45.0,40,1.0,14.0,-81.7,12.2264,-100,99.54,0.55,3.408806,0.836999,0.1695,0.0022
6913,-100,-45.0,40,1.25,1.0,,,,100.0,0.0,0.0,0.0,0.0,0.0
6914,-100,-45.0,40,1.25,1.5,,,,100.0,0.0,0.0,0.0,0.0,0.0
6915,-100,-45.0,40,1.25,2.0,,,,100.0,0.0,0.0,0.0,0.0,0.0
6916,-100,-45.0,40,1.25,2.5,,,,100.0,0.0,0.0,0.0,0.0,0.0
6918,-100,-45.0,40,1.25,3.5,,,,100.0,0.0,0.0,0.0,0.0,0.0
6917,-100,-45.0,40,1.25,3.0,,,,100.0,0.0,0.0,0.0,0.0,0.0
6919,-100,-45.0,40,1.25,4.0,,,,100.0,0.0,0.0,0.0,0.0,0.0
6920,-100,-45.0,40,1.25,4.5,,,,100.0,0.0,0.0,0.0,0.0,0.0
6921,-100,-45.0,40,1.25,5.0,,,,100.0,0.0,0.0,0.0,0.0,0.0
6922,-100,-45.0,40,1.25,5.5,,,,100.0,0.0,0.0,0.0,0.0,0.0
6923,-100,-45.0,40,1.25,6.0,,,,100.0,0.0,0.0,0.0,0.0,0.0
6924,-100,-45.0,40,1.25,6.5,,,,100.0,0.0,0.0,0.0,0.0,0.0
6925,-100,-45.0,40,1.25,7.0,,,,100.0,0.0,0.0,0.0,0.0,0.0
6926,-100,-45.0,40,1.25,7.5,,,,100.0,0.0,0.0,0.0,0.0,0.0
6927,-100,-45.0,40,1.25,8.0,-80.0,0.0,-80,100.0,0.01,2.899183,0.0,0.009,0.0
6930,-100,-45.0,40,1.25,9.5,-76.5,10.5,-87,99.99,0.01,3.166346,0.056144,0.011,0.0
6928,-100,-45.0,40,1.25,8.5,,,,100.0,0.0,0.0,0.0,0.0,0.0
6929,-100,-45.0,40,1.25,9.0,-92.0,0.0,-92,100.0,0.01,2.583528,0.0,0.0089,0.0
6931,-100,-45.0,40,1.25,10.0,-74.25,3.8971,-80,99.98,0.02,3.605547,1.14529,0.0219,0.0
6933,-100,-45.0,40,1.25,11.0,-80.82,11.8359,-100,99.85,0.18,3.522554,1.085931,0.0596,0.0004
6932,-100,-45.0,40,1.25,10.5,-80.24,13.705,-100,99.92,0.09,2.8677,0.464322,0.0612,0.0002
6934,-100,-45.0,40,1.25,11.5,-82.82,9.7982,-100,99.87,0.15,3.304588,1.137079,0.1102,0.0004
6935,-100,-45.0,40,1.25,12.0,-80.2,11.5113,-100,99.69,0.37,3.269246,0.795581,0.176,0.0004
6936,-100,-45.0,40,1.25,12.5,-83.05,12.7639,-100,99.72,0.33,3.773545,0.775395,0.1783,0.0007
6938,-100,-45.0,40,1.25,13.5,-80.31,12.801,-100,99.33,0.8,3.707417,1.103422,0.1754,0.004
6937,-100,-45.0,40,1.25,13.0,-78.84,13.7692,-100,99.44,0.67,2.934697,0.421571,0.1754,0.0031
6939,-100,-45.0,40,1.25,14.0,-81.68,13.3511,-100,99.25,0.9,3.734335,0.850742,0.0842,0.0069
6941,-100,-45.0,40,1.5,1.5,,,,100.0,0.0,0.0,0.0,0.0,0.0
6942,-100,-45.0,40,1.5,2.0,,,,100.0,0.0,0.0,0.0,0.0,0.0
6940,-100,-45.0,40,1.5,1.0,,,,100.0,0.0,0.0,0.0,0.0,0.0
6943,-100,-45.0,40,1.5,2.5,,,,100.0,0.0,0.0,0.0,0.0,0.0
6944,-100,-45.0,40,1.5,3.0,,,,100.0,0.0,0.0,0.0,0.0,0.0
6945,-100,-45.0,40,1.5,3.5,,,,100.0,0.0,0.0,0.0,0.0,0.0
6946,-100,-45.0,40,1.5,4.0,,,,100.0,0.0,0.0,0.0,0.0,0.0
6947,-100,-45.0,40,1.5,4.5,,,,100.0,0.0,0.0,0.0,0.0,0.0
6948,-100,-45.0,40,1.5,5.0,,,,100.0,0.0,0.0,0.0,0.0,0.0
6949,-100,-45.0,40,1.5,5.5,,,,100.0,0.0,0.0,0.0,0.0,0.0
6950,-100,-45.0,40,1.5,6.0,,,,100.0,0.0,0.0,0.0,0.0,0.0
6951,-100,-45.0,40,1.5,6.5,,,,100.0,0.0,0.0,0.0,0.0,0.0
6953,-100,-45.0,40,1.5,7.5,-81.0,0.0,-81,100.0,0.01,3.650856,0.0,0.0089,0.0
6952,-100,-45.0,40,1.5,7.0,,,,100.0,0.0,0.0,0.0,0.0,0.0
6954,-100,-45.0,40,1.5,8.0,-66.0,0.0,-66,100.0,0.01,3.170749,0.0,0.0089,0.0
6955,-100,-45.0,40,1.5,8.5,-75.0,8.0,-83,99.99,0.01,3.522709,0.662509,0.011,0.0
6956,-100,-45.0,40,1.5,9.0,-78.78,7.0676,-88,99.96,0.05,3.115423,0.359396,0.0329,0.0
6958,-100,-45.0,40,1.5,10.0,-73.56,8.1324,-89,99.92,0.1,4.842465,1.523165,0.0522,0.0004
6957,-100,-45.0,40,1.5,9.5,-75.2,11.3737,-95,99.96,0.05,3.636452,2.085544,0.0374,0.0
6959,-100,-45.0,40,1.5,10.5,-74.05,9.6271,-99,99.82,0.22,3.929265,1.352232,0.1615,0.0004
6960,-100,-45.0,40,1.5,11.0,-77.32,10.1091,-100,99.66,0.41,3.585238,0.79612,0.1242,0.0013
6961,-100,-45.0,40,1.5,11.5,-76.58,12.7649,-100,99.53,0.57,3.923349,1.205273,0.1546,0.0025
6962,-100,-45.0,40,1.5,12.0,-76.58,12.3189,-100,99.34,0.79,3.343424,0.911138,0.4118,0.0025
6963,-100,-45.0,40,1.5,12.5,-75.78,11.9476,-100,99.16,1.01,3.969689,2.16436,0.4523,0.0031
6966,-100,-45.0,40,1.5,14.0,-77.49,12.623,-100,98.52,1.78,3.679553,1.701566,1.0072,0.0045
6965,-100,-45.0,40,1.5,13.5,-77.89,12.7875,-100,98.6,1.68,3.802503,1.064066,0.3219,0.0083
6964,-100,-45.0,40,1.5,13.0,-79.04,11.4552,-100,99.02,1.18,3.398643,0.89485,0.2588,0.0058
6967,-100,-45.0,40,1.75,1.0,,,,100.0,0.0,0.0,0.0,0.0,0.0
6968,-100,-45.0,40,1.75,1.5,,,,100.0,0.0,0.0,0.0,0.0,0.0
6969,-100,-45.0,40,1.75,2.0,,,,100.0,0.0,0.0,0.0,0.0,0.0
6970,-100,-45.0,40,1.75,2.5,,,,100.0,0.0,0.0,0.0,0.0,0.0
6971,-100,-45.0,40,1.75,3.0,,,,100.0,0.0,0.0,0.0,0.0,0.0
6972,-100,-45.0,40,1.75,3.5,,,,100.0,0.0,0.0,0.0,0.0,0.0
6973,-100,-45.0,40,1.75,4.0,,,,100.0,0.0,0.0,0.0,0.0,0.0
6974,-100,-45.0,40,1.75,4.5,,,,100.0,0.0,0.0,0.0,0.0,0.0
6975,-100,-45.0,40,1.75,5.0,,,,100.0,0.0,0.0,0.0,0.0,0.0
6976,-100,-45.0,40,1.75,5.5,,,,100.0,0.0,0.0,0.0,0.0,0.0
6978,-100,-45.0,40,1.75,6.5,-72.0,0.0,-72,100.0,0.01,2.419591,0.0,0.0089,0.0
6977,-100,-45.0,40,1.75,6.0,,,,100.0,0.0,0.0,0.0,0.0,0.0
6979,-100,-45.0,40,1.75,7.0,,,,100.0,0.0,0.0,0.0,0.0,0.0
6980,-100,-45.0,40,1.75,7.5,-72.0,5.0,-77,99.99,0.01,4.032442,0.069086,0.0179,0.0
6981,-100,-45.0,40,1.75,8.0,-68.71,5.4698,-75,99.97,0.04,3.096931,0.367146,0.0336,0.0
6982,-100,-45.0,40,1.75,8.5,-69.07,10.1943,-90,99.94,0.08,3.609352,1.276015,0.0386,0.0002
6983,-100,-45.0,40,1.75,9.0,-70.71,8.9704,-96,99.83,0.2,3.648708,1.098729,0.127,0.0004
6984,-100,-45.0,40,1.75,9.5,-74.56,9.8051,-99,99.74,0.31,4.530944,0.950211,0.1452,0.0004
6985,-100,-45.0,40,1.75,10.0,-75.55,10.3112,-94,99.75,0.3,3.63828,2.278504,0.2281,0.0002
6986,-100,-45.0,40,1.75,10.5,-73.26,10.6688,-100,99.32,0.81,3.525582,0.932904,0.3624,0.0038
6987,-100,-45.0,40,1.75,11.0,-74.84,10.421,-97,99.23,0.93,4.123537,1.820276,0.4375,0.0016
6990,-100,-45.0,40,1.75,12.5,-72.96,11.8818,-100,98.2,2.16,4.026985,1.116239,0.7242,0.0103
6988,-100,-45.0,40,1.75,11.5,-72.87,11.5522,-100,98.96,1.25,3.459334,0.845734,0.4758,0.0038
6989,-100,-45.0,40,1.75,12.0,-74.04,11.627,-100,98.98,1.22,4.553164,1.792072,0.2603,0.0074
6991,-100,-45.0,40,1.75,13.0,-73.59,13.0971,-100,98.15,2.22,3.775329,0.740723,0.9091,0.0078
6992,-100,-45.0,40,1.75,13.5,-73.89,13.1699,-100,97.31,3.23,4.106887,1.272267,0.773,0.0186
6993,-100,-45.0,40,1.75,14.0,-73.25,13.4763,-100,97.05,3.54,4.156413,1.311191,0.6844,0.0218
6994,-100,-45.0,40,2.0,1.0,,,,100.0,0.0,0.0,0.0,0.0,0.0
6995,-100,-45.0,40,2.0,1.5,,,,100.0,0.0,0.0,0.0,0.0,0.0
6996,-100,-45.0,40,2.0,2.0,,,,100.0,0.0,0.0,0.0,0.0,0.0
6997,-100,-45.0,40,2.0,2.5,,,,100.0,0.0,0.0,0.0,0.0,0.0
6998,-100,-45.0,40,2.0,3.0,,,,100.0,0.0,0.0,0.0,0.0,0.0
6999,-100,-45.0,40,2.0,3.5,,,,100.0,0.0,0.0,0.0,0.0,0.0
7001,-100,-45.0,40,2.0,4.5,,,,100.0,0.0,0.0,0.0,0.0,0.0
7002,-100,-45.0,40,2.0,5.0,,,,100.0,0.0,0.0,0.0,0.0,0.0
7000,-100,-45.0,40,2.0,4.0,,,,100.0,0.0,0.0,0.0,0.0,0.0
7003,-100,-45.0,40,2.0,5.5,,,,100.0,0.0,0.0,0.0,0.0,0.0
7004,-100,-45.0,40,2.0,6.0,-79.0,0.0,-79,100.0,0.01,2.568148,0.0,0.0089,0.0
7005,-100,-45.0,40,2.0,6.5,-66.33,1.8856,-69,99.99,0.02,3.03509,0.215212,0.0179,0.0
7006,-100,-45.0,40,2.0,7.0,-67.78,9.0772,-83,99.96,0.05,2.76591,0.295163,0.0699,0.0
7007,-100,-45.0,40,2.0,7.5,-67.27,4.8259,-75,99.95,0.06,3.278606,0.65279,0.0261,0.0002
7008,-100,-45.0,40,2.0,8.0,-67.2,8.6656,-83,99.87,0.16,3.85057,1.809376,0.1073,0.0004
7009,-100,-45.0,40,2.0,8.5,-70.0,7.823,-86,99.78,0.27,3.935416,1.062304,0.1124,0.0009
7010,-100,-45.0,40,2.0,9.0,-69.47,8.7445,-89,99.67,0.4,4.978696,2.833045,0.1545,0.0013
7011,-100,-45.0,40,2.0,9.5,-67.92,8.6536,-93,99.09,1.09,3.853969,1.424881,0.7757,0.0025
7013,-100,-45.0,40,2.0,10.5,-69.85,11.0083,-100,98.52,1.78,3.784951,1.644361,0.706,0.0078
7014,-100,-45.0,40,2.0,11.0,-70.95,10.9463,-100,98.6,1.68,3.766358,1.843343,0.6917,0.0088
7012,-100,-45.0,40,2.0,10.0,-68.27,10.413,-99,98.97,1.23,4.732785,1.955964,0.5672,0.0027
7015,-100,-45.0,40,2.0,11.5,-70.86,11.0153,-100,98.0,2.4,4.209612,1.010338,0.4954,0.013
7016,-100,-45.0,40,2.0,12.0,-70.84,12.4129,-100,97.45,3.06,4.155719,1.201517,0.5799,0.0186
7017,-100,-45.0,40,2.0,12.5,-69.83,11.9907,-100,96.48,4.23,4.254092,1.631156,1.5141,0.0121
7018,-100,-45.0,40,2.0,13.0,-69.78,13.187,-100,96.23,4.52,4.370118,1.754738,1.2198,0.0265
7019,-100,-45.0,40,2.0,13.5,-71.34,13.2375,-100,95.85,4.99,4.054274,1.196195,0.9614,0.0306
7020,-100,-45.0,40,2.0,14.0,-68.87,13.9664,-100,94.9,6.12,4.050412,1.891544,2.1002,0.03
7021,-100,-45.0,40,2.25,1.0,,,,100.0,0.0,0.0,0.0,0.0,0.0
7022,-100,-45.0,40,2.25,1.5,,,,100.0,0.0,0.0,0.0,0.0,0.0
7023,-100,-45.0,40,2.25,2.0,,,,100.0,0.0,0.0,0.0,0.0,0.0
7024,-100,-45.0,40,2.25,2.5,,,,100.0,0.0,0.0,0.0,0.0,0.0
7025,-100,-45.0,40,2.25,3.0,,,,100.0,0.0,0.0,0.0,0.0,0.0
7026,-100,-45.0,40,2.25,3.5,,,,100.0,0.0,0.0,0.0,0.0,0.0
7027,-100,-45.0,40,2.25,4.0,,,,100.0,0.0,0.0,0.0,0.0,0.0
7028,-100,-45.0,40,2.25,4.5,,,,100.0,0.0,0.0,0.0,0.0,0.0
7029,-100,-45.0,40,2.25,5.0,,,,100.0,0.0,0.0,0.0,0.0,0.0
7030,-100,-45.0,40,2.25,5.5,-67.75,3.3819,-72,99.96,0.04,5.204092,0.950342,0.0304,0.0
7031,-100,-45.0,40,2.25,6.0,-67.0,4.4159,-74,99.95,0.06,4.732716,0.765372,0.054,0.0
7032,-100,-45.0,40,2.25,6.5,-63.55,8.11,-84,99.81,0.23,4.150493,0.875735,0.1754,0.0002
7033,-100,-45.0,40,2.25,7.0,-65.46,7.1924,-82,99.76,0.29,4.223828,1.596323,0.1676,0.0004
7034,-100,-45.0,40,2.25,7.5,-66.25,8.0535,-85,99.55,0.54,3.620085,1.564073,0.4027,0.0004
7035,-100,-45.0,40,2.25,8.0,-66.38,8.6437,-98,99.38,0.74,3.670486,2.41538,0.5426,0.0016
7036,-100,-45.0,40,2.25,8.5,-67.29,8.615,-89,99.33,0.81,5.149746,1.699688,0.3142,0.0031
7038,-100,-45.0,40,2.25,9.5,-66.14,9.7616,-95,98.13,2.25,4.249772,0.9579,0.5726,0.0094
7037,-100,-45.0,40,2.25,9.0,-66.76,8.9271,-94,98.64,1.63,4.112394,1.775212,1.1047,0.0011
7039,-100,-45.0,40,2.25,10.0,-65.6,10.5348,-98,97.67,2.8,4.014746,1.177961,1.3601,0.0141
7040,-100,-45.0,40,2.25,10.5,-66.48,10.7217,-100,97.09,3.5,4.058003,1.176939,1.5388,0.0161
7041,-100,-45.0,40,2.25,11.0,-65.79,10.8048,-97,96.64,4.04,3.922837,1.541649,1.4643,0.0116
7042,-100,-45.0,40,2.25,11.5,-67.07,11.8321,-100,95.92,4.89,4.048842,0.931842,1.0383,0.0236
7043,-100,-45.0,40,2.25,12.0,-66.49,12.1528,-100,94.22,6.93,3.8679,0.94967,1.9593,0.0329
7044,-100,-45.0,40,2.25,12.5,-65.83,12.4202,-100,93.83,7.41,4.008031,1.137977,2.5542,0.0319
7045,-100,-45.0,40,2.25,13.0,-67.07,13.3012,-100,94.18,6.99,4.387577,1.805943,1.808,0.0386
7048,-100,-45.0,40,2.5,1.0,,,,100.0,0.0,0.0,0.0,0.0,0.0
7050,-100,-45.0,40,2.5,2.0,,,,100.0,0.0,0.0,0.0,0.0,0.0
7049,-100,-45.0,40,2.5,1.5,,,,100.0,0.0,0.0,0.0,0.0,0.0
7046,-100,-45.0,40,2.25,13.5,-66.75,13.3586,-100,92.27,9.28,3.872173,1.139,2.7952,0.0485
7051,-100,-45.0,40,2.5,2.5,-60.0,0.0,-60,100.0,0.01,4.266336,0.0,0.0089,0.0
7047,-100,-45.0,40,2.25,14.0,-65.77,13.8818,-100,91.51,10.2,4.077505,1.258914,2.5706,0.0604
7052,-100,-45.0,40,2.5,3.0,-55.0,0.0,-55,100.0,0.01,4.680408,0.0,0.0089,0.0
7053,-100,-45.0,40,2.5,3.5,,,,100.0,0.0,0.0,0.0,0.0,0.0
7054,-100,-45.0,40,2.5,4.0,-63.25,4.3229,-70,99.98,0.02,5.324762,2.54788,0.0219,0.0
7055,-100,-45.0,40,2.5,4.5,-62.67,5.9628,-71,99.97,0.03,4.357161,0.858974,0.0359,0.0
7056,-100,-45.0,40,2.5,5.0,-61.2,5.1827,-72,99.91,0.11,3.925704,1.149999,0.0764,0.0
7057,-100,-45.0,40,2.5,5.5,-62.75,5.591,-76,99.75,0.3,3.749306,0.71673,0.2086,0.0
7060,-100,-45.0,40,2.5,7.0,-61.67,7.497,-80,98.81,1.42,5.051142,2.296687,0.8071,0.0027
7059,-100,-45.0,40,2.5,6.5,-62.42,6.3293,-85,99.66,0.41,4.377071,1.029311,0.1802,0.0011
7058,-100,-45.0,40,2.5,6.0,-62.54,6.0468,-74,99.74,0.31,5.564967,2.442846,0.1848,0.0002
7061,-100,-45.0,40,2.5,7.5,-62.53,7.8843,-85,98.57,1.72,4.610355,2.84346,0.7802,0.0058
7062,-100,-45.0,40,2.5,8.0,-63.72,8.1753,-89,98.33,2.0,4.158052,1.12951,0.8428,0.0081
7063,-100,-45.0,40,2.5,8.5,-61.22,8.622,-91,97.0,3.6,4.053472,0.978382,1.6684,0.0117
7064,-100,-45.0,40,2.5,9.0,-61.71,9.0898,-87,96.34,4.4,4.071706,2.900653,2.8664,0.0114
7065,-100,-45.0,40,2.5,9.5,-62.01,9.2627,-90,95.58,5.31,3.820906,1.318565,1.1346,0.0237
7066,-100,-45.0,40,2.5,10.0,-63.09,10.1157,-100,95.01,6.0,4.484683,1.07856,1.3337,0.0289
7067,-100,-45.0,40,2.5,10.5,-62.77,10.8669,-100,93.91,7.32,3.802776,1.169454,2.4962,0.0315
7068,-100,-45.0,40,2.5,11.0,-63.61,11.425,-98,94.72,6.34,5.209847,1.668162,0.9363,0.0404
7069,-100,-45.0,40,2.5,11.5,-63.31,11.2833,-98,92.02,9.59,3.678016,1.185667,2.6355,0.0447
7075,-100,-45.0,40,2.75,1.0,,,,100.0,0.0,0.0,0.0,0.0,0.0
7076,-100,-45.0,40,2.75,1.5,,,,100.0,0.0,0.0,0.0,0.0,0.0
7072,-100,-45.0,40,2.5,13.0,-62.55,13.1105,-100,89.29,12.85,3.871532,1.68799,2.9895,0.0761
7071,-100,-45.0,40,2.5,12.5,-63.86,12.7833,-100,91.33,10.39,4.115545,1.022499,1.9758,0.0527
7070,-100,-45.0,40,2.5,12.0,-62.12,12.1845,-100,90.7,11.16,3.926954,1.011746,2.5422,0.0586
7073,-100,-45.0,40,2.5,13.5,-63.08,13.6647,-100,89.2,12.97,3.944324,1.510602,4.6257,0.0647
7074,-100,-45.0,40,2.5,14.0,-62.45,13.954,-100,87.99,14.43,4.140497,1.624304,4.7357,0.081
7077,-100,-45.0,40,2.75,2.0,-55.33,0.9428,-56,99.99,0.02,2.61382,0.164525,0.0268,0.0
7078,-100,-45.0,40,2.75,2.5,,,,100.0,0.0,0.0,0.0,0.0,0.0
7079,-100,-45.0,40,2.75,3.0,-57.0,1.5811,-59,99.98,0.02,9.058243,3.860738,0.0262,0.0
7080,-100,-45.0,40,2.75,3.5,-56.88,3.939,-64,99.92,0.09,3.635742,2.17472,0.1201,0.0
7081,-100,-45.0,40,2.75,4.0,-56.71,4.4027,-67,99.77,0.27,2.958116,0.411193,0.2641,0.0
7082,-100,-45.0,40,2.75,4.5,-57.74,4.6925,-68,99.69,0.38,3.639969,1.203841,0.3815,0.0
7083,-100,-45.0,40,2.75,5.0,-58.13,4.5822,-67,99.65,0.42,5.032688,2.135623,0.2009,0.0004
7084,-100,-45.0,40,2.75,5.5,-58.11,5.3556,-71,98.98,1.22,4.349041,1.36585,0.9383,0.0009
7086,-100,-45.0,40,2.75,6.5,-58.78,6.1888,-79,97.79,2.65,4.785685,1.471606,0.9201,0.0076
7085,-100,-45.0,40,2.75,6.0,-58.69,6.6216,-77,98.84,1.4,5.230628,1.810759,0.779,0.0036
7087,-100,-45.0,40,2.75,7.0,-57.42,6.997,-78,96.01,4.79,3.731512,1.121892,3.6438,0.0069
7088,-100,-45.0,40,2.75,7.5,-58.28,7.9767,-82,95.61,5.27,4.042821,2.297245,3.4354,0.0097
7089,-100,-45.0,40,2.75,8.0,-58.15,8.2006,-83,93.74,7.53,4.132747,1.370572,3.2919,0.0208
7090,-100,-45.0,40,2.75,8.5,-59.39,8.5914,-88,94.07,7.12,4.220948,0.938007,2.0617,0.0267
7091,-100,-45.0,40,2.75,9.0,-58.29,9.0709,-90,93.19,8.18,4.73214,1.076232,2.7449,0.0329
7093,-100,-45.0,40,2.75,10.0,-59.37,10.5499,-94,93.25,8.1,6.128241,2.938706,2.6408,0.0177
7092,-100,-45.0,40,2.75,9.5,-59.16,9.7736,-94,91.49,10.21,3.421127,1.068046,4.8852,0.0218
7094,-100,-45.0,40,2.75,10.5,-58.74,10.9348,-96,90.85,10.99,4.798914,1.497557,3.1772,0.0519
7096,-100,-45.0,40,2.75,11.5,-59.5,11.6308,-100,89.19,12.98,4.30388,1.818893,5.0377,0.0584
7095,-100,-45.0,40,2.75,11.0,-58.79,11.3169,-94,88.29,14.06,4.041188,1.27809,4.9411,0.0521
7098,-100,-45.0,40,2.75,12.5,-59.21,12.4854,-100,86.05,16.77,3.913977,1.591265,3.8992,0.0819
7099,-100,-45.0,40,2.75,13.0,-59.33,13.1847,-100,86.81,15.82,4.278269,1.305705,3.1066,0.0922
7097,-100,-45.0,40,2.75,12.0,-59.68,12.045,-100,87.4,15.13,4.093406,1.541731,5.1935,0.0756
7102,-100,-45.0,40,3.0,1.0,-54.0,0.0,-54,100.0,0.01,2.734836,0.0,0.009,0.0
7100,-100,-45.0,40,2.75,13.5,-59.92,13.7953,-100,84.86,18.17,3.913436,1.105552,0.7586,0.1412
7103,-100,-45.0,40,3.0,1.5,-53.6,2.0591,-56,99.98,0.03,6.056211,1.221101,0.0246,0.0
7101,-100,-45.0,40,2.75,14.0,-59.3,14.0037,-100,83.14,20.25,3.773538,0.966933,4.6764,0.1019
7104,-100,-45.0,40,3.0,2.0,-53.75,2.1065,-56,99.96,0.04,3.710986,0.979331,0.0461,0.0
7105,-100,-45.0,40,3.0,2.5,-53.73,2.5018,-58,99.85,0.18,5.26452,2.854475,0.156,0.0
7106,-100,-45.0,40,3.0,3.0,-54.32,3.1347,-61,99.82,0.22,4.343343,1.314778,0.1612,0.0
7107,-100,-45.0,40,3.0,3.5,-53.52,3.7714,-67,99.31,0.82,4.594318,1.737536,0.8153,0.0002
7108,-100,-45.0,40,3.0,4.0,-53.58,4.2122,-65,97.64,2.84,3.01909,0.377215,2.6434,0.0009
7110,-100,-45.0,40,3.0,5.0,-52.85,5.1846,-71,95.35,5.58,3.16939,1.379212,4.3501,0.002
7109,-100,-45.0,40,3.0,4.5,-55.25,4.7606,-68,98.44,1.87,4.765272,0.923775,1.0796,0.0038
7111,-100,-45.0,40,3.0,5.5,-54.14,5.8101,-72,95.62,5.27,4.67502,1.482463,3.2829,0.0049
7112,-100,-45.0,40,3.0,6.0,-54.82,6.1988,-76,94.59,6.5,4.574737,1.840748,3.5468,0.0121
7113,-100,-45.0,40,3.0,6.5,-54.55,6.9326,-83,94.98,6.02,6.141792,3.101114,3.2425,0.0191
7114,-100,-45.0,40,3.0,7.0,-55.3,7.0648,-76,92.46,9.05,3.90698,1.960604,4.378,0.0322
7115,-100,-45.0,40,3.0,7.5,-54.75,7.7656,-83,89.72,12.34,3.707051,1.58278,6.6232,0.0171
7116,-100,-45.0,40,3.0,8.0,-55.22,8.2992,-86,88.18,14.2,3.246548,0.870779,6.02,0.0613
7117,-100,-45.0,40,3.0,8.5,-54.59,8.6889,-86,87.52,14.99,3.843797,1.52609,5.6589,0.0738
7118,-100,-45.0,40,3.0,9.0,-54.9,9.3919,-88,86.0,16.8,3.68266,1.373152,6.6028,0.0333
7119,-100,-45.0,40,3.0,9.5,-55.47,9.6161,-92,85.74,17.12,3.741439,1.208379,4.9785,0.0577
7122,-100,-45.0,40,3.0,11.0,-55.87,11.3633,-100,86.46,16.27,4.705677,2.152234,7.4535,0.0673
7120,-100,-45.0,40,3.0,10.0,-55.06,10.3452,-92,83.39,19.95,3.708327,0.955405,3.6823,0.1063
7123,-100,-45.0,40,3.0,11.5,-55.22,11.792,-97,82.05,21.56,3.527628,1.371083,9.0151,0.0729
7121,-100,-45.0,40,3.0,10.5,-54.53,11.0931,-90,85.6,17.29,4.327968,1.069965,3.6777,0.0759
7124,-100,-45.0,40,3.0,12.0,-54.29,12.0989,-100,79.25,24.92,2.760393,0.50006,3.8156,0.1588
7125,-100,-45.0,40,3.0,12.5,-55.78,12.5987,-100,77.0,27.61,2.873582,0.528877,4.1188,0.1704
7126,-100,-45.0,40,3.0,13.0,-55.64,13.1441,-100,81.83,21.8,3.692469,1.09896,5.8291,0.0907
7129,-100,-45.0,40,3.25,1.0,-48.83,1.444,-53,98.91,1.31,4.340941,1.259932,1.3211,0.0
7127,-100,-45.0,40,3.0,13.5,-56.29,13.5004,-100,79.39,24.73,3.455854,1.289373,6.4304,0.1324
7128,-100,-45.0,40,3.0,14.0,-55.37,14.0257,-100,78.73,25.57,3.534051,1.575734,8.7711,0.123
7130,-100,-45.0,40,3.25,1.5,-49.86,1.9659,-59,99.15,1.02,4.774962,1.031453,0.973,0.0002
7131,-100,-45.0,40,3.25,2.0,-50.11,2.1414,-55,98.72,1.53,4.692965,1.436779,1.3289,0.0002
7132,-100,-45.0,40,3.25,2.5,-50.41,2.9229,-63,98.18,2.18,4.903265,1.071336,1.8685,0.0004
7133,-100,-45.0,40,3.25,3.0,-50.42,3.2186,-63,95.2,5.77,4.21198,1.296816,3.7392,0.0002
7134,-100,-45.0,40,3.25,3.5,-49.09,3.8795,-63,93.01,8.4,4.200814,2.188092,8.1993,0.004
7136,-100,-45.0,40,3.25,4.5,-49.99,4.8987,-65,89.7,12.35,3.493531,1.379794,9.1831,0.0056
7135,-100,-45.0,40,3.25,4.0,-49.66,4.428,-65,89.35,12.78,3.41487,1.313831,9.0503,0.0139
7137,-100,-45.0,40,3.25,5.0,-50.33,5.3909,-75,87.96,14.47,2.917806,0.65374,8.8621,0.0177
7138,-100,-45.0,40,3.25,5.5,-50.92,6.0567,-72,87.37,15.16,3.738417,1.387991,7.5601,0.0541
7139,-100,-45.0,40,3.25,6.0,-51.14,6.339,-72,86.31,16.43,3.932424,1.486279,6.0712,0.0322
7140,-100,-45.0,40,3.25,6.5,-50.64,6.9843,-75,82.95,20.48,3.194064,1.183527,10.2643,0.042
7141,-100,-45.0,40,3.25,7.0,-51.36,7.3958,-78,85.33,17.6,3.638323,1.568766,9.3969,0.0608
7142,-100,-45.0,40,3.25,7.5,-51.45,8.1047,-82,81.75,21.93,3.249604,1.074715,9.093,0.0716
7145,-100,-45.0,40,3.25,9.0,-51.65,9.3118,-95,81.79,21.87,3.672591,1.544148,10.1226,0.0884
7143,-100,-45.0,40,3.25,8.0,-50.67,8.2674,-77,81.71,21.95,3.540981,1.437867,9.8895,0.0707
7144,-100,-45.0,40,3.25,8.5,-52.59,8.8639,-91,83.89,19.35,4.06266,1.170318,1.9256,0.1334
7146,-100,-45.0,40,3.25,9.5,-52.65,9.6606,-90,80.2,23.78,3.406544,1.797382,4.3594,0.1195
7147,-100,-45.0,40,3.25,10.0,-52.7,10.0285,-89,79.54,24.58,3.588088,1.788318,6.6449,0.1045
7148,-100,-45.0,40,3.25,10.5,-51.95,10.7512,-89,79.02,25.19,3.44274,1.310503,7.4191,0.1048
7149,-100,-45.0,40,3.25,11.0,-51.41,11.0331,-94,76.75,27.91,3.326538,1.103404,5.3577,0.1598
7150,-100,-45.0,40,3.25,11.5,-51.81,11.9399,-96,77.17,27.4,3.40834,1.781068,10.357,0.1262
7151,-100,-45.0,40,3.25,12.0,-51.44,12.1515,-99,73.28,32.07,2.898641,1.057317,8.5062,0.1778
7152,-100,-45.0,40,3.25,12.5,-52.33,13.0863,-100,75.3,29.68,3.13163,0.930308,5.3325,0.1852
7153,-100,-45.0,40,3.25,13.0,-53.09,13.0406,-99,75.56,29.34,3.256322,0.955206,5.159,0.1571
7157,-100,-45.0,40,3.5,1.5,-47.38,1.7099,-56,93.4,7.92,4.449437,1.792444,6.5226,0.0007
7154,-100,-45.0,40,3.25,13.5,-51.99,13.6207,-100,75.19,29.8,3.156614,0.963051,5.2881,0.1629
7155,-100,-45.0,40,3.25,14.0,-52.36,14.13,-100,75.03,29.97,3.211968,0.985041,5.6562,0.1787
7156,-100,-45.0,40,3.5,1.0,-45.33,1.4512,-53,81.18,22.61,2.209495,0.82708,17.3267,0.0002
7160,-100,-45.0,40,3.5,3.0,-47.92,3.4945,-61,89.46,12.66,4.83283,2.448308,5.6952,0.0318
7158,-100,-45.0,40,3.5,2.0,-45.58,2.4182,-57,83.49,19.85,3.051052,1.70928,14.4597,0.0029
7159,-100,-45.0,40,3.5,2.5,-46.27,2.9803,-57,82.57,20.92,2.453118,1.119483,16.8965,0.0051
7161,-100,-45.0,40,3.5,3.5,-47.2,3.8555,-63,79.53,24.56,3.108091,1.652243,12.3439,0.0691
7162,-100,-45.0,40,3.5,4.0,-47.28,4.402,-64,83.33,20.02,3.248838,1.779288,14.6517,0.0195
7164,-100,-45.0,40,3.5,5.0,-47.87,5.4672,-68,80.81,23.05,3.277402,1.493101,11.7827,0.0682
7163,-100,-45.0,40,3.5,4.5,-47.14,5.0443,-65,81.09,22.7,3.313669,2.495703,13.2488,0.0393
7165,-100,-45.0,40,3.5,5.5,-48.92,5.9208,-68,81.72,21.95,3.773816,1.835078,9.0662,0.0897
7166,-100,-45.0,40,3.5,6.0,-48.18,6.5056,-78,77.31,27.23,3.11539,1.006166,5.6474,0.1409
7168,-100,-45.0,40,3.5,7.0,-48.16,7.5607,-75,73.84,31.37,2.862155,1.107047,10.1147,0.1603
7169,-100,-45.0,40,3.5,7.5,-47.55,7.8874,-77,73.4,31.92,2.962326,1.60271,11.3953,0.1062
7167,-100,-45.0,40,3.5,6.5,-48.62,6.9445,-73,74.79,30.22,2.867036,0.96053,7.5748,0.1684
7171,-100,-45.0,40,3.5,8.5,-47.28,8.6443,-86,69.82,36.24,2.650621,1.929773,17.8659,0.1174
7170,-100,-45.0,40,3.5,8.0,-47.83,8.2782,-79,70.3,35.67,2.642472,1.282375,11.6921,0.16
7172,-100,-45.0,40,3.5,9.0,-48.14,9.5795,-86,73.47,31.85,3.100004,1.565818,10.5954,0.1659
7173,-100,-45.0,40,3.5,9.5,-47.69,9.6446,-87,71.03,34.8,2.747124,1.252379,11.3361,0.1617
7175,-100,-45.0,40,3.5,10.5,-48.24,10.9389,-92,70.14,35.85,2.705023,1.06487,9.0809,0.1658
7176,-100,-45.0,40,3.5,11.0,-47.7,11.2757,-88,67.23,39.36,2.541675,1.082117,11.1721,0.2322
7174,-100,-45.0,40,3.5,10.0,-47.65,10.5971,-84,67.92,38.55,2.479345,1.121282,12.6114,0.1799
7177,-100,-45.0,40,3.5,11.5,-48.05,11.803,-90,66.54,40.22,2.444023,0.885204,8.1847,0.2575
7180,-100,-45.0,40,3.5,13.0,-48.04,13.2492,-100,72.07,33.54,3.008026,1.652118,13.5454,0.1499
7178,-100,-45.0,40,3.5,12.0,-47.65,12.3173,-96,64.45,42.67,2.287057,0.899617,9.9555,0.2559
7179,-100,-45.0,40,3.5,12.5,-47.74,12.8561,-93,66.67,40.01,2.496569,0.813135,5.6445,0.2517
7182,-100,-45.0,40,3.5,14.0,-47.64,14.171,-100,66.8,39.85,2.503628,1.893393,14.8528,0.1058
7181,-100,-45.0,40,3.5,13.5,-48.19,13.7654,-97,65.35,41.59,2.33792,1.202363,12.5273,0.1839
7184,-100,-45.0,40,3.75,1.5,-42.66,2.3845,-53,55.94,52.88,1.123079,1.564119,39.0618,0.0409
7183,-100,-45.0,40,3.75,1.0,-43.43,1.6414,-52,56.29,52.46,1.005015,0.76173,35.6227,0.0116
7188,-100,-45.0,40,3.75,3.5,-44.76,4.1597,-60,70.69,35.21,2.514245,1.612036,16.0997,0.1008
7187,-100,-45.0,40,3.75,3.0,-44.15,3.7555,-60,67.51,39.02,2.105115,1.242532,17.1209,0.1046
7186,-100,-45.0,40,3.75,2.5,-43.41,3.0321,-57,57.07,51.51,1.236732,1.154209,34.8184,0.0477
7185,-100,-45.0,40,3.75,2.0,-42.28,3.0009,-55,48.03,62.44,1.046045,1.045496,34.9008,0.083
7189,-100,-45.0,40,3.75,4.0,-44.08,4.7774,-61,59.63,48.54,1.608627,1.278908,26.3015,0.1121
7191,-100,-45.0,40,3.75,5.0,-44.38,5.5445,-68,56.83,51.81,1.713006,1.067622,20.3186,0.2159
7190,-100,-45.0,40,3.75,4.5,-42.25,5.3342,-64,55.48,53.43,1.450085,1.824882,35.7215,0.0983
7192,-100,-45.0,40,3.75,5.5,-42.72,6.4613,-71,55.72,53.16,1.705625,1.660538,27.7826,0.1284
7193,-100,-45.0,40,3.75,6.0,-44.42,6.6023,-71,60.5,47.4,1.995036,1.088281,14.1767,0.178
7194,-100,-45.0,40,3.75,6.5,-43.73,7.1221,-71,53.33,55.99,1.598971,1.12893,23.784,0.1791
7195,-100,-45.0,40,3.75,7.0,-44.7,7.4419,-72,63.06,44.31,2.229337,0.9514,8.6015,0.2467
7196,-100,-45.0,40,3.75,7.5,-45.29,7.9408,-78,63.19,44.19,2.205054,1.04139,10.7583,0.2029
7200,-100,-45.0,40,3.75,9.5,-45.5,9.8914,-82,70.48,35.44,2.924337,1.492572,10.1094,0.1962
7197,-100,-45.0,40,3.75,8.0,-44.45,8.4943,-83,58.56,49.8,1.947482,1.0481,13.3985,0.2172
7198,-100,-45.0,40,3.75,8.5,-45.77,8.9286,-78,63.84,43.4,2.280852,0.735269,3.9094,0.2926
7199,-100,-45.0,40,3.75,9.0,-44.61,9.2528,-76,59.18,49.0,1.987541,0.821774,10.1361,0.2932
7201,-100,-45.0,40,3.75,10.0,-44.55,10.2145,-83,56.93,51.65,1.870706,1.214709,18.3138,0.2221
7202,-100,-45.0,40,3.75,10.5,-44.12,10.8498,-82,58.56,49.76,1.945428,1.184676,17.1749,0.2393
7204,-100,-45.0,40,3.75,11.5,-44.02,11.7779,-89,55.99,52.87,1.827874,1.100066,15.7308,0.2444
7205,-100,-45.0,40,3.75,12.0,-44.99,12.2733,-93,57.08,51.58,1.887114,0.866001,11.4546,0.323
7203,-100,-45.0,40,3.75,11.0,-44.29,11.6039,-87,55.93,52.92,1.779778,0.82373,13.4848,0.3109
7206,-100,-45.0,40,3.75,12.5,-45.12,12.9365,-91,67.02,39.61,2.549283,1.123644,8.2953,0.2249
7207,-100,-45.0,40,3.75,13.0,-44.32,13.3019,-96,62.11,45.44,2.182628,1.198131,15.3761,0.2519
7208,-100,-45.0,40,3.75,13.5,-44.75,13.4727,-91,57.49,51.04,1.912541,0.831676,9.1857,0.2999
7209,-100,-45.0,40,3.75,14.0,-44.76,14.3021,-100,58.06,50.28,1.934147,1.064841,15.6109,0.2532
7210,-100,-45.0,40,4.0,1.0,-40.27,2.716,-53,30.6,83.31,0.795162,0.885861,33.3376,0.268
7211,-100,-45.0,40,4.0,1.5,-40.77,2.6979,-50,25.85,89.1,0.798043,0.747983,26.5604,0.3438
7213,-100,-45.0,40,4.0,2.5,-40.58,3.5942,-54,33.4,79.93,0.993229,1.111563,29.738,0.1493
7214,-100,-45.0,40,4.0,3.0,-39.87,3.8845,-58,34.65,78.47,0.909816,1.415451,39.1569,0.1459
7212,-100,-45.0,40,4.0,2.0,-40.72,3.29,-53,24.15,91.02,0.819473,0.648819,21.3794,0.4893
7215,-100,-45.0,40,4.0,3.5,-39.4,4.8129,-60,35.76,77.17,0.970691,1.191482,32.9494,0.2004
7216,-100,-45.0,40,4.0,4.0,-40.81,4.6446,-61,28.1,86.35,0.89275,0.745348,23.5823,0.4228
7217,-100,-45.0,40,4.0,4.5,-41.07,5.2124,-61,39.44,72.62,1.139038,1.058724,29.5135,0.2935
7219,-100,-45.0,40,4.0,5.5,-40.34,6.6011,-67,38.17,74.31,1.14511,0.856806,23.3534,0.3177
7218,-100,-45.0,40,4.0,5.0,-39.63,5.8221,-60,31.49,82.27,0.916734,1.103084,34.0614,0.2215
7220,-100,-45.0,40,4.0,6.0,-41.0,6.8032,-68,40.8,71.04,1.25358,0.747564,17.725,0.3635
7221,-100,-45.0,40,4.0,6.5,-40.99,7.1091,-69,39.04,73.15,1.195048,0.755031,18.3332,0.4169
7222,-100,-45.0,40,4.0,7.0,-40.9,7.494,-71,42.01,69.63,1.301462,0.95408,18.5092,0.246
7223,-100,-45.0,40,4.0,7.5,-40.56,8.2572,-71,46.09,64.68,1.428772,0.86555,16.97,0.3268
7225,-100,-45.0,40,4.0,8.5,-40.56,8.7108,-77,48.54,61.8,1.516251,1.147807,22.5937,0.2541
7224,-100,-45.0,40,4.0,8.0,-40.73,8.4887,-77,38.43,73.8,1.190111,0.708043,16.73,0.3774
7226,-100,-45.0,40,4.0,9.0,-40.42,9.3829,-77,38.47,73.86,1.176204,0.911382,24.0441,0.2943
7227,-100,-45.0,40,4.0,9.5,-40.32,10.0101,-78,47.48,62.97,1.455023,1.187632,25.1348,0.2498
7228,-100,-45.0,40,4.0,10.0,-41.63,10.2854,-76,52.92,56.54,1.714943,1.224297,15.5294,0.1881
7229,-100,-45.0,40,4.0,10.5,-40.66,11.1343,-81,49.82,60.27,1.561488,0.837019,12.1328,0.2714
7230,-100,-45.0,40,4.0,11.0,-41.82,11.5429,-85,56.05,52.79,1.852802,0.992941,11.6395,0.2391
7231,-100,-45.0,40,4.0,11.5,-40.18,11.7162,-86,54.24,54.9,1.725472,1.647195,28.7994,0.1843
7232,-100,-45.0,40,4.0,12.0,-41.7,12.4915,-88,50.56,59.36,1.602136,1.027139,16.5223,0.2626
7233,-100,-45.0,40,4.0,12.5,-40.19,12.8835,-85,45.2,65.88,1.397649,1.062948,22.7996,0.2275
7234,-100,-45.0,40,4.0,13.0,-41.79,13.2728,-89,48.78,61.48,1.533514,0.779245,12.6895,0.336
7236,-100,-45.0,40,4.0,14.0,-40.61,14.4391,-96,44.17,67.02,1.3624,0.742122,15.2333,0.3789
7235,-100,-45.0,40,4.0,13.5,-41.06,14.1263,-100,49.38,60.82,1.566679,0.676248,7.0685,0.4174
7237,-100,-45.0,40,4.25,1.0,-37.71,4.0715,-47,12.39,105.18,0.601576,0.44339,12.5113,0.6336
7240,-100,-45.0,40,4.25,2.5,-38.11,4.1097,-51,10.92,107.04,0.5905,0.406976,9.6923,0.7078
7238,-100,-45.0,40,4.25,1.5,-37.86,3.9692,-48,6.83,111.88,0.499983,0.327385,6.0033,0.8483
7241,-100,-45.0,40,4.25,3.0,-38.27,4.13,-54,16.48,100.26,0.665324,0.57399,19.5744,0.4559
7239,-100,-45.0,40,4.25,2.0,-37.43,3.9651,-49,9.49,108.68,0.545027,0.382673,10.8343,0.7421
7242,-100,-45.0,40,4.25,3.5,-37.7,4.9387,-55,12.89,104.7,0.626853,0.440311,12.8505,0.6403
7243,-100,-45.0,40,4.25,4.0,-37.53,5.1225,-58,10.51,107.49,0.588726,0.403038,11.8517,0.6635
7244,-100,-45.0,40,4.25,4.5,-37.48,5.7857,-59,13.5,103.85,0.644801,0.407709,11.6281,0.6917
7245,-100,-45.0,40,4.25,5.0,-37.39,6.0,-63,18.45,97.92,0.704905,0.579138,19.5913,0.4579
7246,-100,-45.0,40,4.25,5.5,-37.5,6.1984,-63,19.4,96.85,0.721126,0.569358,19.9848,0.5076
7248,-100,-45.0,40,4.25,6.5,-36.99,7.4451,-66,22.79,92.7,0.80148,0.572536,16.553,0.5808
7247,-100,-45.0,40,4.25,6.0,-37.6,6.7582,-63,23.06,92.38,0.799466,0.681601,21.5824,0.3899
7249,-100,-45.0,40,4.25,7.0,-37.69,7.4717,-67,17.57,98.85,0.730004,0.475785,14.7628,0.6393
7253,-100,-45.0,40,4.25,9.0,-38.13,9.7795,-75,28.9,85.32,0.968795,0.537178,12.1467,0.5939
7250,-100,-45.0,40,4.25,7.5,-36.84,8.0737,-70,23.62,91.76,0.794219,0.699523,23.8189,0.4088
7252,-100,-45.0,40,4.25,8.5,-37.51,9.0696,-74,25.37,89.58,0.886047,0.772658,22.6035,0.3113
7251,-100,-45.0,40,4.25,8.0,-37.68,8.5327,-70,24.21,91.04,0.83561,0.548828,15.6633,0.5823
7254,-100,-45.0,40,4.25,9.5,-37.57,10.1173,-78,32.17,81.34,1.032779,0.827423,22.2924,0.2997
7255,-100,-45.0,40,4.25,10.0,-36.78,10.7056,-78,26.11,88.66,0.874029,0.615107,19.439,0.4857
7256,-100,-45.0,40,4.25,10.5,-36.82,10.9684,-79,25.99,88.88,0.874755,0.618235,19.8384,0.477
7257,-100,-45.0,40,4.25,11.0,-37.41,11.3655,-83,31.42,82.28,1.030977,0.706049,18.0641,0.3549
7258,-100,-45.0,40,4.25,11.5,-37.32,12.0484,-84,28.78,85.55,0.971292,0.588205,14.3093,0.4349
7259,-100,-45.0,40,4.25,12.0,-36.19,12.5465,-100,33.98,79.27,1.049345,1.040661,28.136,0.2438
7260,-100,-45.0,40,4.25,12.5,-38.09,13.0345,-93,33.46,79.86,1.082772,0.527711,8.2904,0.5422
7261,-100,-45.0,40,4.25,13.0,-37.39,13.3697,-90,39.71,72.36,1.234445,0.779747,18.1922,0.3713
7262,-100,-45.0,40,4.25,13.5,-37.51,13.9147,-96,33.06,80.35,1.071989,0.590858,13.023,0.4753
7263,-100,-45.0,40,4.25,14.0,-37.16,14.2268,-96,39.04,73.18,1.205567,0.761016,18.4774,0.3931
7264,-100,-45.0,40,4.5,1.0,-34.18,3.9989,-43,1.42,118.3,0.38974,0.209365,0.2934,0.9807
7265,-100,-45.0,40,4.5,1.5,-35.35,3.7787,-46,0.98,118.99,0.387977,0.205409,0.5854,0.9799
7266,-100,-45.0,40,4.5,2.0,-34.77,4.5551,-48,1.95,117.72,0.389053,0.218044,1.9929,0.9437
7267,-100,-45.0,40,4.5,2.5,-33.86,4.0786,-48,2.11,117.49,0.415067,0.232035,1.1415,0.9607
7269,-100,-45.0,40,4.5,3.5,-34.22,5.1627,-51,10.86,106.93,0.581971,0.419167,11.1909,0.6981
7268,-100,-45.0,40,4.5,3.0,-34.31,4.7507,-50,3.73,115.7,0.481295,0.279383,2.4989,0.9177
7272,-100,-45.0,40,4.5,5.0,-34.2,6.1681,-58,11.91,105.7,0.616918,0.411748,9.7145,0.7586
7270,-100,-45.0,40,4.5,4.0,-34.86,5.5784,-57,3.65,115.53,0.450224,0.276503,4.384,0.8777
7271,-100,-45.0,40,4.5,4.5,-34.76,5.6408,-60,6.25,112.43,0.537717,0.311572,5.5014,0.8438
7273,-100,-45.0,40,4.5,5.5,-34.0,6.8384,-59,7.58,111.0,0.560564,0.348398,6.8946,0.7919
7274,-100,-45.0,40,4.5,6.0,-33.92,7.1994,-63,7.28,111.38,0.540261,0.336362,6.4547,0.8089
7275,-100,-45.0,40,4.5,6.5,-34.45,7.4003,-63,10.2,107.85,0.59937,0.377089,6.1002,0.8051
7277,-100,-45.0,40,4.5,7.5,-34.49,8.2354,-70,8.48,109.91,0.585537,0.340034,6.2169,0.8105
7276,-100,-45.0,40,4.5,7.0,-34.44,7.6657,-67,7.44,111.09,0.568863,0.325075,4.0739,0.8745
7278,-100,-45.0,40,4.5,8.0,-34.39,8.5567,-69,20.22,95.74,0.723793,0.649947,22.1294,0.4123
7279,-100,-45.0,40,4.5,8.5,-34.58,9.2645,-68,16.99,99.74,0.7144,0.507224,15.8344,0.5488
7280,-100,-45.0,40,4.5,9.0,-33.94,9.7405,-75,16.42,100.37,0.729932,0.458801,12.2789,0.6369
7281,-100,-45.0,40,4.5,9.5,-34.37,10.1166,-73,14.97,102.01,0.689583,0.411229,6.9108,0.7738
7282,-100,-45.0,40,4.5,10.0,-34.32,10.3534,-71,21.3,94.4,0.75603,0.577627,18.7191,0.4873
7284,-100,-45.0,40,4.5,11.0,-34.99,11.6004,-81,20.34,95.64,0.80345,0.451181,8.201,0.6521
7283,-100,-45.0,40,4.5,10.5,-33.69,11.4169,-77,16.62,100.07,0.7302,0.422736,9.2992,0.6834
7285,-100,-45.0,40,4.5,11.5,-34.92,11.9242,-85,21.38,94.33,0.810705,0.507091,14.0182,0.5984
7286,-100,-45.0,40,4.5,12.0,-34.13,12.4728,-82,19.76,96.32,0.768102,0.474966,12.767,0.6213
7290,-100,-45.0,40,4.5,14.0,-33.19,14.3538,-100,28.52,85.79,0.944852,0.71945,21.2777,0.3888
7287,-100,-45.0,40,4.5,12.5,-34.58,12.8687,-85,22.01,93.63,0.827255,0.491303,12.7826,0.5953
7289,-100,-45.0,40,4.5,13.5,-33.62,13.7587,-85,22.29,93.32,0.834741,0.489011,12.8891,0.6098
7288,-100,-45.0,40,4.5,13.0,-34.58,13.4781,-92,20.76,95.23,0.796468,0.532232,16.1055,0.5725
7291,-100,-45.0,40,4.75,1.0,-30.64,4.5515,-41,4.25,115.02,0.479171,0.290732,3.4351,0.898
7292,-100,-45.0,40,4.75,1.5,-30.86,4.0255,-42,2.89,116.57,0.421727,0.255368,3.574,0.9004
7293,-100,-45.0,40,4.75,2.0,-30.45,4.4736,-44,6.98,111.63,0.513943,0.3343,6.4394,0.8438
7294,-100,-45.0,40,4.75,2.5,-30.94,4.8346,-45,5.73,113.11,0.488547,0.322665,5.3536,0.8519
7295,-100,-45.0,40,4.75,3.0,-30.35,4.5692,-46,2.74,116.74,0.439085,0.255712,3.7421,0.8985
7296,-100,-45.0,40,4.75,3.5,-30.44,5.4058,-47,1.2,118.71,0.403188,0.22043,0.6811,0.9767
7297,-100,-45.0,40,4.75,4.0,-31.27,5.1407,-50,2.57,117.03,0.439808,0.249061,1.6448,0.9501
7298,-100,-45.0,40,4.75,4.5,-30.68,6.2927,-52,4.71,114.5,0.490158,0.293353,2.4848,0.9306
7299,-100,-45.0,40,4.75,5.0,-30.56,6.7299,-54,2.79,116.56,0.453486,0.26287,3.7917,0.8965
7300,-100,-45.0,40,4.75,5.5,-31.06,7.1583,-55,14.03,103.38,0.686287,0.47639,14.4939,0.6555
7301,-100,-45.0,40,4.75,6.0,-30.92,7.5221,-58,11.28,106.6,0.583454,0.4224,10.731,0.7244
7302,-100,-45.0,40,4.75,6.5,-31.08,7.4838,-60,5.31,113.73,0.500477,0.298895,5.119,0.8564
7303,-100,-45.0,40,4.75,7.0,-31.12,8.0465,-62,6.11,112.68,0.504685,0.319579,6.315,0.8309
7304,-100,-45.0,40,4.75,7.5,-31.26,8.9769,-66,6.4,112.49,0.530839,0.311462,5.7961,0.8409
7305,-100,-45.0,40,4.75,8.0,-30.7,8.9489,-69,5.57,113.42,0.515933,0.309695,3.8699,0.887
7306,-100,-45.0,40,4.75,8.5,-30.82,9.4535,-67,6.85,111.82,0.539904,0.323776,3.9465,0.8758
7307,-100,-45.0,40,4.75,9.0,-30.21,9.9286,-67,8.1,110.23,0.579952,0.370694,11.2144,0.696
7308,-100,-45.0,40,4.75,9.5,-31.07,9.7944,-67,12.97,104.51,0.626704,0.447465,13.7109,0.6159
7309,-100,-45.0,40,4.75,10.0,-30.96,10.6627,-77,9.55,108.54,0.604215,0.363494,6.9969,0.8103
7310,-100,-45.0,40,4.75,10.5,-30.74,11.0344,-73,18.89,97.47,0.709478,0.52871,16.832,0.5633
7311,-100,-45.0,40,4.75,11.0,-31.44,11.9593,-77,13.91,103.46,0.68367,0.418705,8.7006,0.7532
7312,-100,-45.0,40,4.75,11.5,-31.15,12.3612,-81,11.13,106.71,0.653438,0.357895,1.8407,0.8629
7313,-100,-45.0,40,4.75,12.0,-30.34,12.6977,-76,13.12,104.33,0.636663,0.417626,9.9221,0.7235
7314,-100,-45.0,40,4.75,12.5,-29.92,13.0399,-76,13.2,104.27,0.665436,0.42675,11.1748,0.6957
7315,-100,-45.0,40,4.75,13.0,-30.18,13.6747,-86,15.69,101.26,0.686245,0.542852,18.316,0.4826
7316,-100,-45.0,40,4.75,13.5,-30.85,14.0937,-90,18.02,98.41,0.746932,0.474055,12.2975,0.5985
7317,-100,-45.0,40,4.75,14.0,-30.73,14.562,-93,17.06,99.64,0.714595,0.487741,15.549,0.6132
7318,-100,-45.0,40,5.0,1.0,-26.99,4.1455,-36,1.39,118.35,0.386164,0.207296,0.7364,0.9728
7319,-100,-45.0,40,5.0,1.5,-27.28,4.2604,-38,3.11,116.29,0.450113,0.265343,3.5828,0.8984
7320,-100,-45.0,40,5.0,2.0,-27.51,4.7303,-41,8.21,110.24,0.51215,0.384736,10.5094,0.721
7321,-100,-45.0,40,5.0,2.5,-27.95,4.7649,-42,8.48,109.88,0.518319,0.375304,8.6042,0.7714
7323,-100,-45.0,40,5.0,3.5,-27.58,5.4579,-47,2.61,117.01,0.428305,0.248968,1.8542,0.9499
7322,-100,-45.0,40,5.0,3.0,-26.85,5.1742,-43,2.3,117.3,0.424088,0.234329,1.1897,0.966
7324,-100,-45.0,40,5.0,4.0,-27.24,5.5017,-49,1.0,118.86,0.406902,0.203228,0.6566,0.9792
7326,-100,-45.0,40,5.0,5.0,-26.15,6.4713,-50,1.64,118.16,0.39929,0.223678,1.3568,0.957
7325,-100,-45.0,40,5.0,4.5,-27.3,6.1111,-50,3.07,116.48,0.480944,0.271001,3.1541,0.9111
7327,-100,-45.0,40,5.0,5.5,-26.4,6.9983,-52,1.84,117.79,0.415664,0.236155,2.0272,0.9414
7328,-100,-45.0,40,5.0,6.0,-27.35,7.0218,-54,4.02,115.26,0.462282,0.277476,3.34,0.9034
7329,-100,-45.0,40,5.0,6.5,-27.28,7.5564,-57,1.61,118.05,0.433787,0.221042,1.3044,0.96
7330,-100,-45.0,40,5.0,7.0,-27.89,8.6471,-60,10.76,107.13,0.579633,0.411072,10.8938,0.6954
7331,-100,-45.0,40,5.0,7.5,-27.42,8.9979,-59,2.88,116.67,0.455279,0.258176,1.5967,0.951
7332,-100,-45.0,40,5.0,8.0,-26.84,9.1281,-61,5.33,113.75,0.502672,0.306524,4.4154,0.89
7333,-100,-45.0,40,5.0,8.5,-27.28,9.2454,-64,2.83,116.7,0.46219,0.264087,1.4489,0.9461
7334,-100,-45.0,40,5.0,9.0,-27.32,9.9742,-68,6.71,112.04,0.498831,0.335475,8.2355,0.7743
7336,-100,-45.0,40,5.0,10.0,-27.4,10.7149,-73,6.25,112.56,0.503011,0.324999,4.7513,0.8712
7335,-100,-45.0,40,5.0,9.5,-27.87,10.2565,-73,7.73,110.83,0.554212,0.345714,6.3914,0.824
7337,-100,-45.0,40,5.0,10.5,-27.02,11.3006,-69,8.69,109.54,0.564098,0.365654,9.147,0.7396
7338,-100,-45.0,40,5.0,11.0,-27.19,11.6381,-78,5.48,113.5,0.510661,0.308757,6.859,0.8089
7340,-100,-45.0,40,5.0,12.0,-27.44,12.6787,-76,7.8,110.66,0.584292,0.335426,5.0843,0.8338
7345,-100,-40.0,40,1.0,1.0,,,,100.0,0.0,0.0,0.0,0.0,0.0
7339,-100,-45.0,40,5.0,11.5,-27.24,12.1771,-73,6.85,111.87,0.535223,0.327623,3.9941,0.8868
7346,-100,-40.0,40,1.0,1.5,,,,100.0,0.0,0.0,0.0,0.0,0.0
7341,-100,-45.0,40,5.0,12.5,-27.29,13.0967,-78,14.48,102.76,0.662165,0.453451,12.1679,0.6546
7347,-100,-40.0,40,1.0,2.0,,,,100.0,0.0,0.0,0.0,0.0,0.0
7348,-100,-40.0,40,1.0,2.5,,,,100.0,0.0,0.0,0.0,0.0,0.0
7342,-100,-45.0,40,5.0,13.0,-27.24,13.3125,-78,6.93,111.7,0.541831,0.321295,6.0933,0.8296
7349,-100,-40.0,40,1.0,3.0,,,,100.0,0.0,0.0,0.0,0.0,0.0
7350,-100,-40.0,40,1.0,3.5,,,,100.0,0.0,0.0,0.0,0.0,0.0
7343,-100,-45.0,40,5.0,13.5,-26.95,14.0909,-81,12.59,104.91,0.640835,0.479171,16.5305,0.5472
7351,-100,-40.0,40,1.0,4.0,,,,100.0,0.0,0.0,0.0,0.0,0.0
7344,-100,-45.0,40,5.0,14.0,-27.41,14.391,-81,14.72,102.28,0.687403,0.440786,11.6833,0.6804
7352,-100,-40.0,40,1.0,4.5,,,,100.0,0.0,0.0,0.0,0.0,0.0
7353,-100,-40.0,40,1.0,5.0,,,,100.0,0.0,0.0,0.0,0.0,0.0
7354,-100,-40.0,40,1.0,5.5,,,,100.0,0.0,0.0,0.0,0.0,0.0
7356,-100,-40.0,40,1.0,6.5,,,,100.0,0.0,0.0,0.0,0.0,0.0
7357,-100,-40.0,40,1.0,7.0,,,,100.0,0.0,0.0,0.0,0.0,0.0
7355,-100,-40.0,40,1.0,6.0,,,,100.0,0.0,0.0,0.0,0.0,0.0
7358,-100,-40.0,40,1.0,7.5,,,,100.0,0.0,0.0,0.0,0.0,0.0
7359,-100,-40.0,40,1.0,8.0,,,,100.0,0.0,0.0,0.0,0.0,0.0
7360,-100,-40.0,40,1.0,8.5,,,,100.0,0.0,0.0,0.0,0.0,0.0
7362,-100,-40.0,40,1.0,9.5,,,,100.0,0.0,0.0,0.0,0.0,0.0
7364,-100,-40.0,40,1.0,10.5,-86.0,0.0,-86,100.0,0.01,2.357332,0.0,0.0089,0.0
7361,-100,-40.0,40,1.0,9.0,,,,100.0,0.0,0.0,0.0,0.0,0.0
7363,-100,-40.0,40,1.0,10.0,,,,100.0,0.0,0.0,0.0,0.0,0.0
7365,-100,-40.0,40,1.0,11.0,-100.0,0.0,-100,100.0,0.01,3.322973,0.0,0.009,0.0
7366,-100,-40.0,40,1.0,11.5,-100.0,0.0,-100,100.0,0.01,3.274229,0.0,0.009,0.0
7367,-100,-40.0,40,1.0,12.0,-89.0,10.1735,-100,99.98,0.02,3.52611,1.341321,0.0168,0.0
7368,-100,-40.0,40,1.0,12.5,-89.0,10.6145,-97,99.99,0.02,4.361112,2.353745,0.0179,0.0
7369,-100,-40.0,40,1.0,13.0,-84.83,7.8404,-100,99.95,0.06,3.772516,0.82557,0.0483,0.0
7370,-100,-40.0,40,1.0,13.5,-84.59,11.1545,-100,99.9,0.12,3.448806,1.112951,0.0502,0.0004
7371,-100,-40.0,40,1.0,14.0,-80.42,13.7131,-100,99.86,0.17,3.651767,0.960817,0.059,0.0004
7372,-100,-40.0,40,1.25,1.0,,,,100.0,0.0,0.0,0.0,0.0,0.0
7373,-100,-40.0,40,1.25,1.5,,,,100.0,0.0,0.0,0.0,0.0,0.0
7374,-100,-40.0,40,1.25,2.0,,,,100.0,0.0,0.0,0.0,0.0,0.0
7375,-100,-40.0,40,1.25,2.5,,,,100.0,0.0,0.0,0.0,0.0,0.0
7376,-100,-40.0,40,1.25,3.0,,,,100.0,0.0,0.0,0.0,0.0,0.0
7378,-100,-40.0,40,1.25,4.0,,,,100.0,0.0,0.0,0.0,0.0,0.0
7377,-100,-40.0,40,1.25,3.5,,,,100.0,0.0,0.0,0.0,0.0,0.0
7379,-100,-40.0,40,1.25,4.5,,,,100.0,0.0,0.0,0.0,0.0,0.0
7380,-100,-40.0,40,1.25,5.0,,,,100.0,0.0,0.0,0.0,0.0,0.0
7381,-100,-40.0,40,1.25,5.5,,,,100.0,0.0,0.0,0.0,0.0,0.0
7382,-100,-40.0,40,1.25,6.0,,,,100.0,0.0,0.0,0.0,0.0,0.0
7383,-100,-40.0,40,1.25,6.5,,,,100.0,0.0,0.0,0.0,0.0,0.0
7384,-100,-40.0,40,1.25,7.0,,,,100.0,0.0,0.0,0.0,0.0,0.0
7385,-100,-40.0,40,1.25,7.5,,,,100.0,0.0,0.0,0.0,0.0,0.0
7388,-100,-40.0,40,1.25,9.0,-67.0,0.0,-67,100.0,0.01,3.625751,0.0,0.0089,0.0
7387,-100,-40.0,40,1.25,8.5,,,,100.0,0.0,0.0,0.0,0.0,0.0
7386,-100,-40.0,40,1.25,8.0,,,,100.0,0.0,0.0,0.0,0.0,0.0
7390,-100,-40.0,40,1.25,10.0,,,,100.0,0.0,0.0,0.0,0.0,0.0
7389,-100,-40.0,40,1.25,9.5,-65.0,0.0,-65,100.0,0.01,5.672867,0.0,0.0089,0.0
7391,-100,-40.0,40,1.25,10.5,,,,100.0,0.0,0.0,0.0,0.0,0.0
7392,-100,-40.0,40,1.25,11.0,-82.0,10.2307,-95,99.99,0.02,5.164721,2.093439,0.011,0.0
7393,-100,-40.0,40,1.25,11.5,-73.0,12.8841,-87,99.98,0.03,3.826363,0.759242,0.0141,0.0
7394,-100,-40.0,40,1.25,12.0,-82.15,11.7921,-99,99.94,0.07,3.164305,0.614647,0.0503,0.0002
7395,-100,-40.0,40,1.25,12.5,-84.06,10.5299,-100,99.92,0.09,3.678649,1.054181,0.0335,0.0002
7396,-100,-40.0,40,1.25,13.0,-75.41,13.4114,-100,99.86,0.17,3.399514,0.927943,0.0461,0.0009
7397,-100,-40.0,40,1.25,13.5,-82.74,10.7871,-100,99.84,0.19,3.645713,0.987014,0.0663,0.0009
7399,-100,-40.0,40,1.5,1.0,,,,100.0,0.0,0.0,0.0,0.0,0.0
7400,-100,-40.0,40,1.5,1.5,,,,100.0,0.0,0.0,0.0,0.0,0.0
7398,-100,-40.0,40,1.25,14.0,-80.15,12.9807,-100,99.71,0.35,3.131617,0.715624,0.1596,0.0009
7402,-100,-40.0,40,1.5,2.5,,,,100.0,0.0,0.0,0.0,0.0,0.0
7401,-100,-40.0,40,1.5,2.0,,,,100.0,0.0,0.0,0.0,0.0,0.0
7403,-100,-40.0,40,1.5,3.0,,,,100.0,0.0,0.0,0.0,0.0,0.0
7404,-100,-40.0,40,1.5,3.5,,,,100.0,0.0,0.0,0.0,0.0,0.0
7405,-100,-40.0,40,1.5,4.0,,,,100.0,0.0,0.0,0.0,0.0,0.0
7406,-100,-40.0,40,1.5,4.5,,,,100.0,0.0,0.0,0.0,0.0,0.0
7407,-100,-40.0,40,1.5,5.0,,,,100.0,0.0,0.0,0.0,0.0,0.0
7408,-100,-40.0,40,1.5,5.5,,,,100.0,0.0,0.0,0.0,0.0,0.0
7409,-100,-40.0,40,1.5,6.0,,,,100.0,0.0,0.0,0.0,0.0,0.0
7411,-100,-40.0,40,1.5,7.0,,,,100.0,0.0,0.0,0.0,0.0,0.0
7410,-100,-40.0,40,1.5,6.5,,,,100.0,0.0,0.0,0.0,0.0,0.0
7412,-100,-40.0,40,1.5,7.5,,,,100.0,0.0,0.0,0.0,0.0,0.0
7413,-100,-40.0,40,1.5,8.0,,,,100.0,0.0,0.0,0.0,0.0,0.0
7414,-100,-40.0,40,1.5,8.5,,,,100.0,0.0,0.0,0.0,0.0,0.0
7415,-100,-40.0,40,1.5,9.0,,,,100.0,0.0,0.0,0.0,0.0,0.0
7416,-100,-40.0,40,1.5,9.5,-86.5,12.5,-99,99.99,0.01,8.219237,0.421501,0.018,0.0
7417,-100,-40.0,40,1.5,10.0,-73.67,9.8432,-85,99.99,0.02,4.551341,0.742758,0.011,0.0
7418,-100,-40.0,40,1.5,10.5,-79.14,11.5811,-97,99.97,0.04,3.004613,0.625577,0.0335,0.0
7419,-100,-40.0,40,1.5,11.0,-75.91,10.2377,-91,99.95,0.06,3.475261,0.787105,0.0329,0.0002
7420,-100,-40.0,40,1.5,11.5,-77.11,12.2979,-97,99.87,0.15,4.842609,2.145878,0.066,0.0004
7421,-100,-40.0,40,1.5,12.0,-75.66,12.0113,-100,99.8,0.24,3.56833,0.973086,0.1652,0.0007
7423,-100,-40.0,40,1.5,13.0,-77.1,11.2051,-100,99.68,0.38,3.581722,0.987506,0.1981,0.0013
7422,-100,-40.0,40,1.5,12.5,-79.4,12.5549,-100,99.77,0.28,4.078725,1.311757,0.0997,0.0011
7424,-100,-40.0,40,1.5,13.5,-76.57,12.2539,-100,99.59,0.5,3.94821,1.673316,0.2796,0.0016
7425,-100,-40.0,40,1.5,14.0,-76.39,12.6608,-100,99.36,0.76,4.269856,1.617348,0.2905,0.0025
7426,-100,-40.0,40,1.75,1.0,,,,100.0,0.0,0.0,0.0,0.0,0.0
7427,-100,-40.0,40,1.75,1.5,,,,100.0,0.0,0.0,0.0,0.0,0.0
7428,-100,-40.0,40,1.75,2.0,,,,100.0,0.0,0.0,0.0,0.0,0.0
7429,-100,-40.0,40,1.75,2.5,,,,100.0,0.0,0.0,0.0,0.0,0.0
7430,-100,-40.0,40,1.75,3.0,,,,100.0,0.0,0.0,0.0,0.0,0.0
7431,-100,-40.0,40,1.75,3.5,,,,100.0,0.0,0.0,0.0,0.0,0.0
7432,-100,-40.0,40,1.75,4.0,,,,100.0,0.0,0.0,0.0,0.0,0.0
7433,-100,-40.0,40,1.75,4.5,,,,100.0,0.0,0.0,0.0,0.0,0.0
7436,-100,-40.0,40,1.75,6.0,,,,100.0,0.0,0.0,0.0,0.0,0.0
7435,-100,-40.0,40,1.75,5.5,,,,100.0,0.0,0.0,0.0,0.0,0.0
7434,-100,-40.0,40,1.75,5.0,,,,100.0,0.0,0.0,0.0,0.0,0.0
7438,-100,-40.0,40,1.75,7.0,,,,100.0,0.0,0.0,0.0,0.0,0.0
7437,-100,-40.0,40,1.75,6.5,,,,100.0,0.0,0.0,0.0,0.0,0.0
7439,-100,-40.0,40,1.75,7.5,,,,100.0,0.0,0.0,0.0,0.0,0.0
7440,-100,-40.0,40,1.75,8.0,-72.0,0.0,-72,100.0,0.01,4.81803,0.0,0.0089,0.0
7441,-100,-40.0,40,1.75,8.5,,,,100.0,0.0,0.0,0.0,0.0,0.0
7442,-100,-40.0,40,1.75,9.0,-73.67,3.0912,-78,99.99,0.02,3.805929,1.118782,0.011,0.0
7443,-100,-40.0,40,1.75,9.5,-75.25,2.8614,-79,99.98,0.02,3.440867,1.290053,0.0262,0.0
7444,-100,-40.0,40,1.75,10.0,-75.42,8.3312,-86,99.95,0.06,4.381629,2.594126,0.0228,0.0002
7445,-100,-40.0,40,1.75,10.5,-75.76,8.263,-89,99.91,0.11,4.112421,1.493921,0.0624,0.0002
7448,-100,-40.0,40,1.75,12.0,-74.25,9.992,-96,99.46,0.65,3.287573,0.678375,0.2162,0.0031
7447,-100,-40.0,40,1.75,11.5,-73.8,11.923,-99,99.79,0.25,3.944803,1.860001,0.1825,0.0007
7446,-100,-40.0,40,1.75,11.0,-71.23,12.3718,-96,99.81,0.23,3.806269,1.675685,0.1142,0.0011
7449,-100,-40.0,40,1.75,12.5,-72.96,13.421,-100,99.4,0.73,4.088145,2.036074,0.2568,0.0034
7451,-100,-40.0,40,1.75,13.5,-73.35,13.7013,-100,99.07,1.11,4.226608,1.631765,0.3505,0.0058
7450,-100,-40.0,40,1.75,13.0,-72.48,12.1997,-100,99.06,1.13,3.373367,1.05413,0.4108,0.0052
7452,-100,-40.0,40,1.75,14.0,-74.37,12.8398,-100,98.72,1.54,3.526596,1.104103,0.645,0.0056
7453,-100,-40.0,40,2.0,1.0,,,,100.0,0.0,0.0,0.0,0.0,0.0
7454,-100,-40.0,40,2.0,1.5,,,,100.0,0.0,0.0,0.0,0.0,0.0
7455,-100,-40.0,40,2.0,2.0,,,,100.0,0.0,0.0,0.0,0.0,0.0
7456,-100,-40.0,40,2.0,2.5,,,,100.0,0.0,0.0,0.0,0.0,0.0
7457,-100,-40.0,40,2.0,3.0,,,,100.0,0.0,0.0,0.0,0.0,0.0
7460,-100,-40.0,40,2.0,4.5,,,,100.0,0.0,0.0,0.0,0.0,0.0
7459,-100,-40.0,40,2.0,4.0,,,,100.0,0.0,0.0,0.0,0.0,0.0
7458,-100,-40.0,40,2.0,3.5,,,,100.0,0.0,0.0,0.0,0.0,0.0
7461,-100,-40.0,40,2.0,5.0,,,,100.0,0.0,0.0,0.0,0.0,0.0
7462,-100,-40.0,40,2.0,5.5,-63.0,0.0,-63,100.0,0.01,2.50527,0.0,0.0089,0.0
7463,-100,-40.0,40,2.0,6.0,,,,100.0,0.0,0.0,0.0,0.0,0.0
7464,-100,-40.0,40,2.0,6.5,,,,100.0,0.0,0.0,0.0,0.0,0.0
7465,-100,-40.0,40,2.0,7.0,,,,100.0,0.0,0.0,0.0,0.0,0.0
7466,-100,-40.0,40,2.0,7.5,,,,100.0,0.0,0.0,0.0,0.0,0.0
7467,-100,-40.0,40,2.0,8.0,-69.33,11.8977,-81,99.99,0.02,4.444867,0.89247,0.0179,0.0
7468,-100,-40.0,40,2.0,8.5,-75.25,8.1968,-87,99.98,0.02,2.980551,0.384328,0.0261,0.0
7469,-100,-40.0,40,2.0,9.0,-68.29,9.5576,-86,99.94,0.08,4.444982,1.405729,0.0519,0.0
7471,-100,-40.0,40,2.0,10.0,-71.23,10.2843,-100,99.8,0.24,5.307223,2.89459,0.1279,0.0004
7470,-100,-40.0,40,2.0,9.5,-70.25,6.8572,-87,99.89,0.13,4.289874,1.519565,0.067,0.0002
7472,-100,-40.0,40,2.0,10.5,-67.31,9.1749,-87,99.74,0.32,4.768583,1.769245,0.1704,0.0004
7473,-100,-40.0,40,2.0,11.0,-70.7,12.1813,-100,99.59,0.49,4.416326,1.896662,0.3161,0.0009
7474,-100,-40.0,40,2.0,11.5,-70.48,12.2501,-100,99.37,0.75,4.14282,1.033741,0.1917,0.0034
7475,-100,-40.0,40,2.0,12.0,-69.03,11.7826,-100,99.1,1.08,3.91462,0.960512,0.4866,0.0036
7476,-100,-40.0,40,2.0,12.5,-69.95,13.4531,-100,98.81,1.43,4.402589,1.928864,0.7781,0.006
7477,-100,-40.0,40,2.0,13.0,-69.97,13.6117,-100,98.75,1.51,4.417277,2.711519,0.5903,0.0063
7478,-100,-40.0,40,2.0,13.5,-69.0,13.4483,-100,97.78,2.67,4.022332,1.755226,0.7235,0.0105
7479,-100,-40.0,40,2.0,14.0,-69.4,13.1415,-100,97.57,2.92,3.398537,0.824398,0.9899,0.0117
7480,-100,-40.0,40,2.25,1.0,,,,100.0,0.0,0.0,0.0,0.0,0.0
7481,-100,-40.0,40,2.25,1.5,,,,100.0,0.0,0.0,0.0,0.0,0.0
7482,-100,-40.0,40,2.25,2.0,,,,100.0,0.0,0.0,0.0,0.0,0.0
7484,-100,-40.0,40,2.25,3.0,,,,100.0,0.0,0.0,0.0,0.0,0.0
7483,-100,-40.0,40,2.25,2.5,,,,100.0,0.0,0.0,0.0,0.0,0.0
7485,-100,-40.0,40,2.25,3.5,,,,100.0,0.0,0.0,0.0,0.0,0.0
7486,-100,-40.0,40,2.25,4.0,,,,100.0,0.0,0.0,0.0,0.0,0.0
7487,-100,-40.0,40,2.25,4.5,,,,100.0,0.0,0.0,0.0,0.0,0.0
7488,-100,-40.0,40,2.25,5.0,,,,100.0,0.0,0.0,0.0,0.0,0.0
7489,-100,-40.0,40,2.25,5.5,,,,100.0,0.0,0.0,0.0,0.0,0.0
7490,-100,-40.0,40,2.25,6.0,,,,100.0,0.0,0.0,0.0,0.0,0.0
7491,-100,-40.0,40,2.25,6.5,-68.0,0.0,-68,100.0,0.01,5.530707,0.0,0.009,0.0
7492,-100,-40.0,40,2.25,7.0,-64.8,9.3894,-77,99.98,0.03,4.442461,0.75906,0.0347,0.0
7493,-100,-40.0,40,2.25,7.5,-69.0,6.3246,-80,99.97,0.03,6.237172,1.046915,0.0261,0.0
7495,-100,-40.0,40,2.25,8.5,-64.31,8.5262,-82,99.87,0.16,3.92478,1.748125,0.0945,0.0004
7496,-100,-40.0,40,2.25,9.0,-63.9,9.3636,-83,99.65,0.41,3.651192,1.545974,0.2929,0.0004
7494,-100,-40.0,40,2.25,8.0,-62.07,7.4699,-80,99.79,0.25,3.143167,0.814077,0.2331,0.0
7497,-100,-40.0,40,2.25,9.5,-65.97,10.5039,-95,99.58,0.5,4.133617,1.146092,0.2755,0.0002
7498,-100,-40.0,40,2.25,10.0,-66.6,9.6408,-88,99.45,0.66,3.621533,1.102309,0.3229,0.0018
7499,-100,-40.0,40,2.25,10.5,-65.09,10.4583,-94,99.01,1.19,4.325087,1.422459,0.4101,0.0029
7500,-100,-40.0,40,2.25,11.0,-65.66,11.2939,-97,98.52,1.78,3.915868,0.832441,0.7604,0.0072
7501,-100,-40.0,40,2.25,11.5,-66.17,12.5069,-100,97.93,2.48,4.054059,1.40333,0.7853,0.0081
7502,-100,-40.0,40,2.25,12.0,-67.12,12.2821,-100,97.98,2.42,4.207279,0.834268,0.5432,0.0136
7503,-100,-40.0,40,2.25,12.5,-65.96,12.1356,-100,97.62,2.85,4.986012,2.689009,1.2606,0.0139
7504,-100,-40.0,40,2.25,13.0,-67.51,13.0352,-100,97.61,2.87,5.010641,2.275169,1.0974,0.0159
7505,-100,-40.0,40,2.25,13.5,-66.64,12.946,-100,96.32,4.42,4.132954,1.925245,2.0813,0.0132
7507,-100,-40.0,40,2.5,1.0,,,,100.0,0.0,0.0,0.0,0.0,0.0
7506,-100,-40.0,40,2.25,14.0,-65.67,13.5797,-100,95.28,5.67,4.5108,1.179597,0.8594,0.0396
7508,-100,-40.0,40,2.5,1.5,,,,100.0,0.0,0.0,0.0,0.0,0.0
7510,-100,-40.0,40,2.5,2.5,,,,100.0,0.0,0.0,0.0,0.0,0.0
7509,-100,-40.0,40,2.5,2.0,,,,100.0,0.0,0.0,0.0,0.0,0.0
7511,-100,-40.0,40,2.5,3.0,,,,100.0,0.0,0.0,0.0,0.0,0.0
7512,-100,-40.0,40,2.5,3.5,,,,100.0,0.0,0.0,0.0,0.0,0.0
7513,-100,-40.0,40,2.5,4.0,,,,100.0,0.0,0.0,0.0,0.0,0.0
7514,-100,-40.0,40,2.5,4.5,,,,100.0,0.0,0.0,0.0,0.0,0.0
7515,-100,-40.0,40,2.5,5.0,,,,100.0,0.0,0.0,0.0,0.0,0.0
7516,-100,-40.0,40,2.5,5.5,-60.0,0.0,-60,100.0,0.01,1.479461,0.0,0.0089,0.0
7517,-100,-40.0,40,2.5,6.0,-62.67,5.6765,-71,99.97,0.03,4.18585,1.569823,0.0167,0.0
7518,-100,-40.0,40,2.5,6.5,-58.33,4.1366,-65,99.96,0.05,6.267878,1.201948,0.0412,0.0
7520,-100,-40.0,40,2.5,7.5,-61.62,8.2647,-79,99.75,0.3,4.980588,1.545551,0.1279,0.0009
7519,-100,-40.0,40,2.5,7.0,-59.05,6.7859,-75,99.83,0.21,3.080137,0.47281,0.2489,0.0
7521,-100,-40.0,40,2.5,8.0,-61.19,7.921,-84,99.5,0.6,3.640562,2.435157,0.4387,0.0009
7522,-100,-40.0,40,2.5,8.5,-61.67,9.5111,-86,99.29,0.85,4.293659,1.870409,0.5125,0.0018
7523,-100,-40.0,40,2.5,9.0,-60.79,8.9252,-83,99.05,1.15,4.296158,2.018864,0.604,0.002
7524,-100,-40.0,40,2.5,9.5,-60.99,9.5385,-94,98.18,2.19,3.205402,1.00709,1.3828,0.0022
7525,-100,-40.0,40,2.5,10.0,-64.38,9.7773,-92,98.71,1.55,4.571669,1.974964,0.7016,0.007
7526,-100,-40.0,40,2.5,10.5,-62.63,10.7916,-100,97.54,2.95,4.688309,2.037235,1.019,0.011
7527,-100,-40.0,40,2.5,11.0,-61.52,11.4381,-94,96.88,3.75,4.234275,1.509939,1.6348,0.0074
7528,-100,-40.0,40,2.5,11.5,-62.06,11.6536,-97,95.73,5.13,3.905288,1.270694,1.1723,0.0244
7529,-100,-40.0,40,2.5,12.0,-62.77,11.6253,-100,95.71,5.15,4.319313,1.321654,1.5301,0.0181
7531,-100,-40.0,40,2.5,13.0,-62.11,12.9341,-100,93.43,7.89,3.640752,1.562683,2.4152,0.0394
7530,-100,-40.0,40,2.5,12.5,-63.41,12.8019,-100,95.81,5.03,4.612847,1.255463,1.1757,0.0258
7532,-100,-40.0,40,2.5,13.5,-62.77,13.707,-100,93.89,7.34,4.305617,1.634537,2.7539,0.0265
7533,-100,-40.0,40,2.5,14.0,-63.11,13.7514,-100,93.47,7.83,4.262878,1.806318,1.3687,0.0447
7534,-100,-40.0,40,2.75,1.0,,,,100.0,0.0,0.0,0.0,0.0,0.0
7535,-100,-40.0,40,2.75,1.5,,,,100.0,0.0,0.0,0.0,0.0,0.0
7536,-100,-40.0,40,2.75,2.0,,,,100.0,0.0,0.0,0.0,0.0,0.0
7537,-100,-40.0,40,2.75,2.5,,,,100.0,0.0,0.0,0.0,0.0,0.0
7538,-100,-40.0,40,2.75,3.0,,,,100.0,0.0,0.0,0.0,0.0,0.0
7540,-100,-40.0,40,2.75,4.0,-63.0,0.0,-63,100.0,0.01,9.136515,0.0,0.009,0.0
7541,-100,-40.0,40,2.75,4.5,-54.83,3.1314,-59,99.97,0.03,3.038896,0.533574,0.0358,0.0
7539,-100,-40.0,40,2.75,3.5,,,,100.0,0.0,0.0,0.0,0.0,0.0
7543,-100,-40.0,40,2.75,5.5,-59.0,6.3246,-72,99.89,0.13,3.739887,1.33166,0.1112,0.0002
7542,-100,-40.0,40,2.75,5.0,-62.0,5.0,-67,99.99,0.01,3.972755,0.094642,0.0179,0.0
7544,-100,-40.0,40,2.75,6.0,-58.44,5.4459,-73,99.85,0.18,4.287387,1.330981,0.1612,0.0
7547,-100,-40.0,40,2.75,7.5,-57.1,7.2112,-76,99.21,0.95,5.086434,2.969152,0.8279,0.0004
7545,-100,-40.0,40,2.75,6.5,-57.59,6.9954,-73,99.78,0.26,5.754886,1.916202,0.1695,0.0004
7546,-100,-40.0,40,2.75,7.0,-59.01,6.5414,-76,99.53,0.56,4.590448,1.27493,0.3086,0.0009
7548,-100,-40.0,40,2.75,8.0,-58.6,8.5362,-84,98.83,1.41,5.457797,2.990884,0.5295,0.0049
7549,-100,-40.0,40,2.75,8.5,-59.28,8.3163,-81,98.39,1.93,4.541947,2.167696,0.8361,0.0054
7550,-100,-40.0,40,2.75,9.0,-58.11,9.1736,-85,97.45,3.06,3.94091,0.980879,1.9762,0.0063
7551,-100,-40.0,40,2.75,9.5,-58.22,9.941,-92,96.15,4.62,3.914714,1.502533,2.3872,0.0088
7552,-100,-40.0,40,2.75,10.0,-58.88,10.1576,-90,95.55,5.34,3.924096,1.095059,2.2995,0.0172
7553,-100,-40.0,40,2.75,10.5,-58.5,10.7838,-92,95.23,5.72,3.757327,1.55483,2.8561,0.0123
7555,-100,-40.0,40,2.75,11.5,-59.22,11.3756,-100,93.62,7.66,3.867292,1.537717,3.4839,0.0146
7557,-100,-40.0,40,2.75,12.5,-59.98,12.4777,-96,93.05,8.34,4.182849,1.33042,2.2463,0.0393
7554,-100,-40.0,40,2.75,11.0,-58.72,10.9686,-100,94.55,6.55,4.531754,1.737411,2.709,0.0148
7558,-100,-40.0,40,2.75,13.0,-58.44,13.1836,-100,90.54,11.36,4.161248,1.429302,2.9608,0.0553
7556,-100,-40.0,40,2.75,12.0,-58.7,12.1247,-97,93.03,8.37,4.146323,1.35652,3.398,0.0284
7559,-100,-40.0,40,2.75,13.5,-59.73,13.4389,-100,90.02,11.99,3.902205,1.074754,2.9169,0.0595
7560,-100,-40.0,40,2.75,14.0,-58.79,13.6649,-100,89.34,12.8,3.821472,1.581107,5.3085,0.0483
7561,-100,-40.0,40,3.0,1.0,,,,100.0,0.0,0.0,0.0,0.0,0.0
7562,-100,-40.0,40,3.0,1.5,,,,100.0,0.0,0.0,0.0,0.0,0.0
7563,-100,-40.0,40,3.0,2.0,,,,100.0,0.0,0.0,0.0,0.0,0.0
7564,-100,-40.0,40,3.0,2.5,-52.2,2.9933,-57,99.98,0.03,3.344946,0.302631,0.0347,0.0
7565,-100,-40.0,40,3.0,3.0,-57.0,0.0,-57,100.0,0.01,5.278958,0.0,0.0089,0.0
7566,-100,-40.0,40,3.0,3.5,-50.22,3.6447,-55,99.96,0.05,5.53043,2.451435,0.05,0.0
7567,-100,-40.0,40,3.0,4.0,-53.8,3.8505,-60,99.93,0.08,3.865932,1.433714,0.0566,0.0
7568,-100,-40.0,40,3.0,4.5,-54.56,4.8788,-64,99.88,0.15,4.458511,2.189439,0.1381,0.0
7570,-100,-40.0,40,3.0,5.5,-54.54,6.379,-70,99.33,0.8,3.954637,1.26652,0.4955,0.0007
7569,-100,-40.0,40,3.0,5.0,-53.27,5.3689,-70,99.56,0.53,5.064584,2.510265,0.4826,0.0
7571,-100,-40.0,40,3.0,6.0,-53.9,5.7953,-80,98.99,1.21,5.112036,1.22258,0.7936,0.0011
7572,-100,-40.0,40,3.0,6.5,-53.65,6.6585,-70,98.19,2.17,4.20045,1.945302,2.0325,0.0025
7573,-100,-40.0,40,3.0,7.0,-52.94,7.0554,-80,96.53,4.17,3.19413,0.503848,2.8366,0.0027
7574,-100,-40.0,40,3.0,7.5,-55.03,7.4292,-80,97.67,2.8,5.743624,2.44779,1.4499,0.0054
7575,-100,-40.0,40,3.0,8.0,-54.48,8.1997,-84,95.73,5.12,4.305444,1.342524,2.1897,0.0164
7576,-100,-40.0,40,3.0,8.5,-54.62,8.8496,-82,94.58,6.5,4.238945,1.470828,2.8161,0.0233
7577,-100,-40.0,40,3.0,9.0,-54.78,9.1178,-82,94.27,6.87,4.683911,1.419978,2.3825,0.0166
7578,-100,-40.0,40,3.0,9.5,-55.33,9.5466,-86,93.91,7.31,4.088688,1.820023,3.5081,0.024
7579,-100,-40.0,40,3.0,10.0,-54.54,10.414,-97,91.71,9.97,4.193716,1.388076,4.1823,0.0367
7582,-100,-40.0,40,3.0,11.5,-56.06,12.1545,-94,91.3,10.45,4.88853,1.292649,1.7836,0.06
7580,-100,-40.0,40,3.0,10.5,-55.2,10.739,-93,91.59,10.08,4.057967,1.293834,4.0023,0.0431
7581,-100,-40.0,40,3.0,11.0,-55.5,11.1745,-92,91.46,10.26,4.883266,1.422291,1.0882,0.0714
7583,-100,-40.0,40,3.0,12.0,-55.92,12.1388,-95,90.06,11.94,4.21815,1.230244,1.565,0.081
7584,-100,-40.0,40,3.0,12.5,-55.4,12.6901,-99,87.36,15.16,4.053987,1.470616,4.3436,0.0716
7585,-100,-40.0,40,3.0,13.0,-55.68,13.0045,-100,87.27,15.26,3.934345,1.410887,4.5593,0.0718
7586,-100,-40.0,40,3.0,13.5,-55.48,13.8277,-100,87.86,14.58,4.496057,1.662892,5.1792,0.0761
7587,-100,-40.0,40,3.0,14.0,-56.21,14.04,-100,87.51,14.99,4.489266,2.080602,4.0007,0.084
7588,-100,-40.0,40,3.25,1.0,-53.0,0.0,-53,100.0,0.01,5.593101,0.0,0.0089,0.0
7589,-100,-40.0,40,3.25,1.5,-48.5,1.5,-50,99.98,0.02,5.187294,0.309242,0.0359,0.0
7590,-100,-40.0,40,3.25,2.0,-49.0,0.0,-49,100.0,0.01,6.88834,0.0,0.0089,0.0
7591,-100,-40.0,40,3.25,2.5,-48.41,3.4882,-55,99.88,0.15,3.410667,0.345225,0.2314,0.0
7593,-100,-40.0,40,3.25,3.5,-48.89,3.4806,-58,99.33,0.8,3.297684,1.022709,1.0867,0.0
7594,-100,-40.0,40,3.25,4.0,-49.38,4.0805,-62,98.96,1.25,3.581525,0.993394,0.8978,0.0004
7592,-100,-40.0,40,3.25,3.0,-49.12,2.9171,-56,99.82,0.22,3.938606,2.463741,0.2924,0.0
7595,-100,-40.0,40,3.25,4.5,-50.47,4.5817,-65,98.67,1.59,3.590864,1.015733,1.4141,0.0002
7596,-100,-40.0,40,3.25,5.0,-50.18,5.2516,-65,97.66,2.81,4.20013,1.406588,2.0894,0.0
7597,-100,-40.0,40,3.25,5.5,-51.14,5.6473,-68,97.38,3.15,4.010892,1.14515,2.1065,0.0034
7598,-100,-40.0,40,3.25,6.0,-50.34,6.1439,-68,95.28,5.67,3.919356,0.955344,3.2536,0.0089
7599,-100,-40.0,40,3.25,6.5,-49.49,6.6507,-76,94.57,6.52,3.971218,2.778425,5.424,0.0027
7600,-100,-40.0,40,3.25,7.0,-51.84,7.2104,-73,94.17,6.99,3.607044,1.286739,3.5976,0.0085
7602,-100,-40.0,40,3.25,8.0,-50.13,8.3685,-79,89.03,13.17,3.49857,1.08878,6.8047,0.0307
7603,-100,-40.0,40,3.25,8.5,-50.55,8.8179,-82,91.21,10.56,4.729556,2.64804,7.4278,0.0208
7601,-100,-40.0,40,3.25,7.5,-51.42,7.8014,-78,93.54,7.76,4.053297,2.047199,2.963,0.0315
7606,-100,-40.0,40,3.25,10.0,-52.31,10.4323,-92,90.13,11.85,4.589149,2.268169,5.388,0.026
7605,-100,-40.0,40,3.25,9.5,-51.13,9.7482,-86,88.08,14.32,3.92566,1.78267,7.246,0.0438
7604,-100,-40.0,40,3.25,9.0,-52.08,9.1742,-84,89.31,12.82,3.840262,2.180781,5.3243,0.0539
7607,-100,-40.0,40,3.25,10.5,-52.17,10.7331,-98,86.08,16.73,3.981352,1.735394,4.8104,0.0772
7608,-100,-40.0,40,3.25,11.0,-52.12,11.4022,-96,84.61,18.48,3.570671,1.266635,5.3686,0.087
7609,-100,-40.0,40,3.25,11.5,-52.27,11.6823,-96,85.15,17.84,4.009144,1.097415,1.8693,0.1309
7610,-100,-40.0,40,3.25,12.0,-52.14,12.5552,-98,85.35,17.6,4.331392,1.449533,4.2634,0.0975
7611,-100,-40.0,40,3.25,12.5,-50.9,12.432,-95,78.86,25.41,2.821691,0.576983,6.001,0.1376
7612,-100,-40.0,40,3.25,13.0,-52.56,13.1029,-95,81.98,21.63,3.796789,1.146354,3.0903,0.1452
7615,-100,-40.0,40,3.5,1.0,-45.5,1.3005,-48,99.7,0.37,3.200408,0.600246,0.4681,0.0
7613,-100,-40.0,40,3.25,13.5,-52.15,13.9301,-100,82.27,21.29,3.970452,1.475743,4.0404,0.1246
7617,-100,-40.0,40,3.5,2.0,-45.02,2.4103,-51,99.2,0.96,5.224945,1.042959,1.2297,0.0
7616,-100,-40.0,40,3.5,1.5,-46.71,1.8925,-52,99.78,0.26,4.984269,1.606145,0.2626,0.0
7614,-100,-40.0,40,3.25,14.0,-52.29,14.2649,-100,81.47,22.26,3.595107,1.16589,5.3279,0.0935
7618,-100,-40.0,40,3.5,2.5,-46.86,2.5889,-54,99.34,0.79,6.145657,1.583013,0.5652,0.0
7619,-100,-40.0,40,3.5,3.0,-45.02,3.3083,-55,97.3,3.24,5.061123,2.444575,3.1364,0.0
7620,-100,-40.0,40,3.5,3.5,-45.99,3.808,-61,96.16,4.62,4.450311,1.170481,3.616,0.0007
7621,-100,-40.0,40,3.5,4.0,-46.26,4.0937,-62,94.17,7.0,3.637863,1.760174,5.3607,0.0027
7622,-100,-40.0,40,3.5,4.5,-47.07,4.8111,-67,94.86,6.17,4.485121,1.259852,3.8458,0.0047
7623,-100,-40.0,40,3.5,5.0,-47.93,5.4173,-69,94.25,6.91,4.846056,2.054411,3.6466,0.0114
7624,-100,-40.0,40,3.5,5.5,-46.65,5.8999,-67,90.59,11.29,4.349621,1.766016,6.4952,0.0119
7626,-100,-40.0,40,3.5,6.5,-47.23,6.8286,-71,89.83,12.21,4.718475,2.118698,7.266,0.0324
7625,-100,-40.0,40,3.5,6.0,-47.64,6.2344,-69,88.54,13.78,3.441934,1.359949,7.2494,0.0275
7628,-100,-40.0,40,3.5,7.5,-48.74,7.7061,-82,86.29,16.47,3.931659,1.206445,4.2889,0.0682
7627,-100,-40.0,40,3.5,7.0,-47.49,7.5188,-74,87.06,15.54,3.648804,1.171545,8.5975,0.0438
7629,-100,-40.0,40,3.5,8.0,-47.68,8.5503,-77,84.63,18.47,3.595718,1.189391,7.4085,0.055
7630,-100,-40.0,40,3.5,8.5,-47.61,8.793,-78,83.17,20.18,3.601618,1.774021,9.9893,0.0595
7631,-100,-40.0,40,3.5,9.0,-48.19,9.3516,-87,82.76,20.69,3.687025,1.821555,9.0639,0.0602
7632,-100,-40.0,40,3.5,9.5,-47.68,9.9453,-86,79.77,24.26,3.157433,1.160208,8.4882,0.1279
7633,-100,-40.0,40,3.5,10.0,-47.5,10.4702,-90,78.15,26.24,3.067802,1.395754,9.3795,0.0644
7634,-100,-40.0,40,3.5,10.5,-47.22,10.6942,-87,77.81,26.64,3.293642,1.10221,7.5798,0.1139
7635,-100,-40.0,40,3.5,11.0,-48.03,11.2414,-93,77.63,26.85,3.259547,1.178219,8.3379,0.1336
7636,-100,-40.0,40,3.5,11.5,-48.24,11.7996,-96,78.07,26.32,3.384572,1.167928,6.8957,0.0964
7637,-100,-40.0,40,3.5,12.0,-47.93,12.169,-99,75.57,29.33,2.917909,1.60467,9.9704,0.0794
7638,-100,-40.0,40,3.5,12.5,-47.53,12.8377,-90,76.28,28.48,3.12127,1.8967,10.9542,0.0841
7639,-100,-40.0,40,3.5,13.0,-46.88,13.0915,-92,75.64,29.24,3.08179,2.526905,13.8922,0.0662
7640,-100,-40.0,40,3.5,13.5,-48.05,13.7943,-100,79.52,24.62,3.745889,1.469375,7.9422,0.1208
7641,-100,-40.0,40,3.5,14.0,-48.52,14.2431,-100,78.16,26.21,3.58867,1.559167,8.2583,0.1089
7642,-100,-40.0,40,3.75,1.0,-41.4,1.5144,-49,92.93,8.49,4.095713,2.023033,8.3456,0.0011
7643,-100,-40.0,40,3.75,1.5,-41.25,2.0007,-49,87.32,15.21,2.393914,0.852246,14.4507,0.0
7644,-100,-40.0,40,3.75,2.0,-41.66,2.2589,-51,89.04,13.18,3.44694,1.289933,11.5375,0.0007
7645,-100,-40.0,40,3.75,2.5,-43.52,2.8022,-53,92.62,8.86,3.884356,1.628372,6.4575,0.0025
7646,-100,-40.0,40,3.75,3.0,-43.12,3.3369,-57,90.9,10.93,3.936135,2.283623,9.7871,0.0036
7647,-100,-40.0,40,3.75,3.5,-42.85,3.7622,-62,86.35,16.39,3.323532,1.840983,11.835,0.0058
7648,-100,-40.0,40,3.75,4.0,-44.34,4.362,-64,88.81,13.44,3.791931,1.149973,7.7873,0.0128
7649,-100,-40.0,40,3.75,4.5,-43.47,5.1864,-62,85.82,17.04,3.913157,1.558888,8.8113,0.0416
7650,-100,-40.0,40,3.75,5.0,-42.84,5.2833,-61,78.23,26.12,2.627405,1.438351,15.0859,0.0404
7652,-100,-40.0,40,3.75,6.0,-43.81,6.5545,-67,80.51,23.39,3.335597,1.00698,8.7405,0.0828
7651,-100,-40.0,40,3.75,5.5,-42.3,6.2177,-67,78.97,25.25,2.578774,1.585955,17.9091,0.0313
7653,-100,-40.0,40,3.75,6.5,-44.41,6.9178,-69,84.28,18.87,3.943592,1.211598,6.6909,0.0468
7654,-100,-40.0,40,3.75,7.0,-44.2,7.3059,-72,77.5,27.02,2.915319,1.133528,10.2693,0.0914
7655,-100,-40.0,40,3.75,7.5,-43.98,8.0652,-75,76.12,28.68,2.921166,1.014442,9.4287,0.0806
7656,-100,-40.0,40,3.75,8.0,-43.42,8.5097,-75,72.44,33.08,2.504092,0.901335,11.0097,0.1481
7657,-100,-40.0,40,3.75,8.5,-43.87,8.8986,-73,73.25,32.13,2.919863,1.408912,10.6219,0.1389
7658,-100,-40.0,40,3.75,9.0,-43.9,9.2641,-78,72.05,33.57,2.826659,1.039384,8.4744,0.1772
7659,-100,-40.0,40,3.75,9.5,-44.72,9.7793,-79,74.35,30.81,3.007987,1.00034,7.4476,0.1778
7660,-100,-40.0,40,3.75,10.0,-44.18,10.5198,-82,76.08,28.71,3.207301,0.988225,5.293,0.1452
7661,-100,-40.0,40,3.75,10.5,-44.14,10.7605,-85,72.44,33.1,2.854707,1.192395,10.1374,0.1569
7662,-100,-40.0,40,3.75,11.0,-44.23,11.391,-85,70.22,35.76,2.692908,0.938205,8.0185,0.2078
7665,-100,-40.0,40,3.75,12.5,-44.25,12.9067,-98,71.76,33.88,2.875024,1.313448,8.338,0.1195
7666,-100,-40.0,40,3.75,13.0,-45.1,13.0236,-90,73.23,32.14,3.068838,1.098415,7.5858,0.1734
7663,-100,-40.0,40,3.75,11.5,-43.73,11.7019,-85,70.38,35.55,2.49538,1.14628,11.578,0.1737
7664,-100,-40.0,40,3.75,12.0,-45.2,12.3862,-95,71.4,34.35,2.826596,1.041616,6.8487,0.1696
7667,-100,-40.0,40,3.75,13.5,-45.31,13.9253,-94,67.98,38.4,2.517418,0.909676,7.5935,0.1933
7668,-100,-40.0,40,3.75,14.0,-44.41,14.1711,-100,67.59,38.9,2.428869,1.485394,11.6965,0.112
7669,-100,-40.0,40,4.0,1.0,-38.77,1.5689,-48,65.51,41.38,1.297372,1.174788,32.4595,0.0067
7671,-100,-40.0,40,4.0,2.0,-39.11,2.4977,-51,67.96,38.49,1.472233,1.135987,30.7196,0.0105
7670,-100,-40.0,40,4.0,1.5,-38.71,2.0707,-49,66.36,40.43,1.31943,1.068624,32.2423,0.0085
7673,-100,-40.0,40,4.0,3.0,-39.72,3.5799,-54,72.58,32.91,2.155963,0.921308,17.3668,0.0195
7672,-100,-40.0,40,4.0,2.5,-39.91,3.0182,-53,69.78,36.31,1.954618,1.198582,20.5836,0.0604
7675,-100,-40.0,40,4.0,4.0,-40.74,4.6844,-59,72.78,32.67,2.528321,1.016484,12.4081,0.1215
7674,-100,-40.0,40,4.0,3.5,-39.14,4.2831,-57,63.79,43.49,1.501491,1.334675,31.1234,0.055
7677,-100,-40.0,40,4.0,5.0,-40.27,5.9441,-63,70.03,35.99,2.159508,1.606127,23.586,0.0747
7676,-100,-40.0,40,4.0,4.5,-39.37,5.185,-60,59.01,49.2,1.664216,1.379283,26.7094,0.0967
7678,-100,-40.0,40,4.0,5.5,-39.65,6.3272,-68,65.18,41.81,2.029715,1.413004,20.0883,0.1083
7679,-100,-40.0,40,4.0,6.0,-40.49,7.0306,-66,69.53,36.56,2.391881,1.373543,15.661,0.202
7681,-100,-40.0,40,4.0,7.0,-40.97,7.6004,-76,67.08,39.56,2.386689,1.388528,13.3444,0.1201
7680,-100,-40.0,40,4.0,6.5,-40.48,6.9979,-69,63.7,43.6,2.06453,1.122893,15.6427,0.2074
7682,-100,-40.0,40,4.0,7.5,-41.41,7.7824,-74,67.44,39.13,2.336021,1.369228,14.9567,0.1512
7685,-100,-40.0,40,4.0,9.0,-40.1,9.3729,-80,63.55,43.78,2.088379,1.340731,18.644,0.1459
7683,-100,-40.0,40,4.0,8.0,-39.77,8.9225,-74,62.19,45.39,1.988689,1.241893,20.739,0.2485
7684,-100,-40.0,40,4.0,8.5,-40.64,9.0362,-75,66.81,39.82,2.507402,1.394,11.3666,0.147
7688,-100,-40.0,40,4.0,10.5,-41.28,11.0284,-91,66.1,40.71,2.421511,1.273532,11.1226,0.153
7686,-100,-40.0,40,4.0,9.5,-41.19,9.6747,-73,61.6,46.12,2.094385,0.791771,8.364,0.2577
7687,-100,-40.0,40,4.0,10.0,-39.98,10.6332,-81,59.54,48.52,1.938219,1.55645,22.0531,0.1277
7689,-100,-40.0,40,4.0,11.0,-39.59,11.2657,-83,62.07,45.49,2.138059,1.723519,21.8491,0.1544
7690,-100,-40.0,40,4.0,11.5,-40.58,11.7412,-83,64.08,43.18,2.25196,1.211672,14.3133,0.2043
7691,-100,-40.0,40,4.0,12.0,-40.83,11.9704,-86,62.37,45.18,2.194373,1.04249,11.2219,0.2349
7693,-100,-40.0,40,4.0,13.0,-40.38,13.4185,-98,60.56,47.37,2.079672,1.331968,17.9405,0.2365
7692,-100,-40.0,40,4.0,12.5,-40.17,12.9937,-90,60.63,47.33,2.076765,1.014807,13.4935,0.2776
7694,-100,-40.0,40,4.0,13.5,-40.92,13.7265,-94,61.18,46.62,2.10437,1.153872,14.5591,0.2141
7695,-100,-40.0,40,4.0,14.0,-40.49,14.2028,-95,61.44,46.25,2.069943,1.093228,14.5605,0.2171
7696,-100,-40.0,40,4.25,1.0,-35.42,2.2127,-46,37.43,75.1,0.621874,1.043964,43.1533,0.0934
7697,-100,-40.0,40,4.25,1.5,-36.71,2.4969,-48,39.9,72.11,0.820295,1.095241,39.1252,0.0772
7698,-100,-40.0,40,4.25,2.0,-36.62,3.5219,-48,50.12,59.91,1.436401,1.113001,22.9422,0.2327
7699,-100,-40.0,40,4.25,2.5,-36.3,3.5772,-51,33.78,79.53,0.917791,1.00622,33.854,0.2255
7700,-100,-40.0,40,4.25,3.0,-36.81,4.0416,-52,41.98,69.66,1.18162,0.963633,26.9846,0.2579
7701,-100,-40.0,40,4.25,3.5,-37.07,4.4656,-55,48.69,61.63,1.396896,0.907502,21.9506,0.2472
7702,-100,-40.0,40,4.25,4.0,-36.02,4.8975,-57,39.57,72.55,0.99671,1.215765,34.7332,0.1776
7703,-100,-40.0,40,4.25,4.5,-35.88,5.3089,-58,37.09,75.56,1.083424,1.077931,29.1355,0.2089
7707,-100,-40.0,40,4.25,6.5,-37.76,7.26,-65,54.07,55.22,1.725356,0.813222,13.1311,0.3575
7705,-100,-40.0,40,4.25,5.5,-37.14,6.3592,-61,46.83,63.89,1.423983,0.775599,16.1079,0.3443
7704,-100,-40.0,40,4.25,5.0,-36.83,5.6871,-58,42.92,68.59,1.220575,0.980336,26.4553,0.2136
7706,-100,-40.0,40,4.25,6.0,-36.64,6.9098,-67,41.06,70.79,1.235031,0.756199,18.4697,0.3602
7708,-100,-40.0,40,4.25,7.0,-36.62,7.6224,-67,43.66,67.62,1.293964,0.982513,24.0125,0.2575
7709,-100,-40.0,40,4.25,7.5,-36.72,8.1715,-71,49.41,60.74,1.477549,1.507239,29.7919,0.1508
7710,-100,-40.0,40,4.25,8.0,-38.54,8.4516,-68,53.87,55.36,1.712811,0.827248,12.9775,0.3331
7711,-100,-40.0,40,4.25,8.5,-37.61,9.1063,-71,50.03,60.03,1.546791,0.985637,20.4986,0.29
7712,-100,-40.0,40,4.25,9.0,-37.36,9.273,-69,52.18,57.42,1.633016,1.021792,18.5268,0.2505
7713,-100,-40.0,40,4.25,9.5,-37.04,10.1511,-72,50.22,59.8,1.574095,0.848304,15.21,0.3007
7714,-100,-40.0,40,4.25,10.0,-37.08,10.4441,-76,50.61,59.25,1.569508,1.069148,19.9692,0.2451
7715,-100,-40.0,40,4.25,10.5,-36.41,11.0164,-79,47.51,63.04,1.45632,0.962822,21.4713,0.3105
7716,-100,-40.0,40,4.25,11.0,-37.03,11.4345,-80,47.94,62.5,1.485374,0.770904,15.3922,0.3685
7717,-100,-40.0,40,4.25,11.5,-37.56,11.933,-87,56.05,52.81,1.838793,0.888419,9.4478,0.2768
7720,-100,-40.0,40,4.25,13.0,-36.32,13.4224,-94,55.62,53.28,1.78836,1.660254,23.741,0.1391
7718,-100,-40.0,40,4.25,12.0,-36.63,12.2855,-89,51.34,58.43,1.623542,1.147246,17.9397,0.194
7719,-100,-40.0,40,4.25,12.5,-37.73,12.9306,-85,50.96,58.84,1.588247,0.940933,16.7034,0.2731
7721,-100,-40.0,40,4.25,13.5,-37.46,13.7953,-94,53.36,55.95,1.691087,0.890872,13.8243,0.2655
7722,-100,-40.0,40,4.25,14.0,-37.11,14.3113,-100,50.22,59.74,1.590072,0.685529,9.2422,0.4105
7723,-100,-40.0,40,4.5,1.0,-33.45,3.743,-44,20.55,95.45,0.692342,0.610846,22.4236,0.4761
7724,-100,-40.0,40,4.5,1.5,-34.53,3.4197,-47,23.41,91.99,0.739083,0.706089,24.9785,0.434
7725,-100,-40.0,40,4.5,2.0,-34.16,3.786,-47,31.31,82.41,0.900747,0.793548,25.3981,0.4047
7726,-100,-40.0,40,4.5,2.5,-33.63,4.3192,-49,21.55,94.16,0.723902,0.698911,25.8128,0.4011
7727,-100,-40.0,40,4.5,3.0,-33.73,4.4892,-50,17.98,98.58,0.705404,0.552446,19.1407,0.4441
7730,-100,-40.0,40,4.5,4.5,-33.13,5.3793,-55,26.98,87.69,0.781102,0.964889,32.3369,0.3277
7728,-100,-40.0,40,4.5,3.5,-33.99,4.5341,-52,24.1,91.2,0.764975,0.859594,27.2306,0.2877
7729,-100,-40.0,40,4.5,4.0,-34.14,4.916,-53,21.93,93.76,0.739857,0.627398,21.7212,0.4276
7731,-100,-40.0,40,4.5,5.0,-32.81,6.0972,-58,27.58,87.03,0.879164,0.840222,25.744,0.3017
7732,-100,-40.0,40,4.5,5.5,-33.74,6.3676,-60,26.84,87.9,0.876729,0.724236,24.2238,0.3993
7733,-100,-40.0,40,4.5,6.0,-33.14,6.9464,-58,22.73,92.74,0.788069,0.555827,17.4573,0.5799
7734,-100,-40.0,40,4.5,6.5,-32.98,7.161,-60,28.51,85.87,0.892473,0.849796,25.1426,0.3072
7735,-100,-40.0,40,4.5,7.0,-33.02,7.9703,-65,25.69,89.14,0.856169,0.670803,23.0184,0.4409
7736,-100,-40.0,40,4.5,7.5,-32.62,8.4808,-62,30.23,83.72,0.969563,0.656876,19.5015,0.4421
7737,-100,-40.0,40,4.5,8.0,-34.07,8.6562,-72,32.08,81.57,1.056933,0.542115,10.7156,0.5251
7738,-100,-40.0,40,4.5,8.5,-33.05,9.148,-69,31.17,82.7,0.979526,0.764469,23.2989,0.3774
7739,-100,-40.0,40,4.5,9.0,-34.03,9.6293,-71,34.28,78.85,1.093019,0.543223,8.0187,0.5511
7741,-100,-40.0,40,4.5,10.0,-33.1,10.5011,-74,39.17,73.05,1.1877,0.928391,22.5641,0.2765
7740,-100,-40.0,40,4.5,9.5,-34.78,10.128,-74,38.83,73.45,1.229214,0.563285,4.6608,0.568
7742,-100,-40.0,40,4.5,10.5,-34.18,11.2318,-78,38.77,73.4,1.213702,0.584039,10.8969,0.488
7743,-100,-40.0,40,4.5,11.0,-33.92,11.2778,-74,37.03,75.6,1.152406,0.676657,17.2474,0.4597
7744,-100,-40.0,40,4.5,11.5,-33.42,11.9207,-81,35.12,77.92,1.108564,0.83924,20.1568,0.2783
7745,-100,-40.0,40,4.5,12.0,-32.87,12.6172,-80,39.34,72.81,1.176737,1.049654,27.165,0.2454
7746,-100,-40.0,40,4.5,12.5,-34.58,12.9035,-88,40.64,71.32,1.256664,0.710793,13.7454,0.338
7747,-100,-40.0,40,4.5,13.0,-33.29,13.4802,-84,35.16,77.81,1.113597,0.631449,15.7109,0.4532
7748,-100,-40.0,40,4.5,13.5,-34.23,13.8747,-88,40.98,70.8,1.271244,0.727113,15.7846,0.4026
7749,-100,-40.0,40,4.5,14.0,-33.4,14.38,-88,43.56,67.73,1.351049,0.851886,15.3996,0.2952
7750,-100,-40.0,40,4.75,1.0,-29.9,4.3107,-39,6.65,112.03,0.474824,0.343842,8.6335,0.7678
7751,-100,-40.0,40,4.75,1.5,-30.76,4.2946,-42,2.18,117.37,0.408011,0.239163,2.1617,0.9414
7752,-100,-40.0,40,4.75,2.0,-30.9,4.0933,-44,5.35,113.59,0.473292,0.309456,5.6941,0.8385
7753,-100,-40.0,40,4.75,2.5,-31.25,4.3521,-45,4.42,114.72,0.487458,0.290154,2.4896,0.9351
7754,-100,-40.0,40,4.75,3.0,-30.98,5.2042,-47,6.72,111.96,0.51324,0.330248,6.3173,0.8275
7755,-100,-40.0,40,4.75,3.5,-31.03,5.502,-50,11.74,106.01,0.593361,0.424412,12.0855,0.6599
7756,-100,-40.0,40,4.75,4.0,-30.24,6.0521,-51,10.69,107.26,0.589349,0.414141,14.872,0.596
7757,-100,-40.0,40,4.75,4.5,-31.03,5.5637,-53,6.64,111.97,0.501951,0.336873,8.541,0.7684
7758,-100,-40.0,40,4.75,5.0,-31.13,6.0984,-53,14.78,102.34,0.673555,0.448764,9.7529,0.7329
7759,-100,-40.0,40,4.75,5.5,-30.56,6.5086,-56,14.23,103.0,0.628,0.471473,15.5202,0.6651
7760,-100,-40.0,40,4.75,6.0,-30.18,7.2608,-59,16.3,100.51,0.681358,0.457902,10.8394,0.6763
7761,-100,-40.0,40,4.75,6.5,-30.2,7.6657,-60,13.16,104.16,0.64493,0.427968,11.8245,0.6796
7762,-100,-40.0,40,4.75,7.0,-30.16,8.2514,-60,18.94,97.33,0.712108,0.562329,19.3366,0.5614
7763,-100,-40.0,40,4.75,7.5,-30.13,8.3702,-67,19.36,96.92,0.713201,0.648383,22.6497,0.4004
7764,-100,-40.0,40,4.75,8.0,-30.47,8.8611,-68,20.12,95.92,0.749477,0.576208,18.3439,0.4989
7765,-100,-40.0,40,4.75,8.5,-30.21,9.2325,-66,24.79,90.22,0.839179,0.615989,19.1498,0.4902
7766,-100,-40.0,40,4.75,9.0,-30.6,9.8532,-68,19.61,96.47,0.749251,0.517428,15.4958,0.6323
7767,-100,-40.0,40,4.75,9.5,-30.35,10.0025,-70,17.75,98.77,0.736853,0.453465,10.9389,0.6629
7770,-100,-40.0,40,4.75,11.0,-29.77,11.6544,-78,29.12,85.15,0.946647,0.693367,19.8196,0.4275
7768,-100,-40.0,40,4.75,10.0,-29.13,10.6358,-72,15.29,101.61,0.649146,0.521547,19.5345,0.4891
7769,-100,-40.0,40,4.75,10.5,-30.41,11.0525,-73,21.23,94.52,0.785398,0.589201,20.4293,0.5248
7771,-100,-40.0,40,4.75,11.5,-30.14,12.0746,-81,21.41,94.51,0.813822,0.481332,12.9878,0.5911
7772,-100,-40.0,40,4.75,12.0,-31.35,12.7271,-77,31.37,82.49,1.025451,0.555537,11.1364,0.5389
7773,-100,-40.0,40,4.75,12.5,-30.39,13.2288,-78,27.16,87.48,0.936337,0.505736,8.7434,0.6043
7774,-100,-40.0,40,4.75,13.0,-30.39,13.271,-77,29.33,84.82,0.941942,0.675546,19.8115,0.4025
7775,-100,-40.0,40,4.75,13.5,-29.58,14.0439,-88,30.68,83.2,0.955093,0.780953,23.8724,0.3738
7776,-100,-40.0,40,4.75,14.0,-30.18,14.3523,-89,29.88,84.19,0.98209,0.872546,24.1908,0.2765
7777,-100,-40.0,40,5.0,1.0,-27.66,5.2192,-38,6.26,112.48,0.506074,0.315462,6.1434,0.8324
7778,-100,-40.0,40,5.0,1.5,-26.89,4.3511,-37,2.73,116.67,0.422473,0.254773,2.7244,0.9191
7779,-100,-40.0,40,5.0,2.0,-26.77,4.4068,-41,5.85,112.97,0.473197,0.324855,6.5159,0.8193
7780,-100,-40.0,40,5.0,2.5,-27.68,4.8608,-44,7.61,111.02,0.525095,0.365727,8.0061,0.8007
7781,-100,-40.0,40,5.0,3.0,-27.04,5.0297,-44,1.42,118.41,0.396333,0.222028,1.0477,0.9687
7782,-100,-40.0,40,5.0,3.5,-27.17,5.3876,-47,2.18,117.5,0.420691,0.245492,2.0197,0.9387
7783,-100,-40.0,40,5.0,4.0,-27.44,5.6904,-46,2.96,116.56,0.465031,0.266781,2.8385,0.9199
7784,-100,-40.0,40,5.0,4.5,-27.46,6.5558,-53,5.79,113.11,0.509256,0.312586,5.2483,0.8485
7785,-100,-40.0,40,5.0,5.0,-27.4,6.3697,-51,10.66,107.25,0.586576,0.431083,13.4602,0.6289
7786,-100,-40.0,40,5.0,5.5,-26.89,6.9535,-53,3.55,115.9,0.475334,0.264717,2.4681,0.9349
7787,-100,-40.0,40,5.0,6.0,-26.65,7.3551,-55,10.97,106.91,0.553108,0.425868,11.9258,0.6843
7788,-100,-40.0,40,5.0,6.5,-27.15,7.4385,-54,3.8,115.51,0.487264,0.270052,2.3724,0.9199
7789,-100,-40.0,40,5.0,7.0,-27.47,8.2815,-61,10.94,107.07,0.595298,0.409717,11.0842,0.7336
7790,-100,-40.0,40,5.0,7.5,-27.23,8.5766,-67,5.88,112.95,0.533072,0.305173,2.0156,0.9157
7791,-100,-40.0,40,5.0,8.0,-27.2,8.899,-63,8.04,110.32,0.542571,0.351112,9.1174,0.7418
7792,-100,-40.0,40,5.0,8.5,-27.3,9.4675,-61,12.52,104.98,0.64602,0.487784,17.2677,0.5338
7794,-100,-40.0,40,5.0,9.5,-27.36,10.3884,-70,17.9,98.5,0.74267,0.461978,9.3897,0.7347
7793,-100,-40.0,40,5.0,9.0,-27.41,9.7966,-66,11.63,105.99,0.613283,0.423367,12.6718,0.7165
7795,-100,-40.0,40,5.0,10.0,-26.94,10.9128,-67,15.3,101.61,0.708446,0.449669,10.5996,0.699
7797,-100,-40.0,40,5.0,11.0,-26.25,11.5765,-72,16.27,100.47,0.703417,0.466501,12.585,0.6904
7796,-100,-40.0,40,5.0,10.5,-27.82,11.0873,-81,17.33,99.3,0.739117,0.475606,12.0843,0.668
7798,-100,-40.0,40,5.0,11.5,-27.6,12.2766,-75,17.17,99.45,0.733374,0.443032,9.4716,0.7067
7804,-100,-35.0,40,1.0,1.0,,,,100.0,0.0,0.0,0.0,0.0,0.0
7800,-100,-40.0,40,5.0,12.5,-27.23,12.8487,-80,24.75,90.35,0.882249,0.604532,17.6857,0.4745
7805,-100,-35.0,40,1.0,1.5,,,,100.0,0.0,0.0,0.0,0.0,0.0
7806,-100,-35.0,40,1.0,2.0,,,,100.0,0.0,0.0,0.0,0.0,0.0
7799,-100,-40.0,40,5.0,12.0,-27.21,12.4689,-84,13.23,104.2,0.682133,0.384703,4.9437,0.8072
7807,-100,-35.0,40,1.0,2.5,,,,100.0,0.0,0.0,0.0,0.0,0.0
7808,-100,-35.0,40,1.0,3.0,,,,100.0,0.0,0.0,0.0,0.0,0.0
7801,-100,-40.0,40,5.0,13.0,-26.79,13.3826,-82,16.4,100.31,0.731262,0.429192,8.4231,0.712
7809,-100,-35.0,40,1.0,3.5,,,,100.0,0.0,0.0,0.0,0.0,0.0
7802,-100,-40.0,40,5.0,13.5,-26.96,13.8674,-82,16.55,100.11,0.74433,0.410823,4.1667,0.7742
7810,-100,-35.0,40,1.0,4.0,,,,100.0,0.0,0.0,0.0,0.0,0.0
7811,-100,-35.0,40,1.0,4.5,,,,100.0,0.0,0.0,0.0,0.0,0.0
7803,-100,-40.0,40,5.0,14.0,-26.53,14.3819,-87,17.83,98.74,0.729253,0.484348,13.3891,0.6058
7812,-100,-35.0,40,1.0,5.0,,,,100.0,0.0,0.0,0.0,0.0,0.0
7813,-100,-35.0,40,1.0,5.5,,,,100.0,0.0,0.0,0.0,0.0,0.0
7815,-100,-35.0,40,1.0,6.5,,,,100.0,0.0,0.0,0.0,0.0,0.0
7814,-100,-35.0,40,1.0,6.0,,,,100.0,0.0,0.0,0.0,0.0,0.0
7816,-100,-35.0,40,1.0,7.0,,,,100.0,0.0,0.0,0.0,0.0,0.0
7817,-100,-35.0,40,1.0,7.5,,,,100.0,0.0,0.0,0.0,0.0,0.0
7818,-100,-35.0,40,1.0,8.0,,,,100.0,0.0,0.0,0.0,0.0,0.0
7820,-100,-35.0,40,1.0,9.0,,,,100.0,0.0,0.0,0.0,0.0,0.0
7821,-100,-35.0,40,1.0,9.5,,,,100.0,0.0,0.0,0.0,0.0,0.0
7822,-100,-35.0,40,1.0,10.0,,,,100.0,0.0,0.0,0.0,0.0,0.0
7823,-100,-35.0,40,1.0,10.5,,,,100.0,0.0,0.0,0.0,0.0,0.0
7819,-100,-35.0,40,1.0,8.5,,,,100.0,0.0,0.0,0.0,0.0,0.0
7824,-100,-35.0,40,1.0,11.0,,,,100.0,0.0,0.0,0.0,0.0,0.0
7825,-100,-35.0,40,1.0,11.5,,,,100.0,0.0,0.0,0.0,0.0,0.0
7827,-100,-35.0,40,1.0,12.5,,,,100.0,0.0,0.0,0.0,0.0,0.0
7826,-100,-35.0,40,1.0,12.0,-78.0,0.0,-78,100.0,0.01,2.983117,0.0,0.009,0.0
7828,-100,-35.0,40,1.0,13.0,-77.5,7.433,-87,99.98,0.02,4.056746,0.942445,0.022,0.0
7829,-100,-35.0,40,1.0,13.5,-76.0,12.083,-92,99.98,0.02,2.633406,0.302363,0.0167,0.0
7830,-100,-35.0,40,1.0,14.0,-85.5,7.7621,-100,99.97,0.03,2.945738,0.320071,0.0359,0.0
7831,-100,-35.0,40,1.25,1.0,,,,100.0,0.0,0.0,0.0,0.0,0.0
7832,-100,-35.0,40,1.25,1.5,,,,100.0,0.0,0.0,0.0,0.0,0.0
7833,-100,-35.0,40,1.25,2.0,,,,100.0,0.0,0.0,0.0,0.0,0.0
7835,-100,-35.0,40,1.25,3.0,,,,100.0,0.0,0.0,0.0,0.0,0.0
7834,-100,-35.0,40,1.25,2.5,,,,100.0,0.0,0.0,0.0,0.0,0.0
7836,-100,-35.0,40,1.25,3.5,,,,100.0,0.0,0.0,0.0,0.0,0.0
7837,-100,-35.0,40,1.25,4.0,,,,100.0,0.0,0.0,0.0,0.0,0.0
7838,-100,-35.0,40,1.25,4.5,,,,100.0,0.0,0.0,0.0,0.0,0.0
7839,-100,-35.0,40,1.25,5.0,,,,100.0,0.0,0.0,0.0,0.0,0.0
7840,-100,-35.0,40,1.25,5.5,,,,100.0,0.0,0.0,0.0,0.0,0.0
7841,-100,-35.0,40,1.25,6.0,,,,100.0,0.0,0.0,0.0,0.0,0.0
7842,-100,-35.0,40,1.25,6.5,,,,100.0,0.0,0.0,0.0,0.0,0.0
7843,-100,-35.0,40,1.25,7.0,,,,100.0,0.0,0.0,0.0,0.0,0.0
7844,-100,-35.0,40,1.25,7.5,,,,100.0,0.0,0.0,0.0,0.0,0.0
7845,-100,-35.0,40,1.25,8.0,,,,100.0,0.0,0.0,0.0,0.0,0.0
7846,-100,-35.0,40,1.25,8.5,,,,100.0,0.0,0.0,0.0,0.0,0.0
7847,-100,-35.0,40,1.25,9.0,,,,100.0,0.0,0.0,0.0,0.0,0.0
7848,-100,-35.0,40,1.25,9.5,,,,100.0,0.0,0.0,0.0,0.0,0.0
7849,-100,-35.0,40,1.25,10.0,,,,100.0,0.0,0.0,0.0,0.0,0.0
7851,-100,-35.0,40,1.25,11.0,-95.0,0.0,-95,100.0,0.01,5.005563,0.0,0.0089,0.0
7850,-100,-35.0,40,1.25,10.5,-78.0,3.0,-81,99.99,0.01,3.146858,0.279156,0.011,0.0
7852,-100,-35.0,40,1.25,11.5,,,,100.0,0.0,0.0,0.0,0.0,0.0
7853,-100,-35.0,40,1.25,12.0,-72.0,17.2772,-94,99.98,0.02,2.988106,0.299521,0.0358,0.0
7854,-100,-35.0,40,1.25,12.5,-78.5,12.8938,-100,99.98,0.02,4.555111,1.460266,0.0168,0.0
7855,-100,-35.0,40,1.25,13.0,-85.83,7.8617,-100,99.97,0.03,3.742547,1.008226,0.0262,0.0
7856,-100,-35.0,40,1.25,13.5,-80.7,11.8495,-100,99.96,0.05,3.631661,0.822069,0.0376,0.0
7857,-100,-35.0,40,1.25,14.0,-79.68,14.1758,-100,99.91,0.1,3.79295,0.694024,0.0359,0.0002
7859,-100,-35.0,40,1.5,1.5,,,,100.0,0.0,0.0,0.0,0.0,0.0
7860,-100,-35.0,40,1.5,2.0,,,,100.0,0.0,0.0,0.0,0.0,0.0
7858,-100,-35.0,40,1.5,1.0,,,,100.0,0.0,0.0,0.0,0.0,0.0
7861,-100,-35.0,40,1.5,2.5,,,,100.0,0.0,0.0,0.0,0.0,0.0
7862,-100,-35.0,40,1.5,3.0,,,,100.0,0.0,0.0,0.0,0.0,0.0
7863,-100,-35.0,40,1.5,3.5,,,,100.0,0.0,0.0,0.0,0.0,0.0
7864,-100,-35.0,40,1.5,4.0,,,,100.0,0.0,0.0,0.0,0.0,0.0
7865,-100,-35.0,40,1.5,4.5,,,,100.0,0.0,0.0,0.0,0.0,0.0
7866,-100,-35.0,40,1.5,5.0,,,,100.0,0.0,0.0,0.0,0.0,0.0
7867,-100,-35.0,40,1.5,5.5,,,,100.0,0.0,0.0,0.0,0.0,0.0
7868,-100,-35.0,40,1.5,6.0,,,,100.0,0.0,0.0,0.0,0.0,0.0
7869,-100,-35.0,40,1.5,6.5,,,,100.0,0.0,0.0,0.0,0.0,0.0
7870,-100,-35.0,40,1.5,7.0,,,,100.0,0.0,0.0,0.0,0.0,0.0
7871,-100,-35.0,40,1.5,7.5,,,,100.0,0.0,0.0,0.0,0.0,0.0
7873,-100,-35.0,40,1.5,8.5,,,,100.0,0.0,0.0,0.0,0.0,0.0
7872,-100,-35.0,40,1.5,8.0,,,,100.0,0.0,0.0,0.0,0.0,0.0
7875,-100,-35.0,40,1.5,9.5,-75.0,0.0,-75,100.0,0.01,2.622718,0.0,0.0089,0.0
7876,-100,-35.0,40,1.5,10.0,-92.0,0.0,-92,100.0,0.01,2.80884,0.0,0.0089,0.0
7874,-100,-35.0,40,1.5,9.0,,,,100.0,0.0,0.0,0.0,0.0,0.0
7877,-100,-35.0,40,1.5,10.5,-67.5,11.3835,-89,99.97,0.03,3.984143,0.928131,0.0261,0.0
7878,-100,-35.0,40,1.5,11.0,-74.0,0.0,-74,100.0,0.01,2.51632,0.0,0.009,0.0
7879,-100,-35.0,40,1.5,11.5,-83.0,11.0,-94,99.99,0.01,3.061119,0.45391,0.011,0.0
7880,-100,-35.0,40,1.5,12.0,-80.82,13.1828,-98,99.95,0.06,3.582497,1.43304,0.0359,0.0
7881,-100,-35.0,40,1.5,12.5,-67.89,7.6659,-79,99.96,0.05,5.368786,2.237752,0.0262,0.0
7882,-100,-35.0,40,1.5,13.0,-74.08,10.8855,-95,99.89,0.13,4.259369,1.190226,0.0592,0.0004
7883,-100,-35.0,40,1.5,13.5,-70.49,14.3124,-100,99.83,0.2,4.143499,1.008509,0.0541,0.0009
7885,-100,-35.0,40,1.75,1.0,,,,100.0,0.0,0.0,0.0,0.0,0.0
7884,-100,-35.0,40,1.5,14.0,-77.0,12.8929,-100,99.8,0.24,3.818343,0.84327,0.0572,0.0011
7886,-100,-35.0,40,1.75,1.5,,,,100.0,0.0,0.0,0.0,0.0,0.0
7887,-100,-35.0,40,1.75,2.0,,,,100.0,0.0,0.0,0.0,0.0,0.0
7888,-100,-35.0,40,1.75,2.5,,,,100.0,0.0,0.0,0.0,0.0,0.0
7889,-100,-35.0,40,1.75,3.0,,,,100.0,0.0,0.0,0.0,0.0,0.0
7890,-100,-35.0,40,1.75,3.5,,,,100.0,0.0,0.0,0.0,0.0,0.0
7891,-100,-35.0,40,1.75,4.0,,,,100.0,0.0,0.0,0.0,0.0,0.0
7892,-100,-35.0,40,1.75,4.5,,,,100.0,0.0,0.0,0.0,0.0,0.0
7893,-100,-35.0,40,1.75,5.0,,,,100.0,0.0,0.0,0.0,0.0,0.0
7894,-100,-35.0,40,1.75,5.5,,,,100.0,0.0,0.0,0.0,0.0,0.0
7895,-100,-35.0,40,1.75,6.0,,,,100.0,0.0,0.0,0.0,0.0,0.0
7896,-100,-35.0,40,1.75,6.5,,,,100.0,0.0,0.0,0.0,0.0,0.0
7897,-100,-35.0,40,1.75,7.0,,,,100.0,0.0,0.0,0.0,0.0,0.0
7898,-100,-35.0,40,1.75,7.5,,,,100.0,0.0,0.0,0.0,0.0,0.0
7899,-100,-35.0,40,1.75,8.0,,,,100.0,0.0,0.0,0.0,0.0,0.0
7900,-100,-35.0,40,1.75,8.5,,,,100.0,0.0,0.0,0.0,0.0,0.0
7901,-100,-35.0,40,1.75,9.0,-72.0,2.0,-74,99.99,0.01,4.878171,0.372537,0.011,0.0
7902,-100,-35.0,40,1.75,9.5,,,,100.0,0.0,0.0,0.0,0.0,0.0
7904,-100,-35.0,40,1.75,10.5,-79.25,9.4439,-95,99.98,0.02,3.347159,0.279803,0.0219,0.0
7903,-100,-35.0,40,1.75,10.0,-65.5,8.5,-74,99.99,0.01,3.280649,0.027094,0.018,0.0
7905,-100,-35.0,40,1.75,11.0,-80.27,10.5752,-94,99.95,0.06,3.550453,0.632505,0.0261,0.0002
7907,-100,-35.0,40,1.75,12.0,-74.74,13.9391,-100,99.91,0.1,3.864705,1.082126,0.0537,0.0002
7906,-100,-35.0,40,1.75,11.5,-72.22,9.4725,-88,99.92,0.1,3.832251,1.094745,0.0304,0.0004
7909,-100,-35.0,40,1.75,13.0,-72.81,13.1051,-100,99.76,0.29,3.830496,1.521189,0.0755,0.0011
7908,-100,-35.0,40,1.75,12.5,-75.03,14.4113,-100,99.84,0.19,3.342197,1.067372,0.0399,0.0011
7910,-100,-35.0,40,1.75,13.5,-72.74,14.463,-100,99.73,0.33,3.594731,0.920416,0.2142,0.0002
7911,-100,-35.0,40,1.75,14.0,-72.19,14.467,-100,99.5,0.6,3.56158,1.163667,0.2705,0.0027
7912,-100,-35.0,40,2.0,1.0,,,,100.0,0.0,0.0,0.0,0.0,0.0
7913,-100,-35.0,40,2.0,1.5,,,,100.0,0.0,0.0,0.0,0.0,0.0
7914,-100,-35.0,40,2.0,2.0,,,,100.0,0.0,0.0,0.0,0.0,0.0
7915,-100,-35.0,40,2.0,2.5,,,,100.0,0.0,0.0,0.0,0.0,0.0
7916,-100,-35.0,40,2.0,3.0,,,,100.0,0.0,0.0,0.0,0.0,0.0
7917,-100,-35.0,40,2.0,3.5,,,,100.0,0.0,0.0,0.0,0.0,0.0
7918,-100,-35.0,40,2.0,4.0,,,,100.0,0.0,0.0,0.0,0.0,0.0
7920,-100,-35.0,40,2.0,5.0,,,,100.0,0.0,0.0,0.0,0.0,0.0
7919,-100,-35.0,40,2.0,4.5,,,,100.0,0.0,0.0,0.0,0.0,0.0
7921,-100,-35.0,40,2.0,5.5,,,,100.0,0.0,0.0,0.0,0.0,0.0
7922,-100,-35.0,40,2.0,6.0,,,,100.0,0.0,0.0,0.0,0.0,0.0
7923,-100,-35.0,40,2.0,6.5,,,,100.0,0.0,0.0,0.0,0.0,0.0
7924,-100,-35.0,40,2.0,7.0,,,,100.0,0.0,0.0,0.0,0.0,0.0
7925,-100,-35.0,40,2.0,7.5,,,,100.0,0.0,0.0,0.0,0.0,0.0
7926,-100,-35.0,40,2.0,8.0,,,,100.0,0.0,0.0,0.0,0.0,0.0
7927,-100,-35.0,40,2.0,8.5,-63.0,0.0,-63,100.0,0.01,8.614896,0.0,0.0089,0.0
7928,-100,-35.0,40,2.0,9.0,-74.67,3.8586,-80,99.99,0.02,4.291993,0.569539,0.0179,0.0
7929,-100,-35.0,40,2.0,9.5,-60.43,10.349,-75,99.97,0.04,3.750798,1.147029,0.0179,0.0
7930,-100,-35.0,40,2.0,10.0,-66.29,7.0956,-78,99.94,0.08,4.524235,2.304733,0.0624,0.0
7931,-100,-35.0,40,2.0,10.5,-67.33,13.7248,-92,99.88,0.15,3.787837,1.372263,0.1222,0.0
7932,-100,-35.0,40,2.0,11.0,-69.92,11.9387,-100,99.88,0.14,3.343011,1.041225,0.078,0.0002
7934,-100,-35.0,40,2.0,12.0,-69.75,9.2343,-90,99.74,0.31,4.210452,1.753949,0.0996,0.0013
7933,-100,-35.0,40,2.0,11.5,-69.61,11.7807,-98,99.72,0.33,2.949142,0.399666,0.1759,0.0009
7935,-100,-35.0,40,2.0,12.5,-72.49,12.8948,-100,99.66,0.4,3.698418,1.015675,0.1562,0.0011
7936,-100,-35.0,40,2.0,13.0,-71.86,12.7776,-100,99.55,0.54,4.194206,1.254918,0.2118,0.0018
7937,-100,-35.0,40,2.0,13.5,-68.78,13.9091,-100,99.26,0.89,4.01407,1.54811,0.3371,0.004
7938,-100,-35.0,40,2.0,14.0,-71.03,13.7035,-100,99.03,1.16,3.917897,1.062958,0.224,0.007
7939,-100,-35.0,40,2.25,1.0,,,,100.0,0.0,0.0,0.0,0.0,0.0
7940,-100,-35.0,40,2.25,1.5,,,,100.0,0.0,0.0,0.0,0.0,0.0
7941,-100,-35.0,40,2.25,2.0,,,,100.0,0.0,0.0,0.0,0.0,0.0
7942,-100,-35.0,40,2.25,2.5,,,,100.0,0.0,0.0,0.0,0.0,0.0
7943,-100,-35.0,40,2.25,3.0,,,,100.0,0.0,0.0,0.0,0.0,0.0
7944,-100,-35.0,40,2.25,3.5,,,,100.0,0.0,0.0,0.0,0.0,0.0
7945,-100,-35.0,40,2.25,4.0,,,,100.0,0.0,0.0,0.0,0.0,0.0
7946,-100,-35.0,40,2.25,4.5,,,,100.0,0.0,0.0,0.0,0.0,0.0
7947,-100,-35.0,40,2.25,5.0,,,,100.0,0.0,0.0,0.0,0.0,0.0
7948,-100,-35.0,40,2.25,5.5,,,,100.0,0.0,0.0,0.0,0.0,0.0
7950,-100,-35.0,40,2.25,6.5,,,,100.0,0.0,0.0,0.0,0.0,0.0
7949,-100,-35.0,40,2.25,6.0,,,,100.0,0.0,0.0,0.0,0.0,0.0
7952,-100,-35.0,40,2.25,7.5,-66.0,0.0,-66,100.0,0.01,3.935395,0.0,0.0089,0.0
7951,-100,-35.0,40,2.25,7.0,-62.0,5.0,-67,99.99,0.01,3.376821,0.183831,0.0179,0.0
7953,-100,-35.0,40,2.25,8.0,-75.0,2.0,-77,99.99,0.01,2.865876,0.5602,0.0179,0.0
7954,-100,-35.0,40,2.25,8.5,-67.88,8.2377,-80,99.96,0.04,3.041076,0.704529,0.0415,0.0
7955,-100,-35.0,40,2.25,9.0,-64.83,10.0899,-78,99.95,0.06,4.0346,1.437755,0.0673,0.0
7956,-100,-35.0,40,2.25,9.5,-66.14,9.0187,-91,99.87,0.15,3.62012,0.961803,0.0716,0.0004
7957,-100,-35.0,40,2.25,10.0,-68.56,9.2177,-89,99.89,0.13,4.800276,2.701721,0.0632,0.0004
7958,-100,-35.0,40,2.25,10.5,-64.97,8.2747,-83,99.84,0.19,4.696445,1.717774,0.1249,0.0
7959,-100,-35.0,40,2.25,11.0,-64.61,9.4318,-89,99.63,0.45,4.714568,1.7206,0.154,0.0016
7960,-100,-35.0,40,2.25,11.5,-65.69,10.5393,-91,99.61,0.47,4.706632,2.705974,0.1621,0.0018
7961,-100,-35.0,40,2.25,12.0,-66.44,10.757,-98,99.19,0.97,4.130028,1.303635,0.3686,0.0025
7962,-100,-35.0,40,2.25,12.5,-65.43,11.7713,-100,99.15,1.02,4.214326,2.290546,0.5127,0.0031
7963,-100,-35.0,40,2.25,13.0,-65.99,13.7283,-100,98.81,1.43,4.154814,1.452684,0.3874,0.0072
7964,-100,-35.0,40,2.25,13.5,-66.2,14.0581,-100,98.63,1.65,4.732197,1.548644,0.5176,0.0099
7965,-100,-35.0,40,2.25,14.0,-66.72,13.4576,-100,98.22,2.14,4.442326,1.953705,1.3089,0.0076
7966,-100,-35.0,40,2.5,1.0,,,,100.0,0.0,0.0,0.0,0.0,0.0
7967,-100,-35.0,40,2.5,1.5,,,,100.0,0.0,0.0,0.0,0.0,0.0
7968,-100,-35.0,40,2.5,2.0,,,,100.0,0.0,0.0,0.0,0.0,0.0
7969,-100,-35.0,40,2.5,2.5,,,,100.0,0.0,0.0,0.0,0.0,0.0
7970,-100,-35.0,40,2.5,3.0,,,,100.0,0.0,0.0,0.0,0.0,0.0
7971,-100,-35.0,40,2.5,3.5,,,,100.0,0.0,0.0,0.0,0.0,0.0
7972,-100,-35.0,40,2.5,4.0,,,,100.0,0.0,0.0,0.0,0.0,0.0
7973,-100,-35.0,40,2.5,4.5,,,,100.0,0.0,0.0,0.0,0.0,0.0
7974,-100,-35.0,40,2.5,5.0,,,,100.0,0.0,0.0,0.0,0.0,0.0
7975,-100,-35.0,40,2.5,5.5,,,,100.0,0.0,0.0,0.0,0.0,0.0
7976,-100,-35.0,40,2.5,6.0,,,,100.0,0.0,0.0,0.0,0.0,0.0
7977,-100,-35.0,40,2.5,6.5,,,,100.0,0.0,0.0,0.0,0.0,0.0
7978,-100,-35.0,40,2.5,7.0,-67.0,4.0,-71,99.99,0.01,5.022403,0.121575,0.0179,0.0
7979,-100,-35.0,40,2.5,7.5,-63.33,6.8232,-75,99.95,0.06,3.599072,0.708123,0.0578,0.0
7980,-100,-35.0,40,2.5,8.0,-60.15,8.7708,-77,99.91,0.11,3.663282,1.58954,0.0839,0.0
7981,-100,-35.0,40,2.5,8.5,-60.89,8.0753,-81,99.92,0.1,4.285974,1.057383,0.0541,0.0
7982,-100,-35.0,40,2.5,9.0,-59.2,10.5622,-77,99.91,0.11,4.548182,1.367971,0.0424,0.0002
7983,-100,-35.0,40,2.5,9.5,-61.74,9.7922,-86,99.59,0.49,3.799386,0.956382,0.3943,0.0002
7984,-100,-35.0,40,2.5,10.0,-63.05,11.0282,-95,99.58,0.5,3.957864,0.933508,0.2741,0.0016
7985,-100,-35.0,40,2.5,10.5,-62.85,10.8518,-92,99.21,0.95,3.501135,0.991784,0.6263,0.0038
7986,-100,-35.0,40,2.5,11.0,-64.34,10.8294,-97,99.2,0.96,3.970514,1.473694,0.333,0.0052
7987,-100,-35.0,40,2.5,11.5,-62.27,11.5278,-100,98.89,1.34,4.127696,1.435269,0.5045,0.0049
7988,-100,-35.0,40,2.5,12.0,-63.01,12.3857,-97,98.38,1.95,3.749529,0.830994,0.7514,0.0087
7989,-100,-35.0,40,2.5,12.5,-61.36,13.0022,-100,97.7,2.76,4.210651,1.151432,1.0003,0.0101
7990,-100,-35.0,40,2.5,13.0,-62.55,13.4194,-100,98.13,2.25,5.124948,2.144607,0.4033,0.0141
7992,-100,-35.0,40,2.5,14.0,-62.91,14.7402,-100,96.03,4.78,3.529538,1.142222,2.0674,0.0251
7991,-100,-35.0,40,2.5,13.5,-61.94,13.6015,-100,97.07,3.51,4.069459,1.303132,1.4328,0.0116
7993,-100,-35.0,40,2.75,1.0,,,,100.0,0.0,0.0,0.0,0.0,0.0
7994,-100,-35.0,40,2.75,1.5,,,,100.0,0.0,0.0,0.0,0.0,0.0
7995,-100,-35.0,40,2.75,2.0,,,,100.0,0.0,0.0,0.0,0.0,0.0
7996,-100,-35.0,40,2.75,2.5,,,,100.0,0.0,0.0,0.0,0.0,0.0
7997,-100,-35.0,40,2.75,3.0,,,,100.0,0.0,0.0,0.0,0.0,0.0
7998,-100,-35.0,40,2.75,3.5,,,,100.0,0.0,0.0,0.0,0.0,0.0
7999,-100,-35.0,40,2.75,4.0,,,,100.0,0.0,0.0,0.0,0.0,0.0
8000,-100,-35.0,40,2.75,4.5,,,,100.0,0.0,0.0,0.0,0.0,0.0
8001,-100,-35.0,40,2.75,5.0,,,,100.0,0.0,0.0,0.0,0.0,0.0
8002,-100,-35.0,40,2.75,5.5,,,,100.0,0.0,0.0,0.0,0.0,0.0
8004,-100,-35.0,40,2.75,6.5,-59.12,8.7527,-76,99.96,0.04,4.77196,1.755475,0.0229,0.0
8003,-100,-35.0,40,2.75,6.0,-59.67,2.0548,-62,99.99,0.02,5.64239,1.816255,0.0179,0.0
8005,-100,-35.0,40,2.75,7.0,-59.5,5.9372,-69,99.94,0.08,4.250999,2.160482,0.0478,0.0
8006,-100,-35.0,40,2.75,7.5,-56.93,6.0052,-75,99.87,0.16,3.014615,0.413612,0.1742,0.0
8007,-100,-35.0,40,2.75,8.0,-58.12,8.7238,-82,99.74,0.32,4.718148,1.438599,0.3016,0.0
8009,-100,-35.0,40,2.75,9.0,-57.93,8.795,-83,99.41,0.71,4.631432,1.325752,0.4598,0.0011
8008,-100,-35.0,40,2.75,8.5,-58.02,8.1623,-75,99.58,0.5,4.260963,1.355056,0.3116,0.0009
8010,-100,-35.0,40,2.75,9.5,-58.58,9.6845,-86,99.05,1.14,4.790417,2.00137,0.4954,0.0025
8012,-100,-35.0,40,2.75,10.5,-59.45,10.5502,-95,98.4,1.92,4.056775,1.228453,0.604,0.0092
8011,-100,-35.0,40,2.75,10.0,-59.07,10.018,-84,98.91,1.31,4.276026,1.11981,0.4412,0.0061
8013,-100,-35.0,40,2.75,11.0,-59.8,11.3241,-93,98.28,2.07,5.248425,2.437577,0.6042,0.0117
8014,-100,-35.0,40,2.75,11.5,-58.07,11.6075,-92,97.47,3.04,4.743429,1.658054,1.0984,0.0085
8016,-100,-35.0,40,2.75,12.5,-58.74,13.0759,-100,96.68,3.99,5.40294,3.010549,1.3507,0.0119
8015,-100,-35.0,40,2.75,12.0,-58.85,12.3006,-96,97.07,3.51,4.549153,1.973044,1.2514,0.0157
8019,-100,-35.0,40,2.75,14.0,-58.75,14.2144,-100,94.06,7.13,4.078644,1.750995,2.8949,0.028
8017,-100,-35.0,40,2.75,13.0,-58.68,13.1222,-100,95.0,6.0,3.456135,1.052123,1.4801,0.0347
8018,-100,-35.0,40,2.75,13.5,-58.85,13.6505,-100,95.15,5.82,4.099444,1.142147,1.583,0.0274
8020,-100,-35.0,40,3.0,1.0,,,,100.0,0.0,0.0,0.0,0.0,0.0
8021,-100,-35.0,40,3.0,1.5,,,,100.0,0.0,0.0,0.0,0.0,0.0
8022,-100,-35.0,40,3.0,2.0,,,,100.0,0.0,0.0,0.0,0.0,0.0
8023,-100,-35.0,40,3.0,2.5,,,,100.0,0.0,0.0,0.0,0.0,0.0
8024,-100,-35.0,40,3.0,3.0,,,,100.0,0.0,0.0,0.0,0.0,0.0
8025,-100,-35.0,40,3.0,3.5,,,,100.0,0.0,0.0,0.0,0.0,0.0
8026,-100,-35.0,40,3.0,4.0,,,,100.0,0.0,0.0,0.0,0.0,0.0
8028,-100,-35.0,40,3.0,5.0,-53.5,7.1239,-63,99.98,0.02,3.563085,0.565331,0.022,0.0
8027,-100,-35.0,40,3.0,4.5,-56.0,0.0,-56,100.0,0.01,9.471162,0.0,0.0089,0.0
8029,-100,-35.0,40,3.0,5.5,-52.83,5.2731,-61,99.97,0.03,5.175464,2.330808,0.0262,0.0
8030,-100,-35.0,40,3.0,6.0,-53.0,4.487,-61,99.93,0.08,5.550833,1.109733,0.0825,0.0
8032,-100,-35.0,40,3.0,7.0,-51.72,7.8221,-75,99.71,0.35,4.049883,1.271124,0.2736,0.0
8033,-100,-35.0,40,3.0,7.5,-55.65,7.2911,-71,99.46,0.65,5.018978,4.606241,0.257,0.0022
8034,-100,-35.0,40,3.0,8.0,-53.06,8.676,-73,99.16,1.01,4.735179,1.365119,0.6374,0.0004
8031,-100,-35.0,40,3.0,6.5,-55.32,6.2186,-66,99.76,0.29,4.053291,1.459169,0.1727,0.0002
8035,-100,-35.0,40,3.0,8.5,-54.03,8.595,-75,98.72,1.54,4.386939,2.11821,0.9911,0.0034
8036,-100,-35.0,40,3.0,9.0,-55.86,9.4377,-80,98.53,1.76,4.176111,1.904089,0.8026,0.0063
8037,-100,-35.0,40,3.0,9.5,-54.14,9.5916,-81,97.6,2.88,4.28325,2.051356,1.9403,0.0092
8039,-100,-35.0,40,3.0,10.5,-54.59,10.7685,-92,96.06,4.74,4.497245,1.579839,1.3443,0.0188
8040,-100,-35.0,40,3.0,11.0,-55.88,10.808,-92,96.2,4.55,4.294743,1.46619,1.881,0.0168
8038,-100,-35.0,40,3.0,10.0,-54.23,10.1437,-86,97.11,3.47,3.231906,0.910804,1.7448,0.0031
8041,-100,-35.0,40,3.0,11.5,-55.34,11.4222,-92,95.59,5.3,4.662869,1.361634,0.998,0.0334
8043,-100,-35.0,40,3.0,12.5,-54.57,12.6589,-96,92.46,9.05,4.234116,1.290268,1.8579,0.051
8042,-100,-35.0,40,3.0,12.0,-54.24,12.0566,-91,92.8,8.65,3.698492,1.610033,5.2742,0.0166
8046,-100,-35.0,40,3.0,14.0,-54.93,14.1722,-100,90.89,10.94,3.896549,1.747247,5.3114,0.0348
8047,-100,-35.0,40,3.25,1.0,,,,100.0,0.0,0.0,0.0,0.0,0.0
8048,-100,-35.0,40,3.25,1.5,,,,100.0,0.0,0.0,0.0,0.0,0.0
8044,-100,-35.0,40,3.0,13.0,-54.41,12.9052,-94,91.06,10.74,3.509751,1.52271,5.0713,0.0235
8045,-100,-35.0,40,3.0,13.5,-56.37,14.0085,-100,91.99,9.62,3.57734,0.991761,2.8623,0.0364
8049,-100,-35.0,40,3.25,2.0,,,,100.0,0.0,0.0,0.0,0.0,0.0
8051,-100,-35.0,40,3.25,3.0,-48.33,1.6997,-50,99.99,0.02,2.764331,0.238763,0.0268,0.0
8050,-100,-35.0,40,3.25,2.5,,,,100.0,0.0,0.0,0.0,0.0,0.0
8052,-100,-35.0,40,3.25,3.5,,,,100.0,0.0,0.0,0.0,0.0,0.0
8053,-100,-35.0,40,3.25,4.0,-52.0,0.0,-52,99.99,0.01,4.228246,1.069486,0.011,0.0
8055,-100,-35.0,40,3.25,5.0,-49.52,4.3052,-58,99.91,0.11,4.838171,2.635906,0.0781,0.0
8056,-100,-35.0,40,3.25,5.5,-50.33,5.4202,-59,99.66,0.41,3.961561,0.866734,0.4257,0.0
8054,-100,-35.0,40,3.25,4.5,-54.8,3.1454,-60,99.93,0.08,3.127867,0.615981,0.0749,0.0
8057,-100,-35.0,40,3.25,6.0,-50.12,6.2841,-66,99.34,0.79,4.238826,1.223617,0.6768,0.0
8058,-100,-35.0,40,3.25,6.5,-49.31,6.763,-71,98.92,1.29,4.9648,1.079402,0.9838,0.0013
8059,-100,-35.0,40,3.25,7.0,-50.8,7.2707,-69,98.6,1.68,4.567357,0.84495,0.9864,0.0029
8060,-100,-35.0,40,3.25,7.5,-51.53,8.2606,-76,98.45,1.87,5.273636,1.83923,0.9941,0.0076
8061,-100,-35.0,40,3.25,8.0,-50.21,8.0871,-76,96.47,4.24,3.91851,0.73079,2.1464,0.0067
8062,-100,-35.0,40,3.25,8.5,-51.54,8.8487,-83,96.14,4.64,3.908188,1.726362,2.56,0.0079
8064,-100,-35.0,40,3.25,9.5,-50.85,9.3732,-86,94.98,6.02,4.521126,1.353121,3.311,0.0172
8063,-100,-35.0,40,3.25,9.0,-52.09,9.102,-80,96.34,4.4,5.004193,3.223927,2.6471,0.0141
8065,-100,-35.0,40,3.25,10.0,-51.65,10.3944,-85,94.42,6.71,4.29471,1.245354,2.6057,0.0213
8066,-100,-35.0,40,3.25,10.5,-51.33,10.6216,-88,92.82,8.61,3.788751,1.371496,3.1885,0.0405
8067,-100,-35.0,40,3.25,11.0,-51.69,11.2949,-96,91.45,10.26,3.67019,0.932241,3.6551,0.0494
8068,-100,-35.0,40,3.25,11.5,-53.13,11.8367,-95,92.22,9.33,4.163216,1.060229,1.8739,0.057
8069,-100,-35.0,40,3.25,12.0,-51.22,11.7869,-90,90.16,11.81,3.764864,2.961925,4.7228,0.0416
8070,-100,-35.0,40,3.25,12.5,-51.35,12.7202,-94,89.61,12.48,4.07736,0.80252,2.9098,0.0613
8071,-100,-35.0,40,3.25,13.0,-49.83,13.3929,-100,87.68,14.81,3.633879,1.740592,6.9361,0.028
8074,-100,-35.0,40,3.5,1.0,,,,100.0,0.0,0.0,0.0,0.0,0.0
8072,-100,-35.0,40,3.25,13.5,-51.86,13.3951,-98,87.21,15.36,3.879512,1.154801,4.4305,0.0698
8073,-100,-35.0,40,3.25,14.0,-52.08,14.1464,-100,86.4,16.32,3.867596,1.265121,3.8254,0.0893
8075,-100,-35.0,40,3.5,1.5,-45.0,0.0,-45,100.0,0.01,6.732062,0.0,0.009,0.0
8076,-100,-35.0,40,3.5,2.0,,,,100.0,0.0,0.0,0.0,0.0,0.0
8077,-100,-35.0,40,3.5,2.5,-43.0,3.3947,-50,99.91,0.11,4.013854,0.947804,0.1664,0.0
8078,-100,-35.0,40,3.5,3.0,-46.73,1.5428,-49,99.95,0.06,5.370075,0.383863,0.0456,0.0
8079,-100,-35.0,40,3.5,3.5,-43.29,3.7209,-53,99.5,0.6,2.80755,0.393092,0.7637,0.0
8080,-100,-35.0,40,3.5,4.0,-45.27,4.3586,-57,99.55,0.54,6.408954,2.507132,0.4856,0.0
8082,-100,-35.0,40,3.5,5.0,-45.04,5.3327,-60,98.36,1.98,3.525337,1.257202,2.2863,0.0
8083,-100,-35.0,40,3.5,5.5,-46.45,5.6335,-64,98.35,1.98,5.395049,1.768482,1.1954,0.0013
8084,-100,-35.0,40,3.5,6.0,-45.42,6.0463,-65,95.67,5.2,3.460418,1.189144,3.9151,0.0013
8081,-100,-35.0,40,3.5,4.5,-44.55,4.2804,-60,98.55,1.74,3.179742,0.709553,1.5978,0.0
8086,-100,-35.0,40,3.5,7.0,-45.68,7.4959,-77,95.24,5.73,4.581552,1.799085,3.9284,0.0076
8088,-100,-35.0,40,3.5,8.0,-46.31,8.1823,-75,92.13,9.47,3.944734,2.245653,6.0212,0.0141
8085,-100,-35.0,40,3.5,6.5,-46.28,6.8159,-68,95.19,5.77,3.268444,0.734629,4.1211,0.0058
8087,-100,-35.0,40,3.5,7.5,-47.87,8.5689,-73,96.2,4.57,6.455564,3.827219,1.9335,0.0099
8089,-100,-35.0,40,3.5,8.5,-48.03,8.9306,-78,93.22,8.14,4.287822,2.308763,4.3325,0.0199
8090,-100,-35.0,40,3.5,9.0,-47.93,9.2017,-78,92.57,8.92,4.909359,2.472012,4.8668,0.0263
8091,-100,-35.0,40,3.5,9.5,-47.65,9.7227,-81,89.79,12.25,3.579035,1.027805,4.7044,0.0339
8092,-100,-35.0,40,3.5,10.0,-47.36,10.3927,-85,88.02,14.38,3.661153,1.109953,6.0194,0.0445
8093,-100,-35.0,40,3.5,10.5,-47.27,10.5685,-85,87.9,14.52,3.94196,1.423996,6.2554,0.0476
8094,-100,-35.0,40,3.5,11.0,-48.38,11.4885,-93,87.63,14.84,4.078658,1.364157,4.6761,0.0678
8095,-100,-35.0,40,3.5,11.5,-47.69,12.0941,-89,88.57,13.74,4.495081,1.75499,5.6375,0.06
8096,-100,-35.0,40,3.5,12.0,-47.78,11.9949,-94,85.55,17.36,3.900636,1.057464,5.6547,0.082
8097,-100,-35.0,40,3.5,12.5,-48.23,12.7687,-91,83.93,19.29,3.711126,1.195191,4.0508,0.1244
8098,-100,-35.0,40,3.5,13.0,-49.0,13.1702,-95,84.46,18.68,3.568637,2.745315,5.6451,0.0624
8101,-100,-35.0,40,3.75,1.0,-41.14,0.9674,-43,99.9,0.12,3.157903,1.439738,0.1865,0.0
8099,-100,-35.0,40,3.5,13.5,-48.32,13.238,-94,83.57,19.73,3.949097,0.996383,3.7161,0.1008
8100,-100,-35.0,40,3.5,14.0,-48.4,14.2138,-99,82.91,20.51,3.60191,1.788511,6.9543,0.0637
8102,-100,-35.0,40,3.75,1.5,-41.25,1.479,-45,99.95,0.06,5.196693,1.088152,0.0746,0.0
8103,-100,-35.0,40,3.75,2.0,-43.35,2.0847,-48,99.92,0.09,5.773258,1.750366,0.0916,0.0
8104,-100,-35.0,40,3.75,2.5,-43.03,2.3435,-51,99.68,0.38,6.514895,1.956057,0.331,0.0
8105,-100,-35.0,40,3.75,3.0,-40.3,3.2181,-50,97.82,2.62,3.404527,1.190928,3.5123,0.0
8106,-100,-35.0,40,3.75,3.5,-42.29,3.6827,-55,98.0,2.39,3.295338,1.242023,2.1754,0.0004
8107,-100,-35.0,40,3.75,4.0,-42.71,4.2636,-56,97.12,3.47,4.067774,0.691056,2.6328,0.0007
8108,-100,-35.0,40,3.75,4.5,-42.29,4.826,-59,96.21,4.55,4.888819,1.531847,3.6118,0.0034
8109,-100,-35.0,40,3.75,5.0,-44.08,5.098,-60,96.45,4.25,4.593339,2.00258,2.6807,0.0092
8111,-100,-35.0,40,3.75,6.0,-43.79,6.4167,-65,92.36,9.17,4.15203,1.231822,4.6185,0.0175
8110,-100,-35.0,40,3.75,5.5,-42.69,5.7903,-62,93.01,8.39,3.413761,1.757491,7.4524,0.0092
8112,-100,-35.0,40,3.75,6.5,-43.28,6.8976,-63,89.92,12.1,3.923916,1.924854,7.075,0.0321
8113,-100,-35.0,40,3.75,7.0,-42.35,7.3324,-68,86.67,16.0,3.254484,0.97633,8.4633,0.0435
8114,-100,-35.0,40,3.75,7.5,-43.09,7.6507,-70,86.96,15.65,3.506581,1.50752,8.726,0.0371
8115,-100,-35.0,40,3.75,8.0,-43.11,8.4831,-75,85.88,16.97,3.45808,1.15803,8.3797,0.0327
8119,-100,-35.0,40,3.75,10.0,-45.24,10.5534,-82,90.23,11.72,5.558492,3.115432,2.346,0.0622
8116,-100,-35.0,40,3.75,8.5,-44.23,8.9381,-72,85.19,17.79,3.550709,0.862755,6.154,0.066
8117,-100,-35.0,40,3.75,9.0,-44.73,9.4605,-79,86.09,16.72,4.051688,1.143539,2.4541,0.1027
8118,-100,-35.0,40,3.75,9.5,-45.16,9.9162,-77,86.22,16.56,3.922737,1.740547,7.5336,0.0488
8120,-100,-35.0,40,3.75,10.5,-43.96,10.8773,-84,83.27,20.09,3.768316,1.329902,7.9902,0.0945
8121,-100,-35.0,40,3.75,11.0,-44.08,11.3907,-82,81.68,21.98,3.637449,1.681715,6.1424,0.1148
8123,-100,-35.0,40,3.75,12.0,-44.57,12.4777,-84,79.87,24.15,3.490475,1.237381,7.5962,0.1104
8122,-100,-35.0,40,3.75,11.5,-43.81,11.52,-86,78.09,26.27,3.16044,1.68983,7.6043,0.108
8124,-100,-35.0,40,3.75,12.5,-44.29,12.6278,-84,81.22,22.55,3.998069,1.887018,6.8731,0.1333
8126,-100,-35.0,40,3.75,13.5,-45.01,13.8847,-93,78.01,26.36,3.322604,0.946682,5.6502,0.1405
8125,-100,-35.0,40,3.75,13.0,-44.41,13.1879,-91,79.11,25.08,3.465074,1.601801,8.08,0.0881
8129,-100,-35.0,40,4.0,1.5,-38.16,1.6595,-43,95.79,5.06,3.029081,0.570995,5.0142,0.0
8127,-100,-35.0,40,3.75,14.0,-44.31,14.5633,-95,77.35,27.16,3.286015,1.067636,7.2764,0.1349
8128,-100,-35.0,40,4.0,1.0,-38.34,1.3172,-44,97.65,2.82,4.229595,0.734866,2.6925,0.0
8130,-100,-35.0,40,4.0,2.0,-39.4,2.1223,-45,97.29,3.25,3.44197,1.175862,3.121,0.0
8131,-100,-35.0,40,4.0,2.5,-38.07,2.8213,-51,92.94,8.48,3.595193,1.101652,7.9976,0.0002
8132,-100,-35.0,40,4.0,3.0,-38.1,3.08,-51,90.54,11.36,3.175212,1.50066,10.3399,0.0009
8133,-100,-35.0,40,4.0,3.5,-39.64,3.7648,-53,91.54,10.15,3.333499,1.282626,7.6788,0.0054
8134,-100,-35.0,40,4.0,4.0,-39.41,4.7822,-55,93.56,7.73,6.236189,3.577642,4.5301,0.0031
8135,-100,-35.0,40,4.0,4.5,-39.38,4.8997,-59,87.7,14.75,3.652653,0.966035,8.4536,0.0157
8136,-100,-35.0,40,4.0,5.0,-39.7,5.5541,-63,87.83,14.6,3.945035,1.650518,8.9438,0.0168
8137,-100,-35.0,40,4.0,5.5,-39.1,5.8563,-63,83.22,20.12,3.07084,1.355894,12.3604,0.0153
8138,-100,-35.0,40,4.0,6.0,-39.83,6.6537,-64,87.0,15.61,3.833024,1.726243,10.4901,0.0211
8139,-100,-35.0,40,4.0,6.5,-39.48,6.9047,-65,81.19,22.55,3.040431,1.291354,11.6768,0.0386
8140,-100,-35.0,40,4.0,7.0,-40.86,7.6145,-68,83.87,19.38,3.839711,1.632228,8.0482,0.0821
8141,-100,-35.0,40,4.0,7.5,-40.76,8.1034,-70,81.63,22.05,3.627081,0.93718,5.9605,0.0915
8143,-100,-35.0,40,4.0,8.5,-39.2,9.3579,-72,78.44,25.91,3.212886,1.976337,14.8316,0.0962
8142,-100,-35.0,40,4.0,8.0,-39.63,8.4596,-71,76.58,28.13,2.843803,0.966144,10.4451,0.0916
8145,-100,-35.0,40,4.0,9.5,-41.16,10.0869,-86,79.54,24.57,3.50234,1.65885,9.5438,0.1096
8146,-100,-35.0,40,4.0,10.0,-41.82,10.5257,-82,79.16,25.01,3.528362,0.85666,4.3968,0.1577
8144,-100,-35.0,40,4.0,9.0,-40.65,9.3062,-76,74.88,30.16,2.778546,0.978626,9.3149,0.1204
8147,-100,-35.0,40,4.0,10.5,-40.79,10.9848,-79,77.04,27.55,3.382132,1.566754,9.0614,0.1273
8148,-100,-35.0,40,4.0,11.0,-40.12,11.4908,-87,75.25,29.74,3.208272,1.625169,11.7153,0.1474
8150,-100,-35.0,40,4.0,12.0,-42.17,12.2388,-86,77.84,26.6,3.515728,1.843222,8.5441,0.1143
8151,-100,-35.0,40,4.0,12.5,-41.96,12.9239,-90,77.12,27.48,3.525281,1.279538,6.1952,0.1371
8149,-100,-35.0,40,4.0,11.5,-40.1,11.8792,-87,70.55,35.36,2.627201,1.202908,11.116,0.1306
8152,-100,-35.0,40,4.0,13.0,-40.78,13.3071,-92,71.8,33.87,2.868468,1.347204,10.218,0.1716
8153,-100,-35.0,40,4.0,13.5,-40.31,13.9761,-93,70.91,34.94,2.732358,1.271017,11.2696,0.1434
8156,-100,-35.0,40,4.25,1.5,-35.48,1.8527,-45,82.15,21.42,2.513912,1.415781,18.4014,0.0018
8154,-100,-35.0,40,4.0,14.0,-40.92,14.2793,-99,72.34,33.2,2.943163,1.189561,8.0641,0.1802
8155,-100,-35.0,40,4.25,1.0,-34.14,1.6182,-44,64.15,43.05,1.229958,0.808276,29.3808,0.0002
8157,-100,-35.0,40,4.25,2.0,-34.15,2.5014,-46,71.51,34.23,1.217744,0.892615,32.0566,0.0056
8159,-100,-35.0,40,4.25,3.0,-35.38,3.6319,-50,75.9,28.93,2.096251,1.125612,18.5141,0.0191
8160,-100,-35.0,40,4.25,3.5,-35.36,4.0574,-51,76.97,27.67,2.196337,1.916519,22.6821,0.0189
8158,-100,-35.0,40,4.25,2.5,-33.88,3.1311,-49,69.01,37.2,1.539236,1.028714,28.198,0.0141
8161,-100,-35.0,40,4.25,4.0,-35.12,4.4401,-54,73.93,31.31,2.139148,1.451948,22.4733,0.0333
8162,-100,-35.0,40,4.25,4.5,-35.98,4.9599,-57,73.13,32.25,2.294951,1.456227,20.112,0.057
8163,-100,-35.0,40,4.25,5.0,-35.7,5.4056,-60,69.58,36.53,2.026171,1.362239,22.3084,0.0487
8164,-100,-35.0,40,4.25,5.5,-35.88,6.1978,-63,68.89,37.37,2.102285,1.235667,20.3867,0.0698
8165,-100,-35.0,40,4.25,6.0,-36.39,6.6409,-62,72.74,32.72,2.439132,1.173333,15.3025,0.0718
8168,-100,-35.0,40,4.25,7.5,-35.65,7.8488,-73,69.84,36.22,2.540191,2.185924,19.8595,0.0707
8166,-100,-35.0,40,4.25,6.5,-37.96,6.9362,-62,72.84,32.61,2.631331,1.388311,12.0904,0.1584
8167,-100,-35.0,40,4.25,7.0,-36.22,7.6644,-64,67.85,38.58,2.254539,1.78801,20.6967,0.0772
8172,-100,-35.0,40,4.25,9.5,-37.22,9.8966,-74,70.71,35.18,2.694161,1.8567,14.3295,0.1042
8170,-100,-35.0,40,4.25,8.5,-37.6,8.698,-71,67.59,38.94,2.454351,0.888119,8.248,0.253
8169,-100,-35.0,40,4.25,8.0,-36.55,8.6002,-66,64.7,42.37,2.206525,0.993796,12.2598,0.1749
8171,-100,-35.0,40,4.25,9.0,-38.46,9.3335,-73,73.06,32.36,3.039177,1.467551,6.8669,0.1577
8173,-100,-35.0,40,4.25,10.0,-37.14,10.4177,-74,67.44,39.14,2.444616,1.082685,10.7919,0.1756
8174,-100,-35.0,40,4.25,10.5,-37.85,10.8423,-78,70.56,35.33,2.856364,0.99216,5.0335,0.2105
8175,-100,-35.0,40,4.25,11.0,-37.45,11.3883,-83,65.61,41.28,2.328092,1.277856,14.4243,0.1852
8176,-100,-35.0,40,4.25,11.5,-37.04,12.0518,-79,65.36,41.58,2.366747,1.15207,14.0135,0.2379
8177,-100,-35.0,40,4.25,12.0,-37.49,12.2457,-80,67.43,39.1,2.488776,1.540685,14.7626,0.1551
8178,-100,-35.0,40,4.25,12.5,-36.8,13.0956,-85,67.75,38.71,2.591913,1.60143,15.5487,0.1565
8179,-100,-35.0,40,4.25,13.0,-37.26,13.3726,-89,62.85,44.58,2.20648,0.782735,7.5106,0.2993
8180,-100,-35.0,40,4.25,13.5,-36.18,13.7723,-89,62.72,44.72,2.200769,1.135626,14.2961,0.2139
8181,-100,-35.0,40,4.25,14.0,-37.17,14.2549,-88,64.21,42.98,2.320981,1.475614,15.8483,0.1629
8182,-100,-35.0,40,4.5,1.0,-31.59,1.7268,-43,43.58,67.71,0.578271,0.593989,44.7413,0.0162
8183,-100,-35.0,40,4.5,1.5,-32.4,2.2574,-44,47.86,62.61,0.799129,0.817134,39.8502,0.0238
8184,-100,-35.0,40,4.5,2.0,-32.5,2.6939,-45,45.73,65.17,0.814864,0.73544,38.6711,0.0465
8185,-100,-35.0,40,4.5,2.5,-32.25,3.5876,-46,51.09,58.62,1.110969,1.133845,34.0053,0.113
8186,-100,-35.0,40,4.5,3.0,-32.48,3.6799,-48,48.56,61.82,1.130227,1.212665,32.9584,0.0613
8187,-100,-35.0,40,4.5,3.5,-33.12,4.2171,-50,53.88,55.34,1.381357,1.361511,32.8167,0.1264
8188,-100,-35.0,40,4.5,4.0,-33.02,4.785,-54,50.48,59.36,1.386639,1.151591,26.9777,0.1226
8189,-100,-35.0,40,4.5,4.5,-32.29,5.2049,-53,46.09,64.77,1.27904,1.261335,32.8985,0.2043
8190,-100,-35.0,40,4.5,5.0,-31.88,5.6906,-57,49.03,61.2,1.366975,1.483608,31.1976,0.1161
8191,-100,-35.0,40,4.5,5.5,-32.24,6.1106,-56,47.64,62.86,1.384424,1.522169,32.0108,0.1515
8192,-100,-35.0,40,4.5,6.0,-32.58,6.4419,-60,48.55,61.78,1.468792,1.322233,25.7108,0.1689
8193,-100,-35.0,40,4.5,6.5,-32.2,7.4226,-63,48.79,61.5,1.381557,1.203525,28.1277,0.1917
8195,-100,-35.0,40,4.5,7.5,-32.27,8.4018,-64,52.68,56.85,1.551058,1.287595,26.8005,0.179
8194,-100,-35.0,40,4.5,7.0,-32.99,7.6082,-61,51.41,58.33,1.517744,1.566309,28.4318,0.1237
8197,-100,-35.0,40,4.5,8.5,-33.28,8.9519,-68,53.37,56.0,1.639305,1.413053,25.2923,0.1738
8196,-100,-35.0,40,4.5,8.0,-32.28,8.599,-69,52.26,57.37,1.591143,1.3016,24.9392,0.2094
8198,-100,-35.0,40,4.5,9.0,-33.92,9.5461,-70,56.2,52.55,1.828745,0.959247,14.8181,0.2678
8200,-100,-35.0,40,4.5,10.0,-33.98,10.6652,-71,56.04,52.71,1.768727,0.798013,12.7771,0.3213
8201,-100,-35.0,40,4.5,10.5,-32.21,11.3083,-80,51.31,58.4,1.57368,1.404481,24.7877,0.1468
8199,-100,-35.0,40,4.5,9.5,-33.36,10.118,-73,52.72,56.8,1.655489,0.899628,15.7468,0.3091
8202,-100,-35.0,40,4.5,11.0,-33.87,11.4214,-80,54.17,55.03,1.722733,1.013577,16.5913,0.2402
8203,-100,-35.0,40,4.5,11.5,-34.11,11.8296,-88,57.71,50.8,1.920438,0.805902,7.8788,0.2864
8204,-100,-35.0,40,4.5,12.0,-33.5,12.4308,-87,60.43,47.45,2.082167,1.120442,10.8925,0.1872
8205,-100,-35.0,40,4.5,12.5,-34.89,12.8589,-80,58.65,49.56,1.956334,1.009952,13.3951,0.2705
8206,-100,-35.0,40,4.5,13.0,-32.86,13.498,-87,53.24,56.13,1.692933,0.925632,13.4703,0.2311
8207,-100,-35.0,40,4.5,13.5,-32.4,14.0071,-92,57.12,51.5,1.877945,1.362946,21.8435,0.1975
8208,-100,-35.0,40,4.5,14.0,-33.81,14.3333,-99,54.8,54.27,1.769739,1.285271,19.9042,0.1987
8209,-100,-35.0,40,4.75,1.0,-28.62,3.7089,-40,23.84,91.56,0.658595,0.81819,32.5122,0.1481
8210,-100,-35.0,40,4.75,1.5,-29.23,3.5564,-42,33.03,80.43,0.807867,0.848675,33.0556,0.2501
8212,-100,-35.0,40,4.75,2.5,-28.58,3.8698,-47,31.31,82.49,0.772964,1.198342,37.8441,0.2123
8211,-100,-35.0,40,4.75,2.0,-29.87,4.0348,-43,32.84,80.62,1.03384,0.629896,16.031,0.4792
8213,-100,-35.0,40,4.75,3.0,-29.03,5.0946,-46,32.63,80.89,0.919961,1.028569,29.7241,0.2427
8214,-100,-35.0,40,4.75,3.5,-29.08,4.8175,-46,32.42,81.23,0.886253,1.177599,33.4403,0.17
8216,-100,-35.0,40,4.75,4.5,-29.69,5.471,-53,35.92,77.01,1.027522,1.097834,31.233,0.2239
8217,-100,-35.0,40,4.75,5.0,-29.68,6.4811,-52,43.89,67.33,1.259468,0.878506,23.0039,0.3168
8215,-100,-35.0,40,4.75,4.0,-28.84,5.4923,-51,27.15,87.48,0.830608,0.775941,27.6285,0.3412
8218,-100,-35.0,40,4.75,5.5,-30.42,6.3553,-56,37.4,75.24,1.122179,0.824207,21.839,0.2906
8219,-100,-35.0,40,4.75,6.0,-29.28,7.0136,-58,34.76,78.29,0.991638,0.852417,27.3924,0.3962
8220,-100,-35.0,40,4.75,6.5,-29.51,7.1341,-58,31.67,82.06,0.954151,0.903742,26.8304,0.2813
8221,-100,-35.0,40,4.75,7.0,-28.83,7.9394,-59,32.12,81.51,0.962333,1.100301,29.7684,0.1821
8222,-100,-35.0,40,4.75,7.5,-29.18,8.2661,-62,32.93,80.47,1.020976,1.01832,27.7957,0.2218
8223,-100,-35.0,40,4.75,8.0,-30.08,8.6015,-63,36.54,76.15,1.122775,0.806939,22.2207,0.3416
8224,-100,-35.0,40,4.75,8.5,-30.05,9.1568,-67,41.11,70.67,1.271831,0.746953,16.9602,0.4754
8225,-100,-35.0,40,4.75,9.0,-30.17,9.4643,-65,38.23,74.18,1.197118,0.680275,14.1934,0.3992
8226,-100,-35.0,40,4.75,9.5,-29.04,10.3194,-66,38.37,73.91,1.184852,0.736697,19.1324,0.3991
8227,-100,-35.0,40,4.75,10.0,-29.58,10.3943,-72,39.29,72.97,1.179595,1.062934,26.0748,0.2284
8228,-100,-35.0,40,4.75,10.5,-29.52,11.3296,-72,41.84,69.82,1.278508,0.718216,16.7182,0.4345
8229,-100,-35.0,40,4.75,11.0,-29.63,11.7541,-76,47.28,63.36,1.476938,0.803436,12.8553,0.3161
8230,-100,-35.0,40,4.75,11.5,-30.04,11.963,-80,39.87,72.19,1.234398,0.730851,16.8273,0.3722
8231,-100,-35.0,40,4.75,12.0,-29.19,12.8436,-81,40.41,71.51,1.245698,0.909043,22.1673,0.3094
8232,-100,-35.0,40,4.75,12.5,-30.82,13.1155,-82,47.16,63.47,1.458925,0.86542,18.2001,0.3553
8233,-100,-35.0,40,4.75,13.0,-29.5,13.5699,-81,42.63,68.84,1.319367,0.838413,17.8354,0.2866
8234,-100,-35.0,40,4.75,13.5,-29.57,13.9348,-82,44.6,66.57,1.357852,0.972196,21.4892,0.268
8235,-100,-35.0,40,4.75,14.0,-29.9,14.8482,-88,48.58,61.75,1.505079,0.977166,22.1602,0.3776
8236,-100,-35.0,40,5.0,1.0,-26.18,4.5289,-38,12.62,105.0,0.534999,0.62645,20.9168,0.4581
8237,-100,-35.0,40,5.0,1.5,-26.2,4.6294,-40,20.48,95.48,0.654445,0.78355,24.4268,0.4266
8238,-100,-35.0,40,5.0,2.0,-27.0,4.8171,-40,12.27,105.2,0.618076,0.403375,9.6569,0.7072
8239,-100,-35.0,40,5.0,2.5,-26.13,4.459,-41,4.45,114.71,0.487465,0.299964,4.9275,0.8608
8240,-100,-35.0,40,5.0,3.0,-27.47,4.8841,-45,13.45,103.74,0.628618,0.436203,12.7919,0.6817
8241,-100,-35.0,40,5.0,3.5,-26.76,5.7711,-47,19.32,96.81,0.712546,0.508594,14.4653,0.634
8242,-100,-35.0,40,5.0,4.0,-26.85,5.2037,-49,10.62,107.27,0.573368,0.395914,10.2102,0.7094
8243,-100,-35.0,40,5.0,4.5,-26.31,6.1919,-49,21.81,93.71,0.750194,0.674973,22.0924,0.4192
8244,-100,-35.0,40,5.0,5.0,-26.38,6.4278,-49,20.61,95.27,0.758829,0.6606,21.2042,0.4063
8245,-100,-35.0,40,5.0,5.5,-26.62,6.7106,-52,23.56,91.79,0.80331,0.657687,19.4772,0.4711
8247,-100,-35.0,40,5.0,6.5,-26.74,7.6569,-56,29.96,84.14,0.934443,0.654836,16.88,0.4779
8246,-100,-35.0,40,5.0,6.0,-26.74,7.0118,-51,20.23,95.83,0.71486,0.527213,16.0173,0.6447
8248,-100,-35.0,40,5.0,7.0,-26.72,7.8533,-56,20.36,95.59,0.780184,0.543269,16.7194,0.4788
8249,-100,-35.0,40,5.0,7.5,-26.88,8.2054,-58,25.23,89.75,0.872833,0.594868,17.6928,0.5423
8250,-100,-35.0,40,5.0,8.0,-26.62,8.9743,-62,21.62,94.23,0.787273,0.512005,16.2918,0.5991
8251,-100,-35.0,40,5.0,8.5,-26.42,9.38,-63,24.56,90.56,0.831594,0.667853,22.783,0.4009
8252,-100,-35.0,40,5.0,9.0,-26.88,9.8056,-63,24.66,90.48,0.868848,0.536846,14.5572,0.5535
8254,-100,-35.0,40,5.0,10.0,-25.52,10.7849,-70,24.37,90.78,0.822514,0.701427,24.6889,0.4247
8253,-100,-35.0,40,5.0,9.5,-26.55,10.1912,-67,25.31,89.6,0.867721,0.584964,17.295,0.5398
8256,-100,-35.0,40,5.0,11.0,-26.66,11.76,-73,32.39,81.17,0.99685,0.738335,21.7703,0.3996
8255,-100,-35.0,40,5.0,10.5,-27.02,10.8988,-67,25.86,89.03,0.90472,0.529141,13.9611,0.5121
8263,-100,-30.0,40,1.0,1.0,,,,100.0,0.0,0.0,0.0,0.0,0.0
8257,-100,-35.0,40,5.0,11.5,-26.51,12.2866,-76,29.92,84.04,0.984624,0.611377,15.0087,0.433
8264,-100,-30.0,40,1.0,1.5,,,,100.0,0.0,0.0,0.0,0.0,0.0
8258,-100,-35.0,40,5.0,12.0,-26.57,12.5691,-90,28.59,85.7,0.960478,0.528174,10.8518,0.5295
8265,-100,-30.0,40,1.0,2.0,,,,100.0,0.0,0.0,0.0,0.0,0.0
8259,-100,-35.0,40,5.0,12.5,-26.36,13.1483,-77,29.68,84.49,0.952991,0.715238,22.4242,0.3801
8267,-100,-30.0,40,1.0,3.0,,,,100.0,0.0,0.0,0.0,0.0,0.0
8266,-100,-30.0,40,1.0,2.5,,,,100.0,0.0,0.0,0.0,0.0,0.0
8268,-100,-30.0,40,1.0,3.5,,,,100.0,0.0,0.0,0.0,0.0,0.0
8260,-100,-35.0,40,5.0,13.0,-26.78,13.5047,-81,31.52,82.17,1.011025,0.649964,18.7019,0.4676
8261,-100,-35.0,40,5.0,13.5,-25.78,14.1207,-87,29.21,85.04,0.968527,0.566499,14.6263,0.5284
8262,-100,-35.0,40,5.0,14.0,-26.44,14.5649,-88,34.18,79.0,1.105423,0.634293,13.4408,0.413
8269,-100,-30.0,40,1.0,4.0,,,,100.0,0.0,0.0,0.0,0.0,0.0
8270,-100,-30.0,40,1.0,4.5,,,,100.0,0.0,0.0,0.0,0.0,0.0
8271,-100,-30.0,40,1.0,5.0,,,,100.0,0.0,0.0,0.0,0.0,0.0
8272,-100,-30.0,40,1.0,5.5,,,,100.0,0.0,0.0,0.0,0.0,0.0
8273,-100,-30.0,40,1.0,6.0,,,,100.0,0.0,0.0,0.0,0.0,0.0
8274,-100,-30.0,40,1.0,6.5,,,,100.0,0.0,0.0,0.0,0.0,0.0
8275,-100,-30.0,40,1.0,7.0,,,,100.0,0.0,0.0,0.0,0.0,0.0
8276,-100,-30.0,40,1.0,7.5,,,,100.0,0.0,0.0,0.0,0.0,0.0
8277,-100,-30.0,40,1.0,8.0,,,,100.0,0.0,0.0,0.0,0.0,0.0
8278,-100,-30.0,40,1.0,8.5,,,,100.0,0.0,0.0,0.0,0.0,0.0
8279,-100,-30.0,40,1.0,9.0,,,,100.0,0.0,0.0,0.0,0.0,0.0
8280,-100,-30.0,40,1.0,9.5,,,,100.0,0.0,0.0,0.0,0.0,0.0
8282,-100,-30.0,40,1.0,10.5,,,,100.0,0.0,0.0,0.0,0.0,0.0
8284,-100,-30.0,40,1.0,11.5,,,,100.0,0.0,0.0,0.0,0.0,0.0
8281,-100,-30.0,40,1.0,10.0,,,,100.0,0.0,0.0,0.0,0.0,0.0
8286,-100,-30.0,40,1.0,12.5,,,,100.0,0.0,0.0,0.0,0.0,0.0
8285,-100,-30.0,40,1.0,12.0,,,,100.0,0.0,0.0,0.0,0.0,0.0
8283,-100,-30.0,40,1.0,11.0,,,,100.0,0.0,0.0,0.0,0.0,0.0
8287,-100,-30.0,40,1.0,13.0,,,,100.0,0.0,0.0,0.0,0.0,0.0
8288,-100,-30.0,40,1.0,13.5,-92.5,7.5,-100,99.99,0.01,5.166939,0.213589,0.018,0.0
8290,-100,-30.0,40,1.25,1.0,,,,100.0,0.0,0.0,0.0,0.0,0.0
8289,-100,-30.0,40,1.0,14.0,-94.0,4.3205,-98,99.99,0.02,3.155194,0.753978,0.011,0.0
8291,-100,-30.0,40,1.25,1.5,,,,100.0,0.0,0.0,0.0,0.0,0.0
8292,-100,-30.0,40,1.25,2.0,,,,100.0,0.0,0.0,0.0,0.0,0.0
8293,-100,-30.0,40,1.25,2.5,,,,100.0,0.0,0.0,0.0,0.0,0.0
8294,-100,-30.0,40,1.25,3.0,,,,100.0,0.0,0.0,0.0,0.0,0.0
8297,-100,-30.0,40,1.25,4.5,,,,100.0,0.0,0.0,0.0,0.0,0.0
8298,-100,-30.0,40,1.25,5.0,,,,100.0,0.0,0.0,0.0,0.0,0.0
8295,-100,-30.0,40,1.25,3.5,,,,100.0,0.0,0.0,0.0,0.0,0.0
8296,-100,-30.0,40,1.25,4.0,,,,100.0,0.0,0.0,0.0,0.0,0.0
8300,-100,-30.0,40,1.25,6.0,,,,100.0,0.0,0.0,0.0,0.0,0.0
8299,-100,-30.0,40,1.25,5.5,,,,100.0,0.0,0.0,0.0,0.0,0.0
8301,-100,-30.0,40,1.25,6.5,,,,100.0,0.0,0.0,0.0,0.0,0.0
8302,-100,-30.0,40,1.25,7.0,,,,100.0,0.0,0.0,0.0,0.0,0.0
8303,-100,-30.0,40,1.25,7.5,,,,100.0,0.0,0.0,0.0,0.0,0.0
8304,-100,-30.0,40,1.25,8.0,,,,100.0,0.0,0.0,0.0,0.0,0.0
8305,-100,-30.0,40,1.25,8.5,,,,100.0,0.0,0.0,0.0,0.0,0.0
8306,-100,-30.0,40,1.25,9.0,,,,100.0,0.0,0.0,0.0,0.0,0.0
8307,-100,-30.0,40,1.25,9.5,,,,100.0,0.0,0.0,0.0,0.0,0.0
8308,-100,-30.0,40,1.25,10.0,,,,100.0,0.0,0.0,0.0,0.0,0.0
8309,-100,-30.0,40,1.25,10.5,,,,100.0,0.0,0.0,0.0,0.0,0.0
8310,-100,-30.0,40,1.25,11.0,-92.0,0.0,-92,100.0,0.01,6.521154,0.0,0.009,0.0
8313,-100,-30.0,40,1.25,12.5,-86.0,0.0,-86,100.0,0.01,1.802403,0.0,0.0089,0.0
8311,-100,-30.0,40,1.25,11.5,,,,100.0,0.0,0.0,0.0,0.0,0.0
8312,-100,-30.0,40,1.25,12.0,,,,100.0,0.0,0.0,0.0,0.0,0.0
8314,-100,-30.0,40,1.25,13.0,-84.0,0.0,-84,100.0,0.01,2.435187,0.0,0.0089,0.0
8315,-100,-30.0,40,1.25,13.5,-79.33,19.6016,-97,99.99,0.02,3.621926,0.793233,0.018,0.0
8316,-100,-30.0,40,1.25,14.0,-96.0,4.0,-100,99.99,0.01,4.52188,0.864805,0.011,0.0
8317,-100,-30.0,40,1.5,1.0,,,,100.0,0.0,0.0,0.0,0.0,0.0
8318,-100,-30.0,40,1.5,1.5,,,,100.0,0.0,0.0,0.0,0.0,0.0
8319,-100,-30.0,40,1.5,2.0,,,,100.0,0.0,0.0,0.0,0.0,0.0
8320,-100,-30.0,40,1.5,2.5,,,,100.0,0.0,0.0,0.0,0.0,0.0
8322,-100,-30.0,40,1.5,3.5,,,,100.0,0.0,0.0,0.0,0.0,0.0
8321,-100,-30.0,40,1.5,3.0,,,,100.0,0.0,0.0,0.0,0.0,0.0
8323,-100,-30.0,40,1.5,4.0,,,,100.0,0.0,0.0,0.0,0.0,0.0
8324,-100,-30.0,40,1.5,4.5,,,,100.0,0.0,0.0,0.0,0.0,0.0
8325,-100,-30.0,40,1.5,5.0,,,,100.0,0.0,0.0,0.0,0.0,0.0
8326,-100,-30.0,40,1.5,5.5,,,,100.0,0.0,0.0,0.0,0.0,0.0
8327,-100,-30.0,40,1.5,6.0,,,,100.0,0.0,0.0,0.0,0.0,0.0
8329,-100,-30.0,40,1.5,7.0,,,,100.0,0.0,0.0,0.0,0.0,0.0
8328,-100,-30.0,40,1.5,6.5,,,,100.0,0.0,0.0,0.0,0.0,0.0
8330,-100,-30.0,40,1.5,7.5,,,,100.0,0.0,0.0,0.0,0.0,0.0
8332,-100,-30.0,40,1.5,8.5,,,,100.0,0.0,0.0,0.0,0.0,0.0
8334,-100,-30.0,40,1.5,9.5,,,,100.0,0.0,0.0,0.0,0.0,0.0
8331,-100,-30.0,40,1.5,8.0,,,,100.0,0.0,0.0,0.0,0.0,0.0
8333,-100,-30.0,40,1.5,9.0,,,,100.0,0.0,0.0,0.0,0.0,0.0
8335,-100,-30.0,40,1.5,10.0,,,,100.0,0.0,0.0,0.0,0.0,0.0
8337,-100,-30.0,40,1.5,11.0,-68.0,0.0,-68,100.0,0.01,5.076966,0.0,0.0089,0.0
8336,-100,-30.0,40,1.5,10.5,,,,100.0,0.0,0.0,0.0,0.0,0.0
8338,-100,-30.0,40,1.5,11.5,,,,100.0,0.0,0.0,0.0,0.0,0.0
8339,-100,-30.0,40,1.5,12.0,-92.0,0.0,-92,100.0,0.01,3.692892,0.0,0.0089,0.0
8341,-100,-30.0,40,1.5,13.0,-74.62,10.6176,-85,99.96,0.04,3.582255,0.544233,0.0228,0.0
8342,-100,-30.0,40,1.5,13.5,-74.0,11.0206,-86,99.95,0.06,3.927341,1.511721,0.0219,0.0002
8340,-100,-30.0,40,1.5,12.5,-79.5,11.1915,-94,99.98,0.02,4.299793,1.398634,0.0219,0.0
8343,-100,-30.0,40,1.5,14.0,-76.67,11.907,-100,99.96,0.05,3.770375,0.619989,0.0261,0.0
8344,-100,-30.0,40,1.75,1.0,,,,100.0,0.0,0.0,0.0,0.0,0.0
8345,-100,-30.0,40,1.75,1.5,,,,100.0,0.0,0.0,0.0,0.0,0.0
8346,-100,-30.0,40,1.75,2.0,,,,100.0,0.0,0.0,0.0,0.0,0.0
8347,-100,-30.0,40,1.75,2.5,,,,100.0,0.0,0.0,0.0,0.0,0.0
8349,-100,-30.0,40,1.75,3.5,,,,100.0,0.0,0.0,0.0,0.0,0.0
8348,-100,-30.0,40,1.75,3.0,,,,100.0,0.0,0.0,0.0,0.0,0.0
8350,-100,-30.0,40,1.75,4.0,,,,100.0,0.0,0.0,0.0,0.0,0.0
8351,-100,-30.0,40,1.75,4.5,,,,100.0,0.0,0.0,0.0,0.0,0.0
8352,-100,-30.0,40,1.75,5.0,,,,100.0,0.0,0.0,0.0,0.0,0.0
8353,-100,-30.0,40,1.75,5.5,,,,100.0,0.0,0.0,0.0,0.0,0.0
8354,-100,-30.0,40,1.75,6.0,,,,100.0,0.0,0.0,0.0,0.0,0.0
8355,-100,-30.0,40,1.75,6.5,,,,100.0,0.0,0.0,0.0,0.0,0.0
8357,-100,-30.0,40,1.75,7.5,,,,100.0,0.0,0.0,0.0,0.0,0.0
8356,-100,-30.0,40,1.75,7.0,,,,100.0,0.0,0.0,0.0,0.0,0.0
8358,-100,-30.0,40,1.75,8.0,,,,100.0,0.0,0.0,0.0,0.0,0.0
8361,-100,-30.0,40,1.75,9.5,,,,100.0,0.0,0.0,0.0,0.0,0.0
8360,-100,-30.0,40,1.75,9.0,,,,100.0,0.0,0.0,0.0,0.0,0.0
8362,-100,-30.0,40,1.75,10.0,,,,100.0,0.0,0.0,0.0,0.0,0.0
8359,-100,-30.0,40,1.75,8.5,,,,100.0,0.0,0.0,0.0,0.0,0.0
8363,-100,-30.0,40,1.75,10.5,-76.0,0.0,-76,100.0,0.01,3.130398,0.0,0.0089,0.0
8364,-100,-30.0,40,1.75,11.0,,,,100.0,0.0,0.0,0.0,0.0,0.0
8366,-100,-30.0,40,1.75,12.0,-73.88,11.1404,-93,99.96,0.04,2.832276,0.279689,0.0439,0.0
8367,-100,-30.0,40,1.75,12.5,-68.2,10.4957,-82,99.98,0.03,3.183734,0.487923,0.0142,0.0
8365,-100,-30.0,40,1.75,11.5,-72.0,9.6782,-82,99.97,0.03,3.009327,0.193348,0.0435,0.0
8368,-100,-30.0,40,1.75,13.0,-73.33,10.2089,-92,99.92,0.1,3.282902,0.718907,0.0415,0.0004
8369,-100,-30.0,40,1.75,13.5,-75.81,10.2483,-90,99.93,0.09,3.602559,1.006594,0.0656,0.0
8370,-100,-30.0,40,1.75,14.0,-72.33,12.0922,-96,99.84,0.19,3.831096,1.457423,0.1108,0.0002
8371,-100,-30.0,40,2.0,1.0,,,,100.0,0.0,0.0,0.0,0.0,0.0
8372,-100,-30.0,40,2.0,1.5,,,,100.0,0.0,0.0,0.0,0.0,0.0
8373,-100,-30.0,40,2.0,2.0,,,,100.0,0.0,0.0,0.0,0.0,0.0
8375,-100,-30.0,40,2.0,3.0,,,,100.0,0.0,0.0,0.0,0.0,0.0
8374,-100,-30.0,40,2.0,2.5,,,,100.0,0.0,0.0,0.0,0.0,0.0
8377,-100,-30.0,40,2.0,4.0,,,,100.0,0.0,0.0,0.0,0.0,0.0
8376,-100,-30.0,40,2.0,3.5,,,,100.0,0.0,0.0,0.0,0.0,0.0
8379,-100,-30.0,40,2.0,5.0,,,,100.0,0.0,0.0,0.0,0.0,0.0
8378,-100,-30.0,40,2.0,4.5,,,,100.0,0.0,0.0,0.0,0.0,0.0
8380,-100,-30.0,40,2.0,5.5,,,,100.0,0.0,0.0,0.0,0.0,0.0
8381,-100,-30.0,40,2.0,6.0,,,,100.0,0.0,0.0,0.0,0.0,0.0
8382,-100,-30.0,40,2.0,6.5,,,,100.0,0.0,0.0,0.0,0.0,0.0
8383,-100,-30.0,40,2.0,7.0,,,,100.0,0.0,0.0,0.0,0.0,0.0
8384,-100,-30.0,40,2.0,7.5,,,,100.0,0.0,0.0,0.0,0.0,0.0
8385,-100,-30.0,40,2.0,8.0,,,,100.0,0.0,0.0,0.0,0.0,0.0
8387,-100,-30.0,40,2.0,9.0,,,,100.0,0.0,0.0,0.0,0.0,0.0
8386,-100,-30.0,40,2.0,8.5,,,,100.0,0.0,0.0,0.0,0.0,0.0
8388,-100,-30.0,40,2.0,9.5,-76.0,0.0,-76,100.0,0.01,5.610092,0.0,0.009,0.0
8389,-100,-30.0,40,2.0,10.0,,,,100.0,0.0,0.0,0.0,0.0,0.0
8390,-100,-30.0,40,2.0,10.5,,,,100.0,0.0,0.0,0.0,0.0,0.0
8391,-100,-30.0,40,2.0,11.0,-75.4,13.2303,-100,99.98,0.03,3.532106,0.344919,0.0245,0.0
8392,-100,-30.0,40,2.0,11.5,-73.55,8.9683,-93,99.95,0.06,4.558763,2.734065,0.0262,0.0002
8393,-100,-30.0,40,2.0,12.0,-69.9,10.5873,-96,99.91,0.11,3.613691,0.975892,0.0909,0.0002
8396,-100,-30.0,40,2.0,13.5,-69.74,12.545,-100,99.76,0.29,3.689959,1.26481,0.1352,0.0009
8395,-100,-30.0,40,2.0,13.0,-67.77,11.5391,-100,99.83,0.21,3.867822,2.338666,0.1417,0.0004
8394,-100,-30.0,40,2.0,12.5,-66.7,13.0209,-92,99.85,0.18,3.024158,0.399961,0.0522,0.0007
8397,-100,-30.0,40,2.0,14.0,-67.82,12.5472,-97,99.57,0.51,3.797175,1.229611,0.2137,0.0025
8399,-100,-30.0,40,2.25,1.5,,,,100.0,0.0,0.0,0.0,0.0,0.0
8398,-100,-30.0,40,2.25,1.0,,,,100.0,0.0,0.0,0.0,0.0,0.0
8400,-100,-30.0,40,2.25,2.0,,,,100.0,0.0,0.0,0.0,0.0,0.0
8401,-100,-30.0,40,2.25,2.5,,,,100.0,0.0,0.0,0.0,0.0,0.0
8402,-100,-30.0,40,2.25,3.0,,,,100.0,0.0,0.0,0.0,0.0,0.0
8404,-100,-30.0,40,2.25,4.0,,,,100.0,0.0,0.0,0.0,0.0,0.0
8403,-100,-30.0,40,2.25,3.5,,,,100.0,0.0,0.0,0.0,0.0,0.0
8405,-100,-30.0,40,2.25,4.5,,,,100.0,0.0,0.0,0.0,0.0,0.0
8407,-100,-30.0,40,2.25,5.5,,,,100.0,0.0,0.0,0.0,0.0,0.0
8410,-100,-30.0,40,2.25,7.0,,,,100.0,0.0,0.0,0.0,0.0,0.0
8411,-100,-30.0,40,2.25,7.5,-59.0,0.0,-59,100.0,0.01,4.474276,0.0,0.009,0.0
8409,-100,-30.0,40,2.25,6.5,,,,100.0,0.0,0.0,0.0,0.0,0.0
8406,-100,-30.0,40,2.25,5.0,,,,100.0,0.0,0.0,0.0,0.0,0.0
8408,-100,-30.0,40,2.25,6.0,,,,100.0,0.0,0.0,0.0,0.0,0.0
8412,-100,-30.0,40,2.25,8.0,,,,100.0,0.0,0.0,0.0,0.0,0.0
8413,-100,-30.0,40,2.25,8.5,-65.0,3.0,-68,99.99,0.01,6.768816,3.57265,0.011,0.0
8414,-100,-30.0,40,2.25,9.0,-69.0,0.0,-69,100.0,0.01,2.466465,0.0,0.009,0.0
8415,-100,-30.0,40,2.25,9.5,-74.0,11.0,-85,99.99,0.01,3.403047,0.175733,0.011,0.0
8416,-100,-30.0,40,2.25,10.0,-66.2,6.4622,-74,99.98,0.03,5.184711,1.514275,0.0283,0.0
8417,-100,-30.0,40,2.25,10.5,-66.0,10.5965,-76,99.97,0.04,5.361655,2.133945,0.0228,0.0
8418,-100,-30.0,40,2.25,11.0,-64.07,9.2662,-83,99.87,0.16,3.982457,1.120555,0.1105,0.0
8421,-100,-30.0,40,2.25,12.5,-67.14,12.7828,-100,99.78,0.27,5.076571,2.200103,0.1289,0.0004
8419,-100,-30.0,40,2.25,11.5,-65.03,11.4605,-87,99.87,0.16,5.058277,1.793151,0.089,0.0
8420,-100,-30.0,40,2.25,12.0,-65.6,10.4135,-92,99.87,0.16,4.818038,2.339104,0.0906,0.0002
8422,-100,-30.0,40,2.25,13.0,-66.92,12.5614,-94,99.5,0.6,4.100395,1.783915,0.2717,0.0018
8423,-100,-30.0,40,2.25,13.5,-64.97,13.6194,-93,99.36,0.77,4.10979,1.756451,0.4254,0.0029
8425,-100,-30.0,40,2.5,1.0,,,,100.0,0.0,0.0,0.0,0.0,0.0
8426,-100,-30.0,40,2.5,1.5,,,,100.0,0.0,0.0,0.0,0.0,0.0
8427,-100,-30.0,40,2.5,2.0,,,,100.0,0.0,0.0,0.0,0.0,0.0
8424,-100,-30.0,40,2.25,14.0,-65.25,13.6939,-100,99.24,0.91,3.350819,1.154497,0.4533,0.0018
8428,-100,-30.0,40,2.5,2.5,,,,100.0,0.0,0.0,0.0,0.0,0.0
8429,-100,-30.0,40,2.5,3.0,,,,100.0,0.0,0.0,0.0,0.0,0.0
8430,-100,-30.0,40,2.5,3.5,,,,100.0,0.0,0.0,0.0,0.0,0.0
8431,-100,-30.0,40,2.5,4.0,,,,100.0,0.0,0.0,0.0,0.0,0.0
8432,-100,-30.0,40,2.5,4.5,,,,100.0,0.0,0.0,0.0,0.0,0.0
8433,-100,-30.0,40,2.5,5.0,,,,100.0,0.0,0.0,0.0,0.0,0.0
8434,-100,-30.0,40,2.5,5.5,,,,100.0,0.0,0.0,0.0,0.0,0.0
8435,-100,-30.0,40,2.5,6.0,,,,100.0,0.0,0.0,0.0,0.0,0.0
8436,-100,-30.0,40,2.5,6.5,,,,100.0,0.0,0.0,0.0,0.0,0.0
8437,-100,-30.0,40,2.5,7.0,,,,100.0,0.0,0.0,0.0,0.0,0.0
8438,-100,-30.0,40,2.5,7.5,,,,100.0,0.0,0.0,0.0,0.0,0.0
8439,-100,-30.0,40,2.5,8.0,,,,100.0,0.0,0.0,0.0,0.0,0.0
8440,-100,-30.0,40,2.5,8.5,-56.67,0.4714,-57,99.99,0.02,4.409836,2.238217,0.011,0.0
8441,-100,-30.0,40,2.5,9.0,-61.5,8.2006,-73,99.95,0.06,3.079812,0.887959,0.0559,0.0
8442,-100,-30.0,40,2.5,9.5,-60.21,9.3109,-77,99.91,0.1,4.029484,1.748328,0.1085,0.0
8444,-100,-30.0,40,2.5,10.5,-64.6,13.3447,-96,99.89,0.13,5.152325,3.156659,0.0749,0.0
8443,-100,-30.0,40,2.5,10.0,-66.42,7.6535,-83,99.95,0.06,5.053218,2.534759,0.0229,0.0002
8445,-100,-30.0,40,2.5,11.0,-61.91,10.6559,-81,99.8,0.24,4.61767,1.627762,0.126,0.0007
8446,-100,-30.0,40,2.5,11.5,-63.15,10.3929,-84,99.62,0.46,3.466454,1.008786,0.1844,0.0011
8447,-100,-30.0,40,2.5,12.0,-60.5,12.7011,-96,99.29,0.86,2.988558,0.624317,0.3942,0.0009
8448,-100,-30.0,40,2.5,12.5,-61.49,12.7868,-92,99.2,0.96,3.785051,1.444691,0.5286,0.002
8449,-100,-30.0,40,2.5,13.0,-60.53,13.032,-96,98.9,1.32,3.918369,1.50935,0.4368,0.006
8451,-100,-30.0,40,2.5,14.0,-62.65,14.1452,-100,98.47,1.83,4.313693,1.610619,0.8231,0.0076
8452,-100,-30.0,40,2.75,1.0,,,,100.0,0.0,0.0,0.0,0.0,0.0
8450,-100,-30.0,40,2.5,13.5,-62.51,13.0659,-100,98.52,1.78,3.760339,1.249587,0.6943,0.0083
8453,-100,-30.0,40,2.75,1.5,,,,100.0,0.0,0.0,0.0,0.0,0.0
8454,-100,-30.0,40,2.75,2.0,,,,100.0,0.0,0.0,0.0,0.0,0.0
8457,-100,-30.0,40,2.75,3.5,,,,100.0,0.0,0.0,0.0,0.0,0.0
8455,-100,-30.0,40,2.75,2.5,,,,100.0,0.0,0.0,0.0,0.0,0.0
8456,-100,-30.0,40,2.75,3.0,,,,100.0,0.0,0.0,0.0,0.0,0.0
8458,-100,-30.0,40,2.75,4.0,,,,100.0,0.0,0.0,0.0,0.0,0.0
8459,-100,-30.0,40,2.75,4.5,,,,100.0,0.0,0.0,0.0,0.0,0.0
8460,-100,-30.0,40,2.75,5.0,,,,100.0,0.0,0.0,0.0,0.0,0.0
8461,-100,-30.0,40,2.75,5.5,,,,100.0,0.0,0.0,0.0,0.0,0.0
8462,-100,-30.0,40,2.75,6.0,,,,100.0,0.0,0.0,0.0,0.0,0.0
8463,-100,-30.0,40,2.75,6.5,,,,100.0,0.0,0.0,0.0,0.0,0.0
8465,-100,-30.0,40,2.75,7.5,-61.8,4.3543,-69,99.98,0.03,3.252423,0.142257,0.0348,0.0
8464,-100,-30.0,40,2.75,7.0,-74.0,0.0,-74,100.0,0.01,6.315555,0.0,0.009,0.0
8466,-100,-30.0,40,2.75,8.0,-65.8,9.5163,-81,99.98,0.03,5.093947,0.607432,0.0348,0.0
8468,-100,-30.0,40,2.75,9.0,-58.71,6.5621,-77,99.87,0.15,3.807837,0.725051,0.1227,0.0002
8469,-100,-30.0,40,2.75,9.5,-59.83,10.5643,-83,99.82,0.22,3.792437,1.856513,0.1802,0.0004
8467,-100,-30.0,40,2.75,8.5,-54.24,8.2785,-76,99.92,0.09,4.020376,1.078397,0.0611,0.0
8470,-100,-30.0,40,2.75,10.0,-57.12,7.9346,-82,99.67,0.39,4.140465,1.432659,0.2518,0.0007
8471,-100,-30.0,40,2.75,10.5,-59.52,11.003,-92,99.49,0.62,3.990823,0.987865,0.3606,0.0013
8472,-100,-30.0,40,2.75,11.0,-55.88,11.6095,-83,99.26,0.89,3.810326,1.186589,0.4288,0.0022
8473,-100,-30.0,40,2.75,11.5,-59.69,10.9377,-90,99.24,0.91,4.562839,1.977341,0.3534,0.0031
8474,-100,-30.0,40,2.75,12.0,-59.45,13.3058,-98,99.16,1.01,4.335971,1.450769,0.2236,0.0056
8475,-100,-30.0,40,2.75,12.5,-58.74,12.8939,-90,98.37,1.96,3.971653,0.897121,0.8167,0.0072
8477,-100,-30.0,40,2.75,13.5,-58.15,12.956,-98,97.52,2.98,3.98653,1.046696,1.4318,0.0094
8476,-100,-30.0,40,2.75,13.0,-58.15,13.1956,-98,98.09,2.3,4.27357,0.957263,0.6114,0.0098
8478,-100,-30.0,40,2.75,14.0,-58.85,13.6429,-100,97.09,3.5,4.203631,1.661106,1.5832,0.0119
8480,-100,-30.0,40,3.0,1.5,,,,100.0,0.0,0.0,0.0,0.0,0.0
8481,-100,-30.0,40,3.0,2.0,,,,100.0,0.0,0.0,0.0,0.0,0.0
8479,-100,-30.0,40,3.0,1.0,,,,100.0,0.0,0.0,0.0,0.0,0.0
8482,-100,-30.0,40,3.0,2.5,,,,100.0,0.0,0.0,0.0,0.0,0.0
8483,-100,-30.0,40,3.0,3.0,,,,100.0,0.0,0.0,0.0,0.0,0.0
8484,-100,-30.0,40,3.0,3.5,,,,100.0,0.0,0.0,0.0,0.0,0.0
8485,-100,-30.0,40,3.0,4.0,,,,100.0,0.0,0.0,0.0,0.0,0.0
8486,-100,-30.0,40,3.0,4.5,,,,100.0,0.0,0.0,0.0,0.0,0.0
8487,-100,-30.0,40,3.0,5.0,,,,100.0,0.0,0.0,0.0,0.0,0.0
8488,-100,-30.0,40,3.0,5.5,,,,100.0,0.0,0.0,0.0,0.0,0.0
8489,-100,-30.0,40,3.0,6.0,,,,100.0,0.0,0.0,0.0,0.0,0.0
8490,-100,-30.0,40,3.0,6.5,-53.0,5.099,-60,99.99,0.02,4.781135,2.503497,0.0179,0.0
8493,-100,-30.0,40,3.0,8.0,-54.66,7.8556,-70,99.84,0.19,3.396038,0.780205,0.1851,0.0002
8491,-100,-30.0,40,3.0,7.0,-57.5,5.7082,-66,99.97,0.03,5.121732,1.643762,0.0261,0.0
8492,-100,-30.0,40,3.0,7.5,-55.41,9.592,-71,99.92,0.09,3.83468,0.833653,0.0688,0.0
8494,-100,-30.0,40,3.0,8.5,-52.41,8.1588,-73,99.67,0.4,3.793965,1.967774,0.3033,0.0004
8495,-100,-30.0,40,3.0,9.0,-53.79,9.0818,-86,99.43,0.69,4.108674,1.225007,0.4756,0.0004
8496,-100,-30.0,40,3.0,9.5,-55.89,9.0949,-78,99.55,0.54,3.825413,1.414141,0.4854,0.0004
8497,-100,-30.0,40,3.0,10.0,-53.92,11.0101,-83,99.08,1.11,4.242252,1.207343,0.6495,0.0013
8498,-100,-30.0,40,3.0,10.5,-54.04,10.6208,-92,98.52,1.78,4.079026,2.040438,1.0731,0.0027
8499,-100,-30.0,40,3.0,11.0,-54.94,11.4811,-85,98.15,2.22,3.518963,1.128186,1.1878,0.0038
8501,-100,-30.0,40,3.0,12.0,-54.22,12.0475,-89,97.56,2.93,4.021135,1.441935,1.4836,0.0087
8502,-100,-30.0,40,3.0,12.5,-53.71,12.7255,-93,96.78,3.86,4.122915,1.801365,2.2341,0.0051
8500,-100,-30.0,40,3.0,11.5,-53.84,11.177,-93,97.53,2.97,3.197231,1.292679,1.6236,0.002
8505,-100,-30.0,40,3.0,14.0,-54.77,14.9024,-100,95.47,5.44,4.758747,1.531971,1.5533,0.0295
8503,-100,-30.0,40,3.0,13.0,-55.57,12.8246,-92,96.9,3.72,4.939898,1.889314,0.5704,0.0231
8504,-100,-30.0,40,3.0,13.5,-55.65,13.4118,-94,96.4,4.33,4.270877,1.87142,1.8704,0.0157
8506,-100,-30.0,40,3.25,1.0,,,,100.0,0.0,0.0,0.0,0.0,0.0
8507,-100,-30.0,40,3.25,1.5,,,,100.0,0.0,0.0,0.0,0.0,0.0
8508,-100,-30.0,40,3.25,2.0,,,,100.0,0.0,0.0,0.0,0.0,0.0
8509,-100,-30.0,40,3.25,2.5,,,,100.0,0.0,0.0,0.0,0.0,0.0
8510,-100,-30.0,40,3.25,3.0,,,,100.0,0.0,0.0,0.0,0.0,0.0
8511,-100,-30.0,40,3.25,3.5,,,,100.0,0.0,0.0,0.0,0.0,0.0
8512,-100,-30.0,40,3.25,4.0,,,,100.0,0.0,0.0,0.0,0.0,0.0
8513,-100,-30.0,40,3.25,4.5,,,,100.0,0.0,0.0,0.0,0.0,0.0
8514,-100,-30.0,40,3.25,5.0,,,,100.0,0.0,0.0,0.0,0.0,0.0
8515,-100,-30.0,40,3.25,5.5,-44.0,0.0,-44,100.0,0.01,6.00074,0.0,0.009,0.0
8516,-100,-30.0,40,3.25,6.0,-49.92,6.5452,-61,99.94,0.07,2.872478,0.420304,0.0759,0.0
8517,-100,-30.0,40,3.25,6.5,-52.42,5.469,-64,99.95,0.06,4.530513,1.27076,0.0612,0.0
8518,-100,-30.0,40,3.25,7.0,-52.46,7.5832,-65,99.84,0.19,4.69712,1.180403,0.0918,0.0
8519,-100,-30.0,40,3.25,7.5,-52.09,8.1315,-68,99.76,0.29,5.571233,1.912426,0.1591,0.0007
8520,-100,-30.0,40,3.25,8.0,-51.77,9.2561,-76,99.59,0.49,5.479902,2.214946,0.2747,0.0016
8522,-100,-30.0,40,3.25,9.0,-49.69,9.325,-78,98.08,2.31,3.166433,0.91519,1.6053,0.004
8523,-100,-30.0,40,3.25,9.5,-50.69,9.749,-76,98.46,1.84,4.575667,0.980339,0.7418,0.0061
8521,-100,-30.0,40,3.25,8.5,-50.15,8.7844,-76,98.96,1.25,3.221001,0.819725,0.8973,0.002
8524,-100,-30.0,40,3.25,10.0,-51.25,10.2988,-79,97.6,2.88,3.544498,0.917761,1.5881,0.0079
8525,-100,-30.0,40,3.25,10.5,-51.12,9.5726,-83,97.47,3.03,3.685381,1.16024,1.1471,0.0145
8526,-100,-30.0,40,3.25,11.0,-51.22,10.546,-86,96.05,4.75,3.739777,1.163967,1.5169,0.0168
8529,-100,-30.0,40,3.25,12.5,-50.94,12.7261,-87,93.83,7.41,3.870963,1.157722,3.1564,0.0209
8527,-100,-30.0,40,3.25,11.5,-50.91,11.6849,-86,95.94,4.87,4.180994,1.420087,2.0378,0.0154
8528,-100,-30.0,40,3.25,12.0,-50.96,12.2979,-90,96.91,3.71,6.124525,3.253898,1.3523,0.006
8530,-100,-30.0,40,3.25,13.0,-51.16,13.486,-97,94.08,7.12,4.140114,0.95982,2.5779,0.0251
8531,-100,-30.0,40,3.25,13.5,-51.29,13.8775,-100,93.04,8.34,4.33199,1.519134,2.4151,0.0431
8533,-100,-30.0,40,3.5,1.0,,,,100.0,0.0,0.0,0.0,0.0,0.0
8532,-100,-30.0,40,3.25,14.0,-51.49,14.0872,-96,91.95,9.68,4.071251,0.987288,3.0883,0.0385
8534,-100,-30.0,40,3.5,1.5,,,,100.0,0.0,0.0,0.0,0.0,0.0
8535,-100,-30.0,40,3.5,2.0,,,,100.0,0.0,0.0,0.0,0.0,0.0
8536,-100,-30.0,40,3.5,2.5,,,,100.0,0.0,0.0,0.0,0.0,0.0
8537,-100,-30.0,40,3.5,3.0,,,,100.0,0.0,0.0,0.0,0.0,0.0
8538,-100,-30.0,40,3.5,3.5,,,,100.0,0.0,0.0,0.0,0.0,0.0
8541,-100,-30.0,40,3.5,5.0,-46.37,4.3675,-54,99.91,0.1,5.179413,1.310257,0.0714,0.0
8542,-100,-30.0,40,3.5,5.5,-45.79,5.8226,-62,99.83,0.2,3.878208,1.493747,0.1593,0.0
8543,-100,-30.0,40,3.5,6.0,-46.89,5.0749,-56,99.79,0.25,3.786506,1.074422,0.18,0.0
8539,-100,-30.0,40,3.5,4.0,-52.0,0.0,-52,100.0,0.01,3.584714,0.0,0.0089,0.0
8540,-100,-30.0,40,3.5,4.5,-45.06,3.5261,-55,99.93,0.09,3.288663,0.659351,0.0656,0.0
8545,-100,-30.0,40,3.5,7.0,-46.5,7.2941,-63,99.51,0.59,5.677336,2.216598,0.3764,0.0002
8547,-100,-30.0,40,3.5,8.0,-47.0,7.6724,-71,98.07,2.31,4.568221,2.671,1.259,0.0027
8546,-100,-30.0,40,3.5,7.5,-46.06,7.7641,-66,98.54,1.75,4.129336,1.425221,1.4356,0.0013
8548,-100,-30.0,40,3.5,8.5,-47.81,9.134,-75,97.65,2.82,3.661808,1.103062,1.8727,0.0038
8544,-100,-30.0,40,3.5,6.5,-45.61,6.6569,-64,99.07,1.11,3.556579,0.951132,0.8927,0.0004
8549,-100,-30.0,40,3.5,9.0,-46.27,9.4384,-76,96.22,4.55,4.147612,1.632338,2.3549,0.0171
8550,-100,-30.0,40,3.5,9.5,-47.9,9.8669,-83,96.19,4.58,4.113011,2.081964,1.9019,0.0184
8551,-100,-30.0,40,3.5,10.0,-47.62,10.4742,-79,95.25,5.7,4.340884,1.521289,2.6807,0.0157
8552,-100,-30.0,40,3.5,10.5,-48.18,10.5678,-86,95.36,5.57,4.29275,0.840306,1.9289,0.024
8553,-100,-30.0,40,3.5,11.0,-46.78,11.2073,-93,93.8,7.44,3.749927,1.448359,3.5439,0.0134
8554,-100,-30.0,40,3.5,11.5,-47.91,11.9739,-87,92.87,8.56,4.206498,1.995866,4.9532,0.026
8555,-100,-30.0,40,3.5,12.0,-47.99,12.1333,-86,91.07,10.72,3.555319,1.115733,3.9802,0.0447
8556,-100,-30.0,40,3.5,12.5,-48.61,12.8253,-89,92.21,9.34,5.116185,1.913575,1.6596,0.0635
8560,-100,-30.0,40,3.75,1.0,-39.0,0.0,-39,100.0,0.01,6.347462,0.0,0.0089,0.0
8558,-100,-30.0,40,3.5,13.5,-46.69,13.5175,-100,89.85,12.19,3.784368,2.652117,6.3346,0.0211
8557,-100,-30.0,40,3.5,13.0,-48.88,13.1401,-91,90.86,10.97,4.430403,1.354055,3.3686,0.055
8561,-100,-30.0,40,3.75,1.5,-41.0,0.0,-41,100.0,0.01,3.169561,0.0,0.009,0.0
8562,-100,-30.0,40,3.75,2.0,,,,100.0,0.0,0.0,0.0,0.0,0.0
8559,-100,-30.0,40,3.5,14.0,-47.99,14.1767,-100,88.85,13.38,3.829631,1.534784,5.8776,0.0494
8563,-100,-30.0,40,3.75,2.5,-42.0,0.0,-42,100.0,0.01,2.768041,0.0,0.009,0.0
8564,-100,-30.0,40,3.75,3.0,-44.25,2.4875,-46,99.98,0.02,5.082992,2.039938,0.022,0.0
8565,-100,-30.0,40,3.75,3.5,-40.74,3.25,-47,99.88,0.15,4.115205,0.675019,0.1826,0.0
8566,-100,-30.0,40,3.75,4.0,-43.44,5.1048,-53,99.86,0.17,4.552701,1.439697,0.1298,0.0
8567,-100,-30.0,40,3.75,4.5,-41.85,4.519,-56,99.61,0.47,3.831082,1.869146,0.4131,0.0
8568,-100,-30.0,40,3.75,5.0,-41.11,5.5568,-53,99.35,0.79,3.227097,1.69727,1.029,0.0004
8569,-100,-30.0,40,3.75,5.5,-42.41,5.5069,-57,98.92,1.3,4.777532,1.408352,0.7867,0.0
8570,-100,-30.0,40,3.75,6.0,-39.91,6.3066,-65,95.78,5.07,3.737482,0.991045,3.8201,0.0007
8572,-100,-30.0,40,3.75,7.0,-43.22,7.041,-63,97.2,3.36,5.05041,1.972362,1.8877,0.0065
8576,-100,-30.0,40,3.75,9.0,-44.01,9.0148,-73,92.7,8.76,3.310653,1.626797,5.2501,0.0076
8571,-100,-30.0,40,3.75,6.5,-42.2,6.6748,-66,96.41,4.31,3.743231,1.228321,2.8599,0.0034
8573,-100,-30.0,40,3.75,7.5,-42.62,7.8247,-69,94.7,6.37,3.789902,1.330721,3.2196,0.0088
8574,-100,-30.0,40,3.75,8.0,-42.99,8.3117,-69,94.92,6.1,4.414692,1.883174,3.4296,0.0175
8575,-100,-30.0,40,3.75,8.5,-43.4,8.9745,-73,93.81,7.43,4.226115,1.00063,2.8976,0.0276
8577,-100,-30.0,40,3.75,9.5,-44.51,9.8502,-82,92.88,8.55,4.455061,2.053896,3.0929,0.0361
8578,-100,-30.0,40,3.75,10.0,-43.77,10.0981,-82,90.81,11.04,3.741807,2.26072,5.8246,0.0452
8579,-100,-30.0,40,3.75,10.5,-43.24,11.0486,-83,87.71,14.77,3.309251,1.259541,7.9223,0.0501
8580,-100,-30.0,40,3.75,11.0,-43.55,11.3177,-86,87.89,14.55,3.71964,1.27862,6.6408,0.0465
8581,-100,-30.0,40,3.75,11.5,-45.25,12.0369,-79,90.45,11.47,5.104182,2.463906,1.8454,0.073
8582,-100,-30.0,40,3.75,12.0,-45.55,12.4672,-88,89.41,12.72,4.475899,1.380699,1.9307,0.0812
8583,-100,-30.0,40,3.75,12.5,-43.84,12.6532,-94,86.24,16.53,3.7962,1.699421,7.9376,0.0463
8588,-100,-30.0,40,4.0,1.5,-39.5,1.118,-42,99.96,0.04,4.43612,1.416227,0.0363,0.0
8587,-100,-30.0,40,4.0,1.0,-37.1,1.3748,-39,99.96,0.05,5.68626,1.620693,0.0678,0.0
8585,-100,-30.0,40,3.75,13.5,-43.88,13.8336,-100,85.33,17.62,3.888455,2.776235,8.0461,0.0483
8584,-100,-30.0,40,3.75,13.0,-43.88,13.1855,-100,85.28,17.68,3.645244,1.657209,7.8009,0.0725
8589,-100,-30.0,40,4.0,2.0,-38.09,1.5048,-40,99.95,0.06,5.265356,1.923145,0.0608,0.0
8586,-100,-30.0,40,3.75,14.0,-44.65,14.6786,-97,83.38,19.95,3.454289,1.137798,6.2884,0.084
8590,-100,-30.0,40,4.0,2.5,-37.87,2.1364,-43,99.86,0.17,4.631559,1.224117,0.1346,0.0
8591,-100,-30.0,40,4.0,3.0,-36.9,3.0271,-46,98.92,1.3,3.544407,2.222237,1.8281,0.0
8592,-100,-30.0,40,4.0,3.5,-36.66,3.8012,-46,98.64,1.64,4.919918,0.95821,1.5859,0.0
8593,-100,-30.0,40,4.0,4.0,-38.43,4.0481,-50,97.98,2.42,3.119383,0.821737,2.2517,0.0
8594,-100,-30.0,40,4.0,4.5,-39.12,4.746,-54,97.69,2.78,3.725057,1.522113,2.1599,0.0011
8596,-100,-30.0,40,4.0,5.5,-38.49,5.8371,-57,94.53,6.57,4.339197,1.219882,3.684,0.0036
8597,-100,-30.0,40,4.0,6.0,-38.8,6.1386,-57,94.8,6.25,4.691611,0.955223,3.9342,0.0034
8598,-100,-30.0,40,4.0,6.5,-39.23,6.8271,-63,93.06,8.34,3.832185,1.541349,5.5835,0.0069
8595,-100,-30.0,40,4.0,5.0,-38.55,5.4792,-57,96.23,4.53,4.527717,1.608733,3.2783,0.0013
8599,-100,-30.0,40,4.0,7.0,-39.11,7.5255,-69,90.66,11.21,3.438366,0.978752,7.3829,0.0148
8601,-100,-30.0,40,4.0,8.0,-39.53,8.5366,-68,89.78,12.28,3.91112,1.936506,7.699,0.0268
8600,-100,-30.0,40,4.0,7.5,-39.77,7.7106,-70,89.66,12.42,3.597592,1.356692,7.2587,0.0168
8602,-100,-30.0,40,4.0,8.5,-39.6,8.8709,-75,89.31,12.83,4.253559,1.80428,8.0261,0.0311
8603,-100,-30.0,40,4.0,9.0,-40.69,9.6042,-74,87.45,15.07,3.570314,1.674938,6.794,0.0638
8604,-100,-30.0,40,4.0,9.5,-39.66,9.7625,-77,88.53,13.77,4.358408,2.430319,9.3123,0.0306
8605,-100,-30.0,40,4.0,10.0,-39.26,10.4881,-74,85.31,17.63,3.742918,1.760754,9.0042,0.0287
8606,-100,-30.0,40,4.0,10.5,-40.28,10.6176,-77,85.91,16.92,4.414928,2.243056,7.8609,0.0463
8607,-100,-30.0,40,4.0,11.0,-39.79,11.1467,-81,82.34,21.18,3.288507,1.591232,9.3493,0.0527
8608,-100,-30.0,40,4.0,11.5,-40.54,12.1428,-84,83.58,19.72,3.596762,1.379567,8.0232,0.0606
8609,-100,-30.0,40,4.0,12.0,-39.45,12.6335,-86,81.43,22.29,3.389705,1.412688,10.332,0.0767
8610,-100,-30.0,40,4.0,12.5,-40.95,12.9666,-87,83.06,20.34,3.989768,1.112573,2.5309,0.1416
8614,-100,-30.0,40,4.25,1.0,-33.25,1.5789,-39,98.68,1.58,4.06406,0.653721,1.6618,0.0
8611,-100,-30.0,40,4.0,13.0,-39.82,13.0195,-86,81.16,22.61,3.546564,2.543707,10.4781,0.0537
8612,-100,-30.0,40,4.0,13.5,-40.77,13.9977,-100,79.47,24.63,3.415828,1.216337,7.7225,0.117
8613,-100,-30.0,40,4.0,14.0,-40.47,14.0044,-94,79.05,25.17,3.356648,1.095416,7.446,0.1275
8615,-100,-30.0,40,4.25,1.5,-34.44,1.6772,-41,98.78,1.46,4.611887,1.354483,1.4744,0.0
8616,-100,-30.0,40,4.25,2.0,-33.72,2.1884,-41,95.74,5.12,3.226784,0.653016,5.1643,0.0
8617,-100,-30.0,40,4.25,2.5,-34.2,2.6414,-44,95.62,5.26,3.777619,1.21744,5.1573,0.0002
8618,-100,-30.0,40,4.25,3.0,-34.93,3.1543,-51,95.38,5.54,3.809676,0.641713,4.2676,0.0002
8619,-100,-30.0,40,4.25,3.5,-34.11,3.6962,-47,91.93,9.69,3.525525,0.78956,6.7237,0.0007
8620,-100,-30.0,40,4.25,4.0,-35.16,4.0715,-52,91.93,9.69,3.699278,0.696649,6.5512,0.0016
8621,-100,-30.0,40,4.25,4.5,-36.15,4.8334,-51,93.05,8.35,3.773853,1.435834,6.4819,0.0043
8622,-100,-30.0,40,4.25,5.0,-35.26,5.1507,-58,88.06,14.33,2.838541,0.644605,10.1985,0.0074
8623,-100,-30.0,40,4.25,5.5,-36.32,5.8119,-58,88.83,13.42,3.509613,1.102822,8.1286,0.0152
8624,-100,-30.0,40,4.25,6.0,-35.49,6.3106,-57,86.44,16.26,3.536877,1.67291,10.7195,0.0204
8626,-100,-30.0,40,4.25,7.0,-35.83,7.4203,-63,83.6,19.68,3.243748,1.418581,10.6182,0.024
8625,-100,-30.0,40,4.25,6.5,-36.32,7.0637,-63,85.94,16.87,3.597974,0.938008,7.7054,0.0384
8627,-100,-30.0,40,4.25,7.5,-37.05,7.9053,-65,83.93,19.29,3.545517,1.001008,8.1438,0.0593
8628,-100,-30.0,40,4.25,8.0,-37.33,8.8224,-72,85.63,17.24,4.324157,1.327663,3.0299,0.0933
8629,-100,-30.0,40,4.25,8.5,-37.37,8.7005,-67,83.04,20.34,3.790441,1.503933,7.7066,0.0543
8630,-100,-30.0,40,4.25,9.0,-36.91,9.599,-73,83.5,19.79,3.826997,1.650352,9.9296,0.0653
8631,-100,-30.0,40,4.25,9.5,-37.32,10.0265,-75,81.34,22.39,3.04397,1.404308,8.8034,0.0477
8632,-100,-30.0,40,4.25,10.0,-37.16,10.7079,-80,80.87,22.97,3.563715,1.958184,10.7982,0.0573
8634,-100,-30.0,40,4.25,11.0,-36.77,11.281,-80,75.64,29.28,2.990102,1.097685,8.5643,0.1197
8633,-100,-30.0,40,4.25,10.5,-36.32,10.6314,-79,77.0,27.63,3.159426,1.508594,11.5264,0.1107
8637,-100,-30.0,40,4.25,12.5,-37.51,12.7264,-79,79.79,24.24,3.879891,1.348744,4.8456,0.1427
8635,-100,-30.0,40,4.25,11.5,-36.5,11.969,-77,75.2,29.78,2.93419,1.325579,10.1852,0.0982
8636,-100,-30.0,40,4.25,12.0,-36.39,12.2841,-83,71.65,34.06,2.575571,1.09644,10.8662,0.1289
8638,-100,-30.0,40,4.25,13.0,-36.45,13.3824,-84,71.59,34.12,2.610867,1.086062,10.5964,0.1897
8639,-100,-30.0,40,4.25,13.5,-38.15,13.6608,-89,76.7,27.99,3.28965,1.197376,6.4507,0.1271
8641,-100,-30.0,40,4.5,1.0,-31.76,1.2878,-37,92.0,9.61,3.703655,1.135579,7.7705,0.0
8640,-100,-30.0,40,4.25,14.0,-35.28,14.3702,-93,76.69,27.98,3.400131,2.377316,14.3574,0.0711
8642,-100,-30.0,40,4.5,1.5,-31.76,1.7214,-39,88.99,13.22,2.991379,1.079559,11.2326,0.0009
8644,-100,-30.0,40,4.5,2.5,-31.44,2.7058,-46,85.88,16.95,3.305749,1.290653,12.7977,0.0009
8643,-100,-30.0,40,4.5,2.0,-30.77,2.3091,-44,86.04,16.76,2.692539,1.50149,16.9897,0.0009
8645,-100,-30.0,40,4.5,3.0,-31.42,3.2858,-44,82.54,20.98,2.509448,1.774761,17.9144,0.0031
8646,-100,-30.0,40,4.5,3.5,-31.44,4.1599,-47,84.29,18.85,3.357294,1.25607,11.5802,0.0157
8647,-100,-30.0,40,4.5,4.0,-32.61,4.5587,-50,85.16,17.83,3.578344,1.196718,10.1281,0.0145
8648,-100,-30.0,40,4.5,4.5,-31.71,5.1816,-53,79.97,24.04,2.748978,0.862475,13.4638,0.0355
8649,-100,-30.0,40,4.5,5.0,-32.47,5.763,-52,78.49,25.81,3.024889,1.361692,10.72,0.1122
8650,-100,-30.0,40,4.5,5.5,-32.52,6.392,-57,78.69,25.61,2.92339,1.853307,16.2892,0.0676
8651,-100,-30.0,40,4.5,6.0,-32.23,6.6942,-58,74.87,30.16,2.37897,1.27766,18.0423,0.0584
8653,-100,-30.0,40,4.5,7.0,-33.18,7.7793,-62,76.72,27.96,3.003903,1.645587,12.9959,0.0957
8652,-100,-30.0,40,4.5,6.5,-33.07,7.1235,-60,78.73,25.55,3.196174,1.815552,11.1183,0.047
8654,-100,-30.0,40,4.5,7.5,-33.83,8.053,-65,76.71,27.92,3.18574,1.473829,9.3004,0.1492
8655,-100,-30.0,40,4.5,8.0,-32.23,8.8197,-66,70.09,35.9,2.435312,1.226037,15.1104,0.1353
8656,-100,-30.0,40,4.5,8.5,-31.97,8.9018,-70,69.83,36.18,2.443409,1.786487,18.8006,0.0925
8657,-100,-30.0,40,4.5,9.0,-33.77,9.8206,-68,72.39,33.13,2.670451,0.887637,9.2848,0.1879
8659,-100,-30.0,40,4.5,10.0,-33.25,10.418,-77,72.43,33.09,2.839108,1.495363,14.1193,0.1425
8658,-100,-30.0,40,4.5,9.5,-32.78,9.9219,-75,69.57,36.56,2.428035,1.167132,13.4025,0.153
8660,-100,-30.0,40,4.5,10.5,-33.95,10.9752,-73,70.6,35.3,2.686688,1.110178,10.6342,0.1845
8661,-100,-30.0,40,4.5,11.0,-32.44,11.6646,-75,66.87,39.8,2.333605,1.407559,16.3174,0.1501
8665,-100,-30.0,40,4.5,13.0,-32.94,13.1258,-82,69.07,37.12,2.611571,2.012363,18.2601,0.119
8662,-100,-30.0,40,4.5,11.5,-32.68,12.3728,-73,69.71,36.38,2.599712,1.413941,16.2471,0.1503
8663,-100,-30.0,40,4.5,12.0,-33.06,12.4489,-100,66.2,40.58,2.302469,1.136446,13.6607,0.1818
8664,-100,-30.0,40,4.5,12.5,-33.08,12.9694,-79,70.22,35.77,2.772219,1.255656,11.5253,0.1809
8666,-100,-30.0,40,4.5,13.5,-33.8,13.8152,-89,68.66,37.62,2.637395,0.939597,7.1112,0.1874
8667,-100,-30.0,40,4.5,14.0,-33.52,14.2787,-88,66.59,40.11,2.424707,0.879101,7.8645,0.2061
8668,-100,-30.0,40,4.75,1.0,-27.69,1.6949,-38,55.3,53.7,0.786848,0.756948,41.5066,0.006
8670,-100,-30.0,40,4.75,2.0,-28.29,2.682,-41,58.85,49.43,1.097455,1.113739,37.1016,0.0125
8669,-100,-30.0,40,4.75,1.5,-27.68,2.1562,-40,54.11,55.1,0.872527,0.587934,37.6637,0.0089
8672,-100,-30.0,40,4.75,3.0,-28.49,3.7997,-43,63.58,43.69,1.575783,1.389469,28.7709,0.0566
8671,-100,-30.0,40,4.75,2.5,-27.32,3.1085,-42,48.69,61.59,0.740471,0.66967,39.8018,0.0265
8674,-100,-30.0,40,4.75,4.0,-28.5,4.8032,-46,59.26,48.94,1.558615,1.584826,30.42,0.0723
8676,-100,-30.0,40,4.75,5.0,-29.01,5.7535,-50,61.66,46.03,1.816065,1.45432,21.4484,0.0953
8673,-100,-30.0,40,4.75,3.5,-27.24,4.0933,-47,45.29,65.69,0.989449,1.461152,39.456,0.0498
8675,-100,-30.0,40,4.75,4.5,-27.91,5.4531,-50,53.35,56.01,1.384902,0.988731,26.5476,0.1192
8677,-100,-30.0,40,4.75,5.5,-29.36,6.1237,-53,59.92,48.14,1.829424,1.189546,18.9394,0.1192
8678,-100,-30.0,40,4.75,6.0,-28.35,6.7451,-54,53.2,56.13,1.433386,1.404802,29.6211,0.1268
8679,-100,-30.0,40,4.75,6.5,-29.01,7.3781,-60,54.76,54.33,1.562074,1.109125,23.7596,0.1816
8680,-100,-30.0,40,4.75,7.0,-28.42,7.8125,-60,54.72,54.34,1.550462,1.577687,31.0493,0.1203
8681,-100,-30.0,40,4.75,7.5,-29.05,8.1271,-62,63.74,43.58,2.037086,1.693719,22.6917,0.1367
8682,-100,-30.0,40,4.75,8.0,-28.7,8.5201,-62,54.94,54.1,1.669373,1.385353,23.4407,0.149
8683,-100,-30.0,40,4.75,8.5,-28.65,9.1915,-66,57.23,51.36,1.799847,1.607956,24.0845,0.1255
8684,-100,-30.0,40,4.75,9.0,-28.3,9.8666,-62,58.16,50.23,1.787976,1.223124,23.5517,0.2085
8685,-100,-30.0,40,4.75,9.5,-28.35,9.9437,-69,56.22,52.5,1.777485,1.330433,21.2274,0.1728
8688,-100,-30.0,40,4.75,11.0,-30.76,11.274,-70,59.13,49.01,1.978098,0.676545,6.0871,0.3295
8686,-100,-30.0,40,4.75,10.0,-28.47,10.6729,-67,57.78,50.74,1.85704,1.42736,20.8593,0.1477
8687,-100,-30.0,40,4.75,10.5,-29.41,11.0531,-70,56.33,52.49,1.802927,0.997211,15.6222,0.2227
8689,-100,-30.0,40,4.75,11.5,-29.02,11.9134,-70,57.67,50.82,1.881628,1.030662,12.6994,0.2056
8690,-100,-30.0,40,4.75,12.0,-31.18,12.5301,-81,63.35,44.01,2.231047,0.96774,8.6716,0.2458
8692,-100,-30.0,40,4.75,13.0,-29.73,13.7163,-82,59.42,48.72,1.993614,1.327719,19.1933,0.2047
8691,-100,-30.0,40,4.75,12.5,-30.36,12.7742,-80,59.06,49.18,1.973932,1.047452,13.4388,0.2107
8693,-100,-30.0,40,4.75,13.5,-29.37,13.8575,-80,63.01,44.39,2.200807,1.501868,19.2508,0.1707
8694,-100,-30.0,40,4.75,14.0,-29.88,14.5307,-90,59.62,48.48,2.014677,0.979417,12.3365,0.2369
8695,-100,-30.0,40,5.0,1.0,-24.47,2.7471,-36,35.81,77.12,0.579526,0.882661,43.1619,0.0964
8696,-100,-30.0,40,5.0,1.5,-25.08,3.3053,-37,38.49,73.93,0.939426,0.96922,34.3189,0.1964
8697,-100,-30.0,40,5.0,2.0,-25.59,3.3779,-39,43.28,68.14,0.950886,1.318642,38.2057,0.0608
8698,-100,-30.0,40,5.0,2.5,-25.82,3.9357,-41,36.3,76.46,0.98676,0.918506,29.37,0.2472
8701,-100,-30.0,40,5.0,4.0,-25.09,4.9376,-44,34.84,78.24,0.97457,1.106801,31.4985,0.2501
8699,-100,-30.0,40,5.0,3.0,-25.25,4.1996,-43,34.5,78.55,0.966564,1.017683,32.8749,0.2339
8700,-100,-30.0,40,5.0,3.5,-25.33,4.5152,-43,36.41,76.35,1.004277,1.224879,32.7982,0.1441
8702,-100,-30.0,40,5.0,4.5,-25.34,5.9838,-51,40.27,71.66,1.014715,1.00686,32.1021,0.1814
8704,-100,-30.0,40,5.0,5.5,-26.13,6.5384,-51,45.03,66.01,1.255371,1.029922,26.7225,0.1856
8705,-100,-30.0,40,5.0,6.0,-25.01,6.8758,-52,36.67,75.95,1.086563,1.176876,31.8952,0.1975
8703,-100,-30.0,40,5.0,5.0,-25.44,6.1222,-49,37.92,74.6,1.068184,0.939799,28.1124,0.2655
8706,-100,-30.0,40,5.0,6.5,-25.71,7.2456,-53,40.34,71.64,1.169485,1.210397,30.737,0.1971
8707,-100,-30.0,40,5.0,7.0,-24.89,7.7389,-55,39.61,72.46,1.14059,1.151104,30.7917,0.2266
8709,-100,-30.0,40,5.0,8.0,-24.82,8.6412,-60,36.38,76.4,1.08326,0.914004,27.5368,0.304
8708,-100,-30.0,40,5.0,7.5,-25.93,8.1809,-61,46.72,63.95,1.378001,1.081602,25.8011,0.2394
8711,-100,-30.0,40,5.0,9.0,-26.7,9.7063,-66,47.37,63.15,1.464895,1.017358,20.8935,0.2698
8710,-100,-30.0,40,5.0,8.5,-25.29,9.2395,-67,39.53,72.64,1.165047,1.096761,28.9533,0.2582
8712,-100,-30.0,40,5.0,9.5,-25.66,10.2198,-69,42.58,68.95,1.298998,0.909971,21.1407,0.2781
8713,-100,-30.0,40,5.0,10.0,-26.17,10.5376,-64,45.67,65.2,1.408685,0.819272,17.1078,0.354
8714,-100,-30.0,40,5.0,10.5,-26.41,11.1332,-74,46.84,63.83,1.434057,0.905389,19.573,0.3166
8715,-100,-30.0,40,5.0,11.0,-26.47,11.7161,-74,46.96,63.68,1.460816,0.88905,17.2775,0.2917
8717,-100,-30.0,40,5.0,12.0,-25.35,12.3223,-71,44.23,67.03,1.338443,1.306824,28.9829,0.2028
8716,-100,-30.0,40,5.0,11.5,-25.88,11.9648,-79,46.19,64.63,1.437819,0.732442,14.0274,0.428
8718,-100,-30.0,40,5.0,12.5,-27.37,13.1439,-73,53.58,55.77,1.724011,0.67416,4.9364,0.404
8719,-100,-30.0,40,5.0,13.0,-26.66,13.5337,-80,54.06,55.2,1.751779,0.907076,11.867,0.2624
8721,-100,-30.0,40,5.0,14.0,-25.55,14.5157,-82,46.24,64.61,1.431434,0.859883,17.2321,0.2917
8720,-100,-30.0,40,5.0,13.5,-27.34,13.8779,-90,52.88,56.59,1.705577,0.670068,5.6113,0.4154
