id,RX_SENSITIVITY_DBM,RSSI_INFLECTION_POINT,TRANSMITTING_RANGE,PATH_LOSS_EXPONENT,AWGN_SIGMA
1,-100,-60.0,25.0,2.0,1.0
2,-100,-60.0,25.0,2.0,1.5
3,-100,-60.0,25.0,2.0,2.0
4,-100,-60.0,25.0,2.0,2.5
5,-100,-60.0,25.0,2.0,3.0
6,-100,-60.0,25.0,2.0,3.5
7,-100,-60.0,25.0,2.0,4.0
8,-100,-60.0,25.0,2.0,4.5
9,-100,-60.0,25.0,2.0,5.0
10,-100,-60.0,25.0,2.0,5.5
11,-100,-60.0,25.0,2.0,6.0
12,-100,-60.0,25.0,2.0,6.5
13,-100,-60.0,25.0,2.0,7.0
14,-100,-60.0,25.0,2.0,7.5
15,-100,-60.0,25.0,2.0,8.0
16,-100,-60.0,25.0,2.0,8.5
17,-100,-60.0,25.0,2.0,9.0
18,-100,-60.0,25.0,2.0,9.5
19,-100,-60.0,25.0,2.0,10.0
20,-100,-60.0,25.0,2.25,1.0
21,-100,-60.0,25.0,2.25,1.5
22,-100,-60.0,25.0,2.25,2.0
23,-100,-60.0,25.0,2.25,2.5
24,-100,-60.0,25.0,2.25,3.0
25,-100,-60.0,25.0,2.25,3.5
26,-100,-60.0,25.0,2.25,4.0
27,-100,-60.0,25.0,2.25,4.5
28,-100,-60.0,25.0,2.25,5.0
29,-100,-60.0,25.0,2.25,5.5
30,-100,-60.0,25.0,2.25,6.0
31,-100,-60.0,25.0,2.25,6.5
32,-100,-60.0,25.0,2.25,7.0
33,-100,-60.0,25.0,2.25,7.5
34,-100,-60.0,25.0,2.25,8.0
35,-100,-60.0,25.0,2.25,8.5
36,-100,-60.0,25.0,2.25,9.0
37,-100,-60.0,25.0,2.25,9.5
38,-100,-60.0,25.0,2.25,10.0
39,-100,-60.0,25.0,2.5,1.0
40,-100,-60.0,25.0,2.5,1.5
41,-100,-60.0,25.0,2.5,2.0
42,-100,-60.0,25.0,2.5,2.5
43,-100,-60.0,25.0,2.5,3.0
44,-100,-60.0,25.0,2.5,3.5
45,-100,-60.0,25.0,2.5,4.0
46,-100,-60.0,25.0,2.5,4.5
47,-100,-60.0,25.0,2.5,5.0
48,-100,-60.0,25.0,2.5,5.5
49,-100,-60.0,25.0,2.5,6.0
50,-100,-60.0,25.0,2.5,6.5
51,-100,-60.0,25.0,2.5,7.0
52,-100,-60.0,25.0,2.5,7.5
53,-100,-60.0,25.0,2.5,8.0
54,-100,-60.0,25.0,2.5,8.5
55,-100,-60.0,25.0,2.5,9.0
56,-100,-60.0,25.0,2.5,9.5
57,-100,-60.0,25.0,2.5,10.0
58,-100,-60.0,25.0,2.75,1.0
59,-100,-60.0,25.0,2.75,1.5
60,-100,-60.0,25.0,2.75,2.0
61,-100,-60.0,25.0,2.75,2.5
62,-100,-60.0,25.0,2.75,3.0
63,-100,-60.0,25.0,2.75,3.5
64,-100,-60.0,25.0,2.75,4.0
65,-100,-60.0,25.0,2.75,4.5
66,-100,-60.0,25.0,2.75,5.0
67,-100,-60.0,25.0,2.75,5.5
68,-100,-60.0,25.0,2.75,6.0
69,-100,-60.0,25.0,2.75,6.5
70,-100,-60.0,25.0,2.75,7.0
71,-100,-60.0,25.0,2.75,7.5
72,-100,-60.0,25.0,2.75,8.0
73,-100,-60.0,25.0,2.75,8.5
74,-100,-60.0,25.0,2.75,9.0
75,-100,-60.0,25.0,2.75,9.5
76,-100,-60.0,25.0,2.75,10.0
77,-100,-60.0,25.0,3.0,1.0
78,-100,-60.0,25.0,3.0,1.5
79,-100,-60.0,25.0,3.0,2.0
80,-100,-60.0,25.0,3.0,2.5
81,-100,-60.0,25.0,3.0,3.0
82,-100,-60.0,25.0,3.0,3.5
83,-100,-60.0,25.0,3.0,4.0
84,-100,-60.0,25.0,3.0,4.5
85,-100,-60.0,25.0,3.0,5.0
86,-100,-60.0,25.0,3.0,5.5
87,-100,-60.0,25.0,3.0,6.0
88,-100,-60.0,25.0,3.0,6.5
89,-100,-60.0,25.0,3.0,7.0
90,-100,-60.0,25.0,3.0,7.5
91,-100,-60.0,25.0,3.0,8.0
92,-100,-60.0,25.0,3.0,8.5
93,-100,-60.0,25.0,3.0,9.0
94,-100,-60.0,25.0,3.0,9.5
95,-100,-60.0,25.0,3.0,10.0
96,-100,-60.0,25.0,3.25,1.0
97,-100,-60.0,25.0,3.25,1.5
98,-100,-60.0,25.0,3.25,2.0
99,-100,-60.0,25.0,3.25,2.5
100,-100,-60.0,25.0,3.25,3.0
101,-100,-60.0,25.0,3.25,3.5
102,-100,-60.0,25.0,3.25,4.0
103,-100,-60.0,25.0,3.25,4.5
104,-100,-60.0,25.0,3.25,5.0
105,-100,-60.0,25.0,3.25,5.5
106,-100,-60.0,25.0,3.25,6.0
107,-100,-60.0,25.0,3.25,6.5
108,-100,-60.0,25.0,3.25,7.0
109,-100,-60.0,25.0,3.25,7.5
110,-100,-60.0,25.0,3.25,8.0
111,-100,-60.0,25.0,3.25,8.5
112,-100,-60.0,25.0,3.25,9.0
113,-100,-60.0,25.0,3.25,9.5
114,-100,-60.0,25.0,3.25,10.0
115,-100,-60.0,25.0,3.5,1.0
116,-100,-60.0,25.0,3.5,1.5
117,-100,-60.0,25.0,3.5,2.0
118,-100,-60.0,25.0,3.5,2.5
119,-100,-60.0,25.0,3.5,3.0
120,-100,-60.0,25.0,3.5,3.5
121,-100,-60.0,25.0,3.5,4.0
122,-100,-60.0,25.0,3.5,4.5
123,-100,-60.0,25.0,3.5,5.0
124,-100,-60.0,25.0,3.5,5.5
125,-100,-60.0,25.0,3.5,6.0
126,-100,-60.0,25.0,3.5,6.5
127,-100,-60.0,25.0,3.5,7.0
128,-100,-60.0,25.0,3.5,7.5
129,-100,-60.0,25.0,3.5,8.0
130,-100,-60.0,25.0,3.5,8.5
131,-100,-60.0,25.0,3.5,9.0
132,-100,-60.0,25.0,3.5,9.5
133,-100,-60.0,25.0,3.5,10.0
134,-100,-60.0,25.0,3.75,1.0
135,-100,-60.0,25.0,3.75,1.5
136,-100,-60.0,25.0,3.75,2.0
137,-100,-60.0,25.0,3.75,2.5
138,-100,-60.0,25.0,3.75,3.0
139,-100,-60.0,25.0,3.75,3.5
140,-100,-60.0,25.0,3.75,4.0
141,-100,-60.0,25.0,3.75,4.5
142,-100,-60.0,25.0,3.75,5.0
143,-100,-60.0,25.0,3.75,5.5
144,-100,-60.0,25.0,3.75,6.0
145,-100,-60.0,25.0,3.75,6.5
146,-100,-60.0,25.0,3.75,7.0
147,-100,-60.0,25.0,3.75,7.5
148,-100,-60.0,25.0,3.75,8.0
149,-100,-60.0,25.0,3.75,8.5
150,-100,-60.0,25.0,3.75,9.0
151,-100,-60.0,25.0,3.75,9.5
152,-100,-60.0,25.0,3.75,10.0
153,-100,-60.0,25.0,4.0,1.0
154,-100,-60.0,25.0,4.0,1.5
155,-100,-60.0,25.0,4.0,2.0
156,-100,-60.0,25.0,4.0,2.5
157,-100,-60.0,25.0,4.0,3.0
158,-100,-60.0,25.0,4.0,3.5
159,-100,-60.0,25.0,4.0,4.0
160,-100,-60.0,25.0,4.0,4.5
161,-100,-60.0,25.0,4.0,5.0
162,-100,-60.0,25.0,4.0,5.5
163,-100,-60.0,25.0,4.0,6.0
164,-100,-60.0,25.0,4.0,6.5
165,-100,-60.0,25.0,4.0,7.0
166,-100,-60.0,25.0,4.0,7.5
167,-100,-60.0,25.0,4.0,8.0
168,-100,-60.0,25.0,4.0,8.5
169,-100,-60.0,25.0,4.0,9.0
170,-100,-60.0,25.0,4.0,9.5
171,-100,-60.0,25.0,4.0,10.0
172,-100,-60.0,40.0,2.0,1.0
173,-100,-60.0,40.0,2.0,1.5
174,-100,-60.0,40.0,2.0,2.0
175,-100,-60.0,40.0,2.0,2.5
176,-100,-60.0,40.0,2.0,3.0
177,-100,-60.0,40.0,2.0,3.5
178,-100,-60.0,40.0,2.0,4.0
179,-100,-60.0,40.0,2.0,4.5
180,-100,-60.0,40.0,2.0,5.0
181,-100,-60.0,40.0,2.0,5.5
182,-100,-60.0,40.0,2.0,6.0
183,-100,-60.0,40.0,2.0,6.5
184,-100,-60.0,40.0,2.0,7.0
185,-100,-60.0,40.0,2.0,7.5
186,-100,-60.0,40.0,2.0,8.0
187,-100,-60.0,40.0,2.0,8.5
188,-100,-60.0,40.0,2.0,9.0
189,-100,-60.0,40.0,2.0,9.5
190,-100,-60.0,40.0,2.0,10.0
191,-100,-60.0,40.0,2.25,1.0
192,-100,-60.0,40.0,2.25,1.5
193,-100,-60.0,40.0,2.25,2.0
194,-100,-60.0,40.0,2.25,2.5
195,-100,-60.0,40.0,2.25,3.0
196,-100,-60.0,40.0,2.25,3.5
197,-100,-60.0,40.0,2.25,4.0
198,-100,-60.0,40.0,2.25,4.5
199,-100,-60.0,40.0,2.25,5.0
200,-100,-60.0,40.0,2.25,5.5
201,-100,-60.0,40.0,2.25,6.0
202,-100,-60.0,40.0,2.25,6.5
203,-100,-60.0,40.0,2.25,7.0
204,-100,-60.0,40.0,2.25,7.5
205,-100,-60.0,40.0,2.25,8.0
206,-100,-60.0,40.0,2.25,8.5
207,-100,-60.0,40.0,2.25,9.0
208,-100,-60.0,40.0,2.25,9.5
209,-100,-60.0,40.0,2.25,10.0
210,-100,-60.0,40.0,2.5,1.0
211,-100,-60.0,40.0,2.5,1.5
212,-100,-60.0,40.0,2.5,2.0
213,-100,-60.0,40.0,2.5,2.5
214,-100,-60.0,40.0,2.5,3.0
215,-100,-60.0,40.0,2.5,3.5
216,-100,-60.0,40.0,2.5,4.0
217,-100,-60.0,40.0,2.5,4.5
218,-100,-60.0,40.0,2.5,5.0
219,-100,-60.0,40.0,2.5,5.5
220,-100,-60.0,40.0,2.5,6.0
221,-100,-60.0,40.0,2.5,6.5
222,-100,-60.0,40.0,2.5,7.0
223,-100,-60.0,40.0,2.5,7.5
224,-100,-60.0,40.0,2.5,8.0
225,-100,-60.0,40.0,2.5,8.5
226,-100,-60.0,40.0,2.5,9.0
227,-100,-60.0,40.0,2.5,9.5
228,-100,-60.0,40.0,2.5,10.0
229,-100,-60.0,40.0,2.75,1.0
230,-100,-60.0,40.0,2.75,1.5
231,-100,-60.0,40.0,2.75,2.0
232,-100,-60.0,40.0,2.75,2.5
233,-100,-60.0,40.0,2.75,3.0
234,-100,-60.0,40.0,2.75,3.5
235,-100,-60.0,40.0,2.75,4.0
236,-100,-60.0,40.0,2.75,4.5
237,-100,-60.0,40.0,2.75,5.0
238,-100,-60.0,40.0,2.75,5.5
239,-100,-60.0,40.0,2.75,6.0
240,-100,-60.0,40.0,2.75,6.5
241,-100,-60.0,40.0,2.75,7.0
242,-100,-60.0,40.0,2.75,7.5
243,-100,-60.0,40.0,2.75,8.0
244,-100,-60.0,40.0,2.75,8.5
245,-100,-60.0,40.0,2.75,9.0
246,-100,-60.0,40.0,2.75,9.5
247,-100,-60.0,40.0,2.75,10.0
248,-100,-60.0,40.0,3.0,1.0
249,-100,-60.0,40.0,3.0,1.5
250,-100,-60.0,40.0,3.0,2.0
251,-100,-60.0,40.0,3.0,2.5
252,-100,-60.0,40.0,3.0,3.0
253,-100,-60.0,40.0,3.0,3.5
254,-100,-60.0,40.0,3.0,4.0
255,-100,-60.0,40.0,3.0,4.5
256,-100,-60.0,40.0,3.0,5.0
257,-100,-60.0,40.0,3.0,5.5
258,-100,-60.0,40.0,3.0,6.0
259,-100,-60.0,40.0,3.0,6.5
260,-100,-60.0,40.0,3.0,7.0
261,-100,-60.0,40.0,3.0,7.5
262,-100,-60.0,40.0,3.0,8.0
263,-100,-60.0,40.0,3.0,8.5
264,-100,-60.0,40.0,3.0,9.0
265,-100,-60.0,40.0,3.0,9.5
266,-100,-60.0,40.0,3.0,10.0
267,-100,-60.0,40.0,3.25,1.0
268,-100,-60.0,40.0,3.25,1.5
269,-100,-60.0,40.0,3.25,2.0
270,-100,-60.0,40.0,3.25,2.5
271,-100,-60.0,40.0,3.25,3.0
272,-100,-60.0,40.0,3.25,3.5
273,-100,-60.0,40.0,3.25,4.0
274,-100,-60.0,40.0,3.25,4.5
275,-100,-60.0,40.0,3.25,5.0
276,-100,-60.0,40.0,3.25,5.5
277,-100,-60.0,40.0,3.25,6.0
278,-100,-60.0,40.0,3.25,6.5
279,-100,-60.0,40.0,3.25,7.0
280,-100,-60.0,40.0,3.25,7.5
281,-100,-60.0,40.0,3.25,8.0
282,-100,-60.0,40.0,3.25,8.5
283,-100,-60.0,40.0,3.25,9.0
284,-100,-60.0,40.0,3.25,9.5
285,-100,-60.0,40.0,3.25,10.0
286,-100,-60.0,40.0,3.5,1.0
287,-100,-60.0,40.0,3.5,1.5
288,-100,-60.0,40.0,3.5,2.0
289,-100,-60.0,40.0,3.5,2.5
290,-100,-60.0,40.0,3.5,3.0
291,-100,-60.0,40.0,3.5,3.5
292,-100,-60.0,40.0,3.5,4.0
293,-100,-60.0,40.0,3.5,4.5
294,-100,-60.0,40.0,3.5,5.0
295,-100,-60.0,40.0,3.5,5.5
296,-100,-60.0,40.0,3.5,6.0
297,-100,-60.0,40.0,3.5,6.5
298,-100,-60.0,40.0,3.5,7.0
299,-100,-60.0,40.0,3.5,7.5
300,-100,-60.0,40.0,3.5,8.0
301,-100,-60.0,40.0,3.5,8.5
302,-100,-60.0,40.0,3.5,9.0
303,-100,-60.0,40.0,3.5,9.5
304,-100,-60.0,40.0,3.5,10.0
305,-100,-60.0,40.0,3.75,1.0
306,-100,-60.0,40.0,3.75,1.5
307,-100,-60.0,40.0,3.75,2.0
308,-100,-60.0,40.0,3.75,2.5
309,-100,-60.0,40.0,3.75,3.0
310,-100,-60.0,40.0,3.75,3.5
311,-100,-60.0,40.0,3.75,4.0
312,-100,-60.0,40.0,3.75,4.5
313,-100,-60.0,40.0,3.75,5.0
314,-100,-60.0,40.0,3.75,5.5
315,-100,-60.0,40.0,3.75,6.0
316,-100,-60.0,40.0,3.75,6.5
317,-100,-60.0,40.0,3.75,7.0
318,-100,-60.0,40.0,3.75,7.5
319,-100,-60.0,40.0,3.75,8.0
320,-100,-60.0,40.0,3.75,8.5
321,-100,-60.0,40.0,3.75,9.0
322,-100,-60.0,40.0,3.75,9.5
323,-100,-60.0,40.0,3.75,10.0
324,-100,-60.0,40.0,4.0,1.0
325,-100,-60.0,40.0,4.0,1.5
326,-100,-60.0,40.0,4.0,2.0
327,-100,-60.0,40.0,4.0,2.5
328,-100,-60.0,40.0,4.0,3.0
329,-100,-60.0,40.0,4.0,3.5
330,-100,-60.0,40.0,4.0,4.0
331,-100,-60.0,40.0,4.0,4.5
332,-100,-60.0,40.0,4.0,5.0
333,-100,-60.0,40.0,4.0,5.5
334,-100,-60.0,40.0,4.0,6.0
335,-100,-60.0,40.0,4.0,6.5
336,-100,-60.0,40.0,4.0,7.0
337,-100,-60.0,40.0,4.0,7.5
338,-100,-60.0,40.0,4.0,8.0
339,-100,-60.0,40.0,4.0,8.5
340,-100,-60.0,40.0,4.0,9.0
341,-100,-60.0,40.0,4.0,9.5
342,-100,-60.0,40.0,4.0,10.0
343,-100,-60.0,55.0,2.0,1.0
344,-100,-60.0,55.0,2.0,1.5
345,-100,-60.0,55.0,2.0,2.0
346,-100,-60.0,55.0,2.0,2.5
347,-100,-60.0,55.0,2.0,3.0
348,-100,-60.0,55.0,2.0,3.5
349,-100,-60.0,55.0,2.0,4.0
350,-100,-60.0,55.0,2.0,4.5
351,-100,-60.0,55.0,2.0,5.0
352,-100,-60.0,55.0,2.0,5.5
353,-100,-60.0,55.0,2.0,6.0
354,-100,-60.0,55.0,2.0,6.5
355,-100,-60.0,55.0,2.0,7.0
356,-100,-60.0,55.0,2.0,7.5
357,-100,-60.0,55.0,2.0,8.0
358,-100,-60.0,55.0,2.0,8.5
359,-100,-60.0,55.0,2.0,9.0
360,-100,-60.0,55.0,2.0,9.5
361,-100,-60.0,55.0,2.0,10.0
362,-100,-60.0,55.0,2.25,1.0
363,-100,-60.0,55.0,2.25,1.5
364,-100,-60.0,55.0,2.25,2.0
365,-100,-60.0,55.0,2.25,2.5
366,-100,-60.0,55.0,2.25,3.0
367,-100,-60.0,55.0,2.25,3.5
368,-100,-60.0,55.0,2.25,4.0
369,-100,-60.0,55.0,2.25,4.5
370,-100,-60.0,55.0,2.25,5.0
371,-100,-60.0,55.0,2.25,5.5
372,-100,-60.0,55.0,2.25,6.0
373,-100,-60.0,55.0,2.25,6.5
374,-100,-60.0,55.0,2.25,7.0
375,-100,-60.0,55.0,2.25,7.5
376,-100,-60.0,55.0,2.25,8.0
377,-100,-60.0,55.0,2.25,8.5
378,-100,-60.0,55.0,2.25,9.0
379,-100,-60.0,55.0,2.25,9.5
380,-100,-60.0,55.0,2.25,10.0
381,-100,-60.0,55.0,2.5,1.0
382,-100,-60.0,55.0,2.5,1.5
383,-100,-60.0,55.0,2.5,2.0
384,-100,-60.0,55.0,2.5,2.5
385,-100,-60.0,55.0,2.5,3.0
386,-100,-60.0,55.0,2.5,3.5
387,-100,-60.0,55.0,2.5,4.0
388,-100,-60.0,55.0,2.5,4.5
389,-100,-60.0,55.0,2.5,5.0
390,-100,-60.0,55.0,2.5,5.5
391,-100,-60.0,55.0,2.5,6.0
392,-100,-60.0,55.0,2.5,6.5
393,-100,-60.0,55.0,2.5,7.0
394,-100,-60.0,55.0,2.5,7.5
395,-100,-60.0,55.0,2.5,8.0
396,-100,-60.0,55.0,2.5,8.5
397,-100,-60.0,55.0,2.5,9.0
398,-100,-60.0,55.0,2.5,9.5
399,-100,-60.0,55.0,2.5,10.0
400,-100,-60.0,55.0,2.75,1.0
401,-100,-60.0,55.0,2.75,1.5
402,-100,-60.0,55.0,2.75,2.0
403,-100,-60.0,55.0,2.75,2.5
404,-100,-60.0,55.0,2.75,3.0
405,-100,-60.0,55.0,2.75,3.5
406,-100,-60.0,55.0,2.75,4.0
407,-100,-60.0,55.0,2.75,4.5
408,-100,-60.0,55.0,2.75,5.0
409,-100,-60.0,55.0,2.75,5.5
410,-100,-60.0,55.0,2.75,6.0
411,-100,-60.0,55.0,2.75,6.5
412,-100,-60.0,55.0,2.75,7.0
413,-100,-60.0,55.0,2.75,7.5
414,-100,-60.0,55.0,2.75,8.0
415,-100,-60.0,55.0,2.75,8.5
416,-100,-60.0,55.0,2.75,9.0
417,-100,-60.0,55.0,2.75,9.5
418,-100,-60.0,55.0,2.75,10.0
419,-100,-60.0,55.0,3.0,1.0
420,-100,-60.0,55.0,3.0,1.5
421,-100,-60.0,55.0,3.0,2.0
422,-100,-60.0,55.0,3.0,2.5
423,-100,-60.0,55.0,3.0,3.0
424,-100,-60.0,55.0,3.0,3.5
425,-100,-60.0,55.0,3.0,4.0
426,-100,-60.0,55.0,3.0,4.5
427,-100,-60.0,55.0,3.0,5.0
428,-100,-60.0,55.0,3.0,5.5
429,-100,-60.0,55.0,3.0,6.0
430,-100,-60.0,55.0,3.0,6.5
431,-100,-60.0,55.0,3.0,7.0
432,-100,-60.0,55.0,3.0,7.5
433,-100,-60.0,55.0,3.0,8.0
434,-100,-60.0,55.0,3.0,8.5
435,-100,-60.0,55.0,3.0,9.0
436,-100,-60.0,55.0,3.0,9.5
437,-100,-60.0,55.0,3.0,10.0
438,-100,-60.0,55.0,3.25,1.0
439,-100,-60.0,55.0,3.25,1.5
440,-100,-60.0,55.0,3.25,2.0
441,-100,-60.0,55.0,3.25,2.5
442,-100,-60.0,55.0,3.25,3.0
443,-100,-60.0,55.0,3.25,3.5
444,-100,-60.0,55.0,3.25,4.0
445,-100,-60.0,55.0,3.25,4.5
446,-100,-60.0,55.0,3.25,5.0
447,-100,-60.0,55.0,3.25,5.5
448,-100,-60.0,55.0,3.25,6.0
449,-100,-60.0,55.0,3.25,6.5
450,-100,-60.0,55.0,3.25,7.0
451,-100,-60.0,55.0,3.25,7.5
452,-100,-60.0,55.0,3.25,8.0
453,-100,-60.0,55.0,3.25,8.5
454,-100,-60.0,55.0,3.25,9.0
455,-100,-60.0,55.0,3.25,9.5
456,-100,-60.0,55.0,3.25,10.0
457,-100,-60.0,55.0,3.5,1.0
458,-100,-60.0,55.0,3.5,1.5
459,-100,-60.0,55.0,3.5,2.0
460,-100,-60.0,55.0,3.5,2.5
461,-100,-60.0,55.0,3.5,3.0
462,-100,-60.0,55.0,3.5,3.5
463,-100,-60.0,55.0,3.5,4.0
464,-100,-60.0,55.0,3.5,4.5
465,-100,-60.0,55.0,3.5,5.0
466,-100,-60.0,55.0,3.5,5.5
467,-100,-60.0,55.0,3.5,6.0
468,-100,-60.0,55.0,3.5,6.5
469,-100,-60.0,55.0,3.5,7.0
470,-100,-60.0,55.0,3.5,7.5
471,-100,-60.0,55.0,3.5,8.0
472,-100,-60.0,55.0,3.5,8.5
473,-100,-60.0,55.0,3.5,9.0
474,-100,-60.0,55.0,3.5,9.5
475,-100,-60.0,55.0,3.5,10.0
476,-100,-60.0,55.0,3.75,1.0
477,-100,-60.0,55.0,3.75,1.5
478,-100,-60.0,55.0,3.75,2.0
479,-100,-60.0,55.0,3.75,2.5
480,-100,-60.0,55.0,3.75,3.0
481,-100,-60.0,55.0,3.75,3.5
482,-100,-60.0,55.0,3.75,4.0
483,-100,-60.0,55.0,3.75,4.5
484,-100,-60.0,55.0,3.75,5.0
485,-100,-60.0,55.0,3.75,5.5
486,-100,-60.0,55.0,3.75,6.0
487,-100,-60.0,55.0,3.75,6.5
488,-100,-60.0,55.0,3.75,7.0
489,-100,-60.0,55.0,3.75,7.5
490,-100,-60.0,55.0,3.75,8.0
491,-100,-60.0,55.0,3.75,8.5
492,-100,-60.0,55.0,3.75,9.0
493,-100,-60.0,55.0,3.75,9.5
494,-100,-60.0,55.0,3.75,10.0
495,-100,-60.0,55.0,4.0,1.0
496,-100,-60.0,55.0,4.0,1.5
497,-100,-60.0,55.0,4.0,2.0
498,-100,-60.0,55.0,4.0,2.5
499,-100,-60.0,55.0,4.0,3.0
500,-100,-60.0,55.0,4.0,3.5
501,-100,-60.0,55.0,4.0,4.0
502,-100,-60.0,55.0,4.0,4.5
503,-100,-60.0,55.0,4.0,5.0
504,-100,-60.0,55.0,4.0,5.5
505,-100,-60.0,55.0,4.0,6.0
506,-100,-60.0,55.0,4.0,6.5
507,-100,-60.0,55.0,4.0,7.0
508,-100,-60.0,55.0,4.0,7.5
509,-100,-60.0,55.0,4.0,8.0
510,-100,-60.0,55.0,4.0,8.5
511,-100,-60.0,55.0,4.0,9.0
512,-100,-60.0,55.0,4.0,9.5
513,-100,-60.0,55.0,4.0,10.0
514,-100,-58.0,25.0,2.0,1.0
515,-100,-58.0,25.0,2.0,1.5
516,-100,-58.0,25.0,2.0,2.0
517,-100,-58.0,25.0,2.0,2.5
518,-100,-58.0,25.0,2.0,3.0
519,-100,-58.0,25.0,2.0,3.5
520,-100,-58.0,25.0,2.0,4.0
521,-100,-58.0,25.0,2.0,4.5
522,-100,-58.0,25.0,2.0,5.0
523,-100,-58.0,25.0,2.0,5.5
524,-100,-58.0,25.0,2.0,6.0
525,-100,-58.0,25.0,2.0,6.5
526,-100,-58.0,25.0,2.0,7.0
527,-100,-58.0,25.0,2.0,7.5
528,-100,-58.0,25.0,2.0,8.0
529,-100,-58.0,25.0,2.0,8.5
530,-100,-58.0,25.0,2.0,9.0
531,-100,-58.0,25.0,2.0,9.5
532,-100,-58.0,25.0,2.0,10.0
533,-100,-58.0,25.0,2.25,1.0
534,-100,-58.0,25.0,2.25,1.5
535,-100,-58.0,25.0,2.25,2.0
536,-100,-58.0,25.0,2.25,2.5
537,-100,-58.0,25.0,2.25,3.0
538,-100,-58.0,25.0,2.25,3.5
539,-100,-58.0,25.0,2.25,4.0
540,-100,-58.0,25.0,2.25,4.5
541,-100,-58.0,25.0,2.25,5.0
542,-100,-58.0,25.0,2.25,5.5
543,-100,-58.0,25.0,2.25,6.0
544,-100,-58.0,25.0,2.25,6.5
545,-100,-58.0,25.0,2.25,7.0
546,-100,-58.0,25.0,2.25,7.5
547,-100,-58.0,25.0,2.25,8.0
548,-100,-58.0,25.0,2.25,8.5
549,-100,-58.0,25.0,2.25,9.0
550,-100,-58.0,25.0,2.25,9.5
551,-100,-58.0,25.0,2.25,10.0
552,-100,-58.0,25.0,2.5,1.0
553,-100,-58.0,25.0,2.5,1.5
554,-100,-58.0,25.0,2.5,2.0
555,-100,-58.0,25.0,2.5,2.5
556,-100,-58.0,25.0,2.5,3.0
557,-100,-58.0,25.0,2.5,3.5
558,-100,-58.0,25.0,2.5,4.0
559,-100,-58.0,25.0,2.5,4.5
560,-100,-58.0,25.0,2.5,5.0
561,-100,-58.0,25.0,2.5,5.5
562,-100,-58.0,25.0,2.5,6.0
563,-100,-58.0,25.0,2.5,6.5
564,-100,-58.0,25.0,2.5,7.0
565,-100,-58.0,25.0,2.5,7.5
566,-100,-58.0,25.0,2.5,8.0
567,-100,-58.0,25.0,2.5,8.5
568,-100,-58.0,25.0,2.5,9.0
569,-100,-58.0,25.0,2.5,9.5
570,-100,-58.0,25.0,2.5,10.0
571,-100,-58.0,25.0,2.75,1.0
572,-100,-58.0,25.0,2.75,1.5
573,-100,-58.0,25.0,2.75,2.0
574,-100,-58.0,25.0,2.75,2.5
575,-100,-58.0,25.0,2.75,3.0
576,-100,-58.0,25.0,2.75,3.5
577,-100,-58.0,25.0,2.75,4.0
578,-100,-58.0,25.0,2.75,4.5
579,-100,-58.0,25.0,2.75,5.0
580,-100,-58.0,25.0,2.75,5.5
581,-100,-58.0,25.0,2.75,6.0
582,-100,-58.0,25.0,2.75,6.5
583,-100,-58.0,25.0,2.75,7.0
584,-100,-58.0,25.0,2.75,7.5
585,-100,-58.0,25.0,2.75,8.0
586,-100,-58.0,25.0,2.75,8.5
587,-100,-58.0,25.0,2.75,9.0
588,-100,-58.0,25.0,2.75,9.5
589,-100,-58.0,25.0,2.75,10.0
590,-100,-58.0,25.0,3.0,1.0
591,-100,-58.0,25.0,3.0,1.5
592,-100,-58.0,25.0,3.0,2.0
593,-100,-58.0,25.0,3.0,2.5
594,-100,-58.0,25.0,3.0,3.0
595,-100,-58.0,25.0,3.0,3.5
596,-100,-58.0,25.0,3.0,4.0
597,-100,-58.0,25.0,3.0,4.5
598,-100,-58.0,25.0,3.0,5.0
599,-100,-58.0,25.0,3.0,5.5
600,-100,-58.0,25.0,3.0,6.0
601,-100,-58.0,25.0,3.0,6.5
602,-100,-58.0,25.0,3.0,7.0
603,-100,-58.0,25.0,3.0,7.5
604,-100,-58.0,25.0,3.0,8.0
605,-100,-58.0,25.0,3.0,8.5
606,-100,-58.0,25.0,3.0,9.0
607,-100,-58.0,25.0,3.0,9.5
608,-100,-58.0,25.0,3.0,10.0
609,-100,-58.0,25.0,3.25,1.0
610,-100,-58.0,25.0,3.25,1.5
611,-100,-58.0,25.0,3.25,2.0
612,-100,-58.0,25.0,3.25,2.5
613,-100,-58.0,25.0,3.25,3.0
614,-100,-58.0,25.0,3.25,3.5
615,-100,-58.0,25.0,3.25,4.0
616,-100,-58.0,25.0,3.25,4.5
617,-100,-58.0,25.0,3.25,5.0
618,-100,-58.0,25.0,3.25,5.5
619,-100,-58.0,25.0,3.25,6.0
620,-100,-58.0,25.0,3.25,6.5
621,-100,-58.0,25.0,3.25,7.0
622,-100,-58.0,25.0,3.25,7.5
623,-100,-58.0,25.0,3.25,8.0
624,-100,-58.0,25.0,3.25,8.5
625,-100,-58.0,25.0,3.25,9.0
626,-100,-58.0,25.0,3.25,9.5
627,-100,-58.0,25.0,3.25,10.0
628,-100,-58.0,25.0,3.5,1.0
629,-100,-58.0,25.0,3.5,1.5
630,-100,-58.0,25.0,3.5,2.0
631,-100,-58.0,25.0,3.5,2.5
632,-100,-58.0,25.0,3.5,3.0
633,-100,-58.0,25.0,3.5,3.5
634,-100,-58.0,25.0,3.5,4.0
635,-100,-58.0,25.0,3.5,4.5
636,-100,-58.0,25.0,3.5,5.0
637,-100,-58.0,25.0,3.5,5.5
638,-100,-58.0,25.0,3.5,6.0
639,-100,-58.0,25.0,3.5,6.5
640,-100,-58.0,25.0,3.5,7.0
641,-100,-58.0,25.0,3.5,7.5
642,-100,-58.0,25.0,3.5,8.0
643,-100,-58.0,25.0,3.5,8.5
644,-100,-58.0,25.0,3.5,9.0
645,-100,-58.0,25.0,3.5,9.5
646,-100,-58.0,25.0,3.5,10.0
647,-100,-58.0,25.0,3.75,1.0
648,-100,-58.0,25.0,3.75,1.5
649,-100,-58.0,25.0,3.75,2.0
650,-100,-58.0,25.0,3.75,2.5
651,-100,-58.0,25.0,3.75,3.0
652,-100,-58.0,25.0,3.75,3.5
653,-100,-58.0,25.0,3.75,4.0
654,-100,-58.0,25.0,3.75,4.5
655,-100,-58.0,25.0,3.75,5.0
656,-100,-58.0,25.0,3.75,5.5
657,-100,-58.0,25.0,3.75,6.0
658,-100,-58.0,25.0,3.75,6.5
659,-100,-58.0,25.0,3.75,7.0
660,-100,-58.0,25.0,3.75,7.5
661,-100,-58.0,25.0,3.75,8.0
662,-100,-58.0,25.0,3.75,8.5
663,-100,-58.0,25.0,3.75,9.0
664,-100,-58.0,25.0,3.75,9.5
665,-100,-58.0,25.0,3.75,10.0
666,-100,-58.0,25.0,4.0,1.0
667,-100,-58.0,25.0,4.0,1.5
668,-100,-58.0,25.0,4.0,2.0
669,-100,-58.0,25.0,4.0,2.5
670,-100,-58.0,25.0,4.0,3.0
671,-100,-58.0,25.0,4.0,3.5
672,-100,-58.0,25.0,4.0,4.0
673,-100,-58.0,25.0,4.0,4.5
674,-100,-58.0,25.0,4.0,5.0
675,-100,-58.0,25.0,4.0,5.5
676,-100,-58.0,25.0,4.0,6.0
677,-100,-58.0,25.0,4.0,6.5
678,-100,-58.0,25.0,4.0,7.0
679,-100,-58.0,25.0,4.0,7.5
680,-100,-58.0,25.0,4.0,8.0
681,-100,-58.0,25.0,4.0,8.5
682,-100,-58.0,25.0,4.0,9.0
683,-100,-58.0,25.0,4.0,9.5
684,-100,-58.0,25.0,4.0,10.0
685,-100,-58.0,40.0,2.0,1.0
686,-100,-58.0,40.0,2.0,1.5
687,-100,-58.0,40.0,2.0,2.0
688,-100,-58.0,40.0,2.0,2.5
689,-100,-58.0,40.0,2.0,3.0
690,-100,-58.0,40.0,2.0,3.5
691,-100,-58.0,40.0,2.0,4.0
692,-100,-58.0,40.0,2.0,4.5
693,-100,-58.0,40.0,2.0,5.0
694,-100,-58.0,40.0,2.0,5.5
695,-100,-58.0,40.0,2.0,6.0
696,-100,-58.0,40.0,2.0,6.5
697,-100,-58.0,40.0,2.0,7.0
698,-100,-58.0,40.0,2.0,7.5
699,-100,-58.0,40.0,2.0,8.0
700,-100,-58.0,40.0,2.0,8.5
701,-100,-58.0,40.0,2.0,9.0
702,-100,-58.0,40.0,2.0,9.5
703,-100,-58.0,40.0,2.0,10.0
704,-100,-58.0,40.0,2.25,1.0
705,-100,-58.0,40.0,2.25,1.5
706,-100,-58.0,40.0,2.25,2.0
707,-100,-58.0,40.0,2.25,2.5
708,-100,-58.0,40.0,2.25,3.0
709,-100,-58.0,40.0,2.25,3.5
710,-100,-58.0,40.0,2.25,4.0
711,-100,-58.0,40.0,2.25,4.5
712,-100,-58.0,40.0,2.25,5.0
713,-100,-58.0,40.0,2.25,5.5
714,-100,-58.0,40.0,2.25,6.0
715,-100,-58.0,40.0,2.25,6.5
716,-100,-58.0,40.0,2.25,7.0
717,-100,-58.0,40.0,2.25,7.5
718,-100,-58.0,40.0,2.25,8.0
719,-100,-58.0,40.0,2.25,8.5
720,-100,-58.0,40.0,2.25,9.0
721,-100,-58.0,40.0,2.25,9.5
722,-100,-58.0,40.0,2.25,10.0
723,-100,-58.0,40.0,2.5,1.0
724,-100,-58.0,40.0,2.5,1.5
725,-100,-58.0,40.0,2.5,2.0
726,-100,-58.0,40.0,2.5,2.5
727,-100,-58.0,40.0,2.5,3.0
728,-100,-58.0,40.0,2.5,3.5
729,-100,-58.0,40.0,2.5,4.0
730,-100,-58.0,40.0,2.5,4.5
731,-100,-58.0,40.0,2.5,5.0
732,-100,-58.0,40.0,2.5,5.5
733,-100,-58.0,40.0,2.5,6.0
734,-100,-58.0,40.0,2.5,6.5
735,-100,-58.0,40.0,2.5,7.0
736,-100,-58.0,40.0,2.5,7.5
737,-100,-58.0,40.0,2.5,8.0
738,-100,-58.0,40.0,2.5,8.5
739,-100,-58.0,40.0,2.5,9.0
740,-100,-58.0,40.0,2.5,9.5
741,-100,-58.0,40.0,2.5,10.0
742,-100,-58.0,40.0,2.75,1.0
743,-100,-58.0,40.0,2.75,1.5
744,-100,-58.0,40.0,2.75,2.0
745,-100,-58.0,40.0,2.75,2.5
746,-100,-58.0,40.0,2.75,3.0
747,-100,-58.0,40.0,2.75,3.5
748,-100,-58.0,40.0,2.75,4.0
749,-100,-58.0,40.0,2.75,4.5
750,-100,-58.0,40.0,2.75,5.0
751,-100,-58.0,40.0,2.75,5.5
752,-100,-58.0,40.0,2.75,6.0
753,-100,-58.0,40.0,2.75,6.5
754,-100,-58.0,40.0,2.75,7.0
755,-100,-58.0,40.0,2.75,7.5
756,-100,-58.0,40.0,2.75,8.0
757,-100,-58.0,40.0,2.75,8.5
758,-100,-58.0,40.0,2.75,9.0
759,-100,-58.0,40.0,2.75,9.5
760,-100,-58.0,40.0,2.75,10.0
761,-100,-58.0,40.0,3.0,1.0
762,-100,-58.0,40.0,3.0,1.5
763,-100,-58.0,40.0,3.0,2.0
764,-100,-58.0,40.0,3.0,2.5
765,-100,-58.0,40.0,3.0,3.0
766,-100,-58.0,40.0,3.0,3.5
767,-100,-58.0,40.0,3.0,4.0
768,-100,-58.0,40.0,3.0,4.5
769,-100,-58.0,40.0,3.0,5.0
770,-100,-58.0,40.0,3.0,5.5
771,-100,-58.0,40.0,3.0,6.0
772,-100,-58.0,40.0,3.0,6.5
773,-100,-58.0,40.0,3.0,7.0
774,-100,-58.0,40.0,3.0,7.5
775,-100,-58.0,40.0,3.0,8.0
776,-100,-58.0,40.0,3.0,8.5
777,-100,-58.0,40.0,3.0,9.0
778,-100,-58.0,40.0,3.0,9.5
779,-100,-58.0,40.0,3.0,10.0
780,-100,-58.0,40.0,3.25,1.0
781,-100,-58.0,40.0,3.25,1.5
782,-100,-58.0,40.0,3.25,2.0
783,-100,-58.0,40.0,3.25,2.5
784,-100,-58.0,40.0,3.25,3.0
785,-100,-58.0,40.0,3.25,3.5
786,-100,-58.0,40.0,3.25,4.0
787,-100,-58.0,40.0,3.25,4.5
788,-100,-58.0,40.0,3.25,5.0
789,-100,-58.0,40.0,3.25,5.5
790,-100,-58.0,40.0,3.25,6.0
791,-100,-58.0,40.0,3.25,6.5
792,-100,-58.0,40.0,3.25,7.0
793,-100,-58.0,40.0,3.25,7.5
794,-100,-58.0,40.0,3.25,8.0
795,-100,-58.0,40.0,3.25,8.5
796,-100,-58.0,40.0,3.25,9.0
797,-100,-58.0,40.0,3.25,9.5
798,-100,-58.0,40.0,3.25,10.0
799,-100,-58.0,40.0,3.5,1.0
800,-100,-58.0,40.0,3.5,1.5
801,-100,-58.0,40.0,3.5,2.0
802,-100,-58.0,40.0,3.5,2.5
803,-100,-58.0,40.0,3.5,3.0
804,-100,-58.0,40.0,3.5,3.5
805,-100,-58.0,40.0,3.5,4.0
806,-100,-58.0,40.0,3.5,4.5
807,-100,-58.0,40.0,3.5,5.0
808,-100,-58.0,40.0,3.5,5.5
809,-100,-58.0,40.0,3.5,6.0
810,-100,-58.0,40.0,3.5,6.5
811,-100,-58.0,40.0,3.5,7.0
812,-100,-58.0,40.0,3.5,7.5
813,-100,-58.0,40.0,3.5,8.0
814,-100,-58.0,40.0,3.5,8.5
815,-100,-58.0,40.0,3.5,9.0
816,-100,-58.0,40.0,3.5,9.5
817,-100,-58.0,40.0,3.5,10.0
818,-100,-58.0,40.0,3.75,1.0
819,-100,-58.0,40.0,3.75,1.5
820,-100,-58.0,40.0,3.75,2.0
821,-100,-58.0,40.0,3.75,2.5
822,-100,-58.0,40.0,3.75,3.0
823,-100,-58.0,40.0,3.75,3.5
824,-100,-58.0,40.0,3.75,4.0
825,-100,-58.0,40.0,3.75,4.5
826,-100,-58.0,40.0,3.75,5.0
827,-100,-58.0,40.0,3.75,5.5
828,-100,-58.0,40.0,3.75,6.0
829,-100,-58.0,40.0,3.75,6.5
830,-100,-58.0,40.0,3.75,7.0
831,-100,-58.0,40.0,3.75,7.5
832,-100,-58.0,40.0,3.75,8.0
833,-100,-58.0,40.0,3.75,8.5
834,-100,-58.0,40.0,3.75,9.0
835,-100,-58.0,40.0,3.75,9.5
836,-100,-58.0,40.0,3.75,10.0
837,-100,-58.0,40.0,4.0,1.0
838,-100,-58.0,40.0,4.0,1.5
839,-100,-58.0,40.0,4.0,2.0
840,-100,-58.0,40.0,4.0,2.5
841,-100,-58.0,40.0,4.0,3.0
842,-100,-58.0,40.0,4.0,3.5
843,-100,-58.0,40.0,4.0,4.0
844,-100,-58.0,40.0,4.0,4.5
845,-100,-58.0,40.0,4.0,5.0
846,-100,-58.0,40.0,4.0,5.5
847,-100,-58.0,40.0,4.0,6.0
848,-100,-58.0,40.0,4.0,6.5
849,-100,-58.0,40.0,4.0,7.0
850,-100,-58.0,40.0,4.0,7.5
851,-100,-58.0,40.0,4.0,8.0
852,-100,-58.0,40.0,4.0,8.5
853,-100,-58.0,40.0,4.0,9.0
854,-100,-58.0,40.0,4.0,9.5
855,-100,-58.0,40.0,4.0,10.0
856,-100,-58.0,55.0,2.0,1.0
857,-100,-58.0,55.0,2.0,1.5
858,-100,-58.0,55.0,2.0,2.0
859,-100,-58.0,55.0,2.0,2.5
860,-100,-58.0,55.0,2.0,3.0
861,-100,-58.0,55.0,2.0,3.5
862,-100,-58.0,55.0,2.0,4.0
863,-100,-58.0,55.0,2.0,4.5
864,-100,-58.0,55.0,2.0,5.0
865,-100,-58.0,55.0,2.0,5.5
866,-100,-58.0,55.0,2.0,6.0
867,-100,-58.0,55.0,2.0,6.5
868,-100,-58.0,55.0,2.0,7.0
869,-100,-58.0,55.0,2.0,7.5
870,-100,-58.0,55.0,2.0,8.0
871,-100,-58.0,55.0,2.0,8.5
872,-100,-58.0,55.0,2.0,9.0
873,-100,-58.0,55.0,2.0,9.5
874,-100,-58.0,55.0,2.0,10.0
875,-100,-58.0,55.0,2.25,1.0
876,-100,-58.0,55.0,2.25,1.5
877,-100,-58.0,55.0,2.25,2.0
878,-100,-58.0,55.0,2.25,2.5
879,-100,-58.0,55.0,2.25,3.0
880,-100,-58.0,55.0,2.25,3.5
881,-100,-58.0,55.0,2.25,4.0
882,-100,-58.0,55.0,2.25,4.5
883,-100,-58.0,55.0,2.25,5.0
884,-100,-58.0,55.0,2.25,5.5
885,-100,-58.0,55.0,2.25,6.0
886,-100,-58.0,55.0,2.25,6.5
887,-100,-58.0,55.0,2.25,7.0
888,-100,-58.0,55.0,2.25,7.5
889,-100,-58.0,55.0,2.25,8.0
890,-100,-58.0,55.0,2.25,8.5
891,-100,-58.0,55.0,2.25,9.0
892,-100,-58.0,55.0,2.25,9.5
893,-100,-58.0,55.0,2.25,10.0
894,-100,-58.0,55.0,2.5,1.0
895,-100,-58.0,55.0,2.5,1.5
896,-100,-58.0,55.0,2.5,2.0
897,-100,-58.0,55.0,2.5,2.5
898,-100,-58.0,55.0,2.5,3.0
899,-100,-58.0,55.0,2.5,3.5
900,-100,-58.0,55.0,2.5,4.0
901,-100,-58.0,55.0,2.5,4.5
902,-100,-58.0,55.0,2.5,5.0
903,-100,-58.0,55.0,2.5,5.5
904,-100,-58.0,55.0,2.5,6.0
905,-100,-58.0,55.0,2.5,6.5
906,-100,-58.0,55.0,2.5,7.0
907,-100,-58.0,55.0,2.5,7.5
908,-100,-58.0,55.0,2.5,8.0
909,-100,-58.0,55.0,2.5,8.5
910,-100,-58.0,55.0,2.5,9.0
911,-100,-58.0,55.0,2.5,9.5
912,-100,-58.0,55.0,2.5,10.0
913,-100,-58.0,55.0,2.75,1.0
914,-100,-58.0,55.0,2.75,1.5
915,-100,-58.0,55.0,2.75,2.0
916,-100,-58.0,55.0,2.75,2.5
917,-100,-58.0,55.0,2.75,3.0
918,-100,-58.0,55.0,2.75,3.5
919,-100,-58.0,55.0,2.75,4.0
920,-100,-58.0,55.0,2.75,4.5
921,-100,-58.0,55.0,2.75,5.0
922,-100,-58.0,55.0,2.75,5.5
923,-100,-58.0,55.0,2.75,6.0
924,-100,-58.0,55.0,2.75,6.5
925,-100,-58.0,55.0,2.75,7.0
926,-100,-58.0,55.0,2.75,7.5
927,-100,-58.0,55.0,2.75,8.0
928,-100,-58.0,55.0,2.75,8.5
929,-100,-58.0,55.0,2.75,9.0
930,-100,-58.0,55.0,2.75,9.5
931,-100,-58.0,55.0,2.75,10.0
932,-100,-58.0,55.0,3.0,1.0
933,-100,-58.0,55.0,3.0,1.5
934,-100,-58.0,55.0,3.0,2.0
935,-100,-58.0,55.0,3.0,2.5
936,-100,-58.0,55.0,3.0,3.0
937,-100,-58.0,55.0,3.0,3.5
938,-100,-58.0,55.0,3.0,4.0
939,-100,-58.0,55.0,3.0,4.5
940,-100,-58.0,55.0,3.0,5.0
941,-100,-58.0,55.0,3.0,5.5
942,-100,-58.0,55.0,3.0,6.0
943,-100,-58.0,55.0,3.0,6.5
944,-100,-58.0,55.0,3.0,7.0
945,-100,-58.0,55.0,3.0,7.5
946,-100,-58.0,55.0,3.0,8.0
947,-100,-58.0,55.0,3.0,8.5
948,-100,-58.0,55.0,3.0,9.0
949,-100,-58.0,55.0,3.0,9.5
950,-100,-58.0,55.0,3.0,10.0
951,-100,-58.0,55.0,3.25,1.0
952,-100,-58.0,55.0,3.25,1.5
953,-100,-58.0,55.0,3.25,2.0
954,-100,-58.0,55.0,3.25,2.5
955,-100,-58.0,55.0,3.25,3.0
956,-100,-58.0,55.0,3.25,3.5
957,-100,-58.0,55.0,3.25,4.0
958,-100,-58.0,55.0,3.25,4.5
959,-100,-58.0,55.0,3.25,5.0
960,-100,-58.0,55.0,3.25,5.5
961,-100,-58.0,55.0,3.25,6.0
962,-100,-58.0,55.0,3.25,6.5
963,-100,-58.0,55.0,3.25,7.0
964,-100,-58.0,55.0,3.25,7.5
965,-100,-58.0,55.0,3.25,8.0
966,-100,-58.0,55.0,3.25,8.5
967,-100,-58.0,55.0,3.25,9.0
968,-100,-58.0,55.0,3.25,9.5
969,-100,-58.0,55.0,3.25,10.0
970,-100,-58.0,55.0,3.5,1.0
971,-100,-58.0,55.0,3.5,1.5
972,-100,-58.0,55.0,3.5,2.0
973,-100,-58.0,55.0,3.5,2.5
974,-100,-58.0,55.0,3.5,3.0
975,-100,-58.0,55.0,3.5,3.5
976,-100,-58.0,55.0,3.5,4.0
977,-100,-58.0,55.0,3.5,4.5
978,-100,-58.0,55.0,3.5,5.0
979,-100,-58.0,55.0,3.5,5.5
980,-100,-58.0,55.0,3.5,6.0
981,-100,-58.0,55.0,3.5,6.5
982,-100,-58.0,55.0,3.5,7.0
983,-100,-58.0,55.0,3.5,7.5
984,-100,-58.0,55.0,3.5,8.0
985,-100,-58.0,55.0,3.5,8.5
986,-100,-58.0,55.0,3.5,9.0
987,-100,-58.0,55.0,3.5,9.5
988,-100,-58.0,55.0,3.5,10.0
989,-100,-58.0,55.0,3.75,1.0
990,-100,-58.0,55.0,3.75,1.5
991,-100,-58.0,55.0,3.75,2.0
992,-100,-58.0,55.0,3.75,2.5
993,-100,-58.0,55.0,3.75,3.0
994,-100,-58.0,55.0,3.75,3.5
995,-100,-58.0,55.0,3.75,4.0
996,-100,-58.0,55.0,3.75,4.5
997,-100,-58.0,55.0,3.75,5.0
998,-100,-58.0,55.0,3.75,5.5
999,-100,-58.0,55.0,3.75,6.0
1000,-100,-58.0,55.0,3.75,6.5
1001,-100,-58.0,55.0,3.75,7.0
1002,-100,-58.0,55.0,3.75,7.5
1003,-100,-58.0,55.0,3.75,8.0
1004,-100,-58.0,55.0,3.75,8.5
1005,-100,-58.0,55.0,3.75,9.0
1006,-100,-58.0,55.0,3.75,9.5
1007,-100,-58.0,55.0,3.75,10.0
1008,-100,-58.0,55.0,4.0,1.0
1009,-100,-58.0,55.0,4.0,1.5
1010,-100,-58.0,55.0,4.0,2.0
1011,-100,-58.0,55.0,4.0,2.5
1012,-100,-58.0,55.0,4.0,3.0
1013,-100,-58.0,55.0,4.0,3.5
1014,-100,-58.0,55.0,4.0,4.0
1015,-100,-58.0,55.0,4.0,4.5
1016,-100,-58.0,55.0,4.0,5.0
1017,-100,-58.0,55.0,4.0,5.5
1018,-100,-58.0,55.0,4.0,6.0
1019,-100,-58.0,55.0,4.0,6.5
1020,-100,-58.0,55.0,4.0,7.0
1021,-100,-58.0,55.0,4.0,7.5
1022,-100,-58.0,55.0,4.0,8.0
1023,-100,-58.0,55.0,4.0,8.5
1024,-100,-58.0,55.0,4.0,9.0
1025,-100,-58.0,55.0,4.0,9.5
1026,-100,-58.0,55.0,4.0,10.0
1027,-100,-56.0,25.0,2.0,1.0
1028,-100,-56.0,25.0,2.0,1.5
1029,-100,-56.0,25.0,2.0,2.0
1030,-100,-56.0,25.0,2.0,2.5
1031,-100,-56.0,25.0,2.0,3.0
1032,-100,-56.0,25.0,2.0,3.5
1033,-100,-56.0,25.0,2.0,4.0
1034,-100,-56.0,25.0,2.0,4.5
1035,-100,-56.0,25.0,2.0,5.0
1036,-100,-56.0,25.0,2.0,5.5
1037,-100,-56.0,25.0,2.0,6.0
1038,-100,-56.0,25.0,2.0,6.5
1039,-100,-56.0,25.0,2.0,7.0
1040,-100,-56.0,25.0,2.0,7.5
1041,-100,-56.0,25.0,2.0,8.0
1042,-100,-56.0,25.0,2.0,8.5
1043,-100,-56.0,25.0,2.0,9.0
1044,-100,-56.0,25.0,2.0,9.5
1045,-100,-56.0,25.0,2.0,10.0
1046,-100,-56.0,25.0,2.25,1.0
1047,-100,-56.0,25.0,2.25,1.5
1048,-100,-56.0,25.0,2.25,2.0
1049,-100,-56.0,25.0,2.25,2.5
1050,-100,-56.0,25.0,2.25,3.0
1051,-100,-56.0,25.0,2.25,3.5
1052,-100,-56.0,25.0,2.25,4.0
1053,-100,-56.0,25.0,2.25,4.5
1054,-100,-56.0,25.0,2.25,5.0
1055,-100,-56.0,25.0,2.25,5.5
1056,-100,-56.0,25.0,2.25,6.0
1057,-100,-56.0,25.0,2.25,6.5
1058,-100,-56.0,25.0,2.25,7.0
1059,-100,-56.0,25.0,2.25,7.5
1060,-100,-56.0,25.0,2.25,8.0
1061,-100,-56.0,25.0,2.25,8.5
1062,-100,-56.0,25.0,2.25,9.0
1063,-100,-56.0,25.0,2.25,9.5
1064,-100,-56.0,25.0,2.25,10.0
1065,-100,-56.0,25.0,2.5,1.0
1066,-100,-56.0,25.0,2.5,1.5
1067,-100,-56.0,25.0,2.5,2.0
1068,-100,-56.0,25.0,2.5,2.5
1069,-100,-56.0,25.0,2.5,3.0
1070,-100,-56.0,25.0,2.5,3.5
1071,-100,-56.0,25.0,2.5,4.0
1072,-100,-56.0,25.0,2.5,4.5
1073,-100,-56.0,25.0,2.5,5.0
1074,-100,-56.0,25.0,2.5,5.5
1075,-100,-56.0,25.0,2.5,6.0
1076,-100,-56.0,25.0,2.5,6.5
1077,-100,-56.0,25.0,2.5,7.0
1078,-100,-56.0,25.0,2.5,7.5
1079,-100,-56.0,25.0,2.5,8.0
1080,-100,-56.0,25.0,2.5,8.5
1081,-100,-56.0,25.0,2.5,9.0
1082,-100,-56.0,25.0,2.5,9.5
1083,-100,-56.0,25.0,2.5,10.0
1084,-100,-56.0,25.0,2.75,1.0
1085,-100,-56.0,25.0,2.75,1.5
1086,-100,-56.0,25.0,2.75,2.0
1087,-100,-56.0,25.0,2.75,2.5
1088,-100,-56.0,25.0,2.75,3.0
1089,-100,-56.0,25.0,2.75,3.5
1090,-100,-56.0,25.0,2.75,4.0
1091,-100,-56.0,25.0,2.75,4.5
1092,-100,-56.0,25.0,2.75,5.0
1093,-100,-56.0,25.0,2.75,5.5
1094,-100,-56.0,25.0,2.75,6.0
1095,-100,-56.0,25.0,2.75,6.5
1096,-100,-56.0,25.0,2.75,7.0
1097,-100,-56.0,25.0,2.75,7.5
1098,-100,-56.0,25.0,2.75,8.0
1099,-100,-56.0,25.0,2.75,8.5
1100,-100,-56.0,25.0,2.75,9.0
1101,-100,-56.0,25.0,2.75,9.5
1102,-100,-56.0,25.0,2.75,10.0
1103,-100,-56.0,25.0,3.0,1.0
1104,-100,-56.0,25.0,3.0,1.5
1105,-100,-56.0,25.0,3.0,2.0
1106,-100,-56.0,25.0,3.0,2.5
1107,-100,-56.0,25.0,3.0,3.0
1108,-100,-56.0,25.0,3.0,3.5
1109,-100,-56.0,25.0,3.0,4.0
1110,-100,-56.0,25.0,3.0,4.5
1111,-100,-56.0,25.0,3.0,5.0
1112,-100,-56.0,25.0,3.0,5.5
1113,-100,-56.0,25.0,3.0,6.0
1114,-100,-56.0,25.0,3.0,6.5
1115,-100,-56.0,25.0,3.0,7.0
1116,-100,-56.0,25.0,3.0,7.5
1117,-100,-56.0,25.0,3.0,8.0
1118,-100,-56.0,25.0,3.0,8.5
1119,-100,-56.0,25.0,3.0,9.0
1120,-100,-56.0,25.0,3.0,9.5
1121,-100,-56.0,25.0,3.0,10.0
1122,-100,-56.0,25.0,3.25,1.0
1123,-100,-56.0,25.0,3.25,1.5
1124,-100,-56.0,25.0,3.25,2.0
1125,-100,-56.0,25.0,3.25,2.5
1126,-100,-56.0,25.0,3.25,3.0
1127,-100,-56.0,25.0,3.25,3.5
1128,-100,-56.0,25.0,3.25,4.0
1129,-100,-56.0,25.0,3.25,4.5
1130,-100,-56.0,25.0,3.25,5.0
1131,-100,-56.0,25.0,3.25,5.5
1132,-100,-56.0,25.0,3.25,6.0
1133,-100,-56.0,25.0,3.25,6.5
1134,-100,-56.0,25.0,3.25,7.0
1135,-100,-56.0,25.0,3.25,7.5
1136,-100,-56.0,25.0,3.25,8.0
1137,-100,-56.0,25.0,3.25,8.5
1138,-100,-56.0,25.0,3.25,9.0
1139,-100,-56.0,25.0,3.25,9.5
1140,-100,-56.0,25.0,3.25,10.0
1141,-100,-56.0,25.0,3.5,1.0
1142,-100,-56.0,25.0,3.5,1.5
1143,-100,-56.0,25.0,3.5,2.0
1144,-100,-56.0,25.0,3.5,2.5
1145,-100,-56.0,25.0,3.5,3.0
1146,-100,-56.0,25.0,3.5,3.5
1147,-100,-56.0,25.0,3.5,4.0
1148,-100,-56.0,25.0,3.5,4.5
1149,-100,-56.0,25.0,3.5,5.0
1150,-100,-56.0,25.0,3.5,5.5
1151,-100,-56.0,25.0,3.5,6.0
1152,-100,-56.0,25.0,3.5,6.5
1153,-100,-56.0,25.0,3.5,7.0
1154,-100,-56.0,25.0,3.5,7.5
1155,-100,-56.0,25.0,3.5,8.0
1156,-100,-56.0,25.0,3.5,8.5
1157,-100,-56.0,25.0,3.5,9.0
1158,-100,-56.0,25.0,3.5,9.5
1159,-100,-56.0,25.0,3.5,10.0
1160,-100,-56.0,25.0,3.75,1.0
1161,-100,-56.0,25.0,3.75,1.5
1162,-100,-56.0,25.0,3.75,2.0
1163,-100,-56.0,25.0,3.75,2.5
1164,-100,-56.0,25.0,3.75,3.0
1165,-100,-56.0,25.0,3.75,3.5
1166,-100,-56.0,25.0,3.75,4.0
1167,-100,-56.0,25.0,3.75,4.5
1168,-100,-56.0,25.0,3.75,5.0
1169,-100,-56.0,25.0,3.75,5.5
1170,-100,-56.0,25.0,3.75,6.0
1171,-100,-56.0,25.0,3.75,6.5
1172,-100,-56.0,25.0,3.75,7.0
1173,-100,-56.0,25.0,3.75,7.5
1174,-100,-56.0,25.0,3.75,8.0
1175,-100,-56.0,25.0,3.75,8.5
1176,-100,-56.0,25.0,3.75,9.0
1177,-100,-56.0,25.0,3.75,9.5
1178,-100,-56.0,25.0,3.75,10.0
1179,-100,-56.0,25.0,4.0,1.0
1180,-100,-56.0,25.0,4.0,1.5
1181,-100,-56.0,25.0,4.0,2.0
1182,-100,-56.0,25.0,4.0,2.5
1183,-100,-56.0,25.0,4.0,3.0
1184,-100,-56.0,25.0,4.0,3.5
1185,-100,-56.0,25.0,4.0,4.0
1186,-100,-56.0,25.0,4.0,4.5
1187,-100,-56.0,25.0,4.0,5.0
1188,-100,-56.0,25.0,4.0,5.5
1189,-100,-56.0,25.0,4.0,6.0
1190,-100,-56.0,25.0,4.0,6.5
1191,-100,-56.0,25.0,4.0,7.0
1192,-100,-56.0,25.0,4.0,7.5
1193,-100,-56.0,25.0,4.0,8.0
1194,-100,-56.0,25.0,4.0,8.5
1195,-100,-56.0,25.0,4.0,9.0
1196,-100,-56.0,25.0,4.0,9.5
1197,-100,-56.0,25.0,4.0,10.0
1198,-100,-56.0,40.0,2.0,1.0
1199,-100,-56.0,40.0,2.0,1.5
1200,-100,-56.0,40.0,2.0,2.0
1201,-100,-56.0,40.0,2.0,2.5
1202,-100,-56.0,40.0,2.0,3.0
1203,-100,-56.0,40.0,2.0,3.5
1204,-100,-56.0,40.0,2.0,4.0
1205,-100,-56.0,40.0,2.0,4.5
1206,-100,-56.0,40.0,2.0,5.0
1207,-100,-56.0,40.0,2.0,5.5
1208,-100,-56.0,40.0,2.0,6.0
1209,-100,-56.0,40.0,2.0,6.5
1210,-100,-56.0,40.0,2.0,7.0
1211,-100,-56.0,40.0,2.0,7.5
1212,-100,-56.0,40.0,2.0,8.0
1213,-100,-56.0,40.0,2.0,8.5
1214,-100,-56.0,40.0,2.0,9.0
1215,-100,-56.0,40.0,2.0,9.5
1216,-100,-56.0,40.0,2.0,10.0
1217,-100,-56.0,40.0,2.25,1.0
1218,-100,-56.0,40.0,2.25,1.5
1219,-100,-56.0,40.0,2.25,2.0
1220,-100,-56.0,40.0,2.25,2.5
1221,-100,-56.0,40.0,2.25,3.0
1222,-100,-56.0,40.0,2.25,3.5
1223,-100,-56.0,40.0,2.25,4.0
1224,-100,-56.0,40.0,2.25,4.5
1225,-100,-56.0,40.0,2.25,5.0
1226,-100,-56.0,40.0,2.25,5.5
1227,-100,-56.0,40.0,2.25,6.0
1228,-100,-56.0,40.0,2.25,6.5
1229,-100,-56.0,40.0,2.25,7.0
1230,-100,-56.0,40.0,2.25,7.5
1231,-100,-56.0,40.0,2.25,8.0
1232,-100,-56.0,40.0,2.25,8.5
1233,-100,-56.0,40.0,2.25,9.0
1234,-100,-56.0,40.0,2.25,9.5
1235,-100,-56.0,40.0,2.25,10.0
1236,-100,-56.0,40.0,2.5,1.0
1237,-100,-56.0,40.0,2.5,1.5
1238,-100,-56.0,40.0,2.5,2.0
1239,-100,-56.0,40.0,2.5,2.5
1240,-100,-56.0,40.0,2.5,3.0
1241,-100,-56.0,40.0,2.5,3.5
1242,-100,-56.0,40.0,2.5,4.0
1243,-100,-56.0,40.0,2.5,4.5
1244,-100,-56.0,40.0,2.5,5.0
1245,-100,-56.0,40.0,2.5,5.5
1246,-100,-56.0,40.0,2.5,6.0
1247,-100,-56.0,40.0,2.5,6.5
1248,-100,-56.0,40.0,2.5,7.0
1249,-100,-56.0,40.0,2.5,7.5
1250,-100,-56.0,40.0,2.5,8.0
1251,-100,-56.0,40.0,2.5,8.5
1252,-100,-56.0,40.0,2.5,9.0
1253,-100,-56.0,40.0,2.5,9.5
1254,-100,-56.0,40.0,2.5,10.0
1255,-100,-56.0,40.0,2.75,1.0
1256,-100,-56.0,40.0,2.75,1.5
1257,-100,-56.0,40.0,2.75,2.0
1258,-100,-56.0,40.0,2.75,2.5
1259,-100,-56.0,40.0,2.75,3.0
1260,-100,-56.0,40.0,2.75,3.5
1261,-100,-56.0,40.0,2.75,4.0
1262,-100,-56.0,40.0,2.75,4.5
1263,-100,-56.0,40.0,2.75,5.0
1264,-100,-56.0,40.0,2.75,5.5
1265,-100,-56.0,40.0,2.75,6.0
1266,-100,-56.0,40.0,2.75,6.5
1267,-100,-56.0,40.0,2.75,7.0
1268,-100,-56.0,40.0,2.75,7.5
1269,-100,-56.0,40.0,2.75,8.0
1270,-100,-56.0,40.0,2.75,8.5
1271,-100,-56.0,40.0,2.75,9.0
1272,-100,-56.0,40.0,2.75,9.5
1273,-100,-56.0,40.0,2.75,10.0
1274,-100,-56.0,40.0,3.0,1.0
1275,-100,-56.0,40.0,3.0,1.5
1276,-100,-56.0,40.0,3.0,2.0
1277,-100,-56.0,40.0,3.0,2.5
1278,-100,-56.0,40.0,3.0,3.0
1279,-100,-56.0,40.0,3.0,3.5
1280,-100,-56.0,40.0,3.0,4.0
1281,-100,-56.0,40.0,3.0,4.5
1282,-100,-56.0,40.0,3.0,5.0
1283,-100,-56.0,40.0,3.0,5.5
1284,-100,-56.0,40.0,3.0,6.0
1285,-100,-56.0,40.0,3.0,6.5
1286,-100,-56.0,40.0,3.0,7.0
1287,-100,-56.0,40.0,3.0,7.5
1288,-100,-56.0,40.0,3.0,8.0
1289,-100,-56.0,40.0,3.0,8.5
1290,-100,-56.0,40.0,3.0,9.0
1291,-100,-56.0,40.0,3.0,9.5
1292,-100,-56.0,40.0,3.0,10.0
1293,-100,-56.0,40.0,3.25,1.0
1294,-100,-56.0,40.0,3.25,1.5
1295,-100,-56.0,40.0,3.25,2.0
1296,-100,-56.0,40.0,3.25,2.5
1297,-100,-56.0,40.0,3.25,3.0
1298,-100,-56.0,40.0,3.25,3.5
1299,-100,-56.0,40.0,3.25,4.0
1300,-100,-56.0,40.0,3.25,4.5
1301,-100,-56.0,40.0,3.25,5.0
1302,-100,-56.0,40.0,3.25,5.5
1303,-100,-56.0,40.0,3.25,6.0
1304,-100,-56.0,40.0,3.25,6.5
1305,-100,-56.0,40.0,3.25,7.0
1306,-100,-56.0,40.0,3.25,7.5
1307,-100,-56.0,40.0,3.25,8.0
1308,-100,-56.0,40.0,3.25,8.5
1309,-100,-56.0,40.0,3.25,9.0
1310,-100,-56.0,40.0,3.25,9.5
1311,-100,-56.0,40.0,3.25,10.0
1312,-100,-56.0,40.0,3.5,1.0
1313,-100,-56.0,40.0,3.5,1.5
1314,-100,-56.0,40.0,3.5,2.0
1315,-100,-56.0,40.0,3.5,2.5
1316,-100,-56.0,40.0,3.5,3.0
1317,-100,-56.0,40.0,3.5,3.5
1318,-100,-56.0,40.0,3.5,4.0
1319,-100,-56.0,40.0,3.5,4.5
1320,-100,-56.0,40.0,3.5,5.0
1321,-100,-56.0,40.0,3.5,5.5
1322,-100,-56.0,40.0,3.5,6.0
1323,-100,-56.0,40.0,3.5,6.5
1324,-100,-56.0,40.0,3.5,7.0
1325,-100,-56.0,40.0,3.5,7.5
1326,-100,-56.0,40.0,3.5,8.0
1327,-100,-56.0,40.0,3.5,8.5
1328,-100,-56.0,40.0,3.5,9.0
1329,-100,-56.0,40.0,3.5,9.5
1330,-100,-56.0,40.0,3.5,10.0
1331,-100,-56.0,40.0,3.75,1.0
1332,-100,-56.0,40.0,3.75,1.5
1333,-100,-56.0,40.0,3.75,2.0
1334,-100,-56.0,40.0,3.75,2.5
1335,-100,-56.0,40.0,3.75,3.0
1336,-100,-56.0,40.0,3.75,3.5
1337,-100,-56.0,40.0,3.75,4.0
1338,-100,-56.0,40.0,3.75,4.5
1339,-100,-56.0,40.0,3.75,5.0
1340,-100,-56.0,40.0,3.75,5.5
1341,-100,-56.0,40.0,3.75,6.0
1342,-100,-56.0,40.0,3.75,6.5
1343,-100,-56.0,40.0,3.75,7.0
1344,-100,-56.0,40.0,3.75,7.5
1345,-100,-56.0,40.0,3.75,8.0
1346,-100,-56.0,40.0,3.75,8.5
1347,-100,-56.0,40.0,3.75,9.0
1348,-100,-56.0,40.0,3.75,9.5
1349,-100,-56.0,40.0,3.75,10.0
1350,-100,-56.0,40.0,4.0,1.0
1351,-100,-56.0,40.0,4.0,1.5
1352,-100,-56.0,40.0,4.0,2.0
1353,-100,-56.0,40.0,4.0,2.5
1354,-100,-56.0,40.0,4.0,3.0
1355,-100,-56.0,40.0,4.0,3.5
1356,-100,-56.0,40.0,4.0,4.0
1357,-100,-56.0,40.0,4.0,4.5
1358,-100,-56.0,40.0,4.0,5.0
1359,-100,-56.0,40.0,4.0,5.5
1360,-100,-56.0,40.0,4.0,6.0
1361,-100,-56.0,40.0,4.0,6.5
1362,-100,-56.0,40.0,4.0,7.0
1363,-100,-56.0,40.0,4.0,7.5
1364,-100,-56.0,40.0,4.0,8.0
1365,-100,-56.0,40.0,4.0,8.5
1366,-100,-56.0,40.0,4.0,9.0
1367,-100,-56.0,40.0,4.0,9.5
1368,-100,-56.0,40.0,4.0,10.0
1369,-100,-56.0,55.0,2.0,1.0
1370,-100,-56.0,55.0,2.0,1.5
1371,-100,-56.0,55.0,2.0,2.0
1372,-100,-56.0,55.0,2.0,2.5
1373,-100,-56.0,55.0,2.0,3.0
1374,-100,-56.0,55.0,2.0,3.5
1375,-100,-56.0,55.0,2.0,4.0
1376,-100,-56.0,55.0,2.0,4.5
1377,-100,-56.0,55.0,2.0,5.0
1378,-100,-56.0,55.0,2.0,5.5
1379,-100,-56.0,55.0,2.0,6.0
1380,-100,-56.0,55.0,2.0,6.5
1381,-100,-56.0,55.0,2.0,7.0
1382,-100,-56.0,55.0,2.0,7.5
1383,-100,-56.0,55.0,2.0,8.0
1384,-100,-56.0,55.0,2.0,8.5
1385,-100,-56.0,55.0,2.0,9.0
1386,-100,-56.0,55.0,2.0,9.5
1387,-100,-56.0,55.0,2.0,10.0
1388,-100,-56.0,55.0,2.25,1.0
1389,-100,-56.0,55.0,2.25,1.5
1390,-100,-56.0,55.0,2.25,2.0
1391,-100,-56.0,55.0,2.25,2.5
1392,-100,-56.0,55.0,2.25,3.0
1393,-100,-56.0,55.0,2.25,3.5
1394,-100,-56.0,55.0,2.25,4.0
1395,-100,-56.0,55.0,2.25,4.5
1396,-100,-56.0,55.0,2.25,5.0
1397,-100,-56.0,55.0,2.25,5.5
1398,-100,-56.0,55.0,2.25,6.0
1399,-100,-56.0,55.0,2.25,6.5
1400,-100,-56.0,55.0,2.25,7.0
1401,-100,-56.0,55.0,2.25,7.5
1402,-100,-56.0,55.0,2.25,8.0
1403,-100,-56.0,55.0,2.25,8.5
1404,-100,-56.0,55.0,2.25,9.0
1405,-100,-56.0,55.0,2.25,9.5
1406,-100,-56.0,55.0,2.25,10.0
1407,-100,-56.0,55.0,2.5,1.0
1408,-100,-56.0,55.0,2.5,1.5
1409,-100,-56.0,55.0,2.5,2.0
1410,-100,-56.0,55.0,2.5,2.5
1411,-100,-56.0,55.0,2.5,3.0
1412,-100,-56.0,55.0,2.5,3.5
1413,-100,-56.0,55.0,2.5,4.0
1414,-100,-56.0,55.0,2.5,4.5
1415,-100,-56.0,55.0,2.5,5.0
1416,-100,-56.0,55.0,2.5,5.5
1417,-100,-56.0,55.0,2.5,6.0
1418,-100,-56.0,55.0,2.5,6.5
1419,-100,-56.0,55.0,2.5,7.0
1420,-100,-56.0,55.0,2.5,7.5
1421,-100,-56.0,55.0,2.5,8.0
1422,-100,-56.0,55.0,2.5,8.5
1423,-100,-56.0,55.0,2.5,9.0
1424,-100,-56.0,55.0,2.5,9.5
1425,-100,-56.0,55.0,2.5,10.0
1426,-100,-56.0,55.0,2.75,1.0
1427,-100,-56.0,55.0,2.75,1.5
1428,-100,-56.0,55.0,2.75,2.0
1429,-100,-56.0,55.0,2.75,2.5
1430,-100,-56.0,55.0,2.75,3.0
1431,-100,-56.0,55.0,2.75,3.5
1432,-100,-56.0,55.0,2.75,4.0
1433,-100,-56.0,55.0,2.75,4.5
1434,-100,-56.0,55.0,2.75,5.0
1435,-100,-56.0,55.0,2.75,5.5
1436,-100,-56.0,55.0,2.75,6.0
1437,-100,-56.0,55.0,2.75,6.5
1438,-100,-56.0,55.0,2.75,7.0
1439,-100,-56.0,55.0,2.75,7.5
1440,-100,-56.0,55.0,2.75,8.0
1441,-100,-56.0,55.0,2.75,8.5
1442,-100,-56.0,55.0,2.75,9.0
1443,-100,-56.0,55.0,2.75,9.5
1444,-100,-56.0,55.0,2.75,10.0
1445,-100,-56.0,55.0,3.0,1.0
1446,-100,-56.0,55.0,3.0,1.5
1447,-100,-56.0,55.0,3.0,2.0
1448,-100,-56.0,55.0,3.0,2.5
1449,-100,-56.0,55.0,3.0,3.0
1450,-100,-56.0,55.0,3.0,3.5
1451,-100,-56.0,55.0,3.0,4.0
1452,-100,-56.0,55.0,3.0,4.5
1453,-100,-56.0,55.0,3.0,5.0
1454,-100,-56.0,55.0,3.0,5.5
1455,-100,-56.0,55.0,3.0,6.0
1456,-100,-56.0,55.0,3.0,6.5
1457,-100,-56.0,55.0,3.0,7.0
1458,-100,-56.0,55.0,3.0,7.5
1459,-100,-56.0,55.0,3.0,8.0
1460,-100,-56.0,55.0,3.0,8.5
1461,-100,-56.0,55.0,3.0,9.0
1462,-100,-56.0,55.0,3.0,9.5
1463,-100,-56.0,55.0,3.0,10.0
1464,-100,-56.0,55.0,3.25,1.0
1465,-100,-56.0,55.0,3.25,1.5
1466,-100,-56.0,55.0,3.25,2.0
1467,-100,-56.0,55.0,3.25,2.5
1468,-100,-56.0,55.0,3.25,3.0
1469,-100,-56.0,55.0,3.25,3.5
1470,-100,-56.0,55.0,3.25,4.0
1471,-100,-56.0,55.0,3.25,4.5
1472,-100,-56.0,55.0,3.25,5.0
1473,-100,-56.0,55.0,3.25,5.5
1474,-100,-56.0,55.0,3.25,6.0
1475,-100,-56.0,55.0,3.25,6.5
1476,-100,-56.0,55.0,3.25,7.0
1477,-100,-56.0,55.0,3.25,7.5
1478,-100,-56.0,55.0,3.25,8.0
1479,-100,-56.0,55.0,3.25,8.5
1480,-100,-56.0,55.0,3.25,9.0
1481,-100,-56.0,55.0,3.25,9.5
1482,-100,-56.0,55.0,3.25,10.0
1483,-100,-56.0,55.0,3.5,1.0
1484,-100,-56.0,55.0,3.5,1.5
1485,-100,-56.0,55.0,3.5,2.0
1486,-100,-56.0,55.0,3.5,2.5
1487,-100,-56.0,55.0,3.5,3.0
1488,-100,-56.0,55.0,3.5,3.5
1489,-100,-56.0,55.0,3.5,4.0
1490,-100,-56.0,55.0,3.5,4.5
1491,-100,-56.0,55.0,3.5,5.0
1492,-100,-56.0,55.0,3.5,5.5
1493,-100,-56.0,55.0,3.5,6.0
1494,-100,-56.0,55.0,3.5,6.5
1495,-100,-56.0,55.0,3.5,7.0
1496,-100,-56.0,55.0,3.5,7.5
1497,-100,-56.0,55.0,3.5,8.0
1498,-100,-56.0,55.0,3.5,8.5
1499,-100,-56.0,55.0,3.5,9.0
1500,-100,-56.0,55.0,3.5,9.5
1501,-100,-56.0,55.0,3.5,10.0
1502,-100,-56.0,55.0,3.75,1.0
1503,-100,-56.0,55.0,3.75,1.5
1504,-100,-56.0,55.0,3.75,2.0
1505,-100,-56.0,55.0,3.75,2.5
1506,-100,-56.0,55.0,3.75,3.0
1507,-100,-56.0,55.0,3.75,3.5
1508,-100,-56.0,55.0,3.75,4.0
1509,-100,-56.0,55.0,3.75,4.5
1510,-100,-56.0,55.0,3.75,5.0
1511,-100,-56.0,55.0,3.75,5.5
1512,-100,-56.0,55.0,3.75,6.0
1513,-100,-56.0,55.0,3.75,6.5
1514,-100,-56.0,55.0,3.75,7.0
1515,-100,-56.0,55.0,3.75,7.5
1516,-100,-56.0,55.0,3.75,8.0
1517,-100,-56.0,55.0,3.75,8.5
1518,-100,-56.0,55.0,3.75,9.0
1519,-100,-56.0,55.0,3.75,9.5
1520,-100,-56.0,55.0,3.75,10.0
1521,-100,-56.0,55.0,4.0,1.0
1522,-100,-56.0,55.0,4.0,1.5
1523,-100,-56.0,55.0,4.0,2.0
1524,-100,-56.0,55.0,4.0,2.5
1525,-100,-56.0,55.0,4.0,3.0
1526,-100,-56.0,55.0,4.0,3.5
1527,-100,-56.0,55.0,4.0,4.0
1528,-100,-56.0,55.0,4.0,4.5
1529,-100,-56.0,55.0,4.0,5.0
1530,-100,-56.0,55.0,4.0,5.5
1531,-100,-56.0,55.0,4.0,6.0
1532,-100,-56.0,55.0,4.0,6.5
1533,-100,-56.0,55.0,4.0,7.0
1534,-100,-56.0,55.0,4.0,7.5
1535,-100,-56.0,55.0,4.0,8.0
1536,-100,-56.0,55.0,4.0,8.5
1537,-100,-56.0,55.0,4.0,9.0
1538,-100,-56.0,55.0,4.0,9.5
1539,-100,-56.0,55.0,4.0,10.0
1540,-100,-54.0,25.0,2.0,1.0
1541,-100,-54.0,25.0,2.0,1.5
1542,-100,-54.0,25.0,2.0,2.0
1543,-100,-54.0,25.0,2.0,2.5
1544,-100,-54.0,25.0,2.0,3.0
1545,-100,-54.0,25.0,2.0,3.5
1546,-100,-54.0,25.0,2.0,4.0
1547,-100,-54.0,25.0,2.0,4.5
1548,-100,-54.0,25.0,2.0,5.0
1549,-100,-54.0,25.0,2.0,5.5
1550,-100,-54.0,25.0,2.0,6.0
1551,-100,-54.0,25.0,2.0,6.5
1552,-100,-54.0,25.0,2.0,7.0
1553,-100,-54.0,25.0,2.0,7.5
1554,-100,-54.0,25.0,2.0,8.0
1555,-100,-54.0,25.0,2.0,8.5
1556,-100,-54.0,25.0,2.0,9.0
1557,-100,-54.0,25.0,2.0,9.5
1558,-100,-54.0,25.0,2.0,10.0
1559,-100,-54.0,25.0,2.25,1.0
1560,-100,-54.0,25.0,2.25,1.5
1561,-100,-54.0,25.0,2.25,2.0
1562,-100,-54.0,25.0,2.25,2.5
1563,-100,-54.0,25.0,2.25,3.0
1564,-100,-54.0,25.0,2.25,3.5
1565,-100,-54.0,25.0,2.25,4.0
1566,-100,-54.0,25.0,2.25,4.5
1567,-100,-54.0,25.0,2.25,5.0
1568,-100,-54.0,25.0,2.25,5.5
1569,-100,-54.0,25.0,2.25,6.0
1570,-100,-54.0,25.0,2.25,6.5
1571,-100,-54.0,25.0,2.25,7.0
1572,-100,-54.0,25.0,2.25,7.5
1573,-100,-54.0,25.0,2.25,8.0
1574,-100,-54.0,25.0,2.25,8.5
1575,-100,-54.0,25.0,2.25,9.0
1576,-100,-54.0,25.0,2.25,9.5
1577,-100,-54.0,25.0,2.25,10.0
1578,-100,-54.0,25.0,2.5,1.0
1579,-100,-54.0,25.0,2.5,1.5
1580,-100,-54.0,25.0,2.5,2.0
1581,-100,-54.0,25.0,2.5,2.5
1582,-100,-54.0,25.0,2.5,3.0
1583,-100,-54.0,25.0,2.5,3.5
1584,-100,-54.0,25.0,2.5,4.0
1585,-100,-54.0,25.0,2.5,4.5
1586,-100,-54.0,25.0,2.5,5.0
1587,-100,-54.0,25.0,2.5,5.5
1588,-100,-54.0,25.0,2.5,6.0
1589,-100,-54.0,25.0,2.5,6.5
1590,-100,-54.0,25.0,2.5,7.0
1591,-100,-54.0,25.0,2.5,7.5
1592,-100,-54.0,25.0,2.5,8.0
1593,-100,-54.0,25.0,2.5,8.5
1594,-100,-54.0,25.0,2.5,9.0
1595,-100,-54.0,25.0,2.5,9.5
1596,-100,-54.0,25.0,2.5,10.0
1597,-100,-54.0,25.0,2.75,1.0
1598,-100,-54.0,25.0,2.75,1.5
1599,-100,-54.0,25.0,2.75,2.0
1600,-100,-54.0,25.0,2.75,2.5
1601,-100,-54.0,25.0,2.75,3.0
1602,-100,-54.0,25.0,2.75,3.5
1603,-100,-54.0,25.0,2.75,4.0
1604,-100,-54.0,25.0,2.75,4.5
1605,-100,-54.0,25.0,2.75,5.0
1606,-100,-54.0,25.0,2.75,5.5
1607,-100,-54.0,25.0,2.75,6.0
1608,-100,-54.0,25.0,2.75,6.5
1609,-100,-54.0,25.0,2.75,7.0
1610,-100,-54.0,25.0,2.75,7.5
1611,-100,-54.0,25.0,2.75,8.0
1612,-100,-54.0,25.0,2.75,8.5
1613,-100,-54.0,25.0,2.75,9.0
1614,-100,-54.0,25.0,2.75,9.5
1615,-100,-54.0,25.0,2.75,10.0
1616,-100,-54.0,25.0,3.0,1.0
1617,-100,-54.0,25.0,3.0,1.5
1618,-100,-54.0,25.0,3.0,2.0
1619,-100,-54.0,25.0,3.0,2.5
1620,-100,-54.0,25.0,3.0,3.0
1621,-100,-54.0,25.0,3.0,3.5
1622,-100,-54.0,25.0,3.0,4.0
1623,-100,-54.0,25.0,3.0,4.5
1624,-100,-54.0,25.0,3.0,5.0
1625,-100,-54.0,25.0,3.0,5.5
1626,-100,-54.0,25.0,3.0,6.0
1627,-100,-54.0,25.0,3.0,6.5
1628,-100,-54.0,25.0,3.0,7.0
1629,-100,-54.0,25.0,3.0,7.5
1630,-100,-54.0,25.0,3.0,8.0
1631,-100,-54.0,25.0,3.0,8.5
1632,-100,-54.0,25.0,3.0,9.0
1633,-100,-54.0,25.0,3.0,9.5
1634,-100,-54.0,25.0,3.0,10.0
1635,-100,-54.0,25.0,3.25,1.0
1636,-100,-54.0,25.0,3.25,1.5
1637,-100,-54.0,25.0,3.25,2.0
1638,-100,-54.0,25.0,3.25,2.5
1639,-100,-54.0,25.0,3.25,3.0
1640,-100,-54.0,25.0,3.25,3.5
1641,-100,-54.0,25.0,3.25,4.0
1642,-100,-54.0,25.0,3.25,4.5
1643,-100,-54.0,25.0,3.25,5.0
1644,-100,-54.0,25.0,3.25,5.5
1645,-100,-54.0,25.0,3.25,6.0
1646,-100,-54.0,25.0,3.25,6.5
1647,-100,-54.0,25.0,3.25,7.0
1648,-100,-54.0,25.0,3.25,7.5
1649,-100,-54.0,25.0,3.25,8.0
1650,-100,-54.0,25.0,3.25,8.5
1651,-100,-54.0,25.0,3.25,9.0
1652,-100,-54.0,25.0,3.25,9.5
1653,-100,-54.0,25.0,3.25,10.0
1654,-100,-54.0,25.0,3.5,1.0
1655,-100,-54.0,25.0,3.5,1.5
1656,-100,-54.0,25.0,3.5,2.0
1657,-100,-54.0,25.0,3.5,2.5
1658,-100,-54.0,25.0,3.5,3.0
1659,-100,-54.0,25.0,3.5,3.5
1660,-100,-54.0,25.0,3.5,4.0
1661,-100,-54.0,25.0,3.5,4.5
1662,-100,-54.0,25.0,3.5,5.0
1663,-100,-54.0,25.0,3.5,5.5
1664,-100,-54.0,25.0,3.5,6.0
1665,-100,-54.0,25.0,3.5,6.5
1666,-100,-54.0,25.0,3.5,7.0
1667,-100,-54.0,25.0,3.5,7.5
1668,-100,-54.0,25.0,3.5,8.0
1669,-100,-54.0,25.0,3.5,8.5
1670,-100,-54.0,25.0,3.5,9.0
1671,-100,-54.0,25.0,3.5,9.5
1672,-100,-54.0,25.0,3.5,10.0
1673,-100,-54.0,25.0,3.75,1.0
1674,-100,-54.0,25.0,3.75,1.5
1675,-100,-54.0,25.0,3.75,2.0
1676,-100,-54.0,25.0,3.75,2.5
1677,-100,-54.0,25.0,3.75,3.0
1678,-100,-54.0,25.0,3.75,3.5
1679,-100,-54.0,25.0,3.75,4.0
1680,-100,-54.0,25.0,3.75,4.5
1681,-100,-54.0,25.0,3.75,5.0
1682,-100,-54.0,25.0,3.75,5.5
1683,-100,-54.0,25.0,3.75,6.0
1684,-100,-54.0,25.0,3.75,6.5
1685,-100,-54.0,25.0,3.75,7.0
1686,-100,-54.0,25.0,3.75,7.5
1687,-100,-54.0,25.0,3.75,8.0
1688,-100,-54.0,25.0,3.75,8.5
1689,-100,-54.0,25.0,3.75,9.0
1690,-100,-54.0,25.0,3.75,9.5
1691,-100,-54.0,25.0,3.75,10.0
1692,-100,-54.0,25.0,4.0,1.0
1693,-100,-54.0,25.0,4.0,1.5
1694,-100,-54.0,25.0,4.0,2.0
1695,-100,-54.0,25.0,4.0,2.5
1696,-100,-54.0,25.0,4.0,3.0
1697,-100,-54.0,25.0,4.0,3.5
1698,-100,-54.0,25.0,4.0,4.0
1699,-100,-54.0,25.0,4.0,4.5
1700,-100,-54.0,25.0,4.0,5.0
1701,-100,-54.0,25.0,4.0,5.5
1702,-100,-54.0,25.0,4.0,6.0
1703,-100,-54.0,25.0,4.0,6.5
1704,-100,-54.0,25.0,4.0,7.0
1705,-100,-54.0,25.0,4.0,7.5
1706,-100,-54.0,25.0,4.0,8.0
1707,-100,-54.0,25.0,4.0,8.5
1708,-100,-54.0,25.0,4.0,9.0
1709,-100,-54.0,25.0,4.0,9.5
1710,-100,-54.0,25.0,4.0,10.0
1711,-100,-54.0,40.0,2.0,1.0
1712,-100,-54.0,40.0,2.0,1.5
1713,-100,-54.0,40.0,2.0,2.0
1714,-100,-54.0,40.0,2.0,2.5
1715,-100,-54.0,40.0,2.0,3.0
1716,-100,-54.0,40.0,2.0,3.5
1717,-100,-54.0,40.0,2.0,4.0
1718,-100,-54.0,40.0,2.0,4.5
1719,-100,-54.0,40.0,2.0,5.0
1720,-100,-54.0,40.0,2.0,5.5
1721,-100,-54.0,40.0,2.0,6.0
1722,-100,-54.0,40.0,2.0,6.5
1723,-100,-54.0,40.0,2.0,7.0
1724,-100,-54.0,40.0,2.0,7.5
1725,-100,-54.0,40.0,2.0,8.0
1726,-100,-54.0,40.0,2.0,8.5
1727,-100,-54.0,40.0,2.0,9.0
1728,-100,-54.0,40.0,2.0,9.5
1729,-100,-54.0,40.0,2.0,10.0
1730,-100,-54.0,40.0,2.25,1.0
1731,-100,-54.0,40.0,2.25,1.5
1732,-100,-54.0,40.0,2.25,2.0
1733,-100,-54.0,40.0,2.25,2.5
1734,-100,-54.0,40.0,2.25,3.0
1735,-100,-54.0,40.0,2.25,3.5
1736,-100,-54.0,40.0,2.25,4.0
1737,-100,-54.0,40.0,2.25,4.5
1738,-100,-54.0,40.0,2.25,5.0
1739,-100,-54.0,40.0,2.25,5.5
1740,-100,-54.0,40.0,2.25,6.0
1741,-100,-54.0,40.0,2.25,6.5
1742,-100,-54.0,40.0,2.25,7.0
1743,-100,-54.0,40.0,2.25,7.5
1744,-100,-54.0,40.0,2.25,8.0
1745,-100,-54.0,40.0,2.25,8.5
1746,-100,-54.0,40.0,2.25,9.0
1747,-100,-54.0,40.0,2.25,9.5
1748,-100,-54.0,40.0,2.25,10.0
1749,-100,-54.0,40.0,2.5,1.0
1750,-100,-54.0,40.0,2.5,1.5
1751,-100,-54.0,40.0,2.5,2.0
1752,-100,-54.0,40.0,2.5,2.5
1753,-100,-54.0,40.0,2.5,3.0
1754,-100,-54.0,40.0,2.5,3.5
1755,-100,-54.0,40.0,2.5,4.0
1756,-100,-54.0,40.0,2.5,4.5
1757,-100,-54.0,40.0,2.5,5.0
1758,-100,-54.0,40.0,2.5,5.5
1759,-100,-54.0,40.0,2.5,6.0
1760,-100,-54.0,40.0,2.5,6.5
1761,-100,-54.0,40.0,2.5,7.0
1762,-100,-54.0,40.0,2.5,7.5
1763,-100,-54.0,40.0,2.5,8.0
1764,-100,-54.0,40.0,2.5,8.5
1765,-100,-54.0,40.0,2.5,9.0
1766,-100,-54.0,40.0,2.5,9.5
1767,-100,-54.0,40.0,2.5,10.0
1768,-100,-54.0,40.0,2.75,1.0
1769,-100,-54.0,40.0,2.75,1.5
1770,-100,-54.0,40.0,2.75,2.0
1771,-100,-54.0,40.0,2.75,2.5
1772,-100,-54.0,40.0,2.75,3.0
1773,-100,-54.0,40.0,2.75,3.5
1774,-100,-54.0,40.0,2.75,4.0
1775,-100,-54.0,40.0,2.75,4.5
1776,-100,-54.0,40.0,2.75,5.0
1777,-100,-54.0,40.0,2.75,5.5
1778,-100,-54.0,40.0,2.75,6.0
1779,-100,-54.0,40.0,2.75,6.5
1780,-100,-54.0,40.0,2.75,7.0
1781,-100,-54.0,40.0,2.75,7.5
1782,-100,-54.0,40.0,2.75,8.0
1783,-100,-54.0,40.0,2.75,8.5
1784,-100,-54.0,40.0,2.75,9.0
1785,-100,-54.0,40.0,2.75,9.5
1786,-100,-54.0,40.0,2.75,10.0
1787,-100,-54.0,40.0,3.0,1.0
1788,-100,-54.0,40.0,3.0,1.5
1789,-100,-54.0,40.0,3.0,2.0
1790,-100,-54.0,40.0,3.0,2.5
1791,-100,-54.0,40.0,3.0,3.0
1792,-100,-54.0,40.0,3.0,3.5
1793,-100,-54.0,40.0,3.0,4.0
1794,-100,-54.0,40.0,3.0,4.5
1795,-100,-54.0,40.0,3.0,5.0
1796,-100,-54.0,40.0,3.0,5.5
1797,-100,-54.0,40.0,3.0,6.0
1798,-100,-54.0,40.0,3.0,6.5
1799,-100,-54.0,40.0,3.0,7.0
1800,-100,-54.0,40.0,3.0,7.5
1801,-100,-54.0,40.0,3.0,8.0
1802,-100,-54.0,40.0,3.0,8.5
1803,-100,-54.0,40.0,3.0,9.0
1804,-100,-54.0,40.0,3.0,9.5
1805,-100,-54.0,40.0,3.0,10.0
1806,-100,-54.0,40.0,3.25,1.0
1807,-100,-54.0,40.0,3.25,1.5
1808,-100,-54.0,40.0,3.25,2.0
1809,-100,-54.0,40.0,3.25,2.5
1810,-100,-54.0,40.0,3.25,3.0
1811,-100,-54.0,40.0,3.25,3.5
1812,-100,-54.0,40.0,3.25,4.0
1813,-100,-54.0,40.0,3.25,4.5
1814,-100,-54.0,40.0,3.25,5.0
1815,-100,-54.0,40.0,3.25,5.5
1816,-100,-54.0,40.0,3.25,6.0
1817,-100,-54.0,40.0,3.25,6.5
1818,-100,-54.0,40.0,3.25,7.0
1819,-100,-54.0,40.0,3.25,7.5
1820,-100,-54.0,40.0,3.25,8.0
1821,-100,-54.0,40.0,3.25,8.5
1822,-100,-54.0,40.0,3.25,9.0
1823,-100,-54.0,40.0,3.25,9.5
1824,-100,-54.0,40.0,3.25,10.0
1825,-100,-54.0,40.0,3.5,1.0
1826,-100,-54.0,40.0,3.5,1.5
1827,-100,-54.0,40.0,3.5,2.0
1828,-100,-54.0,40.0,3.5,2.5
1829,-100,-54.0,40.0,3.5,3.0
1830,-100,-54.0,40.0,3.5,3.5
1831,-100,-54.0,40.0,3.5,4.0
1832,-100,-54.0,40.0,3.5,4.5
1833,-100,-54.0,40.0,3.5,5.0
1834,-100,-54.0,40.0,3.5,5.5
1835,-100,-54.0,40.0,3.5,6.0
1836,-100,-54.0,40.0,3.5,6.5
1837,-100,-54.0,40.0,3.5,7.0
1838,-100,-54.0,40.0,3.5,7.5
1839,-100,-54.0,40.0,3.5,8.0
1840,-100,-54.0,40.0,3.5,8.5
1841,-100,-54.0,40.0,3.5,9.0
1842,-100,-54.0,40.0,3.5,9.5
1843,-100,-54.0,40.0,3.5,10.0
1844,-100,-54.0,40.0,3.75,1.0
1845,-100,-54.0,40.0,3.75,1.5
1846,-100,-54.0,40.0,3.75,2.0
1847,-100,-54.0,40.0,3.75,2.5
1848,-100,-54.0,40.0,3.75,3.0
1849,-100,-54.0,40.0,3.75,3.5
1850,-100,-54.0,40.0,3.75,4.0
1851,-100,-54.0,40.0,3.75,4.5
1852,-100,-54.0,40.0,3.75,5.0
1853,-100,-54.0,40.0,3.75,5.5
1854,-100,-54.0,40.0,3.75,6.0
1855,-100,-54.0,40.0,3.75,6.5
1856,-100,-54.0,40.0,3.75,7.0
1857,-100,-54.0,40.0,3.75,7.5
1858,-100,-54.0,40.0,3.75,8.0
1859,-100,-54.0,40.0,3.75,8.5
1860,-100,-54.0,40.0,3.75,9.0
1861,-100,-54.0,40.0,3.75,9.5
1862,-100,-54.0,40.0,3.75,10.0
1863,-100,-54.0,40.0,4.0,1.0
1864,-100,-54.0,40.0,4.0,1.5
1865,-100,-54.0,40.0,4.0,2.0
1866,-100,-54.0,40.0,4.0,2.5
1867,-100,-54.0,40.0,4.0,3.0
1868,-100,-54.0,40.0,4.0,3.5
1869,-100,-54.0,40.0,4.0,4.0
1870,-100,-54.0,40.0,4.0,4.5
1871,-100,-54.0,40.0,4.0,5.0
1872,-100,-54.0,40.0,4.0,5.5
1873,-100,-54.0,40.0,4.0,6.0
1874,-100,-54.0,40.0,4.0,6.5
1875,-100,-54.0,40.0,4.0,7.0
1876,-100,-54.0,40.0,4.0,7.5
1877,-100,-54.0,40.0,4.0,8.0
1878,-100,-54.0,40.0,4.0,8.5
1879,-100,-54.0,40.0,4.0,9.0
1880,-100,-54.0,40.0,4.0,9.5
1881,-100,-54.0,40.0,4.0,10.0
1882,-100,-54.0,55.0,2.0,1.0
1883,-100,-54.0,55.0,2.0,1.5
1884,-100,-54.0,55.0,2.0,2.0
1885,-100,-54.0,55.0,2.0,2.5
1886,-100,-54.0,55.0,2.0,3.0
1887,-100,-54.0,55.0,2.0,3.5
1888,-100,-54.0,55.0,2.0,4.0
1889,-100,-54.0,55.0,2.0,4.5
1890,-100,-54.0,55.0,2.0,5.0
1891,-100,-54.0,55.0,2.0,5.5
1892,-100,-54.0,55.0,2.0,6.0
1893,-100,-54.0,55.0,2.0,6.5
1894,-100,-54.0,55.0,2.0,7.0
1895,-100,-54.0,55.0,2.0,7.5
1896,-100,-54.0,55.0,2.0,8.0
1897,-100,-54.0,55.0,2.0,8.5
1898,-100,-54.0,55.0,2.0,9.0
1899,-100,-54.0,55.0,2.0,9.5
1900,-100,-54.0,55.0,2.0,10.0
1901,-100,-54.0,55.0,2.25,1.0
1902,-100,-54.0,55.0,2.25,1.5
1903,-100,-54.0,55.0,2.25,2.0
1904,-100,-54.0,55.0,2.25,2.5
1905,-100,-54.0,55.0,2.25,3.0
1906,-100,-54.0,55.0,2.25,3.5
1907,-100,-54.0,55.0,2.25,4.0
1908,-100,-54.0,55.0,2.25,4.5
1909,-100,-54.0,55.0,2.25,5.0
1910,-100,-54.0,55.0,2.25,5.5
1911,-100,-54.0,55.0,2.25,6.0
1912,-100,-54.0,55.0,2.25,6.5
1913,-100,-54.0,55.0,2.25,7.0
1914,-100,-54.0,55.0,2.25,7.5
1915,-100,-54.0,55.0,2.25,8.0
1916,-100,-54.0,55.0,2.25,8.5
1917,-100,-54.0,55.0,2.25,9.0
1918,-100,-54.0,55.0,2.25,9.5
1919,-100,-54.0,55.0,2.25,10.0
1920,-100,-54.0,55.0,2.5,1.0
1921,-100,-54.0,55.0,2.5,1.5
1922,-100,-54.0,55.0,2.5,2.0
1923,-100,-54.0,55.0,2.5,2.5
1924,-100,-54.0,55.0,2.5,3.0
1925,-100,-54.0,55.0,2.5,3.5
1926,-100,-54.0,55.0,2.5,4.0
1927,-100,-54.0,55.0,2.5,4.5
1928,-100,-54.0,55.0,2.5,5.0
1929,-100,-54.0,55.0,2.5,5.5
1930,-100,-54.0,55.0,2.5,6.0
1931,-100,-54.0,55.0,2.5,6.5
1932,-100,-54.0,55.0,2.5,7.0
1933,-100,-54.0,55.0,2.5,7.5
1934,-100,-54.0,55.0,2.5,8.0
1935,-100,-54.0,55.0,2.5,8.5
1936,-100,-54.0,55.0,2.5,9.0
1937,-100,-54.0,55.0,2.5,9.5
1938,-100,-54.0,55.0,2.5,10.0
1939,-100,-54.0,55.0,2.75,1.0
1940,-100,-54.0,55.0,2.75,1.5
1941,-100,-54.0,55.0,2.75,2.0
1942,-100,-54.0,55.0,2.75,2.5
1943,-100,-54.0,55.0,2.75,3.0
1944,-100,-54.0,55.0,2.75,3.5
1945,-100,-54.0,55.0,2.75,4.0
1946,-100,-54.0,55.0,2.75,4.5
1947,-100,-54.0,55.0,2.75,5.0
1948,-100,-54.0,55.0,2.75,5.5
1949,-100,-54.0,55.0,2.75,6.0
1950,-100,-54.0,55.0,2.75,6.5
1951,-100,-54.0,55.0,2.75,7.0
1952,-100,-54.0,55.0,2.75,7.5
1953,-100,-54.0,55.0,2.75,8.0
1954,-100,-54.0,55.0,2.75,8.5
1955,-100,-54.0,55.0,2.75,9.0
1956,-100,-54.0,55.0,2.75,9.5
1957,-100,-54.0,55.0,2.75,10.0
1958,-100,-54.0,55.0,3.0,1.0
1959,-100,-54.0,55.0,3.0,1.5
1960,-100,-54.0,55.0,3.0,2.0
1961,-100,-54.0,55.0,3.0,2.5
1962,-100,-54.0,55.0,3.0,3.0
1963,-100,-54.0,55.0,3.0,3.5
1964,-100,-54.0,55.0,3.0,4.0
1965,-100,-54.0,55.0,3.0,4.5
1966,-100,-54.0,55.0,3.0,5.0
1967,-100,-54.0,55.0,3.0,5.5
1968,-100,-54.0,55.0,3.0,6.0
1969,-100,-54.0,55.0,3.0,6.5
1970,-100,-54.0,55.0,3.0,7.0
1971,-100,-54.0,55.0,3.0,7.5
1972,-100,-54.0,55.0,3.0,8.0
1973,-100,-54.0,55.0,3.0,8.5
1974,-100,-54.0,55.0,3.0,9.0
1975,-100,-54.0,55.0,3.0,9.5
1976,-100,-54.0,55.0,3.0,10.0
1977,-100,-54.0,55.0,3.25,1.0
1978,-100,-54.0,55.0,3.25,1.5
1979,-100,-54.0,55.0,3.25,2.0
1980,-100,-54.0,55.0,3.25,2.5
1981,-100,-54.0,55.0,3.25,3.0
1982,-100,-54.0,55.0,3.25,3.5
1983,-100,-54.0,55.0,3.25,4.0
1984,-100,-54.0,55.0,3.25,4.5
1985,-100,-54.0,55.0,3.25,5.0
1986,-100,-54.0,55.0,3.25,5.5
1987,-100,-54.0,55.0,3.25,6.0
1988,-100,-54.0,55.0,3.25,6.5
1989,-100,-54.0,55.0,3.25,7.0
1990,-100,-54.0,55.0,3.25,7.5
1991,-100,-54.0,55.0,3.25,8.0
1992,-100,-54.0,55.0,3.25,8.5
1993,-100,-54.0,55.0,3.25,9.0
1994,-100,-54.0,55.0,3.25,9.5
1995,-100,-54.0,55.0,3.25,10.0
1996,-100,-54.0,55.0,3.5,1.0
1997,-100,-54.0,55.0,3.5,1.5
1998,-100,-54.0,55.0,3.5,2.0
1999,-100,-54.0,55.0,3.5,2.5
2000,-100,-54.0,55.0,3.5,3.0
2001,-100,-54.0,55.0,3.5,3.5
2002,-100,-54.0,55.0,3.5,4.0
2003,-100,-54.0,55.0,3.5,4.5
2004,-100,-54.0,55.0,3.5,5.0
2005,-100,-54.0,55.0,3.5,5.5
2006,-100,-54.0,55.0,3.5,6.0
2007,-100,-54.0,55.0,3.5,6.5
2008,-100,-54.0,55.0,3.5,7.0
2009,-100,-54.0,55.0,3.5,7.5
2010,-100,-54.0,55.0,3.5,8.0
2011,-100,-54.0,55.0,3.5,8.5
2012,-100,-54.0,55.0,3.5,9.0
2013,-100,-54.0,55.0,3.5,9.5
2014,-100,-54.0,55.0,3.5,10.0
2015,-100,-54.0,55.0,3.75,1.0
2016,-100,-54.0,55.0,3.75,1.5
2017,-100,-54.0,55.0,3.75,2.0
2018,-100,-54.0,55.0,3.75,2.5
2019,-100,-54.0,55.0,3.75,3.0
2020,-100,-54.0,55.0,3.75,3.5
2021,-100,-54.0,55.0,3.75,4.0
2022,-100,-54.0,55.0,3.75,4.5
2023,-100,-54.0,55.0,3.75,5.0
2024,-100,-54.0,55.0,3.75,5.5
2025,-100,-54.0,55.0,3.75,6.0
2026,-100,-54.0,55.0,3.75,6.5
2027,-100,-54.0,55.0,3.75,7.0
2028,-100,-54.0,55.0,3.75,7.5
2029,-100,-54.0,55.0,3.75,8.0
2030,-100,-54.0,55.0,3.75,8.5
2031,-100,-54.0,55.0,3.75,9.0
2032,-100,-54.0,55.0,3.75,9.5
2033,-100,-54.0,55.0,3.75,10.0
2034,-100,-54.0,55.0,4.0,1.0
2035,-100,-54.0,55.0,4.0,1.5
2036,-100,-54.0,55.0,4.0,2.0
2037,-100,-54.0,55.0,4.0,2.5
2038,-100,-54.0,55.0,4.0,3.0
2039,-100,-54.0,55.0,4.0,3.5
2040,-100,-54.0,55.0,4.0,4.0
2041,-100,-54.0,55.0,4.0,4.5
2042,-100,-54.0,55.0,4.0,5.0
2043,-100,-54.0,55.0,4.0,5.5
2044,-100,-54.0,55.0,4.0,6.0
2045,-100,-54.0,55.0,4.0,6.5
2046,-100,-54.0,55.0,4.0,7.0
2047,-100,-54.0,55.0,4.0,7.5
2048,-100,-54.0,55.0,4.0,8.0
2049,-100,-54.0,55.0,4.0,8.5
2050,-100,-54.0,55.0,4.0,9.0
2051,-100,-54.0,55.0,4.0,9.5
2052,-100,-54.0,55.0,4.0,10.0
2053,-100,-52.0,25.0,2.0,1.0
2054,-100,-52.0,25.0,2.0,1.5
2055,-100,-52.0,25.0,2.0,2.0
2056,-100,-52.0,25.0,2.0,2.5
2057,-100,-52.0,25.0,2.0,3.0
2058,-100,-52.0,25.0,2.0,3.5
2059,-100,-52.0,25.0,2.0,4.0
2060,-100,-52.0,25.0,2.0,4.5
2061,-100,-52.0,25.0,2.0,5.0
2062,-100,-52.0,25.0,2.0,5.5
2063,-100,-52.0,25.0,2.0,6.0
2064,-100,-52.0,25.0,2.0,6.5
2065,-100,-52.0,25.0,2.0,7.0
2066,-100,-52.0,25.0,2.0,7.5
2067,-100,-52.0,25.0,2.0,8.0
2068,-100,-52.0,25.0,2.0,8.5
2069,-100,-52.0,25.0,2.0,9.0
2070,-100,-52.0,25.0,2.0,9.5
2071,-100,-52.0,25.0,2.0,10.0
2072,-100,-52.0,25.0,2.25,1.0
2073,-100,-52.0,25.0,2.25,1.5
2074,-100,-52.0,25.0,2.25,2.0
2075,-100,-52.0,25.0,2.25,2.5
2076,-100,-52.0,25.0,2.25,3.0
2077,-100,-52.0,25.0,2.25,3.5
2078,-100,-52.0,25.0,2.25,4.0
2079,-100,-52.0,25.0,2.25,4.5
2080,-100,-52.0,25.0,2.25,5.0
2081,-100,-52.0,25.0,2.25,5.5
2082,-100,-52.0,25.0,2.25,6.0
2083,-100,-52.0,25.0,2.25,6.5
2084,-100,-52.0,25.0,2.25,7.0
2085,-100,-52.0,25.0,2.25,7.5
2086,-100,-52.0,25.0,2.25,8.0
2087,-100,-52.0,25.0,2.25,8.5
2088,-100,-52.0,25.0,2.25,9.0
2089,-100,-52.0,25.0,2.25,9.5
2090,-100,-52.0,25.0,2.25,10.0
2091,-100,-52.0,25.0,2.5,1.0
2092,-100,-52.0,25.0,2.5,1.5
2093,-100,-52.0,25.0,2.5,2.0
2094,-100,-52.0,25.0,2.5,2.5
2095,-100,-52.0,25.0,2.5,3.0
2096,-100,-52.0,25.0,2.5,3.5
2097,-100,-52.0,25.0,2.5,4.0
2098,-100,-52.0,25.0,2.5,4.5
2099,-100,-52.0,25.0,2.5,5.0
2100,-100,-52.0,25.0,2.5,5.5
2101,-100,-52.0,25.0,2.5,6.0
2102,-100,-52.0,25.0,2.5,6.5
2103,-100,-52.0,25.0,2.5,7.0
2104,-100,-52.0,25.0,2.5,7.5
2105,-100,-52.0,25.0,2.5,8.0
2106,-100,-52.0,25.0,2.5,8.5
2107,-100,-52.0,25.0,2.5,9.0
2108,-100,-52.0,25.0,2.5,9.5
2109,-100,-52.0,25.0,2.5,10.0
2110,-100,-52.0,25.0,2.75,1.0
2111,-100,-52.0,25.0,2.75,1.5
2112,-100,-52.0,25.0,2.75,2.0
2113,-100,-52.0,25.0,2.75,2.5
2114,-100,-52.0,25.0,2.75,3.0
2115,-100,-52.0,25.0,2.75,3.5
2116,-100,-52.0,25.0,2.75,4.0
2117,-100,-52.0,25.0,2.75,4.5
2118,-100,-52.0,25.0,2.75,5.0
2119,-100,-52.0,25.0,2.75,5.5
2120,-100,-52.0,25.0,2.75,6.0
2121,-100,-52.0,25.0,2.75,6.5
2122,-100,-52.0,25.0,2.75,7.0
2123,-100,-52.0,25.0,2.75,7.5
2124,-100,-52.0,25.0,2.75,8.0
2125,-100,-52.0,25.0,2.75,8.5
2126,-100,-52.0,25.0,2.75,9.0
2127,-100,-52.0,25.0,2.75,9.5
2128,-100,-52.0,25.0,2.75,10.0
2129,-100,-52.0,25.0,3.0,1.0
2130,-100,-52.0,25.0,3.0,1.5
2131,-100,-52.0,25.0,3.0,2.0
2132,-100,-52.0,25.0,3.0,2.5
2133,-100,-52.0,25.0,3.0,3.0
2134,-100,-52.0,25.0,3.0,3.5
2135,-100,-52.0,25.0,3.0,4.0
2136,-100,-52.0,25.0,3.0,4.5
2137,-100,-52.0,25.0,3.0,5.0
2138,-100,-52.0,25.0,3.0,5.5
2139,-100,-52.0,25.0,3.0,6.0
2140,-100,-52.0,25.0,3.0,6.5
2141,-100,-52.0,25.0,3.0,7.0
2142,-100,-52.0,25.0,3.0,7.5
2143,-100,-52.0,25.0,3.0,8.0
2144,-100,-52.0,25.0,3.0,8.5
2145,-100,-52.0,25.0,3.0,9.0
2146,-100,-52.0,25.0,3.0,9.5
2147,-100,-52.0,25.0,3.0,10.0
2148,-100,-52.0,25.0,3.25,1.0
2149,-100,-52.0,25.0,3.25,1.5
2150,-100,-52.0,25.0,3.25,2.0
2151,-100,-52.0,25.0,3.25,2.5
2152,-100,-52.0,25.0,3.25,3.0
2153,-100,-52.0,25.0,3.25,3.5
2154,-100,-52.0,25.0,3.25,4.0
2155,-100,-52.0,25.0,3.25,4.5
2156,-100,-52.0,25.0,3.25,5.0
2157,-100,-52.0,25.0,3.25,5.5
2158,-100,-52.0,25.0,3.25,6.0
2159,-100,-52.0,25.0,3.25,6.5
2160,-100,-52.0,25.0,3.25,7.0
2161,-100,-52.0,25.0,3.25,7.5
2162,-100,-52.0,25.0,3.25,8.0
2163,-100,-52.0,25.0,3.25,8.5
2164,-100,-52.0,25.0,3.25,9.0
2165,-100,-52.0,25.0,3.25,9.5
2166,-100,-52.0,25.0,3.25,10.0
2167,-100,-52.0,25.0,3.5,1.0
2168,-100,-52.0,25.0,3.5,1.5
2169,-100,-52.0,25.0,3.5,2.0
2170,-100,-52.0,25.0,3.5,2.5
2171,-100,-52.0,25.0,3.5,3.0
2172,-100,-52.0,25.0,3.5,3.5
2173,-100,-52.0,25.0,3.5,4.0
2174,-100,-52.0,25.0,3.5,4.5
2175,-100,-52.0,25.0,3.5,5.0
2176,-100,-52.0,25.0,3.5,5.5
2177,-100,-52.0,25.0,3.5,6.0
2178,-100,-52.0,25.0,3.5,6.5
2179,-100,-52.0,25.0,3.5,7.0
2180,-100,-52.0,25.0,3.5,7.5
2181,-100,-52.0,25.0,3.5,8.0
2182,-100,-52.0,25.0,3.5,8.5
2183,-100,-52.0,25.0,3.5,9.0
2184,-100,-52.0,25.0,3.5,9.5
2185,-100,-52.0,25.0,3.5,10.0
2186,-100,-52.0,25.0,3.75,1.0
2187,-100,-52.0,25.0,3.75,1.5
2188,-100,-52.0,25.0,3.75,2.0
2189,-100,-52.0,25.0,3.75,2.5
2190,-100,-52.0,25.0,3.75,3.0
2191,-100,-52.0,25.0,3.75,3.5
2192,-100,-52.0,25.0,3.75,4.0
2193,-100,-52.0,25.0,3.75,4.5
2194,-100,-52.0,25.0,3.75,5.0
2195,-100,-52.0,25.0,3.75,5.5
2196,-100,-52.0,25.0,3.75,6.0
2197,-100,-52.0,25.0,3.75,6.5
2198,-100,-52.0,25.0,3.75,7.0
2199,-100,-52.0,25.0,3.75,7.5
2200,-100,-52.0,25.0,3.75,8.0
2201,-100,-52.0,25.0,3.75,8.5
2202,-100,-52.0,25.0,3.75,9.0
2203,-100,-52.0,25.0,3.75,9.5
2204,-100,-52.0,25.0,3.75,10.0
2205,-100,-52.0,25.0,4.0,1.0
2206,-100,-52.0,25.0,4.0,1.5
2207,-100,-52.0,25.0,4.0,2.0
2208,-100,-52.0,25.0,4.0,2.5
2209,-100,-52.0,25.0,4.0,3.0
2210,-100,-52.0,25.0,4.0,3.5
2211,-100,-52.0,25.0,4.0,4.0
2212,-100,-52.0,25.0,4.0,4.5
2213,-100,-52.0,25.0,4.0,5.0
2214,-100,-52.0,25.0,4.0,5.5
2215,-100,-52.0,25.0,4.0,6.0
2216,-100,-52.0,25.0,4.0,6.5
2217,-100,-52.0,25.0,4.0,7.0
2218,-100,-52.0,25.0,4.0,7.5
2219,-100,-52.0,25.0,4.0,8.0
2220,-100,-52.0,25.0,4.0,8.5
2221,-100,-52.0,25.0,4.0,9.0
2222,-100,-52.0,25.0,4.0,9.5
2223,-100,-52.0,25.0,4.0,10.0
2224,-100,-52.0,40.0,2.0,1.0
2225,-100,-52.0,40.0,2.0,1.5
2226,-100,-52.0,40.0,2.0,2.0
2227,-100,-52.0,40.0,2.0,2.5
2228,-100,-52.0,40.0,2.0,3.0
2229,-100,-52.0,40.0,2.0,3.5
2230,-100,-52.0,40.0,2.0,4.0
2231,-100,-52.0,40.0,2.0,4.5
2232,-100,-52.0,40.0,2.0,5.0
2233,-100,-52.0,40.0,2.0,5.5
2234,-100,-52.0,40.0,2.0,6.0
2235,-100,-52.0,40.0,2.0,6.5
2236,-100,-52.0,40.0,2.0,7.0
2237,-100,-52.0,40.0,2.0,7.5
2238,-100,-52.0,40.0,2.0,8.0
2239,-100,-52.0,40.0,2.0,8.5
2240,-100,-52.0,40.0,2.0,9.0
2241,-100,-52.0,40.0,2.0,9.5
2242,-100,-52.0,40.0,2.0,10.0
2243,-100,-52.0,40.0,2.25,1.0
2244,-100,-52.0,40.0,2.25,1.5
2245,-100,-52.0,40.0,2.25,2.0
2246,-100,-52.0,40.0,2.25,2.5
2247,-100,-52.0,40.0,2.25,3.0
2248,-100,-52.0,40.0,2.25,3.5
2249,-100,-52.0,40.0,2.25,4.0
2250,-100,-52.0,40.0,2.25,4.5
2251,-100,-52.0,40.0,2.25,5.0
2252,-100,-52.0,40.0,2.25,5.5
2253,-100,-52.0,40.0,2.25,6.0
2254,-100,-52.0,40.0,2.25,6.5
2255,-100,-52.0,40.0,2.25,7.0
2256,-100,-52.0,40.0,2.25,7.5
2257,-100,-52.0,40.0,2.25,8.0
2258,-100,-52.0,40.0,2.25,8.5
2259,-100,-52.0,40.0,2.25,9.0
2260,-100,-52.0,40.0,2.25,9.5
2261,-100,-52.0,40.0,2.25,10.0
2262,-100,-52.0,40.0,2.5,1.0
2263,-100,-52.0,40.0,2.5,1.5
2264,-100,-52.0,40.0,2.5,2.0
2265,-100,-52.0,40.0,2.5,2.5
2266,-100,-52.0,40.0,2.5,3.0
2267,-100,-52.0,40.0,2.5,3.5
2268,-100,-52.0,40.0,2.5,4.0
2269,-100,-52.0,40.0,2.5,4.5
2270,-100,-52.0,40.0,2.5,5.0
2271,-100,-52.0,40.0,2.5,5.5
2272,-100,-52.0,40.0,2.5,6.0
2273,-100,-52.0,40.0,2.5,6.5
2274,-100,-52.0,40.0,2.5,7.0
2275,-100,-52.0,40.0,2.5,7.5
2276,-100,-52.0,40.0,2.5,8.0
2277,-100,-52.0,40.0,2.5,8.5
2278,-100,-52.0,40.0,2.5,9.0
2279,-100,-52.0,40.0,2.5,9.5
2280,-100,-52.0,40.0,2.5,10.0
2281,-100,-52.0,40.0,2.75,1.0
2282,-100,-52.0,40.0,2.75,1.5
2283,-100,-52.0,40.0,2.75,2.0
2284,-100,-52.0,40.0,2.75,2.5
2285,-100,-52.0,40.0,2.75,3.0
2286,-100,-52.0,40.0,2.75,3.5
2287,-100,-52.0,40.0,2.75,4.0
2288,-100,-52.0,40.0,2.75,4.5
2289,-100,-52.0,40.0,2.75,5.0
2290,-100,-52.0,40.0,2.75,5.5
2291,-100,-52.0,40.0,2.75,6.0
2292,-100,-52.0,40.0,2.75,6.5
2293,-100,-52.0,40.0,2.75,7.0
2294,-100,-52.0,40.0,2.75,7.5
2295,-100,-52.0,40.0,2.75,8.0
2296,-100,-52.0,40.0,2.75,8.5
2297,-100,-52.0,40.0,2.75,9.0
2298,-100,-52.0,40.0,2.75,9.5
2299,-100,-52.0,40.0,2.75,10.0
2300,-100,-52.0,40.0,3.0,1.0
2301,-100,-52.0,40.0,3.0,1.5
2302,-100,-52.0,40.0,3.0,2.0
2303,-100,-52.0,40.0,3.0,2.5
2304,-100,-52.0,40.0,3.0,3.0
2305,-100,-52.0,40.0,3.0,3.5
2306,-100,-52.0,40.0,3.0,4.0
2307,-100,-52.0,40.0,3.0,4.5
2308,-100,-52.0,40.0,3.0,5.0
2309,-100,-52.0,40.0,3.0,5.5
2310,-100,-52.0,40.0,3.0,6.0
2311,-100,-52.0,40.0,3.0,6.5
2312,-100,-52.0,40.0,3.0,7.0
2313,-100,-52.0,40.0,3.0,7.5
2314,-100,-52.0,40.0,3.0,8.0
2315,-100,-52.0,40.0,3.0,8.5
2316,-100,-52.0,40.0,3.0,9.0
2317,-100,-52.0,40.0,3.0,9.5
2318,-100,-52.0,40.0,3.0,10.0
2319,-100,-52.0,40.0,3.25,1.0
2320,-100,-52.0,40.0,3.25,1.5
2321,-100,-52.0,40.0,3.25,2.0
2322,-100,-52.0,40.0,3.25,2.5
2323,-100,-52.0,40.0,3.25,3.0
2324,-100,-52.0,40.0,3.25,3.5
2325,-100,-52.0,40.0,3.25,4.0
2326,-100,-52.0,40.0,3.25,4.5
2327,-100,-52.0,40.0,3.25,5.0
2328,-100,-52.0,40.0,3.25,5.5
2329,-100,-52.0,40.0,3.25,6.0
2330,-100,-52.0,40.0,3.25,6.5
2331,-100,-52.0,40.0,3.25,7.0
2332,-100,-52.0,40.0,3.25,7.5
2333,-100,-52.0,40.0,3.25,8.0
2334,-100,-52.0,40.0,3.25,8.5
2335,-100,-52.0,40.0,3.25,9.0
2336,-100,-52.0,40.0,3.25,9.5
2337,-100,-52.0,40.0,3.25,10.0
2338,-100,-52.0,40.0,3.5,1.0
2339,-100,-52.0,40.0,3.5,1.5
2340,-100,-52.0,40.0,3.5,2.0
2341,-100,-52.0,40.0,3.5,2.5
2342,-100,-52.0,40.0,3.5,3.0
2343,-100,-52.0,40.0,3.5,3.5
2344,-100,-52.0,40.0,3.5,4.0
2345,-100,-52.0,40.0,3.5,4.5
2346,-100,-52.0,40.0,3.5,5.0
2347,-100,-52.0,40.0,3.5,5.5
2348,-100,-52.0,40.0,3.5,6.0
2349,-100,-52.0,40.0,3.5,6.5
2350,-100,-52.0,40.0,3.5,7.0
2351,-100,-52.0,40.0,3.5,7.5
2352,-100,-52.0,40.0,3.5,8.0
2353,-100,-52.0,40.0,3.5,8.5
2354,-100,-52.0,40.0,3.5,9.0
2355,-100,-52.0,40.0,3.5,9.5
2356,-100,-52.0,40.0,3.5,10.0
2357,-100,-52.0,40.0,3.75,1.0
2358,-100,-52.0,40.0,3.75,1.5
2359,-100,-52.0,40.0,3.75,2.0
2360,-100,-52.0,40.0,3.75,2.5
2361,-100,-52.0,40.0,3.75,3.0
2362,-100,-52.0,40.0,3.75,3.5
2363,-100,-52.0,40.0,3.75,4.0
2364,-100,-52.0,40.0,3.75,4.5
2365,-100,-52.0,40.0,3.75,5.0
2366,-100,-52.0,40.0,3.75,5.5
2367,-100,-52.0,40.0,3.75,6.0
2368,-100,-52.0,40.0,3.75,6.5
2369,-100,-52.0,40.0,3.75,7.0
2370,-100,-52.0,40.0,3.75,7.5
2371,-100,-52.0,40.0,3.75,8.0
2372,-100,-52.0,40.0,3.75,8.5
2373,-100,-52.0,40.0,3.75,9.0
2374,-100,-52.0,40.0,3.75,9.5
2375,-100,-52.0,40.0,3.75,10.0
2376,-100,-52.0,40.0,4.0,1.0
2377,-100,-52.0,40.0,4.0,1.5
2378,-100,-52.0,40.0,4.0,2.0
2379,-100,-52.0,40.0,4.0,2.5
2380,-100,-52.0,40.0,4.0,3.0
2381,-100,-52.0,40.0,4.0,3.5
2382,-100,-52.0,40.0,4.0,4.0
2383,-100,-52.0,40.0,4.0,4.5
2384,-100,-52.0,40.0,4.0,5.0
2385,-100,-52.0,40.0,4.0,5.5
2386,-100,-52.0,40.0,4.0,6.0
2387,-100,-52.0,40.0,4.0,6.5
2388,-100,-52.0,40.0,4.0,7.0
2389,-100,-52.0,40.0,4.0,7.5
2390,-100,-52.0,40.0,4.0,8.0
2391,-100,-52.0,40.0,4.0,8.5
2392,-100,-52.0,40.0,4.0,9.0
2393,-100,-52.0,40.0,4.0,9.5
2394,-100,-52.0,40.0,4.0,10.0
2395,-100,-52.0,55.0,2.0,1.0
2396,-100,-52.0,55.0,2.0,1.5
2397,-100,-52.0,55.0,2.0,2.0
2398,-100,-52.0,55.0,2.0,2.5
2399,-100,-52.0,55.0,2.0,3.0
2400,-100,-52.0,55.0,2.0,3.5
2401,-100,-52.0,55.0,2.0,4.0
2402,-100,-52.0,55.0,2.0,4.5
2403,-100,-52.0,55.0,2.0,5.0
2404,-100,-52.0,55.0,2.0,5.5
2405,-100,-52.0,55.0,2.0,6.0
2406,-100,-52.0,55.0,2.0,6.5
2407,-100,-52.0,55.0,2.0,7.0
2408,-100,-52.0,55.0,2.0,7.5
2409,-100,-52.0,55.0,2.0,8.0
2410,-100,-52.0,55.0,2.0,8.5
2411,-100,-52.0,55.0,2.0,9.0
2412,-100,-52.0,55.0,2.0,9.5
2413,-100,-52.0,55.0,2.0,10.0
2414,-100,-52.0,55.0,2.25,1.0
2415,-100,-52.0,55.0,2.25,1.5
2416,-100,-52.0,55.0,2.25,2.0
2417,-100,-52.0,55.0,2.25,2.5
2418,-100,-52.0,55.0,2.25,3.0
2419,-100,-52.0,55.0,2.25,3.5
2420,-100,-52.0,55.0,2.25,4.0
2421,-100,-52.0,55.0,2.25,4.5
2422,-100,-52.0,55.0,2.25,5.0
2423,-100,-52.0,55.0,2.25,5.5
2424,-100,-52.0,55.0,2.25,6.0
2425,-100,-52.0,55.0,2.25,6.5
2426,-100,-52.0,55.0,2.25,7.0
2427,-100,-52.0,55.0,2.25,7.5
2428,-100,-52.0,55.0,2.25,8.0
2429,-100,-52.0,55.0,2.25,8.5
2430,-100,-52.0,55.0,2.25,9.0
2431,-100,-52.0,55.0,2.25,9.5
2432,-100,-52.0,55.0,2.25,10.0
2433,-100,-52.0,55.0,2.5,1.0
2434,-100,-52.0,55.0,2.5,1.5
2435,-100,-52.0,55.0,2.5,2.0
2436,-100,-52.0,55.0,2.5,2.5
2437,-100,-52.0,55.0,2.5,3.0
2438,-100,-52.0,55.0,2.5,3.5
2439,-100,-52.0,55.0,2.5,4.0
2440,-100,-52.0,55.0,2.5,4.5
2441,-100,-52.0,55.0,2.5,5.0
2442,-100,-52.0,55.0,2.5,5.5
2443,-100,-52.0,55.0,2.5,6.0
2444,-100,-52.0,55.0,2.5,6.5
2445,-100,-52.0,55.0,2.5,7.0
2446,-100,-52.0,55.0,2.5,7.5
2447,-100,-52.0,55.0,2.5,8.0
2448,-100,-52.0,55.0,2.5,8.5
2449,-100,-52.0,55.0,2.5,9.0
2450,-100,-52.0,55.0,2.5,9.5
2451,-100,-52.0,55.0,2.5,10.0
2452,-100,-52.0,55.0,2.75,1.0
2453,-100,-52.0,55.0,2.75,1.5
2454,-100,-52.0,55.0,2.75,2.0
2455,-100,-52.0,55.0,2.75,2.5
2456,-100,-52.0,55.0,2.75,3.0
2457,-100,-52.0,55.0,2.75,3.5
2458,-100,-52.0,55.0,2.75,4.0
2459,-100,-52.0,55.0,2.75,4.5
2460,-100,-52.0,55.0,2.75,5.0
2461,-100,-52.0,55.0,2.75,5.5
2462,-100,-52.0,55.0,2.75,6.0
2463,-100,-52.0,55.0,2.75,6.5
2464,-100,-52.0,55.0,2.75,7.0
2465,-100,-52.0,55.0,2.75,7.5
2466,-100,-52.0,55.0,2.75,8.0
2467,-100,-52.0,55.0,2.75,8.5
2468,-100,-52.0,55.0,2.75,9.0
2469,-100,-52.0,55.0,2.75,9.5
2470,-100,-52.0,55.0,2.75,10.0
2471,-100,-52.0,55.0,3.0,1.0
2472,-100,-52.0,55.0,3.0,1.5
2473,-100,-52.0,55.0,3.0,2.0
2474,-100,-52.0,55.0,3.0,2.5
2475,-100,-52.0,55.0,3.0,3.0
2476,-100,-52.0,55.0,3.0,3.5
2477,-100,-52.0,55.0,3.0,4.0
2478,-100,-52.0,55.0,3.0,4.5
2479,-100,-52.0,55.0,3.0,5.0
2480,-100,-52.0,55.0,3.0,5.5
2481,-100,-52.0,55.0,3.0,6.0
2482,-100,-52.0,55.0,3.0,6.5
2483,-100,-52.0,55.0,3.0,7.0
2484,-100,-52.0,55.0,3.0,7.5
2485,-100,-52.0,55.0,3.0,8.0
2486,-100,-52.0,55.0,3.0,8.5
2487,-100,-52.0,55.0,3.0,9.0
2488,-100,-52.0,55.0,3.0,9.5
2489,-100,-52.0,55.0,3.0,10.0
2490,-100,-52.0,55.0,3.25,1.0
2491,-100,-52.0,55.0,3.25,1.5
2492,-100,-52.0,55.0,3.25,2.0
2493,-100,-52.0,55.0,3.25,2.5
2494,-100,-52.0,55.0,3.25,3.0
2495,-100,-52.0,55.0,3.25,3.5
2496,-100,-52.0,55.0,3.25,4.0
2497,-100,-52.0,55.0,3.25,4.5
2498,-100,-52.0,55.0,3.25,5.0
2499,-100,-52.0,55.0,3.25,5.5
2500,-100,-52.0,55.0,3.25,6.0
2501,-100,-52.0,55.0,3.25,6.5
2502,-100,-52.0,55.0,3.25,7.0
2503,-100,-52.0,55.0,3.25,7.5
2504,-100,-52.0,55.0,3.25,8.0
2505,-100,-52.0,55.0,3.25,8.5
2506,-100,-52.0,55.0,3.25,9.0
2507,-100,-52.0,55.0,3.25,9.5
2508,-100,-52.0,55.0,3.25,10.0
2509,-100,-52.0,55.0,3.5,1.0
2510,-100,-52.0,55.0,3.5,1.5
2511,-100,-52.0,55.0,3.5,2.0
2512,-100,-52.0,55.0,3.5,2.5
2513,-100,-52.0,55.0,3.5,3.0
2514,-100,-52.0,55.0,3.5,3.5
2515,-100,-52.0,55.0,3.5,4.0
2516,-100,-52.0,55.0,3.5,4.5
2517,-100,-52.0,55.0,3.5,5.0
2518,-100,-52.0,55.0,3.5,5.5
2519,-100,-52.0,55.0,3.5,6.0
2520,-100,-52.0,55.0,3.5,6.5
2521,-100,-52.0,55.0,3.5,7.0
2522,-100,-52.0,55.0,3.5,7.5
2523,-100,-52.0,55.0,3.5,8.0
2524,-100,-52.0,55.0,3.5,8.5
2525,-100,-52.0,55.0,3.5,9.0
2526,-100,-52.0,55.0,3.5,9.5
2527,-100,-52.0,55.0,3.5,10.0
2528,-100,-52.0,55.0,3.75,1.0
2529,-100,-52.0,55.0,3.75,1.5
2530,-100,-52.0,55.0,3.75,2.0
2531,-100,-52.0,55.0,3.75,2.5
2532,-100,-52.0,55.0,3.75,3.0
2533,-100,-52.0,55.0,3.75,3.5
2534,-100,-52.0,55.0,3.75,4.0
2535,-100,-52.0,55.0,3.75,4.5
2536,-100,-52.0,55.0,3.75,5.0
2537,-100,-52.0,55.0,3.75,5.5
2538,-100,-52.0,55.0,3.75,6.0
2539,-100,-52.0,55.0,3.75,6.5
2540,-100,-52.0,55.0,3.75,7.0
2541,-100,-52.0,55.0,3.75,7.5
2542,-100,-52.0,55.0,3.75,8.0
2543,-100,-52.0,55.0,3.75,8.5
2544,-100,-52.0,55.0,3.75,9.0
2545,-100,-52.0,55.0,3.75,9.5
2546,-100,-52.0,55.0,3.75,10.0
2547,-100,-52.0,55.0,4.0,1.0
2548,-100,-52.0,55.0,4.0,1.5
2549,-100,-52.0,55.0,4.0,2.0
2550,-100,-52.0,55.0,4.0,2.5
2551,-100,-52.0,55.0,4.0,3.0
2552,-100,-52.0,55.0,4.0,3.5
2553,-100,-52.0,55.0,4.0,4.0
2554,-100,-52.0,55.0,4.0,4.5
2555,-100,-52.0,55.0,4.0,5.0
2556,-100,-52.0,55.0,4.0,5.5
2557,-100,-52.0,55.0,4.0,6.0
2558,-100,-52.0,55.0,4.0,6.5
2559,-100,-52.0,55.0,4.0,7.0
2560,-100,-52.0,55.0,4.0,7.5
2561,-100,-52.0,55.0,4.0,8.0
2562,-100,-52.0,55.0,4.0,8.5
2563,-100,-52.0,55.0,4.0,9.0
2564,-100,-52.0,55.0,4.0,9.5
2565,-100,-52.0,55.0,4.0,10.0
2566,-100,-50.0,25.0,2.0,1.0
2567,-100,-50.0,25.0,2.0,1.5
2568,-100,-50.0,25.0,2.0,2.0
2569,-100,-50.0,25.0,2.0,2.5
2570,-100,-50.0,25.0,2.0,3.0
2571,-100,-50.0,25.0,2.0,3.5
2572,-100,-50.0,25.0,2.0,4.0
2573,-100,-50.0,25.0,2.0,4.5
2574,-100,-50.0,25.0,2.0,5.0
2575,-100,-50.0,25.0,2.0,5.5
2576,-100,-50.0,25.0,2.0,6.0
2577,-100,-50.0,25.0,2.0,6.5
2578,-100,-50.0,25.0,2.0,7.0
2579,-100,-50.0,25.0,2.0,7.5
2580,-100,-50.0,25.0,2.0,8.0
2581,-100,-50.0,25.0,2.0,8.5
2582,-100,-50.0,25.0,2.0,9.0
2583,-100,-50.0,25.0,2.0,9.5
2584,-100,-50.0,25.0,2.0,10.0
2585,-100,-50.0,25.0,2.25,1.0
2586,-100,-50.0,25.0,2.25,1.5
2587,-100,-50.0,25.0,2.25,2.0
2588,-100,-50.0,25.0,2.25,2.5
2589,-100,-50.0,25.0,2.25,3.0
2590,-100,-50.0,25.0,2.25,3.5
2591,-100,-50.0,25.0,2.25,4.0
2592,-100,-50.0,25.0,2.25,4.5
2593,-100,-50.0,25.0,2.25,5.0
2594,-100,-50.0,25.0,2.25,5.5
2595,-100,-50.0,25.0,2.25,6.0
2596,-100,-50.0,25.0,2.25,6.5
2597,-100,-50.0,25.0,2.25,7.0
2598,-100,-50.0,25.0,2.25,7.5
2599,-100,-50.0,25.0,2.25,8.0
2600,-100,-50.0,25.0,2.25,8.5
2601,-100,-50.0,25.0,2.25,9.0
2602,-100,-50.0,25.0,2.25,9.5
2603,-100,-50.0,25.0,2.25,10.0
2604,-100,-50.0,25.0,2.5,1.0
2605,-100,-50.0,25.0,2.5,1.5
2606,-100,-50.0,25.0,2.5,2.0
2607,-100,-50.0,25.0,2.5,2.5
2608,-100,-50.0,25.0,2.5,3.0
2609,-100,-50.0,25.0,2.5,3.5
2610,-100,-50.0,25.0,2.5,4.0
2611,-100,-50.0,25.0,2.5,4.5
2612,-100,-50.0,25.0,2.5,5.0
2613,-100,-50.0,25.0,2.5,5.5
2614,-100,-50.0,25.0,2.5,6.0
2615,-100,-50.0,25.0,2.5,6.5
2616,-100,-50.0,25.0,2.5,7.0
2617,-100,-50.0,25.0,2.5,7.5
2618,-100,-50.0,25.0,2.5,8.0
2619,-100,-50.0,25.0,2.5,8.5
2620,-100,-50.0,25.0,2.5,9.0
2621,-100,-50.0,25.0,2.5,9.5
2622,-100,-50.0,25.0,2.5,10.0
2623,-100,-50.0,25.0,2.75,1.0
2624,-100,-50.0,25.0,2.75,1.5
2625,-100,-50.0,25.0,2.75,2.0
2626,-100,-50.0,25.0,2.75,2.5
2627,-100,-50.0,25.0,2.75,3.0
2628,-100,-50.0,25.0,2.75,3.5
2629,-100,-50.0,25.0,2.75,4.0
2630,-100,-50.0,25.0,2.75,4.5
2631,-100,-50.0,25.0,2.75,5.0
2632,-100,-50.0,25.0,2.75,5.5
2633,-100,-50.0,25.0,2.75,6.0
2634,-100,-50.0,25.0,2.75,6.5
2635,-100,-50.0,25.0,2.75,7.0
2636,-100,-50.0,25.0,2.75,7.5
2637,-100,-50.0,25.0,2.75,8.0
2638,-100,-50.0,25.0,2.75,8.5
2639,-100,-50.0,25.0,2.75,9.0
2640,-100,-50.0,25.0,2.75,9.5
2641,-100,-50.0,25.0,2.75,10.0
2642,-100,-50.0,25.0,3.0,1.0
2643,-100,-50.0,25.0,3.0,1.5
2644,-100,-50.0,25.0,3.0,2.0
2645,-100,-50.0,25.0,3.0,2.5
2646,-100,-50.0,25.0,3.0,3.0
2647,-100,-50.0,25.0,3.0,3.5
2648,-100,-50.0,25.0,3.0,4.0
2649,-100,-50.0,25.0,3.0,4.5
2650,-100,-50.0,25.0,3.0,5.0
2651,-100,-50.0,25.0,3.0,5.5
2652,-100,-50.0,25.0,3.0,6.0
2653,-100,-50.0,25.0,3.0,6.5
2654,-100,-50.0,25.0,3.0,7.0
2655,-100,-50.0,25.0,3.0,7.5
2656,-100,-50.0,25.0,3.0,8.0
2657,-100,-50.0,25.0,3.0,8.5
2658,-100,-50.0,25.0,3.0,9.0
2659,-100,-50.0,25.0,3.0,9.5
2660,-100,-50.0,25.0,3.0,10.0
2661,-100,-50.0,25.0,3.25,1.0
2662,-100,-50.0,25.0,3.25,1.5
2663,-100,-50.0,25.0,3.25,2.0
2664,-100,-50.0,25.0,3.25,2.5
2665,-100,-50.0,25.0,3.25,3.0
2666,-100,-50.0,25.0,3.25,3.5
2667,-100,-50.0,25.0,3.25,4.0
2668,-100,-50.0,25.0,3.25,4.5
2669,-100,-50.0,25.0,3.25,5.0
2670,-100,-50.0,25.0,3.25,5.5
2671,-100,-50.0,25.0,3.25,6.0
2672,-100,-50.0,25.0,3.25,6.5
2673,-100,-50.0,25.0,3.25,7.0
2674,-100,-50.0,25.0,3.25,7.5
2675,-100,-50.0,25.0,3.25,8.0
2676,-100,-50.0,25.0,3.25,8.5
2677,-100,-50.0,25.0,3.25,9.0
2678,-100,-50.0,25.0,3.25,9.5
2679,-100,-50.0,25.0,3.25,10.0
2680,-100,-50.0,25.0,3.5,1.0
2681,-100,-50.0,25.0,3.5,1.5
2682,-100,-50.0,25.0,3.5,2.0
2683,-100,-50.0,25.0,3.5,2.5
2684,-100,-50.0,25.0,3.5,3.0
2685,-100,-50.0,25.0,3.5,3.5
2686,-100,-50.0,25.0,3.5,4.0
2687,-100,-50.0,25.0,3.5,4.5
2688,-100,-50.0,25.0,3.5,5.0
2689,-100,-50.0,25.0,3.5,5.5
2690,-100,-50.0,25.0,3.5,6.0
2691,-100,-50.0,25.0,3.5,6.5
2692,-100,-50.0,25.0,3.5,7.0
2693,-100,-50.0,25.0,3.5,7.5
2694,-100,-50.0,25.0,3.5,8.0
2695,-100,-50.0,25.0,3.5,8.5
2696,-100,-50.0,25.0,3.5,9.0
2697,-100,-50.0,25.0,3.5,9.5
2698,-100,-50.0,25.0,3.5,10.0
2699,-100,-50.0,25.0,3.75,1.0
2700,-100,-50.0,25.0,3.75,1.5
2701,-100,-50.0,25.0,3.75,2.0
2702,-100,-50.0,25.0,3.75,2.5
2703,-100,-50.0,25.0,3.75,3.0
2704,-100,-50.0,25.0,3.75,3.5
2705,-100,-50.0,25.0,3.75,4.0
2706,-100,-50.0,25.0,3.75,4.5
2707,-100,-50.0,25.0,3.75,5.0
2708,-100,-50.0,25.0,3.75,5.5
2709,-100,-50.0,25.0,3.75,6.0
2710,-100,-50.0,25.0,3.75,6.5
2711,-100,-50.0,25.0,3.75,7.0
2712,-100,-50.0,25.0,3.75,7.5
2713,-100,-50.0,25.0,3.75,8.0
2714,-100,-50.0,25.0,3.75,8.5
2715,-100,-50.0,25.0,3.75,9.0
2716,-100,-50.0,25.0,3.75,9.5
2717,-100,-50.0,25.0,3.75,10.0
2718,-100,-50.0,25.0,4.0,1.0
2719,-100,-50.0,25.0,4.0,1.5
2720,-100,-50.0,25.0,4.0,2.0
2721,-100,-50.0,25.0,4.0,2.5
2722,-100,-50.0,25.0,4.0,3.0
2723,-100,-50.0,25.0,4.0,3.5
2724,-100,-50.0,25.0,4.0,4.0
2725,-100,-50.0,25.0,4.0,4.5
2726,-100,-50.0,25.0,4.0,5.0
2727,-100,-50.0,25.0,4.0,5.5
2728,-100,-50.0,25.0,4.0,6.0
2729,-100,-50.0,25.0,4.0,6.5
2730,-100,-50.0,25.0,4.0,7.0
2731,-100,-50.0,25.0,4.0,7.5
2732,-100,-50.0,25.0,4.0,8.0
2733,-100,-50.0,25.0,4.0,8.5
2734,-100,-50.0,25.0,4.0,9.0
2735,-100,-50.0,25.0,4.0,9.5
2736,-100,-50.0,25.0,4.0,10.0
2737,-100,-50.0,40.0,2.0,1.0
2738,-100,-50.0,40.0,2.0,1.5
2739,-100,-50.0,40.0,2.0,2.0
2740,-100,-50.0,40.0,2.0,2.5
2741,-100,-50.0,40.0,2.0,3.0
2742,-100,-50.0,40.0,2.0,3.5
2743,-100,-50.0,40.0,2.0,4.0
2744,-100,-50.0,40.0,2.0,4.5
2745,-100,-50.0,40.0,2.0,5.0
2746,-100,-50.0,40.0,2.0,5.5
2747,-100,-50.0,40.0,2.0,6.0
2748,-100,-50.0,40.0,2.0,6.5
2749,-100,-50.0,40.0,2.0,7.0
2750,-100,-50.0,40.0,2.0,7.5
2751,-100,-50.0,40.0,2.0,8.0
2752,-100,-50.0,40.0,2.0,8.5
2753,-100,-50.0,40.0,2.0,9.0
2754,-100,-50.0,40.0,2.0,9.5
2755,-100,-50.0,40.0,2.0,10.0
2756,-100,-50.0,40.0,2.25,1.0
2757,-100,-50.0,40.0,2.25,1.5
2758,-100,-50.0,40.0,2.25,2.0
2759,-100,-50.0,40.0,2.25,2.5
2760,-100,-50.0,40.0,2.25,3.0
2761,-100,-50.0,40.0,2.25,3.5
2762,-100,-50.0,40.0,2.25,4.0
2763,-100,-50.0,40.0,2.25,4.5
2764,-100,-50.0,40.0,2.25,5.0
2765,-100,-50.0,40.0,2.25,5.5
2766,-100,-50.0,40.0,2.25,6.0
2767,-100,-50.0,40.0,2.25,6.5
2768,-100,-50.0,40.0,2.25,7.0
2769,-100,-50.0,40.0,2.25,7.5
2770,-100,-50.0,40.0,2.25,8.0
2771,-100,-50.0,40.0,2.25,8.5
2772,-100,-50.0,40.0,2.25,9.0
2773,-100,-50.0,40.0,2.25,9.5
2774,-100,-50.0,40.0,2.25,10.0
2775,-100,-50.0,40.0,2.5,1.0
2776,-100,-50.0,40.0,2.5,1.5
2777,-100,-50.0,40.0,2.5,2.0
2778,-100,-50.0,40.0,2.5,2.5
2779,-100,-50.0,40.0,2.5,3.0
2780,-100,-50.0,40.0,2.5,3.5
2781,-100,-50.0,40.0,2.5,4.0
2782,-100,-50.0,40.0,2.5,4.5
2783,-100,-50.0,40.0,2.5,5.0
2784,-100,-50.0,40.0,2.5,5.5
2785,-100,-50.0,40.0,2.5,6.0
2786,-100,-50.0,40.0,2.5,6.5
2787,-100,-50.0,40.0,2.5,7.0
2788,-100,-50.0,40.0,2.5,7.5
2789,-100,-50.0,40.0,2.5,8.0
2790,-100,-50.0,40.0,2.5,8.5
2791,-100,-50.0,40.0,2.5,9.0
2792,-100,-50.0,40.0,2.5,9.5
2793,-100,-50.0,40.0,2.5,10.0
2794,-100,-50.0,40.0,2.75,1.0
2795,-100,-50.0,40.0,2.75,1.5
2796,-100,-50.0,40.0,2.75,2.0
2797,-100,-50.0,40.0,2.75,2.5
2798,-100,-50.0,40.0,2.75,3.0
2799,-100,-50.0,40.0,2.75,3.5
2800,-100,-50.0,40.0,2.75,4.0
2801,-100,-50.0,40.0,2.75,4.5
2802,-100,-50.0,40.0,2.75,5.0
2803,-100,-50.0,40.0,2.75,5.5
2804,-100,-50.0,40.0,2.75,6.0
2805,-100,-50.0,40.0,2.75,6.5
2806,-100,-50.0,40.0,2.75,7.0
2807,-100,-50.0,40.0,2.75,7.5
2808,-100,-50.0,40.0,2.75,8.0
2809,-100,-50.0,40.0,2.75,8.5
2810,-100,-50.0,40.0,2.75,9.0
2811,-100,-50.0,40.0,2.75,9.5
2812,-100,-50.0,40.0,2.75,10.0
2813,-100,-50.0,40.0,3.0,1.0
2814,-100,-50.0,40.0,3.0,1.5
2815,-100,-50.0,40.0,3.0,2.0
2816,-100,-50.0,40.0,3.0,2.5
2817,-100,-50.0,40.0,3.0,3.0
2818,-100,-50.0,40.0,3.0,3.5
2819,-100,-50.0,40.0,3.0,4.0
2820,-100,-50.0,40.0,3.0,4.5
2821,-100,-50.0,40.0,3.0,5.0
2822,-100,-50.0,40.0,3.0,5.5
2823,-100,-50.0,40.0,3.0,6.0
2824,-100,-50.0,40.0,3.0,6.5
2825,-100,-50.0,40.0,3.0,7.0
2826,-100,-50.0,40.0,3.0,7.5
2827,-100,-50.0,40.0,3.0,8.0
2828,-100,-50.0,40.0,3.0,8.5
2829,-100,-50.0,40.0,3.0,9.0
2830,-100,-50.0,40.0,3.0,9.5
2831,-100,-50.0,40.0,3.0,10.0
2832,-100,-50.0,40.0,3.25,1.0
2833,-100,-50.0,40.0,3.25,1.5
2834,-100,-50.0,40.0,3.25,2.0
2835,-100,-50.0,40.0,3.25,2.5
2836,-100,-50.0,40.0,3.25,3.0
2837,-100,-50.0,40.0,3.25,3.5
2838,-100,-50.0,40.0,3.25,4.0
2839,-100,-50.0,40.0,3.25,4.5
2840,-100,-50.0,40.0,3.25,5.0
2841,-100,-50.0,40.0,3.25,5.5
2842,-100,-50.0,40.0,3.25,6.0
2843,-100,-50.0,40.0,3.25,6.5
2844,-100,-50.0,40.0,3.25,7.0
2845,-100,-50.0,40.0,3.25,7.5
2846,-100,-50.0,40.0,3.25,8.0
2847,-100,-50.0,40.0,3.25,8.5
2848,-100,-50.0,40.0,3.25,9.0
2849,-100,-50.0,40.0,3.25,9.5
2850,-100,-50.0,40.0,3.25,10.0
2851,-100,-50.0,40.0,3.5,1.0
2852,-100,-50.0,40.0,3.5,1.5
2853,-100,-50.0,40.0,3.5,2.0
2854,-100,-50.0,40.0,3.5,2.5
2855,-100,-50.0,40.0,3.5,3.0
2856,-100,-50.0,40.0,3.5,3.5
2857,-100,-50.0,40.0,3.5,4.0
2858,-100,-50.0,40.0,3.5,4.5
2859,-100,-50.0,40.0,3.5,5.0
2860,-100,-50.0,40.0,3.5,5.5
2861,-100,-50.0,40.0,3.5,6.0
2862,-100,-50.0,40.0,3.5,6.5
2863,-100,-50.0,40.0,3.5,7.0
2864,-100,-50.0,40.0,3.5,7.5
2865,-100,-50.0,40.0,3.5,8.0
2866,-100,-50.0,40.0,3.5,8.5
2867,-100,-50.0,40.0,3.5,9.0
2868,-100,-50.0,40.0,3.5,9.5
2869,-100,-50.0,40.0,3.5,10.0
2870,-100,-50.0,40.0,3.75,1.0
2871,-100,-50.0,40.0,3.75,1.5
2872,-100,-50.0,40.0,3.75,2.0
2873,-100,-50.0,40.0,3.75,2.5
2874,-100,-50.0,40.0,3.75,3.0
2875,-100,-50.0,40.0,3.75,3.5
2876,-100,-50.0,40.0,3.75,4.0
2877,-100,-50.0,40.0,3.75,4.5
2878,-100,-50.0,40.0,3.75,5.0
2879,-100,-50.0,40.0,3.75,5.5
2880,-100,-50.0,40.0,3.75,6.0
2881,-100,-50.0,40.0,3.75,6.5
2882,-100,-50.0,40.0,3.75,7.0
2883,-100,-50.0,40.0,3.75,7.5
2884,-100,-50.0,40.0,3.75,8.0
2885,-100,-50.0,40.0,3.75,8.5
2886,-100,-50.0,40.0,3.75,9.0
2887,-100,-50.0,40.0,3.75,9.5
2888,-100,-50.0,40.0,3.75,10.0
2889,-100,-50.0,40.0,4.0,1.0
2890,-100,-50.0,40.0,4.0,1.5
2891,-100,-50.0,40.0,4.0,2.0
2892,-100,-50.0,40.0,4.0,2.5
2893,-100,-50.0,40.0,4.0,3.0
2894,-100,-50.0,40.0,4.0,3.5
2895,-100,-50.0,40.0,4.0,4.0
2896,-100,-50.0,40.0,4.0,4.5
2897,-100,-50.0,40.0,4.0,5.0
2898,-100,-50.0,40.0,4.0,5.5
2899,-100,-50.0,40.0,4.0,6.0
2900,-100,-50.0,40.0,4.0,6.5
2901,-100,-50.0,40.0,4.0,7.0
2902,-100,-50.0,40.0,4.0,7.5
2903,-100,-50.0,40.0,4.0,8.0
2904,-100,-50.0,40.0,4.0,8.5
2905,-100,-50.0,40.0,4.0,9.0
2906,-100,-50.0,40.0,4.0,9.5
2907,-100,-50.0,40.0,4.0,10.0
2908,-100,-50.0,55.0,2.0,1.0
2909,-100,-50.0,55.0,2.0,1.5
2910,-100,-50.0,55.0,2.0,2.0
2911,-100,-50.0,55.0,2.0,2.5
2912,-100,-50.0,55.0,2.0,3.0
2913,-100,-50.0,55.0,2.0,3.5
2914,-100,-50.0,55.0,2.0,4.0
2915,-100,-50.0,55.0,2.0,4.5
2916,-100,-50.0,55.0,2.0,5.0
2917,-100,-50.0,55.0,2.0,5.5
2918,-100,-50.0,55.0,2.0,6.0
2919,-100,-50.0,55.0,2.0,6.5
2920,-100,-50.0,55.0,2.0,7.0
2921,-100,-50.0,55.0,2.0,7.5
2922,-100,-50.0,55.0,2.0,8.0
2923,-100,-50.0,55.0,2.0,8.5
2924,-100,-50.0,55.0,2.0,9.0
2925,-100,-50.0,55.0,2.0,9.5
2926,-100,-50.0,55.0,2.0,10.0
2927,-100,-50.0,55.0,2.25,1.0
2928,-100,-50.0,55.0,2.25,1.5
2929,-100,-50.0,55.0,2.25,2.0
2930,-100,-50.0,55.0,2.25,2.5
2931,-100,-50.0,55.0,2.25,3.0
2932,-100,-50.0,55.0,2.25,3.5
2933,-100,-50.0,55.0,2.25,4.0
2934,-100,-50.0,55.0,2.25,4.5
2935,-100,-50.0,55.0,2.25,5.0
2936,-100,-50.0,55.0,2.25,5.5
2937,-100,-50.0,55.0,2.25,6.0
2938,-100,-50.0,55.0,2.25,6.5
2939,-100,-50.0,55.0,2.25,7.0
2940,-100,-50.0,55.0,2.25,7.5
2941,-100,-50.0,55.0,2.25,8.0
2942,-100,-50.0,55.0,2.25,8.5
2943,-100,-50.0,55.0,2.25,9.0
2944,-100,-50.0,55.0,2.25,9.5
2945,-100,-50.0,55.0,2.25,10.0
2946,-100,-50.0,55.0,2.5,1.0
2947,-100,-50.0,55.0,2.5,1.5
2948,-100,-50.0,55.0,2.5,2.0
2949,-100,-50.0,55.0,2.5,2.5
2950,-100,-50.0,55.0,2.5,3.0
2951,-100,-50.0,55.0,2.5,3.5
2952,-100,-50.0,55.0,2.5,4.0
2953,-100,-50.0,55.0,2.5,4.5
2954,-100,-50.0,55.0,2.5,5.0
2955,-100,-50.0,55.0,2.5,5.5
2956,-100,-50.0,55.0,2.5,6.0
2957,-100,-50.0,55.0,2.5,6.5
2958,-100,-50.0,55.0,2.5,7.0
2959,-100,-50.0,55.0,2.5,7.5
2960,-100,-50.0,55.0,2.5,8.0
2961,-100,-50.0,55.0,2.5,8.5
2962,-100,-50.0,55.0,2.5,9.0
2963,-100,-50.0,55.0,2.5,9.5
2964,-100,-50.0,55.0,2.5,10.0
2965,-100,-50.0,55.0,2.75,1.0
2966,-100,-50.0,55.0,2.75,1.5
2967,-100,-50.0,55.0,2.75,2.0
2968,-100,-50.0,55.0,2.75,2.5
2969,-100,-50.0,55.0,2.75,3.0
2970,-100,-50.0,55.0,2.75,3.5
2971,-100,-50.0,55.0,2.75,4.0
2972,-100,-50.0,55.0,2.75,4.5
2973,-100,-50.0,55.0,2.75,5.0
2974,-100,-50.0,55.0,2.75,5.5
2975,-100,-50.0,55.0,2.75,6.0
2976,-100,-50.0,55.0,2.75,6.5
2977,-100,-50.0,55.0,2.75,7.0
2978,-100,-50.0,55.0,2.75,7.5
2979,-100,-50.0,55.0,2.75,8.0
2980,-100,-50.0,55.0,2.75,8.5
2981,-100,-50.0,55.0,2.75,9.0
2982,-100,-50.0,55.0,2.75,9.5
2983,-100,-50.0,55.0,2.75,10.0
2984,-100,-50.0,55.0,3.0,1.0
2985,-100,-50.0,55.0,3.0,1.5
2986,-100,-50.0,55.0,3.0,2.0
2987,-100,-50.0,55.0,3.0,2.5
2988,-100,-50.0,55.0,3.0,3.0
2989,-100,-50.0,55.0,3.0,3.5
2990,-100,-50.0,55.0,3.0,4.0
2991,-100,-50.0,55.0,3.0,4.5
2992,-100,-50.0,55.0,3.0,5.0
2993,-100,-50.0,55.0,3.0,5.5
2994,-100,-50.0,55.0,3.0,6.0
2995,-100,-50.0,55.0,3.0,6.5
2996,-100,-50.0,55.0,3.0,7.0
2997,-100,-50.0,55.0,3.0,7.5
2998,-100,-50.0,55.0,3.0,8.0
2999,-100,-50.0,55.0,3.0,8.5
3000,-100,-50.0,55.0,3.0,9.0
3001,-100,-50.0,55.0,3.0,9.5
3002,-100,-50.0,55.0,3.0,10.0
3003,-100,-50.0,55.0,3.25,1.0
3004,-100,-50.0,55.0,3.25,1.5
3005,-100,-50.0,55.0,3.25,2.0
3006,-100,-50.0,55.0,3.25,2.5
3007,-100,-50.0,55.0,3.25,3.0
3008,-100,-50.0,55.0,3.25,3.5
3009,-100,-50.0,55.0,3.25,4.0
3010,-100,-50.0,55.0,3.25,4.5
3011,-100,-50.0,55.0,3.25,5.0
3012,-100,-50.0,55.0,3.25,5.5
3013,-100,-50.0,55.0,3.25,6.0
3014,-100,-50.0,55.0,3.25,6.5
3015,-100,-50.0,55.0,3.25,7.0
3016,-100,-50.0,55.0,3.25,7.5
3017,-100,-50.0,55.0,3.25,8.0
3018,-100,-50.0,55.0,3.25,8.5
3019,-100,-50.0,55.0,3.25,9.0
3020,-100,-50.0,55.0,3.25,9.5
3021,-100,-50.0,55.0,3.25,10.0
3022,-100,-50.0,55.0,3.5,1.0
3023,-100,-50.0,55.0,3.5,1.5
3024,-100,-50.0,55.0,3.5,2.0
3025,-100,-50.0,55.0,3.5,2.5
3026,-100,-50.0,55.0,3.5,3.0
3027,-100,-50.0,55.0,3.5,3.5
3028,-100,-50.0,55.0,3.5,4.0
3029,-100,-50.0,55.0,3.5,4.5
3030,-100,-50.0,55.0,3.5,5.0
3031,-100,-50.0,55.0,3.5,5.5
3032,-100,-50.0,55.0,3.5,6.0
3033,-100,-50.0,55.0,3.5,6.5
3034,-100,-50.0,55.0,3.5,7.0
3035,-100,-50.0,55.0,3.5,7.5
3036,-100,-50.0,55.0,3.5,8.0
3037,-100,-50.0,55.0,3.5,8.5
3038,-100,-50.0,55.0,3.5,9.0
3039,-100,-50.0,55.0,3.5,9.5
3040,-100,-50.0,55.0,3.5,10.0
3041,-100,-50.0,55.0,3.75,1.0
3042,-100,-50.0,55.0,3.75,1.5
3043,-100,-50.0,55.0,3.75,2.0
3044,-100,-50.0,55.0,3.75,2.5
3045,-100,-50.0,55.0,3.75,3.0
3046,-100,-50.0,55.0,3.75,3.5
3047,-100,-50.0,55.0,3.75,4.0
3048,-100,-50.0,55.0,3.75,4.5
3049,-100,-50.0,55.0,3.75,5.0
3050,-100,-50.0,55.0,3.75,5.5
3051,-100,-50.0,55.0,3.75,6.0
3052,-100,-50.0,55.0,3.75,6.5
3053,-100,-50.0,55.0,3.75,7.0
3054,-100,-50.0,55.0,3.75,7.5
3055,-100,-50.0,55.0,3.75,8.0
3056,-100,-50.0,55.0,3.75,8.5
3057,-100,-50.0,55.0,3.75,9.0
3058,-100,-50.0,55.0,3.75,9.5
3059,-100,-50.0,55.0,3.75,10.0
3060,-100,-50.0,55.0,4.0,1.0
3061,-100,-50.0,55.0,4.0,1.5
3062,-100,-50.0,55.0,4.0,2.0
3063,-100,-50.0,55.0,4.0,2.5
3064,-100,-50.0,55.0,4.0,3.0
3065,-100,-50.0,55.0,4.0,3.5
3066,-100,-50.0,55.0,4.0,4.0
3067,-100,-50.0,55.0,4.0,4.5
3068,-100,-50.0,55.0,4.0,5.0
3069,-100,-50.0,55.0,4.0,5.5
3070,-100,-50.0,55.0,4.0,6.0
3071,-100,-50.0,55.0,4.0,6.5
3072,-100,-50.0,55.0,4.0,7.0
3073,-100,-50.0,55.0,4.0,7.5
3074,-100,-50.0,55.0,4.0,8.0
3075,-100,-50.0,55.0,4.0,8.5
3076,-100,-50.0,55.0,4.0,9.0
3077,-100,-50.0,55.0,4.0,9.5
3078,-100,-50.0,55.0,4.0,10.0
3079,-100,-48.0,25.0,2.0,1.0
3080,-100,-48.0,25.0,2.0,1.5
3081,-100,-48.0,25.0,2.0,2.0
3082,-100,-48.0,25.0,2.0,2.5
3083,-100,-48.0,25.0,2.0,3.0
3084,-100,-48.0,25.0,2.0,3.5
3085,-100,-48.0,25.0,2.0,4.0
3086,-100,-48.0,25.0,2.0,4.5
3087,-100,-48.0,25.0,2.0,5.0
3088,-100,-48.0,25.0,2.0,5.5
3089,-100,-48.0,25.0,2.0,6.0
3090,-100,-48.0,25.0,2.0,6.5
3091,-100,-48.0,25.0,2.0,7.0
3092,-100,-48.0,25.0,2.0,7.5
3093,-100,-48.0,25.0,2.0,8.0
3094,-100,-48.0,25.0,2.0,8.5
3095,-100,-48.0,25.0,2.0,9.0
3096,-100,-48.0,25.0,2.0,9.5
3097,-100,-48.0,25.0,2.0,10.0
3098,-100,-48.0,25.0,2.25,1.0
3099,-100,-48.0,25.0,2.25,1.5
3100,-100,-48.0,25.0,2.25,2.0
3101,-100,-48.0,25.0,2.25,2.5
3102,-100,-48.0,25.0,2.25,3.0
3103,-100,-48.0,25.0,2.25,3.5
3104,-100,-48.0,25.0,2.25,4.0
3105,-100,-48.0,25.0,2.25,4.5
3106,-100,-48.0,25.0,2.25,5.0
3107,-100,-48.0,25.0,2.25,5.5
3108,-100,-48.0,25.0,2.25,6.0
3109,-100,-48.0,25.0,2.25,6.5
3110,-100,-48.0,25.0,2.25,7.0
3111,-100,-48.0,25.0,2.25,7.5
3112,-100,-48.0,25.0,2.25,8.0
3113,-100,-48.0,25.0,2.25,8.5
3114,-100,-48.0,25.0,2.25,9.0
3115,-100,-48.0,25.0,2.25,9.5
3116,-100,-48.0,25.0,2.25,10.0
3117,-100,-48.0,25.0,2.5,1.0
3118,-100,-48.0,25.0,2.5,1.5
3119,-100,-48.0,25.0,2.5,2.0
3120,-100,-48.0,25.0,2.5,2.5
3121,-100,-48.0,25.0,2.5,3.0
3122,-100,-48.0,25.0,2.5,3.5
3123,-100,-48.0,25.0,2.5,4.0
3124,-100,-48.0,25.0,2.5,4.5
3125,-100,-48.0,25.0,2.5,5.0
3126,-100,-48.0,25.0,2.5,5.5
3127,-100,-48.0,25.0,2.5,6.0
3128,-100,-48.0,25.0,2.5,6.5
3129,-100,-48.0,25.0,2.5,7.0
3130,-100,-48.0,25.0,2.5,7.5
3131,-100,-48.0,25.0,2.5,8.0
3132,-100,-48.0,25.0,2.5,8.5
3133,-100,-48.0,25.0,2.5,9.0
3134,-100,-48.0,25.0,2.5,9.5
3135,-100,-48.0,25.0,2.5,10.0
3136,-100,-48.0,25.0,2.75,1.0
3137,-100,-48.0,25.0,2.75,1.5
3138,-100,-48.0,25.0,2.75,2.0
3139,-100,-48.0,25.0,2.75,2.5
3140,-100,-48.0,25.0,2.75,3.0
3141,-100,-48.0,25.0,2.75,3.5
3142,-100,-48.0,25.0,2.75,4.0
3143,-100,-48.0,25.0,2.75,4.5
3144,-100,-48.0,25.0,2.75,5.0
3145,-100,-48.0,25.0,2.75,5.5
3146,-100,-48.0,25.0,2.75,6.0
3147,-100,-48.0,25.0,2.75,6.5
3148,-100,-48.0,25.0,2.75,7.0
3149,-100,-48.0,25.0,2.75,7.5
3150,-100,-48.0,25.0,2.75,8.0
3151,-100,-48.0,25.0,2.75,8.5
3152,-100,-48.0,25.0,2.75,9.0
3153,-100,-48.0,25.0,2.75,9.5
3154,-100,-48.0,25.0,2.75,10.0
3155,-100,-48.0,25.0,3.0,1.0
3156,-100,-48.0,25.0,3.0,1.5
3157,-100,-48.0,25.0,3.0,2.0
3158,-100,-48.0,25.0,3.0,2.5
3159,-100,-48.0,25.0,3.0,3.0
3160,-100,-48.0,25.0,3.0,3.5
3161,-100,-48.0,25.0,3.0,4.0
3162,-100,-48.0,25.0,3.0,4.5
3163,-100,-48.0,25.0,3.0,5.0
3164,-100,-48.0,25.0,3.0,5.5
3165,-100,-48.0,25.0,3.0,6.0
3166,-100,-48.0,25.0,3.0,6.5
3167,-100,-48.0,25.0,3.0,7.0
3168,-100,-48.0,25.0,3.0,7.5
3169,-100,-48.0,25.0,3.0,8.0
3170,-100,-48.0,25.0,3.0,8.5
3171,-100,-48.0,25.0,3.0,9.0
3172,-100,-48.0,25.0,3.0,9.5
3173,-100,-48.0,25.0,3.0,10.0
3174,-100,-48.0,25.0,3.25,1.0
3175,-100,-48.0,25.0,3.25,1.5
3176,-100,-48.0,25.0,3.25,2.0
3177,-100,-48.0,25.0,3.25,2.5
3178,-100,-48.0,25.0,3.25,3.0
3179,-100,-48.0,25.0,3.25,3.5
3180,-100,-48.0,25.0,3.25,4.0
3181,-100,-48.0,25.0,3.25,4.5
3182,-100,-48.0,25.0,3.25,5.0
3183,-100,-48.0,25.0,3.25,5.5
3184,-100,-48.0,25.0,3.25,6.0
3185,-100,-48.0,25.0,3.25,6.5
3186,-100,-48.0,25.0,3.25,7.0
3187,-100,-48.0,25.0,3.25,7.5
3188,-100,-48.0,25.0,3.25,8.0
3189,-100,-48.0,25.0,3.25,8.5
3190,-100,-48.0,25.0,3.25,9.0
3191,-100,-48.0,25.0,3.25,9.5
3192,-100,-48.0,25.0,3.25,10.0
3193,-100,-48.0,25.0,3.5,1.0
3194,-100,-48.0,25.0,3.5,1.5
3195,-100,-48.0,25.0,3.5,2.0
3196,-100,-48.0,25.0,3.5,2.5
3197,-100,-48.0,25.0,3.5,3.0
3198,-100,-48.0,25.0,3.5,3.5
3199,-100,-48.0,25.0,3.5,4.0
3200,-100,-48.0,25.0,3.5,4.5
3201,-100,-48.0,25.0,3.5,5.0
3202,-100,-48.0,25.0,3.5,5.5
3203,-100,-48.0,25.0,3.5,6.0
3204,-100,-48.0,25.0,3.5,6.5
3205,-100,-48.0,25.0,3.5,7.0
3206,-100,-48.0,25.0,3.5,7.5
3207,-100,-48.0,25.0,3.5,8.0
3208,-100,-48.0,25.0,3.5,8.5
3209,-100,-48.0,25.0,3.5,9.0
3210,-100,-48.0,25.0,3.5,9.5
3211,-100,-48.0,25.0,3.5,10.0
3212,-100,-48.0,25.0,3.75,1.0
3213,-100,-48.0,25.0,3.75,1.5
3214,-100,-48.0,25.0,3.75,2.0
3215,-100,-48.0,25.0,3.75,2.5
3216,-100,-48.0,25.0,3.75,3.0
3217,-100,-48.0,25.0,3.75,3.5
3218,-100,-48.0,25.0,3.75,4.0
3219,-100,-48.0,25.0,3.75,4.5
3220,-100,-48.0,25.0,3.75,5.0
3221,-100,-48.0,25.0,3.75,5.5
3222,-100,-48.0,25.0,3.75,6.0
3223,-100,-48.0,25.0,3.75,6.5
3224,-100,-48.0,25.0,3.75,7.0
3225,-100,-48.0,25.0,3.75,7.5
3226,-100,-48.0,25.0,3.75,8.0
3227,-100,-48.0,25.0,3.75,8.5
3228,-100,-48.0,25.0,3.75,9.0
3229,-100,-48.0,25.0,3.75,9.5
3230,-100,-48.0,25.0,3.75,10.0
3231,-100,-48.0,25.0,4.0,1.0
3232,-100,-48.0,25.0,4.0,1.5
3233,-100,-48.0,25.0,4.0,2.0
3234,-100,-48.0,25.0,4.0,2.5
3235,-100,-48.0,25.0,4.0,3.0
3236,-100,-48.0,25.0,4.0,3.5
3237,-100,-48.0,25.0,4.0,4.0
3238,-100,-48.0,25.0,4.0,4.5
3239,-100,-48.0,25.0,4.0,5.0
3240,-100,-48.0,25.0,4.0,5.5
3241,-100,-48.0,25.0,4.0,6.0
3242,-100,-48.0,25.0,4.0,6.5
3243,-100,-48.0,25.0,4.0,7.0
3244,-100,-48.0,25.0,4.0,7.5
3245,-100,-48.0,25.0,4.0,8.0
3246,-100,-48.0,25.0,4.0,8.5
3247,-100,-48.0,25.0,4.0,9.0
3248,-100,-48.0,25.0,4.0,9.5
3249,-100,-48.0,25.0,4.0,10.0
3250,-100,-48.0,40.0,2.0,1.0
3251,-100,-48.0,40.0,2.0,1.5
3252,-100,-48.0,40.0,2.0,2.0
3253,-100,-48.0,40.0,2.0,2.5
3254,-100,-48.0,40.0,2.0,3.0
3255,-100,-48.0,40.0,2.0,3.5
3256,-100,-48.0,40.0,2.0,4.0
3257,-100,-48.0,40.0,2.0,4.5
3258,-100,-48.0,40.0,2.0,5.0
3259,-100,-48.0,40.0,2.0,5.5
3260,-100,-48.0,40.0,2.0,6.0
3261,-100,-48.0,40.0,2.0,6.5
3262,-100,-48.0,40.0,2.0,7.0
3263,-100,-48.0,40.0,2.0,7.5
3264,-100,-48.0,40.0,2.0,8.0
3265,-100,-48.0,40.0,2.0,8.5
3266,-100,-48.0,40.0,2.0,9.0
3267,-100,-48.0,40.0,2.0,9.5
3268,-100,-48.0,40.0,2.0,10.0
3269,-100,-48.0,40.0,2.25,1.0
3270,-100,-48.0,40.0,2.25,1.5
3271,-100,-48.0,40.0,2.25,2.0
3272,-100,-48.0,40.0,2.25,2.5
3273,-100,-48.0,40.0,2.25,3.0
3274,-100,-48.0,40.0,2.25,3.5
3275,-100,-48.0,40.0,2.25,4.0
3276,-100,-48.0,40.0,2.25,4.5
3277,-100,-48.0,40.0,2.25,5.0
3278,-100,-48.0,40.0,2.25,5.5
3279,-100,-48.0,40.0,2.25,6.0
3280,-100,-48.0,40.0,2.25,6.5
3281,-100,-48.0,40.0,2.25,7.0
3282,-100,-48.0,40.0,2.25,7.5
3283,-100,-48.0,40.0,2.25,8.0
3284,-100,-48.0,40.0,2.25,8.5
3285,-100,-48.0,40.0,2.25,9.0
3286,-100,-48.0,40.0,2.25,9.5
3287,-100,-48.0,40.0,2.25,10.0
3288,-100,-48.0,40.0,2.5,1.0
3289,-100,-48.0,40.0,2.5,1.5
3290,-100,-48.0,40.0,2.5,2.0
3291,-100,-48.0,40.0,2.5,2.5
3292,-100,-48.0,40.0,2.5,3.0
3293,-100,-48.0,40.0,2.5,3.5
3294,-100,-48.0,40.0,2.5,4.0
3295,-100,-48.0,40.0,2.5,4.5
3296,-100,-48.0,40.0,2.5,5.0
3297,-100,-48.0,40.0,2.5,5.5
3298,-100,-48.0,40.0,2.5,6.0
3299,-100,-48.0,40.0,2.5,6.5
3300,-100,-48.0,40.0,2.5,7.0
3301,-100,-48.0,40.0,2.5,7.5
3302,-100,-48.0,40.0,2.5,8.0
3303,-100,-48.0,40.0,2.5,8.5
3304,-100,-48.0,40.0,2.5,9.0
3305,-100,-48.0,40.0,2.5,9.5
3306,-100,-48.0,40.0,2.5,10.0
3307,-100,-48.0,40.0,2.75,1.0
3308,-100,-48.0,40.0,2.75,1.5
3309,-100,-48.0,40.0,2.75,2.0
3310,-100,-48.0,40.0,2.75,2.5
3311,-100,-48.0,40.0,2.75,3.0
3312,-100,-48.0,40.0,2.75,3.5
3313,-100,-48.0,40.0,2.75,4.0
3314,-100,-48.0,40.0,2.75,4.5
3315,-100,-48.0,40.0,2.75,5.0
3316,-100,-48.0,40.0,2.75,5.5
3317,-100,-48.0,40.0,2.75,6.0
3318,-100,-48.0,40.0,2.75,6.5
3319,-100,-48.0,40.0,2.75,7.0
3320,-100,-48.0,40.0,2.75,7.5
3321,-100,-48.0,40.0,2.75,8.0
3322,-100,-48.0,40.0,2.75,8.5
3323,-100,-48.0,40.0,2.75,9.0
3324,-100,-48.0,40.0,2.75,9.5
3325,-100,-48.0,40.0,2.75,10.0
3326,-100,-48.0,40.0,3.0,1.0
3327,-100,-48.0,40.0,3.0,1.5
3328,-100,-48.0,40.0,3.0,2.0
3329,-100,-48.0,40.0,3.0,2.5
3330,-100,-48.0,40.0,3.0,3.0
3331,-100,-48.0,40.0,3.0,3.5
3332,-100,-48.0,40.0,3.0,4.0
3333,-100,-48.0,40.0,3.0,4.5
3334,-100,-48.0,40.0,3.0,5.0
3335,-100,-48.0,40.0,3.0,5.5
3336,-100,-48.0,40.0,3.0,6.0
3337,-100,-48.0,40.0,3.0,6.5
3338,-100,-48.0,40.0,3.0,7.0
3339,-100,-48.0,40.0,3.0,7.5
3340,-100,-48.0,40.0,3.0,8.0
3341,-100,-48.0,40.0,3.0,8.5
3342,-100,-48.0,40.0,3.0,9.0
3343,-100,-48.0,40.0,3.0,9.5
3344,-100,-48.0,40.0,3.0,10.0
3345,-100,-48.0,40.0,3.25,1.0
3346,-100,-48.0,40.0,3.25,1.5
3347,-100,-48.0,40.0,3.25,2.0
3348,-100,-48.0,40.0,3.25,2.5
3349,-100,-48.0,40.0,3.25,3.0
3350,-100,-48.0,40.0,3.25,3.5
3351,-100,-48.0,40.0,3.25,4.0
3352,-100,-48.0,40.0,3.25,4.5
3353,-100,-48.0,40.0,3.25,5.0
3354,-100,-48.0,40.0,3.25,5.5
3355,-100,-48.0,40.0,3.25,6.0
3356,-100,-48.0,40.0,3.25,6.5
3357,-100,-48.0,40.0,3.25,7.0
3358,-100,-48.0,40.0,3.25,7.5
3359,-100,-48.0,40.0,3.25,8.0
3360,-100,-48.0,40.0,3.25,8.5
3361,-100,-48.0,40.0,3.25,9.0
3362,-100,-48.0,40.0,3.25,9.5
3363,-100,-48.0,40.0,3.25,10.0
3364,-100,-48.0,40.0,3.5,1.0
3365,-100,-48.0,40.0,3.5,1.5
3366,-100,-48.0,40.0,3.5,2.0
3367,-100,-48.0,40.0,3.5,2.5
3368,-100,-48.0,40.0,3.5,3.0
3369,-100,-48.0,40.0,3.5,3.5
3370,-100,-48.0,40.0,3.5,4.0
3371,-100,-48.0,40.0,3.5,4.5
3372,-100,-48.0,40.0,3.5,5.0
3373,-100,-48.0,40.0,3.5,5.5
3374,-100,-48.0,40.0,3.5,6.0
3375,-100,-48.0,40.0,3.5,6.5
3376,-100,-48.0,40.0,3.5,7.0
3377,-100,-48.0,40.0,3.5,7.5
3378,-100,-48.0,40.0,3.5,8.0
3379,-100,-48.0,40.0,3.5,8.5
3380,-100,-48.0,40.0,3.5,9.0
3381,-100,-48.0,40.0,3.5,9.5
3382,-100,-48.0,40.0,3.5,10.0
3383,-100,-48.0,40.0,3.75,1.0
3384,-100,-48.0,40.0,3.75,1.5
3385,-100,-48.0,40.0,3.75,2.0
3386,-100,-48.0,40.0,3.75,2.5
3387,-100,-48.0,40.0,3.75,3.0
3388,-100,-48.0,40.0,3.75,3.5
3389,-100,-48.0,40.0,3.75,4.0
3390,-100,-48.0,40.0,3.75,4.5
3391,-100,-48.0,40.0,3.75,5.0
3392,-100,-48.0,40.0,3.75,5.5
3393,-100,-48.0,40.0,3.75,6.0
3394,-100,-48.0,40.0,3.75,6.5
3395,-100,-48.0,40.0,3.75,7.0
3396,-100,-48.0,40.0,3.75,7.5
3397,-100,-48.0,40.0,3.75,8.0
3398,-100,-48.0,40.0,3.75,8.5
3399,-100,-48.0,40.0,3.75,9.0
3400,-100,-48.0,40.0,3.75,9.5
3401,-100,-48.0,40.0,3.75,10.0
3402,-100,-48.0,40.0,4.0,1.0
3403,-100,-48.0,40.0,4.0,1.5
3404,-100,-48.0,40.0,4.0,2.0
3405,-100,-48.0,40.0,4.0,2.5
3406,-100,-48.0,40.0,4.0,3.0
3407,-100,-48.0,40.0,4.0,3.5
3408,-100,-48.0,40.0,4.0,4.0
3409,-100,-48.0,40.0,4.0,4.5
3410,-100,-48.0,40.0,4.0,5.0
3411,-100,-48.0,40.0,4.0,5.5
3412,-100,-48.0,40.0,4.0,6.0
3413,-100,-48.0,40.0,4.0,6.5
3414,-100,-48.0,40.0,4.0,7.0
3415,-100,-48.0,40.0,4.0,7.5
3416,-100,-48.0,40.0,4.0,8.0
3417,-100,-48.0,40.0,4.0,8.5
3418,-100,-48.0,40.0,4.0,9.0
3419,-100,-48.0,40.0,4.0,9.5
3420,-100,-48.0,40.0,4.0,10.0
3421,-100,-48.0,55.0,2.0,1.0
3422,-100,-48.0,55.0,2.0,1.5
3423,-100,-48.0,55.0,2.0,2.0
3424,-100,-48.0,55.0,2.0,2.5
3425,-100,-48.0,55.0,2.0,3.0
3426,-100,-48.0,55.0,2.0,3.5
3427,-100,-48.0,55.0,2.0,4.0
3428,-100,-48.0,55.0,2.0,4.5
3429,-100,-48.0,55.0,2.0,5.0
3430,-100,-48.0,55.0,2.0,5.5
3431,-100,-48.0,55.0,2.0,6.0
3432,-100,-48.0,55.0,2.0,6.5
3433,-100,-48.0,55.0,2.0,7.0
3434,-100,-48.0,55.0,2.0,7.5
3435,-100,-48.0,55.0,2.0,8.0
3436,-100,-48.0,55.0,2.0,8.5
3437,-100,-48.0,55.0,2.0,9.0
3438,-100,-48.0,55.0,2.0,9.5
3439,-100,-48.0,55.0,2.0,10.0
3440,-100,-48.0,55.0,2.25,1.0
3441,-100,-48.0,55.0,2.25,1.5
3442,-100,-48.0,55.0,2.25,2.0
3443,-100,-48.0,55.0,2.25,2.5
3444,-100,-48.0,55.0,2.25,3.0
3445,-100,-48.0,55.0,2.25,3.5
3446,-100,-48.0,55.0,2.25,4.0
3447,-100,-48.0,55.0,2.25,4.5
3448,-100,-48.0,55.0,2.25,5.0
3449,-100,-48.0,55.0,2.25,5.5
3450,-100,-48.0,55.0,2.25,6.0
3451,-100,-48.0,55.0,2.25,6.5
3452,-100,-48.0,55.0,2.25,7.0
3453,-100,-48.0,55.0,2.25,7.5
3454,-100,-48.0,55.0,2.25,8.0
3455,-100,-48.0,55.0,2.25,8.5
3456,-100,-48.0,55.0,2.25,9.0
3457,-100,-48.0,55.0,2.25,9.5
3458,-100,-48.0,55.0,2.25,10.0
3459,-100,-48.0,55.0,2.5,1.0
3460,-100,-48.0,55.0,2.5,1.5
3461,-100,-48.0,55.0,2.5,2.0
3462,-100,-48.0,55.0,2.5,2.5
3463,-100,-48.0,55.0,2.5,3.0
3464,-100,-48.0,55.0,2.5,3.5
3465,-100,-48.0,55.0,2.5,4.0
3466,-100,-48.0,55.0,2.5,4.5
3467,-100,-48.0,55.0,2.5,5.0
3468,-100,-48.0,55.0,2.5,5.5
3469,-100,-48.0,55.0,2.5,6.0
3470,-100,-48.0,55.0,2.5,6.5
3471,-100,-48.0,55.0,2.5,7.0
3472,-100,-48.0,55.0,2.5,7.5
3473,-100,-48.0,55.0,2.5,8.0
3474,-100,-48.0,55.0,2.5,8.5
3475,-100,-48.0,55.0,2.5,9.0
3476,-100,-48.0,55.0,2.5,9.5
3477,-100,-48.0,55.0,2.5,10.0
3478,-100,-48.0,55.0,2.75,1.0
3479,-100,-48.0,55.0,2.75,1.5
3480,-100,-48.0,55.0,2.75,2.0
3481,-100,-48.0,55.0,2.75,2.5
3482,-100,-48.0,55.0,2.75,3.0
3483,-100,-48.0,55.0,2.75,3.5
3484,-100,-48.0,55.0,2.75,4.0
3485,-100,-48.0,55.0,2.75,4.5
3486,-100,-48.0,55.0,2.75,5.0
3487,-100,-48.0,55.0,2.75,5.5
3488,-100,-48.0,55.0,2.75,6.0
3489,-100,-48.0,55.0,2.75,6.5
3490,-100,-48.0,55.0,2.75,7.0
3491,-100,-48.0,55.0,2.75,7.5
3492,-100,-48.0,55.0,2.75,8.0
3493,-100,-48.0,55.0,2.75,8.5
3494,-100,-48.0,55.0,2.75,9.0
3495,-100,-48.0,55.0,2.75,9.5
3496,-100,-48.0,55.0,2.75,10.0
3497,-100,-48.0,55.0,3.0,1.0
3498,-100,-48.0,55.0,3.0,1.5
3499,-100,-48.0,55.0,3.0,2.0
3500,-100,-48.0,55.0,3.0,2.5
3501,-100,-48.0,55.0,3.0,3.0
3502,-100,-48.0,55.0,3.0,3.5
3503,-100,-48.0,55.0,3.0,4.0
3504,-100,-48.0,55.0,3.0,4.5
3505,-100,-48.0,55.0,3.0,5.0
3506,-100,-48.0,55.0,3.0,5.5
3507,-100,-48.0,55.0,3.0,6.0
3508,-100,-48.0,55.0,3.0,6.5
3509,-100,-48.0,55.0,3.0,7.0
3510,-100,-48.0,55.0,3.0,7.5
3511,-100,-48.0,55.0,3.0,8.0
3512,-100,-48.0,55.0,3.0,8.5
3513,-100,-48.0,55.0,3.0,9.0
3514,-100,-48.0,55.0,3.0,9.5
3515,-100,-48.0,55.0,3.0,10.0
3516,-100,-48.0,55.0,3.25,1.0
3517,-100,-48.0,55.0,3.25,1.5
3518,-100,-48.0,55.0,3.25,2.0
3519,-100,-48.0,55.0,3.25,2.5
3520,-100,-48.0,55.0,3.25,3.0
3521,-100,-48.0,55.0,3.25,3.5
3522,-100,-48.0,55.0,3.25,4.0
3523,-100,-48.0,55.0,3.25,4.5
3524,-100,-48.0,55.0,3.25,5.0
3525,-100,-48.0,55.0,3.25,5.5
3526,-100,-48.0,55.0,3.25,6.0
3527,-100,-48.0,55.0,3.25,6.5
3528,-100,-48.0,55.0,3.25,7.0
3529,-100,-48.0,55.0,3.25,7.5
3530,-100,-48.0,55.0,3.25,8.0
3531,-100,-48.0,55.0,3.25,8.5
3532,-100,-48.0,55.0,3.25,9.0
3533,-100,-48.0,55.0,3.25,9.5
3534,-100,-48.0,55.0,3.25,10.0
3535,-100,-48.0,55.0,3.5,1.0
3536,-100,-48.0,55.0,3.5,1.5
3537,-100,-48.0,55.0,3.5,2.0
3538,-100,-48.0,55.0,3.5,2.5
3539,-100,-48.0,55.0,3.5,3.0
3540,-100,-48.0,55.0,3.5,3.5
3541,-100,-48.0,55.0,3.5,4.0
3542,-100,-48.0,55.0,3.5,4.5
3543,-100,-48.0,55.0,3.5,5.0
3544,-100,-48.0,55.0,3.5,5.5
3545,-100,-48.0,55.0,3.5,6.0
3546,-100,-48.0,55.0,3.5,6.5
3547,-100,-48.0,55.0,3.5,7.0
3548,-100,-48.0,55.0,3.5,7.5
3549,-100,-48.0,55.0,3.5,8.0
3550,-100,-48.0,55.0,3.5,8.5
3551,-100,-48.0,55.0,3.5,9.0
3552,-100,-48.0,55.0,3.5,9.5
3553,-100,-48.0,55.0,3.5,10.0
3554,-100,-48.0,55.0,3.75,1.0
3555,-100,-48.0,55.0,3.75,1.5
3556,-100,-48.0,55.0,3.75,2.0
3557,-100,-48.0,55.0,3.75,2.5
3558,-100,-48.0,55.0,3.75,3.0
3559,-100,-48.0,55.0,3.75,3.5
3560,-100,-48.0,55.0,3.75,4.0
3561,-100,-48.0,55.0,3.75,4.5
3562,-100,-48.0,55.0,3.75,5.0
3563,-100,-48.0,55.0,3.75,5.5
3564,-100,-48.0,55.0,3.75,6.0
3565,-100,-48.0,55.0,3.75,6.5
3566,-100,-48.0,55.0,3.75,7.0
3567,-100,-48.0,55.0,3.75,7.5
3568,-100,-48.0,55.0,3.75,8.0
3569,-100,-48.0,55.0,3.75,8.5
3570,-100,-48.0,55.0,3.75,9.0
3571,-100,-48.0,55.0,3.75,9.5
3572,-100,-48.0,55.0,3.75,10.0
3573,-100,-48.0,55.0,4.0,1.0
3574,-100,-48.0,55.0,4.0,1.5
3575,-100,-48.0,55.0,4.0,2.0
3576,-100,-48.0,55.0,4.0,2.5
3577,-100,-48.0,55.0,4.0,3.0
3578,-100,-48.0,55.0,4.0,3.5
3579,-100,-48.0,55.0,4.0,4.0
3580,-100,-48.0,55.0,4.0,4.5
3581,-100,-48.0,55.0,4.0,5.0
3582,-100,-48.0,55.0,4.0,5.5
3583,-100,-48.0,55.0,4.0,6.0
3584,-100,-48.0,55.0,4.0,6.5
3585,-100,-48.0,55.0,4.0,7.0
3586,-100,-48.0,55.0,4.0,7.5
3587,-100,-48.0,55.0,4.0,8.0
3588,-100,-48.0,55.0,4.0,8.5
3589,-100,-48.0,55.0,4.0,9.0
3590,-100,-48.0,55.0,4.0,9.5
3591,-100,-48.0,55.0,4.0,10.0
3592,-100,-46.0,25.0,2.0,1.0
3593,-100,-46.0,25.0,2.0,1.5
3594,-100,-46.0,25.0,2.0,2.0
3595,-100,-46.0,25.0,2.0,2.5
3596,-100,-46.0,25.0,2.0,3.0
3597,-100,-46.0,25.0,2.0,3.5
3598,-100,-46.0,25.0,2.0,4.0
3599,-100,-46.0,25.0,2.0,4.5
3600,-100,-46.0,25.0,2.0,5.0
3601,-100,-46.0,25.0,2.0,5.5
3602,-100,-46.0,25.0,2.0,6.0
3603,-100,-46.0,25.0,2.0,6.5
3604,-100,-46.0,25.0,2.0,7.0
3605,-100,-46.0,25.0,2.0,7.5
3606,-100,-46.0,25.0,2.0,8.0
3607,-100,-46.0,25.0,2.0,8.5
3608,-100,-46.0,25.0,2.0,9.0
3609,-100,-46.0,25.0,2.0,9.5
3610,-100,-46.0,25.0,2.0,10.0
3611,-100,-46.0,25.0,2.25,1.0
3612,-100,-46.0,25.0,2.25,1.5
3613,-100,-46.0,25.0,2.25,2.0
3614,-100,-46.0,25.0,2.25,2.5
3615,-100,-46.0,25.0,2.25,3.0
3616,-100,-46.0,25.0,2.25,3.5
3617,-100,-46.0,25.0,2.25,4.0
3618,-100,-46.0,25.0,2.25,4.5
3619,-100,-46.0,25.0,2.25,5.0
3620,-100,-46.0,25.0,2.25,5.5
3621,-100,-46.0,25.0,2.25,6.0
3622,-100,-46.0,25.0,2.25,6.5
3623,-100,-46.0,25.0,2.25,7.0
3624,-100,-46.0,25.0,2.25,7.5
3625,-100,-46.0,25.0,2.25,8.0
3626,-100,-46.0,25.0,2.25,8.5
3627,-100,-46.0,25.0,2.25,9.0
3628,-100,-46.0,25.0,2.25,9.5
3629,-100,-46.0,25.0,2.25,10.0
3630,-100,-46.0,25.0,2.5,1.0
3631,-100,-46.0,25.0,2.5,1.5
3632,-100,-46.0,25.0,2.5,2.0
3633,-100,-46.0,25.0,2.5,2.5
3634,-100,-46.0,25.0,2.5,3.0
3635,-100,-46.0,25.0,2.5,3.5
3636,-100,-46.0,25.0,2.5,4.0
3637,-100,-46.0,25.0,2.5,4.5
3638,-100,-46.0,25.0,2.5,5.0
3639,-100,-46.0,25.0,2.5,5.5
3640,-100,-46.0,25.0,2.5,6.0
3641,-100,-46.0,25.0,2.5,6.5
3642,-100,-46.0,25.0,2.5,7.0
3643,-100,-46.0,25.0,2.5,7.5
3644,-100,-46.0,25.0,2.5,8.0
3645,-100,-46.0,25.0,2.5,8.5
3646,-100,-46.0,25.0,2.5,9.0
3647,-100,-46.0,25.0,2.5,9.5
3648,-100,-46.0,25.0,2.5,10.0
3649,-100,-46.0,25.0,2.75,1.0
3650,-100,-46.0,25.0,2.75,1.5
3651,-100,-46.0,25.0,2.75,2.0
3652,-100,-46.0,25.0,2.75,2.5
3653,-100,-46.0,25.0,2.75,3.0
3654,-100,-46.0,25.0,2.75,3.5
3655,-100,-46.0,25.0,2.75,4.0
3656,-100,-46.0,25.0,2.75,4.5
3657,-100,-46.0,25.0,2.75,5.0
3658,-100,-46.0,25.0,2.75,5.5
3659,-100,-46.0,25.0,2.75,6.0
3660,-100,-46.0,25.0,2.75,6.5
3661,-100,-46.0,25.0,2.75,7.0
3662,-100,-46.0,25.0,2.75,7.5
3663,-100,-46.0,25.0,2.75,8.0
3664,-100,-46.0,25.0,2.75,8.5
3665,-100,-46.0,25.0,2.75,9.0
3666,-100,-46.0,25.0,2.75,9.5
3667,-100,-46.0,25.0,2.75,10.0
3668,-100,-46.0,25.0,3.0,1.0
3669,-100,-46.0,25.0,3.0,1.5
3670,-100,-46.0,25.0,3.0,2.0
3671,-100,-46.0,25.0,3.0,2.5
3672,-100,-46.0,25.0,3.0,3.0
3673,-100,-46.0,25.0,3.0,3.5
3674,-100,-46.0,25.0,3.0,4.0
3675,-100,-46.0,25.0,3.0,4.5
3676,-100,-46.0,25.0,3.0,5.0
3677,-100,-46.0,25.0,3.0,5.5
3678,-100,-46.0,25.0,3.0,6.0
3679,-100,-46.0,25.0,3.0,6.5
3680,-100,-46.0,25.0,3.0,7.0
3681,-100,-46.0,25.0,3.0,7.5
3682,-100,-46.0,25.0,3.0,8.0
3683,-100,-46.0,25.0,3.0,8.5
3684,-100,-46.0,25.0,3.0,9.0
3685,-100,-46.0,25.0,3.0,9.5
3686,-100,-46.0,25.0,3.0,10.0
3687,-100,-46.0,25.0,3.25,1.0
3688,-100,-46.0,25.0,3.25,1.5
3689,-100,-46.0,25.0,3.25,2.0
3690,-100,-46.0,25.0,3.25,2.5
3691,-100,-46.0,25.0,3.25,3.0
3692,-100,-46.0,25.0,3.25,3.5
3693,-100,-46.0,25.0,3.25,4.0
3694,-100,-46.0,25.0,3.25,4.5
3695,-100,-46.0,25.0,3.25,5.0
3696,-100,-46.0,25.0,3.25,5.5
3697,-100,-46.0,25.0,3.25,6.0
3698,-100,-46.0,25.0,3.25,6.5
3699,-100,-46.0,25.0,3.25,7.0
3700,-100,-46.0,25.0,3.25,7.5
3701,-100,-46.0,25.0,3.25,8.0
3702,-100,-46.0,25.0,3.25,8.5
3703,-100,-46.0,25.0,3.25,9.0
3704,-100,-46.0,25.0,3.25,9.5
3705,-100,-46.0,25.0,3.25,10.0
3706,-100,-46.0,25.0,3.5,1.0
3707,-100,-46.0,25.0,3.5,1.5
3708,-100,-46.0,25.0,3.5,2.0
3709,-100,-46.0,25.0,3.5,2.5
3710,-100,-46.0,25.0,3.5,3.0
3711,-100,-46.0,25.0,3.5,3.5
3712,-100,-46.0,25.0,3.5,4.0
3713,-100,-46.0,25.0,3.5,4.5
3714,-100,-46.0,25.0,3.5,5.0
3715,-100,-46.0,25.0,3.5,5.5
3716,-100,-46.0,25.0,3.5,6.0
3717,-100,-46.0,25.0,3.5,6.5
3718,-100,-46.0,25.0,3.5,7.0
3719,-100,-46.0,25.0,3.5,7.5
3720,-100,-46.0,25.0,3.5,8.0
3721,-100,-46.0,25.0,3.5,8.5
3722,-100,-46.0,25.0,3.5,9.0
3723,-100,-46.0,25.0,3.5,9.5
3724,-100,-46.0,25.0,3.5,10.0
3725,-100,-46.0,25.0,3.75,1.0
3726,-100,-46.0,25.0,3.75,1.5
3727,-100,-46.0,25.0,3.75,2.0
3728,-100,-46.0,25.0,3.75,2.5
3729,-100,-46.0,25.0,3.75,3.0
3730,-100,-46.0,25.0,3.75,3.5
3731,-100,-46.0,25.0,3.75,4.0
3732,-100,-46.0,25.0,3.75,4.5
3733,-100,-46.0,25.0,3.75,5.0
3734,-100,-46.0,25.0,3.75,5.5
3735,-100,-46.0,25.0,3.75,6.0
3736,-100,-46.0,25.0,3.75,6.5
3737,-100,-46.0,25.0,3.75,7.0
3738,-100,-46.0,25.0,3.75,7.5
3739,-100,-46.0,25.0,3.75,8.0
3740,-100,-46.0,25.0,3.75,8.5
3741,-100,-46.0,25.0,3.75,9.0
3742,-100,-46.0,25.0,3.75,9.5
3743,-100,-46.0,25.0,3.75,10.0
3744,-100,-46.0,25.0,4.0,1.0
3745,-100,-46.0,25.0,4.0,1.5
3746,-100,-46.0,25.0,4.0,2.0
3747,-100,-46.0,25.0,4.0,2.5
3748,-100,-46.0,25.0,4.0,3.0
3749,-100,-46.0,25.0,4.0,3.5
3750,-100,-46.0,25.0,4.0,4.0
3751,-100,-46.0,25.0,4.0,4.5
3752,-100,-46.0,25.0,4.0,5.0
3753,-100,-46.0,25.0,4.0,5.5
3754,-100,-46.0,25.0,4.0,6.0
3755,-100,-46.0,25.0,4.0,6.5
3756,-100,-46.0,25.0,4.0,7.0
3757,-100,-46.0,25.0,4.0,7.5
3758,-100,-46.0,25.0,4.0,8.0
3759,-100,-46.0,25.0,4.0,8.5
3760,-100,-46.0,25.0,4.0,9.0
3761,-100,-46.0,25.0,4.0,9.5
3762,-100,-46.0,25.0,4.0,10.0
3763,-100,-46.0,40.0,2.0,1.0
3764,-100,-46.0,40.0,2.0,1.5
3765,-100,-46.0,40.0,2.0,2.0
3766,-100,-46.0,40.0,2.0,2.5
3767,-100,-46.0,40.0,2.0,3.0
3768,-100,-46.0,40.0,2.0,3.5
3769,-100,-46.0,40.0,2.0,4.0
3770,-100,-46.0,40.0,2.0,4.5
3771,-100,-46.0,40.0,2.0,5.0
3772,-100,-46.0,40.0,2.0,5.5
3773,-100,-46.0,40.0,2.0,6.0
3774,-100,-46.0,40.0,2.0,6.5
3775,-100,-46.0,40.0,2.0,7.0
3776,-100,-46.0,40.0,2.0,7.5
3777,-100,-46.0,40.0,2.0,8.0
3778,-100,-46.0,40.0,2.0,8.5
3779,-100,-46.0,40.0,2.0,9.0
3780,-100,-46.0,40.0,2.0,9.5
3781,-100,-46.0,40.0,2.0,10.0
3782,-100,-46.0,40.0,2.25,1.0
3783,-100,-46.0,40.0,2.25,1.5
3784,-100,-46.0,40.0,2.25,2.0
3785,-100,-46.0,40.0,2.25,2.5
3786,-100,-46.0,40.0,2.25,3.0
3787,-100,-46.0,40.0,2.25,3.5
3788,-100,-46.0,40.0,2.25,4.0
3789,-100,-46.0,40.0,2.25,4.5
3790,-100,-46.0,40.0,2.25,5.0
3791,-100,-46.0,40.0,2.25,5.5
3792,-100,-46.0,40.0,2.25,6.0
3793,-100,-46.0,40.0,2.25,6.5
3794,-100,-46.0,40.0,2.25,7.0
3795,-100,-46.0,40.0,2.25,7.5
3796,-100,-46.0,40.0,2.25,8.0
3797,-100,-46.0,40.0,2.25,8.5
3798,-100,-46.0,40.0,2.25,9.0
3799,-100,-46.0,40.0,2.25,9.5
3800,-100,-46.0,40.0,2.25,10.0
3801,-100,-46.0,40.0,2.5,1.0
3802,-100,-46.0,40.0,2.5,1.5
3803,-100,-46.0,40.0,2.5,2.0
3804,-100,-46.0,40.0,2.5,2.5
3805,-100,-46.0,40.0,2.5,3.0
3806,-100,-46.0,40.0,2.5,3.5
3807,-100,-46.0,40.0,2.5,4.0
3808,-100,-46.0,40.0,2.5,4.5
3809,-100,-46.0,40.0,2.5,5.0
3810,-100,-46.0,40.0,2.5,5.5
3811,-100,-46.0,40.0,2.5,6.0
3812,-100,-46.0,40.0,2.5,6.5
3813,-100,-46.0,40.0,2.5,7.0
3814,-100,-46.0,40.0,2.5,7.5
3815,-100,-46.0,40.0,2.5,8.0
3816,-100,-46.0,40.0,2.5,8.5
3817,-100,-46.0,40.0,2.5,9.0
3818,-100,-46.0,40.0,2.5,9.5
3819,-100,-46.0,40.0,2.5,10.0
3820,-100,-46.0,40.0,2.75,1.0
3821,-100,-46.0,40.0,2.75,1.5
3822,-100,-46.0,40.0,2.75,2.0
3823,-100,-46.0,40.0,2.75,2.5
3824,-100,-46.0,40.0,2.75,3.0
3825,-100,-46.0,40.0,2.75,3.5
3826,-100,-46.0,40.0,2.75,4.0
3827,-100,-46.0,40.0,2.75,4.5
3828,-100,-46.0,40.0,2.75,5.0
3829,-100,-46.0,40.0,2.75,5.5
3830,-100,-46.0,40.0,2.75,6.0
3831,-100,-46.0,40.0,2.75,6.5
3832,-100,-46.0,40.0,2.75,7.0
3833,-100,-46.0,40.0,2.75,7.5
3834,-100,-46.0,40.0,2.75,8.0
3835,-100,-46.0,40.0,2.75,8.5
3836,-100,-46.0,40.0,2.75,9.0
3837,-100,-46.0,40.0,2.75,9.5
3838,-100,-46.0,40.0,2.75,10.0
3839,-100,-46.0,40.0,3.0,1.0
3840,-100,-46.0,40.0,3.0,1.5
3841,-100,-46.0,40.0,3.0,2.0
3842,-100,-46.0,40.0,3.0,2.5
3843,-100,-46.0,40.0,3.0,3.0
3844,-100,-46.0,40.0,3.0,3.5
3845,-100,-46.0,40.0,3.0,4.0
3846,-100,-46.0,40.0,3.0,4.5
3847,-100,-46.0,40.0,3.0,5.0
3848,-100,-46.0,40.0,3.0,5.5
3849,-100,-46.0,40.0,3.0,6.0
3850,-100,-46.0,40.0,3.0,6.5
3851,-100,-46.0,40.0,3.0,7.0
3852,-100,-46.0,40.0,3.0,7.5
3853,-100,-46.0,40.0,3.0,8.0
3854,-100,-46.0,40.0,3.0,8.5
3855,-100,-46.0,40.0,3.0,9.0
3856,-100,-46.0,40.0,3.0,9.5
3857,-100,-46.0,40.0,3.0,10.0
3858,-100,-46.0,40.0,3.25,1.0
3859,-100,-46.0,40.0,3.25,1.5
3860,-100,-46.0,40.0,3.25,2.0
3861,-100,-46.0,40.0,3.25,2.5
3862,-100,-46.0,40.0,3.25,3.0
3863,-100,-46.0,40.0,3.25,3.5
3864,-100,-46.0,40.0,3.25,4.0
3865,-100,-46.0,40.0,3.25,4.5
3866,-100,-46.0,40.0,3.25,5.0
3867,-100,-46.0,40.0,3.25,5.5
3868,-100,-46.0,40.0,3.25,6.0
3869,-100,-46.0,40.0,3.25,6.5
3870,-100,-46.0,40.0,3.25,7.0
3871,-100,-46.0,40.0,3.25,7.5
3872,-100,-46.0,40.0,3.25,8.0
3873,-100,-46.0,40.0,3.25,8.5
3874,-100,-46.0,40.0,3.25,9.0
3875,-100,-46.0,40.0,3.25,9.5
3876,-100,-46.0,40.0,3.25,10.0
3877,-100,-46.0,40.0,3.5,1.0
3878,-100,-46.0,40.0,3.5,1.5
3879,-100,-46.0,40.0,3.5,2.0
3880,-100,-46.0,40.0,3.5,2.5
3881,-100,-46.0,40.0,3.5,3.0
3882,-100,-46.0,40.0,3.5,3.5
3883,-100,-46.0,40.0,3.5,4.0
3884,-100,-46.0,40.0,3.5,4.5
3885,-100,-46.0,40.0,3.5,5.0
3886,-100,-46.0,40.0,3.5,5.5
3887,-100,-46.0,40.0,3.5,6.0
3888,-100,-46.0,40.0,3.5,6.5
3889,-100,-46.0,40.0,3.5,7.0
3890,-100,-46.0,40.0,3.5,7.5
3891,-100,-46.0,40.0,3.5,8.0
3892,-100,-46.0,40.0,3.5,8.5
3893,-100,-46.0,40.0,3.5,9.0
3894,-100,-46.0,40.0,3.5,9.5
3895,-100,-46.0,40.0,3.5,10.0
3896,-100,-46.0,40.0,3.75,1.0
3897,-100,-46.0,40.0,3.75,1.5
3898,-100,-46.0,40.0,3.75,2.0
3899,-100,-46.0,40.0,3.75,2.5
3900,-100,-46.0,40.0,3.75,3.0
3901,-100,-46.0,40.0,3.75,3.5
3902,-100,-46.0,40.0,3.75,4.0
3903,-100,-46.0,40.0,3.75,4.5
3904,-100,-46.0,40.0,3.75,5.0
3905,-100,-46.0,40.0,3.75,5.5
3906,-100,-46.0,40.0,3.75,6.0
3907,-100,-46.0,40.0,3.75,6.5
3908,-100,-46.0,40.0,3.75,7.0
3909,-100,-46.0,40.0,3.75,7.5
3910,-100,-46.0,40.0,3.75,8.0
3911,-100,-46.0,40.0,3.75,8.5
3912,-100,-46.0,40.0,3.75,9.0
3913,-100,-46.0,40.0,3.75,9.5
3914,-100,-46.0,40.0,3.75,10.0
3915,-100,-46.0,40.0,4.0,1.0
3916,-100,-46.0,40.0,4.0,1.5
3917,-100,-46.0,40.0,4.0,2.0
3918,-100,-46.0,40.0,4.0,2.5
3919,-100,-46.0,40.0,4.0,3.0
3920,-100,-46.0,40.0,4.0,3.5
3921,-100,-46.0,40.0,4.0,4.0
3922,-100,-46.0,40.0,4.0,4.5
3923,-100,-46.0,40.0,4.0,5.0
3924,-100,-46.0,40.0,4.0,5.5
3925,-100,-46.0,40.0,4.0,6.0
3926,-100,-46.0,40.0,4.0,6.5
3927,-100,-46.0,40.0,4.0,7.0
3928,-100,-46.0,40.0,4.0,7.5
3929,-100,-46.0,40.0,4.0,8.0
3930,-100,-46.0,40.0,4.0,8.5
3931,-100,-46.0,40.0,4.0,9.0
3932,-100,-46.0,40.0,4.0,9.5
3933,-100,-46.0,40.0,4.0,10.0
3934,-100,-46.0,55.0,2.0,1.0
3935,-100,-46.0,55.0,2.0,1.5
3936,-100,-46.0,55.0,2.0,2.0
3937,-100,-46.0,55.0,2.0,2.5
3938,-100,-46.0,55.0,2.0,3.0
3939,-100,-46.0,55.0,2.0,3.5
3940,-100,-46.0,55.0,2.0,4.0
3941,-100,-46.0,55.0,2.0,4.5
3942,-100,-46.0,55.0,2.0,5.0
3943,-100,-46.0,55.0,2.0,5.5
3944,-100,-46.0,55.0,2.0,6.0
3945,-100,-46.0,55.0,2.0,6.5
3946,-100,-46.0,55.0,2.0,7.0
3947,-100,-46.0,55.0,2.0,7.5
3948,-100,-46.0,55.0,2.0,8.0
3949,-100,-46.0,55.0,2.0,8.5
3950,-100,-46.0,55.0,2.0,9.0
3951,-100,-46.0,55.0,2.0,9.5
3952,-100,-46.0,55.0,2.0,10.0
3953,-100,-46.0,55.0,2.25,1.0
3954,-100,-46.0,55.0,2.25,1.5
3955,-100,-46.0,55.0,2.25,2.0
3956,-100,-46.0,55.0,2.25,2.5
3957,-100,-46.0,55.0,2.25,3.0
3958,-100,-46.0,55.0,2.25,3.5
3959,-100,-46.0,55.0,2.25,4.0
3960,-100,-46.0,55.0,2.25,4.5
3961,-100,-46.0,55.0,2.25,5.0
3962,-100,-46.0,55.0,2.25,5.5
3963,-100,-46.0,55.0,2.25,6.0
3964,-100,-46.0,55.0,2.25,6.5
3965,-100,-46.0,55.0,2.25,7.0
3966,-100,-46.0,55.0,2.25,7.5
3967,-100,-46.0,55.0,2.25,8.0
3968,-100,-46.0,55.0,2.25,8.5
3969,-100,-46.0,55.0,2.25,9.0
3970,-100,-46.0,55.0,2.25,9.5
3971,-100,-46.0,55.0,2.25,10.0
3972,-100,-46.0,55.0,2.5,1.0
3973,-100,-46.0,55.0,2.5,1.5
3974,-100,-46.0,55.0,2.5,2.0
3975,-100,-46.0,55.0,2.5,2.5
3976,-100,-46.0,55.0,2.5,3.0
3977,-100,-46.0,55.0,2.5,3.5
3978,-100,-46.0,55.0,2.5,4.0
3979,-100,-46.0,55.0,2.5,4.5
3980,-100,-46.0,55.0,2.5,5.0
3981,-100,-46.0,55.0,2.5,5.5
3982,-100,-46.0,55.0,2.5,6.0
3983,-100,-46.0,55.0,2.5,6.5
3984,-100,-46.0,55.0,2.5,7.0
3985,-100,-46.0,55.0,2.5,7.5
3986,-100,-46.0,55.0,2.5,8.0
3987,-100,-46.0,55.0,2.5,8.5
3988,-100,-46.0,55.0,2.5,9.0
3989,-100,-46.0,55.0,2.5,9.5
3990,-100,-46.0,55.0,2.5,10.0
3991,-100,-46.0,55.0,2.75,1.0
3992,-100,-46.0,55.0,2.75,1.5
3993,-100,-46.0,55.0,2.75,2.0
3994,-100,-46.0,55.0,2.75,2.5
3995,-100,-46.0,55.0,2.75,3.0
3996,-100,-46.0,55.0,2.75,3.5
3997,-100,-46.0,55.0,2.75,4.0
3998,-100,-46.0,55.0,2.75,4.5
3999,-100,-46.0,55.0,2.75,5.0
4000,-100,-46.0,55.0,2.75,5.5
4001,-100,-46.0,55.0,2.75,6.0
4002,-100,-46.0,55.0,2.75,6.5
4003,-100,-46.0,55.0,2.75,7.0
4004,-100,-46.0,55.0,2.75,7.5
4005,-100,-46.0,55.0,2.75,8.0
4006,-100,-46.0,55.0,2.75,8.5
4007,-100,-46.0,55.0,2.75,9.0
4008,-100,-46.0,55.0,2.75,9.5
4009,-100,-46.0,55.0,2.75,10.0
4010,-100,-46.0,55.0,3.0,1.0
4011,-100,-46.0,55.0,3.0,1.5
4012,-100,-46.0,55.0,3.0,2.0
4013,-100,-46.0,55.0,3.0,2.5
4014,-100,-46.0,55.0,3.0,3.0
4015,-100,-46.0,55.0,3.0,3.5
4016,-100,-46.0,55.0,3.0,4.0
4017,-100,-46.0,55.0,3.0,4.5
4018,-100,-46.0,55.0,3.0,5.0
4019,-100,-46.0,55.0,3.0,5.5
4020,-100,-46.0,55.0,3.0,6.0
4021,-100,-46.0,55.0,3.0,6.5
4022,-100,-46.0,55.0,3.0,7.0
4023,-100,-46.0,55.0,3.0,7.5
4024,-100,-46.0,55.0,3.0,8.0
4025,-100,-46.0,55.0,3.0,8.5
4026,-100,-46.0,55.0,3.0,9.0
4027,-100,-46.0,55.0,3.0,9.5
4028,-100,-46.0,55.0,3.0,10.0
4029,-100,-46.0,55.0,3.25,1.0
4030,-100,-46.0,55.0,3.25,1.5
4031,-100,-46.0,55.0,3.25,2.0
4032,-100,-46.0,55.0,3.25,2.5
4033,-100,-46.0,55.0,3.25,3.0
4034,-100,-46.0,55.0,3.25,3.5
4035,-100,-46.0,55.0,3.25,4.0
4036,-100,-46.0,55.0,3.25,4.5
4037,-100,-46.0,55.0,3.25,5.0
4038,-100,-46.0,55.0,3.25,5.5
4039,-100,-46.0,55.0,3.25,6.0
4040,-100,-46.0,55.0,3.25,6.5
4041,-100,-46.0,55.0,3.25,7.0
4042,-100,-46.0,55.0,3.25,7.5
4043,-100,-46.0,55.0,3.25,8.0
4044,-100,-46.0,55.0,3.25,8.5
4045,-100,-46.0,55.0,3.25,9.0
4046,-100,-46.0,55.0,3.25,9.5
4047,-100,-46.0,55.0,3.25,10.0
4048,-100,-46.0,55.0,3.5,1.0
4049,-100,-46.0,55.0,3.5,1.5
4050,-100,-46.0,55.0,3.5,2.0
4051,-100,-46.0,55.0,3.5,2.5
4052,-100,-46.0,55.0,3.5,3.0
4053,-100,-46.0,55.0,3.5,3.5
4054,-100,-46.0,55.0,3.5,4.0
4055,-100,-46.0,55.0,3.5,4.5
4056,-100,-46.0,55.0,3.5,5.0
4057,-100,-46.0,55.0,3.5,5.5
4058,-100,-46.0,55.0,3.5,6.0
4059,-100,-46.0,55.0,3.5,6.5
4060,-100,-46.0,55.0,3.5,7.0
4061,-100,-46.0,55.0,3.5,7.5
4062,-100,-46.0,55.0,3.5,8.0
4063,-100,-46.0,55.0,3.5,8.5
4064,-100,-46.0,55.0,3.5,9.0
4065,-100,-46.0,55.0,3.5,9.5
4066,-100,-46.0,55.0,3.5,10.0
4067,-100,-46.0,55.0,3.75,1.0
4068,-100,-46.0,55.0,3.75,1.5
4069,-100,-46.0,55.0,3.75,2.0
4070,-100,-46.0,55.0,3.75,2.5
4071,-100,-46.0,55.0,3.75,3.0
4072,-100,-46.0,55.0,3.75,3.5
4073,-100,-46.0,55.0,3.75,4.0
4074,-100,-46.0,55.0,3.75,4.5
4075,-100,-46.0,55.0,3.75,5.0
4076,-100,-46.0,55.0,3.75,5.5
4077,-100,-46.0,55.0,3.75,6.0
4078,-100,-46.0,55.0,3.75,6.5
4079,-100,-46.0,55.0,3.75,7.0
4080,-100,-46.0,55.0,3.75,7.5
4081,-100,-46.0,55.0,3.75,8.0
4082,-100,-46.0,55.0,3.75,8.5
4083,-100,-46.0,55.0,3.75,9.0
4084,-100,-46.0,55.0,3.75,9.5
4085,-100,-46.0,55.0,3.75,10.0
4086,-100,-46.0,55.0,4.0,1.0
4087,-100,-46.0,55.0,4.0,1.5
4088,-100,-46.0,55.0,4.0,2.0
4089,-100,-46.0,55.0,4.0,2.5
4090,-100,-46.0,55.0,4.0,3.0
4091,-100,-46.0,55.0,4.0,3.5
4092,-100,-46.0,55.0,4.0,4.0
4093,-100,-46.0,55.0,4.0,4.5
4094,-100,-46.0,55.0,4.0,5.0
4095,-100,-46.0,55.0,4.0,5.5
4096,-100,-46.0,55.0,4.0,6.0
4097,-100,-46.0,55.0,4.0,6.5
4098,-100,-46.0,55.0,4.0,7.0
4099,-100,-46.0,55.0,4.0,7.5
4100,-100,-46.0,55.0,4.0,8.0
4101,-100,-46.0,55.0,4.0,8.5
4102,-100,-46.0,55.0,4.0,9.0
4103,-100,-46.0,55.0,4.0,9.5
4104,-100,-46.0,55.0,4.0,10.0
4105,-100,-44.0,25.0,2.0,1.0
4106,-100,-44.0,25.0,2.0,1.5
4107,-100,-44.0,25.0,2.0,2.0
4108,-100,-44.0,25.0,2.0,2.5
4109,-100,-44.0,25.0,2.0,3.0
4110,-100,-44.0,25.0,2.0,3.5
4111,-100,-44.0,25.0,2.0,4.0
4112,-100,-44.0,25.0,2.0,4.5
4113,-100,-44.0,25.0,2.0,5.0
4114,-100,-44.0,25.0,2.0,5.5
4115,-100,-44.0,25.0,2.0,6.0
4116,-100,-44.0,25.0,2.0,6.5
4117,-100,-44.0,25.0,2.0,7.0
4118,-100,-44.0,25.0,2.0,7.5
4119,-100,-44.0,25.0,2.0,8.0
4120,-100,-44.0,25.0,2.0,8.5
4121,-100,-44.0,25.0,2.0,9.0
4122,-100,-44.0,25.0,2.0,9.5
4123,-100,-44.0,25.0,2.0,10.0
4124,-100,-44.0,25.0,2.25,1.0
4125,-100,-44.0,25.0,2.25,1.5
4126,-100,-44.0,25.0,2.25,2.0
4127,-100,-44.0,25.0,2.25,2.5
4128,-100,-44.0,25.0,2.25,3.0
4129,-100,-44.0,25.0,2.25,3.5
4130,-100,-44.0,25.0,2.25,4.0
4131,-100,-44.0,25.0,2.25,4.5
4132,-100,-44.0,25.0,2.25,5.0
4133,-100,-44.0,25.0,2.25,5.5
4134,-100,-44.0,25.0,2.25,6.0
4135,-100,-44.0,25.0,2.25,6.5
4136,-100,-44.0,25.0,2.25,7.0
4137,-100,-44.0,25.0,2.25,7.5
4138,-100,-44.0,25.0,2.25,8.0
4139,-100,-44.0,25.0,2.25,8.5
4140,-100,-44.0,25.0,2.25,9.0
4141,-100,-44.0,25.0,2.25,9.5
4142,-100,-44.0,25.0,2.25,10.0
4143,-100,-44.0,25.0,2.5,1.0
4144,-100,-44.0,25.0,2.5,1.5
4145,-100,-44.0,25.0,2.5,2.0
4146,-100,-44.0,25.0,2.5,2.5
4147,-100,-44.0,25.0,2.5,3.0
4148,-100,-44.0,25.0,2.5,3.5
4149,-100,-44.0,25.0,2.5,4.0
4150,-100,-44.0,25.0,2.5,4.5
4151,-100,-44.0,25.0,2.5,5.0
4152,-100,-44.0,25.0,2.5,5.5
4153,-100,-44.0,25.0,2.5,6.0
4154,-100,-44.0,25.0,2.5,6.5
4155,-100,-44.0,25.0,2.5,7.0
4156,-100,-44.0,25.0,2.5,7.5
4157,-100,-44.0,25.0,2.5,8.0
4158,-100,-44.0,25.0,2.5,8.5
4159,-100,-44.0,25.0,2.5,9.0
4160,-100,-44.0,25.0,2.5,9.5
4161,-100,-44.0,25.0,2.5,10.0
4162,-100,-44.0,25.0,2.75,1.0
4163,-100,-44.0,25.0,2.75,1.5
4164,-100,-44.0,25.0,2.75,2.0
4165,-100,-44.0,25.0,2.75,2.5
4166,-100,-44.0,25.0,2.75,3.0
4167,-100,-44.0,25.0,2.75,3.5
4168,-100,-44.0,25.0,2.75,4.0
4169,-100,-44.0,25.0,2.75,4.5
4170,-100,-44.0,25.0,2.75,5.0
4171,-100,-44.0,25.0,2.75,5.5
4172,-100,-44.0,25.0,2.75,6.0
4173,-100,-44.0,25.0,2.75,6.5
4174,-100,-44.0,25.0,2.75,7.0
4175,-100,-44.0,25.0,2.75,7.5
4176,-100,-44.0,25.0,2.75,8.0
4177,-100,-44.0,25.0,2.75,8.5
4178,-100,-44.0,25.0,2.75,9.0
4179,-100,-44.0,25.0,2.75,9.5
4180,-100,-44.0,25.0,2.75,10.0
4181,-100,-44.0,25.0,3.0,1.0
4182,-100,-44.0,25.0,3.0,1.5
4183,-100,-44.0,25.0,3.0,2.0
4184,-100,-44.0,25.0,3.0,2.5
4185,-100,-44.0,25.0,3.0,3.0
4186,-100,-44.0,25.0,3.0,3.5
4187,-100,-44.0,25.0,3.0,4.0
4188,-100,-44.0,25.0,3.0,4.5
4189,-100,-44.0,25.0,3.0,5.0
4190,-100,-44.0,25.0,3.0,5.5
4191,-100,-44.0,25.0,3.0,6.0
4192,-100,-44.0,25.0,3.0,6.5
4193,-100,-44.0,25.0,3.0,7.0
4194,-100,-44.0,25.0,3.0,7.5
4195,-100,-44.0,25.0,3.0,8.0
4196,-100,-44.0,25.0,3.0,8.5
4197,-100,-44.0,25.0,3.0,9.0
4198,-100,-44.0,25.0,3.0,9.5
4199,-100,-44.0,25.0,3.0,10.0
4200,-100,-44.0,25.0,3.25,1.0
4201,-100,-44.0,25.0,3.25,1.5
4202,-100,-44.0,25.0,3.25,2.0
4203,-100,-44.0,25.0,3.25,2.5
4204,-100,-44.0,25.0,3.25,3.0
4205,-100,-44.0,25.0,3.25,3.5
4206,-100,-44.0,25.0,3.25,4.0
4207,-100,-44.0,25.0,3.25,4.5
4208,-100,-44.0,25.0,3.25,5.0
4209,-100,-44.0,25.0,3.25,5.5
4210,-100,-44.0,25.0,3.25,6.0
4211,-100,-44.0,25.0,3.25,6.5
4212,-100,-44.0,25.0,3.25,7.0
4213,-100,-44.0,25.0,3.25,7.5
4214,-100,-44.0,25.0,3.25,8.0
4215,-100,-44.0,25.0,3.25,8.5
4216,-100,-44.0,25.0,3.25,9.0
4217,-100,-44.0,25.0,3.25,9.5
4218,-100,-44.0,25.0,3.25,10.0
4219,-100,-44.0,25.0,3.5,1.0
4220,-100,-44.0,25.0,3.5,1.5
4221,-100,-44.0,25.0,3.5,2.0
4222,-100,-44.0,25.0,3.5,2.5
4223,-100,-44.0,25.0,3.5,3.0
4224,-100,-44.0,25.0,3.5,3.5
4225,-100,-44.0,25.0,3.5,4.0
4226,-100,-44.0,25.0,3.5,4.5
4227,-100,-44.0,25.0,3.5,5.0
4228,-100,-44.0,25.0,3.5,5.5
4229,-100,-44.0,25.0,3.5,6.0
4230,-100,-44.0,25.0,3.5,6.5
4231,-100,-44.0,25.0,3.5,7.0
4232,-100,-44.0,25.0,3.5,7.5
4233,-100,-44.0,25.0,3.5,8.0
4234,-100,-44.0,25.0,3.5,8.5
4235,-100,-44.0,25.0,3.5,9.0
4236,-100,-44.0,25.0,3.5,9.5
4237,-100,-44.0,25.0,3.5,10.0
4238,-100,-44.0,25.0,3.75,1.0
4239,-100,-44.0,25.0,3.75,1.5
4240,-100,-44.0,25.0,3.75,2.0
4241,-100,-44.0,25.0,3.75,2.5
4242,-100,-44.0,25.0,3.75,3.0
4243,-100,-44.0,25.0,3.75,3.5
4244,-100,-44.0,25.0,3.75,4.0
4245,-100,-44.0,25.0,3.75,4.5
4246,-100,-44.0,25.0,3.75,5.0
4247,-100,-44.0,25.0,3.75,5.5
4248,-100,-44.0,25.0,3.75,6.0
4249,-100,-44.0,25.0,3.75,6.5
4250,-100,-44.0,25.0,3.75,7.0
4251,-100,-44.0,25.0,3.75,7.5
4252,-100,-44.0,25.0,3.75,8.0
4253,-100,-44.0,25.0,3.75,8.5
4254,-100,-44.0,25.0,3.75,9.0
4255,-100,-44.0,25.0,3.75,9.5
4256,-100,-44.0,25.0,3.75,10.0
4257,-100,-44.0,25.0,4.0,1.0
4258,-100,-44.0,25.0,4.0,1.5
4259,-100,-44.0,25.0,4.0,2.0
4260,-100,-44.0,25.0,4.0,2.5
4261,-100,-44.0,25.0,4.0,3.0
4262,-100,-44.0,25.0,4.0,3.5
4263,-100,-44.0,25.0,4.0,4.0
4264,-100,-44.0,25.0,4.0,4.5
4265,-100,-44.0,25.0,4.0,5.0
4266,-100,-44.0,25.0,4.0,5.5
4267,-100,-44.0,25.0,4.0,6.0
4268,-100,-44.0,25.0,4.0,6.5
4269,-100,-44.0,25.0,4.0,7.0
4270,-100,-44.0,25.0,4.0,7.5
4271,-100,-44.0,25.0,4.0,8.0
4272,-100,-44.0,25.0,4.0,8.5
4273,-100,-44.0,25.0,4.0,9.0
4274,-100,-44.0,25.0,4.0,9.5
4275,-100,-44.0,25.0,4.0,10.0
4276,-100,-44.0,40.0,2.0,1.0
4277,-100,-44.0,40.0,2.0,1.5
4278,-100,-44.0,40.0,2.0,2.0
4279,-100,-44.0,40.0,2.0,2.5
4280,-100,-44.0,40.0,2.0,3.0
4281,-100,-44.0,40.0,2.0,3.5
4282,-100,-44.0,40.0,2.0,4.0
4283,-100,-44.0,40.0,2.0,4.5
4284,-100,-44.0,40.0,2.0,5.0
4285,-100,-44.0,40.0,2.0,5.5
4286,-100,-44.0,40.0,2.0,6.0
4287,-100,-44.0,40.0,2.0,6.5
4288,-100,-44.0,40.0,2.0,7.0
4289,-100,-44.0,40.0,2.0,7.5
4290,-100,-44.0,40.0,2.0,8.0
4291,-100,-44.0,40.0,2.0,8.5
4292,-100,-44.0,40.0,2.0,9.0
4293,-100,-44.0,40.0,2.0,9.5
4294,-100,-44.0,40.0,2.0,10.0
4295,-100,-44.0,40.0,2.25,1.0
4296,-100,-44.0,40.0,2.25,1.5
4297,-100,-44.0,40.0,2.25,2.0
4298,-100,-44.0,40.0,2.25,2.5
4299,-100,-44.0,40.0,2.25,3.0
4300,-100,-44.0,40.0,2.25,3.5
4301,-100,-44.0,40.0,2.25,4.0
4302,-100,-44.0,40.0,2.25,4.5
4303,-100,-44.0,40.0,2.25,5.0
4304,-100,-44.0,40.0,2.25,5.5
4305,-100,-44.0,40.0,2.25,6.0
4306,-100,-44.0,40.0,2.25,6.5
4307,-100,-44.0,40.0,2.25,7.0
4308,-100,-44.0,40.0,2.25,7.5
4309,-100,-44.0,40.0,2.25,8.0
4310,-100,-44.0,40.0,2.25,8.5
4311,-100,-44.0,40.0,2.25,9.0
4312,-100,-44.0,40.0,2.25,9.5
4313,-100,-44.0,40.0,2.25,10.0
4314,-100,-44.0,40.0,2.5,1.0
4315,-100,-44.0,40.0,2.5,1.5
4316,-100,-44.0,40.0,2.5,2.0
4317,-100,-44.0,40.0,2.5,2.5
4318,-100,-44.0,40.0,2.5,3.0
4319,-100,-44.0,40.0,2.5,3.5
4320,-100,-44.0,40.0,2.5,4.0
4321,-100,-44.0,40.0,2.5,4.5
4322,-100,-44.0,40.0,2.5,5.0
4323,-100,-44.0,40.0,2.5,5.5
4324,-100,-44.0,40.0,2.5,6.0
4325,-100,-44.0,40.0,2.5,6.5
4326,-100,-44.0,40.0,2.5,7.0
4327,-100,-44.0,40.0,2.5,7.5
4328,-100,-44.0,40.0,2.5,8.0
4329,-100,-44.0,40.0,2.5,8.5
4330,-100,-44.0,40.0,2.5,9.0
4331,-100,-44.0,40.0,2.5,9.5
4332,-100,-44.0,40.0,2.5,10.0
4333,-100,-44.0,40.0,2.75,1.0
4334,-100,-44.0,40.0,2.75,1.5
4335,-100,-44.0,40.0,2.75,2.0
4336,-100,-44.0,40.0,2.75,2.5
4337,-100,-44.0,40.0,2.75,3.0
4338,-100,-44.0,40.0,2.75,3.5
4339,-100,-44.0,40.0,2.75,4.0
4340,-100,-44.0,40.0,2.75,4.5
4341,-100,-44.0,40.0,2.75,5.0
4342,-100,-44.0,40.0,2.75,5.5
4343,-100,-44.0,40.0,2.75,6.0
4344,-100,-44.0,40.0,2.75,6.5
4345,-100,-44.0,40.0,2.75,7.0
4346,-100,-44.0,40.0,2.75,7.5
4347,-100,-44.0,40.0,2.75,8.0
4348,-100,-44.0,40.0,2.75,8.5
4349,-100,-44.0,40.0,2.75,9.0
4350,-100,-44.0,40.0,2.75,9.5
4351,-100,-44.0,40.0,2.75,10.0
4352,-100,-44.0,40.0,3.0,1.0
4353,-100,-44.0,40.0,3.0,1.5
4354,-100,-44.0,40.0,3.0,2.0
4355,-100,-44.0,40.0,3.0,2.5
4356,-100,-44.0,40.0,3.0,3.0
4357,-100,-44.0,40.0,3.0,3.5
4358,-100,-44.0,40.0,3.0,4.0
4359,-100,-44.0,40.0,3.0,4.5
4360,-100,-44.0,40.0,3.0,5.0
4361,-100,-44.0,40.0,3.0,5.5
4362,-100,-44.0,40.0,3.0,6.0
4363,-100,-44.0,40.0,3.0,6.5
4364,-100,-44.0,40.0,3.0,7.0
4365,-100,-44.0,40.0,3.0,7.5
4366,-100,-44.0,40.0,3.0,8.0
4367,-100,-44.0,40.0,3.0,8.5
4368,-100,-44.0,40.0,3.0,9.0
4369,-100,-44.0,40.0,3.0,9.5
4370,-100,-44.0,40.0,3.0,10.0
4371,-100,-44.0,40.0,3.25,1.0
4372,-100,-44.0,40.0,3.25,1.5
4373,-100,-44.0,40.0,3.25,2.0
4374,-100,-44.0,40.0,3.25,2.5
4375,-100,-44.0,40.0,3.25,3.0
4376,-100,-44.0,40.0,3.25,3.5
4377,-100,-44.0,40.0,3.25,4.0
4378,-100,-44.0,40.0,3.25,4.5
4379,-100,-44.0,40.0,3.25,5.0
4380,-100,-44.0,40.0,3.25,5.5
4381,-100,-44.0,40.0,3.25,6.0
4382,-100,-44.0,40.0,3.25,6.5
4383,-100,-44.0,40.0,3.25,7.0
4384,-100,-44.0,40.0,3.25,7.5
4385,-100,-44.0,40.0,3.25,8.0
4386,-100,-44.0,40.0,3.25,8.5
4387,-100,-44.0,40.0,3.25,9.0
4388,-100,-44.0,40.0,3.25,9.5
4389,-100,-44.0,40.0,3.25,10.0
4390,-100,-44.0,40.0,3.5,1.0
4391,-100,-44.0,40.0,3.5,1.5
4392,-100,-44.0,40.0,3.5,2.0
4393,-100,-44.0,40.0,3.5,2.5
4394,-100,-44.0,40.0,3.5,3.0
4395,-100,-44.0,40.0,3.5,3.5
4396,-100,-44.0,40.0,3.5,4.0
4397,-100,-44.0,40.0,3.5,4.5
4398,-100,-44.0,40.0,3.5,5.0
4399,-100,-44.0,40.0,3.5,5.5
4400,-100,-44.0,40.0,3.5,6.0
4401,-100,-44.0,40.0,3.5,6.5
4402,-100,-44.0,40.0,3.5,7.0
4403,-100,-44.0,40.0,3.5,7.5
4404,-100,-44.0,40.0,3.5,8.0
4405,-100,-44.0,40.0,3.5,8.5
4406,-100,-44.0,40.0,3.5,9.0
4407,-100,-44.0,40.0,3.5,9.5
4408,-100,-44.0,40.0,3.5,10.0
4409,-100,-44.0,40.0,3.75,1.0
4410,-100,-44.0,40.0,3.75,1.5
4411,-100,-44.0,40.0,3.75,2.0
4412,-100,-44.0,40.0,3.75,2.5
4413,-100,-44.0,40.0,3.75,3.0
4414,-100,-44.0,40.0,3.75,3.5
4415,-100,-44.0,40.0,3.75,4.0
4416,-100,-44.0,40.0,3.75,4.5
4417,-100,-44.0,40.0,3.75,5.0
4418,-100,-44.0,40.0,3.75,5.5
4419,-100,-44.0,40.0,3.75,6.0
4420,-100,-44.0,40.0,3.75,6.5
4421,-100,-44.0,40.0,3.75,7.0
4422,-100,-44.0,40.0,3.75,7.5
4423,-100,-44.0,40.0,3.75,8.0
4424,-100,-44.0,40.0,3.75,8.5
4425,-100,-44.0,40.0,3.75,9.0
4426,-100,-44.0,40.0,3.75,9.5
4427,-100,-44.0,40.0,3.75,10.0
4428,-100,-44.0,40.0,4.0,1.0
4429,-100,-44.0,40.0,4.0,1.5
4430,-100,-44.0,40.0,4.0,2.0
4431,-100,-44.0,40.0,4.0,2.5
4432,-100,-44.0,40.0,4.0,3.0
4433,-100,-44.0,40.0,4.0,3.5
4434,-100,-44.0,40.0,4.0,4.0
4435,-100,-44.0,40.0,4.0,4.5
4436,-100,-44.0,40.0,4.0,5.0
4437,-100,-44.0,40.0,4.0,5.5
4438,-100,-44.0,40.0,4.0,6.0
4439,-100,-44.0,40.0,4.0,6.5
4440,-100,-44.0,40.0,4.0,7.0
4441,-100,-44.0,40.0,4.0,7.5
4442,-100,-44.0,40.0,4.0,8.0
4443,-100,-44.0,40.0,4.0,8.5
4444,-100,-44.0,40.0,4.0,9.0
4445,-100,-44.0,40.0,4.0,9.5
4446,-100,-44.0,40.0,4.0,10.0
4447,-100,-44.0,55.0,2.0,1.0
4448,-100,-44.0,55.0,2.0,1.5
4449,-100,-44.0,55.0,2.0,2.0
4450,-100,-44.0,55.0,2.0,2.5
4451,-100,-44.0,55.0,2.0,3.0
4452,-100,-44.0,55.0,2.0,3.5
4453,-100,-44.0,55.0,2.0,4.0
4454,-100,-44.0,55.0,2.0,4.5
4455,-100,-44.0,55.0,2.0,5.0
4456,-100,-44.0,55.0,2.0,5.5
4457,-100,-44.0,55.0,2.0,6.0
4458,-100,-44.0,55.0,2.0,6.5
4459,-100,-44.0,55.0,2.0,7.0
4460,-100,-44.0,55.0,2.0,7.5
4461,-100,-44.0,55.0,2.0,8.0
4462,-100,-44.0,55.0,2.0,8.5
4463,-100,-44.0,55.0,2.0,9.0
4464,-100,-44.0,55.0,2.0,9.5
4465,-100,-44.0,55.0,2.0,10.0
4466,-100,-44.0,55.0,2.25,1.0
4467,-100,-44.0,55.0,2.25,1.5
4468,-100,-44.0,55.0,2.25,2.0
4469,-100,-44.0,55.0,2.25,2.5
4470,-100,-44.0,55.0,2.25,3.0
4471,-100,-44.0,55.0,2.25,3.5
4472,-100,-44.0,55.0,2.25,4.0
4473,-100,-44.0,55.0,2.25,4.5
4474,-100,-44.0,55.0,2.25,5.0
4475,-100,-44.0,55.0,2.25,5.5
4476,-100,-44.0,55.0,2.25,6.0
4477,-100,-44.0,55.0,2.25,6.5
4478,-100,-44.0,55.0,2.25,7.0
4479,-100,-44.0,55.0,2.25,7.5
4480,-100,-44.0,55.0,2.25,8.0
4481,-100,-44.0,55.0,2.25,8.5
4482,-100,-44.0,55.0,2.25,9.0
4483,-100,-44.0,55.0,2.25,9.5
4484,-100,-44.0,55.0,2.25,10.0
4485,-100,-44.0,55.0,2.5,1.0
4486,-100,-44.0,55.0,2.5,1.5
4487,-100,-44.0,55.0,2.5,2.0
4488,-100,-44.0,55.0,2.5,2.5
4489,-100,-44.0,55.0,2.5,3.0
4490,-100,-44.0,55.0,2.5,3.5
4491,-100,-44.0,55.0,2.5,4.0
4492,-100,-44.0,55.0,2.5,4.5
4493,-100,-44.0,55.0,2.5,5.0
4494,-100,-44.0,55.0,2.5,5.5
4495,-100,-44.0,55.0,2.5,6.0
4496,-100,-44.0,55.0,2.5,6.5
4497,-100,-44.0,55.0,2.5,7.0
4498,-100,-44.0,55.0,2.5,7.5
4499,-100,-44.0,55.0,2.5,8.0
4500,-100,-44.0,55.0,2.5,8.5
4501,-100,-44.0,55.0,2.5,9.0
4502,-100,-44.0,55.0,2.5,9.5
4503,-100,-44.0,55.0,2.5,10.0
4504,-100,-44.0,55.0,2.75,1.0
4505,-100,-44.0,55.0,2.75,1.5
4506,-100,-44.0,55.0,2.75,2.0
4507,-100,-44.0,55.0,2.75,2.5
4508,-100,-44.0,55.0,2.75,3.0
4509,-100,-44.0,55.0,2.75,3.5
4510,-100,-44.0,55.0,2.75,4.0
4511,-100,-44.0,55.0,2.75,4.5
4512,-100,-44.0,55.0,2.75,5.0
4513,-100,-44.0,55.0,2.75,5.5
4514,-100,-44.0,55.0,2.75,6.0
4515,-100,-44.0,55.0,2.75,6.5
4516,-100,-44.0,55.0,2.75,7.0
4517,-100,-44.0,55.0,2.75,7.5
4518,-100,-44.0,55.0,2.75,8.0
4519,-100,-44.0,55.0,2.75,8.5
4520,-100,-44.0,55.0,2.75,9.0
4521,-100,-44.0,55.0,2.75,9.5
4522,-100,-44.0,55.0,2.75,10.0
4523,-100,-44.0,55.0,3.0,1.0
4524,-100,-44.0,55.0,3.0,1.5
4525,-100,-44.0,55.0,3.0,2.0
4526,-100,-44.0,55.0,3.0,2.5
4527,-100,-44.0,55.0,3.0,3.0
4528,-100,-44.0,55.0,3.0,3.5
4529,-100,-44.0,55.0,3.0,4.0
4530,-100,-44.0,55.0,3.0,4.5
4531,-100,-44.0,55.0,3.0,5.0
4532,-100,-44.0,55.0,3.0,5.5
4533,-100,-44.0,55.0,3.0,6.0
4534,-100,-44.0,55.0,3.0,6.5
4535,-100,-44.0,55.0,3.0,7.0
4536,-100,-44.0,55.0,3.0,7.5
4537,-100,-44.0,55.0,3.0,8.0
4538,-100,-44.0,55.0,3.0,8.5
4539,-100,-44.0,55.0,3.0,9.0
4540,-100,-44.0,55.0,3.0,9.5
4541,-100,-44.0,55.0,3.0,10.0
4542,-100,-44.0,55.0,3.25,1.0
4543,-100,-44.0,55.0,3.25,1.5
4544,-100,-44.0,55.0,3.25,2.0
4545,-100,-44.0,55.0,3.25,2.5
4546,-100,-44.0,55.0,3.25,3.0
4547,-100,-44.0,55.0,3.25,3.5
4548,-100,-44.0,55.0,3.25,4.0
4549,-100,-44.0,55.0,3.25,4.5
4550,-100,-44.0,55.0,3.25,5.0
4551,-100,-44.0,55.0,3.25,5.5
4552,-100,-44.0,55.0,3.25,6.0
4553,-100,-44.0,55.0,3.25,6.5
4554,-100,-44.0,55.0,3.25,7.0
4555,-100,-44.0,55.0,3.25,7.5
4556,-100,-44.0,55.0,3.25,8.0
4557,-100,-44.0,55.0,3.25,8.5
4558,-100,-44.0,55.0,3.25,9.0
4559,-100,-44.0,55.0,3.25,9.5
4560,-100,-44.0,55.0,3.25,10.0
4561,-100,-44.0,55.0,3.5,1.0
4562,-100,-44.0,55.0,3.5,1.5
4563,-100,-44.0,55.0,3.5,2.0
4564,-100,-44.0,55.0,3.5,2.5
4565,-100,-44.0,55.0,3.5,3.0
4566,-100,-44.0,55.0,3.5,3.5
4567,-100,-44.0,55.0,3.5,4.0
4568,-100,-44.0,55.0,3.5,4.5
4569,-100,-44.0,55.0,3.5,5.0
4570,-100,-44.0,55.0,3.5,5.5
4571,-100,-44.0,55.0,3.5,6.0
4572,-100,-44.0,55.0,3.5,6.5
4573,-100,-44.0,55.0,3.5,7.0
4574,-100,-44.0,55.0,3.5,7.5
4575,-100,-44.0,55.0,3.5,8.0
4576,-100,-44.0,55.0,3.5,8.5
4577,-100,-44.0,55.0,3.5,9.0
4578,-100,-44.0,55.0,3.5,9.5
4579,-100,-44.0,55.0,3.5,10.0
4580,-100,-44.0,55.0,3.75,1.0
4581,-100,-44.0,55.0,3.75,1.5
4582,-100,-44.0,55.0,3.75,2.0
4583,-100,-44.0,55.0,3.75,2.5
4584,-100,-44.0,55.0,3.75,3.0
4585,-100,-44.0,55.0,3.75,3.5
4586,-100,-44.0,55.0,3.75,4.0
4587,-100,-44.0,55.0,3.75,4.5
4588,-100,-44.0,55.0,3.75,5.0
4589,-100,-44.0,55.0,3.75,5.5
4590,-100,-44.0,55.0,3.75,6.0
4591,-100,-44.0,55.0,3.75,6.5
4592,-100,-44.0,55.0,3.75,7.0
4593,-100,-44.0,55.0,3.75,7.5
4594,-100,-44.0,55.0,3.75,8.0
4595,-100,-44.0,55.0,3.75,8.5
4596,-100,-44.0,55.0,3.75,9.0
4597,-100,-44.0,55.0,3.75,9.5
4598,-100,-44.0,55.0,3.75,10.0
4599,-100,-44.0,55.0,4.0,1.0
4600,-100,-44.0,55.0,4.0,1.5
4601,-100,-44.0,55.0,4.0,2.0
4602,-100,-44.0,55.0,4.0,2.5
4603,-100,-44.0,55.0,4.0,3.0
4604,-100,-44.0,55.0,4.0,3.5
4605,-100,-44.0,55.0,4.0,4.0
4606,-100,-44.0,55.0,4.0,4.5
4607,-100,-44.0,55.0,4.0,5.0
4608,-100,-44.0,55.0,4.0,5.5
4609,-100,-44.0,55.0,4.0,6.0
4610,-100,-44.0,55.0,4.0,6.5
4611,-100,-44.0,55.0,4.0,7.0
4612,-100,-44.0,55.0,4.0,7.5
4613,-100,-44.0,55.0,4.0,8.0
4614,-100,-44.0,55.0,4.0,8.5
4615,-100,-44.0,55.0,4.0,9.0
4616,-100,-44.0,55.0,4.0,9.5
4617,-100,-44.0,55.0,4.0,10.0
4618,-100,-42.0,25.0,2.0,1.0
4619,-100,-42.0,25.0,2.0,1.5
4620,-100,-42.0,25.0,2.0,2.0
4621,-100,-42.0,25.0,2.0,2.5
4622,-100,-42.0,25.0,2.0,3.0
4623,-100,-42.0,25.0,2.0,3.5
4624,-100,-42.0,25.0,2.0,4.0
4625,-100,-42.0,25.0,2.0,4.5
4626,-100,-42.0,25.0,2.0,5.0
4627,-100,-42.0,25.0,2.0,5.5
4628,-100,-42.0,25.0,2.0,6.0
4629,-100,-42.0,25.0,2.0,6.5
4630,-100,-42.0,25.0,2.0,7.0
4631,-100,-42.0,25.0,2.0,7.5
4632,-100,-42.0,25.0,2.0,8.0
4633,-100,-42.0,25.0,2.0,8.5
4634,-100,-42.0,25.0,2.0,9.0
4635,-100,-42.0,25.0,2.0,9.5
4636,-100,-42.0,25.0,2.0,10.0
4637,-100,-42.0,25.0,2.25,1.0
4638,-100,-42.0,25.0,2.25,1.5
4639,-100,-42.0,25.0,2.25,2.0
4640,-100,-42.0,25.0,2.25,2.5
4641,-100,-42.0,25.0,2.25,3.0
4642,-100,-42.0,25.0,2.25,3.5
4643,-100,-42.0,25.0,2.25,4.0
4644,-100,-42.0,25.0,2.25,4.5
4645,-100,-42.0,25.0,2.25,5.0
4646,-100,-42.0,25.0,2.25,5.5
4647,-100,-42.0,25.0,2.25,6.0
4648,-100,-42.0,25.0,2.25,6.5
4649,-100,-42.0,25.0,2.25,7.0
4650,-100,-42.0,25.0,2.25,7.5
4651,-100,-42.0,25.0,2.25,8.0
4652,-100,-42.0,25.0,2.25,8.5
4653,-100,-42.0,25.0,2.25,9.0
4654,-100,-42.0,25.0,2.25,9.5
4655,-100,-42.0,25.0,2.25,10.0
4656,-100,-42.0,25.0,2.5,1.0
4657,-100,-42.0,25.0,2.5,1.5
4658,-100,-42.0,25.0,2.5,2.0
4659,-100,-42.0,25.0,2.5,2.5
4660,-100,-42.0,25.0,2.5,3.0
4661,-100,-42.0,25.0,2.5,3.5
4662,-100,-42.0,25.0,2.5,4.0
4663,-100,-42.0,25.0,2.5,4.5
4664,-100,-42.0,25.0,2.5,5.0
4665,-100,-42.0,25.0,2.5,5.5
4666,-100,-42.0,25.0,2.5,6.0
4667,-100,-42.0,25.0,2.5,6.5
4668,-100,-42.0,25.0,2.5,7.0
4669,-100,-42.0,25.0,2.5,7.5
4670,-100,-42.0,25.0,2.5,8.0
4671,-100,-42.0,25.0,2.5,8.5
4672,-100,-42.0,25.0,2.5,9.0
4673,-100,-42.0,25.0,2.5,9.5
4674,-100,-42.0,25.0,2.5,10.0
4675,-100,-42.0,25.0,2.75,1.0
4676,-100,-42.0,25.0,2.75,1.5
4677,-100,-42.0,25.0,2.75,2.0
4678,-100,-42.0,25.0,2.75,2.5
4679,-100,-42.0,25.0,2.75,3.0
4680,-100,-42.0,25.0,2.75,3.5
4681,-100,-42.0,25.0,2.75,4.0
4682,-100,-42.0,25.0,2.75,4.5
4683,-100,-42.0,25.0,2.75,5.0
4684,-100,-42.0,25.0,2.75,5.5
4685,-100,-42.0,25.0,2.75,6.0
4686,-100,-42.0,25.0,2.75,6.5
4687,-100,-42.0,25.0,2.75,7.0
4688,-100,-42.0,25.0,2.75,7.5
4689,-100,-42.0,25.0,2.75,8.0
4690,-100,-42.0,25.0,2.75,8.5
4691,-100,-42.0,25.0,2.75,9.0
4692,-100,-42.0,25.0,2.75,9.5
4693,-100,-42.0,25.0,2.75,10.0
4694,-100,-42.0,25.0,3.0,1.0
4695,-100,-42.0,25.0,3.0,1.5
4696,-100,-42.0,25.0,3.0,2.0
4697,-100,-42.0,25.0,3.0,2.5
4698,-100,-42.0,25.0,3.0,3.0
4699,-100,-42.0,25.0,3.0,3.5
4700,-100,-42.0,25.0,3.0,4.0
4701,-100,-42.0,25.0,3.0,4.5
4702,-100,-42.0,25.0,3.0,5.0
4703,-100,-42.0,25.0,3.0,5.5
4704,-100,-42.0,25.0,3.0,6.0
4705,-100,-42.0,25.0,3.0,6.5
4706,-100,-42.0,25.0,3.0,7.0
4707,-100,-42.0,25.0,3.0,7.5
4708,-100,-42.0,25.0,3.0,8.0
4709,-100,-42.0,25.0,3.0,8.5
4710,-100,-42.0,25.0,3.0,9.0
4711,-100,-42.0,25.0,3.0,9.5
4712,-100,-42.0,25.0,3.0,10.0
4713,-100,-42.0,25.0,3.25,1.0
4714,-100,-42.0,25.0,3.25,1.5
4715,-100,-42.0,25.0,3.25,2.0
4716,-100,-42.0,25.0,3.25,2.5
4717,-100,-42.0,25.0,3.25,3.0
4718,-100,-42.0,25.0,3.25,3.5
4719,-100,-42.0,25.0,3.25,4.0
4720,-100,-42.0,25.0,3.25,4.5
4721,-100,-42.0,25.0,3.25,5.0
4722,-100,-42.0,25.0,3.25,5.5
4723,-100,-42.0,25.0,3.25,6.0
4724,-100,-42.0,25.0,3.25,6.5
4725,-100,-42.0,25.0,3.25,7.0
4726,-100,-42.0,25.0,3.25,7.5
4727,-100,-42.0,25.0,3.25,8.0
4728,-100,-42.0,25.0,3.25,8.5
4729,-100,-42.0,25.0,3.25,9.0
4730,-100,-42.0,25.0,3.25,9.5
4731,-100,-42.0,25.0,3.25,10.0
4732,-100,-42.0,25.0,3.5,1.0
4733,-100,-42.0,25.0,3.5,1.5
4734,-100,-42.0,25.0,3.5,2.0
4735,-100,-42.0,25.0,3.5,2.5
4736,-100,-42.0,25.0,3.5,3.0
4737,-100,-42.0,25.0,3.5,3.5
4738,-100,-42.0,25.0,3.5,4.0
4739,-100,-42.0,25.0,3.5,4.5
4740,-100,-42.0,25.0,3.5,5.0
4741,-100,-42.0,25.0,3.5,5.5
4742,-100,-42.0,25.0,3.5,6.0
4743,-100,-42.0,25.0,3.5,6.5
4744,-100,-42.0,25.0,3.5,7.0
4745,-100,-42.0,25.0,3.5,7.5
4746,-100,-42.0,25.0,3.5,8.0
4747,-100,-42.0,25.0,3.5,8.5
4748,-100,-42.0,25.0,3.5,9.0
4749,-100,-42.0,25.0,3.5,9.5
4750,-100,-42.0,25.0,3.5,10.0
4751,-100,-42.0,25.0,3.75,1.0
4752,-100,-42.0,25.0,3.75,1.5
4753,-100,-42.0,25.0,3.75,2.0
4754,-100,-42.0,25.0,3.75,2.5
4755,-100,-42.0,25.0,3.75,3.0
4756,-100,-42.0,25.0,3.75,3.5
4757,-100,-42.0,25.0,3.75,4.0
4758,-100,-42.0,25.0,3.75,4.5
4759,-100,-42.0,25.0,3.75,5.0
4760,-100,-42.0,25.0,3.75,5.5
4761,-100,-42.0,25.0,3.75,6.0
4762,-100,-42.0,25.0,3.75,6.5
4763,-100,-42.0,25.0,3.75,7.0
4764,-100,-42.0,25.0,3.75,7.5
4765,-100,-42.0,25.0,3.75,8.0
4766,-100,-42.0,25.0,3.75,8.5
4767,-100,-42.0,25.0,3.75,9.0
4768,-100,-42.0,25.0,3.75,9.5
4769,-100,-42.0,25.0,3.75,10.0
4770,-100,-42.0,25.0,4.0,1.0
4771,-100,-42.0,25.0,4.0,1.5
4772,-100,-42.0,25.0,4.0,2.0
4773,-100,-42.0,25.0,4.0,2.5
4774,-100,-42.0,25.0,4.0,3.0
4775,-100,-42.0,25.0,4.0,3.5
4776,-100,-42.0,25.0,4.0,4.0
4777,-100,-42.0,25.0,4.0,4.5
4778,-100,-42.0,25.0,4.0,5.0
4779,-100,-42.0,25.0,4.0,5.5
4780,-100,-42.0,25.0,4.0,6.0
4781,-100,-42.0,25.0,4.0,6.5
4782,-100,-42.0,25.0,4.0,7.0
4783,-100,-42.0,25.0,4.0,7.5
4784,-100,-42.0,25.0,4.0,8.0
4785,-100,-42.0,25.0,4.0,8.5
4786,-100,-42.0,25.0,4.0,9.0
4787,-100,-42.0,25.0,4.0,9.5
4788,-100,-42.0,25.0,4.0,10.0
4789,-100,-42.0,40.0,2.0,1.0
4790,-100,-42.0,40.0,2.0,1.5
4791,-100,-42.0,40.0,2.0,2.0
4792,-100,-42.0,40.0,2.0,2.5
4793,-100,-42.0,40.0,2.0,3.0
4794,-100,-42.0,40.0,2.0,3.5
4795,-100,-42.0,40.0,2.0,4.0
4796,-100,-42.0,40.0,2.0,4.5
4797,-100,-42.0,40.0,2.0,5.0
4798,-100,-42.0,40.0,2.0,5.5
4799,-100,-42.0,40.0,2.0,6.0
4800,-100,-42.0,40.0,2.0,6.5
4801,-100,-42.0,40.0,2.0,7.0
4802,-100,-42.0,40.0,2.0,7.5
4803,-100,-42.0,40.0,2.0,8.0
4804,-100,-42.0,40.0,2.0,8.5
4805,-100,-42.0,40.0,2.0,9.0
4806,-100,-42.0,40.0,2.0,9.5
4807,-100,-42.0,40.0,2.0,10.0
4808,-100,-42.0,40.0,2.25,1.0
4809,-100,-42.0,40.0,2.25,1.5
4810,-100,-42.0,40.0,2.25,2.0
4811,-100,-42.0,40.0,2.25,2.5
4812,-100,-42.0,40.0,2.25,3.0
4813,-100,-42.0,40.0,2.25,3.5
4814,-100,-42.0,40.0,2.25,4.0
4815,-100,-42.0,40.0,2.25,4.5
4816,-100,-42.0,40.0,2.25,5.0
4817,-100,-42.0,40.0,2.25,5.5
4818,-100,-42.0,40.0,2.25,6.0
4819,-100,-42.0,40.0,2.25,6.5
4820,-100,-42.0,40.0,2.25,7.0
4821,-100,-42.0,40.0,2.25,7.5
4822,-100,-42.0,40.0,2.25,8.0
4823,-100,-42.0,40.0,2.25,8.5
4824,-100,-42.0,40.0,2.25,9.0
4825,-100,-42.0,40.0,2.25,9.5
4826,-100,-42.0,40.0,2.25,10.0
4827,-100,-42.0,40.0,2.5,1.0
4828,-100,-42.0,40.0,2.5,1.5
4829,-100,-42.0,40.0,2.5,2.0
4830,-100,-42.0,40.0,2.5,2.5
4831,-100,-42.0,40.0,2.5,3.0
4832,-100,-42.0,40.0,2.5,3.5
4833,-100,-42.0,40.0,2.5,4.0
4834,-100,-42.0,40.0,2.5,4.5
4835,-100,-42.0,40.0,2.5,5.0
4836,-100,-42.0,40.0,2.5,5.5
4837,-100,-42.0,40.0,2.5,6.0
4838,-100,-42.0,40.0,2.5,6.5
4839,-100,-42.0,40.0,2.5,7.0
4840,-100,-42.0,40.0,2.5,7.5
4841,-100,-42.0,40.0,2.5,8.0
4842,-100,-42.0,40.0,2.5,8.5
4843,-100,-42.0,40.0,2.5,9.0
4844,-100,-42.0,40.0,2.5,9.5
4845,-100,-42.0,40.0,2.5,10.0
4846,-100,-42.0,40.0,2.75,1.0
4847,-100,-42.0,40.0,2.75,1.5
4848,-100,-42.0,40.0,2.75,2.0
4849,-100,-42.0,40.0,2.75,2.5
4850,-100,-42.0,40.0,2.75,3.0
4851,-100,-42.0,40.0,2.75,3.5
4852,-100,-42.0,40.0,2.75,4.0
4853,-100,-42.0,40.0,2.75,4.5
4854,-100,-42.0,40.0,2.75,5.0
4855,-100,-42.0,40.0,2.75,5.5
4856,-100,-42.0,40.0,2.75,6.0
4857,-100,-42.0,40.0,2.75,6.5
4858,-100,-42.0,40.0,2.75,7.0
4859,-100,-42.0,40.0,2.75,7.5
4860,-100,-42.0,40.0,2.75,8.0
4861,-100,-42.0,40.0,2.75,8.5
4862,-100,-42.0,40.0,2.75,9.0
4863,-100,-42.0,40.0,2.75,9.5
4864,-100,-42.0,40.0,2.75,10.0
4865,-100,-42.0,40.0,3.0,1.0
4866,-100,-42.0,40.0,3.0,1.5
4867,-100,-42.0,40.0,3.0,2.0
4868,-100,-42.0,40.0,3.0,2.5
4869,-100,-42.0,40.0,3.0,3.0
4870,-100,-42.0,40.0,3.0,3.5
4871,-100,-42.0,40.0,3.0,4.0
4872,-100,-42.0,40.0,3.0,4.5
4873,-100,-42.0,40.0,3.0,5.0
4874,-100,-42.0,40.0,3.0,5.5
4875,-100,-42.0,40.0,3.0,6.0
4876,-100,-42.0,40.0,3.0,6.5
4877,-100,-42.0,40.0,3.0,7.0
4878,-100,-42.0,40.0,3.0,7.5
4879,-100,-42.0,40.0,3.0,8.0
4880,-100,-42.0,40.0,3.0,8.5
4881,-100,-42.0,40.0,3.0,9.0
4882,-100,-42.0,40.0,3.0,9.5
4883,-100,-42.0,40.0,3.0,10.0
4884,-100,-42.0,40.0,3.25,1.0
4885,-100,-42.0,40.0,3.25,1.5
4886,-100,-42.0,40.0,3.25,2.0
4887,-100,-42.0,40.0,3.25,2.5
4888,-100,-42.0,40.0,3.25,3.0
4889,-100,-42.0,40.0,3.25,3.5
4890,-100,-42.0,40.0,3.25,4.0
4891,-100,-42.0,40.0,3.25,4.5
4892,-100,-42.0,40.0,3.25,5.0
4893,-100,-42.0,40.0,3.25,5.5
4894,-100,-42.0,40.0,3.25,6.0
4895,-100,-42.0,40.0,3.25,6.5
4896,-100,-42.0,40.0,3.25,7.0
4897,-100,-42.0,40.0,3.25,7.5
4898,-100,-42.0,40.0,3.25,8.0
4899,-100,-42.0,40.0,3.25,8.5
4900,-100,-42.0,40.0,3.25,9.0
4901,-100,-42.0,40.0,3.25,9.5
4902,-100,-42.0,40.0,3.25,10.0
4903,-100,-42.0,40.0,3.5,1.0
4904,-100,-42.0,40.0,3.5,1.5
4905,-100,-42.0,40.0,3.5,2.0
4906,-100,-42.0,40.0,3.5,2.5
4907,-100,-42.0,40.0,3.5,3.0
4908,-100,-42.0,40.0,3.5,3.5
4909,-100,-42.0,40.0,3.5,4.0
4910,-100,-42.0,40.0,3.5,4.5
4911,-100,-42.0,40.0,3.5,5.0
4912,-100,-42.0,40.0,3.5,5.5
4913,-100,-42.0,40.0,3.5,6.0
4914,-100,-42.0,40.0,3.5,6.5
4915,-100,-42.0,40.0,3.5,7.0
4916,-100,-42.0,40.0,3.5,7.5
4917,-100,-42.0,40.0,3.5,8.0
4918,-100,-42.0,40.0,3.5,8.5
4919,-100,-42.0,40.0,3.5,9.0
4920,-100,-42.0,40.0,3.5,9.5
4921,-100,-42.0,40.0,3.5,10.0
4922,-100,-42.0,40.0,3.75,1.0
4923,-100,-42.0,40.0,3.75,1.5
4924,-100,-42.0,40.0,3.75,2.0
4925,-100,-42.0,40.0,3.75,2.5
4926,-100,-42.0,40.0,3.75,3.0
4927,-100,-42.0,40.0,3.75,3.5
4928,-100,-42.0,40.0,3.75,4.0
4929,-100,-42.0,40.0,3.75,4.5
4930,-100,-42.0,40.0,3.75,5.0
4931,-100,-42.0,40.0,3.75,5.5
4932,-100,-42.0,40.0,3.75,6.0
4933,-100,-42.0,40.0,3.75,6.5
4934,-100,-42.0,40.0,3.75,7.0
4935,-100,-42.0,40.0,3.75,7.5
4936,-100,-42.0,40.0,3.75,8.0
4937,-100,-42.0,40.0,3.75,8.5
4938,-100,-42.0,40.0,3.75,9.0
4939,-100,-42.0,40.0,3.75,9.5
4940,-100,-42.0,40.0,3.75,10.0
4941,-100,-42.0,40.0,4.0,1.0
4942,-100,-42.0,40.0,4.0,1.5
4943,-100,-42.0,40.0,4.0,2.0
4944,-100,-42.0,40.0,4.0,2.5
4945,-100,-42.0,40.0,4.0,3.0
4946,-100,-42.0,40.0,4.0,3.5
4947,-100,-42.0,40.0,4.0,4.0
4948,-100,-42.0,40.0,4.0,4.5
4949,-100,-42.0,40.0,4.0,5.0
4950,-100,-42.0,40.0,4.0,5.5
4951,-100,-42.0,40.0,4.0,6.0
4952,-100,-42.0,40.0,4.0,6.5
4953,-100,-42.0,40.0,4.0,7.0
4954,-100,-42.0,40.0,4.0,7.5
4955,-100,-42.0,40.0,4.0,8.0
4956,-100,-42.0,40.0,4.0,8.5
4957,-100,-42.0,40.0,4.0,9.0
4958,-100,-42.0,40.0,4.0,9.5
4959,-100,-42.0,40.0,4.0,10.0
4960,-100,-42.0,55.0,2.0,1.0
4961,-100,-42.0,55.0,2.0,1.5
4962,-100,-42.0,55.0,2.0,2.0
4963,-100,-42.0,55.0,2.0,2.5
4964,-100,-42.0,55.0,2.0,3.0
4965,-100,-42.0,55.0,2.0,3.5
4966,-100,-42.0,55.0,2.0,4.0
4967,-100,-42.0,55.0,2.0,4.5
4968,-100,-42.0,55.0,2.0,5.0
4969,-100,-42.0,55.0,2.0,5.5
4970,-100,-42.0,55.0,2.0,6.0
4971,-100,-42.0,55.0,2.0,6.5
4972,-100,-42.0,55.0,2.0,7.0
4973,-100,-42.0,55.0,2.0,7.5
4974,-100,-42.0,55.0,2.0,8.0
4975,-100,-42.0,55.0,2.0,8.5
4976,-100,-42.0,55.0,2.0,9.0
4977,-100,-42.0,55.0,2.0,9.5
4978,-100,-42.0,55.0,2.0,10.0
4979,-100,-42.0,55.0,2.25,1.0
4980,-100,-42.0,55.0,2.25,1.5
4981,-100,-42.0,55.0,2.25,2.0
4982,-100,-42.0,55.0,2.25,2.5
4983,-100,-42.0,55.0,2.25,3.0
4984,-100,-42.0,55.0,2.25,3.5
4985,-100,-42.0,55.0,2.25,4.0
4986,-100,-42.0,55.0,2.25,4.5
4987,-100,-42.0,55.0,2.25,5.0
4988,-100,-42.0,55.0,2.25,5.5
4989,-100,-42.0,55.0,2.25,6.0
4990,-100,-42.0,55.0,2.25,6.5
4991,-100,-42.0,55.0,2.25,7.0
4992,-100,-42.0,55.0,2.25,7.5
4993,-100,-42.0,55.0,2.25,8.0
4994,-100,-42.0,55.0,2.25,8.5
4995,-100,-42.0,55.0,2.25,9.0
4996,-100,-42.0,55.0,2.25,9.5
4997,-100,-42.0,55.0,2.25,10.0
4998,-100,-42.0,55.0,2.5,1.0
4999,-100,-42.0,55.0,2.5,1.5
5000,-100,-42.0,55.0,2.5,2.0
5001,-100,-42.0,55.0,2.5,2.5
5002,-100,-42.0,55.0,2.5,3.0
5003,-100,-42.0,55.0,2.5,3.5
5004,-100,-42.0,55.0,2.5,4.0
5005,-100,-42.0,55.0,2.5,4.5
5006,-100,-42.0,55.0,2.5,5.0
5007,-100,-42.0,55.0,2.5,5.5
5008,-100,-42.0,55.0,2.5,6.0
5009,-100,-42.0,55.0,2.5,6.5
5010,-100,-42.0,55.0,2.5,7.0
5011,-100,-42.0,55.0,2.5,7.5
5012,-100,-42.0,55.0,2.5,8.0
5013,-100,-42.0,55.0,2.5,8.5
5014,-100,-42.0,55.0,2.5,9.0
5015,-100,-42.0,55.0,2.5,9.5
5016,-100,-42.0,55.0,2.5,10.0
5017,-100,-42.0,55.0,2.75,1.0
5018,-100,-42.0,55.0,2.75,1.5
5019,-100,-42.0,55.0,2.75,2.0
5020,-100,-42.0,55.0,2.75,2.5
5021,-100,-42.0,55.0,2.75,3.0
5022,-100,-42.0,55.0,2.75,3.5
5023,-100,-42.0,55.0,2.75,4.0
5024,-100,-42.0,55.0,2.75,4.5
5025,-100,-42.0,55.0,2.75,5.0
5026,-100,-42.0,55.0,2.75,5.5
5027,-100,-42.0,55.0,2.75,6.0
5028,-100,-42.0,55.0,2.75,6.5
5029,-100,-42.0,55.0,2.75,7.0
5030,-100,-42.0,55.0,2.75,7.5
5031,-100,-42.0,55.0,2.75,8.0
5032,-100,-42.0,55.0,2.75,8.5
5033,-100,-42.0,55.0,2.75,9.0
5034,-100,-42.0,55.0,2.75,9.5
5035,-100,-42.0,55.0,2.75,10.0
5036,-100,-42.0,55.0,3.0,1.0
5037,-100,-42.0,55.0,3.0,1.5
5038,-100,-42.0,55.0,3.0,2.0
5039,-100,-42.0,55.0,3.0,2.5
5040,-100,-42.0,55.0,3.0,3.0
5041,-100,-42.0,55.0,3.0,3.5
5042,-100,-42.0,55.0,3.0,4.0
5043,-100,-42.0,55.0,3.0,4.5
5044,-100,-42.0,55.0,3.0,5.0
5045,-100,-42.0,55.0,3.0,5.5
5046,-100,-42.0,55.0,3.0,6.0
5047,-100,-42.0,55.0,3.0,6.5
5048,-100,-42.0,55.0,3.0,7.0
5049,-100,-42.0,55.0,3.0,7.5
5050,-100,-42.0,55.0,3.0,8.0
5051,-100,-42.0,55.0,3.0,8.5
5052,-100,-42.0,55.0,3.0,9.0
5053,-100,-42.0,55.0,3.0,9.5
5054,-100,-42.0,55.0,3.0,10.0
5055,-100,-42.0,55.0,3.25,1.0
5056,-100,-42.0,55.0,3.25,1.5
5057,-100,-42.0,55.0,3.25,2.0
5058,-100,-42.0,55.0,3.25,2.5
5059,-100,-42.0,55.0,3.25,3.0
5060,-100,-42.0,55.0,3.25,3.5
5061,-100,-42.0,55.0,3.25,4.0
5062,-100,-42.0,55.0,3.25,4.5
5063,-100,-42.0,55.0,3.25,5.0
5064,-100,-42.0,55.0,3.25,5.5
5065,-100,-42.0,55.0,3.25,6.0
5066,-100,-42.0,55.0,3.25,6.5
5067,-100,-42.0,55.0,3.25,7.0
5068,-100,-42.0,55.0,3.25,7.5
5069,-100,-42.0,55.0,3.25,8.0
5070,-100,-42.0,55.0,3.25,8.5
5071,-100,-42.0,55.0,3.25,9.0
5072,-100,-42.0,55.0,3.25,9.5
5073,-100,-42.0,55.0,3.25,10.0
5074,-100,-42.0,55.0,3.5,1.0
5075,-100,-42.0,55.0,3.5,1.5
5076,-100,-42.0,55.0,3.5,2.0
5077,-100,-42.0,55.0,3.5,2.5
5078,-100,-42.0,55.0,3.5,3.0
5079,-100,-42.0,55.0,3.5,3.5
5080,-100,-42.0,55.0,3.5,4.0
5081,-100,-42.0,55.0,3.5,4.5
5082,-100,-42.0,55.0,3.5,5.0
5083,-100,-42.0,55.0,3.5,5.5
5084,-100,-42.0,55.0,3.5,6.0
5085,-100,-42.0,55.0,3.5,6.5
5086,-100,-42.0,55.0,3.5,7.0
5087,-100,-42.0,55.0,3.5,7.5
5088,-100,-42.0,55.0,3.5,8.0
5089,-100,-42.0,55.0,3.5,8.5
5090,-100,-42.0,55.0,3.5,9.0
5091,-100,-42.0,55.0,3.5,9.5
5092,-100,-42.0,55.0,3.5,10.0
5093,-100,-42.0,55.0,3.75,1.0
5094,-100,-42.0,55.0,3.75,1.5
5095,-100,-42.0,55.0,3.75,2.0
5096,-100,-42.0,55.0,3.75,2.5
5097,-100,-42.0,55.0,3.75,3.0
5098,-100,-42.0,55.0,3.75,3.5
5099,-100,-42.0,55.0,3.75,4.0
5100,-100,-42.0,55.0,3.75,4.5
5101,-100,-42.0,55.0,3.75,5.0
5102,-100,-42.0,55.0,3.75,5.5
5103,-100,-42.0,55.0,3.75,6.0
5104,-100,-42.0,55.0,3.75,6.5
5105,-100,-42.0,55.0,3.75,7.0
5106,-100,-42.0,55.0,3.75,7.5
5107,-100,-42.0,55.0,3.75,8.0
5108,-100,-42.0,55.0,3.75,8.5
5109,-100,-42.0,55.0,3.75,9.0
5110,-100,-42.0,55.0,3.75,9.5
5111,-100,-42.0,55.0,3.75,10.0
5112,-100,-42.0,55.0,4.0,1.0
5113,-100,-42.0,55.0,4.0,1.5
5114,-100,-42.0,55.0,4.0,2.0
5115,-100,-42.0,55.0,4.0,2.5
5116,-100,-42.0,55.0,4.0,3.0
5117,-100,-42.0,55.0,4.0,3.5
5118,-100,-42.0,55.0,4.0,4.0
5119,-100,-42.0,55.0,4.0,4.5
5120,-100,-42.0,55.0,4.0,5.0
5121,-100,-42.0,55.0,4.0,5.5
5122,-100,-42.0,55.0,4.0,6.0
5123,-100,-42.0,55.0,4.0,6.5
5124,-100,-42.0,55.0,4.0,7.0
5125,-100,-42.0,55.0,4.0,7.5
5126,-100,-42.0,55.0,4.0,8.0
5127,-100,-42.0,55.0,4.0,8.5
5128,-100,-42.0,55.0,4.0,9.0
5129,-100,-42.0,55.0,4.0,9.5
5130,-100,-42.0,55.0,4.0,10.0
5131,-100,-40.0,25.0,2.0,1.0
5132,-100,-40.0,25.0,2.0,1.5
5133,-100,-40.0,25.0,2.0,2.0
5134,-100,-40.0,25.0,2.0,2.5
5135,-100,-40.0,25.0,2.0,3.0
5136,-100,-40.0,25.0,2.0,3.5
5137,-100,-40.0,25.0,2.0,4.0
5138,-100,-40.0,25.0,2.0,4.5
5139,-100,-40.0,25.0,2.0,5.0
5140,-100,-40.0,25.0,2.0,5.5
5141,-100,-40.0,25.0,2.0,6.0
5142,-100,-40.0,25.0,2.0,6.5
5143,-100,-40.0,25.0,2.0,7.0
5144,-100,-40.0,25.0,2.0,7.5
5145,-100,-40.0,25.0,2.0,8.0
5146,-100,-40.0,25.0,2.0,8.5
5147,-100,-40.0,25.0,2.0,9.0
5148,-100,-40.0,25.0,2.0,9.5
5149,-100,-40.0,25.0,2.0,10.0
5150,-100,-40.0,25.0,2.25,1.0
5151,-100,-40.0,25.0,2.25,1.5
5152,-100,-40.0,25.0,2.25,2.0
5153,-100,-40.0,25.0,2.25,2.5
5154,-100,-40.0,25.0,2.25,3.0
5155,-100,-40.0,25.0,2.25,3.5
5156,-100,-40.0,25.0,2.25,4.0
5157,-100,-40.0,25.0,2.25,4.5
5158,-100,-40.0,25.0,2.25,5.0
5159,-100,-40.0,25.0,2.25,5.5
5160,-100,-40.0,25.0,2.25,6.0
5161,-100,-40.0,25.0,2.25,6.5
5162,-100,-40.0,25.0,2.25,7.0
5163,-100,-40.0,25.0,2.25,7.5
5164,-100,-40.0,25.0,2.25,8.0
5165,-100,-40.0,25.0,2.25,8.5
5166,-100,-40.0,25.0,2.25,9.0
5167,-100,-40.0,25.0,2.25,9.5
5168,-100,-40.0,25.0,2.25,10.0
5169,-100,-40.0,25.0,2.5,1.0
5170,-100,-40.0,25.0,2.5,1.5
5171,-100,-40.0,25.0,2.5,2.0
5172,-100,-40.0,25.0,2.5,2.5
5173,-100,-40.0,25.0,2.5,3.0
5174,-100,-40.0,25.0,2.5,3.5
5175,-100,-40.0,25.0,2.5,4.0
5176,-100,-40.0,25.0,2.5,4.5
5177,-100,-40.0,25.0,2.5,5.0
5178,-100,-40.0,25.0,2.5,5.5
5179,-100,-40.0,25.0,2.5,6.0
5180,-100,-40.0,25.0,2.5,6.5
5181,-100,-40.0,25.0,2.5,7.0
5182,-100,-40.0,25.0,2.5,7.5
5183,-100,-40.0,25.0,2.5,8.0
5184,-100,-40.0,25.0,2.5,8.5
5185,-100,-40.0,25.0,2.5,9.0
5186,-100,-40.0,25.0,2.5,9.5
5187,-100,-40.0,25.0,2.5,10.0
5188,-100,-40.0,25.0,2.75,1.0
5189,-100,-40.0,25.0,2.75,1.5
5190,-100,-40.0,25.0,2.75,2.0
5191,-100,-40.0,25.0,2.75,2.5
5192,-100,-40.0,25.0,2.75,3.0
5193,-100,-40.0,25.0,2.75,3.5
5194,-100,-40.0,25.0,2.75,4.0
5195,-100,-40.0,25.0,2.75,4.5
5196,-100,-40.0,25.0,2.75,5.0
5197,-100,-40.0,25.0,2.75,5.5
5198,-100,-40.0,25.0,2.75,6.0
5199,-100,-40.0,25.0,2.75,6.5
5200,-100,-40.0,25.0,2.75,7.0
5201,-100,-40.0,25.0,2.75,7.5
5202,-100,-40.0,25.0,2.75,8.0
5203,-100,-40.0,25.0,2.75,8.5
5204,-100,-40.0,25.0,2.75,9.0
5205,-100,-40.0,25.0,2.75,9.5
5206,-100,-40.0,25.0,2.75,10.0
5207,-100,-40.0,25.0,3.0,1.0
5208,-100,-40.0,25.0,3.0,1.5
5209,-100,-40.0,25.0,3.0,2.0
5210,-100,-40.0,25.0,3.0,2.5
5211,-100,-40.0,25.0,3.0,3.0
5212,-100,-40.0,25.0,3.0,3.5
5213,-100,-40.0,25.0,3.0,4.0
5214,-100,-40.0,25.0,3.0,4.5
5215,-100,-40.0,25.0,3.0,5.0
5216,-100,-40.0,25.0,3.0,5.5
5217,-100,-40.0,25.0,3.0,6.0
5218,-100,-40.0,25.0,3.0,6.5
5219,-100,-40.0,25.0,3.0,7.0
5220,-100,-40.0,25.0,3.0,7.5
5221,-100,-40.0,25.0,3.0,8.0
5222,-100,-40.0,25.0,3.0,8.5
5223,-100,-40.0,25.0,3.0,9.0
5224,-100,-40.0,25.0,3.0,9.5
5225,-100,-40.0,25.0,3.0,10.0
5226,-100,-40.0,25.0,3.25,1.0
5227,-100,-40.0,25.0,3.25,1.5
5228,-100,-40.0,25.0,3.25,2.0
5229,-100,-40.0,25.0,3.25,2.5
5230,-100,-40.0,25.0,3.25,3.0
5231,-100,-40.0,25.0,3.25,3.5
5232,-100,-40.0,25.0,3.25,4.0
5233,-100,-40.0,25.0,3.25,4.5
5234,-100,-40.0,25.0,3.25,5.0
5235,-100,-40.0,25.0,3.25,5.5
5236,-100,-40.0,25.0,3.25,6.0
5237,-100,-40.0,25.0,3.25,6.5
5238,-100,-40.0,25.0,3.25,7.0
5239,-100,-40.0,25.0,3.25,7.5
5240,-100,-40.0,25.0,3.25,8.0
5241,-100,-40.0,25.0,3.25,8.5
5242,-100,-40.0,25.0,3.25,9.0
5243,-100,-40.0,25.0,3.25,9.5
5244,-100,-40.0,25.0,3.25,10.0
5245,-100,-40.0,25.0,3.5,1.0
5246,-100,-40.0,25.0,3.5,1.5
5247,-100,-40.0,25.0,3.5,2.0
5248,-100,-40.0,25.0,3.5,2.5
5249,-100,-40.0,25.0,3.5,3.0
5250,-100,-40.0,25.0,3.5,3.5
5251,-100,-40.0,25.0,3.5,4.0
5252,-100,-40.0,25.0,3.5,4.5
5253,-100,-40.0,25.0,3.5,5.0
5254,-100,-40.0,25.0,3.5,5.5
5255,-100,-40.0,25.0,3.5,6.0
5256,-100,-40.0,25.0,3.5,6.5
5257,-100,-40.0,25.0,3.5,7.0
5258,-100,-40.0,25.0,3.5,7.5
5259,-100,-40.0,25.0,3.5,8.0
5260,-100,-40.0,25.0,3.5,8.5
5261,-100,-40.0,25.0,3.5,9.0
5262,-100,-40.0,25.0,3.5,9.5
5263,-100,-40.0,25.0,3.5,10.0
5264,-100,-40.0,25.0,3.75,1.0
5265,-100,-40.0,25.0,3.75,1.5
5266,-100,-40.0,25.0,3.75,2.0
5267,-100,-40.0,25.0,3.75,2.5
5268,-100,-40.0,25.0,3.75,3.0
5269,-100,-40.0,25.0,3.75,3.5
5270,-100,-40.0,25.0,3.75,4.0
5271,-100,-40.0,25.0,3.75,4.5
5272,-100,-40.0,25.0,3.75,5.0
5273,-100,-40.0,25.0,3.75,5.5
5274,-100,-40.0,25.0,3.75,6.0
5275,-100,-40.0,25.0,3.75,6.5
5276,-100,-40.0,25.0,3.75,7.0
5277,-100,-40.0,25.0,3.75,7.5
5278,-100,-40.0,25.0,3.75,8.0
5279,-100,-40.0,25.0,3.75,8.5
5280,-100,-40.0,25.0,3.75,9.0
5281,-100,-40.0,25.0,3.75,9.5
5282,-100,-40.0,25.0,3.75,10.0
5283,-100,-40.0,25.0,4.0,1.0
5284,-100,-40.0,25.0,4.0,1.5
5285,-100,-40.0,25.0,4.0,2.0
5286,-100,-40.0,25.0,4.0,2.5
5287,-100,-40.0,25.0,4.0,3.0
5288,-100,-40.0,25.0,4.0,3.5
5289,-100,-40.0,25.0,4.0,4.0
5290,-100,-40.0,25.0,4.0,4.5
5291,-100,-40.0,25.0,4.0,5.0
5292,-100,-40.0,25.0,4.0,5.5
5293,-100,-40.0,25.0,4.0,6.0
5294,-100,-40.0,25.0,4.0,6.5
5295,-100,-40.0,25.0,4.0,7.0
5296,-100,-40.0,25.0,4.0,7.5
5297,-100,-40.0,25.0,4.0,8.0
5298,-100,-40.0,25.0,4.0,8.5
5299,-100,-40.0,25.0,4.0,9.0
5300,-100,-40.0,25.0,4.0,9.5
5301,-100,-40.0,25.0,4.0,10.0
5302,-100,-40.0,40.0,2.0,1.0
5303,-100,-40.0,40.0,2.0,1.5
5304,-100,-40.0,40.0,2.0,2.0
5305,-100,-40.0,40.0,2.0,2.5
5306,-100,-40.0,40.0,2.0,3.0
5307,-100,-40.0,40.0,2.0,3.5
5308,-100,-40.0,40.0,2.0,4.0
5309,-100,-40.0,40.0,2.0,4.5
5310,-100,-40.0,40.0,2.0,5.0
5311,-100,-40.0,40.0,2.0,5.5
5312,-100,-40.0,40.0,2.0,6.0
5313,-100,-40.0,40.0,2.0,6.5
5314,-100,-40.0,40.0,2.0,7.0
5315,-100,-40.0,40.0,2.0,7.5
5316,-100,-40.0,40.0,2.0,8.0
5317,-100,-40.0,40.0,2.0,8.5
5318,-100,-40.0,40.0,2.0,9.0
5319,-100,-40.0,40.0,2.0,9.5
5320,-100,-40.0,40.0,2.0,10.0
5321,-100,-40.0,40.0,2.25,1.0
5322,-100,-40.0,40.0,2.25,1.5
5323,-100,-40.0,40.0,2.25,2.0
5324,-100,-40.0,40.0,2.25,2.5
5325,-100,-40.0,40.0,2.25,3.0
5326,-100,-40.0,40.0,2.25,3.5
5327,-100,-40.0,40.0,2.25,4.0
5328,-100,-40.0,40.0,2.25,4.5
5329,-100,-40.0,40.0,2.25,5.0
5330,-100,-40.0,40.0,2.25,5.5
5331,-100,-40.0,40.0,2.25,6.0
5332,-100,-40.0,40.0,2.25,6.5
5333,-100,-40.0,40.0,2.25,7.0
5334,-100,-40.0,40.0,2.25,7.5
5335,-100,-40.0,40.0,2.25,8.0
5336,-100,-40.0,40.0,2.25,8.5
5337,-100,-40.0,40.0,2.25,9.0
5338,-100,-40.0,40.0,2.25,9.5
5339,-100,-40.0,40.0,2.25,10.0
5340,-100,-40.0,40.0,2.5,1.0
5341,-100,-40.0,40.0,2.5,1.5
5342,-100,-40.0,40.0,2.5,2.0
5343,-100,-40.0,40.0,2.5,2.5
5344,-100,-40.0,40.0,2.5,3.0
5345,-100,-40.0,40.0,2.5,3.5
5346,-100,-40.0,40.0,2.5,4.0
5347,-100,-40.0,40.0,2.5,4.5
5348,-100,-40.0,40.0,2.5,5.0
5349,-100,-40.0,40.0,2.5,5.5
5350,-100,-40.0,40.0,2.5,6.0
5351,-100,-40.0,40.0,2.5,6.5
5352,-100,-40.0,40.0,2.5,7.0
5353,-100,-40.0,40.0,2.5,7.5
5354,-100,-40.0,40.0,2.5,8.0
5355,-100,-40.0,40.0,2.5,8.5
5356,-100,-40.0,40.0,2.5,9.0
5357,-100,-40.0,40.0,2.5,9.5
5358,-100,-40.0,40.0,2.5,10.0
5359,-100,-40.0,40.0,2.75,1.0
5360,-100,-40.0,40.0,2.75,1.5
5361,-100,-40.0,40.0,2.75,2.0
5362,-100,-40.0,40.0,2.75,2.5
5363,-100,-40.0,40.0,2.75,3.0
5364,-100,-40.0,40.0,2.75,3.5
5365,-100,-40.0,40.0,2.75,4.0
5366,-100,-40.0,40.0,2.75,4.5
5367,-100,-40.0,40.0,2.75,5.0
5368,-100,-40.0,40.0,2.75,5.5
5369,-100,-40.0,40.0,2.75,6.0
5370,-100,-40.0,40.0,2.75,6.5
5371,-100,-40.0,40.0,2.75,7.0
5372,-100,-40.0,40.0,2.75,7.5
5373,-100,-40.0,40.0,2.75,8.0
5374,-100,-40.0,40.0,2.75,8.5
5375,-100,-40.0,40.0,2.75,9.0
5376,-100,-40.0,40.0,2.75,9.5
5377,-100,-40.0,40.0,2.75,10.0
5378,-100,-40.0,40.0,3.0,1.0
5379,-100,-40.0,40.0,3.0,1.5
5380,-100,-40.0,40.0,3.0,2.0
5381,-100,-40.0,40.0,3.0,2.5
5382,-100,-40.0,40.0,3.0,3.0
5383,-100,-40.0,40.0,3.0,3.5
5384,-100,-40.0,40.0,3.0,4.0
5385,-100,-40.0,40.0,3.0,4.5
5386,-100,-40.0,40.0,3.0,5.0
5387,-100,-40.0,40.0,3.0,5.5
5388,-100,-40.0,40.0,3.0,6.0
5389,-100,-40.0,40.0,3.0,6.5
5390,-100,-40.0,40.0,3.0,7.0
5391,-100,-40.0,40.0,3.0,7.5
5392,-100,-40.0,40.0,3.0,8.0
5393,-100,-40.0,40.0,3.0,8.5
5394,-100,-40.0,40.0,3.0,9.0
5395,-100,-40.0,40.0,3.0,9.5
5396,-100,-40.0,40.0,3.0,10.0
5397,-100,-40.0,40.0,3.25,1.0
5398,-100,-40.0,40.0,3.25,1.5
5399,-100,-40.0,40.0,3.25,2.0
5400,-100,-40.0,40.0,3.25,2.5
5401,-100,-40.0,40.0,3.25,3.0
5402,-100,-40.0,40.0,3.25,3.5
5403,-100,-40.0,40.0,3.25,4.0
5404,-100,-40.0,40.0,3.25,4.5
5405,-100,-40.0,40.0,3.25,5.0
5406,-100,-40.0,40.0,3.25,5.5
5407,-100,-40.0,40.0,3.25,6.0
5408,-100,-40.0,40.0,3.25,6.5
5409,-100,-40.0,40.0,3.25,7.0
5410,-100,-40.0,40.0,3.25,7.5
5411,-100,-40.0,40.0,3.25,8.0
5412,-100,-40.0,40.0,3.25,8.5
5413,-100,-40.0,40.0,3.25,9.0
5414,-100,-40.0,40.0,3.25,9.5
5415,-100,-40.0,40.0,3.25,10.0
5416,-100,-40.0,40.0,3.5,1.0
5417,-100,-40.0,40.0,3.5,1.5
5418,-100,-40.0,40.0,3.5,2.0
5419,-100,-40.0,40.0,3.5,2.5
5420,-100,-40.0,40.0,3.5,3.0
5421,-100,-40.0,40.0,3.5,3.5
5422,-100,-40.0,40.0,3.5,4.0
5423,-100,-40.0,40.0,3.5,4.5
5424,-100,-40.0,40.0,3.5,5.0
5425,-100,-40.0,40.0,3.5,5.5
5426,-100,-40.0,40.0,3.5,6.0
5427,-100,-40.0,40.0,3.5,6.5
5428,-100,-40.0,40.0,3.5,7.0
5429,-100,-40.0,40.0,3.5,7.5
5430,-100,-40.0,40.0,3.5,8.0
5431,-100,-40.0,40.0,3.5,8.5
5432,-100,-40.0,40.0,3.5,9.0
5433,-100,-40.0,40.0,3.5,9.5
5434,-100,-40.0,40.0,3.5,10.0
5435,-100,-40.0,40.0,3.75,1.0
5436,-100,-40.0,40.0,3.75,1.5
5437,-100,-40.0,40.0,3.75,2.0
5438,-100,-40.0,40.0,3.75,2.5
5439,-100,-40.0,40.0,3.75,3.0
5440,-100,-40.0,40.0,3.75,3.5
5441,-100,-40.0,40.0,3.75,4.0
5442,-100,-40.0,40.0,3.75,4.5
5443,-100,-40.0,40.0,3.75,5.0
5444,-100,-40.0,40.0,3.75,5.5
5445,-100,-40.0,40.0,3.75,6.0
5446,-100,-40.0,40.0,3.75,6.5
5447,-100,-40.0,40.0,3.75,7.0
5448,-100,-40.0,40.0,3.75,7.5
5449,-100,-40.0,40.0,3.75,8.0
5450,-100,-40.0,40.0,3.75,8.5
5451,-100,-40.0,40.0,3.75,9.0
5452,-100,-40.0,40.0,3.75,9.5
5453,-100,-40.0,40.0,3.75,10.0
5454,-100,-40.0,40.0,4.0,1.0
5455,-100,-40.0,40.0,4.0,1.5
5456,-100,-40.0,40.0,4.0,2.0
5457,-100,-40.0,40.0,4.0,2.5
5458,-100,-40.0,40.0,4.0,3.0
5459,-100,-40.0,40.0,4.0,3.5
5460,-100,-40.0,40.0,4.0,4.0
5461,-100,-40.0,40.0,4.0,4.5
5462,-100,-40.0,40.0,4.0,5.0
5463,-100,-40.0,40.0,4.0,5.5
5464,-100,-40.0,40.0,4.0,6.0
5465,-100,-40.0,40.0,4.0,6.5
5466,-100,-40.0,40.0,4.0,7.0
5467,-100,-40.0,40.0,4.0,7.5
5468,-100,-40.0,40.0,4.0,8.0
5469,-100,-40.0,40.0,4.0,8.5
5470,-100,-40.0,40.0,4.0,9.0
5471,-100,-40.0,40.0,4.0,9.5
5472,-100,-40.0,40.0,4.0,10.0
5473,-100,-40.0,55.0,2.0,1.0
5474,-100,-40.0,55.0,2.0,1.5
5475,-100,-40.0,55.0,2.0,2.0
5476,-100,-40.0,55.0,2.0,2.5
5477,-100,-40.0,55.0,2.0,3.0
5478,-100,-40.0,55.0,2.0,3.5
5479,-100,-40.0,55.0,2.0,4.0
5480,-100,-40.0,55.0,2.0,4.5
5481,-100,-40.0,55.0,2.0,5.0
5482,-100,-40.0,55.0,2.0,5.5
5483,-100,-40.0,55.0,2.0,6.0
5484,-100,-40.0,55.0,2.0,6.5
5485,-100,-40.0,55.0,2.0,7.0
5486,-100,-40.0,55.0,2.0,7.5
5487,-100,-40.0,55.0,2.0,8.0
5488,-100,-40.0,55.0,2.0,8.5
5489,-100,-40.0,55.0,2.0,9.0
5490,-100,-40.0,55.0,2.0,9.5
5491,-100,-40.0,55.0,2.0,10.0
5492,-100,-40.0,55.0,2.25,1.0
5493,-100,-40.0,55.0,2.25,1.5
5494,-100,-40.0,55.0,2.25,2.0
5495,-100,-40.0,55.0,2.25,2.5
5496,-100,-40.0,55.0,2.25,3.0
5497,-100,-40.0,55.0,2.25,3.5
5498,-100,-40.0,55.0,2.25,4.0
5499,-100,-40.0,55.0,2.25,4.5
5500,-100,-40.0,55.0,2.25,5.0
5501,-100,-40.0,55.0,2.25,5.5
5502,-100,-40.0,55.0,2.25,6.0
5503,-100,-40.0,55.0,2.25,6.5
5504,-100,-40.0,55.0,2.25,7.0
5505,-100,-40.0,55.0,2.25,7.5
5506,-100,-40.0,55.0,2.25,8.0
5507,-100,-40.0,55.0,2.25,8.5
5508,-100,-40.0,55.0,2.25,9.0
5509,-100,-40.0,55.0,2.25,9.5
5510,-100,-40.0,55.0,2.25,10.0
5511,-100,-40.0,55.0,2.5,1.0
5512,-100,-40.0,55.0,2.5,1.5
5513,-100,-40.0,55.0,2.5,2.0
5514,-100,-40.0,55.0,2.5,2.5
5515,-100,-40.0,55.0,2.5,3.0
5516,-100,-40.0,55.0,2.5,3.5
5517,-100,-40.0,55.0,2.5,4.0
5518,-100,-40.0,55.0,2.5,4.5
5519,-100,-40.0,55.0,2.5,5.0
5520,-100,-40.0,55.0,2.5,5.5
5521,-100,-40.0,55.0,2.5,6.0
5522,-100,-40.0,55.0,2.5,6.5
5523,-100,-40.0,55.0,2.5,7.0
5524,-100,-40.0,55.0,2.5,7.5
5525,-100,-40.0,55.0,2.5,8.0
5526,-100,-40.0,55.0,2.5,8.5
5527,-100,-40.0,55.0,2.5,9.0
5528,-100,-40.0,55.0,2.5,9.5
5529,-100,-40.0,55.0,2.5,10.0
5530,-100,-40.0,55.0,2.75,1.0
5531,-100,-40.0,55.0,2.75,1.5
5532,-100,-40.0,55.0,2.75,2.0
5533,-100,-40.0,55.0,2.75,2.5
5534,-100,-40.0,55.0,2.75,3.0
5535,-100,-40.0,55.0,2.75,3.5
5536,-100,-40.0,55.0,2.75,4.0
5537,-100,-40.0,55.0,2.75,4.5
5538,-100,-40.0,55.0,2.75,5.0
5539,-100,-40.0,55.0,2.75,5.5
5540,-100,-40.0,55.0,2.75,6.0
5541,-100,-40.0,55.0,2.75,6.5
5542,-100,-40.0,55.0,2.75,7.0
5543,-100,-40.0,55.0,2.75,7.5
5544,-100,-40.0,55.0,2.75,8.0
5545,-100,-40.0,55.0,2.75,8.5
5546,-100,-40.0,55.0,2.75,9.0
5547,-100,-40.0,55.0,2.75,9.5
5548,-100,-40.0,55.0,2.75,10.0
5549,-100,-40.0,55.0,3.0,1.0
5550,-100,-40.0,55.0,3.0,1.5
5551,-100,-40.0,55.0,3.0,2.0
5552,-100,-40.0,55.0,3.0,2.5
5553,-100,-40.0,55.0,3.0,3.0
5554,-100,-40.0,55.0,3.0,3.5
5555,-100,-40.0,55.0,3.0,4.0
5556,-100,-40.0,55.0,3.0,4.5
5557,-100,-40.0,55.0,3.0,5.0
5558,-100,-40.0,55.0,3.0,5.5
5559,-100,-40.0,55.0,3.0,6.0
5560,-100,-40.0,55.0,3.0,6.5
5561,-100,-40.0,55.0,3.0,7.0
5562,-100,-40.0,55.0,3.0,7.5
5563,-100,-40.0,55.0,3.0,8.0
5564,-100,-40.0,55.0,3.0,8.5
5565,-100,-40.0,55.0,3.0,9.0
5566,-100,-40.0,55.0,3.0,9.5
5567,-100,-40.0,55.0,3.0,10.0
5568,-100,-40.0,55.0,3.25,1.0
5569,-100,-40.0,55.0,3.25,1.5
5570,-100,-40.0,55.0,3.25,2.0
5571,-100,-40.0,55.0,3.25,2.5
5572,-100,-40.0,55.0,3.25,3.0
5573,-100,-40.0,55.0,3.25,3.5
5574,-100,-40.0,55.0,3.25,4.0
5575,-100,-40.0,55.0,3.25,4.5
5576,-100,-40.0,55.0,3.25,5.0
5577,-100,-40.0,55.0,3.25,5.5
5578,-100,-40.0,55.0,3.25,6.0
5579,-100,-40.0,55.0,3.25,6.5
5580,-100,-40.0,55.0,3.25,7.0
5581,-100,-40.0,55.0,3.25,7.5
5582,-100,-40.0,55.0,3.25,8.0
5583,-100,-40.0,55.0,3.25,8.5
5584,-100,-40.0,55.0,3.25,9.0
5585,-100,-40.0,55.0,3.25,9.5
5586,-100,-40.0,55.0,3.25,10.0
5587,-100,-40.0,55.0,3.5,1.0
5588,-100,-40.0,55.0,3.5,1.5
5589,-100,-40.0,55.0,3.5,2.0
5590,-100,-40.0,55.0,3.5,2.5
5591,-100,-40.0,55.0,3.5,3.0
5592,-100,-40.0,55.0,3.5,3.5
5593,-100,-40.0,55.0,3.5,4.0
5594,-100,-40.0,55.0,3.5,4.5
5595,-100,-40.0,55.0,3.5,5.0
5596,-100,-40.0,55.0,3.5,5.5
5597,-100,-40.0,55.0,3.5,6.0
5598,-100,-40.0,55.0,3.5,6.5
5599,-100,-40.0,55.0,3.5,7.0
5600,-100,-40.0,55.0,3.5,7.5
5601,-100,-40.0,55.0,3.5,8.0
5602,-100,-40.0,55.0,3.5,8.5
5603,-100,-40.0,55.0,3.5,9.0
5604,-100,-40.0,55.0,3.5,9.5
5605,-100,-40.0,55.0,3.5,10.0
5606,-100,-40.0,55.0,3.75,1.0
5607,-100,-40.0,55.0,3.75,1.5
5608,-100,-40.0,55.0,3.75,2.0
5609,-100,-40.0,55.0,3.75,2.5
5610,-100,-40.0,55.0,3.75,3.0
5611,-100,-40.0,55.0,3.75,3.5
5612,-100,-40.0,55.0,3.75,4.0
5613,-100,-40.0,55.0,3.75,4.5
5614,-100,-40.0,55.0,3.75,5.0
5615,-100,-40.0,55.0,3.75,5.5
5616,-100,-40.0,55.0,3.75,6.0
5617,-100,-40.0,55.0,3.75,6.5
5618,-100,-40.0,55.0,3.75,7.0
5619,-100,-40.0,55.0,3.75,7.5
5620,-100,-40.0,55.0,3.75,8.0
5621,-100,-40.0,55.0,3.75,8.5
5622,-100,-40.0,55.0,3.75,9.0
5623,-100,-40.0,55.0,3.75,9.5
5624,-100,-40.0,55.0,3.75,10.0
5625,-100,-40.0,55.0,4.0,1.0
5626,-100,-40.0,55.0,4.0,1.5
5627,-100,-40.0,55.0,4.0,2.0
5628,-100,-40.0,55.0,4.0,2.5
5629,-100,-40.0,55.0,4.0,3.0
5630,-100,-40.0,55.0,4.0,3.5
5631,-100,-40.0,55.0,4.0,4.0
5632,-100,-40.0,55.0,4.0,4.5
5633,-100,-40.0,55.0,4.0,5.0
5634,-100,-40.0,55.0,4.0,5.5
5635,-100,-40.0,55.0,4.0,6.0
5636,-100,-40.0,55.0,4.0,6.5
5637,-100,-40.0,55.0,4.0,7.0
5638,-100,-40.0,55.0,4.0,7.5
5639,-100,-40.0,55.0,4.0,8.0
5640,-100,-40.0,55.0,4.0,8.5
5641,-100,-40.0,55.0,4.0,9.0
5642,-100,-40.0,55.0,4.0,9.5
5643,-100,-40.0,55.0,4.0,10.0
5644,-100,-38.0,25.0,2.0,1.0
5645,-100,-38.0,25.0,2.0,1.5
5646,-100,-38.0,25.0,2.0,2.0
5647,-100,-38.0,25.0,2.0,2.5
5648,-100,-38.0,25.0,2.0,3.0
5649,-100,-38.0,25.0,2.0,3.5
5650,-100,-38.0,25.0,2.0,4.0
5651,-100,-38.0,25.0,2.0,4.5
5652,-100,-38.0,25.0,2.0,5.0
5653,-100,-38.0,25.0,2.0,5.5
5654,-100,-38.0,25.0,2.0,6.0
5655,-100,-38.0,25.0,2.0,6.5
5656,-100,-38.0,25.0,2.0,7.0
5657,-100,-38.0,25.0,2.0,7.5
5658,-100,-38.0,25.0,2.0,8.0
5659,-100,-38.0,25.0,2.0,8.5
5660,-100,-38.0,25.0,2.0,9.0
5661,-100,-38.0,25.0,2.0,9.5
5662,-100,-38.0,25.0,2.0,10.0
5663,-100,-38.0,25.0,2.25,1.0
5664,-100,-38.0,25.0,2.25,1.5
5665,-100,-38.0,25.0,2.25,2.0
5666,-100,-38.0,25.0,2.25,2.5
5667,-100,-38.0,25.0,2.25,3.0
5668,-100,-38.0,25.0,2.25,3.5
5669,-100,-38.0,25.0,2.25,4.0
5670,-100,-38.0,25.0,2.25,4.5
5671,-100,-38.0,25.0,2.25,5.0
5672,-100,-38.0,25.0,2.25,5.5
5673,-100,-38.0,25.0,2.25,6.0
5674,-100,-38.0,25.0,2.25,6.5
5675,-100,-38.0,25.0,2.25,7.0
5676,-100,-38.0,25.0,2.25,7.5
5677,-100,-38.0,25.0,2.25,8.0
5678,-100,-38.0,25.0,2.25,8.5
5679,-100,-38.0,25.0,2.25,9.0
5680,-100,-38.0,25.0,2.25,9.5
5681,-100,-38.0,25.0,2.25,10.0
5682,-100,-38.0,25.0,2.5,1.0
5683,-100,-38.0,25.0,2.5,1.5
5684,-100,-38.0,25.0,2.5,2.0
5685,-100,-38.0,25.0,2.5,2.5
5686,-100,-38.0,25.0,2.5,3.0
5687,-100,-38.0,25.0,2.5,3.5
5688,-100,-38.0,25.0,2.5,4.0
5689,-100,-38.0,25.0,2.5,4.5
5690,-100,-38.0,25.0,2.5,5.0
5691,-100,-38.0,25.0,2.5,5.5
5692,-100,-38.0,25.0,2.5,6.0
5693,-100,-38.0,25.0,2.5,6.5
5694,-100,-38.0,25.0,2.5,7.0
5695,-100,-38.0,25.0,2.5,7.5
5696,-100,-38.0,25.0,2.5,8.0
5697,-100,-38.0,25.0,2.5,8.5
5698,-100,-38.0,25.0,2.5,9.0
5699,-100,-38.0,25.0,2.5,9.5
5700,-100,-38.0,25.0,2.5,10.0
5701,-100,-38.0,25.0,2.75,1.0
5702,-100,-38.0,25.0,2.75,1.5
5703,-100,-38.0,25.0,2.75,2.0
5704,-100,-38.0,25.0,2.75,2.5
5705,-100,-38.0,25.0,2.75,3.0
5706,-100,-38.0,25.0,2.75,3.5
5707,-100,-38.0,25.0,2.75,4.0
5708,-100,-38.0,25.0,2.75,4.5
5709,-100,-38.0,25.0,2.75,5.0
5710,-100,-38.0,25.0,2.75,5.5
5711,-100,-38.0,25.0,2.75,6.0
5712,-100,-38.0,25.0,2.75,6.5
5713,-100,-38.0,25.0,2.75,7.0
5714,-100,-38.0,25.0,2.75,7.5
5715,-100,-38.0,25.0,2.75,8.0
5716,-100,-38.0,25.0,2.75,8.5
5717,-100,-38.0,25.0,2.75,9.0
5718,-100,-38.0,25.0,2.75,9.5
5719,-100,-38.0,25.0,2.75,10.0
5720,-100,-38.0,25.0,3.0,1.0
5721,-100,-38.0,25.0,3.0,1.5
5722,-100,-38.0,25.0,3.0,2.0
5723,-100,-38.0,25.0,3.0,2.5
5724,-100,-38.0,25.0,3.0,3.0
5725,-100,-38.0,25.0,3.0,3.5
5726,-100,-38.0,25.0,3.0,4.0
5727,-100,-38.0,25.0,3.0,4.5
5728,-100,-38.0,25.0,3.0,5.0
5729,-100,-38.0,25.0,3.0,5.5
5730,-100,-38.0,25.0,3.0,6.0
5731,-100,-38.0,25.0,3.0,6.5
5732,-100,-38.0,25.0,3.0,7.0
5733,-100,-38.0,25.0,3.0,7.5
5734,-100,-38.0,25.0,3.0,8.0
5735,-100,-38.0,25.0,3.0,8.5
5736,-100,-38.0,25.0,3.0,9.0
5737,-100,-38.0,25.0,3.0,9.5
5738,-100,-38.0,25.0,3.0,10.0
5739,-100,-38.0,25.0,3.25,1.0
5740,-100,-38.0,25.0,3.25,1.5
5741,-100,-38.0,25.0,3.25,2.0
5742,-100,-38.0,25.0,3.25,2.5
5743,-100,-38.0,25.0,3.25,3.0
5744,-100,-38.0,25.0,3.25,3.5
5745,-100,-38.0,25.0,3.25,4.0
5746,-100,-38.0,25.0,3.25,4.5
5747,-100,-38.0,25.0,3.25,5.0
5748,-100,-38.0,25.0,3.25,5.5
5749,-100,-38.0,25.0,3.25,6.0
5750,-100,-38.0,25.0,3.25,6.5
5751,-100,-38.0,25.0,3.25,7.0
5752,-100,-38.0,25.0,3.25,7.5
5753,-100,-38.0,25.0,3.25,8.0
5754,-100,-38.0,25.0,3.25,8.5
5755,-100,-38.0,25.0,3.25,9.0
5756,-100,-38.0,25.0,3.25,9.5
5757,-100,-38.0,25.0,3.25,10.0
5758,-100,-38.0,25.0,3.5,1.0
5759,-100,-38.0,25.0,3.5,1.5
5760,-100,-38.0,25.0,3.5,2.0
5761,-100,-38.0,25.0,3.5,2.5
5762,-100,-38.0,25.0,3.5,3.0
5763,-100,-38.0,25.0,3.5,3.5
5764,-100,-38.0,25.0,3.5,4.0
5765,-100,-38.0,25.0,3.5,4.5
5766,-100,-38.0,25.0,3.5,5.0
5767,-100,-38.0,25.0,3.5,5.5
5768,-100,-38.0,25.0,3.5,6.0
5769,-100,-38.0,25.0,3.5,6.5
5770,-100,-38.0,25.0,3.5,7.0
5771,-100,-38.0,25.0,3.5,7.5
5772,-100,-38.0,25.0,3.5,8.0
5773,-100,-38.0,25.0,3.5,8.5
5774,-100,-38.0,25.0,3.5,9.0
5775,-100,-38.0,25.0,3.5,9.5
5776,-100,-38.0,25.0,3.5,10.0
5777,-100,-38.0,25.0,3.75,1.0
5778,-100,-38.0,25.0,3.75,1.5
5779,-100,-38.0,25.0,3.75,2.0
5780,-100,-38.0,25.0,3.75,2.5
5781,-100,-38.0,25.0,3.75,3.0
5782,-100,-38.0,25.0,3.75,3.5
5783,-100,-38.0,25.0,3.75,4.0
5784,-100,-38.0,25.0,3.75,4.5
5785,-100,-38.0,25.0,3.75,5.0
5786,-100,-38.0,25.0,3.75,5.5
5787,-100,-38.0,25.0,3.75,6.0
5788,-100,-38.0,25.0,3.75,6.5
5789,-100,-38.0,25.0,3.75,7.0
5790,-100,-38.0,25.0,3.75,7.5
5791,-100,-38.0,25.0,3.75,8.0
5792,-100,-38.0,25.0,3.75,8.5
5793,-100,-38.0,25.0,3.75,9.0
5794,-100,-38.0,25.0,3.75,9.5
5795,-100,-38.0,25.0,3.75,10.0
5796,-100,-38.0,25.0,4.0,1.0
5797,-100,-38.0,25.0,4.0,1.5
5798,-100,-38.0,25.0,4.0,2.0
5799,-100,-38.0,25.0,4.0,2.5
5800,-100,-38.0,25.0,4.0,3.0
5801,-100,-38.0,25.0,4.0,3.5
5802,-100,-38.0,25.0,4.0,4.0
5803,-100,-38.0,25.0,4.0,4.5
5804,-100,-38.0,25.0,4.0,5.0
5805,-100,-38.0,25.0,4.0,5.5
5806,-100,-38.0,25.0,4.0,6.0
5807,-100,-38.0,25.0,4.0,6.5
5808,-100,-38.0,25.0,4.0,7.0
5809,-100,-38.0,25.0,4.0,7.5
5810,-100,-38.0,25.0,4.0,8.0
5811,-100,-38.0,25.0,4.0,8.5
5812,-100,-38.0,25.0,4.0,9.0
5813,-100,-38.0,25.0,4.0,9.5
5814,-100,-38.0,25.0,4.0,10.0
5815,-100,-38.0,40.0,2.0,1.0
5816,-100,-38.0,40.0,2.0,1.5
5817,-100,-38.0,40.0,2.0,2.0
5818,-100,-38.0,40.0,2.0,2.5
5819,-100,-38.0,40.0,2.0,3.0
5820,-100,-38.0,40.0,2.0,3.5
5821,-100,-38.0,40.0,2.0,4.0
5822,-100,-38.0,40.0,2.0,4.5
5823,-100,-38.0,40.0,2.0,5.0
5824,-100,-38.0,40.0,2.0,5.5
5825,-100,-38.0,40.0,2.0,6.0
5826,-100,-38.0,40.0,2.0,6.5
5827,-100,-38.0,40.0,2.0,7.0
5828,-100,-38.0,40.0,2.0,7.5
5829,-100,-38.0,40.0,2.0,8.0
5830,-100,-38.0,40.0,2.0,8.5
5831,-100,-38.0,40.0,2.0,9.0
5832,-100,-38.0,40.0,2.0,9.5
5833,-100,-38.0,40.0,2.0,10.0
5834,-100,-38.0,40.0,2.25,1.0
5835,-100,-38.0,40.0,2.25,1.5
5836,-100,-38.0,40.0,2.25,2.0
5837,-100,-38.0,40.0,2.25,2.5
5838,-100,-38.0,40.0,2.25,3.0
5839,-100,-38.0,40.0,2.25,3.5
5840,-100,-38.0,40.0,2.25,4.0
5841,-100,-38.0,40.0,2.25,4.5
5842,-100,-38.0,40.0,2.25,5.0
5843,-100,-38.0,40.0,2.25,5.5
5844,-100,-38.0,40.0,2.25,6.0
5845,-100,-38.0,40.0,2.25,6.5
5846,-100,-38.0,40.0,2.25,7.0
5847,-100,-38.0,40.0,2.25,7.5
5848,-100,-38.0,40.0,2.25,8.0
5849,-100,-38.0,40.0,2.25,8.5
5850,-100,-38.0,40.0,2.25,9.0
5851,-100,-38.0,40.0,2.25,9.5
5852,-100,-38.0,40.0,2.25,10.0
5853,-100,-38.0,40.0,2.5,1.0
5854,-100,-38.0,40.0,2.5,1.5
5855,-100,-38.0,40.0,2.5,2.0
5856,-100,-38.0,40.0,2.5,2.5
5857,-100,-38.0,40.0,2.5,3.0
5858,-100,-38.0,40.0,2.5,3.5
5859,-100,-38.0,40.0,2.5,4.0
5860,-100,-38.0,40.0,2.5,4.5
5861,-100,-38.0,40.0,2.5,5.0
5862,-100,-38.0,40.0,2.5,5.5
5863,-100,-38.0,40.0,2.5,6.0
5864,-100,-38.0,40.0,2.5,6.5
5865,-100,-38.0,40.0,2.5,7.0
5866,-100,-38.0,40.0,2.5,7.5
5867,-100,-38.0,40.0,2.5,8.0
5868,-100,-38.0,40.0,2.5,8.5
5869,-100,-38.0,40.0,2.5,9.0
5870,-100,-38.0,40.0,2.5,9.5
5871,-100,-38.0,40.0,2.5,10.0
5872,-100,-38.0,40.0,2.75,1.0
5873,-100,-38.0,40.0,2.75,1.5
5874,-100,-38.0,40.0,2.75,2.0
5875,-100,-38.0,40.0,2.75,2.5
5876,-100,-38.0,40.0,2.75,3.0
5877,-100,-38.0,40.0,2.75,3.5
5878,-100,-38.0,40.0,2.75,4.0
5879,-100,-38.0,40.0,2.75,4.5
5880,-100,-38.0,40.0,2.75,5.0
5881,-100,-38.0,40.0,2.75,5.5
5882,-100,-38.0,40.0,2.75,6.0
5883,-100,-38.0,40.0,2.75,6.5
5884,-100,-38.0,40.0,2.75,7.0
5885,-100,-38.0,40.0,2.75,7.5
5886,-100,-38.0,40.0,2.75,8.0
5887,-100,-38.0,40.0,2.75,8.5
5888,-100,-38.0,40.0,2.75,9.0
5889,-100,-38.0,40.0,2.75,9.5
5890,-100,-38.0,40.0,2.75,10.0
5891,-100,-38.0,40.0,3.0,1.0
5892,-100,-38.0,40.0,3.0,1.5
5893,-100,-38.0,40.0,3.0,2.0
5894,-100,-38.0,40.0,3.0,2.5
5895,-100,-38.0,40.0,3.0,3.0
5896,-100,-38.0,40.0,3.0,3.5
5897,-100,-38.0,40.0,3.0,4.0
5898,-100,-38.0,40.0,3.0,4.5
5899,-100,-38.0,40.0,3.0,5.0
5900,-100,-38.0,40.0,3.0,5.5
5901,-100,-38.0,40.0,3.0,6.0
5902,-100,-38.0,40.0,3.0,6.5
5903,-100,-38.0,40.0,3.0,7.0
5904,-100,-38.0,40.0,3.0,7.5
5905,-100,-38.0,40.0,3.0,8.0
5906,-100,-38.0,40.0,3.0,8.5
5907,-100,-38.0,40.0,3.0,9.0
5908,-100,-38.0,40.0,3.0,9.5
5909,-100,-38.0,40.0,3.0,10.0
5910,-100,-38.0,40.0,3.25,1.0
5911,-100,-38.0,40.0,3.25,1.5
5912,-100,-38.0,40.0,3.25,2.0
5913,-100,-38.0,40.0,3.25,2.5
5914,-100,-38.0,40.0,3.25,3.0
5915,-100,-38.0,40.0,3.25,3.5
5916,-100,-38.0,40.0,3.25,4.0
5917,-100,-38.0,40.0,3.25,4.5
5918,-100,-38.0,40.0,3.25,5.0
5919,-100,-38.0,40.0,3.25,5.5
5920,-100,-38.0,40.0,3.25,6.0
5921,-100,-38.0,40.0,3.25,6.5
5922,-100,-38.0,40.0,3.25,7.0
5923,-100,-38.0,40.0,3.25,7.5
5924,-100,-38.0,40.0,3.25,8.0
5925,-100,-38.0,40.0,3.25,8.5
5926,-100,-38.0,40.0,3.25,9.0
5927,-100,-38.0,40.0,3.25,9.5
5928,-100,-38.0,40.0,3.25,10.0
5929,-100,-38.0,40.0,3.5,1.0
5930,-100,-38.0,40.0,3.5,1.5
5931,-100,-38.0,40.0,3.5,2.0
5932,-100,-38.0,40.0,3.5,2.5
5933,-100,-38.0,40.0,3.5,3.0
5934,-100,-38.0,40.0,3.5,3.5
5935,-100,-38.0,40.0,3.5,4.0
5936,-100,-38.0,40.0,3.5,4.5
5937,-100,-38.0,40.0,3.5,5.0
5938,-100,-38.0,40.0,3.5,5.5
5939,-100,-38.0,40.0,3.5,6.0
5940,-100,-38.0,40.0,3.5,6.5
5941,-100,-38.0,40.0,3.5,7.0
5942,-100,-38.0,40.0,3.5,7.5
5943,-100,-38.0,40.0,3.5,8.0
5944,-100,-38.0,40.0,3.5,8.5
5945,-100,-38.0,40.0,3.5,9.0
5946,-100,-38.0,40.0,3.5,9.5
5947,-100,-38.0,40.0,3.5,10.0
5948,-100,-38.0,40.0,3.75,1.0
5949,-100,-38.0,40.0,3.75,1.5
5950,-100,-38.0,40.0,3.75,2.0
5951,-100,-38.0,40.0,3.75,2.5
5952,-100,-38.0,40.0,3.75,3.0
5953,-100,-38.0,40.0,3.75,3.5
5954,-100,-38.0,40.0,3.75,4.0
5955,-100,-38.0,40.0,3.75,4.5
5956,-100,-38.0,40.0,3.75,5.0
5957,-100,-38.0,40.0,3.75,5.5
5958,-100,-38.0,40.0,3.75,6.0
5959,-100,-38.0,40.0,3.75,6.5
5960,-100,-38.0,40.0,3.75,7.0
5961,-100,-38.0,40.0,3.75,7.5
5962,-100,-38.0,40.0,3.75,8.0
5963,-100,-38.0,40.0,3.75,8.5
5964,-100,-38.0,40.0,3.75,9.0
5965,-100,-38.0,40.0,3.75,9.5
5966,-100,-38.0,40.0,3.75,10.0
5967,-100,-38.0,40.0,4.0,1.0
5968,-100,-38.0,40.0,4.0,1.5
5969,-100,-38.0,40.0,4.0,2.0
5970,-100,-38.0,40.0,4.0,2.5
5971,-100,-38.0,40.0,4.0,3.0
5972,-100,-38.0,40.0,4.0,3.5
5973,-100,-38.0,40.0,4.0,4.0
5974,-100,-38.0,40.0,4.0,4.5
5975,-100,-38.0,40.0,4.0,5.0
5976,-100,-38.0,40.0,4.0,5.5
5977,-100,-38.0,40.0,4.0,6.0
5978,-100,-38.0,40.0,4.0,6.5
5979,-100,-38.0,40.0,4.0,7.0
5980,-100,-38.0,40.0,4.0,7.5
5981,-100,-38.0,40.0,4.0,8.0
5982,-100,-38.0,40.0,4.0,8.5
5983,-100,-38.0,40.0,4.0,9.0
5984,-100,-38.0,40.0,4.0,9.5
5985,-100,-38.0,40.0,4.0,10.0
5986,-100,-38.0,55.0,2.0,1.0
5987,-100,-38.0,55.0,2.0,1.5
5988,-100,-38.0,55.0,2.0,2.0
5989,-100,-38.0,55.0,2.0,2.5
5990,-100,-38.0,55.0,2.0,3.0
5991,-100,-38.0,55.0,2.0,3.5
5992,-100,-38.0,55.0,2.0,4.0
5993,-100,-38.0,55.0,2.0,4.5
5994,-100,-38.0,55.0,2.0,5.0
5995,-100,-38.0,55.0,2.0,5.5
5996,-100,-38.0,55.0,2.0,6.0
5997,-100,-38.0,55.0,2.0,6.5
5998,-100,-38.0,55.0,2.0,7.0
5999,-100,-38.0,55.0,2.0,7.5
6000,-100,-38.0,55.0,2.0,8.0
6001,-100,-38.0,55.0,2.0,8.5
6002,-100,-38.0,55.0,2.0,9.0
6003,-100,-38.0,55.0,2.0,9.5
6004,-100,-38.0,55.0,2.0,10.0
6005,-100,-38.0,55.0,2.25,1.0
6006,-100,-38.0,55.0,2.25,1.5
6007,-100,-38.0,55.0,2.25,2.0
6008,-100,-38.0,55.0,2.25,2.5
6009,-100,-38.0,55.0,2.25,3.0
6010,-100,-38.0,55.0,2.25,3.5
6011,-100,-38.0,55.0,2.25,4.0
6012,-100,-38.0,55.0,2.25,4.5
6013,-100,-38.0,55.0,2.25,5.0
6014,-100,-38.0,55.0,2.25,5.5
6015,-100,-38.0,55.0,2.25,6.0
6016,-100,-38.0,55.0,2.25,6.5
6017,-100,-38.0,55.0,2.25,7.0
6018,-100,-38.0,55.0,2.25,7.5
6019,-100,-38.0,55.0,2.25,8.0
6020,-100,-38.0,55.0,2.25,8.5
6021,-100,-38.0,55.0,2.25,9.0
6022,-100,-38.0,55.0,2.25,9.5
6023,-100,-38.0,55.0,2.25,10.0
6024,-100,-38.0,55.0,2.5,1.0
6025,-100,-38.0,55.0,2.5,1.5
6026,-100,-38.0,55.0,2.5,2.0
6027,-100,-38.0,55.0,2.5,2.5
6028,-100,-38.0,55.0,2.5,3.0
6029,-100,-38.0,55.0,2.5,3.5
6030,-100,-38.0,55.0,2.5,4.0
6031,-100,-38.0,55.0,2.5,4.5
6032,-100,-38.0,55.0,2.5,5.0
6033,-100,-38.0,55.0,2.5,5.5
6034,-100,-38.0,55.0,2.5,6.0
6035,-100,-38.0,55.0,2.5,6.5
6036,-100,-38.0,55.0,2.5,7.0
6037,-100,-38.0,55.0,2.5,7.5
6038,-100,-38.0,55.0,2.5,8.0
6039,-100,-38.0,55.0,2.5,8.5
6040,-100,-38.0,55.0,2.5,9.0
6041,-100,-38.0,55.0,2.5,9.5
6042,-100,-38.0,55.0,2.5,10.0
6043,-100,-38.0,55.0,2.75,1.0
6044,-100,-38.0,55.0,2.75,1.5
6045,-100,-38.0,55.0,2.75,2.0
6046,-100,-38.0,55.0,2.75,2.5
6047,-100,-38.0,55.0,2.75,3.0
6048,-100,-38.0,55.0,2.75,3.5
6049,-100,-38.0,55.0,2.75,4.0
6050,-100,-38.0,55.0,2.75,4.5
6051,-100,-38.0,55.0,2.75,5.0
6052,-100,-38.0,55.0,2.75,5.5
6053,-100,-38.0,55.0,2.75,6.0
6054,-100,-38.0,55.0,2.75,6.5
6055,-100,-38.0,55.0,2.75,7.0
6056,-100,-38.0,55.0,2.75,7.5
6057,-100,-38.0,55.0,2.75,8.0
6058,-100,-38.0,55.0,2.75,8.5
6059,-100,-38.0,55.0,2.75,9.0
6060,-100,-38.0,55.0,2.75,9.5
6061,-100,-38.0,55.0,2.75,10.0
6062,-100,-38.0,55.0,3.0,1.0
6063,-100,-38.0,55.0,3.0,1.5
6064,-100,-38.0,55.0,3.0,2.0
6065,-100,-38.0,55.0,3.0,2.5
6066,-100,-38.0,55.0,3.0,3.0
6067,-100,-38.0,55.0,3.0,3.5
6068,-100,-38.0,55.0,3.0,4.0
6069,-100,-38.0,55.0,3.0,4.5
6070,-100,-38.0,55.0,3.0,5.0
6071,-100,-38.0,55.0,3.0,5.5
6072,-100,-38.0,55.0,3.0,6.0
6073,-100,-38.0,55.0,3.0,6.5
6074,-100,-38.0,55.0,3.0,7.0
6075,-100,-38.0,55.0,3.0,7.5
6076,-100,-38.0,55.0,3.0,8.0
6077,-100,-38.0,55.0,3.0,8.5
6078,-100,-38.0,55.0,3.0,9.0
6079,-100,-38.0,55.0,3.0,9.5
6080,-100,-38.0,55.0,3.0,10.0
6081,-100,-38.0,55.0,3.25,1.0
6082,-100,-38.0,55.0,3.25,1.5
6083,-100,-38.0,55.0,3.25,2.0
6084,-100,-38.0,55.0,3.25,2.5
6085,-100,-38.0,55.0,3.25,3.0
6086,-100,-38.0,55.0,3.25,3.5
6087,-100,-38.0,55.0,3.25,4.0
6088,-100,-38.0,55.0,3.25,4.5
6089,-100,-38.0,55.0,3.25,5.0
6090,-100,-38.0,55.0,3.25,5.5
6091,-100,-38.0,55.0,3.25,6.0
6092,-100,-38.0,55.0,3.25,6.5
6093,-100,-38.0,55.0,3.25,7.0
6094,-100,-38.0,55.0,3.25,7.5
6095,-100,-38.0,55.0,3.25,8.0
6096,-100,-38.0,55.0,3.25,8.5
6097,-100,-38.0,55.0,3.25,9.0
6098,-100,-38.0,55.0,3.25,9.5
6099,-100,-38.0,55.0,3.25,10.0
6100,-100,-38.0,55.0,3.5,1.0
6101,-100,-38.0,55.0,3.5,1.5
6102,-100,-38.0,55.0,3.5,2.0
6103,-100,-38.0,55.0,3.5,2.5
6104,-100,-38.0,55.0,3.5,3.0
6105,-100,-38.0,55.0,3.5,3.5
6106,-100,-38.0,55.0,3.5,4.0
6107,-100,-38.0,55.0,3.5,4.5
6108,-100,-38.0,55.0,3.5,5.0
6109,-100,-38.0,55.0,3.5,5.5
6110,-100,-38.0,55.0,3.5,6.0
6111,-100,-38.0,55.0,3.5,6.5
6112,-100,-38.0,55.0,3.5,7.0
6113,-100,-38.0,55.0,3.5,7.5
6114,-100,-38.0,55.0,3.5,8.0
6115,-100,-38.0,55.0,3.5,8.5
6116,-100,-38.0,55.0,3.5,9.0
6117,-100,-38.0,55.0,3.5,9.5
6118,-100,-38.0,55.0,3.5,10.0
6119,-100,-38.0,55.0,3.75,1.0
6120,-100,-38.0,55.0,3.75,1.5
6121,-100,-38.0,55.0,3.75,2.0
6122,-100,-38.0,55.0,3.75,2.5
6123,-100,-38.0,55.0,3.75,3.0
6124,-100,-38.0,55.0,3.75,3.5
6125,-100,-38.0,55.0,3.75,4.0
6126,-100,-38.0,55.0,3.75,4.5
6127,-100,-38.0,55.0,3.75,5.0
6128,-100,-38.0,55.0,3.75,5.5
6129,-100,-38.0,55.0,3.75,6.0
6130,-100,-38.0,55.0,3.75,6.5
6131,-100,-38.0,55.0,3.75,7.0
6132,-100,-38.0,55.0,3.75,7.5
6133,-100,-38.0,55.0,3.75,8.0
6134,-100,-38.0,55.0,3.75,8.5
6135,-100,-38.0,55.0,3.75,9.0
6136,-100,-38.0,55.0,3.75,9.5
6137,-100,-38.0,55.0,3.75,10.0
6138,-100,-38.0,55.0,4.0,1.0
6139,-100,-38.0,55.0,4.0,1.5
6140,-100,-38.0,55.0,4.0,2.0
6141,-100,-38.0,55.0,4.0,2.5
6142,-100,-38.0,55.0,4.0,3.0
6143,-100,-38.0,55.0,4.0,3.5
6144,-100,-38.0,55.0,4.0,4.0
6145,-100,-38.0,55.0,4.0,4.5
6146,-100,-38.0,55.0,4.0,5.0
6147,-100,-38.0,55.0,4.0,5.5
6148,-100,-38.0,55.0,4.0,6.0
6149,-100,-38.0,55.0,4.0,6.5
6150,-100,-38.0,55.0,4.0,7.0
6151,-100,-38.0,55.0,4.0,7.5
6152,-100,-38.0,55.0,4.0,8.0
6153,-100,-38.0,55.0,4.0,8.5
6154,-100,-38.0,55.0,4.0,9.0
6155,-100,-38.0,55.0,4.0,9.5
6156,-100,-38.0,55.0,4.0,10.0
6157,-100,-36.0,25.0,2.0,1.0
6158,-100,-36.0,25.0,2.0,1.5
6159,-100,-36.0,25.0,2.0,2.0
6160,-100,-36.0,25.0,2.0,2.5
6161,-100,-36.0,25.0,2.0,3.0
6162,-100,-36.0,25.0,2.0,3.5
6163,-100,-36.0,25.0,2.0,4.0
6164,-100,-36.0,25.0,2.0,4.5
6165,-100,-36.0,25.0,2.0,5.0
6166,-100,-36.0,25.0,2.0,5.5
6167,-100,-36.0,25.0,2.0,6.0
6168,-100,-36.0,25.0,2.0,6.5
6169,-100,-36.0,25.0,2.0,7.0
6170,-100,-36.0,25.0,2.0,7.5
6171,-100,-36.0,25.0,2.0,8.0
6172,-100,-36.0,25.0,2.0,8.5
6173,-100,-36.0,25.0,2.0,9.0
6174,-100,-36.0,25.0,2.0,9.5
6175,-100,-36.0,25.0,2.0,10.0
6176,-100,-36.0,25.0,2.25,1.0
6177,-100,-36.0,25.0,2.25,1.5
6178,-100,-36.0,25.0,2.25,2.0
6179,-100,-36.0,25.0,2.25,2.5
6180,-100,-36.0,25.0,2.25,3.0
6181,-100,-36.0,25.0,2.25,3.5
6182,-100,-36.0,25.0,2.25,4.0
6183,-100,-36.0,25.0,2.25,4.5
6184,-100,-36.0,25.0,2.25,5.0
6185,-100,-36.0,25.0,2.25,5.5
6186,-100,-36.0,25.0,2.25,6.0
6187,-100,-36.0,25.0,2.25,6.5
6188,-100,-36.0,25.0,2.25,7.0
6189,-100,-36.0,25.0,2.25,7.5
6190,-100,-36.0,25.0,2.25,8.0
6191,-100,-36.0,25.0,2.25,8.5
6192,-100,-36.0,25.0,2.25,9.0
6193,-100,-36.0,25.0,2.25,9.5
6194,-100,-36.0,25.0,2.25,10.0
6195,-100,-36.0,25.0,2.5,1.0
6196,-100,-36.0,25.0,2.5,1.5
6197,-100,-36.0,25.0,2.5,2.0
6198,-100,-36.0,25.0,2.5,2.5
6199,-100,-36.0,25.0,2.5,3.0
6200,-100,-36.0,25.0,2.5,3.5
6201,-100,-36.0,25.0,2.5,4.0
6202,-100,-36.0,25.0,2.5,4.5
6203,-100,-36.0,25.0,2.5,5.0
6204,-100,-36.0,25.0,2.5,5.5
6205,-100,-36.0,25.0,2.5,6.0
6206,-100,-36.0,25.0,2.5,6.5
6207,-100,-36.0,25.0,2.5,7.0
6208,-100,-36.0,25.0,2.5,7.5
6209,-100,-36.0,25.0,2.5,8.0
6210,-100,-36.0,25.0,2.5,8.5
6211,-100,-36.0,25.0,2.5,9.0
6212,-100,-36.0,25.0,2.5,9.5
6213,-100,-36.0,25.0,2.5,10.0
6214,-100,-36.0,25.0,2.75,1.0
6215,-100,-36.0,25.0,2.75,1.5
6216,-100,-36.0,25.0,2.75,2.0
6217,-100,-36.0,25.0,2.75,2.5
6218,-100,-36.0,25.0,2.75,3.0
6219,-100,-36.0,25.0,2.75,3.5
6220,-100,-36.0,25.0,2.75,4.0
6221,-100,-36.0,25.0,2.75,4.5
6222,-100,-36.0,25.0,2.75,5.0
6223,-100,-36.0,25.0,2.75,5.5
6224,-100,-36.0,25.0,2.75,6.0
6225,-100,-36.0,25.0,2.75,6.5
6226,-100,-36.0,25.0,2.75,7.0
6227,-100,-36.0,25.0,2.75,7.5
6228,-100,-36.0,25.0,2.75,8.0
6229,-100,-36.0,25.0,2.75,8.5
6230,-100,-36.0,25.0,2.75,9.0
6231,-100,-36.0,25.0,2.75,9.5
6232,-100,-36.0,25.0,2.75,10.0
6233,-100,-36.0,25.0,3.0,1.0
6234,-100,-36.0,25.0,3.0,1.5
6235,-100,-36.0,25.0,3.0,2.0
6236,-100,-36.0,25.0,3.0,2.5
6237,-100,-36.0,25.0,3.0,3.0
6238,-100,-36.0,25.0,3.0,3.5
6239,-100,-36.0,25.0,3.0,4.0
6240,-100,-36.0,25.0,3.0,4.5
6241,-100,-36.0,25.0,3.0,5.0
6242,-100,-36.0,25.0,3.0,5.5
6243,-100,-36.0,25.0,3.0,6.0
6244,-100,-36.0,25.0,3.0,6.5
6245,-100,-36.0,25.0,3.0,7.0
6246,-100,-36.0,25.0,3.0,7.5
6247,-100,-36.0,25.0,3.0,8.0
6248,-100,-36.0,25.0,3.0,8.5
6249,-100,-36.0,25.0,3.0,9.0
6250,-100,-36.0,25.0,3.0,9.5
6251,-100,-36.0,25.0,3.0,10.0
6252,-100,-36.0,25.0,3.25,1.0
6253,-100,-36.0,25.0,3.25,1.5
6254,-100,-36.0,25.0,3.25,2.0
6255,-100,-36.0,25.0,3.25,2.5
6256,-100,-36.0,25.0,3.25,3.0
6257,-100,-36.0,25.0,3.25,3.5
6258,-100,-36.0,25.0,3.25,4.0
6259,-100,-36.0,25.0,3.25,4.5
6260,-100,-36.0,25.0,3.25,5.0
6261,-100,-36.0,25.0,3.25,5.5
6262,-100,-36.0,25.0,3.25,6.0
6263,-100,-36.0,25.0,3.25,6.5
6264,-100,-36.0,25.0,3.25,7.0
6265,-100,-36.0,25.0,3.25,7.5
6266,-100,-36.0,25.0,3.25,8.0
6267,-100,-36.0,25.0,3.25,8.5
6268,-100,-36.0,25.0,3.25,9.0
6269,-100,-36.0,25.0,3.25,9.5
6270,-100,-36.0,25.0,3.25,10.0
6271,-100,-36.0,25.0,3.5,1.0
6272,-100,-36.0,25.0,3.5,1.5
6273,-100,-36.0,25.0,3.5,2.0
6274,-100,-36.0,25.0,3.5,2.5
6275,-100,-36.0,25.0,3.5,3.0
6276,-100,-36.0,25.0,3.5,3.5
6277,-100,-36.0,25.0,3.5,4.0
6278,-100,-36.0,25.0,3.5,4.5
6279,-100,-36.0,25.0,3.5,5.0
6280,-100,-36.0,25.0,3.5,5.5
6281,-100,-36.0,25.0,3.5,6.0
6282,-100,-36.0,25.0,3.5,6.5
6283,-100,-36.0,25.0,3.5,7.0
6284,-100,-36.0,25.0,3.5,7.5
6285,-100,-36.0,25.0,3.5,8.0
6286,-100,-36.0,25.0,3.5,8.5
6287,-100,-36.0,25.0,3.5,9.0
6288,-100,-36.0,25.0,3.5,9.5
6289,-100,-36.0,25.0,3.5,10.0
6290,-100,-36.0,25.0,3.75,1.0
6291,-100,-36.0,25.0,3.75,1.5
6292,-100,-36.0,25.0,3.75,2.0
6293,-100,-36.0,25.0,3.75,2.5
6294,-100,-36.0,25.0,3.75,3.0
6295,-100,-36.0,25.0,3.75,3.5
6296,-100,-36.0,25.0,3.75,4.0
6297,-100,-36.0,25.0,3.75,4.5
6298,-100,-36.0,25.0,3.75,5.0
6299,-100,-36.0,25.0,3.75,5.5
6300,-100,-36.0,25.0,3.75,6.0
6301,-100,-36.0,25.0,3.75,6.5
6302,-100,-36.0,25.0,3.75,7.0
6303,-100,-36.0,25.0,3.75,7.5
6304,-100,-36.0,25.0,3.75,8.0
6305,-100,-36.0,25.0,3.75,8.5
6306,-100,-36.0,25.0,3.75,9.0
6307,-100,-36.0,25.0,3.75,9.5
6308,-100,-36.0,25.0,3.75,10.0
6309,-100,-36.0,25.0,4.0,1.0
6310,-100,-36.0,25.0,4.0,1.5
6311,-100,-36.0,25.0,4.0,2.0
6312,-100,-36.0,25.0,4.0,2.5
6313,-100,-36.0,25.0,4.0,3.0
6314,-100,-36.0,25.0,4.0,3.5
6315,-100,-36.0,25.0,4.0,4.0
6316,-100,-36.0,25.0,4.0,4.5
6317,-100,-36.0,25.0,4.0,5.0
6318,-100,-36.0,25.0,4.0,5.5
6319,-100,-36.0,25.0,4.0,6.0
6320,-100,-36.0,25.0,4.0,6.5
6321,-100,-36.0,25.0,4.0,7.0
6322,-100,-36.0,25.0,4.0,7.5
6323,-100,-36.0,25.0,4.0,8.0
6324,-100,-36.0,25.0,4.0,8.5
6325,-100,-36.0,25.0,4.0,9.0
6326,-100,-36.0,25.0,4.0,9.5
6327,-100,-36.0,25.0,4.0,10.0
6328,-100,-36.0,40.0,2.0,1.0
6329,-100,-36.0,40.0,2.0,1.5
6330,-100,-36.0,40.0,2.0,2.0
6331,-100,-36.0,40.0,2.0,2.5
6332,-100,-36.0,40.0,2.0,3.0
6333,-100,-36.0,40.0,2.0,3.5
6334,-100,-36.0,40.0,2.0,4.0
6335,-100,-36.0,40.0,2.0,4.5
6336,-100,-36.0,40.0,2.0,5.0
6337,-100,-36.0,40.0,2.0,5.5
6338,-100,-36.0,40.0,2.0,6.0
6339,-100,-36.0,40.0,2.0,6.5
6340,-100,-36.0,40.0,2.0,7.0
6341,-100,-36.0,40.0,2.0,7.5
6342,-100,-36.0,40.0,2.0,8.0
6343,-100,-36.0,40.0,2.0,8.5
6344,-100,-36.0,40.0,2.0,9.0
6345,-100,-36.0,40.0,2.0,9.5
6346,-100,-36.0,40.0,2.0,10.0
6347,-100,-36.0,40.0,2.25,1.0
6348,-100,-36.0,40.0,2.25,1.5
6349,-100,-36.0,40.0,2.25,2.0
6350,-100,-36.0,40.0,2.25,2.5
6351,-100,-36.0,40.0,2.25,3.0
6352,-100,-36.0,40.0,2.25,3.5
6353,-100,-36.0,40.0,2.25,4.0
6354,-100,-36.0,40.0,2.25,4.5
6355,-100,-36.0,40.0,2.25,5.0
6356,-100,-36.0,40.0,2.25,5.5
6357,-100,-36.0,40.0,2.25,6.0
6358,-100,-36.0,40.0,2.25,6.5
6359,-100,-36.0,40.0,2.25,7.0
6360,-100,-36.0,40.0,2.25,7.5
6361,-100,-36.0,40.0,2.25,8.0
6362,-100,-36.0,40.0,2.25,8.5
6363,-100,-36.0,40.0,2.25,9.0
6364,-100,-36.0,40.0,2.25,9.5
6365,-100,-36.0,40.0,2.25,10.0
6366,-100,-36.0,40.0,2.5,1.0
6367,-100,-36.0,40.0,2.5,1.5
6368,-100,-36.0,40.0,2.5,2.0
6369,-100,-36.0,40.0,2.5,2.5
6370,-100,-36.0,40.0,2.5,3.0
6371,-100,-36.0,40.0,2.5,3.5
6372,-100,-36.0,40.0,2.5,4.0
6373,-100,-36.0,40.0,2.5,4.5
6374,-100,-36.0,40.0,2.5,5.0
6375,-100,-36.0,40.0,2.5,5.5
6376,-100,-36.0,40.0,2.5,6.0
6377,-100,-36.0,40.0,2.5,6.5
6378,-100,-36.0,40.0,2.5,7.0
6379,-100,-36.0,40.0,2.5,7.5
6380,-100,-36.0,40.0,2.5,8.0
6381,-100,-36.0,40.0,2.5,8.5
6382,-100,-36.0,40.0,2.5,9.0
6383,-100,-36.0,40.0,2.5,9.5
6384,-100,-36.0,40.0,2.5,10.0
6385,-100,-36.0,40.0,2.75,1.0
6386,-100,-36.0,40.0,2.75,1.5
6387,-100,-36.0,40.0,2.75,2.0
6388,-100,-36.0,40.0,2.75,2.5
6389,-100,-36.0,40.0,2.75,3.0
6390,-100,-36.0,40.0,2.75,3.5
6391,-100,-36.0,40.0,2.75,4.0
6392,-100,-36.0,40.0,2.75,4.5
6393,-100,-36.0,40.0,2.75,5.0
6394,-100,-36.0,40.0,2.75,5.5
6395,-100,-36.0,40.0,2.75,6.0
6396,-100,-36.0,40.0,2.75,6.5
6397,-100,-36.0,40.0,2.75,7.0
6398,-100,-36.0,40.0,2.75,7.5
6399,-100,-36.0,40.0,2.75,8.0
6400,-100,-36.0,40.0,2.75,8.5
6401,-100,-36.0,40.0,2.75,9.0
6402,-100,-36.0,40.0,2.75,9.5
6403,-100,-36.0,40.0,2.75,10.0
6404,-100,-36.0,40.0,3.0,1.0
6405,-100,-36.0,40.0,3.0,1.5
6406,-100,-36.0,40.0,3.0,2.0
6407,-100,-36.0,40.0,3.0,2.5
6408,-100,-36.0,40.0,3.0,3.0
6409,-100,-36.0,40.0,3.0,3.5
6410,-100,-36.0,40.0,3.0,4.0
6411,-100,-36.0,40.0,3.0,4.5
6412,-100,-36.0,40.0,3.0,5.0
6413,-100,-36.0,40.0,3.0,5.5
6414,-100,-36.0,40.0,3.0,6.0
6415,-100,-36.0,40.0,3.0,6.5
6416,-100,-36.0,40.0,3.0,7.0
6417,-100,-36.0,40.0,3.0,7.5
6418,-100,-36.0,40.0,3.0,8.0
6419,-100,-36.0,40.0,3.0,8.5
6420,-100,-36.0,40.0,3.0,9.0
6421,-100,-36.0,40.0,3.0,9.5
6422,-100,-36.0,40.0,3.0,10.0
6423,-100,-36.0,40.0,3.25,1.0
6424,-100,-36.0,40.0,3.25,1.5
6425,-100,-36.0,40.0,3.25,2.0
6426,-100,-36.0,40.0,3.25,2.5
6427,-100,-36.0,40.0,3.25,3.0
6428,-100,-36.0,40.0,3.25,3.5
6429,-100,-36.0,40.0,3.25,4.0
6430,-100,-36.0,40.0,3.25,4.5
6431,-100,-36.0,40.0,3.25,5.0
6432,-100,-36.0,40.0,3.25,5.5
6433,-100,-36.0,40.0,3.25,6.0
6434,-100,-36.0,40.0,3.25,6.5
6435,-100,-36.0,40.0,3.25,7.0
6436,-100,-36.0,40.0,3.25,7.5
6437,-100,-36.0,40.0,3.25,8.0
6438,-100,-36.0,40.0,3.25,8.5
6439,-100,-36.0,40.0,3.25,9.0
6440,-100,-36.0,40.0,3.25,9.5
6441,-100,-36.0,40.0,3.25,10.0
6442,-100,-36.0,40.0,3.5,1.0
6443,-100,-36.0,40.0,3.5,1.5
6444,-100,-36.0,40.0,3.5,2.0
6445,-100,-36.0,40.0,3.5,2.5
6446,-100,-36.0,40.0,3.5,3.0
6447,-100,-36.0,40.0,3.5,3.5
6448,-100,-36.0,40.0,3.5,4.0
6449,-100,-36.0,40.0,3.5,4.5
6450,-100,-36.0,40.0,3.5,5.0
6451,-100,-36.0,40.0,3.5,5.5
6452,-100,-36.0,40.0,3.5,6.0
6453,-100,-36.0,40.0,3.5,6.5
6454,-100,-36.0,40.0,3.5,7.0
6455,-100,-36.0,40.0,3.5,7.5
6456,-100,-36.0,40.0,3.5,8.0
6457,-100,-36.0,40.0,3.5,8.5
6458,-100,-36.0,40.0,3.5,9.0
6459,-100,-36.0,40.0,3.5,9.5
6460,-100,-36.0,40.0,3.5,10.0
6461,-100,-36.0,40.0,3.75,1.0
6462,-100,-36.0,40.0,3.75,1.5
6463,-100,-36.0,40.0,3.75,2.0
6464,-100,-36.0,40.0,3.75,2.5
6465,-100,-36.0,40.0,3.75,3.0
6466,-100,-36.0,40.0,3.75,3.5
6467,-100,-36.0,40.0,3.75,4.0
6468,-100,-36.0,40.0,3.75,4.5
6469,-100,-36.0,40.0,3.75,5.0
6470,-100,-36.0,40.0,3.75,5.5
6471,-100,-36.0,40.0,3.75,6.0
6472,-100,-36.0,40.0,3.75,6.5
6473,-100,-36.0,40.0,3.75,7.0
6474,-100,-36.0,40.0,3.75,7.5
6475,-100,-36.0,40.0,3.75,8.0
6476,-100,-36.0,40.0,3.75,8.5
6477,-100,-36.0,40.0,3.75,9.0
6478,-100,-36.0,40.0,3.75,9.5
6479,-100,-36.0,40.0,3.75,10.0
6480,-100,-36.0,40.0,4.0,1.0
6481,-100,-36.0,40.0,4.0,1.5
6482,-100,-36.0,40.0,4.0,2.0
6483,-100,-36.0,40.0,4.0,2.5
6484,-100,-36.0,40.0,4.0,3.0
6485,-100,-36.0,40.0,4.0,3.5
6486,-100,-36.0,40.0,4.0,4.0
6487,-100,-36.0,40.0,4.0,4.5
6488,-100,-36.0,40.0,4.0,5.0
6489,-100,-36.0,40.0,4.0,5.5
6490,-100,-36.0,40.0,4.0,6.0
6491,-100,-36.0,40.0,4.0,6.5
6492,-100,-36.0,40.0,4.0,7.0
6493,-100,-36.0,40.0,4.0,7.5
6494,-100,-36.0,40.0,4.0,8.0
6495,-100,-36.0,40.0,4.0,8.5
6496,-100,-36.0,40.0,4.0,9.0
6497,-100,-36.0,40.0,4.0,9.5
6498,-100,-36.0,40.0,4.0,10.0
6499,-100,-36.0,55.0,2.0,1.0
6500,-100,-36.0,55.0,2.0,1.5
6501,-100,-36.0,55.0,2.0,2.0
6502,-100,-36.0,55.0,2.0,2.5
6503,-100,-36.0,55.0,2.0,3.0
6504,-100,-36.0,55.0,2.0,3.5
6505,-100,-36.0,55.0,2.0,4.0
6506,-100,-36.0,55.0,2.0,4.5
6507,-100,-36.0,55.0,2.0,5.0
6508,-100,-36.0,55.0,2.0,5.5
6509,-100,-36.0,55.0,2.0,6.0
6510,-100,-36.0,55.0,2.0,6.5
6511,-100,-36.0,55.0,2.0,7.0
6512,-100,-36.0,55.0,2.0,7.5
6513,-100,-36.0,55.0,2.0,8.0
6514,-100,-36.0,55.0,2.0,8.5
6515,-100,-36.0,55.0,2.0,9.0
6516,-100,-36.0,55.0,2.0,9.5
6517,-100,-36.0,55.0,2.0,10.0
6518,-100,-36.0,55.0,2.25,1.0
6519,-100,-36.0,55.0,2.25,1.5
6520,-100,-36.0,55.0,2.25,2.0
6521,-100,-36.0,55.0,2.25,2.5
6522,-100,-36.0,55.0,2.25,3.0
6523,-100,-36.0,55.0,2.25,3.5
6524,-100,-36.0,55.0,2.25,4.0
6525,-100,-36.0,55.0,2.25,4.5
6526,-100,-36.0,55.0,2.25,5.0
6527,-100,-36.0,55.0,2.25,5.5
6528,-100,-36.0,55.0,2.25,6.0
6529,-100,-36.0,55.0,2.25,6.5
6530,-100,-36.0,55.0,2.25,7.0
6531,-100,-36.0,55.0,2.25,7.5
6532,-100,-36.0,55.0,2.25,8.0
6533,-100,-36.0,55.0,2.25,8.5
6534,-100,-36.0,55.0,2.25,9.0
6535,-100,-36.0,55.0,2.25,9.5
6536,-100,-36.0,55.0,2.25,10.0
6537,-100,-36.0,55.0,2.5,1.0
6538,-100,-36.0,55.0,2.5,1.5
6539,-100,-36.0,55.0,2.5,2.0
6540,-100,-36.0,55.0,2.5,2.5
6541,-100,-36.0,55.0,2.5,3.0
6542,-100,-36.0,55.0,2.5,3.5
6543,-100,-36.0,55.0,2.5,4.0
6544,-100,-36.0,55.0,2.5,4.5
6545,-100,-36.0,55.0,2.5,5.0
6546,-100,-36.0,55.0,2.5,5.5
6547,-100,-36.0,55.0,2.5,6.0
6548,-100,-36.0,55.0,2.5,6.5
6549,-100,-36.0,55.0,2.5,7.0
6550,-100,-36.0,55.0,2.5,7.5
6551,-100,-36.0,55.0,2.5,8.0
6552,-100,-36.0,55.0,2.5,8.5
6553,-100,-36.0,55.0,2.5,9.0
6554,-100,-36.0,55.0,2.5,9.5
6555,-100,-36.0,55.0,2.5,10.0
6556,-100,-36.0,55.0,2.75,1.0
6557,-100,-36.0,55.0,2.75,1.5
6558,-100,-36.0,55.0,2.75,2.0
6559,-100,-36.0,55.0,2.75,2.5
6560,-100,-36.0,55.0,2.75,3.0
6561,-100,-36.0,55.0,2.75,3.5
6562,-100,-36.0,55.0,2.75,4.0
6563,-100,-36.0,55.0,2.75,4.5
6564,-100,-36.0,55.0,2.75,5.0
6565,-100,-36.0,55.0,2.75,5.5
6566,-100,-36.0,55.0,2.75,6.0
6567,-100,-36.0,55.0,2.75,6.5
6568,-100,-36.0,55.0,2.75,7.0
6569,-100,-36.0,55.0,2.75,7.5
6570,-100,-36.0,55.0,2.75,8.0
6571,-100,-36.0,55.0,2.75,8.5
6572,-100,-36.0,55.0,2.75,9.0
6573,-100,-36.0,55.0,2.75,9.5
6574,-100,-36.0,55.0,2.75,10.0
6575,-100,-36.0,55.0,3.0,1.0
6576,-100,-36.0,55.0,3.0,1.5
6577,-100,-36.0,55.0,3.0,2.0
6578,-100,-36.0,55.0,3.0,2.5
6579,-100,-36.0,55.0,3.0,3.0
6580,-100,-36.0,55.0,3.0,3.5
6581,-100,-36.0,55.0,3.0,4.0
6582,-100,-36.0,55.0,3.0,4.5
6583,-100,-36.0,55.0,3.0,5.0
6584,-100,-36.0,55.0,3.0,5.5
6585,-100,-36.0,55.0,3.0,6.0
6586,-100,-36.0,55.0,3.0,6.5
6587,-100,-36.0,55.0,3.0,7.0
6588,-100,-36.0,55.0,3.0,7.5
6589,-100,-36.0,55.0,3.0,8.0
6590,-100,-36.0,55.0,3.0,8.5
6591,-100,-36.0,55.0,3.0,9.0
6592,-100,-36.0,55.0,3.0,9.5
6593,-100,-36.0,55.0,3.0,10.0
6594,-100,-36.0,55.0,3.25,1.0
6595,-100,-36.0,55.0,3.25,1.5
6596,-100,-36.0,55.0,3.25,2.0
6597,-100,-36.0,55.0,3.25,2.5
6598,-100,-36.0,55.0,3.25,3.0
6599,-100,-36.0,55.0,3.25,3.5
6600,-100,-36.0,55.0,3.25,4.0
6601,-100,-36.0,55.0,3.25,4.5
6602,-100,-36.0,55.0,3.25,5.0
6603,-100,-36.0,55.0,3.25,5.5
6604,-100,-36.0,55.0,3.25,6.0
6605,-100,-36.0,55.0,3.25,6.5
6606,-100,-36.0,55.0,3.25,7.0
6607,-100,-36.0,55.0,3.25,7.5
6608,-100,-36.0,55.0,3.25,8.0
6609,-100,-36.0,55.0,3.25,8.5
6610,-100,-36.0,55.0,3.25,9.0
6611,-100,-36.0,55.0,3.25,9.5
6612,-100,-36.0,55.0,3.25,10.0
6613,-100,-36.0,55.0,3.5,1.0
6614,-100,-36.0,55.0,3.5,1.5
6615,-100,-36.0,55.0,3.5,2.0
6616,-100,-36.0,55.0,3.5,2.5
6617,-100,-36.0,55.0,3.5,3.0
6618,-100,-36.0,55.0,3.5,3.5
6619,-100,-36.0,55.0,3.5,4.0
6620,-100,-36.0,55.0,3.5,4.5
6621,-100,-36.0,55.0,3.5,5.0
6622,-100,-36.0,55.0,3.5,5.5
6623,-100,-36.0,55.0,3.5,6.0
6624,-100,-36.0,55.0,3.5,6.5
6625,-100,-36.0,55.0,3.5,7.0
6626,-100,-36.0,55.0,3.5,7.5
6627,-100,-36.0,55.0,3.5,8.0
6628,-100,-36.0,55.0,3.5,8.5
6629,-100,-36.0,55.0,3.5,9.0
6630,-100,-36.0,55.0,3.5,9.5
6631,-100,-36.0,55.0,3.5,10.0
6632,-100,-36.0,55.0,3.75,1.0
6633,-100,-36.0,55.0,3.75,1.5
6634,-100,-36.0,55.0,3.75,2.0
6635,-100,-36.0,55.0,3.75,2.5
6636,-100,-36.0,55.0,3.75,3.0
6637,-100,-36.0,55.0,3.75,3.5
6638,-100,-36.0,55.0,3.75,4.0
6639,-100,-36.0,55.0,3.75,4.5
6640,-100,-36.0,55.0,3.75,5.0
6641,-100,-36.0,55.0,3.75,5.5
6642,-100,-36.0,55.0,3.75,6.0
6643,-100,-36.0,55.0,3.75,6.5
6644,-100,-36.0,55.0,3.75,7.0
6645,-100,-36.0,55.0,3.75,7.5
6646,-100,-36.0,55.0,3.75,8.0
6647,-100,-36.0,55.0,3.75,8.5
6648,-100,-36.0,55.0,3.75,9.0
6649,-100,-36.0,55.0,3.75,9.5
6650,-100,-36.0,55.0,3.75,10.0
6651,-100,-36.0,55.0,4.0,1.0
6652,-100,-36.0,55.0,4.0,1.5
6653,-100,-36.0,55.0,4.0,2.0
6654,-100,-36.0,55.0,4.0,2.5
6655,-100,-36.0,55.0,4.0,3.0
6656,-100,-36.0,55.0,4.0,3.5
6657,-100,-36.0,55.0,4.0,4.0
6658,-100,-36.0,55.0,4.0,4.5
6659,-100,-36.0,55.0,4.0,5.0
6660,-100,-36.0,55.0,4.0,5.5
6661,-100,-36.0,55.0,4.0,6.0
6662,-100,-36.0,55.0,4.0,6.5
6663,-100,-36.0,55.0,4.0,7.0
6664,-100,-36.0,55.0,4.0,7.5
6665,-100,-36.0,55.0,4.0,8.0
6666,-100,-36.0,55.0,4.0,8.5
6667,-100,-36.0,55.0,4.0,9.0
6668,-100,-36.0,55.0,4.0,9.5
6669,-100,-36.0,55.0,4.0,10.0
6670,-100,-34.0,25.0,2.0,1.0
6671,-100,-34.0,25.0,2.0,1.5
6672,-100,-34.0,25.0,2.0,2.0
6673,-100,-34.0,25.0,2.0,2.5
6674,-100,-34.0,25.0,2.0,3.0
6675,-100,-34.0,25.0,2.0,3.5
6676,-100,-34.0,25.0,2.0,4.0
6677,-100,-34.0,25.0,2.0,4.5
6678,-100,-34.0,25.0,2.0,5.0
6679,-100,-34.0,25.0,2.0,5.5
6680,-100,-34.0,25.0,2.0,6.0
6681,-100,-34.0,25.0,2.0,6.5
6682,-100,-34.0,25.0,2.0,7.0
6683,-100,-34.0,25.0,2.0,7.5
6684,-100,-34.0,25.0,2.0,8.0
6685,-100,-34.0,25.0,2.0,8.5
6686,-100,-34.0,25.0,2.0,9.0
6687,-100,-34.0,25.0,2.0,9.5
6688,-100,-34.0,25.0,2.0,10.0
6689,-100,-34.0,25.0,2.25,1.0
6690,-100,-34.0,25.0,2.25,1.5
6691,-100,-34.0,25.0,2.25,2.0
6692,-100,-34.0,25.0,2.25,2.5
6693,-100,-34.0,25.0,2.25,3.0
6694,-100,-34.0,25.0,2.25,3.5
6695,-100,-34.0,25.0,2.25,4.0
6696,-100,-34.0,25.0,2.25,4.5
6697,-100,-34.0,25.0,2.25,5.0
6698,-100,-34.0,25.0,2.25,5.5
6699,-100,-34.0,25.0,2.25,6.0
6700,-100,-34.0,25.0,2.25,6.5
6701,-100,-34.0,25.0,2.25,7.0
6702,-100,-34.0,25.0,2.25,7.5
6703,-100,-34.0,25.0,2.25,8.0
6704,-100,-34.0,25.0,2.25,8.5
6705,-100,-34.0,25.0,2.25,9.0
6706,-100,-34.0,25.0,2.25,9.5
6707,-100,-34.0,25.0,2.25,10.0
6708,-100,-34.0,25.0,2.5,1.0
6709,-100,-34.0,25.0,2.5,1.5
6710,-100,-34.0,25.0,2.5,2.0
6711,-100,-34.0,25.0,2.5,2.5
6712,-100,-34.0,25.0,2.5,3.0
6713,-100,-34.0,25.0,2.5,3.5
6714,-100,-34.0,25.0,2.5,4.0
6715,-100,-34.0,25.0,2.5,4.5
6716,-100,-34.0,25.0,2.5,5.0
6717,-100,-34.0,25.0,2.5,5.5
6718,-100,-34.0,25.0,2.5,6.0
6719,-100,-34.0,25.0,2.5,6.5
6720,-100,-34.0,25.0,2.5,7.0
6721,-100,-34.0,25.0,2.5,7.5
6722,-100,-34.0,25.0,2.5,8.0
6723,-100,-34.0,25.0,2.5,8.5
6724,-100,-34.0,25.0,2.5,9.0
6725,-100,-34.0,25.0,2.5,9.5
6726,-100,-34.0,25.0,2.5,10.0
6727,-100,-34.0,25.0,2.75,1.0
6728,-100,-34.0,25.0,2.75,1.5
6729,-100,-34.0,25.0,2.75,2.0
6730,-100,-34.0,25.0,2.75,2.5
6731,-100,-34.0,25.0,2.75,3.0
6732,-100,-34.0,25.0,2.75,3.5
6733,-100,-34.0,25.0,2.75,4.0
6734,-100,-34.0,25.0,2.75,4.5
6735,-100,-34.0,25.0,2.75,5.0
6736,-100,-34.0,25.0,2.75,5.5
6737,-100,-34.0,25.0,2.75,6.0
6738,-100,-34.0,25.0,2.75,6.5
6739,-100,-34.0,25.0,2.75,7.0
6740,-100,-34.0,25.0,2.75,7.5
6741,-100,-34.0,25.0,2.75,8.0
6742,-100,-34.0,25.0,2.75,8.5
6743,-100,-34.0,25.0,2.75,9.0
6744,-100,-34.0,25.0,2.75,9.5
6745,-100,-34.0,25.0,2.75,10.0
6746,-100,-34.0,25.0,3.0,1.0
6747,-100,-34.0,25.0,3.0,1.5
6748,-100,-34.0,25.0,3.0,2.0
6749,-100,-34.0,25.0,3.0,2.5
6750,-100,-34.0,25.0,3.0,3.0
6751,-100,-34.0,25.0,3.0,3.5
6752,-100,-34.0,25.0,3.0,4.0
6753,-100,-34.0,25.0,3.0,4.5
6754,-100,-34.0,25.0,3.0,5.0
6755,-100,-34.0,25.0,3.0,5.5
6756,-100,-34.0,25.0,3.0,6.0
6757,-100,-34.0,25.0,3.0,6.5
6758,-100,-34.0,25.0,3.0,7.0
6759,-100,-34.0,25.0,3.0,7.5
6760,-100,-34.0,25.0,3.0,8.0
6761,-100,-34.0,25.0,3.0,8.5
6762,-100,-34.0,25.0,3.0,9.0
6763,-100,-34.0,25.0,3.0,9.5
6764,-100,-34.0,25.0,3.0,10.0
6765,-100,-34.0,25.0,3.25,1.0
6766,-100,-34.0,25.0,3.25,1.5
6767,-100,-34.0,25.0,3.25,2.0
6768,-100,-34.0,25.0,3.25,2.5
6769,-100,-34.0,25.0,3.25,3.0
6770,-100,-34.0,25.0,3.25,3.5
6771,-100,-34.0,25.0,3.25,4.0
6772,-100,-34.0,25.0,3.25,4.5
6773,-100,-34.0,25.0,3.25,5.0
6774,-100,-34.0,25.0,3.25,5.5
6775,-100,-34.0,25.0,3.25,6.0
6776,-100,-34.0,25.0,3.25,6.5
6777,-100,-34.0,25.0,3.25,7.0
6778,-100,-34.0,25.0,3.25,7.5
6779,-100,-34.0,25.0,3.25,8.0
6780,-100,-34.0,25.0,3.25,8.5
6781,-100,-34.0,25.0,3.25,9.0
6782,-100,-34.0,25.0,3.25,9.5
6783,-100,-34.0,25.0,3.25,10.0
6784,-100,-34.0,25.0,3.5,1.0
6785,-100,-34.0,25.0,3.5,1.5
6786,-100,-34.0,25.0,3.5,2.0
6787,-100,-34.0,25.0,3.5,2.5
6788,-100,-34.0,25.0,3.5,3.0
6789,-100,-34.0,25.0,3.5,3.5
6790,-100,-34.0,25.0,3.5,4.0
6791,-100,-34.0,25.0,3.5,4.5
6792,-100,-34.0,25.0,3.5,5.0
6793,-100,-34.0,25.0,3.5,5.5
6794,-100,-34.0,25.0,3.5,6.0
6795,-100,-34.0,25.0,3.5,6.5
6796,-100,-34.0,25.0,3.5,7.0
6797,-100,-34.0,25.0,3.5,7.5
6798,-100,-34.0,25.0,3.5,8.0
6799,-100,-34.0,25.0,3.5,8.5
6800,-100,-34.0,25.0,3.5,9.0
6801,-100,-34.0,25.0,3.5,9.5
6802,-100,-34.0,25.0,3.5,10.0
6803,-100,-34.0,25.0,3.75,1.0
6804,-100,-34.0,25.0,3.75,1.5
6805,-100,-34.0,25.0,3.75,2.0
6806,-100,-34.0,25.0,3.75,2.5
6807,-100,-34.0,25.0,3.75,3.0
6808,-100,-34.0,25.0,3.75,3.5
6809,-100,-34.0,25.0,3.75,4.0
6810,-100,-34.0,25.0,3.75,4.5
6811,-100,-34.0,25.0,3.75,5.0
6812,-100,-34.0,25.0,3.75,5.5
6813,-100,-34.0,25.0,3.75,6.0
6814,-100,-34.0,25.0,3.75,6.5
6815,-100,-34.0,25.0,3.75,7.0
6816,-100,-34.0,25.0,3.75,7.5
6817,-100,-34.0,25.0,3.75,8.0
6818,-100,-34.0,25.0,3.75,8.5
6819,-100,-34.0,25.0,3.75,9.0
6820,-100,-34.0,25.0,3.75,9.5
6821,-100,-34.0,25.0,3.75,10.0
6822,-100,-34.0,25.0,4.0,1.0
6823,-100,-34.0,25.0,4.0,1.5
6824,-100,-34.0,25.0,4.0,2.0
6825,-100,-34.0,25.0,4.0,2.5
6826,-100,-34.0,25.0,4.0,3.0
6827,-100,-34.0,25.0,4.0,3.5
6828,-100,-34.0,25.0,4.0,4.0
6829,-100,-34.0,25.0,4.0,4.5
6830,-100,-34.0,25.0,4.0,5.0
6831,-100,-34.0,25.0,4.0,5.5
6832,-100,-34.0,25.0,4.0,6.0
6833,-100,-34.0,25.0,4.0,6.5
6834,-100,-34.0,25.0,4.0,7.0
6835,-100,-34.0,25.0,4.0,7.5
6836,-100,-34.0,25.0,4.0,8.0
6837,-100,-34.0,25.0,4.0,8.5
6838,-100,-34.0,25.0,4.0,9.0
6839,-100,-34.0,25.0,4.0,9.5
6840,-100,-34.0,25.0,4.0,10.0
6841,-100,-34.0,40.0,2.0,1.0
6842,-100,-34.0,40.0,2.0,1.5
6843,-100,-34.0,40.0,2.0,2.0
6844,-100,-34.0,40.0,2.0,2.5
6845,-100,-34.0,40.0,2.0,3.0
6846,-100,-34.0,40.0,2.0,3.5
6847,-100,-34.0,40.0,2.0,4.0
6848,-100,-34.0,40.0,2.0,4.5
6849,-100,-34.0,40.0,2.0,5.0
6850,-100,-34.0,40.0,2.0,5.5
6851,-100,-34.0,40.0,2.0,6.0
6852,-100,-34.0,40.0,2.0,6.5
6853,-100,-34.0,40.0,2.0,7.0
6854,-100,-34.0,40.0,2.0,7.5
6855,-100,-34.0,40.0,2.0,8.0
6856,-100,-34.0,40.0,2.0,8.5
6857,-100,-34.0,40.0,2.0,9.0
6858,-100,-34.0,40.0,2.0,9.5
6859,-100,-34.0,40.0,2.0,10.0
6860,-100,-34.0,40.0,2.25,1.0
6861,-100,-34.0,40.0,2.25,1.5
6862,-100,-34.0,40.0,2.25,2.0
6863,-100,-34.0,40.0,2.25,2.5
6864,-100,-34.0,40.0,2.25,3.0
6865,-100,-34.0,40.0,2.25,3.5
6866,-100,-34.0,40.0,2.25,4.0
6867,-100,-34.0,40.0,2.25,4.5
6868,-100,-34.0,40.0,2.25,5.0
6869,-100,-34.0,40.0,2.25,5.5
6870,-100,-34.0,40.0,2.25,6.0
6871,-100,-34.0,40.0,2.25,6.5
6872,-100,-34.0,40.0,2.25,7.0
6873,-100,-34.0,40.0,2.25,7.5
6874,-100,-34.0,40.0,2.25,8.0
6875,-100,-34.0,40.0,2.25,8.5
6876,-100,-34.0,40.0,2.25,9.0
6877,-100,-34.0,40.0,2.25,9.5
6878,-100,-34.0,40.0,2.25,10.0
6879,-100,-34.0,40.0,2.5,1.0
6880,-100,-34.0,40.0,2.5,1.5
6881,-100,-34.0,40.0,2.5,2.0
6882,-100,-34.0,40.0,2.5,2.5
6883,-100,-34.0,40.0,2.5,3.0
6884,-100,-34.0,40.0,2.5,3.5
6885,-100,-34.0,40.0,2.5,4.0
6886,-100,-34.0,40.0,2.5,4.5
6887,-100,-34.0,40.0,2.5,5.0
6888,-100,-34.0,40.0,2.5,5.5
6889,-100,-34.0,40.0,2.5,6.0
6890,-100,-34.0,40.0,2.5,6.5
6891,-100,-34.0,40.0,2.5,7.0
6892,-100,-34.0,40.0,2.5,7.5
6893,-100,-34.0,40.0,2.5,8.0
6894,-100,-34.0,40.0,2.5,8.5
6895,-100,-34.0,40.0,2.5,9.0
6896,-100,-34.0,40.0,2.5,9.5
6897,-100,-34.0,40.0,2.5,10.0
6898,-100,-34.0,40.0,2.75,1.0
6899,-100,-34.0,40.0,2.75,1.5
6900,-100,-34.0,40.0,2.75,2.0
6901,-100,-34.0,40.0,2.75,2.5
6902,-100,-34.0,40.0,2.75,3.0
6903,-100,-34.0,40.0,2.75,3.5
6904,-100,-34.0,40.0,2.75,4.0
6905,-100,-34.0,40.0,2.75,4.5
6906,-100,-34.0,40.0,2.75,5.0
6907,-100,-34.0,40.0,2.75,5.5
6908,-100,-34.0,40.0,2.75,6.0
6909,-100,-34.0,40.0,2.75,6.5
6910,-100,-34.0,40.0,2.75,7.0
6911,-100,-34.0,40.0,2.75,7.5
6912,-100,-34.0,40.0,2.75,8.0
6913,-100,-34.0,40.0,2.75,8.5
6914,-100,-34.0,40.0,2.75,9.0
6915,-100,-34.0,40.0,2.75,9.5
6916,-100,-34.0,40.0,2.75,10.0
6917,-100,-34.0,40.0,3.0,1.0
6918,-100,-34.0,40.0,3.0,1.5
6919,-100,-34.0,40.0,3.0,2.0
6920,-100,-34.0,40.0,3.0,2.5
6921,-100,-34.0,40.0,3.0,3.0
6922,-100,-34.0,40.0,3.0,3.5
6923,-100,-34.0,40.0,3.0,4.0
6924,-100,-34.0,40.0,3.0,4.5
6925,-100,-34.0,40.0,3.0,5.0
6926,-100,-34.0,40.0,3.0,5.5
6927,-100,-34.0,40.0,3.0,6.0
6928,-100,-34.0,40.0,3.0,6.5
6929,-100,-34.0,40.0,3.0,7.0
6930,-100,-34.0,40.0,3.0,7.5
6931,-100,-34.0,40.0,3.0,8.0
6932,-100,-34.0,40.0,3.0,8.5
6933,-100,-34.0,40.0,3.0,9.0
6934,-100,-34.0,40.0,3.0,9.5
6935,-100,-34.0,40.0,3.0,10.0
6936,-100,-34.0,40.0,3.25,1.0
6937,-100,-34.0,40.0,3.25,1.5
6938,-100,-34.0,40.0,3.25,2.0
6939,-100,-34.0,40.0,3.25,2.5
6940,-100,-34.0,40.0,3.25,3.0
6941,-100,-34.0,40.0,3.25,3.5
6942,-100,-34.0,40.0,3.25,4.0
6943,-100,-34.0,40.0,3.25,4.5
6944,-100,-34.0,40.0,3.25,5.0
6945,-100,-34.0,40.0,3.25,5.5
6946,-100,-34.0,40.0,3.25,6.0
6947,-100,-34.0,40.0,3.25,6.5
6948,-100,-34.0,40.0,3.25,7.0
6949,-100,-34.0,40.0,3.25,7.5
6950,-100,-34.0,40.0,3.25,8.0
6951,-100,-34.0,40.0,3.25,8.5
6952,-100,-34.0,40.0,3.25,9.0
6953,-100,-34.0,40.0,3.25,9.5
6954,-100,-34.0,40.0,3.25,10.0
6955,-100,-34.0,40.0,3.5,1.0
6956,-100,-34.0,40.0,3.5,1.5
6957,-100,-34.0,40.0,3.5,2.0
6958,-100,-34.0,40.0,3.5,2.5
6959,-100,-34.0,40.0,3.5,3.0
6960,-100,-34.0,40.0,3.5,3.5
6961,-100,-34.0,40.0,3.5,4.0
6962,-100,-34.0,40.0,3.5,4.5
6963,-100,-34.0,40.0,3.5,5.0
6964,-100,-34.0,40.0,3.5,5.5
6965,-100,-34.0,40.0,3.5,6.0
6966,-100,-34.0,40.0,3.5,6.5
6967,-100,-34.0,40.0,3.5,7.0
6968,-100,-34.0,40.0,3.5,7.5
6969,-100,-34.0,40.0,3.5,8.0
6970,-100,-34.0,40.0,3.5,8.5
6971,-100,-34.0,40.0,3.5,9.0
6972,-100,-34.0,40.0,3.5,9.5
6973,-100,-34.0,40.0,3.5,10.0
6974,-100,-34.0,40.0,3.75,1.0
6975,-100,-34.0,40.0,3.75,1.5
6976,-100,-34.0,40.0,3.75,2.0
6977,-100,-34.0,40.0,3.75,2.5
6978,-100,-34.0,40.0,3.75,3.0
6979,-100,-34.0,40.0,3.75,3.5
6980,-100,-34.0,40.0,3.75,4.0
6981,-100,-34.0,40.0,3.75,4.5
6982,-100,-34.0,40.0,3.75,5.0
6983,-100,-34.0,40.0,3.75,5.5
6984,-100,-34.0,40.0,3.75,6.0
6985,-100,-34.0,40.0,3.75,6.5
6986,-100,-34.0,40.0,3.75,7.0
6987,-100,-34.0,40.0,3.75,7.5
6988,-100,-34.0,40.0,3.75,8.0
6989,-100,-34.0,40.0,3.75,8.5
6990,-100,-34.0,40.0,3.75,9.0
6991,-100,-34.0,40.0,3.75,9.5
6992,-100,-34.0,40.0,3.75,10.0
6993,-100,-34.0,40.0,4.0,1.0
6994,-100,-34.0,40.0,4.0,1.5
6995,-100,-34.0,40.0,4.0,2.0
6996,-100,-34.0,40.0,4.0,2.5
6997,-100,-34.0,40.0,4.0,3.0
6998,-100,-34.0,40.0,4.0,3.5
6999,-100,-34.0,40.0,4.0,4.0
7000,-100,-34.0,40.0,4.0,4.5
7001,-100,-34.0,40.0,4.0,5.0
7002,-100,-34.0,40.0,4.0,5.5
7003,-100,-34.0,40.0,4.0,6.0
7004,-100,-34.0,40.0,4.0,6.5
7005,-100,-34.0,40.0,4.0,7.0
7006,-100,-34.0,40.0,4.0,7.5
7007,-100,-34.0,40.0,4.0,8.0
7008,-100,-34.0,40.0,4.0,8.5
7009,-100,-34.0,40.0,4.0,9.0
7010,-100,-34.0,40.0,4.0,9.5
7011,-100,-34.0,40.0,4.0,10.0
7012,-100,-34.0,55.0,2.0,1.0
7013,-100,-34.0,55.0,2.0,1.5
7014,-100,-34.0,55.0,2.0,2.0
7015,-100,-34.0,55.0,2.0,2.5
7016,-100,-34.0,55.0,2.0,3.0
7017,-100,-34.0,55.0,2.0,3.5
7018,-100,-34.0,55.0,2.0,4.0
7019,-100,-34.0,55.0,2.0,4.5
7020,-100,-34.0,55.0,2.0,5.0
7021,-100,-34.0,55.0,2.0,5.5
7022,-100,-34.0,55.0,2.0,6.0
7023,-100,-34.0,55.0,2.0,6.5
7024,-100,-34.0,55.0,2.0,7.0
7025,-100,-34.0,55.0,2.0,7.5
7026,-100,-34.0,55.0,2.0,8.0
7027,-100,-34.0,55.0,2.0,8.5
7028,-100,-34.0,55.0,2.0,9.0
7029,-100,-34.0,55.0,2.0,9.5
7030,-100,-34.0,55.0,2.0,10.0
7031,-100,-34.0,55.0,2.25,1.0
7032,-100,-34.0,55.0,2.25,1.5
7033,-100,-34.0,55.0,2.25,2.0
7034,-100,-34.0,55.0,2.25,2.5
7035,-100,-34.0,55.0,2.25,3.0
7036,-100,-34.0,55.0,2.25,3.5
7037,-100,-34.0,55.0,2.25,4.0
7038,-100,-34.0,55.0,2.25,4.5
7039,-100,-34.0,55.0,2.25,5.0
7040,-100,-34.0,55.0,2.25,5.5
7041,-100,-34.0,55.0,2.25,6.0
7042,-100,-34.0,55.0,2.25,6.5
7043,-100,-34.0,55.0,2.25,7.0
7044,-100,-34.0,55.0,2.25,7.5
7045,-100,-34.0,55.0,2.25,8.0
7046,-100,-34.0,55.0,2.25,8.5
7047,-100,-34.0,55.0,2.25,9.0
7048,-100,-34.0,55.0,2.25,9.5
7049,-100,-34.0,55.0,2.25,10.0
7050,-100,-34.0,55.0,2.5,1.0
7051,-100,-34.0,55.0,2.5,1.5
7052,-100,-34.0,55.0,2.5,2.0
7053,-100,-34.0,55.0,2.5,2.5
7054,-100,-34.0,55.0,2.5,3.0
7055,-100,-34.0,55.0,2.5,3.5
7056,-100,-34.0,55.0,2.5,4.0
7057,-100,-34.0,55.0,2.5,4.5
7058,-100,-34.0,55.0,2.5,5.0
7059,-100,-34.0,55.0,2.5,5.5
7060,-100,-34.0,55.0,2.5,6.0
7061,-100,-34.0,55.0,2.5,6.5
7062,-100,-34.0,55.0,2.5,7.0
7063,-100,-34.0,55.0,2.5,7.5
7064,-100,-34.0,55.0,2.5,8.0
7065,-100,-34.0,55.0,2.5,8.5
7066,-100,-34.0,55.0,2.5,9.0
7067,-100,-34.0,55.0,2.5,9.5
7068,-100,-34.0,55.0,2.5,10.0
7069,-100,-34.0,55.0,2.75,1.0
7070,-100,-34.0,55.0,2.75,1.5
7071,-100,-34.0,55.0,2.75,2.0
7072,-100,-34.0,55.0,2.75,2.5
7073,-100,-34.0,55.0,2.75,3.0
7074,-100,-34.0,55.0,2.75,3.5
7075,-100,-34.0,55.0,2.75,4.0
7076,-100,-34.0,55.0,2.75,4.5
7077,-100,-34.0,55.0,2.75,5.0
7078,-100,-34.0,55.0,2.75,5.5
7079,-100,-34.0,55.0,2.75,6.0
7080,-100,-34.0,55.0,2.75,6.5
7081,-100,-34.0,55.0,2.75,7.0
7082,-100,-34.0,55.0,2.75,7.5
7083,-100,-34.0,55.0,2.75,8.0
7084,-100,-34.0,55.0,2.75,8.5
7085,-100,-34.0,55.0,2.75,9.0
7086,-100,-34.0,55.0,2.75,9.5
7087,-100,-34.0,55.0,2.75,10.0
7088,-100,-34.0,55.0,3.0,1.0
7089,-100,-34.0,55.0,3.0,1.5
7090,-100,-34.0,55.0,3.0,2.0
7091,-100,-34.0,55.0,3.0,2.5
7092,-100,-34.0,55.0,3.0,3.0
7093,-100,-34.0,55.0,3.0,3.5
7094,-100,-34.0,55.0,3.0,4.0
7095,-100,-34.0,55.0,3.0,4.5
7096,-100,-34.0,55.0,3.0,5.0
7097,-100,-34.0,55.0,3.0,5.5
7098,-100,-34.0,55.0,3.0,6.0
7099,-100,-34.0,55.0,3.0,6.5
7100,-100,-34.0,55.0,3.0,7.0
7101,-100,-34.0,55.0,3.0,7.5
7102,-100,-34.0,55.0,3.0,8.0
7103,-100,-34.0,55.0,3.0,8.5
7104,-100,-34.0,55.0,3.0,9.0
7105,-100,-34.0,55.0,3.0,9.5
7106,-100,-34.0,55.0,3.0,10.0
7107,-100,-34.0,55.0,3.25,1.0
7108,-100,-34.0,55.0,3.25,1.5
7109,-100,-34.0,55.0,3.25,2.0
7110,-100,-34.0,55.0,3.25,2.5
7111,-100,-34.0,55.0,3.25,3.0
7112,-100,-34.0,55.0,3.25,3.5
7113,-100,-34.0,55.0,3.25,4.0
7114,-100,-34.0,55.0,3.25,4.5
7115,-100,-34.0,55.0,3.25,5.0
7116,-100,-34.0,55.0,3.25,5.5
7117,-100,-34.0,55.0,3.25,6.0
7118,-100,-34.0,55.0,3.25,6.5
7119,-100,-34.0,55.0,3.25,7.0
7120,-100,-34.0,55.0,3.25,7.5
7121,-100,-34.0,55.0,3.25,8.0
7122,-100,-34.0,55.0,3.25,8.5
7123,-100,-34.0,55.0,3.25,9.0
7124,-100,-34.0,55.0,3.25,9.5
7125,-100,-34.0,55.0,3.25,10.0
7126,-100,-34.0,55.0,3.5,1.0
7127,-100,-34.0,55.0,3.5,1.5
7128,-100,-34.0,55.0,3.5,2.0
7129,-100,-34.0,55.0,3.5,2.5
7130,-100,-34.0,55.0,3.5,3.0
7131,-100,-34.0,55.0,3.5,3.5
7132,-100,-34.0,55.0,3.5,4.0
7133,-100,-34.0,55.0,3.5,4.5
7134,-100,-34.0,55.0,3.5,5.0
7135,-100,-34.0,55.0,3.5,5.5
7136,-100,-34.0,55.0,3.5,6.0
7137,-100,-34.0,55.0,3.5,6.5
7138,-100,-34.0,55.0,3.5,7.0
7139,-100,-34.0,55.0,3.5,7.5
7140,-100,-34.0,55.0,3.5,8.0
7141,-100,-34.0,55.0,3.5,8.5
7142,-100,-34.0,55.0,3.5,9.0
7143,-100,-34.0,55.0,3.5,9.5
7144,-100,-34.0,55.0,3.5,10.0
7145,-100,-34.0,55.0,3.75,1.0
7146,-100,-34.0,55.0,3.75,1.5
7147,-100,-34.0,55.0,3.75,2.0
7148,-100,-34.0,55.0,3.75,2.5
7149,-100,-34.0,55.0,3.75,3.0
7150,-100,-34.0,55.0,3.75,3.5
7151,-100,-34.0,55.0,3.75,4.0
7152,-100,-34.0,55.0,3.75,4.5
7153,-100,-34.0,55.0,3.75,5.0
7154,-100,-34.0,55.0,3.75,5.5
7155,-100,-34.0,55.0,3.75,6.0
7156,-100,-34.0,55.0,3.75,6.5
7157,-100,-34.0,55.0,3.75,7.0
7158,-100,-34.0,55.0,3.75,7.5
7159,-100,-34.0,55.0,3.75,8.0
7160,-100,-34.0,55.0,3.75,8.5
7161,-100,-34.0,55.0,3.75,9.0
7162,-100,-34.0,55.0,3.75,9.5
7163,-100,-34.0,55.0,3.75,10.0
7164,-100,-34.0,55.0,4.0,1.0
7165,-100,-34.0,55.0,4.0,1.5
7166,-100,-34.0,55.0,4.0,2.0
7167,-100,-34.0,55.0,4.0,2.5
7168,-100,-34.0,55.0,4.0,3.0
7169,-100,-34.0,55.0,4.0,3.5
7170,-100,-34.0,55.0,4.0,4.0
7171,-100,-34.0,55.0,4.0,4.5
7172,-100,-34.0,55.0,4.0,5.0
7173,-100,-34.0,55.0,4.0,5.5
7174,-100,-34.0,55.0,4.0,6.0
7175,-100,-34.0,55.0,4.0,6.5
7176,-100,-34.0,55.0,4.0,7.0
7177,-100,-34.0,55.0,4.0,7.5
7178,-100,-34.0,55.0,4.0,8.0
7179,-100,-34.0,55.0,4.0,8.5
7180,-100,-34.0,55.0,4.0,9.0
7181,-100,-34.0,55.0,4.0,9.5
7182,-100,-34.0,55.0,4.0,10.0
7183,-100,-32.0,25.0,2.0,1.0
7184,-100,-32.0,25.0,2.0,1.5
7185,-100,-32.0,25.0,2.0,2.0
7186,-100,-32.0,25.0,2.0,2.5
7187,-100,-32.0,25.0,2.0,3.0
7188,-100,-32.0,25.0,2.0,3.5
7189,-100,-32.0,25.0,2.0,4.0
7190,-100,-32.0,25.0,2.0,4.5
7191,-100,-32.0,25.0,2.0,5.0
7192,-100,-32.0,25.0,2.0,5.5
7193,-100,-32.0,25.0,2.0,6.0
7194,-100,-32.0,25.0,2.0,6.5
7195,-100,-32.0,25.0,2.0,7.0
7196,-100,-32.0,25.0,2.0,7.5
7197,-100,-32.0,25.0,2.0,8.0
7198,-100,-32.0,25.0,2.0,8.5
7199,-100,-32.0,25.0,2.0,9.0
7200,-100,-32.0,25.0,2.0,9.5
7201,-100,-32.0,25.0,2.0,10.0
7202,-100,-32.0,25.0,2.25,1.0
7203,-100,-32.0,25.0,2.25,1.5
7204,-100,-32.0,25.0,2.25,2.0
7205,-100,-32.0,25.0,2.25,2.5
7206,-100,-32.0,25.0,2.25,3.0
7207,-100,-32.0,25.0,2.25,3.5
7208,-100,-32.0,25.0,2.25,4.0
7209,-100,-32.0,25.0,2.25,4.5
7210,-100,-32.0,25.0,2.25,5.0
7211,-100,-32.0,25.0,2.25,5.5
7212,-100,-32.0,25.0,2.25,6.0
7213,-100,-32.0,25.0,2.25,6.5
7214,-100,-32.0,25.0,2.25,7.0
7215,-100,-32.0,25.0,2.25,7.5
7216,-100,-32.0,25.0,2.25,8.0
7217,-100,-32.0,25.0,2.25,8.5
7218,-100,-32.0,25.0,2.25,9.0
7219,-100,-32.0,25.0,2.25,9.5
7220,-100,-32.0,25.0,2.25,10.0
7221,-100,-32.0,25.0,2.5,1.0
7222,-100,-32.0,25.0,2.5,1.5
7223,-100,-32.0,25.0,2.5,2.0
7224,-100,-32.0,25.0,2.5,2.5
7225,-100,-32.0,25.0,2.5,3.0
7226,-100,-32.0,25.0,2.5,3.5
7227,-100,-32.0,25.0,2.5,4.0
7228,-100,-32.0,25.0,2.5,4.5
7229,-100,-32.0,25.0,2.5,5.0
7230,-100,-32.0,25.0,2.5,5.5
7231,-100,-32.0,25.0,2.5,6.0
7232,-100,-32.0,25.0,2.5,6.5
7233,-100,-32.0,25.0,2.5,7.0
7234,-100,-32.0,25.0,2.5,7.5
7235,-100,-32.0,25.0,2.5,8.0
7236,-100,-32.0,25.0,2.5,8.5
7237,-100,-32.0,25.0,2.5,9.0
7238,-100,-32.0,25.0,2.5,9.5
7239,-100,-32.0,25.0,2.5,10.0
7240,-100,-32.0,25.0,2.75,1.0
7241,-100,-32.0,25.0,2.75,1.5
7242,-100,-32.0,25.0,2.75,2.0
7243,-100,-32.0,25.0,2.75,2.5
7244,-100,-32.0,25.0,2.75,3.0
7245,-100,-32.0,25.0,2.75,3.5
7246,-100,-32.0,25.0,2.75,4.0
7247,-100,-32.0,25.0,2.75,4.5
7248,-100,-32.0,25.0,2.75,5.0
7249,-100,-32.0,25.0,2.75,5.5
7250,-100,-32.0,25.0,2.75,6.0
7251,-100,-32.0,25.0,2.75,6.5
7252,-100,-32.0,25.0,2.75,7.0
7253,-100,-32.0,25.0,2.75,7.5
7254,-100,-32.0,25.0,2.75,8.0
7255,-100,-32.0,25.0,2.75,8.5
7256,-100,-32.0,25.0,2.75,9.0
7257,-100,-32.0,25.0,2.75,9.5
7258,-100,-32.0,25.0,2.75,10.0
7259,-100,-32.0,25.0,3.0,1.0
7260,-100,-32.0,25.0,3.0,1.5
7261,-100,-32.0,25.0,3.0,2.0
7262,-100,-32.0,25.0,3.0,2.5
7263,-100,-32.0,25.0,3.0,3.0
7264,-100,-32.0,25.0,3.0,3.5
7265,-100,-32.0,25.0,3.0,4.0
7266,-100,-32.0,25.0,3.0,4.5
7267,-100,-32.0,25.0,3.0,5.0
7268,-100,-32.0,25.0,3.0,5.5
7269,-100,-32.0,25.0,3.0,6.0
7270,-100,-32.0,25.0,3.0,6.5
7271,-100,-32.0,25.0,3.0,7.0
7272,-100,-32.0,25.0,3.0,7.5
7273,-100,-32.0,25.0,3.0,8.0
7274,-100,-32.0,25.0,3.0,8.5
7275,-100,-32.0,25.0,3.0,9.0
7276,-100,-32.0,25.0,3.0,9.5
7277,-100,-32.0,25.0,3.0,10.0
7278,-100,-32.0,25.0,3.25,1.0
7279,-100,-32.0,25.0,3.25,1.5
7280,-100,-32.0,25.0,3.25,2.0
7281,-100,-32.0,25.0,3.25,2.5
7282,-100,-32.0,25.0,3.25,3.0
7283,-100,-32.0,25.0,3.25,3.5
7284,-100,-32.0,25.0,3.25,4.0
7285,-100,-32.0,25.0,3.25,4.5
7286,-100,-32.0,25.0,3.25,5.0
7287,-100,-32.0,25.0,3.25,5.5
7288,-100,-32.0,25.0,3.25,6.0
7289,-100,-32.0,25.0,3.25,6.5
7290,-100,-32.0,25.0,3.25,7.0
7291,-100,-32.0,25.0,3.25,7.5
7292,-100,-32.0,25.0,3.25,8.0
7293,-100,-32.0,25.0,3.25,8.5
7294,-100,-32.0,25.0,3.25,9.0
7295,-100,-32.0,25.0,3.25,9.5
7296,-100,-32.0,25.0,3.25,10.0
7297,-100,-32.0,25.0,3.5,1.0
7298,-100,-32.0,25.0,3.5,1.5
7299,-100,-32.0,25.0,3.5,2.0
7300,-100,-32.0,25.0,3.5,2.5
7301,-100,-32.0,25.0,3.5,3.0
7302,-100,-32.0,25.0,3.5,3.5
7303,-100,-32.0,25.0,3.5,4.0
7304,-100,-32.0,25.0,3.5,4.5
7305,-100,-32.0,25.0,3.5,5.0
7306,-100,-32.0,25.0,3.5,5.5
7307,-100,-32.0,25.0,3.5,6.0
7308,-100,-32.0,25.0,3.5,6.5
7309,-100,-32.0,25.0,3.5,7.0
7310,-100,-32.0,25.0,3.5,7.5
7311,-100,-32.0,25.0,3.5,8.0
7312,-100,-32.0,25.0,3.5,8.5
7313,-100,-32.0,25.0,3.5,9.0
7314,-100,-32.0,25.0,3.5,9.5
7315,-100,-32.0,25.0,3.5,10.0
7316,-100,-32.0,25.0,3.75,1.0
7317,-100,-32.0,25.0,3.75,1.5
7318,-100,-32.0,25.0,3.75,2.0
7319,-100,-32.0,25.0,3.75,2.5
7320,-100,-32.0,25.0,3.75,3.0
7321,-100,-32.0,25.0,3.75,3.5
7322,-100,-32.0,25.0,3.75,4.0
7323,-100,-32.0,25.0,3.75,4.5
7324,-100,-32.0,25.0,3.75,5.0
7325,-100,-32.0,25.0,3.75,5.5
7326,-100,-32.0,25.0,3.75,6.0
7327,-100,-32.0,25.0,3.75,6.5
7328,-100,-32.0,25.0,3.75,7.0
7329,-100,-32.0,25.0,3.75,7.5
7330,-100,-32.0,25.0,3.75,8.0
7331,-100,-32.0,25.0,3.75,8.5
7332,-100,-32.0,25.0,3.75,9.0
7333,-100,-32.0,25.0,3.75,9.5
7334,-100,-32.0,25.0,3.75,10.0
7335,-100,-32.0,25.0,4.0,1.0
7336,-100,-32.0,25.0,4.0,1.5
7337,-100,-32.0,25.0,4.0,2.0
7338,-100,-32.0,25.0,4.0,2.5
7339,-100,-32.0,25.0,4.0,3.0
7340,-100,-32.0,25.0,4.0,3.5
7341,-100,-32.0,25.0,4.0,4.0
7342,-100,-32.0,25.0,4.0,4.5
7343,-100,-32.0,25.0,4.0,5.0
7344,-100,-32.0,25.0,4.0,5.5
7345,-100,-32.0,25.0,4.0,6.0
7346,-100,-32.0,25.0,4.0,6.5
7347,-100,-32.0,25.0,4.0,7.0
7348,-100,-32.0,25.0,4.0,7.5
7349,-100,-32.0,25.0,4.0,8.0
7350,-100,-32.0,25.0,4.0,8.5
7351,-100,-32.0,25.0,4.0,9.0
7352,-100,-32.0,25.0,4.0,9.5
7353,-100,-32.0,25.0,4.0,10.0
7354,-100,-32.0,40.0,2.0,1.0
7355,-100,-32.0,40.0,2.0,1.5
7356,-100,-32.0,40.0,2.0,2.0
7357,-100,-32.0,40.0,2.0,2.5
7358,-100,-32.0,40.0,2.0,3.0
7359,-100,-32.0,40.0,2.0,3.5
7360,-100,-32.0,40.0,2.0,4.0
7361,-100,-32.0,40.0,2.0,4.5
7362,-100,-32.0,40.0,2.0,5.0
7363,-100,-32.0,40.0,2.0,5.5
7364,-100,-32.0,40.0,2.0,6.0
7365,-100,-32.0,40.0,2.0,6.5
7366,-100,-32.0,40.0,2.0,7.0
7367,-100,-32.0,40.0,2.0,7.5
7368,-100,-32.0,40.0,2.0,8.0
7369,-100,-32.0,40.0,2.0,8.5
7370,-100,-32.0,40.0,2.0,9.0
7371,-100,-32.0,40.0,2.0,9.5
7372,-100,-32.0,40.0,2.0,10.0
7373,-100,-32.0,40.0,2.25,1.0
7374,-100,-32.0,40.0,2.25,1.5
7375,-100,-32.0,40.0,2.25,2.0
7376,-100,-32.0,40.0,2.25,2.5
7377,-100,-32.0,40.0,2.25,3.0
7378,-100,-32.0,40.0,2.25,3.5
7379,-100,-32.0,40.0,2.25,4.0
7380,-100,-32.0,40.0,2.25,4.5
7381,-100,-32.0,40.0,2.25,5.0
7382,-100,-32.0,40.0,2.25,5.5
7383,-100,-32.0,40.0,2.25,6.0
7384,-100,-32.0,40.0,2.25,6.5
7385,-100,-32.0,40.0,2.25,7.0
7386,-100,-32.0,40.0,2.25,7.5
7387,-100,-32.0,40.0,2.25,8.0
7388,-100,-32.0,40.0,2.25,8.5
7389,-100,-32.0,40.0,2.25,9.0
7390,-100,-32.0,40.0,2.25,9.5
7391,-100,-32.0,40.0,2.25,10.0
7392,-100,-32.0,40.0,2.5,1.0
7393,-100,-32.0,40.0,2.5,1.5
7394,-100,-32.0,40.0,2.5,2.0
7395,-100,-32.0,40.0,2.5,2.5
7396,-100,-32.0,40.0,2.5,3.0
7397,-100,-32.0,40.0,2.5,3.5
7398,-100,-32.0,40.0,2.5,4.0
7399,-100,-32.0,40.0,2.5,4.5
7400,-100,-32.0,40.0,2.5,5.0
7401,-100,-32.0,40.0,2.5,5.5
7402,-100,-32.0,40.0,2.5,6.0
7403,-100,-32.0,40.0,2.5,6.5
7404,-100,-32.0,40.0,2.5,7.0
7405,-100,-32.0,40.0,2.5,7.5
7406,-100,-32.0,40.0,2.5,8.0
7407,-100,-32.0,40.0,2.5,8.5
7408,-100,-32.0,40.0,2.5,9.0
7409,-100,-32.0,40.0,2.5,9.5
7410,-100,-32.0,40.0,2.5,10.0
7411,-100,-32.0,40.0,2.75,1.0
7412,-100,-32.0,40.0,2.75,1.5
7413,-100,-32.0,40.0,2.75,2.0
7414,-100,-32.0,40.0,2.75,2.5
7415,-100,-32.0,40.0,2.75,3.0
7416,-100,-32.0,40.0,2.75,3.5
7417,-100,-32.0,40.0,2.75,4.0
7418,-100,-32.0,40.0,2.75,4.5
7419,-100,-32.0,40.0,2.75,5.0
7420,-100,-32.0,40.0,2.75,5.5
7421,-100,-32.0,40.0,2.75,6.0
7422,-100,-32.0,40.0,2.75,6.5
7423,-100,-32.0,40.0,2.75,7.0
7424,-100,-32.0,40.0,2.75,7.5
7425,-100,-32.0,40.0,2.75,8.0
7426,-100,-32.0,40.0,2.75,8.5
7427,-100,-32.0,40.0,2.75,9.0
7428,-100,-32.0,40.0,2.75,9.5
7429,-100,-32.0,40.0,2.75,10.0
7430,-100,-32.0,40.0,3.0,1.0
7431,-100,-32.0,40.0,3.0,1.5
7432,-100,-32.0,40.0,3.0,2.0
7433,-100,-32.0,40.0,3.0,2.5
7434,-100,-32.0,40.0,3.0,3.0
7435,-100,-32.0,40.0,3.0,3.5
7436,-100,-32.0,40.0,3.0,4.0
7437,-100,-32.0,40.0,3.0,4.5
7438,-100,-32.0,40.0,3.0,5.0
7439,-100,-32.0,40.0,3.0,5.5
7440,-100,-32.0,40.0,3.0,6.0
7441,-100,-32.0,40.0,3.0,6.5
7442,-100,-32.0,40.0,3.0,7.0
7443,-100,-32.0,40.0,3.0,7.5
7444,-100,-32.0,40.0,3.0,8.0
7445,-100,-32.0,40.0,3.0,8.5
7446,-100,-32.0,40.0,3.0,9.0
7447,-100,-32.0,40.0,3.0,9.5
7448,-100,-32.0,40.0,3.0,10.0
7449,-100,-32.0,40.0,3.25,1.0
7450,-100,-32.0,40.0,3.25,1.5
7451,-100,-32.0,40.0,3.25,2.0
7452,-100,-32.0,40.0,3.25,2.5
7453,-100,-32.0,40.0,3.25,3.0
7454,-100,-32.0,40.0,3.25,3.5
7455,-100,-32.0,40.0,3.25,4.0
7456,-100,-32.0,40.0,3.25,4.5
7457,-100,-32.0,40.0,3.25,5.0
7458,-100,-32.0,40.0,3.25,5.5
7459,-100,-32.0,40.0,3.25,6.0
7460,-100,-32.0,40.0,3.25,6.5
7461,-100,-32.0,40.0,3.25,7.0
7462,-100,-32.0,40.0,3.25,7.5
7463,-100,-32.0,40.0,3.25,8.0
7464,-100,-32.0,40.0,3.25,8.5
7465,-100,-32.0,40.0,3.25,9.0
7466,-100,-32.0,40.0,3.25,9.5
7467,-100,-32.0,40.0,3.25,10.0
7468,-100,-32.0,40.0,3.5,1.0
7469,-100,-32.0,40.0,3.5,1.5
7470,-100,-32.0,40.0,3.5,2.0
7471,-100,-32.0,40.0,3.5,2.5
7472,-100,-32.0,40.0,3.5,3.0
7473,-100,-32.0,40.0,3.5,3.5
7474,-100,-32.0,40.0,3.5,4.0
7475,-100,-32.0,40.0,3.5,4.5
7476,-100,-32.0,40.0,3.5,5.0
7477,-100,-32.0,40.0,3.5,5.5
7478,-100,-32.0,40.0,3.5,6.0
7479,-100,-32.0,40.0,3.5,6.5
7480,-100,-32.0,40.0,3.5,7.0
7481,-100,-32.0,40.0,3.5,7.5
7482,-100,-32.0,40.0,3.5,8.0
7483,-100,-32.0,40.0,3.5,8.5
7484,-100,-32.0,40.0,3.5,9.0
7485,-100,-32.0,40.0,3.5,9.5
7486,-100,-32.0,40.0,3.5,10.0
7487,-100,-32.0,40.0,3.75,1.0
7488,-100,-32.0,40.0,3.75,1.5
7489,-100,-32.0,40.0,3.75,2.0
7490,-100,-32.0,40.0,3.75,2.5
7491,-100,-32.0,40.0,3.75,3.0
7492,-100,-32.0,40.0,3.75,3.5
7493,-100,-32.0,40.0,3.75,4.0
7494,-100,-32.0,40.0,3.75,4.5
7495,-100,-32.0,40.0,3.75,5.0
7496,-100,-32.0,40.0,3.75,5.5
7497,-100,-32.0,40.0,3.75,6.0
7498,-100,-32.0,40.0,3.75,6.5
7499,-100,-32.0,40.0,3.75,7.0
7500,-100,-32.0,40.0,3.75,7.5
7501,-100,-32.0,40.0,3.75,8.0
7502,-100,-32.0,40.0,3.75,8.5
7503,-100,-32.0,40.0,3.75,9.0
7504,-100,-32.0,40.0,3.75,9.5
7505,-100,-32.0,40.0,3.75,10.0
7506,-100,-32.0,40.0,4.0,1.0
7507,-100,-32.0,40.0,4.0,1.5
7508,-100,-32.0,40.0,4.0,2.0
7509,-100,-32.0,40.0,4.0,2.5
7510,-100,-32.0,40.0,4.0,3.0
7511,-100,-32.0,40.0,4.0,3.5
7512,-100,-32.0,40.0,4.0,4.0
7513,-100,-32.0,40.0,4.0,4.5
7514,-100,-32.0,40.0,4.0,5.0
7515,-100,-32.0,40.0,4.0,5.5
7516,-100,-32.0,40.0,4.0,6.0
7517,-100,-32.0,40.0,4.0,6.5
7518,-100,-32.0,40.0,4.0,7.0
7519,-100,-32.0,40.0,4.0,7.5
7520,-100,-32.0,40.0,4.0,8.0
7521,-100,-32.0,40.0,4.0,8.5
7522,-100,-32.0,40.0,4.0,9.0
7523,-100,-32.0,40.0,4.0,9.5
7524,-100,-32.0,40.0,4.0,10.0
7525,-100,-32.0,55.0,2.0,1.0
7526,-100,-32.0,55.0,2.0,1.5
7527,-100,-32.0,55.0,2.0,2.0
7528,-100,-32.0,55.0,2.0,2.5
7529,-100,-32.0,55.0,2.0,3.0
7530,-100,-32.0,55.0,2.0,3.5
7531,-100,-32.0,55.0,2.0,4.0
7532,-100,-32.0,55.0,2.0,4.5
7533,-100,-32.0,55.0,2.0,5.0
7534,-100,-32.0,55.0,2.0,5.5
7535,-100,-32.0,55.0,2.0,6.0
7536,-100,-32.0,55.0,2.0,6.5
7537,-100,-32.0,55.0,2.0,7.0
7538,-100,-32.0,55.0,2.0,7.5
7539,-100,-32.0,55.0,2.0,8.0
7540,-100,-32.0,55.0,2.0,8.5
7541,-100,-32.0,55.0,2.0,9.0
7542,-100,-32.0,55.0,2.0,9.5
7543,-100,-32.0,55.0,2.0,10.0
7544,-100,-32.0,55.0,2.25,1.0
7545,-100,-32.0,55.0,2.25,1.5
7546,-100,-32.0,55.0,2.25,2.0
7547,-100,-32.0,55.0,2.25,2.5
7548,-100,-32.0,55.0,2.25,3.0
7549,-100,-32.0,55.0,2.25,3.5
7550,-100,-32.0,55.0,2.25,4.0
7551,-100,-32.0,55.0,2.25,4.5
7552,-100,-32.0,55.0,2.25,5.0
7553,-100,-32.0,55.0,2.25,5.5
7554,-100,-32.0,55.0,2.25,6.0
7555,-100,-32.0,55.0,2.25,6.5
7556,-100,-32.0,55.0,2.25,7.0
7557,-100,-32.0,55.0,2.25,7.5
7558,-100,-32.0,55.0,2.25,8.0
7559,-100,-32.0,55.0,2.25,8.5
7560,-100,-32.0,55.0,2.25,9.0
7561,-100,-32.0,55.0,2.25,9.5
7562,-100,-32.0,55.0,2.25,10.0
7563,-100,-32.0,55.0,2.5,1.0
7564,-100,-32.0,55.0,2.5,1.5
7565,-100,-32.0,55.0,2.5,2.0
7566,-100,-32.0,55.0,2.5,2.5
7567,-100,-32.0,55.0,2.5,3.0
7568,-100,-32.0,55.0,2.5,3.5
7569,-100,-32.0,55.0,2.5,4.0
7570,-100,-32.0,55.0,2.5,4.5
7571,-100,-32.0,55.0,2.5,5.0
7572,-100,-32.0,55.0,2.5,5.5
7573,-100,-32.0,55.0,2.5,6.0
7574,-100,-32.0,55.0,2.5,6.5
7575,-100,-32.0,55.0,2.5,7.0
7576,-100,-32.0,55.0,2.5,7.5
7577,-100,-32.0,55.0,2.5,8.0
7578,-100,-32.0,55.0,2.5,8.5
7579,-100,-32.0,55.0,2.5,9.0
7580,-100,-32.0,55.0,2.5,9.5
7581,-100,-32.0,55.0,2.5,10.0
7582,-100,-32.0,55.0,2.75,1.0
7583,-100,-32.0,55.0,2.75,1.5
7584,-100,-32.0,55.0,2.75,2.0
7585,-100,-32.0,55.0,2.75,2.5
7586,-100,-32.0,55.0,2.75,3.0
7587,-100,-32.0,55.0,2.75,3.5
7588,-100,-32.0,55.0,2.75,4.0
7589,-100,-32.0,55.0,2.75,4.5
7590,-100,-32.0,55.0,2.75,5.0
7591,-100,-32.0,55.0,2.75,5.5
7592,-100,-32.0,55.0,2.75,6.0
7593,-100,-32.0,55.0,2.75,6.5
7594,-100,-32.0,55.0,2.75,7.0
7595,-100,-32.0,55.0,2.75,7.5
7596,-100,-32.0,55.0,2.75,8.0
7597,-100,-32.0,55.0,2.75,8.5
7598,-100,-32.0,55.0,2.75,9.0
7599,-100,-32.0,55.0,2.75,9.5
7600,-100,-32.0,55.0,2.75,10.0
7601,-100,-32.0,55.0,3.0,1.0
7602,-100,-32.0,55.0,3.0,1.5
7603,-100,-32.0,55.0,3.0,2.0
7604,-100,-32.0,55.0,3.0,2.5
7605,-100,-32.0,55.0,3.0,3.0
7606,-100,-32.0,55.0,3.0,3.5
7607,-100,-32.0,55.0,3.0,4.0
7608,-100,-32.0,55.0,3.0,4.5
7609,-100,-32.0,55.0,3.0,5.0
7610,-100,-32.0,55.0,3.0,5.5
7611,-100,-32.0,55.0,3.0,6.0
7612,-100,-32.0,55.0,3.0,6.5
7613,-100,-32.0,55.0,3.0,7.0
7614,-100,-32.0,55.0,3.0,7.5
7615,-100,-32.0,55.0,3.0,8.0
7616,-100,-32.0,55.0,3.0,8.5
7617,-100,-32.0,55.0,3.0,9.0
7618,-100,-32.0,55.0,3.0,9.5
7619,-100,-32.0,55.0,3.0,10.0
7620,-100,-32.0,55.0,3.25,1.0
7621,-100,-32.0,55.0,3.25,1.5
7622,-100,-32.0,55.0,3.25,2.0
7623,-100,-32.0,55.0,3.25,2.5
7624,-100,-32.0,55.0,3.25,3.0
7625,-100,-32.0,55.0,3.25,3.5
7626,-100,-32.0,55.0,3.25,4.0
7627,-100,-32.0,55.0,3.25,4.5
7628,-100,-32.0,55.0,3.25,5.0
7629,-100,-32.0,55.0,3.25,5.5
7630,-100,-32.0,55.0,3.25,6.0
7631,-100,-32.0,55.0,3.25,6.5
7632,-100,-32.0,55.0,3.25,7.0
7633,-100,-32.0,55.0,3.25,7.5
7634,-100,-32.0,55.0,3.25,8.0
7635,-100,-32.0,55.0,3.25,8.5
7636,-100,-32.0,55.0,3.25,9.0
7637,-100,-32.0,55.0,3.25,9.5
7638,-100,-32.0,55.0,3.25,10.0
7639,-100,-32.0,55.0,3.5,1.0
7640,-100,-32.0,55.0,3.5,1.5
7641,-100,-32.0,55.0,3.5,2.0
7642,-100,-32.0,55.0,3.5,2.5
7643,-100,-32.0,55.0,3.5,3.0
7644,-100,-32.0,55.0,3.5,3.5
7645,-100,-32.0,55.0,3.5,4.0
7646,-100,-32.0,55.0,3.5,4.5
7647,-100,-32.0,55.0,3.5,5.0
7648,-100,-32.0,55.0,3.5,5.5
7649,-100,-32.0,55.0,3.5,6.0
7650,-100,-32.0,55.0,3.5,6.5
7651,-100,-32.0,55.0,3.5,7.0
7652,-100,-32.0,55.0,3.5,7.5
7653,-100,-32.0,55.0,3.5,8.0
7654,-100,-32.0,55.0,3.5,8.5
7655,-100,-32.0,55.0,3.5,9.0
7656,-100,-32.0,55.0,3.5,9.5
7657,-100,-32.0,55.0,3.5,10.0
7658,-100,-32.0,55.0,3.75,1.0
7659,-100,-32.0,55.0,3.75,1.5
7660,-100,-32.0,55.0,3.75,2.0
7661,-100,-32.0,55.0,3.75,2.5
7662,-100,-32.0,55.0,3.75,3.0
7663,-100,-32.0,55.0,3.75,3.5
7664,-100,-32.0,55.0,3.75,4.0
7665,-100,-32.0,55.0,3.75,4.5
7666,-100,-32.0,55.0,3.75,5.0
7667,-100,-32.0,55.0,3.75,5.5
7668,-100,-32.0,55.0,3.75,6.0
7669,-100,-32.0,55.0,3.75,6.5
7670,-100,-32.0,55.0,3.75,7.0
7671,-100,-32.0,55.0,3.75,7.5
7672,-100,-32.0,55.0,3.75,8.0
7673,-100,-32.0,55.0,3.75,8.5
7674,-100,-32.0,55.0,3.75,9.0
7675,-100,-32.0,55.0,3.75,9.5
7676,-100,-32.0,55.0,3.75,10.0
7677,-100,-32.0,55.0,4.0,1.0
7678,-100,-32.0,55.0,4.0,1.5
7679,-100,-32.0,55.0,4.0,2.0
7680,-100,-32.0,55.0,4.0,2.5
7681,-100,-32.0,55.0,4.0,3.0
7682,-100,-32.0,55.0,4.0,3.5
7683,-100,-32.0,55.0,4.0,4.0
7684,-100,-32.0,55.0,4.0,4.5
7685,-100,-32.0,55.0,4.0,5.0
7686,-100,-32.0,55.0,4.0,5.5
7687,-100,-32.0,55.0,4.0,6.0
7688,-100,-32.0,55.0,4.0,6.5
7689,-100,-32.0,55.0,4.0,7.0
7690,-100,-32.0,55.0,4.0,7.5
7691,-100,-32.0,55.0,4.0,8.0
7692,-100,-32.0,55.0,4.0,8.5
7693,-100,-32.0,55.0,4.0,9.0
7694,-100,-32.0,55.0,4.0,9.5
7695,-100,-32.0,55.0,4.0,10.0
7696,-100,-30.0,25.0,2.0,1.0
7697,-100,-30.0,25.0,2.0,1.5
7698,-100,-30.0,25.0,2.0,2.0
7699,-100,-30.0,25.0,2.0,2.5
7700,-100,-30.0,25.0,2.0,3.0
7701,-100,-30.0,25.0,2.0,3.5
7702,-100,-30.0,25.0,2.0,4.0
7703,-100,-30.0,25.0,2.0,4.5
7704,-100,-30.0,25.0,2.0,5.0
7705,-100,-30.0,25.0,2.0,5.5
7706,-100,-30.0,25.0,2.0,6.0
7707,-100,-30.0,25.0,2.0,6.5
7708,-100,-30.0,25.0,2.0,7.0
7709,-100,-30.0,25.0,2.0,7.5
7710,-100,-30.0,25.0,2.0,8.0
7711,-100,-30.0,25.0,2.0,8.5
7712,-100,-30.0,25.0,2.0,9.0
7713,-100,-30.0,25.0,2.0,9.5
7714,-100,-30.0,25.0,2.0,10.0
7715,-100,-30.0,25.0,2.25,1.0
7716,-100,-30.0,25.0,2.25,1.5
7717,-100,-30.0,25.0,2.25,2.0
7718,-100,-30.0,25.0,2.25,2.5
7719,-100,-30.0,25.0,2.25,3.0
7720,-100,-30.0,25.0,2.25,3.5
7721,-100,-30.0,25.0,2.25,4.0
7722,-100,-30.0,25.0,2.25,4.5
7723,-100,-30.0,25.0,2.25,5.0
7724,-100,-30.0,25.0,2.25,5.5
7725,-100,-30.0,25.0,2.25,6.0
7726,-100,-30.0,25.0,2.25,6.5
7727,-100,-30.0,25.0,2.25,7.0
7728,-100,-30.0,25.0,2.25,7.5
7729,-100,-30.0,25.0,2.25,8.0
7730,-100,-30.0,25.0,2.25,8.5
7731,-100,-30.0,25.0,2.25,9.0
7732,-100,-30.0,25.0,2.25,9.5
7733,-100,-30.0,25.0,2.25,10.0
7734,-100,-30.0,25.0,2.5,1.0
7735,-100,-30.0,25.0,2.5,1.5
7736,-100,-30.0,25.0,2.5,2.0
7737,-100,-30.0,25.0,2.5,2.5
7738,-100,-30.0,25.0,2.5,3.0
7739,-100,-30.0,25.0,2.5,3.5
7740,-100,-30.0,25.0,2.5,4.0
7741,-100,-30.0,25.0,2.5,4.5
7742,-100,-30.0,25.0,2.5,5.0
7743,-100,-30.0,25.0,2.5,5.5
7744,-100,-30.0,25.0,2.5,6.0
7745,-100,-30.0,25.0,2.5,6.5
7746,-100,-30.0,25.0,2.5,7.0
7747,-100,-30.0,25.0,2.5,7.5
7748,-100,-30.0,25.0,2.5,8.0
7749,-100,-30.0,25.0,2.5,8.5
7750,-100,-30.0,25.0,2.5,9.0
7751,-100,-30.0,25.0,2.5,9.5
7752,-100,-30.0,25.0,2.5,10.0
7753,-100,-30.0,25.0,2.75,1.0
7754,-100,-30.0,25.0,2.75,1.5
7755,-100,-30.0,25.0,2.75,2.0
7756,-100,-30.0,25.0,2.75,2.5
7757,-100,-30.0,25.0,2.75,3.0
7758,-100,-30.0,25.0,2.75,3.5
7759,-100,-30.0,25.0,2.75,4.0
7760,-100,-30.0,25.0,2.75,4.5
7761,-100,-30.0,25.0,2.75,5.0
7762,-100,-30.0,25.0,2.75,5.5
7763,-100,-30.0,25.0,2.75,6.0
7764,-100,-30.0,25.0,2.75,6.5
7765,-100,-30.0,25.0,2.75,7.0
7766,-100,-30.0,25.0,2.75,7.5
7767,-100,-30.0,25.0,2.75,8.0
7768,-100,-30.0,25.0,2.75,8.5
7769,-100,-30.0,25.0,2.75,9.0
7770,-100,-30.0,25.0,2.75,9.5
7771,-100,-30.0,25.0,2.75,10.0
7772,-100,-30.0,25.0,3.0,1.0
7773,-100,-30.0,25.0,3.0,1.5
7774,-100,-30.0,25.0,3.0,2.0
7775,-100,-30.0,25.0,3.0,2.5
7776,-100,-30.0,25.0,3.0,3.0
7777,-100,-30.0,25.0,3.0,3.5
7778,-100,-30.0,25.0,3.0,4.0
7779,-100,-30.0,25.0,3.0,4.5
7780,-100,-30.0,25.0,3.0,5.0
7781,-100,-30.0,25.0,3.0,5.5
7782,-100,-30.0,25.0,3.0,6.0
7783,-100,-30.0,25.0,3.0,6.5
7784,-100,-30.0,25.0,3.0,7.0
7785,-100,-30.0,25.0,3.0,7.5
7786,-100,-30.0,25.0,3.0,8.0
7787,-100,-30.0,25.0,3.0,8.5
7788,-100,-30.0,25.0,3.0,9.0
7789,-100,-30.0,25.0,3.0,9.5
7790,-100,-30.0,25.0,3.0,10.0
7791,-100,-30.0,25.0,3.25,1.0
7792,-100,-30.0,25.0,3.25,1.5
7793,-100,-30.0,25.0,3.25,2.0
7794,-100,-30.0,25.0,3.25,2.5
7795,-100,-30.0,25.0,3.25,3.0
7796,-100,-30.0,25.0,3.25,3.5
7797,-100,-30.0,25.0,3.25,4.0
7798,-100,-30.0,25.0,3.25,4.5
7799,-100,-30.0,25.0,3.25,5.0
7800,-100,-30.0,25.0,3.25,5.5
7801,-100,-30.0,25.0,3.25,6.0
7802,-100,-30.0,25.0,3.25,6.5
7803,-100,-30.0,25.0,3.25,7.0
7804,-100,-30.0,25.0,3.25,7.5
7805,-100,-30.0,25.0,3.25,8.0
7806,-100,-30.0,25.0,3.25,8.5
7807,-100,-30.0,25.0,3.25,9.0
7808,-100,-30.0,25.0,3.25,9.5
7809,-100,-30.0,25.0,3.25,10.0
7810,-100,-30.0,25.0,3.5,1.0
7811,-100,-30.0,25.0,3.5,1.5
7812,-100,-30.0,25.0,3.5,2.0
7813,-100,-30.0,25.0,3.5,2.5
7814,-100,-30.0,25.0,3.5,3.0
7815,-100,-30.0,25.0,3.5,3.5
7816,-100,-30.0,25.0,3.5,4.0
7817,-100,-30.0,25.0,3.5,4.5
7818,-100,-30.0,25.0,3.5,5.0
7819,-100,-30.0,25.0,3.5,5.5
7820,-100,-30.0,25.0,3.5,6.0
7821,-100,-30.0,25.0,3.5,6.5
7822,-100,-30.0,25.0,3.5,7.0
7823,-100,-30.0,25.0,3.5,7.5
7824,-100,-30.0,25.0,3.5,8.0
7825,-100,-30.0,25.0,3.5,8.5
7826,-100,-30.0,25.0,3.5,9.0
7827,-100,-30.0,25.0,3.5,9.5
7828,-100,-30.0,25.0,3.5,10.0
7829,-100,-30.0,25.0,3.75,1.0
7830,-100,-30.0,25.0,3.75,1.5
7831,-100,-30.0,25.0,3.75,2.0
7832,-100,-30.0,25.0,3.75,2.5
7833,-100,-30.0,25.0,3.75,3.0
7834,-100,-30.0,25.0,3.75,3.5
7835,-100,-30.0,25.0,3.75,4.0
7836,-100,-30.0,25.0,3.75,4.5
7837,-100,-30.0,25.0,3.75,5.0
7838,-100,-30.0,25.0,3.75,5.5
7839,-100,-30.0,25.0,3.75,6.0
7840,-100,-30.0,25.0,3.75,6.5
7841,-100,-30.0,25.0,3.75,7.0
7842,-100,-30.0,25.0,3.75,7.5
7843,-100,-30.0,25.0,3.75,8.0
7844,-100,-30.0,25.0,3.75,8.5
7845,-100,-30.0,25.0,3.75,9.0
7846,-100,-30.0,25.0,3.75,9.5
7847,-100,-30.0,25.0,3.75,10.0
7848,-100,-30.0,25.0,4.0,1.0
7849,-100,-30.0,25.0,4.0,1.5
7850,-100,-30.0,25.0,4.0,2.0
7851,-100,-30.0,25.0,4.0,2.5
7852,-100,-30.0,25.0,4.0,3.0
7853,-100,-30.0,25.0,4.0,3.5
7854,-100,-30.0,25.0,4.0,4.0
7855,-100,-30.0,25.0,4.0,4.5
7856,-100,-30.0,25.0,4.0,5.0
7857,-100,-30.0,25.0,4.0,5.5
7858,-100,-30.0,25.0,4.0,6.0
7859,-100,-30.0,25.0,4.0,6.5
7860,-100,-30.0,25.0,4.0,7.0
7861,-100,-30.0,25.0,4.0,7.5
7862,-100,-30.0,25.0,4.0,8.0
7863,-100,-30.0,25.0,4.0,8.5
7864,-100,-30.0,25.0,4.0,9.0
7865,-100,-30.0,25.0,4.0,9.5
7866,-100,-30.0,25.0,4.0,10.0
7867,-100,-30.0,40.0,2.0,1.0
7868,-100,-30.0,40.0,2.0,1.5
7869,-100,-30.0,40.0,2.0,2.0
7870,-100,-30.0,40.0,2.0,2.5
7871,-100,-30.0,40.0,2.0,3.0
7872,-100,-30.0,40.0,2.0,3.5
7873,-100,-30.0,40.0,2.0,4.0
7874,-100,-30.0,40.0,2.0,4.5
7875,-100,-30.0,40.0,2.0,5.0
7876,-100,-30.0,40.0,2.0,5.5
7877,-100,-30.0,40.0,2.0,6.0
7878,-100,-30.0,40.0,2.0,6.5
7879,-100,-30.0,40.0,2.0,7.0
7880,-100,-30.0,40.0,2.0,7.5
7881,-100,-30.0,40.0,2.0,8.0
7882,-100,-30.0,40.0,2.0,8.5
7883,-100,-30.0,40.0,2.0,9.0
7884,-100,-30.0,40.0,2.0,9.5
7885,-100,-30.0,40.0,2.0,10.0
7886,-100,-30.0,40.0,2.25,1.0
7887,-100,-30.0,40.0,2.25,1.5
7888,-100,-30.0,40.0,2.25,2.0
7889,-100,-30.0,40.0,2.25,2.5
7890,-100,-30.0,40.0,2.25,3.0
7891,-100,-30.0,40.0,2.25,3.5
7892,-100,-30.0,40.0,2.25,4.0
7893,-100,-30.0,40.0,2.25,4.5
7894,-100,-30.0,40.0,2.25,5.0
7895,-100,-30.0,40.0,2.25,5.5
7896,-100,-30.0,40.0,2.25,6.0
7897,-100,-30.0,40.0,2.25,6.5
7898,-100,-30.0,40.0,2.25,7.0
7899,-100,-30.0,40.0,2.25,7.5
7900,-100,-30.0,40.0,2.25,8.0
7901,-100,-30.0,40.0,2.25,8.5
7902,-100,-30.0,40.0,2.25,9.0
7903,-100,-30.0,40.0,2.25,9.5
7904,-100,-30.0,40.0,2.25,10.0
7905,-100,-30.0,40.0,2.5,1.0
7906,-100,-30.0,40.0,2.5,1.5
7907,-100,-30.0,40.0,2.5,2.0
7908,-100,-30.0,40.0,2.5,2.5
7909,-100,-30.0,40.0,2.5,3.0
7910,-100,-30.0,40.0,2.5,3.5
7911,-100,-30.0,40.0,2.5,4.0
7912,-100,-30.0,40.0,2.5,4.5
7913,-100,-30.0,40.0,2.5,5.0
7914,-100,-30.0,40.0,2.5,5.5
7915,-100,-30.0,40.0,2.5,6.0
7916,-100,-30.0,40.0,2.5,6.5
7917,-100,-30.0,40.0,2.5,7.0
7918,-100,-30.0,40.0,2.5,7.5
7919,-100,-30.0,40.0,2.5,8.0
7920,-100,-30.0,40.0,2.5,8.5
7921,-100,-30.0,40.0,2.5,9.0
7922,-100,-30.0,40.0,2.5,9.5
7923,-100,-30.0,40.0,2.5,10.0
7924,-100,-30.0,40.0,2.75,1.0
7925,-100,-30.0,40.0,2.75,1.5
7926,-100,-30.0,40.0,2.75,2.0
7927,-100,-30.0,40.0,2.75,2.5
7928,-100,-30.0,40.0,2.75,3.0
7929,-100,-30.0,40.0,2.75,3.5
7930,-100,-30.0,40.0,2.75,4.0
7931,-100,-30.0,40.0,2.75,4.5
7932,-100,-30.0,40.0,2.75,5.0
7933,-100,-30.0,40.0,2.75,5.5
7934,-100,-30.0,40.0,2.75,6.0
7935,-100,-30.0,40.0,2.75,6.5
7936,-100,-30.0,40.0,2.75,7.0
7937,-100,-30.0,40.0,2.75,7.5
7938,-100,-30.0,40.0,2.75,8.0
7939,-100,-30.0,40.0,2.75,8.5
7940,-100,-30.0,40.0,2.75,9.0
7941,-100,-30.0,40.0,2.75,9.5
7942,-100,-30.0,40.0,2.75,10.0
7943,-100,-30.0,40.0,3.0,1.0
7944,-100,-30.0,40.0,3.0,1.5
7945,-100,-30.0,40.0,3.0,2.0
7946,-100,-30.0,40.0,3.0,2.5
7947,-100,-30.0,40.0,3.0,3.0
7948,-100,-30.0,40.0,3.0,3.5
7949,-100,-30.0,40.0,3.0,4.0
7950,-100,-30.0,40.0,3.0,4.5
7951,-100,-30.0,40.0,3.0,5.0
7952,-100,-30.0,40.0,3.0,5.5
7953,-100,-30.0,40.0,3.0,6.0
7954,-100,-30.0,40.0,3.0,6.5
7955,-100,-30.0,40.0,3.0,7.0
7956,-100,-30.0,40.0,3.0,7.5
7957,-100,-30.0,40.0,3.0,8.0
7958,-100,-30.0,40.0,3.0,8.5
7959,-100,-30.0,40.0,3.0,9.0
7960,-100,-30.0,40.0,3.0,9.5
7961,-100,-30.0,40.0,3.0,10.0
7962,-100,-30.0,40.0,3.25,1.0
7963,-100,-30.0,40.0,3.25,1.5
7964,-100,-30.0,40.0,3.25,2.0
7965,-100,-30.0,40.0,3.25,2.5
7966,-100,-30.0,40.0,3.25,3.0
7967,-100,-30.0,40.0,3.25,3.5
7968,-100,-30.0,40.0,3.25,4.0
7969,-100,-30.0,40.0,3.25,4.5
7970,-100,-30.0,40.0,3.25,5.0
7971,-100,-30.0,40.0,3.25,5.5
7972,-100,-30.0,40.0,3.25,6.0
7973,-100,-30.0,40.0,3.25,6.5
7974,-100,-30.0,40.0,3.25,7.0
7975,-100,-30.0,40.0,3.25,7.5
7976,-100,-30.0,40.0,3.25,8.0
7977,-100,-30.0,40.0,3.25,8.5
7978,-100,-30.0,40.0,3.25,9.0
7979,-100,-30.0,40.0,3.25,9.5
7980,-100,-30.0,40.0,3.25,10.0
7981,-100,-30.0,40.0,3.5,1.0
7982,-100,-30.0,40.0,3.5,1.5
7983,-100,-30.0,40.0,3.5,2.0
7984,-100,-30.0,40.0,3.5,2.5
7985,-100,-30.0,40.0,3.5,3.0
7986,-100,-30.0,40.0,3.5,3.5
7987,-100,-30.0,40.0,3.5,4.0
7988,-100,-30.0,40.0,3.5,4.5
7989,-100,-30.0,40.0,3.5,5.0
7990,-100,-30.0,40.0,3.5,5.5
7991,-100,-30.0,40.0,3.5,6.0
7992,-100,-30.0,40.0,3.5,6.5
7993,-100,-30.0,40.0,3.5,7.0
7994,-100,-30.0,40.0,3.5,7.5
7995,-100,-30.0,40.0,3.5,8.0
7996,-100,-30.0,40.0,3.5,8.5
7997,-100,-30.0,40.0,3.5,9.0
7998,-100,-30.0,40.0,3.5,9.5
7999,-100,-30.0,40.0,3.5,10.0
8000,-100,-30.0,40.0,3.75,1.0
8001,-100,-30.0,40.0,3.75,1.5
8002,-100,-30.0,40.0,3.75,2.0
8003,-100,-30.0,40.0,3.75,2.5
8004,-100,-30.0,40.0,3.75,3.0
8005,-100,-30.0,40.0,3.75,3.5
8006,-100,-30.0,40.0,3.75,4.0
8007,-100,-30.0,40.0,3.75,4.5
8008,-100,-30.0,40.0,3.75,5.0
8009,-100,-30.0,40.0,3.75,5.5
8010,-100,-30.0,40.0,3.75,6.0
8011,-100,-30.0,40.0,3.75,6.5
8012,-100,-30.0,40.0,3.75,7.0
8013,-100,-30.0,40.0,3.75,7.5
8014,-100,-30.0,40.0,3.75,8.0
8015,-100,-30.0,40.0,3.75,8.5
8016,-100,-30.0,40.0,3.75,9.0
8017,-100,-30.0,40.0,3.75,9.5
8018,-100,-30.0,40.0,3.75,10.0
8019,-100,-30.0,40.0,4.0,1.0
8020,-100,-30.0,40.0,4.0,1.5
8021,-100,-30.0,40.0,4.0,2.0
8022,-100,-30.0,40.0,4.0,2.5
8023,-100,-30.0,40.0,4.0,3.0
8024,-100,-30.0,40.0,4.0,3.5
8025,-100,-30.0,40.0,4.0,4.0
8026,-100,-30.0,40.0,4.0,4.5
8027,-100,-30.0,40.0,4.0,5.0
8028,-100,-30.0,40.0,4.0,5.5
8029,-100,-30.0,40.0,4.0,6.0
8030,-100,-30.0,40.0,4.0,6.5
8031,-100,-30.0,40.0,4.0,7.0
8032,-100,-30.0,40.0,4.0,7.5
8033,-100,-30.0,40.0,4.0,8.0
8034,-100,-30.0,40.0,4.0,8.5
8035,-100,-30.0,40.0,4.0,9.0
8036,-100,-30.0,40.0,4.0,9.5
8037,-100,-30.0,40.0,4.0,10.0
8038,-100,-30.0,55.0,2.0,1.0
8039,-100,-30.0,55.0,2.0,1.5
8040,-100,-30.0,55.0,2.0,2.0
8041,-100,-30.0,55.0,2.0,2.5
8042,-100,-30.0,55.0,2.0,3.0
8043,-100,-30.0,55.0,2.0,3.5
8044,-100,-30.0,55.0,2.0,4.0
8045,-100,-30.0,55.0,2.0,4.5
8046,-100,-30.0,55.0,2.0,5.0
8047,-100,-30.0,55.0,2.0,5.5
8048,-100,-30.0,55.0,2.0,6.0
8049,-100,-30.0,55.0,2.0,6.5
8050,-100,-30.0,55.0,2.0,7.0
8051,-100,-30.0,55.0,2.0,7.5
8052,-100,-30.0,55.0,2.0,8.0
8053,-100,-30.0,55.0,2.0,8.5
8054,-100,-30.0,55.0,2.0,9.0
8055,-100,-30.0,55.0,2.0,9.5
8056,-100,-30.0,55.0,2.0,10.0
8057,-100,-30.0,55.0,2.25,1.0
8058,-100,-30.0,55.0,2.25,1.5
8059,-100,-30.0,55.0,2.25,2.0
8060,-100,-30.0,55.0,2.25,2.5
8061,-100,-30.0,55.0,2.25,3.0
8062,-100,-30.0,55.0,2.25,3.5
8063,-100,-30.0,55.0,2.25,4.0
8064,-100,-30.0,55.0,2.25,4.5
8065,-100,-30.0,55.0,2.25,5.0
8066,-100,-30.0,55.0,2.25,5.5
8067,-100,-30.0,55.0,2.25,6.0
8068,-100,-30.0,55.0,2.25,6.5
8069,-100,-30.0,55.0,2.25,7.0
8070,-100,-30.0,55.0,2.25,7.5
8071,-100,-30.0,55.0,2.25,8.0
8072,-100,-30.0,55.0,2.25,8.5
8073,-100,-30.0,55.0,2.25,9.0
8074,-100,-30.0,55.0,2.25,9.5
8075,-100,-30.0,55.0,2.25,10.0
8076,-100,-30.0,55.0,2.5,1.0
8077,-100,-30.0,55.0,2.5,1.5
8078,-100,-30.0,55.0,2.5,2.0
8079,-100,-30.0,55.0,2.5,2.5
8080,-100,-30.0,55.0,2.5,3.0
8081,-100,-30.0,55.0,2.5,3.5
8082,-100,-30.0,55.0,2.5,4.0
8083,-100,-30.0,55.0,2.5,4.5
8084,-100,-30.0,55.0,2.5,5.0
8085,-100,-30.0,55.0,2.5,5.5
8086,-100,-30.0,55.0,2.5,6.0
8087,-100,-30.0,55.0,2.5,6.5
8088,-100,-30.0,55.0,2.5,7.0
8089,-100,-30.0,55.0,2.5,7.5
8090,-100,-30.0,55.0,2.5,8.0
8091,-100,-30.0,55.0,2.5,8.5
8092,-100,-30.0,55.0,2.5,9.0
8093,-100,-30.0,55.0,2.5,9.5
8094,-100,-30.0,55.0,2.5,10.0
8095,-100,-30.0,55.0,2.75,1.0
8096,-100,-30.0,55.0,2.75,1.5
8097,-100,-30.0,55.0,2.75,2.0
8098,-100,-30.0,55.0,2.75,2.5
8099,-100,-30.0,55.0,2.75,3.0
8100,-100,-30.0,55.0,2.75,3.5
8101,-100,-30.0,55.0,2.75,4.0
8102,-100,-30.0,55.0,2.75,4.5
8103,-100,-30.0,55.0,2.75,5.0
8104,-100,-30.0,55.0,2.75,5.5
8105,-100,-30.0,55.0,2.75,6.0
8106,-100,-30.0,55.0,2.75,6.5
8107,-100,-30.0,55.0,2.75,7.0
8108,-100,-30.0,55.0,2.75,7.5
8109,-100,-30.0,55.0,2.75,8.0
8110,-100,-30.0,55.0,2.75,8.5
8111,-100,-30.0,55.0,2.75,9.0
8112,-100,-30.0,55.0,2.75,9.5
8113,-100,-30.0,55.0,2.75,10.0
8114,-100,-30.0,55.0,3.0,1.0
8115,-100,-30.0,55.0,3.0,1.5
8116,-100,-30.0,55.0,3.0,2.0
8117,-100,-30.0,55.0,3.0,2.5
8118,-100,-30.0,55.0,3.0,3.0
8119,-100,-30.0,55.0,3.0,3.5
8120,-100,-30.0,55.0,3.0,4.0
8121,-100,-30.0,55.0,3.0,4.5
8122,-100,-30.0,55.0,3.0,5.0
8123,-100,-30.0,55.0,3.0,5.5
8124,-100,-30.0,55.0,3.0,6.0
8125,-100,-30.0,55.0,3.0,6.5
8126,-100,-30.0,55.0,3.0,7.0
8127,-100,-30.0,55.0,3.0,7.5
8128,-100,-30.0,55.0,3.0,8.0
8129,-100,-30.0,55.0,3.0,8.5
8130,-100,-30.0,55.0,3.0,9.0
8131,-100,-30.0,55.0,3.0,9.5
8132,-100,-30.0,55.0,3.0,10.0
8133,-100,-30.0,55.0,3.25,1.0
8134,-100,-30.0,55.0,3.25,1.5
8135,-100,-30.0,55.0,3.25,2.0
8136,-100,-30.0,55.0,3.25,2.5
8137,-100,-30.0,55.0,3.25,3.0
8138,-100,-30.0,55.0,3.25,3.5
8139,-100,-30.0,55.0,3.25,4.0
8140,-100,-30.0,55.0,3.25,4.5
8141,-100,-30.0,55.0,3.25,5.0
8142,-100,-30.0,55.0,3.25,5.5
8143,-100,-30.0,55.0,3.25,6.0
8144,-100,-30.0,55.0,3.25,6.5
8145,-100,-30.0,55.0,3.25,7.0
8146,-100,-30.0,55.0,3.25,7.5
8147,-100,-30.0,55.0,3.25,8.0
8148,-100,-30.0,55.0,3.25,8.5
8149,-100,-30.0,55.0,3.25,9.0
8150,-100,-30.0,55.0,3.25,9.5
8151,-100,-30.0,55.0,3.25,10.0
8152,-100,-30.0,55.0,3.5,1.0
8153,-100,-30.0,55.0,3.5,1.5
8154,-100,-30.0,55.0,3.5,2.0
8155,-100,-30.0,55.0,3.5,2.5
8156,-100,-30.0,55.0,3.5,3.0
8157,-100,-30.0,55.0,3.5,3.5
8158,-100,-30.0,55.0,3.5,4.0
8159,-100,-30.0,55.0,3.5,4.5
8160,-100,-30.0,55.0,3.5,5.0
8161,-100,-30.0,55.0,3.5,5.5
8162,-100,-30.0,55.0,3.5,6.0
8163,-100,-30.0,55.0,3.5,6.5
8164,-100,-30.0,55.0,3.5,7.0
8165,-100,-30.0,55.0,3.5,7.5
8166,-100,-30.0,55.0,3.5,8.0
8167,-100,-30.0,55.0,3.5,8.5
8168,-100,-30.0,55.0,3.5,9.0
8169,-100,-30.0,55.0,3.5,9.5
8170,-100,-30.0,55.0,3.5,10.0
8171,-100,-30.0,55.0,3.75,1.0
8172,-100,-30.0,55.0,3.75,1.5
8173,-100,-30.0,55.0,3.75,2.0
8174,-100,-30.0,55.0,3.75,2.5
8175,-100,-30.0,55.0,3.75,3.0
8176,-100,-30.0,55.0,3.75,3.5
8177,-100,-30.0,55.0,3.75,4.0
8178,-100,-30.0,55.0,3.75,4.5
8179,-100,-30.0,55.0,3.75,5.0
8180,-100,-30.0,55.0,3.75,5.5
8181,-100,-30.0,55.0,3.75,6.0
8182,-100,-30.0,55.0,3.75,6.5
8183,-100,-30.0,55.0,3.75,7.0
8184,-100,-30.0,55.0,3.75,7.5
8185,-100,-30.0,55.0,3.75,8.0
8186,-100,-30.0,55.0,3.75,8.5
8187,-100,-30.0,55.0,3.75,9.0
8188,-100,-30.0,55.0,3.75,9.5
8189,-100,-30.0,55.0,3.75,10.0
8190,-100,-30.0,55.0,4.0,1.0
8191,-100,-30.0,55.0,4.0,1.5
8192,-100,-30.0,55.0,4.0,2.0
8193,-100,-30.0,55.0,4.0,2.5
8194,-100,-30.0,55.0,4.0,3.0
8195,-100,-30.0,55.0,4.0,3.5
8196,-100,-30.0,55.0,4.0,4.0
8197,-100,-30.0,55.0,4.0,4.5
8198,-100,-30.0,55.0,4.0,5.0
8199,-100,-30.0,55.0,4.0,5.5
8200,-100,-30.0,55.0,4.0,6.0
8201,-100,-30.0,55.0,4.0,6.5
8202,-100,-30.0,55.0,4.0,7.0
8203,-100,-30.0,55.0,4.0,7.5
8204,-100,-30.0,55.0,4.0,8.0
8205,-100,-30.0,55.0,4.0,8.5
8206,-100,-30.0,55.0,4.0,9.0
8207,-100,-30.0,55.0,4.0,9.5
8208,-100,-30.0,55.0,4.0,10.0
