id,RX_SENSITIVITY_DBM,RSSI_INFLECTION_POINT,TRANSMITTING_RANGE,PATH_LOSS_EXPONENT,AWGN_SIGMA,mean_rssi_dbm,std_rssi_dbm,min_rssi_dbm,loss_rate_pct,throughput_pkt_s,mean_delay_s,std_delay_s,std_loss_rate,per_node_min_prr
12,-100,-120.0,40,1.0,6.5,-86.77,7.649,-100,40.1,92.46,1.243109,0.838628,15.8802,0.3264
4,-100,-120.0,40,1.0,2.5,-85.92,4.764,-100,36.0,98.75,1.107037,0.72492,16.0758,0.442
2,-100,-120.0,40,1.0,1.5,-86.35,4.257,-98,41.46,90.3,1.297058,0.770689,12.7026,0.45
8,-100,-120.0,40,1.0,4.5,-86.16,5.8009,-100,38.34,95.13,1.19318,0.755753,14.6682,0.4462
3,-100,-120.0,40,1.0,2.0,-86.49,4.32,-99,33.14,103.18,1.029517,0.610604,8.8523,0.5892
6,-100,-120.0,40,1.0,3.5,-87.65,5.4703,-100,38.24,95.28,1.183949,0.711764,10.7191,0.405
1,-100,-120.0,40,1.0,1.0,-87.2,3.9435,-97,37.51,96.44,1.15226,0.666449,8.6388,0.4748
9,-100,-120.0,40,1.0,5.0,-86.44,6.5307,-100,39.59,93.18,1.222407,0.670179,5.8502,0.5211
11,-100,-120.0,40,1.0,6.0,-86.83,6.6377,-100,40.53,91.77,1.23645,0.715184,8.8577,0.462
7,-100,-120.0,40,1.0,4.0,-86.39,5.4112,-100,34.91,100.37,1.066274,0.642931,10.9752,0.5002
5,-100,-120.0,40,1.0,3.0,-87.2,4.3259,-100,36.75,97.59,1.129948,0.643693,8.6281,0.5009
10,-100,-120.0,40,1.0,5.5,-87.39,6.8074,-100,37.86,95.93,1.15901,0.661348,10.6003,0.4527
15,-100,-120.0,40,1.0,8.0,-86.99,8.4253,-100,42.18,89.24,1.320494,0.790373,11.7513,0.3946
13,-100,-120.0,40,1.0,7.0,-87.64,7.4195,-100,38.02,95.62,1.167575,0.754449,14.0429,0.4314
17,-100,-120.0,40,1.0,9.0,-87.11,8.8934,-100,39.02,94.1,1.202975,0.672953,7.7047,0.4892
21,-100,-120.0,40,1.0,11.0,-86.61,10.1725,-100,39.82,92.86,1.220166,0.722685,11.853,0.4632
24,-100,-120.0,40,1.0,12.5,-86.66,10.9165,-100,42.16,89.25,1.310891,0.736809,8.0873,0.4268
18,-100,-120.0,40,1.0,9.5,-87.02,9.1612,-100,39.27,93.7,1.205965,0.685775,9.1481,0.5216
16,-100,-120.0,40,1.0,8.5,-87.11,8.5895,-100,37.19,96.92,1.125255,0.658358,10.3458,0.4419
14,-100,-120.0,40,1.0,7.5,-86.62,7.9247,-100,33.62,102.46,1.005053,0.584749,8.9408,0.5405
23,-100,-120.0,40,1.0,12.0,-85.41,11.1705,-100,39.56,93.28,1.214017,0.728154,11.4193,0.3835
22,-100,-120.0,40,1.0,11.5,-85.44,10.6853,-100,41.68,89.93,1.29461,0.756922,11.1054,0.3637
20,-100,-120.0,40,1.0,10.5,-86.22,10.0383,-100,38.57,94.82,1.14801,0.697568,10.5509,0.5143
19,-100,-120.0,40,1.0,10.0,-86.62,9.8248,-100,35.12,100.16,1.073041,0.652799,11.0347,0.5265
25,-100,-120.0,40,1.0,13.0,-85.33,11.68,-100,36.73,97.64,1.117723,0.719107,12.4641,0.4372
26,-100,-120.0,40,1.0,13.5,-84.76,12.2288,-100,42.08,89.35,1.297353,0.788882,11.7933,0.3836
30,-100,-120.0,40,1.25,2.0,-83.26,4.994,-98,34.46,101.11,1.035334,0.716413,15.5881,0.4363
27,-100,-120.0,40,1.0,14.0,-85.86,12.1943,-100,39.02,94.12,1.209601,0.67552,8.7546,0.4979
29,-100,-120.0,40,1.25,1.5,-83.79,4.5728,-97,32.23,104.54,1.025081,0.679217,14.2399,0.4458
31,-100,-120.0,40,1.25,2.5,-83.18,5.3511,-100,38.33,95.16,1.173827,0.709883,13.5698,0.4644
33,-100,-120.0,40,1.25,3.5,-82.93,5.966,-100,38.25,95.25,1.201054,0.763159,15.3795,0.4247
32,-100,-120.0,40,1.25,3.0,-83.29,5.6341,-100,35.98,98.82,1.131738,0.671208,7.6405,0.4456
34,-100,-120.0,40,1.25,4.0,-83.21,6.0347,-100,37.12,97.02,1.157428,0.714959,12.5474,0.405
28,-100,-120.0,40,1.25,1.0,-83.91,4.1429,-94,33.54,102.57,1.054428,0.668244,13.1387,0.4693
35,-100,-120.0,40,1.25,4.5,-84.55,6.508,-100,35.31,99.83,1.093979,0.630077,6.7573,0.5358
36,-100,-120.0,40,1.25,5.0,-83.53,6.8189,-100,37.06,97.15,1.133058,0.730551,14.1236,0.3833
38,-100,-120.0,40,1.25,6.0,-83.39,7.4906,-100,38.21,95.34,1.199608,0.671427,8.4854,0.4746
42,-100,-120.0,40,1.25,8.0,-82.39,9.0503,-100,41.83,89.76,1.311544,0.804058,13.278,0.3652
46,-100,-120.0,40,1.25,10.0,-82.9,10.2568,-100,35.89,98.91,1.127018,0.682318,11.0206,0.451
40,-100,-120.0,40,1.25,7.0,-82.83,8.6383,-100,37.98,95.69,1.175795,0.696911,9.2311,0.4985
37,-100,-120.0,40,1.25,5.5,-84.06,6.8479,-100,37.16,96.97,1.14368,0.66012,8.3125,0.5528
39,-100,-120.0,40,1.25,6.5,-83.29,8.0741,-100,37.3,96.75,1.157623,0.715218,11.1839,0.3696
41,-100,-120.0,40,1.25,7.5,-83.68,8.7457,-100,34.51,101.06,1.076528,0.706312,14.6079,0.4145
45,-100,-120.0,40,1.25,9.5,-83.57,10.1392,-100,38.38,95.07,1.198238,0.636874,5.6769,0.4927
44,-100,-120.0,40,1.25,9.0,-82.62,9.8104,-100,37.77,96.02,1.172104,0.666752,8.7402,0.5321
43,-100,-120.0,40,1.25,8.5,-83.76,9.237,-100,40.63,91.6,1.269524,0.719318,9.1667,0.4543
47,-100,-120.0,40,1.25,10.5,-83.29,11.0161,-100,36.76,97.58,1.103076,0.699267,13.0037,0.4462
48,-100,-120.0,40,1.25,11.0,-82.93,11.2946,-100,40.51,91.86,1.237537,0.694718,7.9896,0.4815
49,-100,-120.0,40,1.25,11.5,-84.36,11.0908,-100,36.33,98.23,1.138063,0.71854,12.2291,0.464
51,-100,-120.0,40,1.25,12.5,-83.27,12.1009,-100,38.47,94.97,1.176494,0.691318,10.1863,0.4788
50,-100,-120.0,40,1.25,12.0,-83.48,11.6866,-100,37.18,96.94,1.152485,0.639275,4.179,0.5607
52,-100,-120.0,40,1.25,13.0,-82.59,12.4557,-100,39.08,94.04,1.198172,0.687278,9.6753,0.4608
53,-100,-120.0,40,1.25,13.5,-82.6,12.7316,-100,35.47,99.56,1.085934,0.627158,9.816,0.4993
54,-100,-120.0,40,1.25,14.0,-82.21,13.1783,-100,37.58,96.33,1.147187,0.70674,10.6526,0.447
56,-100,-120.0,40,1.5,1.5,-80.64,6.5359,-96,34.58,100.99,1.082611,0.666737,12.1755,0.5006
55,-100,-120.0,40,1.5,1.0,-81.02,5.4015,-92,32.35,104.37,1.021725,0.586022,8.7432,0.561
57,-100,-120.0,40,1.5,2.0,-81.75,5.5962,-96,34.53,101.03,1.067817,0.645514,11.7302,0.4873
58,-100,-120.0,40,1.5,2.5,-81.39,6.858,-100,33.51,102.6,1.030234,0.60115,9.369,0.4682
59,-100,-120.0,40,1.5,3.0,-81.19,6.4478,-99,35.72,99.14,1.129219,0.665312,9.7349,0.5017
60,-100,-120.0,40,1.5,3.5,-80.93,6.3939,-100,36.46,98.06,1.138029,0.673551,9.2346,0.5009
61,-100,-120.0,40,1.5,4.0,-80.78,6.362,-100,34.65,100.82,1.058213,0.668737,11.9764,0.4128
62,-100,-120.0,40,1.5,4.5,-80.75,7.2547,-100,36.98,97.28,1.134714,0.65649,7.8867,0.4894
65,-100,-120.0,40,1.5,6.0,-79.92,8.4362,-100,36.89,97.36,1.163626,0.697872,12.4487,0.4421
66,-100,-120.0,40,1.5,6.5,-80.33,8.0177,-100,36.55,97.93,1.125438,0.678118,10.6047,0.5053
64,-100,-120.0,40,1.5,5.5,-81.71,7.8085,-100,34.33,101.34,1.048409,0.645639,10.673,0.4999
63,-100,-120.0,40,1.5,5.0,-80.31,7.7772,-100,36.28,98.34,1.14046,0.609364,5.8631,0.5496
67,-100,-120.0,40,1.5,7.0,-81.22,8.8382,-100,39.45,93.42,1.233138,0.721689,9.4115,0.4535
68,-100,-120.0,40,1.5,7.5,-79.82,9.2016,-100,37.78,96.02,1.180586,0.706,8.0468,0.528
70,-100,-120.0,40,1.5,8.5,-80.35,9.8164,-100,39.18,93.81,1.23425,0.767102,12.8075,0.4457
69,-100,-120.0,40,1.5,8.0,-81.51,9.5656,-100,36.32,98.27,1.140611,0.682074,11.5399,0.4799
71,-100,-120.0,40,1.5,9.0,-80.95,10.5269,-100,34.84,100.6,1.074067,0.619456,6.6765,0.5478
72,-100,-120.0,40,1.5,9.5,-80.41,11.35,-100,38.26,95.23,1.142454,0.716878,10.4019,0.4552
73,-100,-120.0,40,1.5,10.0,-80.45,10.9624,-100,38.79,94.47,1.198533,0.69594,10.2787,0.4496
74,-100,-120.0,40,1.5,10.5,-79.49,11.4966,-100,36.26,98.37,1.112251,0.641405,9.1219,0.5339
75,-100,-120.0,40,1.5,11.0,-80.35,11.7432,-100,36.36,98.18,1.122429,0.663954,8.0586,0.4996
77,-100,-120.0,40,1.5,12.0,-80.15,12.2353,-100,35.63,99.35,1.113201,0.67826,9.9678,0.5086
78,-100,-120.0,40,1.5,12.5,-80.54,12.7873,-100,36.32,98.26,1.134069,0.657582,9.7433,0.5284
76,-100,-120.0,40,1.5,11.5,-81.04,12.0879,-100,35.23,99.91,1.098114,0.661097,11.5094,0.479
80,-100,-120.0,40,1.5,13.5,-80.4,13.3754,-100,37.42,96.59,1.150164,0.666741,8.5251,0.4882
79,-100,-120.0,40,1.5,13.0,-78.82,13.4679,-100,35.47,99.6,1.120763,0.700069,11.891,0.3972
81,-100,-120.0,40,1.5,14.0,-80.13,13.8097,-100,35.11,100.14,1.086847,0.749348,16.5895,0.3774
82,-100,-120.0,40,1.75,1.0,-77.08,6.4401,-90,34.51,101.03,1.094743,0.616512,7.5278,0.555
83,-100,-120.0,40,1.75,1.5,-76.95,6.7382,-90,35.14,100.09,1.125284,0.680687,12.0435,0.4526
84,-100,-120.0,40,1.75,2.0,-77.5,6.5622,-92,31.22,106.08,1.018656,0.614135,10.7085,0.47
85,-100,-120.0,40,1.75,2.5,-77.48,6.5807,-96,36.96,97.23,1.149534,0.665975,9.01,0.4988
87,-100,-120.0,40,1.75,3.5,-77.12,6.6492,-96,36.24,98.34,1.12964,0.711579,13.2323,0.4414
86,-100,-120.0,40,1.75,3.0,-77.26,7.5055,-99,32.07,104.82,1.027241,0.60374,9.4219,0.546
93,-100,-120.0,40,1.75,6.5,-78.0,8.8341,-100,38.53,94.87,1.206714,0.72969,11.4995,0.4714
90,-100,-120.0,40,1.75,5.0,-77.85,8.737,-100,34.25,101.45,1.081109,0.663622,11.3669,0.4567
88,-100,-120.0,40,1.75,4.0,-77.11,7.255,-100,36.1,98.59,1.125872,0.639309,8.7967,0.469
92,-100,-120.0,40,1.75,6.0,-77.47,8.6517,-100,33.97,101.84,1.037942,0.672607,13.4172,0.4281
89,-100,-120.0,40,1.75,4.5,-78.13,7.7918,-100,33.34,102.8,1.057394,0.616411,9.4417,0.539
91,-100,-120.0,40,1.75,5.5,-78.38,8.8466,-100,33.76,102.17,1.064602,0.594984,6.9311,0.5568
94,-100,-120.0,40,1.75,7.0,-77.32,8.9865,-100,34.29,101.35,1.072003,0.650125,8.8839,0.5178
95,-100,-120.0,40,1.75,7.5,-77.88,9.8051,-100,37.03,97.16,1.159699,0.659993,7.5951,0.4913
96,-100,-120.0,40,1.75,8.0,-77.11,9.9219,-100,32.88,103.57,1.035113,0.615435,8.5696,0.5615
98,-100,-120.0,40,1.75,9.0,-77.75,10.4616,-100,37.53,96.38,1.200503,0.730506,11.609,0.4453
102,-100,-120.0,40,1.75,11.0,-77.38,12.0939,-100,38.21,95.37,1.198284,0.763711,13.5966,0.4419
97,-100,-120.0,40,1.75,8.5,-78.19,10.4776,-100,33.43,102.73,1.021667,0.602709,9.4651,0.5239
101,-100,-120.0,40,1.75,10.5,-77.39,11.8984,-100,35.37,99.7,1.063198,0.624274,8.9657,0.5413
103,-100,-120.0,40,1.75,11.5,-76.52,12.5397,-100,36.67,97.74,1.140653,0.709599,12.7722,0.4244
99,-100,-120.0,40,1.75,9.5,-77.4,10.9192,-100,32.82,103.62,1.044817,0.606783,10.5029,0.5098
100,-100,-120.0,40,1.75,10.0,-77.76,11.4465,-100,34.01,101.85,1.066399,0.619326,8.3736,0.526
106,-100,-120.0,40,1.75,13.0,-77.89,14.0045,-100,34.18,101.55,1.096977,0.644184,8.9982,0.5189
104,-100,-120.0,40,1.75,12.0,-77.84,12.8294,-100,36.49,97.97,1.130644,0.688553,11.8627,0.4476
105,-100,-120.0,40,1.75,12.5,-76.93,13.565,-100,36.16,98.5,1.098853,0.702863,12.8346,0.442
107,-100,-120.0,40,1.75,13.5,-76.87,14.1854,-100,36.85,97.46,1.166819,0.669428,9.3185,0.4851
108,-100,-120.0,40,1.75,14.0,-77.36,14.3539,-100,35.13,100.16,1.10979,0.595384,4.6175,0.562
111,-100,-120.0,40,2.0,2.0,-74.53,7.1447,-91,37.87,95.87,1.188267,0.956651,22.1444,0.3173
109,-100,-120.0,40,2.0,1.0,-75.5,7.3513,-90,35.48,99.56,1.108367,0.736007,14.6085,0.4284
110,-100,-120.0,40,2.0,1.5,-75.39,6.9595,-91,35.82,99.08,1.135549,0.719025,13.8288,0.4797
112,-100,-120.0,40,2.0,2.5,-76.1,7.1665,-96,34.01,101.8,1.094726,0.666291,11.3147,0.5334
113,-100,-120.0,40,2.0,3.0,-73.82,7.6475,-96,34.36,101.3,1.060552,0.767259,17.849,0.3629
115,-100,-120.0,40,2.0,4.0,-74.92,8.5992,-100,38.05,95.59,1.192006,0.852316,17.5732,0.3653
118,-100,-120.0,40,2.0,5.5,-74.46,9.1892,-100,35.36,99.76,1.126822,0.74024,16.156,0.4078
116,-100,-120.0,40,2.0,4.5,-74.29,8.8804,-100,33.24,102.99,1.058413,0.668357,13.678,0.5179
114,-100,-120.0,40,2.0,3.5,-73.94,9.2848,-98,33.04,103.34,1.04895,0.599942,8.1801,0.5037
117,-100,-120.0,40,2.0,5.0,-74.37,9.4054,-100,34.88,100.5,1.070307,0.603338,8.0808,0.544
119,-100,-120.0,40,2.0,6.0,-75.11,9.3959,-100,36.44,98.12,1.155211,0.655248,8.3207,0.5003
120,-100,-120.0,40,2.0,6.5,-74.68,9.969,-100,36.88,97.39,1.163728,0.772217,16.2992,0.4826
121,-100,-120.0,40,2.0,7.0,-75.77,10.0993,-100,34.13,101.6,1.048982,0.646173,11.4362,0.5351
122,-100,-120.0,40,2.0,7.5,-74.75,9.7946,-100,36.07,98.64,1.159402,0.729439,12.4864,0.4123
123,-100,-120.0,40,2.0,8.0,-73.75,10.4495,-100,36.39,98.11,1.127523,0.710588,12.3912,0.4266
124,-100,-120.0,40,2.0,8.5,-74.62,11.5953,-100,34.62,100.89,1.092143,0.597057,6.0171,0.5856
126,-100,-120.0,40,2.0,9.5,-73.83,11.6096,-100,32.71,103.78,1.056105,0.637707,10.9021,0.5342
125,-100,-120.0,40,2.0,9.0,-74.13,11.9656,-100,34.61,100.88,1.100393,0.626808,7.7565,0.5483
128,-100,-120.0,40,2.0,10.5,-73.85,12.5407,-100,34.33,101.34,1.089216,0.634934,9.4587,0.4768
129,-100,-120.0,40,2.0,11.0,-74.53,12.8139,-100,37.99,95.69,1.148989,0.737174,12.471,0.4275
127,-100,-120.0,40,2.0,10.0,-74.68,11.7211,-100,35.1,100.16,1.094464,0.676299,11.4572,0.4657
131,-100,-120.0,40,2.0,12.0,-74.98,14.1004,-100,33.76,102.26,1.028771,0.655748,12.0687,0.4276
130,-100,-120.0,40,2.0,11.5,-73.33,13.3961,-100,32.45,104.24,1.009551,0.651694,12.7877,0.4895
132,-100,-120.0,40,2.0,12.5,-73.98,14.4391,-100,34.53,101.0,1.065457,0.654801,12.0537,0.488
133,-100,-120.0,40,2.0,13.0,-74.25,14.2975,-100,36.74,97.61,1.148531,0.709782,10.9009,0.458
134,-100,-120.0,40,2.0,13.5,-73.16,14.6187,-100,32.7,103.86,1.047091,0.66327,12.0282,0.4754
135,-100,-120.0,40,2.0,14.0,-74.59,14.9782,-100,34.41,101.21,1.087775,0.629833,8.762,0.5334
136,-100,-120.0,40,2.25,1.0,-70.79,8.0674,-86,34.19,101.52,1.031,0.664629,11.0789,0.4438
140,-100,-120.0,40,2.25,3.0,-71.23,9.0116,-93,34.85,100.52,1.108211,0.752642,15.9927,0.3924
137,-100,-120.0,40,2.25,1.5,-72.09,7.8178,-86,34.84,100.57,1.115942,0.708934,13.8703,0.4664
141,-100,-120.0,40,2.25,3.5,-71.08,10.1833,-99,36.07,98.62,1.140501,0.69966,10.9684,0.414
139,-100,-120.0,40,2.25,2.5,-72.6,8.2072,-94,35.68,99.27,1.13452,0.766178,16.3454,0.4225
138,-100,-120.0,40,2.25,2.0,-71.8,8.3358,-90,32.25,104.57,1.045264,0.62981,12.345,0.4905
143,-100,-120.0,40,2.25,4.5,-69.89,9.9912,-99,35.7,99.24,1.133619,0.761065,15.5013,0.4202
142,-100,-120.0,40,2.25,4.0,-70.94,8.722,-95,33.73,102.28,1.083301,0.635387,8.8309,0.4983
144,-100,-120.0,40,2.25,5.0,-71.35,9.9345,-100,30.65,107.01,1.001327,0.575696,7.4139,0.5637
145,-100,-120.0,40,2.25,5.5,-72.26,9.8214,-100,31.52,105.67,1.006658,0.551292,5.5252,0.6128
146,-100,-120.0,40,2.25,6.0,-72.6,10.3671,-100,33.33,102.9,1.058118,0.616157,8.3475,0.5773
147,-100,-120.0,40,2.25,6.5,-72.14,9.4997,-100,32.34,104.42,1.02678,0.675127,14.3227,0.4596
148,-100,-120.0,40,2.25,7.0,-70.81,11.3891,-100,34.6,100.95,1.078113,0.667335,11.9876,0.5139
152,-100,-120.0,40,2.25,9.0,-72.41,11.5814,-100,33.96,101.92,1.089584,0.722247,15.675,0.4107
150,-100,-120.0,40,2.25,8.0,-71.13,11.8476,-100,36.36,98.21,1.109774,0.663041,9.9098,0.508
149,-100,-120.0,40,2.25,7.5,-71.24,11.2879,-100,35.29,99.91,1.097627,0.63195,8.1013,0.5115
151,-100,-120.0,40,2.25,8.5,-71.63,11.8112,-100,35.35,99.78,1.112447,0.706328,12.4529,0.4741
153,-100,-120.0,40,2.25,9.5,-71.66,11.9425,-100,34.15,101.61,1.094771,0.649416,11.7187,0.4827
154,-100,-120.0,40,2.25,10.0,-71.13,13.1973,-100,33.95,101.91,1.05566,0.610017,7.1092,0.5523
155,-100,-120.0,40,2.25,10.5,-70.54,13.2846,-100,34.24,101.47,1.065983,0.642901,10.4104,0.5166
156,-100,-120.0,40,2.25,11.0,-71.82,13.4705,-100,32.33,104.43,1.03805,0.617885,10.4789,0.5122
157,-100,-120.0,40,2.25,11.5,-70.97,13.8373,-100,34.9,100.41,1.107697,0.658265,9.5856,0.5311
158,-100,-120.0,40,2.25,12.0,-70.76,14.4523,-100,36.76,97.63,1.15243,0.721904,12.856,0.4415
159,-100,-120.0,40,2.25,12.5,-71.05,14.2899,-100,33.93,101.94,1.044862,0.687717,13.7149,0.4151
160,-100,-120.0,40,2.25,13.0,-70.93,15.0128,-100,34.96,100.32,1.111455,0.728401,15.0842,0.4466
162,-100,-120.0,40,2.25,14.0,-70.12,15.9057,-100,36.21,98.41,1.139905,0.697737,11.9469,0.4645
163,-100,-120.0,40,2.5,1.0,-68.11,9.7809,-88,32.71,103.9,1.043601,0.61087,9.2063,0.5521
164,-100,-120.0,40,2.5,1.5,-68.09,9.541,-89,30.29,107.54,0.976709,0.563753,7.8807,0.5778
165,-100,-120.0,40,2.5,2.0,-68.17,8.7626,-89,33.41,102.75,1.072608,0.677059,13.7091,0.475
161,-100,-120.0,40,2.25,13.5,-71.1,15.4414,-100,34.45,101.15,1.08765,0.613752,7.4346,0.5101
166,-100,-120.0,40,2.5,2.5,-68.76,9.7316,-90,30.42,107.33,0.995665,0.593661,9.9067,0.5012
167,-100,-120.0,40,2.5,3.0,-67.82,9.6548,-91,32.09,104.73,1.023958,0.67882,13.9482,0.454
168,-100,-120.0,40,2.5,3.5,-68.15,10.5105,-97,31.84,105.14,1.030514,0.654698,12.1132,0.5116
169,-100,-120.0,40,2.5,4.0,-67.46,9.8848,-94,32.88,103.54,1.049778,0.662231,13.5609,0.4701
170,-100,-120.0,40,2.5,4.5,-69.1,9.1187,-95,33.36,102.8,1.069045,0.623565,8.0356,0.5512
172,-100,-120.0,40,2.5,5.5,-68.74,10.0106,-99,33.09,103.25,1.065487,0.61439,6.7153,0.5881
171,-100,-120.0,40,2.5,5.0,-67.6,10.0557,-98,33.86,102.08,1.052169,0.661416,12.2815,0.5021
176,-100,-120.0,40,2.5,7.5,-67.67,11.9258,-100,36.92,97.34,1.107065,0.826372,19.0908,0.3227
174,-100,-120.0,40,2.5,6.5,-67.1,11.4062,-100,33.03,103.29,1.028532,0.608414,10.184,0.4914
173,-100,-120.0,40,2.5,6.0,-68.43,10.4806,-100,33.9,101.95,1.084906,0.695513,13.7876,0.4448
175,-100,-120.0,40,2.5,7.0,-67.74,11.2847,-100,34.04,101.81,1.094375,0.601412,4.3921,0.5813
177,-100,-120.0,40,2.5,8.0,-69.12,11.6832,-100,32.53,104.12,1.041091,0.615601,10.6589,0.4993
179,-100,-120.0,40,2.5,9.0,-68.54,12.8657,-100,37.39,96.6,1.185283,0.768785,15.9512,0.4491
178,-100,-120.0,40,2.5,8.5,-68.27,12.2002,-100,34.3,101.34,1.075478,0.635636,10.3617,0.5401
180,-100,-120.0,40,2.5,9.5,-67.6,13.5727,-100,31.1,106.31,0.979833,0.578856,8.9447,0.5594
181,-100,-120.0,40,2.5,10.0,-68.2,13.6221,-100,36.32,98.24,1.117106,0.689052,12.1908,0.4749
182,-100,-120.0,40,2.5,10.5,-67.08,14.0231,-100,34.51,101.04,1.074769,0.644294,10.9684,0.5101
183,-100,-120.0,40,2.5,11.0,-67.93,14.5938,-100,32.44,104.27,1.01516,0.632529,11.2865,0.4315
184,-100,-120.0,40,2.5,11.5,-69.15,13.8412,-100,33.06,103.26,1.05865,0.637415,10.6764,0.4805
186,-100,-120.0,40,2.5,12.5,-69.02,14.8144,-100,33.5,102.63,1.072774,0.663434,12.7619,0.5202
185,-100,-120.0,40,2.5,12.0,-68.19,14.5929,-100,33.22,103.09,1.056167,0.605123,7.9042,0.5519
190,-100,-120.0,40,2.75,1.0,-66.23,10.2661,-83,36.47,98.04,1.137586,0.764729,16.0764,0.4059
188,-100,-120.0,40,2.5,13.5,-68.09,16.2878,-100,35.13,100.13,1.095877,0.69573,12.5368,0.4656
189,-100,-120.0,40,2.5,14.0,-67.85,16.1447,-100,34.0,101.81,1.07736,0.638436,8.7652,0.55
187,-100,-120.0,40,2.5,13.0,-66.7,15.9611,-100,37.7,96.12,1.191107,0.716074,11.5738,0.4256
191,-100,-120.0,40,2.75,1.5,-65.24,9.583,-83,32.35,104.34,1.018887,0.582759,10.0348,0.4896
192,-100,-120.0,40,2.75,2.0,-64.74,10.1738,-86,38.11,95.49,1.16766,0.671969,9.5554,0.496
193,-100,-120.0,40,2.75,2.5,-64.19,10.3306,-87,34.44,101.19,1.075178,0.708797,15.5259,0.3915
194,-100,-120.0,40,2.75,3.0,-65.43,9.8684,-89,32.84,103.66,1.053379,0.709845,14.9546,0.4066
195,-100,-120.0,40,2.75,3.5,-66.59,9.4347,-90,34.57,100.94,1.05232,0.626057,9.7699,0.5538
196,-100,-120.0,40,2.75,4.0,-64.7,10.1941,-93,30.78,106.85,0.98507,0.578751,7.2484,0.6288
200,-100,-120.0,40,2.75,6.0,-64.23,12.8803,-100,34.9,100.45,1.100598,0.715698,13.9732,0.431
198,-100,-120.0,40,2.75,5.0,-64.26,11.0884,-97,34.16,101.58,1.109626,0.659452,10.8765,0.4281
197,-100,-120.0,40,2.75,4.5,-65.77,10.4236,-95,33.99,101.89,1.068848,0.604465,5.8206,0.6094
199,-100,-120.0,40,2.75,5.5,-65.01,11.379,-100,32.32,104.41,1.025217,0.607662,8.3453,0.5298
201,-100,-120.0,40,2.75,6.5,-64.98,12.0869,-100,33.62,102.46,1.065886,0.591736,7.4848,0.5618
202,-100,-120.0,40,2.75,7.0,-64.11,11.9044,-100,32.2,104.64,1.042215,0.613267,9.6388,0.52
203,-100,-120.0,40,2.75,7.5,-64.52,12.1252,-100,33.72,102.28,1.064461,0.582253,6.6124,0.5459
204,-100,-120.0,40,2.75,8.0,-65.24,13.4328,-100,30.78,106.8,1.004705,0.569883,5.3814,0.5729
205,-100,-120.0,40,2.75,8.5,-65.34,12.5712,-100,33.4,102.77,1.061577,0.611039,7.2101,0.5601
206,-100,-120.0,40,2.75,9.0,-64.73,13.7574,-100,32.62,103.94,1.040565,0.642721,11.0728,0.4717
207,-100,-120.0,40,2.75,9.5,-66.61,13.7174,-100,35.64,99.34,1.130823,0.646659,10.4555,0.4398
208,-100,-120.0,40,2.75,10.0,-65.22,13.9561,-100,33.63,102.38,1.096967,0.669465,11.5018,0.4208
209,-100,-120.0,40,2.75,10.5,-64.22,15.3511,-100,31.93,105.03,1.016599,0.583903,9.2774,0.5342
210,-100,-120.0,40,2.75,11.0,-65.96,14.9397,-100,36.21,98.47,1.136639,0.689515,12.4378,0.4271
211,-100,-120.0,40,2.75,11.5,-65.12,15.2422,-100,33.94,101.98,1.079991,0.622053,9.8959,0.4736
212,-100,-120.0,40,2.75,12.0,-64.71,15.6228,-100,32.83,103.65,1.046318,0.634984,11.3983,0.4786
213,-100,-120.0,40,2.75,12.5,-65.22,15.4302,-100,36.24,98.39,1.123993,0.707038,12.3182,0.4341
214,-100,-120.0,40,2.75,13.0,-65.35,15.8676,-100,33.69,102.29,1.038342,0.595323,5.3932,0.5806
215,-100,-120.0,40,2.75,13.5,-63.86,16.8506,-100,36.91,97.35,1.142928,0.659943,8.6117,0.5264
216,-100,-120.0,40,2.75,14.0,-65.01,17.3407,-100,35.16,100.05,1.092826,0.63171,7.0188,0.5237
217,-100,-120.0,40,3.0,1.0,-62.78,10.9715,-82,30.99,106.48,0.990778,0.573297,8.1943,0.5401
218,-100,-120.0,40,3.0,1.5,-62.15,10.7805,-82,33.09,103.26,1.073807,0.660926,12.8598,0.4773
219,-100,-120.0,40,3.0,2.0,-61.29,12.0754,-87,31.98,104.95,1.014597,0.617038,9.8074,0.5284
221,-100,-120.0,40,3.0,3.0,-62.98,10.9409,-88,32.95,103.47,1.035525,0.6392,10.5223,0.4961
220,-100,-120.0,40,3.0,2.5,-61.73,10.4595,-85,32.96,103.46,1.06514,0.58756,7.3866,0.5778
222,-100,-120.0,40,3.0,3.5,-62.98,11.1838,-88,33.46,102.68,1.049647,0.627752,10.944,0.5253
224,-100,-120.0,40,3.0,4.5,-61.28,11.984,-90,35.12,100.05,1.128839,0.739039,13.8351,0.3934
226,-100,-120.0,40,3.0,5.5,-63.21,11.5593,-95,36.18,98.47,1.163265,0.744137,14.5015,0.3864
223,-100,-120.0,40,3.0,4.0,-61.58,11.9638,-90,32.25,104.55,1.019133,0.582541,6.2537,0.5747
225,-100,-120.0,40,3.0,5.0,-62.09,12.539,-95,30.97,106.51,0.989744,0.569996,8.8755,0.5607
227,-100,-120.0,40,3.0,6.0,-60.75,12.5093,-100,34.31,101.36,1.114299,0.638825,10.1778,0.475
228,-100,-120.0,40,3.0,6.5,-60.53,12.7259,-97,36.24,98.42,1.110008,0.696191,12.3981,0.4266
229,-100,-120.0,40,3.0,7.0,-60.95,12.2196,-100,36.45,98.05,1.138041,0.76412,16.2082,0.4556
230,-100,-120.0,40,3.0,7.5,-60.92,13.226,-100,32.11,104.76,1.018887,0.63576,11.8591,0.4855
231,-100,-120.0,40,3.0,8.0,-63.29,13.7176,-100,33.95,101.95,1.076587,0.679399,11.6226,0.4559
232,-100,-120.0,40,3.0,8.5,-61.46,14.195,-100,34.07,101.69,1.098574,0.602484,5.836,0.5575
234,-100,-120.0,40,3.0,9.5,-61.92,14.7269,-100,30.86,106.72,0.979214,0.562949,7.1111,0.5891
233,-100,-120.0,40,3.0,9.0,-61.55,14.0064,-100,33.51,102.63,1.048861,0.588736,7.3663,0.5745
235,-100,-120.0,40,3.0,10.0,-61.99,15.0506,-100,30.75,106.82,0.984706,0.581828,7.7945,0.5244
237,-100,-120.0,40,3.0,11.0,-61.63,15.9872,-100,32.28,104.49,1.033357,0.644018,10.3337,0.4202
236,-100,-120.0,40,3.0,10.5,-62.65,15.1387,-100,34.01,101.82,1.072356,0.585211,5.4273,0.5916
238,-100,-120.0,40,3.0,11.5,-61.46,15.4483,-100,34.33,101.36,1.057934,0.627848,8.8208,0.5369
239,-100,-120.0,40,3.0,12.0,-61.16,16.0204,-100,33.22,103.03,1.028513,0.586633,9.1696,0.5174
240,-100,-120.0,40,3.0,12.5,-61.51,16.8909,-100,34.52,101.09,1.085305,0.651977,11.257,0.5302
241,-100,-120.0,40,3.0,13.0,-62.54,16.3099,-100,34.61,100.92,1.080313,0.602769,6.5298,0.5642
242,-100,-120.0,40,3.0,13.5,-62.17,17.0375,-100,35.53,99.51,1.108629,0.646937,8.0749,0.529
243,-100,-120.0,40,3.0,14.0,-61.74,17.8891,-100,33.99,101.88,1.053967,0.650107,11.0932,0.4944
245,-100,-120.0,40,3.25,1.5,-57.98,12.3566,-81,33.86,102.05,1.091169,0.718091,14.8646,0.4722
244,-100,-120.0,40,3.25,1.0,-60.84,11.1349,-80,32.08,104.85,1.013503,0.636591,13.0345,0.4734
247,-100,-120.0,40,3.25,2.5,-58.8,11.4865,-85,32.19,104.61,1.042858,0.599182,8.9114,0.5533
246,-100,-120.0,40,3.25,2.0,-59.03,11.4636,-83,34.11,101.62,1.079057,0.605742,7.8178,0.5439
251,-100,-120.0,40,3.25,4.5,-57.08,13.5438,-92,35.5,99.52,1.137862,0.702459,13.7072,0.4566
248,-100,-120.0,40,3.25,3.0,-59.91,11.635,-86,33.43,102.68,1.01975,0.591329,8.7955,0.5414
250,-100,-120.0,40,3.25,4.0,-58.95,11.709,-87,34.59,100.94,1.074598,0.609241,7.2747,0.5473
249,-100,-120.0,40,3.25,3.5,-58.74,11.6137,-88,32.87,103.54,1.045349,0.598233,5.8756,0.575
252,-100,-120.0,40,3.25,5.0,-59.05,12.6027,-92,32.98,103.45,1.030933,0.588068,8.2498,0.5609
253,-100,-120.0,40,3.25,5.5,-59.05,12.7957,-94,31.57,105.59,1.001132,0.604793,10.4249,0.5677
254,-100,-120.0,40,3.25,6.0,-58.29,12.7253,-100,32.46,104.18,1.047744,0.656665,12.9655,0.4322
255,-100,-120.0,40,3.25,6.5,-57.51,13.7027,-95,33.72,102.3,1.077907,0.625924,8.8579,0.4508
256,-100,-120.0,40,3.25,7.0,-57.03,13.0214,-100,33.68,102.32,1.070102,0.658969,12.3196,0.4887
258,-100,-120.0,40,3.25,8.0,-58.02,13.2632,-100,33.39,102.78,1.0842,0.696183,14.3195,0.4653
257,-100,-120.0,40,3.25,7.5,-57.27,14.1444,-100,34.78,100.65,1.079641,0.648912,11.2843,0.4945
259,-100,-120.0,40,3.25,8.5,-57.94,14.8404,-100,35.38,99.73,1.080422,0.626676,8.3899,0.5651
260,-100,-120.0,40,3.25,9.0,-58.9,14.3283,-100,31.79,105.21,1.007916,0.576459,8.5745,0.5773
262,-100,-120.0,40,3.25,10.0,-58.88,14.924,-100,35.9,98.9,1.131966,0.6162,5.7129,0.565
261,-100,-120.0,40,3.25,9.5,-59.88,14.7516,-100,32.24,104.52,1.036179,0.602182,8.881,0.5298
263,-100,-120.0,40,3.25,10.5,-59.62,15.8302,-100,31.96,104.98,1.011912,0.623542,12.4838,0.4834
264,-100,-120.0,40,3.25,11.0,-59.4,16.1338,-100,32.96,103.5,1.007197,0.593787,9.5464,0.5206
265,-100,-120.0,40,3.25,11.5,-60.49,16.2246,-100,34.4,101.2,1.065156,0.685971,12.7589,0.4248
266,-100,-120.0,40,3.25,12.0,-58.19,16.7457,-100,33.96,101.86,1.087317,0.731442,15.101,0.3791
267,-100,-120.0,40,3.25,12.5,-58.75,16.6941,-100,33.76,102.2,1.064044,0.62956,10.469,0.5262
270,-100,-120.0,40,3.25,14.0,-56.54,18.1299,-100,35.78,99.08,1.133236,0.715239,14.481,0.4615
269,-100,-120.0,40,3.25,13.5,-58.26,18.3481,-100,38.37,95.05,1.231085,0.765145,13.5967,0.4555
272,-100,-120.0,40,3.5,1.5,-55.89,12.3227,-77,38.99,94.18,1.235973,0.820017,15.2171,0.4107
268,-100,-120.0,40,3.25,13.0,-58.34,17.8443,-100,31.82,105.19,1.005356,0.62162,12.0316,0.4979
271,-100,-120.0,40,3.5,1.0,-57.09,11.6144,-76,33.74,102.26,1.09218,0.687574,12.9355,0.3957
273,-100,-120.0,40,3.5,2.0,-55.95,13.3103,-80,32.21,104.58,1.047832,0.629161,11.3608,0.5036
275,-100,-120.0,40,3.5,3.0,-54.66,13.1951,-86,35.14,100.06,1.115595,0.753915,16.0938,0.3965
276,-100,-120.0,40,3.5,3.5,-56.05,12.7834,-86,34.34,101.34,1.109556,0.687214,13.5676,0.4698
274,-100,-120.0,40,3.5,2.5,-57.14,13.4426,-84,31.83,105.19,1.033511,0.59731,9.3699,0.5494
277,-100,-120.0,40,3.5,4.0,-55.73,13.9643,-89,33.67,102.33,1.055943,0.644296,13.3813,0.4513
278,-100,-120.0,40,3.5,4.5,-55.93,14.1757,-92,36.12,98.57,1.131768,0.625903,7.3035,0.5301
279,-100,-120.0,40,3.5,5.0,-55.86,12.9448,-92,34.58,100.98,1.076004,0.664834,11.7654,0.458
280,-100,-120.0,40,3.5,5.5,-55.86,14.054,-94,32.34,104.43,1.038856,0.62455,11.4972,0.5394
282,-100,-120.0,40,3.5,6.5,-55.39,13.9349,-96,32.94,103.46,1.059344,0.644728,12.2612,0.5538
281,-100,-120.0,40,3.5,6.0,-55.16,14.3538,-99,30.05,107.93,0.957965,0.594906,11.6228,0.5333
284,-100,-120.0,40,3.5,7.5,-56.44,14.8794,-99,32.36,104.41,1.029083,0.594874,7.1705,0.5673
283,-100,-120.0,40,3.5,7.0,-54.48,14.6043,-100,31.79,105.29,1.037476,0.639839,12.5181,0.4239
285,-100,-120.0,40,3.5,8.0,-57.94,15.0701,-100,34.4,101.22,1.098413,0.641742,9.4891,0.4974
286,-100,-120.0,40,3.5,8.5,-54.9,16.0956,-100,32.74,103.82,1.041471,0.632789,10.775,0.5101
287,-100,-120.0,40,3.5,9.0,-56.74,14.7991,-100,33.23,103.01,1.063162,0.679677,12.9267,0.4058
288,-100,-120.0,40,3.5,9.5,-55.67,15.894,-100,31.54,105.6,1.028019,0.560379,4.9221,0.5945
289,-100,-120.0,40,3.5,10.0,-55.19,16.3872,-100,30.94,106.58,0.999538,0.572058,7.8058,0.5421
290,-100,-120.0,40,3.5,10.5,-55.61,16.9633,-100,34.31,101.3,1.054317,0.6078,10.1029,0.5195
291,-100,-120.0,40,3.5,11.0,-56.36,16.8485,-100,31.74,105.32,1.020947,0.597126,9.5153,0.5446
292,-100,-120.0,40,3.5,11.5,-55.8,17.1347,-100,32.71,103.81,1.018325,0.587552,7.8881,0.5554
293,-100,-120.0,40,3.5,12.0,-53.45,18.0192,-100,32.71,103.85,1.051844,0.662803,12.916,0.4778
294,-100,-120.0,40,3.5,12.5,-55.13,17.6623,-100,34.03,101.85,1.091246,0.648503,10.8221,0.5203
295,-100,-120.0,40,3.5,13.0,-56.56,18.6592,-100,32.27,104.53,1.02826,0.599458,9.1222,0.5246
296,-100,-120.0,40,3.5,13.5,-54.98,18.1373,-100,32.98,103.42,1.038445,0.586867,7.091,0.5598
298,-100,-120.0,40,3.75,1.0,-53.71,13.8433,-78,33.39,102.78,1.067711,0.608158,9.3398,0.5226
297,-100,-120.0,40,3.5,14.0,-55.53,19.4057,-100,33.8,102.12,1.076134,0.63232,9.9759,0.4911
299,-100,-120.0,40,3.75,1.5,-52.87,13.0129,-74,33.8,102.12,1.065039,0.658543,10.3897,0.4583
300,-100,-120.0,40,3.75,2.0,-53.64,13.5281,-79,33.6,102.45,1.058013,0.691663,14.1832,0.4458
301,-100,-120.0,40,3.75,2.5,-52.65,12.7091,-81,32.17,104.69,1.044508,0.725162,17.5794,0.4221
302,-100,-120.0,40,3.75,3.0,-53.6,13.2843,-82,33.56,102.56,1.066906,0.64955,10.3696,0.4695
303,-100,-120.0,40,3.75,3.5,-52.53,14.2064,-83,33.38,102.79,1.046432,0.629377,9.8828,0.4856
307,-100,-120.0,40,3.75,5.5,-52.33,13.6449,-90,38.27,95.26,1.197122,0.929604,21.4436,0.3823
306,-100,-120.0,40,3.75,5.0,-51.97,14.7632,-91,36.4,98.18,1.120823,0.70239,12.6459,0.4008
305,-100,-120.0,40,3.75,4.5,-51.76,14.4873,-85,38.97,94.16,1.237557,0.770913,15.2069,0.4012
304,-100,-120.0,40,3.75,4.0,-52.76,13.7833,-88,30.52,107.23,0.998324,0.568039,7.0733,0.5497
308,-100,-120.0,40,3.75,6.0,-51.25,15.2643,-93,32.73,103.79,1.031558,0.629063,10.7952,0.4949
309,-100,-120.0,40,3.75,6.5,-51.56,15.1783,-91,32.91,103.52,1.057542,0.689967,13.5677,0.4411
311,-100,-120.0,40,3.75,7.5,-54.07,15.4259,-99,31.68,105.4,0.997645,0.573473,5.7014,0.6067
310,-100,-120.0,40,3.75,7.0,-52.87,15.5947,-97,29.5,108.8,0.910197,0.566344,12.3831,0.5384
312,-100,-120.0,40,3.75,8.0,-52.28,15.9627,-98,31.43,105.79,0.997006,0.619513,11.9328,0.4823
313,-100,-120.0,40,3.75,8.5,-52.97,16.3091,-100,34.9,100.46,1.103241,0.736446,15.9586,0.4078
314,-100,-120.0,40,3.75,9.0,-52.48,16.4218,-100,32.88,103.57,1.031282,0.626032,9.9171,0.5322
315,-100,-120.0,40,3.75,9.5,-53.96,16.2021,-100,31.68,105.42,1.024411,0.603901,9.241,0.5617
318,-100,-120.0,40,3.75,11.0,-52.08,17.5245,-100,35.55,99.41,1.122978,0.708707,12.3115,0.4727
316,-100,-120.0,40,3.75,10.0,-50.59,17.9054,-100,32.16,104.67,1.034411,0.652863,13.6606,0.5186
319,-100,-120.0,40,3.75,11.5,-52.57,17.4683,-100,35.18,100.04,1.042556,0.646231,11.2013,0.4989
317,-100,-120.0,40,3.75,10.5,-53.37,16.9218,-100,32.87,103.61,1.04656,0.605021,7.6777,0.5148
320,-100,-120.0,40,3.75,12.0,-52.3,18.0547,-100,32.5,104.12,1.014727,0.645731,12.1786,0.4993
321,-100,-120.0,40,3.75,12.5,-53.11,17.4636,-100,32.97,103.4,1.043378,0.704108,14.4108,0.3921
322,-100,-120.0,40,3.75,13.0,-52.87,18.659,-100,32.55,104.05,1.043285,0.611713,9.356,0.531
324,-100,-120.0,40,3.75,14.0,-53.18,19.1567,-100,33.26,102.97,1.062167,0.636914,10.8899,0.4877
323,-100,-120.0,40,3.75,13.5,-53.9,18.7551,-100,32.76,103.75,1.046401,0.607653,7.9525,0.5229
325,-100,-120.0,40,4.0,1.0,-49.25,14.7831,-70,32.2,104.63,1.005998,0.607302,9.9099,0.5303
326,-100,-120.0,40,4.0,1.5,-49.09,14.7233,-74,36.05,98.7,1.131011,0.758307,15.6923,0.3896
327,-100,-120.0,40,4.0,2.0,-48.53,14.1115,-75,33.41,102.74,1.082761,0.661006,12.1556,0.5233
328,-100,-120.0,40,4.0,2.5,-51.87,13.5019,-77,32.57,104.1,1.05604,0.662995,12.9259,0.4955
329,-100,-120.0,40,4.0,3.0,-49.04,14.6098,-81,33.54,102.51,1.062802,0.647457,12.5492,0.505
331,-100,-120.0,40,4.0,4.0,-50.02,15.9608,-88,32.96,103.47,1.059168,0.709302,16.1622,0.4572
330,-100,-120.0,40,4.0,3.5,-49.06,13.8497,-83,33.38,102.77,1.083603,0.703028,15.277,0.4539
332,-100,-120.0,40,4.0,4.5,-48.64,15.6279,-85,31.61,105.52,1.032434,0.60241,10.1131,0.581
333,-100,-120.0,40,4.0,5.0,-49.89,15.5334,-86,31.2,106.19,1.010465,0.616415,10.8293,0.465
334,-100,-120.0,40,4.0,5.5,-49.37,15.0914,-90,33.78,102.15,1.065701,0.621229,9.5214,0.4773
335,-100,-120.0,40,4.0,6.0,-48.26,15.6752,-90,34.46,101.12,1.092451,0.616865,7.304,0.4935
336,-100,-120.0,40,4.0,6.5,-48.82,16.3967,-89,31.7,105.38,1.01963,0.613946,9.9311,0.5397
337,-100,-120.0,40,4.0,7.0,-50.4,16.1921,-94,35.9,98.93,1.133615,0.736957,14.6712,0.4254
338,-100,-120.0,40,4.0,7.5,-50.53,16.273,-95,33.45,102.63,1.07768,0.627448,9.231,0.5544
339,-100,-120.0,40,4.0,8.0,-49.82,16.0844,-98,33.13,103.17,1.082311,0.643726,10.7644,0.5348
340,-100,-120.0,40,4.0,8.5,-51.32,16.244,-100,30.84,106.75,1.00451,0.587963,11.1282,0.5563
342,-100,-120.0,40,4.0,9.5,-48.35,17.7315,-100,30.52,107.15,0.983229,0.57584,10.0674,0.5439
343,-100,-120.0,40,4.0,10.0,-50.05,17.2337,-100,33.09,103.28,1.065679,0.621302,10.7929,0.5077
341,-100,-120.0,40,4.0,9.0,-49.26,16.8569,-100,34.62,100.89,1.104832,0.703075,13.4011,0.4461
345,-100,-120.0,40,4.0,11.0,-49.08,18.856,-100,30.44,107.3,0.986915,0.627676,12.5904,0.5225
344,-100,-120.0,40,4.0,10.5,-49.05,17.1424,-100,32.98,103.42,1.046423,0.628336,11.4268,0.5021
346,-100,-120.0,40,4.0,11.5,-50.07,18.3178,-100,34.39,101.18,1.112051,0.616172,5.2759,0.5726
347,-100,-120.0,40,4.0,12.0,-51.66,18.1743,-100,32.24,104.54,1.027882,0.612768,9.9607,0.5219
348,-100,-120.0,40,4.0,12.5,-48.77,19.6877,-100,31.51,105.62,1.021548,0.565489,5.8551,0.5575
349,-100,-120.0,40,4.0,13.0,-50.56,19.9592,-100,33.49,102.61,1.088188,0.660995,11.6352,0.496
350,-100,-120.0,40,4.0,13.5,-49.54,20.3421,-100,32.51,104.13,1.020795,0.687998,15.1987,0.4539
351,-100,-120.0,40,4.0,14.0,-50.47,19.6297,-100,37.08,97.07,1.183654,0.761598,15.8437,0.3848
354,-100,-120.0,40,4.25,2.0,-46.3,15.0565,-76,36.92,97.37,1.185504,0.801355,16.8042,0.3979
352,-100,-120.0,40,4.25,1.0,-45.93,15.5122,-72,32.34,104.38,1.024022,0.569612,5.0533,0.5932
355,-100,-120.0,40,4.25,2.5,-47.71,15.151,-78,31.7,105.36,1.009627,0.591776,7.6134,0.5699
353,-100,-120.0,40,4.25,1.5,-48.01,15.7325,-73,32.41,104.31,1.041325,0.596237,8.2107,0.5214
356,-100,-120.0,40,4.25,3.0,-47.88,14.861,-78,33.67,102.31,1.07072,0.606885,9.0276,0.4972
357,-100,-120.0,40,4.25,3.5,-47.14,16.3769,-82,32.67,103.89,1.061104,0.614296,7.2118,0.5623
358,-100,-120.0,40,4.25,4.0,-47.26,16.3864,-80,34.86,100.49,1.104763,0.713969,14.3455,0.466
359,-100,-120.0,40,4.25,4.5,-45.36,15.7686,-81,32.12,104.73,1.040969,0.697618,15.7448,0.4689
360,-100,-120.0,40,4.25,5.0,-47.48,14.7562,-83,33.06,103.31,1.056694,0.678016,12.258,0.4511
361,-100,-120.0,40,4.25,5.5,-45.97,16.6654,-85,31.16,106.2,0.977779,0.569074,9.4262,0.54
362,-100,-120.0,40,4.25,6.0,-46.88,16.7136,-92,30.58,107.11,0.989817,0.565929,5.9209,0.6082
363,-100,-120.0,40,4.25,6.5,-43.42,16.5493,-91,32.18,104.67,1.045944,0.63143,11.924,0.5043
364,-100,-120.0,40,4.25,7.0,-45.73,16.9852,-96,32.7,103.85,1.059686,0.593813,6.1045,0.5716
366,-100,-120.0,40,4.25,8.0,-46.8,16.5457,-92,30.05,107.93,0.967974,0.559652,7.712,0.5835
367,-100,-120.0,40,4.25,8.5,-46.08,17.1669,-94,30.56,107.14,1.005464,0.590938,10.6923,0.5483
365,-100,-120.0,40,4.25,7.5,-47.1,16.7031,-100,30.36,107.5,0.945191,0.589911,11.7371,0.5288
368,-100,-120.0,40,4.25,9.0,-44.84,18.2621,-100,33.65,102.41,1.076846,0.61823,8.8603,0.506
369,-100,-120.0,40,4.25,9.5,-46.26,18.0071,-100,30.48,107.26,0.965086,0.60588,11.4078,0.4913
370,-100,-120.0,40,4.25,10.0,-43.94,18.6012,-100,35.11,100.13,1.115966,0.692923,13.7395,0.4735
371,-100,-120.0,40,4.25,10.5,-45.97,18.5068,-100,32.83,103.66,1.054493,0.622406,9.853,0.4769
372,-100,-120.0,40,4.25,11.0,-47.28,18.3788,-100,29.99,108.03,0.969118,0.535425,7.5204,0.5539
373,-100,-120.0,40,4.25,11.5,-45.73,18.5781,-100,33.1,103.24,1.071547,0.638827,10.2871,0.5194
374,-100,-120.0,40,4.25,12.0,-45.83,18.8118,-100,33.57,102.53,1.067236,0.593227,8.0876,0.5843
375,-100,-120.0,40,4.25,12.5,-45.8,19.7231,-100,33.65,102.38,1.067604,0.678854,14.4619,0.4846
377,-100,-120.0,40,4.25,13.5,-46.45,19.7003,-100,33.56,102.51,1.069318,0.619762,10.1142,0.5338
379,-100,-120.0,40,4.5,1.0,-43.92,15.7046,-69,34.24,101.48,1.104305,0.748258,16.9448,0.3808
380,-100,-120.0,40,4.5,1.5,-44.14,15.3642,-73,34.05,101.76,1.101942,0.704011,15.1835,0.4488
378,-100,-120.0,40,4.25,14.0,-45.94,20.37,-100,29.69,108.52,0.973837,0.544431,6.0295,0.6183
376,-100,-120.0,40,4.25,13.0,-47.62,19.8967,-100,31.81,105.22,1.018588,0.597106,9.11,0.5421
382,-100,-120.0,40,4.5,2.5,-44.2,16.0706,-75,34.19,101.5,1.064901,0.608027,9.5611,0.4826
381,-100,-120.0,40,4.5,2.0,-43.11,16.8214,-72,31.19,106.18,1.00665,0.593185,9.8634,0.5311
383,-100,-120.0,40,4.5,3.0,-42.64,16.0965,-77,37.16,96.95,1.182444,0.795004,15.6097,0.4146
384,-100,-120.0,40,4.5,3.5,-43.04,15.5415,-77,32.63,103.92,1.057075,0.626775,11.5046,0.5416
385,-100,-120.0,40,4.5,4.0,-41.62,17.0372,-80,32.36,104.38,1.03545,0.629111,10.6267,0.5061
386,-100,-120.0,40,4.5,4.5,-45.19,17.4809,-83,33.93,101.91,1.075806,0.63198,9.9478,0.48
387,-100,-120.0,40,4.5,5.0,-44.89,15.9641,-81,33.19,103.11,1.056266,0.664503,13.6029,0.4695
392,-100,-120.0,40,4.5,7.5,-44.06,17.2721,-93,36.87,97.46,1.157146,0.819348,18.187,0.3873
388,-100,-120.0,40,4.5,5.5,-43.2,16.6794,-84,31.79,105.26,1.008642,0.591354,9.1089,0.5618
391,-100,-120.0,40,4.5,7.0,-45.51,16.9742,-92,35.48,99.56,1.11772,0.737974,15.5952,0.4282
390,-100,-120.0,40,4.5,6.5,-42.41,18.1561,-92,30.9,106.64,0.994446,0.56911,8.4769,0.5588
389,-100,-120.0,40,4.5,6.0,-43.82,17.9781,-91,32.83,103.6,1.048625,0.586756,7.9766,0.5035
393,-100,-120.0,40,4.5,8.0,-41.69,17.7916,-94,32.48,104.16,1.042682,0.595993,7.8641,0.5439
394,-100,-120.0,40,4.5,8.5,-42.69,17.918,-95,30.82,106.74,1.002744,0.603087,9.8128,0.5541
395,-100,-120.0,40,4.5,9.0,-43.51,17.6018,-96,33.13,103.18,1.052564,0.656497,11.9554,0.4814
396,-100,-120.0,40,4.5,9.5,-43.01,18.6325,-100,31.8,105.25,1.018836,0.564197,7.3376,0.5613
397,-100,-120.0,40,4.5,10.0,-43.81,17.806,-100,31.92,105.05,1.02013,0.662534,14.2724,0.4265
398,-100,-120.0,40,4.5,10.5,-45.49,18.9998,-100,34.45,101.13,1.018958,0.68221,14.6715,0.4756
399,-100,-120.0,40,4.5,11.0,-44.04,19.8992,-100,33.07,103.24,1.060344,0.626142,10.6723,0.4363
400,-100,-120.0,40,4.5,11.5,-42.79,20.5469,-100,36.0,98.77,1.098099,0.728047,13.5926,0.4035
401,-100,-120.0,40,4.5,12.0,-41.66,19.6311,-100,33.3,102.92,1.068797,0.649806,12.5073,0.5045
402,-100,-120.0,40,4.5,12.5,-43.92,20.1063,-100,31.74,105.31,1.017043,0.6428,13.1363,0.5002
403,-100,-120.0,40,4.5,13.0,-41.12,20.5834,-100,33.09,103.2,1.063562,0.597092,4.961,0.6042
404,-100,-120.0,40,4.5,13.5,-42.37,21.38,-100,31.89,105.13,0.995633,0.599693,9.5446,0.4988
405,-100,-120.0,40,4.5,14.0,-43.6,21.1278,-100,31.01,106.5,0.982879,0.588947,10.5996,0.4793
406,-100,-120.0,40,4.75,1.0,-40.28,16.8034,-66,31.16,106.24,1.028575,0.542911,3.636,0.6269
408,-100,-120.0,40,4.75,2.0,-37.96,17.7389,-69,35.18,100.02,1.114563,0.787456,18.4849,0.3874
407,-100,-120.0,40,4.75,1.5,-39.82,17.2304,-68,30.76,106.84,0.983654,0.579977,7.933,0.5783
409,-100,-120.0,40,4.75,2.5,-39.6,16.9862,-71,34.42,101.19,1.094231,0.72028,15.5824,0.4839
410,-100,-120.0,40,4.75,3.0,-42.31,16.9423,-76,31.05,106.43,0.985197,0.612706,11.286,0.5234
412,-100,-120.0,40,4.75,4.0,-38.17,18.3189,-83,33.37,102.8,1.088799,0.659775,12.5359,0.4945
411,-100,-120.0,40,4.75,3.5,-42.01,17.2139,-77,32.34,104.42,1.02986,0.632472,12.3242,0.4711
413,-100,-120.0,40,4.75,4.5,-40.25,16.5605,-79,33.59,102.52,1.077902,0.592216,8.4574,0.555
414,-100,-120.0,40,4.75,5.0,-39.82,17.0762,-81,30.66,106.97,0.97935,0.579509,11.2957,0.5428
415,-100,-120.0,40,4.75,5.5,-40.29,17.5774,-84,31.6,105.54,1.03119,0.571154,6.8417,0.5569
417,-100,-120.0,40,4.75,6.5,-40.62,18.1493,-90,32.6,103.99,1.007364,0.591303,10.1189,0.5362
416,-100,-120.0,40,4.75,6.0,-38.01,19.5252,-86,29.07,109.45,0.963977,0.564762,10.3596,0.5775
419,-100,-120.0,40,4.75,7.5,-39.43,18.1374,-88,31.66,105.43,1.045345,0.577961,5.8585,0.6004
418,-100,-120.0,40,4.75,7.0,-40.73,18.6922,-89,32.24,104.61,1.013258,0.593678,9.4428,0.5317
420,-100,-120.0,40,4.75,8.0,-41.59,19.3508,-92,34.27,101.45,1.1084,0.664742,12.9503,0.4852
421,-100,-120.0,40,4.75,8.5,-39.97,18.5045,-100,32.67,103.91,1.061284,0.647921,11.4373,0.4939
422,-100,-120.0,40,4.75,9.0,-38.97,18.2777,-93,30.69,106.96,0.995326,0.628202,12.9538,0.4875
423,-100,-120.0,40,4.75,9.5,-39.56,19.621,-100,33.34,102.88,1.051128,0.694045,15.9411,0.4458
424,-100,-120.0,40,4.75,10.0,-40.38,19.4067,-98,30.28,107.59,0.968236,0.607519,12.2779,0.4777
425,-100,-120.0,40,4.75,10.5,-39.13,20.354,-100,31.75,105.33,1.019423,0.566446,7.4847,0.5435
427,-100,-120.0,40,4.75,11.5,-38.72,20.3362,-100,32.38,104.33,1.044858,0.642492,12.7501,0.4816
426,-100,-120.0,40,4.75,11.0,-39.96,20.6709,-100,32.23,104.55,1.036425,0.65633,14.096,0.4332
429,-100,-120.0,40,4.75,12.5,-39.02,21.5117,-100,37.37,96.67,1.184837,0.681877,10.479,0.4391
428,-100,-120.0,40,4.75,12.0,-40.12,20.6834,-100,33.28,102.96,1.016025,0.590825,9.3917,0.5262
430,-100,-120.0,40,4.75,13.0,-40.28,21.6384,-100,32.13,104.69,1.040365,0.60448,9.2203,0.5349
431,-100,-120.0,40,4.75,13.5,-39.03,21.9346,-100,30.6,107.11,0.980277,0.56709,8.3706,0.5648
432,-100,-120.0,40,4.75,14.0,-40.19,21.9472,-100,30.54,107.12,1.007786,0.541643,6.4612,0.6095
433,-100,-120.0,40,5.0,1.0,-36.56,17.7618,-67,30.75,106.84,0.978089,0.574642,8.9383,0.5198
434,-100,-120.0,40,5.0,1.5,-38.47,17.7261,-67,34.45,101.12,1.098071,0.754805,15.9851,0.4118
435,-100,-120.0,40,5.0,2.0,-38.06,17.8503,-68,30.19,107.71,0.995874,0.572625,8.9862,0.5692
436,-100,-120.0,40,5.0,2.5,-38.72,16.8191,-70,31.55,105.67,0.999837,0.604069,11.2859,0.5458
437,-100,-120.0,40,5.0,3.0,-38.69,18.376,-71,32.51,104.13,1.023895,0.596713,9.3101,0.519
438,-100,-120.0,40,5.0,3.5,-36.75,18.3371,-74,31.59,105.59,0.968384,0.592224,10.9941,0.4851
439,-100,-120.0,40,5.0,4.0,-37.77,17.6777,-74,28.84,109.78,0.935771,0.56827,10.9993,0.4983
440,-100,-120.0,40,5.0,4.5,-36.57,19.7483,-77,33.23,102.99,1.074352,0.687213,14.4752,0.4901
441,-100,-120.0,40,5.0,5.0,-36.22,18.4268,-83,33.09,103.23,1.040932,0.577123,6.3297,0.5821
442,-100,-120.0,40,5.0,5.5,-37.41,18.0445,-80,32.24,104.6,1.051795,0.600643,9.9123,0.5446
443,-100,-120.0,40,5.0,6.0,-37.46,18.0611,-83,33.77,102.22,1.087718,0.620265,9.2523,0.4735
444,-100,-120.0,40,5.0,6.5,-36.7,19.6113,-82,34.65,100.86,1.107152,0.712196,15.581,0.4263
445,-100,-120.0,40,5.0,7.0,-36.9,18.7095,-85,32.92,103.5,1.051198,0.58616,7.3203,0.5518
446,-100,-120.0,40,5.0,7.5,-36.31,19.9341,-87,33.7,102.22,1.085873,0.657977,12.8294,0.5018
447,-100,-120.0,40,5.0,8.0,-36.21,20.5959,-91,33.01,103.38,1.062518,0.617933,10.2648,0.5381
448,-100,-120.0,40,5.0,8.5,-37.71,19.7671,-98,32.19,104.62,1.034442,0.599135,7.8782,0.5084
449,-100,-120.0,40,5.0,9.0,-37.57,19.5588,-89,34.76,100.66,1.111909,0.60606,6.6533,0.5423
450,-100,-120.0,40,5.0,9.5,-36.14,19.8771,-98,33.14,103.17,1.066664,0.583535,7.5987,0.5455
452,-100,-120.0,40,5.0,10.5,-34.73,21.392,-100,34.04,101.74,1.092043,0.715452,15.8222,0.397
451,-100,-120.0,40,5.0,10.0,-37.0,20.3028,-93,31.92,105.04,1.034691,0.594332,8.8584,0.5488
453,-100,-120.0,40,5.0,11.0,-39.52,20.8299,-100,31.02,106.39,0.997506,0.60215,11.937,0.5588
455,-100,-120.0,40,5.0,12.0,-33.34,21.4867,-100,33.25,103.0,1.075803,0.737864,17.9456,0.3909
454,-100,-120.0,40,5.0,11.5,-35.96,22.4637,-100,33.32,102.89,1.049301,0.685447,14.6514,0.4343
456,-100,-120.0,40,5.0,12.5,-38.14,21.5701,-100,37.28,96.79,1.152561,0.784554,16.661,0.3822
457,-100,-120.0,40,5.0,13.0,-37.7,21.4232,-100,30.84,106.74,1.01636,0.562792,4.7811,0.5992
458,-100,-120.0,40,5.0,13.5,-37.57,22.2048,-100,31.49,105.67,1.022411,0.599031,9.326,0.5536
459,-100,-120.0,40,5.0,14.0,-37.65,21.9847,-100,31.61,105.48,1.007084,0.576808,7.8709,0.5735
460,-100,-115.0,40,1.0,1.0,-87.08,4.5828,-100,36.12,98.6,1.10496,0.69628,14.0396,0.4203
461,-100,-115.0,40,1.0,1.5,-86.88,4.1304,-97,39.96,92.62,1.249145,0.725239,8.7719,0.4513
462,-100,-115.0,40,1.0,2.0,-86.1,4.1107,-99,39.05,94.05,1.20774,0.741635,12.8856,0.3649
463,-100,-115.0,40,1.0,2.5,-86.51,4.9124,-100,32.38,104.35,1.013255,0.614804,12.0292,0.4858
465,-100,-115.0,40,1.0,3.5,-87.04,6.1016,-100,39.84,92.87,1.2133,0.655857,5.1447,0.5278
464,-100,-115.0,40,1.0,3.0,-87.65,4.5739,-100,39.08,93.95,1.198065,0.677127,8.8519,0.4984
467,-100,-115.0,40,1.0,4.5,-86.14,5.8397,-100,36.26,98.38,1.106868,0.635988,8.6608,0.5241
468,-100,-115.0,40,1.0,5.0,-86.56,5.816,-100,36.82,97.48,1.136478,0.652302,6.4505,0.5374
466,-100,-115.0,40,1.0,4.0,-87.06,5.4223,-100,35.32,99.79,1.067813,0.646776,10.565,0.471
469,-100,-115.0,40,1.0,5.5,-86.31,6.7496,-100,38.29,95.2,1.165847,0.715447,10.6768,0.4693
470,-100,-115.0,40,1.0,6.0,-86.1,7.1624,-100,37.88,95.9,1.15521,0.678111,9.6711,0.4294
472,-100,-115.0,40,1.0,7.0,-86.68,7.8484,-100,40.7,91.48,1.256096,0.679347,6.9956,0.4235
471,-100,-115.0,40,1.0,6.5,-86.85,6.9339,-100,36.05,98.66,1.122545,0.678975,10.9661,0.4489
473,-100,-115.0,40,1.0,7.5,-85.91,7.981,-100,37.89,95.85,1.177015,0.676936,8.9026,0.5233
475,-100,-115.0,40,1.0,8.5,-86.25,8.5208,-100,40.45,91.86,1.236414,0.735342,11.6707,0.4409
474,-100,-115.0,40,1.0,8.0,-86.38,8.3926,-100,38.47,94.97,1.187203,0.657893,9.7663,0.5388
476,-100,-115.0,40,1.0,9.0,-86.02,9.0659,-100,41.76,89.91,1.268018,0.725956,7.4947,0.4578
477,-100,-115.0,40,1.0,9.5,-87.11,9.2377,-100,36.75,97.61,1.154963,0.626276,4.7918,0.5799
480,-100,-115.0,40,1.0,11.0,-86.53,10.2459,-100,38.2,95.34,1.180731,0.654101,7.2329,0.5154
478,-100,-115.0,40,1.0,10.0,-86.67,9.6739,-100,35.76,99.14,1.109501,0.6984,11.9896,0.4122
479,-100,-115.0,40,1.0,10.5,-85.81,10.0551,-100,41.72,89.95,1.279216,0.719322,9.792,0.4596
481,-100,-115.0,40,1.0,11.5,-86.06,10.6549,-100,36.56,97.89,1.095039,0.664562,9.7325,0.5014
482,-100,-115.0,40,1.0,12.0,-85.61,11.1104,-100,37.77,96.03,1.16406,0.673793,10.8487,0.5052
483,-100,-115.0,40,1.0,12.5,-86.16,11.2528,-100,37.27,96.78,1.161626,0.680024,9.8917,0.4473
484,-100,-115.0,40,1.0,13.0,-84.4,12.0044,-100,36.66,97.71,1.135874,0.646506,8.3818,0.5215
485,-100,-115.0,40,1.0,13.5,-84.87,12.1522,-100,44.21,86.09,1.346081,0.909294,17.7322,0.3518
486,-100,-115.0,40,1.0,14.0,-85.61,12.148,-100,38.94,94.19,1.191327,0.662813,8.3865,0.4849
487,-100,-115.0,40,1.25,1.0,-83.88,4.2069,-95,34.84,100.54,1.096364,0.696021,13.1068,0.4533
489,-100,-115.0,40,1.25,2.0,-84.58,4.9424,-98,35.58,99.42,1.125464,0.643815,9.3005,0.5068
491,-100,-115.0,40,1.25,3.0,-83.71,6.3796,-100,34.97,100.33,1.127241,0.643174,9.9993,0.5314
488,-100,-115.0,40,1.25,1.5,-84.15,4.6277,-96,33.41,102.77,1.050154,0.650942,11.8003,0.4537
490,-100,-115.0,40,1.25,2.5,-84.33,5.9732,-100,34.17,101.57,1.055839,0.647893,10.325,0.4679
492,-100,-115.0,40,1.25,3.5,-84.19,5.8693,-100,33.9,102.0,1.071027,0.603459,7.7411,0.5474
493,-100,-115.0,40,1.25,4.0,-83.36,6.0414,-100,34.03,101.81,1.051062,0.668288,12.996,0.4659
494,-100,-115.0,40,1.25,4.5,-84.01,7.0687,-100,38.18,95.36,1.178393,0.764765,12.7784,0.4031
495,-100,-115.0,40,1.25,5.0,-83.49,6.7116,-100,35.01,100.33,1.10915,0.634845,7.6116,0.541
496,-100,-115.0,40,1.25,5.5,-84.2,7.1962,-100,34.44,101.14,1.08855,0.609531,7.6302,0.5367
497,-100,-115.0,40,1.25,6.0,-83.79,7.582,-100,37.21,96.89,1.16567,0.740816,15.1117,0.4167
498,-100,-115.0,40,1.25,6.5,-84.48,7.6152,-100,37.57,96.27,1.128679,0.683425,11.4486,0.4745
499,-100,-115.0,40,1.25,7.0,-83.35,7.9252,-100,41.76,89.92,1.316591,0.784346,12.4274,0.406
500,-100,-115.0,40,1.25,7.5,-84.89,8.4183,-100,38.76,94.49,1.201419,0.70344,11.5731,0.4796
502,-100,-115.0,40,1.25,8.5,-83.94,9.3516,-100,34.84,100.5,1.082628,0.652613,11.509,0.4582
503,-100,-115.0,40,1.25,9.0,-83.49,9.5437,-100,36.76,97.53,1.143564,0.667242,9.4028,0.4757
501,-100,-115.0,40,1.25,8.0,-83.84,9.2312,-100,35.11,100.13,1.07205,0.627692,9.371,0.4719
504,-100,-115.0,40,1.25,9.5,-83.99,9.8396,-100,32.91,103.48,1.055322,0.606094,8.9008,0.5657
505,-100,-115.0,40,1.25,10.0,-82.72,10.666,-100,37.35,96.66,1.163377,0.695966,10.7081,0.488
506,-100,-115.0,40,1.25,10.5,-83.73,10.8057,-100,36.96,97.29,1.131151,0.677379,11.1633,0.4911
507,-100,-115.0,40,1.25,11.0,-83.39,11.1622,-100,36.15,98.46,1.134742,0.722916,13.2774,0.4762
508,-100,-115.0,40,1.25,11.5,-83.22,11.3512,-100,34.33,101.33,1.073149,0.623861,8.4698,0.5196
509,-100,-115.0,40,1.25,12.0,-83.18,11.8177,-100,37.23,96.88,1.166176,0.70518,11.5571,0.4298
510,-100,-115.0,40,1.25,12.5,-83.54,11.9361,-100,39.98,92.59,1.2119,0.760592,11.6992,0.4013
512,-100,-115.0,40,1.25,13.5,-82.37,12.8605,-100,42.54,88.64,1.263992,0.865571,16.176,0.3879
511,-100,-115.0,40,1.25,13.0,-82.71,12.6443,-100,36.03,98.7,1.127888,0.615408,5.1115,0.5577
514,-100,-115.0,40,1.5,1.0,-82.53,4.9102,-94,38.89,94.31,1.21721,0.840952,19.0169,0.3894
515,-100,-115.0,40,1.5,1.5,-81.21,5.2107,-95,35.61,99.37,1.110603,0.647062,8.6825,0.4906
513,-100,-115.0,40,1.25,14.0,-82.56,13.0156,-100,38.86,94.32,1.191791,0.679242,10.1052,0.5144
516,-100,-115.0,40,1.5,2.0,-80.89,5.3154,-96,33.09,103.29,1.06415,0.628899,11.5385,0.5253
517,-100,-115.0,40,1.5,2.5,-80.37,5.8253,-99,34.76,100.68,1.079016,0.618498,8.4521,0.5028
518,-100,-115.0,40,1.5,3.0,-81.22,5.8734,-100,38.92,94.22,1.227705,0.781288,14.6495,0.4297
519,-100,-115.0,40,1.5,3.5,-80.8,6.2842,-100,33.83,102.09,1.066162,0.681552,12.8059,0.4255
520,-100,-115.0,40,1.5,4.0,-80.41,7.138,-100,33.71,102.3,1.069013,0.635551,12.1588,0.5027
521,-100,-115.0,40,1.5,4.5,-80.59,6.9069,-100,34.65,100.85,1.08274,0.625636,7.7511,0.5382
522,-100,-115.0,40,1.5,5.0,-80.48,7.6604,-100,36.1,98.63,1.114358,0.685299,10.5632,0.4781
523,-100,-115.0,40,1.5,5.5,-81.04,7.3275,-100,36.66,97.78,1.138373,0.68088,10.5676,0.4537
524,-100,-115.0,40,1.5,6.0,-81.53,8.3102,-100,35.24,99.95,1.096128,0.647964,9.3606,0.4503
525,-100,-115.0,40,1.5,6.5,-81.56,8.227,-100,37.66,96.19,1.200681,0.663201,7.2753,0.4835
526,-100,-115.0,40,1.5,7.0,-80.43,8.7688,-100,38.91,94.27,1.223798,0.708294,10.8528,0.4288
527,-100,-115.0,40,1.5,7.5,-80.74,9.0339,-100,36.34,98.21,1.137573,0.664888,9.1173,0.5036
528,-100,-115.0,40,1.5,8.0,-80.34,9.7349,-100,35.38,99.7,1.097821,0.641538,7.2231,0.5469
529,-100,-115.0,40,1.5,8.5,-80.77,9.6927,-100,36.73,97.62,1.151614,0.687124,10.5638,0.4698
531,-100,-115.0,40,1.5,9.5,-80.18,10.9587,-100,36.92,97.32,1.151454,0.698072,10.7143,0.471
532,-100,-115.0,40,1.5,10.0,-80.18,11.0971,-100,38.86,94.39,1.16092,0.665391,8.0789,0.4573
530,-100,-115.0,40,1.5,9.0,-80.36,10.4608,-100,36.32,98.23,1.141561,0.726343,13.002,0.4192
534,-100,-115.0,40,1.5,11.0,-81.59,11.5725,-100,36.88,97.38,1.1302,0.713433,13.7669,0.4922
533,-100,-115.0,40,1.5,10.5,-80.88,11.3737,-100,36.57,97.92,1.156956,0.696963,10.525,0.4862
535,-100,-115.0,40,1.5,11.5,-81.54,11.6427,-100,36.22,98.42,1.116873,0.673073,10.0233,0.521
536,-100,-115.0,40,1.5,12.0,-80.6,12.6365,-100,36.21,98.4,1.144702,0.630689,7.1634,0.538
537,-100,-115.0,40,1.5,12.5,-80.51,12.6957,-100,38.98,94.11,1.172944,0.719931,10.641,0.4366
538,-100,-115.0,40,1.5,13.0,-80.42,13.1664,-100,31.96,105.02,1.01905,0.592772,9.7218,0.5349
539,-100,-115.0,40,1.5,13.5,-80.34,13.476,-100,37.8,95.99,1.161606,0.677047,9.4436,0.4948
540,-100,-115.0,40,1.5,14.0,-79.95,13.7299,-100,39.61,93.18,1.223832,0.718599,9.2859,0.4315
541,-100,-115.0,40,1.75,1.0,-77.44,6.3464,-90,33.74,102.22,1.073258,0.631157,7.9463,0.5156
542,-100,-115.0,40,1.75,1.5,-78.28,6.2908,-92,36.63,97.81,1.167618,0.752999,15.5474,0.4409
543,-100,-115.0,40,1.75,2.0,-77.46,6.7899,-93,33.83,102.1,1.07989,0.60598,7.8337,0.5025
544,-100,-115.0,40,1.75,2.5,-77.67,7.3922,-96,33.55,102.53,1.077883,0.594349,6.6657,0.567
545,-100,-115.0,40,1.75,3.0,-78.15,7.39,-99,39.15,93.87,1.212928,0.830808,17.5038,0.3864
546,-100,-115.0,40,1.75,3.5,-78.14,7.3352,-100,34.79,100.62,1.116936,0.624351,8.7346,0.5194
547,-100,-115.0,40,1.75,4.0,-78.17,7.2237,-100,33.91,101.97,1.094968,0.619283,10.5719,0.5368
548,-100,-115.0,40,1.75,4.5,-76.03,7.8501,-100,36.08,98.66,1.117243,0.66611,9.3474,0.5303
549,-100,-115.0,40,1.75,5.0,-77.85,8.4208,-100,33.57,102.51,1.058574,0.715331,16.2356,0.44
550,-100,-115.0,40,1.75,5.5,-78.07,8.4252,-100,35.04,100.23,1.082968,0.614486,9.3649,0.5072
552,-100,-115.0,40,1.75,6.5,-77.46,8.7096,-100,38.33,95.16,1.211182,0.858855,18.8104,0.3556
551,-100,-115.0,40,1.75,6.0,-78.16,8.5445,-100,35.29,99.84,1.112064,0.621274,6.5597,0.5601
553,-100,-115.0,40,1.75,7.0,-76.21,9.3981,-100,33.92,101.94,1.040624,0.648972,10.0227,0.5202
554,-100,-115.0,40,1.75,7.5,-77.05,9.9057,-100,35.7,99.19,1.101494,0.66372,10.4911,0.495
555,-100,-115.0,40,1.75,8.0,-77.42,10.3904,-100,33.96,101.91,1.065656,0.615674,6.9814,0.5498
556,-100,-115.0,40,1.75,8.5,-77.91,10.2948,-100,33.51,102.66,1.058254,0.62067,9.1271,0.4967
557,-100,-115.0,40,1.75,9.0,-77.78,10.8478,-100,37.32,96.77,1.140748,0.658896,9.5928,0.4697
558,-100,-115.0,40,1.75,9.5,-77.05,11.0762,-100,35.89,98.91,1.112394,0.607224,8.1968,0.5223
559,-100,-115.0,40,1.75,10.0,-77.69,11.4268,-100,37.02,97.19,1.133517,0.696096,10.2174,0.3986
560,-100,-115.0,40,1.75,10.5,-77.35,11.9405,-100,37.53,96.41,1.140806,0.68846,11.8431,0.4302
561,-100,-115.0,40,1.75,11.0,-77.65,12.3006,-100,38.2,95.38,1.180441,0.723306,10.4306,0.4654
563,-100,-115.0,40,1.75,12.0,-77.16,12.8253,-100,38.59,94.78,1.180476,0.73525,12.4844,0.461
562,-100,-115.0,40,1.75,11.5,-76.91,12.7341,-100,34.85,100.55,1.091212,0.743603,16.8024,0.4249
564,-100,-115.0,40,1.75,12.5,-77.0,13.6484,-100,40.37,92.02,1.214088,0.783214,12.0573,0.4086
565,-100,-115.0,40,1.75,13.0,-76.36,13.8286,-100,33.71,102.29,1.053235,0.686094,14.3982,0.4419
567,-100,-115.0,40,1.75,14.0,-77.38,14.5009,-100,34.99,100.33,1.089918,0.645435,10.2397,0.4719
568,-100,-115.0,40,2.0,1.0,-74.89,7.6804,-89,32.68,103.9,1.030982,0.639391,12.3048,0.5293
566,-100,-115.0,40,1.75,13.5,-75.91,14.1407,-100,36.28,98.31,1.154146,0.642335,9.0341,0.4838
569,-100,-115.0,40,2.0,1.5,-74.48,6.4043,-89,35.74,99.17,1.128512,0.721306,12.7817,0.4323
570,-100,-115.0,40,2.0,2.0,-74.0,7.6452,-90,31.38,105.88,1.019417,0.574566,8.5788,0.5468
571,-100,-115.0,40,2.0,2.5,-74.28,7.5828,-94,36.82,97.43,1.175843,0.651743,7.5769,0.4949
572,-100,-115.0,40,2.0,3.0,-74.84,7.7763,-96,32.68,103.89,1.063145,0.657892,12.6778,0.5259
573,-100,-115.0,40,2.0,3.5,-74.99,7.6489,-99,34.55,100.97,1.066928,0.72513,14.0579,0.3761
574,-100,-115.0,40,2.0,4.0,-74.99,7.6714,-97,32.93,103.58,1.0202,0.623536,10.7564,0.5096
576,-100,-115.0,40,2.0,5.0,-75.44,8.6175,-100,34.64,100.83,1.077753,0.621797,9.5797,0.5088
575,-100,-115.0,40,2.0,4.5,-75.19,8.5774,-100,32.31,104.49,1.001878,0.59935,10.1293,0.4963
577,-100,-115.0,40,2.0,5.5,-73.9,9.0515,-100,36.52,97.94,1.150435,0.715533,12.784,0.4622
578,-100,-115.0,40,2.0,6.0,-74.67,9.002,-100,34.87,100.56,1.064733,0.600438,6.0799,0.558
579,-100,-115.0,40,2.0,6.5,-74.4,9.5571,-100,34.39,101.26,1.096297,0.648253,8.9707,0.5222
581,-100,-115.0,40,2.0,7.5,-75.22,10.357,-100,41.79,89.85,1.321094,0.85159,14.5235,0.3499
580,-100,-115.0,40,2.0,7.0,-73.94,10.2453,-100,36.79,97.55,1.170971,0.700273,12.0065,0.4246
582,-100,-115.0,40,2.0,8.0,-74.56,11.0743,-100,34.25,101.44,1.086576,0.650482,10.8155,0.4938
584,-100,-115.0,40,2.0,9.0,-74.98,11.5508,-100,33.08,103.22,1.054298,0.614531,8.4541,0.5543
583,-100,-115.0,40,2.0,8.5,-75.1,10.9534,-100,34.68,100.73,1.081743,0.641615,10.2914,0.4998
585,-100,-115.0,40,2.0,9.5,-73.92,11.6419,-100,34.0,101.87,1.044978,0.659552,12.2928,0.4445
586,-100,-115.0,40,2.0,10.0,-74.27,12.4013,-100,34.4,101.23,1.096501,0.647035,10.0224,0.5426
587,-100,-115.0,40,2.0,10.5,-74.29,13.0509,-100,36.13,98.56,1.144508,0.654959,7.5955,0.538
588,-100,-115.0,40,2.0,11.0,-74.59,13.2348,-100,39.57,93.21,1.214613,0.768413,12.9913,0.3817
589,-100,-115.0,40,2.0,11.5,-73.86,13.1917,-100,35.09,100.15,1.11857,0.698562,13.278,0.4322
593,-100,-115.0,40,2.0,13.5,-73.19,14.6837,-100,36.18,98.49,1.135619,0.783037,17.2435,0.3675
592,-100,-115.0,40,2.0,13.0,-74.2,14.5721,-100,37.1,97.03,1.147172,0.657898,8.2143,0.4944
590,-100,-115.0,40,2.0,12.0,-74.38,13.772,-100,34.32,101.42,1.06493,0.599046,8.6799,0.5259
591,-100,-115.0,40,2.0,12.5,-75.27,14.0039,-100,37.29,96.8,1.154407,0.665769,8.1678,0.4841
594,-100,-115.0,40,2.0,14.0,-73.92,15.3281,-100,39.63,93.14,1.23846,0.790194,13.8751,0.4666
595,-100,-115.0,40,2.25,1.0,-71.94,7.9069,-89,32.79,103.7,1.059007,0.626662,10.5646,0.5062
596,-100,-115.0,40,2.25,1.5,-71.92,7.9029,-88,31.03,106.37,1.009688,0.570145,8.3431,0.5302
598,-100,-115.0,40,2.25,2.5,-69.37,8.736,-91,32.54,104.07,1.051536,0.740859,17.6062,0.4314
597,-100,-115.0,40,2.25,2.0,-72.48,8.5572,-91,32.35,104.39,1.018272,0.627355,12.1983,0.5385
600,-100,-115.0,40,2.25,3.5,-71.9,9.3544,-97,34.17,101.55,1.065422,0.629674,9.6912,0.5343
599,-100,-115.0,40,2.25,3.0,-71.86,7.754,-94,31.47,105.74,1.019254,0.597084,8.6366,0.5707
601,-100,-115.0,40,2.25,4.0,-72.22,8.8014,-100,36.06,98.61,1.131889,0.65116,8.4388,0.5117
602,-100,-115.0,40,2.25,4.5,-70.43,9.7861,-99,34.22,101.5,1.101028,0.691125,12.788,0.4809
603,-100,-115.0,40,2.25,5.0,-72.11,8.9648,-100,34.45,101.19,1.0966,0.677192,11.6542,0.463
604,-100,-115.0,40,2.25,5.5,-72.41,9.2844,-100,34.81,100.59,1.064224,0.660457,12.1841,0.5288
605,-100,-115.0,40,2.25,6.0,-71.64,10.0372,-100,35.87,98.97,1.110339,0.66017,9.7047,0.499
606,-100,-115.0,40,2.25,6.5,-70.79,9.7793,-100,33.62,102.5,1.076566,0.677553,14.3365,0.4808
607,-100,-115.0,40,2.25,7.0,-71.52,10.2016,-100,35.87,98.96,1.110471,0.752269,15.4639,0.4162
608,-100,-115.0,40,2.25,7.5,-71.39,11.2056,-100,35.93,98.89,1.093142,0.68954,12.9683,0.4479
609,-100,-115.0,40,2.25,8.0,-70.83,11.4264,-100,35.14,100.1,1.117883,0.653206,9.851,0.4764
610,-100,-115.0,40,2.25,8.5,-70.72,11.8846,-100,36.53,97.89,1.145392,0.748826,14.5104,0.4111
612,-100,-115.0,40,2.25,9.5,-71.55,12.0409,-100,36.26,98.36,1.109245,0.694556,12.2456,0.4651
611,-100,-115.0,40,2.25,9.0,-71.84,11.9354,-100,35.12,100.13,1.087359,0.682217,11.3503,0.4841
613,-100,-115.0,40,2.25,10.0,-71.73,12.2843,-100,36.24,98.36,1.150959,0.749865,14.8474,0.4025
615,-100,-115.0,40,2.25,11.0,-70.96,13.7317,-100,35.21,99.97,1.096786,0.653106,9.5215,0.4427
614,-100,-115.0,40,2.25,10.5,-71.72,13.1808,-100,34.97,100.3,1.102702,0.65466,11.3491,0.487
616,-100,-115.0,40,2.25,11.5,-71.43,13.6449,-100,33.73,102.27,1.059902,0.714401,14.0939,0.3852
617,-100,-115.0,40,2.25,12.0,-70.75,14.1342,-100,33.31,102.91,1.031363,0.626296,9.736,0.4613
618,-100,-115.0,40,2.25,12.5,-70.94,14.8056,-100,36.25,98.36,1.126493,0.662688,9.7495,0.4392
619,-100,-115.0,40,2.25,13.0,-70.85,15.0324,-100,36.69,97.71,1.153905,0.654707,5.9028,0.4863
620,-100,-115.0,40,2.25,13.5,-71.34,15.4514,-100,34.18,101.55,1.076535,0.654591,11.1183,0.5061
622,-100,-115.0,40,2.5,1.0,-68.23,8.554,-83,36.26,98.4,1.141886,0.650292,10.2814,0.5271
621,-100,-115.0,40,2.25,14.0,-70.99,15.8003,-100,34.03,101.81,1.090196,0.60934,6.185,0.5391
624,-100,-115.0,40,2.5,2.0,-68.32,8.3991,-87,35.9,98.92,1.15801,0.657084,8.1223,0.5414
623,-100,-115.0,40,2.5,1.5,-68.09,9.6035,-87,33.98,101.85,1.094482,0.690228,12.76,0.4988
625,-100,-115.0,40,2.5,2.5,-67.83,9.9277,-92,33.92,101.94,1.09527,0.639161,9.9023,0.549
627,-100,-115.0,40,2.5,3.5,-67.55,9.4758,-93,39.78,92.92,1.2596,0.911719,19.4651,0.3164
626,-100,-115.0,40,2.5,3.0,-68.91,10.1041,-98,35.57,99.41,1.102433,0.755854,14.712,0.3352
628,-100,-115.0,40,2.5,4.0,-69.25,9.514,-96,33.77,102.22,1.063249,0.686038,13.49,0.4503
630,-100,-115.0,40,2.5,5.0,-69.78,10.8097,-100,33.38,102.78,1.058694,0.6806,14.4324,0.4392
629,-100,-115.0,40,2.5,4.5,-68.32,10.6346,-97,33.22,103.07,1.040297,0.623396,9.3213,0.4418
631,-100,-115.0,40,2.5,5.5,-68.29,9.9326,-99,33.2,103.06,1.022919,0.647625,12.6857,0.425
632,-100,-115.0,40,2.5,6.0,-68.51,10.946,-100,33.42,102.77,1.069669,0.681425,12.6413,0.3907
633,-100,-115.0,40,2.5,6.5,-67.91,10.8289,-100,35.11,100.14,1.120558,0.640716,8.2733,0.5313
634,-100,-115.0,40,2.5,7.0,-68.76,11.137,-100,32.95,103.49,1.060707,0.600894,8.5609,0.5344
635,-100,-115.0,40,2.5,7.5,-67.38,11.3884,-100,36.17,98.48,1.139929,0.671574,9.3103,0.4827
636,-100,-115.0,40,2.5,8.0,-68.45,12.0604,-100,35.33,99.8,1.129738,0.705121,14.2186,0.4627
637,-100,-115.0,40,2.5,8.5,-68.95,12.1045,-100,35.55,99.44,1.130918,0.686425,10.6171,0.4517
638,-100,-115.0,40,2.5,9.0,-68.64,12.6891,-100,34.86,100.58,1.09129,0.675112,11.46,0.4293
639,-100,-115.0,40,2.5,9.5,-68.47,12.7328,-100,34.86,100.53,1.07996,0.671182,10.5163,0.4872
640,-100,-115.0,40,2.5,10.0,-67.39,13.5349,-100,36.13,98.56,1.141658,0.726765,13.9545,0.4725
641,-100,-115.0,40,2.5,10.5,-66.71,14.0098,-100,32.29,104.43,1.000217,0.611216,10.8016,0.5065
642,-100,-115.0,40,2.5,11.0,-68.47,14.1107,-100,36.11,98.58,1.117514,0.662622,8.2561,0.4482
643,-100,-115.0,40,2.5,11.5,-68.2,14.1736,-100,37.82,95.97,1.168163,0.698423,10.5925,0.4688
644,-100,-115.0,40,2.5,12.0,-68.53,14.7118,-100,36.36,98.21,1.136488,0.731092,13.7565,0.4093
645,-100,-115.0,40,2.5,12.5,-68.34,15.2982,-100,35.68,99.23,1.117029,0.699526,12.5273,0.4559
646,-100,-115.0,40,2.5,13.0,-67.44,15.5857,-100,36.42,98.08,1.146861,0.714786,11.9931,0.4516
648,-100,-115.0,40,2.5,14.0,-68.86,16.0151,-100,39.64,93.13,1.234825,0.743533,12.0795,0.3752
647,-100,-115.0,40,2.5,13.5,-67.37,15.8584,-100,36.05,98.69,1.123735,0.632472,6.5919,0.5341
649,-100,-115.0,40,2.75,1.0,-64.44,8.6272,-82,32.31,104.46,1.043994,0.650123,12.0961,0.4517
651,-100,-115.0,40,2.75,2.0,-65.59,10.3902,-87,36.4,98.16,1.156729,0.64753,8.9921,0.5363
650,-100,-115.0,40,2.75,1.5,-65.06,11.1495,-86,30.67,107.0,0.982346,0.595853,10.2603,0.5438
653,-100,-115.0,40,2.75,3.0,-64.29,11.102,-91,34.67,100.83,1.097917,0.739925,16.3605,0.431
652,-100,-115.0,40,2.75,2.5,-64.26,10.1854,-85,32.64,103.92,1.041022,0.6185,10.4633,0.4781
654,-100,-115.0,40,2.75,3.5,-64.03,10.8084,-90,33.13,103.2,1.057586,0.653697,10.6647,0.5244
655,-100,-115.0,40,2.75,4.0,-65.58,10.1941,-90,34.59,100.95,1.101452,0.610021,5.5492,0.5752
657,-100,-115.0,40,2.75,5.0,-64.97,10.4244,-93,35.67,99.3,1.096175,0.662062,10.2384,0.4526
656,-100,-115.0,40,2.75,4.5,-64.06,11.3575,-96,32.7,103.88,1.019271,0.613943,10.0162,0.57
658,-100,-115.0,40,2.75,5.5,-64.74,11.202,-97,31.29,106.02,1.019871,0.556469,4.1099,0.6171
659,-100,-115.0,40,2.75,6.0,-65.81,11.74,-100,34.51,101.02,1.101121,0.653423,10.7718,0.4734
660,-100,-115.0,40,2.75,6.5,-65.1,11.9988,-100,33.0,103.43,1.065059,0.69352,15.2006,0.3926
661,-100,-115.0,40,2.75,7.0,-66.05,12.1302,-100,31.46,105.75,1.014061,0.612361,11.2357,0.5337
662,-100,-115.0,40,2.75,7.5,-64.34,11.7282,-100,34.67,100.82,1.10067,0.657703,11.0664,0.4963
663,-100,-115.0,40,2.75,8.0,-64.09,13.2982,-100,34.49,101.09,1.07423,0.649482,10.7552,0.4952
664,-100,-115.0,40,2.75,8.5,-64.78,12.7559,-100,34.61,100.85,1.083818,0.626672,6.7502,0.5153
665,-100,-115.0,40,2.75,9.0,-65.53,13.6066,-100,32.16,104.66,1.031578,0.613485,8.6834,0.543
666,-100,-115.0,40,2.75,9.5,-65.08,13.4832,-100,32.75,103.76,1.03799,0.597119,7.0301,0.5734
667,-100,-115.0,40,2.75,10.0,-64.51,13.9507,-100,35.62,99.35,1.11423,0.666652,8.8956,0.5299
668,-100,-115.0,40,2.75,10.5,-65.22,13.8016,-100,32.43,104.3,1.041749,0.601193,9.4261,0.5774
669,-100,-115.0,40,2.75,11.0,-64.64,14.8961,-100,32.52,104.13,1.028343,0.566239,6.5378,0.6007
670,-100,-115.0,40,2.75,11.5,-63.88,14.9645,-100,35.02,100.28,1.084158,0.62703,7.8998,0.5414
672,-100,-115.0,40,2.75,12.5,-63.21,16.4931,-100,33.27,102.94,1.079097,0.685999,14.2065,0.4525
671,-100,-115.0,40,2.75,12.0,-66.16,15.7858,-100,35.49,99.57,1.121628,0.720823,14.6379,0.4586
673,-100,-115.0,40,2.75,13.0,-66.34,15.2779,-100,35.43,99.61,1.121636,0.744676,16.6811,0.4473
674,-100,-115.0,40,2.75,13.5,-66.01,16.5236,-100,35.08,100.19,1.099621,0.714083,13.9837,0.42
675,-100,-115.0,40,2.75,14.0,-66.76,16.5983,-100,34.62,100.86,1.106887,0.640931,8.9801,0.4921
678,-100,-115.0,40,3.0,2.0,-61.27,11.5711,-84,31.33,105.94,0.984728,0.642469,13.6195,0.4783
676,-100,-115.0,40,3.0,1.0,-63.29,9.6234,-80,33.11,103.24,1.078745,0.664955,12.9975,0.4697
677,-100,-115.0,40,3.0,1.5,-60.65,10.669,-80,32.97,103.46,1.048695,0.622134,9.8501,0.5343
679,-100,-115.0,40,3.0,2.5,-60.97,10.512,-85,32.64,103.9,1.042397,0.616687,10.6221,0.4987
681,-100,-115.0,40,3.0,3.5,-63.2,10.8944,-93,34.42,101.21,1.085876,0.768987,17.4435,0.3547
682,-100,-115.0,40,3.0,4.0,-61.3,11.1347,-92,33.73,102.28,1.057759,0.716847,16.1072,0.4162
680,-100,-115.0,40,3.0,3.0,-62.27,11.3405,-88,30.84,106.68,0.988824,0.562535,6.098,0.5933
684,-100,-115.0,40,3.0,5.0,-62.04,11.4524,-94,32.54,104.05,1.039162,0.666997,12.7792,0.4682
683,-100,-115.0,40,3.0,4.5,-62.18,11.5042,-94,32.58,104.08,0.978885,0.633972,11.6005,0.4117
685,-100,-115.0,40,3.0,5.5,-62.3,12.1892,-95,34.11,101.67,1.051244,0.611116,9.0557,0.4915
686,-100,-115.0,40,3.0,6.0,-61.75,12.2302,-98,33.94,101.91,1.091504,0.647273,9.0069,0.546
687,-100,-115.0,40,3.0,6.5,-61.36,12.81,-100,34.61,100.91,1.1061,0.749619,16.478,0.3967
688,-100,-115.0,40,3.0,7.0,-62.9,12.3957,-99,35.38,99.72,1.131354,0.742918,15.2125,0.4432
690,-100,-115.0,40,3.0,8.0,-63.66,13.0256,-100,33.58,102.51,1.029834,0.699312,15.077,0.4325
689,-100,-115.0,40,3.0,7.5,-62.04,12.9281,-100,33.53,102.64,1.050664,0.614998,9.5361,0.5337
691,-100,-115.0,40,3.0,8.5,-62.34,13.7229,-100,33.01,103.38,1.066213,0.631007,10.2477,0.5444
692,-100,-115.0,40,3.0,9.0,-61.36,13.772,-100,33.98,101.83,1.095383,0.726308,14.5041,0.3646
693,-100,-115.0,40,3.0,9.5,-61.84,14.0439,-100,30.46,107.28,0.98268,0.571374,9.3156,0.5606
694,-100,-115.0,40,3.0,10.0,-61.81,14.5267,-100,31.99,104.93,1.023867,0.591852,6.5355,0.5878
695,-100,-115.0,40,3.0,10.5,-60.96,15.7526,-100,33.19,103.11,1.049086,0.665735,12.9789,0.4164
696,-100,-115.0,40,3.0,11.0,-61.6,15.4313,-100,34.96,100.39,1.080549,0.614821,8.5374,0.5223
697,-100,-115.0,40,3.0,11.5,-62.18,15.4565,-100,34.8,100.56,1.066005,0.648313,9.2057,0.5338
698,-100,-115.0,40,3.0,12.0,-61.59,16.304,-100,37.04,97.19,1.160092,0.719238,12.3477,0.4019
699,-100,-115.0,40,3.0,12.5,-62.09,16.3239,-100,34.97,100.32,1.085519,0.683456,12.8549,0.4301
701,-100,-115.0,40,3.0,13.5,-60.93,17.2431,-100,35.45,99.58,1.124386,0.678504,10.0846,0.5271
700,-100,-115.0,40,3.0,13.0,-62.14,17.1526,-100,32.22,104.61,1.047067,0.627971,12.7306,0.525
702,-100,-115.0,40,3.0,14.0,-61.92,17.6294,-100,33.66,102.31,1.053611,0.604525,6.7656,0.5647
703,-100,-115.0,40,3.25,1.0,-58.37,11.7824,-79,34.85,100.53,1.131902,0.711766,13.6467,0.4576
704,-100,-115.0,40,3.25,1.5,-59.85,11.5883,-82,36.67,97.69,1.175925,0.635953,7.471,0.5445
706,-100,-115.0,40,3.25,2.5,-58.75,11.3775,-83,33.28,102.95,1.051958,0.618021,10.4622,0.5189
705,-100,-115.0,40,3.25,2.0,-58.54,11.7715,-80,30.76,106.83,1.001415,0.590748,10.051,0.4951
707,-100,-115.0,40,3.25,3.0,-58.78,11.7932,-86,31.52,105.62,1.019169,0.594288,9.2916,0.5405
708,-100,-115.0,40,3.25,3.5,-58.48,11.7775,-86,32.49,104.19,1.030997,0.615803,9.9273,0.4995
709,-100,-115.0,40,3.25,4.0,-58.31,12.2084,-89,32.13,104.69,1.005281,0.626046,11.6548,0.5311
710,-100,-115.0,40,3.25,4.5,-59.47,12.4006,-91,35.79,99.12,1.142897,0.723044,14.8916,0.4582
711,-100,-115.0,40,3.25,5.0,-59.43,12.7091,-94,30.48,107.29,0.974353,0.56826,8.7142,0.5662
712,-100,-115.0,40,3.25,5.5,-59.37,12.8277,-98,32.91,103.52,1.044308,0.663969,12.3057,0.4252
714,-100,-115.0,40,3.25,6.5,-59.25,12.1044,-98,33.02,103.34,1.027644,0.723292,15.7208,0.3913
713,-100,-115.0,40,3.25,6.0,-58.33,12.9982,-97,33.77,102.19,1.050645,0.639896,10.9623,0.5036
715,-100,-115.0,40,3.25,7.0,-57.89,13.0087,-100,33.26,102.96,1.023813,0.630118,12.0966,0.4487
716,-100,-115.0,40,3.25,7.5,-58.77,14.1854,-100,33.51,102.6,1.070372,0.607732,8.3896,0.5328
717,-100,-115.0,40,3.25,8.0,-57.6,14.4864,-100,33.54,102.53,1.056118,0.618429,8.8071,0.4921
718,-100,-115.0,40,3.25,8.5,-58.53,14.2582,-100,32.63,103.96,1.029227,0.624942,10.7153,0.5171
720,-100,-115.0,40,3.25,9.5,-57.29,15.3529,-100,33.41,102.77,1.078267,0.675451,12.5423,0.4834
719,-100,-115.0,40,3.25,9.0,-60.04,14.3773,-100,35.88,98.98,1.142168,0.652217,8.875,0.4858
721,-100,-115.0,40,3.25,10.0,-58.07,15.4782,-100,33.82,102.16,1.048464,0.624758,9.7688,0.4925
722,-100,-115.0,40,3.25,10.5,-59.33,15.1999,-100,36.06,98.68,1.142521,0.669729,8.6728,0.4687
723,-100,-115.0,40,3.25,11.0,-59.01,16.6865,-100,32.42,104.33,1.018746,0.585431,7.808,0.5924
724,-100,-115.0,40,3.25,11.5,-59.91,15.9755,-100,34.71,100.71,1.076257,0.676199,12.8284,0.5042
725,-100,-115.0,40,3.25,12.0,-58.0,17.0553,-100,33.11,103.18,1.049273,0.600372,6.9902,0.5403
726,-100,-115.0,40,3.25,12.5,-58.81,17.2261,-100,31.73,105.34,1.013658,0.556197,7.1194,0.5847
727,-100,-115.0,40,3.25,13.0,-59.38,17.1919,-100,32.27,104.52,1.028774,0.635165,11.7998,0.4735
728,-100,-115.0,40,3.25,13.5,-59.03,17.9245,-100,34.35,101.32,1.104147,0.674339,12.0713,0.4746
729,-100,-115.0,40,3.25,14.0,-59.06,17.7461,-100,31.39,105.89,0.982145,0.634816,13.3203,0.5096
730,-100,-115.0,40,3.5,1.0,-56.61,12.0884,-76,31.76,105.31,1.032087,0.591057,7.2153,0.5382
732,-100,-115.0,40,3.5,2.0,-53.78,14.2941,-80,35.9,98.93,1.133788,0.809447,17.4728,0.3469
731,-100,-115.0,40,3.5,1.5,-55.61,13.0427,-78,32.23,104.59,1.018017,0.590068,6.6803,0.5855
733,-100,-115.0,40,3.5,2.5,-55.92,12.8494,-83,34.38,101.27,1.090953,0.672134,11.9713,0.4479
734,-100,-115.0,40,3.5,3.0,-56.43,12.1384,-83,33.08,103.27,0.998704,0.61683,10.6968,0.5268
736,-100,-115.0,40,3.5,4.0,-55.95,13.4868,-88,33.67,102.38,1.078108,0.606706,8.7754,0.5552
735,-100,-115.0,40,3.5,3.5,-56.48,12.6335,-84,31.68,105.49,1.026812,0.599521,7.7565,0.5757
737,-100,-115.0,40,3.5,4.5,-56.02,13.4865,-88,35.43,99.63,1.131979,0.751046,14.7803,0.4103
738,-100,-115.0,40,3.5,5.0,-58.1,13.4619,-92,29.51,108.8,0.943935,0.595526,12.4686,0.5111
739,-100,-115.0,40,3.5,5.5,-54.73,14.772,-94,31.47,105.75,1.030852,0.632764,12.5009,0.4645
740,-100,-115.0,40,3.5,6.0,-57.07,13.581,-96,32.23,104.56,1.014578,0.599549,8.8514,0.5231
742,-100,-115.0,40,3.5,7.0,-57.04,13.7421,-99,34.6,100.92,1.106443,0.717736,15.186,0.475
741,-100,-115.0,40,3.5,6.5,-56.47,13.7586,-96,31.79,105.26,1.042828,0.631028,12.8717,0.476
744,-100,-115.0,40,3.5,8.0,-56.28,15.2859,-100,33.72,102.27,1.093528,0.657328,12.1367,0.5023
743,-100,-115.0,40,3.5,7.5,-55.41,14.4755,-99,30.95,106.51,0.960491,0.625579,14.0304,0.4204
745,-100,-115.0,40,3.5,8.5,-57.45,14.4406,-100,34.58,100.95,1.107898,0.683974,12.1185,0.4635
746,-100,-115.0,40,3.5,9.0,-54.14,16.13,-100,32.2,104.59,1.047828,0.658761,13.9126,0.4876
747,-100,-115.0,40,3.5,9.5,-56.02,14.5728,-100,34.45,101.18,1.040058,0.64501,10.962,0.4583
748,-100,-115.0,40,3.5,10.0,-54.21,15.4849,-100,33.84,102.12,1.075113,0.634455,11.2413,0.5211
749,-100,-115.0,40,3.5,10.5,-55.96,16.0949,-100,32.49,104.13,1.04371,0.589758,6.2027,0.5949
750,-100,-115.0,40,3.5,11.0,-57.03,15.9461,-100,35.53,99.51,1.117229,0.697284,13.3804,0.4834
751,-100,-115.0,40,3.5,11.5,-55.98,17.7026,-100,32.76,103.74,1.039575,0.627394,10.2723,0.5026
752,-100,-115.0,40,3.5,12.0,-54.64,17.0418,-100,33.05,103.32,1.073414,0.716397,15.7075,0.4648
753,-100,-115.0,40,3.5,12.5,-55.48,17.6,-100,35.21,100.0,1.105616,0.682291,12.0519,0.4302
754,-100,-115.0,40,3.5,13.0,-55.39,18.3326,-100,32.37,104.39,1.020825,0.5962,6.6688,0.5699
755,-100,-115.0,40,3.5,13.5,-56.42,18.3939,-100,33.67,102.36,1.075269,0.671773,13.5439,0.4885
756,-100,-115.0,40,3.5,14.0,-56.05,18.781,-100,33.31,102.86,1.077171,0.599383,6.3632,0.5931
757,-100,-115.0,40,3.75,1.0,-52.28,13.737,-76,33.7,102.25,1.079567,0.713774,15.1789,0.3844
758,-100,-115.0,40,3.75,1.5,-52.8,13.4045,-75,32.95,103.42,1.067603,0.668115,13.6463,0.459
759,-100,-115.0,40,3.75,2.0,-52.37,14.0561,-78,33.19,103.13,1.05095,0.624307,10.0099,0.546
760,-100,-115.0,40,3.75,2.5,-53.02,13.8519,-81,29.9,108.15,0.97231,0.555919,6.8196,0.6197
761,-100,-115.0,40,3.75,3.0,-52.5,13.4168,-83,31.36,105.89,0.995271,0.601498,9.8907,0.5431
762,-100,-115.0,40,3.75,3.5,-53.14,13.1961,-82,32.07,104.81,1.050866,0.638418,12.1341,0.5001
763,-100,-115.0,40,3.75,4.0,-53.59,14.1643,-89,30.74,106.85,1.002373,0.566225,8.4227,0.5678
764,-100,-115.0,40,3.75,4.5,-53.49,13.9395,-90,33.13,103.15,1.075636,0.600209,7.2076,0.5803
765,-100,-115.0,40,3.75,5.0,-52.82,14.2781,-91,31.52,105.65,0.991713,0.602233,10.6077,0.5296
766,-100,-115.0,40,3.75,5.5,-52.79,14.0444,-90,32.87,103.58,1.04848,0.681128,15.1424,0.4704
768,-100,-115.0,40,3.75,6.5,-51.42,15.7383,-97,33.33,102.84,0.99407,0.639956,12.539,0.5212
767,-100,-115.0,40,3.75,6.0,-52.36,14.0061,-94,32.53,104.13,1.035424,0.598698,7.3968,0.5977
769,-100,-115.0,40,3.75,7.0,-52.56,14.3813,-100,33.2,103.14,1.040586,0.62009,9.7355,0.4768
770,-100,-115.0,40,3.75,7.5,-53.43,15.303,-96,33.57,102.48,1.047891,0.675957,13.3752,0.4739
771,-100,-115.0,40,3.75,8.0,-53.74,15.4512,-100,32.32,104.44,1.030961,0.5909,9.0794,0.5571
772,-100,-115.0,40,3.75,8.5,-52.24,15.4718,-98,33.01,103.37,1.05739,0.603967,6.0556,0.5684
773,-100,-115.0,40,3.75,9.0,-51.26,16.5573,-100,33.26,103.02,1.07532,0.641205,11.8435,0.5285
774,-100,-115.0,40,3.75,9.5,-52.05,16.4054,-100,32.95,103.47,1.07723,0.596554,6.3323,0.5732
775,-100,-115.0,40,3.75,10.0,-52.82,16.5884,-100,32.82,103.69,1.063729,0.708978,16.1036,0.4737
776,-100,-115.0,40,3.75,10.5,-51.49,17.4823,-100,31.68,105.42,1.034198,0.659441,14.2846,0.4264
777,-100,-115.0,40,3.75,11.0,-52.67,17.0582,-100,31.44,105.82,1.012059,0.548746,3.7561,0.6294
778,-100,-115.0,40,3.75,11.5,-52.01,17.5658,-100,32.35,104.4,1.047439,0.598293,9.9641,0.5284
779,-100,-115.0,40,3.75,12.0,-53.44,17.9877,-100,34.66,100.84,1.072804,0.765011,18.2608,0.4013
780,-100,-115.0,40,3.75,12.5,-52.83,18.2408,-100,31.71,105.33,1.031937,0.630535,11.7952,0.5084
781,-100,-115.0,40,3.75,13.0,-52.96,18.1232,-100,32.6,103.93,1.021835,0.590653,7.5462,0.5691
782,-100,-115.0,40,3.75,13.5,-52.93,18.7319,-100,31.24,106.11,0.998575,0.609774,11.4456,0.5039
784,-100,-115.0,40,4.0,1.0,-51.5,12.2663,-73,34.27,101.38,1.090421,0.764749,17.2571,0.3808
783,-100,-115.0,40,3.75,14.0,-52.13,19.7982,-100,33.84,102.09,1.047761,0.633656,10.4496,0.4912
786,-100,-115.0,40,4.0,2.0,-50.37,13.5373,-77,31.29,106.05,0.985355,0.649151,14.0901,0.4678
787,-100,-115.0,40,4.0,2.5,-48.51,14.6602,-77,32.03,104.91,1.006283,0.629573,11.2902,0.4936
785,-100,-115.0,40,4.0,1.5,-48.55,14.5626,-73,30.95,106.52,0.9978,0.577102,8.1061,0.5317
788,-100,-115.0,40,4.0,3.0,-49.98,14.3882,-80,31.72,105.38,1.019721,0.595933,9.0032,0.5342
789,-100,-115.0,40,4.0,3.5,-48.48,14.6302,-82,32.68,103.86,1.023174,0.626746,10.5417,0.5463
790,-100,-115.0,40,4.0,4.0,-47.21,14.7031,-81,33.32,102.9,1.062952,0.659712,11.792,0.486
791,-100,-115.0,40,4.0,4.5,-47.59,15.6018,-84,33.25,103.07,1.04181,0.676498,13.3233,0.4177
792,-100,-115.0,40,4.0,5.0,-51.4,15.4212,-91,32.19,104.64,1.04065,0.598294,6.7842,0.5405
793,-100,-115.0,40,4.0,5.5,-48.63,16.0154,-91,29.1,109.4,0.961719,0.580019,10.3407,0.4727
794,-100,-115.0,40,4.0,6.0,-48.8,15.1725,-91,31.78,105.29,1.033533,0.592774,8.671,0.5409
795,-100,-115.0,40,4.0,6.5,-50.99,14.7594,-94,34.63,100.87,1.05701,0.624064,9.864,0.5271
796,-100,-115.0,40,4.0,7.0,-48.45,15.1427,-92,35.32,99.82,1.094219,0.656877,10.5396,0.4809
797,-100,-115.0,40,4.0,7.5,-48.66,16.8165,-98,32.47,104.19,1.015309,0.649662,13.5522,0.4751
798,-100,-115.0,40,4.0,8.0,-48.95,16.614,-100,32.85,103.63,1.059353,0.620302,10.0226,0.5505
799,-100,-115.0,40,4.0,8.5,-49.71,16.5878,-100,34.74,100.73,1.125066,0.688062,12.4994,0.4577
800,-100,-115.0,40,4.0,9.0,-51.27,16.7959,-100,37.13,97.07,1.188286,0.852912,19.5547,0.3474
802,-100,-115.0,40,4.0,10.0,-49.09,17.262,-100,30.96,106.57,0.999179,0.590021,9.6818,0.5768
801,-100,-115.0,40,4.0,9.5,-49.88,16.8736,-100,33.93,101.95,1.085059,0.619235,7.8178,0.5409
803,-100,-115.0,40,4.0,10.5,-49.18,18.6474,-100,34.47,101.1,1.101133,0.648287,10.9734,0.5146
804,-100,-115.0,40,4.0,11.0,-49.23,18.1774,-100,34.13,101.64,1.073779,0.647099,11.0346,0.4854
805,-100,-115.0,40,4.0,11.5,-49.17,18.786,-100,31.69,105.44,0.989001,0.632503,13.1007,0.5043
806,-100,-115.0,40,4.0,12.0,-49.45,18.5723,-100,33.33,102.85,1.05544,0.591318,5.8512,0.6029
807,-100,-115.0,40,4.0,12.5,-49.81,18.7626,-100,32.59,103.97,1.043554,0.634373,11.299,0.4754
808,-100,-115.0,40,4.0,13.0,-49.39,20.2272,-100,30.93,106.51,1.016795,0.640527,12.926,0.506
809,-100,-115.0,40,4.0,13.5,-48.96,19.878,-100,33.37,102.83,1.057811,0.588987,7.8762,0.5724
810,-100,-115.0,40,4.0,14.0,-47.77,20.176,-100,32.33,104.39,1.045233,0.667229,14.0253,0.4901
811,-100,-115.0,40,4.25,1.0,-47.85,15.5875,-71,31.71,105.34,1.042097,0.628686,11.2255,0.5194
812,-100,-115.0,40,4.25,1.5,-45.52,14.9048,-72,29.78,108.37,0.963779,0.618158,13.859,0.4906
814,-100,-115.0,40,4.25,2.5,-45.09,15.9736,-77,33.99,101.89,1.080228,0.595093,8.355,0.5292
813,-100,-115.0,40,4.25,2.0,-45.7,15.1705,-74,32.83,103.67,1.038002,0.607719,7.8696,0.5514
816,-100,-115.0,40,4.25,3.5,-45.52,15.0368,-78,31.98,104.97,1.041615,0.658131,12.3922,0.5046
815,-100,-115.0,40,4.25,3.0,-45.06,16.191,-76,32.82,103.71,1.035181,0.625063,10.8608,0.4574
817,-100,-115.0,40,4.25,4.0,-47.54,16.4559,-83,31.92,105.05,1.035924,0.605356,10.8048,0.5126
818,-100,-115.0,40,4.25,4.5,-46.89,16.0388,-83,32.36,104.38,1.027571,0.595976,8.9838,0.5193
819,-100,-115.0,40,4.25,5.0,-45.37,15.4853,-85,30.97,106.49,1.017249,0.580774,8.5008,0.5485
820,-100,-115.0,40,4.25,5.5,-47.2,15.2308,-88,34.07,101.75,1.063066,0.611311,8.1611,0.5295
821,-100,-115.0,40,4.25,6.0,-47.01,15.7788,-93,32.65,103.96,1.033005,0.618982,10.2244,0.552
822,-100,-115.0,40,4.25,6.5,-45.72,15.7972,-91,34.77,100.67,1.093347,0.636951,10.0193,0.5269
823,-100,-115.0,40,4.25,7.0,-45.28,16.7757,-89,30.89,106.61,1.000748,0.590322,9.0865,0.5402
825,-100,-115.0,40,4.25,8.0,-45.54,16.268,-97,35.37,99.75,1.095427,0.808109,18.5184,0.3387
824,-100,-115.0,40,4.25,7.5,-47.03,16.1515,-93,32.93,103.47,1.04797,0.660217,11.5402,0.5051
826,-100,-115.0,40,4.25,8.5,-46.08,17.8013,-97,33.51,102.59,1.063304,0.619544,9.4384,0.4777
827,-100,-115.0,40,4.25,9.0,-46.26,17.6915,-100,31.55,105.62,1.021453,0.603035,9.7693,0.5373
828,-100,-115.0,40,4.25,9.5,-46.06,18.0037,-100,34.29,101.37,1.095122,0.665298,11.62,0.4903
829,-100,-115.0,40,4.25,10.0,-45.99,18.1318,-100,33.98,101.87,1.083494,0.683211,13.9835,0.4558
830,-100,-115.0,40,4.25,10.5,-45.98,18.1817,-100,31.69,105.38,1.030806,0.576481,6.4488,0.5576
831,-100,-115.0,40,4.25,11.0,-45.99,17.7996,-100,32.41,104.29,1.042513,0.645869,12.8426,0.4804
832,-100,-115.0,40,4.25,11.5,-45.13,20.2204,-100,33.27,102.98,1.075501,0.69846,15.3541,0.4596
833,-100,-115.0,40,4.25,12.0,-45.89,20.0758,-100,30.94,106.53,1.003275,0.635069,13.3766,0.4825
835,-100,-115.0,40,4.25,13.0,-46.2,19.8574,-100,31.09,106.32,0.983693,0.596206,11.5404,0.4721
834,-100,-115.0,40,4.25,12.5,-47.38,19.8926,-100,29.32,109.03,0.939865,0.592762,12.9455,0.5021
836,-100,-115.0,40,4.25,13.5,-47.65,20.2127,-100,35.52,99.48,1.148324,0.646086,9.7162,0.5366
837,-100,-115.0,40,4.25,14.0,-47.09,20.7071,-100,33.75,102.26,1.080106,0.623633,7.5422,0.5631
838,-100,-115.0,40,4.5,1.0,-42.75,15.7364,-69,29.7,108.48,0.969383,0.581179,9.7331,0.5709
839,-100,-115.0,40,4.5,1.5,-45.18,16.3962,-71,31.02,106.43,1.007264,0.575915,9.1752,0.5486
840,-100,-115.0,40,4.5,2.0,-43.59,16.1709,-72,33.98,101.83,1.08304,0.613163,6.589,0.5501
841,-100,-115.0,40,4.5,2.5,-43.92,15.1705,-73,32.27,104.54,1.012275,0.619345,11.4018,0.527
842,-100,-115.0,40,4.5,3.0,-43.8,16.9247,-75,31.41,105.79,0.99386,0.640152,13.7682,0.4396
843,-100,-115.0,40,4.5,3.5,-42.62,16.808,-79,35.17,100.06,1.125708,0.660737,10.5715,0.5128
845,-100,-115.0,40,4.5,4.5,-43.38,17.4408,-84,31.35,105.91,0.974412,0.639308,13.9193,0.4102
844,-100,-115.0,40,4.5,4.0,-43.53,15.9138,-80,32.56,104.05,1.040512,0.563823,6.4024,0.5943
847,-100,-115.0,40,4.5,5.5,-44.08,17.044,-89,33.28,102.94,1.037258,0.617891,10.6101,0.5182
846,-100,-115.0,40,4.5,5.0,-43.07,16.453,-83,34.71,100.76,1.087811,0.683856,13.0679,0.4988
848,-100,-115.0,40,4.5,6.0,-43.31,16.5589,-88,35.69,99.27,1.150485,0.667717,11.5532,0.4779
849,-100,-115.0,40,4.5,6.5,-43.82,17.5026,-90,29.63,108.57,0.940959,0.658807,17.0509,0.4797
851,-100,-115.0,40,4.5,7.5,-43.03,17.3727,-92,35.06,100.18,1.083653,0.635239,11.2544,0.4797
850,-100,-115.0,40,4.5,7.0,-42.42,17.5985,-90,32.97,103.43,1.038219,0.655548,12.7621,0.5099
852,-100,-115.0,40,4.5,8.0,-44.34,17.6082,-97,30.87,106.66,0.98023,0.546444,6.0904,0.6304
853,-100,-115.0,40,4.5,8.5,-42.23,18.5845,-96,30.29,107.55,0.986016,0.560062,6.2203,0.6098
854,-100,-115.0,40,4.5,9.0,-42.9,18.6185,-100,33.7,102.33,1.102282,0.609669,6.4775,0.5798
855,-100,-115.0,40,4.5,9.5,-42.16,18.9131,-98,31.21,106.17,1.00163,0.591351,9.7983,0.5105
856,-100,-115.0,40,4.5,10.0,-40.41,19.0186,-100,33.22,103.09,1.055051,0.697429,14.8788,0.4416
857,-100,-115.0,40,4.5,10.5,-43.35,18.6825,-100,33.9,102.03,1.061461,0.647075,10.3228,0.5021
858,-100,-115.0,40,4.5,11.0,-45.73,19.2013,-100,31.21,106.15,1.024992,0.655542,13.5024,0.4433
859,-100,-115.0,40,4.5,11.5,-44.07,19.4439,-100,32.12,104.78,0.996829,0.617795,10.1769,0.5283
860,-100,-115.0,40,4.5,12.0,-42.62,20.2382,-100,33.47,102.71,1.054274,0.640842,12.4888,0.4566
861,-100,-115.0,40,4.5,12.5,-43.75,20.4076,-100,30.81,106.81,1.007534,0.594838,10.0663,0.4828
862,-100,-115.0,40,4.5,13.0,-42.85,20.7528,-100,30.38,107.46,0.988709,0.571062,9.1437,0.5648
863,-100,-115.0,40,4.5,13.5,-41.8,21.8413,-100,30.95,106.57,0.965954,0.582939,9.5782,0.533
864,-100,-115.0,40,4.5,14.0,-42.09,20.9047,-100,32.86,103.61,1.028781,0.586592,8.49,0.5426
865,-100,-115.0,40,4.75,1.0,-41.84,15.0428,-65,33.64,102.39,1.040221,0.835566,21.1873,0.3319
866,-100,-115.0,40,4.75,1.5,-39.98,16.4471,-68,32.08,104.78,1.040215,0.601889,9.0907,0.5515
868,-100,-115.0,40,4.75,2.5,-40.35,17.5807,-72,33.88,102.06,1.084717,0.71235,15.9705,0.4609
867,-100,-115.0,40,4.75,2.0,-40.27,16.344,-71,32.81,103.74,1.041896,0.654059,13.1952,0.4338
869,-100,-115.0,40,4.75,3.0,-40.46,16.1221,-73,32.9,103.48,1.016865,0.699019,15.6896,0.4615
870,-100,-115.0,40,4.75,3.5,-39.67,17.2426,-75,31.58,105.59,1.016445,0.644945,12.7718,0.4377
871,-100,-115.0,40,4.75,4.0,-41.58,16.2665,-76,33.62,102.39,1.08269,0.622906,8.8631,0.4884
872,-100,-115.0,40,4.75,4.5,-39.2,17.7963,-79,30.67,106.97,0.989004,0.607824,11.2197,0.4944
873,-100,-115.0,40,4.75,5.0,-39.81,17.9771,-84,30.44,107.32,0.988185,0.564718,7.2937,0.5943
874,-100,-115.0,40,4.75,5.5,-39.93,18.4699,-84,32.9,103.52,1.071206,0.59942,8.2996,0.5347
876,-100,-115.0,40,4.75,6.5,-39.87,16.7461,-86,32.13,104.71,1.029423,0.598529,7.9392,0.5387
875,-100,-115.0,40,4.75,6.0,-41.72,17.9579,-85,29.87,108.25,0.993661,0.536898,4.0551,0.6567
877,-100,-115.0,40,4.75,7.0,-36.04,19.8063,-88,34.48,101.08,1.096609,0.712314,15.668,0.4382
878,-100,-115.0,40,4.75,7.5,-39.29,18.1847,-91,30.53,107.21,0.984466,0.618973,12.2187,0.4691
879,-100,-115.0,40,4.75,8.0,-39.44,18.529,-98,34.16,101.6,1.082181,0.7582,18.0166,0.3935
880,-100,-115.0,40,4.75,8.5,-40.15,19.1174,-99,31.55,105.66,1.045699,0.604123,10.716,0.5056
881,-100,-115.0,40,4.75,9.0,-39.94,18.8086,-95,33.37,102.8,1.058032,0.753438,18.4165,0.425
883,-100,-115.0,40,4.75,10.0,-39.81,19.5485,-100,31.88,105.1,1.05047,0.600953,6.8483,0.5701
882,-100,-115.0,40,4.75,9.5,-41.22,18.9335,-99,31.26,106.04,1.009656,0.565255,6.7922,0.5778
884,-100,-115.0,40,4.75,10.5,-41.29,19.4884,-99,33.14,103.17,1.071562,0.636182,11.077,0.4868
885,-100,-115.0,40,4.75,11.0,-40.0,20.426,-100,32.09,104.78,1.029765,0.647144,13.0099,0.4603
886,-100,-115.0,40,4.75,11.5,-41.17,20.4489,-100,37.62,96.25,1.175233,0.819436,17.9425,0.3704
887,-100,-115.0,40,4.75,12.0,-40.26,20.2718,-100,32.26,104.51,1.028236,0.630382,11.1816,0.4788
888,-100,-115.0,40,4.75,12.5,-39.24,21.5568,-100,30.61,107.09,0.983929,0.593468,10.947,0.5103
889,-100,-115.0,40,4.75,13.0,-39.22,22.1318,-100,32.23,104.62,1.036449,0.572113,5.8805,0.576
890,-100,-115.0,40,4.75,13.5,-40.1,21.2096,-100,34.52,101.05,1.079515,0.698835,14.6825,0.4232
891,-100,-115.0,40,4.75,14.0,-41.13,20.9137,-100,33.42,102.69,1.011518,0.561986,8.1364,0.5384
892,-100,-115.0,40,5.0,1.0,-37.72,17.8025,-66,31.67,105.39,1.031466,0.563481,4.9517,0.5835
893,-100,-115.0,40,5.0,1.5,-37.32,17.8595,-66,31.03,106.41,0.971294,0.608552,12.704,0.4709
894,-100,-115.0,40,5.0,2.0,-36.63,18.6012,-68,31.4,105.83,0.991637,0.58404,9.7519,0.5252
896,-100,-115.0,40,5.0,3.0,-40.26,16.9631,-71,38.02,95.64,1.213577,0.869161,18.5319,0.353
895,-100,-115.0,40,5.0,2.5,-36.82,18.9554,-70,31.44,105.78,0.986556,0.555559,7.5055,0.589
897,-100,-115.0,40,5.0,3.5,-35.65,17.8461,-74,33.13,103.19,1.055415,0.609665,9.3454,0.5329
898,-100,-115.0,40,5.0,4.0,-35.8,18.6287,-75,31.73,105.35,1.017603,0.562325,7.8607,0.5284
899,-100,-115.0,40,5.0,4.5,-36.88,18.0079,-78,32.16,104.67,1.018403,0.618428,11.5077,0.5242
900,-100,-115.0,40,5.0,5.0,-36.77,18.953,-80,33.78,102.11,1.067146,0.650598,11.9542,0.4512
901,-100,-115.0,40,5.0,5.5,-36.25,19.1568,-79,30.61,107.04,1.000741,0.561219,6.7703,0.565
902,-100,-115.0,40,5.0,6.0,-39.26,17.9786,-87,31.45,105.72,1.025239,0.624582,11.4962,0.4784
903,-100,-115.0,40,5.0,6.5,-38.07,19.2609,-86,30.52,107.21,1.003264,0.560469,7.4652,0.5897
905,-100,-115.0,40,5.0,7.5,-39.12,19.016,-88,35.67,99.29,1.140366,0.771815,16.9826,0.3942
904,-100,-115.0,40,5.0,7.0,-37.74,18.1089,-81,30.59,107.12,0.998338,0.571913,6.6183,0.5402
906,-100,-115.0,40,5.0,8.0,-36.51,20.0768,-92,31.55,105.64,1.006817,0.615727,12.1235,0.5338
908,-100,-115.0,40,5.0,9.0,-35.51,20.3501,-94,33.03,103.35,1.044391,0.721257,15.5507,0.4179
907,-100,-115.0,40,5.0,8.5,-37.57,19.6039,-93,31.8,105.26,1.020281,0.559088,5.91,0.5821
909,-100,-115.0,40,5.0,9.5,-36.89,19.8632,-95,35.13,100.07,1.121848,0.68204,12.3527,0.5207
910,-100,-115.0,40,5.0,10.0,-36.96,21.0773,-96,31.41,105.79,1.018053,0.644736,13.1359,0.4703
911,-100,-115.0,40,5.0,10.5,-35.45,21.1595,-99,30.88,106.66,0.993815,0.576073,8.872,0.5422
912,-100,-115.0,40,5.0,11.0,-37.56,22.0022,-100,31.5,105.67,0.985574,0.606787,12.0082,0.4896
913,-100,-115.0,40,5.0,11.5,-36.76,20.9115,-98,31.35,105.88,1.008986,0.57081,7.9438,0.5501
914,-100,-115.0,40,5.0,12.0,-37.29,21.0207,-100,32.83,103.59,1.051669,0.61119,7.9188,0.5416
917,-100,-115.0,40,5.0,13.5,-36.16,22.2956,-100,33.42,102.81,1.073028,0.662269,12.3836,0.4476
915,-100,-115.0,40,5.0,12.5,-36.21,22.8035,-100,30.82,106.7,0.982613,0.565494,9.2613,0.4972
916,-100,-115.0,40,5.0,13.0,-36.14,21.3842,-100,33.61,102.43,1.100825,0.624254,9.3677,0.5058
918,-100,-115.0,40,5.0,14.0,-35.84,23.0071,-100,32.9,103.58,1.070289,0.622413,10.8788,0.5276
919,-100,-110.0,40,1.0,1.0,-87.31,4.0842,-96,36.38,98.17,1.13386,0.700898,13.1491,0.4235
920,-100,-110.0,40,1.0,1.5,-87.27,3.7416,-98,33.94,101.94,1.062883,0.641478,11.8385,0.5148
921,-100,-110.0,40,1.0,2.0,-86.9,4.5679,-100,36.98,97.24,1.146404,0.740511,12.5816,0.3827
922,-100,-110.0,40,1.0,2.5,-87.48,4.7767,-100,37.98,95.68,1.183781,0.659409,9.6755,0.4831
923,-100,-110.0,40,1.0,3.0,-86.16,4.9216,-100,36.72,97.64,1.139726,0.698312,13.3134,0.4558
924,-100,-110.0,40,1.0,3.5,-87.17,4.9649,-100,36.41,98.15,1.148333,0.674201,9.4512,0.4361
925,-100,-110.0,40,1.0,4.0,-86.73,6.064,-100,37.3,96.73,1.149051,0.675366,9.3126,0.4645
926,-100,-110.0,40,1.0,4.5,-86.48,5.7023,-100,35.42,99.66,1.074079,0.625902,9.2291,0.507
927,-100,-110.0,40,1.0,5.0,-87.02,6.6529,-100,39.86,92.76,1.250419,0.822905,15.4774,0.3992
928,-100,-110.0,40,1.0,5.5,-86.78,6.5144,-100,40.52,91.76,1.251229,0.737751,12.4462,0.4444
929,-100,-110.0,40,1.0,6.0,-87.26,6.7759,-100,39.54,93.33,1.233906,0.704011,10.0291,0.4622
930,-100,-110.0,40,1.0,6.5,-87.26,7.1091,-100,39.3,93.67,1.212574,0.702696,9.522,0.4269
931,-100,-110.0,40,1.0,7.0,-86.81,7.4173,-100,39.79,92.92,1.240007,0.747247,12.1336,0.4318
932,-100,-110.0,40,1.0,7.5,-86.72,8.1125,-100,40.68,91.55,1.237341,0.687959,7.0458,0.4697
933,-100,-110.0,40,1.0,8.0,-86.33,8.3226,-100,36.9,97.36,1.142628,0.642987,9.4127,0.4859
934,-100,-110.0,40,1.0,8.5,-86.02,8.7203,-100,40.49,91.81,1.249537,0.716715,9.1821,0.4882
935,-100,-110.0,40,1.0,9.0,-86.96,8.9517,-100,35.37,99.72,1.091269,0.570145,4.555,0.5611
936,-100,-110.0,40,1.0,9.5,-86.48,9.6938,-100,39.67,93.12,1.212026,0.696128,8.9799,0.4889
937,-100,-110.0,40,1.0,10.0,-86.24,9.6992,-100,41.05,91.0,1.265728,0.77169,12.6224,0.3975
938,-100,-110.0,40,1.0,10.5,-86.09,10.0489,-100,37.85,95.86,1.148111,0.647039,8.236,0.4964
939,-100,-110.0,40,1.0,11.0,-85.17,10.4061,-100,34.98,100.35,1.087692,0.685852,14.8838,0.4397
941,-100,-110.0,40,1.0,12.0,-85.69,11.0748,-100,40.86,91.29,1.21496,0.737088,12.0161,0.4751
940,-100,-110.0,40,1.0,11.5,-86.2,10.8267,-100,40.98,91.05,1.286433,0.764685,11.4081,0.4145
943,-100,-110.0,40,1.0,13.0,-84.82,11.791,-100,39.73,93.01,1.196664,0.698323,9.6278,0.4385
942,-100,-110.0,40,1.0,12.5,-85.99,11.1251,-100,38.41,95.07,1.199697,0.688668,10.9951,0.4374
945,-100,-110.0,40,1.0,14.0,-84.7,12.4186,-100,38.45,94.97,1.169611,0.728909,13.7979,0.4031
944,-100,-110.0,40,1.0,13.5,-84.96,12.1924,-100,41.04,91.0,1.26978,0.767639,12.7977,0.3926
946,-100,-110.0,40,1.25,1.0,-84.36,4.5861,-95,35.17,100.0,1.076698,0.628431,10.1519,0.4784
947,-100,-110.0,40,1.25,1.5,-82.96,5.212,-95,33.9,101.99,1.072055,0.638564,10.0346,0.5386
948,-100,-110.0,40,1.25,2.0,-83.89,4.4735,-97,35.62,99.35,1.108956,0.688499,12.9466,0.4314
949,-100,-110.0,40,1.25,2.5,-83.51,5.1671,-98,38.16,95.45,1.173285,0.683747,8.7275,0.4404
951,-100,-110.0,40,1.25,3.5,-83.91,6.0648,-100,38.74,94.54,1.167825,0.703564,11.0904,0.4375
950,-100,-110.0,40,1.25,3.0,-84.21,5.7011,-100,35.11,100.09,1.099876,0.611424,7.9812,0.5136
952,-100,-110.0,40,1.25,4.0,-83.79,6.2838,-100,34.92,100.46,1.092334,0.678562,10.9365,0.4395
953,-100,-110.0,40,1.25,4.5,-83.17,6.6338,-100,37.66,96.17,1.159682,0.767468,15.1254,0.4246
954,-100,-110.0,40,1.25,5.0,-83.69,6.6861,-100,36.4,98.12,1.114622,0.667702,10.0436,0.5145
956,-100,-110.0,40,1.25,6.0,-83.85,7.7929,-100,35.29,99.84,1.116293,0.64411,8.5923,0.4774
955,-100,-110.0,40,1.25,5.5,-83.98,7.3434,-100,35.37,99.74,1.104326,0.596358,5.7063,0.5676
957,-100,-110.0,40,1.25,6.5,-83.34,7.755,-100,37.12,97.02,1.150402,0.662188,8.7532,0.5103
958,-100,-110.0,40,1.25,7.0,-83.6,8.3326,-100,36.41,98.08,1.149353,0.610893,8.3251,0.5023
960,-100,-110.0,40,1.25,8.0,-83.51,9.1974,-100,38.33,95.18,1.201563,0.700524,9.9087,0.4692
959,-100,-110.0,40,1.25,7.5,-83.37,8.4251,-100,36.08,98.64,1.121705,0.646113,8.5278,0.5095
961,-100,-110.0,40,1.25,8.5,-83.11,9.1903,-100,36.23,98.34,1.110202,0.670786,11.2603,0.4367
962,-100,-110.0,40,1.25,9.0,-83.66,9.9513,-100,39.64,93.15,1.214721,0.729291,11.4443,0.4456
963,-100,-110.0,40,1.25,9.5,-82.85,10.6841,-100,39.73,93.02,1.235176,0.761769,13.0152,0.4112
965,-100,-110.0,40,1.25,10.5,-83.95,10.8177,-100,40.19,92.32,1.253633,0.750669,12.0394,0.3843
966,-100,-110.0,40,1.25,11.0,-82.49,11.354,-100,39.74,93.02,1.207744,0.73519,11.4586,0.3692
964,-100,-110.0,40,1.25,10.0,-82.64,10.7392,-100,36.25,98.36,1.138022,0.680303,11.7573,0.4046
967,-100,-110.0,40,1.25,11.5,-83.0,11.4058,-100,36.2,98.44,1.136447,0.632302,6.4741,0.5556
968,-100,-110.0,40,1.25,12.0,-83.07,11.7607,-100,36.08,98.62,1.126591,0.730812,15.4508,0.4
969,-100,-110.0,40,1.25,12.5,-81.79,12.2388,-100,39.1,93.96,1.183103,0.685655,8.1392,0.4476
970,-100,-110.0,40,1.25,13.0,-83.48,12.2336,-100,38.36,95.11,1.169249,0.735903,13.2826,0.446
971,-100,-110.0,40,1.25,13.5,-81.81,13.0257,-100,40.8,91.36,1.278773,0.84309,14.8711,0.3032
972,-100,-110.0,40,1.25,14.0,-82.25,13.2317,-100,35.21,99.99,1.107838,0.593777,7.0393,0.5398
973,-100,-110.0,40,1.5,1.0,-80.05,6.1662,-94,32.26,104.56,1.02379,0.627619,11.2023,0.4922
974,-100,-110.0,40,1.5,1.5,-81.13,6.0498,-94,39.24,93.76,1.242611,0.790967,14.4871,0.3861
975,-100,-110.0,40,1.5,2.0,-80.61,6.0394,-96,33.03,103.35,1.047025,0.591743,9.392,0.561
977,-100,-110.0,40,1.5,3.0,-80.59,6.4864,-98,34.27,101.41,1.065652,0.682186,12.5061,0.4616
978,-100,-110.0,40,1.5,3.5,-80.74,6.0298,-100,34.38,101.27,1.093474,0.669953,13.2664,0.5013
976,-100,-110.0,40,1.5,2.5,-80.84,5.613,-99,33.78,102.19,1.071711,0.593806,7.0864,0.5127
979,-100,-110.0,40,1.5,4.0,-81.12,7.3709,-100,35.4,99.69,1.092055,0.644922,9.9384,0.4382
980,-100,-110.0,40,1.5,4.5,-80.54,7.0599,-100,39.57,93.25,1.239107,0.80145,14.3398,0.3877
981,-100,-110.0,40,1.5,5.0,-80.46,7.3502,-100,34.07,101.72,1.06623,0.652246,10.3483,0.4738
982,-100,-110.0,40,1.5,5.5,-81.31,7.7424,-100,34.01,101.88,1.068307,0.615894,8.5915,0.5161
983,-100,-110.0,40,1.5,6.0,-80.96,8.6707,-100,36.85,97.46,1.127596,0.663531,9.112,0.4979
984,-100,-110.0,40,1.5,6.5,-80.58,8.8624,-100,35.55,99.44,1.057294,0.689665,13.782,0.3868
985,-100,-110.0,40,1.5,7.0,-81.12,8.7669,-100,35.91,98.9,1.11653,0.69762,12.3787,0.4919
986,-100,-110.0,40,1.5,7.5,-80.88,8.7448,-100,36.55,97.92,1.168009,0.671878,9.0351,0.5202
987,-100,-110.0,40,1.5,8.0,-80.38,9.5054,-100,34.77,100.64,1.115003,0.65167,9.345,0.5213
988,-100,-110.0,40,1.5,8.5,-80.58,9.9864,-100,37.33,96.71,1.175406,0.665646,8.4174,0.5087
989,-100,-110.0,40,1.5,9.0,-80.16,10.156,-100,36.43,98.14,1.132303,0.622621,7.5513,0.5423
990,-100,-110.0,40,1.5,9.5,-81.13,10.5629,-100,38.95,94.19,1.188988,0.73763,13.2888,0.4348
991,-100,-110.0,40,1.5,10.0,-79.99,11.1825,-100,34.3,101.36,1.081216,0.626974,8.8205,0.5216
992,-100,-110.0,40,1.5,10.5,-80.75,11.1857,-100,38.79,94.44,1.181758,0.680477,8.3302,0.4547
993,-100,-110.0,40,1.5,11.0,-81.06,11.5131,-100,35.63,99.29,1.102751,0.65211,10.3916,0.4964
994,-100,-110.0,40,1.5,11.5,-80.3,11.8665,-100,36.38,98.15,1.085824,0.674176,11.1365,0.4696
995,-100,-110.0,40,1.5,12.0,-79.98,12.4547,-100,35.87,98.94,1.103049,0.646869,9.839,0.5216
996,-100,-110.0,40,1.5,12.5,-79.62,12.6644,-100,36.87,97.42,1.123631,0.664596,10.7513,0.4715
997,-100,-110.0,40,1.5,13.0,-79.94,13.1784,-100,36.9,97.33,1.148084,0.66741,10.4465,0.508
998,-100,-110.0,40,1.5,13.5,-80.68,13.4265,-100,38.89,94.3,1.190889,0.709279,11.3527,0.4456
999,-100,-110.0,40,1.5,14.0,-78.75,13.9873,-100,36.09,98.57,1.121195,0.620718,5.1148,0.547
1000,-100,-110.0,40,1.75,1.0,-77.64,6.9357,-92,33.8,102.17,1.079419,0.669648,13.5195,0.496
1001,-100,-110.0,40,1.75,1.5,-77.39,6.9987,-97,33.66,102.36,1.062656,0.677575,12.0218,0.4901
1002,-100,-110.0,40,1.75,2.0,-78.2,6.7423,-95,33.46,102.66,1.048135,0.629084,9.7627,0.5361
1003,-100,-110.0,40,1.75,2.5,-77.86,6.886,-97,30.96,106.51,0.981903,0.638957,13.2953,0.4184
1004,-100,-110.0,40,1.75,3.0,-78.06,6.6026,-97,34.83,100.57,1.095532,0.649579,11.1047,0.5403
1005,-100,-110.0,40,1.75,3.5,-76.88,6.5268,-96,33.69,102.34,1.064575,0.614051,8.8092,0.531
1006,-100,-110.0,40,1.75,4.0,-76.13,8.2728,-100,33.49,102.62,1.055259,0.773504,18.4361,0.363
1007,-100,-110.0,40,1.75,4.5,-77.17,8.3829,-100,36.48,98.06,1.158658,0.683403,10.3984,0.4707
1008,-100,-110.0,40,1.75,5.0,-78.53,8.0622,-100,34.89,100.47,1.1074,0.677117,11.3603,0.4078
1009,-100,-110.0,40,1.75,5.5,-78.59,7.6632,-100,32.87,103.6,1.025942,0.613692,10.7341,0.4789
1010,-100,-110.0,40,1.75,6.0,-76.76,8.8402,-100,35.95,98.78,1.147552,0.732104,14.2188,0.4651
1011,-100,-110.0,40,1.75,6.5,-78.03,8.9753,-100,34.29,101.4,1.03669,0.667862,12.0884,0.446
1012,-100,-110.0,40,1.75,7.0,-77.92,9.9791,-100,34.37,101.25,1.101256,0.620097,6.3176,0.5687
1013,-100,-110.0,40,1.75,7.5,-77.43,10.251,-100,32.1,104.78,1.012805,0.602421,10.3728,0.5555
1014,-100,-110.0,40,1.75,8.0,-76.4,10.6649,-100,35.85,98.99,1.115183,0.725206,14.6862,0.4394
1015,-100,-110.0,40,1.75,8.5,-76.64,10.7849,-100,33.92,101.98,1.053659,0.620857,9.1586,0.5103
1016,-100,-110.0,40,1.75,9.0,-76.45,11.1584,-100,33.47,102.7,1.064246,0.618829,9.4378,0.5224
1017,-100,-110.0,40,1.75,9.5,-77.4,11.3085,-100,37.67,96.17,1.169533,0.660147,8.2299,0.4964
1018,-100,-110.0,40,1.75,10.0,-78.18,11.6374,-100,35.42,99.66,1.102154,0.621863,7.5879,0.5162
1019,-100,-110.0,40,1.75,10.5,-78.19,11.6211,-100,34.25,101.46,1.076557,0.668866,11.7472,0.4747
1020,-100,-110.0,40,1.75,11.0,-77.36,12.3225,-100,37.27,96.81,1.179368,0.746788,12.0251,0.3551
1021,-100,-110.0,40,1.75,11.5,-77.73,12.6518,-100,37.73,96.12,1.13726,0.682177,10.1458,0.431
1022,-100,-110.0,40,1.75,12.0,-76.58,13.1599,-100,40.93,91.11,1.280286,0.824328,14.7049,0.4327
1023,-100,-110.0,40,1.75,12.5,-76.02,13.4454,-100,38.64,94.67,1.197099,0.74423,12.5826,0.4586
1024,-100,-110.0,40,1.75,13.0,-76.23,13.5702,-100,37.85,95.91,1.159966,0.718587,12.459,0.4218
1025,-100,-110.0,40,1.75,13.5,-76.14,14.1117,-100,38.11,95.45,1.167163,0.744143,13.6834,0.4031
1026,-100,-110.0,40,1.75,14.0,-76.9,14.5543,-100,38.03,95.63,1.175514,0.685967,8.9598,0.4865
1028,-100,-110.0,40,2.0,1.5,-74.34,7.4549,-90,31.96,105.0,0.992569,0.597489,10.5491,0.5289
1027,-100,-110.0,40,2.0,1.0,-73.46,7.9435,-90,31.15,106.24,1.00177,0.600759,10.9639,0.5132
1029,-100,-110.0,40,2.0,2.0,-74.35,7.2341,-94,34.29,101.37,1.078718,0.623927,9.4396,0.4951
1030,-100,-110.0,40,2.0,2.5,-73.15,7.7844,-93,34.05,101.79,1.063513,0.633394,11.0736,0.4851
1031,-100,-110.0,40,2.0,3.0,-74.33,8.1046,-95,34.64,100.86,1.066694,0.718,15.0062,0.4259
1032,-100,-110.0,40,2.0,3.5,-75.44,7.5183,-97,32.06,104.9,1.033317,0.627412,12.264,0.437
1034,-100,-110.0,40,2.0,4.5,-73.96,9.0205,-100,36.5,97.98,1.143294,0.742394,13.8489,0.4233
1033,-100,-110.0,40,2.0,4.0,-74.2,8.1388,-98,32.21,104.61,1.050463,0.590705,6.4587,0.5221
1035,-100,-110.0,40,2.0,5.0,-74.68,8.4373,-100,31.69,105.45,1.003155,0.571038,8.5014,0.5127
1037,-100,-110.0,40,2.0,6.0,-74.01,9.7433,-100,34.8,100.58,1.077381,0.681597,13.4933,0.4096
1036,-100,-110.0,40,2.0,5.5,-73.89,8.9732,-100,31.61,105.56,1.000614,0.584377,8.4909,0.5294
1038,-100,-110.0,40,2.0,6.5,-74.06,9.215,-100,33.25,102.99,1.074416,0.649717,11.8514,0.5236
1040,-100,-110.0,40,2.0,7.5,-74.4,10.643,-100,33.43,102.75,1.025517,0.620915,8.4606,0.5241
1039,-100,-110.0,40,2.0,7.0,-74.57,10.1643,-100,37.1,97.1,1.165578,0.702497,11.1406,0.4373
1043,-100,-110.0,40,2.0,9.0,-74.68,11.5505,-100,36.27,98.31,1.099997,0.64027,7.3984,0.4938
1041,-100,-110.0,40,2.0,8.0,-74.46,11.1978,-100,34.5,101.1,1.080439,0.59774,5.6663,0.5418
1042,-100,-110.0,40,2.0,8.5,-74.39,10.626,-100,35.37,99.72,1.123096,0.637294,8.7553,0.5171
1044,-100,-110.0,40,2.0,9.5,-74.82,12.4318,-100,37.02,97.13,1.163133,0.75277,15.2228,0.4412
1046,-100,-110.0,40,2.0,10.5,-73.01,12.6422,-100,35.71,99.2,1.09956,0.688447,12.3384,0.4561
1045,-100,-110.0,40,2.0,10.0,-75.98,12.0064,-100,38.72,94.54,1.20466,0.735043,12.6281,0.4143
1047,-100,-110.0,40,2.0,11.0,-74.92,13.2537,-100,36.37,98.13,1.140755,0.777359,14.6758,0.4066
1048,-100,-110.0,40,2.0,11.5,-74.31,13.3417,-100,35.55,99.44,1.12762,0.615116,6.3144,0.5401
1049,-100,-110.0,40,2.0,12.0,-73.55,13.7042,-100,34.62,100.93,1.07978,0.661148,11.441,0.4216
1050,-100,-110.0,40,2.0,12.5,-74.56,13.5972,-100,35.8,99.03,1.135349,0.709764,13.9584,0.4513
1051,-100,-110.0,40,2.0,13.0,-74.63,14.2573,-100,36.52,97.94,1.152401,0.688689,10.3998,0.4703
1052,-100,-110.0,40,2.0,13.5,-73.12,15.1507,-100,36.23,98.36,1.147298,0.707794,11.3917,0.3614
1054,-100,-110.0,40,2.25,1.0,-71.49,8.2022,-88,30.44,107.38,0.972166,0.686764,18.144,0.4228
1053,-100,-110.0,40,2.0,14.0,-75.16,15.136,-100,36.77,97.59,1.143932,0.630236,8.5025,0.5046
1055,-100,-110.0,40,2.25,1.5,-72.38,7.8635,-89,32.54,104.06,1.055279,0.636609,9.9477,0.4545
1056,-100,-110.0,40,2.25,2.0,-71.19,8.773,-89,31.5,105.66,0.986346,0.586786,7.1761,0.5499
1057,-100,-110.0,40,2.25,2.5,-71.96,8.6715,-94,35.78,99.13,1.126773,0.675052,10.58,0.5013
1058,-100,-110.0,40,2.25,3.0,-71.56,8.1841,-93,33.49,102.61,1.046,0.616153,9.6416,0.4814
1059,-100,-110.0,40,2.25,3.5,-71.07,9.0281,-99,32.74,103.78,1.042904,0.629903,9.9496,0.5166
1060,-100,-110.0,40,2.25,4.0,-71.2,9.1629,-96,34.68,100.82,1.099982,0.709894,15.2116,0.3642
1061,-100,-110.0,40,2.25,4.5,-69.81,10.0112,-98,33.8,102.13,1.041121,0.637032,11.1974,0.4613
1062,-100,-110.0,40,2.25,5.0,-71.99,9.8363,-100,34.35,101.3,1.09094,0.655211,11.466,0.489
1064,-100,-110.0,40,2.25,6.0,-70.85,9.9112,-100,36.66,97.79,1.102177,0.655822,9.9426,0.5116
1063,-100,-110.0,40,2.25,5.5,-70.72,10.2537,-100,31.61,105.51,0.994309,0.64259,11.3561,0.4093
1067,-100,-110.0,40,2.25,7.5,-71.97,11.7137,-100,36.7,97.67,1.160306,0.728477,13.9022,0.4871
1066,-100,-110.0,40,2.25,7.0,-70.53,11.2231,-100,34.81,100.56,1.107935,0.626373,7.3256,0.5272
1065,-100,-110.0,40,2.25,6.5,-72.08,10.2336,-100,34.77,100.61,1.096586,0.606934,6.2838,0.5737
1068,-100,-110.0,40,2.25,8.0,-71.42,10.7813,-100,32.18,104.64,1.019057,0.637655,10.5353,0.468
1069,-100,-110.0,40,2.25,8.5,-72.09,11.9811,-100,34.16,101.61,1.072495,0.645265,10.0559,0.4963
1070,-100,-110.0,40,2.25,9.0,-71.92,12.3236,-100,33.69,102.31,1.072934,0.633304,8.4388,0.5625
1071,-100,-110.0,40,2.25,9.5,-71.84,13.1404,-100,34.86,100.54,1.120994,0.687577,12.9651,0.5013
1072,-100,-110.0,40,2.25,10.0,-70.2,13.3649,-100,37.17,96.9,1.172595,0.693977,10.8029,0.4743
1073,-100,-110.0,40,2.25,10.5,-70.28,13.1524,-100,34.16,101.54,1.071599,0.600195,7.0958,0.5544
1074,-100,-110.0,40,2.25,11.0,-72.28,13.616,-100,36.29,98.28,1.122758,0.650409,7.4926,0.4925
1075,-100,-110.0,40,2.25,11.5,-70.56,14.2268,-100,36.49,97.94,1.145534,0.694837,11.0331,0.4711
1077,-100,-110.0,40,2.25,12.5,-70.25,15.2654,-100,38.58,94.74,1.190625,0.866313,18.1827,0.3493
1078,-100,-110.0,40,2.25,13.0,-72.29,14.7747,-100,38.32,95.18,1.213378,0.782643,15.5081,0.3911
1076,-100,-110.0,40,2.25,12.0,-71.91,14.135,-100,35.56,99.43,1.126162,0.663064,11.3533,0.4783
1079,-100,-110.0,40,2.25,13.5,-71.57,15.1353,-100,38.17,95.39,1.211086,0.660789,6.8107,0.5159
1080,-100,-110.0,40,2.25,14.0,-71.13,16.0029,-100,36.71,97.62,1.148542,0.646269,4.2424,0.5365
1081,-100,-110.0,40,2.5,1.0,-67.19,9.8959,-84,35.97,98.8,1.142556,0.743795,14.264,0.4405
1082,-100,-110.0,40,2.5,1.5,-67.34,8.573,-85,30.96,106.56,0.997742,0.651906,14.2226,0.4315
1083,-100,-110.0,40,2.5,2.0,-68.44,9.4502,-88,34.82,100.56,1.106755,0.615021,5.1724,0.5892
1084,-100,-110.0,40,2.5,2.5,-66.5,9.601,-89,32.81,103.69,1.04876,0.632147,11.6385,0.523
1085,-100,-110.0,40,2.5,3.0,-67.14,9.0722,-88,31.3,106.05,1.023002,0.655775,13.7528,0.4166
1086,-100,-110.0,40,2.5,3.5,-68.04,8.8296,-91,33.05,103.28,1.031117,0.712035,16.2972,0.4508
1087,-100,-110.0,40,2.5,4.0,-68.9,10.4332,-97,31.81,105.22,0.999999,0.586186,9.3731,0.5999
1090,-100,-110.0,40,2.5,5.5,-69.15,10.5576,-100,36.21,98.41,1.151886,0.799094,17.0441,0.3734
1089,-100,-110.0,40,2.5,5.0,-67.93,11.0216,-96,35.57,99.4,1.132886,0.669725,9.9624,0.5029
1088,-100,-110.0,40,2.5,4.5,-67.57,10.6017,-98,35.09,100.15,1.131574,0.675963,10.102,0.5028
1091,-100,-110.0,40,2.5,6.0,-68.87,10.8306,-100,32.25,104.52,1.042032,0.606037,9.362,0.5429
1092,-100,-110.0,40,2.5,6.5,-66.66,11.573,-100,33.72,102.29,1.069302,0.758922,17.5817,0.3889
1093,-100,-110.0,40,2.5,7.0,-67.45,11.265,-100,34.16,101.6,1.051574,0.628297,9.7424,0.5143
1094,-100,-110.0,40,2.5,7.5,-68.04,12.2787,-100,31.72,105.36,0.999411,0.577851,9.9778,0.5392
1095,-100,-110.0,40,2.5,8.0,-68.5,12.0024,-100,35.94,98.83,1.13641,0.683367,11.8392,0.4731
1096,-100,-110.0,40,2.5,8.5,-68.43,12.6461,-100,33.79,102.17,1.084029,0.614588,7.7872,0.493
1097,-100,-110.0,40,2.5,9.0,-68.62,12.3539,-100,33.27,103.0,1.063794,0.714382,15.5322,0.4027
1098,-100,-110.0,40,2.5,9.5,-66.99,13.3769,-100,32.75,103.77,1.04621,0.602839,7.4451,0.539
1099,-100,-110.0,40,2.5,10.0,-68.79,12.5813,-100,38.33,95.14,1.219576,0.833965,16.584,0.4065
1100,-100,-110.0,40,2.5,10.5,-68.25,13.9822,-100,35.16,100.01,1.110667,0.659824,11.3515,0.4683
1102,-100,-110.0,40,2.5,11.5,-68.16,14.3201,-100,35.22,99.95,1.111453,0.718615,14.3564,0.4415
1101,-100,-110.0,40,2.5,11.0,-67.92,14.3895,-100,30.13,107.78,0.936947,0.621866,13.3962,0.5304
1103,-100,-110.0,40,2.5,12.0,-68.04,14.8408,-100,35.39,99.72,1.110438,0.672294,10.9628,0.4419
1104,-100,-110.0,40,2.5,12.5,-68.92,15.4159,-100,36.33,98.22,1.143093,0.677279,9.609,0.4736
1105,-100,-110.0,40,2.5,13.0,-68.9,15.5107,-100,35.37,99.75,1.084776,0.759931,16.2158,0.4136
1106,-100,-110.0,40,2.5,13.5,-66.98,15.8529,-100,33.32,102.86,1.066759,0.607307,6.4782,0.5845
1107,-100,-110.0,40,2.5,14.0,-67.69,16.8087,-100,35.48,99.52,1.13999,0.689571,12.6214,0.4764
1108,-100,-110.0,40,2.75,1.0,-66.02,9.2628,-83,33.62,102.43,1.091767,0.633157,9.5048,0.5507
1109,-100,-110.0,40,2.75,1.5,-64.67,9.4787,-83,30.76,106.82,0.971882,0.591219,10.5189,0.5672
1110,-100,-110.0,40,2.75,2.0,-65.59,10.9601,-91,32.73,103.8,1.009532,0.633713,11.3998,0.4753
1111,-100,-110.0,40,2.75,2.5,-63.91,9.5617,-84,34.86,100.5,1.109607,0.803224,19.0011,0.3988
1112,-100,-110.0,40,2.75,3.0,-65.63,11.5007,-92,30.49,107.24,0.997244,0.630121,12.7045,0.4622
1113,-100,-110.0,40,2.75,3.5,-64.97,11.1824,-92,33.08,103.21,1.066975,0.612331,9.1837,0.5455
1114,-100,-110.0,40,2.75,4.0,-65.66,10.7498,-92,33.63,102.45,1.08303,0.665577,12.029,0.5169
1115,-100,-110.0,40,2.75,4.5,-65.28,11.1862,-96,33.72,102.28,1.037859,0.619432,9.486,0.5663
1116,-100,-110.0,40,2.75,5.0,-65.46,10.3325,-95,32.11,104.76,1.014196,0.636558,10.761,0.4697
1117,-100,-110.0,40,2.75,5.5,-63.9,11.2209,-100,34.74,100.69,1.074839,0.67478,11.8001,0.4051
1118,-100,-110.0,40,2.75,6.0,-64.53,11.3859,-100,32.73,103.81,1.030124,0.597546,8.1528,0.507
1119,-100,-110.0,40,2.75,6.5,-65.68,12.4609,-100,33.36,102.89,1.066668,0.646546,11.5113,0.4552
1120,-100,-110.0,40,2.75,7.0,-65.42,12.2404,-100,33.31,102.9,1.023947,0.59926,7.9353,0.552
1121,-100,-110.0,40,2.75,7.5,-65.16,12.088,-100,31.21,106.18,0.985987,0.607054,12.1082,0.5011
1122,-100,-110.0,40,2.75,8.0,-65.04,12.6934,-100,33.08,103.25,1.091718,0.614828,8.7393,0.5061
1123,-100,-110.0,40,2.75,8.5,-63.9,13.4999,-100,35.85,98.99,1.071665,0.669188,11.8187,0.5134
1125,-100,-110.0,40,2.75,9.5,-64.87,13.8105,-100,35.0,100.26,1.099024,0.729237,14.8295,0.4046
1124,-100,-110.0,40,2.75,9.0,-65.36,13.4828,-100,32.21,104.62,1.024877,0.592951,6.9952,0.5592
1127,-100,-110.0,40,2.75,10.5,-64.62,14.691,-100,34.4,101.25,1.070084,0.653356,11.6742,0.4558
1126,-100,-110.0,40,2.75,10.0,-64.92,13.8797,-100,32.11,104.77,1.024175,0.565864,5.8208,0.5953
1128,-100,-110.0,40,2.75,11.0,-64.98,14.8378,-100,32.87,103.61,1.019335,0.586423,7.5907,0.532
1129,-100,-110.0,40,2.75,11.5,-65.18,15.597,-100,33.12,103.21,1.046792,0.676589,12.4177,0.4174
1131,-100,-110.0,40,2.75,12.5,-64.44,15.9181,-100,33.18,103.13,1.060696,0.60184,7.2635,0.5873
1130,-100,-110.0,40,2.75,12.0,-64.9,14.652,-100,33.75,102.2,1.068709,0.676506,12.4774,0.4485
1132,-100,-110.0,40,2.75,13.0,-65.53,16.4305,-100,34.99,100.32,1.095686,0.654242,9.7936,0.5017
1133,-100,-110.0,40,2.75,13.5,-65.55,16.3538,-100,35.52,99.52,1.110237,0.648547,9.4461,0.5253
1134,-100,-110.0,40,2.75,14.0,-64.81,16.6713,-100,33.73,102.25,1.074794,0.692234,13.7163,0.435
1136,-100,-110.0,40,3.0,1.5,-62.76,10.7885,-83,35.73,99.17,1.105211,0.677423,11.9085,0.449
1137,-100,-110.0,40,3.0,2.0,-62.21,12.0561,-85,32.21,104.61,1.03109,0.599952,9.1447,0.5553
1135,-100,-110.0,40,3.0,1.0,-62.89,10.9595,-84,32.79,103.7,1.034932,0.599759,8.2706,0.5062
1138,-100,-110.0,40,3.0,2.5,-61.95,11.2774,-85,34.17,101.6,1.092585,0.719369,14.7283,0.3883
1139,-100,-110.0,40,3.0,3.0,-63.15,11.0007,-89,33.24,103.02,1.064071,0.613406,9.0422,0.4922
1140,-100,-110.0,40,3.0,3.5,-60.4,11.7856,-88,32.51,104.17,1.044307,0.635067,11.3621,0.5071
1141,-100,-110.0,40,3.0,4.0,-62.27,9.8313,-89,32.38,104.37,1.041284,0.603658,8.7636,0.4863
1142,-100,-110.0,40,3.0,4.5,-63.02,11.8461,-93,31.4,105.86,1.006587,0.575014,7.8742,0.5666
1143,-100,-110.0,40,3.0,5.0,-61.77,11.9214,-93,34.84,100.58,1.08591,0.636109,9.6627,0.5071
1144,-100,-110.0,40,3.0,5.5,-60.45,12.3592,-97,31.21,106.12,0.962991,0.612265,12.3124,0.4886
1145,-100,-110.0,40,3.0,6.0,-60.88,12.4202,-98,35.03,100.25,1.091209,0.71601,14.5621,0.3971
1146,-100,-110.0,40,3.0,6.5,-60.11,12.6604,-99,33.35,102.83,1.06266,0.66096,12.4817,0.5353
1148,-100,-110.0,40,3.0,7.5,-63.2,13.0872,-100,35.6,99.35,1.124682,0.751003,14.385,0.3802
1149,-100,-110.0,40,3.0,8.0,-61.51,13.1899,-100,31.18,106.21,0.991581,0.631126,13.0533,0.4955
1147,-100,-110.0,40,3.0,7.0,-62.14,12.9116,-100,35.06,100.15,1.071533,0.638176,9.0399,0.498
1150,-100,-110.0,40,3.0,8.5,-62.21,13.6825,-100,32.97,103.43,1.064058,0.577493,5.1536,0.6031
1151,-100,-110.0,40,3.0,9.0,-62.24,13.7359,-100,33.57,102.51,1.082165,0.691024,13.6132,0.4532
1152,-100,-110.0,40,3.0,9.5,-62.08,15.1622,-100,34.59,100.91,1.082327,0.628871,8.7633,0.5023
1153,-100,-110.0,40,3.0,10.0,-61.19,14.7056,-100,33.47,102.65,1.076573,0.631146,8.7445,0.5691
1154,-100,-110.0,40,3.0,10.5,-62.88,15.2367,-100,36.53,97.92,1.168521,0.719154,13.3646,0.4798
1155,-100,-110.0,40,3.0,11.0,-61.07,16.8553,-100,36.2,98.39,1.140189,0.827096,17.652,0.3903
1156,-100,-110.0,40,3.0,11.5,-61.62,15.2272,-100,32.8,103.65,1.031624,0.640721,11.8599,0.4371
1158,-100,-110.0,40,3.0,12.5,-62.18,16.2986,-100,33.17,103.13,1.042356,0.589159,6.7922,0.5749
1157,-100,-110.0,40,3.0,12.0,-61.55,16.7088,-100,33.18,103.09,1.057567,0.616397,8.6286,0.5504
1161,-100,-110.0,40,3.0,14.0,-61.92,17.1097,-100,34.93,100.37,1.119851,0.744958,15.8847,0.3989
1159,-100,-110.0,40,3.0,13.0,-61.46,16.9079,-100,33.0,103.36,1.041169,0.648278,11.0361,0.4566
1160,-100,-110.0,40,3.0,13.5,-60.94,16.8528,-100,34.99,100.32,1.110905,0.646145,9.668,0.4688
1163,-100,-110.0,40,3.25,1.5,-57.91,12.1184,-80,34.01,101.87,1.07048,0.610575,8.0403,0.5196
1162,-100,-110.0,40,3.25,1.0,-58.94,11.8344,-80,34.08,101.71,1.072238,0.614718,9.0594,0.5256
1164,-100,-110.0,40,3.25,2.0,-58.95,11.2081,-83,31.91,105.02,1.031606,0.583693,6.7262,0.572
1165,-100,-110.0,40,3.25,2.5,-59.16,11.8638,-84,33.54,102.56,1.073323,0.600154,5.7807,0.606
1167,-100,-110.0,40,3.25,3.5,-59.43,11.9443,-89,34.16,101.57,1.056176,0.620923,8.3447,0.5265
1166,-100,-110.0,40,3.25,3.0,-59.36,12.2313,-87,33.88,102.02,1.083011,0.625756,8.9025,0.5084
1169,-100,-110.0,40,3.25,4.5,-60.33,12.9142,-90,36.17,98.46,1.170136,0.738051,13.6615,0.4232
1168,-100,-110.0,40,3.25,4.0,-58.38,12.9464,-90,33.57,102.51,1.068975,0.623256,9.7214,0.5062
1170,-100,-110.0,40,3.25,5.0,-59.38,12.9873,-92,34.77,100.67,1.095945,0.656715,10.8547,0.4847
1171,-100,-110.0,40,3.25,5.5,-59.46,12.3761,-94,32.24,104.51,1.01596,0.602113,9.9667,0.4796
1172,-100,-110.0,40,3.25,6.0,-60.11,12.501,-98,32.83,103.58,1.044502,0.687628,14.2339,0.4668
1173,-100,-110.0,40,3.25,6.5,-58.06,14.3299,-98,33.9,102.0,1.081252,0.724156,15.0999,0.3659
1175,-100,-110.0,40,3.25,7.5,-60.34,13.9951,-100,33.05,103.32,1.057494,0.676596,14.1356,0.4676
1174,-100,-110.0,40,3.25,7.0,-59.27,13.6404,-100,33.69,102.3,1.080611,0.636324,8.9425,0.4628
1176,-100,-110.0,40,3.25,8.0,-58.12,14.2953,-100,34.2,101.52,1.091879,0.717319,14.4508,0.435
1177,-100,-110.0,40,3.25,8.5,-57.83,14.447,-100,31.93,105.01,1.011442,0.627939,11.6381,0.4967
1178,-100,-110.0,40,3.25,9.0,-59.02,15.0856,-100,31.89,105.07,1.024192,0.594546,8.952,0.5715
1179,-100,-110.0,40,3.25,9.5,-59.41,14.1113,-100,34.2,101.55,1.048092,0.682009,13.2041,0.4921
1180,-100,-110.0,40,3.25,10.0,-57.48,16.1874,-100,33.58,102.54,1.07511,0.653569,9.933,0.5276
1181,-100,-110.0,40,3.25,10.5,-58.51,16.014,-100,32.33,104.41,1.047637,0.654072,12.2013,0.5248
1182,-100,-110.0,40,3.25,11.0,-57.55,15.7445,-100,34.62,100.91,1.086579,0.738346,16.0696,0.4495
1183,-100,-110.0,40,3.25,11.5,-58.45,15.8117,-100,35.54,99.48,1.129553,0.636203,8.2308,0.4965
1184,-100,-110.0,40,3.25,12.0,-57.0,17.0736,-100,36.17,98.46,1.139722,0.72713,13.8441,0.4341
1185,-100,-110.0,40,3.25,12.5,-58.11,17.126,-100,34.28,101.38,1.088875,0.802351,19.0376,0.3318
1187,-100,-110.0,40,3.25,13.5,-57.48,17.9009,-100,35.1,100.15,1.098904,0.672022,11.3217,0.5259
1186,-100,-110.0,40,3.25,13.0,-58.97,17.3596,-100,32.06,104.86,1.014235,0.586069,6.9148,0.5753
1188,-100,-110.0,40,3.25,14.0,-58.14,18.5469,-100,35.3,99.81,1.070144,0.628788,10.2678,0.5089
1189,-100,-110.0,40,3.5,1.0,-55.49,12.101,-76,32.8,103.65,1.067541,0.603275,7.7159,0.5829
1191,-100,-110.0,40,3.5,2.0,-55.11,12.0889,-80,32.49,104.18,1.051608,0.642989,11.7008,0.4966
1190,-100,-110.0,40,3.5,1.5,-56.11,11.7668,-76,29.52,108.75,0.955961,0.617972,12.7934,0.4084
1192,-100,-110.0,40,3.5,2.5,-56.32,13.4614,-84,34.35,101.22,1.084206,0.624987,7.2281,0.4979
1194,-100,-110.0,40,3.5,3.5,-54.29,13.7709,-86,31.0,106.48,1.007199,0.583874,7.7223,0.5812
1193,-100,-110.0,40,3.5,3.0,-54.53,12.8592,-83,33.49,102.64,1.084701,0.62594,9.9957,0.4951
1195,-100,-110.0,40,3.5,4.0,-55.52,12.784,-88,32.77,103.72,1.054146,0.659607,12.8382,0.5301
1196,-100,-110.0,40,3.5,4.5,-55.51,13.2857,-91,31.01,106.46,0.979007,0.57623,9.2544,0.5783
1197,-100,-110.0,40,3.5,5.0,-55.96,13.5232,-90,32.24,104.6,1.062754,0.593222,7.7493,0.5689
1198,-100,-110.0,40,3.5,5.5,-55.72,13.8068,-94,34.09,101.66,1.090081,0.673899,12.5215,0.4097
1199,-100,-110.0,40,3.5,6.0,-55.17,13.8826,-94,36.07,98.62,1.151898,0.638047,8.1317,0.5055
1200,-100,-110.0,40,3.5,6.5,-55.76,14.9642,-99,32.02,104.9,1.020091,0.617243,10.1636,0.5287
1201,-100,-110.0,40,3.5,7.0,-56.18,13.8653,-100,32.62,103.97,1.03648,0.639846,11.6159,0.4863
1202,-100,-110.0,40,3.5,7.5,-56.4,14.2865,-98,30.97,106.49,1.023892,0.609609,11.214,0.5054
1203,-100,-110.0,40,3.5,8.0,-55.3,14.9168,-100,34.01,101.84,1.05687,0.61804,9.0482,0.4972
1204,-100,-110.0,40,3.5,8.5,-55.38,15.2959,-100,33.35,102.87,1.062272,0.632306,10.7891,0.494
1205,-100,-110.0,40,3.5,9.0,-56.19,15.5087,-100,31.88,105.1,1.026699,0.60782,9.1544,0.5164
1206,-100,-110.0,40,3.5,9.5,-56.11,15.9423,-100,31.52,105.67,1.001689,0.612237,11.499,0.5559
1207,-100,-110.0,40,3.5,10.0,-54.79,15.6697,-100,32.91,103.53,1.059358,0.655354,13.3026,0.5149
1208,-100,-110.0,40,3.5,10.5,-55.67,16.3881,-100,31.27,106.04,1.007444,0.555524,5.242,0.6018
1209,-100,-110.0,40,3.5,11.0,-55.36,16.4885,-100,32.97,103.45,1.03649,0.653949,13.1737,0.4261
1211,-100,-110.0,40,3.5,12.0,-54.63,17.4973,-100,30.88,106.63,1.010412,0.58747,9.2662,0.4725
1210,-100,-110.0,40,3.5,11.5,-55.18,17.4967,-100,31.32,105.97,1.017757,0.598415,10.2733,0.5203
1212,-100,-110.0,40,3.5,12.5,-54.57,18.2031,-100,33.89,102.05,1.073505,0.647411,10.6124,0.4834
1213,-100,-110.0,40,3.5,13.0,-57.91,17.837,-100,34.63,100.93,1.121554,0.710083,15.6792,0.4627
1215,-100,-110.0,40,3.5,14.0,-54.26,19.1669,-100,31.74,105.34,1.017437,0.623866,11.2441,0.5445
1214,-100,-110.0,40,3.5,13.5,-55.94,18.3909,-100,36.28,98.34,1.127672,0.668213,10.5693,0.4728
1217,-100,-110.0,40,3.75,1.5,-52.82,12.3827,-76,32.98,103.43,1.056863,0.637279,10.935,0.4934
1216,-100,-110.0,40,3.75,1.0,-51.58,13.0684,-73,31.94,105.05,0.991499,0.564755,6.6762,0.5907
1218,-100,-110.0,40,3.75,2.0,-52.18,13.4883,-76,32.56,104.09,1.035734,0.650903,13.4291,0.4652
1219,-100,-110.0,40,3.75,2.5,-51.45,15.0464,-80,34.64,100.9,1.106298,0.759995,17.5638,0.4468
1221,-100,-110.0,40,3.75,3.5,-53.25,13.8297,-82,35.2,99.99,1.125834,0.781799,17.9411,0.3934
1220,-100,-110.0,40,3.75,3.0,-53.53,13.2707,-82,29.82,108.27,0.938975,0.598741,12.5624,0.4989
1222,-100,-110.0,40,3.75,4.0,-52.92,14.3425,-85,29.12,109.36,0.953002,0.532279,4.9398,0.6283
1223,-100,-110.0,40,3.75,4.5,-53.83,14.3099,-88,33.42,102.73,1.067249,0.610973,7.2085,0.5412
1224,-100,-110.0,40,3.75,5.0,-51.41,14.2521,-87,31.89,105.07,1.045865,0.613564,10.0582,0.5341
1225,-100,-110.0,40,3.75,5.5,-52.6,14.7226,-90,34.17,101.6,1.09894,0.614069,6.9255,0.573
1226,-100,-110.0,40,3.75,6.0,-53.25,14.2564,-91,34.27,101.39,1.103034,0.619722,7.9993,0.5222
1227,-100,-110.0,40,3.75,6.5,-52.96,15.7165,-94,31.01,106.47,0.988488,0.609427,11.5202,0.4925
1228,-100,-110.0,40,3.75,7.0,-52.23,15.6056,-96,35.83,99.01,1.14263,0.732518,13.8985,0.4037
1230,-100,-110.0,40,3.75,8.0,-53.15,15.5478,-100,34.43,101.12,1.070093,0.638422,9.8537,0.5203
1229,-100,-110.0,40,3.75,7.5,-52.23,16.1592,-97,33.71,102.29,1.067724,0.658906,12.2802,0.4637
1231,-100,-110.0,40,3.75,8.5,-51.6,15.8353,-100,32.0,104.89,1.024248,0.602794,10.3016,0.4968
1232,-100,-110.0,40,3.75,9.0,-52.02,16.3369,-100,33.19,103.08,1.068849,0.613195,8.3623,0.5357
1233,-100,-110.0,40,3.75,9.5,-54.03,16.0992,-100,33.36,102.79,1.06991,0.714983,15.2021,0.4463
1235,-100,-110.0,40,3.75,10.5,-51.0,16.7797,-100,32.94,103.52,1.058846,0.663219,13.4047,0.4141
1234,-100,-110.0,40,3.75,10.0,-52.32,16.7017,-100,30.84,106.69,1.004971,0.569178,8.6501,0.5868
1236,-100,-110.0,40,3.75,11.0,-51.93,17.2952,-100,32.54,104.08,1.041898,0.650435,13.4696,0.4449
1237,-100,-110.0,40,3.75,11.5,-52.21,16.9465,-100,32.72,103.81,1.033173,0.625595,9.8606,0.4962
1239,-100,-110.0,40,3.75,12.5,-51.5,18.2733,-100,34.41,101.21,1.105944,0.660299,10.8854,0.4496
1238,-100,-110.0,40,3.75,12.0,-53.34,17.6549,-100,29.83,108.26,0.971522,0.562828,8.9962,0.5785
1240,-100,-110.0,40,3.75,13.0,-51.86,18.8148,-100,31.99,104.91,1.032797,0.600506,9.2238,0.5059
1241,-100,-110.0,40,3.75,13.5,-51.87,18.7652,-100,33.61,102.41,1.06679,0.62166,8.0031,0.5053
1242,-100,-110.0,40,3.75,14.0,-52.39,19.6083,-100,34.72,100.71,1.104464,0.64849,9.5574,0.4561
1243,-100,-110.0,40,4.0,1.0,-50.16,14.4214,-74,34.34,101.26,1.104027,0.701266,13.1032,0.475
1244,-100,-110.0,40,4.0,1.5,-48.58,13.6651,-75,35.3,99.82,1.119492,0.80767,19.0261,0.3803
1245,-100,-110.0,40,4.0,2.0,-48.56,13.996,-75,32.63,103.95,1.039417,0.636226,10.746,0.4734
1246,-100,-110.0,40,4.0,2.5,-48.5,14.539,-77,33.54,102.55,1.052343,0.636671,11.4913,0.4623
1247,-100,-110.0,40,4.0,3.0,-50.68,15.2798,-83,33.28,103.0,1.066564,0.607549,7.3297,0.5363
1248,-100,-110.0,40,4.0,3.5,-49.79,14.9704,-82,36.39,98.2,1.14352,0.787343,18.1064,0.4184
1249,-100,-110.0,40,4.0,4.0,-49.02,14.8503,-82,33.0,103.36,1.066272,0.643946,10.3674,0.509
1250,-100,-110.0,40,4.0,4.5,-51.31,15.5395,-88,33.53,102.51,1.044988,0.651596,12.2938,0.4698
1251,-100,-110.0,40,4.0,5.0,-48.45,15.4339,-86,32.81,103.7,1.044339,0.652376,12.3598,0.4826
1252,-100,-110.0,40,4.0,5.5,-51.71,14.8013,-87,33.71,102.3,1.060555,0.644473,11.8417,0.4691
1253,-100,-110.0,40,4.0,6.0,-48.2,16.6253,-91,32.4,104.31,1.04248,0.591209,7.1799,0.5467
1255,-100,-110.0,40,4.0,7.0,-48.93,15.3294,-94,33.0,103.36,1.063558,0.670931,12.6822,0.4068
1254,-100,-110.0,40,4.0,6.5,-50.85,15.2946,-92,32.18,104.64,1.047381,0.575598,5.6397,0.6149
1256,-100,-110.0,40,4.0,7.5,-47.76,17.3048,-95,34.04,101.78,1.051731,0.685998,14.4274,0.4367
1257,-100,-110.0,40,4.0,8.0,-49.37,16.2748,-100,29.59,108.63,0.983245,0.564346,8.8489,0.5431
1259,-100,-110.0,40,4.0,9.0,-49.48,17.3475,-100,31.68,105.42,1.006542,0.582559,7.3416,0.557
1258,-100,-110.0,40,4.0,8.5,-49.31,16.797,-100,32.38,104.37,1.029292,0.580486,8.781,0.5551
1260,-100,-110.0,40,4.0,9.5,-48.93,16.6266,-100,34.44,101.21,1.124428,0.660872,10.8363,0.4854
1261,-100,-110.0,40,4.0,10.0,-50.38,17.465,-100,32.23,104.56,1.026013,0.60197,9.5885,0.5463
1262,-100,-110.0,40,4.0,10.5,-47.01,17.8936,-100,33.93,101.99,1.082638,0.653207,11.6042,0.4805
1264,-100,-110.0,40,4.0,11.5,-46.93,18.3201,-100,33.4,102.78,1.056409,0.634509,11.6081,0.4906
1263,-100,-110.0,40,4.0,11.0,-49.57,17.6937,-100,32.33,104.44,1.0115,0.686779,15.2409,0.4375
1265,-100,-110.0,40,4.0,12.0,-47.64,17.8333,-100,35.43,99.61,1.134175,0.70674,12.82,0.4804
1266,-100,-110.0,40,4.0,12.5,-49.82,18.8209,-100,34.13,101.63,1.076105,0.619238,8.3665,0.503
1268,-100,-110.0,40,4.0,13.5,-48.55,20.195,-100,33.01,103.38,1.066414,0.636659,11.9684,0.497
1267,-100,-110.0,40,4.0,13.0,-49.53,19.2543,-100,32.49,104.19,1.0228,0.56171,4.957,0.6167
1269,-100,-110.0,40,4.0,14.0,-49.28,20.2147,-100,33.87,102.08,1.071248,0.692267,14.0944,0.4388
1270,-100,-110.0,40,4.25,1.0,-48.67,14.2087,-71,33.47,102.68,1.036779,0.664333,12.951,0.4656
1271,-100,-110.0,40,4.25,1.5,-45.72,15.0346,-71,30.65,107.0,1.001453,0.549853,5.4941,0.6051
1272,-100,-110.0,40,4.25,2.0,-46.28,15.5532,-73,32.09,104.78,1.052991,0.577227,6.7549,0.5564
1273,-100,-110.0,40,4.25,2.5,-47.84,14.6733,-76,31.51,105.7,0.997104,0.648957,13.6178,0.5096
1274,-100,-110.0,40,4.25,3.0,-45.46,15.6049,-76,32.68,103.89,1.052787,0.660216,13.8647,0.4564
1276,-100,-110.0,40,4.25,4.0,-46.64,14.6978,-81,33.45,102.68,1.070641,0.601988,7.5568,0.5184
1275,-100,-110.0,40,4.25,3.5,-45.25,15.8936,-80,32.73,103.74,1.040199,0.597765,8.1878,0.5177
1277,-100,-110.0,40,4.25,4.5,-47.09,16.5359,-86,32.44,104.26,1.028095,0.582098,8.0521,0.5596
1278,-100,-110.0,40,4.25,5.0,-45.77,15.9265,-85,32.68,103.88,1.023626,0.629539,12.0007,0.4188
1279,-100,-110.0,40,4.25,5.5,-45.8,16.6907,-87,33.01,103.38,1.068984,0.679438,12.5047,0.42
1280,-100,-110.0,40,4.25,6.0,-46.11,16.856,-93,32.73,103.8,1.036519,0.609533,9.8009,0.476
1282,-100,-110.0,40,4.25,7.0,-47.07,16.5326,-92,33.4,102.78,1.076577,0.629417,9.2992,0.5343
1281,-100,-110.0,40,4.25,6.5,-45.11,16.1041,-89,31.72,105.38,1.023861,0.60055,10.5868,0.5187
1283,-100,-110.0,40,4.25,7.5,-47.15,16.6025,-97,31.87,105.15,1.01298,0.593051,8.9583,0.5685
1284,-100,-110.0,40,4.25,8.0,-47.54,16.2575,-96,32.82,103.69,1.062137,0.644483,12.0508,0.4712
1285,-100,-110.0,40,4.25,8.5,-47.82,17.7243,-100,32.22,104.56,1.031909,0.591391,8.2783,0.5657
1286,-100,-110.0,40,4.25,9.0,-46.03,17.1373,-100,30.71,106.89,1.008289,0.5814,9.9485,0.5911
1287,-100,-110.0,40,4.25,9.5,-46.81,17.5392,-99,34.2,101.53,1.084712,0.638753,10.7212,0.4857
1289,-100,-110.0,40,4.25,10.5,-45.5,18.7247,-100,34.63,100.89,1.07536,0.643283,10.2518,0.4826
1288,-100,-110.0,40,4.25,10.0,-48.1,18.4376,-100,32.58,104.03,1.032444,0.595194,9.2363,0.5581
1290,-100,-110.0,40,4.25,11.0,-47.4,18.6571,-100,33.19,103.1,1.052506,0.602113,8.6082,0.4861
1291,-100,-110.0,40,4.25,11.5,-47.14,18.6666,-100,34.51,101.08,1.107005,0.694874,13.4092,0.4177
1292,-100,-110.0,40,4.25,12.0,-45.46,19.2311,-100,32.52,104.12,1.023033,0.623032,10.2386,0.5078
1293,-100,-110.0,40,4.25,12.5,-47.6,19.0786,-100,36.39,98.16,1.14434,0.707758,12.7023,0.4481
1294,-100,-110.0,40,4.25,13.0,-46.23,20.0173,-100,32.5,104.14,1.05119,0.624036,10.5422,0.5021
1295,-100,-110.0,40,4.25,13.5,-47.52,20.3898,-100,32.25,104.52,1.030969,0.606494,9.3829,0.5308
1296,-100,-110.0,40,4.25,14.0,-45.46,21.2489,-100,31.96,104.96,1.017462,0.624675,12.1956,0.4608
1297,-100,-110.0,40,4.5,1.0,-42.63,16.1803,-70,33.62,102.43,1.069817,0.683696,13.9105,0.457
1298,-100,-110.0,40,4.5,1.5,-43.32,16.228,-70,33.3,102.93,1.054503,0.62461,10.1882,0.546
1299,-100,-110.0,40,4.5,2.0,-44.22,15.2399,-73,32.53,104.09,1.034931,0.590628,9.0485,0.5706
1300,-100,-110.0,40,4.5,2.5,-43.41,17.1777,-74,30.32,107.48,0.993045,0.555592,8.1216,0.5951
1301,-100,-110.0,40,4.5,3.0,-43.04,16.3023,-74,31.21,106.13,0.973688,0.596285,10.6909,0.4912
1302,-100,-110.0,40,4.5,3.5,-42.32,16.4362,-77,31.78,105.29,1.034615,0.578518,7.3606,0.5642
1303,-100,-110.0,40,4.5,4.0,-43.04,16.8307,-80,33.44,102.71,1.054183,0.581977,4.7852,0.6019
1304,-100,-110.0,40,4.5,4.5,-43.83,16.9819,-83,32.6,103.99,1.039217,0.637656,11.0867,0.5264
1305,-100,-110.0,40,4.5,5.0,-42.62,16.6817,-85,31.42,105.82,1.02693,0.582553,6.7137,0.5387
1306,-100,-110.0,40,4.5,5.5,-44.91,17.5274,-91,27.97,111.12,0.921238,0.534004,8.8083,0.5858
1307,-100,-110.0,40,4.5,6.0,-43.16,17.6389,-90,31.76,105.31,1.00947,0.58016,7.3538,0.535
1308,-100,-110.0,40,4.5,6.5,-42.08,18.0164,-90,33.62,102.38,1.061951,0.676904,12.5469,0.4396
1309,-100,-110.0,40,4.5,7.0,-43.64,16.4282,-89,32.04,104.86,1.035331,0.665696,14.269,0.4473
1310,-100,-110.0,40,4.5,7.5,-42.76,17.3932,-92,33.63,102.43,1.060029,0.587823,6.3149,0.5771
1311,-100,-110.0,40,4.5,8.0,-41.5,18.2258,-98,33.01,103.38,1.029756,0.620157,10.7753,0.5242
1312,-100,-110.0,40,4.5,8.5,-43.98,17.4386,-94,33.39,102.82,1.071384,0.652351,12.6895,0.5226
1313,-100,-110.0,40,4.5,9.0,-43.65,17.5274,-95,33.3,102.95,1.069501,0.67991,13.7169,0.4573
1314,-100,-110.0,40,4.5,9.5,-43.51,18.4548,-100,31.2,106.18,1.003918,0.603502,9.5201,0.5359
1316,-100,-110.0,40,4.5,10.5,-42.62,19.9336,-100,33.06,103.3,1.062312,0.594986,8.0003,0.5405
1315,-100,-110.0,40,4.5,10.0,-44.05,18.3122,-100,34.44,101.15,1.099457,0.683298,13.5212,0.4316
1317,-100,-110.0,40,4.5,11.0,-43.9,19.282,-100,32.59,104.0,1.037745,0.619523,9.9279,0.4361
1318,-100,-110.0,40,4.5,11.5,-43.55,19.2195,-100,33.41,102.73,1.054343,0.61932,9.6753,0.5081
1319,-100,-110.0,40,4.5,12.0,-43.08,19.7713,-100,31.76,105.26,1.016662,0.58415,10.639,0.4928
1320,-100,-110.0,40,4.5,12.5,-43.37,19.6672,-100,31.43,105.81,1.005155,0.607896,10.7004,0.4713
1321,-100,-110.0,40,4.5,13.0,-42.76,20.1018,-100,38.79,94.45,1.246417,0.79185,14.9028,0.4089
1322,-100,-110.0,40,4.5,13.5,-42.26,21.0147,-100,29.47,108.84,0.955552,0.567875,9.3084,0.5952
1323,-100,-110.0,40,4.5,14.0,-43.43,21.2684,-100,31.53,105.64,1.009801,0.585405,7.566,0.5715
1324,-100,-110.0,40,4.75,1.0,-41.37,16.3387,-68,32.46,104.22,1.043767,0.611751,10.0527,0.5508
1325,-100,-110.0,40,4.75,1.5,-39.63,17.9405,-68,31.58,105.62,1.034983,0.558248,3.6039,0.6283
1326,-100,-110.0,40,4.75,2.0,-39.23,17.4317,-71,30.53,107.2,0.983055,0.594442,9.6052,0.5337
1328,-100,-110.0,40,4.75,3.0,-38.93,17.8931,-72,35.51,99.51,1.133226,0.691469,13.2611,0.4585
1327,-100,-110.0,40,4.75,2.5,-40.32,16.7789,-71,31.75,105.29,1.030929,0.637091,11.6673,0.5122
1329,-100,-110.0,40,4.75,3.5,-40.2,17.8389,-76,33.84,102.07,1.068352,0.702703,15.0249,0.4459
1330,-100,-110.0,40,4.75,4.0,-39.78,18.6189,-78,31.68,105.43,1.015068,0.638018,12.0287,0.45
1331,-100,-110.0,40,4.75,4.5,-41.25,17.6764,-77,32.26,104.49,1.049211,0.634982,12.1827,0.5205
1332,-100,-110.0,40,4.75,5.0,-39.59,18.1602,-84,29.01,109.48,0.939642,0.527525,6.0199,0.6193
1333,-100,-110.0,40,4.75,5.5,-40.59,18.4642,-84,33.74,102.25,1.072477,0.647832,11.5889,0.4996
1334,-100,-110.0,40,4.75,6.0,-41.53,17.1694,-85,32.24,104.56,1.031554,0.621044,12.7629,0.5042
1336,-100,-110.0,40,4.75,7.0,-42.34,16.5998,-90,33.32,102.89,1.071145,0.672487,13.4443,0.4893
1337,-100,-110.0,40,4.75,7.5,-40.14,18.7375,-90,32.39,104.31,1.059625,0.640314,12.1417,0.5271
1335,-100,-110.0,40,4.75,6.5,-41.43,17.762,-88,30.97,106.54,0.985442,0.638172,13.9749,0.4632
1340,-100,-110.0,40,4.75,9.0,-40.75,19.8995,-97,33.09,103.27,1.03603,0.67165,14.0813,0.4932
1339,-100,-110.0,40,4.75,8.5,-37.93,19.4383,-91,30.47,107.28,0.992857,0.634613,13.446,0.4456
1338,-100,-110.0,40,4.75,8.0,-40.94,18.4972,-90,33.5,102.66,1.050679,0.612045,9.4199,0.5407
1341,-100,-110.0,40,4.75,9.5,-39.2,19.8622,-100,31.48,105.71,1.004862,0.576223,8.8382,0.5496
1342,-100,-110.0,40,4.75,10.0,-41.01,19.2541,-99,32.93,103.44,1.041846,0.597012,8.0392,0.5694
1343,-100,-110.0,40,4.75,10.5,-39.7,19.1055,-99,32.48,104.14,1.04244,0.743575,17.0889,0.3581
1344,-100,-110.0,40,4.75,11.0,-41.97,19.8968,-100,31.3,106.02,1.007791,0.633198,11.7792,0.4523
1345,-100,-110.0,40,4.75,11.5,-39.83,20.8055,-100,34.23,101.45,1.092302,0.631437,9.8293,0.5064
1346,-100,-110.0,40,4.75,12.0,-38.22,20.4244,-100,32.54,104.1,1.053438,0.677865,14.8812,0.4667
1349,-100,-110.0,40,4.75,13.5,-40.05,20.7743,-100,32.78,103.75,1.037768,0.615444,9.1177,0.5254
1348,-100,-110.0,40,4.75,13.0,-41.66,20.8094,-100,33.39,102.8,1.070899,0.639661,10.9435,0.5032
1347,-100,-110.0,40,4.75,12.5,-41.47,20.582,-100,32.62,103.98,1.044747,0.605202,8.179,0.5423
1351,-100,-110.0,40,5.0,1.0,-37.04,17.7857,-68,31.72,105.42,1.005044,0.637543,13.0911,0.4615
1350,-100,-110.0,40,4.75,14.0,-38.58,22.4974,-100,32.92,103.49,1.069847,0.651019,11.6538,0.4893
1352,-100,-110.0,40,5.0,1.5,-35.05,18.7672,-67,32.02,104.89,1.023158,0.624009,11.7326,0.5606
1353,-100,-110.0,40,5.0,2.0,-38.16,17.5819,-70,31.82,105.21,1.038189,0.655469,12.6724,0.4266
1354,-100,-110.0,40,5.0,2.5,-38.26,18.1611,-72,31.89,105.07,0.992556,0.624371,13.014,0.4887
1355,-100,-110.0,40,5.0,3.0,-39.87,17.9943,-71,33.12,103.2,1.066765,0.666752,13.8592,0.49
1356,-100,-110.0,40,5.0,3.5,-35.42,17.3794,-74,31.99,104.88,1.013386,0.654034,13.7093,0.4165
1357,-100,-110.0,40,5.0,4.0,-36.58,19.3658,-79,34.07,101.73,1.082327,0.622954,9.5324,0.5255
1358,-100,-110.0,40,5.0,4.5,-37.24,18.4838,-77,32.8,103.69,1.023817,0.547244,6.182,0.5572
1360,-100,-110.0,40,5.0,5.5,-35.74,19.9233,-78,33.57,102.48,1.086392,0.703172,14.1613,0.3634
1359,-100,-110.0,40,5.0,5.0,-36.2,18.2568,-81,32.86,103.58,1.047979,0.63488,10.1117,0.4673
1361,-100,-110.0,40,5.0,6.0,-37.2,18.9096,-81,31.21,106.16,1.022045,0.586293,8.2461,0.5633
1363,-100,-110.0,40,5.0,7.0,-36.27,19.8477,-89,32.31,104.35,1.023647,0.608237,11.1013,0.4875
1364,-100,-110.0,40,5.0,7.5,-36.37,19.7255,-89,32.28,104.45,1.044777,0.657223,12.5871,0.4504
1362,-100,-110.0,40,5.0,6.5,-36.99,19.8402,-85,31.8,105.27,1.012049,0.617269,11.2278,0.5532
1367,-100,-110.0,40,5.0,9.0,-39.19,20.2472,-94,38.65,94.68,1.222822,0.853669,18.5795,0.3895
1365,-100,-110.0,40,5.0,8.0,-37.25,20.5069,-92,32.56,104.09,1.067039,0.588998,7.2388,0.5525
1366,-100,-110.0,40,5.0,8.5,-37.3,19.1141,-90,31.54,105.61,1.004721,0.567492,5.9531,0.5985
1368,-100,-110.0,40,5.0,9.5,-34.5,21.6934,-98,31.87,105.1,1.055203,0.625561,11.5898,0.5462
1369,-100,-110.0,40,5.0,10.0,-38.49,20.4974,-100,31.85,105.12,1.027949,0.620664,11.6517,0.4875
1370,-100,-110.0,40,5.0,10.5,-35.91,20.2097,-99,33.32,102.86,1.032038,0.654013,13.4361,0.4821
1371,-100,-110.0,40,5.0,11.0,-37.1,20.3025,-100,33.2,103.01,1.064861,0.605523,7.9405,0.5851
1372,-100,-110.0,40,5.0,11.5,-36.41,20.7363,-95,31.81,105.25,1.013423,0.72644,17.0606,0.3419
1375,-100,-110.0,40,5.0,13.0,-36.8,21.8409,-100,30.45,107.33,1.012398,0.596455,11.8442,0.5384
1373,-100,-110.0,40,5.0,12.0,-37.99,22.5954,-100,29.94,108.13,0.988697,0.585828,10.1064,0.555
1376,-100,-110.0,40,5.0,13.5,-36.54,22.5824,-100,30.51,107.22,0.961013,0.561051,7.8887,0.5844
1374,-100,-110.0,40,5.0,12.5,-37.47,21.3762,-100,34.08,101.69,1.093034,0.615159,8.0003,0.5222
1378,-100,-105.0,40,1.0,1.0,-86.32,3.8323,-95,36.83,97.49,1.131299,0.652968,10.3031,0.462
1377,-100,-110.0,40,5.0,14.0,-35.72,23.0029,-100,31.9,105.1,1.03413,0.607446,9.4953,0.5511
1379,-100,-105.0,40,1.0,1.5,-87.32,3.3032,-97,37.47,96.51,1.155866,0.699801,10.7933,0.4892
1380,-100,-105.0,40,1.0,2.0,-86.53,4.0466,-99,37.24,96.82,1.15228,0.668146,10.9552,0.4843
1381,-100,-105.0,40,1.0,2.5,-87.28,5.4219,-100,35.37,99.72,1.108724,0.628833,8.206,0.5234
1382,-100,-105.0,40,1.0,3.0,-87.74,4.4217,-100,40.44,91.89,1.251227,0.763111,13.2901,0.4213
1386,-100,-105.0,40,1.0,5.0,-86.68,6.1689,-100,37.56,96.35,1.131145,0.697391,12.0609,0.4618
1387,-100,-105.0,40,1.0,5.5,-87.36,6.2477,-100,37.45,96.57,1.143652,0.711012,14.0619,0.4893
1383,-100,-105.0,40,1.0,3.5,-86.65,5.377,-100,36.78,97.52,1.123127,0.652174,9.3329,0.5059
1385,-100,-105.0,40,1.0,4.5,-86.83,5.74,-100,37.05,97.12,1.145262,0.730914,13.7462,0.4493
1388,-100,-105.0,40,1.0,6.0,-88.01,6.8462,-100,36.38,98.21,1.143956,0.814055,19.5665,0.4054
1384,-100,-105.0,40,1.0,4.0,-87.4,5.4064,-100,35.04,100.24,1.089406,0.623142,10.0447,0.5074
1391,-100,-105.0,40,1.0,7.5,-87.24,8.1507,-100,43.41,87.3,1.318606,0.818278,12.938,0.372
1389,-100,-105.0,40,1.0,6.5,-87.12,7.3178,-100,38.99,94.16,1.200779,0.678259,6.1577,0.4517
1390,-100,-105.0,40,1.0,7.0,-87.01,7.3691,-100,36.78,97.53,1.127153,0.706955,13.0535,0.4253
1392,-100,-105.0,40,1.0,8.0,-87.5,8.1762,-100,39.47,93.38,1.227348,0.679132,9.6876,0.4768
1393,-100,-105.0,40,1.0,8.5,-86.08,8.8144,-100,39.07,94.0,1.194787,0.672385,8.7651,0.5054
1394,-100,-105.0,40,1.0,9.0,-86.15,9.0186,-100,40.92,91.15,1.283031,0.782653,13.4178,0.4167
1398,-100,-105.0,40,1.0,11.0,-85.61,10.3787,-100,40.27,92.17,1.230462,0.651121,6.3709,0.4942
1395,-100,-105.0,40,1.0,9.5,-87.07,9.2861,-100,40.29,92.11,1.254607,0.705572,10.8524,0.4699
1396,-100,-105.0,40,1.0,10.0,-86.8,9.6003,-100,44.28,85.97,1.398417,0.7652,9.6649,0.3736
1397,-100,-105.0,40,1.0,10.5,-86.52,10.0518,-100,36.14,98.58,1.138859,0.690131,13.405,0.4193
1400,-100,-105.0,40,1.0,12.0,-84.76,11.2555,-100,41.43,90.42,1.26162,0.728553,10.4383,0.4072
1399,-100,-105.0,40,1.0,11.5,-85.96,10.6565,-100,42.78,88.29,1.308,0.703503,8.5855,0.4355
1402,-100,-105.0,40,1.0,13.0,-85.6,11.8031,-100,41.0,90.99,1.252902,0.704169,11.1882,0.3749
1401,-100,-105.0,40,1.0,12.5,-86.29,11.0274,-100,42.97,88.01,1.340578,0.754406,11.2388,0.3633
1403,-100,-105.0,40,1.0,13.5,-84.97,12.0917,-100,44.26,86.03,1.385377,0.721953,8.4724,0.3834
1404,-100,-105.0,40,1.0,14.0,-85.08,12.3326,-100,42.61,88.56,1.314743,0.68663,9.4529,0.431
1405,-100,-105.0,40,1.25,1.0,-83.88,4.5791,-97,33.66,102.36,1.066245,0.598159,6.6825,0.5603
1406,-100,-105.0,40,1.25,1.5,-84.87,4.6574,-95,34.68,100.75,1.096808,0.631698,8.6886,0.4861
1409,-100,-105.0,40,1.25,3.0,-83.44,5.3671,-99,37.64,96.19,1.150641,0.734268,13.3864,0.4489
1407,-100,-105.0,40,1.25,2.0,-83.77,5.7038,-98,32.05,104.86,1.033312,0.585809,7.9936,0.5635
1408,-100,-105.0,40,1.25,2.5,-84.22,5.4229,-100,34.61,100.85,1.090568,0.673603,12.8124,0.435
1412,-100,-105.0,40,1.25,4.5,-83.76,6.0391,-100,36.01,98.73,1.150945,0.797089,17.4198,0.3523
1410,-100,-105.0,40,1.25,3.5,-83.64,5.6807,-100,33.25,102.98,1.034123,0.594018,7.2902,0.5613
1411,-100,-105.0,40,1.25,4.0,-84.27,6.4067,-100,34.46,101.15,1.080973,0.649314,10.4773,0.4769
1415,-100,-105.0,40,1.25,6.0,-83.35,7.7548,-100,35.65,99.3,1.131646,0.663593,9.8399,0.5065
1414,-100,-105.0,40,1.25,5.5,-83.92,7.1735,-100,35.27,99.85,1.140245,0.645505,9.5642,0.474
1413,-100,-105.0,40,1.25,5.0,-84.71,6.447,-100,33.03,103.31,1.034689,0.611668,8.9774,0.4822
1416,-100,-105.0,40,1.25,6.5,-84.37,7.761,-100,37.56,96.29,1.18057,0.684039,9.8068,0.4668
1417,-100,-105.0,40,1.25,7.0,-83.51,8.5723,-100,37.13,97.0,1.168816,0.670928,10.3456,0.5131
1418,-100,-105.0,40,1.25,7.5,-84.05,8.3976,-100,37.96,95.69,1.19341,0.734348,12.041,0.3687
1419,-100,-105.0,40,1.25,8.0,-83.59,9.0293,-100,41.54,90.2,1.297734,1.020909,20.7774,0.2907
1420,-100,-105.0,40,1.25,8.5,-83.1,9.378,-100,33.85,102.1,1.048111,0.588305,5.9575,0.5752
1421,-100,-105.0,40,1.25,9.0,-83.01,9.483,-100,35.99,98.77,1.114804,0.740448,13.3866,0.3219
1423,-100,-105.0,40,1.25,10.0,-83.74,10.3898,-100,38.0,95.68,1.177582,0.662242,9.0941,0.4629
1424,-100,-105.0,40,1.25,10.5,-82.85,11.0352,-100,38.94,94.19,1.16057,0.684052,10.9438,0.5125
1427,-100,-105.0,40,1.25,12.0,-82.9,11.6322,-100,43.93,86.5,1.377891,0.797913,12.9295,0.4054
1422,-100,-105.0,40,1.25,9.5,-83.71,9.9884,-100,35.01,100.3,1.085314,0.648611,10.7603,0.4444
1425,-100,-105.0,40,1.25,11.0,-83.43,11.0471,-100,38.16,95.47,1.180777,0.695809,11.3987,0.4058
1426,-100,-105.0,40,1.25,11.5,-83.26,11.3485,-100,39.43,93.46,1.22476,0.69327,9.2038,0.4798
1428,-100,-105.0,40,1.25,12.5,-82.11,12.3506,-100,38.24,95.29,1.170979,0.617208,5.8563,0.5449
1429,-100,-105.0,40,1.25,13.0,-82.93,12.37,-100,43.46,87.25,1.341302,0.754149,9.7083,0.4155
1430,-100,-105.0,40,1.25,13.5,-82.64,12.7357,-100,40.11,92.42,1.249718,0.747596,11.8007,0.4087
1431,-100,-105.0,40,1.25,14.0,-81.85,13.4472,-100,41.92,89.63,1.297402,0.720472,9.7912,0.3845
1434,-100,-105.0,40,1.5,2.0,-81.83,6.3315,-98,39.21,93.84,1.212732,0.98567,23.513,0.3314
1437,-100,-105.0,40,1.5,3.5,-79.69,7.522,-100,33.77,102.21,1.061682,0.650042,11.6616,0.52
1435,-100,-105.0,40,1.5,2.5,-80.65,6.1192,-99,35.43,99.66,1.073572,0.688396,12.7658,0.4859
1432,-100,-105.0,40,1.5,1.0,-80.21,6.0468,-93,34.69,100.78,1.101149,0.66215,11.2382,0.5136
1433,-100,-105.0,40,1.5,1.5,-80.49,5.8478,-94,35.92,98.87,1.12102,0.712768,14.7581,0.4211
1439,-100,-105.0,40,1.5,4.5,-80.73,6.9343,-100,33.29,102.93,1.049072,0.633891,10.0042,0.436
1436,-100,-105.0,40,1.5,3.0,-81.12,6.8046,-100,33.15,103.15,1.048945,0.598941,6.5536,0.5581
1438,-100,-105.0,40,1.5,4.0,-79.77,6.5792,-100,33.83,102.14,1.073295,0.611325,7.7541,0.4795
1440,-100,-105.0,40,1.5,5.0,-81.51,7.2369,-100,37.32,96.73,1.161008,0.731023,13.7233,0.4536
1441,-100,-105.0,40,1.5,5.5,-81.05,7.5232,-100,34.87,100.57,1.073172,0.658033,10.4347,0.4078
1442,-100,-105.0,40,1.5,6.0,-80.19,8.2035,-100,33.99,101.85,1.067018,0.622333,9.4492,0.5064
1443,-100,-105.0,40,1.5,6.5,-80.2,8.4657,-100,38.39,95.06,1.160152,0.715318,12.0071,0.4406
1444,-100,-105.0,40,1.5,7.0,-80.47,8.6649,-100,35.46,99.59,1.10243,0.629471,6.1473,0.5082
1449,-100,-105.0,40,1.5,9.5,-80.46,10.5698,-100,43.05,87.87,1.341386,0.851349,14.6345,0.391
1445,-100,-105.0,40,1.5,7.5,-80.92,8.6106,-100,42.43,88.83,1.325827,0.780987,13.2705,0.4222
1448,-100,-105.0,40,1.5,9.0,-81.03,10.6474,-100,36.21,98.46,1.093001,0.660073,9.2294,0.4968
1451,-100,-105.0,40,1.5,10.5,-80.49,11.3377,-100,39.56,93.27,1.226716,0.826949,17.5959,0.4235
1446,-100,-105.0,40,1.5,8.0,-80.65,9.4478,-100,38.2,95.34,1.174699,0.678983,9.8215,0.4982
1447,-100,-105.0,40,1.5,8.5,-79.93,9.8172,-100,34.08,101.76,1.06741,0.713016,15.2396,0.4494
1450,-100,-105.0,40,1.5,10.0,-81.15,11.1503,-100,40.12,92.39,1.274858,0.779768,12.8947,0.3817
1452,-100,-105.0,40,1.5,11.0,-80.45,11.722,-100,37.38,96.64,1.160282,0.648579,5.827,0.5585
1453,-100,-105.0,40,1.5,11.5,-80.18,12.3416,-100,38.04,95.62,1.162925,0.691205,12.0832,0.4295
1454,-100,-105.0,40,1.5,12.0,-80.13,12.5182,-100,39.05,94.03,1.1942,0.702501,10.5301,0.4758
1455,-100,-105.0,40,1.5,12.5,-80.08,12.8323,-100,40.09,92.38,1.232453,0.770198,13.8466,0.4223
1456,-100,-105.0,40,1.5,13.0,-79.71,13.1347,-100,38.32,95.18,1.205401,0.70333,10.5875,0.4074
1458,-100,-105.0,40,1.5,14.0,-79.56,14.0049,-100,36.0,98.81,1.124806,0.639015,11.2924,0.4524
1457,-100,-105.0,40,1.5,13.5,-79.97,13.3806,-100,35.6,99.37,1.105585,0.622105,8.7622,0.5178
1460,-100,-105.0,40,1.75,1.5,-77.18,7.1701,-92,34.29,101.4,1.084686,0.625668,9.2588,0.5197
1462,-100,-105.0,40,1.75,2.5,-77.17,7.0057,-94,33.88,102.06,1.084149,0.703578,15.0084,0.4191
1461,-100,-105.0,40,1.75,2.0,-78.14,6.3928,-94,34.47,101.13,1.099584,0.689447,13.3699,0.5139
1459,-100,-105.0,40,1.75,1.0,-77.64,6.1807,-90,35.91,98.88,1.127817,0.661722,10.4021,0.5118
1463,-100,-105.0,40,1.75,3.0,-77.92,7.023,-97,32.93,103.49,1.023414,0.59785,7.9593,0.5128
1464,-100,-105.0,40,1.75,3.5,-77.3,6.4955,-99,33.58,102.48,1.077358,0.640806,9.5586,0.5061
1465,-100,-105.0,40,1.75,4.0,-77.69,7.4167,-100,35.72,99.17,1.139337,0.729702,13.7917,0.3899
1466,-100,-105.0,40,1.75,4.5,-78.38,7.532,-100,35.44,99.6,1.106891,0.645356,9.5595,0.4805
1467,-100,-105.0,40,1.75,5.0,-76.18,8.6945,-100,33.7,102.32,1.084755,0.604322,5.5205,0.5801
1469,-100,-105.0,40,1.75,6.0,-78.44,8.5734,-100,36.24,98.36,1.129472,0.673724,8.7946,0.5188
1468,-100,-105.0,40,1.75,5.5,-78.2,8.8097,-100,33.69,102.35,1.07807,0.640144,10.2819,0.5013
1470,-100,-105.0,40,1.75,6.5,-77.64,9.1117,-100,35.12,100.12,1.107184,0.709621,14.1983,0.4143
1471,-100,-105.0,40,1.75,7.0,-78.03,9.4829,-100,34.33,101.32,1.078723,0.638065,10.0416,0.513
1473,-100,-105.0,40,1.75,8.0,-77.67,10.186,-100,35.89,98.88,1.098395,0.594126,5.9753,0.554
1472,-100,-105.0,40,1.75,7.5,-77.76,9.551,-100,36.79,97.54,1.14145,0.654414,9.6586,0.4624
1475,-100,-105.0,40,1.75,9.0,-76.87,11.0707,-100,37.76,96.05,1.182881,0.662792,6.92,0.5308
1474,-100,-105.0,40,1.75,8.5,-77.15,10.7098,-100,38.29,95.23,1.203454,0.718467,10.5341,0.464
1476,-100,-105.0,40,1.75,9.5,-78.06,10.9497,-100,35.97,98.79,1.149544,0.691759,12.5043,0.4374
1477,-100,-105.0,40,1.75,10.0,-77.6,11.9732,-100,35.21,99.95,1.095951,0.599881,7.0253,0.5048
1478,-100,-105.0,40,1.75,10.5,-77.99,11.88,-100,39.33,93.64,1.202108,0.746976,12.6749,0.4369
1479,-100,-105.0,40,1.75,11.0,-77.82,12.7331,-100,36.64,97.79,1.138005,0.673876,10.2234,0.4902
1480,-100,-105.0,40,1.75,11.5,-76.76,12.5054,-100,35.49,99.52,1.103123,0.652024,9.5419,0.4831
1482,-100,-105.0,40,1.75,12.5,-77.32,13.2723,-100,36.25,98.38,1.148737,0.661729,7.4344,0.5251
1481,-100,-105.0,40,1.75,12.0,-76.4,13.2684,-100,35.98,98.77,1.098272,0.642042,9.5882,0.5023
1483,-100,-105.0,40,1.75,13.0,-76.03,13.8618,-100,37.19,96.89,1.130512,0.675228,10.2555,0.5002
1485,-100,-105.0,40,1.75,14.0,-77.19,14.6975,-100,40.32,92.11,1.211808,0.756414,13.4285,0.4383
1484,-100,-105.0,40,1.75,13.5,-76.68,14.1393,-100,39.04,94.06,1.189411,0.672049,8.9183,0.5001
1487,-100,-105.0,40,2.0,1.5,-74.59,7.4567,-90,35.28,99.86,1.128841,0.705263,15.1626,0.4333
1486,-100,-105.0,40,2.0,1.0,-73.99,7.6586,-88,35.17,100.04,1.121785,0.724808,14.324,0.4123
1488,-100,-105.0,40,2.0,2.0,-73.54,8.1389,-92,34.26,101.44,1.087552,0.684096,12.4733,0.4331
1489,-100,-105.0,40,2.0,2.5,-74.42,6.8647,-95,33.72,102.23,1.064867,0.705147,13.0527,0.4183
1490,-100,-105.0,40,2.0,3.0,-75.46,7.9648,-100,34.92,100.43,1.102607,0.655595,9.8294,0.4726
1491,-100,-105.0,40,2.0,3.5,-75.07,8.304,-96,34.56,100.96,1.081656,0.597221,7.1377,0.5175
1493,-100,-105.0,40,2.0,4.5,-74.2,8.6719,-100,36.14,98.56,1.141193,0.630189,6.3695,0.5544
1492,-100,-105.0,40,2.0,4.0,-74.49,8.3802,-99,32.13,104.76,1.034831,0.620064,10.2031,0.4805
1494,-100,-105.0,40,2.0,5.0,-75.33,8.8446,-100,33.94,101.93,1.087378,0.685854,12.5739,0.4769
1496,-100,-105.0,40,2.0,6.0,-74.21,10.433,-100,37.15,96.99,1.171065,0.758878,15.2692,0.4328
1495,-100,-105.0,40,2.0,5.5,-74.8,9.2149,-100,30.83,106.73,0.99079,0.587213,8.2442,0.5687
1497,-100,-105.0,40,2.0,6.5,-74.64,10.2493,-100,32.24,104.56,1.019338,0.620083,10.1565,0.5068
1498,-100,-105.0,40,2.0,7.0,-74.53,9.8506,-100,35.61,99.4,1.123852,0.631,5.7823,0.5251
1499,-100,-105.0,40,2.0,7.5,-74.13,10.6524,-100,33.72,102.31,1.088748,0.608191,8.945,0.5052
1500,-100,-105.0,40,2.0,8.0,-75.03,10.2311,-100,33.23,103.07,1.024441,0.657925,10.978,0.5217
1501,-100,-105.0,40,2.0,8.5,-75.07,11.0489,-100,33.7,102.29,1.035326,0.618595,9.9177,0.4779
1502,-100,-105.0,40,2.0,9.0,-73.54,12.0178,-100,35.09,100.18,1.08486,0.653947,10.5366,0.4284
1503,-100,-105.0,40,2.0,9.5,-73.53,11.9754,-100,41.81,89.78,1.258568,0.809136,13.4605,0.4321
1505,-100,-105.0,40,2.0,10.5,-73.83,12.184,-100,34.86,100.51,1.11684,0.682615,12.1847,0.4586
1504,-100,-105.0,40,2.0,10.0,-74.22,12.3967,-100,33.43,102.75,1.05974,0.624184,9.5918,0.5358
1506,-100,-105.0,40,2.0,11.0,-74.38,12.7432,-100,33.5,102.6,1.078683,0.621634,7.781,0.5305
1507,-100,-105.0,40,2.0,11.5,-75.52,13.2347,-100,38.0,95.7,1.192924,0.75167,13.0856,0.3928
1508,-100,-105.0,40,2.0,12.0,-74.36,13.5452,-100,34.18,101.55,1.046332,0.601087,9.0142,0.5089
1509,-100,-105.0,40,2.0,12.5,-74.15,13.7405,-100,33.73,102.24,1.059866,0.610595,8.4163,0.4885
1510,-100,-105.0,40,2.0,13.0,-73.72,14.566,-100,36.68,97.68,1.155165,0.675548,9.622,0.4907
1511,-100,-105.0,40,2.0,13.5,-74.47,14.7912,-100,36.18,98.42,1.130021,0.615198,5.7093,0.5655
1512,-100,-105.0,40,2.0,14.0,-74.16,14.847,-100,37.29,96.78,1.147732,0.697755,10.2445,0.4521
1513,-100,-105.0,40,2.25,1.0,-71.16,8.1098,-86,31.45,105.76,1.016224,0.633555,11.3405,0.529
1514,-100,-105.0,40,2.25,1.5,-72.06,7.7118,-87,33.5,102.6,1.081504,0.669164,12.5181,0.4824
1515,-100,-105.0,40,2.25,2.0,-71.66,7.6808,-88,35.47,99.58,1.087969,0.634604,8.5642,0.4965
1518,-100,-105.0,40,2.25,3.5,-71.06,9.8268,-97,32.86,103.61,1.064675,0.661942,12.7685,0.4404
1519,-100,-105.0,40,2.25,4.0,-69.91,8.6142,-96,36.79,97.49,1.146969,0.89576,22.2659,0.3984
1517,-100,-105.0,40,2.25,3.0,-71.06,8.1898,-93,31.28,106.04,0.987952,0.582341,8.5805,0.5385
1516,-100,-105.0,40,2.25,2.5,-71.74,7.9711,-92,35.26,99.93,1.110796,0.614687,5.389,0.5591
1521,-100,-105.0,40,2.25,5.0,-72.36,10.2697,-100,36.34,98.28,1.156417,0.696998,12.8111,0.3946
1520,-100,-105.0,40,2.25,4.5,-71.52,9.2786,-100,31.71,105.37,1.010613,0.598437,7.9611,0.4979
1522,-100,-105.0,40,2.25,5.5,-71.63,10.4936,-100,32.6,103.99,1.046266,0.637467,10.8204,0.4612
1523,-100,-105.0,40,2.25,6.0,-71.44,10.0052,-100,34.36,101.3,1.060907,0.688991,13.4979,0.3978
1524,-100,-105.0,40,2.25,6.5,-72.07,9.9809,-100,32.14,104.71,1.012466,0.616007,10.5042,0.4463
1525,-100,-105.0,40,2.25,7.0,-71.86,10.8214,-100,31.88,105.12,1.007026,0.580272,6.8853,0.5638
1526,-100,-105.0,40,2.25,7.5,-72.05,11.6078,-100,34.62,100.87,1.096209,0.713211,14.6605,0.4436
1527,-100,-105.0,40,2.25,8.0,-72.22,11.2457,-100,39.86,92.77,1.251643,0.892511,18.7287,0.3728
1528,-100,-105.0,40,2.25,8.5,-71.77,11.2275,-100,36.33,98.24,1.146164,0.733086,14.1177,0.4445
1530,-100,-105.0,40,2.25,9.5,-70.85,12.5007,-100,32.91,103.54,1.017344,0.599633,7.5208,0.5456
1529,-100,-105.0,40,2.25,9.0,-70.93,11.6569,-100,33.28,102.95,1.053826,0.589266,8.7151,0.4994
1531,-100,-105.0,40,2.25,10.0,-71.02,12.4405,-100,36.98,97.21,1.130736,0.659118,9.489,0.5007
1532,-100,-105.0,40,2.25,10.5,-71.38,13.0205,-100,35.56,99.43,1.118241,0.63265,7.6859,0.4767
1534,-100,-105.0,40,2.25,11.5,-71.65,14.187,-100,37.89,95.82,1.156176,0.675474,10.9234,0.4924
1533,-100,-105.0,40,2.25,11.0,-72.23,12.9952,-100,33.83,102.08,1.031538,0.64209,12.0927,0.4985
1535,-100,-105.0,40,2.25,12.0,-71.53,14.0398,-100,35.01,100.33,1.049147,0.614911,9.0491,0.5278
1536,-100,-105.0,40,2.25,12.5,-71.54,14.3861,-100,34.23,101.51,1.043943,0.66333,13.2946,0.4783
1537,-100,-105.0,40,2.25,13.0,-70.02,14.9977,-100,36.96,97.28,1.169096,0.728225,13.7908,0.3817
1538,-100,-105.0,40,2.25,13.5,-70.97,16.0612,-100,34.46,101.13,1.075319,0.666964,12.9894,0.425
1539,-100,-105.0,40,2.25,14.0,-71.4,15.8203,-100,35.9,98.92,1.115098,0.684148,12.0046,0.4362
1540,-100,-105.0,40,2.5,1.0,-68.41,8.6821,-86,32.63,103.95,1.047977,0.594767,7.2433,0.569
1541,-100,-105.0,40,2.5,1.5,-68.34,9.6755,-87,32.1,104.78,1.023349,0.597929,8.3088,0.5727
1543,-100,-105.0,40,2.5,2.5,-68.16,10.0489,-91,35.94,98.86,1.148703,0.682124,11.277,0.4668
1542,-100,-105.0,40,2.5,2.0,-68.84,9.2271,-88,32.75,103.79,1.043363,0.606222,10.2435,0.5181
1546,-100,-105.0,40,2.5,4.0,-67.75,10.1334,-95,34.86,100.49,1.090002,0.707584,13.2473,0.4215
1545,-100,-105.0,40,2.5,3.5,-68.36,9.3178,-92,33.05,103.32,1.086959,0.626128,9.6436,0.5059
1544,-100,-105.0,40,2.5,3.0,-68.69,9.3129,-91,30.43,107.36,0.967628,0.608754,11.5464,0.4831
1547,-100,-105.0,40,2.5,4.5,-68.34,9.9573,-98,35.2,100.04,1.111231,0.771326,16.7926,0.3965
1548,-100,-105.0,40,2.5,5.0,-68.21,10.3871,-98,33.0,103.37,1.039143,0.602821,8.352,0.5381
1549,-100,-105.0,40,2.5,5.5,-68.57,9.7552,-100,31.14,106.26,0.994143,0.622113,11.4535,0.4911
1550,-100,-105.0,40,2.5,6.0,-67.22,10.7089,-100,31.02,106.47,0.997734,0.603289,10.7833,0.4511
1551,-100,-105.0,40,2.5,6.5,-67.95,11.1138,-100,34.54,101.03,1.073381,0.652628,9.3241,0.5069
1552,-100,-105.0,40,2.5,7.0,-69.62,12.0771,-100,36.37,98.18,1.149336,0.761287,14.3715,0.3724
1554,-100,-105.0,40,2.5,8.0,-67.71,12.6052,-100,32.75,103.74,1.042699,0.620403,9.6552,0.4988
1553,-100,-105.0,40,2.5,7.5,-68.31,11.6549,-100,32.21,104.6,1.018084,0.611886,9.743,0.5331
1555,-100,-105.0,40,2.5,8.5,-68.11,12.333,-100,35.44,99.59,1.118062,0.624413,6.7808,0.554
1556,-100,-105.0,40,2.5,9.0,-67.22,12.9414,-100,33.01,103.36,1.030714,0.64102,11.9837,0.4357
1557,-100,-105.0,40,2.5,9.5,-67.39,13.3576,-100,35.69,99.23,1.110147,0.665509,11.3551,0.4699
1558,-100,-105.0,40,2.5,10.0,-69.52,13.9759,-100,34.97,100.29,1.113278,0.688465,12.4397,0.4115
1559,-100,-105.0,40,2.5,10.5,-67.28,13.602,-100,35.32,99.79,1.097508,0.666906,10.1877,0.4814
1560,-100,-105.0,40,2.5,11.0,-67.32,14.117,-100,35.89,98.98,1.128696,0.599471,3.4191,0.5894
1561,-100,-105.0,40,2.5,11.5,-67.71,14.6487,-100,34.84,100.57,1.100984,0.640879,10.2531,0.5099
1563,-100,-105.0,40,2.5,12.5,-68.16,14.8121,-100,34.11,101.7,1.088872,0.615233,8.9746,0.5322
1562,-100,-105.0,40,2.5,12.0,-68.03,14.7041,-100,36.37,98.16,1.150863,0.636793,5.8798,0.5241
1564,-100,-105.0,40,2.5,13.0,-69.23,15.6034,-100,37.83,95.98,1.171823,0.673201,9.4073,0.5137
1565,-100,-105.0,40,2.5,13.5,-68.16,16.1778,-100,35.06,100.23,1.1075,0.650849,10.1168,0.4415
1566,-100,-105.0,40,2.5,14.0,-68.2,16.7183,-100,36.08,98.63,1.152101,0.672466,10.8802,0.4899
1567,-100,-105.0,40,2.75,1.0,-64.13,9.7378,-83,36.5,98.01,1.12625,0.65365,9.9156,0.4926
1568,-100,-105.0,40,2.75,1.5,-65.77,8.9409,-83,34.22,101.49,1.063451,0.649991,10.1053,0.4591
1570,-100,-105.0,40,2.75,2.5,-65.23,10.3086,-92,34.18,101.58,1.064864,0.663797,12.5842,0.4627
1569,-100,-105.0,40,2.75,2.0,-65.93,10.2333,-87,32.26,104.57,1.010728,0.587303,8.7116,0.5763
1571,-100,-105.0,40,2.75,3.0,-64.75,10.5665,-93,31.39,105.91,1.002882,0.608717,11.2219,0.4812
1572,-100,-105.0,40,2.75,3.5,-65.59,10.4622,-91,31.0,106.48,0.954783,0.584263,10.2376,0.5329
1573,-100,-105.0,40,2.75,4.0,-64.58,10.6134,-91,34.96,100.35,1.132329,0.672093,12.0555,0.4348
1575,-100,-105.0,40,2.75,5.0,-65.9,10.3122,-93,33.25,102.99,1.057684,0.601152,7.66,0.5749
1574,-100,-105.0,40,2.75,4.5,-63.63,10.4719,-94,30.13,107.76,0.919296,0.584823,12.4123,0.4613
1576,-100,-105.0,40,2.75,5.5,-66.83,10.8666,-100,34.17,101.6,1.09371,0.659701,10.642,0.5226
1577,-100,-105.0,40,2.75,6.0,-65.37,11.6583,-100,33.14,103.16,1.071426,0.63498,11.3335,0.5333
1578,-100,-105.0,40,2.75,6.5,-65.39,12.0797,-100,34.87,100.5,1.109344,0.753443,16.9228,0.4287
1579,-100,-105.0,40,2.75,7.0,-64.32,12.0147,-100,35.1,100.24,1.119345,0.668764,10.1007,0.5035
1581,-100,-105.0,40,2.75,8.0,-66.17,12.2621,-100,34.97,100.31,1.126311,0.753655,15.9035,0.3895
1580,-100,-105.0,40,2.75,7.5,-64.8,12.2657,-100,33.79,102.16,1.079411,0.640837,11.0483,0.4741
1582,-100,-105.0,40,2.75,8.5,-64.81,12.26,-100,36.09,98.6,1.142114,0.740282,14.1999,0.4497
1583,-100,-105.0,40,2.75,9.0,-65.37,13.2446,-100,34.88,100.45,1.104121,0.667882,10.65,0.4989
1584,-100,-105.0,40,2.75,9.5,-64.88,14.2002,-100,32.46,104.21,1.049935,0.654495,12.1052,0.4565
1585,-100,-105.0,40,2.75,10.0,-65.58,14.1474,-100,32.99,103.38,1.026117,0.628149,9.8156,0.4907
1586,-100,-105.0,40,2.75,10.5,-66.39,14.3849,-100,32.15,104.71,1.030508,0.652909,12.3463,0.4472
1587,-100,-105.0,40,2.75,11.0,-64.44,14.7014,-100,33.89,102.03,1.07564,0.696498,13.917,0.4038
1588,-100,-105.0,40,2.75,11.5,-65.04,14.6508,-100,35.13,100.1,1.115606,0.641145,7.9805,0.4883
1589,-100,-105.0,40,2.75,12.0,-65.89,15.1334,-100,33.66,102.44,1.07228,0.61199,8.4368,0.5771
1590,-100,-105.0,40,2.75,12.5,-63.83,15.5632,-100,34.81,100.59,1.0849,0.67045,11.7477,0.4802
1591,-100,-105.0,40,2.75,13.0,-66.25,15.6326,-100,33.84,102.07,1.088032,0.648773,10.5478,0.4607
1593,-100,-105.0,40,2.75,14.0,-63.58,17.1022,-100,37.76,96.0,1.186718,0.787016,15.0277,0.3323
1592,-100,-105.0,40,2.75,13.5,-64.6,16.9641,-100,33.63,102.35,1.069578,0.647614,11.4066,0.4989
1594,-100,-105.0,40,3.0,1.0,-62.56,10.4857,-81,33.98,101.89,1.076921,0.686229,13.2426,0.4261
1595,-100,-105.0,40,3.0,1.5,-60.96,11.5782,-83,34.2,101.55,1.069285,0.684753,11.1905,0.455
1596,-100,-105.0,40,3.0,2.0,-62.55,10.6098,-83,34.48,101.09,1.101191,0.687869,12.5353,0.497
1597,-100,-105.0,40,3.0,2.5,-60.99,11.5034,-85,32.35,104.37,1.004614,0.592334,8.9302,0.4968
1599,-100,-105.0,40,3.0,3.5,-61.81,10.7755,-88,30.95,106.53,0.976085,0.576658,8.2485,0.5556
1598,-100,-105.0,40,3.0,3.0,-61.74,11.3478,-87,34.19,101.58,1.092231,0.68992,13.0594,0.4797
1600,-100,-105.0,40,3.0,4.0,-62.81,11.6071,-95,29.34,108.96,0.938813,0.595889,12.3829,0.4813
1601,-100,-105.0,40,3.0,4.5,-63.3,10.8894,-93,34.53,100.99,1.106298,0.745246,15.2892,0.4113
1602,-100,-105.0,40,3.0,5.0,-61.94,11.5706,-95,31.3,106.01,0.983437,0.626067,11.4257,0.56
1603,-100,-105.0,40,3.0,5.5,-61.75,12.1822,-97,31.4,105.86,1.013878,0.59529,10.7635,0.5366
1604,-100,-105.0,40,3.0,6.0,-61.33,12.498,-98,32.57,104.02,1.036208,0.585576,5.428,0.5636
1605,-100,-105.0,40,3.0,6.5,-61.13,12.6775,-100,30.54,107.12,0.982805,0.586283,9.4087,0.5046
1606,-100,-105.0,40,3.0,7.0,-63.04,13.0247,-100,33.44,102.71,1.032902,0.617335,10.3139,0.5308
1607,-100,-105.0,40,3.0,7.5,-61.6,13.3274,-100,33.51,102.58,1.084325,0.696881,15.2155,0.4645
1608,-100,-105.0,40,3.0,8.0,-63.1,12.7679,-100,36.02,98.76,1.124294,0.657023,9.365,0.4863
1609,-100,-105.0,40,3.0,8.5,-61.3,13.5599,-100,34.07,101.72,1.07841,0.603795,5.924,0.5847
1611,-100,-105.0,40,3.0,9.5,-62.11,14.048,-100,35.12,100.1,1.102449,0.754847,16.992,0.3933
1610,-100,-105.0,40,3.0,9.0,-61.82,13.9707,-100,32.74,103.76,1.037068,0.605535,9.4799,0.5012
1614,-100,-105.0,40,3.0,11.0,-60.98,14.9713,-100,32.7,103.85,1.031318,0.638782,12.5343,0.5261
1612,-100,-105.0,40,3.0,10.0,-61.55,14.6691,-100,35.67,99.27,1.113233,0.680544,11.9886,0.4736
1613,-100,-105.0,40,3.0,10.5,-61.09,15.4129,-100,33.93,101.94,1.037499,0.577021,8.3467,0.5468
1615,-100,-105.0,40,3.0,11.5,-61.79,14.9644,-100,33.93,101.93,1.084779,0.694695,13.942,0.5171
1616,-100,-105.0,40,3.0,12.0,-61.57,16.1391,-100,35.6,99.38,1.146066,0.675141,11.2223,0.5009
1618,-100,-105.0,40,3.0,13.0,-61.66,16.3443,-100,34.63,100.86,1.098928,0.773772,17.1811,0.336
1617,-100,-105.0,40,3.0,12.5,-61.69,16.7265,-100,33.48,102.62,1.064229,0.60289,6.6529,0.6012
1619,-100,-105.0,40,3.0,13.5,-60.53,17.1929,-100,30.47,107.3,0.974973,0.592839,9.5371,0.5253
1620,-100,-105.0,40,3.0,14.0,-62.16,18.4903,-100,36.45,98.04,1.121236,0.698989,12.5968,0.4828
1621,-100,-105.0,40,3.25,1.0,-59.19,10.1911,-76,33.71,102.3,1.068706,0.637574,10.0906,0.4538
1622,-100,-105.0,40,3.25,1.5,-58.02,11.8639,-80,31.48,105.76,0.997507,0.596779,9.265,0.5359
1623,-100,-105.0,40,3.25,2.0,-59.81,11.6705,-84,30.79,106.77,0.995409,0.623264,10.5453,0.486
1625,-100,-105.0,40,3.25,3.0,-58.92,11.931,-87,33.71,102.28,1.096943,0.646465,10.395,0.5014
1626,-100,-105.0,40,3.25,3.5,-57.36,12.9397,-87,35.06,100.21,1.120279,0.776253,17.9602,0.4301
1624,-100,-105.0,40,3.25,2.5,-57.62,12.0083,-82,30.76,106.82,1.017459,0.654747,14.3242,0.49
1627,-100,-105.0,40,3.25,4.0,-58.4,12.3964,-89,31.6,105.53,1.008241,0.590468,9.6986,0.5344
1628,-100,-105.0,40,3.25,4.5,-58.5,11.6731,-89,33.21,103.13,1.085354,0.69138,14.0071,0.3968
1629,-100,-105.0,40,3.25,5.0,-58.99,12.9597,-92,32.67,103.83,1.057736,0.636179,11.374,0.4833
1630,-100,-105.0,40,3.25,5.5,-59.22,12.3766,-93,34.03,101.79,1.068875,0.607284,7.1895,0.5308
1632,-100,-105.0,40,3.25,6.5,-58.12,14.2638,-100,33.7,102.32,1.051684,0.663667,13.0817,0.4934
1631,-100,-105.0,40,3.25,6.0,-58.1,13.5975,-96,30.3,107.57,0.935367,0.615317,13.3681,0.4585
1633,-100,-105.0,40,3.25,7.0,-58.58,13.3355,-100,37.02,97.21,1.174757,0.718244,14.5008,0.4319
1634,-100,-105.0,40,3.25,7.5,-58.97,13.9161,-100,33.38,102.76,1.086242,0.618928,7.5432,0.5384
1635,-100,-105.0,40,3.25,8.0,-57.88,14.4322,-100,33.1,103.23,1.071822,0.627507,9.8379,0.4881
1636,-100,-105.0,40,3.25,8.5,-58.76,14.2792,-100,35.19,100.06,1.069096,0.703947,14.5156,0.3944
1639,-100,-105.0,40,3.25,10.0,-59.21,15.5965,-100,35.82,99.0,1.127062,0.734216,14.6422,0.384
1637,-100,-105.0,40,3.25,9.0,-59.53,14.4219,-100,35.08,100.17,1.103233,0.652456,10.2971,0.4455
1638,-100,-105.0,40,3.25,9.5,-58.76,14.6484,-100,31.49,105.73,0.99712,0.611525,10.996,0.4941
1640,-100,-105.0,40,3.25,10.5,-60.89,15.4523,-100,33.0,103.37,1.036832,0.650756,13.2516,0.4493
1641,-100,-105.0,40,3.25,11.0,-58.35,16.2633,-100,34.58,100.95,1.103574,0.654306,10.4342,0.462
1642,-100,-105.0,40,3.25,11.5,-59.79,16.9324,-100,32.72,103.83,1.056092,0.642712,11.4968,0.4482
1643,-100,-105.0,40,3.25,12.0,-58.25,16.3633,-100,34.99,100.29,1.122581,0.658735,10.5963,0.4934
1644,-100,-105.0,40,3.25,12.5,-58.64,17.4429,-100,32.9,103.53,1.038734,0.579744,7.1328,0.5784
1645,-100,-105.0,40,3.25,13.0,-59.93,17.1501,-100,35.47,99.61,1.083778,0.705324,13.6855,0.4565
1646,-100,-105.0,40,3.25,13.5,-58.99,17.8571,-100,34.27,101.41,1.100222,0.642556,9.4683,0.5035
1647,-100,-105.0,40,3.25,14.0,-58.44,18.6119,-100,34.48,101.12,1.097033,0.63696,8.6622,0.4496
1648,-100,-105.0,40,3.5,1.0,-56.14,12.2128,-77,33.53,102.57,1.0514,0.650835,11.7624,0.4909
1649,-100,-105.0,40,3.5,1.5,-54.94,12.4633,-76,34.91,100.41,1.111484,0.77926,17.6096,0.3708
1650,-100,-105.0,40,3.5,2.0,-55.12,11.8279,-79,31.95,104.98,1.023211,0.605116,10.5951,0.524
1651,-100,-105.0,40,3.5,2.5,-55.25,12.9255,-80,32.85,103.59,1.039586,0.610767,10.5104,0.4964
1653,-100,-105.0,40,3.5,3.5,-56.02,13.2625,-91,32.68,103.91,1.046812,0.610472,10.2362,0.4839
1652,-100,-105.0,40,3.5,3.0,-55.41,13.297,-85,30.23,107.66,1.006062,0.566989,8.5723,0.538
1654,-100,-105.0,40,3.5,4.0,-57.02,13.4206,-89,32.48,104.18,1.050178,0.587206,7.5645,0.5287
1655,-100,-105.0,40,3.5,4.5,-55.98,13.451,-87,34.07,101.74,1.075678,0.670782,12.7044,0.4649
1656,-100,-105.0,40,3.5,5.0,-55.84,13.8191,-93,30.98,106.47,1.015253,0.627287,11.5159,0.5191
1657,-100,-105.0,40,3.5,5.5,-55.77,13.2857,-88,35.11,100.13,1.104834,0.618889,6.1956,0.5612
1658,-100,-105.0,40,3.5,6.0,-55.27,14.3132,-96,36.59,97.82,1.141905,0.634889,7.3312,0.517
1659,-100,-105.0,40,3.5,6.5,-57.92,13.5647,-97,34.4,101.24,1.104472,0.754865,16.5141,0.3921
1660,-100,-105.0,40,3.5,7.0,-55.08,14.4481,-100,31.43,105.8,1.012814,0.603889,8.7775,0.4751
1661,-100,-105.0,40,3.5,7.5,-55.3,15.1764,-100,33.59,102.41,1.077575,0.687418,12.6534,0.3781
1662,-100,-105.0,40,3.5,8.0,-56.34,14.824,-99,32.33,104.42,1.042036,0.570146,6.1783,0.5864
1663,-100,-105.0,40,3.5,8.5,-55.94,15.5985,-100,32.1,104.74,1.035821,0.591644,8.0162,0.5667
1664,-100,-105.0,40,3.5,9.0,-56.41,14.9377,-100,31.24,106.12,1.014378,0.646947,13.2664,0.4604
1665,-100,-105.0,40,3.5,9.5,-56.21,15.5953,-100,32.25,104.52,1.028507,0.614779,8.5971,0.5397
1666,-100,-105.0,40,3.5,10.0,-57.12,16.0733,-100,33.46,102.66,1.076624,0.660119,11.6632,0.5387
1667,-100,-105.0,40,3.5,10.5,-54.45,16.3848,-100,34.36,101.26,1.108747,0.713985,14.1191,0.3941
1668,-100,-105.0,40,3.5,11.0,-55.7,15.9277,-100,32.75,103.78,1.031134,0.618912,10.0483,0.4701
1669,-100,-105.0,40,3.5,11.5,-55.8,17.5373,-100,33.26,102.97,1.024464,0.616089,11.0637,0.5302
1670,-100,-105.0,40,3.5,12.0,-56.19,17.2796,-100,33.15,103.14,1.046955,0.644433,11.9165,0.4737
1671,-100,-105.0,40,3.5,12.5,-56.16,17.8689,-100,33.43,102.76,1.072175,0.582407,5.3885,0.546
1672,-100,-105.0,40,3.5,13.0,-54.96,17.7196,-100,35.48,99.55,1.110979,0.726246,14.8465,0.448
1674,-100,-105.0,40,3.5,14.0,-53.98,19.2038,-100,34.63,100.9,1.098748,0.63706,9.8727,0.4601
1673,-100,-105.0,40,3.5,13.5,-56.02,18.3109,-100,32.62,103.95,1.041938,0.580628,5.6254,0.5771
1675,-100,-105.0,40,3.75,1.0,-51.74,13.7086,-74,32.88,103.55,1.028152,0.694463,13.8571,0.4114
1676,-100,-105.0,40,3.75,1.5,-52.12,13.1226,-74,32.72,103.82,1.027876,0.614848,8.9868,0.5192
1677,-100,-105.0,40,3.75,2.0,-53.11,14.1338,-78,31.41,105.85,0.982239,0.628413,11.7499,0.468
1678,-100,-105.0,40,3.75,2.5,-54.09,12.5318,-78,32.36,104.38,1.019176,0.611156,10.8763,0.5009
1679,-100,-105.0,40,3.75,3.0,-51.61,13.733,-82,32.28,104.47,1.003497,0.652735,14.2741,0.409
1680,-100,-105.0,40,3.75,3.5,-52.91,13.2435,-81,31.08,106.37,1.007448,0.574531,6.7597,0.5897
1681,-100,-105.0,40,3.75,4.0,-52.66,14.1441,-86,34.39,101.23,1.086488,0.685182,13.7178,0.4903
1682,-100,-105.0,40,3.75,4.5,-53.35,15.0296,-87,37.31,96.78,1.184712,0.756347,15.1401,0.4202
1683,-100,-105.0,40,3.75,5.0,-52.92,14.6373,-91,32.25,104.56,1.04641,0.624174,10.67,0.5106
1684,-100,-105.0,40,3.75,5.5,-50.4,15.3822,-90,33.21,103.06,1.063529,0.678146,13.9451,0.4833
1685,-100,-105.0,40,3.75,6.0,-52.91,14.633,-95,33.75,102.23,1.080625,0.607727,5.8711,0.5693
1686,-100,-105.0,40,3.75,6.5,-51.18,15.3023,-93,31.84,105.17,1.025592,0.572928,7.6042,0.5987
1687,-100,-105.0,40,3.75,7.0,-51.05,16.4811,-97,32.99,103.39,1.050651,0.660463,12.5417,0.5034
1689,-100,-105.0,40,3.75,8.0,-52.54,14.9193,-100,33.53,102.49,1.028515,0.595814,8.0097,0.5092
1688,-100,-105.0,40,3.75,7.5,-52.77,15.725,-98,31.98,105.0,1.02529,0.603045,7.7612,0.5517
1690,-100,-105.0,40,3.75,8.5,-53.63,16.5866,-100,33.7,102.31,1.087017,0.604804,8.1655,0.5263
1691,-100,-105.0,40,3.75,9.0,-51.88,15.9605,-100,33.53,102.55,1.035678,0.599265,8.9236,0.526
1692,-100,-105.0,40,3.75,9.5,-53.88,16.4002,-100,34.57,101.0,1.110556,0.66533,11.7778,0.4879
1693,-100,-105.0,40,3.75,10.0,-53.12,16.0019,-100,32.04,104.91,1.031119,0.630351,10.998,0.4394
1694,-100,-105.0,40,3.75,10.5,-52.29,16.6726,-100,32.56,104.07,1.01711,0.614357,9.5117,0.536
1695,-100,-105.0,40,3.75,11.0,-53.44,17.1003,-100,32.08,104.82,1.029267,0.605138,10.6832,0.4654
1696,-100,-105.0,40,3.75,11.5,-51.74,17.978,-100,35.73,99.17,1.102728,0.799008,17.6201,0.4328
1697,-100,-105.0,40,3.75,12.0,-50.83,18.6351,-100,33.25,103.0,1.049311,0.651754,12.2683,0.5336
1698,-100,-105.0,40,3.75,12.5,-52.23,17.8516,-100,33.77,102.19,1.039561,0.633269,10.5027,0.4783
1699,-100,-105.0,40,3.75,13.0,-50.17,18.7019,-100,32.51,104.13,1.030243,0.625923,10.4853,0.4972
1700,-100,-105.0,40,3.75,13.5,-52.42,18.3311,-100,31.21,106.14,1.021309,0.58873,8.9801,0.5386
1701,-100,-105.0,40,3.75,14.0,-53.38,19.5075,-100,32.57,104.05,1.053467,0.620416,9.6725,0.5355
1702,-100,-105.0,40,4.0,1.0,-47.41,14.4684,-75,33.8,102.17,1.078129,0.754209,17.3291,0.4378
1703,-100,-105.0,40,4.0,1.5,-49.12,14.4849,-73,33.18,103.11,1.057354,0.608712,8.6127,0.4883
1704,-100,-105.0,40,4.0,2.0,-49.42,13.7889,-77,32.18,104.64,1.011861,0.576647,8.0984,0.543
1705,-100,-105.0,40,4.0,2.5,-49.12,14.193,-80,34.17,101.6,1.09094,0.798087,18.7621,0.3848
1706,-100,-105.0,40,4.0,3.0,-48.92,14.2061,-77,37.73,96.08,1.183101,0.916485,21.603,0.3397
1707,-100,-105.0,40,4.0,3.5,-49.42,14.6816,-83,32.77,103.75,1.016982,0.627878,11.6588,0.5011
1708,-100,-105.0,40,4.0,4.0,-49.03,15.0629,-81,31.38,105.92,1.014724,0.560057,4.8395,0.6396
1709,-100,-105.0,40,4.0,4.5,-49.89,14.6651,-87,31.78,105.25,1.028595,0.638192,11.3662,0.4392
1710,-100,-105.0,40,4.0,5.0,-48.52,16.0389,-86,32.54,104.1,1.028356,0.705635,15.5265,0.4004
1711,-100,-105.0,40,4.0,5.5,-51.35,15.2547,-90,30.95,106.55,0.977189,0.620557,11.4955,0.4757
1712,-100,-105.0,40,4.0,6.0,-48.95,16.4645,-94,35.4,99.66,1.148587,0.674232,10.8237,0.4961
1713,-100,-105.0,40,4.0,6.5,-50.32,15.6999,-95,30.67,107.0,0.984519,0.548699,7.6957,0.5319
1714,-100,-105.0,40,4.0,7.0,-50.1,15.8968,-98,35.2,100.0,1.141406,0.680997,11.9457,0.4741
1715,-100,-105.0,40,4.0,7.5,-49.59,15.7163,-98,30.76,106.89,1.02369,0.567664,7.0399,0.5824
1716,-100,-105.0,40,4.0,8.0,-49.52,15.9992,-100,30.89,106.69,1.005752,0.568733,9.0393,0.5463
1717,-100,-105.0,40,4.0,8.5,-47.8,16.9434,-96,32.68,103.87,1.039757,0.609959,10.0253,0.5093
1718,-100,-105.0,40,4.0,9.0,-49.48,17.3829,-99,35.93,98.82,1.134181,0.65991,7.8347,0.4692
1719,-100,-105.0,40,4.0,9.5,-49.84,16.4268,-100,34.51,101.03,1.079165,0.638164,9.6425,0.4537
1720,-100,-105.0,40,4.0,10.0,-49.15,17.5837,-100,33.48,102.64,1.089135,0.678745,12.9596,0.4237
1721,-100,-105.0,40,4.0,10.5,-49.02,18.1892,-100,31.61,105.58,1.024238,0.57993,7.5535,0.5428
1722,-100,-105.0,40,4.0,11.0,-50.23,17.8049,-100,32.21,104.59,1.024691,0.589587,7.3989,0.5449
1723,-100,-105.0,40,4.0,11.5,-48.97,18.4993,-100,33.03,103.4,1.05747,0.60307,8.9408,0.5341
1724,-100,-105.0,40,4.0,12.0,-48.42,19.1058,-100,31.26,106.07,0.99301,0.628025,13.0255,0.4496
1725,-100,-105.0,40,4.0,12.5,-48.38,18.6877,-100,30.54,107.16,1.004012,0.6109,11.9015,0.5224
1726,-100,-105.0,40,4.0,13.0,-48.42,19.2538,-100,31.58,105.58,1.020768,0.568093,5.6284,0.5895
1727,-100,-105.0,40,4.0,13.5,-49.9,19.8198,-100,33.94,101.95,1.084931,0.652028,12.1755,0.4717
1728,-100,-105.0,40,4.0,14.0,-49.39,20.7604,-100,32.31,104.46,0.999345,0.654327,13.7297,0.3981
1729,-100,-105.0,40,4.25,1.0,-47.04,16.5234,-74,30.9,106.64,0.985346,0.606878,11.607,0.4827
1730,-100,-105.0,40,4.25,1.5,-44.6,16.3403,-73,31.81,105.25,1.032839,0.69668,15.1344,0.369
1731,-100,-105.0,40,4.25,2.0,-46.65,15.9572,-74,29.93,108.15,0.980482,0.595235,10.5694,0.4945
1732,-100,-105.0,40,4.25,2.5,-46.85,15.3072,-74,34.81,100.59,1.132087,0.664935,11.8209,0.4697
1733,-100,-105.0,40,4.25,3.0,-48.31,15.2467,-77,32.91,103.52,1.041875,0.620101,9.4589,0.5345
1734,-100,-105.0,40,4.25,3.5,-46.5,15.069,-78,31.73,105.34,1.021196,0.585211,7.8127,0.5582
1735,-100,-105.0,40,4.25,4.0,-45.63,16.4845,-80,30.01,107.94,0.97104,0.561839,9.13,0.5932
1737,-100,-105.0,40,4.25,5.0,-46.18,16.2844,-87,33.19,103.13,1.054106,0.752629,18.7883,0.3994
1736,-100,-105.0,40,4.25,4.5,-46.63,16.7376,-86,31.94,105.01,1.007456,0.633627,12.0122,0.4899
1738,-100,-105.0,40,4.25,5.5,-46.17,16.0217,-86,34.6,100.92,1.04524,0.684848,13.5897,0.4135
1739,-100,-105.0,40,4.25,6.0,-46.36,17.0906,-88,33.37,102.84,1.045217,0.6505,12.4281,0.5064
1740,-100,-105.0,40,4.25,6.5,-45.26,16.6578,-91,33.1,103.25,1.041558,0.601045,8.5367,0.5307
1741,-100,-105.0,40,4.25,7.0,-46.95,16.8661,-97,32.57,104.02,1.045015,0.602682,8.3658,0.5001
1742,-100,-105.0,40,4.25,7.5,-45.71,17.6076,-96,31.89,105.1,1.030995,0.598778,9.5306,0.5324
1743,-100,-105.0,40,4.25,8.0,-45.72,16.5799,-94,31.14,106.26,1.003279,0.594846,10.3845,0.5087
1744,-100,-105.0,40,4.25,8.5,-47.01,17.8932,-100,34.11,101.67,1.085204,0.625049,7.1776,0.5372
1745,-100,-105.0,40,4.25,9.0,-46.34,18.5007,-100,33.49,102.59,1.069338,0.63033,9.7764,0.5379
1746,-100,-105.0,40,4.25,9.5,-46.44,17.79,-100,34.5,101.06,1.104987,0.628715,9.8429,0.542
1747,-100,-105.0,40,4.25,10.0,-44.36,18.7901,-100,32.95,103.49,1.049886,0.618373,8.8028,0.5469
1748,-100,-105.0,40,4.25,10.5,-46.56,18.5146,-100,32.96,103.4,1.073431,0.606911,8.8026,0.5437
1749,-100,-105.0,40,4.25,11.0,-46.41,18.8158,-100,33.15,103.16,1.050504,0.661037,11.9403,0.4878
1750,-100,-105.0,40,4.25,11.5,-46.37,18.4488,-100,33.72,102.26,1.078581,0.604691,7.5784,0.5273
1751,-100,-105.0,40,4.25,12.0,-46.13,18.6463,-100,37.18,96.92,1.137954,0.796981,17.4379,0.4148
1752,-100,-105.0,40,4.25,12.5,-46.52,19.5452,-100,31.51,105.69,1.012026,0.63331,12.2403,0.4868
1753,-100,-105.0,40,4.25,13.0,-47.04,19.708,-100,32.82,103.66,1.066745,0.631304,11.9362,0.5324
1754,-100,-105.0,40,4.25,13.5,-48.08,19.9269,-100,31.37,105.85,1.003168,0.61672,11.1459,0.5083
1755,-100,-105.0,40,4.25,14.0,-48.8,20.1458,-100,32.34,104.38,1.023646,0.632518,12.6852,0.4801
1756,-100,-105.0,40,4.5,1.0,-42.23,15.6306,-68,33.57,102.52,1.069661,0.69757,13.7258,0.4224
1757,-100,-105.0,40,4.5,1.5,-43.34,16.3284,-71,32.16,104.67,1.03539,0.63743,11.0242,0.4572
1758,-100,-105.0,40,4.5,2.0,-46.43,14.4321,-74,31.54,105.64,1.012274,0.695524,15.756,0.3633
1759,-100,-105.0,40,4.5,2.5,-42.94,15.7098,-75,30.2,107.67,0.97071,0.544732,6.7348,0.6136
1760,-100,-105.0,40,4.5,3.0,-42.11,16.9949,-74,30.75,106.86,0.994518,0.572191,9.0163,0.5648
1761,-100,-105.0,40,4.5,3.5,-42.02,16.5317,-76,31.35,105.88,1.027726,0.577444,7.9727,0.5633
1762,-100,-105.0,40,4.5,4.0,-41.48,15.2849,-79,30.45,107.28,0.978991,0.621351,13.429,0.5134
1763,-100,-105.0,40,4.5,4.5,-44.96,16.3402,-81,33.22,103.05,1.050211,0.64412,10.9395,0.4609
1764,-100,-105.0,40,4.5,5.0,-42.25,17.7317,-82,33.0,103.4,1.026321,0.687121,14.7513,0.438
1765,-100,-105.0,40,4.5,5.5,-42.1,16.6498,-89,35.08,100.19,1.125792,0.631831,7.9509,0.5329
1766,-100,-105.0,40,4.5,6.0,-44.99,16.2956,-87,30.86,106.65,0.994572,0.639357,14.1295,0.4676
1767,-100,-105.0,40,4.5,6.5,-42.38,17.1362,-86,31.29,106.01,1.007273,0.602934,11.2712,0.5264
1768,-100,-105.0,40,4.5,7.0,-44.38,17.1373,-88,33.29,102.88,1.083619,0.650268,11.8238,0.515
1769,-100,-105.0,40,4.5,7.5,-42.96,17.6151,-93,32.83,103.65,1.031897,0.621714,11.1395,0.5233
1771,-100,-105.0,40,4.5,8.5,-41.26,18.6198,-98,31.82,105.24,1.02652,0.625742,13.0109,0.5066
1770,-100,-105.0,40,4.5,8.0,-43.94,17.741,-93,29.53,108.77,0.947519,0.552716,9.9529,0.548
1773,-100,-105.0,40,4.5,9.5,-45.7,17.9444,-97,35.15,100.03,1.111126,0.652159,10.0371,0.4738
1772,-100,-105.0,40,4.5,9.0,-42.91,18.8544,-97,32.34,104.39,1.011643,0.61324,9.5651,0.4804
1774,-100,-105.0,40,4.5,10.0,-42.77,18.678,-100,34.18,101.63,1.057034,0.621637,10.5001,0.5381
1775,-100,-105.0,40,4.5,10.5,-42.6,18.3075,-100,34.08,101.73,1.077888,0.590234,4.1913,0.5863
1776,-100,-105.0,40,4.5,11.0,-44.54,18.8812,-100,33.97,101.94,1.062982,0.650711,12.4148,0.4437
1777,-100,-105.0,40,4.5,11.5,-42.43,20.5164,-100,32.36,104.4,1.015617,0.589598,7.3773,0.5846
1778,-100,-105.0,40,4.5,12.0,-42.36,19.6988,-100,34.04,101.74,1.070852,0.629321,10.5025,0.559
1779,-100,-105.0,40,4.5,12.5,-43.56,20.5623,-100,32.78,103.69,1.069361,0.638761,10.7591,0.5186
1780,-100,-105.0,40,4.5,13.0,-42.42,21.3475,-100,32.83,103.64,1.053379,0.613342,9.1474,0.4906
1781,-100,-105.0,40,4.5,13.5,-45.84,20.001,-100,32.37,104.34,1.031264,0.64179,12.453,0.471
1783,-100,-105.0,40,4.75,1.0,-40.04,17.6204,-69,33.16,103.1,1.073617,0.68402,13.2318,0.4755
1782,-100,-105.0,40,4.5,14.0,-45.56,21.4405,-100,29.73,108.42,0.976913,0.568493,10.3925,0.5108
1784,-100,-105.0,40,4.75,1.5,-40.57,16.644,-68,33.92,101.95,1.078318,0.618409,9.1974,0.5011
1785,-100,-105.0,40,4.75,2.0,-40.99,17.1647,-73,33.23,103.0,1.099134,0.607645,8.3016,0.5978
1786,-100,-105.0,40,4.75,2.5,-40.3,16.1515,-71,32.65,103.93,1.047643,0.661978,13.1039,0.4804
1787,-100,-105.0,40,4.75,3.0,-39.89,16.0658,-75,35.5,99.55,1.102815,0.639765,9.0003,0.5086
1788,-100,-105.0,40,4.75,3.5,-39.97,16.4125,-73,32.7,103.85,1.065048,0.627271,11.0514,0.5301
1789,-100,-105.0,40,4.75,4.0,-42.11,17.0948,-77,30.51,107.18,0.995511,0.585406,10.0634,0.5619
1790,-100,-105.0,40,4.75,4.5,-40.93,16.7415,-76,33.37,102.81,1.044917,0.678671,13.7168,0.513
1791,-100,-105.0,40,4.75,5.0,-39.89,17.7339,-79,32.88,103.59,1.057386,0.66281,12.518,0.4431
1792,-100,-105.0,40,4.75,5.5,-39.15,17.8058,-85,31.55,105.59,1.023801,0.6581,13.415,0.4616
1793,-100,-105.0,40,4.75,6.0,-40.95,18.7723,-84,33.14,103.18,1.046188,0.578825,7.5711,0.5355
1794,-100,-105.0,40,4.75,6.5,-40.81,18.1342,-86,31.35,105.91,1.026004,0.570174,7.5964,0.5338
1795,-100,-105.0,40,4.75,7.0,-40.07,18.3804,-88,31.98,104.95,1.024896,0.572354,6.8942,0.5961
1796,-100,-105.0,40,4.75,7.5,-41.69,17.8916,-90,32.26,104.56,1.050296,0.605587,8.9646,0.554
1797,-100,-105.0,40,4.75,8.0,-39.93,18.8663,-94,30.58,107.12,0.985566,0.568056,7.1943,0.5812
1798,-100,-105.0,40,4.75,8.5,-39.75,19.5593,-90,33.08,103.26,1.079381,0.581009,5.3838,0.5856
1799,-100,-105.0,40,4.75,9.0,-40.05,19.1396,-95,32.16,104.69,1.004909,0.614074,11.9911,0.4588
1800,-100,-105.0,40,4.75,9.5,-40.1,18.8683,-95,34.14,101.62,1.097481,0.648008,10.0312,0.5479
1801,-100,-105.0,40,4.75,10.0,-40.82,18.9748,-100,31.4,105.83,1.018182,0.612961,10.9746,0.5629
1802,-100,-105.0,40,4.75,10.5,-40.48,19.7179,-100,31.59,105.54,1.013511,0.571603,6.1285,0.5624
1803,-100,-105.0,40,4.75,11.0,-38.21,19.8495,-100,33.83,102.07,1.09627,0.62169,10.0206,0.5203
1804,-100,-105.0,40,4.75,11.5,-39.37,19.827,-100,31.58,105.58,1.010613,0.608943,11.3288,0.5263
1805,-100,-105.0,40,4.75,12.0,-39.54,21.2481,-100,31.5,105.72,1.013457,0.601062,11.448,0.5155
1806,-100,-105.0,40,4.75,12.5,-40.18,20.8545,-100,30.79,106.79,0.983126,0.614392,11.6271,0.5381
1807,-100,-105.0,40,4.75,13.0,-38.64,22.2088,-100,31.34,105.93,1.01382,0.685344,15.9045,0.405
1808,-100,-105.0,40,4.75,13.5,-41.03,20.928,-100,33.74,102.27,1.079388,0.667367,11.4657,0.5151
1809,-100,-105.0,40,4.75,14.0,-39.3,22.2235,-100,34.4,101.21,1.087132,0.631651,8.6067,0.5245
1810,-100,-105.0,40,5.0,1.0,-37.74,16.5925,-64,33.83,102.05,1.100138,0.712132,15.728,0.3996
1811,-100,-105.0,40,5.0,1.5,-37.66,18.0915,-68,32.61,104.01,1.060767,0.635575,11.7632,0.5179
1812,-100,-105.0,40,5.0,2.0,-36.92,18.5229,-70,34.5,101.03,1.11239,0.620223,7.8635,0.5531
1813,-100,-105.0,40,5.0,2.5,-37.29,18.9365,-71,32.45,104.22,1.061884,0.665596,14.2689,0.4958
1814,-100,-105.0,40,5.0,3.0,-36.78,17.2502,-71,30.93,106.62,1.015864,0.597473,10.3773,0.5906
1815,-100,-105.0,40,5.0,3.5,-37.6,18.3652,-73,29.4,108.96,0.973439,0.570753,9.2226,0.586
1816,-100,-105.0,40,5.0,4.0,-35.94,18.3401,-79,30.14,107.84,0.978685,0.539723,6.754,0.5628
1817,-100,-105.0,40,5.0,4.5,-38.5,18.3604,-79,32.82,103.63,1.036638,0.591348,7.413,0.5823
1818,-100,-105.0,40,5.0,5.0,-36.97,18.394,-80,31.22,106.16,1.023828,0.580634,8.207,0.5638
1819,-100,-105.0,40,5.0,5.5,-36.96,19.3573,-83,30.68,106.93,0.991424,0.614711,12.6826,0.5079
1820,-100,-105.0,40,5.0,6.0,-38.54,20.2176,-84,33.75,102.25,1.080088,0.707438,15.9402,0.4132
1821,-100,-105.0,40,5.0,6.5,-37.44,18.5885,-87,33.27,102.97,1.08344,0.665861,12.8483,0.525
1822,-100,-105.0,40,5.0,7.0,-38.42,18.8484,-89,30.03,107.96,0.99261,0.578951,9.792,0.6045
1823,-100,-105.0,40,5.0,7.5,-36.23,19.548,-90,31.73,105.36,1.033039,0.666145,15.0833,0.4611
1824,-100,-105.0,40,5.0,8.0,-36.32,18.655,-90,30.83,106.71,0.975801,0.593439,12.0979,0.4685
1825,-100,-105.0,40,5.0,8.5,-36.82,19.323,-92,32.69,103.88,1.062288,0.630774,11.383,0.5366
1826,-100,-105.0,40,5.0,9.0,-36.76,19.8792,-95,30.78,106.82,1.015929,0.627163,13.2069,0.5066
1827,-100,-105.0,40,5.0,9.5,-36.79,21.233,-94,31.58,105.57,1.024687,0.570476,6.3534,0.5735
1828,-100,-105.0,40,5.0,10.0,-39.37,20.9755,-100,33.29,102.97,1.055027,0.66057,13.6637,0.4608
1829,-100,-105.0,40,5.0,10.5,-36.57,20.7726,-100,31.55,105.63,0.987373,0.662513,15.0609,0.4401
1830,-100,-105.0,40,5.0,11.0,-38.01,20.5412,-98,32.06,104.89,1.042501,0.573437,5.2306,0.6224
1831,-100,-105.0,40,5.0,11.5,-37.99,20.2176,-100,31.56,105.58,1.022488,0.572228,6.8137,0.5922
1832,-100,-105.0,40,5.0,12.0,-36.97,22.6453,-100,32.31,104.43,1.026718,0.629419,10.8892,0.5265
1834,-100,-105.0,40,5.0,13.0,-39.46,21.113,-100,31.84,105.22,1.031901,0.65078,13.0887,0.4713
1833,-100,-105.0,40,5.0,12.5,-37.14,22.5449,-100,30.73,106.92,1.001734,0.577469,7.1965,0.5677
1835,-100,-105.0,40,5.0,13.5,-36.21,23.1391,-100,33.89,102.01,1.073611,0.769278,18.4456,0.4397
1836,-100,-105.0,40,5.0,14.0,-35.27,22.303,-100,33.59,102.49,1.068107,0.690608,14.2168,0.4488
1837,-100,-100.0,40,1.0,1.0,-87.15,3.7765,-96,36.51,97.97,1.123169,0.614703,7.0249,0.5493
1838,-100,-100.0,40,1.0,1.5,-86.59,3.7825,-98,36.39,98.18,1.160155,0.720485,14.0822,0.4183
1839,-100,-100.0,40,1.0,2.0,-86.67,4.1401,-99,37.83,95.94,1.187034,0.754768,14.7955,0.3434
1840,-100,-100.0,40,1.0,2.5,-86.63,3.9801,-100,38.03,95.62,1.213722,0.70257,10.2788,0.4649
1841,-100,-100.0,40,1.0,3.0,-86.63,5.1796,-100,38.06,95.59,1.154788,0.687197,12.1072,0.4472
1843,-100,-100.0,40,1.0,4.0,-87.23,5.5407,-100,37.18,96.94,1.162146,0.691155,11.2679,0.4928
1842,-100,-100.0,40,1.0,3.5,-85.84,5.3079,-100,35.61,99.36,1.126843,0.648994,9.3028,0.5096
1844,-100,-100.0,40,1.0,4.5,-87.08,5.8391,-100,41.88,89.65,1.314018,0.726058,8.8128,0.4373
1845,-100,-100.0,40,1.0,5.0,-86.78,6.5945,-100,39.32,93.66,1.257396,0.69742,9.9731,0.3975
1846,-100,-100.0,40,1.0,5.5,-86.65,6.4308,-100,38.98,94.2,1.184518,0.826983,16.3623,0.3824
1847,-100,-100.0,40,1.0,6.0,-86.16,6.7653,-100,36.49,97.96,1.139376,0.629359,7.7178,0.5104
1848,-100,-100.0,40,1.0,6.5,-86.87,7.5649,-100,39.52,93.34,1.201974,0.67057,9.0539,0.4293
1849,-100,-100.0,40,1.0,7.0,-87.2,7.5824,-100,39.26,93.72,1.210888,0.645241,8.9281,0.4356
1850,-100,-100.0,40,1.0,7.5,-86.76,7.8456,-100,41.54,90.2,1.281181,0.692527,9.6865,0.4695
1851,-100,-100.0,40,1.0,8.0,-85.94,8.4943,-100,44.77,85.21,1.387468,0.874317,15.1232,0.3496
1852,-100,-100.0,40,1.0,8.5,-87.06,8.8729,-100,43.32,87.44,1.363591,0.712724,10.4747,0.4666
1853,-100,-100.0,40,1.0,9.0,-86.17,8.9072,-100,40.18,92.26,1.240297,0.662681,10.7364,0.4653
1854,-100,-100.0,40,1.0,9.5,-86.21,9.2101,-100,43.55,87.1,1.31268,0.900117,16.4441,0.2573
1855,-100,-100.0,40,1.0,10.0,-85.97,9.7776,-100,45.71,83.84,1.44407,0.812908,13.9589,0.3533
1856,-100,-100.0,40,1.0,10.5,-86.13,10.1193,-100,42.6,88.57,1.329059,0.678107,9.4745,0.413
1857,-100,-100.0,40,1.0,11.0,-85.29,10.4747,-100,44.12,86.24,1.371261,0.777374,12.9878,0.3745
1858,-100,-100.0,40,1.0,11.5,-86.23,10.8513,-100,43.65,86.9,1.367118,0.667456,8.0281,0.4372
1859,-100,-100.0,40,1.0,12.0,-85.5,11.0311,-100,45.81,83.62,1.431675,0.763663,10.134,0.3634
1860,-100,-100.0,40,1.0,12.5,-85.55,11.2562,-100,46.01,83.35,1.45605,0.747171,10.8926,0.3721
1862,-100,-100.0,40,1.0,13.5,-85.77,11.8416,-100,46.72,82.23,1.47418,0.730994,9.6919,0.3913
1861,-100,-100.0,40,1.0,13.0,-84.59,11.7435,-100,43.32,87.46,1.351809,0.753374,12.1987,0.3955
1863,-100,-100.0,40,1.0,14.0,-84.56,12.4708,-100,48.97,78.75,1.569635,0.797144,9.0482,0.3684
1864,-100,-100.0,40,1.25,1.0,-84.11,4.3305,-95,40.42,91.96,1.274877,0.847599,16.1621,0.3579
1865,-100,-100.0,40,1.25,1.5,-84.67,4.8503,-95,33.83,102.08,1.055113,0.709118,15.5344,0.4577
1866,-100,-100.0,40,1.25,2.0,-82.77,5.3007,-99,33.96,101.89,1.055204,0.643082,9.1998,0.5171
1868,-100,-100.0,40,1.25,3.0,-84.68,6.1981,-100,41.65,90.02,1.314871,0.823088,14.2822,0.3993
1867,-100,-100.0,40,1.25,2.5,-83.76,5.9898,-100,35.42,99.63,1.086462,0.62159,6.6996,0.5085
1869,-100,-100.0,40,1.25,3.5,-84.02,5.9085,-100,37.75,96.04,1.180432,0.730847,13.2228,0.4075
1870,-100,-100.0,40,1.25,4.0,-84.02,5.779,-100,37.7,96.16,1.179243,0.635011,5.0299,0.5192
1871,-100,-100.0,40,1.25,4.5,-83.63,6.217,-100,34.95,100.39,1.098754,0.60672,5.2961,0.5445
1872,-100,-100.0,40,1.25,5.0,-83.67,6.9893,-100,40.13,92.39,1.271098,0.724415,9.9019,0.4091
1873,-100,-100.0,40,1.25,5.5,-83.91,7.4749,-100,35.41,99.66,1.080732,0.750658,16.8807,0.4235
1874,-100,-100.0,40,1.25,6.0,-83.52,7.1875,-100,38.04,95.57,1.198602,0.653668,7.0771,0.4872
1875,-100,-100.0,40,1.25,6.5,-83.99,7.7058,-100,38.37,95.1,1.148117,0.66819,9.8305,0.4746
1876,-100,-100.0,40,1.25,7.0,-84.21,8.1544,-100,36.75,97.6,1.123725,0.706263,13.5866,0.413
1877,-100,-100.0,40,1.25,7.5,-83.91,8.6328,-100,40.02,92.55,1.257151,0.732709,12.8329,0.4042
1880,-100,-100.0,40,1.25,9.0,-83.29,10.09,-100,41.39,90.45,1.242582,0.711517,11.4165,0.436
1878,-100,-100.0,40,1.25,8.0,-83.86,9.4423,-100,36.84,97.45,1.131373,0.719798,14.4846,0.3849
1879,-100,-100.0,40,1.25,8.5,-83.73,9.5138,-100,41.84,89.72,1.319486,0.787004,13.4301,0.4156
1882,-100,-100.0,40,1.25,10.0,-82.42,10.6522,-100,41.07,90.95,1.270394,0.751115,12.2191,0.3984
1881,-100,-100.0,40,1.25,9.5,-83.71,9.8238,-100,38.17,95.47,1.194512,0.646648,9.2264,0.4273
1883,-100,-100.0,40,1.25,10.5,-83.35,10.8478,-100,45.2,84.54,1.407424,0.843108,12.9091,0.3571
1884,-100,-100.0,40,1.25,11.0,-82.22,11.2372,-100,36.26,98.37,1.1302,0.687252,14.253,0.4123
1885,-100,-100.0,40,1.25,11.5,-83.26,11.3628,-100,41.38,90.44,1.296347,0.636493,6.2382,0.5177
1886,-100,-100.0,40,1.25,12.0,-81.92,12.0619,-100,39.86,92.79,1.247006,0.703576,11.8008,0.386
1887,-100,-100.0,40,1.25,12.5,-83.43,11.9573,-100,46.13,83.13,1.436299,0.788434,11.418,0.3807
1888,-100,-100.0,40,1.25,13.0,-82.84,12.454,-100,43.92,86.55,1.349289,0.724542,8.416,0.437
1889,-100,-100.0,40,1.25,13.5,-81.99,12.9942,-100,42.32,88.98,1.318039,0.713068,10.7969,0.425
1890,-100,-100.0,40,1.25,14.0,-81.82,13.2334,-100,45.34,84.33,1.421172,0.77279,11.1119,0.4132
1891,-100,-100.0,40,1.5,1.0,-80.51,5.1919,-91,32.7,103.86,1.048289,0.639913,11.2905,0.492
1892,-100,-100.0,40,1.5,1.5,-80.32,5.1078,-93,34.39,101.31,1.086255,0.628196,9.0855,0.4783
1893,-100,-100.0,40,1.5,2.0,-81.26,6.176,-96,32.44,104.24,1.017064,0.672254,14.7812,0.4516
1894,-100,-100.0,40,1.5,2.5,-81.33,5.9915,-99,35.4,99.69,1.112563,0.725546,14.447,0.4242
1895,-100,-100.0,40,1.5,3.0,-80.34,6.525,-100,34.33,101.31,1.086445,0.650487,11.2618,0.5035
1896,-100,-100.0,40,1.5,3.5,-80.8,6.5649,-100,38.02,95.6,1.199866,0.698323,9.0584,0.5254
1897,-100,-100.0,40,1.5,4.0,-80.09,6.5804,-100,35.4,99.64,1.121224,0.677086,12.1048,0.4521
1898,-100,-100.0,40,1.5,4.5,-80.92,6.484,-100,35.88,98.99,1.130746,0.706936,13.5753,0.4596
1899,-100,-100.0,40,1.5,5.0,-81.09,7.0446,-100,36.39,98.17,1.097098,0.729682,14.3551,0.4466
1900,-100,-100.0,40,1.5,5.5,-80.78,8.2654,-100,38.94,94.2,1.228009,0.763327,12.7979,0.4443
1901,-100,-100.0,40,1.5,6.0,-80.76,7.9989,-100,37.57,96.36,1.143792,0.704876,11.3409,0.4827
1902,-100,-100.0,40,1.5,6.5,-80.98,8.4217,-100,38.57,94.83,1.212538,0.791987,15.1538,0.3585
1904,-100,-100.0,40,1.5,7.5,-81.38,8.7968,-100,38.64,94.67,1.204543,0.712499,9.4489,0.4247
1903,-100,-100.0,40,1.5,7.0,-80.75,8.7952,-100,39.13,93.92,1.221103,0.734313,10.4663,0.3818
1905,-100,-100.0,40,1.5,8.0,-81.64,9.5457,-100,40.24,92.21,1.247162,0.759931,11.1418,0.3494
1906,-100,-100.0,40,1.5,8.5,-80.46,9.6468,-100,38.12,95.5,1.181344,0.708858,11.1716,0.4172
1907,-100,-100.0,40,1.5,9.0,-80.22,10.6038,-100,37.1,97.06,1.159621,0.636022,6.9614,0.5213
1908,-100,-100.0,40,1.5,9.5,-80.51,10.4621,-100,39.24,93.77,1.185072,0.67978,10.3565,0.4638
1909,-100,-100.0,40,1.5,10.0,-80.35,11.0525,-100,41.15,90.78,1.294255,0.822909,15.4365,0.37
1910,-100,-100.0,40,1.5,10.5,-81.08,11.3848,-100,38.83,94.39,1.210364,0.683559,10.5411,0.4776
1911,-100,-100.0,40,1.5,11.0,-80.48,11.5789,-100,38.17,95.42,1.205667,0.707572,13.2224,0.4523
1912,-100,-100.0,40,1.5,11.5,-80.18,11.9666,-100,40.63,91.63,1.26879,0.774413,14.7759,0.4114
1913,-100,-100.0,40,1.5,12.0,-79.35,12.2064,-100,39.15,93.85,1.217051,0.664062,8.0357,0.4967
1914,-100,-100.0,40,1.5,12.5,-79.57,12.7678,-100,39.28,93.7,1.200721,0.771122,14.7238,0.3724
1915,-100,-100.0,40,1.5,13.0,-79.69,12.8899,-100,37.86,95.9,1.148462,0.687398,12.4671,0.3875
1916,-100,-100.0,40,1.5,13.5,-80.05,13.4905,-100,39.84,92.87,1.24811,0.643013,7.4288,0.5057
1917,-100,-100.0,40,1.5,14.0,-79.16,13.8434,-100,40.65,91.62,1.226469,0.79672,15.2612,0.3891
1918,-100,-100.0,40,1.75,1.0,-77.53,5.7308,-89,36.45,98.06,1.128343,0.656658,7.6345,0.5234
1920,-100,-100.0,40,1.75,2.0,-77.8,6.5806,-93,33.62,102.4,1.070025,0.685689,14.0114,0.4745
1919,-100,-100.0,40,1.75,1.5,-76.84,6.8567,-91,35.44,99.61,1.094904,0.662026,10.3084,0.4916
1922,-100,-100.0,40,1.75,3.0,-77.45,6.8538,-97,31.66,105.5,1.029508,0.667027,13.9542,0.4194
1921,-100,-100.0,40,1.75,2.5,-77.35,6.0859,-94,32.28,104.53,1.028037,0.615961,9.7089,0.5222
1923,-100,-100.0,40,1.75,3.5,-77.58,7.483,-99,35.47,99.51,1.102384,0.66786,9.7098,0.4524
1924,-100,-100.0,40,1.75,4.0,-77.64,7.9285,-100,35.35,99.81,1.086519,0.63563,8.4462,0.5365
1925,-100,-100.0,40,1.75,4.5,-78.85,7.9261,-100,33.93,101.99,1.057471,0.601709,6.9216,0.5672
1926,-100,-100.0,40,1.75,5.0,-77.97,8.3417,-100,32.08,104.79,1.036582,0.675186,14.0133,0.4032
1928,-100,-100.0,40,1.75,6.0,-77.98,9.247,-100,34.79,100.64,1.069595,0.683415,12.4417,0.4624
1927,-100,-100.0,40,1.75,5.5,-77.35,7.8403,-100,33.9,101.95,1.050816,0.632706,11.4618,0.4942
1929,-100,-100.0,40,1.75,6.5,-77.85,8.9465,-100,38.4,95.05,1.216813,0.702342,9.2084,0.4592
1930,-100,-100.0,40,1.75,7.0,-76.82,9.6703,-100,38.04,95.59,1.158914,0.713517,11.9429,0.481
1931,-100,-100.0,40,1.75,7.5,-77.06,9.8285,-100,36.24,98.4,1.11816,0.636134,4.0259,0.5802
1932,-100,-100.0,40,1.75,8.0,-77.3,9.7615,-100,37.94,95.75,1.18795,0.684013,10.0238,0.471
1934,-100,-100.0,40,1.75,9.0,-77.37,10.7318,-100,39.16,93.89,1.198704,0.710076,11.0194,0.3968
1933,-100,-100.0,40,1.75,8.5,-77.17,10.5959,-100,34.84,100.54,1.106893,0.629992,10.2874,0.5165
1935,-100,-100.0,40,1.75,9.5,-77.12,11.675,-100,37.17,97.0,1.165284,0.696341,11.6295,0.5208
1936,-100,-100.0,40,1.75,10.0,-77.92,11.1961,-100,38.3,95.25,1.148465,0.697487,11.8604,0.4984
1937,-100,-100.0,40,1.75,10.5,-77.85,12.0829,-100,39.91,92.71,1.237857,0.716993,9.6734,0.4197
1938,-100,-100.0,40,1.75,11.0,-77.8,12.4452,-100,36.21,98.37,1.132467,0.666574,11.9841,0.4993
1939,-100,-100.0,40,1.75,11.5,-77.35,12.8435,-100,36.79,97.57,1.154709,0.642392,8.7232,0.4929
1940,-100,-100.0,40,1.75,12.0,-76.79,13.2273,-100,38.3,95.2,1.187339,0.648484,6.5551,0.4878
1941,-100,-100.0,40,1.75,12.5,-76.91,13.5763,-100,41.79,89.84,1.305047,0.80656,14.5227,0.4105
1942,-100,-100.0,40,1.75,13.0,-76.95,13.6095,-100,36.36,98.2,1.135587,0.653044,10.5062,0.4706
1943,-100,-100.0,40,1.75,13.5,-76.46,14.4857,-100,37.91,95.84,1.195102,0.646076,10.0175,0.4852
1944,-100,-100.0,40,1.75,14.0,-76.42,14.6548,-100,39.22,93.81,1.225839,0.68996,9.9599,0.4598
1945,-100,-100.0,40,2.0,1.0,-75.56,6.2824,-88,35.43,99.66,1.119854,0.662864,11.2066,0.5265
1946,-100,-100.0,40,2.0,1.5,-74.8,8.4057,-91,34.7,100.7,1.103193,0.77085,17.6901,0.4116
1947,-100,-100.0,40,2.0,2.0,-74.79,7.8601,-92,33.01,103.36,1.042017,0.656077,12.8316,0.4411
1948,-100,-100.0,40,2.0,2.5,-72.81,8.12,-92,34.2,101.51,1.059592,0.732869,16.3424,0.4057
1949,-100,-100.0,40,2.0,3.0,-75.17,7.3702,-95,32.19,104.63,1.00973,0.584483,8.3826,0.5218
1950,-100,-100.0,40,2.0,3.5,-74.42,8.3787,-97,33.75,102.2,1.077926,0.609788,6.3966,0.5419
1952,-100,-100.0,40,2.0,4.5,-74.24,8.0426,-100,34.22,101.49,1.07943,0.679061,12.9366,0.4465
1951,-100,-100.0,40,2.0,4.0,-73.29,8.1309,-98,34.21,101.48,1.090499,0.658918,10.9473,0.4539
1953,-100,-100.0,40,2.0,5.0,-74.9,8.5815,-100,33.92,101.91,1.079497,0.665773,11.1161,0.4992
1955,-100,-100.0,40,2.0,6.0,-76.57,9.3044,-100,33.66,102.34,1.017488,0.732144,16.6433,0.4638
1954,-100,-100.0,40,2.0,5.5,-74.55,9.34,-100,32.88,103.56,1.029808,0.568316,7.9418,0.5167
1956,-100,-100.0,40,2.0,6.5,-73.54,10.7575,-100,35.43,99.67,1.121561,0.675789,12.8994,0.5117
1957,-100,-100.0,40,2.0,7.0,-75.13,10.1815,-100,34.2,101.55,1.074197,0.652497,9.3901,0.4891
1958,-100,-100.0,40,2.0,7.5,-73.73,10.5378,-100,33.42,102.75,1.054915,0.664611,13.5468,0.4622
1959,-100,-100.0,40,2.0,8.0,-74.17,10.3003,-100,36.13,98.55,1.136809,0.661131,8.6275,0.505
1960,-100,-100.0,40,2.0,8.5,-73.63,11.1598,-100,32.72,103.79,1.035824,0.579142,6.9671,0.5536
1961,-100,-100.0,40,2.0,9.0,-74.86,11.4153,-100,39.68,93.07,1.220678,0.724703,11.4089,0.3958
1963,-100,-100.0,40,2.0,10.0,-74.34,12.0812,-100,34.91,100.47,1.077202,0.636869,9.9823,0.4712
1962,-100,-100.0,40,2.0,9.5,-74.37,11.9656,-100,33.68,102.35,1.060045,0.636698,12.1466,0.5312
1965,-100,-100.0,40,2.0,11.0,-74.42,12.8743,-100,36.91,97.35,1.176351,0.65917,9.1703,0.5144
1964,-100,-100.0,40,2.0,10.5,-74.86,12.3767,-100,33.36,102.82,1.057461,0.575923,8.3054,0.5143
1966,-100,-100.0,40,2.0,11.5,-75.54,13.0615,-100,35.53,99.47,1.130955,0.621935,7.3136,0.4732
1968,-100,-100.0,40,2.0,12.5,-73.38,14.0506,-100,38.58,94.76,1.20481,0.723704,11.5656,0.3908
1967,-100,-100.0,40,2.0,12.0,-73.5,13.6252,-100,36.45,98.08,1.135584,0.631316,8.0878,0.5229
1969,-100,-100.0,40,2.0,13.0,-73.96,14.3413,-100,37.04,97.15,1.155835,0.647858,8.8558,0.468
1970,-100,-100.0,40,2.0,13.5,-74.56,14.6475,-100,36.11,98.58,1.108213,0.637766,10.7968,0.4857
1971,-100,-100.0,40,2.0,14.0,-73.27,15.0942,-100,37.82,95.94,1.179966,0.688741,11.2988,0.4439
1972,-100,-100.0,40,2.25,1.0,-71.32,8.9605,-85,33.41,102.74,1.065565,0.632252,11.519,0.4594
1973,-100,-100.0,40,2.25,1.5,-71.32,8.5143,-88,33.8,102.13,1.048716,0.602409,6.1965,0.5712
1974,-100,-100.0,40,2.25,2.0,-71.86,8.2331,-89,35.62,99.39,1.140786,0.670219,10.8187,0.4691
1975,-100,-100.0,40,2.25,2.5,-71.73,8.287,-91,31.84,105.17,1.002503,0.605332,10.2115,0.5715
1977,-100,-100.0,40,2.25,3.5,-72.59,7.9968,-96,37.5,96.46,1.182287,0.783329,16.3158,0.397
1976,-100,-100.0,40,2.25,3.0,-72.48,8.2628,-95,32.82,103.64,1.041513,0.622004,9.0105,0.5643
1978,-100,-100.0,40,2.25,4.0,-70.23,9.3223,-98,32.32,104.45,1.019308,0.671357,13.3034,0.463
1979,-100,-100.0,40,2.25,4.5,-71.5,9.6872,-100,34.59,100.95,1.105524,0.635004,8.0631,0.5259
1980,-100,-100.0,40,2.25,5.0,-69.65,10.0176,-100,31.52,105.68,1.001457,0.637412,12.5792,0.4573
1981,-100,-100.0,40,2.25,5.5,-70.13,10.7885,-100,32.83,103.65,1.051771,0.656484,13.2357,0.4758
1982,-100,-100.0,40,2.25,6.0,-70.52,10.6951,-100,33.7,102.3,1.050901,0.598047,6.9561,0.5643
1983,-100,-100.0,40,2.25,6.5,-72.26,10.6402,-100,33.2,103.07,1.046305,0.625628,10.0077,0.4727
1984,-100,-100.0,40,2.25,7.0,-71.59,10.8496,-100,34.24,101.45,1.089395,0.614114,6.7538,0.5562
1985,-100,-100.0,40,2.25,7.5,-70.3,10.2748,-100,33.56,102.54,1.075048,0.678417,13.2258,0.4774
1986,-100,-100.0,40,2.25,8.0,-71.08,11.5777,-100,32.54,104.11,1.037851,0.580615,6.0426,0.5721
1987,-100,-100.0,40,2.25,8.5,-70.77,11.7674,-100,35.43,99.64,1.118121,0.630896,5.9965,0.5579
1988,-100,-100.0,40,2.25,9.0,-72.18,11.9336,-100,34.45,101.17,1.062492,0.615109,8.8299,0.5585
1989,-100,-100.0,40,2.25,9.5,-71.59,12.3507,-100,32.93,103.49,1.037206,0.617557,10.5825,0.5138
1990,-100,-100.0,40,2.25,10.0,-71.01,12.5694,-100,32.0,104.93,0.976572,0.614744,10.5969,0.4687
1991,-100,-100.0,40,2.25,10.5,-71.67,12.6023,-100,33.13,103.18,1.032281,0.731829,17.1427,0.3619
1992,-100,-100.0,40,2.25,11.0,-71.14,13.2961,-100,36.6,97.83,1.145426,0.667407,10.0695,0.4591
1994,-100,-100.0,40,2.25,12.0,-70.88,14.1504,-100,36.02,98.72,1.137772,0.726857,14.5537,0.4097
1993,-100,-100.0,40,2.25,11.5,-72.11,13.9537,-100,36.34,98.24,1.146876,0.713962,12.8508,0.4007
1995,-100,-100.0,40,2.25,12.5,-70.96,14.4181,-100,40.16,92.3,1.241346,0.694173,4.1971,0.5167
1996,-100,-100.0,40,2.25,13.0,-70.58,15.2306,-100,38.15,95.43,1.205024,0.66665,7.3652,0.4843
1997,-100,-100.0,40,2.25,13.5,-70.79,15.8534,-100,35.81,99.07,1.125851,0.655878,10.0404,0.4565
1998,-100,-100.0,40,2.25,14.0,-71.03,15.7612,-100,38.4,95.02,1.173651,0.644285,7.8337,0.5104
1999,-100,-100.0,40,2.5,1.0,-68.38,9.0071,-83,33.85,102.11,1.068463,0.613838,7.9731,0.5712
2001,-100,-100.0,40,2.5,2.0,-67.7,8.9192,-88,33.39,102.79,1.073822,0.608161,6.6557,0.5785
2000,-100,-100.0,40,2.5,1.5,-67.54,9.7571,-85,33.16,103.15,1.040073,0.629239,11.1869,0.4551
2002,-100,-100.0,40,2.5,2.5,-67.45,8.994,-89,34.07,101.76,1.083637,0.645903,11.3579,0.4919
2003,-100,-100.0,40,2.5,3.0,-68.61,9.4359,-90,35.21,99.99,1.137027,0.59945,5.165,0.561
2004,-100,-100.0,40,2.5,3.5,-67.9,9.5084,-94,34.57,100.98,1.084269,0.619587,8.1399,0.505
2005,-100,-100.0,40,2.5,4.0,-67.74,10.6763,-97,33.09,103.23,1.044233,0.713864,15.0654,0.409
2006,-100,-100.0,40,2.5,4.5,-69.84,9.7739,-96,35.53,99.48,1.06899,0.639305,8.9205,0.5548
2007,-100,-100.0,40,2.5,5.0,-68.75,10.0016,-98,33.72,102.26,1.061867,0.655243,10.6594,0.5047
2008,-100,-100.0,40,2.5,5.5,-68.43,10.4935,-100,32.47,104.18,1.071897,0.677877,14.2819,0.4237
2009,-100,-100.0,40,2.5,6.0,-68.51,11.529,-100,36.14,98.57,1.154725,0.706855,12.5594,0.46
2010,-100,-100.0,40,2.5,6.5,-68.98,11.2427,-100,31.7,105.4,1.01301,0.608755,10.4553,0.5395
2011,-100,-100.0,40,2.5,7.0,-67.39,11.7206,-100,36.48,98.01,1.132173,0.691944,11.7769,0.4905
2013,-100,-100.0,40,2.5,8.0,-67.99,11.9371,-100,33.69,102.31,1.066733,0.641346,11.5525,0.4897
2012,-100,-100.0,40,2.5,7.5,-67.37,11.6256,-100,34.63,100.86,1.084569,0.651198,10.1874,0.4741
2014,-100,-100.0,40,2.5,8.5,-67.53,12.892,-100,34.31,101.38,1.093678,0.631257,7.681,0.5711
2015,-100,-100.0,40,2.5,9.0,-68.46,12.7323,-100,32.69,103.84,1.037936,0.637547,10.4345,0.491
2016,-100,-100.0,40,2.5,9.5,-67.35,13.111,-100,36.16,98.48,1.074218,0.657032,11.8232,0.4774
2017,-100,-100.0,40,2.5,10.0,-67.75,13.586,-100,33.02,103.34,1.051062,0.617636,11.0088,0.4824
2018,-100,-100.0,40,2.5,10.5,-68.34,13.513,-100,34.65,100.85,1.107541,0.62911,7.0569,0.5725
2019,-100,-100.0,40,2.5,11.0,-67.69,14.7938,-100,34.08,101.74,1.074491,0.685944,13.4303,0.4518
2020,-100,-100.0,40,2.5,11.5,-67.81,14.4564,-100,32.32,104.47,1.031118,0.597041,6.5996,0.5559
2021,-100,-100.0,40,2.5,12.0,-69.1,14.7146,-100,33.95,101.92,1.082842,0.703179,13.6832,0.4068
2022,-100,-100.0,40,2.5,12.5,-67.93,15.1478,-100,35.22,99.98,1.113889,0.659216,11.3666,0.4785
2023,-100,-100.0,40,2.5,13.0,-69.33,15.7762,-100,36.11,98.58,1.109073,0.611726,7.8808,0.5505
2025,-100,-100.0,40,2.5,14.0,-67.9,15.8332,-100,38.04,95.6,1.192348,0.757939,14.466,0.4165
2024,-100,-100.0,40,2.5,13.5,-68.09,15.6877,-100,36.12,98.48,1.125198,0.6641,10.1105,0.4384
2026,-100,-100.0,40,2.75,1.0,-65.61,9.519,-82,33.52,102.62,1.054958,0.644597,10.5379,0.5058
2027,-100,-100.0,40,2.75,1.5,-64.75,9.5155,-82,33.62,102.41,1.073073,0.605179,6.8328,0.5395
2028,-100,-100.0,40,2.75,2.0,-64.08,10.9767,-92,33.42,102.71,1.071371,0.630423,9.4607,0.5475
2029,-100,-100.0,40,2.75,2.5,-64.85,10.5741,-89,34.58,100.99,1.09599,0.69661,12.9224,0.4692
2030,-100,-100.0,40,2.75,3.0,-64.54,10.2284,-92,34.87,100.53,1.072289,0.68929,13.9221,0.4683
2031,-100,-100.0,40,2.75,3.5,-66.66,10.325,-93,35.22,99.97,1.082758,0.681999,13.3576,0.4373
2032,-100,-100.0,40,2.75,4.0,-65.91,11.007,-94,33.92,101.98,1.079357,0.65447,9.5673,0.4424
2033,-100,-100.0,40,2.75,4.5,-64.52,11.0481,-99,30.91,106.62,0.9995,0.60058,10.3823,0.4851
2034,-100,-100.0,40,2.75,5.0,-65.8,10.5819,-99,32.39,104.29,1.025122,0.607748,9.2697,0.5213
2037,-100,-100.0,40,2.75,6.5,-65.58,11.1083,-100,34.25,101.43,1.089543,0.608685,7.0564,0.5118
2036,-100,-100.0,40,2.75,6.0,-65.28,11.2639,-100,31.36,105.88,1.016704,0.574348,6.8861,0.5872
2038,-100,-100.0,40,2.75,7.0,-64.43,12.4122,-100,36.8,97.53,1.146172,0.668361,9.9676,0.5353
2035,-100,-100.0,40,2.75,5.5,-64.23,12.2467,-100,29.66,108.54,0.913134,0.568404,10.814,0.5183
2039,-100,-100.0,40,2.75,7.5,-65.79,13.008,-100,33.18,103.05,1.051035,0.620645,9.1408,0.4934
2040,-100,-100.0,40,2.75,8.0,-67.25,11.9396,-100,34.75,100.69,1.098119,0.737002,15.4293,0.4226
2041,-100,-100.0,40,2.75,8.5,-65.24,13.0065,-100,34.49,101.08,1.105366,0.640983,8.7902,0.5134
2043,-100,-100.0,40,2.75,9.5,-65.0,13.9359,-100,32.57,104.06,1.020778,0.580682,8.211,0.5437
2042,-100,-100.0,40,2.75,9.0,-64.17,13.6219,-100,34.75,100.68,1.109859,0.734533,13.586,0.3783
2044,-100,-100.0,40,2.75,10.0,-65.56,14.5728,-100,34.86,100.51,1.085711,0.687386,11.5136,0.4719
2046,-100,-100.0,40,2.75,11.0,-65.32,15.5985,-100,33.55,102.52,1.051377,0.62717,10.7927,0.5736
2045,-100,-100.0,40,2.75,10.5,-64.63,14.3441,-100,34.43,101.17,1.093971,0.620982,6.062,0.5221
2048,-100,-100.0,40,2.75,12.0,-64.33,15.1648,-100,33.74,102.23,1.070298,0.689469,13.6634,0.4561
2047,-100,-100.0,40,2.75,11.5,-65.29,15.0427,-100,32.32,104.44,1.050593,0.582742,8.0839,0.5907
2050,-100,-100.0,40,2.75,13.0,-64.82,15.981,-100,32.32,104.45,1.002014,0.638686,12.067,0.5053
2049,-100,-100.0,40,2.75,12.5,-64.91,15.9057,-100,35.1,100.12,1.117312,0.691438,11.8467,0.4441
2051,-100,-100.0,40,2.75,13.5,-64.54,16.5181,-100,34.08,101.72,1.079036,0.605234,7.49,0.5561
2052,-100,-100.0,40,2.75,14.0,-64.82,17.3063,-100,33.27,102.98,1.045862,0.613454,9.0875,0.5245
2053,-100,-100.0,40,3.0,1.0,-60.85,12.2764,-82,33.0,103.36,1.061605,0.656791,12.1565,0.5052
2055,-100,-100.0,40,3.0,2.0,-61.84,11.0711,-83,34.1,101.75,1.098266,0.689598,13.9316,0.4504
2054,-100,-100.0,40,3.0,1.5,-61.29,11.0935,-82,29.99,108.07,0.950104,0.623461,13.8463,0.506
2056,-100,-100.0,40,3.0,2.5,-61.53,11.4445,-86,33.04,103.31,1.061247,0.632442,9.9431,0.459
2059,-100,-100.0,40,3.0,4.0,-61.49,12.0201,-91,36.05,98.62,1.15221,0.738087,14.7699,0.4476
2057,-100,-100.0,40,3.0,3.0,-61.12,11.3859,-88,32.65,103.93,1.030012,0.64108,10.9967,0.4792
2058,-100,-100.0,40,3.0,3.5,-61.82,11.5136,-90,32.45,104.24,1.021367,0.605236,9.2735,0.5222
2060,-100,-100.0,40,3.0,4.5,-62.52,11.3259,-95,34.57,100.95,1.093497,0.62649,7.5928,0.5504
2061,-100,-100.0,40,3.0,5.0,-62.83,11.4894,-100,37.64,96.23,1.146731,0.674165,9.2864,0.5081
2062,-100,-100.0,40,3.0,5.5,-62.83,12.0403,-100,35.49,99.54,1.145103,0.630128,7.2385,0.5639
2063,-100,-100.0,40,3.0,6.0,-60.94,12.7159,-95,32.31,104.41,1.041749,0.620743,10.541,0.5466
2064,-100,-100.0,40,3.0,6.5,-61.17,12.2266,-100,34.32,101.35,1.079813,0.640815,9.5987,0.5522
2065,-100,-100.0,40,3.0,7.0,-62.35,13.1009,-100,32.74,103.82,1.034286,0.615275,7.37,0.5839
2067,-100,-100.0,40,3.0,8.0,-61.84,13.9245,-100,34.72,100.75,1.08706,0.642428,8.9506,0.5281
2066,-100,-100.0,40,3.0,7.5,-61.91,13.4396,-100,31.96,104.95,1.003974,0.625409,10.2502,0.4691
2068,-100,-100.0,40,3.0,8.5,-62.53,13.8703,-100,33.36,102.79,1.077393,0.625319,7.9702,0.5509
2069,-100,-100.0,40,3.0,9.0,-60.99,13.8684,-100,36.26,98.39,1.145591,0.679861,11.0748,0.4848
2070,-100,-100.0,40,3.0,9.5,-62.15,14.582,-100,37.17,96.94,1.189821,0.719698,11.9965,0.4643
2071,-100,-100.0,40,3.0,10.0,-62.08,14.8636,-100,33.84,102.06,1.084477,0.716391,15.1028,0.4206
2073,-100,-100.0,40,3.0,11.0,-61.8,15.6472,-100,34.28,101.42,1.107054,0.68452,13.5286,0.4686
2072,-100,-100.0,40,3.0,10.5,-61.49,15.0788,-100,33.64,102.4,1.028551,0.612379,9.8538,0.5273
2074,-100,-100.0,40,3.0,11.5,-62.05,15.5348,-100,33.57,102.52,1.071499,0.678978,13.2817,0.5339
2075,-100,-100.0,40,3.0,12.0,-61.01,16.3473,-100,35.02,100.28,1.103167,0.621296,7.9892,0.5525
2076,-100,-100.0,40,3.0,12.5,-61.91,16.2387,-100,33.93,101.98,1.075722,0.613923,6.3827,0.5787
2077,-100,-100.0,40,3.0,13.0,-62.2,16.5282,-100,33.55,102.52,1.056387,0.620816,9.5691,0.5172
2079,-100,-100.0,40,3.0,14.0,-62.88,17.2019,-100,34.3,101.39,1.056504,0.688545,13.5453,0.4839
2078,-100,-100.0,40,3.0,13.5,-61.48,17.4307,-100,32.53,104.12,1.03809,0.616861,10.1052,0.5778
2080,-100,-100.0,40,3.25,1.0,-60.51,11.1058,-79,36.74,97.6,1.16159,0.751472,14.6421,0.4265
2082,-100,-100.0,40,3.25,2.0,-57.85,11.9164,-81,31.98,104.96,1.04156,0.633085,12.3728,0.4891
2083,-100,-100.0,40,3.25,2.5,-59.18,11.1144,-82,31.68,105.42,1.018345,0.564506,7.8315,0.575
2081,-100,-100.0,40,3.25,1.5,-58.54,12.1865,-80,33.13,103.16,1.062185,0.622167,10.2096,0.473
2084,-100,-100.0,40,3.25,3.0,-59.45,12.2726,-88,31.29,106.04,0.996794,0.621224,12.789,0.473
2085,-100,-100.0,40,3.25,3.5,-59.04,11.7296,-87,35.39,99.67,1.091396,0.635036,9.5702,0.4853
2086,-100,-100.0,40,3.25,4.0,-59.25,12.6061,-89,30.13,107.85,0.981465,0.558951,6.3035,0.6126
2088,-100,-100.0,40,3.25,5.0,-59.09,12.3688,-93,34.15,101.64,1.085055,0.749532,17.4328,0.3912
2087,-100,-100.0,40,3.25,4.5,-59.75,12.3434,-92,31.93,105.07,1.007156,0.597109,8.4688,0.544
2089,-100,-100.0,40,3.25,5.5,-58.91,13.3423,-96,32.17,104.68,0.992551,0.620622,11.3601,0.4976
2090,-100,-100.0,40,3.25,6.0,-58.89,12.9444,-97,31.51,105.69,1.003514,0.592399,10.6084,0.5368
2091,-100,-100.0,40,3.25,6.5,-58.96,13.1693,-98,34.04,101.79,1.088197,0.699931,13.1595,0.4401
2092,-100,-100.0,40,3.25,7.0,-57.94,14.3766,-100,30.36,107.45,0.990458,0.588779,10.6008,0.5248
2094,-100,-100.0,40,3.25,8.0,-57.88,13.9706,-100,35.79,99.06,1.15192,0.791315,17.7628,0.3913
2095,-100,-100.0,40,3.25,8.5,-60.08,14.515,-100,33.11,103.21,1.034595,0.70482,15.7284,0.4535
2093,-100,-100.0,40,3.25,7.5,-59.32,14.4416,-100,30.92,106.65,0.999768,0.544547,6.158,0.6103
2096,-100,-100.0,40,3.25,9.0,-58.81,14.8648,-100,33.01,103.37,1.052167,0.691591,15.3316,0.4973
2097,-100,-100.0,40,3.25,9.5,-57.75,15.25,-100,30.45,107.35,0.966742,0.608777,11.0152,0.5251
2098,-100,-100.0,40,3.25,10.0,-58.75,15.6797,-100,32.43,104.23,1.01954,0.613107,10.3885,0.5094
2099,-100,-100.0,40,3.25,10.5,-57.4,15.3215,-100,34.06,101.75,1.079976,0.637742,9.4542,0.5505
2100,-100,-100.0,40,3.25,11.0,-58.29,16.4932,-100,31.86,105.2,1.025963,0.604587,10.8558,0.5378
2101,-100,-100.0,40,3.25,11.5,-59.48,16.6595,-100,32.06,104.84,1.011546,0.644043,12.4037,0.4243
2102,-100,-100.0,40,3.25,12.0,-58.28,16.8552,-100,34.73,100.8,1.077975,0.669032,13.8946,0.4988
2103,-100,-100.0,40,3.25,12.5,-59.86,16.9163,-100,36.44,98.05,1.143907,0.658253,9.8522,0.4914
2104,-100,-100.0,40,3.25,13.0,-57.59,17.7599,-100,35.26,99.87,1.109644,0.697694,13.4284,0.5017
2105,-100,-100.0,40,3.25,13.5,-58.84,17.7304,-100,33.94,101.94,1.087637,0.607728,7.8524,0.5235
2107,-100,-100.0,40,3.5,1.0,-55.65,12.3539,-76,39.96,92.66,1.273214,0.823608,15.9852,0.3728
2106,-100,-100.0,40,3.25,14.0,-57.99,18.3262,-100,38.21,95.34,1.197911,0.786082,15.5151,0.3944
2108,-100,-100.0,40,3.5,1.5,-56.09,12.0187,-77,33.81,102.17,1.052599,0.636101,10.6178,0.4773
2109,-100,-100.0,40,3.5,2.0,-55.79,11.9953,-79,30.49,107.28,1.005874,0.567155,7.5984,0.5901
2110,-100,-100.0,40,3.5,2.5,-56.36,13.43,-85,34.7,100.75,1.117795,0.651244,9.9096,0.5272
2111,-100,-100.0,40,3.5,3.0,-56.08,12.3958,-84,30.13,107.77,0.95869,0.567885,9.1832,0.5623
2112,-100,-100.0,40,3.5,3.5,-54.15,13.6029,-87,34.35,101.29,1.094534,0.719253,15.7796,0.4411
2113,-100,-100.0,40,3.5,4.0,-55.84,13.2207,-87,33.23,103.03,1.061973,0.639646,11.3859,0.5075
2115,-100,-100.0,40,3.5,5.0,-56.8,13.5846,-91,32.25,104.51,1.034545,0.672821,14.3556,0.4143
2114,-100,-100.0,40,3.5,4.5,-55.77,13.1041,-91,34.53,101.02,1.08739,0.612261,7.5803,0.5591
2116,-100,-100.0,40,3.5,5.5,-56.43,13.772,-93,32.79,103.74,1.067867,0.603559,7.9564,0.5499
2117,-100,-100.0,40,3.5,6.0,-53.86,13.9971,-93,35.05,100.25,1.127864,0.662282,10.2309,0.5061
2118,-100,-100.0,40,3.5,6.5,-55.38,14.3158,-99,32.36,104.34,1.043138,0.634526,10.58,0.5288
2119,-100,-100.0,40,3.5,7.0,-55.39,15.6876,-100,33.68,102.31,1.065721,0.627577,9.8607,0.469
2120,-100,-100.0,40,3.5,7.5,-55.99,14.3879,-100,32.11,104.71,1.037627,0.570003,5.6254,0.5868
2121,-100,-100.0,40,3.5,8.0,-56.97,13.9436,-100,32.24,104.54,1.050733,0.656147,13.6618,0.5
2122,-100,-100.0,40,3.5,8.5,-55.59,15.327,-100,30.34,107.51,1.015129,0.557134,6.895,0.5779
2123,-100,-100.0,40,3.5,9.0,-55.97,15.5356,-100,35.61,99.34,1.120578,0.709974,13.9704,0.3969
2124,-100,-100.0,40,3.5,9.5,-57.66,15.2469,-100,34.17,101.59,1.08908,0.656819,12.36,0.5293
2125,-100,-100.0,40,3.5,10.0,-54.81,15.784,-100,32.69,103.86,1.01753,0.590757,7.626,0.5372
2127,-100,-100.0,40,3.5,11.0,-56.53,16.7481,-100,34.78,100.6,1.091268,0.663836,12.2093,0.5171
2126,-100,-100.0,40,3.5,10.5,-55.73,16.5363,-100,34.03,101.83,1.07795,0.645417,10.9152,0.5362
2128,-100,-100.0,40,3.5,11.5,-56.26,16.3235,-100,32.62,103.97,1.03195,0.665363,12.8481,0.471
2129,-100,-100.0,40,3.5,12.0,-55.04,17.2104,-100,30.49,107.24,0.970765,0.631865,11.811,0.3973
2130,-100,-100.0,40,3.5,12.5,-56.1,17.2181,-100,32.17,104.62,1.037788,0.603549,7.4945,0.5667
2131,-100,-100.0,40,3.5,13.0,-55.51,18.4187,-100,34.29,101.41,1.064244,0.621971,7.8717,0.5358
2132,-100,-100.0,40,3.5,13.5,-56.0,18.051,-100,34.17,101.6,1.083284,0.613525,9.7124,0.5261
2134,-100,-100.0,40,3.75,1.0,-53.14,12.6821,-73,32.15,104.69,1.01724,0.670462,12.5343,0.4695
2133,-100,-100.0,40,3.5,14.0,-55.75,19.0234,-100,33.01,103.35,1.057536,0.599109,6.3582,0.5795
2135,-100,-100.0,40,3.75,1.5,-51.99,13.3223,-78,31.45,105.81,1.022062,0.599986,8.7711,0.567
2136,-100,-100.0,40,3.75,2.0,-52.53,14.1236,-78,33.38,102.79,1.034063,0.620683,9.4817,0.5098
2137,-100,-100.0,40,3.75,2.5,-52.54,14.1461,-80,34.21,101.54,1.108086,0.609971,7.7137,0.56
2139,-100,-100.0,40,3.75,3.5,-50.98,15.027,-84,32.67,103.84,1.055444,0.643322,10.9548,0.5397
2138,-100,-100.0,40,3.75,3.0,-52.29,13.8914,-81,28.95,109.61,0.904351,0.572532,11.3612,0.5516
2140,-100,-100.0,40,3.75,4.0,-55.66,13.3706,-84,34.02,101.83,1.096638,0.692262,13.9254,0.4242
2143,-100,-100.0,40,3.75,5.5,-52.79,15.1205,-96,32.52,104.13,1.02356,0.599859,7.0543,0.5136
2142,-100,-100.0,40,3.75,5.0,-52.47,14.7548,-92,34.44,101.17,1.10492,0.676675,11.887,0.4865
2141,-100,-100.0,40,3.75,4.5,-52.02,13.6278,-88,34.86,100.51,1.112672,0.633409,8.9155,0.4737
2144,-100,-100.0,40,3.75,6.0,-54.14,15.2722,-96,32.06,104.83,1.007548,0.622111,11.5799,0.4783
2145,-100,-100.0,40,3.75,6.5,-52.52,14.6361,-96,32.14,104.72,1.023936,0.593748,7.9962,0.5787
2146,-100,-100.0,40,3.75,7.0,-54.33,14.2251,-98,32.76,103.77,1.049353,0.636581,11.8668,0.4463
2147,-100,-100.0,40,3.75,7.5,-52.39,15.3098,-97,33.48,102.64,1.069894,0.626716,9.3898,0.5245
2148,-100,-100.0,40,3.75,8.0,-51.88,16.3126,-99,35.71,99.24,1.13341,0.788207,17.4819,0.3836
2149,-100,-100.0,40,3.75,8.5,-52.35,15.0138,-100,33.06,103.32,1.06025,0.595526,6.455,0.5665
2150,-100,-100.0,40,3.75,9.0,-52.53,16.2451,-100,33.32,102.88,1.06015,0.631855,9.9069,0.4905
2151,-100,-100.0,40,3.75,9.5,-52.3,16.4113,-100,33.72,102.31,1.045436,0.582486,7.6432,0.5337
2152,-100,-100.0,40,3.75,10.0,-52.81,16.6522,-100,33.7,102.29,1.068935,0.580212,6.5238,0.5598
2153,-100,-100.0,40,3.75,10.5,-51.52,16.573,-100,31.18,106.21,0.983997,0.607091,11.6316,0.4788
2154,-100,-100.0,40,3.75,11.0,-53.92,17.2958,-100,35.38,99.68,1.132331,0.669737,9.3789,0.4905
2155,-100,-100.0,40,3.75,11.5,-50.54,17.6785,-100,33.93,102.0,1.077623,0.734064,15.5421,0.4227
2156,-100,-100.0,40,3.75,12.0,-52.57,17.7892,-100,34.79,100.65,1.096673,0.669843,12.2689,0.4913
2157,-100,-100.0,40,3.75,12.5,-53.08,18.4471,-100,31.93,105.06,1.03721,0.562499,6.6852,0.5625
2158,-100,-100.0,40,3.75,13.0,-52.3,18.8018,-100,30.88,106.67,1.006897,0.591689,8.7359,0.5482
2160,-100,-100.0,40,3.75,14.0,-53.1,18.5596,-100,32.7,103.82,1.052162,0.597408,7.9763,0.5522
2159,-100,-100.0,40,3.75,13.5,-52.45,18.6141,-100,34.24,101.48,1.051003,0.594516,7.7371,0.5333
2161,-100,-100.0,40,4.0,1.0,-50.23,13.4709,-72,30.74,106.87,1.001018,0.597989,9.8435,0.4954
2162,-100,-100.0,40,4.0,1.5,-49.6,15.0903,-77,31.1,106.31,1.009692,0.592112,8.0331,0.5762
2163,-100,-100.0,40,4.0,2.0,-49.33,14.8419,-78,30.73,106.88,0.988962,0.626577,13.1873,0.4841
2164,-100,-100.0,40,4.0,2.5,-49.47,13.9552,-77,33.36,102.85,1.056058,0.611042,7.7003,0.5341
2165,-100,-100.0,40,4.0,3.0,-49.4,15.7504,-81,32.77,103.78,1.045777,0.680842,14.7397,0.401
2166,-100,-100.0,40,4.0,3.5,-48.59,15.1246,-80,32.31,104.45,0.99841,0.602281,10.0443,0.5336
2167,-100,-100.0,40,4.0,4.0,-48.97,15.4622,-83,31.24,106.13,1.013707,0.572285,8.545,0.59
2168,-100,-100.0,40,4.0,4.5,-49.48,14.9785,-87,33.11,103.27,1.039112,0.600183,9.3591,0.5268
2169,-100,-100.0,40,4.0,5.0,-49.2,14.8333,-87,28.81,109.85,0.938688,0.586126,11.4036,0.5394
2170,-100,-100.0,40,4.0,5.5,-49.54,15.3039,-87,30.83,106.72,0.987332,0.577723,8.5455,0.5492
2172,-100,-100.0,40,4.0,6.5,-47.22,16.088,-93,33.44,102.74,1.035169,0.627446,11.1944,0.5263
2171,-100,-100.0,40,4.0,6.0,-49.39,15.5085,-91,31.92,105.06,1.038481,0.593755,9.0959,0.5264
2173,-100,-100.0,40,4.0,7.0,-50.37,15.5176,-98,32.62,103.89,1.039734,0.653222,13.599,0.4463
2174,-100,-100.0,40,4.0,7.5,-50.06,16.9451,-98,31.84,105.12,1.00409,0.598996,10.2608,0.4652
2175,-100,-100.0,40,4.0,8.0,-49.99,16.2215,-100,31.32,105.97,1.013398,0.573929,6.2597,0.5815
2177,-100,-100.0,40,4.0,9.0,-50.97,16.6313,-100,33.38,102.86,1.063349,0.647974,12.201,0.4472
2176,-100,-100.0,40,4.0,8.5,-50.04,16.6199,-100,31.82,105.2,1.014928,0.628679,12.889,0.5414
2179,-100,-100.0,40,4.0,10.0,-48.98,17.8417,-100,33.38,102.8,1.056933,0.63697,9.0646,0.5217
2178,-100,-100.0,40,4.0,9.5,-49.64,17.7718,-100,32.28,104.47,1.020914,0.60552,9.7548,0.5058
2180,-100,-100.0,40,4.0,10.5,-49.3,18.1281,-100,30.98,106.49,0.992042,0.587969,9.5254,0.5094
2181,-100,-100.0,40,4.0,11.0,-49.23,18.2465,-100,32.43,104.25,1.042349,0.591691,7.652,0.5248
2182,-100,-100.0,40,4.0,11.5,-49.99,18.3283,-100,32.47,104.19,1.057615,0.570387,7.6126,0.5392
2184,-100,-100.0,40,4.0,12.5,-51.05,18.8386,-100,33.51,102.61,1.072687,0.680318,13.2382,0.4337
2183,-100,-100.0,40,4.0,12.0,-50.25,19.1664,-100,30.8,106.72,1.00039,0.594668,9.4082,0.5443
2185,-100,-100.0,40,4.0,13.0,-48.78,19.6981,-100,32.83,103.6,1.047239,0.673743,13.1567,0.4355
2186,-100,-100.0,40,4.0,13.5,-51.0,19.6679,-100,31.0,106.49,1.013727,0.562475,7.1376,0.5883
2187,-100,-100.0,40,4.0,14.0,-48.56,20.6107,-100,32.67,103.86,1.049617,0.640478,12.068,0.453
2188,-100,-100.0,40,4.25,1.0,-45.57,15.3388,-71,34.04,101.76,1.067833,0.605448,8.1941,0.5404
2189,-100,-100.0,40,4.25,1.5,-45.06,16.1736,-71,33.61,102.46,1.067104,0.628582,9.9461,0.5133
2190,-100,-100.0,40,4.25,2.0,-44.9,15.244,-74,31.54,105.62,1.010975,0.592838,8.7709,0.5806
2191,-100,-100.0,40,4.25,2.5,-46.56,15.8599,-75,31.44,105.83,1.003936,0.582291,7.8285,0.5485
2192,-100,-100.0,40,4.25,3.0,-47.84,16.762,-83,30.96,106.53,1.000867,0.583626,8.4922,0.5295
2193,-100,-100.0,40,4.25,3.5,-46.77,14.2428,-78,32.16,104.67,1.035364,0.679252,14.3072,0.4617
2194,-100,-100.0,40,4.25,4.0,-46.96,14.6311,-85,36.4,98.14,1.148792,0.863548,19.3932,0.347
2196,-100,-100.0,40,4.25,5.0,-46.41,16.7827,-85,33.26,103.0,1.074293,0.607302,8.5595,0.5313
2195,-100,-100.0,40,4.25,4.5,-44.22,16.6076,-85,31.2,106.19,1.007899,0.661626,14.2946,0.4031
2197,-100,-100.0,40,4.25,5.5,-46.61,16.8041,-86,32.83,103.64,1.030364,0.612653,9.3668,0.5195
2199,-100,-100.0,40,4.25,6.5,-46.73,17.2529,-91,33.32,102.91,1.062511,0.659774,11.9381,0.5301
2198,-100,-100.0,40,4.25,6.0,-45.41,16.5618,-88,32.41,104.29,1.037649,0.636979,13.0986,0.5185
2202,-100,-100.0,40,4.25,8.0,-48.04,17.3328,-97,33.68,102.3,1.06776,0.645791,10.9572,0.5142
2200,-100,-100.0,40,4.25,7.0,-47.38,16.4579,-90,28.9,109.72,0.932946,0.566132,9.6209,0.4801
2201,-100,-100.0,40,4.25,7.5,-46.45,16.3933,-97,31.46,105.77,1.019661,0.578358,8.9029,0.5892
2203,-100,-100.0,40,4.25,8.5,-46.14,16.5444,-100,34.67,100.81,1.103471,0.655333,9.1665,0.512
2204,-100,-100.0,40,4.25,9.0,-47.72,17.2683,-98,32.22,104.55,1.035575,0.619822,10.6062,0.5395
2206,-100,-100.0,40,4.25,10.0,-47.2,17.5242,-100,31.88,105.13,1.053204,0.595173,8.1831,0.4974
2205,-100,-100.0,40,4.25,9.5,-46.21,18.1252,-100,30.72,106.92,1.018598,0.569506,5.2853,0.6146
2207,-100,-100.0,40,4.25,10.5,-46.57,18.298,-100,32.5,104.11,1.052758,0.6294,10.6774,0.5419
2208,-100,-100.0,40,4.25,11.0,-46.63,18.2462,-100,32.51,104.14,1.037513,0.649991,11.7819,0.4928
2209,-100,-100.0,40,4.25,11.5,-46.72,17.5478,-100,31.32,105.93,1.014838,0.593217,7.848,0.5706
2211,-100,-100.0,40,4.25,12.5,-46.39,19.7689,-100,33.49,102.64,1.064196,0.626321,11.1393,0.458
2210,-100,-100.0,40,4.25,12.0,-46.48,18.9578,-100,29.6,108.67,0.956034,0.617591,13.596,0.4905
2215,-100,-100.0,40,4.5,1.0,-43.15,15.5098,-70,33.38,102.78,1.05166,0.752,17.6617,0.3989
2214,-100,-100.0,40,4.25,14.0,-47.53,20.7323,-100,33.71,102.31,1.088109,0.622767,8.5792,0.5274
2212,-100,-100.0,40,4.25,13.0,-45.65,19.8177,-100,30.79,106.76,1.010077,0.61447,11.1653,0.5082
2213,-100,-100.0,40,4.25,13.5,-45.96,20.1057,-100,31.83,105.18,1.036248,0.562108,5.1886,0.6156
2216,-100,-100.0,40,4.5,1.5,-44.78,15.0048,-68,31.83,105.2,1.045155,0.649673,13.9023,0.5018
2217,-100,-100.0,40,4.5,2.0,-40.84,16.4143,-71,31.66,105.47,1.016377,0.679394,15.4137,0.4414
2218,-100,-100.0,40,4.5,2.5,-42.38,16.696,-77,33.04,103.29,1.051499,0.614332,9.0642,0.5426
2220,-100,-100.0,40,4.5,3.5,-44.29,15.8365,-76,34.42,101.14,1.094542,0.70425,15.034,0.4577
2219,-100,-100.0,40,4.5,3.0,-45.36,15.8674,-77,28.03,111.02,0.904778,0.564683,11.5383,0.5226
2221,-100,-100.0,40,4.5,4.0,-43.88,16.6,-79,31.29,106.02,1.01502,0.606258,10.5739,0.5659
2222,-100,-100.0,40,4.5,4.5,-44.21,16.2576,-84,31.91,105.06,1.038911,0.616112,9.5663,0.5683
2223,-100,-100.0,40,4.5,5.0,-42.95,16.7221,-85,34.45,101.15,1.108184,0.640524,8.6297,0.4843
2224,-100,-100.0,40,4.5,5.5,-42.81,17.219,-85,31.55,105.6,1.018992,0.587311,8.5027,0.5712
2225,-100,-100.0,40,4.5,6.0,-42.78,17.1484,-85,31.21,106.17,0.98575,0.609543,11.971,0.452
2226,-100,-100.0,40,4.5,6.5,-42.99,16.5716,-88,33.9,102.01,1.092703,0.694269,13.25,0.4306
2227,-100,-100.0,40,4.5,7.0,-44.2,17.5288,-89,32.33,104.44,1.045075,0.691746,14.8989,0.3668
2228,-100,-100.0,40,4.5,7.5,-41.24,17.4896,-89,32.48,104.17,1.052487,0.617893,9.8484,0.4946
2229,-100,-100.0,40,4.5,8.0,-42.32,18.4937,-99,34.15,101.67,1.059016,0.593179,8.6594,0.5357
2230,-100,-100.0,40,4.5,8.5,-43.06,18.5718,-100,33.67,102.35,1.044719,0.597474,7.9822,0.5589
2231,-100,-100.0,40,4.5,9.0,-42.87,19.0887,-99,32.86,103.62,1.041809,0.599597,8.5422,0.5404
2232,-100,-100.0,40,4.5,9.5,-42.33,19.4544,-100,34.03,101.86,1.094845,0.621907,9.0629,0.5421
2233,-100,-100.0,40,4.5,10.0,-42.27,19.0242,-99,32.64,103.91,1.054227,0.624744,10.6973,0.4993
2234,-100,-100.0,40,4.5,10.5,-43.99,18.7716,-100,34.24,101.47,1.10101,0.631681,8.1076,0.5415
2235,-100,-100.0,40,4.5,11.0,-44.44,19.4754,-100,35.29,99.88,1.123388,0.740321,15.4923,0.3896
2236,-100,-100.0,40,4.5,11.5,-42.84,20.3227,-100,34.6,100.91,1.110495,0.632323,9.2571,0.4765
2237,-100,-100.0,40,4.5,12.0,-42.4,19.9063,-100,31.84,105.17,1.023022,0.605226,10.5924,0.5677
2239,-100,-100.0,40,4.5,13.0,-43.58,20.1055,-100,32.53,104.15,1.03161,0.620163,11.4214,0.533
2238,-100,-100.0,40,4.5,12.5,-43.56,19.8128,-100,35.85,99.02,1.075662,0.653052,12.0951,0.4712
2240,-100,-100.0,40,4.5,13.5,-43.45,21.0765,-100,32.4,104.31,1.061789,0.618223,10.1144,0.553
2241,-100,-100.0,40,4.5,14.0,-42.81,21.151,-100,31.97,104.98,0.971739,0.604585,10.8157,0.4652
2242,-100,-100.0,40,4.75,1.0,-42.7,16.6974,-68,33.1,103.25,1.05144,0.625819,11.2081,0.4593
2244,-100,-100.0,40,4.75,2.0,-40.48,16.2911,-70,35.19,100.0,1.136969,0.649345,10.6726,0.5254
2243,-100,-100.0,40,4.75,1.5,-39.6,16.29,-70,31.9,105.11,1.00959,0.59149,9.2572,0.5267
2245,-100,-100.0,40,4.75,2.5,-39.84,17.6394,-72,31.1,106.3,0.973551,0.621777,12.3277,0.4751
2246,-100,-100.0,40,4.75,3.0,-41.88,16.5214,-74,31.83,105.17,1.03466,0.627245,11.1372,0.4883
2247,-100,-100.0,40,4.75,3.5,-37.98,18.9902,-77,32.27,104.5,1.053229,0.623425,11.303,0.489
2248,-100,-100.0,40,4.75,4.0,-40.99,16.9986,-78,31.31,106.03,1.023299,0.674688,15.32,0.425
2250,-100,-100.0,40,4.75,5.0,-41.76,17.0456,-84,33.53,102.57,1.070892,0.658578,12.9605,0.467
2249,-100,-100.0,40,4.75,4.5,-39.84,19.4225,-83,31.83,105.18,1.009472,0.602863,11.3127,0.4773
2251,-100,-100.0,40,4.75,5.5,-39.88,18.0247,-81,30.12,107.84,0.968407,0.548247,7.2037,0.5808
2252,-100,-100.0,40,4.75,6.0,-39.45,18.322,-86,31.33,105.97,1.021344,0.574259,7.3599,0.5929
2253,-100,-100.0,40,4.75,6.5,-39.89,17.684,-88,29.1,109.36,0.948137,0.599911,12.1252,0.4663
2254,-100,-100.0,40,4.75,7.0,-40.01,18.2381,-90,31.47,105.72,1.014461,0.560602,7.884,0.5766
2256,-100,-100.0,40,4.75,8.0,-41.78,19.006,-96,31.68,105.43,1.036586,0.640431,12.808,0.4656
2255,-100,-100.0,40,4.75,7.5,-39.32,18.4111,-91,32.53,104.11,1.027772,0.598069,10.1373,0.4635
2257,-100,-100.0,40,4.75,8.5,-39.64,19.227,-93,33.37,102.83,1.071943,0.720297,16.246,0.4229
2258,-100,-100.0,40,4.75,9.0,-40.78,19.8087,-98,31.89,105.08,1.039212,0.557871,6.3619,0.5951
2259,-100,-100.0,40,4.75,9.5,-40.17,18.7657,-95,32.07,104.83,1.041958,0.602187,8.9968,0.4768
2260,-100,-100.0,40,4.75,10.0,-39.44,21.2652,-100,33.33,102.89,1.036917,0.601803,9.9123,0.5642
2262,-100,-100.0,40,4.75,11.0,-39.46,20.5242,-100,33.09,103.29,1.075531,0.733433,17.6596,0.4305
2261,-100,-100.0,40,4.75,10.5,-40.34,19.6262,-99,32.91,103.53,1.037527,0.706182,16.4177,0.4246
2263,-100,-100.0,40,4.75,11.5,-38.58,20.0641,-100,32.14,104.72,1.055966,0.617303,10.2206,0.5283
2264,-100,-100.0,40,4.75,12.0,-40.28,21.0742,-100,30.6,107.09,0.99194,0.555796,7.3926,0.5512
2266,-100,-100.0,40,4.75,13.0,-40.6,20.3245,-100,34.05,101.77,1.097022,0.626574,9.5779,0.5151
2265,-100,-100.0,40,4.75,12.5,-40.02,20.1148,-100,32.99,103.41,1.059884,0.621606,10.304,0.4794
2268,-100,-100.0,40,4.75,14.0,-40.14,21.6663,-100,31.24,106.09,1.012827,0.620027,12.8906,0.534
2267,-100,-100.0,40,4.75,13.5,-38.82,22.3181,-100,30.34,107.54,0.989607,0.605408,10.7663,0.4824
2269,-100,-100.0,40,5.0,1.0,-37.72,18.5679,-63,33.48,102.64,1.066267,0.643813,12.6666,0.4885
2270,-100,-100.0,40,5.0,1.5,-38.51,17.7731,-67,31.8,105.2,1.023929,0.614258,11.197,0.5791
2271,-100,-100.0,40,5.0,2.0,-37.78,17.3935,-68,32.38,104.36,1.055114,0.619178,10.5983,0.5424
2274,-100,-100.0,40,5.0,3.5,-40.41,16.5091,-74,33.87,102.04,1.08492,0.769361,17.9999,0.4002
2272,-100,-100.0,40,5.0,2.5,-36.41,17.0061,-70,29.33,109.09,0.918708,0.560225,11.0188,0.5482
2273,-100,-100.0,40,5.0,3.0,-37.51,18.2232,-73,30.97,106.55,1.008623,0.579027,7.9276,0.5758
2275,-100,-100.0,40,5.0,4.0,-39.46,18.2062,-75,32.2,104.62,1.014238,0.626266,12.0186,0.4511
2276,-100,-100.0,40,5.0,4.5,-38.28,18.1095,-78,31.99,104.91,1.047782,0.603957,10.0543,0.5095
2277,-100,-100.0,40,5.0,5.0,-37.29,18.1488,-80,30.81,106.8,1.006933,0.599397,12.2208,0.5053
2278,-100,-100.0,40,5.0,5.5,-38.56,16.8311,-81,31.73,105.34,1.013159,0.663803,14.9239,0.4739
2280,-100,-100.0,40,5.0,6.5,-35.58,19.7395,-85,36.14,98.56,1.131922,0.68195,13.078,0.5144
2279,-100,-100.0,40,5.0,6.0,-38.09,18.9562,-88,32.22,104.59,1.047716,0.613983,9.0284,0.5381
2281,-100,-100.0,40,5.0,7.0,-37.43,19.9456,-83,32.91,103.56,1.040928,0.584598,7.6619,0.5577
2282,-100,-100.0,40,5.0,7.5,-38.18,20.7063,-89,31.38,105.93,0.999932,0.592773,8.0848,0.5111
2283,-100,-100.0,40,5.0,8.0,-39.44,19.2988,-91,34.24,101.44,1.076273,0.663864,12.4547,0.5013
2284,-100,-100.0,40,5.0,8.5,-37.52,20.0038,-92,37.24,96.82,1.189473,0.881098,19.9176,0.3664
2285,-100,-100.0,40,5.0,9.0,-38.63,20.1569,-96,31.46,105.78,1.016302,0.590074,8.7446,0.5163
2286,-100,-100.0,40,5.0,9.5,-36.2,19.4092,-94,31.29,106.05,1.004229,0.603205,11.2886,0.5378
2287,-100,-100.0,40,5.0,10.0,-36.58,20.5011,-93,33.11,103.17,1.070032,0.607613,8.4421,0.5713
2289,-100,-100.0,40,5.0,11.0,-37.43,20.318,-100,29.83,108.32,0.978803,0.54337,6.8755,0.5825
2288,-100,-100.0,40,5.0,10.5,-37.8,21.5638,-95,31.55,105.62,1.029837,0.569072,6.9337,0.6038
2290,-100,-100.0,40,5.0,11.5,-36.95,21.2696,-100,36.26,98.37,1.1676,0.740371,15.5206,0.4159
2291,-100,-100.0,40,5.0,12.0,-36.5,21.6839,-100,32.38,104.37,1.043031,0.628416,11.6143,0.5111
2292,-100,-100.0,40,5.0,12.5,-36.34,21.8035,-100,31.7,105.41,1.004002,0.555982,5.3949,0.5797
2293,-100,-100.0,40,5.0,13.0,-35.91,22.1613,-100,33.69,102.3,1.079894,0.69212,13.9568,0.43
2294,-100,-100.0,40,5.0,13.5,-37.29,22.1457,-100,30.84,106.7,1.018987,0.590642,9.8198,0.5609
2295,-100,-100.0,40,5.0,14.0,-36.85,22.0836,-100,32.85,103.61,1.059176,0.585753,6.7308,0.5541
2296,-100,-95.0,40,1.0,1.0,-86.65,3.6377,-96,35.72,99.19,1.103755,0.634346,9.1415,0.4993
2297,-100,-95.0,40,1.0,1.5,-86.82,4.9516,-100,40.25,92.18,1.224382,0.792108,15.5136,0.2882
2298,-100,-95.0,40,1.0,2.0,-86.36,4.596,-100,37.71,96.13,1.1582,0.695792,13.1593,0.4244
2299,-100,-95.0,40,1.0,2.5,-87.3,4.1205,-100,37.21,96.89,1.161536,0.632056,6.9665,0.4906
2301,-100,-95.0,40,1.0,3.5,-86.56,5.148,-100,41.58,90.13,1.298953,0.749495,12.4706,0.3994
2302,-100,-95.0,40,1.0,4.0,-86.08,5.5241,-100,39.97,92.62,1.258245,0.83161,16.4749,0.32
2300,-100,-95.0,40,1.0,3.0,-86.49,4.8524,-100,37.32,96.71,1.160934,0.711905,14.2449,0.3975
2303,-100,-95.0,40,1.0,4.5,-87.06,6.0222,-100,41.63,90.04,1.314357,0.809613,15.1277,0.3623
2304,-100,-95.0,40,1.0,5.0,-85.97,6.0089,-100,45.69,83.79,1.436421,0.894725,16.83,0.3218
2305,-100,-95.0,40,1.0,5.5,-85.9,6.7424,-100,45.05,84.76,1.401428,0.805844,14.069,0.3684
2306,-100,-95.0,40,1.0,6.0,-86.42,6.7272,-100,41.96,89.56,1.297514,0.695409,11.3473,0.4237
2307,-100,-95.0,40,1.0,6.5,-86.25,7.2316,-100,48.13,80.0,1.539527,0.833171,9.4346,0.2862
2309,-100,-95.0,40,1.0,7.5,-86.2,7.8693,-100,47.82,80.5,1.522111,0.889064,15.6448,0.3165
2308,-100,-95.0,40,1.0,7.0,-86.01,7.7675,-100,45.61,83.95,1.434677,0.734696,10.0276,0.3927
2310,-100,-95.0,40,1.0,8.0,-86.55,8.2831,-100,50.12,76.92,1.625271,0.798877,9.4423,0.3688
2311,-100,-95.0,40,1.0,8.5,-86.71,8.4998,-100,48.96,78.78,1.571623,0.716393,8.1667,0.3904
2312,-100,-95.0,40,1.0,9.0,-85.79,9.0983,-100,46.72,82.24,1.469738,0.780283,11.8184,0.3889
2313,-100,-95.0,40,1.0,9.5,-85.73,9.3116,-100,50.82,75.89,1.631345,0.784278,10.7361,0.366
2314,-100,-95.0,40,1.0,10.0,-85.3,9.8742,-100,50.7,76.06,1.639795,0.845361,12.7746,0.3035
2315,-100,-95.0,40,1.0,10.5,-85.42,9.9724,-100,49.88,77.33,1.597985,0.846147,13.4753,0.3664
2316,-100,-95.0,40,1.0,11.0,-85.1,10.4317,-100,51.8,74.34,1.691733,1.005086,14.5934,0.2517
2317,-100,-95.0,40,1.0,11.5,-85.61,10.7052,-100,51.81,74.36,1.6873,0.797783,9.9031,0.3659
2318,-100,-95.0,40,1.0,12.0,-85.85,10.8765,-100,50.62,76.22,1.627965,0.804616,12.0297,0.3458
2319,-100,-95.0,40,1.0,12.5,-84.16,11.7082,-100,49.87,77.38,1.599985,0.910104,15.4198,0.2837
2320,-100,-95.0,40,1.0,13.0,-84.83,11.8376,-100,51.55,74.77,1.664088,0.796901,11.2423,0.3477
2321,-100,-95.0,40,1.0,13.5,-84.95,12.1658,-100,52.6,73.17,1.72701,0.847852,10.8379,0.2756
2322,-100,-95.0,40,1.0,14.0,-84.17,12.4566,-100,55.38,68.83,1.863253,1.136965,14.4391,0.22
2323,-100,-95.0,40,1.25,1.0,-83.6,5.3698,-95,34.28,101.43,1.090267,0.613319,7.1665,0.5303
2324,-100,-95.0,40,1.25,1.5,-83.21,5.6116,-97,35.66,99.31,1.113928,0.683592,12.0728,0.4627
2326,-100,-95.0,40,1.25,2.5,-84.33,5.9918,-100,45.29,84.42,1.432399,0.882869,13.4588,0.3609
2327,-100,-95.0,40,1.25,3.0,-83.7,5.6696,-100,40.09,92.49,1.203635,0.882107,18.6769,0.3216
2325,-100,-95.0,40,1.25,2.0,-83.06,5.2241,-97,34.27,101.44,1.094863,0.762912,18.1643,0.3893
2329,-100,-95.0,40,1.25,4.0,-83.85,6.6148,-100,37.68,96.15,1.171491,0.698767,11.6518,0.4401
2328,-100,-95.0,40,1.25,3.5,-83.04,6.1768,-100,35.19,99.99,1.111172,0.670595,12.5417,0.4363
2331,-100,-95.0,40,1.25,5.0,-83.53,6.4705,-100,40.63,91.63,1.278735,0.78709,14.1774,0.336
2330,-100,-95.0,40,1.25,4.5,-84.52,6.5277,-100,37.93,95.75,1.199076,0.678769,10.5643,0.4848
2332,-100,-95.0,40,1.25,5.5,-83.29,7.4515,-100,37.72,96.1,1.153945,0.721223,15.011,0.4013
2333,-100,-95.0,40,1.25,6.0,-83.79,7.5351,-100,37.17,96.94,1.181504,0.694662,13.4469,0.4217
2334,-100,-95.0,40,1.25,6.5,-83.8,8.1772,-100,42.43,88.84,1.303045,0.777817,14.3765,0.3816
2335,-100,-95.0,40,1.25,7.0,-83.83,8.428,-100,43.3,87.54,1.359636,0.772677,11.879,0.3783
2336,-100,-95.0,40,1.25,7.5,-82.92,8.7588,-100,40.56,91.73,1.27975,0.748117,13.1285,0.3538
2337,-100,-95.0,40,1.25,8.0,-83.53,8.7138,-100,42.6,88.58,1.33739,0.743105,12.8767,0.4318
2339,-100,-95.0,40,1.25,9.0,-83.69,10.0129,-100,46.54,82.48,1.478513,0.69429,7.9828,0.4019
2338,-100,-95.0,40,1.25,8.5,-82.47,9.43,-100,43.41,87.33,1.341594,0.790161,12.7561,0.3343
2340,-100,-95.0,40,1.25,9.5,-81.79,10.9052,-100,46.19,83.06,1.460098,0.870534,15.6084,0.3305
2341,-100,-95.0,40,1.25,10.0,-82.53,10.566,-100,45.22,84.54,1.417377,0.873828,15.6776,0.3037
2342,-100,-95.0,40,1.25,10.5,-82.22,10.8587,-100,42.95,88.04,1.333273,0.809456,15.4986,0.2973
2343,-100,-95.0,40,1.25,11.0,-82.68,11.1439,-100,45.54,84.0,1.422959,0.699928,7.8572,0.3683
2345,-100,-95.0,40,1.25,12.0,-82.59,11.9191,-100,47.22,81.45,1.50689,0.680523,6.6023,0.4357
2344,-100,-95.0,40,1.25,11.5,-81.18,11.6397,-100,41.77,89.9,1.30616,0.82605,16.9603,0.3292
2346,-100,-95.0,40,1.25,12.5,-82.69,12.176,-100,48.03,80.21,1.524909,0.878399,13.976,0.2805
2347,-100,-95.0,40,1.25,13.0,-81.74,12.7336,-100,46.52,82.52,1.479829,0.718389,9.8334,0.4452
2348,-100,-95.0,40,1.25,13.5,-82.53,12.7525,-100,50.48,76.45,1.648266,0.740657,8.2236,0.3722
2349,-100,-95.0,40,1.25,14.0,-81.77,13.2445,-100,48.43,79.58,1.55404,0.767094,11.2325,0.3589
2350,-100,-95.0,40,1.5,1.0,-80.25,6.0077,-92,33.82,102.14,1.058588,0.665536,14.0938,0.5097
2351,-100,-95.0,40,1.5,1.5,-81.29,5.3988,-97,39.6,93.24,1.201461,0.67737,10.4265,0.4951
2353,-100,-95.0,40,1.5,2.5,-80.8,5.9432,-99,34.25,101.44,1.08467,0.633595,9.1929,0.5542
2352,-100,-95.0,40,1.5,2.0,-80.6,6.1562,-96,34.48,101.08,1.082469,0.585514,5.5596,0.5802
2354,-100,-95.0,40,1.5,3.0,-81.41,6.7538,-100,33.37,102.78,1.057497,0.594506,9.3546,0.4924
2355,-100,-95.0,40,1.5,3.5,-80.59,6.2743,-100,33.48,102.64,1.076306,0.623567,9.4705,0.4938
2356,-100,-95.0,40,1.5,4.0,-80.87,6.3389,-100,38.6,94.75,1.211919,0.675474,8.2924,0.4751
2357,-100,-95.0,40,1.5,4.5,-80.54,7.3683,-100,38.09,95.53,1.198652,0.658922,7.4157,0.5127
2358,-100,-95.0,40,1.5,5.0,-79.82,7.2436,-100,33.61,102.48,1.051531,0.673778,12.0795,0.3873
2359,-100,-95.0,40,1.5,5.5,-81.28,7.0827,-100,39.95,92.61,1.249339,0.797701,15.718,0.3657
2360,-100,-95.0,40,1.5,6.0,-80.54,7.5686,-100,39.43,93.49,1.227799,0.755995,13.6176,0.4428
2361,-100,-95.0,40,1.5,6.5,-79.87,8.3688,-100,36.47,97.98,1.147684,0.701702,12.5136,0.4155
2363,-100,-95.0,40,1.5,7.5,-81.25,9.595,-100,42.21,89.14,1.312904,0.759363,10.5192,0.4075
2362,-100,-95.0,40,1.5,7.0,-79.62,9.2062,-100,38.26,95.26,1.192854,0.635984,6.8616,0.519
2364,-100,-95.0,40,1.5,8.0,-80.62,9.8064,-100,39.6,93.17,1.222724,0.67785,10.0317,0.5023
2365,-100,-95.0,40,1.5,8.5,-80.3,10.1883,-100,42.5,88.74,1.332918,0.699356,8.5395,0.4824
2366,-100,-95.0,40,1.5,9.0,-79.68,10.2553,-100,38.38,95.07,1.203296,0.720312,12.2873,0.4249
2367,-100,-95.0,40,1.5,9.5,-80.66,10.6578,-100,43.33,87.45,1.349071,0.764369,12.7797,0.4188
2368,-100,-95.0,40,1.5,10.0,-80.47,10.9454,-100,47.39,81.17,1.4999,0.906065,14.0556,0.3684
2369,-100,-95.0,40,1.5,10.5,-80.16,11.1319,-100,39.91,92.72,1.261324,0.643076,8.9118,0.465
2370,-100,-95.0,40,1.5,11.0,-79.32,11.925,-100,40.92,91.18,1.263142,0.64618,8.8103,0.4889
2371,-100,-95.0,40,1.5,11.5,-79.87,12.105,-100,45.48,84.13,1.445799,0.911223,14.8916,0.2971
2372,-100,-95.0,40,1.5,12.0,-79.7,12.3148,-100,42.76,88.32,1.349865,0.767129,12.6057,0.3194
2373,-100,-95.0,40,1.5,12.5,-79.26,12.9642,-100,46.05,83.26,1.456841,0.837891,13.8616,0.364
2374,-100,-95.0,40,1.5,13.0,-79.95,12.9572,-100,46.36,82.78,1.47651,0.798496,11.8906,0.359
2375,-100,-95.0,40,1.5,13.5,-79.95,13.2904,-100,46.51,82.57,1.48351,0.728751,9.1257,0.4188
2376,-100,-95.0,40,1.5,14.0,-79.48,13.8501,-100,47.58,80.9,1.517853,0.845085,14.045,0.3626
2377,-100,-95.0,40,1.75,1.0,-78.2,6.1529,-89,36.31,98.23,1.160124,0.666588,10.5009,0.503
2378,-100,-95.0,40,1.75,1.5,-77.9,6.6918,-92,32.25,104.52,1.011654,0.612567,10.3758,0.5103
2379,-100,-95.0,40,1.75,2.0,-77.51,7.5758,-97,32.62,103.97,1.021881,0.622296,10.4672,0.5107
2380,-100,-95.0,40,1.75,2.5,-77.09,6.3419,-95,35.23,99.93,1.132286,0.678327,11.1043,0.5056
2381,-100,-95.0,40,1.75,3.0,-77.37,7.452,-97,33.8,102.15,1.064648,0.657766,12.0077,0.4849
2383,-100,-95.0,40,1.75,4.0,-78.7,7.3487,-100,35.58,99.43,1.138098,0.691473,12.4478,0.4838
2382,-100,-95.0,40,1.75,3.5,-77.51,7.646,-98,34.84,100.55,1.103132,0.652846,8.9589,0.5164
2384,-100,-95.0,40,1.75,4.5,-77.53,8.4031,-100,34.95,100.39,1.107474,0.676578,10.3062,0.4939
2385,-100,-95.0,40,1.75,5.0,-76.97,7.9393,-100,34.25,101.46,1.072768,0.676724,13.2924,0.4262
2386,-100,-95.0,40,1.75,5.5,-77.37,8.4621,-100,34.79,100.64,1.102669,0.641134,9.1077,0.5165
2388,-100,-95.0,40,1.75,6.5,-78.07,9.3699,-100,38.61,94.71,1.203181,0.761443,14.6171,0.3849
2387,-100,-95.0,40,1.75,6.0,-78.16,8.4242,-100,34.69,100.75,1.09026,0.644458,11.8239,0.471
2389,-100,-95.0,40,1.75,7.0,-77.5,9.9768,-100,35.04,100.24,1.104206,0.656533,11.7451,0.4905
2390,-100,-95.0,40,1.75,7.5,-77.62,9.6921,-100,36.34,98.24,1.134811,0.65453,10.9344,0.5014
2391,-100,-95.0,40,1.75,8.0,-77.91,10.3157,-100,37.73,96.1,1.190448,0.683467,10.2168,0.4625
2392,-100,-95.0,40,1.75,8.5,-76.74,10.5385,-100,37.72,96.11,1.163451,0.733884,13.9795,0.4387
2393,-100,-95.0,40,1.75,9.0,-77.57,10.8971,-100,37.54,96.39,1.154685,0.710971,13.509,0.3904
2394,-100,-95.0,40,1.75,9.5,-76.81,11.2894,-100,37.2,96.91,1.165282,0.779143,15.7851,0.3663
2395,-100,-95.0,40,1.75,10.0,-77.37,11.4034,-100,36.88,97.37,1.169304,0.599911,7.0974,0.5466
2396,-100,-95.0,40,1.75,10.5,-77.3,12.5485,-100,40.37,92.03,1.262509,0.707039,10.6111,0.421
2397,-100,-95.0,40,1.75,11.0,-76.45,12.4334,-100,39.04,94.07,1.195143,0.720351,13.329,0.4481
2399,-100,-95.0,40,1.75,12.0,-77.4,12.8244,-100,41.9,89.65,1.291532,0.767119,12.8043,0.4224
2398,-100,-95.0,40,1.75,11.5,-76.61,12.7346,-100,42.21,89.16,1.314066,0.76437,12.6607,0.4146
2400,-100,-95.0,40,1.75,12.5,-76.81,13.5552,-100,39.39,93.51,1.243751,0.685533,11.8903,0.4848
2401,-100,-95.0,40,1.75,13.0,-76.21,13.7117,-100,43.07,87.82,1.363841,0.74934,11.915,0.3949
2402,-100,-95.0,40,1.75,13.5,-75.68,14.3727,-100,36.53,97.87,1.130056,0.697263,15.1938,0.4326
2403,-100,-95.0,40,1.75,14.0,-76.42,14.2706,-100,42.82,88.24,1.348662,0.808516,14.7674,0.405
2404,-100,-95.0,40,2.0,1.0,-74.96,7.8072,-90,30.81,106.79,0.989865,0.578652,9.5486,0.5838
2405,-100,-95.0,40,2.0,1.5,-74.87,7.2263,-91,34.17,101.56,1.076764,0.632492,9.237,0.5029
2407,-100,-95.0,40,2.0,2.5,-74.26,8.6437,-97,33.82,102.12,1.083558,0.686077,13.1555,0.4796
2406,-100,-95.0,40,2.0,2.0,-74.45,7.539,-92,33.79,102.15,1.029247,0.621711,8.5742,0.5257
2408,-100,-95.0,40,2.0,3.0,-74.32,8.2191,-96,31.89,105.16,1.027065,0.617178,11.3752,0.5155
2409,-100,-95.0,40,2.0,3.5,-74.48,8.8118,-99,33.83,102.15,1.037758,0.642106,11.8691,0.5156
2411,-100,-95.0,40,2.0,4.5,-74.2,8.3381,-100,36.26,98.38,1.133208,0.709379,15.0946,0.4688
2410,-100,-95.0,40,2.0,4.0,-74.46,7.9971,-99,34.14,101.64,1.076127,0.604505,5.5107,0.5482
2412,-100,-95.0,40,2.0,5.0,-75.29,9.2484,-100,32.44,104.24,1.02862,0.57861,6.6661,0.5546
2413,-100,-95.0,40,2.0,5.5,-75.04,9.629,-100,36.86,97.42,1.142528,0.668708,9.1721,0.4482
2414,-100,-95.0,40,2.0,6.0,-73.24,9.951,-100,36.67,97.74,1.153993,0.969,21.1501,0.2469
2415,-100,-95.0,40,2.0,6.5,-74.11,10.0327,-100,38.16,95.47,1.181149,0.705176,10.8735,0.4635
2416,-100,-95.0,40,2.0,7.0,-74.36,9.9975,-100,36.62,97.79,1.156511,0.630051,5.2761,0.5731
2417,-100,-95.0,40,2.0,7.5,-74.64,10.1429,-100,33.63,102.45,1.022168,0.668891,13.4992,0.4987
2418,-100,-95.0,40,2.0,8.0,-75.05,10.5729,-100,38.32,95.17,1.210373,0.706332,10.2295,0.4848
2419,-100,-95.0,40,2.0,8.5,-73.22,11.2643,-100,38.33,95.2,1.148468,0.730307,13.0334,0.3876
2420,-100,-95.0,40,2.0,9.0,-74.56,11.5625,-100,33.62,102.42,1.0675,0.633712,11.3042,0.5352
2422,-100,-95.0,40,2.0,10.0,-74.11,11.769,-100,35.04,100.23,1.103621,0.624556,8.2675,0.4845
2421,-100,-95.0,40,2.0,9.5,-73.77,11.9355,-100,35.1,100.16,1.110172,0.611744,8.6524,0.5373
2423,-100,-95.0,40,2.0,10.5,-74.31,12.2201,-100,36.63,97.79,1.124825,0.683438,12.9675,0.4718
2425,-100,-95.0,40,2.0,11.5,-73.75,12.8646,-100,38.48,94.95,1.19683,0.68521,10.3445,0.4278
2424,-100,-95.0,40,2.0,11.0,-74.06,12.7471,-100,36.56,97.91,1.144917,0.633997,9.731,0.4838
2427,-100,-95.0,40,2.0,12.5,-74.9,13.8017,-100,43.54,87.14,1.358796,0.804485,13.207,0.4172
2426,-100,-95.0,40,2.0,12.0,-73.4,13.6914,-100,36.81,97.53,1.149847,0.696824,13.6488,0.3881
2428,-100,-95.0,40,2.0,13.0,-72.89,14.4762,-100,39.46,93.4,1.232789,0.752775,12.936,0.3829
2429,-100,-95.0,40,2.0,13.5,-73.43,14.6563,-100,39.6,93.19,1.222717,0.653724,8.4739,0.5147
2430,-100,-95.0,40,2.0,14.0,-73.7,15.0513,-100,41.32,90.49,1.301823,0.720864,12.2255,0.4026
2431,-100,-95.0,40,2.25,1.0,-72.14,8.9976,-87,33.7,102.31,1.096832,0.612089,6.574,0.5499
2432,-100,-95.0,40,2.25,1.5,-71.95,8.1632,-89,34.6,100.91,1.05425,0.704942,14.4114,0.357
2433,-100,-95.0,40,2.25,2.0,-72.43,7.8386,-89,33.96,101.94,1.071918,0.618981,9.8157,0.5153
2434,-100,-95.0,40,2.25,2.5,-70.68,7.4403,-91,33.96,101.88,1.051198,0.660383,12.3849,0.4464
2435,-100,-95.0,40,2.25,3.0,-71.53,8.183,-91,31.24,106.06,1.009942,0.618198,11.1005,0.5362
2437,-100,-95.0,40,2.25,4.0,-71.23,8.7573,-100,33.45,102.71,1.0585,0.635163,10.6519,0.5037
2436,-100,-95.0,40,2.25,3.5,-70.76,8.7792,-95,32.79,103.62,1.048867,0.59343,7.9957,0.503
2438,-100,-95.0,40,2.25,4.5,-71.74,8.3574,-97,32.49,104.16,1.045444,0.659694,12.982,0.4084
2439,-100,-95.0,40,2.25,5.0,-70.53,10.1164,-100,32.16,104.64,1.047466,0.600402,7.3672,0.5481
2440,-100,-95.0,40,2.25,5.5,-71.23,9.7795,-100,34.67,100.75,1.087211,0.60993,6.4187,0.524
2441,-100,-95.0,40,2.25,6.0,-71.07,10.5044,-100,33.2,103.07,1.053004,0.669634,14.0897,0.476
2442,-100,-95.0,40,2.25,6.5,-71.08,10.3762,-100,34.02,101.81,1.084383,0.606454,6.4666,0.5605
2443,-100,-95.0,40,2.25,7.0,-71.42,11.4036,-100,32.57,104.03,1.039162,0.608285,9.6083,0.5463
2444,-100,-95.0,40,2.25,7.5,-70.93,11.0258,-100,36.01,98.76,1.139931,0.624766,6.1112,0.5783
2445,-100,-95.0,40,2.25,8.0,-72.04,11.3245,-100,36.7,97.66,1.150936,0.688827,10.9396,0.4459
2446,-100,-95.0,40,2.25,8.5,-70.78,11.597,-100,32.87,103.59,1.034588,0.589183,7.2824,0.5351
2447,-100,-95.0,40,2.25,9.0,-70.24,11.7421,-100,35.47,99.56,1.102432,0.671847,12.3456,0.441
2448,-100,-95.0,40,2.25,9.5,-71.77,12.1191,-100,35.91,98.92,1.109128,0.64075,8.2722,0.519
2449,-100,-95.0,40,2.25,10.0,-70.98,12.7297,-100,37.57,96.35,1.187764,0.642576,7.2416,0.4851
2450,-100,-95.0,40,2.25,10.5,-71.72,13.5425,-100,34.93,100.39,1.109466,0.635573,9.5735,0.53
2451,-100,-95.0,40,2.25,11.0,-70.88,13.2796,-100,36.97,97.31,1.160053,0.65614,9.712,0.4744
2452,-100,-95.0,40,2.25,11.5,-71.49,13.9448,-100,40.43,91.94,1.259953,0.695524,8.2902,0.4793
2453,-100,-95.0,40,2.25,12.0,-71.98,13.6995,-100,36.29,98.29,1.136043,0.651565,10.9396,0.5284
2454,-100,-95.0,40,2.25,12.5,-71.09,14.4705,-100,34.99,100.31,1.096777,0.60868,7.3335,0.533
2455,-100,-95.0,40,2.25,13.0,-72.2,15.151,-100,39.01,94.08,1.230645,0.661053,7.0984,0.4444
2456,-100,-95.0,40,2.25,13.5,-70.58,15.0044,-100,38.65,94.68,1.219415,0.721697,12.8364,0.4314
2457,-100,-95.0,40,2.25,14.0,-71.44,15.5478,-100,38.31,95.2,1.210781,0.660849,8.3483,0.4404
2458,-100,-95.0,40,2.5,1.0,-68.98,8.0772,-84,32.82,103.66,1.040018,0.610204,8.5665,0.5211
2459,-100,-95.0,40,2.5,1.5,-67.67,9.0243,-86,34.23,101.48,1.083811,0.714093,14.4533,0.4302
2460,-100,-95.0,40,2.5,2.0,-69.05,9.6853,-89,32.62,103.93,1.029797,0.61926,11.1402,0.4815
2461,-100,-95.0,40,2.5,2.5,-69.39,8.9671,-89,36.03,98.69,1.103839,0.66142,9.9901,0.5228
2462,-100,-95.0,40,2.5,3.0,-69.76,10.2695,-93,37.54,96.35,1.194769,0.689798,9.382,0.5107
2463,-100,-95.0,40,2.5,3.5,-69.4,9.5684,-92,34.45,101.16,1.079252,0.656916,10.1787,0.4992
2464,-100,-95.0,40,2.5,4.0,-68.25,9.5698,-93,33.48,102.64,1.060768,0.61211,7.928,0.5579
2465,-100,-95.0,40,2.5,4.5,-68.74,10.6238,-97,31.29,106.02,1.011784,0.595858,8.0354,0.5326
2466,-100,-95.0,40,2.5,5.0,-67.48,10.8425,-100,35.36,99.74,1.113245,0.68379,12.7219,0.433
2467,-100,-95.0,40,2.5,5.5,-69.86,10.5634,-100,37.02,97.2,1.133691,0.815533,17.5207,0.3874
2469,-100,-95.0,40,2.5,6.5,-68.63,10.6344,-100,36.54,97.97,1.162337,0.77235,16.0027,0.4091
2468,-100,-95.0,40,2.5,6.0,-68.22,11.8058,-100,32.88,103.6,1.049514,0.611333,6.7831,0.5828
2470,-100,-95.0,40,2.5,7.0,-68.32,11.7655,-100,37.53,96.44,1.201016,0.77292,15.5301,0.4156
2471,-100,-95.0,40,2.5,7.5,-68.77,11.8587,-100,34.36,101.24,1.093962,0.662484,11.4692,0.488
2472,-100,-95.0,40,2.5,8.0,-67.65,12.3665,-100,32.3,104.42,0.987554,0.668858,14.2227,0.4164
2473,-100,-95.0,40,2.5,8.5,-67.67,13.0105,-100,32.95,103.47,1.033616,0.644543,13.6872,0.4224
2474,-100,-95.0,40,2.5,9.0,-68.48,12.7772,-100,34.29,101.38,1.048086,0.656599,13.5874,0.4982
2475,-100,-95.0,40,2.5,9.5,-67.48,13.5151,-100,35.02,100.3,1.080066,0.60538,7.945,0.5707
2476,-100,-95.0,40,2.5,10.0,-68.22,14.0922,-100,36.1,98.59,1.130896,0.79245,18.1963,0.3631
2478,-100,-95.0,40,2.5,11.0,-67.32,14.1984,-100,38.1,95.53,1.201605,0.706864,12.6856,0.4335
2477,-100,-95.0,40,2.5,10.5,-67.51,14.3087,-100,33.81,102.14,1.072932,0.648589,10.8578,0.4598
2479,-100,-95.0,40,2.5,11.5,-67.5,14.8408,-100,34.53,100.99,1.086553,0.619235,9.0422,0.5607
2480,-100,-95.0,40,2.5,12.0,-67.21,14.5502,-100,37.09,97.08,1.142332,0.692628,10.4639,0.4176
2481,-100,-95.0,40,2.5,12.5,-67.77,15.0335,-100,37.74,96.12,1.173015,0.685027,10.8554,0.4968
2482,-100,-95.0,40,2.5,13.0,-67.82,15.7112,-100,33.48,102.61,1.065808,0.622528,10.798,0.4765
2483,-100,-95.0,40,2.5,13.5,-69.37,15.8867,-100,41.97,89.55,1.320828,0.845473,15.0916,0.3763
2484,-100,-95.0,40,2.5,14.0,-67.08,16.3804,-100,37.33,96.69,1.129284,0.761373,14.9714,0.3722
2486,-100,-95.0,40,2.75,1.5,-65.61,9.3302,-84,39.04,94.06,1.233344,0.805074,15.2559,0.4276
2485,-100,-95.0,40,2.75,1.0,-64.27,9.9882,-84,32.16,104.7,1.017924,0.606768,9.6106,0.5154
2487,-100,-95.0,40,2.75,2.0,-64.12,9.6154,-84,34.49,101.08,1.08075,0.628305,9.3464,0.5274
2488,-100,-95.0,40,2.75,2.5,-65.11,9.9041,-88,31.63,105.48,1.008315,0.597976,7.547,0.5982
2489,-100,-95.0,40,2.75,3.0,-65.73,10.12,-91,36.1,98.58,1.134797,0.82235,17.9871,0.3945
2490,-100,-95.0,40,2.75,3.5,-66.17,10.1797,-94,33.31,102.85,1.067738,0.605666,7.816,0.5076
2491,-100,-95.0,40,2.75,4.0,-63.57,11.0192,-93,34.26,101.47,1.100311,0.652911,10.8586,0.4289
2492,-100,-95.0,40,2.75,4.5,-65.56,9.8224,-95,36.65,97.75,1.154488,0.766921,14.2633,0.3618
2493,-100,-95.0,40,2.75,5.0,-65.06,10.8678,-96,34.71,100.74,1.096102,0.662346,10.337,0.5315
2495,-100,-95.0,40,2.75,6.0,-65.69,11.2507,-100,34.07,101.75,1.082373,0.694302,14.3922,0.4056
2494,-100,-95.0,40,2.75,5.5,-64.82,10.4339,-99,34.3,101.35,1.086093,0.606542,6.0402,0.5767
2496,-100,-95.0,40,2.75,6.5,-65.27,11.1695,-99,33.13,103.2,1.044975,0.591128,8.0005,0.5305
2497,-100,-95.0,40,2.75,7.0,-65.45,12.328,-100,32.05,104.84,1.041973,0.605944,8.8267,0.53
2498,-100,-95.0,40,2.75,7.5,-65.5,12.3865,-100,32.49,104.14,1.047688,0.601543,7.5623,0.544
2500,-100,-95.0,40,2.75,8.5,-65.12,13.2251,-100,36.29,98.28,1.14132,0.72187,13.6483,0.413
2499,-100,-95.0,40,2.75,8.0,-64.82,12.7864,-100,32.57,103.99,1.037987,0.640934,12.0446,0.5303
2501,-100,-95.0,40,2.75,9.0,-64.63,12.9325,-100,39.82,92.85,1.249407,0.930735,19.7474,0.2785
2503,-100,-95.0,40,2.75,10.0,-64.36,13.6613,-100,31.25,106.08,0.978056,0.601035,9.2649,0.5233
2502,-100,-95.0,40,2.75,9.5,-66.43,14.2552,-100,33.72,102.29,1.082042,0.585575,4.6462,0.5835
2504,-100,-95.0,40,2.75,10.5,-63.62,14.0268,-100,34.86,100.54,1.103644,0.710298,13.9884,0.4441
2505,-100,-95.0,40,2.75,11.0,-64.75,14.6332,-100,39.44,93.5,1.212043,0.701225,10.8378,0.4946
2506,-100,-95.0,40,2.75,11.5,-63.05,15.1415,-100,36.24,98.39,1.11001,0.699482,14.0119,0.4717
2507,-100,-95.0,40,2.75,12.0,-65.86,15.3187,-100,34.44,101.11,1.110508,0.645971,10.1706,0.4958
2509,-100,-95.0,40,2.75,13.0,-65.7,16.3105,-100,34.67,100.8,1.089144,0.626413,10.6349,0.4852
2510,-100,-95.0,40,2.75,13.5,-65.99,16.2133,-100,36.37,98.16,1.167157,0.674886,11.8111,0.4822
2508,-100,-95.0,40,2.75,12.5,-64.37,15.9251,-100,36.8,97.52,1.175844,0.641747,8.7653,0.4709
2511,-100,-95.0,40,2.75,14.0,-65.32,16.9914,-100,35.66,99.28,1.119773,0.605487,5.3469,0.5701
2513,-100,-95.0,40,3.0,1.5,-60.48,11.8923,-82,34.63,100.89,1.082414,0.821209,18.1795,0.3624
2512,-100,-95.0,40,3.0,1.0,-62.29,10.5655,-82,34.69,100.75,1.083717,0.610018,8.0907,0.5299
2514,-100,-95.0,40,3.0,2.0,-62.54,11.5864,-85,32.53,104.11,1.049393,0.600824,8.3185,0.5511
2515,-100,-95.0,40,3.0,2.5,-62.26,11.8944,-89,33.63,102.49,1.049802,0.65361,12.0173,0.5081
2516,-100,-95.0,40,3.0,3.0,-61.42,10.8741,-88,33.42,102.75,1.052938,0.597937,8.7142,0.4934
2517,-100,-95.0,40,3.0,3.5,-61.55,12.3833,-89,33.17,103.12,1.05262,0.602563,8.6092,0.5301
2518,-100,-95.0,40,3.0,4.0,-62.4,11.6704,-92,35.63,99.32,1.126803,0.716063,13.3983,0.4387
2519,-100,-95.0,40,3.0,4.5,-62.37,11.8012,-92,33.58,102.5,1.057188,0.619961,8.6045,0.5004
2520,-100,-95.0,40,3.0,5.0,-62.11,12.7413,-99,32.72,103.79,1.043821,0.635841,12.3929,0.5057
2522,-100,-95.0,40,3.0,6.0,-62.27,12.0196,-98,35.46,99.57,1.082656,0.663505,11.7194,0.5106
2521,-100,-95.0,40,3.0,5.5,-60.74,12.0965,-96,33.63,102.46,1.070657,0.62888,9.8228,0.4627
2523,-100,-95.0,40,3.0,6.5,-62.31,12.9093,-100,35.04,100.23,1.12116,0.656988,10.9037,0.4514
2524,-100,-95.0,40,3.0,7.0,-62.11,13.1049,-100,32.28,104.51,1.038808,0.607304,9.4814,0.4852
2525,-100,-95.0,40,3.0,7.5,-60.43,13.7998,-100,33.46,102.68,1.049603,0.757725,18.3921,0.4028
2526,-100,-95.0,40,3.0,8.0,-61.72,12.8464,-100,34.6,100.91,1.091919,0.62064,9.4413,0.5295
2527,-100,-95.0,40,3.0,8.5,-61.06,13.8579,-100,31.8,105.27,1.011786,0.722775,16.3677,0.4077
2528,-100,-95.0,40,3.0,9.0,-62.18,13.6146,-100,37.14,97.02,1.175997,0.746386,13.9749,0.4635
2530,-100,-95.0,40,3.0,10.0,-63.41,14.491,-100,35.21,99.95,1.119859,0.655016,11.7365,0.4647
2529,-100,-95.0,40,3.0,9.5,-61.53,14.9605,-100,32.94,103.48,1.070698,0.615341,8.5257,0.5436
2531,-100,-95.0,40,3.0,10.5,-61.96,15.3147,-100,32.69,103.85,1.054377,0.639583,12.834,0.5003
2532,-100,-95.0,40,3.0,11.0,-60.73,15.823,-100,34.34,101.3,1.087107,0.726976,15.3811,0.4093
2533,-100,-95.0,40,3.0,11.5,-60.86,16.0888,-100,32.47,104.23,1.039968,0.580511,6.9636,0.5268
2534,-100,-95.0,40,3.0,12.0,-61.14,16.2725,-100,31.95,105.01,1.019741,0.581598,6.8616,0.5305
2536,-100,-95.0,40,3.0,13.0,-61.04,16.5854,-100,34.39,101.24,1.093529,0.772676,17.9829,0.3845
2537,-100,-95.0,40,3.0,13.5,-61.45,17.2589,-100,34.46,101.11,1.088939,0.600063,7.8428,0.5353
2535,-100,-95.0,40,3.0,12.5,-62.92,16.4942,-100,34.55,100.97,1.096067,0.593625,7.1997,0.559
2538,-100,-95.0,40,3.0,14.0,-63.54,17.2071,-100,37.37,96.65,1.155708,0.720757,12.9286,0.4466
2539,-100,-95.0,40,3.25,1.0,-58.62,12.1808,-78,34.62,100.86,1.103246,0.665865,11.4603,0.4896
2540,-100,-95.0,40,3.25,1.5,-57.85,11.2179,-80,33.3,102.95,1.076748,0.706357,14.9478,0.4574
2542,-100,-95.0,40,3.25,2.5,-58.39,12.3233,-84,34.09,101.7,1.068354,0.619409,8.2874,0.5406
2541,-100,-95.0,40,3.25,2.0,-58.99,11.427,-81,31.7,105.34,1.017364,0.568331,6.7256,0.5856
2543,-100,-95.0,40,3.25,3.0,-58.04,11.3282,-85,36.17,98.49,1.172108,0.670358,9.5754,0.4494
2544,-100,-95.0,40,3.25,3.5,-58.81,12.3594,-87,32.48,104.17,1.050117,0.581697,6.8393,0.5634
2549,-100,-95.0,40,3.25,6.0,-59.55,12.3353,-96,32.94,103.48,1.051966,0.65081,10.9655,0.5252
2546,-100,-95.0,40,3.25,4.5,-58.26,12.2963,-90,32.62,103.97,1.047084,0.62538,9.7136,0.4578
2545,-100,-95.0,40,3.25,4.0,-57.44,12.4976,-88,33.06,103.31,1.014804,0.631157,11.5957,0.4483
2547,-100,-95.0,40,3.25,5.0,-58.76,12.7519,-91,31.67,105.41,1.002462,0.612198,9.8794,0.4574
2548,-100,-95.0,40,3.25,5.5,-58.78,12.7505,-94,31.68,105.43,1.025461,0.579036,6.3552,0.5855
2550,-100,-95.0,40,3.25,6.5,-59.01,13.5461,-96,32.34,104.38,1.042069,0.618447,10.1375,0.5145
2551,-100,-95.0,40,3.25,7.0,-59.08,12.8182,-96,34.42,101.18,1.080701,0.653348,10.4757,0.4716
2552,-100,-95.0,40,3.25,7.5,-60.43,13.2602,-100,32.54,104.09,1.032401,0.676965,13.9666,0.4416
2554,-100,-95.0,40,3.25,8.5,-57.55,14.4872,-100,34.46,101.12,1.079909,0.722927,16.366,0.4361
2553,-100,-95.0,40,3.25,8.0,-57.56,15.1961,-100,31.24,106.08,1.006075,0.620394,11.5241,0.4976
2555,-100,-95.0,40,3.25,9.0,-58.5,15.0555,-100,33.4,102.74,1.061279,0.618018,8.9993,0.5044
2556,-100,-95.0,40,3.25,9.5,-59.76,14.961,-100,35.26,99.9,1.11181,0.689981,12.0497,0.4794
2557,-100,-95.0,40,3.25,10.0,-59.31,15.4621,-100,33.22,103.06,1.059869,0.674449,12.7324,0.4495
2559,-100,-95.0,40,3.25,11.0,-59.8,15.903,-100,32.59,103.99,1.044226,0.650714,11.7307,0.4731
2558,-100,-95.0,40,3.25,10.5,-58.05,15.339,-100,31.73,105.33,1.012353,0.589068,8.6966,0.532
2560,-100,-95.0,40,3.25,11.5,-58.19,16.7973,-100,34.99,100.32,1.134816,0.660092,10.622,0.5437
2561,-100,-95.0,40,3.25,12.0,-58.97,16.8455,-100,38.06,95.55,1.198864,0.815301,17.7184,0.4218
2562,-100,-95.0,40,3.25,12.5,-58.46,16.4821,-100,33.18,103.15,1.06684,0.657766,12.8767,0.5071
2563,-100,-95.0,40,3.25,13.0,-59.8,17.5265,-100,33.5,102.56,1.072058,0.6018,8.7746,0.5149
2564,-100,-95.0,40,3.25,13.5,-59.52,17.7821,-100,37.61,96.29,1.178137,0.732205,13.9698,0.4577
2565,-100,-95.0,40,3.25,14.0,-57.54,18.4476,-100,32.01,104.86,1.031713,0.605513,10.345,0.5032
2566,-100,-95.0,40,3.5,1.0,-55.76,12.6602,-77,31.25,106.12,1.023431,0.590062,7.5393,0.5946
2567,-100,-95.0,40,3.5,1.5,-55.3,12.9545,-80,32.77,103.75,1.034367,0.593708,7.0494,0.5916
2568,-100,-95.0,40,3.5,2.0,-56.46,12.9399,-81,31.99,104.97,1.016888,0.612382,11.6032,0.4945
2569,-100,-95.0,40,3.5,2.5,-53.78,12.5804,-82,34.51,101.04,1.093225,0.755678,16.3732,0.3729
2570,-100,-95.0,40,3.5,3.0,-56.18,11.6397,-81,32.33,104.44,1.02108,0.64617,12.9148,0.4543
2571,-100,-95.0,40,3.5,3.5,-55.77,11.837,-85,32.46,104.25,1.053003,0.649567,13.0204,0.5223
2572,-100,-95.0,40,3.5,4.0,-55.3,13.7305,-88,32.81,103.69,1.024882,0.601596,9.3909,0.5225
2573,-100,-95.0,40,3.5,4.5,-54.79,13.4293,-92,30.52,107.24,0.982613,0.580652,8.927,0.5245
2574,-100,-95.0,40,3.5,5.0,-55.14,14.1103,-92,32.84,103.63,1.061278,0.641912,11.5523,0.5472
2575,-100,-95.0,40,3.5,5.5,-57.64,12.7468,-94,34.15,101.62,1.078922,0.711742,14.1799,0.4014
2576,-100,-95.0,40,3.5,6.0,-55.55,13.9985,-94,33.96,101.95,1.07709,0.626376,8.9412,0.4961
2578,-100,-95.0,40,3.5,7.0,-57.74,13.3856,-100,35.19,100.0,1.110312,0.781434,16.5696,0.3507
2577,-100,-95.0,40,3.5,6.5,-55.48,14.5552,-100,30.36,107.44,0.993765,0.556791,7.5942,0.532
2579,-100,-95.0,40,3.5,7.5,-54.87,14.387,-100,34.21,101.46,1.100841,0.630236,8.8292,0.4833
2580,-100,-95.0,40,3.5,8.0,-55.34,14.8321,-100,31.13,106.2,1.020108,0.570495,7.7046,0.5848
2581,-100,-95.0,40,3.5,8.5,-54.64,14.8504,-100,36.44,98.1,1.119867,0.756467,15.1435,0.3998
2582,-100,-95.0,40,3.5,9.0,-56.02,14.649,-100,34.16,101.62,1.083076,0.656616,12.5747,0.4645
2583,-100,-95.0,40,3.5,9.5,-54.52,15.9785,-100,32.44,104.2,1.03494,0.593284,7.1921,0.5139
2584,-100,-95.0,40,3.5,10.0,-55.84,15.8977,-100,32.02,104.93,1.033011,0.604275,6.4785,0.5864
2585,-100,-95.0,40,3.5,10.5,-56.65,16.5067,-100,33.8,102.15,1.086532,0.604803,6.0642,0.5683
2586,-100,-95.0,40,3.5,11.0,-53.89,17.5182,-100,32.73,103.83,1.05531,0.61889,9.7353,0.5011
2588,-100,-95.0,40,3.5,12.0,-54.83,17.2781,-100,33.45,102.7,1.044767,0.600765,7.0527,0.5634
2587,-100,-95.0,40,3.5,11.5,-54.46,17.0551,-100,33.36,102.85,1.069502,0.676145,14.4544,0.4863
2589,-100,-95.0,40,3.5,12.5,-56.46,17.6734,-100,32.49,104.2,1.046152,0.666097,13.8664,0.4517
2590,-100,-95.0,40,3.5,13.0,-55.99,18.1537,-100,34.46,101.13,1.100826,0.59177,4.8274,0.5911
2591,-100,-95.0,40,3.5,13.5,-55.71,17.7369,-100,32.23,104.58,1.033423,0.570282,3.9084,0.6088
2592,-100,-95.0,40,3.5,14.0,-56.28,18.4745,-100,34.88,100.5,1.114286,0.734301,15.2847,0.436
2594,-100,-95.0,40,3.75,1.5,-50.86,14.6742,-79,35.77,99.11,1.130502,0.867062,20.6014,0.3384
2595,-100,-95.0,40,3.75,2.0,-50.65,13.4977,-77,35.24,99.95,1.117704,0.781088,18.7007,0.4511
2593,-100,-95.0,40,3.75,1.0,-50.71,14.6155,-74,33.0,103.38,1.058097,0.750899,16.2636,0.3357
2596,-100,-95.0,40,3.75,2.5,-52.08,14.0737,-78,31.86,105.14,1.009364,0.577926,7.5315,0.5464
2597,-100,-95.0,40,3.75,3.0,-53.09,13.3853,-81,33.63,102.39,1.071607,0.646495,12.2772,0.4955
2598,-100,-95.0,40,3.75,3.5,-52.22,14.5536,-85,34.28,101.44,1.096683,0.621271,8.2663,0.5283
2599,-100,-95.0,40,3.75,4.0,-53.22,13.3543,-84,34.04,101.78,1.103438,0.705654,12.9397,0.448
2600,-100,-95.0,40,3.75,4.5,-52.83,14.3081,-85,33.48,102.62,1.074173,0.596327,5.4934,0.5984
2601,-100,-95.0,40,3.75,5.0,-51.06,14.0162,-89,34.25,101.43,1.100819,0.781175,17.6674,0.3939
2602,-100,-95.0,40,3.75,5.5,-53.58,14.6729,-92,32.93,103.55,1.046344,0.626602,8.8067,0.5221
2603,-100,-95.0,40,3.75,6.0,-51.62,14.4801,-92,36.62,97.8,1.167296,0.79525,16.768,0.4189
2604,-100,-95.0,40,3.75,6.5,-53.66,14.572,-94,31.42,105.81,0.997694,0.586684,9.1422,0.5882
2607,-100,-95.0,40,3.75,8.0,-53.18,15.1936,-100,37.9,95.83,1.202879,0.825701,16.402,0.3282
2605,-100,-95.0,40,3.75,7.0,-51.79,15.6464,-96,32.82,103.69,1.043057,0.557587,6.1973,0.569
2606,-100,-95.0,40,3.75,7.5,-53.18,15.4122,-98,32.47,104.15,1.039881,0.614645,8.4922,0.5595
2609,-100,-95.0,40,3.75,9.0,-52.22,16.5508,-100,36.01,98.71,1.105299,0.668673,10.6259,0.4458
2608,-100,-95.0,40,3.75,8.5,-52.23,17.2596,-100,33.13,103.18,1.014628,0.604716,10.7543,0.5148
2610,-100,-95.0,40,3.75,9.5,-53.52,15.9636,-100,31.4,105.8,1.000911,0.577435,6.1459,0.5619
2611,-100,-95.0,40,3.75,10.0,-54.11,16.0855,-100,32.36,104.37,1.052706,0.663513,12.4843,0.4641
2612,-100,-95.0,40,3.75,10.5,-55.1,16.1611,-100,31.71,105.34,0.99383,0.625576,12.5668,0.4781
2613,-100,-95.0,40,3.75,11.0,-51.82,17.7741,-100,31.02,106.4,1.017324,0.60266,9.8064,0.5146
2614,-100,-95.0,40,3.75,11.5,-51.22,17.7253,-100,32.92,103.5,1.048007,0.661362,13.0747,0.5192
2615,-100,-95.0,40,3.75,12.0,-53.11,17.7842,-100,31.76,105.26,1.005993,0.565769,6.5528,0.5856
2616,-100,-95.0,40,3.75,12.5,-53.02,18.5477,-100,32.97,103.45,1.056961,0.625328,9.764,0.5211
2618,-100,-95.0,40,3.75,13.5,-54.48,18.2183,-100,35.7,99.21,1.126761,0.706517,13.6159,0.4459
2617,-100,-95.0,40,3.75,13.0,-51.45,18.5069,-100,33.3,102.96,1.059267,0.609165,7.9627,0.5242
2619,-100,-95.0,40,3.75,14.0,-52.31,19.7843,-100,33.09,103.21,1.048209,0.709185,16.2974,0.4238
2620,-100,-95.0,40,4.0,1.0,-48.87,14.616,-74,32.82,103.61,1.041978,0.589031,6.3143,0.5564
2621,-100,-95.0,40,4.0,1.5,-48.44,13.5457,-73,32.11,104.75,1.006506,0.618288,10.465,0.5468
2622,-100,-95.0,40,4.0,2.0,-48.9,13.5056,-74,33.08,103.25,1.062862,0.690623,14.4023,0.4641
2624,-100,-95.0,40,4.0,3.0,-50.24,14.9213,-79,33.89,102.03,1.055719,0.634961,10.2125,0.5151
2623,-100,-95.0,40,4.0,2.5,-50.2,14.1905,-78,32.87,103.62,1.082333,0.618777,8.8549,0.5485
2625,-100,-95.0,40,4.0,3.5,-49.74,14.5704,-83,31.04,106.4,0.993878,0.570608,7.8658,0.592
2626,-100,-95.0,40,4.0,4.0,-49.64,14.2018,-84,31.85,105.2,1.011844,0.58862,9.2007,0.5462
2627,-100,-95.0,40,4.0,4.5,-51.72,15.0274,-83,35.7,99.2,1.130455,0.691541,11.8215,0.5201
2628,-100,-95.0,40,4.0,5.0,-49.16,14.9234,-89,34.28,101.45,1.082945,0.684399,13.9794,0.4832
2629,-100,-95.0,40,4.0,5.5,-50.77,16.0265,-89,33.22,103.03,1.061326,0.618622,7.32,0.5552
2631,-100,-95.0,40,4.0,6.5,-48.91,15.5436,-92,31.8,105.21,1.002606,0.634238,12.5306,0.4939
2630,-100,-95.0,40,4.0,6.0,-49.51,15.1825,-89,30.1,107.89,0.970031,0.568513,8.7633,0.5913
2633,-100,-95.0,40,4.0,7.5,-50.82,14.9904,-93,34.82,100.62,1.103955,0.764342,17.6276,0.416
2632,-100,-95.0,40,4.0,7.0,-50.04,15.1936,-95,33.67,102.36,1.076848,0.660087,12.1402,0.4731
2634,-100,-95.0,40,4.0,8.0,-48.35,16.2588,-99,29.38,108.99,0.942035,0.611011,12.7885,0.4623
2635,-100,-95.0,40,4.0,8.5,-51.16,15.4999,-100,33.15,103.14,1.055669,0.683228,13.7114,0.4203
2636,-100,-95.0,40,4.0,9.0,-49.69,17.1617,-100,30.59,107.05,0.976953,0.581964,9.3666,0.5349
2637,-100,-95.0,40,4.0,9.5,-47.48,17.8691,-100,33.46,102.68,1.068697,0.709461,14.5859,0.4027
2638,-100,-95.0,40,4.0,10.0,-47.96,18.4192,-100,35.26,99.85,1.124691,0.699523,14.162,0.4797
2639,-100,-95.0,40,4.0,10.5,-51.0,18.4311,-100,33.66,102.42,1.055611,0.73816,16.8193,0.4252
2640,-100,-95.0,40,4.0,11.0,-47.92,18.3767,-100,34.66,100.83,1.108214,0.694816,13.4185,0.5132
2641,-100,-95.0,40,4.0,11.5,-48.26,18.0607,-100,35.77,99.1,1.132562,0.685531,11.8642,0.4419
2643,-100,-95.0,40,4.0,12.5,-49.15,19.3217,-100,33.8,102.11,1.096358,0.630656,10.3384,0.5215
2642,-100,-95.0,40,4.0,12.0,-49.28,18.7327,-100,32.99,103.41,1.040728,0.69723,15.8877,0.4426
2644,-100,-95.0,40,4.0,13.0,-48.47,19.7259,-100,31.87,105.14,1.039781,0.571113,6.8365,0.5968
2645,-100,-95.0,40,4.0,13.5,-50.62,18.7577,-100,34.59,100.87,1.118307,0.654019,10.9042,0.472
2646,-100,-95.0,40,4.0,14.0,-47.95,20.8707,-100,34.38,101.2,1.100839,0.761099,17.3805,0.4244
2647,-100,-95.0,40,4.25,1.0,-47.29,14.1653,-70,34.56,100.99,1.092937,0.851276,20.4727,0.3534
2648,-100,-95.0,40,4.25,1.5,-47.14,15.9361,-72,32.32,104.43,1.041658,0.595662,9.348,0.5496
2650,-100,-95.0,40,4.25,2.5,-46.58,15.3665,-76,32.48,104.2,1.039939,0.700725,15.8529,0.4157
2649,-100,-95.0,40,4.25,2.0,-47.38,15.6554,-76,32.25,104.53,1.033164,0.603843,9.3118,0.5604
2651,-100,-95.0,40,4.25,3.0,-47.78,13.758,-77,33.4,102.72,1.082919,0.662789,13.2195,0.4086
2652,-100,-95.0,40,4.25,3.5,-47.16,15.6043,-81,36.92,97.29,1.140109,0.768171,15.8665,0.3776
2654,-100,-95.0,40,4.25,4.5,-48.21,15.3483,-84,33.83,102.11,1.083231,0.681588,14.1366,0.4528
2653,-100,-95.0,40,4.25,4.0,-47.22,15.3539,-81,31.87,105.11,1.022244,0.592442,8.8941,0.5274
2655,-100,-95.0,40,4.25,5.0,-46.12,15.6907,-85,31.92,105.04,1.034316,0.597496,8.9608,0.5164
2657,-100,-95.0,40,4.25,6.0,-48.89,16.2143,-89,33.84,102.09,1.072041,0.701969,14.5222,0.425
2656,-100,-95.0,40,4.25,5.5,-45.41,16.4806,-87,31.11,106.27,0.992744,0.589443,10.3163,0.5341
2658,-100,-95.0,40,4.25,6.5,-44.57,16.463,-90,35.27,99.89,1.119498,0.693377,11.9692,0.4537
2659,-100,-95.0,40,4.25,7.0,-45.89,17.3788,-95,35.17,100.02,1.124642,0.834333,21.0473,0.3709
2660,-100,-95.0,40,4.25,7.5,-46.22,17.3299,-95,31.79,105.32,1.015746,0.568553,6.3914,0.5358
2662,-100,-95.0,40,4.25,8.5,-46.38,17.1569,-97,33.27,102.98,1.07371,0.59585,8.1559,0.5048
2661,-100,-95.0,40,4.25,8.0,-46.54,16.7334,-97,32.74,103.79,1.019713,0.618287,11.7378,0.5222
2663,-100,-95.0,40,4.25,9.0,-47.11,17.3209,-99,31.95,104.98,1.020624,0.581539,6.7054,0.578
2664,-100,-95.0,40,4.25,9.5,-46.11,17.4622,-100,31.59,105.61,0.949013,0.610259,13.0349,0.4342
2665,-100,-95.0,40,4.25,10.0,-46.28,17.917,-100,33.03,103.33,1.044763,0.599769,8.5356,0.4931
2666,-100,-95.0,40,4.25,10.5,-47.07,17.7082,-100,31.95,104.97,1.040116,0.609579,10.2442,0.4876
2667,-100,-95.0,40,4.25,11.0,-45.51,18.927,-100,31.47,105.74,0.987598,0.583428,10.314,0.5773
2668,-100,-95.0,40,4.25,11.5,-48.47,19.3031,-100,35.11,100.11,1.123598,0.691773,12.6992,0.4308
2669,-100,-95.0,40,4.25,12.0,-44.56,20.476,-100,32.13,104.72,1.011227,0.643273,13.9195,0.4454
2670,-100,-95.0,40,4.25,12.5,-45.76,19.6249,-100,30.91,106.58,1.001422,0.58473,7.2492,0.589
2671,-100,-95.0,40,4.25,13.0,-46.34,19.5875,-100,32.98,103.43,1.007306,0.617778,10.2832,0.5278
2672,-100,-95.0,40,4.25,13.5,-45.48,20.8983,-100,33.8,102.14,1.085073,0.668203,12.9813,0.4426
2673,-100,-95.0,40,4.25,14.0,-47.41,21.4684,-100,33.58,102.48,1.061782,0.686182,13.6769,0.4443
2674,-100,-95.0,40,4.5,1.0,-40.86,16.5961,-67,32.38,104.35,1.059279,0.678856,15.5559,0.4546
2675,-100,-95.0,40,4.5,1.5,-42.45,16.8343,-71,33.38,102.78,1.072596,0.72254,16.5529,0.39
2677,-100,-95.0,40,4.5,2.5,-44.75,16.7486,-73,38.85,94.38,1.202068,0.877937,20.1454,0.3913
2676,-100,-95.0,40,4.5,2.0,-43.06,16.5397,-73,32.79,103.71,1.058888,0.604195,8.5472,0.4575
2678,-100,-95.0,40,4.5,3.0,-42.77,15.2225,-74,33.86,102.05,1.068751,0.706848,14.8925,0.4789
2679,-100,-95.0,40,4.5,3.5,-43.57,16.8318,-77,33.38,102.78,1.055194,0.666626,13.7416,0.4711
2680,-100,-95.0,40,4.5,4.0,-43.32,15.8377,-83,33.11,103.19,1.063756,0.637478,10.6457,0.5012
2681,-100,-95.0,40,4.5,4.5,-43.15,16.9175,-82,34.29,101.39,1.054648,0.679852,13.0988,0.4711
2683,-100,-95.0,40,4.5,5.5,-43.09,17.4045,-84,33.85,102.03,1.088733,0.612377,8.7448,0.4783
2682,-100,-95.0,40,4.5,5.0,-43.12,17.5715,-84,31.95,105.04,1.034894,0.609164,9.5596,0.5506
2684,-100,-95.0,40,4.5,6.0,-43.9,17.7177,-90,31.32,106.0,1.003491,0.607002,10.4069,0.4532
2686,-100,-95.0,40,4.5,7.0,-40.91,18.8579,-89,35.08,100.18,1.116398,0.812731,19.6572,0.4035
2685,-100,-95.0,40,4.5,6.5,-42.94,16.5808,-89,32.36,104.41,1.034393,0.568635,6.064,0.5483
2687,-100,-95.0,40,4.5,7.5,-42.46,18.4333,-97,32.92,103.5,1.074548,0.589212,7.0985,0.5712
2689,-100,-95.0,40,4.5,8.5,-42.36,17.7495,-95,32.73,103.75,1.049647,0.636337,11.4486,0.5361
2690,-100,-95.0,40,4.5,9.0,-42.94,18.5189,-97,32.29,104.47,1.030556,0.597181,7.8888,0.5862
2688,-100,-95.0,40,4.5,8.0,-42.31,18.4471,-92,31.02,106.44,1.020905,0.59421,9.5876,0.4885
2691,-100,-95.0,40,4.5,9.5,-41.84,18.811,-99,32.52,104.15,1.049558,0.591493,8.4981,0.5836
2692,-100,-95.0,40,4.5,10.0,-41.66,18.1935,-95,32.34,104.42,1.055398,0.632909,11.241,0.4443
2693,-100,-95.0,40,4.5,10.5,-43.59,18.7506,-100,33.31,102.9,1.078948,0.625077,10.2818,0.5017
2694,-100,-95.0,40,4.5,11.0,-42.5,20.1835,-100,31.84,105.16,1.03417,0.626513,11.6027,0.454
2695,-100,-95.0,40,4.5,11.5,-41.99,20.0065,-100,32.56,104.08,1.050108,0.611043,9.4318,0.5599
2696,-100,-95.0,40,4.5,12.0,-43.0,19.8965,-100,32.44,104.3,1.053329,0.649263,13.0134,0.4553
2697,-100,-95.0,40,4.5,12.5,-43.29,20.5721,-100,31.32,106.01,1.004442,0.579042,7.1745,0.609
2698,-100,-95.0,40,4.5,13.0,-42.98,20.7139,-100,34.43,101.19,1.106688,0.597751,6.6942,0.5609
2699,-100,-95.0,40,4.5,13.5,-43.57,21.2325,-100,30.18,107.82,0.972986,0.542618,7.4519,0.595
2700,-100,-95.0,40,4.5,14.0,-43.94,20.7252,-100,32.01,104.91,1.036596,0.655452,13.0731,0.4243
2701,-100,-95.0,40,4.75,1.0,-40.92,17.4234,-67,32.25,104.56,1.020707,0.624186,11.8473,0.5319
2702,-100,-95.0,40,4.75,1.5,-41.2,16.9056,-68,33.4,102.78,1.041817,0.635797,12.602,0.5265
2703,-100,-95.0,40,4.75,2.0,-40.68,18.0971,-70,31.33,106.02,1.002408,0.599679,10.7901,0.5339
2704,-100,-95.0,40,4.75,2.5,-38.7,17.1949,-73,31.35,105.97,1.001871,0.583459,8.7099,0.5702
2705,-100,-95.0,40,4.75,3.0,-38.05,16.9865,-74,33.25,102.99,1.080329,0.644987,11.9329,0.4768
2706,-100,-95.0,40,4.75,3.5,-41.49,16.7698,-76,35.65,99.32,1.138147,0.703336,13.2047,0.4677
2707,-100,-95.0,40,4.75,4.0,-40.15,18.5075,-77,31.84,105.21,1.041601,0.578558,7.3585,0.5433
2708,-100,-95.0,40,4.75,4.5,-38.36,18.0338,-78,36.64,97.77,1.159093,0.751978,14.2718,0.4117
2709,-100,-95.0,40,4.75,5.0,-39.64,18.4175,-85,32.66,103.91,1.038349,0.60937,9.7875,0.5378
2710,-100,-95.0,40,4.75,5.5,-39.92,17.7239,-82,33.21,103.1,1.072538,0.610294,9.996,0.5395
2711,-100,-95.0,40,4.75,6.0,-39.05,17.6676,-96,31.57,105.63,1.01127,0.597193,8.9514,0.5532
2712,-100,-95.0,40,4.75,6.5,-41.1,18.3355,-84,29.93,108.1,0.989375,0.57314,9.7624,0.5814
2713,-100,-95.0,40,4.75,7.0,-40.67,18.4522,-89,33.57,102.49,1.043613,0.647839,12.2173,0.4785
2714,-100,-95.0,40,4.75,7.5,-40.74,18.0623,-90,32.01,104.94,1.045483,0.582307,7.2529,0.5874
2715,-100,-95.0,40,4.75,8.0,-40.17,18.5264,-93,31.65,105.46,1.009989,0.578411,8.0661,0.572
2717,-100,-95.0,40,4.75,9.0,-39.5,18.8893,-100,31.8,105.28,1.035766,0.620241,11.671,0.488
2716,-100,-95.0,40,4.75,8.5,-40.94,18.5213,-90,31.74,105.35,1.018324,0.575469,6.8917,0.5478
2719,-100,-95.0,40,4.75,10.0,-39.78,19.3339,-99,34.73,100.71,1.116236,0.673769,11.7651,0.4584
2718,-100,-95.0,40,4.75,9.5,-41.03,19.3734,-97,31.36,105.9,0.996092,0.594671,10.2941,0.4688
2720,-100,-95.0,40,4.75,10.5,-39.39,21.3183,-100,34.18,101.56,1.088036,0.639378,10.386,0.4514
2721,-100,-95.0,40,4.75,11.0,-40.86,20.1382,-100,34.08,101.73,1.092175,0.691673,13.0707,0.4235
2722,-100,-95.0,40,4.75,11.5,-39.74,20.8487,-100,30.83,106.7,0.989517,0.57869,7.9819,0.561
2724,-100,-95.0,40,4.75,12.5,-41.45,21.1153,-100,34.48,101.09,1.097035,0.792475,18.4693,0.369
2725,-100,-95.0,40,4.75,13.0,-41.83,20.5847,-100,32.61,103.97,1.054409,0.63899,11.9581,0.4848
2723,-100,-95.0,40,4.75,12.0,-39.23,21.1764,-100,31.41,105.83,1.010913,0.565764,6.547,0.5769
2726,-100,-95.0,40,4.75,13.5,-42.0,21.2642,-100,32.17,104.62,1.024635,0.606214,10.6076,0.5129
2727,-100,-95.0,40,4.75,14.0,-39.98,21.1269,-100,32.37,104.37,1.031756,0.581148,8.8985,0.555
2728,-100,-95.0,40,5.0,1.0,-35.45,18.5151,-64,32.59,104.02,1.073319,0.712743,16.3781,0.4136
2729,-100,-95.0,40,5.0,1.5,-36.17,19.6127,-66,31.06,106.4,1.003245,0.652738,14.5442,0.49
2731,-100,-95.0,40,5.0,2.5,-35.35,19.2245,-70,33.12,103.22,1.057104,0.732865,16.1077,0.4434
2730,-100,-95.0,40,5.0,2.0,-39.57,17.9165,-69,31.67,105.39,0.986865,0.666606,14.3717,0.4122
2732,-100,-95.0,40,5.0,3.0,-36.24,17.9212,-73,34.57,100.97,1.078029,0.642187,9.7845,0.5326
2733,-100,-95.0,40,5.0,3.5,-39.49,17.8258,-74,32.62,103.96,1.055648,0.683327,14.8224,0.4913
2734,-100,-95.0,40,5.0,4.0,-36.4,18.007,-73,31.51,105.74,1.017027,0.618825,11.2515,0.4912
2735,-100,-95.0,40,5.0,4.5,-34.7,19.2448,-78,35.68,99.22,1.108796,0.74551,14.4833,0.3722
2738,-100,-95.0,40,5.0,6.0,-36.07,20.2807,-83,33.44,102.7,1.063602,0.683451,14.457,0.4395
2736,-100,-95.0,40,5.0,5.0,-35.42,18.7172,-79,31.09,106.29,0.99463,0.573133,8.6594,0.537
2737,-100,-95.0,40,5.0,5.5,-36.97,18.3864,-82,31.03,106.45,0.995871,0.561131,7.8924,0.5309
2739,-100,-95.0,40,5.0,6.5,-33.92,19.4076,-83,33.09,103.24,1.054094,0.749577,18.4803,0.3881
2740,-100,-95.0,40,5.0,7.0,-37.2,18.0821,-90,31.49,105.68,0.996853,0.639609,12.8169,0.4679
2741,-100,-95.0,40,5.0,7.5,-34.58,18.4393,-86,31.65,105.45,1.024285,0.64278,12.2596,0.4773
2742,-100,-95.0,40,5.0,8.0,-36.82,19.2433,-88,30.77,106.8,0.998373,0.58594,9.1075,0.5251
2743,-100,-95.0,40,5.0,8.5,-37.0,20.2849,-93,31.45,105.8,1.023159,0.60405,10.539,0.572
2744,-100,-95.0,40,5.0,9.0,-35.41,21.2329,-98,33.03,103.34,1.040472,0.63351,11.3139,0.4766
2745,-100,-95.0,40,5.0,9.5,-36.39,20.7137,-94,32.43,104.26,1.026008,0.666689,14.3895,0.4393
2746,-100,-95.0,40,5.0,10.0,-36.65,19.9806,-96,34.02,101.81,1.08134,0.640403,11.9822,0.454
2748,-100,-95.0,40,5.0,11.0,-36.79,20.8259,-100,34.05,101.76,1.088942,0.62212,7.8671,0.5515
2747,-100,-95.0,40,5.0,10.5,-34.92,20.6351,-100,33.56,102.55,1.087055,0.647296,10.772,0.4743
2749,-100,-95.0,40,5.0,11.5,-37.94,20.7065,-100,32.85,103.63,1.040195,0.589334,7.8266,0.5787
2750,-100,-95.0,40,5.0,12.0,-35.89,20.9812,-100,33.52,102.55,1.082182,0.663452,13.794,0.5268
2751,-100,-95.0,40,5.0,12.5,-34.44,21.9528,-100,33.6,102.41,1.087775,0.663514,11.7473,0.4875
2752,-100,-95.0,40,5.0,13.0,-36.07,21.7219,-100,32.78,103.7,1.0671,0.64434,12.9447,0.4797
2755,-100,-90.0,40,1.0,1.0,-84.97,3.8286,-96,51.49,74.87,1.372676,1.260064,28.8547,0.0786
2753,-100,-95.0,40,5.0,13.5,-37.66,22.0208,-100,30.79,106.78,1.012601,0.577314,8.682,0.506
2754,-100,-95.0,40,5.0,14.0,-36.58,21.9358,-100,32.05,104.9,1.042482,0.6815,14.723,0.4003
2756,-100,-90.0,40,1.0,1.5,-86.08,3.5586,-96,50.07,77.03,1.558037,0.988003,15.18,0.2178
2757,-100,-90.0,40,1.0,2.0,-85.05,4.0227,-99,49.89,77.29,1.392341,1.158225,27.4193,0.1297
2758,-100,-90.0,40,1.0,2.5,-85.43,3.8775,-100,48.52,79.43,1.411332,1.055889,23.1266,0.0877
2760,-100,-90.0,40,1.0,3.5,-85.73,5.0375,-100,54.87,69.64,1.73904,1.170636,20.4546,0.2245
2759,-100,-90.0,40,1.0,3.0,-85.11,4.5238,-100,47.29,81.33,1.427128,0.873103,18.9892,0.254
2761,-100,-90.0,40,1.0,4.0,-84.88,5.7235,-100,51.73,74.46,1.608885,1.240172,21.8927,0.1496
2762,-100,-90.0,40,1.0,4.5,-86.22,5.6937,-100,57.61,65.44,1.90987,1.061163,15.0802,0.1773
2763,-100,-90.0,40,1.0,5.0,-85.14,6.5725,-100,52.07,73.96,1.560007,0.931124,19.8861,0.2049
2764,-100,-90.0,40,1.0,5.5,-84.93,6.5085,-100,51.6,74.68,1.60722,1.026434,20.0196,0.2389
2765,-100,-90.0,40,1.0,6.0,-86.58,6.4427,-100,57.51,65.57,1.919273,1.081788,14.795,0.2196
2766,-100,-90.0,40,1.0,6.5,-86.09,7.0578,-100,57.31,65.9,1.893837,1.042545,14.2481,0.2036
2767,-100,-90.0,40,1.0,7.0,-85.94,7.8283,-100,58.7,63.71,1.971681,1.099728,15.5168,0.2241
2769,-100,-90.0,40,1.0,8.0,-85.81,8.3151,-100,58.18,64.55,1.956482,1.168209,15.2119,0.173
2768,-100,-90.0,40,1.0,7.5,-85.1,8.0143,-100,57.78,65.16,1.95863,1.195504,17.6797,0.2042
2770,-100,-90.0,40,1.0,8.5,-84.96,8.7336,-100,57.42,65.71,1.935151,1.145155,16.8156,0.2472
2772,-100,-90.0,40,1.0,9.5,-85.22,9.511,-100,61.25,59.81,2.140227,1.625781,20.238,0.1455
2771,-100,-90.0,40,1.0,9.0,-85.48,9.3458,-100,59.8,62.04,2.065136,1.254073,16.161,0.1955
2773,-100,-90.0,40,1.0,10.0,-84.98,9.6922,-100,58.5,64.06,1.980798,1.259725,18.4384,0.1748
2774,-100,-90.0,40,1.0,10.5,-84.92,10.1617,-100,58.98,63.31,2.037359,0.961669,11.5378,0.2573
2775,-100,-90.0,40,1.0,11.0,-84.83,10.5194,-100,57.81,65.12,1.941675,1.033916,14.5479,0.2123
2777,-100,-90.0,40,1.0,12.0,-84.59,11.1224,-100,60.05,61.66,2.100554,1.13024,12.7062,0.2168
2776,-100,-90.0,40,1.0,11.5,-84.42,10.9408,-100,62.69,57.6,2.231439,1.352559,18.1929,0.19
2779,-100,-90.0,40,1.0,13.0,-84.98,11.6918,-100,59.08,63.15,2.045048,0.924636,9.5044,0.2659
2778,-100,-90.0,40,1.0,12.5,-85.17,11.2771,-100,59.05,63.2,2.024483,0.964715,11.4125,0.2644
2780,-100,-90.0,40,1.0,13.5,-84.14,12.314,-100,59.33,62.75,2.058602,1.006386,10.9001,0.2344
2781,-100,-90.0,40,1.0,14.0,-84.66,12.4322,-100,61.41,59.57,2.176044,1.014617,10.3271,0.2215
2782,-100,-90.0,40,1.25,1.0,-83.79,3.9754,-92,36.46,98.03,1.163215,0.729071,13.6635,0.3668
2783,-100,-90.0,40,1.25,1.5,-82.44,4.5782,-97,41.72,89.93,1.157056,1.050661,26.5187,0.1622
2784,-100,-90.0,40,1.25,2.0,-83.24,4.7433,-98,42.22,89.15,1.307889,0.945817,18.8543,0.2289
2785,-100,-90.0,40,1.25,2.5,-83.59,4.7937,-97,43.8,86.72,1.38363,0.740622,9.6698,0.4061
2786,-100,-90.0,40,1.25,3.0,-83.14,5.4133,-100,46.97,81.77,1.495437,0.833851,13.2946,0.3329
2787,-100,-90.0,40,1.25,3.5,-83.1,5.0177,-100,44.43,85.73,1.409839,0.804934,13.2635,0.3443
2788,-100,-90.0,40,1.25,4.0,-82.67,6.5058,-100,46.45,82.65,1.462716,0.856302,14.9397,0.2958
2789,-100,-90.0,40,1.25,4.5,-82.67,6.7255,-100,46.22,83.0,1.468147,0.790726,11.709,0.3253
2790,-100,-90.0,40,1.25,5.0,-83.04,6.2319,-100,45.61,83.92,1.440435,0.931333,16.5992,0.2369
2791,-100,-90.0,40,1.25,5.5,-82.97,7.1201,-100,50.05,77.12,1.607954,0.856907,13.6195,0.3202
2793,-100,-90.0,40,1.25,6.5,-83.65,7.8737,-100,57.11,66.19,1.948325,1.195354,14.6337,0.2153
2792,-100,-90.0,40,1.25,6.0,-81.71,7.6847,-100,46.91,81.88,1.501989,0.838143,13.3898,0.3453
2794,-100,-90.0,40,1.25,7.0,-82.83,8.04,-100,50.7,76.09,1.642082,0.896992,13.9282,0.3062
2795,-100,-90.0,40,1.25,7.5,-82.15,8.9061,-100,48.05,80.15,1.524791,0.88322,16.4833,0.3297
2798,-100,-90.0,40,1.25,9.0,-82.83,9.877,-100,54.27,70.58,1.790547,0.924215,13.7449,0.3315
2796,-100,-90.0,40,1.25,8.0,-82.61,9.0718,-100,50.34,76.6,1.621553,0.997692,15.1946,0.2213
2797,-100,-90.0,40,1.25,8.5,-82.73,9.1838,-100,50.87,75.81,1.636573,0.944613,14.6928,0.2639
2799,-100,-90.0,40,1.25,9.5,-81.95,10.1179,-100,51.94,74.16,1.667672,1.313637,22.7678,0.2095
2800,-100,-90.0,40,1.25,10.0,-82.27,10.4482,-100,55.24,69.09,1.834586,1.103153,15.4126,0.2166
2801,-100,-90.0,40,1.25,10.5,-81.89,10.7478,-100,54.3,70.51,1.79485,0.984884,13.5791,0.2769
2803,-100,-90.0,40,1.25,11.5,-82.22,11.3658,-100,54.54,70.13,1.819625,1.059269,15.1473,0.2117
2802,-100,-90.0,40,1.25,11.0,-81.8,11.3466,-100,55.82,68.2,1.886807,0.968398,12.7787,0.2638
2804,-100,-90.0,40,1.25,12.0,-81.22,12.2128,-100,54.06,70.87,1.781957,1.113229,15.8442,0.1993
2805,-100,-90.0,40,1.25,12.5,-80.53,12.3973,-100,51.39,75.0,1.671419,1.056559,17.5021,0.2484
2806,-100,-90.0,40,1.25,13.0,-82.42,12.3745,-100,56.46,67.19,1.898687,0.969812,11.1735,0.2311
2808,-100,-90.0,40,1.25,14.0,-82.01,12.9723,-100,58.32,64.33,2.014639,0.947071,9.9626,0.2562
2807,-100,-90.0,40,1.25,13.5,-81.68,12.7162,-100,55.02,69.44,1.832739,0.886846,10.9919,0.3089
2810,-100,-90.0,40,1.5,1.5,-80.53,5.9024,-94,35.74,99.16,1.115677,0.844563,18.0205,0.26
2809,-100,-90.0,40,1.5,1.0,-80.77,5.3653,-93,33.34,102.84,1.041318,0.661943,12.5033,0.459
2812,-100,-90.0,40,1.5,2.5,-81.14,5.7414,-98,37.3,96.76,1.171504,0.601917,8.3685,0.4633
2811,-100,-90.0,40,1.5,2.0,-79.96,5.6106,-95,35.32,99.81,1.110104,0.631553,9.0613,0.5259
2813,-100,-90.0,40,1.5,3.0,-80.72,5.7461,-100,36.33,98.23,1.127364,0.735128,16.3457,0.3669
2815,-100,-90.0,40,1.5,4.0,-80.28,6.5314,-100,42.21,89.14,1.341475,0.771601,12.4327,0.3486
2816,-100,-90.0,40,1.5,4.5,-79.87,7.1594,-100,41.36,90.48,1.311064,0.85788,15.2496,0.2612
2814,-100,-90.0,40,1.5,3.5,-80.22,6.0862,-100,36.33,98.25,1.145638,0.6874,13.753,0.4583
2817,-100,-90.0,40,1.5,5.0,-80.15,7.0808,-100,41.56,90.17,1.308595,0.864705,15.5575,0.2594
2818,-100,-90.0,40,1.5,5.5,-80.63,8.0887,-100,44.25,86.01,1.382492,0.832645,13.4682,0.3163
2819,-100,-90.0,40,1.5,6.0,-79.12,8.2954,-100,44.14,86.17,1.388793,0.90932,17.721,0.309
2820,-100,-90.0,40,1.5,6.5,-80.39,8.2509,-100,44.06,86.31,1.396845,0.81097,14.1207,0.343
2821,-100,-90.0,40,1.5,7.0,-79.99,9.1883,-100,45.63,83.89,1.439824,0.781772,13.5317,0.4017
2822,-100,-90.0,40,1.5,7.5,-79.62,9.6324,-100,45.45,84.12,1.447969,0.787964,13.519,0.4086
2824,-100,-90.0,40,1.5,8.5,-80.0,10.0283,-100,49.73,77.56,1.609477,0.914076,13.1002,0.2583
2825,-100,-90.0,40,1.5,9.0,-80.3,10.1029,-100,48.45,79.58,1.55355,0.873024,14.9006,0.347
2826,-100,-90.0,40,1.5,9.5,-78.83,10.5703,-100,48.28,79.82,1.534027,1.042699,20.1337,0.2559
2823,-100,-90.0,40,1.5,8.0,-79.28,9.0835,-100,41.19,90.73,1.305299,0.77507,14.9101,0.3303
2829,-100,-90.0,40,1.5,11.0,-79.9,11.5293,-100,52.42,73.39,1.726699,0.908949,11.5083,0.2668
2827,-100,-90.0,40,1.5,10.0,-79.02,10.873,-100,48.1,80.06,1.534083,0.928352,16.3346,0.3065
2828,-100,-90.0,40,1.5,10.5,-78.66,11.546,-100,46.42,82.66,1.479445,0.850972,15.0726,0.2979
2831,-100,-90.0,40,1.5,12.0,-78.72,12.7217,-100,49.82,77.42,1.605195,0.871484,13.069,0.2939
2830,-100,-90.0,40,1.5,11.5,-79.6,11.9722,-100,50.25,76.76,1.62439,0.744531,7.2026,0.402
2832,-100,-90.0,40,1.5,12.5,-79.16,12.6427,-100,50.05,77.08,1.617697,0.73291,9.6016,0.3673
2833,-100,-90.0,40,1.5,13.0,-78.69,13.1608,-100,51.16,75.39,1.661454,0.980569,16.1743,0.2962
2834,-100,-90.0,40,1.5,13.5,-79.66,13.4004,-100,52.11,73.91,1.703936,0.729234,5.3174,0.4074
2835,-100,-90.0,40,1.5,14.0,-78.32,13.9218,-100,50.6,76.24,1.634334,0.942825,14.6463,0.2366
2837,-100,-90.0,40,1.75,1.5,-78.58,5.7502,-92,37.36,96.65,1.169697,0.703623,11.5154,0.4343
2836,-100,-90.0,40,1.75,1.0,-76.68,5.667,-89,34.01,101.84,1.077765,0.641224,11.4178,0.5103
2840,-100,-90.0,40,1.75,3.0,-77.22,7.1745,-100,36.18,98.49,1.143016,0.73235,14.3327,0.3736
2838,-100,-90.0,40,1.75,2.0,-77.41,6.1983,-93,33.01,103.39,1.042552,0.623644,9.6457,0.5135
2839,-100,-90.0,40,1.75,2.5,-77.3,7.9896,-97,36.98,97.23,1.155897,0.66498,8.2106,0.4906
2841,-100,-90.0,40,1.75,3.5,-77.25,7.1403,-99,33.54,102.55,1.059716,0.672459,15.317,0.4842
2842,-100,-90.0,40,1.75,4.0,-77.39,7.0592,-100,38.17,95.38,1.206088,0.788093,16.169,0.3904
2843,-100,-90.0,40,1.75,4.5,-77.68,7.3257,-100,38.83,94.38,1.220961,0.70025,11.5258,0.461
2844,-100,-90.0,40,1.75,5.0,-77.3,8.0708,-100,36.32,98.24,1.1463,0.598447,4.841,0.5553
2845,-100,-90.0,40,1.75,5.5,-78.28,8.3141,-100,39.02,94.09,1.229139,0.69424,12.3224,0.463
2846,-100,-90.0,40,1.75,6.0,-76.44,8.6895,-100,36.82,97.49,1.13821,0.701068,14.1931,0.4542
2847,-100,-90.0,40,1.75,6.5,-76.49,9.0055,-100,35.81,99.08,1.147793,0.661297,12.0046,0.4123
2849,-100,-90.0,40,1.75,7.5,-77.39,9.5268,-100,41.64,90.01,1.311525,0.766901,14.3113,0.4029
2848,-100,-90.0,40,1.75,7.0,-76.15,9.7816,-100,39.89,92.75,1.235239,0.720751,12.9109,0.4287
2851,-100,-90.0,40,1.75,8.5,-77.44,10.3943,-100,44.52,85.66,1.403103,0.866761,14.5438,0.3016
2850,-100,-90.0,40,1.75,8.0,-77.4,9.9948,-100,40.12,92.41,1.266065,0.67448,10.6676,0.4501
2852,-100,-90.0,40,1.75,9.0,-76.79,10.5686,-100,40.73,91.44,1.292185,0.705662,10.2121,0.4036
2853,-100,-90.0,40,1.75,9.5,-77.03,11.1177,-100,43.63,86.97,1.377895,0.902884,17.0016,0.2974
2854,-100,-90.0,40,1.75,10.0,-76.54,11.5386,-100,42.92,88.1,1.358912,0.642785,5.5418,0.4736
2855,-100,-90.0,40,1.75,10.5,-77.41,12.0645,-100,43.77,86.76,1.385378,0.708944,10.1036,0.393
2856,-100,-90.0,40,1.75,11.0,-77.27,12.1905,-100,44.04,86.36,1.382053,0.765218,11.2392,0.3219
2857,-100,-90.0,40,1.75,11.5,-76.02,12.8347,-100,43.58,87.05,1.37728,0.739763,12.2459,0.3734
2858,-100,-90.0,40,1.75,12.0,-76.68,13.1501,-100,47.92,80.38,1.532579,0.752749,9.3974,0.3873
2859,-100,-90.0,40,1.75,12.5,-76.46,13.3131,-100,46.54,82.52,1.480935,0.809697,11.1945,0.3009
2861,-100,-90.0,40,1.75,13.5,-76.83,14.0019,-100,53.21,72.21,1.767826,0.873595,10.7656,0.324
2860,-100,-90.0,40,1.75,13.0,-75.78,13.7623,-100,46.07,83.25,1.45242,0.715501,9.0005,0.3963
2862,-100,-90.0,40,1.75,14.0,-75.67,14.6512,-100,47.46,81.08,1.514404,0.759563,11.6909,0.3564
2863,-100,-90.0,40,2.0,1.0,-74.76,7.5576,-87,34.21,101.51,1.075557,0.612032,6.5943,0.5736
2864,-100,-90.0,40,2.0,1.5,-74.43,6.9351,-89,36.12,98.61,1.141301,0.699373,13.7573,0.4467
2865,-100,-90.0,40,2.0,2.0,-74.41,8.1503,-93,34.54,101.01,1.051884,0.700838,14.7155,0.4326
2867,-100,-90.0,40,2.0,3.0,-74.87,7.7185,-96,33.71,102.28,1.070315,0.628679,10.3244,0.5135
2866,-100,-90.0,40,2.0,2.5,-73.88,7.4633,-93,31.84,105.24,1.008742,0.576152,7.8618,0.558
2868,-100,-90.0,40,2.0,3.5,-73.69,7.4486,-96,35.77,99.13,1.12871,0.77702,16.5881,0.3468
2869,-100,-90.0,40,2.0,4.0,-73.41,8.8737,-100,32.31,104.44,1.00035,0.632144,12.039,0.4705
2871,-100,-90.0,40,2.0,5.0,-74.91,8.7543,-100,38.44,95.0,1.216273,0.675326,10.2803,0.4318
2870,-100,-90.0,40,2.0,4.5,-74.01,9.0119,-99,35.37,99.75,1.130309,0.62242,7.6672,0.536
2872,-100,-90.0,40,2.0,5.5,-73.34,9.4201,-100,32.47,104.19,1.032537,0.581043,7.7474,0.5095
2873,-100,-90.0,40,2.0,6.0,-74.04,8.7407,-100,37.08,97.07,1.182003,0.644471,9.6071,0.5068
2874,-100,-90.0,40,2.0,6.5,-74.23,9.8498,-100,35.65,99.3,1.120575,0.636701,9.5843,0.495
2877,-100,-90.0,40,2.0,8.0,-74.12,10.8425,-100,42.53,88.67,1.35227,0.831899,15.5704,0.3399
2875,-100,-90.0,40,2.0,7.0,-73.93,10.164,-100,35.31,99.78,1.109895,0.658459,12.2074,0.4798
2876,-100,-90.0,40,2.0,7.5,-74.81,10.583,-100,39.06,94.08,1.229854,0.710423,13.3369,0.4075
2878,-100,-90.0,40,2.0,8.5,-74.81,10.8373,-100,40.98,91.05,1.290752,0.786404,14.1286,0.4203
2879,-100,-90.0,40,2.0,9.0,-73.73,11.4412,-100,38.94,94.18,1.235393,0.769695,16.7042,0.4207
2880,-100,-90.0,40,2.0,9.5,-73.33,11.6971,-100,39.88,92.82,1.245554,0.705366,13.0095,0.4324
2881,-100,-90.0,40,2.0,10.0,-73.31,12.4454,-100,39.53,93.35,1.221372,0.800392,16.5425,0.3744
2882,-100,-90.0,40,2.0,10.5,-74.78,12.3271,-100,42.45,88.78,1.345113,0.710128,10.2991,0.4269
2883,-100,-90.0,40,2.0,11.0,-73.3,13.0884,-100,42.1,89.36,1.316254,0.721654,12.3059,0.3764
2884,-100,-90.0,40,2.0,11.5,-73.68,13.1474,-100,43.32,87.45,1.369584,0.777795,12.4491,0.3541
2885,-100,-90.0,40,2.0,12.0,-73.25,13.9908,-100,42.12,89.29,1.289871,0.862056,16.8781,0.3146
2887,-100,-90.0,40,2.0,13.0,-72.76,14.684,-100,46.69,82.25,1.496565,0.953042,18.2267,0.3089
2886,-100,-90.0,40,2.0,12.5,-73.82,13.7496,-100,42.05,89.41,1.304519,0.72133,11.9508,0.413
2888,-100,-90.0,40,2.0,13.5,-74.15,14.5777,-100,45.7,83.81,1.449365,0.851685,15.1846,0.3842
2889,-100,-90.0,40,2.0,14.0,-73.29,15.1829,-100,44.56,85.55,1.40515,0.71678,10.3533,0.429
2890,-100,-90.0,40,2.25,1.0,-70.73,7.5341,-86,33.03,103.37,1.045974,0.604551,7.8954,0.5516
2891,-100,-90.0,40,2.25,1.5,-71.38,8.4623,-90,33.33,102.84,1.063908,0.626514,8.2844,0.5669
2892,-100,-90.0,40,2.25,2.0,-72.2,8.2551,-91,33.48,102.63,1.045091,0.587555,7.8561,0.5094
2893,-100,-90.0,40,2.25,2.5,-71.08,7.7172,-90,30.95,106.56,0.984652,0.608944,11.0413,0.5441
2894,-100,-90.0,40,2.25,3.0,-71.89,9.2611,-95,32.42,104.27,1.014201,0.623004,10.0844,0.4973
2895,-100,-90.0,40,2.25,3.5,-70.56,8.1523,-94,33.8,102.11,1.062946,0.649802,11.6286,0.4504
2897,-100,-90.0,40,2.25,4.5,-71.0,10.1193,-100,39.13,93.93,1.211362,0.771462,15.1736,0.4479
2896,-100,-90.0,40,2.25,4.0,-71.35,9.3925,-99,35.47,99.5,1.122189,0.623801,7.316,0.5261
2898,-100,-90.0,40,2.25,5.0,-70.51,9.3104,-100,36.82,97.55,1.155841,0.836073,19.1029,0.3641
2899,-100,-90.0,40,2.25,5.5,-71.37,9.8101,-100,34.7,100.75,1.083615,0.602377,4.8431,0.5824
2900,-100,-90.0,40,2.25,6.0,-70.61,10.3546,-100,34.19,101.51,1.086719,0.631631,10.0325,0.4838
2901,-100,-90.0,40,2.25,6.5,-70.0,10.5393,-100,36.86,97.46,1.165717,0.707086,13.2914,0.4982
2902,-100,-90.0,40,2.25,7.0,-71.56,11.1719,-100,37.98,95.69,1.184096,0.73643,13.3156,0.4371
2903,-100,-90.0,40,2.25,7.5,-72.03,10.39,-100,32.71,103.86,1.013023,0.584218,10.0916,0.4668
2904,-100,-90.0,40,2.25,8.0,-70.66,11.2736,-100,36.9,97.36,1.125132,0.713326,13.494,0.3653
2905,-100,-90.0,40,2.25,8.5,-70.73,11.7749,-100,37.97,95.7,1.182773,0.763351,15.6271,0.4019
2906,-100,-90.0,40,2.25,9.0,-71.2,12.4442,-100,39.42,93.5,1.241627,0.794082,16.0696,0.4208
2907,-100,-90.0,40,2.25,9.5,-70.15,12.1235,-100,38.84,94.35,1.228132,0.658521,9.3767,0.519
2908,-100,-90.0,40,2.25,10.0,-70.23,13.3079,-100,39.42,93.5,1.21768,0.727074,13.2342,0.4337
2911,-100,-90.0,40,2.25,11.5,-70.01,14.1015,-100,39.41,93.49,1.246702,0.729092,12.852,0.4526
2909,-100,-90.0,40,2.25,10.5,-70.5,13.052,-100,37.64,96.22,1.168998,0.67862,11.8156,0.4673
2910,-100,-90.0,40,2.25,11.0,-70.54,13.5422,-100,36.72,97.64,1.176574,0.628178,8.7145,0.4783
2912,-100,-90.0,40,2.25,12.0,-69.65,14.4973,-100,42.67,88.5,1.330184,0.937228,18.9813,0.3028
2913,-100,-90.0,40,2.25,12.5,-70.46,14.4811,-100,39.01,94.16,1.218363,0.68303,12.1833,0.4355
2914,-100,-90.0,40,2.25,13.0,-69.93,14.8765,-100,40.2,92.27,1.271135,0.722812,12.2082,0.4123
2915,-100,-90.0,40,2.25,13.5,-69.96,15.0617,-100,43.56,87.09,1.370947,0.783704,12.7757,0.4003
2916,-100,-90.0,40,2.25,14.0,-68.99,15.9548,-100,42.41,88.87,1.332997,0.767952,13.8193,0.373
2917,-100,-90.0,40,2.5,1.0,-68.45,8.884,-85,33.37,102.84,1.032935,0.640668,11.6738,0.4851
2918,-100,-90.0,40,2.5,1.5,-68.35,8.836,-85,31.35,105.94,1.008444,0.602219,8.9407,0.5581
2919,-100,-90.0,40,2.5,2.0,-67.83,9.0719,-88,33.93,101.92,1.054723,0.609835,7.6695,0.5126
2920,-100,-90.0,40,2.5,2.5,-69.01,9.6568,-89,31.93,105.02,0.994781,0.63692,13.3705,0.5045
2922,-100,-90.0,40,2.5,3.5,-67.6,9.2424,-93,34.56,101.01,1.105841,0.675208,13.0032,0.4971
2921,-100,-90.0,40,2.5,3.0,-68.99,8.5282,-90,34.53,101.02,1.10665,0.690943,12.3414,0.4656
2924,-100,-90.0,40,2.5,4.5,-69.66,10.1494,-96,33.75,102.2,1.090584,0.605242,8.9744,0.5687
2923,-100,-90.0,40,2.5,4.0,-66.71,10.0594,-93,34.27,101.41,1.089819,0.643263,9.3343,0.4747
2925,-100,-90.0,40,2.5,5.0,-67.69,10.4265,-97,34.13,101.61,1.093938,0.60885,4.7939,0.5661
2926,-100,-90.0,40,2.5,5.5,-68.0,10.7784,-100,33.75,102.2,1.05904,0.691708,14.2018,0.394
2927,-100,-90.0,40,2.5,6.0,-68.03,10.98,-100,35.67,99.29,1.134368,0.613739,6.6525,0.533
2928,-100,-90.0,40,2.5,6.5,-68.87,11.5732,-100,32.75,103.79,1.04836,0.590674,6.4913,0.58
2929,-100,-90.0,40,2.5,7.0,-68.03,11.6892,-100,38.18,95.35,1.215861,0.751288,14.0276,0.4322
2930,-100,-90.0,40,2.5,7.5,-67.11,11.3189,-100,34.5,101.04,1.060478,0.68673,13.5465,0.3946
2931,-100,-90.0,40,2.5,8.0,-67.81,12.1377,-100,38.42,95.01,1.216412,0.726436,11.5471,0.391
2933,-100,-90.0,40,2.5,9.0,-69.48,12.2782,-100,34.77,100.63,1.097922,0.613015,8.2196,0.5345
2932,-100,-90.0,40,2.5,8.5,-66.42,13.3707,-100,35.66,99.3,1.085218,0.73544,15.3659,0.3771
2934,-100,-90.0,40,2.5,9.5,-67.65,12.9073,-100,36.02,98.75,1.132732,0.667863,11.4992,0.4434
2936,-100,-90.0,40,2.5,10.5,-66.62,14.1706,-100,36.94,97.33,1.168429,0.67649,12.1441,0.4973
2937,-100,-90.0,40,2.5,11.0,-68.06,13.7441,-100,38.53,94.86,1.21526,0.662925,10.3029,0.4654
2935,-100,-90.0,40,2.5,10.0,-68.51,13.5083,-100,37.82,95.92,1.174857,0.669303,9.5834,0.4755
2938,-100,-90.0,40,2.5,11.5,-68.92,14.5282,-100,38.61,94.78,1.196312,0.749269,15.8007,0.4086
2939,-100,-90.0,40,2.5,12.0,-68.15,15.0615,-100,39.86,92.78,1.25356,0.680135,8.4322,0.5376
2940,-100,-90.0,40,2.5,12.5,-67.08,15.7158,-100,38.23,95.32,1.216117,0.635234,7.7657,0.519
2941,-100,-90.0,40,2.5,13.0,-67.94,15.4417,-100,40.76,91.46,1.279512,0.713509,9.5934,0.4177
2942,-100,-90.0,40,2.5,13.5,-67.43,16.0216,-100,41.91,89.66,1.310863,0.825333,15.6193,0.3863
2943,-100,-90.0,40,2.5,14.0,-66.85,16.2997,-100,37.0,97.26,1.168587,0.63343,8.6378,0.4376
2944,-100,-90.0,40,2.75,1.0,-65.6,10.0468,-84,34.66,100.79,1.073406,0.631209,8.2605,0.507
2945,-100,-90.0,40,2.75,1.5,-65.12,9.3806,-83,32.31,104.48,1.031892,0.627636,10.8054,0.5264
2946,-100,-90.0,40,2.75,2.0,-66.08,10.0958,-88,34.63,100.88,1.091581,0.653976,10.6381,0.5241
2947,-100,-90.0,40,2.75,2.5,-65.19,10.5996,-87,31.82,105.2,0.999911,0.574196,6.363,0.6036
2948,-100,-90.0,40,2.75,3.0,-64.17,10.5171,-89,32.57,104.07,1.03916,0.60993,9.1588,0.5029
2949,-100,-90.0,40,2.75,3.5,-63.62,10.7571,-90,30.4,107.4,0.965396,0.578717,8.8165,0.528
2950,-100,-90.0,40,2.75,4.0,-66.33,10.7182,-100,31.1,106.34,1.000529,0.652938,14.1145,0.4777
2951,-100,-90.0,40,2.75,4.5,-64.32,11.5524,-93,33.61,102.4,1.073005,0.675166,13.4714,0.4811
2952,-100,-90.0,40,2.75,5.0,-65.35,11.2328,-95,34.54,100.98,1.104813,0.719573,14.5172,0.4057
2953,-100,-90.0,40,2.75,5.5,-64.83,11.6526,-100,32.39,104.35,1.044158,0.61666,10.4771,0.4946
2954,-100,-90.0,40,2.75,6.0,-65.83,11.1353,-100,31.09,106.35,0.981234,0.618393,12.0668,0.4971
2955,-100,-90.0,40,2.75,6.5,-63.82,12.0363,-100,34.12,101.64,1.074478,0.781398,18.21,0.4101
2956,-100,-90.0,40,2.75,7.0,-65.37,12.5659,-100,37.04,97.17,1.168197,0.825005,18.5357,0.4144
2957,-100,-90.0,40,2.75,7.5,-64.02,13.3413,-100,34.81,100.61,1.102154,0.702992,13.8062,0.4447
2958,-100,-90.0,40,2.75,8.0,-66.7,12.5784,-100,33.26,102.96,1.080405,0.638125,12.0769,0.4563
2960,-100,-90.0,40,2.75,9.0,-66.43,13.6601,-100,35.84,99.0,1.130824,0.628271,7.6377,0.5273
2959,-100,-90.0,40,2.75,8.5,-65.62,13.1453,-100,33.28,102.97,1.025161,0.604801,9.9695,0.4688
2961,-100,-90.0,40,2.75,9.5,-66.21,14.0494,-100,35.22,99.96,1.126675,0.613493,8.1226,0.5214
2962,-100,-90.0,40,2.75,10.0,-65.13,13.8694,-100,36.0,98.71,1.149715,0.743495,14.6821,0.4083
2963,-100,-90.0,40,2.75,10.5,-63.56,14.7258,-100,38.14,95.42,1.188605,0.681299,9.5384,0.5028
2964,-100,-90.0,40,2.75,11.0,-65.39,14.4456,-100,37.03,97.12,1.170644,0.682637,11.4529,0.5054
2965,-100,-90.0,40,2.75,11.5,-65.58,14.8863,-100,37.72,96.1,1.204329,0.623001,5.1596,0.573
2967,-100,-90.0,40,2.75,12.5,-64.05,15.7897,-100,36.36,98.18,1.157085,0.676326,11.7838,0.5047
2966,-100,-90.0,40,2.75,12.0,-64.02,15.4985,-100,38.15,95.47,1.204748,0.652644,8.9766,0.4974
2969,-100,-90.0,40,2.75,13.5,-63.02,16.6398,-100,38.05,95.6,1.210424,0.699286,11.993,0.4826
2970,-100,-90.0,40,2.75,14.0,-63.72,17.0262,-100,36.03,98.66,1.143058,0.628657,9.7169,0.4757
2968,-100,-90.0,40,2.75,13.0,-64.12,16.2969,-100,35.14,100.12,1.106739,0.650249,10.6387,0.4935
2971,-100,-90.0,40,3.0,1.0,-61.64,11.2583,-80,31.23,106.14,1.011548,0.675736,14.4848,0.475
2972,-100,-90.0,40,3.0,1.5,-63.66,10.1104,-81,34.68,100.8,1.110722,0.623646,9.9135,0.5226
2973,-100,-90.0,40,3.0,2.0,-63.46,10.3569,-82,30.97,106.48,1.012182,0.598247,9.5929,0.5109
2974,-100,-90.0,40,3.0,2.5,-61.44,10.3233,-84,31.51,105.68,1.005435,0.565144,6.218,0.5609
2976,-100,-90.0,40,3.0,3.5,-62.06,10.9477,-90,34.77,100.71,1.105257,0.688799,13.0297,0.3984
2975,-100,-90.0,40,3.0,3.0,-62.22,11.405,-88,32.65,103.93,1.061499,0.602288,7.7474,0.5692
2977,-100,-90.0,40,3.0,4.0,-62.33,11.1597,-90,36.74,97.6,1.135053,0.634589,7.2553,0.5123
2978,-100,-90.0,40,3.0,4.5,-62.29,11.6227,-94,32.04,104.83,1.041582,0.621828,9.7294,0.4947
2979,-100,-90.0,40,3.0,5.0,-62.9,11.5352,-97,33.04,103.35,1.055053,0.674889,13.2736,0.4586
2980,-100,-90.0,40,3.0,5.5,-61.47,12.1654,-95,33.12,103.24,1.052557,0.643674,12.1494,0.4876
2981,-100,-90.0,40,3.0,6.0,-62.47,11.4974,-97,33.35,102.86,1.031267,0.700495,13.8895,0.4251
2982,-100,-90.0,40,3.0,6.5,-61.32,11.9401,-100,32.15,104.67,1.021168,0.599718,7.2793,0.5576
2983,-100,-90.0,40,3.0,7.0,-61.25,12.6825,-100,36.49,97.96,1.138546,0.765196,15.165,0.386
2984,-100,-90.0,40,3.0,7.5,-62.36,12.8897,-100,34.55,101.01,1.062635,0.622211,9.0105,0.4695
2985,-100,-90.0,40,3.0,8.0,-62.67,13.5265,-100,34.65,100.83,1.114127,0.654328,11.1603,0.4294
2986,-100,-90.0,40,3.0,8.5,-61.69,13.4916,-100,31.28,106.01,1.01296,0.558984,6.2593,0.5508
2987,-100,-90.0,40,3.0,9.0,-61.12,13.4811,-100,33.71,102.31,1.07102,0.627347,9.6911,0.4192
2988,-100,-90.0,40,3.0,9.5,-61.96,14.5209,-100,32.28,104.5,1.051006,0.567214,5.5533,0.5879
2989,-100,-90.0,40,3.0,10.0,-61.55,15.2251,-100,32.79,103.72,1.043271,0.5917,9.1531,0.5651
2990,-100,-90.0,40,3.0,10.5,-62.04,15.1513,-100,33.58,102.47,1.054554,0.587918,6.8423,0.5671
2991,-100,-90.0,40,3.0,11.0,-61.74,15.4615,-100,33.85,102.03,1.074638,0.647746,11.4676,0.4995
2992,-100,-90.0,40,3.0,11.5,-61.01,15.8497,-100,35.94,98.84,1.122553,0.646985,10.4957,0.5103
2995,-100,-90.0,40,3.0,13.0,-60.13,17.1535,-100,38.62,94.72,1.228694,0.759053,14.5177,0.3854
2993,-100,-90.0,40,3.0,12.0,-60.31,15.903,-100,35.48,99.6,1.099734,0.650295,10.3726,0.5089
2994,-100,-90.0,40,3.0,12.5,-61.97,16.6048,-100,36.03,98.7,1.111503,0.626115,7.958,0.5274
2996,-100,-90.0,40,3.0,13.5,-62.45,16.3254,-100,38.15,95.41,1.18819,0.744142,14.5453,0.4349
2997,-100,-90.0,40,3.0,14.0,-60.76,17.202,-100,36.19,98.45,1.162872,0.623464,7.8204,0.559
2998,-100,-90.0,40,3.25,1.0,-58.82,10.9569,-79,32.29,104.52,0.996832,0.611982,10.8844,0.5376
2999,-100,-90.0,40,3.25,1.5,-58.0,12.376,-82,32.88,103.58,1.051634,0.670053,13.6546,0.4231
3000,-100,-90.0,40,3.25,2.0,-58.85,11.9801,-83,30.96,106.51,0.983731,0.636575,14.3912,0.5165
3001,-100,-90.0,40,3.25,2.5,-58.16,11.4338,-82,35.52,99.54,1.12466,0.647942,8.1544,0.5311
3002,-100,-90.0,40,3.25,3.0,-59.19,12.2403,-85,33.25,103.0,0.997826,0.612159,10.7255,0.5229
3003,-100,-90.0,40,3.25,3.5,-57.93,12.3552,-87,31.6,105.56,1.021336,0.611188,8.1973,0.5011
3005,-100,-90.0,40,3.25,4.5,-58.19,12.7127,-92,31.87,105.1,1.020595,0.63108,13.4269,0.5204
3004,-100,-90.0,40,3.25,4.0,-57.31,12.6118,-87,32.7,103.89,1.04261,0.576963,7.3293,0.5907
3007,-100,-90.0,40,3.25,5.5,-60.25,13.0597,-96,32.5,104.15,1.033728,0.660877,13.2951,0.4787
3006,-100,-90.0,40,3.25,5.0,-58.83,12.4569,-91,31.34,105.91,0.995681,0.599983,7.5003,0.5607
3008,-100,-90.0,40,3.25,6.0,-57.56,14.1911,-97,35.47,99.58,1.110752,0.689424,12.7187,0.4331
3009,-100,-90.0,40,3.25,6.5,-59.37,12.8932,-100,33.63,102.4,1.074435,0.653844,11.5149,0.5027
3010,-100,-90.0,40,3.25,7.0,-58.85,13.2296,-100,35.35,99.76,1.127072,0.672469,10.5416,0.4883
3011,-100,-90.0,40,3.25,7.5,-57.79,14.2691,-100,35.84,99.02,1.131811,0.748678,16.6783,0.4735
3012,-100,-90.0,40,3.25,8.0,-59.13,14.4092,-100,33.71,102.31,1.089188,0.61434,8.3649,0.5285
3013,-100,-90.0,40,3.25,8.5,-58.06,14.4153,-100,33.57,102.48,1.078897,0.643291,10.855,0.5436
3014,-100,-90.0,40,3.25,9.0,-57.65,14.4449,-100,35.89,98.94,1.152134,0.733943,15.1535,0.4094
3015,-100,-90.0,40,3.25,9.5,-57.44,14.7027,-100,33.5,102.63,1.065664,0.647089,10.3698,0.5
3018,-100,-90.0,40,3.25,11.0,-58.02,15.3983,-100,34.89,100.47,1.09952,0.794581,19.195,0.3988
3021,-100,-90.0,40,3.25,12.5,-59.04,16.3541,-100,38.26,95.29,1.131172,0.827326,18.5243,0.3909
3017,-100,-90.0,40,3.25,10.5,-58.8,16.9349,-100,35.02,100.26,1.096379,0.634802,10.2643,0.5165
3019,-100,-90.0,40,3.25,11.5,-58.22,16.7945,-100,34.48,101.1,1.119152,0.637362,11.2274,0.4802
3016,-100,-90.0,40,3.25,10.0,-60.08,15.3202,-100,34.75,100.7,1.084401,0.595903,6.022,0.5868
3020,-100,-90.0,40,3.25,12.0,-59.24,17.1573,-100,35.71,99.24,1.123321,0.623666,5.9192,0.5572
3022,-100,-90.0,40,3.25,13.0,-57.79,18.1474,-100,34.34,101.34,1.087227,0.634962,10.9454,0.5031
3023,-100,-90.0,40,3.25,13.5,-60.06,17.8382,-100,40.3,92.15,1.279618,0.851067,17.1959,0.3396
3024,-100,-90.0,40,3.25,14.0,-59.6,18.2813,-100,34.32,101.36,1.077834,0.612131,10.1188,0.5512
3025,-100,-90.0,40,3.5,1.0,-55.24,12.6606,-78,32.33,104.47,1.026931,0.630412,11.6104,0.509
3026,-100,-90.0,40,3.5,1.5,-56.23,12.6859,-80,33.62,102.48,1.077089,0.608233,9.8823,0.5085
3028,-100,-90.0,40,3.5,2.5,-55.05,12.8234,-81,32.6,104.01,1.042496,0.618388,11.7597,0.537
3027,-100,-90.0,40,3.5,2.0,-55.04,13.6072,-81,32.0,104.85,1.025281,0.571428,8.274,0.5739
3031,-100,-90.0,40,3.5,4.0,-55.79,13.3556,-85,35.27,99.91,1.115493,0.746585,15.7556,0.422
3029,-100,-90.0,40,3.5,3.0,-55.04,13.3158,-88,34.12,101.66,1.039019,0.65376,11.7516,0.5021
3030,-100,-90.0,40,3.5,3.5,-54.44,13.4044,-84,29.78,108.35,0.963557,0.572317,8.416,0.5142
3033,-100,-90.0,40,3.5,5.0,-56.46,13.5288,-90,33.9,102.02,1.083077,0.617384,8.7611,0.5059
3032,-100,-90.0,40,3.5,4.5,-56.79,13.7509,-90,34.09,101.76,1.062733,0.646708,11.5591,0.519
3034,-100,-90.0,40,3.5,5.5,-56.69,13.2043,-93,33.51,102.62,1.080132,0.640939,9.045,0.5
3035,-100,-90.0,40,3.5,6.0,-56.04,14.3949,-96,36.37,98.19,1.178585,0.662026,10.3551,0.4868
3036,-100,-90.0,40,3.5,6.5,-56.35,14.6423,-100,37.0,97.2,1.198165,0.756517,15.2342,0.429
3037,-100,-90.0,40,3.5,7.0,-55.09,14.0451,-95,35.89,98.93,1.112629,0.637562,9.6199,0.4868
3038,-100,-90.0,40,3.5,7.5,-55.51,15.4417,-100,31.53,105.63,1.017812,0.614304,11.7728,0.5254
3041,-100,-90.0,40,3.5,9.0,-55.47,15.0942,-100,34.41,101.19,1.082584,0.650291,9.8685,0.4437
3040,-100,-90.0,40,3.5,8.5,-56.4,15.2902,-100,32.86,103.64,1.056118,0.59462,6.8108,0.5573
3039,-100,-90.0,40,3.5,8.0,-56.4,14.5995,-100,32.62,104.01,1.034109,0.598126,8.5684,0.5385
3043,-100,-90.0,40,3.5,10.0,-57.09,15.5863,-100,34.43,101.14,1.102154,0.682391,12.6355,0.4643
3045,-100,-90.0,40,3.5,11.0,-54.08,16.2333,-100,34.2,101.53,1.091801,0.682909,12.3588,0.4756
3044,-100,-90.0,40,3.5,10.5,-56.2,16.8101,-100,31.49,105.71,1.032245,0.591069,7.716,0.573
3042,-100,-90.0,40,3.5,9.5,-53.37,15.6187,-100,31.95,105.02,1.02507,0.707797,16.9416,0.42
3046,-100,-90.0,40,3.5,11.5,-55.2,17.0639,-100,33.2,103.13,1.051465,0.681424,14.1606,0.4666
3047,-100,-90.0,40,3.5,12.0,-54.36,17.8975,-100,33.5,102.58,1.072931,0.619071,10.141,0.4698
3048,-100,-90.0,40,3.5,12.5,-55.88,17.5642,-100,35.04,100.25,1.09386,0.618197,7.731,0.5476
3049,-100,-90.0,40,3.5,13.0,-54.04,18.545,-100,34.14,101.6,1.101234,0.650756,11.2049,0.4932
3050,-100,-90.0,40,3.5,13.5,-56.61,18.4224,-100,33.34,102.88,1.074079,0.605739,9.2913,0.5498
3051,-100,-90.0,40,3.5,14.0,-56.66,18.4144,-100,37.12,97.02,1.148432,0.705383,12.5513,0.4771
3054,-100,-90.0,40,3.75,2.0,-52.69,13.0916,-81,34.22,101.53,1.098428,0.632123,9.3077,0.4783
3052,-100,-90.0,40,3.75,1.0,-51.48,13.7309,-75,31.14,106.26,0.990658,0.606969,10.9224,0.5753
3055,-100,-90.0,40,3.75,2.5,-52.84,13.8017,-79,31.54,105.62,1.011133,0.612422,9.6616,0.4891
3053,-100,-90.0,40,3.75,1.5,-53.02,13.3166,-75,33.75,102.23,1.043506,0.592203,6.617,0.5722
3056,-100,-90.0,40,3.75,3.0,-52.04,13.6147,-79,36.1,98.57,1.161054,0.75389,15.7087,0.4065
3057,-100,-90.0,40,3.75,3.5,-53.26,13.6673,-90,30.92,106.62,0.989528,0.61096,10.9925,0.4624
3058,-100,-90.0,40,3.75,4.0,-52.83,14.4827,-89,30.25,107.64,0.980382,0.561771,8.3957,0.5244
3059,-100,-90.0,40,3.75,4.5,-52.26,14.5793,-87,31.74,105.35,1.035986,0.623685,8.971,0.4992
3060,-100,-90.0,40,3.75,5.0,-52.5,13.6032,-89,33.47,102.62,1.03609,0.651189,12.4901,0.4283
3061,-100,-90.0,40,3.75,5.5,-52.12,13.7821,-90,32.53,104.1,1.052928,0.618761,9.77,0.5384
3062,-100,-90.0,40,3.75,6.0,-51.76,14.2527,-94,32.14,104.66,1.022028,0.598273,7.9887,0.5339
3063,-100,-90.0,40,3.75,6.5,-52.43,15.3342,-95,34.57,101.0,1.062886,0.661656,12.134,0.4468
3065,-100,-90.0,40,3.75,7.5,-52.16,15.7858,-98,31.66,105.47,1.013645,0.701425,16.0129,0.3984
3066,-100,-90.0,40,3.75,8.0,-52.26,15.524,-99,32.54,104.14,1.04554,0.598064,8.0905,0.5394
3064,-100,-90.0,40,3.75,7.0,-51.91,15.4264,-96,31.04,106.4,1.004065,0.649228,14.5696,0.4578
3068,-100,-90.0,40,3.75,9.0,-51.3,16.5044,-100,31.9,105.06,1.000843,0.66247,13.8501,0.404
3067,-100,-90.0,40,3.75,8.5,-52.19,16.1925,-100,30.98,106.5,1.004663,0.590754,11.1288,0.542
3069,-100,-90.0,40,3.75,9.5,-52.66,16.7624,-100,32.66,103.92,1.069368,0.587831,7.7571,0.5489
3070,-100,-90.0,40,3.75,10.0,-53.24,16.7062,-100,32.51,104.16,1.035647,0.631908,12.4136,0.5026
3071,-100,-90.0,40,3.75,10.5,-52.56,17.1597,-100,33.35,102.87,1.059971,0.618351,9.7271,0.5018
3072,-100,-90.0,40,3.75,11.0,-51.88,17.6345,-100,32.73,103.84,1.057125,0.60081,9.1736,0.5254
3073,-100,-90.0,40,3.75,11.5,-52.3,17.2376,-100,32.11,104.73,1.039916,0.615806,10.7001,0.5079
3074,-100,-90.0,40,3.75,12.0,-52.52,18.2559,-100,31.45,105.8,1.005229,0.571737,7.4126,0.5838
3075,-100,-90.0,40,3.75,12.5,-51.87,18.0395,-100,34.07,101.69,1.09228,0.761667,17.4565,0.3702
3077,-100,-90.0,40,3.75,13.5,-53.61,19.0481,-100,34.02,101.79,1.085679,0.62234,9.456,0.5031
3078,-100,-90.0,40,3.75,14.0,-50.98,19.4773,-100,30.65,107.01,0.975367,0.619431,12.1205,0.4574
3076,-100,-90.0,40,3.75,13.0,-52.19,19.9796,-100,34.26,101.45,1.070698,0.585508,7.7421,0.5087
3080,-100,-90.0,40,4.0,1.5,-47.71,14.9175,-73,31.45,105.79,1.003419,0.648442,13.9572,0.5243
3079,-100,-90.0,40,4.0,1.0,-50.54,14.3954,-73,33.05,103.32,1.043857,0.612848,8.7045,0.5402
3081,-100,-90.0,40,4.0,2.0,-49.44,14.4239,-78,33.9,101.99,1.088466,0.672947,13.4374,0.4772
3082,-100,-90.0,40,4.0,2.5,-49.45,14.9473,-76,32.98,103.41,1.072105,0.609478,10.263,0.5306
3083,-100,-90.0,40,4.0,3.0,-48.14,15.1221,-79,30.46,107.31,0.980205,0.60939,12.9665,0.494
3084,-100,-90.0,40,4.0,3.5,-50.92,14.289,-80,31.78,105.32,1.027358,0.612326,9.9475,0.4705
3085,-100,-90.0,40,4.0,4.0,-50.55,14.0643,-85,36.12,98.53,1.116802,0.753261,15.7488,0.4224
3086,-100,-90.0,40,4.0,4.5,-50.17,15.5955,-84,33.95,101.91,1.094415,0.677876,12.9016,0.4456
3087,-100,-90.0,40,4.0,5.0,-49.7,14.659,-87,30.2,107.73,0.971857,0.602843,11.0664,0.5264
3090,-100,-90.0,40,4.0,6.5,-49.67,15.7974,-92,35.08,100.16,1.110882,0.716068,14.87,0.4505
3088,-100,-90.0,40,4.0,5.5,-49.94,15.2473,-91,31.65,105.49,1.016811,0.620959,11.1261,0.4899
3091,-100,-90.0,40,4.0,7.0,-49.2,15.4873,-93,31.04,106.39,1.023089,0.630621,11.3435,0.4705
3089,-100,-90.0,40,4.0,6.0,-49.49,15.2091,-91,33.34,102.88,1.060617,0.632162,9.5699,0.5061
3092,-100,-90.0,40,4.0,7.5,-50.69,15.9196,-99,30.75,106.86,1.012533,0.608689,11.0069,0.5255
3093,-100,-90.0,40,4.0,8.0,-52.15,16.0133,-100,32.53,104.07,1.057101,0.687225,15.7204,0.4241
3094,-100,-90.0,40,4.0,8.5,-49.6,17.347,-100,36.82,97.45,1.12247,0.738464,15.5091,0.4058
3095,-100,-90.0,40,4.0,9.0,-51.61,15.8771,-98,36.13,98.57,1.156331,0.705263,12.1782,0.3945
3096,-100,-90.0,40,4.0,9.5,-48.06,16.7658,-100,35.42,99.67,1.086279,0.735765,15.2967,0.3906
3097,-100,-90.0,40,4.0,10.0,-49.62,17.9163,-100,33.19,103.08,1.055342,0.607532,8.8224,0.5275
3098,-100,-90.0,40,4.0,10.5,-49.21,17.7176,-100,33.76,102.22,1.083399,0.681658,13.7923,0.4663
3099,-100,-90.0,40,4.0,11.0,-49.15,18.2303,-100,31.51,105.66,1.027636,0.604924,9.6687,0.4512
3100,-100,-90.0,40,4.0,11.5,-51.12,17.097,-100,32.71,103.82,1.048653,0.702113,15.9829,0.448
3102,-100,-90.0,40,4.0,12.5,-48.8,18.8585,-100,32.06,104.85,1.011491,0.60552,10.556,0.5106
3101,-100,-90.0,40,4.0,12.0,-49.84,18.5299,-100,32.93,103.47,1.039672,0.59645,8.544,0.5043
3103,-100,-90.0,40,4.0,13.0,-48.84,19.5569,-100,33.79,102.18,1.030885,0.623456,10.6519,0.4667
3104,-100,-90.0,40,4.0,13.5,-48.67,19.7587,-100,34.04,101.75,1.088532,0.614879,9.8873,0.4915
3105,-100,-90.0,40,4.0,14.0,-49.26,20.1416,-100,32.68,103.92,1.006275,0.619807,11.4747,0.4944
3106,-100,-90.0,40,4.25,1.0,-45.41,15.8126,-70,30.82,106.73,1.019528,0.628965,11.6283,0.4813
3107,-100,-90.0,40,4.25,1.5,-47.08,14.2865,-72,31.28,106.01,1.011252,0.59643,9.2625,0.5867
3108,-100,-90.0,40,4.25,2.0,-47.62,14.662,-77,33.44,102.7,1.031552,0.639767,12.4245,0.4905
3109,-100,-90.0,40,4.25,2.5,-45.18,14.9693,-74,30.58,107.13,0.9785,0.573049,9.5209,0.4842
3110,-100,-90.0,40,4.25,3.0,-45.52,15.3441,-80,31.3,106.01,0.982249,0.610452,11.5851,0.4688
3111,-100,-90.0,40,4.25,3.5,-45.93,15.4102,-79,34.13,101.61,1.075353,0.63978,10.3367,0.4904
3112,-100,-90.0,40,4.25,4.0,-47.55,15.0421,-80,33.13,103.19,1.069695,0.620449,9.2946,0.5108
3113,-100,-90.0,40,4.25,4.5,-46.0,15.9853,-83,31.97,104.95,1.050934,0.595891,7.5738,0.5693
3114,-100,-90.0,40,4.25,5.0,-46.53,16.9026,-82,31.86,105.13,1.024368,0.58806,8.9735,0.562
3116,-100,-90.0,40,4.25,6.0,-46.08,17.1259,-90,31.73,105.34,1.032911,0.606778,8.52,0.5721
3117,-100,-90.0,40,4.25,6.5,-47.3,16.668,-96,33.92,101.94,1.088704,0.633456,9.6239,0.44
3115,-100,-90.0,40,4.25,5.5,-47.05,16.3284,-85,32.8,103.64,1.053986,0.600103,7.7651,0.564
3118,-100,-90.0,40,4.25,7.0,-47.95,16.3888,-93,36.07,98.67,1.135783,0.76052,17.0663,0.3768
3119,-100,-90.0,40,4.25,7.5,-46.23,17.5529,-92,35.08,100.16,1.112617,0.664533,11.8242,0.5041
3120,-100,-90.0,40,4.25,8.0,-46.99,16.7341,-99,31.91,105.02,1.022498,0.609359,10.208,0.5098
3121,-100,-90.0,40,4.25,8.5,-46.73,17.2791,-97,33.06,103.29,1.05191,0.595137,5.997,0.5767
3122,-100,-90.0,40,4.25,9.0,-47.18,17.8842,-97,32.53,104.12,1.050931,0.609293,8.4844,0.5161
3123,-100,-90.0,40,4.25,9.5,-46.93,18.1067,-100,32.84,103.62,1.055465,0.612693,10.1969,0.5181
3125,-100,-90.0,40,4.25,10.5,-46.67,19.0598,-100,33.65,102.36,1.067831,0.693134,15.3199,0.4301
3124,-100,-90.0,40,4.25,10.0,-46.96,18.173,-100,32.93,103.47,1.037043,0.592029,8.2071,0.5537
3128,-100,-90.0,40,4.25,12.0,-48.55,19.2424,-100,33.59,102.45,1.087313,0.675836,13.4207,0.4651
3129,-100,-90.0,40,4.25,12.5,-45.71,20.3719,-100,32.59,104.02,1.061975,0.651681,12.3082,0.4218
3127,-100,-90.0,40,4.25,11.5,-45.08,18.4245,-100,33.71,102.3,1.032357,0.608805,10.1739,0.496
3126,-100,-90.0,40,4.25,11.0,-45.53,19.0599,-100,33.28,102.93,1.054104,0.613849,8.7322,0.5457
3130,-100,-90.0,40,4.25,13.0,-47.85,20.1051,-100,30.62,107.04,0.999071,0.575516,10.7683,0.5187
3131,-100,-90.0,40,4.25,13.5,-45.96,20.1413,-100,33.92,101.95,1.077092,0.634577,9.9513,0.4324
3132,-100,-90.0,40,4.25,14.0,-45.83,20.8758,-100,35.23,99.96,1.085606,0.68551,13.6928,0.4816
3133,-100,-90.0,40,4.5,1.0,-43.69,15.5554,-69,31.52,105.65,1.025908,0.577135,7.4047,0.5113
3134,-100,-90.0,40,4.5,1.5,-44.17,15.6694,-71,31.8,105.21,1.043102,0.644883,14.7777,0.4938
3136,-100,-90.0,40,4.5,2.5,-43.76,16.5923,-74,34.77,100.65,1.110887,0.72575,15.2891,0.443
3135,-100,-90.0,40,4.5,2.0,-42.3,15.911,-71,32.63,103.94,1.04883,0.644505,12.4115,0.4476
3137,-100,-90.0,40,4.5,3.0,-45.65,15.3866,-78,29.26,109.21,0.94709,0.583562,11.3951,0.5169
3138,-100,-90.0,40,4.5,3.5,-43.72,15.5683,-80,32.43,104.27,1.048897,0.596166,8.5636,0.5473
3139,-100,-90.0,40,4.5,4.0,-44.26,16.3874,-78,32.79,103.71,1.057614,0.631297,9.4446,0.5483
3140,-100,-90.0,40,4.5,4.5,-42.55,17.0562,-81,30.52,107.16,0.992842,0.584255,9.4468,0.5279
3141,-100,-90.0,40,4.5,5.0,-44.91,16.0224,-81,33.32,102.92,1.031736,0.644718,11.5278,0.4488
3142,-100,-90.0,40,4.5,5.5,-43.19,17.3425,-83,33.5,102.63,1.063784,0.677699,14.4179,0.4509
3143,-100,-90.0,40,4.5,6.0,-43.31,16.8517,-87,30.72,106.91,0.995985,0.611206,9.9995,0.4802
3144,-100,-90.0,40,4.5,6.5,-43.81,17.6669,-88,34.38,101.24,1.088108,0.608744,8.5319,0.4995
3145,-100,-90.0,40,4.5,7.0,-44.33,16.8513,-98,35.4,99.65,1.112586,0.718423,15.0886,0.4714
3146,-100,-90.0,40,4.5,7.5,-43.36,17.6588,-98,30.53,107.21,0.997127,0.60449,11.4486,0.5132
3147,-100,-90.0,40,4.5,8.0,-44.5,18.1981,-100,30.97,106.51,0.981421,0.631121,13.6455,0.4801
3148,-100,-90.0,40,4.5,8.5,-42.33,18.7308,-94,31.26,106.08,1.006028,0.569153,7.3607,0.5357
3151,-100,-90.0,40,4.5,10.0,-43.7,19.4395,-100,32.26,104.48,1.047348,0.615187,10.158,0.544
3149,-100,-90.0,40,4.5,9.0,-42.99,17.6072,-96,29.31,109.07,0.948689,0.598523,11.6244,0.444
3152,-100,-90.0,40,4.5,10.5,-44.14,19.0765,-100,31.42,105.85,1.024275,0.604277,11.0353,0.5147
3150,-100,-90.0,40,4.5,9.5,-43.09,19.0725,-100,32.12,104.73,1.035934,0.560055,5.2827,0.5619
3153,-100,-90.0,40,4.5,11.0,-42.7,19.3366,-100,34.62,100.85,1.114181,0.671754,12.1092,0.4906
3154,-100,-90.0,40,4.5,11.5,-43.99,19.6111,-100,35.77,99.1,1.145945,0.716465,15.0412,0.4653
3155,-100,-90.0,40,4.5,12.0,-41.77,19.3265,-100,33.09,103.25,1.055754,0.690174,15.485,0.4656
3156,-100,-90.0,40,4.5,12.5,-44.18,19.7814,-100,33.3,102.95,1.083424,0.637913,11.7234,0.5407
3157,-100,-90.0,40,4.5,13.0,-44.22,20.2372,-100,33.94,101.96,1.085864,0.656752,12.2858,0.4863
3158,-100,-90.0,40,4.5,13.5,-42.28,20.9236,-100,32.28,104.5,1.021455,0.586791,7.7862,0.522
3159,-100,-90.0,40,4.5,14.0,-45.4,19.758,-100,37.45,96.51,1.186766,0.816894,16.7922,0.3905
3160,-100,-90.0,40,4.75,1.0,-41.68,16.924,-66,32.73,103.81,1.017119,0.589359,9.6149,0.5736
3164,-100,-90.0,40,4.75,3.0,-38.83,18.1405,-75,33.26,102.92,1.078844,0.685913,13.7553,0.4599
3163,-100,-90.0,40,4.75,2.5,-39.22,16.16,-71,31.57,105.57,1.033678,0.588096,8.7157,0.5274
3165,-100,-90.0,40,4.75,3.5,-40.47,16.7608,-75,33.8,102.14,1.059773,0.704842,16.0744,0.4696
3161,-100,-90.0,40,4.75,1.5,-39.27,18.4229,-68,33.86,102.03,1.0565,0.628075,9.8585,0.5384
3162,-100,-90.0,40,4.75,2.0,-40.65,16.2977,-69,29.29,109.12,0.955309,0.550706,8.7384,0.5643
3166,-100,-90.0,40,4.75,4.0,-40.61,17.559,-77,32.57,103.99,1.022617,0.603569,9.7413,0.5511
3167,-100,-90.0,40,4.75,4.5,-39.89,17.6187,-80,31.03,106.41,1.002465,0.542105,4.6588,0.622
3168,-100,-90.0,40,4.75,5.0,-40.51,17.8517,-81,33.29,102.97,1.070894,0.637416,11.3755,0.4701
3169,-100,-90.0,40,4.75,5.5,-42.48,16.8927,-84,34.11,101.69,1.093126,0.719263,16.3545,0.4941
3170,-100,-90.0,40,4.75,6.0,-39.38,18.4026,-83,33.84,102.09,1.094848,0.619157,8.7598,0.5463
3171,-100,-90.0,40,4.75,6.5,-40.04,19.1863,-87,32.86,103.6,1.033811,0.582936,6.6453,0.5817
3172,-100,-90.0,40,4.75,7.0,-38.53,18.1449,-92,30.42,107.37,0.955428,0.582505,11.2092,0.5443
3174,-100,-90.0,40,4.75,8.0,-41.07,18.5593,-94,31.89,105.09,1.038648,0.66342,15.0694,0.4923
3173,-100,-90.0,40,4.75,7.5,-40.74,19.0486,-91,34.31,101.38,1.103802,0.696516,12.8993,0.4553
3175,-100,-90.0,40,4.75,8.5,-39.26,18.4087,-91,31.88,105.08,1.008814,0.60848,11.6967,0.5204
3176,-100,-90.0,40,4.75,9.0,-41.35,18.601,-100,30.92,106.62,1.021438,0.616484,10.8183,0.4973
3177,-100,-90.0,40,4.75,9.5,-38.4,18.4967,-100,29.84,108.28,0.960449,0.594442,11.9279,0.496
3178,-100,-90.0,40,4.75,10.0,-41.15,19.5658,-100,33.01,103.4,1.079463,0.665874,12.913,0.478
3179,-100,-90.0,40,4.75,10.5,-39.88,19.3988,-100,31.9,105.1,1.026267,0.604592,11.6697,0.4689
3180,-100,-90.0,40,4.75,11.0,-39.94,20.9541,-100,32.11,104.79,1.056021,0.626128,11.5808,0.543
3181,-100,-90.0,40,4.75,11.5,-41.12,20.2169,-100,32.18,104.66,1.049736,0.641886,12.6743,0.4878
3182,-100,-90.0,40,4.75,12.0,-39.9,21.5556,-100,32.18,104.68,1.046702,0.688349,15.3505,0.4531
3183,-100,-90.0,40,4.75,12.5,-40.29,20.9946,-100,30.72,106.91,0.990238,0.551256,7.0186,0.5477
3184,-100,-90.0,40,4.75,13.0,-38.96,20.3404,-100,35.66,99.26,1.120639,0.699537,13.7309,0.4706
3185,-100,-90.0,40,4.75,13.5,-42.0,20.9572,-100,35.74,99.14,1.107132,0.680278,13.7327,0.4349
3186,-100,-90.0,40,4.75,14.0,-40.24,22.5226,-100,32.99,103.37,1.035917,0.565876,3.9372,0.6047
3188,-100,-90.0,40,5.0,1.5,-37.64,18.1119,-67,34.91,100.45,1.106876,0.702625,12.9868,0.4621
3189,-100,-90.0,40,5.0,2.0,-37.73,17.7901,-69,30.85,106.68,0.974033,0.586061,10.4593,0.5643
3187,-100,-90.0,40,5.0,1.0,-36.64,18.3172,-64,31.9,105.09,1.019791,0.561961,5.3788,0.6076
3190,-100,-90.0,40,5.0,2.5,-36.84,17.4302,-70,31.71,105.39,0.957147,0.59078,12.5191,0.5385
3191,-100,-90.0,40,5.0,3.0,-38.22,17.775,-72,32.49,104.14,1.041758,0.62055,9.5256,0.5213
3192,-100,-90.0,40,5.0,3.5,-36.55,18.042,-73,33.15,103.21,1.077701,0.653946,13.1337,0.49
3193,-100,-90.0,40,5.0,4.0,-37.47,17.9998,-75,30.68,106.93,1.006548,0.577081,7.1834,0.5616
3194,-100,-90.0,40,5.0,4.5,-35.79,17.3847,-77,32.95,103.41,1.083857,0.67036,13.5755,0.4457
3195,-100,-90.0,40,5.0,5.0,-35.57,19.2317,-77,33.03,103.31,1.077835,0.668339,12.0223,0.4519
3196,-100,-90.0,40,5.0,5.5,-37.31,19.3041,-86,31.68,105.37,1.011537,0.590147,8.4239,0.5196
3197,-100,-90.0,40,5.0,6.0,-37.7,18.8323,-83,32.16,104.69,1.031647,0.583739,8.441,0.5788
3198,-100,-90.0,40,5.0,6.5,-36.45,18.5289,-82,31.4,105.81,1.013447,0.622382,10.8404,0.4741
3199,-100,-90.0,40,5.0,7.0,-38.93,17.7701,-87,31.74,105.3,1.02562,0.593048,7.463,0.5547
3200,-100,-90.0,40,5.0,7.5,-36.66,19.6555,-87,32.28,104.52,1.032994,0.575384,7.5263,0.5667
3201,-100,-90.0,40,5.0,8.0,-38.22,19.2265,-90,30.35,107.47,0.963225,0.571234,9.9252,0.5367
3202,-100,-90.0,40,5.0,8.5,-36.98,19.6347,-90,32.07,104.79,1.042304,0.601402,9.7606,0.4588
3203,-100,-90.0,40,5.0,9.0,-35.25,18.9756,-90,30.47,107.27,0.992578,0.620227,12.1818,0.4364
3204,-100,-90.0,40,5.0,9.5,-35.41,19.9557,-99,31.67,105.47,1.028054,0.582388,8.6743,0.5484
3205,-100,-90.0,40,5.0,10.0,-37.16,19.4827,-96,32.01,104.91,1.003732,0.617789,10.7885,0.5057
3206,-100,-90.0,40,5.0,10.5,-36.03,21.3567,-100,31.4,105.88,0.968466,0.625297,12.4492,0.5538
3207,-100,-90.0,40,5.0,11.0,-38.6,20.4216,-99,31.84,105.14,1.034635,0.584805,7.7926,0.5508
3214,-100,-85.0,40,1.0,1.0,-82.73,2.5507,-93,72.24,42.85,1.3152,1.138754,31.5517,0.0023
3208,-100,-90.0,40,5.0,11.5,-35.98,21.9672,-100,33.09,103.27,1.053661,0.642292,12.817,0.4713
3209,-100,-90.0,40,5.0,12.0,-36.54,21.4745,-100,32.85,103.56,1.038792,0.601964,8.3007,0.542
3215,-100,-85.0,40,1.0,1.5,-82.47,3.6338,-96,76.88,35.69,1.610237,1.431823,28.8409,0.0036
3210,-100,-90.0,40,5.0,12.5,-37.34,21.9591,-100,32.34,104.38,1.025524,0.589146,9.1498,0.5498
3211,-100,-90.0,40,5.0,13.0,-34.89,22.293,-100,32.5,104.13,1.058311,0.626953,10.3187,0.5166
3212,-100,-90.0,40,5.0,13.5,-36.99,21.9567,-100,31.71,105.38,1.041862,0.633507,12.2065,0.4601
3217,-100,-85.0,40,1.0,2.5,-82.75,3.7586,-98,74.78,38.91,2.005617,2.293392,29.4121,0.0101
3213,-100,-90.0,40,5.0,14.0,-36.55,23.0791,-100,34.32,101.33,1.108607,0.619464,7.9571,0.5371
3216,-100,-85.0,40,1.0,2.0,-82.22,3.3795,-97,66.19,52.18,1.28634,1.397498,35.5768,0.0127
3218,-100,-85.0,40,1.0,3.0,-84.44,4.0021,-99,75.23,38.22,2.305464,1.661031,22.1706,0.0271
3219,-100,-85.0,40,1.0,3.5,-83.1,5.0937,-100,71.13,44.53,1.861667,1.861271,31.5109,0.0345
3220,-100,-85.0,40,1.0,4.0,-83.89,5.4262,-100,70.93,44.86,2.108534,1.319554,22.2694,0.0272
3222,-100,-85.0,40,1.0,5.0,-83.81,6.1389,-100,69.04,47.79,2.238105,1.559479,19.6551,0.056
3221,-100,-85.0,40,1.0,4.5,-83.61,5.963,-100,70.08,46.16,2.184276,1.781824,25.9533,0.0618
3224,-100,-85.0,40,1.0,6.0,-84.74,7.0404,-100,71.32,44.26,2.315414,1.317842,19.186,0.1151
3225,-100,-85.0,40,1.0,6.5,-84.71,7.2712,-100,72.17,42.93,2.547442,1.973399,19.792,0.0683
3223,-100,-85.0,40,1.0,5.5,-83.54,6.8215,-100,68.96,47.9,2.076898,1.671307,26.3665,0.0489
3226,-100,-85.0,40,1.0,7.0,-83.85,8.0282,-100,67.96,49.44,2.284538,1.453881,18.4811,0.1158
3228,-100,-85.0,40,1.0,8.0,-86.35,8.2539,-100,73.26,41.26,2.937881,1.200191,10.9946,0.175
3227,-100,-85.0,40,1.0,7.5,-83.6,8.2191,-100,66.54,51.64,2.315784,1.322673,16.3114,0.1426
3229,-100,-85.0,40,1.0,8.5,-85.98,8.845,-100,72.64,42.23,2.838855,1.123096,9.6692,0.1662
3230,-100,-85.0,40,1.0,9.0,-84.84,9.1373,-100,69.26,47.47,2.499158,1.397037,16.312,0.1475
3231,-100,-85.0,40,1.0,9.5,-85.2,9.3749,-100,68.97,47.86,2.608129,0.95928,7.808,0.2092
3232,-100,-85.0,40,1.0,10.0,-84.08,9.8422,-100,67.47,50.18,2.447753,1.571007,16.6479,0.1371
3234,-100,-85.0,40,1.0,11.0,-84.91,10.3522,-100,69.14,47.62,2.614304,1.471032,16.0078,0.1477
3233,-100,-85.0,40,1.0,10.5,-84.67,10.2385,-100,69.22,47.49,2.61797,1.239162,12.2511,0.1377
3238,-100,-85.0,40,1.0,13.0,-83.56,11.9452,-100,71.26,44.35,2.933107,2.010075,17.4213,0.1244
3235,-100,-85.0,40,1.0,11.5,-84.58,10.8622,-100,67.2,50.6,2.52456,0.964453,8.754,0.2023
3236,-100,-85.0,40,1.0,12.0,-84.94,11.0998,-100,69.93,46.4,2.78132,1.193654,10.5355,0.168
3237,-100,-85.0,40,1.0,12.5,-84.26,11.4983,-100,68.54,48.55,2.678313,1.063398,8.3608,0.2062
3239,-100,-85.0,40,1.0,13.5,-84.07,12.2159,-100,68.81,48.14,2.650362,1.455075,14.1196,0.1369
3240,-100,-85.0,40,1.0,14.0,-83.97,12.6655,-100,66.44,51.8,2.459686,1.134676,10.6308,0.1728
3241,-100,-85.0,40,1.25,1.0,-80.62,3.0778,-92,53.28,72.08,1.159342,1.351265,36.8588,0.0276
3242,-100,-85.0,40,1.25,1.5,-80.43,4.006,-95,59.11,63.09,1.482128,1.679557,32.9605,0.0151
3244,-100,-85.0,40,1.25,2.5,-80.12,5.3304,-96,58.69,63.75,1.721501,1.366331,25.5332,0.1075
3243,-100,-85.0,40,1.25,2.0,-80.88,4.0638,-95,56.69,66.83,1.457012,1.192784,28.808,0.0387
3245,-100,-85.0,40,1.25,3.0,-80.74,6.2654,-100,66.12,52.29,2.034957,1.41301,22.4487,0.0284
3246,-100,-85.0,40,1.25,3.5,-80.79,5.4409,-100,59.91,61.86,1.62027,1.592762,29.2327,0.0504
3248,-100,-85.0,40,1.25,4.5,-81.24,6.0315,-100,60.57,60.86,1.852012,1.544729,27.8705,0.1029
3250,-100,-85.0,40,1.25,5.5,-80.64,7.3316,-100,60.38,61.13,1.830318,1.688164,28.4503,0.0946
3249,-100,-85.0,40,1.25,5.0,-81.12,7.0176,-100,61.4,59.54,1.949638,1.41651,23.2149,0.1183
3247,-100,-85.0,40,1.25,4.0,-80.74,5.5949,-100,53.79,71.28,1.46915,1.365996,29.68,0.0892
3251,-100,-85.0,40,1.25,6.0,-79.39,8.0814,-100,59.63,62.27,1.743147,1.575409,30.1885,0.0894
3252,-100,-85.0,40,1.25,6.5,-80.95,7.8445,-100,60.18,61.42,1.998729,1.486087,21.4541,0.1481
3253,-100,-85.0,40,1.25,7.0,-81.62,8.5904,-100,64.69,54.46,2.267239,1.496936,19.5932,0.1133
3254,-100,-85.0,40,1.25,7.5,-81.06,9.1867,-100,60.69,60.64,1.988551,1.460953,23.4651,0.1567
3255,-100,-85.0,40,1.25,8.0,-81.28,9.167,-100,60.76,60.54,2.012379,1.22645,17.7178,0.1511
3257,-100,-85.0,40,1.25,9.0,-81.78,9.7665,-100,62.53,57.82,2.19471,1.18359,15.7191,0.2371
3256,-100,-85.0,40,1.25,8.5,-82.42,9.0903,-100,63.09,56.97,2.163402,1.424352,19.0692,0.122
3258,-100,-85.0,40,1.25,9.5,-82.23,10.0755,-100,63.32,56.58,2.262183,1.225359,14.7244,0.1978
3260,-100,-85.0,40,1.25,10.5,-81.95,10.5596,-100,65.57,53.13,2.449191,1.505852,19.0894,0.2056
3259,-100,-85.0,40,1.25,10.0,-82.54,10.3937,-100,64.94,54.06,2.388563,1.06726,10.9919,0.209
3261,-100,-85.0,40,1.25,11.0,-81.41,11.0812,-100,62.23,58.28,2.188633,1.291876,14.9001,0.1705
3262,-100,-85.0,40,1.25,11.5,-81.21,11.5072,-100,64.18,55.29,2.311208,1.516585,19.3277,0.1952
3263,-100,-85.0,40,1.25,12.0,-80.76,11.9079,-100,60.13,61.51,2.084445,1.076888,13.9275,0.2026
3265,-100,-85.0,40,1.25,13.0,-81.34,12.5213,-100,63.76,55.91,2.320058,1.047224,10.0462,0.2154
3264,-100,-85.0,40,1.25,12.5,-81.08,12.2228,-100,60.8,60.5,2.112877,1.069923,13.4023,0.2202
3266,-100,-85.0,40,1.25,13.5,-82.51,12.6564,-100,66.6,51.56,2.549231,0.957549,6.045,0.2166
3267,-100,-85.0,40,1.25,14.0,-80.9,13.3169,-100,62.4,58.02,2.212263,1.321255,16.7662,0.1746
3268,-100,-85.0,40,1.5,1.0,-78.09,5.1664,-91,47.68,80.74,1.212833,1.065315,30.135,0.0548
3270,-100,-85.0,40,1.5,2.0,-78.13,5.8216,-96,49.97,77.16,1.217575,1.083702,31.4195,0.0711
3269,-100,-85.0,40,1.5,1.5,-78.7,4.7527,-94,46.73,82.2,1.226687,0.946791,25.774,0.0473
3271,-100,-85.0,40,1.5,2.5,-78.37,5.1692,-96,46.91,81.91,1.338062,1.268316,28.106,0.138
3273,-100,-85.0,40,1.5,3.5,-79.56,5.5791,-100,54.47,70.26,1.650217,1.186599,21.169,0.1315
3274,-100,-85.0,40,1.5,4.0,-79.02,6.196,-100,55.35,68.9,1.756382,1.50022,24.1708,0.1512
3272,-100,-85.0,40,1.5,3.0,-77.94,6.4904,-97,48.22,79.91,1.435608,1.092614,23.0841,0.1156
3277,-100,-85.0,40,1.5,5.5,-79.02,7.3751,-100,55.7,68.38,1.838684,1.340007,18.1172,0.1368
3275,-100,-85.0,40,1.5,4.5,-79.4,6.6376,-100,53.05,72.42,1.674597,1.161799,19.4953,0.1223
3276,-100,-85.0,40,1.5,5.0,-78.88,7.3934,-100,54.43,70.3,1.748305,1.347173,21.3231,0.165
3278,-100,-85.0,40,1.5,6.0,-78.18,8.095,-100,52.56,73.17,1.663701,1.268803,22.2617,0.1497
3279,-100,-85.0,40,1.5,6.5,-79.01,7.9071,-100,58.74,63.67,1.933902,1.504427,23.7493,0.1351
3282,-100,-85.0,40,1.5,8.0,-78.78,9.5568,-100,56.45,67.19,1.872783,1.270806,18.0581,0.1835
3280,-100,-85.0,40,1.5,7.0,-78.75,8.7619,-100,54.0,71.02,1.740133,1.156075,19.516,0.1817
3281,-100,-85.0,40,1.5,7.5,-78.56,9.1632,-100,56.21,67.56,1.839213,1.368786,20.7889,0.1304
3283,-100,-85.0,40,1.5,8.5,-78.61,10.0358,-100,57.35,65.82,1.930746,1.012119,12.6739,0.1829
3286,-100,-85.0,40,1.5,10.0,-77.3,11.3,-100,56.79,66.69,1.903362,1.353851,21.1083,0.1835
3285,-100,-85.0,40,1.5,9.5,-78.7,10.8906,-100,60.28,61.31,2.0848,1.146775,16.6015,0.2224
3284,-100,-85.0,40,1.5,9.0,-78.73,10.3902,-100,57.09,66.17,1.929817,1.164148,15.5235,0.202
3289,-100,-85.0,40,1.5,11.5,-78.73,11.9651,-100,60.57,60.84,2.141614,1.171718,11.6135,0.1966
3287,-100,-85.0,40,1.5,10.5,-78.61,11.4523,-100,58.44,64.12,1.969986,1.250602,19.0343,0.1925
3288,-100,-85.0,40,1.5,11.0,-78.87,11.8686,-100,58.63,63.86,2.010826,1.117651,14.3485,0.2092
3290,-100,-85.0,40,1.5,12.0,-79.27,12.5214,-100,61.7,59.12,2.208125,1.292878,14.1902,0.1853
3291,-100,-85.0,40,1.5,12.5,-78.01,12.9921,-100,57.61,65.4,1.874917,1.117204,17.784,0.1993
3292,-100,-85.0,40,1.5,13.0,-77.1,13.2839,-100,60.28,61.3,2.094982,1.573429,21.1794,0.1776
3293,-100,-85.0,40,1.5,13.5,-78.24,13.541,-100,57.89,64.99,1.961304,0.897412,11.422,0.2911
3294,-100,-85.0,40,1.5,14.0,-78.84,13.9385,-100,60.67,60.69,2.159944,1.060263,11.417,0.2476
3297,-100,-85.0,40,1.75,2.0,-76.41,6.1737,-91,40.58,91.71,1.271855,0.885472,18.7465,0.3117
3295,-100,-85.0,40,1.75,1.0,-76.84,5.3731,-88,35.86,98.97,1.135787,0.727619,12.4129,0.3751
3296,-100,-85.0,40,1.75,1.5,-76.46,5.786,-92,41.89,89.68,1.283102,1.062765,21.5269,0.1831
3299,-100,-85.0,40,1.75,3.0,-76.81,6.4519,-96,43.32,87.47,1.373047,1.028869,18.4739,0.1889
3298,-100,-85.0,40,1.75,2.5,-75.32,6.5284,-95,40.98,91.05,1.25959,1.143271,23.7325,0.1734
3301,-100,-85.0,40,1.75,4.0,-76.63,6.6264,-100,42.49,88.72,1.347734,0.800528,15.4012,0.3427
3300,-100,-85.0,40,1.75,3.5,-74.98,6.9253,-99,41.59,90.13,1.282503,0.933077,20.9752,0.2166
3302,-100,-85.0,40,1.75,4.5,-76.56,7.1428,-100,43.5,87.16,1.37418,0.736859,10.7058,0.3669
3303,-100,-85.0,40,1.75,5.0,-76.16,7.3367,-100,48.83,78.94,1.545999,1.217754,22.0295,0.1744
3304,-100,-85.0,40,1.75,5.5,-75.47,7.9774,-100,44.91,85.03,1.385311,1.114385,22.9317,0.1742
3305,-100,-85.0,40,1.75,6.0,-76.18,8.7454,-100,48.81,79.02,1.558231,0.97872,17.9017,0.2794
3306,-100,-85.0,40,1.75,6.5,-76.38,8.6559,-100,47.62,80.85,1.509583,0.876498,15.7031,0.3044
3309,-100,-85.0,40,1.75,8.0,-75.76,10.555,-100,50.94,75.68,1.628875,1.014424,16.3751,0.2237
3312,-100,-85.0,40,1.75,9.5,-75.16,11.7926,-100,48.24,79.87,1.503646,0.925519,18.3059,0.3183
3308,-100,-85.0,40,1.75,7.5,-75.68,9.4067,-100,47.08,81.64,1.484984,0.922763,17.7127,0.2855
3310,-100,-85.0,40,1.75,8.5,-75.12,10.9322,-100,51.4,74.96,1.668594,1.100647,16.2076,0.1776
3307,-100,-85.0,40,1.75,7.0,-74.94,9.2798,-100,45.94,83.41,1.449918,1.041826,18.9608,0.23
3311,-100,-85.0,40,1.75,9.0,-75.58,11.0187,-100,51.31,75.13,1.649029,1.104549,18.7246,0.2173
3315,-100,-85.0,40,1.75,11.0,-75.54,12.4712,-100,50.08,77.0,1.5983,0.995635,18.1268,0.2668
3314,-100,-85.0,40,1.75,10.5,-75.62,11.7577,-100,52.43,73.38,1.69779,0.955072,15.2454,0.2887
3313,-100,-85.0,40,1.75,10.0,-74.9,11.6335,-100,48.55,79.36,1.55484,0.987278,17.349,0.2442
3316,-100,-85.0,40,1.75,11.5,-76.32,12.6259,-100,55.46,68.73,1.851504,1.006118,13.5339,0.2677
3318,-100,-85.0,40,1.75,12.5,-75.87,13.531,-100,55.18,69.18,1.837641,0.916457,12.1954,0.2731
3317,-100,-85.0,40,1.75,12.0,-76.4,12.8951,-100,55.19,69.13,1.851155,0.994609,12.5188,0.2509
3319,-100,-85.0,40,1.75,13.0,-75.19,13.8877,-100,53.15,72.31,1.743219,0.918556,12.5372,0.2902
3320,-100,-85.0,40,1.75,13.5,-75.64,14.1388,-100,56.07,67.77,1.891263,0.971388,13.5525,0.289
3321,-100,-85.0,40,1.75,14.0,-75.18,14.3688,-100,52.51,73.28,1.716692,0.930584,13.888,0.2477
3324,-100,-85.0,40,2.0,2.0,-74.75,7.4158,-92,41.23,90.68,1.297213,0.863142,17.8884,0.3234
3322,-100,-85.0,40,2.0,1.0,-74.82,6.6621,-87,33.49,102.63,1.050542,0.680285,15.0392,0.4761
3323,-100,-85.0,40,2.0,1.5,-74.41,6.8487,-90,37.59,96.28,1.171076,0.713202,14.3156,0.4047
3325,-100,-85.0,40,2.0,2.5,-74.96,7.5759,-93,37.41,96.57,1.182435,0.655914,10.4633,0.4409
3326,-100,-85.0,40,2.0,3.0,-73.05,7.6892,-96,41.65,90.02,1.305548,0.962397,19.7362,0.1997
3327,-100,-85.0,40,2.0,3.5,-72.69,8.4728,-95,37.16,96.95,1.185024,0.746938,14.6073,0.3637
3329,-100,-85.0,40,2.0,4.5,-74.45,7.9421,-99,41.27,90.65,1.310706,0.798562,15.8141,0.3475
3330,-100,-85.0,40,2.0,5.0,-73.91,8.6441,-100,41.15,90.84,1.308852,0.84249,15.7777,0.256
3328,-100,-85.0,40,2.0,4.0,-74.54,7.6875,-96,38.66,94.61,1.235138,0.781799,14.8918,0.2958
3331,-100,-85.0,40,2.0,5.5,-74.72,8.8035,-100,45.86,83.55,1.445947,0.815914,13.1283,0.3262
3332,-100,-85.0,40,2.0,6.0,-72.89,9.242,-100,39.81,92.91,1.258351,0.924105,17.5587,0.2003
3333,-100,-85.0,40,2.0,6.5,-72.62,9.9455,-100,42.63,88.54,1.350594,0.752986,12.4597,0.3944
3335,-100,-85.0,40,2.0,7.5,-74.21,10.4738,-100,47.39,81.16,1.525321,0.788598,9.8614,0.3284
3336,-100,-85.0,40,2.0,8.0,-72.22,10.9652,-100,45.89,83.51,1.458856,0.883123,16.57,0.3678
3334,-100,-85.0,40,2.0,7.0,-72.17,10.3424,-100,40.34,92.11,1.273558,0.848449,17.0028,0.2736
3337,-100,-85.0,40,2.0,8.5,-73.4,10.5696,-100,43.96,86.46,1.39215,0.946678,17.8927,0.2263
3338,-100,-85.0,40,2.0,9.0,-73.37,11.0844,-100,45.85,83.55,1.450491,0.763793,11.2012,0.3711
3339,-100,-85.0,40,2.0,9.5,-73.04,11.6131,-100,45.49,84.13,1.447926,0.8646,14.6807,0.2958
3341,-100,-85.0,40,2.0,10.5,-73.51,12.4467,-100,50.37,76.55,1.634243,0.87366,13.5944,0.2886
3340,-100,-85.0,40,2.0,10.0,-73.44,11.9697,-100,46.7,82.23,1.488061,0.817517,13.9944,0.3362
3342,-100,-85.0,40,2.0,11.0,-72.93,13.0743,-100,48.02,80.22,1.538497,0.902,14.5933,0.2894
3344,-100,-85.0,40,2.0,12.0,-71.95,13.9788,-100,50.87,75.79,1.633192,0.835842,11.9333,0.3765
3343,-100,-85.0,40,2.0,11.5,-72.96,13.1594,-100,48.61,79.3,1.548944,1.038912,18.8465,0.245
3345,-100,-85.0,40,2.0,12.5,-72.64,14.4492,-100,49.33,78.19,1.579197,0.96384,14.9569,0.2639
3347,-100,-85.0,40,2.0,13.5,-72.01,14.7143,-100,49.38,78.09,1.590449,0.984521,16.7375,0.3041
3346,-100,-85.0,40,2.0,13.0,-72.22,14.3227,-100,48.09,80.11,1.513128,1.045615,19.4126,0.2507
3348,-100,-85.0,40,2.0,14.0,-72.86,15.0564,-100,52.5,73.26,1.716961,0.925082,13.1331,0.2928
3349,-100,-85.0,40,2.25,1.0,-70.13,8.1447,-86,37.46,96.5,1.172512,0.926696,22.5066,0.3661
3350,-100,-85.0,40,2.25,1.5,-70.47,8.0787,-87,31.67,105.45,0.958591,0.669763,14.3978,0.3844
3351,-100,-85.0,40,2.25,2.0,-72.52,8.2812,-89,33.93,101.97,1.079916,0.670111,13.2606,0.4651
3352,-100,-85.0,40,2.25,2.5,-70.54,8.6746,-92,35.52,99.43,1.141608,0.648978,11.5254,0.4417
3354,-100,-85.0,40,2.25,3.5,-71.8,8.6417,-97,40.02,92.59,1.254762,0.717208,9.6186,0.4834
3353,-100,-85.0,40,2.25,3.0,-71.14,8.5257,-94,36.4,98.1,1.145347,0.691204,11.093,0.359
3356,-100,-85.0,40,2.25,4.5,-70.56,8.9486,-98,37.39,96.6,1.16831,0.71482,13.5442,0.406
3355,-100,-85.0,40,2.25,4.0,-71.27,9.4286,-97,36.32,98.19,1.161181,0.602369,6.4807,0.5514
3357,-100,-85.0,40,2.25,5.0,-70.59,9.2677,-98,36.79,97.55,1.15174,0.679234,13.0656,0.4367
3360,-100,-85.0,40,2.25,6.5,-70.65,9.9558,-100,38.64,94.63,1.218609,0.738895,13.9541,0.3505
3358,-100,-85.0,40,2.25,5.5,-71.86,9.5841,-100,41.29,90.61,1.313851,0.654042,6.6163,0.4753
3359,-100,-85.0,40,2.25,6.0,-71.69,10.1899,-100,38.68,94.65,1.218838,0.641757,7.7466,0.4877
3361,-100,-85.0,40,2.25,7.0,-71.73,9.9571,-100,40.5,91.82,1.28619,0.711988,11.3155,0.3935
3362,-100,-85.0,40,2.25,7.5,-70.09,10.7078,-100,41.11,90.9,1.288506,0.904615,19.9613,0.3347
3363,-100,-85.0,40,2.25,8.0,-70.46,11.264,-100,40.19,92.22,1.25591,0.709966,10.8031,0.3658
3364,-100,-85.0,40,2.25,8.5,-70.58,12.0083,-100,42.65,88.52,1.353091,0.715511,11.1083,0.4059
3366,-100,-85.0,40,2.25,9.5,-70.02,12.3801,-100,43.14,87.75,1.340313,0.830647,15.9505,0.3755
3365,-100,-85.0,40,2.25,9.0,-69.61,12.2571,-100,41.57,90.13,1.277966,0.83082,15.5558,0.2853
3369,-100,-85.0,40,2.25,11.0,-69.14,13.423,-100,44.67,85.35,1.403926,0.932049,17.9478,0.2788
3368,-100,-85.0,40,2.25,10.5,-70.66,12.991,-100,43.55,87.11,1.378298,0.723179,11.0336,0.4242
3367,-100,-85.0,40,2.25,10.0,-69.27,12.8384,-100,42.93,88.08,1.359329,0.813388,13.4073,0.342
3372,-100,-85.0,40,2.25,12.5,-70.56,14.7157,-100,46.06,83.23,1.474387,0.768631,10.9563,0.3517
3370,-100,-85.0,40,2.25,11.5,-70.79,14.3277,-100,48.54,79.43,1.561975,0.970641,16.9018,0.2702
3371,-100,-85.0,40,2.25,12.0,-70.15,14.5531,-100,46.25,82.95,1.474581,0.731184,10.2339,0.4299
3373,-100,-85.0,40,2.25,13.0,-70.0,15.1791,-100,46.41,82.68,1.472848,0.708099,8.4717,0.3846
3374,-100,-85.0,40,2.25,13.5,-69.19,16.3701,-100,48.83,78.96,1.57169,0.872981,14.2575,0.3225
3375,-100,-85.0,40,2.25,14.0,-70.02,15.3933,-100,50.98,75.66,1.654946,0.952464,15.888,0.3367
3376,-100,-85.0,40,2.5,1.0,-68.59,8.901,-83,34.38,101.23,1.074697,0.61805,8.1894,0.498
3377,-100,-85.0,40,2.5,1.5,-68.03,9.6147,-86,32.65,103.95,1.024245,0.631455,10.8567,0.4212
3378,-100,-85.0,40,2.5,2.0,-67.06,9.8315,-87,34.83,100.55,1.103244,0.641387,9.4771,0.4477
3379,-100,-85.0,40,2.5,2.5,-68.83,8.9736,-87,33.81,102.08,1.053262,0.673145,12.915,0.49
3380,-100,-85.0,40,2.5,3.0,-68.74,9.8677,-92,35.55,99.49,1.122576,0.715442,14.4202,0.4936
3381,-100,-85.0,40,2.5,3.5,-68.06,9.6269,-92,32.77,103.71,1.054463,0.594735,6.6283,0.5045
3384,-100,-85.0,40,2.5,5.0,-68.1,10.3183,-98,38.25,95.29,1.209239,0.734173,13.0767,0.4324
3383,-100,-85.0,40,2.5,4.5,-67.76,10.5518,-95,32.01,104.9,0.998693,0.571931,8.6586,0.5686
3382,-100,-85.0,40,2.5,4.0,-68.37,9.4832,-94,36.19,98.45,1.136582,0.708847,12.3262,0.4352
3385,-100,-85.0,40,2.5,5.5,-68.18,10.4779,-99,37.19,96.89,1.186583,0.635429,6.2035,0.4933
3387,-100,-85.0,40,2.5,6.5,-68.9,10.9972,-100,36.58,97.86,1.153338,0.649567,10.8373,0.4514
3386,-100,-85.0,40,2.5,6.0,-67.63,10.6575,-99,34.42,101.2,1.102078,0.674337,13.7757,0.4656
3388,-100,-85.0,40,2.5,7.0,-68.26,11.5288,-100,37.72,96.1,1.182453,0.655163,9.3757,0.501
3389,-100,-85.0,40,2.5,7.5,-68.26,11.7407,-100,39.43,93.44,1.245123,0.877934,17.7317,0.2907
3390,-100,-85.0,40,2.5,8.0,-67.02,11.9778,-100,40.21,92.27,1.258381,0.740139,13.851,0.3755
3391,-100,-85.0,40,2.5,8.5,-67.54,12.4823,-100,38.14,95.48,1.200716,0.655811,9.2801,0.4882
3392,-100,-85.0,40,2.5,9.0,-67.56,12.8903,-100,38.49,94.93,1.213942,0.723301,12.8395,0.3651
3396,-100,-85.0,40,2.5,11.0,-67.47,13.7283,-100,44.16,86.2,1.399712,0.949645,19.9808,0.322
3393,-100,-85.0,40,2.5,9.5,-67.51,13.1377,-100,41.13,90.81,1.292806,0.737174,12.7927,0.3901
3395,-100,-85.0,40,2.5,10.5,-67.91,14.0302,-100,39.56,93.25,1.246246,0.67124,11.1059,0.474
3394,-100,-85.0,40,2.5,10.0,-66.64,13.0966,-100,39.3,93.68,1.248698,0.77596,17.5442,0.4351
3397,-100,-85.0,40,2.5,11.5,-66.9,14.4039,-100,44.03,86.35,1.39071,0.885915,15.9438,0.3003
3399,-100,-85.0,40,2.5,12.5,-67.03,15.5149,-100,45.59,83.95,1.455224,0.857788,12.8713,0.3046
3398,-100,-85.0,40,2.5,12.0,-67.38,15.1769,-100,43.77,86.77,1.3837,0.684047,8.1476,0.4794
3400,-100,-85.0,40,2.5,13.0,-68.39,14.9863,-100,45.18,84.59,1.418954,0.884604,16.4575,0.3557
3402,-100,-85.0,40,2.5,14.0,-66.37,16.1407,-100,40.79,91.38,1.271064,0.680767,10.4586,0.432
3401,-100,-85.0,40,2.5,13.5,-65.81,15.9115,-100,40.02,92.51,1.268137,0.806329,15.9662,0.3145
3403,-100,-85.0,40,2.75,1.0,-65.62,9.5335,-82,32.14,104.71,1.02782,0.595045,7.8752,0.5156
3404,-100,-85.0,40,2.75,1.5,-65.6,10.7487,-84,34.77,100.66,1.098257,0.661332,12.2179,0.4897
3405,-100,-85.0,40,2.75,2.0,-64.46,9.4832,-84,33.74,102.25,1.047118,0.656664,11.7257,0.427
3406,-100,-85.0,40,2.75,2.5,-64.72,10.1255,-86,35.64,99.29,1.104841,0.698271,12.8601,0.4596
3408,-100,-85.0,40,2.75,3.5,-65.69,10.0457,-92,36.04,98.7,1.1072,0.701386,13.2823,0.4813
3407,-100,-85.0,40,2.75,3.0,-66.64,9.9417,-89,32.99,103.39,1.04357,0.639167,11.374,0.4787
3409,-100,-85.0,40,2.75,4.0,-65.49,10.068,-93,33.27,102.99,1.044014,0.6463,11.7598,0.4829
3410,-100,-85.0,40,2.75,4.5,-65.44,10.9207,-98,36.52,97.95,1.149287,0.619258,8.2486,0.5292
3411,-100,-85.0,40,2.75,5.0,-64.35,11.177,-97,33.73,102.21,1.075693,0.616888,8.6774,0.5348
3412,-100,-85.0,40,2.75,5.5,-64.06,11.7539,-98,36.7,97.69,1.172148,0.783535,15.8061,0.4059
3413,-100,-85.0,40,2.75,6.0,-65.14,12.2995,-100,32.94,103.44,1.059566,0.597642,8.4708,0.5659
3414,-100,-85.0,40,2.75,6.5,-64.43,10.8661,-100,34.65,100.85,1.114317,0.704672,14.2305,0.4262
3419,-100,-85.0,40,2.75,9.0,-63.86,12.9256,-100,40.18,92.33,1.257626,0.826009,16.2419,0.3735
3417,-100,-85.0,40,2.75,8.0,-65.12,12.5085,-100,36.76,97.58,1.163855,0.89668,20.2399,0.291
3415,-100,-85.0,40,2.75,7.0,-64.44,12.2066,-100,33.79,102.23,1.078297,0.613679,9.0348,0.5033
3420,-100,-85.0,40,2.75,9.5,-64.47,13.1779,-100,35.95,98.82,1.127561,0.723008,15.1199,0.4027
3416,-100,-85.0,40,2.75,7.5,-65.42,12.4333,-100,34.89,100.44,1.108518,0.634659,10.5625,0.4941
3418,-100,-85.0,40,2.75,8.5,-64.69,12.846,-100,34.66,100.75,1.109601,0.69775,14.4687,0.441
3421,-100,-85.0,40,2.75,10.0,-64.61,14.0653,-100,38.28,95.22,1.216213,0.655151,9.6309,0.47
3423,-100,-85.0,40,2.75,11.0,-65.04,14.7167,-100,38.15,95.44,1.21266,0.638366,6.7674,0.4987
3422,-100,-85.0,40,2.75,10.5,-65.72,14.0606,-100,38.04,95.59,1.214029,0.584928,3.5819,0.5824
3424,-100,-85.0,40,2.75,11.5,-63.69,14.8681,-100,39.08,94.03,1.213044,0.752467,14.6181,0.3796
3425,-100,-85.0,40,2.75,12.0,-63.81,15.3807,-100,36.6,97.83,1.183642,0.635668,9.6577,0.4794
3426,-100,-85.0,40,2.75,12.5,-65.72,15.487,-100,43.01,87.98,1.34945,0.766638,12.962,0.3921
3427,-100,-85.0,40,2.75,13.0,-63.26,16.1977,-100,42.0,89.5,1.311339,0.980441,20.1192,0.262
3428,-100,-85.0,40,2.75,13.5,-63.18,16.9267,-100,41.53,90.24,1.305841,0.939078,19.9635,0.3125
3429,-100,-85.0,40,2.75,14.0,-63.89,17.0861,-100,39.46,93.41,1.244114,0.678037,11.2892,0.449
3430,-100,-85.0,40,3.0,1.0,-61.89,11.1677,-81,33.25,103.03,1.060759,0.640958,11.3423,0.5297
3431,-100,-85.0,40,3.0,1.5,-61.82,10.6475,-80,33.4,102.78,1.085929,0.615465,6.5286,0.5308
3432,-100,-85.0,40,3.0,2.0,-60.19,11.6714,-84,32.96,103.43,1.052955,0.674679,13.7147,0.43
3433,-100,-85.0,40,3.0,2.5,-62.08,10.5655,-84,34.9,100.43,1.084474,0.646304,10.8734,0.4825
3434,-100,-85.0,40,3.0,3.0,-60.95,11.2648,-87,33.49,102.64,1.059914,0.637713,10.6271,0.5186
3435,-100,-85.0,40,3.0,3.5,-61.8,11.946,-91,30.94,106.61,0.999511,0.549237,6.3881,0.5919
3436,-100,-85.0,40,3.0,4.0,-62.05,11.7972,-93,36.38,98.22,1.147323,0.760939,16.5045,0.4546
3437,-100,-85.0,40,3.0,4.5,-60.91,12.2805,-92,32.85,103.63,1.052557,0.645107,11.2423,0.5207
3438,-100,-85.0,40,3.0,5.0,-62.97,10.8155,-94,34.17,101.57,1.077557,0.632994,8.8635,0.5649
3440,-100,-85.0,40,3.0,6.0,-62.67,11.582,-96,36.43,98.07,1.147644,0.686983,12.4892,0.4707
3439,-100,-85.0,40,3.0,5.5,-62.32,12.1519,-99,33.62,102.42,1.082378,0.655017,11.4477,0.4392
3441,-100,-85.0,40,3.0,6.5,-62.14,12.9666,-100,36.86,97.43,1.171295,0.654493,7.0745,0.5414
3442,-100,-85.0,40,3.0,7.0,-62.23,14.0011,-100,35.85,99.02,1.135731,0.680519,13.3925,0.4541
3444,-100,-85.0,40,3.0,8.0,-61.23,13.6438,-100,33.12,103.2,1.060983,0.652971,11.2475,0.4688
3443,-100,-85.0,40,3.0,7.5,-61.64,13.1157,-100,34.33,101.34,1.093381,0.624644,8.3539,0.4759
3445,-100,-85.0,40,3.0,8.5,-62.48,14.3274,-100,35.01,100.28,1.120708,0.627068,9.5925,0.4644
3446,-100,-85.0,40,3.0,9.0,-61.59,14.1397,-100,36.48,97.97,1.160461,0.577712,5.38,0.5544
3447,-100,-85.0,40,3.0,9.5,-61.0,14.4376,-100,34.61,100.91,1.083552,0.602667,7.9883,0.5514
3448,-100,-85.0,40,3.0,10.0,-61.68,14.7615,-100,34.6,100.86,1.099261,0.612608,7.9617,0.5352
3449,-100,-85.0,40,3.0,10.5,-60.98,14.6711,-100,37.74,96.12,1.180014,0.826331,20.0641,0.4032
3450,-100,-85.0,40,3.0,11.0,-60.87,15.4142,-100,35.69,99.24,1.156268,0.68683,13.4829,0.4373
3451,-100,-85.0,40,3.0,11.5,-61.16,15.6676,-100,40.06,92.45,1.27645,0.737407,12.5717,0.4262
3452,-100,-85.0,40,3.0,12.0,-61.22,15.7092,-100,40.11,92.4,1.269189,0.86382,17.5301,0.3582
3453,-100,-85.0,40,3.0,12.5,-60.08,16.3218,-100,38.19,95.41,1.20365,0.735173,14.1751,0.439
3454,-100,-85.0,40,3.0,13.0,-60.41,16.8837,-100,38.22,95.35,1.209214,0.685065,12.3713,0.4344
3455,-100,-85.0,40,3.0,13.5,-62.2,17.411,-100,38.49,94.86,1.217512,0.622448,8.4076,0.4986
3456,-100,-85.0,40,3.0,14.0,-61.0,17.5564,-100,40.87,91.25,1.264548,0.751208,14.2069,0.3933
3457,-100,-85.0,40,3.25,1.0,-58.3,12.4933,-80,32.34,104.42,1.058948,0.632904,9.9859,0.5222
3459,-100,-85.0,40,3.25,2.0,-58.43,12.5103,-81,33.27,102.94,1.074661,0.672862,12.4556,0.5043
3458,-100,-85.0,40,3.25,1.5,-58.13,11.8485,-79,30.89,106.65,1.012777,0.588559,9.6741,0.5353
3461,-100,-85.0,40,3.25,3.0,-59.98,12.1633,-84,37.56,96.39,1.198221,0.767079,14.5492,0.3726
3460,-100,-85.0,40,3.25,2.5,-59.25,10.9928,-84,30.45,107.34,0.989234,0.557227,7.1559,0.5896
3462,-100,-85.0,40,3.25,3.5,-58.0,12.7022,-89,32.26,104.49,1.04148,0.624371,9.92,0.5152
3463,-100,-85.0,40,3.25,4.0,-58.74,12.461,-90,30.27,107.59,0.988653,0.562558,6.613,0.5929
3464,-100,-85.0,40,3.25,4.5,-58.24,13.4947,-90,32.15,104.66,1.010324,0.613575,10.9136,0.5073
3465,-100,-85.0,40,3.25,5.0,-59.08,12.1863,-93,32.56,104.03,1.044485,0.614969,9.1626,0.5047
3466,-100,-85.0,40,3.25,5.5,-59.87,11.9744,-94,35.77,99.12,1.11961,0.851687,19.9595,0.3386
3468,-100,-85.0,40,3.25,6.5,-59.64,13.7055,-98,32.89,103.5,1.053665,0.606899,9.5144,0.5409
3467,-100,-85.0,40,3.25,6.0,-60.08,12.4818,-98,36.73,97.67,1.12121,0.65418,10.1844,0.432
3469,-100,-85.0,40,3.25,7.0,-58.31,12.8067,-100,33.56,102.51,1.060921,0.621768,10.5861,0.5224
3471,-100,-85.0,40,3.25,8.0,-58.36,14.1619,-100,34.48,101.11,1.109682,0.643875,8.8783,0.4887
3470,-100,-85.0,40,3.25,7.5,-60.06,13.6109,-100,31.02,106.41,0.994214,0.574602,8.8065,0.5145
3472,-100,-85.0,40,3.25,8.5,-58.3,13.733,-100,34.39,101.28,1.097973,0.608399,8.3594,0.5127
3473,-100,-85.0,40,3.25,9.0,-59.29,14.5062,-100,34.61,100.92,1.075013,0.62616,9.4988,0.533
3474,-100,-85.0,40,3.25,9.5,-59.99,14.4803,-100,33.54,102.54,1.073805,0.661522,12.0282,0.4085
3476,-100,-85.0,40,3.25,10.5,-58.28,16.1539,-100,34.31,101.36,1.105834,0.604436,7.8101,0.5474
3477,-100,-85.0,40,3.25,11.0,-59.99,15.7044,-100,34.6,100.95,1.084336,0.619105,10.8851,0.5315
3478,-100,-85.0,40,3.25,11.5,-57.96,15.1626,-100,38.49,94.94,1.214694,0.881415,19.4576,0.343
3475,-100,-85.0,40,3.25,10.0,-58.78,14.5882,-100,33.37,102.82,1.06668,0.595761,9.7641,0.4714
3480,-100,-85.0,40,3.25,12.5,-59.11,16.7365,-100,40.4,91.97,1.264981,0.825359,17.0756,0.4082
3479,-100,-85.0,40,3.25,12.0,-58.88,16.9243,-100,34.32,101.4,1.073031,0.601643,9.5151,0.4949
3481,-100,-85.0,40,3.25,13.0,-59.07,17.1701,-100,38.46,94.93,1.19648,0.805735,15.2201,0.3381
3482,-100,-85.0,40,3.25,13.5,-58.14,17.8614,-100,35.87,98.92,1.134963,0.765516,17.7215,0.4178
3483,-100,-85.0,40,3.25,14.0,-59.41,17.815,-100,38.82,94.4,1.213273,0.711353,13.4569,0.4569
3484,-100,-85.0,40,3.5,1.0,-55.66,12.2959,-76,31.36,105.91,0.999287,0.588649,9.4011,0.5527
3485,-100,-85.0,40,3.5,1.5,-55.25,13.105,-79,33.99,101.88,1.058041,0.607686,5.5872,0.5987
3486,-100,-85.0,40,3.5,2.0,-56.08,12.1123,-79,33.45,102.69,1.077928,0.642007,9.5318,0.5183
3490,-100,-85.0,40,3.5,4.0,-55.52,13.0974,-88,34.22,101.47,1.067037,0.682419,12.3433,0.4335
3489,-100,-85.0,40,3.5,3.5,-55.65,12.3199,-86,32.67,103.86,1.037657,0.611197,9.2398,0.555
3487,-100,-85.0,40,3.5,2.5,-56.47,12.0993,-79,31.43,105.82,1.018545,0.590556,8.5795,0.5485
3488,-100,-85.0,40,3.5,3.0,-56.7,12.8948,-84,30.88,106.68,0.998714,0.559953,6.8329,0.6031
3491,-100,-85.0,40,3.5,4.5,-57.66,12.6768,-88,33.73,102.23,1.072656,0.676811,13.6713,0.5046
3492,-100,-85.0,40,3.5,5.0,-56.41,13.3417,-89,30.78,106.82,0.995153,0.575358,9.8634,0.4876
3493,-100,-85.0,40,3.5,5.5,-56.75,13.4337,-93,34.44,101.12,1.094024,0.632845,8.6978,0.5142
3494,-100,-85.0,40,3.5,6.0,-55.63,13.6445,-95,34.29,101.43,1.06836,0.657941,12.5357,0.4773
3495,-100,-85.0,40,3.5,6.5,-56.7,13.8844,-97,35.25,99.88,1.113907,0.720106,13.3465,0.4135
3496,-100,-85.0,40,3.5,7.0,-56.69,13.855,-100,32.25,104.55,1.029778,0.624205,10.5821,0.4562
3497,-100,-85.0,40,3.5,7.5,-54.63,14.9108,-98,38.55,94.82,1.233196,0.756378,13.512,0.4239
3498,-100,-85.0,40,3.5,8.0,-54.98,15.5407,-100,33.16,103.19,1.061435,0.628993,10.0281,0.5165
3499,-100,-85.0,40,3.5,8.5,-54.52,15.5801,-100,32.43,104.28,1.032493,0.614219,9.6885,0.5423
3501,-100,-85.0,40,3.5,9.5,-56.1,15.5431,-100,34.97,100.39,1.130499,0.670938,11.6352,0.4478
3500,-100,-85.0,40,3.5,9.0,-56.13,15.672,-100,32.13,104.75,1.040927,0.563784,5.6336,0.606
3502,-100,-85.0,40,3.5,10.0,-55.23,15.6588,-100,32.73,103.8,1.056622,0.590022,8.2232,0.5515
3503,-100,-85.0,40,3.5,10.5,-55.25,16.1332,-100,31.98,104.93,0.993393,0.604105,11.6987,0.4845
3504,-100,-85.0,40,3.5,11.0,-55.85,16.8796,-100,37.02,97.17,1.178783,0.607159,5.0841,0.5678
3505,-100,-85.0,40,3.5,11.5,-55.58,16.4358,-100,36.72,97.64,1.16134,0.63345,7.8478,0.5306
3506,-100,-85.0,40,3.5,12.0,-54.64,17.3624,-100,36.84,97.5,1.140209,0.788742,17.6456,0.3828
3507,-100,-85.0,40,3.5,12.5,-56.3,17.8968,-100,35.96,98.81,1.14507,0.637665,8.7118,0.5367
3508,-100,-85.0,40,3.5,13.0,-54.56,18.1964,-100,36.23,98.44,1.143588,0.779365,17.1823,0.365
3509,-100,-85.0,40,3.5,13.5,-55.68,18.251,-100,37.03,97.17,1.163774,0.611287,7.1701,0.5111
3510,-100,-85.0,40,3.5,14.0,-54.06,18.6812,-100,35.6,99.35,1.100077,0.634065,9.799,0.4769
3511,-100,-85.0,40,3.75,1.0,-52.77,13.1402,-73,34.0,101.85,1.086112,0.605285,6.6043,0.5768
3512,-100,-85.0,40,3.75,1.5,-51.89,13.4527,-74,31.69,105.45,1.01511,0.695903,15.1349,0.391
3514,-100,-85.0,40,3.75,2.5,-52.51,13.1463,-82,31.77,105.23,0.996805,0.602501,9.4318,0.5396
3513,-100,-85.0,40,3.75,2.0,-52.24,13.9596,-82,32.44,104.25,1.053178,0.61339,10.5063,0.5492
3515,-100,-85.0,40,3.75,3.0,-52.93,13.8423,-84,34.65,100.87,1.075651,0.749061,17.1962,0.437
3516,-100,-85.0,40,3.75,3.5,-50.5,13.5479,-83,31.6,105.53,0.979388,0.693717,16.7023,0.4115
3517,-100,-85.0,40,3.75,4.0,-54.89,13.6904,-89,30.16,107.72,0.938887,0.59538,12.5798,0.5046
3518,-100,-85.0,40,3.75,4.5,-53.88,13.7851,-87,33.11,103.21,1.026287,0.637457,12.0338,0.4543
3519,-100,-85.0,40,3.75,5.0,-52.88,15.0415,-91,35.61,99.36,1.145487,0.716391,13.4974,0.4097
3520,-100,-85.0,40,3.75,5.5,-53.47,14.7654,-90,34.57,100.92,1.088307,0.732551,15.5678,0.39
3521,-100,-85.0,40,3.75,6.0,-52.63,14.2149,-92,33.1,103.26,1.053436,0.639171,11.0167,0.5086
3522,-100,-85.0,40,3.75,6.5,-53.16,15.4954,-97,34.37,101.28,1.101615,0.718622,16.333,0.4346
3523,-100,-85.0,40,3.75,7.0,-51.11,15.0905,-98,32.71,103.89,0.993946,0.59811,10.7868,0.4644
3524,-100,-85.0,40,3.75,7.5,-53.03,15.8905,-99,32.45,104.24,1.034956,0.586235,5.3756,0.56
3526,-100,-85.0,40,3.75,8.5,-52.9,16.3009,-100,32.44,104.25,1.047359,0.614173,9.4613,0.4777
3525,-100,-85.0,40,3.75,8.0,-52.64,16.4569,-100,32.17,104.66,1.017827,0.577285,8.5865,0.5174
3527,-100,-85.0,40,3.75,9.0,-51.92,15.4888,-100,32.66,103.91,1.069558,0.592863,7.7788,0.5661
3528,-100,-85.0,40,3.75,9.5,-52.49,15.8033,-100,31.93,105.04,1.019061,0.592895,8.8093,0.5785
3529,-100,-85.0,40,3.75,10.0,-53.75,16.2344,-100,33.87,102.02,1.095816,0.708436,15.4398,0.4426
3530,-100,-85.0,40,3.75,10.5,-51.44,17.5299,-100,33.84,102.08,1.089925,0.739445,16.7156,0.3613
3531,-100,-85.0,40,3.75,11.0,-51.83,17.66,-100,32.06,104.82,1.020289,0.593111,10.0004,0.494
3532,-100,-85.0,40,3.75,11.5,-52.7,17.7477,-100,33.26,103.01,1.063015,0.60214,9.8401,0.5352
3533,-100,-85.0,40,3.75,12.0,-51.76,17.8872,-100,35.77,99.14,1.150509,0.638744,8.0465,0.4783
3534,-100,-85.0,40,3.75,12.5,-51.23,18.0031,-100,32.86,103.58,1.042607,0.604576,8.9674,0.5212
3535,-100,-85.0,40,3.75,13.0,-51.85,18.5555,-100,38.94,94.19,1.22837,0.84754,17.4456,0.371
3536,-100,-85.0,40,3.75,13.5,-51.43,19.2086,-100,35.7,99.23,1.133,0.629647,9.8051,0.5062
3537,-100,-85.0,40,3.75,14.0,-52.33,18.408,-100,36.87,97.4,1.158482,0.805264,16.6542,0.3635
3538,-100,-85.0,40,4.0,1.0,-50.09,14.2072,-74,31.03,106.41,1.000396,0.549937,3.0501,0.6528
3540,-100,-85.0,40,4.0,2.0,-50.28,15.1641,-75,35.55,99.49,1.120309,0.804973,17.9395,0.3334
3539,-100,-85.0,40,4.0,1.5,-48.11,14.4367,-75,35.94,98.82,1.124523,0.698061,13.0222,0.4835
3541,-100,-85.0,40,4.0,2.5,-49.81,15.0462,-78,32.47,104.25,1.052726,0.647677,12.8412,0.421
3542,-100,-85.0,40,4.0,3.0,-49.79,14.1133,-79,33.21,103.12,1.049805,0.610344,8.8793,0.5431
3543,-100,-85.0,40,4.0,3.5,-49.16,14.2669,-82,33.16,103.08,1.062837,0.638517,9.3741,0.4907
3544,-100,-85.0,40,4.0,4.0,-49.95,14.6064,-83,32.65,103.95,1.042633,0.627631,11.5184,0.5129
3545,-100,-85.0,40,4.0,4.5,-51.42,14.5327,-86,32.25,104.54,1.035314,0.578058,6.0792,0.5759
3546,-100,-85.0,40,4.0,5.0,-51.62,14.789,-88,33.44,102.71,1.046097,0.650752,13.3112,0.5177
3547,-100,-85.0,40,4.0,5.5,-49.12,16.2925,-90,38.02,95.63,1.221264,0.762124,15.2108,0.4301
3549,-100,-85.0,40,4.0,6.5,-49.78,15.6229,-96,31.49,105.71,1.006141,0.580456,7.2253,0.597
3548,-100,-85.0,40,4.0,6.0,-49.93,14.7716,-91,32.57,104.01,1.054713,0.609395,10.6291,0.538
3550,-100,-85.0,40,4.0,7.0,-49.17,16.4478,-96,31.51,105.7,1.006299,0.576708,7.1742,0.5729
3552,-100,-85.0,40,4.0,8.0,-47.9,17.0291,-95,33.23,103.05,1.058602,0.627152,10.3721,0.5465
3551,-100,-85.0,40,4.0,7.5,-47.94,16.4049,-91,31.03,106.43,0.985822,0.572251,7.0033,0.6028
3553,-100,-85.0,40,4.0,8.5,-50.17,16.7899,-99,31.44,105.79,0.980417,0.567883,8.45,0.5656
3554,-100,-85.0,40,4.0,9.0,-47.7,17.2132,-100,33.17,103.15,1.071236,0.63156,10.9411,0.4826
3555,-100,-85.0,40,4.0,9.5,-50.55,16.7748,-100,32.65,103.9,1.048526,0.610681,7.8196,0.5421
3556,-100,-85.0,40,4.0,10.0,-48.31,18.1858,-100,36.42,98.13,1.148789,0.73692,14.7855,0.4486
3557,-100,-85.0,40,4.0,10.5,-49.55,17.6943,-100,34.68,100.77,1.1051,0.664713,11.2292,0.4559
3558,-100,-85.0,40,4.0,11.0,-49.82,18.5023,-100,33.14,103.17,1.058221,0.60168,8.8391,0.5329
3559,-100,-85.0,40,4.0,11.5,-50.55,18.3726,-100,35.95,98.86,1.133662,0.669271,12.5453,0.5006
3561,-100,-85.0,40,4.0,12.5,-48.11,19.4195,-100,37.6,96.29,1.182706,0.798118,16.5289,0.4203
3560,-100,-85.0,40,4.0,12.0,-50.02,18.0497,-100,33.19,103.11,1.067923,0.685711,14.9258,0.4614
3563,-100,-85.0,40,4.0,13.5,-49.78,19.3935,-100,36.81,97.52,1.143914,0.674224,11.8606,0.4099
3564,-100,-85.0,40,4.0,14.0,-48.59,20.7255,-100,33.91,101.94,1.080022,0.667463,13.227,0.4638
3562,-100,-85.0,40,4.0,13.0,-49.91,19.1722,-100,31.84,105.17,1.030518,0.589053,9.9023,0.4995
3565,-100,-85.0,40,4.25,1.0,-45.69,15.4251,-71,34.04,101.81,1.083389,0.665898,12.4803,0.5314
3566,-100,-85.0,40,4.25,1.5,-47.1,15.0326,-72,30.62,107.04,0.985286,0.612436,12.4016,0.5237
3567,-100,-85.0,40,4.25,2.0,-46.97,15.0659,-74,33.37,102.8,1.054925,0.613814,8.1602,0.5012
3568,-100,-85.0,40,4.25,2.5,-45.45,16.6912,-75,33.21,103.1,1.082482,0.664159,12.2109,0.4961
3569,-100,-85.0,40,4.25,3.0,-46.96,14.7398,-76,33.41,102.68,1.072541,0.599966,7.2478,0.5929
3570,-100,-85.0,40,4.25,3.5,-45.43,15.3774,-81,30.89,106.64,0.984438,0.559129,7.5518,0.5621
3571,-100,-85.0,40,4.25,4.0,-45.55,15.7566,-79,32.88,103.59,0.996367,0.596832,9.4849,0.5131
3572,-100,-85.0,40,4.25,4.5,-45.07,15.6,-80,30.97,106.52,0.992868,0.63372,12.8718,0.4697
3573,-100,-85.0,40,4.25,5.0,-45.34,15.8242,-83,30.67,106.98,1.014733,0.607809,10.5864,0.5195
3575,-100,-85.0,40,4.25,6.0,-46.1,16.196,-88,32.21,104.63,1.043131,0.644866,12.3477,0.5128
3574,-100,-85.0,40,4.25,5.5,-45.75,17.1115,-88,31.46,105.79,1.000895,0.592098,8.5678,0.5452
3576,-100,-85.0,40,4.25,6.5,-45.39,16.431,-89,32.79,103.72,1.063159,0.662011,14.0654,0.4538
3577,-100,-85.0,40,4.25,7.0,-46.47,16.0158,-91,35.68,99.25,1.13087,0.846651,20.1072,0.3536
3578,-100,-85.0,40,4.25,7.5,-45.72,16.7675,-100,32.14,104.72,1.035206,0.572664,7.3154,0.5827
3579,-100,-85.0,40,4.25,8.0,-46.1,18.139,-98,32.34,104.36,1.041437,0.65555,13.7222,0.5021
3580,-100,-85.0,40,4.25,8.5,-46.54,17.6442,-94,30.78,106.8,0.99098,0.556837,5.9546,0.5387
3581,-100,-85.0,40,4.25,9.0,-45.65,18.0368,-96,30.01,108.03,0.987079,0.656863,14.3815,0.4557
3582,-100,-85.0,40,4.25,9.5,-46.03,17.4373,-99,35.12,100.12,1.110999,0.653692,9.6481,0.4836
3583,-100,-85.0,40,4.25,10.0,-45.64,18.5447,-98,31.17,106.2,0.984882,0.600493,11.6875,0.4757
3584,-100,-85.0,40,4.25,10.5,-45.75,17.9672,-100,31.69,105.41,1.04831,0.592923,7.516,0.5735
3585,-100,-85.0,40,4.25,11.0,-46.75,17.5178,-100,35.91,98.85,1.165666,0.734025,13.6721,0.3868
3586,-100,-85.0,40,4.25,11.5,-44.7,18.9963,-100,34.86,100.49,1.115567,0.790074,19.9997,0.3863
3588,-100,-85.0,40,4.25,12.5,-45.37,20.2172,-100,31.66,105.42,1.011394,0.632261,12.8119,0.5082
3587,-100,-85.0,40,4.25,12.0,-45.56,19.2962,-100,34.95,100.42,1.111029,0.669782,10.4094,0.4599
3589,-100,-85.0,40,4.25,13.0,-46.7,20.5421,-100,33.22,102.98,1.040709,0.612887,9.0129,0.5119
3590,-100,-85.0,40,4.25,13.5,-47.29,20.5811,-100,32.5,104.1,1.032371,0.588821,8.8181,0.5218
3591,-100,-85.0,40,4.25,14.0,-46.4,20.7735,-100,31.72,105.38,1.01845,0.625813,13.1883,0.4903
3592,-100,-85.0,40,4.5,1.0,-43.61,15.6532,-68,31.27,106.09,0.984688,0.578525,8.2956,0.5561
3593,-100,-85.0,40,4.5,1.5,-43.48,15.1054,-73,35.58,99.44,1.150276,0.727538,15.3542,0.393
3594,-100,-85.0,40,4.5,2.0,-40.42,16.5071,-71,33.79,102.17,1.043717,0.750196,18.0934,0.4621
3595,-100,-85.0,40,4.5,2.5,-45.72,15.6387,-76,35.36,99.75,1.105838,0.726348,15.4284,0.4226
3597,-100,-85.0,40,4.5,3.5,-41.81,16.7007,-76,32.73,103.8,1.056609,0.625202,11.4699,0.5274
3596,-100,-85.0,40,4.5,3.0,-41.76,17.0339,-78,31.11,106.32,0.955135,0.550171,6.407,0.5728
3598,-100,-85.0,40,4.5,4.0,-42.91,17.0243,-78,31.86,105.14,1.022342,0.61666,11.2425,0.4774
3599,-100,-85.0,40,4.5,4.5,-42.84,16.9581,-82,33.28,102.95,1.047395,0.623973,10.2617,0.4966
3600,-100,-85.0,40,4.5,5.0,-43.72,16.7407,-82,31.11,106.32,1.00772,0.609771,11.5149,0.5175
3601,-100,-85.0,40,4.5,5.5,-42.37,16.8831,-85,32.26,104.6,1.060656,0.605075,9.7912,0.5428
3602,-100,-85.0,40,4.5,6.0,-44.56,16.7117,-89,32.32,104.38,1.049364,0.605926,8.1772,0.5769
3603,-100,-85.0,40,4.5,6.5,-43.56,16.8101,-84,32.07,104.8,1.023856,0.578644,6.18,0.5559
3604,-100,-85.0,40,4.5,7.0,-44.49,17.0101,-89,33.13,103.16,1.082777,0.643559,10.2458,0.5126
3605,-100,-85.0,40,4.5,7.5,-43.16,18.4319,-95,33.12,103.16,1.063904,0.613702,9.2554,0.5458
3606,-100,-85.0,40,4.5,8.0,-44.08,17.4056,-91,30.92,106.62,1.004134,0.612014,10.2092,0.5006
3607,-100,-85.0,40,4.5,8.5,-42.9,18.64,-100,32.11,104.78,1.031977,0.613645,11.6863,0.4952
3608,-100,-85.0,40,4.5,9.0,-44.42,18.1223,-100,30.73,106.9,0.985646,0.630269,12.6653,0.5177
3609,-100,-85.0,40,4.5,9.5,-42.47,18.758,-100,32.24,104.55,1.049746,0.583578,7.7652,0.5381
3610,-100,-85.0,40,4.5,10.0,-43.76,18.6616,-98,33.2,103.08,1.084817,0.670855,12.4178,0.4628
3611,-100,-85.0,40,4.5,10.5,-44.09,18.7656,-100,30.92,106.61,0.999429,0.562687,8.2936,0.5932
3612,-100,-85.0,40,4.5,11.0,-42.25,19.4992,-100,33.21,103.09,1.071118,0.693001,14.7384,0.4285
3613,-100,-85.0,40,4.5,11.5,-42.86,19.991,-100,31.53,105.64,1.033027,0.578669,7.7219,0.5411
3614,-100,-85.0,40,4.5,12.0,-40.79,20.5031,-100,29.61,108.57,0.968911,0.626777,13.6459,0.489
3615,-100,-85.0,40,4.5,12.5,-43.07,21.0046,-100,37.72,96.15,1.195196,0.79882,16.675,0.3874
3616,-100,-85.0,40,4.5,13.0,-42.75,20.5235,-100,32.53,104.13,1.04593,0.614238,10.9031,0.4763
3617,-100,-85.0,40,4.5,13.5,-42.27,21.2088,-100,32.69,103.84,1.02463,0.665504,14.2898,0.5099
3618,-100,-85.0,40,4.5,14.0,-42.79,21.6745,-100,33.03,103.35,1.056962,0.585501,7.0742,0.5909
3619,-100,-85.0,40,4.75,1.0,-39.45,16.4228,-68,34.21,101.51,1.111717,0.626647,8.4228,0.5475
3620,-100,-85.0,40,4.75,1.5,-39.26,16.3669,-70,32.48,104.14,1.054048,0.702122,14.859,0.4462
3621,-100,-85.0,40,4.75,2.0,-39.3,16.6433,-72,34.57,100.93,1.098757,0.725497,16.4562,0.4438
3622,-100,-85.0,40,4.75,2.5,-38.77,17.4908,-70,30.28,107.62,0.95976,0.570164,7.3171,0.5802
3625,-100,-85.0,40,4.75,4.0,-41.33,16.8158,-76,33.37,102.82,1.079646,0.67641,13.7325,0.5205
3624,-100,-85.0,40,4.75,3.5,-40.13,16.5548,-75,30.2,107.68,0.979191,0.557585,7.3165,0.602
3623,-100,-85.0,40,4.75,3.0,-39.23,16.9696,-72,31.1,106.34,1.019259,0.587585,8.5664,0.522
3626,-100,-85.0,40,4.75,4.5,-39.59,18.3216,-80,33.55,102.51,1.081915,0.65213,12.1709,0.4827
3627,-100,-85.0,40,4.75,5.0,-40.74,16.4664,-79,30.65,107.02,0.985458,0.542476,6.0525,0.5954
3628,-100,-85.0,40,4.75,5.5,-38.81,18.9005,-83,31.59,105.54,1.020572,0.644956,13.6491,0.5252
3629,-100,-85.0,40,4.75,6.0,-39.12,18.7364,-83,30.59,107.11,0.988991,0.598677,9.8143,0.4934
3630,-100,-85.0,40,4.75,6.5,-39.99,17.9061,-85,33.15,103.16,1.02783,0.58327,4.6808,0.5605
3631,-100,-85.0,40,4.75,7.0,-39.65,18.7004,-93,30.58,107.11,0.990211,0.544492,5.2986,0.6142
3632,-100,-85.0,40,4.75,7.5,-39.19,18.7227,-94,33.5,102.61,1.083272,0.687533,13.7484,0.4246
3633,-100,-85.0,40,4.75,8.0,-39.12,18.4998,-89,30.13,107.83,0.977068,0.560267,7.7897,0.576
3634,-100,-85.0,40,4.75,8.5,-38.84,19.7385,-99,32.06,104.86,1.031929,0.662315,13.2217,0.4221
3635,-100,-85.0,40,4.75,9.0,-37.69,19.2742,-96,33.25,102.99,1.085032,0.669982,13.4899,0.4377
3636,-100,-85.0,40,4.75,9.5,-39.79,19.0432,-97,32.18,104.68,1.011529,0.598966,10.5593,0.5341
3638,-100,-85.0,40,4.75,10.5,-40.15,19.8387,-100,31.82,105.22,1.036014,0.545484,5.2431,0.6076
3637,-100,-85.0,40,4.75,10.0,-39.58,19.3127,-98,29.25,109.17,0.954395,0.557593,9.2222,0.5578
3639,-100,-85.0,40,4.75,11.0,-38.7,20.448,-100,32.35,104.39,1.042151,0.620982,11.3723,0.5192
3640,-100,-85.0,40,4.75,11.5,-40.3,20.8032,-100,31.15,106.2,1.017314,0.538574,4.5851,0.5951
3641,-100,-85.0,40,4.75,12.0,-39.01,21.535,-100,33.23,103.04,1.053358,0.671493,13.8261,0.4061
3642,-100,-85.0,40,4.75,12.5,-41.61,18.97,-100,35.9,98.92,1.122747,0.831376,19.7486,0.3831
3643,-100,-85.0,40,4.75,13.0,-40.22,22.0294,-100,30.41,107.38,0.964777,0.552888,9.22,0.5771
3644,-100,-85.0,40,4.75,13.5,-39.95,21.5896,-100,34.79,100.62,1.125357,0.709346,14.1827,0.4631
3645,-100,-85.0,40,4.75,14.0,-41.86,21.123,-100,32.78,103.72,1.05616,0.653347,12.5112,0.4376
3646,-100,-85.0,40,5.0,1.0,-37.34,17.4054,-64,30.79,106.83,0.995907,0.555542,6.339,0.5672
3647,-100,-85.0,40,5.0,1.5,-40.16,16.4507,-66,35.4,99.7,1.120144,0.811554,19.5453,0.4121
3648,-100,-85.0,40,5.0,2.0,-37.22,19.7343,-68,32.39,104.37,1.039781,0.670931,15.0682,0.439
3650,-100,-85.0,40,5.0,3.0,-33.33,18.1549,-70,33.71,102.31,1.031805,0.752425,18.6156,0.4279
3649,-100,-85.0,40,5.0,2.5,-37.85,16.653,-70,28.81,109.84,0.960117,0.580969,10.9649,0.5017
3651,-100,-85.0,40,5.0,3.5,-35.09,18.4916,-74,31.27,106.03,0.993835,0.619702,11.801,0.4366
3652,-100,-85.0,40,5.0,4.0,-37.98,17.2702,-71,32.45,104.19,1.033286,0.647982,12.4457,0.4918
3653,-100,-85.0,40,5.0,4.5,-37.99,19.0395,-79,34.27,101.4,1.065771,0.64197,10.9541,0.5185
3654,-100,-85.0,40,5.0,5.0,-37.73,18.934,-81,31.62,105.51,1.029416,0.628486,12.8212,0.465
3655,-100,-85.0,40,5.0,5.5,-36.62,18.9977,-82,32.8,103.71,1.053734,0.596481,8.498,0.5448
3656,-100,-85.0,40,5.0,6.0,-37.16,18.4475,-87,32.07,104.85,1.048878,0.635157,12.005,0.4569
3657,-100,-85.0,40,5.0,6.5,-36.6,18.1637,-82,30.28,107.57,0.998254,0.55253,7.9139,0.5559
3658,-100,-85.0,40,5.0,7.0,-37.74,19.532,-92,33.72,102.32,1.04593,0.589531,7.5683,0.5757
3659,-100,-85.0,40,5.0,7.5,-36.53,19.887,-92,31.16,106.25,1.019479,0.550619,5.0146,0.598
3660,-100,-85.0,40,5.0,8.0,-35.14,19.4576,-86,31.51,105.67,1.017296,0.60288,10.9535,0.5368
3661,-100,-85.0,40,5.0,8.5,-36.18,19.6834,-92,35.09,100.19,1.11006,0.743654,15.7598,0.4224
3662,-100,-85.0,40,5.0,9.0,-38.64,18.8798,-95,34.18,101.57,1.080259,0.656152,11.6218,0.4803
3663,-100,-85.0,40,5.0,9.5,-36.07,20.6475,-94,29.61,108.61,0.91146,0.587917,12.3133,0.4557
3664,-100,-85.0,40,5.0,10.0,-37.78,21.3679,-98,32.49,104.13,1.05857,0.631479,12.2533,0.5122
3665,-100,-85.0,40,5.0,10.5,-36.87,21.3699,-100,32.97,103.47,1.068494,0.603768,7.1672,0.5449
3673,-100,-80.0,40,1.0,1.0,-80.64,1.6347,-92,95.03,7.66,2.717411,1.184999,9.7954,0.0
3674,-100,-80.0,40,1.0,1.5,-79.48,2.4575,-91,92.5,11.58,2.393281,1.676883,15.0266,0.0
3666,-100,-85.0,40,5.0,11.0,-36.85,20.3822,-100,31.41,105.85,1.025903,0.611675,10.5597,0.5307
3675,-100,-80.0,40,1.0,2.0,-81.31,2.6586,-93,93.57,9.92,2.387308,1.150394,12.8889,0.0
3676,-100,-80.0,40,1.0,2.5,-81.04,3.1656,-95,92.56,11.48,2.970709,1.521746,12.9491,0.0
3667,-100,-85.0,40,5.0,11.5,-37.44,21.3027,-100,32.72,103.84,1.007828,0.632251,12.1363,0.4911
3677,-100,-80.0,40,1.0,3.0,-82.84,3.6378,-97,94.35,8.72,3.776305,1.30394,8.6031,0.0003
3669,-100,-85.0,40,5.0,12.5,-37.85,21.5044,-100,31.9,105.12,1.036972,0.563719,5.5957,0.595
3668,-100,-85.0,40,5.0,12.0,-37.78,21.0826,-100,30.02,108.0,0.972263,0.577417,10.3784,0.5159
3678,-100,-80.0,40,1.0,3.5,-80.79,5.1504,-100,89.7,15.9,2.924632,1.827727,14.4108,0.0016
3670,-100,-85.0,40,5.0,13.0,-38.14,21.7029,-100,33.14,103.18,1.070702,0.656054,13.4767,0.4644
3671,-100,-85.0,40,5.0,13.5,-35.74,23.4759,-100,35.33,99.82,1.121951,0.78949,18.6779,0.3649
3679,-100,-80.0,40,1.0,4.0,-83.73,4.9481,-100,93.41,10.17,4.632547,1.185168,6.7315,0.0025
3680,-100,-80.0,40,1.0,4.5,-81.97,5.7292,-100,86.81,20.35,2.703333,1.711999,16.1209,0.0111
3672,-100,-85.0,40,5.0,14.0,-36.57,23.1662,-100,34.73,100.69,1.066033,0.669972,13.2283,0.5017
3681,-100,-80.0,40,1.0,5.0,-83.55,5.9733,-100,87.84,18.77,3.317522,1.619066,12.2411,0.0339
3682,-100,-80.0,40,1.0,5.5,-83.8,6.2183,-100,84.76,23.51,3.214093,1.798823,11.8432,0.0294
3683,-100,-80.0,40,1.0,6.0,-82.54,7.0737,-100,84.36,24.12,2.888592,2.077735,16.5847,0.0109
3684,-100,-80.0,40,1.0,6.5,-83.38,7.418,-100,81.2,29.0,2.617181,1.213116,15.5727,0.0114
3685,-100,-80.0,40,1.0,7.0,-84.68,7.3952,-100,83.19,25.94,3.445311,1.086654,9.1141,0.0618
3686,-100,-80.0,40,1.0,7.5,-84.33,8.0913,-100,82.45,27.09,3.248323,1.253591,11.4139,0.0593
3688,-100,-80.0,40,1.0,8.5,-85.09,8.6643,-100,82.87,26.44,3.925714,1.24381,5.9332,0.0896
3687,-100,-80.0,40,1.0,8.0,-83.42,8.7246,-100,78.97,32.44,3.068344,1.491691,14.3199,0.0711
3689,-100,-80.0,40,1.0,9.0,-84.53,9.0866,-100,79.22,32.07,3.345991,1.225777,7.9514,0.1169
3690,-100,-80.0,40,1.0,9.5,-84.15,9.3785,-100,77.87,34.14,3.030605,1.473824,11.2875,0.0659
3691,-100,-80.0,40,1.0,10.0,-85.44,9.5385,-100,79.49,31.65,3.49237,1.213741,6.9249,0.1139
3692,-100,-80.0,40,1.0,10.5,-83.87,10.5014,-100,77.0,35.49,3.125214,1.46818,12.4806,0.1233
3693,-100,-80.0,40,1.0,11.0,-83.99,10.7128,-100,79.31,31.94,3.381003,1.570204,9.0099,0.1192
3694,-100,-80.0,40,1.0,11.5,-83.8,10.9279,-100,77.22,35.16,3.371678,1.58269,10.4022,0.1251
3695,-100,-80.0,40,1.0,12.0,-84.86,11.135,-100,78.55,33.11,3.475773,1.73559,10.306,0.1062
3696,-100,-80.0,40,1.0,12.5,-84.36,11.5492,-100,75.39,38.0,3.050822,1.005729,7.0601,0.1419
3697,-100,-80.0,40,1.0,13.0,-83.61,12.3273,-100,76.25,36.63,3.215829,1.31109,9.6246,0.1767
3698,-100,-80.0,40,1.0,13.5,-84.71,12.1411,-100,76.31,36.55,3.273826,1.246862,9.3328,0.1652
3700,-100,-80.0,40,1.25,1.0,-77.43,2.4274,-91,78.69,32.89,1.360604,1.849205,33.2219,0.0001
3701,-100,-80.0,40,1.25,1.5,-77.61,2.5681,-92,79.43,31.75,1.256863,1.411483,32.3997,0.0002
3699,-100,-80.0,40,1.0,14.0,-84.11,12.4053,-100,75.58,37.69,3.16946,1.353935,9.341,0.1292
3702,-100,-80.0,40,1.25,2.0,-75.18,4.5173,-95,77.16,35.25,1.206363,1.359777,34.334,0.0006
3704,-100,-80.0,40,1.25,3.0,-78.67,4.1129,-97,79.12,32.21,2.081867,1.596556,23.9245,0.0009
3703,-100,-80.0,40,1.25,2.5,-77.79,3.5993,-98,74.87,38.78,1.178921,1.422849,36.1709,0.0003
3705,-100,-80.0,40,1.25,3.5,-78.7,4.8818,-97,76.59,36.12,1.915572,1.822676,29.4735,0.0032
3706,-100,-80.0,40,1.25,4.0,-79.9,5.3395,-100,82.07,27.67,2.773575,2.513429,20.5429,0.0251
3707,-100,-80.0,40,1.25,4.5,-78.87,6.2476,-100,76.22,36.7,2.073748,1.647157,25.4566,0.0272
3708,-100,-80.0,40,1.25,5.0,-80.35,6.1433,-100,76.63,36.04,2.290291,2.178251,22.6705,0.0272
3709,-100,-80.0,40,1.25,5.5,-81.48,7.294,-100,81.05,29.24,3.109176,1.638654,11.3843,0.047
3710,-100,-80.0,40,1.25,6.0,-79.19,7.7801,-100,74.1,39.97,2.395608,1.638836,20.1314,0.0598
3711,-100,-80.0,40,1.25,6.5,-79.76,7.8238,-100,72.35,42.68,2.334006,1.710689,21.3879,0.0724
3712,-100,-80.0,40,1.25,7.0,-79.58,8.6547,-100,71.99,43.24,2.289322,1.727817,24.2398,0.06
3714,-100,-80.0,40,1.25,8.0,-81.56,8.7957,-100,75.51,37.78,2.961636,1.680764,14.503,0.0926
3713,-100,-80.0,40,1.25,7.5,-80.54,8.6517,-100,73.12,41.45,2.520088,1.543509,18.5516,0.0772
3715,-100,-80.0,40,1.25,8.5,-81.13,9.4276,-100,75.33,38.09,2.876756,2.309232,21.1214,0.0757
3716,-100,-80.0,40,1.25,9.0,-80.45,10.2141,-100,71.71,43.64,2.582399,1.510853,16.6929,0.1165
3717,-100,-80.0,40,1.25,9.5,-81.62,10.0076,-100,74.0,40.13,2.980443,1.585922,14.311,0.1266
3718,-100,-80.0,40,1.25,10.0,-82.0,10.5036,-100,73.64,40.68,2.900195,1.20421,10.0612,0.1505
3719,-100,-80.0,40,1.25,10.5,-80.46,11.0759,-100,70.42,45.64,2.579268,1.373737,17.0103,0.1104
3721,-100,-80.0,40,1.25,11.5,-81.44,11.5395,-100,72.37,42.62,2.918124,1.223868,10.2274,0.1819
3720,-100,-80.0,40,1.25,11.0,-80.38,11.8422,-100,72.06,43.11,2.725875,1.513164,12.943,0.1154
3722,-100,-80.0,40,1.25,12.0,-81.87,11.9939,-100,73.7,40.58,3.063438,1.295505,10.1942,0.1627
3724,-100,-80.0,40,1.25,13.0,-81.21,12.5874,-100,72.41,42.56,2.953873,1.648727,13.4928,0.1304
3723,-100,-80.0,40,1.25,12.5,-81.82,11.9656,-100,72.43,42.56,2.888925,1.160061,9.9827,0.1456
3725,-100,-80.0,40,1.25,13.5,-81.43,12.9705,-100,71.82,43.48,2.842094,1.468546,14.1404,0.1491
3726,-100,-80.0,40,1.25,14.0,-80.17,13.6699,-100,70.27,45.88,2.766563,1.408012,14.9613,0.1767
3727,-100,-80.0,40,1.5,1.0,-74.12,3.9913,-90,59.65,62.28,0.7372,0.875814,43.4939,0.0021
3729,-100,-80.0,40,1.5,2.0,-74.22,5.0688,-93,72.81,41.95,1.524686,1.664643,32.6256,0.0032
3728,-100,-80.0,40,1.5,1.5,-75.94,3.3126,-89,62.43,57.97,1.077224,1.178876,37.769,0.0009
3730,-100,-80.0,40,1.5,2.5,-75.63,4.7008,-93,69.42,47.19,1.822638,1.845426,30.8123,0.0087
3731,-100,-80.0,40,1.5,3.0,-75.26,4.7174,-95,60.98,60.22,1.296432,1.719349,39.1314,0.0032
3733,-100,-80.0,40,1.5,4.0,-76.18,6.0635,-100,66.41,51.83,1.725474,1.919989,34.6992,0.0282
3732,-100,-80.0,40,1.5,3.5,-75.34,5.6763,-100,67.11,50.76,1.532276,1.562844,33.4247,0.0248
3734,-100,-80.0,40,1.5,4.5,-75.54,6.807,-100,65.74,52.88,1.838312,1.92709,30.4973,0.0333
3735,-100,-80.0,40,1.5,5.0,-77.51,6.649,-100,69.23,47.48,2.100359,1.996222,27.3284,0.0525
3736,-100,-80.0,40,1.5,5.5,-75.73,7.2445,-100,64.07,55.45,1.949277,2.127623,32.8976,0.0623
3737,-100,-80.0,40,1.5,6.0,-77.77,7.4164,-100,65.6,53.08,2.168536,1.700022,22.4926,0.074
3738,-100,-80.0,40,1.5,6.5,-76.25,8.6838,-100,64.07,55.44,1.871311,1.680603,26.5574,0.0456
3741,-100,-80.0,40,1.5,8.0,-78.23,9.4154,-100,68.53,48.54,2.555825,1.49564,13.5908,0.1299
3740,-100,-80.0,40,1.5,7.5,-77.06,9.0626,-100,68.63,48.42,2.415535,2.022323,20.0454,0.0689
3739,-100,-80.0,40,1.5,7.0,-75.74,9.2256,-100,64.58,54.62,1.99449,1.918205,30.7187,0.075
3742,-100,-80.0,40,1.5,8.5,-77.47,10.1668,-100,67.22,50.58,2.405751,1.524519,19.6045,0.1376
3743,-100,-80.0,40,1.5,9.0,-78.44,10.2459,-100,68.25,48.98,2.533688,1.264728,12.5361,0.1217
3744,-100,-80.0,40,1.5,9.5,-77.97,11.2333,-100,68.19,49.09,2.393406,1.76297,21.2226,0.0972
3745,-100,-80.0,40,1.5,10.0,-77.56,11.6033,-100,65.72,52.89,2.332658,1.513157,19.9789,0.1475
3746,-100,-80.0,40,1.5,10.5,-78.55,11.1215,-100,66.61,51.52,2.439286,1.147719,13.2974,0.1692
3747,-100,-80.0,40,1.5,11.0,-77.43,11.5909,-100,66.1,52.3,2.376891,1.663817,20.7225,0.1312
3748,-100,-80.0,40,1.5,11.5,-78.17,12.4446,-100,67.91,49.51,2.588555,1.287245,12.2275,0.1638
3749,-100,-80.0,40,1.5,12.0,-77.28,12.7351,-100,64.89,54.2,2.298968,1.781052,20.0441,0.1265
3750,-100,-80.0,40,1.5,12.5,-77.96,13.1005,-100,66.25,52.11,2.397048,1.161218,14.0653,0.1805
3751,-100,-80.0,40,1.5,13.0,-79.48,12.9279,-100,70.07,46.17,2.742383,1.185791,10.4935,0.1964
3753,-100,-80.0,40,1.5,14.0,-78.28,13.905,-100,69.42,47.17,2.713497,1.568136,17.6493,0.1709
3752,-100,-80.0,40,1.5,13.5,-77.48,13.9036,-100,66.27,52.04,2.437788,1.350923,15.2359,0.1528
3754,-100,-80.0,40,1.75,1.0,-72.96,4.9387,-88,54.31,70.52,1.030572,0.969299,35.0183,0.0008
3755,-100,-80.0,40,1.75,1.5,-72.63,5.7937,-90,64.32,55.05,1.508171,1.300696,30.7626,0.0069
3756,-100,-80.0,40,1.75,2.0,-72.5,6.4792,-92,60.81,60.45,1.339956,1.311393,33.0637,0.0159
3758,-100,-80.0,40,1.75,3.0,-73.91,5.9789,-93,55.24,69.05,1.413225,1.540365,31.2716,0.0521
3757,-100,-80.0,40,1.75,2.5,-73.97,5.6344,-95,59.17,62.99,1.550345,1.335414,28.9505,0.0201
3760,-100,-80.0,40,1.75,4.0,-74.16,6.5507,-99,54.94,69.55,1.508795,1.204043,26.5193,0.0641
3759,-100,-80.0,40,1.75,3.5,-74.22,6.3546,-96,53.86,71.19,1.54297,1.435053,27.5239,0.0504
3761,-100,-80.0,40,1.75,4.5,-72.61,7.7596,-98,54.01,70.97,1.602276,1.449009,29.0249,0.1159
3762,-100,-80.0,40,1.75,5.0,-73.56,7.7826,-100,54.82,69.72,1.593725,1.488126,28.6538,0.107
3763,-100,-80.0,40,1.75,5.5,-73.13,8.1073,-100,56.33,67.38,1.694233,1.721777,26.9304,0.0706
3764,-100,-80.0,40,1.75,6.0,-73.11,8.6886,-100,54.88,69.64,1.548043,1.782806,31.9262,0.0394
3765,-100,-80.0,40,1.75,6.5,-74.88,8.3047,-100,56.84,66.57,1.843813,1.2048,18.001,0.1808
3766,-100,-80.0,40,1.75,7.0,-75.18,8.8302,-100,61.64,59.18,2.125928,1.504895,20.2689,0.1686
3767,-100,-80.0,40,1.75,7.5,-74.4,9.882,-100,60.92,60.31,1.98425,1.232593,20.2893,0.11
3768,-100,-80.0,40,1.75,8.0,-74.75,10.1737,-100,62.25,58.27,2.154941,1.491746,20.0961,0.1653
3769,-100,-80.0,40,1.75,8.5,-75.28,10.4205,-100,62.68,57.58,2.216333,1.277313,18.1324,0.1728
3770,-100,-80.0,40,1.75,9.0,-75.65,10.4013,-100,61.88,58.81,2.191682,1.273378,15.1769,0.2163
3771,-100,-80.0,40,1.75,9.5,-74.38,11.2112,-100,59.99,61.75,2.000205,1.563323,23.2564,0.1571
3772,-100,-80.0,40,1.75,10.0,-74.67,11.9028,-100,61.47,59.46,2.109948,1.502344,20.4654,0.1408
3774,-100,-80.0,40,1.75,11.0,-73.92,12.9075,-100,67.28,50.5,2.483764,2.069603,25.1631,0.1283
3773,-100,-80.0,40,1.75,10.5,-73.57,11.9873,-100,57.66,65.34,1.928643,1.408523,22.2636,0.2038
3776,-100,-80.0,40,1.75,12.0,-75.28,13.128,-100,61.8,58.97,2.177376,1.244997,15.1019,0.1541
3775,-100,-80.0,40,1.75,11.5,-74.01,12.748,-100,61.17,59.91,2.126114,1.413949,16.998,0.1664
3777,-100,-80.0,40,1.75,12.5,-75.18,13.2514,-100,64.49,54.79,2.363895,1.28063,12.9384,0.1852
3778,-100,-80.0,40,1.75,13.0,-74.46,13.9658,-100,60.15,61.53,2.071045,1.144315,15.6178,0.2273
3779,-100,-80.0,40,1.75,13.5,-75.45,14.3243,-100,63.24,56.72,2.28279,1.168556,11.2337,0.1568
3780,-100,-80.0,40,1.75,14.0,-74.41,14.7166,-100,62.87,57.3,2.26862,1.212639,12.9329,0.2037
3781,-100,-80.0,40,2.0,1.0,-71.69,6.0111,-89,43.54,87.16,1.123147,0.943756,29.6733,0.0098
3782,-100,-80.0,40,2.0,1.5,-71.28,6.6339,-87,43.74,86.81,1.150281,1.030483,30.3596,0.0554
3784,-100,-80.0,40,2.0,2.5,-71.28,7.4994,-91,51.86,74.31,1.564708,1.14395,22.6027,0.1571
3783,-100,-80.0,40,2.0,2.0,-70.68,6.5018,-90,43.09,87.87,1.108563,1.258854,32.4656,0.0474
3785,-100,-80.0,40,2.0,3.0,-72.05,7.6491,-92,54.2,70.69,1.57042,1.267602,25.2602,0.11
3786,-100,-80.0,40,2.0,3.5,-71.37,7.2098,-95,45.62,83.92,1.33274,1.405101,29.4396,0.1153
3788,-100,-80.0,40,2.0,4.5,-72.49,8.1944,-98,56.41,67.27,1.751882,1.204854,20.9993,0.1181
3787,-100,-80.0,40,2.0,4.0,-72.87,7.1842,-99,49.46,78.02,1.496263,0.975984,19.8599,0.1326
3789,-100,-80.0,40,2.0,5.0,-72.58,8.2722,-100,49.77,77.51,1.553512,1.144371,21.1567,0.192
3790,-100,-80.0,40,2.0,5.5,-70.9,8.8217,-100,47.94,80.31,1.469573,1.209805,24.5285,0.1915
3791,-100,-80.0,40,2.0,6.0,-70.92,9.1245,-100,51.1,75.48,1.611206,1.388676,24.7795,0.1663
3792,-100,-80.0,40,2.0,6.5,-71.27,9.6075,-100,52.04,74.04,1.626942,1.683186,27.001,0.0935
3793,-100,-80.0,40,2.0,7.0,-71.79,10.1092,-100,55.06,69.37,1.785747,1.223028,19.5916,0.2088
3794,-100,-80.0,40,2.0,7.5,-72.6,10.2686,-100,57.29,65.91,1.930747,1.079469,14.4904,0.2209
3795,-100,-80.0,40,2.0,8.0,-72.73,10.6398,-100,56.59,66.94,1.868216,1.224521,18.6441,0.1577
3796,-100,-80.0,40,2.0,8.5,-72.41,10.9456,-100,57.02,66.34,1.91623,1.213801,16.1635,0.1443
3797,-100,-80.0,40,2.0,9.0,-72.57,11.3962,-100,56.52,67.09,1.902644,0.968938,13.1624,0.2771
3798,-100,-80.0,40,2.0,9.5,-71.93,11.9786,-100,55.61,68.46,1.836792,1.075781,16.7,0.2116
3799,-100,-80.0,40,2.0,10.0,-71.82,12.0888,-100,54.52,70.17,1.749408,1.002545,16.6189,0.195
3801,-100,-80.0,40,2.0,11.0,-72.32,12.752,-100,59.33,62.78,2.035601,1.536466,19.819,0.1418
3800,-100,-80.0,40,2.0,10.5,-72.0,13.202,-100,59.29,62.8,2.028169,1.349918,18.4426,0.1868
3802,-100,-80.0,40,2.0,11.5,-71.23,14.1828,-100,60.15,61.48,2.077957,1.358635,20.1444,0.1989
3803,-100,-80.0,40,2.0,12.0,-71.15,13.9624,-100,55.14,69.21,1.808627,1.235103,20.3112,0.2216
3804,-100,-80.0,40,2.0,12.5,-70.45,14.4245,-100,54.32,70.5,1.756303,1.428138,23.2904,0.1439
3805,-100,-80.0,40,2.0,13.0,-71.96,14.1683,-100,58.56,63.94,2.015515,1.247832,15.4776,0.1922
3806,-100,-80.0,40,2.0,13.5,-71.84,15.1834,-100,58.15,64.58,1.978551,1.065147,14.2181,0.2465
3807,-100,-80.0,40,2.0,14.0,-72.64,15.0795,-100,59.25,62.86,2.055331,1.078154,12.9201,0.2594
3808,-100,-80.0,40,2.25,1.0,-70.84,6.5173,-85,36.69,97.68,1.131214,0.928147,20.2543,0.2039
3809,-100,-80.0,40,2.25,1.5,-69.14,8.4113,-88,43.84,86.65,1.298943,1.139824,22.6667,0.1359
3811,-100,-80.0,40,2.25,2.5,-70.24,8.0271,-90,45.01,84.84,1.399638,1.04653,19.0663,0.1629
3810,-100,-80.0,40,2.25,2.0,-69.32,8.6212,-88,39.88,92.79,1.193082,1.105725,26.6903,0.2024
3812,-100,-80.0,40,2.25,3.0,-68.85,8.5646,-92,40.7,91.5,1.24258,1.030133,21.2922,0.1262
3813,-100,-80.0,40,2.25,3.5,-70.07,8.3842,-94,43.91,86.52,1.319736,1.121057,24.1016,0.1324
3814,-100,-80.0,40,2.25,4.0,-68.43,7.9411,-94,40.79,91.37,1.243361,1.249985,27.3301,0.1394
3815,-100,-80.0,40,2.25,4.5,-69.53,8.5615,-99,44.06,86.3,1.357535,1.222105,25.7347,0.1713
3816,-100,-80.0,40,2.25,5.0,-70.25,9.0686,-100,48.39,79.66,1.528471,0.992926,17.8882,0.2338
3817,-100,-80.0,40,2.25,5.5,-69.01,8.9337,-100,45.97,83.41,1.41259,1.486296,26.7519,0.1188
3818,-100,-80.0,40,2.25,6.0,-69.32,9.6124,-100,49.3,78.23,1.569759,1.105367,21.756,0.2346
3819,-100,-80.0,40,2.25,6.5,-68.81,10.1505,-100,46.87,81.98,1.455631,1.242725,22.111,0.1309
3821,-100,-80.0,40,2.25,7.5,-69.5,10.3443,-100,47.21,81.45,1.500833,0.956389,16.7131,0.27
3820,-100,-80.0,40,2.25,7.0,-68.46,10.1956,-100,42.65,88.51,1.328074,0.890298,19.7499,0.2501
3822,-100,-80.0,40,2.25,8.0,-69.4,11.7136,-100,50.25,76.77,1.624971,0.95405,14.9364,0.2542
3823,-100,-80.0,40,2.25,8.5,-67.47,11.3138,-100,47.2,81.48,1.458647,1.166099,24.6316,0.2031
3826,-100,-80.0,40,2.25,10.0,-69.83,12.4929,-100,54.76,69.84,1.819072,1.127212,15.4265,0.1958
3824,-100,-80.0,40,2.25,9.0,-69.59,11.8704,-100,49.3,78.25,1.595168,0.894053,14.42,0.2983
3825,-100,-80.0,40,2.25,9.5,-69.29,12.3025,-100,52.25,73.66,1.716897,0.887524,12.3493,0.3022
3827,-100,-80.0,40,2.25,10.5,-68.71,12.8402,-100,50.19,76.87,1.609547,1.024303,17.8937,0.2332
3828,-100,-80.0,40,2.25,11.0,-68.94,13.7476,-100,52.63,73.13,1.719166,1.014133,15.6163,0.2528
3829,-100,-80.0,40,2.25,11.5,-69.28,13.7505,-100,53.11,72.36,1.740957,1.075947,16.7394,0.2124
3830,-100,-80.0,40,2.25,12.0,-67.57,14.6698,-100,49.62,77.72,1.581339,0.906729,15.5739,0.2873
3831,-100,-80.0,40,2.25,12.5,-68.77,14.7951,-100,52.59,73.19,1.717323,1.008548,14.5722,0.2459
3832,-100,-80.0,40,2.25,13.0,-68.64,14.9894,-100,52.15,73.86,1.704078,0.989141,15.7537,0.2598
3833,-100,-80.0,40,2.25,13.5,-69.06,15.2769,-100,52.38,73.5,1.713686,1.121645,16.9986,0.1893
3834,-100,-80.0,40,2.25,14.0,-69.68,15.7373,-100,55.19,69.16,1.848226,1.010484,14.5196,0.3002
3835,-100,-80.0,40,2.5,1.0,-69.06,8.1353,-82,40.44,91.91,1.271201,0.777739,14.7939,0.4303
3838,-100,-80.0,40,2.5,2.5,-68.24,8.3469,-88,37.89,95.83,1.185839,0.75811,15.2247,0.4182
3836,-100,-80.0,40,2.5,1.5,-67.37,9.1089,-85,37.68,96.16,1.160144,0.739812,12.7957,0.4495
3837,-100,-80.0,40,2.5,2.0,-66.37,9.3397,-88,39.91,92.72,1.224201,0.928673,20.4941,0.1912
3839,-100,-80.0,40,2.5,3.0,-66.87,9.0018,-90,37.47,96.48,1.184737,0.837006,18.6385,0.2737
3840,-100,-80.0,40,2.5,3.5,-67.51,9.4033,-93,40.44,91.89,1.277122,0.833077,16.6408,0.2764
3842,-100,-80.0,40,2.5,4.5,-67.2,9.1167,-98,39.67,93.09,1.246442,0.783173,16.1473,0.2984
3841,-100,-80.0,40,2.5,4.0,-67.65,9.6441,-93,37.98,95.7,1.191822,0.693178,12.109,0.451
3843,-100,-80.0,40,2.5,5.0,-67.36,9.5424,-98,41.72,89.92,1.299999,0.877328,18.5256,0.2365
3845,-100,-80.0,40,2.5,6.0,-67.15,10.8242,-100,42.3,89.04,1.342212,0.763543,13.0143,0.3594
3846,-100,-80.0,40,2.5,6.5,-65.9,11.7345,-100,45.5,84.1,1.430604,1.016312,20.074,0.2505
3844,-100,-80.0,40,2.5,5.5,-66.26,10.8746,-100,42.34,88.96,1.323963,0.866334,17.6709,0.2653
3847,-100,-80.0,40,2.5,7.0,-67.79,11.0462,-100,45.55,84.01,1.456317,0.820808,12.8105,0.3076
3849,-100,-80.0,40,2.5,8.0,-66.34,12.0389,-100,47.39,81.21,1.514072,0.856704,14.0542,0.2915
3850,-100,-80.0,40,2.5,8.5,-66.66,12.4859,-100,44.36,85.88,1.391341,1.052675,20.3693,0.2061
3848,-100,-80.0,40,2.5,7.5,-65.64,11.4378,-100,41.8,89.76,1.32425,0.798105,15.2602,0.3266
3851,-100,-80.0,40,2.5,9.0,-67.2,12.6862,-100,48.22,79.91,1.539905,1.002316,15.1331,0.1983
3852,-100,-80.0,40,2.5,9.5,-66.67,12.9024,-100,46.18,83.06,1.485889,0.913901,14.9537,0.2688
3854,-100,-80.0,40,2.5,10.5,-65.42,14.4127,-100,50.3,76.69,1.610162,1.105186,20.4048,0.2944
3853,-100,-80.0,40,2.5,10.0,-67.29,13.0325,-100,47.43,81.15,1.526401,0.787515,11.327,0.3659
3855,-100,-80.0,40,2.5,11.0,-66.72,13.2164,-100,46.62,82.35,1.482347,0.972984,16.4954,0.2348
3858,-100,-80.0,40,2.5,12.5,-66.86,15.2104,-100,52.61,73.15,1.720257,1.183038,18.8669,0.2003
3856,-100,-80.0,40,2.5,11.5,-66.8,14.5064,-100,50.0,77.18,1.618311,0.812363,10.8705,0.4096
3857,-100,-80.0,40,2.5,12.0,-66.31,15.3748,-100,51.94,74.14,1.701893,0.999267,15.2382,0.2749
3859,-100,-80.0,40,2.5,13.0,-66.4,15.54,-100,48.45,79.52,1.54941,0.889715,13.6304,0.2488
3860,-100,-80.0,40,2.5,13.5,-65.91,16.5517,-100,51.59,74.7,1.693584,0.902554,11.7178,0.3116
3861,-100,-80.0,40,2.5,14.0,-65.73,16.5469,-100,50.26,76.74,1.630303,0.851532,12.4383,0.3075
3862,-100,-80.0,40,2.75,1.0,-64.7,9.7895,-82,31.81,105.19,1.025612,0.613024,10.6161,0.5007
3863,-100,-80.0,40,2.75,1.5,-64.95,10.579,-84,34.45,101.16,1.10283,0.608549,8.2897,0.5463
3864,-100,-80.0,40,2.75,2.0,-65.49,9.4423,-87,35.46,99.57,1.108578,0.710505,15.8268,0.4219
3865,-100,-80.0,40,2.75,2.5,-65.33,9.9276,-87,37.62,96.26,1.17312,0.747984,16.1094,0.4394
3866,-100,-80.0,40,2.75,3.0,-64.15,9.7851,-88,38.18,95.44,1.199192,0.845444,17.9909,0.3225
3867,-100,-80.0,40,2.75,3.5,-64.29,10.1084,-91,32.72,103.85,1.056821,0.637132,12.7526,0.4606
3868,-100,-80.0,40,2.75,4.0,-64.21,10.6476,-93,33.09,103.27,1.06099,0.719549,16.3203,0.3631
3869,-100,-80.0,40,2.75,4.5,-65.22,9.9453,-97,37.6,96.28,1.174926,0.709029,12.8127,0.456
3870,-100,-80.0,40,2.75,5.0,-64.13,10.5197,-100,35.7,99.21,1.131197,0.768918,16.8876,0.3438
3871,-100,-80.0,40,2.75,5.5,-65.41,11.2432,-99,40.54,91.78,1.287969,0.716069,10.4835,0.4021
3872,-100,-80.0,40,2.75,6.0,-64.59,11.2936,-100,40.75,91.45,1.265259,0.787241,14.2156,0.3203
3873,-100,-80.0,40,2.75,6.5,-62.89,11.9914,-100,43.59,87.04,1.370392,0.992183,21.3085,0.2637
3874,-100,-80.0,40,2.75,7.0,-64.67,11.5967,-100,39.6,93.2,1.245175,0.834904,18.4201,0.2861
3875,-100,-80.0,40,2.75,7.5,-64.51,12.0584,-100,38.91,94.27,1.238232,0.709306,12.5191,0.3623
3876,-100,-80.0,40,2.75,8.0,-63.72,12.6089,-100,41.9,89.62,1.307336,0.890647,15.7598,0.2802
3878,-100,-80.0,40,2.75,9.0,-64.95,13.2892,-100,42.86,88.17,1.346172,0.828575,15.6539,0.3002
3877,-100,-80.0,40,2.75,8.5,-64.3,12.4882,-100,42.5,88.71,1.334931,0.755997,11.3643,0.3499
3880,-100,-80.0,40,2.75,10.0,-63.7,14.3493,-100,46.41,82.7,1.494259,0.797771,11.7852,0.3252
3879,-100,-80.0,40,2.75,9.5,-63.87,13.2714,-100,41.38,90.47,1.301039,0.792528,14.8003,0.3229
3882,-100,-80.0,40,2.75,11.0,-64.53,14.5621,-100,45.28,84.45,1.436839,0.777754,12.2181,0.3743
3881,-100,-80.0,40,2.75,10.5,-63.66,14.3778,-100,44.63,85.45,1.418528,0.781532,12.0014,0.3415
3883,-100,-80.0,40,2.75,11.5,-62.44,15.5255,-100,43.45,87.27,1.352565,0.915609,19.6425,0.29
3884,-100,-80.0,40,2.75,12.0,-61.88,15.9104,-100,44.59,85.51,1.42298,0.79602,14.8956,0.4123
3885,-100,-80.0,40,2.75,12.5,-64.78,15.5144,-100,44.42,85.75,1.409096,0.766887,12.1309,0.3735
3886,-100,-80.0,40,2.75,13.0,-62.11,16.5704,-100,44.82,85.14,1.410114,0.884265,16.495,0.2829
3887,-100,-80.0,40,2.75,13.5,-63.65,16.6656,-100,48.15,80.03,1.550033,0.885002,12.6619,0.2654
3888,-100,-80.0,40,2.75,14.0,-63.48,16.9775,-100,47.49,81.02,1.519978,0.782134,10.9528,0.3585
3889,-100,-80.0,40,3.0,1.0,-60.02,10.6321,-82,35.7,99.2,1.121891,0.688953,13.2924,0.4647
3890,-100,-80.0,40,3.0,1.5,-63.26,10.4749,-81,33.82,102.07,1.046943,0.631578,9.9802,0.4693
3891,-100,-80.0,40,3.0,2.0,-62.73,10.4052,-83,34.56,100.98,1.108899,0.633118,9.1516,0.4754
3892,-100,-80.0,40,3.0,2.5,-62.35,11.3634,-86,34.34,101.33,1.072606,0.614059,9.2994,0.5468
3894,-100,-80.0,40,3.0,3.5,-61.76,11.9021,-89,33.19,103.08,1.061433,0.60717,8.724,0.5521
3893,-100,-80.0,40,3.0,3.0,-61.6,12.0447,-88,34.53,101.06,1.082039,0.663264,10.4242,0.4775
3895,-100,-80.0,40,3.0,4.0,-62.3,11.3659,-91,37.52,96.41,1.183545,0.679272,10.0137,0.4615
3897,-100,-80.0,40,3.0,5.0,-62.03,11.3296,-92,34.11,101.65,1.080111,0.739246,17.1774,0.443
3896,-100,-80.0,40,3.0,4.5,-61.74,11.5381,-91,32.93,103.49,1.065978,0.629498,12.0854,0.5157
3898,-100,-80.0,40,3.0,5.5,-62.24,11.8864,-96,38.18,95.39,1.20704,0.730296,14.4147,0.4455
3899,-100,-80.0,40,3.0,6.0,-61.35,12.5254,-100,34.95,100.39,1.118414,0.648149,10.9269,0.472
3900,-100,-80.0,40,3.0,6.5,-61.62,12.4168,-97,35.15,100.08,1.112465,0.629865,11.0363,0.5175
3901,-100,-80.0,40,3.0,7.0,-60.76,12.6185,-100,40.7,91.44,1.233142,0.75597,13.8224,0.4404
3902,-100,-80.0,40,3.0,7.5,-60.63,13.42,-100,39.15,93.86,1.235128,0.803961,15.596,0.3162
3904,-100,-80.0,40,3.0,8.5,-59.61,14.2878,-100,39.01,94.07,1.24315,0.724039,14.2885,0.4179
3903,-100,-80.0,40,3.0,8.0,-61.23,12.8349,-100,36.73,97.62,1.167416,0.587989,5.5655,0.5563
3906,-100,-80.0,40,3.0,9.5,-60.55,14.1726,-100,38.15,95.44,1.192231,0.76438,16.1806,0.3682
3905,-100,-80.0,40,3.0,9.0,-60.63,13.4432,-100,38.99,94.15,1.215,0.772134,15.1204,0.3754
3907,-100,-80.0,40,3.0,10.0,-61.33,14.8025,-100,38.5,94.9,1.206791,0.668747,10.7102,0.4371
3908,-100,-80.0,40,3.0,10.5,-60.02,14.8687,-100,39.75,92.98,1.255182,0.677358,9.7793,0.4397
3909,-100,-80.0,40,3.0,11.0,-60.21,14.4187,-100,40.46,91.86,1.254033,0.874522,18.0321,0.3428
3910,-100,-80.0,40,3.0,11.5,-61.9,15.3806,-100,41.65,89.99,1.321019,0.755207,13.7026,0.4046
3911,-100,-80.0,40,3.0,12.0,-59.41,16.496,-100,41.16,90.77,1.280835,0.840841,17.1436,0.3211
3912,-100,-80.0,40,3.0,12.5,-59.5,16.599,-100,42.64,88.5,1.332873,0.811274,14.7651,0.333
3913,-100,-80.0,40,3.0,13.0,-59.81,16.4795,-100,42.87,88.14,1.347719,0.970658,19.659,0.2439
3914,-100,-80.0,40,3.0,13.5,-61.13,16.9339,-100,46.88,81.96,1.502375,0.846359,13.949,0.3922
3915,-100,-80.0,40,3.0,14.0,-60.06,17.5405,-100,43.21,87.6,1.34998,0.811045,15.3325,0.3396
3916,-100,-80.0,40,3.25,1.0,-58.93,11.1591,-79,33.2,103.08,1.044342,0.599805,7.278,0.5279
3918,-100,-80.0,40,3.25,2.0,-58.37,10.8637,-81,36.41,98.14,1.141181,0.821683,18.0982,0.3744
3917,-100,-80.0,40,3.25,1.5,-58.81,11.7628,-81,31.44,105.72,1.016975,0.577576,8.5003,0.5797
3919,-100,-80.0,40,3.25,2.5,-57.6,12.467,-87,35.1,100.17,1.10842,0.703604,12.1879,0.4276
3920,-100,-80.0,40,3.25,3.0,-58.94,12.0515,-86,33.5,102.6,1.081729,0.65342,12.1788,0.5079
3921,-100,-80.0,40,3.25,3.5,-59.05,11.9927,-86,34.49,101.08,1.106051,0.763821,17.1139,0.4149
3922,-100,-80.0,40,3.25,4.0,-58.45,12.5912,-88,34.11,101.68,1.08178,0.643355,11.5364,0.5044
3924,-100,-80.0,40,3.25,5.0,-58.04,12.0685,-93,35.01,100.28,1.119606,0.681138,12.3985,0.4494
3923,-100,-80.0,40,3.25,4.5,-57.86,12.1456,-88,32.75,103.76,1.053086,0.637262,10.5015,0.5084
3925,-100,-80.0,40,3.25,5.5,-59.75,12.2707,-96,33.1,103.19,1.034942,0.675611,14.3333,0.4255
3926,-100,-80.0,40,3.25,6.0,-57.64,13.1776,-95,35.22,99.96,1.059552,0.707269,15.0571,0.3844
3927,-100,-80.0,40,3.25,6.5,-58.6,13.5614,-99,33.24,103.0,1.049927,0.651721,13.2225,0.4797
3928,-100,-80.0,40,3.25,7.0,-58.35,13.4884,-100,36.01,98.77,1.139228,0.656746,10.6557,0.4522
3930,-100,-80.0,40,3.25,8.0,-57.69,13.6217,-100,35.01,100.26,1.085887,0.760089,17.466,0.4099
3929,-100,-80.0,40,3.25,7.5,-58.92,13.5204,-98,37.1,97.01,1.147824,0.673751,11.6909,0.4347
3931,-100,-80.0,40,3.25,8.5,-60.2,13.9584,-100,39.92,92.71,1.266299,0.828935,17.4931,0.3836
3933,-100,-80.0,40,3.25,9.5,-59.55,14.9801,-100,37.53,96.31,1.190536,0.606905,6.7345,0.5082
3932,-100,-80.0,40,3.25,9.0,-59.17,14.8382,-100,37.28,96.74,1.166321,0.671392,11.2604,0.4432
3934,-100,-80.0,40,3.25,10.0,-57.63,15.5066,-100,38.79,94.49,1.214744,0.750351,14.7211,0.3623
3936,-100,-80.0,40,3.25,11.0,-57.83,15.3867,-100,36.91,97.32,1.175266,0.685314,12.6537,0.4013
3935,-100,-80.0,40,3.25,10.5,-57.84,15.3638,-100,35.09,100.17,1.11506,0.695345,13.388,0.3913
3937,-100,-80.0,40,3.25,11.5,-58.55,16.089,-100,38.41,95.02,1.217692,0.638278,8.5637,0.4683
3938,-100,-80.0,40,3.25,12.0,-58.07,16.2453,-100,38.19,95.38,1.21615,0.768847,16.5404,0.3756
3939,-100,-80.0,40,3.25,12.5,-58.72,17.5396,-100,44.37,85.82,1.416409,0.751446,9.8753,0.4128
3940,-100,-80.0,40,3.25,13.0,-56.9,16.4753,-100,38.36,95.14,1.182142,0.843419,19.5829,0.3138
3941,-100,-80.0,40,3.25,13.5,-56.72,17.8771,-100,39.73,93.0,1.264958,0.754221,13.3586,0.3111
3942,-100,-80.0,40,3.25,14.0,-57.76,17.8768,-100,42.12,89.34,1.334834,0.72038,11.7918,0.409
3943,-100,-80.0,40,3.5,1.0,-53.65,12.8952,-75,35.01,100.34,1.077999,0.726215,14.8795,0.394
3944,-100,-80.0,40,3.5,1.5,-56.66,12.5045,-77,32.52,104.15,1.025783,0.623105,11.4466,0.5318
3945,-100,-80.0,40,3.5,2.0,-55.44,11.8936,-79,31.87,105.16,1.022265,0.603598,8.3906,0.5737
3946,-100,-80.0,40,3.5,2.5,-56.09,12.0537,-80,32.37,104.32,1.037222,0.59082,7.8451,0.5529
3948,-100,-80.0,40,3.5,3.5,-55.14,12.5177,-84,29.7,108.46,0.957733,0.575141,11.146,0.5222
3947,-100,-80.0,40,3.5,3.0,-55.26,13.8611,-84,34.89,100.47,1.082184,0.637151,10.8668,0.4823
3949,-100,-80.0,40,3.5,4.0,-55.15,13.5702,-88,33.71,102.27,1.087238,0.689733,14.3619,0.456
3950,-100,-80.0,40,3.5,4.5,-55.03,13.6061,-90,32.63,103.96,1.038618,0.613982,9.9917,0.5385
3951,-100,-80.0,40,3.5,5.0,-54.01,13.7538,-89,34.78,100.64,1.115646,0.680696,13.4128,0.4818
3952,-100,-80.0,40,3.5,5.5,-55.84,14.3459,-92,35.22,99.94,1.094847,0.738409,17.0167,0.4102
3954,-100,-80.0,40,3.5,6.5,-56.13,14.9048,-95,34.02,101.79,1.088302,0.643936,11.2278,0.4696
3953,-100,-80.0,40,3.5,6.0,-54.34,14.9792,-94,33.9,101.99,1.060883,0.721502,16.1861,0.4179
3955,-100,-80.0,40,3.5,7.0,-56.69,14.8543,-100,37.91,95.83,1.206711,0.731094,12.1922,0.3984
3957,-100,-80.0,40,3.5,8.0,-54.98,14.0807,-100,31.86,105.13,0.999073,0.593378,10.9323,0.4799
3956,-100,-80.0,40,3.5,7.5,-54.14,14.2415,-99,33.79,102.17,1.068401,0.602559,9.1522,0.5002
3958,-100,-80.0,40,3.5,8.5,-55.88,15.4142,-100,35.88,98.98,1.11406,0.624897,9.2447,0.4903
3960,-100,-80.0,40,3.5,9.5,-55.38,15.8041,-100,36.06,98.67,1.133134,0.710353,13.8821,0.3951
3959,-100,-80.0,40,3.5,9.0,-55.44,15.007,-100,34.02,101.81,1.099345,0.608478,8.8851,0.5031
3961,-100,-80.0,40,3.5,10.0,-54.05,16.2556,-100,35.23,99.96,1.140257,0.644277,12.1526,0.4946
3962,-100,-80.0,40,3.5,10.5,-52.58,16.1616,-100,36.65,97.75,1.148066,0.882827,21.5093,0.359
3963,-100,-80.0,40,3.5,11.0,-54.51,16.9597,-100,35.25,99.9,1.121396,0.705999,14.643,0.3654
3964,-100,-80.0,40,3.5,11.5,-55.53,17.1109,-100,37.82,95.94,1.199087,0.612431,5.858,0.5009
3966,-100,-80.0,40,3.5,12.5,-53.28,17.3749,-100,41.95,89.57,1.295307,0.959056,20.8156,0.3088
3965,-100,-80.0,40,3.5,12.0,-54.75,17.6914,-100,39.23,93.74,1.235448,0.732533,13.44,0.428
3967,-100,-80.0,40,3.5,13.0,-54.72,18.1135,-100,36.72,97.61,1.172967,0.624252,8.6039,0.5049
3968,-100,-80.0,40,3.5,13.5,-54.88,18.266,-100,37.88,95.84,1.213454,0.633248,9.6777,0.4568
3969,-100,-80.0,40,3.5,14.0,-55.33,18.5276,-100,38.82,94.4,1.219498,0.645616,10.4886,0.46
3970,-100,-80.0,40,3.75,1.0,-51.66,12.8812,-73,33.1,103.24,1.046415,0.631097,10.5313,0.4841
3971,-100,-80.0,40,3.75,1.5,-53.38,13.4444,-76,35.39,99.69,1.138405,0.617759,7.7414,0.5337
3972,-100,-80.0,40,3.75,2.0,-53.64,13.5006,-78,35.49,99.5,1.121171,0.669047,10.0285,0.4645
3974,-100,-80.0,40,3.75,3.0,-52.79,12.3486,-81,34.09,101.68,1.098182,0.686383,13.5577,0.5239
3973,-100,-80.0,40,3.75,2.5,-52.91,12.9156,-82,31.72,105.35,1.001052,0.569501,8.4574,0.5543
3975,-100,-80.0,40,3.75,3.5,-52.08,14.2633,-84,34.87,100.47,1.09722,0.736636,15.2721,0.3478
3976,-100,-80.0,40,3.75,4.0,-52.66,14.4093,-84,32.87,103.61,1.0112,0.613688,10.5774,0.4398
3977,-100,-80.0,40,3.75,4.5,-52.92,15.2945,-87,31.55,105.61,1.038673,0.619625,11.68,0.5475
3978,-100,-80.0,40,3.75,5.0,-53.52,14.0052,-90,32.76,103.76,1.055994,0.594809,7.9616,0.5783
3979,-100,-80.0,40,3.75,5.5,-51.43,14.2908,-87,33.05,103.26,1.062857,0.607802,9.543,0.5854
3980,-100,-80.0,40,3.75,6.0,-52.44,15.5246,-92,36.61,97.83,1.165556,0.778279,16.8836,0.3957
3981,-100,-80.0,40,3.75,6.5,-51.91,14.4044,-98,36.44,98.03,1.160562,0.757386,16.2873,0.4511
3982,-100,-80.0,40,3.75,7.0,-52.86,14.9298,-99,34.0,101.86,1.057568,0.687032,14.3884,0.4177
3983,-100,-80.0,40,3.75,7.5,-52.72,16.5864,-95,34.43,101.14,1.095128,0.640958,10.8109,0.5192
3984,-100,-80.0,40,3.75,8.0,-52.08,14.5574,-100,33.72,102.29,1.072483,0.628903,10.7708,0.5006
3985,-100,-80.0,40,3.75,8.5,-51.72,15.9605,-100,34.23,101.48,1.092766,0.68688,13.1698,0.4439
3986,-100,-80.0,40,3.75,9.0,-52.5,16.403,-100,34.6,100.9,1.104505,0.655554,11.171,0.4485
3987,-100,-80.0,40,3.75,9.5,-52.03,16.4166,-100,33.98,101.86,1.0659,0.606426,8.5485,0.5322
3988,-100,-80.0,40,3.75,10.0,-51.19,17.327,-100,35.34,99.81,1.127518,0.634726,10.433,0.4887
3989,-100,-80.0,40,3.75,10.5,-51.64,16.9555,-100,34.1,101.67,1.100504,0.622925,10.4437,0.5264
3990,-100,-80.0,40,3.75,11.0,-52.8,16.6945,-100,35.43,99.65,1.128323,0.595725,7.2345,0.5631
3991,-100,-80.0,40,3.75,11.5,-52.83,17.6769,-100,38.37,95.06,1.219506,0.772563,16.0713,0.4188
3992,-100,-80.0,40,3.75,12.0,-52.73,18.3038,-100,36.31,98.26,1.15502,0.639709,8.8301,0.4689
3993,-100,-80.0,40,3.75,12.5,-53.31,17.6793,-100,36.39,98.17,1.141612,0.711938,14.4215,0.3496
3994,-100,-80.0,40,3.75,13.0,-52.03,18.2062,-100,37.46,96.53,1.178491,0.680768,10.9152,0.4473
3995,-100,-80.0,40,3.75,13.5,-52.2,18.4332,-100,36.5,97.94,1.144379,0.65416,11.6933,0.4169
3996,-100,-80.0,40,3.75,14.0,-52.22,18.8844,-100,37.16,96.95,1.175539,0.779729,17.2345,0.3769
3997,-100,-80.0,40,4.0,1.0,-51.23,14.3204,-75,32.17,104.66,1.014188,0.640448,12.1407,0.4803
3998,-100,-80.0,40,4.0,1.5,-51.54,14.2519,-75,36.21,98.42,1.158662,0.693477,11.5365,0.4833
3999,-100,-80.0,40,4.0,2.0,-49.57,13.9138,-75,34.48,101.1,1.056277,0.624044,8.1151,0.5557
4000,-100,-80.0,40,4.0,2.5,-49.3,14.5654,-76,30.9,106.62,0.978587,0.617349,12.0377,0.425
4001,-100,-80.0,40,4.0,3.0,-49.36,14.3395,-80,33.59,102.49,1.074333,0.660129,11.8516,0.5047
4002,-100,-80.0,40,4.0,3.5,-49.11,14.8927,-80,33.5,102.62,1.063622,0.66903,12.3416,0.4899
4003,-100,-80.0,40,4.0,4.0,-49.43,14.9959,-84,33.07,103.33,1.054027,0.66892,12.956,0.4711
4004,-100,-80.0,40,4.0,4.5,-48.99,15.673,-85,28.75,109.97,0.93761,0.522757,8.1509,0.5972
4005,-100,-80.0,40,4.0,5.0,-48.8,14.6998,-84,32.28,104.47,1.05143,0.586084,7.2005,0.5626
4006,-100,-80.0,40,4.0,5.5,-48.61,15.3938,-89,30.01,108.05,0.978096,0.541624,5.8972,0.625
4007,-100,-80.0,40,4.0,6.0,-49.02,15.2744,-93,34.35,101.33,1.063118,0.620508,9.8545,0.5375
4008,-100,-80.0,40,4.0,6.5,-51.23,15.6482,-94,30.95,106.56,1.006673,0.582512,7.6963,0.5758
4010,-100,-80.0,40,4.0,7.5,-49.72,16.5024,-94,31.81,105.27,1.023046,0.591023,9.7011,0.4892
4009,-100,-80.0,40,4.0,7.0,-49.6,16.5813,-95,30.71,106.85,0.988172,0.561401,8.2817,0.5475
4011,-100,-80.0,40,4.0,8.0,-49.22,16.4341,-100,34.43,101.16,1.070045,0.603718,8.7512,0.5729
4012,-100,-80.0,40,4.0,8.5,-48.87,17.3993,-98,32.88,103.54,1.045579,0.621444,9.9343,0.4951
4013,-100,-80.0,40,4.0,9.0,-49.84,16.8155,-100,34.6,100.91,1.095493,0.614321,8.5631,0.5184
4015,-100,-80.0,40,4.0,10.0,-49.07,17.9982,-100,34.38,101.27,1.097936,0.636532,9.6149,0.5208
4014,-100,-80.0,40,4.0,9.5,-50.38,17.5609,-100,31.05,106.36,1.007521,0.557092,7.9062,0.5413
4016,-100,-80.0,40,4.0,10.5,-49.16,17.5404,-100,33.61,102.46,1.091562,0.630145,10.7921,0.5164
4017,-100,-80.0,40,4.0,11.0,-47.9,17.6948,-100,34.03,101.78,1.070943,0.699924,15.2675,0.3906
4018,-100,-80.0,40,4.0,11.5,-47.78,18.3287,-100,36.32,98.25,1.118369,0.674136,11.7813,0.4487
4019,-100,-80.0,40,4.0,12.0,-49.36,18.4417,-100,35.01,100.31,1.097726,0.611913,8.8358,0.4833
4020,-100,-80.0,40,4.0,12.5,-49.13,18.6559,-100,34.8,100.6,1.090965,0.597794,8.3774,0.5345
4021,-100,-80.0,40,4.0,13.0,-48.34,19.5338,-100,35.72,99.19,1.140068,0.658739,10.4991,0.4724
4022,-100,-80.0,40,4.0,13.5,-48.56,20.0977,-100,33.7,102.29,1.081846,0.570838,5.7335,0.5378
4023,-100,-80.0,40,4.0,14.0,-48.33,20.269,-100,35.96,98.84,1.143472,0.626492,9.2721,0.427
4024,-100,-80.0,40,4.25,1.0,-45.89,14.8858,-70,32.39,104.33,1.012232,0.605566,10.9727,0.5171
4025,-100,-80.0,40,4.25,1.5,-45.7,15.2782,-74,35.7,99.22,1.132306,0.701675,13.1451,0.4513
4026,-100,-80.0,40,4.25,2.0,-46.28,15.7422,-77,31.98,104.97,1.036697,0.595073,9.0347,0.5118
4027,-100,-80.0,40,4.25,2.5,-44.95,14.907,-75,30.5,107.25,1.005068,0.583142,9.4525,0.513
4029,-100,-80.0,40,4.25,3.5,-44.63,15.7467,-81,31.47,105.77,1.001534,0.687189,16.3629,0.444
4028,-100,-80.0,40,4.25,3.0,-45.36,15.0494,-75,31.07,106.34,1.01395,0.592204,9.6936,0.5598
4030,-100,-80.0,40,4.25,4.0,-45.68,15.2081,-79,31.12,106.29,1.013473,0.568069,7.5352,0.5673
4031,-100,-80.0,40,4.25,4.5,-46.19,15.9593,-82,33.37,102.76,1.07839,0.609625,8.1622,0.4896
4032,-100,-80.0,40,4.25,5.0,-46.58,15.9471,-87,30.55,107.17,0.984783,0.541054,5.7926,0.626
4033,-100,-80.0,40,4.25,5.5,-46.64,16.4628,-89,31.31,105.99,1.030722,0.566425,7.1685,0.6077
4034,-100,-80.0,40,4.25,6.0,-48.01,15.3202,-88,34.18,101.51,1.069467,0.607219,9.089,0.517
4035,-100,-80.0,40,4.25,6.5,-44.73,16.7486,-88,30.75,106.87,0.981724,0.610827,11.5662,0.5161
4036,-100,-80.0,40,4.25,7.0,-45.94,17.1006,-92,31.97,104.98,1.018187,0.600175,8.9424,0.5607
4037,-100,-80.0,40,4.25,7.5,-47.17,16.1703,-92,33.07,103.27,1.0639,0.664723,13.6737,0.5256
4039,-100,-80.0,40,4.25,8.5,-46.62,16.8106,-100,30.14,107.78,0.969767,0.610944,11.7137,0.5338
4038,-100,-80.0,40,4.25,8.0,-46.55,17.8282,-99,32.63,103.93,1.051212,0.584289,6.4171,0.5498
4040,-100,-80.0,40,4.25,9.0,-46.69,18.32,-99,35.72,99.21,1.091095,0.680323,13.1488,0.4614
4041,-100,-80.0,40,4.25,9.5,-45.84,17.5195,-100,33.88,102.0,1.078267,0.65132,11.5171,0.4496
4042,-100,-80.0,40,4.25,10.0,-46.95,18.3433,-100,29.64,108.55,0.960712,0.540351,9.8547,0.5714
4043,-100,-80.0,40,4.25,10.5,-46.08,17.869,-100,34.37,101.28,1.083245,0.585337,6.0545,0.5398
4044,-100,-80.0,40,4.25,11.0,-45.66,19.1065,-100,33.74,102.26,1.079353,0.643298,11.3783,0.4852
4045,-100,-80.0,40,4.25,11.5,-45.93,19.107,-100,36.14,98.54,1.124915,0.806162,18.4386,0.3146
4046,-100,-80.0,40,4.25,12.0,-46.2,19.116,-100,32.17,104.7,1.034481,0.55861,5.9835,0.5426
4047,-100,-80.0,40,4.25,12.5,-45.89,19.4106,-100,32.88,103.56,1.049279,0.640885,11.6988,0.5479
4048,-100,-80.0,40,4.25,13.0,-44.89,19.2913,-100,34.4,101.21,1.108307,0.621878,9.2323,0.49
4050,-100,-80.0,40,4.25,14.0,-47.33,21.4189,-100,37.58,96.28,1.203496,0.751061,15.15,0.4487
4049,-100,-80.0,40,4.25,13.5,-45.76,19.9593,-100,35.53,99.44,1.140041,0.69257,13.2229,0.451
4051,-100,-80.0,40,4.5,1.0,-42.04,16.109,-67,35.5,99.54,1.097151,0.638939,8.8019,0.5125
4052,-100,-80.0,40,4.5,1.5,-43.25,16.2908,-69,33.04,103.36,1.057146,0.631333,10.0138,0.4585
4053,-100,-80.0,40,4.5,2.0,-43.27,16.0533,-72,32.84,103.57,1.056269,0.574979,5.8711,0.5847
4054,-100,-80.0,40,4.5,2.5,-43.12,16.1037,-74,31.36,105.89,1.012899,0.646354,14.058,0.481
4055,-100,-80.0,40,4.5,3.0,-42.21,17.7871,-75,34.31,101.37,1.093407,0.702079,14.5399,0.4385
4057,-100,-80.0,40,4.5,4.0,-41.34,16.4865,-77,30.48,107.31,0.997207,0.560975,7.1501,0.5923
4056,-100,-80.0,40,4.5,3.5,-42.22,17.2775,-77,30.31,107.55,0.970606,0.565373,7.7929,0.543
4059,-100,-80.0,40,4.5,5.0,-41.88,17.0265,-80,34.07,101.76,1.106467,0.661028,12.7536,0.5112
4058,-100,-80.0,40,4.5,4.5,-41.81,16.5735,-79,32.31,104.44,1.05093,0.617575,11.1402,0.5204
4060,-100,-80.0,40,4.5,5.5,-42.22,17.313,-83,31.59,105.63,1.007879,0.633477,12.1231,0.4777
4062,-100,-80.0,40,4.5,6.5,-41.42,17.5205,-89,33.51,102.56,1.005339,0.657346,14.3069,0.4438
4061,-100,-80.0,40,4.5,6.0,-42.8,17.8693,-86,28.82,109.82,0.944873,0.540121,6.2239,0.5771
4063,-100,-80.0,40,4.5,7.0,-42.15,18.4671,-91,33.6,102.47,1.0829,0.632967,10.8391,0.5069
4064,-100,-80.0,40,4.5,7.5,-42.22,17.6597,-92,32.7,103.89,1.046342,0.733565,18.2512,0.4477
4065,-100,-80.0,40,4.5,8.0,-42.91,18.0964,-91,34.7,100.74,1.107943,0.753402,17.77,0.4588
4066,-100,-80.0,40,4.5,8.5,-43.76,17.9216,-95,32.96,103.47,1.04969,0.592768,9.4193,0.5332
4068,-100,-80.0,40,4.5,9.5,-45.67,18.8712,-100,35.75,99.12,1.12084,0.754732,16.1797,0.4014
4067,-100,-80.0,40,4.5,9.0,-42.76,19.1193,-99,32.84,103.6,1.06878,0.636082,11.7467,0.52
4069,-100,-80.0,40,4.5,10.0,-44.55,19.0351,-100,32.4,104.33,1.038505,0.604027,10.8704,0.4494
4070,-100,-80.0,40,4.5,10.5,-43.03,19.6857,-100,31.24,106.12,1.006324,0.553614,8.26,0.5315
4071,-100,-80.0,40,4.5,11.0,-42.84,19.3723,-100,31.24,106.11,0.998368,0.588277,9.9264,0.5409
4072,-100,-80.0,40,4.5,11.5,-43.0,19.6611,-100,33.66,102.34,1.066805,0.639688,10.9356,0.4596
4073,-100,-80.0,40,4.5,12.0,-44.13,20.6421,-100,31.45,105.75,1.024419,0.57963,9.628,0.4962
4074,-100,-80.0,40,4.5,12.5,-41.65,20.3974,-100,32.07,104.81,1.028698,0.616582,11.4285,0.5026
4076,-100,-80.0,40,4.5,13.5,-43.34,21.1347,-100,39.71,93.02,1.260099,0.780207,13.9337,0.4222
4077,-100,-80.0,40,4.5,14.0,-44.87,21.047,-100,38.2,95.38,1.203168,0.758538,15.7821,0.3984
4075,-100,-80.0,40,4.5,13.0,-44.31,19.4328,-100,31.04,106.4,0.985074,0.689395,17.0835,0.477
4078,-100,-80.0,40,4.75,1.0,-38.7,17.8979,-67,35.64,99.38,1.079974,0.698778,14.0943,0.4436
4079,-100,-80.0,40,4.75,1.5,-37.36,17.1676,-71,31.92,105.04,1.034901,0.667901,14.3021,0.4829
4081,-100,-80.0,40,4.75,2.5,-41.51,15.758,-71,31.92,105.05,1.007325,0.61419,8.8556,0.5075
4080,-100,-80.0,40,4.75,2.0,-41.08,17.0451,-71,31.15,106.25,1.02635,0.571918,8.3479,0.5685
4082,-100,-80.0,40,4.75,3.0,-39.83,17.8485,-74,32.87,103.53,1.049412,0.679804,13.1405,0.423
4083,-100,-80.0,40,4.75,3.5,-40.35,16.9848,-74,29.49,108.85,0.964544,0.526503,5.356,0.6201
4084,-100,-80.0,40,4.75,4.0,-41.83,17.4319,-77,34.74,100.73,1.124654,0.660998,11.0656,0.4886
4085,-100,-80.0,40,4.75,4.5,-38.58,18.2914,-78,32.64,103.92,1.019766,0.618049,11.4725,0.5037
4086,-100,-80.0,40,4.75,5.0,-40.86,17.9502,-87,32.52,104.12,1.062279,0.563268,4.3203,0.6099
4087,-100,-80.0,40,4.75,5.5,-40.04,18.4358,-85,32.31,104.44,1.039517,0.648348,11.9578,0.4458
4088,-100,-80.0,40,4.75,6.0,-37.59,17.5795,-84,33.35,102.85,1.052783,0.709825,15.6683,0.4555
4089,-100,-80.0,40,4.75,6.5,-40.52,17.4787,-91,30.98,106.49,1.005155,0.608623,11.0757,0.4944
4090,-100,-80.0,40,4.75,7.0,-40.78,19.1831,-100,30.61,107.07,1.002933,0.593817,10.0589,0.4855
4091,-100,-80.0,40,4.75,7.5,-39.88,18.5009,-91,34.65,100.82,1.083329,0.630159,10.8166,0.4579
4092,-100,-80.0,40,4.75,8.0,-40.73,18.1279,-88,32.99,103.4,1.060137,0.651931,12.844,0.4347
4093,-100,-80.0,40,4.75,8.5,-37.75,19.8586,-92,32.95,103.45,1.031206,0.617334,9.9995,0.4855
4094,-100,-80.0,40,4.75,9.0,-40.05,19.4897,-97,33.29,102.96,1.06905,0.606669,8.5644,0.5081
4095,-100,-80.0,40,4.75,9.5,-38.56,19.4537,-94,31.27,106.04,1.001166,0.633138,12.122,0.4916
4096,-100,-80.0,40,4.75,10.0,-38.89,19.66,-100,29.76,108.37,0.962559,0.609524,13.0154,0.4508
4097,-100,-80.0,40,4.75,10.5,-40.34,19.519,-100,34.29,101.39,1.09583,0.677864,13.0756,0.4535
4098,-100,-80.0,40,4.75,11.0,-39.63,20.3702,-100,32.84,103.64,1.068824,0.637751,13.0091,0.5143
4101,-100,-80.0,40,4.75,12.5,-41.0,20.8559,-100,34.22,101.54,1.085929,0.706973,14.9573,0.4584
4099,-100,-80.0,40,4.75,11.5,-40.51,20.2944,-100,33.16,103.15,1.032113,0.596366,8.5662,0.5381
4100,-100,-80.0,40,4.75,12.0,-39.21,21.1335,-100,31.47,105.76,1.029131,0.557212,6.0232,0.5677
4102,-100,-80.0,40,4.75,13.0,-41.52,21.3953,-100,35.68,99.27,1.137741,0.661204,11.0593,0.5321
4104,-100,-80.0,40,4.75,14.0,-40.49,20.8557,-100,36.39,98.15,1.147475,0.660246,11.4394,0.5066
4103,-100,-80.0,40,4.75,13.5,-38.12,22.0018,-100,32.68,103.85,1.049375,0.614304,12.0251,0.5281
4105,-100,-80.0,40,5.0,1.0,-36.77,17.9694,-68,33.23,103.03,1.075157,0.61832,9.5916,0.5341
4106,-100,-80.0,40,5.0,1.5,-37.89,16.6155,-67,31.46,105.8,1.001708,0.606522,11.8279,0.5323
4107,-100,-80.0,40,5.0,2.0,-36.95,18.3045,-68,32.67,103.83,1.05371,0.572634,5.2601,0.5845
4108,-100,-80.0,40,5.0,2.5,-36.29,17.8056,-71,31.32,105.99,0.968035,0.600191,11.3824,0.4786
4109,-100,-80.0,40,5.0,3.0,-36.33,19.2511,-74,30.69,106.94,1.001048,0.655158,13.4417,0.4115
4110,-100,-80.0,40,5.0,3.5,-37.1,17.8698,-73,30.67,106.97,0.998168,0.584157,8.8622,0.5978
4111,-100,-80.0,40,5.0,4.0,-37.44,19.1828,-79,32.67,103.9,0.997336,0.599407,10.6297,0.5004
4112,-100,-80.0,40,5.0,4.5,-38.49,17.9679,-79,30.6,107.06,0.997252,0.581855,10.1882,0.5575
4113,-100,-80.0,40,5.0,5.0,-36.44,19.5336,-78,32.16,104.71,1.050609,0.684133,14.5337,0.407
4114,-100,-80.0,40,5.0,5.5,-39.13,18.5215,-79,33.28,102.96,1.059149,0.636854,11.4826,0.5636
4116,-100,-80.0,40,5.0,6.5,-37.36,19.8491,-89,31.41,105.84,1.01031,0.628339,11.9575,0.5485
4115,-100,-80.0,40,5.0,6.0,-37.2,18.1413,-83,29.01,109.54,0.941484,0.592108,11.8559,0.5098
4117,-100,-80.0,40,5.0,7.0,-36.8,19.0973,-85,32.05,104.86,1.002285,0.588077,9.1435,0.568
4118,-100,-80.0,40,5.0,7.5,-37.46,18.8488,-89,30.84,106.7,1.007983,0.595664,11.3434,0.5581
4119,-100,-80.0,40,5.0,8.0,-36.65,19.6283,-87,34.04,101.79,1.093531,0.603988,8.0547,0.5615
4120,-100,-80.0,40,5.0,8.5,-36.1,19.2456,-89,32.02,104.87,1.007578,0.620915,10.0334,0.5394
4121,-100,-80.0,40,5.0,9.0,-36.63,19.806,-94,31.78,105.26,1.028203,0.630375,10.2874,0.4885
4122,-100,-80.0,40,5.0,9.5,-35.96,19.6383,-91,32.72,103.86,1.059806,0.59141,8.8755,0.5445
4124,-100,-80.0,40,5.0,10.5,-37.32,20.6991,-97,32.47,104.21,1.048051,0.659709,13.709,0.4664
4123,-100,-80.0,40,5.0,10.0,-36.93,19.8968,-97,31.49,105.72,1.031025,0.616983,11.2963,0.4629
4125,-100,-80.0,40,5.0,11.0,-36.91,20.3054,-100,32.62,103.96,1.05599,0.605601,9.8534,0.5304
4132,-100,-75.0,40,1.0,1.0,-78.54,1.8969,-85,99.7,0.46,4.326118,1.521213,0.7761,0.0
4133,-100,-75.0,40,1.0,1.5,-80.29,1.5362,-85,99.81,0.3,5.166961,0.830808,0.3965,0.0
4126,-100,-80.0,40,5.0,11.5,-37.24,21.1225,-100,32.01,104.85,1.0272,0.578857,9.0828,0.4652
4134,-100,-75.0,40,1.0,2.0,-81.56,2.6046,-88,99.87,0.21,6.367657,2.022376,0.2607,0.0
4135,-100,-75.0,40,1.0,2.5,-80.86,2.7192,-90,99.24,1.17,3.69968,0.802621,1.4082,0.0
4136,-100,-75.0,40,1.0,3.0,-80.7,3.5019,-91,99.33,1.04,6.345728,1.285941,1.54,0.0
4127,-100,-80.0,40,5.0,12.0,-37.08,21.6793,-100,32.37,104.35,1.051814,0.654852,13.563,0.511
4137,-100,-75.0,40,1.0,3.5,-81.88,3.9164,-99,98.68,2.03,3.366039,0.666138,2.4205,0.0
4138,-100,-75.0,40,1.0,4.0,-83.05,4.4548,-97,98.46,2.38,4.401351,1.218433,2.1667,0.0001
4128,-100,-80.0,40,5.0,12.5,-37.59,21.6292,-100,32.42,104.24,1.041612,0.56721,5.8773,0.601
4129,-100,-80.0,40,5.0,13.0,-35.84,22.2262,-100,33.66,102.39,1.088627,0.642719,9.7549,0.508
4130,-100,-80.0,40,5.0,13.5,-36.45,22.1562,-100,33.8,102.17,1.071571,0.681399,14.2441,0.4396
4139,-100,-75.0,40,1.0,4.5,-80.82,5.6741,-98,97.19,4.33,4.742671,1.606306,4.3753,0.0001
4131,-100,-80.0,40,5.0,14.0,-36.11,22.811,-100,34.95,100.4,1.099313,0.585324,7.8361,0.5111
4140,-100,-75.0,40,1.0,5.0,-81.7,5.7731,-100,96.38,5.58,4.869282,1.866881,5.097,0.0011
4141,-100,-75.0,40,1.0,5.5,-83.53,5.9795,-100,96.18,5.9,4.405961,0.960139,4.2817,0.0044
4142,-100,-75.0,40,1.0,6.0,-83.59,6.489,-100,95.87,6.38,4.62144,2.155585,5.0069,0.0038
4143,-100,-75.0,40,1.0,6.5,-82.91,7.2532,-100,94.05,9.18,4.473614,1.562091,6.1652,0.0051
4144,-100,-75.0,40,1.0,7.0,-84.91,7.2899,-100,94.34,8.74,4.560552,1.118023,4.0422,0.0091
4145,-100,-75.0,40,1.0,7.5,-83.57,7.9311,-100,90.5,14.66,3.700279,0.80789,6.2496,0.0177
4146,-100,-75.0,40,1.0,8.0,-84.08,8.1738,-100,90.55,14.58,4.003881,1.323965,7.0037,0.0245
4147,-100,-75.0,40,1.0,8.5,-83.02,9.1933,-100,89.32,16.49,3.77635,1.181588,8.1372,0.0322
4148,-100,-75.0,40,1.0,9.0,-84.29,9.1655,-100,89.24,16.61,4.127768,1.494994,7.0553,0.0285
4149,-100,-75.0,40,1.0,9.5,-84.97,9.3442,-100,88.21,18.2,3.940675,1.184215,5.295,0.0442
4150,-100,-75.0,40,1.0,10.0,-84.81,9.7731,-100,88.22,18.18,4.216565,0.908369,4.8742,0.0444
4151,-100,-75.0,40,1.0,10.5,-84.54,10.2095,-100,86.42,20.96,3.776795,1.024996,7.1499,0.066
4152,-100,-75.0,40,1.0,11.0,-85.14,10.3152,-100,86.24,21.23,3.796301,0.999262,6.4682,0.0411
4153,-100,-75.0,40,1.0,11.5,-84.48,10.7107,-100,84.42,24.04,3.894075,1.210217,6.2868,0.0624
4154,-100,-75.0,40,1.0,12.0,-84.5,11.0733,-100,85.47,22.41,4.156131,1.291504,5.2749,0.0844
4155,-100,-75.0,40,1.0,12.5,-84.39,11.5009,-100,83.94,24.77,3.834926,1.189796,6.7013,0.0672
4156,-100,-75.0,40,1.0,13.0,-84.52,11.865,-100,83.15,26.0,3.757968,1.020756,5.9462,0.088
4159,-100,-75.0,40,1.25,1.0,-74.83,1.4347,-84,91.45,13.21,2.007065,1.487927,17.0681,0.0
4157,-100,-75.0,40,1.0,13.5,-84.61,11.9937,-100,82.7,26.69,3.734096,1.095074,5.0041,0.0939
4160,-100,-75.0,40,1.25,1.5,-78.4,2.1448,-86,99.39,0.94,5.669432,3.104526,1.0491,0.0
4161,-100,-75.0,40,1.25,2.0,-76.21,2.7004,-90,96.2,5.86,4.884322,1.801406,6.9641,0.0
4158,-100,-75.0,40,1.0,14.0,-83.86,12.4535,-100,80.94,29.41,3.435525,0.952718,6.8472,0.1138
4162,-100,-75.0,40,1.25,2.5,-76.44,2.7075,-90,94.28,8.83,3.177218,0.849025,10.5933,0.0
4163,-100,-75.0,40,1.25,3.0,-76.14,3.5405,-92,91.15,13.67,2.370657,2.24396,15.5311,0.0
4164,-100,-75.0,40,1.25,3.5,-77.26,4.7452,-95,94.9,7.86,4.393703,1.56401,7.3342,0.0001
4165,-100,-75.0,40,1.25,4.0,-76.7,4.8586,-98,90.03,15.38,2.726725,1.746524,15.8992,0.0002
4166,-100,-75.0,40,1.25,4.5,-78.69,5.1583,-98,91.52,13.09,3.8768,1.596366,9.077,0.0003
4167,-100,-75.0,40,1.25,5.0,-77.87,5.787,-100,89.45,16.28,2.908339,1.29698,13.7587,0.0039
4168,-100,-75.0,40,1.25,5.5,-78.38,6.3173,-100,88.33,18.0,3.203075,1.536362,13.3843,0.0064
4169,-100,-75.0,40,1.25,6.0,-81.02,6.721,-100,90.62,14.47,3.915343,0.950418,7.3982,0.0084
4170,-100,-75.0,40,1.25,6.5,-80.53,7.5355,-100,89.7,15.9,3.788099,1.113947,8.8181,0.0298
4171,-100,-75.0,40,1.25,7.0,-80.95,7.6201,-100,87.75,18.9,3.864104,1.123999,8.4937,0.0283
4172,-100,-75.0,40,1.25,7.5,-79.75,8.4941,-100,85.86,21.81,3.242364,2.198106,13.8932,0.0427
4173,-100,-75.0,40,1.25,8.0,-81.61,8.5147,-100,88.56,17.66,3.969184,2.347683,9.4267,0.0339
4174,-100,-75.0,40,1.25,8.5,-81.88,9.2813,-100,86.04,21.53,3.987944,1.382666,6.9238,0.0487
4176,-100,-75.0,40,1.25,9.5,-81.24,10.1626,-100,84.17,24.43,3.975695,1.674222,7.7485,0.0682
4175,-100,-75.0,40,1.25,9.0,-79.52,9.8702,-100,82.37,27.22,3.301115,1.844565,14.8364,0.0555
4177,-100,-75.0,40,1.25,10.0,-79.75,10.6799,-100,79.92,30.98,2.928015,1.906688,14.6461,0.0421
4178,-100,-75.0,40,1.25,10.5,-81.26,10.8584,-100,83.01,26.21,3.803389,0.933156,6.3826,0.0758
4179,-100,-75.0,40,1.25,11.0,-81.28,10.9555,-100,81.01,29.31,3.499406,1.34022,8.865,0.0326
4180,-100,-75.0,40,1.25,11.5,-80.9,11.6448,-100,81.21,28.99,3.687911,1.271096,6.7889,0.1028
4181,-100,-75.0,40,1.25,12.0,-80.92,12.4834,-100,82.21,27.45,3.990394,1.911456,6.3172,0.0874
4182,-100,-75.0,40,1.25,12.5,-81.47,12.1583,-100,80.83,29.57,3.660751,1.336973,8.4889,0.0872
4185,-100,-75.0,40,1.25,14.0,-82.04,12.9581,-100,81.37,28.73,3.997677,1.350492,4.814,0.1356
4183,-100,-75.0,40,1.25,13.0,-80.94,12.8016,-100,78.25,33.55,3.276563,1.320223,9.7822,0.1269
4184,-100,-75.0,40,1.25,13.5,-80.9,12.8818,-100,78.88,32.59,3.293763,1.456997,8.5385,0.1139
4187,-100,-75.0,40,1.5,1.5,-72.41,2.5441,-87,84.02,24.67,1.032487,1.209799,28.8418,0.0
4186,-100,-75.0,40,1.5,1.0,-72.01,1.4969,-85,80.72,29.74,0.761245,0.836694,35.5338,0.0
4188,-100,-75.0,40,1.5,2.0,-72.67,2.9089,-90,81.81,28.05,1.008064,1.201774,32.5221,0.0
4189,-100,-75.0,40,1.5,2.5,-71.23,3.5223,-91,80.0,30.87,0.82348,1.12633,35.6195,0.0
4190,-100,-75.0,40,1.5,3.0,-71.08,4.8825,-94,79.14,32.17,1.292499,1.628446,32.8488,0.0002
4191,-100,-75.0,40,1.5,3.5,-72.73,4.5924,-92,77.28,35.06,1.161719,1.599564,35.6251,0.0
4192,-100,-75.0,40,1.5,4.0,-75.2,5.3793,-98,86.64,20.62,2.563357,1.979781,18.9425,0.0026
4193,-100,-75.0,40,1.5,4.5,-74.13,5.8182,-100,79.27,31.99,2.03365,1.937458,25.9755,0.0047
4194,-100,-75.0,40,1.5,5.0,-75.25,6.6161,-100,82.73,26.65,2.426429,1.900768,21.5405,0.0193
4197,-100,-75.0,40,1.5,6.5,-77.73,8.3032,-100,84.04,24.63,3.531897,1.660133,10.1228,0.0292
4195,-100,-75.0,40,1.5,5.5,-73.47,7.1283,-100,77.31,35.01,2.088394,2.174117,27.5833,0.013
4196,-100,-75.0,40,1.5,6.0,-74.82,7.6039,-100,78.47,33.22,2.131412,1.599553,23.6764,0.0236
4199,-100,-75.0,40,1.5,7.5,-76.97,9.1455,-100,79.24,32.03,2.841605,1.500468,16.7613,0.0502
4200,-100,-75.0,40,1.5,8.0,-77.5,9.2933,-100,79.19,32.09,3.19333,1.545897,12.5091,0.0854
4198,-100,-75.0,40,1.5,7.0,-75.71,8.1342,-100,75.68,37.51,2.196442,1.835351,23.8125,0.0298
4201,-100,-75.0,40,1.5,8.5,-76.05,9.6906,-100,75.65,37.59,2.795437,1.982155,15.9554,0.0553
4202,-100,-75.0,40,1.5,9.0,-77.07,10.208,-100,77.84,34.2,3.088496,1.8372,13.8175,0.0594
4203,-100,-75.0,40,1.5,9.5,-77.76,10.5563,-100,78.59,33.04,3.390951,1.631312,11.133,0.1066
4204,-100,-75.0,40,1.5,10.0,-77.38,11.2005,-100,77.24,35.11,3.05011,1.701385,14.951,0.0784
4205,-100,-75.0,40,1.5,10.5,-78.1,11.3552,-100,78.06,33.86,3.349396,1.50263,10.2168,0.105
4206,-100,-75.0,40,1.5,11.0,-77.22,12.081,-100,75.1,38.42,2.95069,1.581741,15.6057,0.1049
4207,-100,-75.0,40,1.5,11.5,-78.87,11.9885,-100,78.32,33.45,3.394321,1.432357,9.4943,0.0707
4209,-100,-75.0,40,1.5,12.5,-77.84,12.8399,-100,75.84,37.28,3.226222,1.949968,12.322,0.0885
4208,-100,-75.0,40,1.5,12.0,-77.44,12.9956,-100,74.81,38.86,3.002837,1.26861,10.0265,0.1198
4210,-100,-75.0,40,1.5,13.0,-77.8,13.2619,-100,73.89,40.29,2.976831,1.289378,11.3759,0.1522
4212,-100,-75.0,40,1.5,14.0,-77.39,14.1692,-100,74.49,39.36,3.119226,1.514103,11.9004,0.127
4211,-100,-75.0,40,1.5,13.5,-77.89,13.5132,-100,74.19,39.8,3.088985,1.470957,11.0348,0.1146
4213,-100,-75.0,40,1.75,1.0,-69.06,3.6366,-84,70.56,45.42,0.834744,1.274447,40.3163,0.0
4214,-100,-75.0,40,1.75,1.5,-70.09,4.4469,-86,75.73,37.45,1.508393,1.554883,31.5964,0.0
4215,-100,-75.0,40,1.75,2.0,-69.36,4.2704,-88,73.09,41.55,1.316419,1.679245,36.2665,0.0002
4216,-100,-75.0,40,1.75,2.5,-69.32,4.692,-88,77.22,35.14,1.337873,1.971176,34.2365,0.0004
4217,-100,-75.0,40,1.75,3.0,-69.81,5.1726,-95,75.25,38.19,1.789599,2.078517,31.9607,0.0006
4218,-100,-75.0,40,1.75,3.5,-70.73,5.1299,-93,71.32,44.28,1.404095,1.571333,33.2419,0.002
4219,-100,-75.0,40,1.75,4.0,-70.24,7.0091,-98,73.92,40.24,1.764367,1.85072,31.5502,0.0015
4220,-100,-75.0,40,1.75,4.5,-71.91,6.5172,-97,70.85,44.99,1.91847,1.750285,29.7709,0.0159
4221,-100,-75.0,40,1.75,5.0,-72.06,6.9026,-100,68.17,49.1,1.883032,1.707638,30.1411,0.0083
4223,-100,-75.0,40,1.75,6.0,-72.21,7.8247,-100,68.3,48.92,1.987488,2.0483,31.6,0.0518
4222,-100,-75.0,40,1.75,5.5,-71.83,7.6509,-100,68.56,48.52,1.887893,1.703941,29.7639,0.0187
4224,-100,-75.0,40,1.75,6.5,-71.62,8.5832,-100,65.66,53.0,1.866578,2.058186,33.6251,0.0573
4226,-100,-75.0,40,1.75,7.5,-73.12,9.3229,-100,70.43,45.61,2.338773,1.66596,22.8562,0.0513
4225,-100,-75.0,40,1.75,7.0,-71.9,9.592,-100,69.26,47.41,2.127617,1.835464,26.2319,0.0652
4228,-100,-75.0,40,1.75,8.5,-73.59,10.261,-100,71.12,44.56,2.548004,2.015018,19.0768,0.0632
4227,-100,-75.0,40,1.75,8.0,-71.32,9.7662,-100,69.11,47.65,2.323415,2.549734,27.1279,0.0707
4229,-100,-75.0,40,1.75,9.0,-73.14,11.4048,-100,71.56,43.88,2.624401,1.766223,18.9083,0.1058
4231,-100,-75.0,40,1.75,10.0,-75.18,11.246,-100,73.36,41.1,2.931315,2.125619,15.162,0.0525
4230,-100,-75.0,40,1.75,9.5,-73.84,10.9499,-100,68.99,47.85,2.442131,1.672734,18.6562,0.0685
4232,-100,-75.0,40,1.75,10.5,-72.56,12.3205,-100,68.1,49.23,2.343302,2.107293,26.1773,0.0769
4233,-100,-75.0,40,1.75,11.0,-73.73,12.6242,-100,69.75,46.67,2.542164,1.719122,19.5841,0.1328
4234,-100,-75.0,40,1.75,11.5,-74.04,12.9786,-100,68.36,48.82,2.425802,1.630886,19.4633,0.1152
4235,-100,-75.0,40,1.75,12.0,-74.04,13.2443,-100,69.02,47.79,2.596674,1.463935,15.1165,0.1518
4236,-100,-75.0,40,1.75,12.5,-72.88,13.799,-100,67.46,50.2,2.276536,2.091777,23.0203,0.086
4238,-100,-75.0,40,1.75,13.5,-75.51,14.2915,-100,72.08,43.08,2.947405,1.339097,9.7295,0.1737
4239,-100,-75.0,40,1.75,14.0,-76.14,14.2902,-100,72.33,42.7,2.889772,1.028774,6.679,0.1776
4237,-100,-75.0,40,1.75,13.0,-73.3,14.0313,-100,67.59,50.01,2.418261,1.570494,16.8502,0.0795
4240,-100,-75.0,40,2.0,1.0,-67.16,5.9125,-85,62.15,58.41,0.984528,1.000646,38.9266,0.0012
4241,-100,-75.0,40,2.0,1.5,-67.2,6.0496,-85,61.52,59.4,1.004951,1.63108,40.7354,0.0
4242,-100,-75.0,40,2.0,2.0,-67.91,5.8314,-86,66.01,52.42,1.335938,1.199556,33.5306,0.0007
4243,-100,-75.0,40,2.0,2.5,-69.23,5.7696,-90,64.51,54.75,1.36551,1.42556,33.984,0.0014
4245,-100,-75.0,40,2.0,3.5,-68.95,6.7906,-94,66.34,51.95,1.820281,1.894316,28.658,0.0148
4244,-100,-75.0,40,2.0,3.0,-67.54,6.2783,-91,60.87,60.38,1.198168,1.295649,36.2805,0.0066
4247,-100,-75.0,40,2.0,4.5,-69.17,7.9016,-97,64.81,54.28,1.777157,1.891942,29.9441,0.0435
4246,-100,-75.0,40,2.0,4.0,-67.99,7.8938,-94,61.92,58.76,1.591772,1.543056,30.7742,0.0227
4248,-100,-75.0,40,2.0,5.0,-67.9,8.011,-100,59.4,62.62,1.586875,1.920471,34.7477,0.0384
4249,-100,-75.0,40,2.0,5.5,-69.81,8.3325,-100,62.93,57.21,1.792009,1.502375,26.3132,0.0431
4250,-100,-75.0,40,2.0,6.0,-69.15,8.5933,-100,59.78,62.06,1.623413,1.738732,31.0734,0.0858
4251,-100,-75.0,40,2.0,6.5,-69.26,9.6722,-100,64.06,55.48,2.026141,1.596842,24.3784,0.126
4252,-100,-75.0,40,2.0,7.0,-68.51,10.0805,-100,61.85,58.83,1.902755,1.717668,28.3728,0.037
4253,-100,-75.0,40,2.0,7.5,-70.5,10.0827,-100,62.51,57.88,1.897952,1.328475,25.1155,0.1117
4254,-100,-75.0,40,2.0,8.0,-69.6,10.7685,-100,63.15,56.84,1.936733,1.818608,30.3762,0.0738
4255,-100,-75.0,40,2.0,8.5,-69.45,10.5373,-100,60.13,61.53,1.928403,1.679936,26.7121,0.1363
4256,-100,-75.0,40,2.0,9.0,-69.67,10.976,-100,60.32,61.21,1.952474,1.610836,26.0363,0.0924
4257,-100,-75.0,40,2.0,9.5,-69.07,12.035,-100,62.08,58.51,1.966058,1.984272,30.1334,0.1212
4258,-100,-75.0,40,2.0,10.0,-70.95,12.0957,-100,65.5,53.26,2.383128,1.455842,17.9259,0.1466
4259,-100,-75.0,40,2.0,10.5,-70.64,12.4558,-100,62.6,57.7,2.100599,1.649479,24.3265,0.1169
4260,-100,-75.0,40,2.0,11.0,-71.09,13.0073,-100,64.8,54.32,2.249143,1.485415,19.0317,0.1551
4261,-100,-75.0,40,2.0,11.5,-70.18,13.5578,-100,63.59,56.19,2.193036,1.437769,19.9159,0.1428
4263,-100,-75.0,40,2.0,12.5,-71.11,14.2548,-100,65.41,53.36,2.379226,1.509636,18.7513,0.174
4264,-100,-75.0,40,2.0,13.0,-71.71,14.5773,-100,66.0,52.45,2.442486,1.40425,14.9651,0.1864
4265,-100,-75.0,40,2.0,13.5,-71.07,14.9542,-100,64.42,54.9,2.27786,1.363669,16.4139,0.1847
4262,-100,-75.0,40,2.0,12.0,-70.12,13.5531,-100,63.33,56.55,2.21274,1.513378,20.5079,0.1477
4266,-100,-75.0,40,2.0,14.0,-70.45,15.5293,-100,64.58,54.67,2.32883,1.303915,16.1237,0.199
4267,-100,-75.0,40,2.25,1.0,-65.33,7.272,-82,57.85,65.05,1.365906,1.248729,31.3213,0.0163
4268,-100,-75.0,40,2.25,1.5,-65.78,7.372,-85,52.78,72.91,1.019991,1.049931,38.0041,0.0019
4269,-100,-75.0,40,2.25,2.0,-66.37,6.9859,-84,51.41,74.99,1.221579,1.384313,34.1604,0.0227
4270,-100,-75.0,40,2.25,2.5,-66.25,6.8501,-89,54.11,70.83,1.122784,1.13971,35.7462,0.0032
4271,-100,-75.0,40,2.25,3.0,-65.71,6.7923,-90,53.76,71.34,1.212493,1.457371,38.2335,0.0114
4272,-100,-75.0,40,2.25,3.5,-68.04,7.6119,-92,56.43,67.21,1.499519,1.037103,25.6709,0.0324
4273,-100,-75.0,40,2.25,4.0,-65.36,8.3233,-95,52.54,73.23,1.383205,1.1617,28.9733,0.0458
4274,-100,-75.0,40,2.25,4.5,-66.08,9.5635,-96,57.75,65.17,1.661064,1.476381,28.2547,0.1023
4275,-100,-75.0,40,2.25,5.0,-65.99,9.3679,-97,59.78,62.04,1.835936,1.577954,26.717,0.0483
4276,-100,-75.0,40,2.25,5.5,-66.6,9.0905,-100,56.85,66.58,1.585957,1.360952,28.9866,0.0505
4277,-100,-75.0,40,2.25,6.0,-67.03,9.6262,-100,55.41,68.78,1.649961,1.41808,26.8677,0.1128
4278,-100,-75.0,40,2.25,6.5,-67.77,9.7878,-100,55.75,68.27,1.730327,1.258035,22.8522,0.1466
4279,-100,-75.0,40,2.25,7.0,-66.31,10.6895,-100,56.17,67.65,1.732584,1.554264,27.2517,0.1173
4280,-100,-75.0,40,2.25,7.5,-67.13,10.6252,-100,59.49,62.53,1.972564,1.635991,23.8004,0.1255
4281,-100,-75.0,40,2.25,8.0,-67.97,10.9587,-100,57.4,65.74,1.868174,1.353195,19.7322,0.1356
4282,-100,-75.0,40,2.25,8.5,-66.66,11.3596,-100,55.96,67.96,1.762038,1.389585,23.2266,0.1566
4284,-100,-75.0,40,2.25,9.5,-66.62,12.4937,-100,61.34,59.68,2.046429,1.931239,24.8577,0.0794
4283,-100,-75.0,40,2.25,9.0,-66.98,11.8823,-100,55.13,69.26,1.71745,1.287747,24.4547,0.2017
4285,-100,-75.0,40,2.25,10.0,-66.95,12.5398,-100,56.87,66.56,1.860409,1.38108,22.3116,0.1509
4286,-100,-75.0,40,2.25,10.5,-67.36,13.1088,-100,60.35,61.17,2.053142,1.636538,25.0934,0.1385
4287,-100,-75.0,40,2.25,11.0,-67.04,13.7496,-100,60.86,60.39,2.063874,1.560623,22.504,0.1264
4288,-100,-75.0,40,2.25,11.5,-67.37,14.3098,-100,60.07,61.65,2.054795,1.363035,19.5679,0.1807
4289,-100,-75.0,40,2.25,12.0,-67.94,14.6853,-100,62.24,58.22,2.183474,1.305777,14.8547,0.136
4290,-100,-75.0,40,2.25,12.5,-67.45,14.7,-100,60.01,61.72,2.066679,1.471366,19.0448,0.1486
4291,-100,-75.0,40,2.25,13.0,-68.23,14.9358,-100,59.64,62.25,2.052879,1.191487,13.8246,0.1592
4292,-100,-75.0,40,2.25,13.5,-68.14,15.7268,-100,60.16,61.48,2.090379,1.17783,16.1475,0.2167
4293,-100,-75.0,40,2.25,14.0,-68.54,15.5515,-100,61.57,59.29,2.178603,1.242267,14.9835,0.1952
4294,-100,-75.0,40,2.5,1.0,-62.83,8.4688,-83,45.66,83.86,1.088366,0.896934,31.9727,0.0116
4295,-100,-75.0,40,2.5,1.5,-64.75,7.3639,-84,45.84,83.53,1.103969,1.008506,33.1692,0.0288
4296,-100,-75.0,40,2.5,2.0,-63.39,8.2191,-85,43.3,87.52,1.049422,0.992494,32.5632,0.0155
4297,-100,-75.0,40,2.5,2.5,-64.73,8.1091,-87,45.79,83.67,1.181988,1.191884,30.7737,0.0334
4298,-100,-75.0,40,2.5,3.0,-64.5,9.2721,-91,50.53,76.32,1.312027,1.24657,29.6536,0.0553
4300,-100,-75.0,40,2.5,4.0,-62.49,9.2223,-95,47.81,80.53,1.269384,1.32128,32.4914,0.0618
4299,-100,-75.0,40,2.5,3.5,-63.92,8.6767,-91,46.39,82.77,1.153689,1.125561,32.3758,0.0304
4301,-100,-75.0,40,2.5,4.5,-64.98,9.4378,-96,51.33,75.09,1.506384,1.4093,26.4591,0.0881
4302,-100,-75.0,40,2.5,5.0,-65.42,9.6772,-97,50.66,76.14,1.589875,1.067684,17.4628,0.1752
4303,-100,-75.0,40,2.5,5.5,-63.96,10.1213,-100,47.73,80.7,1.415098,1.182013,25.7144,0.1444
4304,-100,-75.0,40,2.5,6.0,-64.17,10.1664,-100,49.31,78.23,1.426436,1.61149,30.7761,0.1123
4305,-100,-75.0,40,2.5,6.5,-64.82,10.8452,-100,55.07,69.31,1.7382,1.560353,24.9507,0.1104
4306,-100,-75.0,40,2.5,7.0,-65.66,10.919,-100,54.56,70.14,1.732705,1.268085,20.0164,0.1514
4307,-100,-75.0,40,2.5,7.5,-63.87,11.1844,-100,50.48,76.45,1.598159,1.313721,23.1431,0.1871
4308,-100,-75.0,40,2.5,8.0,-64.17,11.5198,-100,52.7,73.01,1.659635,1.619276,27.9916,0.1204
4309,-100,-75.0,40,2.5,8.5,-65.1,12.1696,-100,55.52,68.66,1.808977,1.354654,19.975,0.1692
4310,-100,-75.0,40,2.5,9.0,-65.35,12.4148,-100,53.46,71.77,1.729897,1.053804,16.9149,0.2034
4311,-100,-75.0,40,2.5,9.5,-65.4,13.1462,-100,56.23,67.55,1.85801,1.275665,20.3986,0.1844
4313,-100,-75.0,40,2.5,10.5,-64.36,14.1105,-100,54.55,70.11,1.766711,1.140728,18.9918,0.1951
4312,-100,-75.0,40,2.5,10.0,-64.43,13.1918,-100,52.34,73.54,1.690962,1.159119,19.6905,0.1934
4314,-100,-75.0,40,2.5,11.0,-65.83,13.8711,-100,56.82,66.63,1.916232,1.195182,17.371,0.195
4315,-100,-75.0,40,2.5,11.5,-63.93,14.5553,-100,51.99,74.09,1.643472,1.276581,22.6329,0.1693
4316,-100,-75.0,40,2.5,12.0,-63.89,14.8788,-100,54.43,70.34,1.755636,1.49176,23.2401,0.1237
4317,-100,-75.0,40,2.5,12.5,-64.66,15.7853,-100,59.31,62.78,2.040383,1.354173,20.5186,0.2078
4318,-100,-75.0,40,2.5,13.0,-65.16,15.4735,-100,56.7,66.85,1.907011,1.112144,16.0245,0.1992
4319,-100,-75.0,40,2.5,13.5,-63.37,16.3666,-100,59.18,62.95,2.024023,1.576571,21.7542,0.1065
4320,-100,-75.0,40,2.5,14.0,-64.96,16.3908,-100,56.48,67.14,1.891084,1.160505,16.785,0.196
4322,-100,-75.0,40,2.75,1.5,-62.18,9.3518,-83,39.55,93.28,1.070964,0.82344,27.8933,0.0375
4321,-100,-75.0,40,2.75,1.0,-63.03,7.918,-82,37.56,96.32,1.047474,0.861209,26.2541,0.0615
4323,-100,-75.0,40,2.75,2.0,-63.74,8.3898,-85,40.8,91.35,1.060188,0.886556,28.605,0.0523
4324,-100,-75.0,40,2.75,2.5,-61.59,9.1311,-86,41.52,90.27,1.194474,1.017461,26.2737,0.1017
4325,-100,-75.0,40,2.75,3.0,-62.81,8.578,-89,38.8,94.4,1.182118,0.953298,23.9865,0.2176
4326,-100,-75.0,40,2.75,3.5,-61.85,10.6843,-90,47.25,81.37,1.381108,1.183683,24.8847,0.1072
4328,-100,-75.0,40,2.75,4.5,-63.85,9.8746,-93,45.58,83.94,1.404105,1.013565,20.3135,0.221
4327,-100,-75.0,40,2.75,4.0,-62.62,9.5971,-92,40.48,91.8,1.245601,0.888502,19.8984,0.162
4329,-100,-75.0,40,2.75,5.0,-61.7,9.9526,-94,43.02,87.92,1.299226,1.499525,31.0249,0.1463
4330,-100,-75.0,40,2.75,5.5,-62.26,10.7463,-97,47.71,80.71,1.42849,1.271167,25.4621,0.1094
4331,-100,-75.0,40,2.75,6.0,-63.11,10.5809,-100,45.67,83.85,1.387664,1.167398,24.9784,0.1688
4332,-100,-75.0,40,2.75,6.5,-62.49,11.4265,-98,43.67,86.94,1.385125,0.877535,16.0385,0.301
4334,-100,-75.0,40,2.75,7.5,-61.32,12.4547,-100,46.26,82.92,1.445533,1.033346,19.8702,0.203
4333,-100,-75.0,40,2.75,7.0,-62.68,11.6568,-100,46.94,81.89,1.457713,1.371893,24.234,0.0971
4335,-100,-75.0,40,2.75,8.0,-61.97,12.6962,-100,47.52,81.0,1.506314,1.167009,22.543,0.2107
4336,-100,-75.0,40,2.75,8.5,-62.11,12.5172,-100,48.93,78.76,1.539747,0.978829,18.7165,0.2109
4337,-100,-75.0,40,2.75,9.0,-61.8,12.8155,-100,46.66,82.3,1.458724,1.057669,21.9979,0.2573
4338,-100,-75.0,40,2.75,9.5,-62.17,13.0007,-100,47.35,81.24,1.483348,1.232979,23.4886,0.1744
4341,-100,-75.0,40,2.75,11.0,-63.66,14.4227,-100,53.37,71.94,1.768626,1.005654,14.3571,0.2676
4339,-100,-75.0,40,2.75,10.0,-61.79,13.9183,-100,49.75,77.53,1.591966,1.04804,17.2211,0.2312
4340,-100,-75.0,40,2.75,10.5,-62.41,14.2965,-100,51.29,75.19,1.643664,1.177795,21.0455,0.2071
4342,-100,-75.0,40,2.75,11.5,-61.0,14.9165,-100,50.62,76.19,1.612615,1.214277,22.4411,0.2381
4343,-100,-75.0,40,2.75,12.0,-61.1,15.4348,-100,50.6,76.25,1.627328,1.261271,22.6704,0.212
4344,-100,-75.0,40,2.75,12.5,-60.91,15.1391,-100,48.91,78.83,1.554942,1.123036,20.1579,0.2269
4346,-100,-75.0,40,2.75,13.5,-63.77,16.1897,-100,54.58,70.1,1.830012,0.876395,11.8334,0.3071
4345,-100,-75.0,40,2.75,13.0,-62.85,16.2661,-100,56.11,67.72,1.901632,1.019941,12.9256,0.2599
4347,-100,-75.0,40,2.75,14.0,-61.22,17.7047,-100,52.65,73.05,1.707151,0.920478,15.3899,0.261
4348,-100,-75.0,40,3.0,1.0,-62.28,9.7168,-79,34.95,100.41,1.105128,0.68475,11.5146,0.5428
4349,-100,-75.0,40,3.0,1.5,-59.16,9.8579,-82,38.09,95.56,1.138098,1.019926,23.9817,0.1744
4350,-100,-75.0,40,3.0,2.0,-60.0,10.4324,-84,40.44,91.86,1.134638,1.032469,27.4448,0.1011
4351,-100,-75.0,40,3.0,2.5,-60.27,11.0099,-84,37.53,96.37,1.173201,0.765317,14.1206,0.3399
4353,-100,-75.0,40,3.0,3.5,-59.46,10.9625,-89,37.07,97.07,1.159331,1.040156,22.2531,0.1836
4352,-100,-75.0,40,3.0,3.0,-61.14,10.6072,-87,38.39,95.06,1.194385,0.800335,15.6635,0.2365
4354,-100,-75.0,40,3.0,4.0,-60.94,11.2584,-89,40.02,92.55,1.26017,0.848299,14.888,0.2261
4355,-100,-75.0,40,3.0,4.5,-60.22,11.3584,-91,41.48,90.29,1.305777,0.838265,17.2331,0.289
4356,-100,-75.0,40,3.0,5.0,-60.57,11.2632,-93,46.47,82.61,1.463448,0.966725,18.1216,0.2892
4357,-100,-75.0,40,3.0,5.5,-59.97,11.8725,-93,41.9,89.65,1.324138,0.783918,15.0066,0.3476
4358,-100,-75.0,40,3.0,6.0,-60.23,11.6185,-98,41.1,90.89,1.300246,1.061646,22.1757,0.2116
4359,-100,-75.0,40,3.0,6.5,-58.27,12.0977,-97,37.21,96.84,1.150765,0.803498,18.1357,0.3132
4360,-100,-75.0,40,3.0,7.0,-59.86,11.6749,-100,43.16,87.7,1.335928,1.043896,22.5956,0.2482
4361,-100,-75.0,40,3.0,7.5,-60.24,12.6172,-100,42.85,88.2,1.346456,0.980717,21.0535,0.2834
4362,-100,-75.0,40,3.0,8.0,-59.04,13.2539,-100,43.56,87.08,1.360131,1.047682,21.7658,0.2048
4364,-100,-75.0,40,3.0,9.0,-60.1,13.0593,-100,44.82,85.16,1.393022,1.099458,23.5875,0.2414
4365,-100,-75.0,40,3.0,9.5,-59.78,13.5876,-100,43.52,87.13,1.37313,0.996201,19.6369,0.2339
4363,-100,-75.0,40,3.0,8.5,-60.55,13.4148,-100,46.1,83.16,1.481015,0.781099,11.2302,0.3645
4366,-100,-75.0,40,3.0,10.0,-60.59,14.4736,-100,49.43,78.03,1.60873,0.902538,11.6716,0.2342
4367,-100,-75.0,40,3.0,10.5,-60.06,15.0518,-100,48.58,79.34,1.535395,1.036555,19.8728,0.2231
4368,-100,-75.0,40,3.0,11.0,-59.68,15.0525,-100,47.28,81.34,1.494373,1.114903,19.0205,0.1627
4370,-100,-75.0,40,3.0,12.0,-59.84,16.2457,-100,50.86,75.8,1.661466,0.924991,14.0424,0.2863
4369,-100,-75.0,40,3.0,11.5,-59.88,15.8613,-100,46.71,82.23,1.497278,0.808736,13.1622,0.2929
4371,-100,-75.0,40,3.0,12.5,-57.98,16.5928,-100,50.71,76.05,1.632247,1.169807,22.1175,0.2593
4372,-100,-75.0,40,3.0,13.0,-60.49,16.5687,-100,51.69,74.57,1.666524,0.999689,17.0514,0.2382
4373,-100,-75.0,40,3.0,13.5,-58.75,16.9362,-100,51.39,74.97,1.666286,1.122298,20.3338,0.2654
4374,-100,-75.0,40,3.0,14.0,-58.46,17.1897,-100,50.74,76.03,1.627313,1.318247,23.0862,0.1599
4377,-100,-75.0,40,3.25,2.0,-58.58,11.609,-82,34.07,101.73,1.083221,0.711974,15.7327,0.3476
4376,-100,-75.0,40,3.25,1.5,-57.51,11.7876,-82,36.9,97.32,1.134156,0.775131,16.3203,0.2585
4375,-100,-75.0,40,3.25,1.0,-59.09,10.7952,-77,31.99,104.87,1.036807,0.607653,10.9986,0.5036
4378,-100,-75.0,40,3.25,2.5,-58.76,10.8319,-83,36.65,97.76,1.169238,0.872711,15.7988,0.2234
4379,-100,-75.0,40,3.25,3.0,-57.94,11.2988,-86,32.59,104.07,1.044875,0.570497,6.9619,0.5535
4380,-100,-75.0,40,3.25,3.5,-57.26,12.1926,-90,36.53,97.92,1.152806,0.813179,16.5411,0.2996
4381,-100,-75.0,40,3.25,4.0,-57.17,12.0634,-88,35.32,99.83,1.11079,0.694902,15.2128,0.474
4382,-100,-75.0,40,3.25,4.5,-58.69,12.6201,-91,41.92,89.59,1.335876,0.663325,6.8964,0.5006
4383,-100,-75.0,40,3.25,5.0,-57.19,12.2284,-98,37.07,97.11,1.170452,0.764932,16.1713,0.3113
4384,-100,-75.0,40,3.25,5.5,-57.65,12.8567,-94,37.77,96.01,1.194015,0.702359,13.5895,0.3614
4385,-100,-75.0,40,3.25,6.0,-58.91,12.4612,-93,39.96,92.64,1.265111,0.678691,10.1182,0.4903
4386,-100,-75.0,40,3.25,6.5,-57.93,12.5179,-99,39.92,92.73,1.252574,0.85939,18.5987,0.2567
4389,-100,-75.0,40,3.25,8.0,-59.19,12.9981,-100,46.65,82.33,1.476592,0.908208,16.6657,0.3035
4388,-100,-75.0,40,3.25,7.5,-57.47,13.9321,-100,41.58,90.11,1.301911,0.83936,18.2743,0.3911
4387,-100,-75.0,40,3.25,7.0,-57.74,12.6735,-97,43.09,87.82,1.352932,1.191048,23.6432,0.1631
4390,-100,-75.0,40,3.25,8.5,-56.67,15.0961,-100,41.38,90.47,1.296743,0.774767,15.8729,0.3252
4391,-100,-75.0,40,3.25,9.0,-56.96,14.6437,-100,42.8,88.3,1.362576,0.840631,13.9461,0.2474
4392,-100,-75.0,40,3.25,9.5,-56.79,15.0538,-100,42.79,88.31,1.347447,0.839053,14.6361,0.2659
4393,-100,-75.0,40,3.25,10.0,-55.56,16.0993,-100,44.23,86.04,1.39175,0.820591,14.4311,0.3407
4395,-100,-75.0,40,3.25,11.0,-57.28,16.073,-100,45.85,83.54,1.467666,0.854323,14.8123,0.3477
4394,-100,-75.0,40,3.25,10.5,-57.76,15.6311,-100,45.57,83.98,1.461168,0.837271,13.6166,0.2923
4396,-100,-75.0,40,3.25,11.5,-56.97,16.0554,-100,46.63,82.31,1.472945,0.998515,20.8222,0.2955
4397,-100,-75.0,40,3.25,12.0,-57.01,16.2452,-100,42.1,89.37,1.325375,0.783926,13.6944,0.2846
4398,-100,-75.0,40,3.25,12.5,-55.84,17.5851,-100,45.48,84.13,1.444576,1.045353,19.3709,0.2417
4399,-100,-75.0,40,3.25,13.0,-56.58,18.0657,-100,50.02,77.13,1.622073,0.910941,13.0484,0.2777
4400,-100,-75.0,40,3.25,13.5,-56.06,18.1193,-100,43.5,87.21,1.371259,0.777782,15.169,0.3592
4401,-100,-75.0,40,3.25,14.0,-55.96,17.8995,-100,43.49,87.22,1.362511,0.80482,15.3872,0.3705
4402,-100,-75.0,40,3.5,1.0,-55.32,11.8428,-76,33.35,102.84,1.075965,0.642183,10.6572,0.4774
4404,-100,-75.0,40,3.5,2.0,-54.69,13.554,-79,35.97,98.76,1.139606,0.66342,11.0509,0.4586
4403,-100,-75.0,40,3.5,1.5,-54.4,12.8149,-80,32.14,104.73,0.989653,0.744605,15.924,0.3294
4405,-100,-75.0,40,3.5,2.5,-56.7,11.3775,-81,34.69,100.77,1.110342,0.770526,18.2008,0.3842
4407,-100,-75.0,40,3.5,3.5,-55.62,12.1644,-84,33.1,103.16,1.069074,0.680171,14.2465,0.4919
4406,-100,-75.0,40,3.5,3.0,-55.82,12.0326,-82,35.53,99.47,1.130025,0.734111,14.6464,0.3689
4408,-100,-75.0,40,3.5,4.0,-54.09,13.0289,-87,33.36,102.78,1.088609,0.634766,11.8028,0.4821
4409,-100,-75.0,40,3.5,4.5,-54.48,13.5531,-88,34.5,101.11,1.091586,0.595399,8.8836,0.5293
4410,-100,-75.0,40,3.5,5.0,-53.56,13.2407,-89,37.12,97.03,1.164731,0.840993,19.269,0.3641
4411,-100,-75.0,40,3.5,5.5,-54.21,13.9382,-94,36.18,98.49,1.14608,0.767946,18.0886,0.3284
4412,-100,-75.0,40,3.5,6.0,-56.03,13.223,-92,37.63,96.27,1.209437,0.65117,8.5403,0.5206
4413,-100,-75.0,40,3.5,6.5,-54.46,14.6185,-98,39.28,93.68,1.246237,0.69819,11.4308,0.4487
4414,-100,-75.0,40,3.5,7.0,-55.56,14.559,-96,36.43,98.08,1.17402,0.688268,13.2486,0.3677
4415,-100,-75.0,40,3.5,7.5,-55.98,13.7326,-98,38.94,94.26,1.204577,0.726582,14.0034,0.3887
4416,-100,-75.0,40,3.5,8.0,-54.04,14.4521,-98,38.42,95.03,1.209042,0.758231,14.8105,0.3889
4417,-100,-75.0,40,3.5,8.5,-56.98,14.3872,-100,43.08,87.82,1.371455,0.797872,14.8862,0.3827
4419,-100,-75.0,40,3.5,9.5,-56.2,15.2023,-100,41.27,90.63,1.314121,0.71481,11.9969,0.4421
4418,-100,-75.0,40,3.5,9.0,-53.82,14.4514,-98,36.73,97.61,1.171522,0.781307,16.6798,0.3835
4420,-100,-75.0,40,3.5,10.0,-55.62,15.6682,-100,39.2,93.78,1.239415,0.706655,13.3358,0.4344
4421,-100,-75.0,40,3.5,10.5,-54.98,16.6223,-100,40.65,91.55,1.29583,0.644761,7.8474,0.4427
4422,-100,-75.0,40,3.5,11.0,-52.8,17.3885,-100,40.44,91.94,1.27713,0.828401,17.3544,0.3194
4423,-100,-75.0,40,3.5,11.5,-53.97,16.6377,-100,42.05,89.42,1.320941,0.841389,17.5017,0.3275
4424,-100,-75.0,40,3.5,12.0,-52.85,17.9805,-100,42.45,88.81,1.350706,0.724759,12.1549,0.4054
4425,-100,-75.0,40,3.5,12.5,-55.68,17.5244,-100,43.69,86.89,1.385491,0.713797,10.2198,0.3914
4426,-100,-75.0,40,3.5,13.0,-54.39,17.5894,-100,43.15,87.72,1.375515,0.803794,13.2532,0.2845
4427,-100,-75.0,40,3.5,13.5,-54.13,17.6079,-100,43.33,87.46,1.367184,0.983168,20.4231,0.2931
4428,-100,-75.0,40,3.5,14.0,-53.24,18.4688,-100,41.28,90.63,1.294756,0.89898,19.1657,0.2757
4430,-100,-75.0,40,3.75,1.5,-52.26,13.3293,-78,34.66,100.82,1.081479,0.694288,13.3064,0.4547
4431,-100,-75.0,40,3.75,2.0,-51.93,12.7996,-76,32.36,104.35,1.033651,0.631485,10.7343,0.4865
4429,-100,-75.0,40,3.75,1.0,-52.98,13.4635,-75,31.36,105.92,1.009477,0.618625,12.2217,0.5241
4432,-100,-75.0,40,3.75,2.5,-51.66,13.2086,-79,30.82,106.73,1.00885,0.573072,7.7298,0.5442
4433,-100,-75.0,40,3.75,3.0,-50.18,15.0014,-81,33.87,102.07,1.069773,0.695311,15.0098,0.4672
4434,-100,-75.0,40,3.75,3.5,-52.69,12.2851,-82,33.12,103.2,1.063108,0.637958,10.3622,0.481
4436,-100,-75.0,40,3.75,4.5,-53.53,14.193,-86,32.58,104.08,1.042683,0.588466,9.2453,0.5049
4435,-100,-75.0,40,3.75,4.0,-52.14,13.7297,-86,31.18,106.19,0.999403,0.58245,9.6928,0.5287
4437,-100,-75.0,40,3.75,5.0,-52.29,13.7119,-89,32.59,104.0,1.05608,0.623619,10.7585,0.5052
4438,-100,-75.0,40,3.75,5.5,-54.35,14.508,-91,34.61,100.9,1.081813,0.626914,10.8455,0.513
4440,-100,-75.0,40,3.75,6.5,-51.83,14.4147,-96,36.81,97.51,1.153504,0.690576,12.7429,0.3642
4439,-100,-75.0,40,3.75,6.0,-53.31,14.5841,-98,35.42,99.63,1.109597,0.616563,8.7891,0.5343
4441,-100,-75.0,40,3.75,7.0,-52.01,15.4157,-98,37.76,96.0,1.156405,0.730358,15.3659,0.4029
4443,-100,-75.0,40,3.75,8.0,-52.56,15.6025,-100,38.73,94.56,1.238203,0.854933,19.149,0.3668
4442,-100,-75.0,40,3.75,7.5,-51.12,14.8324,-95,34.5,101.08,1.10359,0.631792,11.4699,0.4358
4444,-100,-75.0,40,3.75,8.5,-50.42,17.1687,-100,37.88,95.89,1.194375,0.796212,16.6349,0.3063
4446,-100,-75.0,40,3.75,9.5,-51.52,16.0512,-100,39.05,94.04,1.230589,0.865396,20.0734,0.3428
4445,-100,-75.0,40,3.75,9.0,-51.74,15.937,-100,36.78,97.52,1.158189,0.645582,10.2591,0.4577
4447,-100,-75.0,40,3.75,10.0,-53.13,16.4571,-100,39.68,93.11,1.24734,0.741233,13.1108,0.3574
4448,-100,-75.0,40,3.75,10.5,-53.5,16.5058,-100,38.3,95.21,1.226131,0.671466,11.9138,0.4432
4449,-100,-75.0,40,3.75,11.0,-51.39,17.3392,-100,38.52,94.89,1.222595,0.657324,10.4824,0.4484
4450,-100,-75.0,40,3.75,11.5,-52.13,17.4485,-100,39.67,93.1,1.263042,0.774018,14.2145,0.3187
4452,-100,-75.0,40,3.75,12.5,-50.87,18.4859,-100,38.22,95.31,1.213006,0.647417,9.9395,0.4456
4451,-100,-75.0,40,3.75,12.0,-52.37,17.8933,-100,39.85,92.85,1.247827,0.752159,14.0315,0.3528
4453,-100,-75.0,40,3.75,13.0,-48.93,18.8417,-100,41.75,89.89,1.313233,0.885131,19.168,0.3332
4454,-100,-75.0,40,3.75,13.5,-50.65,19.0399,-100,40.01,92.56,1.261532,0.752465,13.0069,0.3779
4455,-100,-75.0,40,3.75,14.0,-49.83,18.4184,-100,37.39,96.62,1.139061,0.824116,20.2536,0.329
4457,-100,-75.0,40,4.0,1.5,-47.24,13.248,-73,34.44,101.17,1.072862,0.778309,18.754,0.397
4456,-100,-75.0,40,4.0,1.0,-50.16,14.3752,-73,33.78,102.22,1.075954,0.608566,8.1148,0.5297
4458,-100,-75.0,40,4.0,2.0,-48.97,14.2413,-75,32.35,104.42,1.003647,0.614999,11.7427,0.4831
4459,-100,-75.0,40,4.0,2.5,-48.76,15.0413,-77,32.3,104.49,1.001269,0.632614,12.5331,0.4784
4460,-100,-75.0,40,4.0,3.0,-49.69,14.9487,-78,32.21,104.61,1.040121,0.627105,10.815,0.508
4461,-100,-75.0,40,4.0,3.5,-48.7,14.5202,-83,31.59,105.57,1.029524,0.619042,10.4141,0.506
4462,-100,-75.0,40,4.0,4.0,-48.77,15.3036,-86,36.49,98.03,1.157251,0.688752,13.1687,0.446
4463,-100,-75.0,40,4.0,4.5,-49.78,14.8643,-87,35.04,100.23,1.124935,0.649257,11.648,0.5563
4464,-100,-75.0,40,4.0,5.0,-50.3,15.5704,-85,35.25,99.89,1.093011,0.626029,10.2594,0.5077
4465,-100,-75.0,40,4.0,5.5,-50.13,15.1132,-94,34.7,100.76,1.106118,0.613931,8.9575,0.5314
4466,-100,-75.0,40,4.0,6.0,-48.59,15.5245,-88,34.51,101.05,1.109695,0.624516,8.4248,0.486
4467,-100,-75.0,40,4.0,6.5,-47.72,15.8664,-94,33.92,101.95,1.105291,0.67749,13.5407,0.4108
4468,-100,-75.0,40,4.0,7.0,-49.36,16.6995,-92,37.15,97.0,1.190369,0.73016,14.7099,0.3721
4470,-100,-75.0,40,4.0,8.0,-47.77,15.5824,-97,37.71,96.14,1.171244,0.944458,22.2983,0.2884
4469,-100,-75.0,40,4.0,7.5,-49.45,15.9561,-96,33.44,102.7,1.048255,0.626377,12.602,0.459
4471,-100,-75.0,40,4.0,8.5,-48.76,16.6286,-98,40.55,91.8,1.284197,0.947528,20.9913,0.3358
4472,-100,-75.0,40,4.0,9.0,-49.24,17.0133,-100,35.48,99.56,1.140543,0.571143,4.5348,0.556
4473,-100,-75.0,40,4.0,9.5,-48.84,16.9836,-100,35.27,99.87,1.117136,0.630559,9.2907,0.4867
4474,-100,-75.0,40,4.0,10.0,-49.94,16.8953,-100,38.0,95.65,1.205205,0.756438,15.3771,0.3815
4475,-100,-75.0,40,4.0,10.5,-48.49,18.8664,-100,36.74,97.62,1.148806,0.698783,13.8482,0.3911
4477,-100,-75.0,40,4.0,11.5,-49.48,18.1817,-100,40.64,91.6,1.25246,0.787207,15.6755,0.3537
4476,-100,-75.0,40,4.0,11.0,-47.64,18.2663,-100,35.93,98.83,1.144795,0.645418,11.8996,0.4579
4478,-100,-75.0,40,4.0,12.0,-50.12,17.416,-100,35.48,99.57,1.140727,0.651167,12.3679,0.419
4479,-100,-75.0,40,4.0,12.5,-47.96,19.3122,-100,36.36,98.22,1.142989,0.738365,15.6796,0.3739
4480,-100,-75.0,40,4.0,13.0,-47.43,19.4911,-100,35.16,100.08,1.124674,0.6957,14.1151,0.4366
4481,-100,-75.0,40,4.0,13.5,-48.49,19.6977,-100,36.94,97.28,1.168773,0.626782,9.1926,0.4791
4482,-100,-75.0,40,4.0,14.0,-46.33,19.8447,-100,36.73,97.63,1.158532,0.750309,17.461,0.4095
4483,-100,-75.0,40,4.25,1.0,-46.48,14.9512,-69,33.19,103.06,1.064532,0.654981,12.0623,0.4937
4485,-100,-75.0,40,4.25,2.0,-46.32,15.8554,-74,31.46,105.75,1.00642,0.618266,10.9358,0.4897
4484,-100,-75.0,40,4.25,1.5,-48.86,14.8438,-73,32.33,104.43,1.011369,0.618747,11.705,0.4841
4486,-100,-75.0,40,4.25,2.5,-48.18,15.3247,-79,33.85,102.09,1.067735,0.66418,12.0389,0.4291
4487,-100,-75.0,40,4.25,3.0,-47.18,15.2256,-77,32.12,104.78,1.025435,0.589347,8.5349,0.5852
4488,-100,-75.0,40,4.25,3.5,-45.3,15.2347,-79,32.05,104.87,1.025905,0.66672,12.7063,0.3945
4489,-100,-75.0,40,4.25,4.0,-47.49,14.0531,-82,34.9,100.43,1.107282,0.745006,15.9431,0.3704
4490,-100,-75.0,40,4.25,4.5,-45.92,16.305,-87,32.22,104.57,1.029318,0.621376,11.4331,0.5012
4491,-100,-75.0,40,4.25,5.0,-45.58,15.3454,-86,36.56,97.87,1.155044,0.84419,19.693,0.3769
4492,-100,-75.0,40,4.25,5.5,-46.99,16.0818,-87,31.59,105.59,1.019777,0.60922,12.3254,0.5244
4493,-100,-75.0,40,4.25,6.0,-46.67,17.7357,-89,32.14,104.69,1.019089,0.702865,16.486,0.3725
4494,-100,-75.0,40,4.25,6.5,-44.89,17.1654,-91,33.16,103.18,1.068891,0.654423,12.2415,0.447
4495,-100,-75.0,40,4.25,7.0,-45.91,16.4872,-95,34.17,101.6,1.08624,0.729126,15.8944,0.3654
4496,-100,-75.0,40,4.25,7.5,-48.57,16.7701,-93,33.21,103.07,1.053606,0.600948,10.4789,0.5224
4497,-100,-75.0,40,4.25,8.0,-46.45,16.9222,-97,34.23,101.49,1.097577,0.640788,9.4684,0.527
4498,-100,-75.0,40,4.25,8.5,-46.03,17.9242,-98,34.14,101.63,1.089191,0.621728,9.4511,0.5037
4499,-100,-75.0,40,4.25,9.0,-46.14,17.0122,-99,33.8,102.17,1.063527,0.598235,9.2206,0.5478
4501,-100,-75.0,40,4.25,10.0,-45.94,18.2576,-100,34.18,101.56,1.073935,0.62926,11.6678,0.4484
4500,-100,-75.0,40,4.25,9.5,-46.32,17.8455,-100,33.28,102.98,1.045107,0.575712,7.8089,0.4883
4502,-100,-75.0,40,4.25,10.5,-45.34,17.9478,-100,35.24,99.94,1.128209,0.66406,12.4171,0.4899
4503,-100,-75.0,40,4.25,11.0,-45.1,18.2882,-100,37.92,95.77,1.221136,0.681866,12.4353,0.4496
4504,-100,-75.0,40,4.25,11.5,-47.55,18.3017,-100,38.92,94.25,1.235601,0.752938,13.8694,0.361
4506,-100,-75.0,40,4.25,12.5,-46.4,19.8598,-100,36.86,97.43,1.159609,0.635554,10.1248,0.4787
4505,-100,-75.0,40,4.25,12.0,-44.49,19.4118,-100,34.32,101.3,1.106155,0.605662,9.4992,0.5186
4507,-100,-75.0,40,4.25,13.0,-42.74,20.6847,-100,36.36,98.18,1.125069,0.819326,18.8351,0.3571
4508,-100,-75.0,40,4.25,13.5,-44.86,19.94,-100,36.21,98.39,1.148855,0.687939,13.2337,0.448
4509,-100,-75.0,40,4.25,14.0,-44.6,20.615,-100,35.69,99.26,1.134818,0.618412,9.9651,0.4946
4510,-100,-75.0,40,4.5,1.0,-42.43,16.5056,-69,32.38,104.34,1.031519,0.592507,8.1719,0.5382
4512,-100,-75.0,40,4.5,2.0,-42.61,16.8948,-71,32.0,104.91,1.011095,0.583849,7.2089,0.5807
4511,-100,-75.0,40,4.5,1.5,-43.13,15.7141,-69,31.81,105.22,0.9906,0.645054,15.1667,0.4579
4513,-100,-75.0,40,4.5,2.5,-42.37,16.9052,-75,31.97,104.97,1.003297,0.594132,9.8151,0.5396
4514,-100,-75.0,40,4.5,3.0,-44.25,15.4125,-76,30.49,107.29,0.988891,0.579125,8.5533,0.581
4515,-100,-75.0,40,4.5,3.5,-41.29,16.2104,-77,31.03,106.41,0.997732,0.610181,11.3646,0.4868
4516,-100,-75.0,40,4.5,4.0,-41.98,17.0826,-78,30.12,107.85,0.978284,0.600153,11.4317,0.4641
4517,-100,-75.0,40,4.5,4.5,-43.78,16.9104,-83,33.02,103.32,1.063647,0.600976,8.4871,0.5369
4518,-100,-75.0,40,4.5,5.0,-43.88,16.9902,-81,29.79,108.33,0.977081,0.577126,10.5817,0.5456
4519,-100,-75.0,40,4.5,5.5,-44.58,16.4787,-85,33.11,103.18,1.052965,0.585839,7.9834,0.5224
4521,-100,-75.0,40,4.5,6.5,-42.95,17.3755,-84,35.3,99.83,1.121869,0.732741,15.7394,0.4666
4520,-100,-75.0,40,4.5,6.0,-42.94,16.9645,-86,31.52,105.66,1.019908,0.619066,12.3611,0.4765
4522,-100,-75.0,40,4.5,7.0,-42.76,17.8716,-90,33.53,102.56,1.079521,0.589426,5.182,0.5586
4523,-100,-75.0,40,4.5,7.5,-41.76,17.4845,-95,31.68,105.4,1.006741,0.623638,13.0253,0.456
4525,-100,-75.0,40,4.5,8.5,-43.26,17.111,-97,33.55,102.52,1.066393,0.647535,12.1171,0.4803
4524,-100,-75.0,40,4.5,8.0,-43.51,18.8608,-94,32.02,104.89,1.041705,0.58696,8.8302,0.5532
4528,-100,-75.0,40,4.5,10.0,-41.4,18.8196,-100,34.98,100.32,1.114242,0.741109,17.5841,0.4195
4527,-100,-75.0,40,4.5,9.5,-43.43,19.3713,-98,35.34,99.76,1.129072,0.619384,8.5813,0.5174
4526,-100,-75.0,40,4.5,9.0,-41.61,18.5616,-97,31.36,105.95,1.030526,0.595036,12.2246,0.5276
4529,-100,-75.0,40,4.5,10.5,-43.43,19.5947,-99,33.28,102.94,1.047259,0.588271,9.5195,0.5089
4530,-100,-75.0,40,4.5,11.0,-41.64,19.6715,-100,32.18,104.64,1.027892,0.599534,9.3395,0.5194
4531,-100,-75.0,40,4.5,11.5,-43.44,19.519,-100,32.68,103.9,1.062245,0.560152,5.6496,0.5836
4532,-100,-75.0,40,4.5,12.0,-44.82,19.6374,-100,35.18,100.0,1.120468,0.6439,12.2903,0.4669
4533,-100,-75.0,40,4.5,12.5,-41.25,20.4375,-100,36.79,97.59,1.170219,0.715363,12.9464,0.4609
4534,-100,-75.0,40,4.5,13.0,-43.07,20.8983,-100,34.14,101.6,1.082279,0.584112,7.6917,0.5968
4536,-100,-75.0,40,4.5,14.0,-42.45,20.8306,-100,33.74,102.22,1.081574,0.58598,6.5752,0.576
4535,-100,-75.0,40,4.5,13.5,-42.76,20.7008,-100,32.84,103.58,1.06314,0.699312,15.0484,0.3226
4537,-100,-75.0,40,4.75,1.0,-40.26,17.5209,-66,33.07,103.3,1.025484,0.658803,13.2133,0.4117
4538,-100,-75.0,40,4.75,1.5,-40.29,17.281,-67,32.13,104.74,1.036046,0.608587,11.8112,0.5299
4539,-100,-75.0,40,4.75,2.0,-40.99,16.5719,-68,32.9,103.54,1.04831,0.626479,11.3016,0.4893
4540,-100,-75.0,40,4.75,2.5,-38.55,17.7655,-74,31.18,106.2,0.978504,0.631152,13.3262,0.4697
4541,-100,-75.0,40,4.75,3.0,-41.16,17.1555,-72,31.79,105.24,1.014031,0.584849,8.1025,0.571
4542,-100,-75.0,40,4.75,3.5,-39.91,16.4868,-74,30.31,107.57,0.988785,0.561035,6.6489,0.6154
4543,-100,-75.0,40,4.75,4.0,-40.39,16.4524,-77,31.13,106.3,1.009884,0.60965,10.7694,0.538
4544,-100,-75.0,40,4.75,4.5,-41.34,16.5525,-78,32.27,104.51,1.032265,0.620641,9.9374,0.4633
4545,-100,-75.0,40,4.75,5.0,-41.66,17.9675,-86,33.09,103.25,1.035885,0.646815,13.714,0.4829
4546,-100,-75.0,40,4.75,5.5,-40.32,17.6167,-82,32.07,104.83,1.018851,0.618973,11.6487,0.4729
4547,-100,-75.0,40,4.75,6.0,-42.23,18.4158,-83,32.0,104.95,1.028151,0.596994,10.0438,0.5233
4548,-100,-75.0,40,4.75,6.5,-39.1,18.0675,-88,33.02,103.36,1.033753,0.652161,13.3429,0.4645
4549,-100,-75.0,40,4.75,7.0,-41.14,17.8202,-87,29.56,108.7,0.977876,0.586573,10.2617,0.5323
4550,-100,-75.0,40,4.75,7.5,-41.83,17.5616,-92,33.89,101.97,1.080243,0.745347,16.6258,0.3511
4552,-100,-75.0,40,4.75,8.5,-37.55,19.5639,-96,36.6,97.85,1.167921,0.810922,18.2553,0.3709
4551,-100,-75.0,40,4.75,8.0,-41.52,18.4107,-92,32.34,104.43,1.049902,0.674824,14.6981,0.4401
4553,-100,-75.0,40,4.75,9.0,-41.97,18.43,-96,31.47,105.75,1.007101,0.626755,12.642,0.4889
4554,-100,-75.0,40,4.75,9.5,-40.58,19.019,-97,32.9,103.55,1.059904,0.562796,5.907,0.595
4555,-100,-75.0,40,4.75,10.0,-38.49,19.5054,-99,32.27,104.52,1.043694,0.614972,11.4574,0.5085
4556,-100,-75.0,40,4.75,10.5,-37.68,21.4586,-100,33.83,102.06,1.092121,0.8122,20.7495,0.3745
4557,-100,-75.0,40,4.75,11.0,-37.66,19.6403,-100,39.33,93.62,1.252644,0.845616,18.6704,0.3503
4558,-100,-75.0,40,4.75,11.5,-39.43,20.1406,-100,33.51,102.58,1.080652,0.583947,6.8319,0.5593
4559,-100,-75.0,40,4.75,12.0,-41.02,19.2516,-100,32.67,103.89,1.053656,0.624341,11.5251,0.5268
4560,-100,-75.0,40,4.75,12.5,-39.34,21.0133,-100,38.16,95.42,1.217296,0.830999,18.105,0.3831
4561,-100,-75.0,40,4.75,13.0,-38.29,21.6493,-100,34.25,101.43,1.076268,0.679892,13.0313,0.4326
4562,-100,-75.0,40,4.75,13.5,-37.26,20.6848,-100,36.29,98.32,1.158114,0.808779,18.6458,0.4102
4563,-100,-75.0,40,4.75,14.0,-40.25,21.3603,-100,34.64,100.83,1.100704,0.621618,10.1475,0.4795
4564,-100,-75.0,40,5.0,1.0,-36.63,17.218,-67,31.36,105.93,0.988079,0.610101,10.0083,0.552
4565,-100,-75.0,40,5.0,1.5,-37.7,17.5037,-65,33.33,102.85,1.035768,0.626951,11.7987,0.4602
4566,-100,-75.0,40,5.0,2.0,-35.38,18.4348,-68,32.85,103.64,1.048935,0.604265,8.023,0.5599
4567,-100,-75.0,40,5.0,2.5,-39.47,17.847,-71,34.81,100.65,1.104725,0.655455,11.9501,0.4989
4568,-100,-75.0,40,5.0,3.0,-36.9,18.5224,-71,30.4,107.37,0.97967,0.604966,11.6311,0.5433
4569,-100,-75.0,40,5.0,3.5,-38.26,17.858,-75,30.55,107.2,1.008459,0.599669,10.5859,0.5435
4570,-100,-75.0,40,5.0,4.0,-37.11,18.1062,-74,33.28,102.94,1.074138,0.594659,8.9701,0.5117
4571,-100,-75.0,40,5.0,4.5,-38.11,19.1527,-79,31.45,105.78,1.015147,0.630856,12.6646,0.497
4572,-100,-75.0,40,5.0,5.0,-38.51,18.0382,-78,33.18,103.09,1.071392,0.65134,11.7043,0.4835
4573,-100,-75.0,40,5.0,5.5,-37.46,18.5087,-82,31.6,105.53,0.994614,0.573927,8.1214,0.5732
4574,-100,-75.0,40,5.0,6.0,-35.7,20.0422,-86,35.17,100.04,1.121745,0.659867,11.7279,0.4547
4576,-100,-75.0,40,5.0,7.0,-37.76,19.0881,-86,31.91,105.03,1.045511,0.630049,11.466,0.4831
4575,-100,-75.0,40,5.0,6.5,-37.25,18.7723,-86,31.57,105.62,0.977066,0.568786,8.3993,0.5396
4577,-100,-75.0,40,5.0,7.5,-37.52,19.7254,-88,32.73,103.8,1.052299,0.589159,7.2078,0.5518
4578,-100,-75.0,40,5.0,8.0,-35.75,19.7352,-88,33.81,102.12,1.059578,0.631819,10.3257,0.491
4579,-100,-75.0,40,5.0,8.5,-36.89,19.5196,-89,29.04,109.49,0.967626,0.572876,9.9211,0.5374
4580,-100,-75.0,40,5.0,9.0,-36.68,20.3538,-92,34.39,101.23,1.104522,0.653463,11.484,0.5488
4581,-100,-75.0,40,5.0,9.5,-35.31,20.0427,-95,31.38,105.84,1.001207,0.601095,12.5715,0.4935
4582,-100,-75.0,40,5.0,10.0,-38.86,20.6807,-99,33.15,103.15,1.07262,0.611636,8.0858,0.552
4591,-100,-70.0,40,1.0,1.0,-77.5,1.2247,-79,99.99,0.02,3.211687,0.401228,0.028,0.0
4592,-100,-70.0,40,1.0,1.5,-79.0,0.0,-79,100.0,0.0,2.997687,0.0,0.0035,0.0
4593,-100,-70.0,40,1.0,2.0,-82.0,0.0,-82,100.0,0.0,4.324995,1.115006,0.0046,0.0
4583,-100,-75.0,40,5.0,10.5,-36.87,20.8385,-100,32.84,103.6,1.057512,0.655111,14.0321,0.4893
4584,-100,-75.0,40,5.0,11.0,-36.87,20.6851,-100,31.89,105.11,1.042186,0.566046,5.8513,0.5975
4585,-100,-75.0,40,5.0,11.5,-37.27,21.6878,-100,32.37,104.37,1.044577,0.570779,7.358,0.5603
4586,-100,-75.0,40,5.0,12.0,-34.12,23.3774,-100,34.22,101.54,1.08557,0.823982,20.366,0.3174
4594,-100,-70.0,40,1.0,2.5,-76.08,2.9751,-84,99.77,0.35,4.178914,0.613255,0.622,0.0
4587,-100,-75.0,40,5.0,12.5,-37.02,21.3943,-100,33.07,103.27,1.051096,0.619799,10.6754,0.4769
4588,-100,-75.0,40,5.0,13.0,-37.56,21.8401,-100,32.53,104.12,1.045323,0.609074,10.1294,0.5261
4595,-100,-70.0,40,1.0,3.0,-79.46,3.6951,-86,99.95,0.07,5.088834,0.709153,0.1035,0.0
4596,-100,-70.0,40,1.0,3.5,-80.36,3.905,-90,99.93,0.1,5.188134,0.832651,0.1253,0.0
4597,-100,-70.0,40,1.0,4.0,-81.72,3.979,-93,99.85,0.23,3.851046,1.348864,0.3055,0.0
4598,-100,-70.0,40,1.0,4.5,-82.48,5.0516,-95,99.82,0.28,4.578978,0.938632,0.2981,0.0
4589,-100,-75.0,40,5.0,13.5,-36.72,21.7336,-100,34.92,100.42,1.114708,0.643324,10.6835,0.5028
4590,-100,-75.0,40,5.0,14.0,-38.35,22.5818,-100,36.02,98.72,1.133569,0.68199,13.2766,0.4474
4599,-100,-70.0,40,1.0,5.0,-82.88,4.9138,-97,99.75,0.38,4.889405,0.876741,0.3792,0.0
4600,-100,-70.0,40,1.0,5.5,-80.9,5.8393,-100,99.01,1.52,5.466101,1.011516,1.6659,0.0
4601,-100,-70.0,40,1.0,6.0,-80.28,6.2656,-100,97.98,3.12,3.438447,0.993405,3.4958,0.0001
4602,-100,-70.0,40,1.0,6.5,-84.31,6.8445,-100,98.77,1.91,3.905822,0.713156,1.4107,0.0007
4603,-100,-70.0,40,1.0,7.0,-83.63,7.2423,-100,98.28,2.66,4.257242,1.502456,2.1659,0.0012
4605,-100,-70.0,40,1.0,8.0,-82.6,8.263,-100,96.42,5.52,3.892532,1.655968,4.0698,0.0044
4604,-100,-70.0,40,1.0,7.5,-82.41,8.0291,-100,96.67,5.13,4.03661,1.407085,3.7992,0.0032
4606,-100,-70.0,40,1.0,8.5,-83.26,8.9241,-100,96.06,6.08,4.329987,1.181213,3.7151,0.0078
4607,-100,-70.0,40,1.0,9.0,-84.35,8.7922,-100,95.27,7.29,4.318799,1.381929,2.6126,0.0101
4608,-100,-70.0,40,1.0,9.5,-82.62,9.7236,-100,94.25,8.87,4.704564,1.246512,4.724,0.0119
4609,-100,-70.0,40,1.0,10.0,-84.55,9.603,-100,93.72,9.7,4.084031,1.092903,4.1767,0.0249
4610,-100,-70.0,40,1.0,10.5,-83.38,10.323,-100,91.21,13.56,3.731449,1.19563,5.9808,0.0295
4611,-100,-70.0,40,1.0,11.0,-83.68,10.6679,-100,92.45,11.65,4.347268,1.150616,4.3882,0.0291
4612,-100,-70.0,40,1.0,11.5,-83.67,10.6674,-100,89.92,15.54,3.622487,0.976049,5.5566,0.042
4613,-100,-70.0,40,1.0,12.0,-83.81,11.2691,-100,90.15,15.19,4.065144,1.927058,6.1275,0.0366
4615,-100,-70.0,40,1.0,13.0,-84.52,11.5819,-100,90.81,14.18,4.733488,1.549514,3.1027,0.0589
4614,-100,-70.0,40,1.0,12.5,-83.84,11.5958,-100,89.26,16.59,3.986231,0.923212,4.8174,0.0491
4618,-100,-70.0,40,1.25,1.0,-75.89,1.255,-79,99.94,0.09,3.284806,0.819144,0.1391,0.0
4616,-100,-70.0,40,1.0,13.5,-84.09,12.2727,-100,88.37,17.95,4.165985,1.214872,3.928,0.0765
4617,-100,-70.0,40,1.0,14.0,-82.28,12.9251,-100,85.86,21.82,3.499561,1.392379,9.1445,0.0593
4619,-100,-70.0,40,1.25,1.5,-73.79,1.8733,-79,99.73,0.41,6.623589,1.004467,0.7074,0.0
4620,-100,-70.0,40,1.25,2.0,-73.43,2.285,-81,99.2,1.23,4.193682,0.685436,2.2059,0.0
4621,-100,-70.0,40,1.25,2.5,-76.5,2.7569,-85,99.71,0.45,3.683609,0.55945,0.6242,0.0
4622,-100,-70.0,40,1.25,3.0,-76.7,3.0831,-85,99.55,0.69,4.980522,1.168136,1.0756,0.0
4623,-100,-70.0,40,1.25,3.5,-76.3,3.6071,-91,99.02,1.51,6.350379,2.880482,1.9193,0.0
4624,-100,-70.0,40,1.25,4.0,-76.51,4.213,-95,98.18,2.81,3.328103,1.057156,3.6511,0.0
4625,-100,-70.0,40,1.25,4.5,-78.18,4.7933,-96,98.45,2.39,4.143681,1.126534,2.6655,0.0
4627,-100,-70.0,40,1.25,5.5,-79.27,5.7997,-100,97.98,3.12,5.694272,2.712313,2.4583,0.0003
4626,-100,-70.0,40,1.25,5.0,-76.91,5.3932,-96,96.77,4.99,3.350448,1.035581,5.5353,0.0004
4628,-100,-70.0,40,1.25,6.0,-76.89,6.7017,-100,95.69,6.64,5.013307,1.592463,5.5341,0.0003
4629,-100,-70.0,40,1.25,6.5,-78.48,7.2322,-100,95.42,7.08,4.48164,1.44595,5.4629,0.0037
4630,-100,-70.0,40,1.25,7.0,-77.84,8.3162,-100,94.46,8.55,4.574499,1.062736,6.1822,0.0017
4631,-100,-70.0,40,1.25,7.5,-79.72,8.0258,-100,93.78,9.6,4.539043,1.255273,5.3756,0.0082
4632,-100,-70.0,40,1.25,8.0,-79.72,8.8109,-100,93.43,10.13,4.279547,0.899591,6.0699,0.0075
4633,-100,-70.0,40,1.25,8.5,-80.72,9.1497,-100,92.62,11.38,4.238501,1.15372,4.8742,0.0085
4634,-100,-70.0,40,1.25,9.0,-77.92,9.8028,-100,88.19,18.22,3.289619,1.498249,11.0486,0.0196
4635,-100,-70.0,40,1.25,9.5,-79.41,9.9301,-100,90.6,14.52,4.149743,1.951598,8.7638,0.0178
4636,-100,-70.0,40,1.25,10.0,-80.03,10.6219,-100,90.4,14.81,3.958881,1.685238,8.1355,0.0334
4637,-100,-70.0,40,1.25,10.5,-81.47,10.3873,-100,89.06,16.89,4.090023,1.298956,6.0802,0.0239
4638,-100,-70.0,40,1.25,11.0,-81.31,11.0898,-100,88.24,18.14,3.761661,1.059972,6.9139,0.0243
4639,-100,-70.0,40,1.25,11.5,-80.89,11.4791,-100,86.5,20.83,3.908031,1.173301,4.9711,0.0776
4640,-100,-70.0,40,1.25,12.0,-80.73,12.1983,-100,87.55,19.21,4.082806,1.296192,6.6673,0.0469
4645,-100,-70.0,40,1.5,1.0,-71.78,1.3302,-80,98.18,2.81,5.826584,2.583594,3.9105,0.0
4641,-100,-70.0,40,1.25,12.5,-80.01,12.4437,-100,85.13,22.96,3.706711,0.918572,7.2647,0.0658
4642,-100,-70.0,40,1.25,13.0,-80.76,12.448,-100,85.0,23.14,3.624511,1.514242,7.97,0.0315
4643,-100,-70.0,40,1.25,13.5,-79.94,13.2526,-100,84.07,24.59,3.555026,1.381709,9.8777,0.0537
4646,-100,-70.0,40,1.5,1.5,-71.98,1.7438,-81,97.34,4.1,3.829732,0.988454,5.8519,0.0
4644,-100,-70.0,40,1.25,14.0,-80.8,13.2206,-100,83.86,24.91,3.769979,1.469169,7.8299,0.075
4647,-100,-70.0,40,1.5,2.0,-71.43,2.2578,-83,96.17,5.91,4.338088,1.199795,7.1909,0.0
4648,-100,-70.0,40,1.5,2.5,-71.86,3.3331,-85,97.27,4.21,5.017981,2.047016,5.2251,0.0
4649,-100,-70.0,40,1.5,3.0,-71.71,3.235,-87,95.55,6.87,4.340736,1.060104,8.1507,0.0
4650,-100,-70.0,40,1.5,3.5,-72.9,4.2924,-91,96.4,5.55,4.68495,2.130355,6.2715,0.0
4651,-100,-70.0,40,1.5,4.0,-72.36,5.0166,-93,93.98,9.29,4.002511,1.44188,9.0341,0.0
4652,-100,-70.0,40,1.5,4.5,-73.46,5.3005,-94,93.9,9.42,3.596261,1.004998,9.2438,0.0003
4654,-100,-70.0,40,1.5,5.5,-74.9,6.3875,-100,93.83,9.51,4.018007,1.498608,8.6475,0.0001
4653,-100,-70.0,40,1.5,5.0,-72.72,5.9839,-94,92.62,11.39,3.855535,1.644269,10.3661,0.0003
4656,-100,-70.0,40,1.5,6.5,-74.07,7.8997,-100,91.03,13.84,3.521283,1.758068,11.7339,0.0064
4655,-100,-70.0,40,1.5,6.0,-73.22,7.0845,-100,88.64,17.53,2.781812,1.575377,15.6656,0.0027
4657,-100,-70.0,40,1.5,7.0,-76.47,7.9319,-100,90.58,14.53,3.844692,0.932853,8.7174,0.0106
4658,-100,-70.0,40,1.5,7.5,-75.56,8.8923,-100,88.54,17.69,3.794202,1.390513,9.9678,0.0089
4659,-100,-70.0,40,1.5,8.0,-74.99,9.4868,-100,87.82,18.79,3.712248,1.831568,11.1497,0.0208
4660,-100,-70.0,40,1.5,8.5,-75.91,9.8707,-100,88.42,17.87,4.023717,1.862386,9.8681,0.0244
4661,-100,-70.0,40,1.5,9.0,-77.26,9.7335,-100,86.96,20.12,4.053415,1.268078,8.0348,0.023
4662,-100,-70.0,40,1.5,9.5,-76.71,10.8445,-100,87.1,19.9,3.937567,1.845231,9.1958,0.0238
4663,-100,-70.0,40,1.5,10.0,-77.34,10.7952,-100,84.84,23.4,3.397394,1.676707,11.1121,0.0355
4664,-100,-70.0,40,1.5,10.5,-76.94,11.3265,-100,84.52,23.89,3.790277,1.431782,9.59,0.0477
4666,-100,-70.0,40,1.5,11.5,-76.44,12.3824,-100,83.53,25.41,3.655226,2.10801,12.9216,0.0375
4665,-100,-70.0,40,1.5,11.0,-77.5,12.1308,-100,84.12,24.51,3.65145,1.407962,8.951,0.0526
4667,-100,-70.0,40,1.5,12.0,-78.0,12.3492,-100,82.76,26.6,3.712378,1.248888,7.1224,0.089
4668,-100,-70.0,40,1.5,12.5,-76.34,13.2109,-100,81.09,29.18,3.518154,1.36701,9.9471,0.0991
4669,-100,-70.0,40,1.5,13.0,-78.3,12.9126,-100,82.8,26.54,3.937487,1.30003,6.4146,0.0929
4672,-100,-70.0,40,1.75,1.0,-66.97,1.6564,-78,81.33,28.81,0.795652,0.721243,33.9683,0.0
4670,-100,-70.0,40,1.5,13.5,-78.36,13.6391,-100,82.58,26.88,3.781445,1.155246,7.4723,0.1025
4671,-100,-70.0,40,1.5,14.0,-78.0,14.0624,-100,82.34,27.25,3.808578,1.63997,7.03,0.0689
4673,-100,-70.0,40,1.75,1.5,-69.0,2.1551,-81,88.91,17.11,1.684702,1.189976,20.5839,0.0
4674,-100,-70.0,40,1.75,2.0,-67.34,3.2059,-83,85.39,22.55,1.368588,1.326876,27.2847,0.0
4675,-100,-70.0,40,1.75,2.5,-67.69,3.4232,-88,87.55,19.21,1.749645,1.337441,21.3196,0.0
4677,-100,-70.0,40,1.75,3.5,-68.08,4.6365,-91,83.99,24.69,1.420677,1.258496,27.1801,0.0
4676,-100,-70.0,40,1.75,3.0,-67.66,3.7185,-87,81.79,28.11,0.908207,0.914254,32.7191,0.0
4678,-100,-70.0,40,1.75,4.0,-68.03,5.5458,-93,86.14,21.39,1.814114,1.347327,22.6296,0.0003
4679,-100,-70.0,40,1.75,4.5,-70.47,6.2997,-93,89.82,15.71,3.204875,1.510458,12.5399,0.0006
4680,-100,-70.0,40,1.75,5.0,-69.65,6.991,-98,87.17,19.8,2.734745,1.904119,17.8803,0.0019
4681,-100,-70.0,40,1.75,5.5,-71.15,7.0768,-98,86.4,20.98,2.827187,2.000281,16.9192,0.0049
4682,-100,-70.0,40,1.75,6.0,-70.76,7.533,-100,85.23,22.79,2.591715,1.656444,18.1067,0.0033
4683,-100,-70.0,40,1.75,6.5,-71.21,8.1941,-100,82.6,26.85,2.487138,1.996149,20.9046,0.0046
4684,-100,-70.0,40,1.75,7.0,-68.73,8.8349,-100,79.68,31.37,2.259738,2.060202,24.6658,0.0057
4685,-100,-70.0,40,1.75,7.5,-71.38,9.0946,-100,79.21,32.09,2.518991,1.557303,18.7645,0.0125
4686,-100,-70.0,40,1.75,8.0,-73.56,9.6759,-100,83.08,26.12,3.494999,1.693762,12.355,0.0365
4687,-100,-70.0,40,1.75,8.5,-71.61,10.3294,-100,79.82,31.14,2.698399,1.792818,18.9435,0.0406
4689,-100,-70.0,40,1.75,9.5,-73.13,11.1425,-100,81.22,28.98,3.500641,1.983464,12.2781,0.0378
4688,-100,-70.0,40,1.75,9.0,-72.93,11.0533,-100,82.55,26.94,3.288741,1.34256,10.9159,0.0287
4690,-100,-70.0,40,1.75,10.0,-74.6,11.588,-100,82.09,27.63,3.424801,1.593386,12.5011,0.0718
4691,-100,-70.0,40,1.75,10.5,-72.78,12.3463,-100,79.63,31.44,3.258396,1.90754,13.8489,0.0773
4692,-100,-70.0,40,1.75,11.0,-75.05,12.0334,-100,81.1,29.17,3.656039,1.084906,7.3576,0.0738
4694,-100,-70.0,40,1.75,12.0,-74.33,13.4698,-100,79.37,31.85,3.495483,1.654975,10.5614,0.092
4695,-100,-70.0,40,1.75,12.5,-74.53,13.4153,-100,78.02,33.92,3.182421,1.587182,13.0139,0.087
4693,-100,-70.0,40,1.75,11.5,-73.18,13.1197,-100,77.69,34.43,2.983382,1.886802,14.8474,0.0491
4696,-100,-70.0,40,1.75,13.0,-73.32,14.0636,-100,75.6,37.66,2.977111,1.784071,16.7144,0.0856
4697,-100,-70.0,40,1.75,13.5,-72.34,14.436,-100,74.84,38.83,2.780155,2.212696,18.3858,0.076
4698,-100,-70.0,40,1.75,14.0,-75.04,14.5095,-100,76.53,36.2,3.191868,1.238626,9.5619,0.1135
4699,-100,-70.0,40,2.0,1.0,-63.57,2.5549,-79,76.65,36.04,0.748705,1.677029,40.53,0.0
4700,-100,-70.0,40,2.0,1.5,-63.14,3.3483,-81,78.87,32.6,0.821679,1.08363,36.3877,0.0
4702,-100,-70.0,40,2.0,2.5,-63.28,4.6286,-87,77.25,35.1,1.270773,1.651075,35.1545,0.0
4701,-100,-70.0,40,2.0,2.0,-65.61,3.4262,-83,75.87,37.22,1.136939,1.669628,37.0263,0.0
4703,-100,-70.0,40,2.0,3.0,-63.65,4.8684,-87,76.23,36.69,1.187754,1.77177,36.7921,0.0001
4704,-100,-70.0,40,2.0,3.5,-64.52,5.2065,-89,73.38,41.09,1.133599,1.733615,37.959,0.0002
4706,-100,-70.0,40,2.0,4.5,-65.91,6.8179,-91,73.66,40.63,1.514951,2.135579,35.4092,0.0017
4705,-100,-70.0,40,2.0,4.0,-65.26,6.3286,-90,74.96,38.62,1.615928,1.900954,33.4813,0.0006
4707,-100,-70.0,40,2.0,5.0,-65.41,7.3295,-99,72.88,41.87,1.424125,1.366364,33.2304,0.0025
4708,-100,-70.0,40,2.0,5.5,-65.28,8.0414,-97,72.39,42.6,1.74921,2.177878,33.3493,0.015
4709,-100,-70.0,40,2.0,6.0,-68.25,7.8795,-100,74.29,39.65,2.133023,1.896146,27.0001,0.0208
4710,-100,-70.0,40,2.0,6.5,-66.67,9.0625,-100,73.22,41.33,1.999929,1.969096,30.5122,0.0204
4711,-100,-70.0,40,2.0,7.0,-68.05,9.4296,-100,75.06,38.46,2.18964,1.966714,26.0018,0.0341
4712,-100,-70.0,40,2.0,7.5,-68.43,9.2272,-100,72.74,42.06,2.140275,1.926735,23.9409,0.0266
4714,-100,-70.0,40,2.0,8.5,-69.27,10.9106,-100,76.59,36.13,2.750383,1.855767,19.7545,0.0493
4713,-100,-70.0,40,2.0,8.0,-68.75,10.5866,-100,75.56,37.72,2.546385,1.794953,21.1819,0.0262
4716,-100,-70.0,40,2.0,9.5,-68.92,12.4594,-100,75.21,38.25,2.873268,1.649535,15.3299,0.0766
4715,-100,-70.0,40,2.0,9.0,-67.85,11.0509,-100,70.15,46.08,2.092671,2.242288,30.3296,0.0485
4717,-100,-70.0,40,2.0,10.0,-68.28,11.9856,-100,70.72,45.19,2.335393,1.919079,25.966,0.045
4718,-100,-70.0,40,2.0,10.5,-68.77,13.0233,-100,73.8,40.44,2.710597,1.743944,18.2317,0.0571
4719,-100,-70.0,40,2.0,11.0,-68.77,13.1928,-100,72.14,42.98,2.523182,1.820653,21.7429,0.0745
4721,-100,-70.0,40,2.0,12.0,-69.89,14.2064,-100,74.41,39.49,2.993937,1.583698,13.192,0.0997
4720,-100,-70.0,40,2.0,11.5,-70.62,12.9296,-100,72.91,41.79,2.682505,1.787747,18.424,0.08
4722,-100,-70.0,40,2.0,12.5,-71.95,13.7364,-100,75.44,37.9,3.178784,1.433572,9.7803,0.0909
4723,-100,-70.0,40,2.0,13.0,-70.1,14.1633,-100,71.06,44.65,2.567667,1.760986,19.3424,0.0833
4724,-100,-70.0,40,2.0,13.5,-71.31,14.6198,-100,74.74,38.97,3.094455,1.672208,10.7942,0.0661
4726,-100,-70.0,40,2.25,1.0,-60.35,5.0665,-79,75.76,37.41,1.347229,1.75333,35.312,0.0
4725,-100,-70.0,40,2.0,14.0,-70.13,15.1927,-100,71.41,44.11,2.803302,1.58671,15.4412,0.1251
4727,-100,-70.0,40,2.25,1.5,-61.0,5.7779,-81,66.41,51.86,0.887812,0.830279,39.1841,0.0
4728,-100,-70.0,40,2.25,2.0,-62.06,5.4777,-81,68.96,47.87,1.036505,1.368307,39.18,0.0
4730,-100,-70.0,40,2.25,3.0,-62.09,6.0861,-85,73.96,40.18,1.647544,2.17195,35.255,0.0003
4731,-100,-70.0,40,2.25,3.5,-63.07,6.5368,-87,67.48,50.18,1.187528,1.596709,38.3358,0.0002
4729,-100,-70.0,40,2.25,2.5,-62.81,6.119,-87,64.93,54.11,1.146739,1.226153,35.6724,0.0001
4732,-100,-70.0,40,2.25,4.0,-63.17,7.4787,-92,70.51,45.49,1.7187,2.132018,33.5161,0.0064
4733,-100,-70.0,40,2.25,4.5,-63.48,7.6889,-92,70.01,46.28,1.579845,1.56164,32.509,0.0081
4734,-100,-70.0,40,2.25,5.0,-64.42,7.5762,-98,65.94,52.59,1.704352,1.896827,32.7526,0.0066
4735,-100,-70.0,40,2.25,5.5,-63.37,9.2124,-98,67.63,49.96,1.775033,1.784666,32.3558,0.0163
4736,-100,-70.0,40,2.25,6.0,-65.8,9.0678,-100,72.32,42.7,2.294373,1.51465,19.9813,0.031
4737,-100,-70.0,40,2.25,6.5,-64.93,10.1708,-100,67.47,50.2,1.964464,1.74079,27.1421,0.0289
4738,-100,-70.0,40,2.25,7.0,-65.08,9.3972,-100,66.15,52.24,1.90438,1.772921,29.0822,0.0203
4740,-100,-70.0,40,2.25,8.0,-65.52,10.7999,-100,67.11,50.76,2.085928,1.643176,25.6166,0.0493
4739,-100,-70.0,40,2.25,7.5,-65.16,10.3867,-100,65.64,53.05,2.033541,1.781614,25.0133,0.0474
4741,-100,-70.0,40,2.25,8.5,-65.15,11.4429,-100,64.88,54.2,1.987976,1.891469,25.5805,0.0964
4742,-100,-70.0,40,2.25,9.0,-67.72,11.2534,-100,70.02,46.27,2.47676,1.354059,17.0007,0.0954
4743,-100,-70.0,40,2.25,9.5,-66.25,12.4817,-100,68.17,49.13,2.364211,1.785416,20.937,0.0911
4745,-100,-70.0,40,2.25,10.5,-66.81,13.4341,-100,69.2,47.51,2.517871,1.753106,21.266,0.1288
4744,-100,-70.0,40,2.25,10.0,-65.11,12.8586,-100,67.05,50.83,2.2153,1.840685,23.596,0.0467
4746,-100,-70.0,40,2.25,11.0,-67.24,13.9017,-100,69.17,47.57,2.586414,1.534125,13.5564,0.1225
4747,-100,-70.0,40,2.25,11.5,-65.97,13.6283,-100,63.8,55.87,2.125369,1.779328,27.0377,0.1143
4748,-100,-70.0,40,2.25,12.0,-65.91,13.984,-100,65.57,53.14,2.273854,2.037159,27.6021,0.1065
4749,-100,-70.0,40,2.25,12.5,-66.64,14.761,-100,66.44,51.78,2.333083,1.589178,19.6098,0.1496
4750,-100,-70.0,40,2.25,13.0,-66.56,15.0385,-100,67.55,50.07,2.417441,1.703852,20.4921,0.1136
4752,-100,-70.0,40,2.25,14.0,-67.36,16.0105,-100,70.14,46.09,2.696711,1.708683,14.9085,0.0998
4751,-100,-70.0,40,2.25,13.5,-68.5,15.0918,-100,69.07,47.74,2.714867,1.360266,9.0781,0.1017
4753,-100,-70.0,40,2.5,1.0,-60.59,6.9468,-81,59.01,63.24,1.11103,1.16513,37.7354,0.0
4754,-100,-70.0,40,2.5,1.5,-59.79,6.6109,-82,54.05,70.91,0.902421,1.212294,42.9974,0.0004
4755,-100,-70.0,40,2.5,2.0,-61.13,7.5102,-82,58.38,64.23,1.239153,1.364228,36.6416,0.0002
4757,-100,-70.0,40,2.5,3.0,-60.15,8.3006,-84,59.4,62.67,1.33811,1.574658,36.3323,0.003
4756,-100,-70.0,40,2.5,2.5,-61.32,7.0915,-85,56.86,66.59,1.109406,1.235576,38.5896,0.0026
4758,-100,-70.0,40,2.5,3.5,-60.35,8.2054,-87,59.7,62.19,1.455621,1.626628,34.7267,0.0084
4759,-100,-70.0,40,2.5,4.0,-61.05,8.0662,-90,60.87,60.37,1.410961,1.406783,33.2839,0.0073
4761,-100,-70.0,40,2.5,5.0,-61.72,9.0018,-94,64.94,54.1,1.71963,1.647134,29.7777,0.0503
4760,-100,-70.0,40,2.5,4.5,-61.49,9.2833,-92,57.29,65.91,1.521627,1.295054,29.4607,0.0384
4763,-100,-70.0,40,2.5,6.0,-63.42,10.0265,-95,65.15,53.77,2.106231,1.672849,22.0247,0.0612
4762,-100,-70.0,40,2.5,5.5,-62.44,9.7133,-95,62.07,58.51,1.76663,1.636608,29.2505,0.0883
4764,-100,-70.0,40,2.5,6.5,-61.93,10.7531,-99,60.65,60.73,1.732521,1.369835,26.0096,0.0345
4765,-100,-70.0,40,2.5,7.0,-60.68,10.2648,-100,55.31,68.95,1.524341,2.160742,33.7237,0.0429
4768,-100,-70.0,40,2.5,8.5,-64.12,12.0898,-100,65.71,52.89,2.238591,1.579988,20.3244,0.1295
4766,-100,-70.0,40,2.5,7.5,-62.21,10.8303,-100,57.19,66.07,1.631226,1.590518,30.7868,0.0797
4767,-100,-70.0,40,2.5,8.0,-62.72,11.1496,-100,59.63,62.29,1.860368,1.857788,29.2298,0.0947
4769,-100,-70.0,40,2.5,9.0,-61.77,13.5885,-100,63.66,56.05,2.092969,1.761788,27.331,0.1311
4770,-100,-70.0,40,2.5,9.5,-61.13,13.2966,-100,60.88,60.37,1.959038,1.849781,29.4051,0.1179
4772,-100,-70.0,40,2.5,10.5,-62.43,13.7161,-100,63.74,55.94,2.152042,1.713197,25.2879,0.1197
4771,-100,-70.0,40,2.5,10.0,-62.79,12.6083,-100,60.89,60.37,1.982304,1.939523,27.7986,0.0859
4773,-100,-70.0,40,2.5,11.0,-63.24,14.1826,-100,65.32,53.52,2.347628,1.732327,19.1971,0.1179
4775,-100,-70.0,40,2.5,12.0,-64.0,15.0885,-100,65.0,54.0,2.289016,1.562672,19.4398,0.1209
4774,-100,-70.0,40,2.5,11.5,-65.82,14.0323,-100,65.16,53.77,2.328886,0.876438,9.3085,0.2282
4776,-100,-70.0,40,2.5,12.5,-63.32,15.6871,-100,62.45,57.94,2.142425,1.537071,21.9357,0.1873
4777,-100,-70.0,40,2.5,13.0,-62.92,15.7213,-100,60.86,60.41,2.062581,1.547292,21.3852,0.1416
4778,-100,-70.0,40,2.5,13.5,-64.94,15.7626,-100,65.75,52.84,2.444907,1.454534,13.4784,0.1118
4779,-100,-70.0,40,2.5,14.0,-64.02,16.4153,-100,62.76,57.47,2.220856,1.451798,16.6606,0.1236
4780,-100,-70.0,40,2.75,1.0,-59.21,8.3452,-79,53.64,71.54,1.048954,0.791479,34.5646,0.0027
4781,-100,-70.0,40,2.75,1.5,-61.18,7.7305,-78,56.49,67.15,1.300441,1.30792,32.8846,0.0001
4782,-100,-70.0,40,2.75,2.0,-59.3,8.9674,-82,48.76,79.06,1.039715,0.895624,34.5155,0.004
4784,-100,-70.0,40,2.75,3.0,-60.24,8.2636,-85,53.2,72.24,1.232928,1.573255,35.6318,0.01
4783,-100,-70.0,40,2.75,2.5,-59.56,8.8174,-82,52.46,73.37,1.117778,0.851799,32.9458,0.0071
4785,-100,-70.0,40,2.75,3.5,-59.86,8.7319,-87,53.34,71.98,1.299138,1.291178,31.5464,0.0432
4786,-100,-70.0,40,2.75,4.0,-58.32,9.5216,-96,53.86,71.18,1.281012,1.140832,32.2475,0.0233
4787,-100,-70.0,40,2.75,4.5,-58.44,10.4919,-93,53.82,71.23,1.441765,1.23126,29.8244,0.0263
4788,-100,-70.0,40,2.75,5.0,-59.16,10.4217,-94,55.92,68.0,1.579239,1.466634,28.0686,0.0622
4789,-100,-70.0,40,2.75,5.5,-59.87,10.0801,-95,53.59,71.61,1.446071,1.577559,33.2712,0.0607
4790,-100,-70.0,40,2.75,6.0,-59.43,10.9692,-96,51.32,75.12,1.439817,1.189794,28.4462,0.0944
4792,-100,-70.0,40,2.75,7.0,-60.61,11.8472,-100,57.46,65.63,1.766243,1.326054,24.09,0.1433
4791,-100,-70.0,40,2.75,6.5,-59.04,11.4622,-99,54.99,69.49,1.599226,1.735143,30.7236,0.0639
4793,-100,-70.0,40,2.75,7.5,-59.88,12.0366,-100,56.22,67.55,1.714893,1.327567,24.2893,0.1099
4794,-100,-70.0,40,2.75,8.0,-60.4,12.2316,-100,57.04,66.29,1.838536,1.463079,24.4679,0.1625
4796,-100,-70.0,40,2.75,9.0,-59.96,13.2856,-100,58.97,63.33,1.91717,1.506659,23.648,0.131
4797,-100,-70.0,40,2.75,9.5,-60.05,13.1084,-100,56.78,66.68,1.837061,2.015903,26.9893,0.1034
4795,-100,-70.0,40,2.75,8.5,-60.4,12.601,-100,54.69,69.93,1.699626,1.242674,22.4707,0.1581
4798,-100,-70.0,40,2.75,10.0,-60.29,13.4181,-100,58.25,64.42,1.880091,1.47307,25.78,0.1243
4800,-100,-70.0,40,2.75,11.0,-62.17,14.2304,-100,60.21,61.4,2.06861,1.030344,12.7757,0.2248
4799,-100,-70.0,40,2.75,10.5,-60.1,14.383,-100,57.09,66.26,1.875845,1.572074,24.6299,0.1399
4801,-100,-70.0,40,2.75,11.5,-60.82,14.6598,-100,58.16,64.53,1.895793,1.617676,23.7766,0.1147
4804,-100,-70.0,40,2.75,13.0,-59.44,16.4874,-100,60.76,60.55,2.074934,1.918076,25.5669,0.1362
4803,-100,-70.0,40,2.75,12.5,-60.58,15.6574,-100,60.59,60.82,2.10716,1.508977,17.969,0.1512
4802,-100,-70.0,40,2.75,12.0,-60.41,15.6097,-100,57.07,66.22,1.867198,1.285029,19.7732,0.1793
4805,-100,-70.0,40,2.75,13.5,-62.53,16.7172,-100,62.94,57.17,2.230146,0.993934,11.0839,0.2475
4806,-100,-70.0,40,2.75,14.0,-60.91,17.0586,-100,61.46,59.45,2.131612,1.520378,17.7027,0.1219
4807,-100,-70.0,40,3.0,1.0,-57.31,9.8831,-78,46.99,81.76,1.132832,0.997063,31.1359,0.0044
4809,-100,-70.0,40,3.0,2.0,-58.26,9.2745,-82,47.09,81.64,1.218411,0.935173,27.9191,0.0307
4810,-100,-70.0,40,3.0,2.5,-57.64,9.8097,-84,48.17,80.01,1.267382,1.064304,28.8251,0.0242
4808,-100,-70.0,40,3.0,1.5,-56.74,9.5343,-79,37.28,96.71,0.80478,0.761758,36.7948,0.0012
4812,-100,-70.0,40,3.0,3.5,-57.82,9.7426,-87,47.15,81.56,1.22133,1.046912,30.4916,0.0532
4811,-100,-70.0,40,3.0,3.0,-58.11,9.0493,-85,43.34,87.4,1.051434,1.0888,34.0135,0.043
4813,-100,-70.0,40,3.0,4.0,-57.04,10.6616,-89,46.81,82.07,1.182296,1.161866,31.6555,0.0389
4814,-100,-70.0,40,3.0,4.5,-58.25,10.1471,-87,46.41,82.7,1.379827,1.307691,27.9284,0.1415
4816,-100,-70.0,40,3.0,5.5,-57.58,11.7732,-92,51.11,75.4,1.517356,1.20341,25.4632,0.1054
4815,-100,-70.0,40,3.0,5.0,-57.13,11.6195,-90,50.05,77.1,1.433555,1.212665,28.0355,0.1239
4817,-100,-70.0,40,3.0,6.0,-57.8,11.4668,-96,46.88,81.96,1.38713,1.194687,24.8361,0.1157
4818,-100,-70.0,40,3.0,6.5,-59.12,12.1025,-99,50.97,75.64,1.526214,1.055234,21.4752,0.1301
4819,-100,-70.0,40,3.0,7.0,-57.82,11.9898,-99,49.57,77.8,1.482187,1.199141,23.8683,0.1109
4821,-100,-70.0,40,3.0,8.0,-58.48,13.2266,-100,53.92,71.09,1.733163,1.458625,20.8528,0.1172
4820,-100,-70.0,40,3.0,7.5,-57.77,12.7453,-100,52.98,72.59,1.646457,1.073926,19.5071,0.1371
4823,-100,-70.0,40,3.0,9.0,-58.54,13.8526,-100,55.48,68.7,1.794265,1.104445,16.4449,0.2153
4822,-100,-70.0,40,3.0,8.5,-57.59,13.3213,-100,53.42,71.82,1.707387,1.263849,20.5834,0.157
4824,-100,-70.0,40,3.0,9.5,-57.95,13.9847,-100,52.03,74.01,1.664688,1.285198,21.9155,0.1622
4825,-100,-70.0,40,3.0,10.0,-58.07,14.9088,-100,54.5,70.22,1.78168,1.117746,18.1701,0.2223
4827,-100,-70.0,40,3.0,11.0,-58.39,15.2587,-100,55.03,69.37,1.79412,1.246616,18.6326,0.1718
4828,-100,-70.0,40,3.0,11.5,-58.87,14.8734,-100,54.95,69.51,1.798079,1.419932,22.2611,0.1697
4826,-100,-70.0,40,3.0,10.5,-56.35,14.7048,-100,46.94,81.86,1.416936,1.313447,28.5833,0.1624
4829,-100,-70.0,40,3.0,12.0,-58.88,15.895,-100,55.4,68.81,1.835722,1.12547,16.4004,0.2464
4830,-100,-70.0,40,3.0,12.5,-58.26,16.6072,-100,55.93,68.0,1.854394,1.314926,18.9723,0.1491
4831,-100,-70.0,40,3.0,13.0,-56.73,17.0732,-100,53.7,71.45,1.75538,1.177796,21.1098,0.2661
4832,-100,-70.0,40,3.0,13.5,-58.75,16.2196,-100,54.6,70.04,1.777397,1.41522,19.8343,0.1331
4833,-100,-70.0,40,3.0,14.0,-56.8,17.3746,-100,53.14,72.33,1.720273,1.600304,25.1081,0.1292
4835,-100,-70.0,40,3.25,1.5,-55.74,11.0244,-78,41.93,89.62,1.157608,0.922647,24.441,0.0627
4834,-100,-70.0,40,3.25,1.0,-56.53,10.5149,-78,37.41,96.61,1.007756,0.700109,26.1165,0.0208
4836,-100,-70.0,40,3.25,2.0,-53.77,10.8882,-80,42.13,89.29,1.103548,1.071737,28.1248,0.0413
4837,-100,-70.0,40,3.25,2.5,-55.55,10.499,-82,39.84,92.8,1.137677,0.926608,26.0837,0.0943
4838,-100,-70.0,40,3.25,3.0,-56.21,10.655,-83,40.98,91.06,1.187519,0.894529,23.4132,0.0906
4840,-100,-70.0,40,3.25,4.0,-55.89,11.5205,-91,45.12,84.67,1.307832,1.064318,24.9202,0.1501
4839,-100,-70.0,40,3.25,3.5,-56.02,11.301,-86,40.92,91.14,1.188903,0.971105,26.7607,0.1447
4841,-100,-70.0,40,3.25,4.5,-57.01,11.0309,-89,46.59,82.38,1.356714,1.001178,24.8435,0.1371
4842,-100,-70.0,40,3.25,5.0,-55.04,12.5721,-91,49.57,77.83,1.519546,1.115154,21.531,0.1188
4843,-100,-70.0,40,3.25,5.5,-56.05,12.6647,-95,44.66,85.41,1.375418,0.932107,18.2255,0.1559
4844,-100,-70.0,40,3.25,6.0,-55.48,11.7311,-92,41.5,90.28,1.25545,1.111156,24.9228,0.1514
4845,-100,-70.0,40,3.25,6.5,-56.04,11.6851,-97,44.79,85.22,1.362786,1.082857,23.7679,0.1932
4847,-100,-70.0,40,3.25,7.5,-56.71,12.9625,-100,51.72,74.5,1.655481,1.18623,20.2035,0.1659
4846,-100,-70.0,40,3.25,7.0,-53.86,13.4809,-98,44.9,85.03,1.3733,1.165864,25.1341,0.1852
4848,-100,-70.0,40,3.25,8.0,-54.34,14.0037,-100,45.54,84.04,1.416486,1.246299,22.6804,0.134
4850,-100,-70.0,40,3.25,9.0,-54.97,14.4814,-100,47.94,80.33,1.50924,1.305892,24.9984,0.1654
4851,-100,-70.0,40,3.25,9.5,-54.85,15.0377,-100,48.57,79.35,1.528337,1.072054,21.3257,0.2186
4849,-100,-70.0,40,3.25,8.5,-54.57,14.5432,-100,46.71,82.26,1.462332,0.942704,19.274,0.2659
4852,-100,-70.0,40,3.25,10.0,-53.86,14.7372,-100,48.07,80.08,1.514206,1.361113,24.9614,0.1436
4853,-100,-70.0,40,3.25,10.5,-55.07,15.6568,-100,49.46,77.99,1.576055,1.078224,20.85,0.2477
4854,-100,-70.0,40,3.25,11.0,-54.47,15.1278,-100,45.68,83.8,1.439427,1.03203,20.0053,0.2319
4855,-100,-70.0,40,3.25,11.5,-54.58,15.6809,-100,46.99,81.81,1.481026,1.350163,25.474,0.1736
4856,-100,-70.0,40,3.25,12.0,-56.22,16.481,-100,49.79,77.49,1.581488,1.094729,17.3494,0.1742
4857,-100,-70.0,40,3.25,12.5,-56.26,15.9631,-100,50.67,76.07,1.637024,1.171633,20.324,0.1989
4858,-100,-70.0,40,3.25,13.0,-54.77,17.2078,-100,48.54,79.4,1.552627,1.189162,19.6799,0.1833
4859,-100,-70.0,40,3.25,13.5,-54.53,17.1997,-100,49.22,78.36,1.564588,1.237197,22.5203,0.2002
4860,-100,-70.0,40,3.25,14.0,-55.33,17.9986,-100,52.17,73.81,1.681172,1.124507,20.3146,0.2696
4861,-100,-70.0,40,3.5,1.0,-51.91,11.6685,-76,38.67,94.62,1.089191,0.984707,27.0628,0.0901
4862,-100,-70.0,40,3.5,1.5,-55.41,10.1599,-77,38.04,95.64,1.06766,0.931648,29.1448,0.1094
4864,-100,-70.0,40,3.5,2.5,-52.79,11.7055,-82,39.24,93.75,1.170338,1.158699,27.5718,0.134
4863,-100,-70.0,40,3.5,2.0,-54.01,11.1069,-77,33.79,102.18,1.068548,0.748668,17.7573,0.3474
4865,-100,-70.0,40,3.5,3.0,-54.12,11.7236,-81,36.57,97.84,1.149622,0.958485,19.8051,0.169
4866,-100,-70.0,40,3.5,3.5,-52.1,12.862,-84,40.75,91.39,1.249019,0.986819,22.2133,0.2076
4868,-100,-70.0,40,3.5,4.5,-54.81,11.2797,-87,41.32,90.56,1.237566,1.065913,26.8118,0.2355
4867,-100,-70.0,40,3.5,4.0,-52.66,13.7753,-86,42.67,88.5,1.317082,0.83776,18.3549,0.221
4869,-100,-70.0,40,3.5,5.0,-52.78,12.9114,-91,41.05,91.0,1.278941,0.997446,19.7076,0.1585
4870,-100,-70.0,40,3.5,5.5,-51.99,13.553,-91,43.5,87.18,1.368977,0.970353,19.8046,0.261
4871,-100,-70.0,40,3.5,6.0,-53.0,12.906,-92,42.66,88.46,1.334638,1.095756,21.8697,0.1768
4872,-100,-70.0,40,3.5,6.5,-52.91,13.5118,-96,41.78,89.87,1.30359,0.95018,18.3413,0.1543
4874,-100,-70.0,40,3.5,7.5,-53.07,14.3873,-100,41.85,89.69,1.301871,1.0267,22.7353,0.2272
4873,-100,-70.0,40,3.5,7.0,-51.6,13.7375,-99,40.58,91.72,1.248706,1.023942,23.4803,0.1751
4875,-100,-70.0,40,3.5,8.0,-53.67,14.2469,-100,45.56,84.01,1.436605,0.936356,17.952,0.2269
4876,-100,-70.0,40,3.5,8.5,-51.59,15.3293,-100,43.59,87.06,1.348547,1.336546,24.7236,0.1061
4877,-100,-70.0,40,3.5,9.0,-52.96,14.3376,-100,42.43,88.83,1.332844,0.880476,19.739,0.2862
4878,-100,-70.0,40,3.5,9.5,-52.32,16.3242,-100,47.01,81.77,1.478205,0.934555,18.6893,0.2556
4879,-100,-70.0,40,3.5,10.0,-52.49,15.0927,-100,42.14,89.27,1.320339,1.102228,20.1825,0.151
4880,-100,-70.0,40,3.5,10.5,-52.47,16.349,-100,44.89,85.05,1.416271,0.942751,20.1993,0.2731
4881,-100,-70.0,40,3.5,11.0,-52.32,16.3614,-100,43.93,86.52,1.382632,1.035158,20.4653,0.1945
4882,-100,-70.0,40,3.5,11.5,-52.52,17.3664,-100,47.81,80.5,1.531945,0.935608,15.6436,0.2767
4883,-100,-70.0,40,3.5,12.0,-53.96,17.1822,-100,46.08,83.2,1.451219,0.856812,16.2739,0.3128
4884,-100,-70.0,40,3.5,12.5,-53.68,16.9135,-100,46.75,82.15,1.496145,1.009387,17.9694,0.229
4885,-100,-70.0,40,3.5,13.0,-52.81,17.752,-100,49.44,78.03,1.580476,1.067283,19.0277,0.2222
4886,-100,-70.0,40,3.5,13.5,-54.42,17.6588,-100,50.2,76.84,1.623816,0.996602,16.72,0.2662
4887,-100,-70.0,40,3.5,14.0,-51.29,18.763,-100,44.2,86.06,1.395585,0.935693,19.4752,0.2814
4888,-100,-70.0,40,3.75,1.0,-49.71,12.0242,-75,34.07,101.75,1.073966,1.095425,23.332,0.1467
4889,-100,-70.0,40,3.75,1.5,-50.25,13.6206,-75,36.61,97.83,1.160629,0.714725,13.3439,0.467
4890,-100,-70.0,40,3.75,2.0,-51.1,13.7993,-76,33.93,101.94,1.092912,0.65102,10.7578,0.4683
4891,-100,-70.0,40,3.75,2.5,-49.57,13.2532,-79,34.38,101.25,1.099514,0.727131,15.7013,0.3599
4892,-100,-70.0,40,3.75,3.0,-48.95,13.4668,-81,34.09,101.7,1.077433,0.817442,19.456,0.2707
4893,-100,-70.0,40,3.75,3.5,-51.96,13.6691,-81,39.24,93.78,1.222727,0.691284,13.3062,0.4604
4894,-100,-70.0,40,3.75,4.0,-51.73,14.0528,-87,38.19,95.36,1.229099,0.677897,12.0193,0.4153
4895,-100,-70.0,40,3.75,4.5,-51.2,13.4185,-87,37.16,96.94,1.197072,0.73488,14.3927,0.3346
4896,-100,-70.0,40,3.75,5.0,-53.2,12.3483,-86,37.18,96.93,1.170355,0.932742,21.496,0.2551
4897,-100,-70.0,40,3.75,5.5,-50.69,14.0918,-90,39.36,93.55,1.244536,0.867983,18.6138,0.2996
4898,-100,-70.0,40,3.75,6.0,-48.96,13.9879,-89,37.68,96.13,1.186231,0.797391,17.4994,0.3226
4899,-100,-70.0,40,3.75,6.5,-52.26,14.069,-94,37.93,95.78,1.188264,0.728096,16.4779,0.374
4900,-100,-70.0,40,3.75,7.0,-50.96,13.2744,-93,39.69,93.07,1.215584,1.013782,23.4675,0.2237
4901,-100,-70.0,40,3.75,7.5,-49.55,14.737,-97,36.83,97.5,1.123328,1.229183,25.5117,0.1627
4902,-100,-70.0,40,3.75,8.0,-50.07,15.5024,-97,38.52,94.85,1.222388,0.802742,17.2967,0.3206
4905,-100,-70.0,40,3.75,9.5,-49.79,16.5663,-100,44.66,85.38,1.41287,1.004225,19.2857,0.2555
4904,-100,-70.0,40,3.75,9.0,-50.6,15.7414,-100,40.42,91.91,1.261299,0.920464,19.7804,0.2576
4903,-100,-70.0,40,3.75,8.5,-51.73,14.902,-97,41.43,90.35,1.304557,0.76291,12.7937,0.3619
4906,-100,-70.0,40,3.75,10.0,-51.37,16.7122,-100,43.87,86.62,1.386403,0.749487,12.8201,0.3361
4908,-100,-70.0,40,3.75,11.0,-50.39,17.6408,-100,44.82,85.15,1.435709,0.79655,12.1575,0.3194
4907,-100,-70.0,40,3.75,10.5,-50.66,16.4644,-100,43.05,87.9,1.362964,0.910886,17.0275,0.2331
4909,-100,-70.0,40,3.75,11.5,-52.9,17.3077,-100,48.42,79.58,1.556658,0.851877,14.9553,0.3771
4910,-100,-70.0,40,3.75,12.0,-50.69,17.8753,-100,43.44,87.28,1.367535,0.865058,15.1177,0.2447
4911,-100,-70.0,40,3.75,12.5,-50.22,18.0699,-100,45.62,83.91,1.458688,0.779125,11.7252,0.339
4912,-100,-70.0,40,3.75,13.0,-50.17,18.2619,-100,48.97,78.77,1.586233,0.852813,13.7577,0.2846
4913,-100,-70.0,40,3.75,13.5,-50.06,18.2898,-100,45.31,84.41,1.43673,1.009467,18.9466,0.2775
4914,-100,-70.0,40,3.75,14.0,-49.06,19.937,-100,44.61,85.46,1.416747,0.843075,14.5847,0.2897
4915,-100,-70.0,40,4.0,1.0,-50.35,13.3371,-71,32.22,104.55,1.028846,0.58972,8.9987,0.5269
4916,-100,-70.0,40,4.0,1.5,-47.69,13.4212,-74,33.0,103.35,1.074591,0.640966,11.6885,0.4487
4917,-100,-70.0,40,4.0,2.0,-49.51,14.2284,-76,34.98,100.32,1.121299,0.677687,13.2499,0.4835
4918,-100,-70.0,40,4.0,2.5,-49.51,13.4482,-78,35.5,99.53,1.123045,0.785642,16.7669,0.3119
4920,-100,-70.0,40,4.0,3.5,-47.22,14.5229,-80,33.85,102.09,1.081343,0.733237,16.304,0.3598
4919,-100,-70.0,40,4.0,3.0,-47.44,14.9596,-78,35.62,99.33,1.142456,0.678907,13.0792,0.4347
4921,-100,-70.0,40,4.0,4.0,-48.78,13.7843,-81,34.37,101.29,1.089965,0.668137,14.2263,0.4466
4922,-100,-70.0,40,4.0,4.5,-47.57,14.4221,-85,33.06,103.32,1.052511,0.703654,15.6384,0.3705
4923,-100,-70.0,40,4.0,5.0,-48.95,14.1794,-85,35.71,99.23,1.147689,0.733036,14.2948,0.4346
4924,-100,-70.0,40,4.0,5.5,-49.52,13.9276,-87,34.03,101.82,1.097844,0.792011,18.1817,0.2668
4925,-100,-70.0,40,4.0,6.0,-48.3,14.4452,-89,36.98,97.25,1.172522,1.006866,22.1799,0.1938
4926,-100,-70.0,40,4.0,6.5,-44.36,16.7943,-90,42.03,89.47,1.328641,0.95642,21.5347,0.3003
4927,-100,-70.0,40,4.0,7.0,-50.43,15.494,-91,37.29,96.8,1.173865,0.709132,12.9642,0.3837
4928,-100,-70.0,40,4.0,7.5,-46.23,17.1184,-96,40.08,92.5,1.28332,0.724594,13.0956,0.3847
4929,-100,-70.0,40,4.0,8.0,-49.15,15.3298,-99,38.69,94.58,1.223061,0.965696,21.7026,0.2455
4930,-100,-70.0,40,4.0,8.5,-50.39,16.3612,-98,37.79,95.93,1.192969,0.620185,10.4346,0.5088
4932,-100,-70.0,40,4.0,9.5,-48.38,16.9838,-100,40.85,91.26,1.278947,0.749555,14.9761,0.4066
4931,-100,-70.0,40,4.0,9.0,-48.73,16.4824,-100,38.95,94.2,1.22447,0.770138,15.8132,0.3959
4934,-100,-70.0,40,4.0,10.5,-49.31,17.5995,-100,45.0,84.89,1.434728,0.858167,15.5122,0.3294
4933,-100,-70.0,40,4.0,10.0,-46.24,17.4846,-100,36.56,97.91,1.173927,0.788987,16.5527,0.2802
4935,-100,-70.0,40,4.0,11.0,-49.18,17.0566,-100,40.0,92.62,1.251488,0.797457,15.8541,0.2766
4936,-100,-70.0,40,4.0,11.5,-46.33,17.9941,-100,39.69,93.09,1.243544,0.926654,17.5424,0.2349
4937,-100,-70.0,40,4.0,12.0,-45.37,18.2157,-100,40.0,92.59,1.247853,1.060505,22.5696,0.2068
4938,-100,-70.0,40,4.0,12.5,-47.62,18.8337,-100,43.28,87.55,1.386173,0.77987,14.2417,0.3639
4939,-100,-70.0,40,4.0,13.0,-48.23,19.4845,-100,45.39,84.27,1.451897,0.786644,13.4827,0.3833
4940,-100,-70.0,40,4.0,13.5,-48.46,19.3722,-100,41.87,89.72,1.336387,0.706215,11.4046,0.3615
4941,-100,-70.0,40,4.0,14.0,-47.17,20.1459,-100,41.57,90.08,1.322749,0.719146,11.9667,0.3466
4942,-100,-70.0,40,4.25,1.0,-45.19,15.7481,-69,32.22,104.57,1.019321,0.600248,10.1634,0.4876
4944,-100,-70.0,40,4.25,2.0,-46.26,15.8156,-73,33.9,101.96,1.062091,0.75328,17.8433,0.4402
4943,-100,-70.0,40,4.25,1.5,-46.36,14.9446,-71,30.59,107.09,1.013695,0.552197,6.5507,0.5661
4945,-100,-70.0,40,4.25,2.5,-47.19,14.9473,-75,35.39,99.69,1.129211,0.631951,9.5912,0.4548
4946,-100,-70.0,40,4.25,3.0,-46.76,15.3642,-76,31.82,105.18,1.008832,0.625846,12.4099,0.5244
4947,-100,-70.0,40,4.25,3.5,-46.01,15.1935,-80,31.02,106.41,0.990372,0.58873,10.805,0.5349
4948,-100,-70.0,40,4.25,4.0,-46.16,15.3846,-81,32.37,104.36,1.049607,0.65663,12.213,0.4372
4950,-100,-70.0,40,4.25,5.0,-44.57,16.4535,-84,34.4,101.23,1.071531,0.649718,11.917,0.4313
4949,-100,-70.0,40,4.25,4.5,-45.62,16.5053,-84,35.72,99.16,1.141987,0.610905,7.7635,0.5089
4951,-100,-70.0,40,4.25,5.5,-44.89,14.9996,-86,34.37,101.29,1.097831,0.753112,17.1918,0.3573
4952,-100,-70.0,40,4.25,6.0,-45.15,16.4237,-87,32.99,103.4,1.061982,0.61694,10.3125,0.5258
4953,-100,-70.0,40,4.25,6.5,-46.78,15.9001,-92,36.58,97.88,1.169981,0.701798,13.5993,0.4557
4954,-100,-70.0,40,4.25,7.0,-46.63,15.4722,-91,32.96,103.45,1.062527,0.591679,9.4671,0.5371
4955,-100,-70.0,40,4.25,7.5,-45.58,16.1186,-98,37.25,96.83,1.186742,0.685557,11.8006,0.4579
4956,-100,-70.0,40,4.25,8.0,-45.14,16.5007,-94,34.06,101.75,1.086685,0.718579,18.0231,0.457
4957,-100,-70.0,40,4.25,8.5,-43.62,16.7697,-97,37.27,96.81,1.196026,0.704291,13.1986,0.3532
4958,-100,-70.0,40,4.25,9.0,-46.27,16.6801,-100,36.23,98.4,1.156676,0.682125,13.1815,0.3948
4959,-100,-70.0,40,4.25,9.5,-44.13,17.6394,-100,37.81,96.01,1.213268,0.695412,12.8875,0.4116
4962,-100,-70.0,40,4.25,11.0,-44.07,18.5105,-100,37.27,96.78,1.164107,0.683305,13.7146,0.4249
4960,-100,-70.0,40,4.25,10.0,-44.36,18.0592,-98,36.92,97.36,1.125494,0.823107,17.5898,0.255
4961,-100,-70.0,40,4.25,10.5,-44.78,18.3809,-100,37.44,96.53,1.194742,0.814881,17.0762,0.2711
4963,-100,-70.0,40,4.25,11.5,-45.73,18.3059,-100,38.75,94.53,1.21629,0.775413,16.3479,0.3456
4964,-100,-70.0,40,4.25,12.0,-45.35,19.079,-100,38.48,94.94,1.194616,0.652667,12.4931,0.4457
4965,-100,-70.0,40,4.25,12.5,-42.84,19.1735,-100,37.96,95.71,1.180794,0.86252,19.4585,0.2997
4966,-100,-70.0,40,4.25,13.0,-44.78,20.5331,-100,43.58,87.09,1.388361,0.762086,12.8339,0.4025
4967,-100,-70.0,40,4.25,13.5,-44.16,20.2351,-100,38.58,94.78,1.218524,0.717834,13.7388,0.3937
4968,-100,-70.0,40,4.25,14.0,-45.42,20.9279,-100,41.37,90.46,1.319821,0.781596,14.5129,0.3185
4969,-100,-70.0,40,4.5,1.0,-43.94,15.4599,-71,31.9,105.13,1.017609,0.662212,14.2243,0.4582
4971,-100,-70.0,40,4.5,2.0,-43.34,17.2575,-72,34.98,100.32,1.11052,0.6546,10.6402,0.4753
4970,-100,-70.0,40,4.5,1.5,-44.67,15.5866,-70,32.64,103.92,1.053948,0.620288,9.9949,0.5382
4973,-100,-70.0,40,4.5,3.0,-42.87,16.2499,-73,31.95,105.04,1.028072,0.655999,13.3912,0.4822
4972,-100,-70.0,40,4.5,2.5,-42.37,16.5133,-72,32.03,104.84,0.987819,0.643287,13.593,0.449
4974,-100,-70.0,40,4.5,3.5,-43.01,17.7125,-75,32.0,104.98,1.033864,0.591222,10.0603,0.5677
4975,-100,-70.0,40,4.5,4.0,-44.45,15.8011,-80,36.43,98.04,1.171606,0.703216,13.3722,0.4858
4976,-100,-70.0,40,4.5,4.5,-44.18,15.8972,-84,31.85,105.21,1.020062,0.614888,11.4412,0.5509
4977,-100,-70.0,40,4.5,5.0,-45.11,16.9584,-83,32.45,104.21,1.050059,0.618097,11.3768,0.5472
4978,-100,-70.0,40,4.5,5.5,-43.5,16.7936,-85,32.34,104.36,1.04201,0.577683,7.125,0.5526
4979,-100,-70.0,40,4.5,6.0,-41.09,17.9286,-89,35.4,99.69,1.117054,0.673504,12.6351,0.4673
4980,-100,-70.0,40,4.5,6.5,-42.41,16.963,-86,34.44,101.14,1.069037,0.624273,9.7908,0.5214
4981,-100,-70.0,40,4.5,7.0,-44.09,16.6965,-90,35.11,100.11,1.114987,0.678055,13.3174,0.418
4982,-100,-70.0,40,4.5,7.5,-42.58,17.497,-98,31.85,105.14,1.032752,0.619008,14.0716,0.4787
4983,-100,-70.0,40,4.5,8.0,-44.49,16.6639,-96,32.56,104.04,1.0504,0.608961,12.4753,0.5018
4985,-100,-70.0,40,4.5,9.0,-42.24,17.5212,-99,34.23,101.46,1.099005,0.72149,15.7921,0.3744
4984,-100,-70.0,40,4.5,8.5,-40.48,18.2995,-93,34.64,100.86,1.113888,0.685559,14.3433,0.4314
4986,-100,-70.0,40,4.5,9.5,-42.35,18.7194,-100,34.85,100.53,1.11848,0.636689,11.3379,0.5259
4987,-100,-70.0,40,4.5,10.0,-41.53,18.4784,-96,36.36,98.22,1.141631,0.683057,13.0973,0.3935
4988,-100,-70.0,40,4.5,10.5,-41.26,18.7169,-100,37.62,96.23,1.179651,0.885078,19.1006,0.2764
4989,-100,-70.0,40,4.5,11.0,-40.67,19.8546,-100,35.56,99.41,1.159054,0.656668,11.853,0.454
4990,-100,-70.0,40,4.5,11.5,-41.88,19.4447,-100,35.09,100.16,1.126433,0.608864,7.6076,0.4857
4991,-100,-70.0,40,4.5,12.0,-42.36,19.2805,-100,34.98,100.34,1.118753,0.606513,9.6489,0.4881
4992,-100,-70.0,40,4.5,12.5,-42.97,19.5988,-100,36.37,98.2,1.146797,0.640579,10.4683,0.3975
4993,-100,-70.0,40,4.5,13.0,-42.46,20.0989,-100,36.98,97.23,1.185889,0.686632,13.6096,0.4342
4994,-100,-70.0,40,4.5,13.5,-42.77,20.6898,-100,37.21,96.9,1.174126,0.627572,9.5059,0.4404
4995,-100,-70.0,40,4.5,14.0,-43.23,22.2526,-100,43.47,87.2,1.384831,0.770617,12.3151,0.3826
4996,-100,-70.0,40,4.75,1.0,-40.68,17.8833,-69,33.29,102.93,1.050882,0.674076,14.3064,0.4912
4997,-100,-70.0,40,4.75,1.5,-39.53,17.9246,-68,30.81,106.78,0.975641,0.61327,12.6538,0.4954
4998,-100,-70.0,40,4.75,2.0,-40.1,17.1253,-69,32.36,104.32,1.049221,0.626411,11.055,0.4826
4999,-100,-70.0,40,4.75,2.5,-40.59,16.5669,-73,31.83,105.17,1.031097,0.661523,14.7379,0.5152
5000,-100,-70.0,40,4.75,3.0,-39.32,17.7935,-73,29.74,108.41,0.945265,0.583713,10.6284,0.5061
5001,-100,-70.0,40,4.75,3.5,-40.56,16.4844,-76,39.12,93.95,1.209056,0.919502,21.999,0.3554
5002,-100,-70.0,40,4.75,4.0,-37.95,18.2256,-75,34.33,101.34,1.097231,0.691805,13.4386,0.4477
5003,-100,-70.0,40,4.75,4.5,-41.09,17.7777,-78,33.42,102.75,1.0597,0.617559,10.8307,0.5588
5004,-100,-70.0,40,4.75,5.0,-40.25,16.6248,-78,32.4,104.31,1.040209,0.668457,13.8397,0.4293
5005,-100,-70.0,40,4.75,5.5,-40.99,16.8289,-81,32.58,104.01,1.050912,0.65727,13.638,0.4545
5006,-100,-70.0,40,4.75,6.0,-41.62,16.7694,-84,30.82,106.73,0.992869,0.560209,9.4888,0.5768
5007,-100,-70.0,40,4.75,6.5,-39.78,17.5001,-85,32.44,104.22,1.056034,0.676782,14.4266,0.3924
5009,-100,-70.0,40,4.75,7.5,-40.46,18.9571,-96,34.18,101.6,1.099581,0.682519,15.3295,0.3887
5008,-100,-70.0,40,4.75,7.0,-39.9,18.679,-90,31.9,105.09,1.027316,0.622017,12.336,0.4919
5010,-100,-70.0,40,4.75,8.0,-39.51,18.2972,-95,34.66,100.83,1.082574,0.680431,13.6333,0.4299
5011,-100,-70.0,40,4.75,8.5,-39.8,18.7261,-91,38.28,95.26,1.172602,0.680663,10.7892,0.446
5013,-100,-70.0,40,4.75,9.5,-37.25,19.7415,-98,34.38,101.25,1.092691,0.739474,15.8244,0.3935
5012,-100,-70.0,40,4.75,9.0,-37.43,19.1406,-95,34.71,100.73,1.110974,0.643644,11.4372,0.4595
5014,-100,-70.0,40,4.75,10.0,-38.8,19.9538,-99,36.56,97.86,1.147716,0.636696,9.3803,0.4974
5015,-100,-70.0,40,4.75,10.5,-39.54,19.9073,-100,35.7,99.19,1.155552,0.683018,13.5237,0.4739
5016,-100,-70.0,40,4.75,11.0,-40.9,19.1783,-100,36.13,98.56,1.15376,0.633666,9.6203,0.5072
5017,-100,-70.0,40,4.75,11.5,-38.85,19.912,-100,36.44,98.08,1.134095,0.655593,10.968,0.4797
5018,-100,-70.0,40,4.75,12.0,-41.05,20.5158,-100,35.58,99.37,1.13376,0.626907,9.967,0.4813
5020,-100,-70.0,40,4.75,13.0,-40.73,20.8467,-100,36.7,97.64,1.176968,0.604725,6.5888,0.5263
5021,-100,-70.0,40,4.75,13.5,-39.5,21.1904,-100,35.51,99.52,1.141011,0.629115,9.9474,0.5111
5019,-100,-70.0,40,4.75,12.5,-39.79,21.7166,-100,35.73,99.17,1.146033,0.632435,10.4513,0.4576
5022,-100,-70.0,40,4.75,14.0,-37.75,21.4726,-100,36.73,97.61,1.172271,0.771699,17.4595,0.3495
5023,-100,-70.0,40,5.0,1.0,-36.52,17.8975,-65,31.91,105.07,0.978357,0.598623,10.837,0.5183
5024,-100,-70.0,40,5.0,1.5,-37.16,17.7277,-67,30.06,107.96,0.993995,0.608925,11.577,0.5187
5025,-100,-70.0,40,5.0,2.0,-38.32,18.4347,-69,31.74,105.33,1.047242,0.600981,9.9935,0.5604
5026,-100,-70.0,40,5.0,2.5,-37.85,19.1241,-72,30.54,107.19,0.972684,0.587412,11.0497,0.5548
5028,-100,-70.0,40,5.0,3.5,-37.51,18.441,-73,29.61,108.64,0.972115,0.549667,7.11,0.6001
5027,-100,-70.0,40,5.0,3.0,-36.54,17.5772,-71,29.69,108.47,0.973184,0.572095,9.0393,0.5473
5029,-100,-70.0,40,5.0,4.0,-38.07,18.0366,-78,33.41,102.8,1.076962,0.62537,10.0623,0.482
5030,-100,-70.0,40,5.0,4.5,-36.14,18.847,-80,33.38,102.79,1.041978,0.653599,13.0394,0.4699
5031,-100,-70.0,40,5.0,5.0,-37.08,17.9468,-80,32.21,104.62,1.042181,0.630522,11.9319,0.4728
5032,-100,-70.0,40,5.0,5.5,-38.84,18.752,-79,31.23,106.08,1.010985,0.613223,10.695,0.528
5033,-100,-70.0,40,5.0,6.0,-36.85,19.6044,-86,31.58,105.59,1.004118,0.573457,9.5112,0.5401
5034,-100,-70.0,40,5.0,6.5,-37.86,18.1347,-84,33.53,102.63,1.071443,0.619643,9.7848,0.4997
5035,-100,-70.0,40,5.0,7.0,-40.86,17.6381,-89,33.23,103.05,1.036186,0.724903,17.5959,0.4184
5036,-100,-70.0,40,5.0,7.5,-33.6,19.7444,-89,33.55,102.59,1.063219,0.725183,17.7802,0.4399
5037,-100,-70.0,40,5.0,8.0,-36.47,20.4184,-93,33.87,102.01,1.089389,0.638427,12.463,0.4844
5038,-100,-70.0,40,5.0,8.5,-36.95,19.4445,-90,32.45,104.22,1.043931,0.599589,9.0636,0.5626
5039,-100,-70.0,40,5.0,9.0,-36.41,21.04,-94,35.3,99.85,1.14977,0.669907,12.0974,0.4071
5040,-100,-70.0,40,5.0,9.5,-35.31,20.683,-95,33.34,102.87,1.045714,0.608393,11.0059,0.5346
5041,-100,-70.0,40,5.0,10.0,-37.16,20.9448,-96,31.58,105.59,1.015457,0.588598,10.8054,0.4787
5042,-100,-70.0,40,5.0,10.5,-31.53,21.0445,-100,39.12,93.96,1.228272,0.941884,20.7892,0.2795
5050,-100,-65.0,40,1.0,1.0,,,,100.0,0.0,0.0,0.0,0.0,0.0
5051,-100,-65.0,40,1.0,1.5,,,,100.0,0.0,0.0,0.0,0.0,0.0
5052,-100,-65.0,40,1.0,2.0,,,,100.0,0.0,0.0,0.0,0.0,0.0
5043,-100,-70.0,40,5.0,11.0,-35.16,21.9395,-100,32.65,103.96,1.057553,0.597798,9.5825,0.5194
5044,-100,-70.0,40,5.0,11.5,-37.98,20.7743,-100,35.24,99.87,1.129423,0.615351,7.6854,0.5487
5045,-100,-70.0,40,5.0,12.0,-35.35,21.725,-100,32.87,103.55,1.066959,0.609899,10.8486,0.4651
5046,-100,-70.0,40,5.0,12.5,-35.87,20.8986,-100,33.51,102.6,1.053129,0.64062,13.2785,0.3799
5053,-100,-65.0,40,1.0,2.5,,,,100.0,0.0,0.0,0.0,0.0,0.0
5054,-100,-65.0,40,1.0,3.0,,,,100.0,0.0,0.0,0.0,0.0,0.0
5047,-100,-70.0,40,5.0,13.0,-35.97,21.4027,-100,34.65,100.87,1.118039,0.602996,7.5639,0.5239
5055,-100,-65.0,40,1.0,3.5,-81.33,3.2998,-85,100.0,0.01,3.337413,0.473754,0.0074,0.0
5048,-100,-70.0,40,5.0,13.5,-36.8,21.0323,-100,36.82,97.45,1.146534,0.656498,11.782,0.4496
5056,-100,-65.0,40,1.0,4.0,-83.0,2.1602,-86,100.0,0.01,4.09736,0.879499,0.0074,0.0
5059,-100,-65.0,40,1.0,5.5,-81.36,6.0424,-93,99.94,0.1,4.791742,0.760819,0.1324,0.0
5057,-100,-65.0,40,1.0,4.5,-80.15,5.4186,-89,99.98,0.02,3.480201,0.534308,0.0456,0.0
5058,-100,-65.0,40,1.0,5.0,-80.59,4.7838,-91,99.93,0.11,5.278897,1.054669,0.1171,0.0
5049,-100,-70.0,40,5.0,14.0,-37.56,21.9416,-100,35.65,99.24,1.132939,0.638338,11.6534,0.4601
5060,-100,-65.0,40,1.0,6.0,-79.17,6.5107,-100,99.74,0.41,4.173158,0.873335,0.5495,0.0
5061,-100,-65.0,40,1.0,6.5,-82.32,7.0416,-100,99.78,0.33,4.880866,1.257706,0.308,0.0
5062,-100,-65.0,40,1.0,7.0,-83.15,7.1173,-100,99.7,0.46,5.005696,1.67219,0.3618,0.0
5063,-100,-65.0,40,1.0,7.5,-84.88,7.6255,-100,99.61,0.6,4.220222,0.953274,0.4586,0.0002
5065,-100,-65.0,40,1.0,8.5,-82.51,9.0344,-100,98.94,1.63,5.476386,1.642511,1.2176,0.0013
5064,-100,-65.0,40,1.0,8.0,-81.52,8.4962,-100,99.15,1.32,4.036104,0.667959,1.2191,0.0002
5066,-100,-65.0,40,1.0,9.0,-83.02,9.1159,-100,98.52,2.28,4.958352,1.107798,1.4571,0.0023
5067,-100,-65.0,40,1.0,9.5,-83.31,9.4262,-100,97.89,3.26,4.756389,1.145924,1.772,0.0043
5069,-100,-65.0,40,1.0,10.5,-82.87,10.417,-100,96.93,4.73,4.521398,1.866528,3.0213,0.011
5068,-100,-65.0,40,1.0,10.0,-82.91,9.8757,-100,97.25,4.24,4.544781,1.156731,2.4573,0.0064
5070,-100,-65.0,40,1.0,11.0,-83.73,10.403,-100,96.02,6.14,4.258112,1.213042,2.8614,0.0084
5071,-100,-65.0,40,1.0,11.5,-83.54,11.0222,-100,95.9,6.32,4.555804,1.020741,2.6761,0.0111
5072,-100,-65.0,40,1.0,12.0,-82.69,11.291,-100,94.53,8.43,4.101886,1.104578,4.3352,0.0144
5073,-100,-65.0,40,1.0,12.5,-82.97,11.7323,-100,94.31,8.78,4.290288,1.130263,4.0573,0.0222
5074,-100,-65.0,40,1.0,13.0,-83.48,11.8437,-100,93.27,10.39,3.956339,1.115874,4.3646,0.0135
5075,-100,-65.0,40,1.0,13.5,-83.55,12.1617,-100,92.57,11.47,4.034257,0.784719,3.0917,0.031
5077,-100,-65.0,40,1.25,1.0,-72.0,1.5119,-74,99.99,0.01,4.648244,1.213668,0.018,0.0
5078,-100,-65.0,40,1.25,1.5,-73.5,0.5,-74,100.0,0.0,6.820209,1.915114,0.0046,0.0
5076,-100,-65.0,40,1.0,14.0,-83.57,12.7514,-100,93.07,10.7,4.38642,1.219849,3.7657,0.0342
5079,-100,-65.0,40,1.25,2.0,-75.8,3.1241,-78,99.99,0.01,4.49894,0.757031,0.0175,0.0
5080,-100,-65.0,40,1.25,2.5,-75.0,0.0,-75,100.0,0.0,6.811006,0.0,0.0035,0.0
5081,-100,-65.0,40,1.25,3.0,-76.17,2.555,-81,99.96,0.07,3.936242,0.561581,0.1015,0.0
5082,-100,-65.0,40,1.25,3.5,-73.6,2.8705,-78,99.99,0.01,4.328022,1.421178,0.014,0.0
5083,-100,-65.0,40,1.25,4.0,-76.7,4.3438,-86,99.88,0.18,4.64537,0.689629,0.2168,0.0
5084,-100,-65.0,40,1.25,4.5,-76.94,4.8141,-89,99.85,0.24,4.494739,0.737783,0.3144,0.0
5085,-100,-65.0,40,1.25,5.0,-77.23,4.807,-92,99.73,0.42,4.790283,1.176905,0.4945,0.0
5086,-100,-65.0,40,1.25,5.5,-74.47,5.5,-92,98.52,2.29,3.331521,0.6817,2.9842,0.0
5087,-100,-65.0,40,1.25,6.0,-76.75,6.2323,-98,99.07,1.43,4.426897,0.810859,1.576,0.0
5088,-100,-65.0,40,1.25,6.5,-75.49,7.2746,-100,98.51,2.29,4.226023,0.865207,2.9765,0.0001
5089,-100,-65.0,40,1.25,7.0,-78.78,7.7431,-100,98.51,2.3,4.455266,0.96579,1.8057,0.0009
5090,-100,-65.0,40,1.25,7.5,-79.45,8.339,-100,98.75,1.93,6.437637,2.115253,1.352,0.0009
5092,-100,-65.0,40,1.25,8.5,-79.06,8.9874,-100,96.74,5.03,4.529184,1.161881,3.5997,0.0031
5091,-100,-65.0,40,1.25,8.0,-77.48,8.7387,-100,97.21,4.3,4.526756,1.218222,3.618,0.0037
5093,-100,-65.0,40,1.25,9.0,-79.04,9.3779,-100,95.97,6.22,4.089198,0.712613,4.4022,0.0042
5094,-100,-65.0,40,1.25,9.5,-79.4,10.2046,-100,95.94,6.26,4.453406,1.101416,4.3406,0.0061
5095,-100,-65.0,40,1.25,10.0,-78.52,10.5692,-100,94.21,8.93,4.170373,0.861783,5.4686,0.0154
5096,-100,-65.0,40,1.25,10.5,-79.55,10.7786,-100,93.99,9.27,3.648048,1.057089,6.1623,0.0071
5097,-100,-65.0,40,1.25,11.0,-79.98,11.0101,-100,94.01,9.25,4.066157,1.843341,5.2732,0.015
5098,-100,-65.0,40,1.25,11.5,-79.93,11.3959,-100,92.74,11.2,4.195295,1.627674,5.8448,0.0134
5099,-100,-65.0,40,1.25,12.0,-80.53,11.5947,-100,92.18,12.07,4.234365,1.400376,5.1344,0.0175
5100,-100,-65.0,40,1.25,12.5,-80.14,12.1066,-100,91.33,13.39,3.906753,1.021823,5.1978,0.0327
5101,-100,-65.0,40,1.25,13.0,-80.55,12.4864,-100,90.73,14.3,3.931483,1.004207,5.8711,0.0263
5104,-100,-65.0,40,1.5,1.0,-70.5,1.3553,-74,99.89,0.18,4.024778,0.504248,0.2532,0.0
5102,-100,-65.0,40,1.25,13.5,-80.41,12.8692,-100,90.22,15.09,4.247203,1.903415,5.3683,0.0261
5105,-100,-65.0,40,1.5,1.5,-71.75,1.5124,-74,99.98,0.04,8.580039,1.905777,0.0626,0.0
5103,-100,-65.0,40,1.25,14.0,-80.94,13.3815,-100,90.06,15.33,4.21911,1.167669,5.1709,0.0338
5106,-100,-65.0,40,1.5,2.0,-71.49,2.3419,-77,99.9,0.15,6.70738,1.169826,0.209,0.0
5108,-100,-65.0,40,1.5,3.0,-71.39,3.1219,-80,99.5,0.78,6.387821,1.537528,1.0203,0.0
5107,-100,-65.0,40,1.5,2.5,-71.73,2.657,-77,99.76,0.37,6.535735,2.41249,0.4991,0.0
5109,-100,-65.0,40,1.5,3.5,-72.11,3.6238,-82,99.23,1.2,3.632872,1.158797,1.9361,0.0
5110,-100,-65.0,40,1.5,4.0,-72.15,4.0779,-87,98.79,1.87,4.250013,1.923653,2.6221,0.0
5111,-100,-65.0,40,1.5,4.5,-71.11,4.57,-88,97.83,3.35,5.096307,3.43874,4.5805,0.0
5112,-100,-65.0,40,1.5,5.0,-71.77,5.0139,-90,97.5,3.86,3.038338,0.796696,4.5979,0.0
5113,-100,-65.0,40,1.5,5.5,-72.73,5.7645,-96,96.96,4.69,4.065545,1.631707,5.4915,0.0
5114,-100,-65.0,40,1.5,6.0,-73.14,6.7316,-97,97.42,3.99,4.868164,1.825376,4.7686,0.0
5115,-100,-65.0,40,1.5,6.5,-72.6,6.7235,-100,95.75,6.56,4.067257,1.974951,7.1007,0.0006
5116,-100,-65.0,40,1.5,7.0,-74.84,7.5643,-100,96.03,6.13,4.976339,2.092113,4.9274,0.0004
5117,-100,-65.0,40,1.5,7.5,-74.08,8.9433,-100,95.66,6.69,5.212668,2.211871,4.8202,0.0008
5119,-100,-65.0,40,1.5,8.5,-74.33,9.5756,-100,94.19,8.96,4.320831,1.232539,7.1551,0.0022
5118,-100,-65.0,40,1.5,8.0,-74.83,8.8382,-100,94.08,9.13,4.349677,1.617518,6.2444,0.0051
5120,-100,-65.0,40,1.5,9.0,-74.95,10.3494,-100,93.36,10.24,4.40138,1.361203,7.1871,0.0084
5121,-100,-65.0,40,1.5,9.5,-75.77,10.2771,-100,91.94,12.43,3.952058,1.109512,7.0383,0.007
5122,-100,-65.0,40,1.5,10.0,-75.53,10.6347,-100,92.29,11.9,4.292677,1.648664,8.0595,0.0099
5123,-100,-65.0,40,1.5,10.5,-75.64,11.5094,-100,91.18,13.62,4.401191,1.266301,6.6926,0.0239
5126,-100,-65.0,40,1.5,12.0,-78.36,12.3394,-100,90.9,14.05,4.781867,1.126103,4.2875,0.0398
5124,-100,-65.0,40,1.5,11.0,-74.34,12.1348,-100,88.59,17.6,3.75855,2.233057,10.9569,0.0129
5125,-100,-65.0,40,1.5,11.5,-76.7,12.0619,-100,89.75,15.82,4.199022,1.969283,8.0964,0.0349
5131,-100,-65.0,40,1.75,1.0,-67.04,1.4696,-75,98.25,2.7,4.401318,1.074603,4.0335,0.0
5127,-100,-65.0,40,1.5,12.5,-76.29,12.6931,-100,88.53,17.7,4.031136,1.549685,8.2394,0.0186
5128,-100,-65.0,40,1.5,13.0,-76.74,13.773,-100,88.35,17.97,3.899577,1.453722,8.879,0.0436
5129,-100,-65.0,40,1.5,13.5,-76.63,13.8475,-100,87.21,19.74,4.077956,1.311291,7.244,0.0429
5132,-100,-65.0,40,1.75,1.5,-66.91,1.6964,-75,96.48,5.43,3.727432,1.142871,6.873,0.0
5130,-100,-65.0,40,1.5,14.0,-76.39,14.1299,-100,85.77,21.96,3.651957,1.696953,9.6507,0.0488
5133,-100,-65.0,40,1.75,2.0,-65.79,2.1902,-76,95.01,7.7,3.412988,1.173586,9.5023,0.0
5134,-100,-65.0,40,1.75,2.5,-66.62,2.6599,-80,94.68,8.21,3.248167,1.14189,10.187,0.0
5135,-100,-65.0,40,1.75,3.0,-67.6,3.2144,-79,96.7,5.1,4.892671,1.42985,6.2517,0.0
5136,-100,-65.0,40,1.75,3.5,-69.07,3.9004,-84,96.81,4.92,3.559809,0.932449,6.3709,0.0
5137,-100,-65.0,40,1.75,4.0,-67.69,4.2599,-88,95.66,6.69,4.48499,1.085933,7.5819,0.0
5138,-100,-65.0,40,1.75,4.5,-68.5,4.9671,-91,95.0,7.72,4.018725,0.856407,8.3143,0.0
5139,-100,-65.0,40,1.75,5.0,-68.11,5.4214,-90,92.27,11.93,2.816469,1.844376,13.2571,0.0
5140,-100,-65.0,40,1.75,5.5,-67.64,6.3665,-93,92.92,10.93,3.253195,1.819024,12.7202,0.0
5142,-100,-65.0,40,1.75,6.5,-70.14,7.8543,-97,93.02,10.78,3.899973,1.072949,8.9398,0.0013
5143,-100,-65.0,40,1.75,7.0,-70.7,8.3462,-100,92.71,11.25,4.40577,1.358816,8.209,0.0027
5141,-100,-65.0,40,1.75,6.0,-69.75,6.9732,-98,93.34,10.28,3.579405,1.504569,10.2286,0.0007
5144,-100,-65.0,40,1.75,7.5,-69.39,9.2228,-100,90.61,14.48,3.410642,1.723971,12.604,0.007
5145,-100,-65.0,40,1.75,8.0,-71.34,9.3329,-100,90.24,15.05,3.723558,1.199608,9.71,0.0042
5146,-100,-65.0,40,1.75,8.5,-71.19,10.4062,-100,90.23,15.08,3.81307,1.354378,10.1566,0.0102
5147,-100,-65.0,40,1.75,9.0,-72.83,10.5217,-100,90.02,15.4,4.219364,1.547778,8.7862,0.0299
5148,-100,-65.0,40,1.75,9.5,-71.62,11.0094,-100,89.12,16.79,3.866348,2.156112,11.9254,0.0184
5149,-100,-65.0,40,1.75,10.0,-71.62,11.46,-100,88.11,18.35,3.984998,1.471432,9.4704,0.0125
5150,-100,-65.0,40,1.75,10.5,-73.43,11.8604,-100,88.63,17.54,4.333091,2.291201,9.4842,0.0149
5151,-100,-65.0,40,1.75,11.0,-74.61,12.3039,-100,88.58,17.62,4.522241,2.06315,5.7198,0.0334
5153,-100,-65.0,40,1.75,12.0,-75.29,12.8576,-100,87.4,19.43,4.525057,1.498218,4.9655,0.0495
5154,-100,-65.0,40,1.75,12.5,-73.59,13.5155,-100,85.79,21.93,4.066725,1.411331,7.8199,0.0477
5152,-100,-65.0,40,1.75,11.5,-73.19,12.4208,-100,85.4,22.53,3.65865,1.850092,10.9633,0.0477
5155,-100,-65.0,40,1.75,13.0,-73.07,13.9321,-100,84.39,24.1,3.991322,1.698255,9.1328,0.0492
5156,-100,-65.0,40,1.75,13.5,-75.08,14.1857,-100,86.6,20.67,4.246423,2.05,8.2938,0.0466
5157,-100,-65.0,40,1.75,14.0,-73.95,14.5729,-100,84.29,24.24,3.894653,1.434848,8.904,0.0372
5158,-100,-65.0,40,2.0,1.0,-62.05,2.253,-74,86.21,21.27,1.165899,0.826055,26.4251,0.0
5159,-100,-65.0,40,2.0,1.5,-61.45,1.738,-76,79.6,31.47,0.556788,0.384537,38.1674,0.0
5160,-100,-65.0,40,2.0,2.0,-61.14,2.3961,-78,86.82,20.33,1.27081,0.831592,25.1876,0.0
5161,-100,-65.0,40,2.0,2.5,-62.42,2.9686,-81,87.29,19.61,1.436816,0.805372,23.1615,0.0
5162,-100,-65.0,40,2.0,3.0,-61.22,3.4419,-84,79.42,31.76,0.582997,0.86713,38.0299,0.0
5164,-100,-65.0,40,2.0,4.0,-62.39,5.2444,-88,87.85,18.75,1.911653,2.24268,24.2556,0.0001
5166,-100,-65.0,40,2.0,5.0,-63.12,6.2856,-91,85.61,22.2,2.120263,2.018813,22.4416,0.0007
5165,-100,-65.0,40,2.0,4.5,-63.24,5.4178,-87,86.56,20.73,1.687743,1.385838,22.9637,0.0
5167,-100,-65.0,40,2.0,5.5,-65.9,6.8776,-94,87.18,19.8,2.745696,1.269419,14.645,0.0002
5163,-100,-65.0,40,2.0,3.5,-62.12,4.317,-85,79.06,32.31,0.763915,0.766181,36.6623,0.0
5168,-100,-65.0,40,2.0,6.0,-65.3,8.2876,-96,88.55,17.66,2.944462,1.535382,14.5802,0.0012
5169,-100,-65.0,40,2.0,6.5,-65.48,8.3843,-100,85.52,22.34,2.428635,2.161899,21.926,0.0035
5170,-100,-65.0,40,2.0,7.0,-65.18,9.7687,-100,88.69,17.46,2.984739,2.423764,15.0071,0.0018
5171,-100,-65.0,40,2.0,7.5,-67.17,8.9578,-100,86.82,20.33,3.643911,2.141113,13.2727,0.007
5172,-100,-65.0,40,2.0,8.0,-68.26,10.1146,-100,86.44,20.92,3.47524,2.426224,13.3368,0.0107
5173,-100,-65.0,40,2.0,8.5,-68.8,10.1437,-100,84.37,24.11,3.158753,1.710756,13.9057,0.0122
5174,-100,-65.0,40,2.0,9.0,-68.75,10.9571,-100,85.84,21.86,3.508489,1.857909,13.2644,0.0223
5175,-100,-65.0,40,2.0,9.5,-68.51,11.5402,-100,84.68,23.63,3.527682,1.681926,12.4829,0.0279
5176,-100,-65.0,40,2.0,10.0,-69.23,11.8902,-100,83.0,26.23,3.433426,1.465402,12.0546,0.0503
5177,-100,-65.0,40,2.0,10.5,-67.52,13.1128,-100,82.06,27.69,3.10094,2.602292,17.3892,0.0518
5178,-100,-65.0,40,2.0,11.0,-68.8,13.139,-100,81.01,29.32,3.214543,1.856788,15.0275,0.0326
5179,-100,-65.0,40,2.0,11.5,-67.61,13.4648,-100,78.57,33.07,2.875818,2.083594,19.1523,0.0372
5180,-100,-65.0,40,2.0,12.0,-68.63,13.5022,-100,78.82,32.7,3.159397,2.357273,17.8905,0.0527
5181,-100,-65.0,40,2.0,12.5,-68.08,14.3686,-100,78.47,33.22,2.975437,1.88911,17.5591,0.0662
5182,-100,-65.0,40,2.0,13.0,-68.94,14.9061,-100,78.82,32.69,3.238653,1.91927,15.1636,0.0846
5183,-100,-65.0,40,2.0,13.5,-68.15,15.4275,-100,76.44,36.35,2.902904,1.947126,19.1561,0.094
5185,-100,-65.0,40,2.25,1.0,-57.78,2.2259,-75,78.41,33.31,0.615747,1.192503,39.4334,0.0
5186,-100,-65.0,40,2.25,1.5,-59.17,3.0238,-76,80.66,29.84,1.042755,1.309101,33.6874,0.0
5187,-100,-65.0,40,2.25,2.0,-58.99,3.861,-76,81.6,28.4,1.11921,1.079427,32.0652,0.0
5184,-100,-65.0,40,2.0,14.0,-71.3,14.8928,-100,78.78,32.74,3.16179,1.407519,11.0243,0.1124
5188,-100,-65.0,40,2.25,2.5,-60.18,3.5104,-81,79.56,31.54,1.08071,1.736967,35.3341,0.0
5191,-100,-65.0,40,2.25,4.0,-59.51,6.0687,-87,77.65,34.46,1.248078,1.843823,34.6691,0.0002
5189,-100,-65.0,40,2.25,3.0,-59.34,4.301,-82,76.37,36.46,0.786172,1.699608,40.4834,0.0
5190,-100,-65.0,40,2.25,3.5,-59.64,4.8423,-86,75.67,37.55,0.870454,1.781752,40.3661,0.0
5192,-100,-65.0,40,2.25,4.5,-60.39,7.0484,-92,78.93,32.51,1.52158,2.043905,32.0216,0.0001
5194,-100,-65.0,40,2.25,5.5,-62.02,7.3325,-95,79.36,31.85,1.593098,2.096596,31.9214,0.0016
5193,-100,-65.0,40,2.25,5.0,-61.44,6.9183,-90,76.34,36.5,1.453063,1.461159,32.355,0.002
5195,-100,-65.0,40,2.25,6.0,-63.47,8.0877,-94,76.75,35.88,1.926928,1.546255,25.9554,0.0007
5196,-100,-65.0,40,2.25,6.5,-62.88,8.7264,-100,79.1,32.26,2.026215,1.848635,26.0927,0.0076
5197,-100,-65.0,40,2.25,7.0,-64.03,9.0524,-100,77.19,35.21,2.437171,2.254541,24.3193,0.0208
5198,-100,-65.0,40,2.25,7.5,-63.5,10.4638,-100,79.84,31.11,2.555716,2.376164,23.6519,0.0181
5199,-100,-65.0,40,2.25,8.0,-61.49,10.4215,-100,73.64,40.66,1.810846,2.415567,33.4428,0.0188
5200,-100,-65.0,40,2.25,8.5,-64.35,11.3549,-100,77.42,34.82,2.640745,1.590087,18.0904,0.0417
5202,-100,-65.0,40,2.25,9.5,-64.16,12.1816,-100,74.6,39.19,2.268228,1.938072,26.106,0.0357
5201,-100,-65.0,40,2.25,9.0,-63.58,11.2998,-100,74.45,39.44,2.104792,2.057742,29.3011,0.0245
5203,-100,-65.0,40,2.25,10.0,-66.03,12.0759,-100,76.43,36.37,2.634839,1.693072,17.281,0.0581
5204,-100,-65.0,40,2.25,10.5,-65.34,13.2315,-100,76.18,36.74,2.757251,1.987989,18.8933,0.075
5205,-100,-65.0,40,2.25,11.0,-65.53,13.4165,-100,75.31,38.09,2.692586,1.920876,19.8789,0.0707
5206,-100,-65.0,40,2.25,11.5,-64.38,14.4943,-100,73.79,40.46,2.494865,1.708367,19.7468,0.0843
5208,-100,-65.0,40,2.25,12.5,-66.85,15.1236,-100,78.34,33.44,3.275635,1.511672,11.6999,0.0567
5207,-100,-65.0,40,2.25,12.0,-66.53,14.0302,-100,74.89,38.75,2.753206,1.565228,16.3678,0.0505
5209,-100,-65.0,40,2.25,13.0,-66.23,15.2158,-100,75.07,38.47,2.821701,1.801922,18.3174,0.0948
5210,-100,-65.0,40,2.25,13.5,-65.61,15.5838,-100,73.56,40.79,2.789356,1.716396,16.5914,0.0652
5212,-100,-65.0,40,2.5,1.0,-56.72,4.77,-74,72.54,42.36,1.059248,1.322769,36.9625,0.0
5211,-100,-65.0,40,2.25,14.0,-66.7,15.8782,-100,74.02,40.09,2.77786,1.445988,14.9635,0.1153
5214,-100,-65.0,40,2.5,2.0,-56.91,4.8178,-77,74.83,38.83,1.319564,1.553604,34.5992,0.0
5213,-100,-65.0,40,2.5,1.5,-57.67,5.3428,-75,71.05,44.68,1.138432,0.913565,32.5064,0.0
5215,-100,-65.0,40,2.5,2.5,-55.35,6.35,-80,74.54,39.29,1.284316,1.424902,35.5376,0.0
5216,-100,-65.0,40,2.5,3.0,-57.33,5.8321,-81,69.34,47.34,1.103931,1.229493,37.9736,0.0001
5217,-100,-65.0,40,2.5,3.5,-58.42,6.333,-83,68.7,48.29,1.120321,1.301265,38.1284,0.0
5218,-100,-65.0,40,2.5,4.0,-57.56,7.4863,-88,74.41,39.48,1.538089,1.529494,32.7819,0.0002
5219,-100,-65.0,40,2.5,4.5,-59.43,6.8053,-88,71.27,44.32,1.5227,1.709253,33.6859,0.0002
5220,-100,-65.0,40,2.5,5.0,-58.77,8.2711,-92,71.67,43.7,1.677072,1.53149,30.3166,0.008
5221,-100,-65.0,40,2.5,5.5,-56.84,9.1382,-94,71.16,44.52,1.625144,2.207498,35.9317,0.0049
5223,-100,-65.0,40,2.5,6.5,-61.5,10.0434,-97,75.72,37.47,2.440771,1.771088,20.7068,0.0153
5224,-100,-65.0,40,2.5,7.0,-60.47,10.0241,-100,71.35,44.21,2.070667,1.840678,27.5826,0.0215
5222,-100,-65.0,40,2.5,6.0,-59.38,9.2472,-96,69.7,46.76,1.720569,1.637952,30.7052,0.0122
5225,-100,-65.0,40,2.5,7.5,-61.35,10.79,-100,72.09,43.06,2.261066,1.719795,23.9144,0.0179
5226,-100,-65.0,40,2.5,8.0,-59.95,11.554,-100,70.74,45.15,2.138977,1.898613,28.1545,0.0256
5227,-100,-65.0,40,2.5,8.5,-59.19,11.7393,-100,66.59,51.51,1.764811,1.864451,32.0896,0.0585
5230,-100,-65.0,40,2.5,10.0,-62.4,13.3619,-100,74.5,39.35,2.681465,1.511037,17.0334,0.033
5228,-100,-65.0,40,2.5,9.0,-60.63,11.9951,-100,67.4,50.31,2.04267,1.668201,26.2882,0.0438
5229,-100,-65.0,40,2.5,9.5,-59.71,12.5723,-100,67.34,50.37,1.991021,2.066496,31.9979,0.0654
5231,-100,-65.0,40,2.5,10.5,-61.38,13.5389,-100,72.74,42.07,2.668994,2.507875,22.7529,0.0598
5232,-100,-65.0,40,2.5,11.0,-62.16,14.36,-100,71.92,43.33,2.645128,1.566178,16.4261,0.081
5233,-100,-65.0,40,2.5,11.5,-61.24,14.1227,-100,67.74,49.8,2.201633,1.887255,26.5534,0.0666
5234,-100,-65.0,40,2.5,12.0,-62.56,14.7841,-100,69.26,47.44,2.471615,1.639828,19.3429,0.0909
5236,-100,-65.0,40,2.5,13.0,-61.7,16.1991,-100,69.05,47.75,2.469582,1.885294,21.9234,0.1005
5235,-100,-65.0,40,2.5,12.5,-61.83,15.2801,-100,67.25,50.54,2.227014,1.680364,25.4387,0.112
5237,-100,-65.0,40,2.5,13.5,-61.17,16.0838,-100,68.15,49.15,2.372295,2.048238,25.9557,0.0693
5238,-100,-65.0,40,2.5,14.0,-63.87,16.1856,-100,70.75,45.13,2.668221,1.778739,16.606,0.1093
5239,-100,-65.0,40,2.75,1.0,-55.11,7.1145,-73,64.03,55.52,0.844514,1.029326,40.8799,0.0
5242,-100,-65.0,40,2.75,2.5,-56.89,7.5952,-82,67.49,50.17,1.339133,1.225096,33.0015,0.0001
5241,-100,-65.0,40,2.75,2.0,-55.36,7.3345,-76,64.99,54.04,0.99281,0.984589,38.128,0.0
5240,-100,-65.0,40,2.75,1.5,-54.13,7.1461,-76,64.0,55.55,0.999493,0.958489,38.2029,0.0
5243,-100,-65.0,40,2.75,3.0,-54.93,7.8257,-80,66.05,52.37,1.384094,1.620223,36.3783,0.0002
5244,-100,-65.0,40,2.75,3.5,-55.64,8.0739,-83,68.66,48.35,1.570567,2.066273,33.7579,0.0
5245,-100,-65.0,40,2.75,4.0,-55.88,9.0303,-86,66.51,51.7,1.566658,1.395457,31.1332,0.0008
5246,-100,-65.0,40,2.75,4.5,-56.51,8.5475,-92,63.9,55.69,1.290313,1.549175,36.5187,0.0046
5247,-100,-65.0,40,2.75,5.0,-55.52,9.6817,-91,65.85,52.68,1.485738,1.621519,34.6473,0.0086
5249,-100,-65.0,40,2.75,6.0,-56.08,10.6867,-94,63.06,56.99,1.56022,1.510234,32.1569,0.0108
5248,-100,-65.0,40,2.75,5.5,-56.72,9.3256,-94,61.37,59.62,1.432708,1.344386,32.9248,0.0084
5250,-100,-65.0,40,2.75,6.5,-58.17,10.6638,-99,65.53,53.18,1.83614,1.548172,27.6365,0.0195
5251,-100,-65.0,40,2.75,7.0,-56.87,11.5654,-100,64.78,54.36,1.754584,1.663469,30.6772,0.0685
5252,-100,-65.0,40,2.75,7.5,-57.05,11.444,-100,67.4,50.31,2.0276,2.327992,30.9949,0.0424
5253,-100,-65.0,40,2.75,8.0,-57.69,12.351,-98,64.93,54.13,1.888076,1.71808,27.7871,0.0521
5254,-100,-65.0,40,2.75,8.5,-57.66,12.5774,-100,63.55,56.22,1.917849,1.597136,26.6409,0.0937
5256,-100,-65.0,40,2.75,9.5,-58.43,13.3124,-100,65.67,52.98,2.006922,1.615656,26.6143,0.0904
5255,-100,-65.0,40,2.75,9.0,-57.11,13.0162,-100,63.94,55.63,1.920181,1.719797,28.1045,0.0491
5257,-100,-65.0,40,2.75,10.0,-59.22,13.2736,-100,64.98,54.04,2.162513,1.586006,21.8585,0.0838
5258,-100,-65.0,40,2.75,10.5,-58.88,13.8064,-100,65.01,53.95,2.184373,1.805214,25.2792,0.109
5259,-100,-65.0,40,2.75,11.0,-57.69,14.7841,-100,63.9,55.71,2.036558,2.021154,29.1017,0.0622
5260,-100,-65.0,40,2.75,11.5,-57.81,15.3922,-100,64.62,54.6,2.150846,1.86668,27.3167,0.1326
5261,-100,-65.0,40,2.75,12.0,-58.76,15.5481,-100,65.59,53.09,2.311711,1.951692,23.7867,0.1121
5262,-100,-65.0,40,2.75,12.5,-59.91,16.0322,-100,66.93,51.0,2.35571,1.444192,18.1734,0.1147
5263,-100,-65.0,40,2.75,13.0,-60.64,16.1038,-100,69.94,46.36,2.692965,1.729308,14.9255,0.0831
5264,-100,-65.0,40,2.75,13.5,-60.11,16.5778,-100,66.89,51.08,2.432069,1.626544,18.2319,0.1075
5265,-100,-65.0,40,2.75,14.0,-59.43,17.5186,-100,64.4,54.9,2.24909,1.577214,22.241,0.1576
5266,-100,-65.0,40,3.0,1.0,-52.39,8.0176,-72,54.0,70.97,0.794847,1.050495,41.6775,0.0
5268,-100,-65.0,40,3.0,2.0,-51.43,9.1961,-77,71.34,44.23,1.850797,1.729033,26.5881,0.0
5267,-100,-65.0,40,3.0,1.5,-54.23,8.5465,-73,58.03,64.73,1.152403,1.474375,36.866,0.0
5269,-100,-65.0,40,3.0,2.5,-53.9,8.4197,-80,55.5,68.67,1.223841,1.129488,34.7935,0.0004
5271,-100,-65.0,40,3.0,3.5,-54.84,8.5006,-84,62.11,58.47,1.394948,1.271443,32.3759,0.0038
5270,-100,-65.0,40,3.0,3.0,-54.42,9.7694,-80,55.61,68.51,1.25546,1.153205,32.6294,0.0116
5272,-100,-65.0,40,3.0,4.0,-52.43,9.4729,-84,58.52,64.0,1.263534,1.559589,37.5498,0.0052
5273,-100,-65.0,40,3.0,4.5,-55.84,9.1888,-87,57.56,65.51,1.448951,1.504583,33.2599,0.0076
5274,-100,-65.0,40,3.0,5.0,-54.87,10.2036,-89,57.2,66.04,1.385167,1.198108,30.7032,0.0104
5275,-100,-65.0,40,3.0,5.5,-53.23,11.6664,-91,57.3,65.91,1.450193,1.504804,33.1327,0.0106
5276,-100,-65.0,40,3.0,6.0,-54.19,11.8445,-93,61.75,59.01,1.72119,1.604443,29.8263,0.0702
5277,-100,-65.0,40,3.0,6.5,-53.73,11.6876,-97,55.51,68.66,1.503339,1.69572,32.9001,0.0604
5278,-100,-65.0,40,3.0,7.0,-54.08,12.3257,-98,60.91,60.32,1.693763,1.758073,31.867,0.0666
5279,-100,-65.0,40,3.0,7.5,-54.48,11.9218,-100,53.73,71.37,1.462238,1.643185,31.651,0.0358
5280,-100,-65.0,40,3.0,8.0,-54.42,13.2509,-100,60.3,61.27,1.798655,1.633257,28.5588,0.0719
5281,-100,-65.0,40,3.0,8.5,-55.3,13.5563,-100,62.12,58.47,1.954634,1.611482,24.7923,0.1165
5282,-100,-65.0,40,3.0,9.0,-55.7,13.8814,-100,62.33,58.12,1.999959,1.480807,23.6622,0.1072
5283,-100,-65.0,40,3.0,9.5,-54.9,13.8651,-100,56.22,67.59,1.651952,1.613554,29.0045,0.0771
5284,-100,-65.0,40,3.0,10.0,-56.03,14.2552,-100,58.84,63.5,1.855724,1.500423,24.4544,0.109
5285,-100,-65.0,40,3.0,10.5,-56.57,14.6127,-100,61.6,59.25,1.967395,1.379671,21.3295,0.105
5287,-100,-65.0,40,3.0,11.5,-56.6,16.0554,-100,64.03,55.49,2.215102,1.668587,20.9629,0.1381
5286,-100,-65.0,40,3.0,11.0,-54.96,15.6018,-100,60.23,61.37,1.865494,1.564803,27.0661,0.0929
5288,-100,-65.0,40,3.0,12.0,-55.62,16.493,-100,65.2,53.7,2.32563,1.714045,21.2879,0.1476
5290,-100,-65.0,40,3.0,13.0,-57.08,16.7699,-100,63.33,56.59,2.215868,1.471759,19.1505,0.1544
5289,-100,-65.0,40,3.0,12.5,-55.37,16.6962,-100,58.74,63.66,1.895108,1.657061,26.8638,0.1406
5291,-100,-65.0,40,3.0,13.5,-57.19,16.747,-100,62.89,57.26,2.2348,1.405186,18.0082,0.1463
5292,-100,-65.0,40,3.0,14.0,-56.28,17.2452,-100,60.05,61.63,2.027929,1.51715,21.3106,0.1456
5293,-100,-65.0,40,3.25,1.0,-53.52,9.843,-73,49.15,78.48,0.976974,0.878214,35.763,0.0001
5294,-100,-65.0,40,3.25,1.5,-52.51,10.1855,-75,49.35,78.11,0.931209,0.762855,37.1535,0.001
5295,-100,-65.0,40,3.25,2.0,-52.51,9.6062,-80,51.31,75.1,1.03551,1.014707,36.9666,0.0008
5296,-100,-65.0,40,3.25,2.5,-51.13,9.9765,-79,48.67,79.21,1.024863,1.116001,37.6875,0.0013
5297,-100,-65.0,40,3.25,3.0,-53.39,10.2453,-81,54.37,70.43,1.281273,1.079957,30.8034,0.0048
5299,-100,-65.0,40,3.25,4.0,-51.86,11.1154,-85,55.29,68.99,1.295299,1.321555,34.6693,0.009
5298,-100,-65.0,40,3.25,3.5,-52.79,10.542,-83,51.82,74.32,1.24164,1.057886,32.3774,0.0202
5300,-100,-65.0,40,3.25,4.5,-53.3,10.8313,-91,51.85,74.32,1.424854,1.378009,27.8982,0.0462
5301,-100,-65.0,40,3.25,5.0,-51.44,11.0089,-89,47.74,80.64,1.171207,1.2573,34.0419,0.0371
5302,-100,-65.0,40,3.25,5.5,-52.15,12.2966,-92,52.75,72.94,1.516924,1.359638,27.6981,0.0995
5303,-100,-65.0,40,3.25,6.0,-52.52,12.4636,-89,50.36,76.61,1.420093,1.409898,31.1945,0.1125
5304,-100,-65.0,40,3.25,6.5,-50.97,11.864,-97,49.18,78.39,1.316009,1.901792,35.6952,0.0353
5305,-100,-65.0,40,3.25,7.0,-52.3,12.6887,-95,53.64,71.51,1.557305,1.79937,29.7341,0.0613
5307,-100,-65.0,40,3.25,8.0,-53.77,13.277,-100,56.9,66.48,1.757487,1.930714,28.1487,0.0918
5306,-100,-65.0,40,3.25,7.5,-53.47,12.5908,-100,54.29,70.53,1.604511,1.315241,26.2691,0.0997
5309,-100,-65.0,40,3.25,9.0,-53.03,14.4293,-100,55.1,69.28,1.696958,1.241103,22.8948,0.1298
5308,-100,-65.0,40,3.25,8.5,-52.85,14.3949,-100,57.23,65.99,1.744618,1.354879,24.3679,0.1225
5310,-100,-65.0,40,3.25,9.5,-53.02,15.2236,-100,54.93,69.57,1.716602,1.191245,22.1759,0.1901
5311,-100,-65.0,40,3.25,10.0,-53.68,15.0274,-100,57.58,65.48,1.845441,1.330454,22.7153,0.1387
5312,-100,-65.0,40,3.25,10.5,-53.59,15.108,-100,55.4,68.82,1.780063,1.326011,20.1079,0.1273
5313,-100,-65.0,40,3.25,11.0,-52.13,15.4513,-100,59.23,62.91,1.918414,1.939082,29.583,0.1469
5314,-100,-65.0,40,3.25,11.5,-52.66,16.4893,-100,54.27,70.56,1.702884,1.388132,26.0028,0.1438
5315,-100,-65.0,40,3.25,12.0,-54.56,15.7508,-100,56.39,67.31,1.819927,1.32897,21.4568,0.137
5316,-100,-65.0,40,3.25,12.5,-52.97,17.0184,-100,55.15,69.2,1.760938,1.521582,23.8751,0.1045
5317,-100,-65.0,40,3.25,13.0,-52.57,16.6727,-100,52.7,72.97,1.624579,1.567715,28.3995,0.1501
5318,-100,-65.0,40,3.25,13.5,-54.76,16.7343,-100,58.51,64.04,1.936325,1.743601,20.6299,0.1115
5319,-100,-65.0,40,3.25,14.0,-53.34,18.3033,-100,59.3,62.81,2.011629,1.591009,23.1051,0.1525
5321,-100,-65.0,40,3.5,1.5,-48.89,10.5979,-75,45.4,84.28,0.905655,0.811109,36.8749,0.0016
5320,-100,-65.0,40,3.5,1.0,-50.58,10.7446,-74,44.67,85.39,0.95785,0.80388,35.0669,0.0118
5323,-100,-65.0,40,3.5,2.5,-51.03,10.8262,-77,49.03,78.63,1.247039,1.056447,29.9174,0.0061
5322,-100,-65.0,40,3.5,2.0,-49.91,11.381,-75,41.59,90.13,0.950674,0.936646,35.5453,0.0064
5324,-100,-65.0,40,3.5,3.0,-51.96,10.5541,-80,44.59,85.46,1.08041,0.821404,30.5737,0.0365
5325,-100,-65.0,40,3.5,3.5,-52.07,11.4727,-81,51.55,74.8,1.330073,1.130435,29.2371,0.0299
5326,-100,-65.0,40,3.5,4.0,-51.01,11.4412,-86,49.68,77.62,1.296508,1.297996,32.2455,0.0272
5327,-100,-65.0,40,3.5,4.5,-51.43,11.8882,-85,45.67,83.83,1.261358,1.03282,26.5847,0.0744
5328,-100,-65.0,40,3.5,5.0,-51.87,11.6534,-88,48.29,79.79,1.423759,1.112214,22.8923,0.1017
5329,-100,-65.0,40,3.5,5.5,-50.96,13.0966,-89,46.34,82.81,1.25974,1.255611,29.406,0.0598
5330,-100,-65.0,40,3.5,6.0,-50.5,12.8972,-91,46.84,82.04,1.315457,1.134722,27.9612,0.1183
5331,-100,-65.0,40,3.5,6.5,-49.9,14.0054,-95,45.55,84.04,1.339101,1.016488,24.5763,0.1838
5334,-100,-65.0,40,3.5,8.0,-50.11,14.9867,-97,54.46,70.29,1.715504,1.419727,22.0349,0.1339
5332,-100,-65.0,40,3.5,7.0,-51.28,13.965,-97,52.08,73.94,1.566419,1.048832,21.4781,0.1318
5333,-100,-65.0,40,3.5,7.5,-51.95,13.6649,-99,50.19,76.88,1.544275,1.302217,21.5702,0.0899
5335,-100,-65.0,40,3.5,8.5,-51.02,14.5778,-100,50.87,75.82,1.595357,1.103233,20.2213,0.1341
5336,-100,-65.0,40,3.5,9.0,-52.44,14.5272,-100,53.2,72.26,1.678941,1.07512,18.9674,0.1895
5337,-100,-65.0,40,3.5,9.5,-51.25,15.8665,-100,55.21,69.08,1.761427,1.27157,21.9751,0.1493
5338,-100,-65.0,40,3.5,10.0,-52.18,15.505,-100,55.25,69.05,1.787174,1.331877,18.7592,0.0952
5339,-100,-65.0,40,3.5,10.5,-52.02,16.632,-100,56.19,67.61,1.852079,1.110348,16.4411,0.213
5340,-100,-65.0,40,3.5,11.0,-50.12,16.2195,-100,52.54,73.23,1.649203,1.367163,26.0818,0.1687
5341,-100,-65.0,40,3.5,11.5,-50.76,16.9182,-100,53.51,71.73,1.755331,1.225817,19.3756,0.165
5342,-100,-65.0,40,3.5,12.0,-47.79,17.1463,-100,49.75,77.53,1.476208,1.852415,32.6278,0.0855
5343,-100,-65.0,40,3.5,12.5,-50.12,17.4395,-100,50.57,76.27,1.581641,1.321868,24.9604,0.1732
5344,-100,-65.0,40,3.5,13.0,-52.02,18.1656,-100,58.64,63.8,1.984775,1.515604,21.6953,0.1585
5345,-100,-65.0,40,3.5,13.5,-50.71,17.6142,-100,53.35,71.98,1.736125,1.424432,21.0241,0.1505
5346,-100,-65.0,40,3.5,14.0,-50.73,18.7087,-100,56.41,67.26,1.87349,1.612327,24.0486,0.1319
5347,-100,-65.0,40,3.75,1.0,-48.24,11.6361,-72,36.03,98.71,0.849529,0.724213,33.3588,0.0283
5348,-100,-65.0,40,3.75,1.5,-51.24,10.7921,-74,42.3,88.97,1.041785,0.860884,31.4085,0.0095
5349,-100,-65.0,40,3.75,2.0,-46.15,11.2911,-77,36.64,97.72,0.88995,0.960419,34.905,0.0119
5350,-100,-65.0,40,3.75,2.5,-48.39,11.9433,-78,42.43,88.82,1.084495,1.137914,31.7586,0.0162
5351,-100,-65.0,40,3.75,3.0,-48.7,13.1222,-78,40.11,92.43,1.102273,0.85805,25.8576,0.0225
5352,-100,-65.0,40,3.75,3.5,-48.31,12.8153,-81,44.31,85.91,1.213519,1.156856,27.3677,0.0487
5353,-100,-65.0,40,3.75,4.0,-48.42,12.8838,-82,42.73,88.39,1.265663,1.047047,24.211,0.1695
5355,-100,-65.0,40,3.75,5.0,-48.49,14.7325,-88,43.58,87.06,1.186263,1.093332,28.937,0.0744
5354,-100,-65.0,40,3.75,4.5,-48.53,12.0601,-83,41.71,89.93,1.187822,1.029261,27.4593,0.0747
5357,-100,-65.0,40,3.75,6.0,-50.15,13.8343,-95,50.32,76.65,1.53731,1.080055,21.2824,0.1112
5356,-100,-65.0,40,3.75,5.5,-48.08,13.5564,-91,43.07,87.85,1.291144,1.052633,25.5875,0.2159
5358,-100,-65.0,40,3.75,6.5,-49.42,13.7807,-88,43.9,86.6,1.354551,1.129711,23.6641,0.1833
5359,-100,-65.0,40,3.75,7.0,-50.66,14.188,-91,48.2,79.92,1.51618,1.017056,21.1249,0.2481
5360,-100,-65.0,40,3.75,7.5,-50.12,14.4014,-97,48.48,79.5,1.503595,0.98947,18.5259,0.199
5361,-100,-65.0,40,3.75,8.0,-48.85,14.9242,-93,45.7,83.82,1.427394,0.996555,20.6152,0.2308
5362,-100,-65.0,40,3.75,8.5,-49.67,14.6939,-97,48.15,79.95,1.532172,1.003891,17.5946,0.1925
5363,-100,-65.0,40,3.75,9.0,-48.39,16.2989,-100,49.56,77.83,1.557459,1.15647,22.9074,0.2284
5364,-100,-65.0,40,3.75,9.5,-48.56,16.0353,-99,48.4,79.62,1.529854,0.917805,17.8505,0.2688
5365,-100,-65.0,40,3.75,10.0,-47.96,15.8882,-100,45.5,84.11,1.40635,1.042406,22.6655,0.2219
5366,-100,-65.0,40,3.75,10.5,-47.28,16.7748,-100,48.71,79.15,1.54753,1.199355,22.5536,0.1862
5368,-100,-65.0,40,3.75,11.5,-46.65,17.5462,-100,49.27,78.31,1.539932,1.291912,25.4745,0.1907
5367,-100,-65.0,40,3.75,11.0,-48.72,17.4941,-100,49.34,78.14,1.580041,1.001491,16.4063,0.1978
5369,-100,-65.0,40,3.75,12.0,-47.64,18.2992,-100,49.13,78.49,1.546409,1.01792,20.0254,0.2428
5370,-100,-65.0,40,3.75,12.5,-48.14,17.1967,-100,49.08,78.59,1.553892,1.473057,23.1983,0.1329
5371,-100,-65.0,40,3.75,13.0,-47.79,18.4884,-100,49.46,77.96,1.589055,1.113063,18.985,0.1935
5372,-100,-65.0,40,3.75,13.5,-47.27,18.6584,-100,47.31,81.26,1.495015,1.113452,21.3892,0.2103
5373,-100,-65.0,40,3.75,14.0,-49.3,18.7284,-100,49.85,77.36,1.5868,1.033797,19.2953,0.2323
5374,-100,-65.0,40,4.0,1.0,-45.39,13.5159,-73,41.47,90.32,1.052625,1.09823,32.3386,0.0126
5375,-100,-65.0,40,4.0,1.5,-45.3,13.8554,-73,39.13,93.92,1.103561,1.137601,28.5322,0.0954
5376,-100,-65.0,40,4.0,2.0,-45.8,13.8232,-74,37.2,96.93,1.102842,0.931936,24.0998,0.0947
5377,-100,-65.0,40,4.0,2.5,-45.47,14.3176,-76,35.55,99.48,0.990281,0.631347,24.1384,0.0395
5380,-100,-65.0,40,4.0,4.0,-45.64,14.0678,-82,43.47,87.18,1.30547,1.108535,25.6233,0.1189
5379,-100,-65.0,40,4.0,3.5,-47.7,14.4577,-77,38.92,94.26,1.227605,0.76493,16.364,0.3671
5378,-100,-65.0,40,4.0,3.0,-46.15,12.7802,-78,35.4,99.7,1.065912,0.894357,23.8071,0.1307
5381,-100,-65.0,40,4.0,4.5,-47.2,14.6607,-82,39.3,93.67,1.23719,0.89071,19.6758,0.2524
5382,-100,-65.0,40,4.0,5.0,-45.8,13.949,-87,38.86,94.37,1.180163,1.000934,25.4752,0.1647
5383,-100,-65.0,40,4.0,5.5,-45.36,14.2106,-86,40.16,92.29,1.241641,1.032281,23.4435,0.1867
5384,-100,-65.0,40,4.0,6.0,-46.4,13.8116,-89,41.81,89.78,1.305905,0.915347,20.6364,0.2336
5385,-100,-65.0,40,4.0,6.5,-46.4,14.5944,-94,42.08,89.35,1.275695,0.938396,22.2042,0.1788
5386,-100,-65.0,40,4.0,7.0,-46.23,14.3892,-91,37.46,96.47,1.183519,1.064135,22.9779,0.183
5387,-100,-65.0,40,4.0,7.5,-45.68,14.8995,-90,39.54,93.29,1.248583,0.999966,21.2561,0.2078
5388,-100,-65.0,40,4.0,8.0,-45.8,15.0548,-99,39.66,93.11,1.236783,1.039744,23.791,0.2361
5389,-100,-65.0,40,4.0,8.5,-45.74,15.7825,-100,46.21,83.01,1.435113,1.143216,23.6924,0.228
5390,-100,-65.0,40,4.0,9.0,-47.68,15.4549,-99,43.29,87.46,1.372659,0.780115,14.4507,0.2898
5391,-100,-65.0,40,4.0,9.5,-46.03,16.6511,-100,43.11,87.79,1.368685,0.873263,17.2147,0.2572
5392,-100,-65.0,40,4.0,10.0,-45.47,16.6596,-100,43.36,87.43,1.350388,0.987078,20.7491,0.2866
5393,-100,-65.0,40,4.0,10.5,-45.09,16.9376,-100,42.7,88.44,1.330674,1.070538,22.0415,0.1987
5394,-100,-65.0,40,4.0,11.0,-45.41,17.1973,-100,43.54,87.11,1.368599,1.042378,22.0399,0.2387
5395,-100,-65.0,40,4.0,11.5,-45.87,17.8213,-100,45.05,84.79,1.415632,0.947234,18.7025,0.227
5396,-100,-65.0,40,4.0,12.0,-47.15,17.7848,-100,49.16,78.44,1.586469,1.059785,17.0961,0.2336
5397,-100,-65.0,40,4.0,12.5,-46.09,18.2586,-100,46.05,83.26,1.474625,0.971039,17.9768,0.2541
5398,-100,-65.0,40,4.0,13.0,-46.1,19.3755,-100,47.41,81.16,1.51319,0.975192,16.71,0.255
5399,-100,-65.0,40,4.0,13.5,-43.69,19.7974,-100,51.33,75.11,1.653275,1.202492,21.7114,0.2192
5400,-100,-65.0,40,4.0,14.0,-47.56,19.3135,-100,48.22,79.91,1.512231,0.961834,18.4599,0.3109
5401,-100,-65.0,40,4.25,1.0,-43.92,14.6485,-71,36.12,98.57,1.082708,0.911275,22.5675,0.1109
5402,-100,-65.0,40,4.25,1.5,-43.76,13.7873,-71,35.03,100.25,1.105294,0.921176,21.7403,0.1921
5404,-100,-65.0,40,4.25,2.5,-44.17,14.6709,-76,35.91,98.9,1.02933,0.776062,24.328,0.1584
5403,-100,-65.0,40,4.25,2.0,-42.0,14.8407,-73,33.98,101.86,1.054059,0.880627,22.6895,0.1725
5405,-100,-65.0,40,4.25,3.0,-43.03,14.0403,-79,40.1,92.42,1.190846,0.726243,18.4484,0.1618
5406,-100,-65.0,40,4.25,3.5,-43.93,14.7137,-78,37.68,96.15,1.196461,0.86683,18.149,0.2027
5407,-100,-65.0,40,4.25,4.0,-45.88,14.1003,-77,35.54,99.42,1.140345,0.77348,17.2966,0.3234
5408,-100,-65.0,40,4.25,4.5,-43.83,15.6729,-82,37.4,96.6,1.195227,0.767403,14.1409,0.271
5409,-100,-65.0,40,4.25,5.0,-43.66,15.2091,-81,34.23,101.48,1.070699,0.696171,16.1268,0.3912
5410,-100,-65.0,40,4.25,5.5,-44.2,15.0757,-83,38.08,95.55,1.186265,0.849339,19.5722,0.3128
5411,-100,-65.0,40,4.25,6.0,-43.97,15.9317,-89,39.8,92.89,1.267793,0.827016,17.3574,0.3139
5412,-100,-65.0,40,4.25,6.5,-43.41,15.8725,-87,38.96,94.21,1.231669,0.777346,16.7303,0.2804
5413,-100,-65.0,40,4.25,7.0,-45.17,16.0542,-90,40.13,92.37,1.260082,0.796837,15.1595,0.2711
5415,-100,-65.0,40,4.25,8.0,-43.71,15.5413,-95,44.34,85.86,1.383147,1.212149,25.7238,0.2026
5414,-100,-65.0,40,4.25,7.5,-45.32,15.8872,-95,40.35,92.06,1.271527,0.907476,19.3681,0.2869
5417,-100,-65.0,40,4.25,9.0,-41.15,16.4862,-96,41.19,90.74,1.277227,1.106936,24.8469,0.2303
5416,-100,-65.0,40,4.25,8.5,-41.79,17.3669,-94,40.13,92.36,1.260041,0.893504,19.7976,0.2536
5418,-100,-65.0,40,4.25,9.5,-42.03,17.9453,-100,40.81,91.33,1.290338,0.940871,19.089,0.2182
5419,-100,-65.0,40,4.25,10.0,-42.58,17.3914,-100,43.09,87.82,1.34435,1.18041,24.2461,0.1516
5420,-100,-65.0,40,4.25,10.5,-42.43,17.4471,-100,40.09,92.42,1.229425,1.194411,24.3273,0.1318
5421,-100,-65.0,40,4.25,11.0,-43.79,17.5971,-100,42.85,88.17,1.345989,1.125091,23.2176,0.1869
5422,-100,-65.0,40,4.25,11.5,-40.52,18.6359,-100,43.59,87.02,1.364556,1.304949,25.004,0.1358
5423,-100,-65.0,40,4.25,12.0,-41.95,19.7335,-100,45.1,84.71,1.421432,0.942164,18.6596,0.2722
5424,-100,-65.0,40,4.25,12.5,-43.15,19.4559,-100,46.64,82.34,1.495326,0.885223,15.0515,0.2718
5425,-100,-65.0,40,4.25,13.0,-44.48,19.1142,-100,44.55,85.55,1.414099,0.832105,15.0681,0.3472
5426,-100,-65.0,40,4.25,13.5,-42.57,20.7295,-100,47.02,81.74,1.499672,0.993331,19.7219,0.2811
5427,-100,-65.0,40,4.25,14.0,-44.21,19.9372,-100,44.9,84.99,1.427408,0.744814,12.7883,0.35
5429,-100,-65.0,40,4.5,1.5,-43.53,14.45,-70,34.51,101.09,1.097151,0.791424,18.7471,0.3602
5428,-100,-65.0,40,4.5,1.0,-45.3,15.2878,-68,29.86,108.27,0.960866,0.589095,11.8155,0.4746
5431,-100,-65.0,40,4.5,2.5,-42.75,15.4251,-75,34.82,100.57,1.108794,0.750512,17.929,0.3097
5430,-100,-65.0,40,4.5,2.0,-42.77,15.7433,-71,33.24,102.95,1.0531,0.609751,10.8864,0.5216
5432,-100,-65.0,40,4.5,3.0,-42.52,15.6972,-75,37.93,95.75,1.207778,0.691071,13.1201,0.4621
5434,-100,-65.0,40,4.5,4.0,-42.69,15.9736,-76,34.39,101.26,1.089095,0.689314,15.2577,0.4026
5433,-100,-65.0,40,4.5,3.5,-42.29,15.2142,-76,35.07,100.18,1.132409,0.858657,18.2409,0.2308
5435,-100,-65.0,40,4.5,4.5,-41.41,17.9168,-81,40.9,91.17,1.276824,0.731369,12.5402,0.419
5436,-100,-65.0,40,4.5,5.0,-41.73,16.2775,-83,35.16,100.03,1.104172,0.738616,18.3156,0.4157
5437,-100,-65.0,40,4.5,5.5,-41.21,16.8535,-85,36.25,98.37,1.150036,0.801132,17.686,0.2865
5438,-100,-65.0,40,4.5,6.0,-41.97,17.4772,-84,39.38,93.52,1.246662,0.673544,10.924,0.4494
5439,-100,-65.0,40,4.5,6.5,-40.42,16.9212,-83,35.51,99.53,1.14184,0.641537,10.2263,0.42
5440,-100,-65.0,40,4.5,7.0,-40.05,17.3169,-91,35.89,98.9,1.128462,0.785449,17.4466,0.2868
5442,-100,-65.0,40,4.5,8.0,-42.96,17.3786,-93,46.35,82.77,1.4713,0.973977,19.3394,0.3226
5441,-100,-65.0,40,4.5,7.5,-40.93,17.1353,-91,36.7,97.69,1.166314,0.729365,15.8976,0.3372
5443,-100,-65.0,40,4.5,8.5,-40.04,17.5436,-93,40.94,91.14,1.298741,0.949083,18.9282,0.2271
5444,-100,-65.0,40,4.5,9.0,-40.56,17.8684,-96,37.94,95.79,1.199349,0.849089,18.8041,0.2514
5446,-100,-65.0,40,4.5,10.0,-38.78,17.6909,-99,40.06,92.5,1.24898,1.003395,23.3519,0.2883
5445,-100,-65.0,40,4.5,9.5,-41.05,18.3434,-98,38.25,95.24,1.21239,0.80932,15.1912,0.2557
5447,-100,-65.0,40,4.5,10.5,-41.41,18.7984,-100,42.63,88.55,1.346511,0.727289,10.7036,0.3297
5448,-100,-65.0,40,4.5,11.0,-41.5,20.0542,-100,44.65,85.4,1.434984,0.795617,14.2359,0.3944
5450,-100,-65.0,40,4.5,12.0,-40.14,19.1262,-100,40.99,91.04,1.296024,0.822604,16.9181,0.3058
5449,-100,-65.0,40,4.5,11.5,-40.92,20.1252,-100,41.64,90.02,1.335595,0.667617,10.0073,0.4117
5451,-100,-65.0,40,4.5,12.5,-40.75,20.0883,-100,40.72,91.49,1.300375,0.700292,11.2253,0.3642
5452,-100,-65.0,40,4.5,13.0,-41.02,20.3841,-100,40.37,91.96,1.273995,0.804131,16.2941,0.2867
5453,-100,-65.0,40,4.5,13.5,-40.85,20.3095,-100,42.29,89.04,1.340594,0.88654,16.983,0.2502
5454,-100,-65.0,40,4.5,14.0,-39.62,20.4928,-100,39.67,93.09,1.24085,0.850002,18.8911,0.3376
5455,-100,-65.0,40,4.75,1.0,-39.72,16.7996,-68,32.07,104.82,1.023275,0.640149,11.5834,0.4116
5456,-100,-65.0,40,4.75,1.5,-38.79,17.7088,-69,31.59,105.6,1.009541,0.605437,10.1383,0.52
5457,-100,-65.0,40,4.75,2.0,-40.79,16.9256,-70,34.51,101.05,1.057097,0.749734,17.7957,0.4045
5458,-100,-65.0,40,4.75,2.5,-42.04,14.9006,-72,33.94,101.94,1.04129,0.695517,15.4155,0.4592
5459,-100,-65.0,40,4.75,3.0,-40.37,16.8074,-75,33.22,103.02,1.060058,0.616265,10.1484,0.5029
5460,-100,-65.0,40,4.75,3.5,-38.21,18.0066,-74,33.22,103.01,1.066451,0.762743,18.0587,0.3257
5461,-100,-65.0,40,4.75,4.0,-36.22,18.1461,-78,38.16,95.46,1.204079,0.888469,19.1417,0.2523
5463,-100,-65.0,40,4.75,5.0,-40.96,16.1814,-80,36.69,97.68,1.135967,0.783643,17.6899,0.404
5462,-100,-65.0,40,4.75,4.5,-39.16,18.1022,-77,34.21,101.57,1.099878,0.671895,13.6196,0.3836
5464,-100,-65.0,40,4.75,5.5,-38.68,17.9639,-82,34.72,100.75,1.082547,0.614166,9.7436,0.4768
5465,-100,-65.0,40,4.75,6.0,-39.83,17.9726,-85,36.02,98.71,1.15186,0.696366,13.3561,0.4335
5466,-100,-65.0,40,4.75,6.5,-39.64,17.5231,-86,36.34,98.25,1.122902,0.679292,12.4042,0.395
5467,-100,-65.0,40,4.75,7.0,-37.98,17.4665,-87,38.01,95.63,1.20538,0.912046,18.7054,0.2164
5468,-100,-65.0,40,4.75,7.5,-38.68,18.3608,-90,36.66,97.72,1.168876,0.634563,9.1789,0.4939
5469,-100,-65.0,40,4.75,8.0,-37.83,19.3525,-94,38.24,95.3,1.207774,0.819204,18.8675,0.3426
5470,-100,-65.0,40,4.75,8.5,-38.56,18.8443,-93,38.58,94.8,1.23243,0.884911,18.5451,0.2476
5471,-100,-65.0,40,4.75,9.0,-39.32,18.4999,-95,39.09,93.99,1.243936,0.740523,14.0286,0.4299
5472,-100,-65.0,40,4.75,9.5,-40.99,19.2806,-96,42.32,89.03,1.351451,0.700929,9.9627,0.4678
5473,-100,-65.0,40,4.75,10.0,-35.3,19.2246,-97,40.14,92.41,1.248163,1.174748,25.3775,0.2014
5475,-100,-65.0,40,4.75,11.0,-39.43,19.7156,-99,42.9,88.11,1.362624,0.873827,14.7243,0.235
5474,-100,-65.0,40,4.75,10.5,-39.17,20.2151,-98,37.24,96.8,1.172972,0.675921,14.0787,0.4242
5476,-100,-65.0,40,4.75,11.5,-36.61,21.4156,-100,38.26,95.25,1.205698,0.767682,17.3808,0.3905
5477,-100,-65.0,40,4.75,12.0,-39.27,20.5398,-100,41.31,90.53,1.315465,0.623144,7.1901,0.4762
5478,-100,-65.0,40,4.75,12.5,-38.96,20.2473,-100,38.47,94.92,1.221928,0.671618,11.9554,0.3462
5479,-100,-65.0,40,4.75,13.0,-40.19,19.756,-100,40.21,92.27,1.255891,0.859319,16.3756,0.2812
5480,-100,-65.0,40,4.75,13.5,-38.81,21.4095,-100,39.77,92.97,1.248012,0.870551,17.825,0.2615
5481,-100,-65.0,40,4.75,14.0,-40.71,21.3886,-100,40.71,91.5,1.271551,0.70181,12.5613,0.4341
5482,-100,-65.0,40,5.0,1.0,-34.52,18.3423,-65,31.42,105.85,1.025988,0.677902,15.2723,0.3828
5483,-100,-65.0,40,5.0,1.5,-35.78,17.9956,-68,31.82,105.17,1.034188,0.635822,13.044,0.4032
5484,-100,-65.0,40,5.0,2.0,-35.9,18.4914,-67,29.12,109.34,0.973755,0.594467,11.3922,0.4722
5485,-100,-65.0,40,5.0,2.5,-38.04,17.6928,-71,32.05,104.81,1.036762,0.601029,9.6973,0.497
5486,-100,-65.0,40,5.0,3.0,-35.03,18.6295,-75,31.71,105.39,1.007004,0.625642,12.5309,0.465
5487,-100,-65.0,40,5.0,3.5,-39.33,18.0793,-74,33.22,103.04,1.066446,0.592251,8.0987,0.5829
5488,-100,-65.0,40,5.0,4.0,-38.85,17.7197,-75,34.46,101.14,1.102328,0.632808,9.5334,0.4371
5489,-100,-65.0,40,5.0,4.5,-36.92,19.3274,-77,31.28,106.08,0.992427,0.568686,9.1287,0.589
5491,-100,-65.0,40,5.0,5.5,-37.26,18.0733,-78,36.54,97.89,1.146955,0.76453,17.5669,0.4609
5490,-100,-65.0,40,5.0,5.0,-34.09,18.7601,-77,32.81,103.68,0.996016,0.662696,15.4951,0.4579
5492,-100,-65.0,40,5.0,6.0,-37.07,18.1605,-85,33.61,102.4,1.075835,0.699199,14.8257,0.3806
5493,-100,-65.0,40,5.0,6.5,-36.65,19.3939,-86,32.82,103.6,1.067003,0.592853,10.1722,0.5059
5494,-100,-65.0,40,5.0,7.0,-34.23,18.9964,-88,34.98,100.32,1.125563,0.647924,12.3026,0.4539
5495,-100,-65.0,40,5.0,7.5,-38.56,18.4992,-88,38.24,95.26,1.199804,0.685808,12.7328,0.4793
5496,-100,-65.0,40,5.0,8.0,-33.08,20.2469,-87,34.77,100.71,1.083468,0.673881,13.864,0.4637
5497,-100,-65.0,40,5.0,8.5,-33.93,18.5896,-88,35.64,99.37,1.1188,0.920872,22.6782,0.2722
5498,-100,-65.0,40,5.0,9.0,-36.29,18.8488,-91,35.66,99.26,1.145922,0.694751,13.6611,0.432
5499,-100,-65.0,40,5.0,9.5,-37.09,20.4855,-95,37.5,96.46,1.183746,0.657198,12.0707,0.4207
5500,-100,-65.0,40,5.0,10.0,-36.32,20.2449,-100,36.78,97.53,1.177225,0.652627,10.6822,0.4278
5501,-100,-65.0,40,5.0,10.5,-34.99,20.3265,-97,37.22,96.84,1.174778,0.715407,13.6931,0.3845
5502,-100,-65.0,40,5.0,11.0,-34.02,22.0843,-100,35.36,99.79,1.128937,0.646255,13.1291,0.4361
5503,-100,-65.0,40,5.0,11.5,-35.2,20.9333,-100,37.81,95.95,1.197386,0.780614,16.4226,0.3212
5509,-100,-60.0,40,1.0,1.0,,,,100.0,0.0,0.0,0.0,0.0,0.0
5504,-100,-65.0,40,5.0,12.0,-35.38,21.8187,-100,38.81,94.37,1.23701,0.668022,10.6007,0.4711
5510,-100,-60.0,40,1.0,1.5,,,,100.0,0.0,0.0,0.0,0.0,0.0
5505,-100,-65.0,40,5.0,12.5,-35.31,20.9545,-100,38.01,95.65,1.21009,0.719643,14.3197,0.4006
5511,-100,-60.0,40,1.0,2.0,,,,100.0,0.0,0.0,0.0,0.0,0.0
5512,-100,-60.0,40,1.0,2.5,,,,100.0,0.0,0.0,0.0,0.0,0.0
5506,-100,-65.0,40,5.0,13.0,-33.91,21.955,-100,36.88,97.38,1.169119,0.667721,10.6797,0.4016
5507,-100,-65.0,40,5.0,13.5,-35.09,21.1979,-100,38.52,94.84,1.2339,0.828443,17.8038,0.3157
5513,-100,-60.0,40,1.0,3.0,,,,100.0,0.0,0.0,0.0,0.0,0.0
5514,-100,-60.0,40,1.0,3.5,,,,100.0,0.0,0.0,0.0,0.0,0.0
5515,-100,-60.0,40,1.0,4.0,,,,100.0,0.0,0.0,0.0,0.0,0.0
5516,-100,-60.0,40,1.0,4.5,,,,100.0,0.0,0.0,0.0,0.0,0.0
5508,-100,-65.0,40,5.0,14.0,-35.96,22.6175,-100,38.17,95.4,1.200905,0.644083,9.5398,0.4583
5517,-100,-60.0,40,1.0,5.0,-78.0,0.0,-78,100.0,0.0,3.283637,0.0,0.0035,0.0
5518,-100,-60.0,40,1.0,5.5,-80.25,4.3804,-87,99.99,0.02,4.767054,0.736947,0.0153,0.0
5519,-100,-60.0,40,1.0,6.0,-80.63,5.1831,-92,99.98,0.04,3.917418,0.694198,0.0442,0.0
5520,-100,-60.0,40,1.0,6.5,-76.92,7.3034,-97,99.94,0.1,4.694021,0.863203,0.1347,0.0
5521,-100,-60.0,40,1.0,7.0,-78.32,7.2151,-100,99.81,0.29,3.387779,0.615084,0.3484,0.0
5522,-100,-60.0,40,1.0,7.5,-83.17,7.3112,-100,99.96,0.06,5.777953,2.356037,0.0323,0.0
5523,-100,-60.0,40,1.0,8.0,-83.38,8.0922,-100,99.89,0.17,6.149734,1.839427,0.1329,0.0
5524,-100,-60.0,40,1.0,8.5,-80.8,8.5951,-100,99.72,0.44,3.989551,1.803052,0.4926,0.0001
5525,-100,-60.0,40,1.0,9.0,-81.01,8.8063,-100,99.51,0.75,4.609705,2.020282,0.8266,0.0003
5526,-100,-60.0,40,1.0,9.5,-83.24,9.7677,-100,99.45,0.85,3.747438,1.005614,0.5174,0.0009
5527,-100,-60.0,40,1.0,10.0,-82.55,9.785,-100,99.16,1.3,4.087883,0.862456,0.9297,0.0004
5528,-100,-60.0,40,1.0,10.5,-82.57,10.1302,-100,98.85,1.78,4.031794,1.381048,1.2919,0.001
5529,-100,-60.0,40,1.0,11.0,-82.69,10.6579,-100,98.35,2.54,3.98764,0.793982,1.5003,0.0012
5530,-100,-60.0,40,1.0,11.5,-82.68,10.935,-100,98.27,2.66,4.242925,1.052176,1.4682,0.0041
5531,-100,-60.0,40,1.0,12.0,-83.27,11.4726,-100,97.64,3.64,3.98229,0.773439,2.1044,0.0048
5532,-100,-60.0,40,1.0,12.5,-81.79,11.9098,-100,96.97,4.67,3.321509,0.9362,3.0722,0.0058
5533,-100,-60.0,40,1.0,13.0,-83.99,11.9422,-100,96.87,4.84,4.318277,1.575219,1.5876,0.0054
5536,-100,-60.0,40,1.25,1.0,,,,100.0,0.0,0.0,0.0,0.0,0.0
5534,-100,-60.0,40,1.0,13.5,-83.0,12.5565,-100,96.64,5.19,4.061936,0.749213,2.1969,0.0115
5535,-100,-60.0,40,1.0,14.0,-83.16,12.6881,-100,95.62,6.76,4.204042,1.189247,2.5359,0.0168
5537,-100,-60.0,40,1.25,1.5,,,,100.0,0.0,0.0,0.0,0.0,0.0
5538,-100,-60.0,40,1.25,2.0,,,,100.0,0.0,0.0,0.0,0.0,0.0
5540,-100,-60.0,40,1.25,3.0,,,,100.0,0.0,0.0,0.0,0.0,0.0
5539,-100,-60.0,40,1.25,2.5,,,,100.0,0.0,0.0,0.0,0.0,0.0
5541,-100,-60.0,40,1.25,3.5,-68.0,0.0,-68,100.0,0.0,3.937962,0.0,0.0035,0.0
5542,-100,-60.0,40,1.25,4.0,,,,100.0,0.0,0.0,0.0,0.0,0.0
5543,-100,-60.0,40,1.25,4.5,-73.27,3.9101,-79,99.99,0.02,5.518591,1.05818,0.0348,0.0
5544,-100,-60.0,40,1.25,5.0,-77.41,3.9117,-84,99.98,0.03,4.141311,2.183108,0.046,0.0
5545,-100,-60.0,40,1.25,5.5,-73.05,5.8695,-87,99.83,0.27,4.596676,1.065953,0.3494,0.0
5547,-100,-60.0,40,1.25,6.5,-75.6,6.8769,-96,99.64,0.55,4.548745,0.794801,0.6538,0.0
5546,-100,-60.0,40,1.25,6.0,-75.91,5.7707,-91,99.85,0.24,4.800177,0.652533,0.2817,0.0
5549,-100,-60.0,40,1.25,7.5,-74.91,8.5465,-100,99.29,1.1,4.550359,1.030348,1.4187,0.0
5548,-100,-60.0,40,1.25,7.0,-77.5,7.5586,-99,99.82,0.28,6.274297,2.087363,0.2821,0.0
5550,-100,-60.0,40,1.25,8.0,-75.87,8.7095,-98,99.36,0.99,5.716964,1.060071,1.0395,0.0
5552,-100,-60.0,40,1.25,9.0,-75.46,9.92,-100,98.18,2.81,3.833636,1.196054,3.3775,0.0001
5551,-100,-60.0,40,1.25,8.5,-77.1,8.9749,-100,98.82,1.83,5.371662,1.748125,1.5241,0.0009
5553,-100,-60.0,40,1.25,9.5,-78.05,9.8618,-100,98.28,2.65,4.408703,1.508452,2.2257,0.0006
5554,-100,-60.0,40,1.25,10.0,-79.21,10.0928,-100,98.03,3.04,4.021857,1.602527,2.3636,0.0018
5555,-100,-60.0,40,1.25,10.5,-78.73,10.958,-100,97.48,3.89,4.693556,0.98725,2.69,0.002
5556,-100,-60.0,40,1.25,11.0,-80.52,10.7671,-100,97.44,3.95,4.097811,0.801901,2.1859,0.0025
5557,-100,-60.0,40,1.25,11.5,-80.16,11.5283,-100,97.04,4.57,5.114936,2.120755,2.1994,0.0056
5558,-100,-60.0,40,1.25,12.0,-78.98,12.3795,-100,96.14,5.95,4.921715,0.983137,3.3238,0.0107
5559,-100,-60.0,40,1.25,12.5,-77.99,12.5916,-100,95.53,6.89,4.757229,1.104018,4.0281,0.0182
5560,-100,-60.0,40,1.25,13.0,-80.51,12.2086,-100,94.51,8.46,4.089342,1.416809,3.7988,0.0201
5561,-100,-60.0,40,1.25,13.5,-80.77,12.4249,-100,94.82,8.0,4.058767,1.353012,4.0499,0.0174
5562,-100,-60.0,40,1.25,14.0,-80.01,13.4989,-100,93.92,9.38,4.432512,0.821312,3.4585,0.0251
5564,-100,-60.0,40,1.5,1.5,-68.83,0.6872,-70,99.99,0.01,8.137838,1.608473,0.0175,0.0
5563,-100,-60.0,40,1.5,1.0,-68.0,0.0,-68,100.0,0.0,8.069833,0.0,0.0035,0.0
5565,-100,-60.0,40,1.5,2.0,,,,100.0,0.0,0.0,0.0,0.0,0.0
5566,-100,-60.0,40,1.5,2.5,-72.0,1.4142,-74,100.0,0.01,2.701774,0.286289,0.0105,0.0
5567,-100,-60.0,40,1.5,3.0,-73.0,2.8284,-77,100.0,0.01,6.700216,2.503839,0.0074,0.0
5568,-100,-60.0,40,1.5,3.5,-70.09,3.6087,-76,99.96,0.06,5.352395,1.517754,0.0806,0.0
5569,-100,-60.0,40,1.5,4.0,-72.38,3.3807,-81,99.94,0.1,6.268525,1.090639,0.1599,0.0
5570,-100,-60.0,40,1.5,4.5,-69.51,5.1106,-82,99.81,0.29,8.718485,4.475095,0.359,0.0
5571,-100,-60.0,40,1.5,5.0,-72.64,4.9426,-84,99.77,0.35,5.112901,2.25182,0.4357,0.0
5572,-100,-60.0,40,1.5,5.5,-70.2,5.7389,-90,99.26,1.14,5.353677,1.532519,1.6364,0.0
5573,-100,-60.0,40,1.5,6.0,-71.54,6.1203,-90,99.09,1.4,5.281036,0.855758,1.6572,0.0
5574,-100,-60.0,40,1.5,6.5,-71.28,6.7904,-94,98.86,1.76,5.967947,1.402734,2.0935,0.0001
5575,-100,-60.0,40,1.5,7.0,-73.32,7.2651,-100,98.84,1.78,6.125409,1.929236,1.7212,0.0
5576,-100,-60.0,40,1.5,7.5,-74.88,7.6496,-100,98.74,1.94,4.661379,1.792794,1.8319,0.0001
5577,-100,-60.0,40,1.5,8.0,-73.6,8.3176,-100,97.88,3.28,4.462357,1.827009,3.2219,0.0001
5578,-100,-60.0,40,1.5,8.5,-72.94,9.1695,-100,97.28,4.19,4.56746,1.99807,4.4005,0.0009
5579,-100,-60.0,40,1.5,9.0,-74.88,9.8869,-100,97.19,4.33,5.474695,1.617001,2.7488,0.0027
5581,-100,-60.0,40,1.5,10.0,-75.24,10.6382,-100,96.32,5.68,5.044826,1.09311,3.9138,0.002
5580,-100,-60.0,40,1.5,9.5,-76.76,10.1494,-100,97.51,3.84,5.043365,2.507011,2.5441,0.0018
5582,-100,-60.0,40,1.5,10.5,-74.16,11.4767,-100,95.38,7.14,4.726717,1.459018,5.362,0.0052
5583,-100,-60.0,40,1.5,11.0,-75.41,11.5859,-100,94.31,8.78,3.57886,1.484,5.7909,0.0065
5584,-100,-60.0,40,1.5,11.5,-75.48,12.2002,-100,94.75,8.11,4.548422,2.015445,5.7476,0.0072
5585,-100,-60.0,40,1.5,12.0,-75.59,12.2954,-100,92.84,11.04,4.123879,1.098632,5.8347,0.0105
5586,-100,-60.0,40,1.5,12.5,-76.11,12.5327,-100,92.4,11.72,4.054391,1.644414,5.2552,0.0136
5587,-100,-60.0,40,1.5,13.0,-76.14,13.5385,-100,92.73,11.22,4.546537,1.02736,5.0868,0.0144
5590,-100,-60.0,40,1.75,1.0,-65.51,1.1913,-68,99.92,0.12,5.133,0.781681,0.2124,0.0
5588,-100,-60.0,40,1.5,13.5,-77.27,13.6548,-100,92.49,11.59,4.442591,1.541824,5.4334,0.0231
5589,-100,-60.0,40,1.5,14.0,-76.39,14.2375,-100,91.11,13.71,4.157886,1.124618,6.3125,0.0136
5591,-100,-60.0,40,1.75,1.5,-67.89,1.5947,-72,99.98,0.03,5.002748,0.798164,0.0446,0.0
5593,-100,-60.0,40,1.75,2.5,-65.41,2.6529,-74,99.42,0.9,6.086011,1.35409,1.2044,0.0
5592,-100,-60.0,40,1.75,2.0,-67.79,2.0739,-74,99.91,0.14,3.432337,0.488531,0.1738,0.0
5594,-100,-60.0,40,1.75,3.0,-67.03,3.085,-79,99.52,0.74,5.000432,3.108156,1.0483,0.0
5595,-100,-60.0,40,1.75,3.5,-66.85,3.7345,-78,99.39,0.94,5.503584,0.984358,1.4274,0.0
5596,-100,-60.0,40,1.75,4.0,-67.89,3.9199,-82,98.97,1.59,4.260747,1.27054,1.958,0.0
5597,-100,-60.0,40,1.75,4.5,-67.15,4.5799,-83,98.61,2.14,5.48663,2.788233,2.7741,0.0
5598,-100,-60.0,40,1.75,5.0,-67.2,5.3975,-93,98.16,2.84,5.111985,1.094075,3.5219,0.0
5599,-100,-60.0,40,1.75,5.5,-67.96,5.6746,-91,98.02,3.05,3.950412,1.692776,4.4989,0.0
5601,-100,-60.0,40,1.75,6.5,-69.25,7.0916,-92,97.8,3.4,5.108536,3.478768,4.3256,0.0
5600,-100,-60.0,40,1.75,6.0,-68.6,6.38,-91,96.83,4.9,3.560754,1.394843,5.2121,0.0
5602,-100,-60.0,40,1.75,7.0,-68.42,7.9411,-98,96.63,5.2,4.991134,1.019782,5.2926,0.0004
5603,-100,-60.0,40,1.75,7.5,-68.19,8.1071,-100,94.96,7.78,3.534837,1.121865,8.3539,0.0004
5604,-100,-60.0,40,1.75,8.0,-67.82,8.5002,-100,93.7,9.72,3.312461,2.073874,9.7952,0.0006
5605,-100,-60.0,40,1.75,8.5,-72.14,9.2336,-100,95.81,6.47,4.428101,0.776473,4.7175,0.0018
5606,-100,-60.0,40,1.75,9.0,-68.94,9.8494,-100,92.89,10.97,3.791345,1.409731,9.0481,0.0006
5607,-100,-60.0,40,1.75,9.5,-70.56,10.6727,-100,93.37,10.24,4.033995,1.049446,7.5497,0.0056
5608,-100,-60.0,40,1.75,10.0,-71.23,11.361,-100,93.2,10.49,4.543115,1.655461,5.9981,0.0059
5609,-100,-60.0,40,1.75,10.5,-69.7,12.1206,-100,92.3,11.88,4.033982,1.061719,8.063,0.0052
5610,-100,-60.0,40,1.75,11.0,-70.97,11.9675,-100,90.72,14.33,3.693631,0.905701,7.7345,0.0129
5611,-100,-60.0,40,1.75,11.5,-72.09,12.5893,-100,91.52,13.09,4.719318,1.827948,6.4552,0.0246
5612,-100,-60.0,40,1.75,12.0,-73.42,12.8911,-100,92.1,12.19,4.34953,0.922512,5.7137,0.0221
5614,-100,-60.0,40,1.75,13.0,-72.12,13.9289,-100,89.22,16.63,4.01788,1.966599,9.5791,0.0258
5613,-100,-60.0,40,1.75,12.5,-72.68,13.3864,-100,90.91,14.03,4.184208,1.342468,6.1331,0.0212
5615,-100,-60.0,40,1.75,13.5,-73.32,13.9712,-100,88.77,17.33,4.427911,1.257167,6.5753,0.033
5617,-100,-60.0,40,2.0,1.0,-62.22,1.3824,-72,98.19,2.79,4.677193,1.191742,3.658,0.0
5618,-100,-60.0,40,2.0,1.5,-62.04,1.8995,-68,98.02,3.05,5.383964,1.670491,4.1183,0.0
5616,-100,-60.0,40,1.75,14.0,-73.55,14.7416,-100,88.36,17.96,4.287548,1.38048,6.6243,0.0435
5619,-100,-60.0,40,2.0,2.0,-62.22,2.4024,-72,97.41,4.0,5.305757,1.913297,4.8404,0.0
5620,-100,-60.0,40,2.0,2.5,-61.99,2.5397,-70,96.96,4.69,5.55519,1.370919,5.6977,0.0
5621,-100,-60.0,40,2.0,3.0,-63.42,3.1344,-79,96.31,5.7,2.976358,0.530772,7.2118,0.0
5622,-100,-60.0,40,2.0,3.5,-61.59,3.9126,-76,95.52,6.91,3.896216,1.262984,8.4763,0.0
5623,-100,-60.0,40,2.0,4.0,-62.44,4.3108,-83,95.46,7.0,3.837961,1.259707,8.8599,0.0
5624,-100,-60.0,40,2.0,4.5,-62.12,5.2226,-80,95.18,7.44,3.542103,1.724691,9.4592,0.0
5625,-100,-60.0,40,2.0,5.0,-63.62,5.4672,-88,94.93,7.82,3.741101,1.412248,9.1956,0.0
5626,-100,-60.0,40,2.0,5.5,-63.45,6.2235,-86,94.73,8.14,4.056197,1.219481,8.8096,0.0002
5627,-100,-60.0,40,2.0,6.0,-66.27,7.0216,-91,96.13,5.97,5.495181,1.669816,5.3241,0.0
5628,-100,-60.0,40,2.0,6.5,-65.59,7.7302,-92,94.43,8.59,4.60023,2.829315,8.3435,0.0001
5629,-100,-60.0,40,2.0,7.0,-64.74,8.1311,-97,92.4,11.72,3.92247,2.301827,11.2943,0.0002
5630,-100,-60.0,40,2.0,7.5,-65.87,8.6294,-100,92.36,11.79,3.891605,2.175012,10.6109,0.0012
5631,-100,-60.0,40,2.0,8.0,-64.3,9.175,-100,89.82,15.71,2.513843,1.94038,16.5585,0.0012
5632,-100,-60.0,40,2.0,8.5,-67.59,10.2489,-100,91.67,12.85,3.851286,1.228347,8.4665,0.0048
5633,-100,-60.0,40,2.0,9.0,-67.06,10.1666,-100,90.02,15.39,3.591309,1.749193,11.3191,0.0023
5634,-100,-60.0,40,2.0,9.5,-67.41,11.4855,-100,91.08,13.78,4.375276,1.940148,9.0477,0.0138
5635,-100,-60.0,40,2.0,10.0,-69.11,11.7603,-100,91.28,13.45,4.477206,1.309055,7.0666,0.0089
5636,-100,-60.0,40,2.0,10.5,-67.45,12.1149,-100,88.4,17.89,3.759232,2.429987,12.1582,0.0162
5637,-100,-60.0,40,2.0,11.0,-70.22,12.4321,-100,90.0,15.43,4.48373,1.58676,7.1609,0.0282
5638,-100,-60.0,40,2.0,11.5,-68.63,13.435,-100,87.95,18.6,3.795847,1.701541,10.3247,0.0306
5639,-100,-60.0,40,2.0,12.0,-67.41,13.2003,-100,84.65,23.69,3.1277,2.691767,14.556,0.0209
5640,-100,-60.0,40,2.0,12.5,-67.98,14.2179,-100,84.94,23.24,3.642389,1.269413,10.1986,0.0437
5641,-100,-60.0,40,2.0,13.0,-68.32,14.3118,-100,85.03,23.1,3.32295,1.544866,12.5104,0.0346
5644,-100,-60.0,40,2.25,1.0,-57.7,1.478,-73,88.06,18.43,1.398359,1.229214,24.0462,0.0
5642,-100,-60.0,40,2.0,13.5,-68.38,14.5556,-100,84.45,24.0,3.402157,1.786268,12.5315,0.0276
5643,-100,-60.0,40,2.0,14.0,-71.17,15.2971,-100,87.23,19.7,4.454632,1.62238,6.6706,0.0471
5645,-100,-60.0,40,2.25,1.5,-58.14,1.8133,-73,88.98,17.0,1.447964,2.792047,27.5524,0.0
5646,-100,-60.0,40,2.25,2.0,-58.74,2.2403,-74,90.27,15.01,1.817636,1.802527,21.239,0.0
5647,-100,-60.0,40,2.25,2.5,-57.57,2.9963,-78,87.64,19.07,1.321603,1.445671,26.5908,0.0
5648,-100,-60.0,40,2.25,3.0,-59.37,3.2336,-76,92.12,12.15,2.392571,1.01373,14.5844,0.0
5649,-100,-60.0,40,2.25,3.5,-58.89,3.8598,-79,90.41,14.8,2.056078,1.469963,19.0867,0.0
5650,-100,-60.0,40,2.25,4.0,-59.41,4.8645,-86,91.54,13.06,2.635577,1.60635,14.9274,0.0
5651,-100,-60.0,40,2.25,4.5,-58.22,5.1189,-83,85.28,22.72,1.320139,1.126923,26.3242,0.0
5652,-100,-60.0,40,2.25,5.0,-60.1,6.0264,-86,88.74,17.37,2.085467,1.665729,20.1088,0.0
5653,-100,-60.0,40,2.25,5.5,-58.61,6.388,-88,83.51,25.44,1.322867,1.318658,27.9686,0.0001
5654,-100,-60.0,40,2.25,6.0,-61.67,7.7934,-96,92.51,11.55,3.632887,2.337265,11.6634,0.0001
5655,-100,-60.0,40,2.25,6.5,-60.07,7.8588,-100,86.09,21.46,2.296875,2.049165,20.8583,0.0011
5656,-100,-60.0,40,2.25,7.0,-62.5,8.4475,-96,89.2,16.67,3.28454,2.115551,15.0464,0.0004
5657,-100,-60.0,40,2.25,7.5,-62.4,9.6107,-100,87.47,19.34,2.783768,1.635594,15.373,0.0016
5658,-100,-60.0,40,2.25,8.0,-59.39,10.0818,-100,82.81,26.52,2.176711,2.23729,23.7841,0.001
5659,-100,-60.0,40,2.25,8.5,-63.31,10.7428,-100,89.53,16.16,3.889587,2.079633,11.4679,0.0075
5660,-100,-60.0,40,2.25,9.0,-63.08,11.168,-100,87.0,20.06,3.297568,1.966852,14.1394,0.0049
5661,-100,-60.0,40,2.25,9.5,-61.74,11.6297,-100,81.96,27.85,2.577506,2.005943,20.995,0.0127
5662,-100,-60.0,40,2.25,10.0,-63.93,12.2132,-100,84.77,23.51,3.157071,1.98271,15.4114,0.0107
5663,-100,-60.0,40,2.25,10.5,-64.59,13.296,-100,85.02,23.11,3.201634,1.376574,13.1035,0.0186
5664,-100,-60.0,40,2.25,11.0,-65.95,13.2196,-100,85.8,21.9,3.749144,1.653095,10.7825,0.0192
5665,-100,-60.0,40,2.25,11.5,-64.52,13.4796,-100,82.12,27.58,3.297729,1.645766,13.761,0.0184
5666,-100,-60.0,40,2.25,12.0,-65.5,14.5494,-100,83.87,24.89,3.619969,1.456965,10.7214,0.0286
5667,-100,-60.0,40,2.25,12.5,-65.38,15.2803,-100,84.48,23.96,3.723638,2.029514,12.2992,0.0438
5668,-100,-60.0,40,2.25,13.0,-64.79,14.983,-100,81.22,28.99,3.16003,1.995357,15.1345,0.0648
5669,-100,-60.0,40,2.25,13.5,-66.6,15.0725,-100,82.81,26.52,3.524191,1.422967,11.159,0.0484
5670,-100,-60.0,40,2.25,14.0,-66.68,15.8261,-100,82.16,27.55,3.699859,1.514606,9.5892,0.0634
5671,-100,-60.0,40,2.5,1.0,-54.18,3.058,-69,77.96,34.02,0.499984,0.719609,40.3229,0.0
5672,-100,-60.0,40,2.5,1.5,-52.61,2.2531,-73,79.28,31.97,0.545532,0.487011,38.4068,0.0
5673,-100,-60.0,40,2.5,2.0,-54.17,2.6056,-71,77.55,34.63,0.441968,0.65194,41.0257,0.0
5674,-100,-60.0,40,2.5,2.5,-54.66,3.2259,-74,80.14,30.64,0.853674,1.274997,35.6552,0.0
5675,-100,-60.0,40,2.5,3.0,-54.17,3.7798,-76,77.88,34.14,0.789273,1.420806,39.0901,0.0
5676,-100,-60.0,40,2.5,3.5,-54.62,4.3628,-79,77.61,34.56,0.821338,1.516837,39.0098,0.0
5677,-100,-60.0,40,2.5,4.0,-53.78,5.7383,-80,75.86,37.26,0.82588,1.294942,39.6663,0.0
5678,-100,-60.0,40,2.5,4.5,-55.05,6.536,-82,80.61,29.92,1.311081,1.555646,31.8941,0.0
5679,-100,-60.0,40,2.5,5.0,-54.49,6.9882,-90,82.01,27.75,1.643428,1.964738,28.5392,0.0001
5680,-100,-60.0,40,2.5,5.5,-56.03,7.726,-88,79.89,31.04,1.845095,1.878531,27.9468,0.0028
5681,-100,-60.0,40,2.5,6.0,-56.54,7.9413,-94,80.03,30.82,1.804551,1.889875,28.733,0.0009
5682,-100,-60.0,40,2.5,6.5,-58.48,8.8464,-96,80.33,30.36,2.212228,1.908972,22.5838,0.0032
5683,-100,-60.0,40,2.5,7.0,-55.53,9.576,-95,75.86,37.25,1.448458,1.825976,34.2904,0.0013
5684,-100,-60.0,40,2.5,7.5,-57.91,10.0057,-100,81.61,28.39,2.259454,1.952135,24.2793,0.0035
5685,-100,-60.0,40,2.5,8.0,-59.06,10.432,-100,79.17,32.15,2.263083,2.152516,26.0787,0.004
5686,-100,-60.0,40,2.5,8.5,-57.77,10.9621,-100,77.77,34.29,2.076551,2.159232,28.5413,0.0151
5687,-100,-60.0,40,2.5,9.0,-59.99,11.3165,-100,77.91,34.08,2.507691,1.76031,21.5339,0.0199
5688,-100,-60.0,40,2.5,9.5,-58.89,12.9082,-100,78.51,33.15,2.419728,1.876468,22.7664,0.0108
5689,-100,-60.0,40,2.5,10.0,-59.96,12.8379,-100,81.48,28.57,3.252713,2.619819,19.648,0.0327
5690,-100,-60.0,40,2.5,10.5,-59.76,12.618,-100,77.09,35.36,2.528295,2.646552,24.2633,0.0188
5691,-100,-60.0,40,2.5,11.0,-60.17,13.2847,-100,76.25,36.64,2.396023,2.067409,24.4897,0.0142
5692,-100,-60.0,40,2.5,11.5,-60.27,14.5988,-100,78.73,32.82,2.878221,2.103093,18.9023,0.0472
5693,-100,-60.0,40,2.5,12.0,-63.71,14.267,-100,81.08,29.21,3.41535,1.955308,12.1965,0.0359
5694,-100,-60.0,40,2.5,12.5,-60.8,14.5632,-100,76.03,37.0,2.542731,1.663102,19.4419,0.0308
5696,-100,-60.0,40,2.5,13.5,-64.52,15.8725,-100,81.19,29.01,3.71551,1.570277,8.8874,0.072
5695,-100,-60.0,40,2.5,13.0,-62.38,15.2318,-100,77.42,34.82,2.990066,1.52423,14.502,0.058
5697,-100,-60.0,40,2.5,14.0,-61.41,16.4458,-100,77.27,35.07,3.080038,2.029577,16.7165,0.054
5698,-100,-60.0,40,2.75,1.0,-51.09,4.7809,-71,74.93,38.67,0.824933,1.067327,39.1663,0.0
5699,-100,-60.0,40,2.75,1.5,-52.06,3.6615,-72,78.55,33.08,0.984535,1.342936,36.0509,0.0
5700,-100,-60.0,40,2.75,2.0,-50.08,5.4756,-73,77.28,35.07,1.115994,1.421997,35.5436,0.0
5701,-100,-60.0,40,2.75,2.5,-52.78,5.0168,-75,74.6,39.2,1.089688,1.40359,37.5034,0.0
5702,-100,-60.0,40,2.75,3.0,-52.18,6.1466,-76,75.55,37.75,1.146827,1.554861,36.154,0.0
5703,-100,-60.0,40,2.75,3.5,-52.41,6.4498,-81,78.74,32.79,1.573317,2.251436,31.5294,0.0
5704,-100,-60.0,40,2.75,4.0,-49.98,7.2141,-84,74.54,39.28,1.09594,1.672618,39.1225,0.0
5705,-100,-60.0,40,2.75,4.5,-52.82,7.4973,-83,77.98,33.98,1.578993,1.751842,30.7852,0.0
5706,-100,-60.0,40,2.75,5.0,-53.46,7.5321,-83,73.78,40.44,1.339567,1.518234,34.9625,0.0009
5707,-100,-60.0,40,2.75,5.5,-52.49,8.427,-89,73.78,40.45,1.479638,1.97837,36.5807,0.0002
5708,-100,-60.0,40,2.75,6.0,-52.75,9.2816,-92,74.25,39.75,1.578699,1.715997,32.6718,0.0012
5709,-100,-60.0,40,2.75,6.5,-53.31,9.4168,-91,73.46,40.96,1.670433,2.09329,34.95,0.0059
5710,-100,-60.0,40,2.75,7.0,-53.41,10.3371,-94,69.52,47.03,1.529672,2.069882,37.0809,0.0039
5711,-100,-60.0,40,2.75,7.5,-53.49,10.5954,-100,72.2,42.91,1.733829,2.131627,34.6245,0.0049
5712,-100,-60.0,40,2.75,8.0,-54.17,11.9184,-100,75.48,37.84,1.830501,2.165811,30.5344,0.0066
5713,-100,-60.0,40,2.75,8.5,-57.32,11.7615,-98,74.1,39.95,2.26322,1.6223,20.9888,0.032
5714,-100,-60.0,40,2.75,9.0,-54.93,12.8412,-100,73.99,40.12,2.282245,2.132024,27.1478,0.0261
5715,-100,-60.0,40,2.75,9.5,-56.38,13.0135,-100,71.71,43.66,2.069908,1.764824,27.7628,0.0281
5716,-100,-60.0,40,2.75,10.0,-56.28,13.7827,-100,72.14,42.98,2.228732,1.990625,27.3533,0.0738
5717,-100,-60.0,40,2.75,10.5,-58.74,13.4586,-100,75.31,38.08,2.673601,1.950137,19.4391,0.0631
5718,-100,-60.0,40,2.75,11.0,-55.72,15.1798,-100,71.87,43.38,2.285143,2.038303,26.9063,0.0637
5720,-100,-60.0,40,2.75,12.0,-58.33,15.7815,-100,74.93,38.69,2.761991,1.853858,20.3136,0.0922
5719,-100,-60.0,40,2.75,11.5,-55.43,14.889,-100,68.61,48.41,1.940202,2.054811,32.2865,0.0581
5721,-100,-60.0,40,2.75,12.5,-60.34,15.6026,-100,75.88,37.21,3.019743,1.581783,14.2992,0.0584
5722,-100,-60.0,40,2.75,13.0,-57.02,16.5316,-100,69.61,46.89,2.314144,1.783944,24.1039,0.0608
5723,-100,-60.0,40,2.75,13.5,-58.26,16.7522,-100,70.51,45.52,2.365547,1.673588,24.1035,0.0813
5724,-100,-60.0,40,2.75,14.0,-59.28,16.9314,-100,72.95,41.75,2.634115,1.821456,20.8577,0.077
5725,-100,-60.0,40,3.0,1.0,-49.55,6.9818,-69,67.01,50.88,0.860704,0.906586,40.134,0.0
5726,-100,-60.0,40,3.0,1.5,-49.27,6.7417,-72,69.15,47.6,0.998136,1.007266,37.6726,0.0
5727,-100,-60.0,40,3.0,2.0,-51.04,6.7696,-71,65.73,52.86,0.961018,1.029064,38.6532,0.0
5729,-100,-60.0,40,3.0,3.0,-50.28,8.3204,-75,77.71,34.38,1.758218,1.172702,24.8052,0.0
5728,-100,-60.0,40,3.0,2.5,-50.22,7.9754,-76,65.64,53.02,0.934784,0.871498,38.3925,0.0
5730,-100,-60.0,40,3.0,3.5,-50.86,8.2334,-80,67.37,50.36,1.19603,1.26597,36.4216,0.0
5732,-100,-60.0,40,3.0,4.5,-51.29,8.5747,-83,65.24,53.65,1.233311,1.297051,35.7663,0.0003
5731,-100,-60.0,40,3.0,4.0,-50.47,8.3422,-81,68.18,49.11,1.334906,1.708571,35.5165,0.0004
5733,-100,-60.0,40,3.0,5.0,-51.85,8.3953,-84,64.7,54.47,1.189703,1.48294,38.4644,0.001
5734,-100,-60.0,40,3.0,5.5,-50.54,9.3622,-86,69.2,47.52,1.561434,1.882831,36.1733,0.0017
5735,-100,-60.0,40,3.0,6.0,-53.33,9.9611,-94,71.31,44.26,1.796237,1.344949,27.5504,0.0089
5736,-100,-60.0,40,3.0,6.5,-51.14,11.0826,-96,66.16,52.23,1.521348,1.469046,34.3379,0.0034
5737,-100,-60.0,40,3.0,7.0,-52.33,11.2849,-92,68.66,48.37,1.793647,1.735539,32.0126,0.0247
5738,-100,-60.0,40,3.0,7.5,-52.79,11.4689,-97,69.51,47.05,1.87011,2.566851,30.4336,0.0138
5739,-100,-60.0,40,3.0,8.0,-52.39,13.0227,-99,69.88,46.49,1.937259,1.782528,29.5078,0.0295
5740,-100,-60.0,40,3.0,8.5,-53.79,11.8531,-100,68.0,49.38,1.901923,1.701414,27.6723,0.0206
5741,-100,-60.0,40,3.0,9.0,-51.54,13.2768,-100,67.68,49.87,1.978547,1.957451,30.6857,0.0222
5743,-100,-60.0,40,3.0,10.0,-52.78,14.1092,-100,66.88,51.12,1.964875,1.843077,29.7407,0.0265
5742,-100,-60.0,40,3.0,9.5,-53.13,14.281,-100,68.78,48.17,2.060214,1.820995,27.0989,0.0378
5744,-100,-60.0,40,3.0,10.5,-52.79,15.1921,-100,67.38,50.32,2.086624,1.830235,26.9096,0.0601
5745,-100,-60.0,40,3.0,11.0,-54.13,15.0727,-100,68.57,48.5,2.274115,2.034438,24.9619,0.0741
5746,-100,-60.0,40,3.0,11.5,-54.26,15.2269,-100,66.24,52.1,2.087637,1.838479,26.2883,0.0536
5749,-100,-60.0,40,3.0,13.0,-55.28,16.0867,-100,68.41,48.72,2.342,2.292502,21.8027,0.0455
5747,-100,-60.0,40,3.0,12.0,-54.24,15.8152,-100,64.77,54.35,2.034918,1.665087,26.4362,0.1032
5748,-100,-60.0,40,3.0,12.5,-53.37,16.5477,-100,66.99,50.95,2.143017,1.761733,26.3721,0.0708
5750,-100,-60.0,40,3.0,13.5,-54.5,16.8309,-100,66.31,52.0,2.210859,2.131915,25.4497,0.0846
5752,-100,-60.0,40,3.25,1.0,-46.77,7.9347,-70,62.73,57.5,0.927169,1.311224,40.2254,0.0
5751,-100,-60.0,40,3.0,14.0,-56.81,17.6286,-100,68.88,48.03,2.487458,1.383965,15.1577,0.126
5753,-100,-60.0,40,3.25,1.5,-47.79,8.1135,-69,56.96,66.46,0.912456,1.09621,41.8036,0.0
5754,-100,-60.0,40,3.25,2.0,-48.4,8.0189,-72,63.16,56.87,0.964021,1.417174,40.7406,0.0
5755,-100,-60.0,40,3.25,2.5,-47.82,8.1226,-73,58.41,64.15,0.902967,1.422975,42.7297,0.0
5756,-100,-60.0,40,3.25,3.0,-49.1,8.7517,-78,61.04,60.13,1.055788,0.943409,36.9229,0.0007
5757,-100,-60.0,40,3.25,3.5,-48.56,9.5925,-79,58.94,63.35,1.060714,1.109984,38.3998,0.0001
5758,-100,-60.0,40,3.25,4.0,-49.29,10.1768,-81,65.72,52.88,1.385199,1.199181,31.8239,0.0008
5759,-100,-60.0,40,3.25,4.5,-50.21,9.508,-84,60.67,60.68,1.303933,1.566432,35.3465,0.003
5760,-100,-60.0,40,3.25,5.0,-49.95,10.5426,-88,61.1,60.03,1.332475,1.273307,33.5228,0.002
5761,-100,-60.0,40,3.25,5.5,-50.06,10.6359,-87,59.96,61.8,1.410542,1.484723,33.5301,0.0114
5762,-100,-60.0,40,3.25,6.0,-48.06,11.5802,-90,60.44,61.05,1.394974,1.599158,35.2292,0.0304
5763,-100,-60.0,40,3.25,6.5,-51.84,11.5068,-94,65.79,52.77,1.709399,1.291696,26.7759,0.0209
5764,-100,-60.0,40,3.25,7.0,-50.29,12.5067,-92,64.03,55.51,1.77359,1.464551,27.2591,0.0489
5765,-100,-60.0,40,3.25,7.5,-50.57,12.5333,-94,60.58,60.82,1.56779,1.308499,29.9278,0.024
5766,-100,-60.0,40,3.25,8.0,-49.93,12.7578,-99,59.61,62.35,1.614545,1.928524,33.5864,0.0437
5767,-100,-60.0,40,3.25,8.5,-49.58,13.8783,-100,64.8,54.31,1.908456,1.801314,27.877,0.0491
5768,-100,-60.0,40,3.25,9.0,-49.39,14.9466,-99,63.17,56.8,1.851467,1.851271,30.2025,0.0622
5769,-100,-60.0,40,3.25,9.5,-52.59,14.0541,-99,67.59,50.0,2.200113,1.470831,20.3226,0.0845
5770,-100,-60.0,40,3.25,10.0,-50.48,14.1922,-100,59.21,62.94,1.714045,1.761228,30.9624,0.0655
5772,-100,-60.0,40,3.25,11.0,-49.12,16.1579,-100,61.57,59.27,1.865323,1.806088,30.5238,0.0863
5773,-100,-60.0,40,3.25,11.5,-53.02,16.4928,-100,66.91,51.04,2.35877,1.598089,18.3023,0.1135
5771,-100,-60.0,40,3.25,10.5,-50.04,15.1519,-100,60.56,60.86,1.741214,1.55221,28.7543,0.0458
5774,-100,-60.0,40,3.25,12.0,-51.33,16.2487,-100,62.06,58.55,1.976433,1.82305,26.6991,0.0872
5775,-100,-60.0,40,3.25,12.5,-51.33,17.0671,-100,62.42,57.98,2.00677,1.56843,24.551,0.0804
5776,-100,-60.0,40,3.25,13.0,-50.3,17.5327,-100,66.0,52.47,2.293773,2.117544,25.0396,0.0824
5777,-100,-60.0,40,3.25,13.5,-51.07,18.3418,-100,64.43,54.9,2.117953,1.883235,26.3497,0.1288
5778,-100,-60.0,40,3.25,14.0,-52.28,17.5528,-100,62.89,57.26,2.040052,1.664722,23.4355,0.109
5779,-100,-60.0,40,3.5,1.0,-46.13,9.4132,-70,55.64,68.45,1.057757,0.905984,36.4344,0.0001
5780,-100,-60.0,40,3.5,1.5,-46.32,10.29,-69,53.96,71.05,0.829314,0.938344,41.2867,0.0
5781,-100,-60.0,40,3.5,2.0,-46.61,9.4029,-69,55.42,68.77,1.017708,1.196066,40.3376,0.0
5782,-100,-60.0,40,3.5,2.5,-45.96,10.3176,-74,57.0,66.35,1.171333,1.215293,36.3129,0.0002
5786,-100,-60.0,40,3.5,4.5,-47.84,11.716,-85,59.28,62.86,1.569642,1.192445,27.1029,0.029
5784,-100,-60.0,40,3.5,3.5,-45.95,10.5047,-78,57.51,65.55,1.284754,1.157208,33.7809,0.002
5783,-100,-60.0,40,3.5,3.0,-47.93,10.1905,-77,54.85,69.64,1.028758,0.904698,36.5284,0.0001
5785,-100,-60.0,40,3.5,4.0,-48.18,10.7369,-78,57.19,66.07,1.333269,1.16657,32.544,0.0033
5787,-100,-60.0,40,3.5,5.0,-47.49,12.3223,-84,58.99,63.28,1.475054,1.479626,31.6868,0.013
5788,-100,-60.0,40,3.5,5.5,-49.33,11.6625,-88,59.78,62.06,1.645997,1.539045,28.8466,0.031
5789,-100,-60.0,40,3.5,6.0,-48.76,12.5813,-89,60.57,60.86,1.579796,1.240699,27.6021,0.0544
5790,-100,-60.0,40,3.5,6.5,-49.13,12.0847,-90,57.36,65.79,1.496202,1.493894,32.5129,0.0318
5791,-100,-60.0,40,3.5,7.0,-47.66,13.1494,-93,58.25,64.42,1.573035,1.383387,29.315,0.06
5792,-100,-60.0,40,3.5,7.5,-49.13,13.0219,-96,57.83,65.03,1.668201,1.518875,28.679,0.0781
5793,-100,-60.0,40,3.5,8.0,-46.72,14.7618,-97,58.28,64.37,1.64217,1.463632,29.6272,0.092
5795,-100,-60.0,40,3.5,9.0,-49.71,15.47,-99,63.67,56.04,2.035855,1.171178,18.2925,0.0817
5794,-100,-60.0,40,3.5,8.5,-47.79,14.8901,-98,58.32,64.34,1.718073,1.292237,25.2284,0.0553
5796,-100,-60.0,40,3.5,9.5,-48.24,15.308,-100,57.3,65.86,1.743652,1.553968,26.4558,0.1028
5798,-100,-60.0,40,3.5,10.5,-48.41,16.2032,-100,59.7,62.17,1.841145,1.430131,24.1369,0.1025
5797,-100,-60.0,40,3.5,10.0,-48.81,15.8553,-100,58.43,64.15,1.812343,1.468297,24.7825,0.0971
5799,-100,-60.0,40,3.5,11.0,-47.56,17.263,-100,59.81,61.99,1.901706,1.395131,24.9712,0.1904
5800,-100,-60.0,40,3.5,11.5,-51.08,16.6596,-100,63.42,56.45,2.183887,1.3742,17.3503,0.1476
5801,-100,-60.0,40,3.5,12.0,-48.89,16.7276,-100,56.83,66.61,1.767222,1.438284,25.3168,0.0996
5803,-100,-60.0,40,3.5,13.0,-50.6,17.5351,-100,67.12,50.74,2.463594,1.872127,18.2122,0.0938
5802,-100,-60.0,40,3.5,12.5,-48.88,17.5213,-100,59.8,62.05,1.889074,1.509166,25.5109,0.1467
5805,-100,-60.0,40,3.5,14.0,-48.77,18.6763,-100,61.03,60.14,2.038581,1.556901,23.6459,0.1721
5804,-100,-60.0,40,3.5,13.5,-49.03,17.9979,-100,57.94,64.9,1.872057,1.330368,20.8057,0.126
5807,-100,-60.0,40,3.75,1.5,-45.35,11.9413,-70,46.64,82.32,0.82849,0.596587,38.4009,0.0002
5806,-100,-60.0,40,3.75,1.0,-44.23,11.5963,-69,46.62,82.34,0.956382,1.071142,38.1519,0.0002
5808,-100,-60.0,40,3.75,2.0,-44.63,10.3951,-71,51.29,75.15,1.021729,0.876552,35.6712,0.0
5810,-100,-60.0,40,3.75,3.0,-44.59,11.5285,-79,54.6,70.03,1.17482,1.032646,34.58,0.005
5809,-100,-60.0,40,3.75,2.5,-45.22,11.5788,-73,48.38,79.68,1.059779,0.991537,35.2537,0.0004
5811,-100,-60.0,40,3.75,3.5,-46.2,12.248,-77,55.65,68.47,1.335887,1.072312,30.5748,0.0057
5812,-100,-60.0,40,3.75,4.0,-45.21,11.7402,-82,52.58,73.16,1.265197,1.101545,32.7636,0.0042
5813,-100,-60.0,40,3.75,4.5,-44.02,12.6384,-83,52.33,73.54,1.217879,1.28995,35.2826,0.0077
5814,-100,-60.0,40,3.75,5.0,-45.62,13.477,-84,56.96,66.37,1.482228,1.165072,28.4842,0.0243
5815,-100,-60.0,40,3.75,5.5,-46.99,12.0077,-86,52.38,73.49,1.438157,1.652302,30.9198,0.0314
5816,-100,-60.0,40,3.75,6.0,-46.65,12.8036,-90,51.0,75.63,1.346497,1.104912,29.1782,0.0341
5817,-100,-60.0,40,3.75,6.5,-46.88,13.4161,-89,52.2,73.72,1.470904,1.159862,26.369,0.0716
5818,-100,-60.0,40,3.75,7.0,-46.82,13.4301,-93,51.52,74.78,1.47712,1.552784,30.2096,0.0959
5820,-100,-60.0,40,3.75,8.0,-45.46,14.9262,-93,52.16,73.79,1.530641,1.303702,26.2182,0.1119
5819,-100,-60.0,40,3.75,7.5,-46.43,15.0218,-91,51.95,74.15,1.518328,1.08654,23.849,0.1004
5823,-100,-60.0,40,3.75,9.5,-48.53,16.0517,-99,57.16,66.11,1.815216,1.075992,17.3294,0.1228
5822,-100,-60.0,40,3.75,9.0,-47.8,14.8578,-100,53.68,71.45,1.612887,1.055712,20.5555,0.1496
5821,-100,-60.0,40,3.75,8.5,-47.57,14.6643,-100,53.84,71.23,1.59127,1.294172,26.053,0.155
5824,-100,-60.0,40,3.75,10.0,-46.83,15.6525,-100,54.53,70.17,1.717542,1.277245,22.0322,0.1598
5825,-100,-60.0,40,3.75,10.5,-46.04,16.8851,-100,56.15,67.67,1.713577,1.329641,26.1908,0.1135
5826,-100,-60.0,40,3.75,11.0,-47.37,16.4718,-100,56.82,66.65,1.833019,1.407914,23.7339,0.1546
5827,-100,-60.0,40,3.75,11.5,-46.21,17.3525,-100,53.91,71.12,1.723061,1.453438,23.1059,0.1583
5828,-100,-60.0,40,3.75,12.0,-44.79,18.1041,-100,53.19,72.2,1.635011,1.462817,26.9166,0.1496
5829,-100,-60.0,40,3.75,12.5,-48.19,17.7075,-100,56.87,66.57,1.850241,1.352615,21.3642,0.135
5830,-100,-60.0,40,3.75,13.0,-46.69,18.4048,-100,57.91,64.94,1.908695,1.456754,21.7049,0.1376
5831,-100,-60.0,40,3.75,13.5,-46.49,19.1351,-100,54.88,69.62,1.721894,1.137961,21.9217,0.1814
5832,-100,-60.0,40,3.75,14.0,-47.25,19.0559,-100,58.57,63.92,1.965242,1.448968,21.6714,0.1868
5833,-100,-60.0,40,4.0,1.0,-45.15,11.3474,-70,46.59,82.44,1.02944,0.7368,31.1292,0.0004
5835,-100,-60.0,40,4.0,2.0,-43.81,12.9949,-72,50.16,76.9,1.224031,1.11714,31.8628,0.0065
5834,-100,-60.0,40,4.0,1.5,-42.48,11.5586,-69,44.38,85.8,0.938033,0.876954,36.1946,0.0002
5836,-100,-60.0,40,4.0,2.5,-45.13,12.3721,-75,45.16,84.65,1.071699,1.033484,33.3265,0.0017
5837,-100,-60.0,40,4.0,3.0,-44.25,12.5433,-75,43.98,86.44,1.129,0.919446,29.6291,0.0191
5838,-100,-60.0,40,4.0,3.5,-41.6,12.1948,-76,48.87,78.95,1.186303,1.457574,36.9875,0.0185
5839,-100,-60.0,40,4.0,4.0,-44.51,13.4955,-78,48.61,79.34,1.351198,0.938507,24.1592,0.0459
5840,-100,-60.0,40,4.0,4.5,-42.8,12.4949,-79,41.77,89.85,1.076657,1.21936,33.7798,0.0919
5841,-100,-60.0,40,4.0,5.0,-44.58,12.7331,-82,45.29,84.46,1.232064,1.228894,30.0413,0.0559
5842,-100,-60.0,40,4.0,5.5,-45.18,13.2486,-83,47.09,81.65,1.263314,0.997907,27.8278,0.0647
5843,-100,-60.0,40,4.0,6.0,-44.17,13.9164,-87,48.46,79.51,1.428123,1.281325,26.3539,0.1408
5844,-100,-60.0,40,4.0,6.5,-42.85,14.3337,-90,46.06,83.23,1.256181,1.234924,30.7273,0.06
5845,-100,-60.0,40,4.0,7.0,-42.13,14.8615,-90,47.47,81.06,1.323416,1.444332,31.3485,0.0714
5846,-100,-60.0,40,4.0,7.5,-44.31,15.1956,-92,46.54,82.5,1.382067,1.074163,23.4613,0.101
5848,-100,-60.0,40,4.0,8.5,-44.65,15.9626,-95,49.35,78.15,1.504089,1.215247,22.768,0.1566
5847,-100,-60.0,40,4.0,8.0,-44.18,15.0849,-96,46.87,81.99,1.363652,1.326917,28.6009,0.1072
5849,-100,-60.0,40,4.0,9.0,-43.81,16.9207,-98,50.71,76.07,1.510647,1.190791,23.7019,0.1138
5850,-100,-60.0,40,4.0,9.5,-45.12,15.3747,-98,53.59,71.64,1.677323,1.408411,25.9368,0.1463
5851,-100,-60.0,40,4.0,10.0,-44.25,17.2387,-100,51.43,74.93,1.602259,1.113996,22.8391,0.2497
5853,-100,-60.0,40,4.0,11.0,-45.48,16.8019,-100,51.91,74.23,1.639781,1.457851,25.5253,0.1593
5852,-100,-60.0,40,4.0,10.5,-43.72,18.4292,-100,53.4,71.9,1.674908,1.260503,23.2754,0.1987
5854,-100,-60.0,40,4.0,11.5,-44.18,17.306,-100,48.62,79.32,1.503782,1.270484,24.5403,0.1407
5857,-100,-60.0,40,4.0,13.0,-42.81,18.6523,-100,49.62,77.74,1.554486,1.479215,26.6217,0.1534
5855,-100,-60.0,40,4.0,12.0,-44.08,17.0648,-100,48.18,79.97,1.499258,1.403447,24.0592,0.1333
5856,-100,-60.0,40,4.0,12.5,-44.75,18.0607,-100,52.22,73.73,1.658487,1.152824,21.254,0.2061
5859,-100,-60.0,40,4.0,14.0,-45.99,18.5192,-100,52.47,73.33,1.70598,1.075104,17.0032,0.2046
5858,-100,-60.0,40,4.0,13.5,-42.37,19.8269,-100,51.91,74.2,1.671764,1.216403,21.9225,0.1829
5860,-100,-60.0,40,4.25,1.0,-40.34,12.2999,-68,40.66,91.55,0.882516,0.855552,36.2845,0.0035
5861,-100,-60.0,40,4.25,1.5,-42.57,12.2873,-69,39.46,93.39,0.91225,0.874351,34.141,0.003
5862,-100,-60.0,40,4.25,2.0,-41.57,13.8505,-72,40.27,92.19,1.005241,0.974052,33.5499,0.0037
5863,-100,-60.0,40,4.25,2.5,-40.66,13.2223,-72,40.95,91.1,1.086286,0.910004,30.0143,0.0445
5865,-100,-60.0,40,4.25,3.5,-39.67,15.0482,-77,44.24,86.03,1.272046,1.184291,27.8828,0.0737
5864,-100,-60.0,40,4.25,3.0,-41.4,13.3864,-75,38.68,94.64,0.980418,0.878137,30.7913,0.059
5866,-100,-60.0,40,4.25,4.0,-41.84,15.1305,-80,48.24,79.82,1.319578,0.862198,24.8317,0.0673
5869,-100,-60.0,40,4.25,5.5,-40.21,15.3181,-84,45.69,83.83,1.341528,0.984378,23.8433,0.1644
5867,-100,-60.0,40,4.25,4.5,-40.12,14.1929,-81,42.84,88.19,1.192572,1.103433,29.8083,0.0548
5868,-100,-60.0,40,4.25,5.0,-40.12,15.13,-79,39.45,93.44,1.16289,1.38576,31.3554,0.1252
5870,-100,-60.0,40,4.25,6.0,-39.77,15.5358,-84,47.33,81.31,1.391066,1.021982,24.6457,0.1202
5871,-100,-60.0,40,4.25,6.5,-40.95,15.6366,-87,44.15,86.16,1.286828,1.206979,27.2674,0.1103
5872,-100,-60.0,40,4.25,7.0,-42.04,15.5882,-88,42.84,88.17,1.325207,1.088986,21.3309,0.1378
5874,-100,-60.0,40,4.25,8.0,-42.48,17.4748,-97,54.43,70.32,1.78159,0.941664,13.5488,0.2574
5873,-100,-60.0,40,4.25,7.5,-43.03,15.914,-93,47.1,81.65,1.444761,1.087563,22.2141,0.1793
5875,-100,-60.0,40,4.25,8.5,-41.29,16.9311,-95,46.9,81.93,1.423816,1.098994,23.8843,0.144
5876,-100,-60.0,40,4.25,9.0,-42.92,17.3012,-99,50.06,77.07,1.616645,1.196296,19.5268,0.1887
5877,-100,-60.0,40,4.25,9.5,-43.22,16.8789,-96,48.77,79.02,1.517163,1.019352,21.0777,0.1658
5878,-100,-60.0,40,4.25,10.0,-42.55,17.2382,-100,48.83,78.99,1.540073,1.082913,21.342,0.229
5879,-100,-60.0,40,4.25,10.5,-40.49,18.2274,-100,47.97,80.27,1.466879,1.275346,24.5056,0.1197
5880,-100,-60.0,40,4.25,11.0,-39.93,18.755,-100,52.0,74.1,1.658478,1.413757,22.1565,0.1043
5881,-100,-60.0,40,4.25,11.5,-41.66,18.2654,-100,48.64,79.26,1.534088,1.073118,20.5411,0.1902
5883,-100,-60.0,40,4.25,12.5,-44.72,19.1279,-100,54.51,70.18,1.810524,0.981753,12.7673,0.2384
5882,-100,-60.0,40,4.25,12.0,-41.66,18.3345,-100,45.37,84.26,1.41378,1.010705,21.224,0.2161
5884,-100,-60.0,40,4.25,13.0,-42.97,19.2472,-100,49.87,77.37,1.584905,1.12339,20.357,0.1831
5886,-100,-60.0,40,4.25,14.0,-40.8,20.1482,-100,51.53,74.81,1.651594,1.201547,23.3522,0.2382
5885,-100,-60.0,40,4.25,13.5,-40.41,20.7402,-100,49.85,77.43,1.566521,1.154573,21.359,0.1984
5887,-100,-60.0,40,4.5,1.0,-36.98,13.803,-67,36.51,97.93,0.875524,0.852579,33.4188,0.0128
5889,-100,-60.0,40,4.5,2.0,-40.22,14.1433,-69,39.97,92.61,1.145066,1.075441,28.8669,0.1691
5888,-100,-60.0,40,4.5,1.5,-38.54,14.6563,-69,39.79,92.87,1.055772,0.877108,28.6411,0.0185
5890,-100,-60.0,40,4.5,2.5,-36.95,15.5524,-74,36.08,98.62,1.013673,0.904869,28.4288,0.0643
5891,-100,-60.0,40,4.5,3.0,-37.77,16.2264,-73,40.11,92.37,1.117553,0.802995,25.4676,0.0486
5892,-100,-60.0,40,4.5,3.5,-38.44,15.9503,-74,39.71,93.03,1.225059,1.143696,25.2337,0.1606
5894,-100,-60.0,40,4.5,4.5,-38.45,15.2803,-80,39.52,93.31,1.195639,1.274573,28.7463,0.1155
5895,-100,-60.0,40,4.5,5.0,-38.81,16.769,-85,42.03,89.46,1.262861,0.963472,24.6344,0.195
5893,-100,-60.0,40,4.5,4.0,-40.31,14.3921,-75,40.02,92.55,1.188282,1.242184,28.1946,0.1362
5896,-100,-60.0,40,4.5,5.5,-40.33,15.1069,-81,43.66,86.97,1.316403,1.354446,29.1588,0.1645
5897,-100,-60.0,40,4.5,6.0,-39.28,16.9944,-85,45.24,84.5,1.401827,0.937814,19.9932,0.2254
5898,-100,-60.0,40,4.5,6.5,-38.39,17.0801,-91,41.45,90.39,1.255635,1.031119,23.8517,0.1693
5899,-100,-60.0,40,4.5,7.0,-38.94,16.5441,-86,39.63,93.15,1.224217,1.080542,25.08,0.1776
5901,-100,-60.0,40,4.5,8.0,-38.67,17.313,-89,48.25,79.85,1.512256,1.294449,24.3457,0.1786
5900,-100,-60.0,40,4.5,7.5,-39.82,16.0742,-87,40.18,92.34,1.236224,1.105626,24.9088,0.1513
5903,-100,-60.0,40,4.5,9.0,-37.49,18.1489,-98,42.27,89.11,1.311162,1.107682,23.4708,0.2072
5904,-100,-60.0,40,4.5,9.5,-39.22,18.0119,-99,43.08,87.83,1.33905,1.062514,22.0404,0.1784
5902,-100,-60.0,40,4.5,8.5,-39.34,16.476,-93,43.53,87.15,1.365113,0.949984,20.9017,0.2851
5905,-100,-60.0,40,4.5,10.0,-38.89,18.158,-100,44.63,85.47,1.393897,1.032237,20.5781,0.2001
5906,-100,-60.0,40,4.5,10.5,-39.05,18.4414,-100,43.0,87.95,1.331265,1.131024,25.0299,0.1667
5907,-100,-60.0,40,4.5,11.0,-38.89,18.2629,-100,44.64,85.42,1.396297,1.120885,23.7574,0.2182
5908,-100,-60.0,40,4.5,11.5,-38.71,19.4834,-100,46.87,81.98,1.476666,0.900511,18.3937,0.2647
5910,-100,-60.0,40,4.5,12.5,-37.86,20.5145,-100,46.95,81.85,1.469818,1.149048,20.5724,0.1516
5909,-100,-60.0,40,4.5,12.0,-39.47,19.3725,-100,46.99,81.81,1.498221,1.034436,19.6229,0.2025
5911,-100,-60.0,40,4.5,13.0,-39.49,19.7397,-100,45.62,83.91,1.446596,0.956608,18.7401,0.2509
5912,-100,-60.0,40,4.5,13.5,-38.48,20.5986,-100,45.31,84.37,1.436106,1.048898,20.0458,0.2229
5913,-100,-60.0,40,4.5,14.0,-39.52,20.6802,-100,48.83,78.98,1.555001,1.110078,21.2173,0.2046
5914,-100,-60.0,40,4.75,1.0,-37.85,16.4452,-66,36.73,97.64,1.085397,0.747832,20.1337,0.1276
5915,-100,-60.0,40,4.75,1.5,-36.01,15.9059,-67,37.31,96.73,1.10854,0.95691,24.3741,0.1299
5916,-100,-60.0,40,4.75,2.0,-35.5,15.5219,-70,34.06,101.77,0.963606,0.6963,26.528,0.0557
5917,-100,-60.0,40,4.75,2.5,-36.93,15.9142,-72,35.93,98.88,1.102366,0.780786,20.7241,0.1618
5919,-100,-60.0,40,4.75,3.5,-35.56,16.6697,-75,39.24,93.75,1.189301,0.893325,23.2458,0.2079
5918,-100,-60.0,40,4.75,3.0,-37.94,16.5662,-76,33.57,102.51,1.024044,0.939133,21.9908,0.0809
5920,-100,-60.0,40,4.75,4.0,-34.28,17.3882,-78,39.6,93.23,1.171034,0.878612,24.7238,0.164
5921,-100,-60.0,40,4.75,4.5,-38.78,15.8824,-77,34.16,101.62,1.065769,1.00023,22.4132,0.1463
5922,-100,-60.0,40,4.75,5.0,-35.89,17.1955,-78,37.12,97.02,1.175393,0.953904,22.1684,0.1946
5923,-100,-60.0,40,4.75,5.5,-38.09,16.5409,-83,40.25,92.21,1.210525,0.989728,24.3647,0.171
5924,-100,-60.0,40,4.75,6.0,-38.56,17.2595,-84,40.55,91.73,1.275689,0.889962,18.2371,0.2233
5925,-100,-60.0,40,4.75,6.5,-37.95,17.0002,-87,37.69,96.19,1.182153,0.80574,18.4614,0.2954
5926,-100,-60.0,40,4.75,7.0,-36.71,18.0316,-89,39.07,94.02,1.216049,0.950894,19.7856,0.163
5927,-100,-60.0,40,4.75,7.5,-38.58,16.5823,-88,38.18,95.37,1.182155,1.090418,24.0382,0.1522
5929,-100,-60.0,40,4.75,8.5,-36.07,18.0612,-91,40.88,91.24,1.278983,1.127513,24.7399,0.2314
5928,-100,-60.0,40,4.75,8.0,-37.83,17.527,-90,38.02,95.61,1.199456,1.187403,21.873,0.1154
5933,-100,-60.0,40,4.75,10.5,-37.94,19.4714,-100,50.19,76.88,1.645177,0.996009,13.5227,0.2077
5931,-100,-60.0,40,4.75,9.5,-35.61,18.7018,-97,42.65,88.48,1.33016,1.043889,22.5157,0.229
5934,-100,-60.0,40,4.75,11.0,-36.82,19.6602,-97,43.19,87.66,1.33519,1.06964,22.5113,0.1959
5930,-100,-60.0,40,4.75,9.0,-37.06,17.5148,-96,38.09,95.53,1.188982,1.123064,24.0121,0.1253
5932,-100,-60.0,40,4.75,10.0,-38.08,18.5353,-100,42.29,89.04,1.34547,0.87131,16.3916,0.2271
5935,-100,-60.0,40,4.75,11.5,-33.96,19.7259,-100,42.81,88.25,1.322137,1.07894,24.3281,0.2527
5936,-100,-60.0,40,4.75,12.0,-35.24,20.5162,-100,46.03,83.27,1.438456,1.08211,22.2386,0.2104
5937,-100,-60.0,40,4.75,12.5,-37.76,20.7072,-100,44.74,85.24,1.425999,0.823566,13.8515,0.2593
5938,-100,-60.0,40,4.75,13.0,-38.2,20.2746,-100,49.18,78.4,1.598839,1.004434,16.3362,0.225
5939,-100,-60.0,40,4.75,13.5,-36.66,21.0663,-100,45.18,84.61,1.426324,0.897098,17.7848,0.2589
5940,-100,-60.0,40,4.75,14.0,-36.6,21.3533,-100,45.19,84.58,1.443793,1.0161,17.9332,0.1887
5941,-100,-60.0,40,5.0,1.0,-35.32,16.5349,-64,34.43,101.19,1.087077,0.974889,22.2514,0.1944
5943,-100,-60.0,40,5.0,2.0,-35.81,16.9567,-68,33.54,102.56,1.086176,0.818396,17.7432,0.229
5942,-100,-60.0,40,5.0,1.5,-36.4,17.4949,-65,34.57,100.96,1.121445,0.719386,14.6777,0.3292
5944,-100,-60.0,40,5.0,2.5,-33.16,18.2521,-71,33.63,102.35,1.035698,0.968985,23.7432,0.1313
5946,-100,-60.0,40,5.0,3.5,-33.88,18.0719,-73,36.07,98.68,1.157555,0.782461,17.007,0.2861
5945,-100,-60.0,40,5.0,3.0,-36.52,17.8834,-70,36.88,97.39,1.164947,0.77919,16.7967,0.2863
5947,-100,-60.0,40,5.0,4.0,-35.91,17.2921,-73,34.24,101.47,1.098444,0.786655,17.6235,0.2633
5948,-100,-60.0,40,5.0,4.5,-34.35,18.2107,-74,33.48,102.61,1.090459,0.818135,16.9673,0.2409
5949,-100,-60.0,40,5.0,5.0,-32.9,18.6472,-78,35.86,98.96,1.120782,0.835282,20.7588,0.3289
5951,-100,-60.0,40,5.0,6.0,-35.84,19.0142,-85,35.54,99.45,1.117696,0.730095,17.3939,0.2708
5950,-100,-60.0,40,5.0,5.5,-33.87,18.367,-79,33.36,102.84,1.070497,0.783239,18.8282,0.2734
5952,-100,-60.0,40,5.0,6.5,-34.73,17.3018,-83,38.76,94.47,1.216537,0.907254,22.2367,0.2774
5954,-100,-60.0,40,5.0,7.5,-34.17,19.0022,-86,42.41,88.91,1.328848,0.847511,15.8705,0.3018
5953,-100,-60.0,40,5.0,7.0,-34.44,19.1122,-89,38.49,94.9,1.224714,0.723991,14.2917,0.3737
5956,-100,-60.0,40,5.0,8.5,-34.59,18.8505,-88,38.41,95.05,1.225688,0.941303,17.5563,0.1925
5958,-100,-60.0,40,5.0,9.5,-35.68,19.4605,-96,41.43,90.38,1.325378,0.800202,15.3657,0.3103
5957,-100,-60.0,40,5.0,9.0,-34.17,20.026,-93,42.22,89.18,1.349378,0.746716,13.7625,0.4052
5955,-100,-60.0,40,5.0,8.0,-34.34,18.595,-89,36.44,98.06,1.174452,0.808993,16.5835,0.2651
5959,-100,-60.0,40,5.0,10.0,-34.03,19.989,-100,36.03,98.72,1.148581,0.746959,16.8564,0.3639
5969,-100,-55.0,40,1.0,1.5,,,,100.0,0.0,0.0,0.0,0.0,0.0
5968,-100,-55.0,40,1.0,1.0,,,,100.0,0.0,0.0,0.0,0.0,0.0
5970,-100,-55.0,40,1.0,2.0,,,,100.0,0.0,0.0,0.0,0.0,0.0
5960,-100,-60.0,40,5.0,10.5,-34.53,20.1649,-99,39.28,93.7,1.252642,0.781456,14.1387,0.2537
5961,-100,-60.0,40,5.0,11.0,-34.74,19.8978,-98,39.23,93.72,1.243341,1.021468,20.0485,0.1825
5962,-100,-60.0,40,5.0,11.5,-33.83,20.558,-100,37.06,97.12,1.183234,0.746469,15.7529,0.347
5963,-100,-60.0,40,5.0,12.0,-33.2,20.9399,-100,39.97,92.6,1.268365,0.831133,18.0672,0.3284
5971,-100,-55.0,40,1.0,2.5,,,,100.0,0.0,0.0,0.0,0.0,0.0
5973,-100,-55.0,40,1.0,3.5,,,,100.0,0.0,0.0,0.0,0.0,0.0
5972,-100,-55.0,40,1.0,3.0,,,,100.0,0.0,0.0,0.0,0.0,0.0
5964,-100,-60.0,40,5.0,12.5,-32.96,21.1982,-100,41.4,90.45,1.294753,0.837615,17.2283,0.3316
5974,-100,-55.0,40,1.0,4.0,,,,100.0,0.0,0.0,0.0,0.0,0.0
5965,-100,-60.0,40,5.0,13.0,-33.88,21.5038,-100,40.05,92.51,1.263136,0.763017,15.0337,0.3493
5975,-100,-55.0,40,1.0,4.5,,,,100.0,0.0,0.0,0.0,0.0,0.0
5966,-100,-60.0,40,5.0,13.5,-34.45,22.3121,-100,43.58,87.1,1.353141,0.823339,17.0435,0.3396
5967,-100,-60.0,40,5.0,14.0,-34.65,21.2634,-100,41.09,90.89,1.289794,0.980191,20.0503,0.1954
5976,-100,-55.0,40,1.0,5.0,,,,100.0,0.0,0.0,0.0,0.0,0.0
5977,-100,-55.0,40,1.0,5.5,,,,100.0,0.0,0.0,0.0,0.0,0.0
5978,-100,-55.0,40,1.0,6.0,,,,100.0,0.0,0.0,0.0,0.0,0.0
5979,-100,-55.0,40,1.0,6.5,-86.0,1.0,-87,100.0,0.0,6.889968,0.406741,0.007,0.0
5980,-100,-55.0,40,1.0,7.0,-79.5,4.0311,-85,99.99,0.01,4.258878,0.361965,0.0211,0.0
5981,-100,-55.0,40,1.0,7.5,-83.22,5.4115,-94,99.99,0.02,6.234721,1.587276,0.021,0.0
5982,-100,-55.0,40,1.0,8.0,-83.0,6.8264,-95,99.99,0.02,5.51732,1.050549,0.0178,0.0
5983,-100,-55.0,40,1.0,8.5,-79.59,6.9419,-97,99.95,0.07,4.628176,1.192073,0.0863,0.0
5984,-100,-55.0,40,1.0,9.0,-83.75,9.4193,-100,99.93,0.11,4.677797,1.617233,0.0581,0.0
5985,-100,-55.0,40,1.0,9.5,-83.93,9.3535,-100,99.91,0.14,4.434442,1.791776,0.1463,0.0
5986,-100,-55.0,40,1.0,10.0,-82.52,9.2297,-100,99.78,0.34,4.521591,2.076427,0.2093,0.0003
5988,-100,-55.0,40,1.0,11.0,-82.88,10.7725,-100,99.57,0.66,4.135504,1.43327,0.4812,0.0002
5987,-100,-55.0,40,1.0,10.5,-83.01,10.1785,-100,99.72,0.44,4.109057,1.308607,0.2791,0.0002
5989,-100,-55.0,40,1.0,11.5,-82.57,10.5828,-100,99.23,1.19,3.978343,0.933255,0.7458,0.0008
5992,-100,-55.0,40,1.0,13.0,-81.5,12.4353,-100,98.66,2.07,3.86375,1.744912,1.4168,0.0031
5990,-100,-55.0,40,1.0,12.0,-80.73,11.27,-100,98.76,1.91,3.347536,0.804856,1.5139,0.001
5991,-100,-55.0,40,1.0,12.5,-81.29,12.1215,-100,98.81,1.83,3.826262,1.351196,1.15,0.0021
5995,-100,-55.0,40,1.25,1.0,,,,100.0,0.0,0.0,0.0,0.0,0.0
5993,-100,-55.0,40,1.0,13.5,-83.51,12.4341,-100,98.57,2.2,4.281595,1.096793,1.1306,0.0041
5994,-100,-55.0,40,1.0,14.0,-82.32,12.5585,-100,97.71,3.53,3.777418,1.627744,1.3865,0.0069
5996,-100,-55.0,40,1.25,1.5,,,,100.0,0.0,0.0,0.0,0.0,0.0
5997,-100,-55.0,40,1.25,2.0,,,,100.0,0.0,0.0,0.0,0.0,0.0
5998,-100,-55.0,40,1.25,2.5,,,,100.0,0.0,0.0,0.0,0.0,0.0
5999,-100,-55.0,40,1.25,3.0,,,,100.0,0.0,0.0,0.0,0.0,0.0
6000,-100,-55.0,40,1.25,3.5,,,,100.0,0.0,0.0,0.0,0.0,0.0
6001,-100,-55.0,40,1.25,4.0,,,,100.0,0.0,0.0,0.0,0.0,0.0
6002,-100,-55.0,40,1.25,4.5,,,,100.0,0.0,0.0,0.0,0.0,0.0
6003,-100,-55.0,40,1.25,5.0,,,,100.0,0.0,0.0,0.0,0.0,0.0
6004,-100,-55.0,40,1.25,5.5,-75.0,6.9041,-83,99.99,0.01,5.973368,0.855851,0.0139,0.0
6006,-100,-55.0,40,1.25,6.5,-75.82,7.1721,-88,99.98,0.03,4.650654,1.173452,0.0363,0.0
6005,-100,-55.0,40,1.25,6.0,-78.25,5.2856,-84,99.99,0.02,5.883236,1.723676,0.0213,0.0
6007,-100,-55.0,40,1.25,7.0,-77.34,6.0245,-87,99.96,0.06,5.927637,1.308651,0.063,0.0
6009,-100,-55.0,40,1.25,8.0,-75.41,9.4221,-100,99.86,0.22,6.2255,1.333509,0.2376,0.0
6008,-100,-55.0,40,1.25,7.5,-78.3,6.64,-93,99.96,0.06,5.538687,1.884086,0.0692,0.0
6010,-100,-55.0,40,1.25,8.5,-76.93,8.762,-100,99.73,0.41,4.849732,1.210509,0.4426,0.0
6011,-100,-55.0,40,1.25,9.0,-76.45,8.9273,-100,99.63,0.57,4.284281,0.834629,0.5786,0.0001
6012,-100,-55.0,40,1.25,9.5,-77.23,10.1595,-100,99.51,0.76,4.869018,1.153175,0.5344,0.0
6013,-100,-55.0,40,1.25,10.0,-78.38,10.7385,-100,99.43,0.87,4.274052,0.710943,0.6615,0.0
6014,-100,-55.0,40,1.25,10.5,-77.45,10.9577,-100,99.07,1.44,4.043107,1.090339,1.2847,0.0008
6015,-100,-55.0,40,1.25,11.0,-78.63,10.9744,-100,98.85,1.78,4.317081,1.011521,1.2205,0.0018
6016,-100,-55.0,40,1.25,11.5,-79.51,11.872,-100,98.83,1.8,5.307649,2.264144,0.9728,0.0016
6018,-100,-55.0,40,1.25,12.5,-77.76,12.5105,-100,97.58,3.73,4.588235,0.975462,1.9975,0.004
6017,-100,-55.0,40,1.25,12.0,-79.14,11.7334,-100,98.49,2.34,4.737414,1.406841,1.3936,0.001
6019,-100,-55.0,40,1.25,13.0,-79.82,12.2845,-100,97.71,3.53,4.382143,1.365991,2.4005,0.0042
6020,-100,-55.0,40,1.25,13.5,-78.98,12.9141,-100,97.11,4.45,4.496519,1.425561,2.2125,0.0047
6021,-100,-55.0,40,1.25,14.0,-79.2,13.3916,-100,96.69,5.11,4.358623,1.044262,3.006,0.009
6023,-100,-55.0,40,1.5,1.5,,,,100.0,0.0,0.0,0.0,0.0,0.0
6024,-100,-55.0,40,1.5,2.0,,,,100.0,0.0,0.0,0.0,0.0,0.0
6022,-100,-55.0,40,1.5,1.0,,,,100.0,0.0,0.0,0.0,0.0,0.0
6025,-100,-55.0,40,1.5,2.5,,,,100.0,0.0,0.0,0.0,0.0,0.0
6026,-100,-55.0,40,1.5,3.0,,,,100.0,0.0,0.0,0.0,0.0,0.0
6028,-100,-55.0,40,1.5,4.0,-72.0,0.0,-72,100.0,0.0,5.571042,0.0,0.0035,0.0
6027,-100,-55.0,40,1.5,3.5,,,,100.0,0.0,0.0,0.0,0.0,0.0
6029,-100,-55.0,40,1.5,4.5,-70.18,4.849,-78,99.97,0.04,4.624749,1.439207,0.0513,0.0
6030,-100,-55.0,40,1.5,5.0,-69.33,4.8705,-79,99.96,0.07,4.602767,0.735233,0.0892,0.0
6031,-100,-55.0,40,1.5,5.5,-67.6,5.7947,-81,99.84,0.25,6.169334,0.876107,0.353,0.0
6033,-100,-55.0,40,1.5,6.5,-73.62,6.0307,-87,99.93,0.11,4.676597,1.283864,0.1424,0.0
6032,-100,-55.0,40,1.5,6.0,-70.21,5.9905,-86,99.86,0.22,6.732434,1.157135,0.3104,0.0
6034,-100,-55.0,40,1.5,7.0,-71.55,7.3853,-89,99.73,0.41,5.601335,0.980344,0.4986,0.0
6035,-100,-55.0,40,1.5,7.5,-71.22,7.3773,-100,99.57,0.66,5.908863,1.365641,0.7807,0.0
6036,-100,-55.0,40,1.5,8.0,-72.78,8.1243,-94,99.49,0.78,4.890011,2.106234,0.8651,0.0
6037,-100,-55.0,40,1.5,8.5,-74.53,8.3658,-100,99.38,0.96,4.715151,2.753143,1.0786,0.0
6038,-100,-55.0,40,1.5,9.0,-71.72,9.8233,-100,98.99,1.56,5.104543,2.336556,2.0551,0.0001
6040,-100,-55.0,40,1.5,10.0,-74.44,10.9032,-100,98.72,1.97,5.352991,1.356366,1.7598,0.0007
6039,-100,-55.0,40,1.5,9.5,-75.22,9.8188,-100,99.04,1.47,4.334966,1.269011,1.3668,0.0003
6041,-100,-55.0,40,1.5,10.5,-72.87,10.6248,-100,97.3,4.16,3.495792,1.464695,3.9825,0.0009
6042,-100,-55.0,40,1.5,11.0,-74.31,11.4228,-100,97.68,3.59,4.535398,1.916485,2.8922,0.0026
6043,-100,-55.0,40,1.5,11.5,-74.91,11.5269,-100,97.42,3.99,3.887498,1.335053,3.1453,0.0027
6044,-100,-55.0,40,1.5,12.0,-75.04,12.7666,-100,97.56,3.77,5.015586,1.828702,3.288,0.0045
6045,-100,-55.0,40,1.5,12.5,-75.32,12.9386,-100,96.6,5.24,4.991179,1.217074,3.1294,0.0065
6046,-100,-55.0,40,1.5,13.0,-74.05,13.2568,-100,95.6,6.79,4.484546,1.060124,4.3402,0.005
6047,-100,-55.0,40,1.5,13.5,-75.24,13.4915,-100,95.9,6.33,4.506627,1.856122,3.7159,0.0096
6048,-100,-55.0,40,1.5,14.0,-76.11,14.047,-100,94.55,8.41,4.203362,1.157728,3.934,0.0115
6049,-100,-55.0,40,1.75,1.0,-65.0,0.0,-65,100.0,0.0,8.271156,0.0,0.0035,0.0
6050,-100,-55.0,40,1.75,1.5,-63.0,0.0,-63,100.0,0.0,5.42262,0.0,0.0035,0.0
6051,-100,-55.0,40,1.75,2.0,-62.82,1.9455,-66,99.99,0.02,3.813516,0.363824,0.0385,0.0
6052,-100,-55.0,40,1.75,2.5,-64.5,1.6583,-67,100.0,0.01,7.894942,1.468271,0.0107,0.0
6053,-100,-55.0,40,1.75,3.0,-61.95,2.8643,-69,99.92,0.12,6.956565,1.032164,0.2172,0.0
6054,-100,-55.0,40,1.75,3.5,-68.67,3.0912,-73,100.0,0.01,7.463683,3.026041,0.0074,0.0
6055,-100,-55.0,40,1.75,4.0,-69.57,3.9212,-77,99.97,0.04,4.31568,2.397134,0.0695,0.0
6056,-100,-55.0,40,1.75,4.5,-65.59,4.5124,-78,99.67,0.51,3.55273,0.478242,0.6755,0.0
6057,-100,-55.0,40,1.75,5.0,-66.06,4.8947,-82,99.55,0.69,4.85824,2.097662,0.8651,0.0
6058,-100,-55.0,40,1.75,5.5,-66.71,5.7033,-83,99.51,0.76,5.164749,1.298958,1.0368,0.0
6059,-100,-55.0,40,1.75,6.0,-67.33,5.8666,-87,99.38,0.96,5.039674,0.803586,1.142,0.0
6060,-100,-55.0,40,1.75,6.5,-68.62,6.8436,-91,99.23,1.18,4.665943,1.866669,1.3439,0.0
6061,-100,-55.0,40,1.75,7.0,-68.2,7.4654,-92,98.92,1.66,4.840626,0.847278,2.041,0.0
6064,-100,-55.0,40,1.75,8.5,-68.8,9.0692,-100,98.01,3.07,5.073244,0.893952,2.8711,0.0006
6062,-100,-55.0,40,1.75,7.5,-66.7,7.8962,-100,97.89,3.25,4.330887,0.98364,3.5641,0.0
6063,-100,-55.0,40,1.75,8.0,-69.27,8.2383,-98,98.28,2.65,3.908113,1.200421,2.9127,0.0001
6066,-100,-55.0,40,1.75,9.5,-69.79,10.7311,-100,97.51,3.84,5.729647,1.411969,3.4147,0.0003
6067,-100,-55.0,40,1.75,10.0,-69.28,11.1962,-100,97.23,4.27,5.9229,1.568051,3.5575,0.0017
6065,-100,-55.0,40,1.75,9.0,-69.61,9.3446,-100,97.62,3.67,5.188116,1.254275,3.397,0.0012
6068,-100,-55.0,40,1.75,10.5,-71.49,11.4138,-100,96.43,5.51,5.057726,2.271712,3.5945,0.0018
6069,-100,-55.0,40,1.75,11.0,-72.44,11.725,-100,96.63,5.21,5.715884,2.413311,2.8478,0.0043
6070,-100,-55.0,40,1.75,11.5,-70.76,12.0562,-100,94.72,8.16,4.433643,0.894467,5.0022,0.0022
6071,-100,-55.0,40,1.75,12.0,-71.8,13.1317,-100,95.44,7.04,5.346343,2.440774,4.3398,0.0069
6072,-100,-55.0,40,1.75,12.5,-70.7,13.4423,-100,93.14,10.59,3.774803,1.229612,7.2893,0.0128
6073,-100,-55.0,40,1.75,13.0,-72.9,13.7431,-100,94.19,8.97,4.910199,1.369312,4.4891,0.0076
6077,-100,-55.0,40,2.0,1.5,-59.62,1.6479,-63,99.94,0.1,8.433805,1.080895,0.1713,0.0
6076,-100,-55.0,40,2.0,1.0,-62.4,0.4899,-63,99.99,0.01,5.600386,0.520918,0.014,0.0
6079,-100,-55.0,40,2.0,2.5,-63.97,2.523,-71,99.96,0.06,6.82177,2.013926,0.0704,0.0
6078,-100,-55.0,40,2.0,2.0,-62.98,1.6483,-67,99.94,0.09,4.215974,1.427197,0.1112,0.0
6074,-100,-55.0,40,1.75,13.5,-71.72,14.0206,-100,93.27,10.38,4.429373,1.417675,5.5105,0.0145
6075,-100,-55.0,40,1.75,14.0,-72.86,14.4836,-100,92.54,11.52,4.427885,1.013393,4.8412,0.0159
6080,-100,-55.0,40,2.0,3.0,-62.28,3.375,-73,99.71,0.45,5.533646,1.040653,0.6612,0.0
6081,-100,-55.0,40,2.0,3.5,-63.36,3.5175,-72,99.74,0.4,5.132271,1.412123,0.489,0.0
6082,-100,-55.0,40,2.0,4.0,-63.55,4.0798,-75,99.53,0.73,5.64095,1.182945,0.9122,0.0
6083,-100,-55.0,40,2.0,4.5,-62.89,4.6644,-83,99.34,1.02,6.996046,1.533156,1.3859,0.0
6084,-100,-55.0,40,2.0,5.0,-61.59,5.2153,-84,97.18,4.35,4.008763,0.795544,5.2368,0.0
6085,-100,-55.0,40,2.0,5.5,-63.41,6.1004,-84,98.85,1.77,7.865309,2.23123,2.0985,0.0
6086,-100,-55.0,40,2.0,6.0,-63.49,6.2195,-85,97.84,3.33,4.596478,1.154676,3.9066,0.0
6087,-100,-55.0,40,2.0,6.5,-63.12,7.1692,-89,97.44,3.95,5.324351,1.028887,4.4274,0.0
6089,-100,-55.0,40,2.0,7.5,-64.03,8.2683,-96,96.07,6.06,3.963729,1.178212,6.7806,0.0001
6088,-100,-55.0,40,2.0,7.0,-63.16,7.5602,-98,96.42,5.53,3.994665,0.692318,6.3377,0.0
6091,-100,-55.0,40,2.0,8.5,-65.27,9.0649,-100,96.93,4.75,5.474451,3.093682,5.2665,0.0003
6090,-100,-55.0,40,2.0,8.0,-65.22,8.7743,-100,96.41,5.53,4.393033,2.22552,6.0284,0.0002
6093,-100,-55.0,40,2.0,9.5,-66.14,10.5429,-100,95.14,7.51,5.142608,2.565748,6.632,0.002
6092,-100,-55.0,40,2.0,9.0,-64.04,10.2024,-100,94.38,8.67,4.214041,2.032797,8.3565,0.0009
6094,-100,-55.0,40,2.0,10.0,-66.12,11.1536,-100,94.37,8.69,4.061833,1.950842,8.1465,0.0025
6095,-100,-55.0,40,2.0,10.5,-65.19,12.1502,-100,93.97,9.3,4.084816,0.954325,7.4792,0.0021
6096,-100,-55.0,40,2.0,11.0,-66.92,11.9994,-100,93.07,10.7,4.483926,2.332305,7.7868,0.0031
6098,-100,-55.0,40,2.0,12.0,-68.29,13.4279,-100,93.43,10.14,5.224553,2.050949,6.2746,0.0134
6097,-100,-55.0,40,2.0,11.5,-67.6,12.9962,-100,92.82,11.07,4.6441,1.381092,6.3928,0.0132
6099,-100,-55.0,40,2.0,12.5,-68.49,13.6745,-100,91.3,13.42,4.181217,2.102763,9.0614,0.016
6103,-100,-55.0,40,2.25,1.0,-56.22,1.785,-63,98.36,2.53,3.207954,1.692413,4.4188,0.0
6101,-100,-55.0,40,2.0,13.5,-67.12,14.8859,-100,89.87,15.61,4.100642,1.942389,10.3494,0.0135
6100,-100,-55.0,40,2.0,13.0,-67.43,14.1691,-100,90.47,14.71,3.81796,1.305094,8.9992,0.0204
6102,-100,-55.0,40,2.0,14.0,-69.17,14.6578,-100,90.38,14.84,4.480243,0.990187,6.2075,0.0219
6104,-100,-55.0,40,2.25,1.5,-57.29,1.6747,-62,97.48,3.89,3.198749,0.642924,5.2669,0.0
6105,-100,-55.0,40,2.25,2.0,-56.79,2.2959,-65,96.5,5.39,3.788817,1.827513,7.7132,0.0
6106,-100,-55.0,40,2.25,2.5,-58.77,2.5899,-68,98.36,2.53,6.201952,2.043727,3.0664,0.0
6107,-100,-55.0,40,2.25,3.0,-57.58,3.2269,-70,95.84,6.41,3.315301,1.325102,8.8145,0.0
6108,-100,-55.0,40,2.25,3.5,-57.7,3.7318,-72,97.05,4.55,5.387268,2.889071,6.4696,0.0
6109,-100,-55.0,40,2.25,4.0,-58.73,4.1896,-74,97.25,4.25,5.251965,1.410517,5.3608,0.0
6110,-100,-55.0,40,2.25,4.5,-59.91,4.7314,-81,97.22,4.3,5.341003,1.585289,5.2811,0.0
6113,-100,-55.0,40,2.25,6.0,-57.59,6.71,-85,94.7,8.19,3.907721,3.304615,11.1051,0.0
6111,-100,-55.0,40,2.25,5.0,-56.91,5.8467,-79,94.64,8.27,3.037564,1.250471,11.0592,0.0
6112,-100,-55.0,40,2.25,5.5,-58.46,5.4598,-84,93.96,9.32,2.836027,0.857423,11.1409,0.0
6115,-100,-55.0,40,2.25,7.0,-60.12,7.7196,-93,94.61,8.32,3.891563,1.204742,8.9373,0.0001
6114,-100,-55.0,40,2.25,6.5,-58.62,7.2335,-94,94.06,9.17,3.672922,1.27382,10.1736,0.0
6116,-100,-55.0,40,2.25,7.5,-61.89,8.909,-98,95.23,7.35,5.028446,1.66491,6.6056,0.0008
6117,-100,-55.0,40,2.25,8.0,-58.2,9.0315,-100,93.4,10.19,3.808026,1.896648,10.6478,0.0008
6119,-100,-55.0,40,2.25,9.0,-62.11,11.19,-100,93.75,9.65,4.776803,1.461123,7.1656,0.0006
6118,-100,-55.0,40,2.25,8.5,-62.82,10.7864,-100,94.89,7.89,5.531372,2.295241,5.3096,0.0038
6120,-100,-55.0,40,2.25,9.5,-62.06,11.2537,-100,92.57,11.47,4.073315,1.920024,9.6688,0.003
6122,-100,-55.0,40,2.25,10.5,-60.48,11.8401,-100,88.65,17.52,3.081736,2.777161,16.6199,0.005
6121,-100,-55.0,40,2.25,10.0,-61.25,11.7972,-100,90.85,14.12,3.945397,2.368949,12.3242,0.0089
6123,-100,-55.0,40,2.25,11.0,-63.72,12.9859,-100,91.83,12.61,4.931724,2.365911,7.8073,0.0105
6124,-100,-55.0,40,2.25,11.5,-65.92,12.9318,-100,90.42,14.79,4.462479,1.668553,7.2645,0.0052
6125,-100,-55.0,40,2.25,12.0,-65.12,14.0053,-100,90.3,14.97,4.323561,2.268274,8.5682,0.0183
6127,-100,-55.0,40,2.25,13.0,-64.64,15.2544,-100,88.67,17.49,4.247103,1.918972,9.1741,0.0293
6126,-100,-55.0,40,2.25,12.5,-62.97,14.567,-100,86.64,20.62,3.377861,1.58876,12.3888,0.0275
6128,-100,-55.0,40,2.25,13.5,-64.07,15.4465,-100,87.37,19.48,3.827285,2.243848,13.0745,0.0276
6130,-100,-55.0,40,2.5,1.0,-54.58,1.5061,-66,96.43,5.51,4.939258,2.161091,7.2588,0.0
6129,-100,-55.0,40,2.25,14.0,-64.66,15.7117,-100,86.39,21.0,3.86856,2.007533,10.6054,0.0339
6131,-100,-55.0,40,2.5,1.5,-53.81,1.8555,-67,93.6,9.88,2.770041,2.234368,13.5767,0.0
6132,-100,-55.0,40,2.5,2.0,-53.05,2.2053,-68,83.81,24.98,0.892823,0.583232,30.3022,0.0
6133,-100,-55.0,40,2.5,2.5,-51.69,2.6993,-63,88.31,18.05,1.470457,0.920492,22.2162,0.0
6135,-100,-55.0,40,2.5,3.5,-54.15,4.1762,-73,92.53,11.52,2.957648,1.27456,12.5888,0.0
6134,-100,-55.0,40,2.5,3.0,-54.66,3.245,-71,93.55,9.96,3.130729,1.510241,12.3611,0.0
6136,-100,-55.0,40,2.5,4.0,-53.65,4.5233,-79,90.08,15.3,2.101218,1.555455,19.176,0.0
6137,-100,-55.0,40,2.5,4.5,-53.34,5.0585,-80,89.9,15.58,2.11505,1.170986,17.6656,0.0
6138,-100,-55.0,40,2.5,5.0,-54.58,5.6082,-84,89.14,16.76,1.835567,1.228703,20.7943,0.0
6139,-100,-55.0,40,2.5,5.5,-54.36,7.0396,-82,91.39,13.28,2.777694,1.28911,13.659,0.0
6140,-100,-55.0,40,2.5,6.0,-54.23,7.5336,-85,89.59,16.07,2.36157,1.524948,17.122,0.0
6141,-100,-55.0,40,2.5,6.5,-53.34,7.4033,-93,83.74,25.08,1.333246,1.81993,28.3375,0.0
6142,-100,-55.0,40,2.5,7.0,-54.59,8.2792,-96,86.68,20.56,1.866334,1.600381,22.3149,0.0
6143,-100,-55.0,40,2.5,7.5,-60.39,8.9344,-90,93.83,9.52,5.285445,2.031782,6.8929,0.0013
6144,-100,-55.0,40,2.5,8.0,-55.93,10.4553,-98,89.0,16.97,3.051929,1.906993,14.6185,0.001
6146,-100,-55.0,40,2.5,9.0,-58.93,10.8926,-100,88.08,18.39,3.26114,1.509568,13.2167,0.0031
6147,-100,-55.0,40,2.5,9.5,-57.57,11.5221,-100,85.96,21.66,2.756733,2.001472,18.2797,0.004
6145,-100,-55.0,40,2.5,8.5,-56.89,10.567,-99,86.98,20.1,2.595132,2.089641,20.1418,0.0022
6148,-100,-55.0,40,2.5,10.0,-57.31,12.0352,-100,83.16,25.97,2.561674,2.056561,20.7654,0.007
6149,-100,-55.0,40,2.5,10.5,-60.16,13.0909,-100,87.17,19.8,3.702202,1.539315,11.064,0.011
6150,-100,-55.0,40,2.5,11.0,-57.23,13.6307,-100,83.41,25.59,2.442609,2.343875,21.8254,0.0103
6151,-100,-55.0,40,2.5,11.5,-59.82,14.0515,-100,83.84,24.94,3.175301,1.887832,15.5553,0.0284
6152,-100,-55.0,40,2.5,12.0,-60.42,14.4681,-100,85.37,22.57,3.47431,1.873821,13.362,0.0195
6153,-100,-55.0,40,2.5,12.5,-59.12,14.8245,-100,83.23,25.87,3.10053,1.893774,16.1459,0.0367
6154,-100,-55.0,40,2.5,13.0,-60.01,15.2511,-100,82.56,26.91,3.154594,2.180793,17.6029,0.0205
6155,-100,-55.0,40,2.5,13.5,-60.35,16.0994,-100,82.8,26.53,3.284751,1.72668,14.662,0.0269
6156,-100,-55.0,40,2.5,14.0,-58.59,16.2479,-100,78.01,33.93,2.632839,2.083653,21.5652,0.0566
6157,-100,-55.0,40,2.75,1.0,-49.41,1.2355,-64,82.05,27.7,0.765115,0.488779,33.7114,0.0
6158,-100,-55.0,40,2.75,1.5,-50.83,1.8211,-66,81.47,28.6,0.738367,0.504886,34.5175,0.0
6159,-100,-55.0,40,2.75,2.0,-49.34,2.2709,-66,80.22,30.51,0.613617,0.507496,36.9461,0.0
6161,-100,-55.0,40,2.75,3.0,-51.2,3.4482,-70,91.06,13.8,2.156265,1.340403,17.029,0.0
6160,-100,-55.0,40,2.75,2.5,-48.36,3.2807,-70,78.89,32.58,0.610511,0.926068,38.2741,0.0
6162,-100,-55.0,40,2.75,3.5,-50.02,5.0973,-73,81.25,28.92,1.053141,1.13923,32.1945,0.0
6163,-100,-55.0,40,2.75,4.0,-50.83,5.1164,-78,86.25,21.21,1.499336,1.10294,24.6353,0.0
6164,-100,-55.0,40,2.75,4.5,-50.68,5.4558,-79,77.54,34.65,0.837628,1.452939,38.7234,0.0
6167,-100,-55.0,40,2.75,6.0,-52.67,8.0761,-98,84.86,23.35,2.052926,1.886144,21.7163,0.0002
6165,-100,-55.0,40,2.75,5.0,-48.6,6.5335,-80,77.46,34.77,1.030701,1.597108,37.4451,0.0
6166,-100,-55.0,40,2.75,5.5,-51.14,6.8345,-86,78.93,32.52,1.193089,1.68316,34.6926,0.0
6168,-100,-55.0,40,2.75,6.5,-51.13,8.5419,-87,80.6,29.95,1.475075,2.026246,31.7359,0.0
6169,-100,-55.0,40,2.75,7.0,-51.64,9.2884,-96,80.73,29.73,1.728653,2.004585,30.7228,0.0009
6170,-100,-55.0,40,2.75,7.5,-51.61,10.4018,-98,80.97,29.37,2.054588,1.895064,26.0667,0.0017
6173,-100,-55.0,40,2.75,9.0,-52.97,11.9221,-100,84.55,23.85,2.894109,2.462618,19.3518,0.0082
6171,-100,-55.0,40,2.75,8.0,-52.77,10.1648,-97,80.93,29.42,1.9122,2.08076,29.0791,0.0032
6172,-100,-55.0,40,2.75,8.5,-52.46,11.3129,-99,81.18,29.04,2.059582,2.290608,25.9794,0.0025
6174,-100,-55.0,40,2.75,9.5,-55.39,12.2553,-100,83.16,25.99,2.823343,2.278596,18.3742,0.0046
6175,-100,-55.0,40,2.75,10.0,-57.04,13.0667,-100,85.1,23.01,3.299543,2.397885,12.5168,0.0079
6176,-100,-55.0,40,2.75,10.5,-54.29,13.0825,-100,77.16,35.24,2.195161,2.294873,28.3576,0.0142
6177,-100,-55.0,40,2.75,11.0,-56.45,13.8291,-100,81.47,28.59,2.761002,2.425147,22.1005,0.0222
6178,-100,-55.0,40,2.75,11.5,-56.28,14.3766,-100,81.85,27.99,3.032752,1.806373,16.7934,0.0282
6179,-100,-55.0,40,2.75,12.0,-58.11,15.2464,-100,81.58,28.41,3.137784,1.664446,14.298,0.0314
6180,-100,-55.0,40,2.75,12.5,-53.01,16.2503,-100,74.1,39.98,2.185139,2.582024,29.681,0.0381
6184,-100,-55.0,40,3.0,1.0,-45.3,2.2204,-65,78.67,32.9,0.475889,0.399301,39.5617,0.0
6182,-100,-55.0,40,2.75,13.5,-56.26,16.1525,-100,77.5,34.71,2.769447,2.200466,22.5402,0.0359
6181,-100,-55.0,40,2.75,13.0,-56.55,15.5526,-100,78.4,33.33,2.670676,2.356578,20.5237,0.0328
6183,-100,-55.0,40,2.75,14.0,-56.21,16.4687,-100,75.27,38.17,2.519885,2.451492,24.297,0.0406
6185,-100,-55.0,40,3.0,1.5,-45.15,3.3493,-68,76.96,35.57,0.463483,0.669184,40.7946,0.0
6186,-100,-55.0,40,3.0,2.0,-45.35,3.3809,-66,79.7,31.32,0.678613,0.927939,36.8202,0.0
6187,-100,-55.0,40,3.0,2.5,-46.86,4.1154,-69,76.42,36.38,0.874145,1.805893,40.1045,0.0
6188,-100,-55.0,40,3.0,3.0,-46.25,4.6646,-69,78.28,33.51,0.871023,1.44997,37.46,0.0
6191,-100,-55.0,40,3.0,4.5,-46.27,7.0344,-78,78.09,33.82,1.345726,1.963944,34.822,0.0
6189,-100,-55.0,40,3.0,3.5,-46.21,6.0695,-73,75.09,38.46,1.01736,1.434662,38.7902,0.0
6190,-100,-55.0,40,3.0,4.0,-47.01,6.5423,-74,75.71,37.49,0.997276,1.451868,38.1284,0.0
6192,-100,-55.0,40,3.0,5.0,-49.69,8.0219,-81,82.98,26.27,2.276586,1.718646,20.8836,0.0001
6195,-100,-55.0,40,3.0,6.5,-49.64,9.6832,-88,76.29,36.59,1.665087,1.560876,30.444,0.0004
6194,-100,-55.0,40,3.0,6.0,-46.8,9.1107,-84,74.75,38.96,1.341772,1.775115,36.3238,0.0
6193,-100,-55.0,40,3.0,5.5,-48.03,8.177,-84,75.14,38.34,1.38226,1.542297,34.5332,0.0003
6196,-100,-55.0,40,3.0,7.0,-48.08,10.575,-90,75.31,38.11,1.660121,1.989278,32.8051,0.001
6197,-100,-55.0,40,3.0,7.5,-47.71,10.7788,-91,72.44,42.5,1.383351,1.799147,36.2027,0.0017
6198,-100,-55.0,40,3.0,8.0,-49.85,11.3631,-100,77.61,34.56,2.085151,2.157182,27.9034,0.0036
6199,-100,-55.0,40,3.0,8.5,-48.24,12.4151,-96,74.54,39.3,1.800567,2.249883,32.4101,0.0023
6200,-100,-55.0,40,3.0,9.0,-51.29,12.338,-100,75.05,38.51,2.230557,1.77166,24.0859,0.0151
6201,-100,-55.0,40,3.0,9.5,-51.71,13.123,-100,73.46,40.95,2.047303,1.738488,27.4767,0.0297
6202,-100,-55.0,40,3.0,10.0,-50.06,13.9186,-100,76.05,36.94,2.402677,2.096263,24.8847,0.0219
6203,-100,-55.0,40,3.0,10.5,-52.73,13.7202,-100,76.0,37.04,2.405647,1.940231,21.9099,0.0305
6204,-100,-55.0,40,3.0,11.0,-52.51,14.7403,-100,74.74,38.98,2.173047,1.921055,27.4052,0.0177
6205,-100,-55.0,40,3.0,11.5,-53.65,14.6851,-100,75.9,37.19,2.543512,1.862286,20.929,0.0337
6206,-100,-55.0,40,3.0,12.0,-52.28,16.3944,-100,74.26,39.75,2.440936,1.883459,21.7704,0.0283
6210,-100,-55.0,40,3.0,14.0,-53.84,17.3099,-100,72.22,42.84,2.480074,1.728422,21.9628,0.0746
6207,-100,-55.0,40,3.0,12.5,-53.41,15.7617,-100,74.12,39.92,2.525675,1.900746,21.3994,0.0298
6208,-100,-55.0,40,3.0,13.0,-51.88,16.412,-100,72.14,42.99,2.345548,2.261454,28.0833,0.0727
6209,-100,-55.0,40,3.0,13.5,-52.06,16.4557,-100,74.73,39.0,2.641865,2.582382,26.3504,0.0472
6211,-100,-55.0,40,3.25,1.0,-44.71,5.3965,-63,71.26,44.34,0.87925,1.748809,40.4062,0.0
6212,-100,-55.0,40,3.25,1.5,-43.31,6.9143,-64,75.26,38.18,1.266846,1.42677,34.6348,0.0
6213,-100,-55.0,40,3.25,2.0,-45.9,6.621,-68,76.29,36.58,1.40625,1.324036,31.0045,0.0
6214,-100,-55.0,40,3.25,2.5,-44.17,6.5488,-68,72.53,42.4,1.02635,1.56185,39.6403,0.0
6215,-100,-55.0,40,3.25,3.0,-44.05,7.5873,-72,73.63,40.69,1.182152,1.305192,36.2284,0.0
6216,-100,-55.0,40,3.25,3.5,-43.63,8.5571,-73,70.2,45.99,1.004286,1.025974,38.3343,0.0
6217,-100,-55.0,40,3.25,4.0,-43.23,8.8979,-75,72.91,41.8,1.347135,1.619598,36.0471,0.0
6218,-100,-55.0,40,3.25,4.5,-44.3,8.8526,-85,77.69,34.44,1.724665,2.152096,31.466,0.0
6220,-100,-55.0,40,3.25,5.5,-45.01,10.1825,-86,71.64,43.73,1.434108,2.204229,33.9693,0.0001
6219,-100,-55.0,40,3.25,5.0,-44.75,9.5046,-79,70.65,45.27,1.229667,1.360734,36.9483,0.0001
6221,-100,-55.0,40,3.25,6.0,-46.38,9.6811,-83,69.5,47.06,1.468505,1.816481,36.541,0.0006
6222,-100,-55.0,40,3.25,6.5,-45.57,11.5301,-89,70.18,46.02,1.502999,1.611022,35.0061,0.0018
6223,-100,-55.0,40,3.25,7.0,-46.29,10.8185,-93,71.13,44.57,1.594264,2.115545,36.4445,0.0041
6224,-100,-55.0,40,3.25,7.5,-45.53,12.2039,-96,71.23,44.38,1.665657,1.957766,33.7553,0.0039
6225,-100,-55.0,40,3.25,8.0,-47.09,12.4315,-93,70.12,46.09,1.791067,1.966634,32.7511,0.0092
6227,-100,-55.0,40,3.25,9.0,-50.19,13.0828,-100,74.59,39.2,2.380284,1.749937,21.6225,0.026
6226,-100,-55.0,40,3.25,8.5,-46.93,12.618,-100,69.95,46.35,1.716256,1.855533,33.1243,0.0113
6228,-100,-55.0,40,3.25,9.5,-47.56,13.9766,-100,69.83,46.55,1.931659,1.822563,29.5223,0.0269
6229,-100,-55.0,40,3.25,10.0,-51.17,14.0573,-100,71.89,43.38,2.292152,1.460402,20.8078,0.0253
6230,-100,-55.0,40,3.25,10.5,-50.01,14.8537,-100,72.17,42.96,2.360916,1.666659,21.1461,0.0394
6231,-100,-55.0,40,3.25,11.0,-49.35,14.5705,-100,70.61,45.35,2.198005,2.151172,28.4263,0.0416
6233,-100,-55.0,40,3.25,12.0,-50.48,16.5639,-100,72.88,41.84,2.546629,1.919541,20.4713,0.0443
6232,-100,-55.0,40,3.25,11.5,-48.12,14.935,-100,67.36,50.37,1.820666,2.077409,32.8912,0.0309
6234,-100,-55.0,40,3.25,12.5,-52.59,16.5314,-100,73.41,41.05,2.736707,1.395737,14.6449,0.0562
6235,-100,-55.0,40,3.25,13.0,-50.39,16.7217,-100,67.77,49.72,2.216701,1.823273,23.348,0.064
6236,-100,-55.0,40,3.25,13.5,-51.01,16.7949,-100,69.14,47.63,2.317113,1.893801,22.882,0.0663
6237,-100,-55.0,40,3.25,14.0,-47.8,17.4165,-100,65.82,52.74,1.91765,2.263799,32.4818,0.0405
6238,-100,-55.0,40,3.5,1.0,-42.22,8.6152,-63,64.8,54.31,0.820085,0.767813,40.8967,0.0
6239,-100,-55.0,40,3.5,1.5,-41.61,8.9653,-65,66.63,51.48,0.848945,0.78266,39.1437,0.0
6240,-100,-55.0,40,3.5,2.0,-44.63,8.3368,-67,63.68,56.07,0.854463,0.723396,40.181,0.0
6243,-100,-55.0,40,3.5,3.5,-43.31,9.1111,-75,69.83,46.57,1.314001,1.087291,32.4365,0.0
6241,-100,-55.0,40,3.5,2.5,-44.23,8.4506,-70,64.8,54.33,0.889223,0.784234,38.8713,0.0
6242,-100,-55.0,40,3.5,3.0,-44.21,8.8802,-72,60.89,60.35,0.804684,0.813069,41.4551,0.0
6245,-100,-55.0,40,3.5,4.5,-44.39,10.8815,-80,69.82,46.57,1.553616,1.412792,31.3586,0.0008
6244,-100,-55.0,40,3.5,4.0,-42.91,9.9984,-76,68.2,49.08,1.267569,1.154618,34.4326,0.0006
6246,-100,-55.0,40,3.5,5.0,-43.57,10.1286,-81,62.28,58.16,1.06691,1.369135,39.7053,0.0011
6247,-100,-55.0,40,3.5,5.5,-42.74,11.977,-87,66.38,51.87,1.454767,1.348474,32.6594,0.0003
6248,-100,-55.0,40,3.5,6.0,-45.7,10.7314,-86,64.42,54.91,1.467828,1.529475,33.0872,0.003
6249,-100,-55.0,40,3.5,6.5,-44.33,10.9667,-87,64.89,54.17,1.507313,2.208018,36.8486,0.0045
6250,-100,-55.0,40,3.5,7.0,-42.72,12.915,-88,64.64,54.54,1.479123,1.985216,35.4362,0.005
6251,-100,-55.0,40,3.5,7.5,-44.29,13.0546,-90,66.29,52.0,1.789162,1.862177,31.0107,0.0171
6252,-100,-55.0,40,3.5,8.0,-42.53,13.5409,-92,62.45,57.92,1.488674,2.184808,36.9153,0.0086
6253,-100,-55.0,40,3.5,8.5,-44.01,13.9597,-95,63.06,57.03,1.560793,1.760647,33.3885,0.0119
6255,-100,-55.0,40,3.5,9.5,-45.35,14.2562,-100,68.76,48.2,2.058439,2.108012,29.5845,0.0421
6254,-100,-55.0,40,3.5,9.0,-44.38,14.8977,-100,65.58,53.09,1.726684,1.55357,29.8277,0.016
6258,-100,-55.0,40,3.5,11.0,-46.9,15.8884,-100,68.87,48.06,2.309023,1.928077,21.9492,0.0517
6256,-100,-55.0,40,3.5,10.0,-45.74,15.2326,-100,67.45,50.23,2.029341,1.793784,28.2276,0.0372
6257,-100,-55.0,40,3.5,10.5,-46.1,15.5646,-100,64.17,55.29,1.925317,1.705812,27.7797,0.0576
6259,-100,-55.0,40,3.5,11.5,-46.83,16.3347,-100,68.87,48.05,2.2681,1.962777,25.6315,0.0465
6260,-100,-55.0,40,3.5,12.0,-48.6,16.6532,-100,67.53,50.1,2.284924,1.652124,19.2684,0.089
6262,-100,-55.0,40,3.5,13.0,-46.35,17.8493,-100,67.31,50.42,2.201133,1.962601,25.8416,0.0482
6261,-100,-55.0,40,3.5,12.5,-46.55,17.2599,-100,64.97,54.05,2.024903,1.89102,28.2136,0.0858
6263,-100,-55.0,40,3.5,13.5,-47.63,17.1733,-100,64.44,54.87,2.082658,1.761934,25.0099,0.0667
6264,-100,-55.0,40,3.5,14.0,-47.88,18.6972,-100,66.57,51.56,2.296384,1.614129,21.4171,0.1147
6265,-100,-55.0,40,3.75,1.0,-41.66,9.063,-63,58.94,63.35,0.938916,1.081474,40.1771,0.0
6266,-100,-55.0,40,3.75,1.5,-41.32,9.4613,-68,60.3,61.24,0.870188,0.883983,40.9805,0.0
6267,-100,-55.0,40,3.75,2.0,-42.1,9.937,-68,62.16,58.4,1.232769,1.114153,34.3781,0.0
6268,-100,-55.0,40,3.75,2.5,-41.19,10.752,-68,60.98,60.2,1.118673,1.436227,39.4005,0.0
6269,-100,-55.0,40,3.75,3.0,-40.54,10.3616,-76,58.78,63.63,0.842283,1.256768,43.4739,0.0001
6271,-100,-55.0,40,3.75,4.0,-41.67,11.2126,-76,60.59,60.8,1.183306,1.51766,37.7648,0.0009
6270,-100,-55.0,40,3.75,3.5,-41.28,10.7719,-74,55.51,68.67,0.96068,1.200654,41.6892,0.0
6272,-100,-55.0,40,3.75,4.5,-43.15,11.1022,-78,61.28,59.74,1.389296,1.074153,31.1852,0.0013
6273,-100,-55.0,40,3.75,5.0,-42.74,11.5123,-79,58.96,63.31,1.246152,1.361755,36.9366,0.0007
6274,-100,-55.0,40,3.75,5.5,-40.5,12.0439,-84,61.5,59.42,1.469138,1.635484,34.7943,0.0074
6275,-100,-55.0,40,3.75,6.0,-42.94,11.9716,-85,56.07,67.79,1.269345,1.299688,34.8589,0.0081
6277,-100,-55.0,40,3.75,7.0,-40.63,12.9414,-90,61.21,59.86,1.564047,1.926817,34.9405,0.0176
6276,-100,-55.0,40,3.75,6.5,-43.94,12.774,-85,63.27,56.68,1.748371,1.516029,27.696,0.0467
6278,-100,-55.0,40,3.75,7.5,-43.51,13.1786,-96,65.02,54.01,1.821359,1.664438,28.0985,0.034
6279,-100,-55.0,40,3.75,8.0,-42.41,14.2579,-95,61.32,59.69,1.673028,1.564188,30.4576,0.0219
6280,-100,-55.0,40,3.75,8.5,-43.26,14.5123,-91,59.18,62.97,1.668991,1.595975,29.5201,0.0282
6281,-100,-55.0,40,3.75,9.0,-44.56,15.32,-100,63.72,55.97,1.898598,1.411739,22.5004,0.0667
6282,-100,-55.0,40,3.75,9.5,-42.73,16.3204,-99,60.85,60.41,1.853781,1.605388,26.9969,0.0943
6283,-100,-55.0,40,3.75,10.0,-43.5,16.2377,-100,62.85,57.29,1.845103,1.44925,25.9709,0.0603
6284,-100,-55.0,40,3.75,10.5,-43.4,17.7227,-100,64.11,55.36,2.024019,1.488259,25.0966,0.0897
6285,-100,-55.0,40,3.75,11.0,-43.13,16.7045,-100,59.81,62.0,1.833479,1.842544,27.9172,0.0657
6286,-100,-55.0,40,3.75,11.5,-42.84,16.9252,-100,60.07,61.59,1.788418,1.653102,28.7628,0.0744
6287,-100,-55.0,40,3.75,12.0,-46.51,17.384,-100,64.17,55.26,2.096589,1.367319,19.7972,0.1011
6290,-100,-55.0,40,3.75,13.5,-43.44,19.4283,-100,61.33,59.65,1.910024,1.975384,29.8263,0.1052
6288,-100,-55.0,40,3.75,12.5,-43.18,18.5297,-100,62.51,57.82,2.021542,1.74399,25.5659,0.1165
6289,-100,-55.0,40,3.75,13.0,-42.79,18.2011,-100,59.06,63.14,1.818509,1.812885,30.2502,0.0828
6292,-100,-55.0,40,4.0,1.0,-38.96,11.3159,-65,58.52,64.04,1.059822,0.938326,37.3631,0.0
6291,-100,-55.0,40,3.75,14.0,-45.36,18.5203,-100,62.3,58.19,2.075613,1.488877,21.1114,0.081
6295,-100,-55.0,40,4.0,2.5,-39.53,11.1785,-72,60.71,60.64,1.313474,1.315321,32.6511,0.0
6293,-100,-55.0,40,4.0,1.5,-39.12,11.1869,-64,52.97,72.56,0.99574,0.95333,37.5931,0.0
6294,-100,-55.0,40,4.0,2.0,-39.17,12.4264,-68,47.65,80.81,0.835574,0.655003,38.9037,0.0
6296,-100,-55.0,40,4.0,3.0,-39.76,11.056,-71,52.7,73.02,0.995517,0.96255,38.2872,0.001
6298,-100,-55.0,40,4.0,4.0,-40.39,11.5255,-76,55.06,69.35,1.18919,1.083179,35.2687,0.0002
6299,-100,-55.0,40,4.0,4.5,-41.3,13.4587,-79,58.2,64.49,1.467786,1.10251,28.6216,0.0084
6297,-100,-55.0,40,4.0,3.5,-40.26,13.1272,-74,53.52,71.73,1.164708,1.057906,33.8652,0.0004
6300,-100,-55.0,40,4.0,5.0,-37.79,13.5687,-81,54.5,70.22,1.218621,1.39725,38.1557,0.0082
6301,-100,-55.0,40,4.0,5.5,-39.04,13.832,-83,54.32,70.46,1.312725,1.245686,33.4614,0.0134
6302,-100,-55.0,40,4.0,6.0,-38.33,14.2745,-87,61.01,60.16,1.583526,1.407264,30.1649,0.0114
6304,-100,-55.0,40,4.0,7.0,-42.32,13.3224,-87,54.82,69.74,1.396812,1.280185,31.3165,0.0281
6303,-100,-55.0,40,4.0,6.5,-39.96,13.8108,-85,54.84,69.68,1.415742,1.381646,32.8827,0.021
6306,-100,-55.0,40,4.0,8.0,-41.66,15.4884,-92,59.61,62.32,1.722687,1.486235,27.1661,0.0363
6305,-100,-55.0,40,4.0,7.5,-41.0,15.9229,-92,60.57,60.83,1.793736,1.328553,24.9539,0.0957
6307,-100,-55.0,40,4.0,8.5,-42.24,14.6413,-94,57.53,65.56,1.596355,1.305774,27.5663,0.0438
6308,-100,-55.0,40,4.0,9.0,-41.82,14.519,-100,56.0,67.88,1.557621,1.513431,29.1605,0.0731
6309,-100,-55.0,40,4.0,9.5,-41.83,16.2534,-96,58.63,63.83,1.810899,1.609653,25.4221,0.0458
6310,-100,-55.0,40,4.0,10.0,-43.17,16.1776,-97,58.7,63.76,1.757847,1.433489,24.7914,0.0656
6311,-100,-55.0,40,4.0,10.5,-40.29,16.9413,-99,55.41,68.82,1.623303,1.503219,29.996,0.0995
6312,-100,-55.0,40,4.0,11.0,-39.87,17.8789,-100,60.13,61.53,1.867771,2.077442,30.5637,0.1006
6313,-100,-55.0,40,4.0,11.5,-42.01,17.8777,-100,58.19,64.5,1.818999,1.539379,25.516,0.1168
6314,-100,-55.0,40,4.0,12.0,-42.82,18.2804,-100,58.94,63.36,1.867085,1.303859,20.6712,0.0992
6315,-100,-55.0,40,4.0,12.5,-41.1,18.8616,-100,58.07,64.7,1.845094,1.637087,26.7407,0.1351
6316,-100,-55.0,40,4.0,13.0,-42.25,19.5354,-100,61.04,60.12,2.049221,1.459754,20.8349,0.1465
6317,-100,-55.0,40,4.0,13.5,-43.47,19.0622,-100,58.09,64.66,1.86074,1.167615,19.9424,0.1437
6318,-100,-55.0,40,4.0,14.0,-42.57,20.039,-100,58.89,63.45,1.955947,1.270386,19.8782,0.1774
6319,-100,-55.0,40,4.25,1.0,-37.03,11.8378,-63,44.12,86.2,0.794017,0.8786,40.4867,0.0
6320,-100,-55.0,40,4.25,1.5,-40.0,11.6545,-66,47.07,81.66,0.832963,0.692744,38.7767,0.0
6322,-100,-55.0,40,4.25,2.5,-38.09,12.8695,-68,45.69,83.79,0.930058,0.776516,36.314,0.0015
6321,-100,-55.0,40,4.25,2.0,-39.16,12.6491,-66,47.41,81.16,0.89358,0.906198,38.1226,0.0
6323,-100,-55.0,40,4.25,3.0,-38.03,12.8619,-70,46.41,82.7,0.988232,0.976905,36.3169,0.0002
6324,-100,-55.0,40,4.25,3.5,-38.78,12.6856,-74,47.39,81.14,1.029265,1.009882,34.7119,0.0013
6325,-100,-55.0,40,4.25,4.0,-37.93,13.5299,-80,48.55,79.37,1.120203,0.873845,32.3906,0.0056
6328,-100,-55.0,40,4.25,5.5,-39.13,13.7438,-82,52.59,73.15,1.358547,1.538842,33.565,0.048
6326,-100,-55.0,40,4.25,4.5,-39.2,12.9941,-78,46.08,83.21,0.987318,0.885201,36.3631,0.0035
6327,-100,-55.0,40,4.25,5.0,-37.71,14.2977,-77,49.96,77.21,1.161937,1.272016,35.5278,0.0168
6329,-100,-55.0,40,4.25,6.0,-39.56,14.1963,-82,49.5,77.89,1.310346,1.304959,30.7853,0.0479
6330,-100,-55.0,40,4.25,6.5,-38.09,14.9396,-88,51.58,74.68,1.359902,1.448163,33.1553,0.0752
6331,-100,-55.0,40,4.25,7.0,-37.55,14.6009,-89,51.31,75.1,1.378808,1.562043,34.4415,0.0582
6332,-100,-55.0,40,4.25,7.5,-39.48,15.4767,-88,52.56,73.21,1.470797,1.396518,28.9721,0.0707
6334,-100,-55.0,40,4.25,8.5,-38.34,16.102,-92,51.05,75.56,1.462355,1.302964,29.4042,0.0797
6333,-100,-55.0,40,4.25,8.0,-38.88,15.7449,-94,49.88,77.32,1.409325,1.28651,27.3121,0.0842
6335,-100,-55.0,40,4.25,9.0,-37.08,16.9873,-96,52.03,74.01,1.464328,1.392217,29.5447,0.0593
6336,-100,-55.0,40,4.25,9.5,-41.95,16.3592,-99,54.94,69.53,1.711977,1.204933,20.0605,0.1566
6337,-100,-55.0,40,4.25,10.0,-38.6,17.8242,-96,55.07,69.33,1.699425,1.332573,23.5426,0.1299
6339,-100,-55.0,40,4.25,11.0,-38.0,17.8823,-100,51.87,74.25,1.54141,1.475716,27.9371,0.0787
6338,-100,-55.0,40,4.25,10.5,-39.52,17.5219,-100,50.56,76.26,1.468617,1.240313,24.6476,0.0769
6340,-100,-55.0,40,4.25,11.5,-39.88,18.28,-100,55.1,69.3,1.703103,1.419147,24.7494,0.1524
6341,-100,-55.0,40,4.25,12.0,-40.9,18.3686,-100,56.55,67.08,1.818964,1.29121,20.2341,0.1635
6342,-100,-55.0,40,4.25,12.5,-38.97,18.4382,-100,52.75,72.91,1.633116,1.484491,26.6582,0.1066
6343,-100,-55.0,40,4.25,13.0,-38.49,18.6046,-100,51.44,74.94,1.555597,1.502174,27.4537,0.1084
6344,-100,-55.0,40,4.25,13.5,-37.47,19.7331,-100,52.01,74.05,1.570761,1.701321,30.6775,0.1224
6345,-100,-55.0,40,4.25,14.0,-39.82,20.174,-100,53.48,71.74,1.731649,1.308513,21.8218,0.1739
6347,-100,-55.0,40,4.5,1.5,-37.24,14.3599,-64,44.48,85.69,0.944447,0.748829,34.8222,0.0001
6346,-100,-55.0,40,4.5,1.0,-36.82,13.3825,-63,42.25,89.13,0.957409,0.849323,34.1058,0.0
6348,-100,-55.0,40,4.5,2.0,-36.38,14.0861,-68,40.77,91.38,0.990989,1.029031,33.1406,0.0006
6349,-100,-55.0,40,4.5,2.5,-35.0,14.0433,-67,44.37,85.87,1.000983,0.86669,34.8645,0.0012
6350,-100,-55.0,40,4.5,3.0,-38.02,13.0739,-71,44.82,85.15,1.001911,0.844765,33.7736,0.0057
6351,-100,-55.0,40,4.5,3.5,-35.77,14.8071,-71,42.1,89.4,1.043297,1.035626,33.3831,0.028
6352,-100,-55.0,40,4.5,4.0,-35.46,14.3057,-77,47.14,81.54,1.087031,0.987813,32.951,0.0163
6353,-100,-55.0,40,4.5,4.5,-36.48,14.7167,-79,44.56,85.58,1.18613,0.954978,28.5508,0.0593
6354,-100,-55.0,40,4.5,5.0,-35.45,15.1441,-77,42.92,88.11,1.140354,1.064848,30.7216,0.0417
6355,-100,-55.0,40,4.5,5.5,-35.8,14.9844,-81,46.36,82.78,1.183137,1.129049,31.5988,0.0514
6356,-100,-55.0,40,4.5,6.0,-40.57,14.1538,-79,52.11,73.85,1.450558,1.11863,27.3045,0.0264
6357,-100,-55.0,40,4.5,6.5,-38.04,15.4279,-83,53.66,71.55,1.547691,1.350787,26.3282,0.0664
6358,-100,-55.0,40,4.5,7.0,-37.32,16.2373,-91,46.16,83.09,1.314026,1.1428,25.8384,0.1013
6359,-100,-55.0,40,4.5,7.5,-37.23,16.19,-93,49.19,78.39,1.377188,1.228202,28.6051,0.0763
6360,-100,-55.0,40,4.5,8.0,-37.04,16.6892,-90,48.25,79.86,1.404714,1.162807,23.766,0.1253
6361,-100,-55.0,40,4.5,8.5,-36.67,17.0075,-93,47.88,80.41,1.444871,1.194935,24.8904,0.1229
6362,-100,-55.0,40,4.5,9.0,-38.85,16.622,-95,51.47,74.88,1.539848,1.202895,22.7063,0.096
6364,-100,-55.0,40,4.5,10.0,-37.32,17.8195,-97,51.17,75.33,1.612087,1.230671,21.6887,0.1467
6363,-100,-55.0,40,4.5,9.5,-37.62,17.1172,-100,49.69,77.65,1.510334,1.255899,24.4324,0.1388
6365,-100,-55.0,40,4.5,10.5,-37.68,18.6621,-99,51.89,74.19,1.655072,1.017039,17.6051,0.2205
6366,-100,-55.0,40,4.5,11.0,-37.9,19.3413,-100,50.76,75.98,1.594837,0.960581,19.0916,0.2217
6368,-100,-55.0,40,4.5,12.0,-37.4,19.851,-100,52.56,73.19,1.640636,1.165891,19.9913,0.1017
6367,-100,-55.0,40,4.5,11.5,-35.26,19.0867,-100,48.44,79.54,1.464783,1.339168,26.323,0.0951
6369,-100,-55.0,40,4.5,12.5,-38.11,19.3721,-100,50.83,75.85,1.584495,1.055605,19.4364,0.1749
6370,-100,-55.0,40,4.5,13.0,-35.24,20.2356,-100,51.7,74.57,1.614133,1.530611,27.297,0.1203
6371,-100,-55.0,40,4.5,13.5,-37.28,19.5307,-100,50.12,76.98,1.562173,1.535981,26.7862,0.1156
6372,-100,-55.0,40,4.5,14.0,-36.12,20.8969,-100,52.29,73.61,1.662288,1.4082,24.5341,0.1396
6374,-100,-55.0,40,4.75,1.5,-35.46,14.9475,-64,40.08,92.48,0.90497,0.635123,32.3358,0.0032
6373,-100,-55.0,40,4.75,1.0,-33.91,14.5927,-65,37.51,96.41,0.904602,0.751499,32.6288,0.0017
6377,-100,-55.0,40,4.75,3.0,-32.6,15.2373,-70,40.12,92.38,0.949284,0.957814,33.7907,0.0127
6375,-100,-55.0,40,4.75,2.0,-33.93,15.4491,-68,38.98,94.11,0.875701,0.672733,33.616,0.0109
6376,-100,-55.0,40,4.75,2.5,-33.45,15.5374,-69,41.31,90.52,0.990367,0.728928,30.6974,0.015
6378,-100,-55.0,40,4.75,3.5,-33.54,16.9053,-72,43.18,87.69,1.1017,0.779782,28.2759,0.0102
6379,-100,-55.0,40,4.75,4.0,-35.25,15.1062,-75,41.1,90.87,1.08433,1.022462,31.2494,0.0956
6380,-100,-55.0,40,4.75,4.5,-34.72,16.0639,-77,42.65,88.49,1.169924,1.162527,28.1446,0.0604
6381,-100,-55.0,40,4.75,5.0,-34.15,16.5298,-84,44.57,85.56,1.307065,1.083052,25.4015,0.1217
6383,-100,-55.0,40,4.75,6.0,-32.95,16.4574,-81,41.44,90.39,1.165353,1.106592,28.823,0.0586
6382,-100,-55.0,40,4.75,5.5,-35.34,15.9771,-79,43.81,86.7,1.338933,1.009749,22.4092,0.172
6384,-100,-55.0,40,4.75,6.5,-35.28,16.1126,-84,44.53,85.57,1.311138,1.064221,24.2694,0.156
6385,-100,-55.0,40,4.75,7.0,-35.4,16.6865,-84,43.82,86.68,1.2819,1.172246,26.9743,0.1158
6389,-100,-55.0,40,4.75,9.0,-37.92,17.253,-88,54.89,69.61,1.830999,1.388587,16.4071,0.1029
6387,-100,-55.0,40,4.75,8.0,-35.05,18.1905,-89,47.97,80.31,1.491316,1.094284,22.0069,0.1883
6386,-100,-55.0,40,4.75,7.5,-36.25,16.6624,-90,46.0,83.3,1.354081,1.08279,23.3915,0.0732
6388,-100,-55.0,40,4.75,8.5,-35.62,17.042,-90,47.94,80.31,1.440996,1.502857,30.8967,0.1506
6390,-100,-55.0,40,4.75,9.5,-33.43,18.6875,-93,43.68,86.9,1.336278,1.02571,24.1936,0.2274
6391,-100,-55.0,40,4.75,10.0,-36.47,18.6771,-93,51.21,75.29,1.629968,1.064211,18.7867,0.2088
6392,-100,-55.0,40,4.75,10.5,-36.08,18.3263,-97,44.73,85.27,1.360643,0.999845,21.0693,0.1211
6393,-100,-55.0,40,4.75,11.0,-35.25,19.3776,-100,46.72,82.23,1.444429,1.046341,20.7463,0.1919
6394,-100,-55.0,40,4.75,11.5,-33.61,19.3059,-98,43.92,86.54,1.330247,1.204822,26.4051,0.1573
6395,-100,-55.0,40,4.75,12.0,-35.93,18.9871,-100,48.36,79.7,1.52967,1.313617,20.2605,0.1339
6396,-100,-55.0,40,4.75,12.5,-36.13,20.1854,-100,49.08,78.61,1.556689,1.234537,19.792,0.1466
6397,-100,-55.0,40,4.75,13.0,-34.53,20.4131,-100,48.75,79.06,1.546468,1.041083,19.9556,0.2336
6398,-100,-55.0,40,4.75,13.5,-33.25,20.9296,-100,45.79,83.68,1.399165,1.099605,25.0679,0.2099
6399,-100,-55.0,40,4.75,14.0,-33.33,21.6007,-100,49.0,78.68,1.561233,1.179993,21.71,0.2139
6400,-100,-55.0,40,5.0,1.0,-33.01,15.9137,-63,35.98,98.84,0.95127,0.803229,30.2175,0.009
6401,-100,-55.0,40,5.0,1.5,-32.53,16.3434,-64,38.0,95.72,0.974548,0.818652,30.7057,0.0078
6402,-100,-55.0,40,5.0,2.0,-34.37,15.1183,-65,39.36,93.59,1.061232,0.763603,27.577,0.0215
6403,-100,-55.0,40,5.0,2.5,-31.29,17.4967,-66,42.61,88.52,1.182583,0.988581,28.028,0.0583
6404,-100,-55.0,40,5.0,3.0,-34.56,15.4583,-67,43.88,86.57,1.165967,1.039954,29.4679,0.0206
6405,-100,-55.0,40,5.0,3.5,-32.37,16.6981,-70,46.64,82.32,1.399678,1.203905,22.3934,0.1018
6406,-100,-55.0,40,5.0,4.0,-32.12,17.2077,-74,41.16,90.83,1.196331,1.00599,26.6396,0.1154
6407,-100,-55.0,40,5.0,4.5,-30.99,16.3888,-74,42.52,88.74,1.262798,1.026604,24.0183,0.1338
6408,-100,-55.0,40,5.0,5.0,-32.19,18.0159,-75,42.74,88.34,1.293587,0.992485,22.9034,0.1687
6409,-100,-55.0,40,5.0,5.5,-33.36,16.7702,-84,40.13,92.37,1.213643,1.072102,24.1017,0.1272
6410,-100,-55.0,40,5.0,6.0,-32.31,17.4382,-80,39.79,92.88,1.227128,1.126957,25.1291,0.1418
6411,-100,-55.0,40,5.0,6.5,-29.94,18.8952,-82,39.56,93.24,1.156709,1.038816,27.8587,0.1197
6412,-100,-55.0,40,5.0,7.0,-32.93,17.995,-83,44.27,85.95,1.32554,1.015967,23.9019,0.1535
6413,-100,-55.0,40,5.0,7.5,-32.82,18.0053,-82,40.45,91.92,1.25764,0.982386,21.8721,0.2236
6414,-100,-55.0,40,5.0,8.0,-33.32,17.8635,-88,44.09,86.31,1.366202,1.357951,25.5377,0.1398
6415,-100,-55.0,40,5.0,8.5,-32.02,18.4838,-87,40.62,91.6,1.258854,1.082359,24.1741,0.1999
6416,-100,-55.0,40,5.0,9.0,-29.53,19.156,-90,42.73,88.38,1.28532,1.333558,26.8588,0.0886
6417,-100,-55.0,40,5.0,9.5,-32.81,19.2377,-88,46.95,81.84,1.486036,1.049895,17.8316,0.1623
6418,-100,-55.0,40,5.0,10.0,-33.93,19.2186,-93,50.71,76.05,1.604121,1.039212,20.4269,0.3109
6419,-100,-55.0,40,5.0,10.5,-32.86,19.3799,-97,47.24,81.41,1.48566,1.054283,20.9351,0.2221
6420,-100,-55.0,40,5.0,11.0,-31.15,20.5143,-98,43.54,87.12,1.368861,0.959429,19.123,0.2011
6421,-100,-55.0,40,5.0,11.5,-32.43,20.4971,-100,48.76,79.09,1.542464,1.112088,19.3673,0.2148
6427,-100,-50.0,40,1.0,1.0,,,,100.0,0.0,0.0,0.0,0.0,0.0
6428,-100,-50.0,40,1.0,1.5,,,,100.0,0.0,0.0,0.0,0.0,0.0
6423,-100,-55.0,40,5.0,12.5,-31.34,21.7044,-100,50.97,75.65,1.624856,1.2711,23.2288,0.1875
6429,-100,-50.0,40,1.0,2.0,,,,100.0,0.0,0.0,0.0,0.0,0.0
6422,-100,-55.0,40,5.0,12.0,-32.03,21.3357,-100,45.21,84.55,1.427883,0.976039,18.0275,0.1892
6430,-100,-50.0,40,1.0,2.5,,,,100.0,0.0,0.0,0.0,0.0,0.0
6424,-100,-55.0,40,5.0,13.0,-32.25,21.1038,-100,44.54,85.58,1.402682,1.038024,21.3032,0.2418
6431,-100,-50.0,40,1.0,3.0,,,,100.0,0.0,0.0,0.0,0.0,0.0
6425,-100,-55.0,40,5.0,13.5,-32.15,21.8638,-100,47.88,80.44,1.532872,0.892082,16.7103,0.2887
6432,-100,-50.0,40,1.0,3.5,,,,100.0,0.0,0.0,0.0,0.0,0.0
6426,-100,-55.0,40,5.0,14.0,-30.5,21.9379,-100,44.69,85.35,1.39875,1.117079,22.1773,0.1646
6434,-100,-50.0,40,1.0,4.5,,,,100.0,0.0,0.0,0.0,0.0,0.0
6433,-100,-50.0,40,1.0,4.0,,,,100.0,0.0,0.0,0.0,0.0,0.0
6435,-100,-50.0,40,1.0,5.0,,,,100.0,0.0,0.0,0.0,0.0,0.0
6436,-100,-50.0,40,1.0,5.5,,,,100.0,0.0,0.0,0.0,0.0,0.0
6437,-100,-50.0,40,1.0,6.0,,,,100.0,0.0,0.0,0.0,0.0,0.0
6438,-100,-50.0,40,1.0,6.5,,,,100.0,0.0,0.0,0.0,0.0,0.0
6439,-100,-50.0,40,1.0,7.0,,,,100.0,0.0,0.0,0.0,0.0,0.0
6440,-100,-50.0,40,1.0,7.5,-74.0,0.0,-74,100.0,0.0,4.70084,0.0,0.0035,0.0
6441,-100,-50.0,40,1.0,8.0,-98.0,0.0,-98,100.0,0.0,5.195185,0.0,0.0035,0.0
6442,-100,-50.0,40,1.0,8.5,-81.62,6.4988,-92,99.99,0.02,3.314339,0.818189,0.0207,0.0
6443,-100,-50.0,40,1.0,9.0,-80.7,6.9289,-89,99.99,0.02,4.483078,0.792065,0.0162,0.0
6444,-100,-50.0,40,1.0,9.5,-82.05,6.8006,-94,99.98,0.04,4.050703,0.813373,0.0336,0.0
6445,-100,-50.0,40,1.0,10.0,-82.18,10.7547,-100,99.96,0.06,4.727079,1.057891,0.04,0.0
6446,-100,-50.0,40,1.0,10.5,-80.0,9.091,-100,99.88,0.18,4.525795,3.417188,0.2151,0.0
6447,-100,-50.0,40,1.0,11.0,-81.73,10.8326,-100,99.82,0.28,3.742723,1.040845,0.2345,0.0
6448,-100,-50.0,40,1.0,11.5,-82.06,10.8137,-100,99.78,0.34,3.84362,1.497001,0.3417,0.0
6449,-100,-50.0,40,1.0,12.0,-82.42,11.7813,-100,99.74,0.41,4.098409,0.841925,0.2762,0.0002
6450,-100,-50.0,40,1.0,12.5,-83.57,11.7255,-100,99.64,0.56,4.532916,1.443856,0.2786,0.0007
6451,-100,-50.0,40,1.0,13.0,-83.75,12.3441,-100,99.59,0.64,4.262726,1.601883,0.4219,0.0004
6452,-100,-50.0,40,1.0,13.5,-81.13,12.6968,-100,99.38,0.95,4.529913,1.162103,0.6614,0.0011
6454,-100,-50.0,40,1.25,1.0,,,,100.0,0.0,0.0,0.0,0.0,0.0
6453,-100,-50.0,40,1.0,14.0,-81.68,13.2229,-100,99.02,1.51,4.202147,1.310811,0.9187,0.0013
6455,-100,-50.0,40,1.25,1.5,,,,100.0,0.0,0.0,0.0,0.0,0.0
6456,-100,-50.0,40,1.25,2.0,,,,100.0,0.0,0.0,0.0,0.0,0.0
6457,-100,-50.0,40,1.25,2.5,,,,100.0,0.0,0.0,0.0,0.0,0.0
6458,-100,-50.0,40,1.25,3.0,,,,100.0,0.0,0.0,0.0,0.0,0.0
6459,-100,-50.0,40,1.25,3.5,,,,100.0,0.0,0.0,0.0,0.0,0.0
6461,-100,-50.0,40,1.25,4.5,,,,100.0,0.0,0.0,0.0,0.0,0.0
6460,-100,-50.0,40,1.25,4.0,,,,100.0,0.0,0.0,0.0,0.0,0.0
6462,-100,-50.0,40,1.25,5.0,,,,100.0,0.0,0.0,0.0,0.0,0.0
6463,-100,-50.0,40,1.25,5.5,,,,100.0,0.0,0.0,0.0,0.0,0.0
6464,-100,-50.0,40,1.25,6.0,,,,100.0,0.0,0.0,0.0,0.0,0.0
6465,-100,-50.0,40,1.25,6.5,-76.0,1.0,-77,100.0,0.0,3.933027,0.466569,0.007,0.0
6466,-100,-50.0,40,1.25,7.0,-77.3,6.4039,-90,99.99,0.02,5.990376,2.517332,0.0232,0.0
6467,-100,-50.0,40,1.25,7.5,-76.0,6.6521,-87,99.99,0.02,6.797675,1.591711,0.0207,0.0
6468,-100,-50.0,40,1.25,8.0,-71.38,5.4425,-82,99.98,0.02,3.47794,1.059042,0.0345,0.0
6469,-100,-50.0,40,1.25,8.5,-74.63,8.8203,-93,99.94,0.09,3.698673,0.601251,0.1384,0.0
6470,-100,-50.0,40,1.25,9.0,-75.5,9.4954,-100,99.94,0.09,6.252657,2.083104,0.0905,0.0
6471,-100,-50.0,40,1.25,9.5,-75.24,9.8742,-98,99.9,0.15,5.344968,1.032949,0.1435,0.0
6472,-100,-50.0,40,1.25,10.0,-76.01,11.2497,-100,99.78,0.34,4.622434,0.978412,0.3353,0.0
6473,-100,-50.0,40,1.25,10.5,-79.22,10.3632,-100,99.8,0.31,4.44429,0.753518,0.2574,0.0001
6474,-100,-50.0,40,1.25,11.0,-78.98,10.562,-100,99.7,0.46,3.957037,0.958412,0.4252,0.0002
6475,-100,-50.0,40,1.25,11.5,-78.58,11.49,-100,99.66,0.53,5.567603,2.136984,0.3448,0.0002
6476,-100,-50.0,40,1.25,12.0,-78.89,11.237,-100,99.41,0.9,4.647907,2.056893,0.6671,0.0007
6477,-100,-50.0,40,1.25,12.5,-78.79,12.3213,-100,99.23,1.19,4.265347,0.911602,0.834,0.0009
6479,-100,-50.0,40,1.25,13.5,-77.95,13.4455,-100,98.94,1.64,5.307634,1.288901,1.0517,0.0019
6478,-100,-50.0,40,1.25,13.0,-77.42,12.9235,-100,98.43,2.42,3.608077,0.758054,1.7378,0.0006
6482,-100,-50.0,40,1.5,1.5,,,,100.0,0.0,0.0,0.0,0.0,0.0
6480,-100,-50.0,40,1.25,14.0,-79.18,13.3434,-100,98.62,2.13,4.347373,0.87427,1.312,0.0025
6481,-100,-50.0,40,1.5,1.0,,,,100.0,0.0,0.0,0.0,0.0,0.0
6483,-100,-50.0,40,1.5,2.0,,,,100.0,0.0,0.0,0.0,0.0,0.0
6484,-100,-50.0,40,1.5,2.5,,,,100.0,0.0,0.0,0.0,0.0,0.0
6485,-100,-50.0,40,1.5,3.0,,,,100.0,0.0,0.0,0.0,0.0,0.0
6486,-100,-50.0,40,1.5,3.5,,,,100.0,0.0,0.0,0.0,0.0,0.0
6487,-100,-50.0,40,1.5,4.0,,,,100.0,0.0,0.0,0.0,0.0,0.0
6488,-100,-50.0,40,1.5,4.5,,,,100.0,0.0,0.0,0.0,0.0,0.0
6489,-100,-50.0,40,1.5,5.0,,,,100.0,0.0,0.0,0.0,0.0,0.0
6491,-100,-50.0,40,1.5,6.0,-69.86,7.6238,-83,99.99,0.01,5.612047,0.644954,0.018,0.0
6490,-100,-50.0,40,1.5,5.5,-70.67,3.35,-76,99.99,0.01,4.058505,0.793976,0.0149,0.0
6492,-100,-50.0,40,1.5,6.5,-77.67,6.9442,-84,100.0,0.01,7.610502,3.312551,0.0074,0.0
6494,-100,-50.0,40,1.5,7.5,-72.66,7.2678,-88,99.94,0.09,4.031318,0.797507,0.1073,0.0
6495,-100,-50.0,40,1.5,8.0,-72.33,7.6617,-90,99.88,0.19,4.529491,1.801607,0.2071,0.0
6493,-100,-50.0,40,1.5,7.0,-71.53,7.3925,-83,99.96,0.06,3.404883,0.736089,0.0774,0.0
6496,-100,-50.0,40,1.5,8.5,-75.57,9.9837,-97,99.91,0.13,8.330406,2.883198,0.113,0.0
6497,-100,-50.0,40,1.5,9.0,-74.71,7.9663,-100,99.81,0.29,4.758082,1.092931,0.2994,0.0
6498,-100,-50.0,40,1.5,9.5,-73.8,10.1554,-100,99.67,0.5,4.747274,1.082209,0.5034,0.0
6499,-100,-50.0,40,1.5,10.0,-74.03,10.694,-100,99.47,0.82,4.502191,1.523618,0.8152,0.0
6500,-100,-50.0,40,1.5,10.5,-74.24,10.4448,-100,99.4,0.93,4.597767,0.882037,0.8996,0.0001
6501,-100,-50.0,40,1.5,11.0,-75.34,11.0423,-100,99.31,1.07,5.607454,2.01839,0.7538,0.0007
6502,-100,-50.0,40,1.5,11.5,-75.68,11.6012,-100,99.04,1.49,4.902865,1.352496,1.1307,0.0008
6503,-100,-50.0,40,1.5,12.0,-76.36,12.9775,-100,99.11,1.38,7.084537,3.14517,0.7893,0.0016
6504,-100,-50.0,40,1.5,12.5,-74.36,12.9737,-100,98.41,2.45,5.486681,1.783638,1.8224,0.0023
6505,-100,-50.0,40,1.5,13.0,-74.55,13.128,-100,97.85,3.32,4.195629,0.74813,2.28,0.0026
6507,-100,-50.0,40,1.5,14.0,-76.73,13.8793,-100,97.79,3.42,5.176814,1.119584,1.7199,0.0045
6508,-100,-50.0,40,1.75,1.0,,,,100.0,0.0,0.0,0.0,0.0,0.0
6506,-100,-50.0,40,1.5,13.5,-75.58,12.9208,-100,97.64,3.65,3.891324,1.080513,2.2811,0.004
6509,-100,-50.0,40,1.75,1.5,,,,100.0,0.0,0.0,0.0,0.0,0.0
6510,-100,-50.0,40,1.75,2.0,,,,100.0,0.0,0.0,0.0,0.0,0.0
6511,-100,-50.0,40,1.75,2.5,,,,100.0,0.0,0.0,0.0,0.0,0.0
6512,-100,-50.0,40,1.75,3.0,,,,100.0,0.0,0.0,0.0,0.0,0.0
6513,-100,-50.0,40,1.75,3.5,-63.0,0.0,-63,100.0,0.0,4.822727,0.0,0.0035,0.0
6515,-100,-50.0,40,1.75,4.5,,,,100.0,0.0,0.0,0.0,0.0,0.0
6514,-100,-50.0,40,1.75,4.0,,,,100.0,0.0,0.0,0.0,0.0,0.0
6516,-100,-50.0,40,1.75,5.0,-68.33,3.0258,-74,99.98,0.03,3.781702,1.058268,0.0393,0.0
6518,-100,-50.0,40,1.75,6.0,-68.45,6.5562,-80,99.95,0.07,8.251441,2.046397,0.0866,0.0
6517,-100,-50.0,40,1.75,5.5,-65.03,5.5975,-77,99.93,0.11,4.381342,1.004324,0.1712,0.0
6521,-100,-50.0,40,1.75,7.5,-68.3,7.5625,-93,99.7,0.47,5.137465,1.043747,0.5727,0.0
6520,-100,-50.0,40,1.75,7.0,-68.28,7.1454,-86,99.86,0.21,5.099101,1.417432,0.2919,0.0
6519,-100,-50.0,40,1.75,6.5,-68.17,7.0119,-84,99.82,0.28,3.597008,0.627998,0.3412,0.0
6522,-100,-50.0,40,1.75,8.0,-68.68,8.3734,-94,99.52,0.74,3.474106,1.10949,0.851,0.0
6523,-100,-50.0,40,1.75,8.5,-67.48,8.7296,-97,99.19,1.24,4.544474,0.826792,1.3932,0.0
6524,-100,-50.0,40,1.75,9.0,-68.15,8.9946,-96,99.03,1.49,4.333304,1.204478,1.6357,0.0
6525,-100,-50.0,40,1.75,9.5,-68.0,9.6244,-96,98.65,2.08,3.296576,0.563395,2.1911,0.0001
6526,-100,-50.0,40,1.75,10.0,-69.86,10.3639,-100,99.03,1.5,7.05919,3.157528,1.4544,0.0001
6527,-100,-50.0,40,1.75,10.5,-69.95,10.98,-100,98.43,2.42,4.655133,1.451554,2.2235,0.0003
6528,-100,-50.0,40,1.75,11.0,-68.49,11.871,-100,97.74,3.48,4.459488,1.243572,3.1626,0.0008
6529,-100,-50.0,40,1.75,11.5,-69.81,12.3167,-100,97.85,3.32,4.012926,1.189765,2.7249,0.0012
6530,-100,-50.0,40,1.75,12.0,-70.05,12.7199,-100,96.81,4.92,3.995368,1.132251,4.1191,0.0012
6531,-100,-50.0,40,1.75,12.5,-70.55,13.2892,-100,96.97,4.68,4.502429,1.128557,3.4884,0.0026
6532,-100,-50.0,40,1.75,13.0,-71.06,13.7577,-100,97.2,4.33,5.778887,2.086377,2.9402,0.004
6533,-100,-50.0,40,1.75,13.5,-70.05,14.2141,-100,95.71,6.62,4.610633,1.678792,4.7378,0.004
6534,-100,-50.0,40,1.75,14.0,-72.71,14.0206,-100,95.99,6.19,4.925109,1.358011,2.9714,0.0062
6535,-100,-50.0,40,2.0,1.0,,,,100.0,0.0,0.0,0.0,0.0,0.0
6536,-100,-50.0,40,2.0,1.5,,,,100.0,0.0,0.0,0.0,0.0,0.0
6538,-100,-50.0,40,2.0,2.5,-61.67,1.6997,-64,100.0,0.01,4.025362,0.494644,0.0105,0.0
6537,-100,-50.0,40,2.0,2.0,,,,100.0,0.0,0.0,0.0,0.0,0.0
6539,-100,-50.0,40,2.0,3.0,-60.0,1.4142,-62,99.99,0.01,8.433589,1.936739,0.014,0.0
6540,-100,-50.0,40,2.0,3.5,-62.75,3.1125,-66,100.0,0.01,6.461736,1.180638,0.014,0.0
6542,-100,-50.0,40,2.0,4.5,-61.77,4.5042,-74,99.82,0.28,5.771107,2.2865,0.3474,0.0
6541,-100,-50.0,40,2.0,4.0,-63.06,4.9941,-74,99.98,0.03,7.216943,1.809202,0.0421,0.0
6544,-100,-50.0,40,2.0,5.5,-60.99,5.4612,-76,99.4,0.93,5.969928,1.253208,1.1347,0.0
6543,-100,-50.0,40,2.0,5.0,-62.17,5.0777,-75,99.81,0.3,5.600016,0.857079,0.4073,0.0
6545,-100,-50.0,40,2.0,6.0,-60.2,6.5642,-78,99.42,0.9,9.024828,4.256944,1.1413,0.0
6546,-100,-50.0,40,2.0,6.5,-63.89,6.5866,-89,99.48,0.8,5.468617,1.082613,0.9897,0.0
6547,-100,-50.0,40,2.0,7.0,-61.11,7.1837,-87,98.23,2.73,4.413216,1.450678,3.3156,0.0
6548,-100,-50.0,40,2.0,7.5,-63.16,7.751,-91,98.7,2.01,4.715955,1.763656,2.3442,0.0
6550,-100,-50.0,40,2.0,8.5,-64.06,9.5617,-98,98.79,1.86,7.102966,1.349163,1.9127,0.0
6549,-100,-50.0,40,2.0,8.0,-63.04,8.1653,-99,98.08,2.96,3.419812,0.654928,3.273,0.0
6551,-100,-50.0,40,2.0,9.0,-62.8,10.066,-100,98.15,2.85,6.969549,2.15424,3.0344,0.0001
6552,-100,-50.0,40,2.0,9.5,-65.23,10.0439,-100,97.95,3.16,5.473161,3.363955,3.6277,0.0003
6553,-100,-50.0,40,2.0,10.0,-64.4,10.7478,-100,96.95,4.71,4.110882,1.329978,5.2348,0.0009
6556,-100,-50.0,40,2.0,11.5,-67.27,12.5564,-100,96.59,5.27,4.894862,1.76807,4.4796,0.0031
6554,-100,-50.0,40,2.0,10.5,-66.22,11.5551,-100,97.26,4.24,5.305907,1.308599,3.5503,0.0011
6557,-100,-50.0,40,2.0,12.0,-66.04,13.0351,-100,95.32,7.22,4.838722,1.603598,5.3676,0.0021
6555,-100,-50.0,40,2.0,11.0,-65.58,11.8767,-100,96.24,5.81,4.713104,1.212089,4.7187,0.0017
6558,-100,-50.0,40,2.0,12.5,-66.79,13.7352,-100,95.1,7.57,5.004794,1.377376,4.547,0.0037
6559,-100,-50.0,40,2.0,13.0,-69.16,13.6361,-100,95.8,6.48,5.39434,1.976305,3.3561,0.0067
6561,-100,-50.0,40,2.0,14.0,-70.05,14.611,-100,95.61,6.77,6.090515,2.77782,2.9445,0.009
6560,-100,-50.0,40,2.0,13.5,-68.77,14.8101,-100,95.01,7.69,5.1582,1.513127,3.9416,0.0085
6562,-100,-50.0,40,2.25,1.0,-58.67,1.2472,-60,100.0,0.01,5.181527,0.288216,0.0105,0.0
6563,-100,-50.0,40,2.25,1.5,-55.78,1.7927,-60,99.97,0.04,4.815713,0.536092,0.0807,0.0
6564,-100,-50.0,40,2.25,2.0,-53.83,2.8171,-62,99.42,0.9,5.576327,1.548339,1.2947,0.0
6565,-100,-50.0,40,2.25,2.5,-59.0,2.5495,-64,99.97,0.05,7.633873,1.930289,0.0578,0.0
6566,-100,-50.0,40,2.25,3.0,-59.01,2.8346,-66,99.89,0.16,4.072545,3.412552,0.2646,0.0
6567,-100,-50.0,40,2.25,3.5,-57.66,3.4695,-69,99.33,1.03,3.290216,0.460327,1.2479,0.0
6568,-100,-50.0,40,2.25,4.0,-58.57,3.9603,-70,99.36,0.98,4.470312,1.343407,1.2764,0.0
6569,-100,-50.0,40,2.25,4.5,-56.18,4.5786,-73,98.0,3.08,4.560822,0.813742,3.9297,0.0
6570,-100,-50.0,40,2.25,5.0,-59.38,4.8251,-74,99.2,1.23,5.108643,2.525416,1.6718,0.0
6571,-100,-50.0,40,2.25,5.5,-58.12,5.8351,-79,98.59,2.18,5.859936,3.692269,3.1104,0.0
6572,-100,-50.0,40,2.25,6.0,-55.64,6.2104,-80,97.09,4.49,5.308851,1.329609,5.522,0.0
6573,-100,-50.0,40,2.25,6.5,-58.28,6.9807,-84,98.56,2.22,8.262565,1.538072,2.7595,0.0
6575,-100,-50.0,40,2.25,7.5,-59.18,8.1918,-87,96.65,5.16,4.102603,1.58608,6.2245,0.0
6574,-100,-50.0,40,2.25,7.0,-58.05,7.2958,-86,96.46,5.45,3.995881,0.798004,6.4385,0.0
6576,-100,-50.0,40,2.25,8.0,-57.44,9.063,-94,96.15,5.94,4.076412,2.003732,7.8051,0.0
6577,-100,-50.0,40,2.25,8.5,-60.83,9.2379,-100,96.47,5.44,4.463293,2.070994,5.7738,0.0
6578,-100,-50.0,40,2.25,9.0,-60.73,10.2393,-97,95.78,6.51,4.696711,1.360534,5.7385,0.0002
6579,-100,-50.0,40,2.25,9.5,-61.81,10.5627,-100,95.9,6.32,4.554867,1.68205,6.1424,0.0003
6580,-100,-50.0,40,2.25,10.0,-63.44,11.7495,-100,96.6,5.25,6.658005,3.419404,3.3545,0.0018
6581,-100,-50.0,40,2.25,10.5,-61.13,11.774,-100,94.38,8.67,4.470541,1.357732,7.0861,0.0014
6582,-100,-50.0,40,2.25,11.0,-63.83,12.5762,-100,95.12,7.53,5.247195,1.877282,5.5626,0.0022
6583,-100,-50.0,40,2.25,11.5,-62.6,13.0006,-100,94.34,8.73,4.586025,1.362578,6.4282,0.0038
6584,-100,-50.0,40,2.25,12.0,-64.07,13.1144,-100,93.91,9.4,4.446141,1.354696,6.5738,0.0045
6585,-100,-50.0,40,2.25,12.5,-62.24,13.9101,-100,92.31,11.87,4.023974,1.647364,9.3853,0.0027
6586,-100,-50.0,40,2.25,13.0,-63.85,14.3814,-100,92.76,11.17,4.233187,1.35398,7.2903,0.0045
6587,-100,-50.0,40,2.25,13.5,-64.63,15.1657,-100,91.67,12.86,4.139293,1.262051,7.2179,0.01
6589,-100,-50.0,40,2.5,1.0,-53.34,1.4982,-57,99.4,0.92,4.996932,0.987779,1.2849,0.0
6588,-100,-50.0,40,2.25,14.0,-63.34,15.4996,-100,91.44,13.2,4.188991,1.628891,8.728,0.0101
6590,-100,-50.0,40,2.5,1.5,-54.26,1.6705,-58,99.73,0.42,10.449599,2.884027,0.5671,0.0
6591,-100,-50.0,40,2.5,2.0,-53.16,2.2464,-60,98.48,2.34,5.131011,1.967003,3.5246,0.0
6592,-100,-50.0,40,2.5,2.5,-53.02,2.7318,-62,97.36,4.07,3.449265,0.981534,6.1742,0.0
6593,-100,-50.0,40,2.5,3.0,-49.37,4.1692,-63,94.59,8.34,2.961661,2.452598,11.6396,0.0
6594,-100,-50.0,40,2.5,3.5,-53.24,3.6001,-66,96.11,6.01,3.904842,1.424603,7.4376,0.0
6595,-100,-50.0,40,2.5,4.0,-51.36,4.3749,-75,95.2,7.4,3.816987,2.340092,9.8869,0.0
6596,-100,-50.0,40,2.5,4.5,-55.34,4.8309,-72,98.21,2.76,7.605165,3.786057,3.414,0.0
6597,-100,-50.0,40,2.5,5.0,-54.89,5.2711,-72,96.01,6.16,3.73606,1.220205,7.3395,0.0
6598,-100,-50.0,40,2.5,5.5,-53.08,5.98,-79,96.24,5.8,4.919862,2.063544,7.5488,0.0
6599,-100,-50.0,40,2.5,6.0,-53.46,6.4912,-78,95.28,7.28,4.277799,1.242813,8.3232,0.0
6601,-100,-50.0,40,2.5,7.0,-56.51,7.6693,-87,96.39,5.56,5.064999,2.419166,6.6311,0.0
6600,-100,-50.0,40,2.5,6.5,-55.25,7.2694,-87,95.26,7.32,4.149653,1.70462,8.3483,0.0
6602,-100,-50.0,40,2.5,7.5,-55.27,8.406,-89,94.85,7.94,4.382037,1.8684,8.5983,0.0
6603,-100,-50.0,40,2.5,8.0,-53.86,8.9004,-91,91.88,12.53,2.750616,2.025106,14.8541,0.0001
6604,-100,-50.0,40,2.5,8.5,-56.22,9.8638,-89,93.51,10.01,3.989893,1.569013,9.7781,0.0002
6605,-100,-50.0,40,2.5,9.0,-54.94,10.4787,-96,92.81,11.09,3.593529,2.74302,12.7948,0.001
6606,-100,-50.0,40,2.5,9.5,-56.31,11.0604,-99,91.39,13.29,3.196081,1.653613,12.5629,0.0006
6607,-100,-50.0,40,2.5,10.0,-55.46,11.8232,-100,91.84,12.6,3.710971,2.544092,12.8294,0.0017
6608,-100,-50.0,40,2.5,10.5,-57.99,12.4072,-100,91.74,12.75,3.5418,1.454813,10.6618,0.0017
6609,-100,-50.0,40,2.5,11.0,-58.08,12.1514,-100,89.92,15.56,3.438626,1.730025,11.7487,0.0022
6610,-100,-50.0,40,2.5,11.5,-56.6,13.3191,-100,88.94,17.06,3.137198,1.963594,14.6162,0.0047
6611,-100,-50.0,40,2.5,12.0,-60.56,13.8385,-100,90.61,14.48,4.064855,1.560874,8.9568,0.0052
6613,-100,-50.0,40,2.5,13.0,-59.84,14.609,-100,88.51,17.72,3.509422,1.280062,10.6367,0.0115
6612,-100,-50.0,40,2.5,12.5,-57.23,14.3965,-100,87.86,18.74,3.09608,2.576724,15.015,0.0072
6614,-100,-50.0,40,2.5,13.5,-59.91,15.5853,-100,88.76,17.34,3.734752,1.283376,10.1499,0.0185
6616,-100,-50.0,40,2.75,1.0,-47.79,1.8201,-62,86.97,20.11,1.132802,1.337606,28.7708,0.0
6617,-100,-50.0,40,2.75,1.5,-49.17,1.7486,-61,92.48,11.61,2.453048,1.558614,14.3839,0.0
6615,-100,-50.0,40,2.5,14.0,-58.33,15.6218,-100,86.54,20.78,2.990705,2.057167,13.2575,0.0166
6618,-100,-50.0,40,2.75,2.0,-49.54,2.1503,-58,94.26,8.87,3.441074,1.341429,10.9946,0.0
6619,-100,-50.0,40,2.75,2.5,-50.76,2.6892,-61,93.25,10.42,2.496112,1.219528,13.8111,0.0
6620,-100,-50.0,40,2.75,3.0,-49.65,3.1832,-67,94.98,7.74,4.005057,1.550475,9.3779,0.0
6621,-100,-50.0,40,2.75,3.5,-49.58,3.8251,-69,91.86,12.56,2.345595,1.510954,16.0512,0.0
6622,-100,-50.0,40,2.75,4.0,-49.2,4.1836,-70,87.98,18.54,1.466091,0.723646,22.2706,0.0
6623,-100,-50.0,40,2.75,4.5,-49.33,5.4795,-78,95.48,6.98,4.638386,2.014639,8.1502,0.0
6624,-100,-50.0,40,2.75,5.0,-49.51,5.7922,-76,92.5,11.58,2.752103,1.193235,13.3168,0.0
6625,-100,-50.0,40,2.75,5.5,-49.87,6.099,-82,88.92,17.09,1.773371,1.137656,20.6622,0.0
6626,-100,-50.0,40,2.75,6.0,-49.26,6.6578,-84,85.43,22.49,1.388317,1.165751,25.9212,0.0
6627,-100,-50.0,40,2.75,6.5,-50.83,7.362,-85,90.44,14.76,2.312944,1.321477,16.8746,0.0
6628,-100,-50.0,40,2.75,7.0,-52.59,8.2701,-86,90.78,14.23,3.242546,1.459193,12.6312,0.0
6629,-100,-50.0,40,2.75,7.5,-51.72,9.8181,-87,93.55,9.95,3.992403,1.39101,9.2096,0.0002
6630,-100,-50.0,40,2.75,8.0,-50.83,9.4158,-96,90.21,15.1,2.712049,1.989513,15.9091,0.001
6631,-100,-50.0,40,2.75,8.5,-50.57,10.7769,-100,87.46,19.36,2.283537,1.568816,19.8365,0.0019
6632,-100,-50.0,40,2.75,9.0,-52.19,11.1963,-93,88.85,17.21,2.699355,1.827985,16.5321,0.0004
6633,-100,-50.0,40,2.75,9.5,-53.83,12.3312,-97,90.98,13.92,3.526737,2.060288,12.5429,0.002
6634,-100,-50.0,40,2.75,10.0,-54.27,12.1864,-100,89.96,15.5,3.67438,1.930812,12.3425,0.0022
6635,-100,-50.0,40,2.75,10.5,-55.1,12.4853,-100,87.6,19.13,2.954877,1.606017,14.4233,0.0009
6636,-100,-50.0,40,2.75,11.0,-51.83,13.7299,-100,84.2,24.38,2.488246,2.336888,21.546,0.0067
6637,-100,-50.0,40,2.75,11.5,-53.65,13.7591,-100,85.2,22.85,2.716118,2.056095,18.462,0.0075
6638,-100,-50.0,40,2.75,12.0,-55.71,14.7166,-100,87.49,19.32,3.597696,2.034471,13.6057,0.0173
6639,-100,-50.0,40,2.75,12.5,-54.28,15.1046,-100,84.61,23.76,3.008751,2.073347,18.0832,0.0156
6640,-100,-50.0,40,2.75,13.0,-55.16,15.7443,-100,84.85,23.38,3.258392,1.993079,15.763,0.0214
6641,-100,-50.0,40,2.75,13.5,-58.88,15.4548,-100,86.57,20.73,3.822656,1.392786,8.9711,0.0221
6642,-100,-50.0,40,2.75,14.0,-57.24,16.4652,-100,85.25,22.77,3.722095,2.386324,14.3642,0.0246
6643,-100,-50.0,40,3.0,1.0,-44.23,1.7751,-60,78.72,32.84,0.429611,0.291145,39.827,0.0
6644,-100,-50.0,40,3.0,1.5,-44.54,1.9444,-62,78.33,33.45,0.366944,0.264804,40.5442,0.0
6645,-100,-50.0,40,3.0,2.0,-44.25,2.4484,-63,79.58,31.51,0.533178,0.453098,38.2454,0.0
6646,-100,-50.0,40,3.0,2.5,-44.42,2.9192,-64,77.77,34.3,0.44295,0.776451,41.2559,0.0
6647,-100,-50.0,40,3.0,3.0,-44.32,3.3066,-64,81.12,29.13,0.730027,0.821814,35.2363,0.0
6650,-100,-50.0,40,3.0,4.5,-45.52,5.3522,-74,85.11,22.97,1.425063,1.849231,28.1032,0.0
6648,-100,-50.0,40,3.0,3.5,-45.86,3.7247,-69,82.12,27.58,0.785792,0.584162,33.2868,0.0
6649,-100,-50.0,40,3.0,4.0,-44.26,4.4978,-69,79.03,32.37,0.595463,0.757165,38.6026,0.0
6651,-100,-50.0,40,3.0,5.0,-43.75,6.0335,-77,84.28,24.25,1.294025,1.602169,29.7668,0.0
6654,-100,-50.0,40,3.0,6.5,-47.31,8.295,-85,87.08,19.94,2.187461,2.270983,20.6239,0.0
6652,-100,-50.0,40,3.0,5.5,-45.66,6.7568,-77,85.14,22.93,1.46859,1.634961,28.3068,0.0
6653,-100,-50.0,40,3.0,6.0,-48.08,7.9528,-84,87.11,19.89,2.053216,1.487456,20.9782,0.0
6656,-100,-50.0,40,3.0,7.5,-47.89,9.2935,-87,84.35,24.14,1.873704,1.81976,24.8555,0.0002
6655,-100,-50.0,40,3.0,7.0,-46.79,8.829,-87,81.23,28.96,1.363268,1.40581,30.9415,0.0002
6657,-100,-50.0,40,3.0,8.0,-47.96,9.6938,-87,85.67,22.13,2.322802,2.530496,23.2536,0.0018
6659,-100,-50.0,40,3.0,9.0,-50.61,11.5656,-100,84.81,23.44,2.806309,1.77888,17.211,0.003
6658,-100,-50.0,40,3.0,8.5,-48.39,11.2883,-95,82.72,26.66,1.999969,1.597326,23.7673,0.0012
6660,-100,-50.0,40,3.0,9.5,-49.65,13.2848,-96,83.87,24.9,2.527441,1.518953,18.0239,0.0036
6661,-100,-50.0,40,3.0,10.0,-48.49,13.5155,-100,80.85,29.56,2.125438,1.858678,23.7768,0.0067
6662,-100,-50.0,40,3.0,10.5,-49.21,12.8154,-100,76.54,36.19,1.684546,1.856251,30.263,0.002
6663,-100,-50.0,40,3.0,11.0,-51.24,14.0688,-100,81.73,28.19,2.559782,2.007572,19.9552,0.0047
6664,-100,-50.0,40,3.0,11.5,-48.93,14.8357,-100,79.49,31.64,2.327696,2.232117,25.1243,0.0162
6666,-100,-50.0,40,3.0,12.5,-51.08,15.4177,-100,81.09,29.18,2.842505,2.431942,23.1337,0.0125
6665,-100,-50.0,40,3.0,12.0,-51.53,15.2757,-100,81.35,28.77,2.653612,1.854964,19.5975,0.0094
6667,-100,-50.0,40,3.0,13.0,-54.96,16.5622,-100,86.13,21.4,4.10345,1.903175,10.1185,0.0475
6668,-100,-50.0,40,3.0,13.5,-54.09,16.6575,-100,81.27,28.9,3.048188,2.144213,15.1623,0.0173
6669,-100,-50.0,40,3.0,14.0,-52.53,16.4941,-100,77.51,34.72,2.631099,2.098462,21.8811,0.0412
6670,-100,-50.0,40,3.25,1.0,-40.42,2.2056,-57,79.28,31.98,0.557559,0.740114,38.3366,0.0
6671,-100,-50.0,40,3.25,1.5,-40.98,2.9746,-59,79.03,32.35,0.519904,0.648192,38.7695,0.0
6672,-100,-50.0,40,3.25,2.0,-41.01,3.1138,-62,77.25,35.09,0.507492,1.095997,41.0185,0.0
6673,-100,-50.0,40,3.25,2.5,-40.71,3.6473,-62,79.21,32.09,0.785413,1.410127,37.3908,0.0
6674,-100,-50.0,40,3.25,3.0,-40.14,4.0644,-68,79.52,31.59,0.653689,0.722996,37.5108,0.0
6675,-100,-50.0,40,3.25,3.5,-40.78,5.0851,-68,78.12,33.75,0.84764,1.521069,38.1737,0.0
6676,-100,-50.0,40,3.25,4.0,-42.22,6.1275,-72,76.6,36.11,0.906579,1.245805,37.7171,0.0
6677,-100,-50.0,40,3.25,4.5,-43.43,6.3805,-75,75.67,37.55,1.000203,1.530063,38.7775,0.0
6678,-100,-50.0,40,3.25,5.0,-42.96,6.8471,-76,77.39,34.89,1.268801,1.769141,35.7932,0.0
6679,-100,-50.0,40,3.25,5.5,-41.86,7.6148,-77,80.48,30.12,1.428394,1.975885,31.9402,0.0
6680,-100,-50.0,40,3.25,6.0,-44.22,8.6895,-83,78.22,33.61,1.406252,1.821968,33.2735,0.0
6681,-100,-50.0,40,3.25,6.5,-42.8,8.9664,-83,76.74,35.9,1.40685,2.094554,35.6376,0.0001
6682,-100,-50.0,40,3.25,7.0,-41.84,9.8863,-88,74.95,38.64,1.284209,1.869646,37.6348,0.0013
6683,-100,-50.0,40,3.25,7.5,-44.65,10.5394,-88,75.84,37.28,1.524378,1.642359,32.1859,0.0007
6684,-100,-50.0,40,3.25,8.0,-43.09,10.7482,-93,74.7,39.03,1.315187,1.998271,37.5081,0.0048
6687,-100,-50.0,40,3.25,9.5,-43.31,13.4643,-94,74.86,38.8,1.746254,2.002901,32.5285,0.0025
6685,-100,-50.0,40,3.25,8.5,-45.35,11.6199,-91,76.82,35.77,1.799485,1.84374,29.4404,0.0033
6688,-100,-50.0,40,3.25,10.0,-46.85,13.6885,-100,81.11,29.15,2.57845,2.706343,23.2674,0.0128
6686,-100,-50.0,40,3.25,9.0,-43.41,11.8768,-95,72.28,42.79,1.449292,2.514119,37.4222,0.0032
6689,-100,-50.0,40,3.25,10.5,-45.15,13.4618,-99,73.85,40.35,1.797154,1.929474,32.0633,0.0127
6690,-100,-50.0,40,3.25,11.0,-47.45,14.1897,-100,76.71,35.95,2.138967,1.90957,28.1946,0.0168
6691,-100,-50.0,40,3.25,11.5,-45.66,15.4785,-100,74.02,40.08,1.999427,2.248357,31.0412,0.023
6692,-100,-50.0,40,3.25,12.0,-47.77,15.667,-100,76.13,36.83,2.429935,2.189591,26.7033,0.0406
6695,-100,-50.0,40,3.25,13.5,-49.6,17.5026,-100,77.48,34.77,2.83328,2.148362,20.8918,0.0577
6694,-100,-50.0,40,3.25,13.0,-49.95,16.0648,-100,76.77,35.84,2.701549,2.066375,20.1847,0.0278
6693,-100,-50.0,40,3.25,12.5,-45.96,16.6419,-100,72.53,42.4,1.946765,2.000093,31.0651,0.0186
6696,-100,-50.0,40,3.25,14.0,-49.05,18.0956,-100,75.65,37.57,2.658832,1.951538,20.8642,0.0595
6697,-100,-50.0,40,3.5,1.0,-37.51,4.1722,-57,79.36,31.85,0.933747,1.72904,35.9457,0.0
6699,-100,-50.0,40,3.5,2.0,-37.29,5.4925,-60,78.18,33.67,0.96353,1.473819,36.5263,0.0
6698,-100,-50.0,40,3.5,1.5,-38.46,5.6042,-57,76.01,37.0,1.004523,1.421088,37.7963,0.0
6700,-100,-50.0,40,3.5,2.5,-34.79,5.8385,-64,77.4,34.88,0.923278,2.163495,39.1146,0.0
6701,-100,-50.0,40,3.5,3.0,-38.21,6.6063,-67,78.34,33.43,1.329507,1.523803,32.7589,0.0
6702,-100,-50.0,40,3.5,3.5,-38.53,7.9499,-70,77.2,35.17,1.230543,1.375504,33.8132,0.0
6703,-100,-50.0,40,3.5,4.0,-39.64,8.1115,-71,74.97,38.62,1.135106,1.364961,34.9539,0.0
6704,-100,-50.0,40,3.5,4.5,-39.76,7.811,-74,74.56,39.25,1.288837,1.6278,36.0314,0.0
6705,-100,-50.0,40,3.5,5.0,-39.21,8.8706,-81,78.62,32.99,1.678904,2.342472,32.3819,0.0002
6706,-100,-50.0,40,3.5,5.5,-40.74,9.2007,-78,76.65,36.02,1.616993,1.811791,32.3014,0.0002
6707,-100,-50.0,40,3.5,6.0,-38.45,10.5518,-80,73.26,41.28,1.499777,1.889248,35.8605,0.0001
6708,-100,-50.0,40,3.5,6.5,-41.65,10.1696,-89,74.02,40.08,1.635268,1.828879,31.0717,0.0004
6711,-100,-50.0,40,3.5,8.0,-43.21,12.5303,-90,75.15,38.34,2.020962,1.466913,24.9163,0.0039
6709,-100,-50.0,40,3.5,7.0,-40.39,10.8089,-89,70.66,45.26,1.39279,1.947577,37.3744,0.0004
6710,-100,-50.0,40,3.5,7.5,-40.7,11.5894,-90,74.73,38.99,1.683556,1.82638,32.7449,0.0007
6712,-100,-50.0,40,3.5,8.5,-41.54,12.4971,-97,72.11,43.04,1.687128,2.16271,34.2778,0.0066
6713,-100,-50.0,40,3.5,9.0,-42.18,13.7576,-95,74.55,39.27,2.056241,2.431338,30.9574,0.0192
6715,-100,-50.0,40,3.5,10.0,-42.86,15.1873,-98,73.35,41.11,2.031203,1.781651,28.2624,0.0219
6714,-100,-50.0,40,3.5,9.5,-43.23,14.3413,-100,71.09,44.6,1.861765,1.801145,29.5909,0.025
6716,-100,-50.0,40,3.5,10.5,-43.51,14.64,-100,72.06,43.09,1.955032,1.97062,30.2548,0.0154
6717,-100,-50.0,40,3.5,11.0,-44.37,15.7503,-100,73.73,40.54,2.195497,1.891213,26.615,0.031
6718,-100,-50.0,40,3.5,11.5,-46.6,16.0746,-100,73.44,40.98,2.367289,1.44993,19.4495,0.0279
6719,-100,-50.0,40,3.5,12.0,-44.18,16.0313,-100,69.05,47.77,1.929752,1.981096,31.3964,0.0229
6720,-100,-50.0,40,3.5,12.5,-45.35,16.9535,-100,72.67,42.15,2.324576,1.797085,23.9519,0.0437
6723,-100,-50.0,40,3.5,14.0,-45.36,18.0354,-100,70.87,44.96,2.300639,2.016725,24.9758,0.0496
6724,-100,-50.0,40,3.75,1.0,-37.67,8.1068,-60,69.99,46.32,1.004141,0.934777,37.4992,0.0
6722,-100,-50.0,40,3.5,13.5,-43.25,18.0021,-100,70.73,45.17,2.123055,2.419549,30.7046,0.0628
6721,-100,-50.0,40,3.5,13.0,-45.29,17.4051,-100,71.64,43.76,2.329536,2.014087,27.1165,0.0455
6727,-100,-50.0,40,3.75,2.5,-36.58,9.1439,-63,74.46,39.41,1.295528,1.207475,33.2903,0.0
6725,-100,-50.0,40,3.75,1.5,-38.68,8.3785,-62,65.25,53.62,0.803157,0.65041,40.0657,0.0
6726,-100,-50.0,40,3.75,2.0,-39.11,8.8592,-61,66.02,52.43,0.887714,0.673137,38.0005,0.0
6729,-100,-50.0,40,3.75,3.5,-34.13,9.723,-70,75.97,37.1,1.451586,1.893119,33.3186,0.0
6728,-100,-50.0,40,3.75,3.0,-37.51,9.4522,-68,71.97,43.27,1.218675,0.965924,33.1157,0.0
6730,-100,-50.0,40,3.75,4.0,-36.31,9.6693,-74,67.21,50.62,0.97134,1.122282,39.7757,0.0
6731,-100,-50.0,40,3.75,4.5,-38.75,10.2966,-73,65.04,53.93,1.026924,0.986335,37.2,0.0
6732,-100,-50.0,40,3.75,5.0,-37.24,10.0957,-73,69.62,46.85,1.218665,1.349357,37.0863,0.0001
6733,-100,-50.0,40,3.75,5.5,-36.92,12.0333,-77,73.31,41.18,1.53219,1.547236,32.4503,0.0002
6734,-100,-50.0,40,3.75,6.0,-36.13,11.4106,-83,71.41,44.11,1.453242,2.120319,37.6866,0.0011
6735,-100,-50.0,40,3.75,6.5,-40.94,12.0785,-82,70.36,45.73,1.67449,1.307962,27.1162,0.0011
6736,-100,-50.0,40,3.75,7.0,-38.83,12.899,-89,71.2,44.45,1.831674,1.762026,31.3594,0.0018
6737,-100,-50.0,40,3.75,7.5,-40.43,12.8353,-86,69.45,47.15,1.570002,1.568878,31.9617,0.0012
6738,-100,-50.0,40,3.75,8.0,-39.73,14.0892,-97,71.28,44.31,1.935113,1.840251,28.5679,0.0094
6739,-100,-50.0,40,3.75,8.5,-39.05,13.8092,-91,68.09,49.23,1.685775,1.708061,31.9661,0.0126
6740,-100,-50.0,40,3.75,9.0,-41.31,14.3976,-96,69.64,46.84,1.809056,1.724478,29.4869,0.0159
6741,-100,-50.0,40,3.75,9.5,-39.68,14.9305,-96,68.59,48.46,1.777133,1.904293,31.9389,0.0155
6742,-100,-50.0,40,3.75,10.0,-41.12,15.2193,-98,69.49,47.09,1.989808,1.974583,29.6076,0.0287
6743,-100,-50.0,40,3.75,10.5,-41.66,15.7371,-100,70.23,45.93,2.1385,1.981686,27.0974,0.0463
6744,-100,-50.0,40,3.75,11.0,-41.61,16.6401,-100,72.46,42.49,2.30179,2.404827,27.918,0.041
6745,-100,-50.0,40,3.75,11.5,-42.32,17.0028,-100,70.08,46.18,2.245351,1.831921,25.0905,0.0387
6746,-100,-50.0,40,3.75,12.0,-40.56,16.7206,-100,64.85,54.25,1.81411,1.994884,31.6163,0.0382
6747,-100,-50.0,40,3.75,12.5,-40.49,17.9543,-100,67.65,49.9,2.069066,2.079087,31.4228,0.0731
6748,-100,-50.0,40,3.75,13.0,-41.37,18.1687,-100,65.38,53.44,1.977952,1.953562,31.0391,0.0774
6750,-100,-50.0,40,3.75,14.0,-41.65,18.8578,-100,68.77,48.2,2.244759,2.60218,29.381,0.0321
6749,-100,-50.0,40,3.75,13.5,-41.87,18.6497,-100,66.26,52.08,2.036501,1.866553,26.8775,0.0657
6751,-100,-50.0,40,4.0,1.0,-36.88,10.0589,-59,62.35,58.1,0.759642,0.566779,41.3076,0.0
6753,-100,-50.0,40,4.0,2.0,-35.57,10.7447,-62,66.46,51.75,1.020216,0.930589,37.4593,0.0
6752,-100,-50.0,40,4.0,1.5,-38.34,9.742,-63,62.02,58.6,0.896917,1.455064,41.5271,0.0
6754,-100,-50.0,40,4.0,2.5,-36.22,10.569,-64,60.49,60.98,0.880519,1.214343,42.0699,0.0
6755,-100,-50.0,40,4.0,3.0,-38.27,9.9085,-67,61.7,59.11,1.036522,1.275662,38.8194,0.0
6756,-100,-50.0,40,4.0,3.5,-35.85,10.087,-65,60.37,61.15,0.927127,1.211854,41.3707,0.0
6757,-100,-50.0,40,4.0,4.0,-36.06,13.107,-70,67.44,50.24,1.484163,1.052543,29.3466,0.0
6758,-100,-50.0,40,4.0,4.5,-37.43,11.2531,-72,59.1,63.11,0.998555,1.472153,40.6682,0.0002
6760,-100,-50.0,40,4.0,5.5,-36.41,12.6565,-79,64.46,54.88,1.416514,1.790372,35.6056,0.0006
6761,-100,-50.0,40,4.0,6.0,-36.31,12.4884,-87,63.67,56.06,1.47005,1.584165,33.3276,0.0048
6759,-100,-50.0,40,4.0,5.0,-37.31,11.9428,-73,57.51,65.56,1.05489,1.133161,38.7193,0.0001
6762,-100,-50.0,40,4.0,6.5,-35.03,13.3187,-80,64.04,55.48,1.412181,1.576811,35.765,0.0025
6763,-100,-50.0,40,4.0,7.0,-36.74,13.0226,-85,61.55,59.33,1.308152,1.43421,36.6935,0.008
6764,-100,-50.0,40,4.0,7.5,-37.32,13.3442,-83,61.82,58.91,1.505835,2.024763,34.974,0.0067
6765,-100,-50.0,40,4.0,8.0,-36.58,13.9876,-89,63.16,56.85,1.471245,1.342748,32.1091,0.0195
6766,-100,-50.0,40,4.0,8.5,-37.75,14.5351,-92,63.43,56.46,1.694297,1.743582,31.4713,0.0109
6767,-100,-50.0,40,4.0,9.0,-36.94,15.2727,-94,63.07,57.0,1.595007,1.708488,34.4702,0.0232
6768,-100,-50.0,40,4.0,9.5,-38.0,15.7156,-100,64.77,54.33,1.77257,1.832351,31.2688,0.0271
6769,-100,-50.0,40,4.0,10.0,-37.96,15.8767,-100,61.91,58.76,1.627235,1.787733,33.3178,0.0453
6770,-100,-50.0,40,4.0,10.5,-39.79,17.0478,-100,67.82,49.66,2.105622,1.595971,21.6785,0.0885
6771,-100,-50.0,40,4.0,11.0,-38.08,16.5975,-98,61.83,58.89,1.783794,1.791956,30.2123,0.0495
6772,-100,-50.0,40,4.0,11.5,-38.63,16.9891,-100,60.69,60.66,1.678478,1.918099,33.5997,0.0505
6773,-100,-50.0,40,4.0,12.0,-37.79,17.1023,-100,61.67,59.15,1.679965,1.945097,34.1542,0.0367
6774,-100,-50.0,40,4.0,12.5,-39.46,18.1222,-100,61.38,59.59,1.844889,1.692907,27.2499,0.0773
6775,-100,-50.0,40,4.0,13.0,-37.78,18.6584,-100,62.72,57.54,1.828941,1.87031,31.5666,0.0573
6776,-100,-50.0,40,4.0,13.5,-40.57,18.9314,-100,64.42,54.91,2.045971,1.605642,24.0463,0.0901
6777,-100,-50.0,40,4.0,14.0,-39.18,19.0274,-100,61.5,59.41,1.896888,1.77173,28.1427,0.095
6778,-100,-50.0,40,4.25,1.0,-31.61,10.4792,-59,58.36,64.27,0.864775,1.466195,43.5077,0.0
6779,-100,-50.0,40,4.25,1.5,-34.38,10.1527,-63,53.92,71.1,0.846172,1.206412,44.2999,0.0
6780,-100,-50.0,40,4.25,2.0,-34.97,10.5208,-62,55.94,67.99,0.946411,1.042825,41.0882,0.0
6781,-100,-50.0,40,4.25,2.5,-35.34,11.6371,-65,56.81,66.64,0.848015,1.036578,42.1613,0.0
6782,-100,-50.0,40,4.25,3.0,-34.86,11.4044,-65,55.84,68.14,0.922461,1.215991,42.5274,0.0
6783,-100,-50.0,40,4.25,3.5,-34.77,11.425,-67,56.97,66.38,1.037559,1.210299,40.0,0.0
6784,-100,-50.0,40,4.25,4.0,-34.15,12.5262,-70,56.04,67.8,1.117533,1.152058,37.7713,0.0001
6785,-100,-50.0,40,4.25,4.5,-35.97,13.2093,-74,53.86,71.18,1.140261,1.411573,37.3182,0.0002
6787,-100,-50.0,40,4.25,5.5,-34.57,13.7616,-78,59.04,63.21,1.326875,1.31129,34.8093,0.0014
6786,-100,-50.0,40,4.25,5.0,-35.38,13.2058,-75,57.04,66.29,1.215353,1.365437,37.0633,0.0017
6788,-100,-50.0,40,4.25,6.0,-33.91,13.9614,-80,55.25,69.08,1.160988,1.399556,38.7844,0.0047
6789,-100,-50.0,40,4.25,6.5,-36.81,13.7786,-85,58.06,64.68,1.406443,1.508865,33.3079,0.0134
6790,-100,-50.0,40,4.25,7.0,-34.64,14.3947,-82,57.41,65.73,1.329549,1.498688,36.008,0.009
6791,-100,-50.0,40,4.25,7.5,-34.13,14.9988,-86,62.07,58.54,1.638069,1.618198,30.8283,0.0342
6792,-100,-50.0,40,4.25,8.0,-33.92,16.2021,-91,57.77,65.16,1.374654,1.427886,34.5307,0.0168
6793,-100,-50.0,40,4.25,8.5,-34.6,15.7763,-92,58.18,64.54,1.421257,1.454625,33.9459,0.02
6794,-100,-50.0,40,4.25,9.0,-34.5,16.1725,-88,61.36,59.64,1.63994,2.116487,35.0608,0.0173
6795,-100,-50.0,40,4.25,9.5,-34.98,17.1002,-93,59.73,62.14,1.674028,1.58902,29.902,0.037
6796,-100,-50.0,40,4.25,10.0,-35.58,16.7378,-100,58.11,64.64,1.610457,1.753387,32.9413,0.0562
6797,-100,-50.0,40,4.25,10.5,-37.02,17.2459,-100,58.91,63.4,1.644231,1.444013,28.7579,0.0339
6799,-100,-50.0,40,4.25,11.5,-36.84,17.7749,-100,60.73,60.57,1.729637,1.543136,28.7479,0.0563
6798,-100,-50.0,40,4.25,11.0,-35.42,17.3348,-100,58.75,63.63,1.698905,2.074897,31.5714,0.0372
6800,-100,-50.0,40,4.25,12.0,-36.25,17.9949,-100,55.59,68.52,1.620467,1.590547,30.3631,0.0953
6801,-100,-50.0,40,4.25,12.5,-34.86,18.9325,-100,58.95,63.33,1.727688,1.803347,31.8951,0.0989
6803,-100,-50.0,40,4.25,13.5,-36.17,20.7269,-100,63.3,56.64,2.117806,1.663055,25.507,0.1633
6802,-100,-50.0,40,4.25,13.0,-34.34,19.5555,-100,57.29,65.93,1.660188,1.790971,31.854,0.0741
6804,-100,-50.0,40,4.25,14.0,-36.8,19.771,-100,58.47,64.07,1.786044,1.829709,28.5733,0.0712
6805,-100,-50.0,40,4.5,1.0,-32.75,12.2615,-59,50.85,75.86,0.921054,0.704902,37.7258,0.0
6806,-100,-50.0,40,4.5,1.5,-33.39,12.7483,-60,54.36,70.43,1.076661,0.736887,33.3743,0.0
6807,-100,-50.0,40,4.5,2.0,-33.5,12.6226,-62,49.29,78.25,0.905278,0.680083,36.9738,0.0
6810,-100,-50.0,40,4.5,3.5,-33.86,13.9065,-67,61.49,59.42,1.401122,1.043457,30.681,0.0018
6808,-100,-50.0,40,4.5,2.5,-32.71,12.8437,-63,52.44,73.39,0.963358,0.800863,37.8723,0.0
6809,-100,-50.0,40,4.5,3.0,-31.67,12.9821,-68,55.86,68.09,0.983794,0.994255,38.8354,0.0003
6811,-100,-50.0,40,4.5,4.0,-32.54,13.2041,-69,57.62,65.41,1.273102,1.297692,34.2723,0.0046
6812,-100,-50.0,40,4.5,4.5,-33.47,13.8376,-74,56.06,67.83,1.289645,1.080711,32.6971,0.0019
6813,-100,-50.0,40,4.5,5.0,-32.67,14.496,-73,56.01,67.91,1.28764,1.338313,33.3715,0.0016
6815,-100,-50.0,40,4.5,6.0,-32.19,15.1019,-77,56.22,67.55,1.374235,1.310702,33.251,0.0218
6814,-100,-50.0,40,4.5,5.5,-33.46,13.8617,-79,58.11,64.64,1.415713,1.448511,32.914,0.0122
6817,-100,-50.0,40,4.5,7.0,-34.01,15.3557,-92,53.62,71.58,1.347643,1.49208,31.8631,0.0236
6816,-100,-50.0,40,4.5,6.5,-32.21,14.2379,-80,54.03,70.92,1.260562,1.442827,36.5431,0.0071
6818,-100,-50.0,40,4.5,7.5,-31.25,15.8228,-83,53.7,71.44,1.343779,1.571972,35.4779,0.0194
6819,-100,-50.0,40,4.5,8.0,-34.26,16.6055,-91,57.43,65.69,1.543784,1.423931,31.1819,0.0421
6820,-100,-50.0,40,4.5,8.5,-35.32,17.8679,-95,62.19,58.34,1.859838,1.142554,21.6328,0.0535
6822,-100,-50.0,40,4.5,9.5,-36.11,17.2186,-96,59.74,62.11,1.817631,1.447384,26.0942,0.0969
6821,-100,-50.0,40,4.5,9.0,-34.29,16.3864,-99,52.93,72.61,1.411244,1.457336,31.9266,0.0498
6823,-100,-50.0,40,4.5,10.0,-34.2,18.6341,-93,58.13,64.58,1.710688,1.280991,23.5706,0.046
6824,-100,-50.0,40,4.5,10.5,-32.85,18.1236,-100,54.55,70.14,1.532212,1.513025,31.3141,0.075
6825,-100,-50.0,40,4.5,11.0,-34.24,19.5342,-95,61.4,59.55,1.953494,1.587965,22.4295,0.1141
6826,-100,-50.0,40,4.5,11.5,-34.0,19.467,-100,59.21,62.95,1.826403,1.438935,23.999,0.0787
6827,-100,-50.0,40,4.5,12.0,-35.54,18.7229,-100,58.18,64.5,1.813114,1.637723,26.9648,0.1033
6829,-100,-50.0,40,4.5,13.0,-36.35,19.847,-100,59.24,62.91,1.962912,1.332762,18.2905,0.0903
6828,-100,-50.0,40,4.5,12.5,-33.87,19.072,-100,54.37,70.41,1.574152,1.654669,30.9502,0.0858
6830,-100,-50.0,40,4.5,13.5,-36.55,20.2715,-100,59.03,63.21,1.935192,1.543516,21.6379,0.1222
6831,-100,-50.0,40,4.5,14.0,-34.37,20.3312,-100,55.42,68.75,1.685471,1.534412,27.665,0.1021
6833,-100,-50.0,40,4.75,1.5,-31.37,13.6205,-59,47.85,80.46,0.920067,0.837189,36.5782,0.0
6832,-100,-50.0,40,4.75,1.0,-29.76,14.377,-60,44.43,85.72,0.82447,0.726853,38.8633,0.0
6835,-100,-50.0,40,4.75,2.5,-31.44,14.5305,-63,49.84,77.4,1.058084,0.989174,34.3035,0.0001
6834,-100,-50.0,40,4.75,2.0,-30.98,13.7237,-61,46.28,82.92,0.865224,0.744682,37.8382,0.0
6837,-100,-50.0,40,4.75,3.5,-30.28,15.4826,-69,52.33,73.56,1.194786,1.232464,33.4559,0.0008
6836,-100,-50.0,40,4.75,3.0,-32.1,13.99,-65,47.74,80.62,1.017119,0.801963,34.0906,0.0006
6839,-100,-50.0,40,4.75,4.5,-31.0,16.0607,-73,58.95,63.33,1.499621,1.419749,31.5716,0.0096
6838,-100,-50.0,40,4.75,4.0,-29.38,15.7483,-70,49.25,78.31,1.10518,1.101036,36.0848,0.0104
6840,-100,-50.0,40,4.75,5.0,-30.24,14.9888,-75,49.4,78.09,1.155372,1.189276,34.0472,0.0123
6841,-100,-50.0,40,4.75,5.5,-30.22,15.7787,-76,45.82,83.62,1.080229,0.959846,34.251,0.0093
6842,-100,-50.0,40,4.75,6.0,-34.12,15.2687,-80,52.84,72.78,1.350922,1.332437,30.4509,0.0127
6843,-100,-50.0,40,4.75,6.5,-31.2,16.2802,-83,47.79,80.52,1.278658,1.179527,30.548,0.0457
6844,-100,-50.0,40,4.75,7.0,-32.59,16.0664,-85,51.58,74.72,1.354826,1.275026,30.2934,0.0341
6846,-100,-50.0,40,4.75,8.0,-30.47,18.1373,-89,56.0,67.91,1.570871,1.328318,28.3434,0.0401
6845,-100,-50.0,40,4.75,7.5,-32.87,17.0648,-82,51.44,74.93,1.400785,1.367081,28.3035,0.0678
6847,-100,-50.0,40,4.75,8.5,-31.53,17.5865,-90,50.99,75.64,1.452723,1.126619,26.6626,0.0569
6848,-100,-50.0,40,4.75,9.0,-31.84,17.7174,-96,49.85,77.35,1.405922,1.467802,30.6024,0.0809
6849,-100,-50.0,40,4.75,9.5,-33.03,17.9066,-93,54.14,70.77,1.583126,1.15367,24.4667,0.1072
6850,-100,-50.0,40,4.75,10.0,-32.14,17.1686,-98,50.13,76.97,1.406713,1.414269,30.3921,0.0949
6851,-100,-50.0,40,4.75,10.5,-31.87,19.032,-98,52.18,73.8,1.552146,1.217721,25.2247,0.1428
6852,-100,-50.0,40,4.75,11.0,-33.79,18.6592,-100,54.39,70.38,1.702427,1.366618,22.1976,0.1097
6853,-100,-50.0,40,4.75,11.5,-31.98,19.8761,-97,52.78,72.88,1.591482,1.464351,24.8637,0.1068
6854,-100,-50.0,40,4.75,12.0,-32.0,19.7332,-100,52.22,73.75,1.604634,1.471057,25.7172,0.1216
6855,-100,-50.0,40,4.75,12.5,-32.02,20.2789,-100,52.59,73.18,1.602036,1.283818,24.8077,0.1454
6856,-100,-50.0,40,4.75,13.0,-33.04,20.4947,-100,53.33,72.01,1.692053,1.331805,22.7203,0.1676
6858,-100,-50.0,40,4.75,14.0,-33.51,21.201,-100,58.32,64.29,1.881365,1.897655,26.6124,0.0849
6857,-100,-50.0,40,4.75,13.5,-32.03,21.2263,-100,54.78,69.79,1.73215,1.487248,23.3307,0.1207
6859,-100,-50.0,40,5.0,1.0,-31.43,13.8835,-62,40.94,91.13,0.830338,0.743866,37.2843,0.0
6860,-100,-50.0,40,5.0,1.5,-29.08,15.3602,-61,41.94,89.53,0.873351,0.850826,37.7851,0.0001
6861,-100,-50.0,40,5.0,2.0,-31.51,14.9076,-63,44.06,86.29,0.940118,0.796465,35.8635,0.0009
6863,-100,-50.0,40,5.0,3.0,-30.38,15.7655,-65,41.27,90.65,0.971644,0.834043,33.1763,0.0031
6862,-100,-50.0,40,5.0,2.5,-29.65,14.8426,-63,42.11,89.32,0.930143,0.916828,36.186,0.0028
6864,-100,-50.0,40,5.0,3.5,-28.01,16.7562,-66,49.61,77.75,1.223788,0.855531,28.3292,0.003
6865,-100,-50.0,40,5.0,4.0,-27.8,16.2451,-71,43.99,86.44,0.998122,1.023169,36.1084,0.002
6866,-100,-50.0,40,5.0,4.5,-28.82,16.0591,-70,47.01,81.75,1.166572,1.248755,32.714,0.0643
6867,-100,-50.0,40,5.0,5.0,-30.63,16.0047,-74,50.25,76.74,1.329612,1.179669,30.5616,0.0532
6868,-100,-50.0,40,5.0,5.5,-29.87,16.8866,-76,47.13,81.56,1.279774,1.004771,26.3877,0.031
6869,-100,-50.0,40,5.0,6.0,-29.35,17.3805,-82,42.88,88.1,1.07717,1.01764,30.8782,0.0495
6870,-100,-50.0,40,5.0,6.5,-29.34,17.1356,-82,46.21,82.96,1.22817,1.032601,29.49,0.0468
6871,-100,-50.0,40,5.0,7.0,-29.31,17.4981,-80,46.64,82.34,1.249141,1.309431,31.3772,0.077
6872,-100,-50.0,40,5.0,7.5,-27.82,17.6178,-86,44.91,85.01,1.22189,1.475851,33.8459,0.0708
6873,-100,-50.0,40,5.0,8.0,-30.19,18.0159,-83,49.8,77.48,1.477989,1.155135,23.7338,0.0883
6874,-100,-50.0,40,5.0,8.5,-29.23,18.5857,-89,46.77,82.14,1.341811,1.28212,28.7679,0.1025
6875,-100,-50.0,40,5.0,9.0,-28.04,19.0444,-87,47.78,80.59,1.389978,1.530551,30.8143,0.0915
6876,-100,-50.0,40,5.0,9.5,-29.43,19.3802,-93,51.47,74.89,1.527563,1.316415,25.3096,0.111
6877,-100,-50.0,40,5.0,10.0,-28.36,19.4566,-97,51.48,74.87,1.580614,1.409602,25.9917,0.1113
6879,-100,-50.0,40,5.0,11.0,-33.4,19.2967,-91,52.99,72.52,1.676659,1.239732,22.0997,0.1101
6878,-100,-50.0,40,5.0,10.5,-28.34,19.3685,-100,47.51,81.0,1.415085,1.243236,27.5931,0.1382
6880,-100,-50.0,40,5.0,11.5,-28.82,21.0659,-99,51.63,74.61,1.562213,1.150498,24.5568,0.1916
6886,-100,-45.0,40,1.0,1.0,,,,100.0,0.0,0.0,0.0,0.0,0.0
6887,-100,-45.0,40,1.0,1.5,,,,100.0,0.0,0.0,0.0,0.0,0.0
6881,-100,-50.0,40,5.0,12.0,-30.33,20.7547,-100,51.02,75.53,1.590832,1.167841,21.0058,0.1553
6882,-100,-50.0,40,5.0,12.5,-27.21,21.0728,-98,49.4,78.06,1.49113,1.624034,30.4334,0.1223
6883,-100,-50.0,40,5.0,13.0,-30.53,21.3972,-100,53.62,71.55,1.747283,1.226938,19.272,0.1719
6888,-100,-45.0,40,1.0,2.0,,,,100.0,0.0,0.0,0.0,0.0,0.0
6884,-100,-50.0,40,5.0,13.5,-29.97,21.3758,-100,51.29,75.16,1.582239,1.439633,25.9588,0.1246
6889,-100,-45.0,40,1.0,2.5,,,,100.0,0.0,0.0,0.0,0.0,0.0
6885,-100,-50.0,40,5.0,14.0,-30.66,20.9555,-100,49.89,77.31,1.574628,1.259484,22.6817,0.1757
6890,-100,-45.0,40,1.0,3.0,,,,100.0,0.0,0.0,0.0,0.0,0.0
6891,-100,-45.0,40,1.0,3.5,,,,100.0,0.0,0.0,0.0,0.0,0.0
6892,-100,-45.0,40,1.0,4.0,,,,100.0,0.0,0.0,0.0,0.0,0.0
6893,-100,-45.0,40,1.0,4.5,,,,100.0,0.0,0.0,0.0,0.0,0.0
6894,-100,-45.0,40,1.0,5.0,,,,100.0,0.0,0.0,0.0,0.0,0.0
6895,-100,-45.0,40,1.0,5.5,,,,100.0,0.0,0.0,0.0,0.0,0.0
6896,-100,-45.0,40,1.0,6.0,,,,100.0,0.0,0.0,0.0,0.0,0.0
6897,-100,-45.0,40,1.0,6.5,,,,100.0,0.0,0.0,0.0,0.0,0.0
6898,-100,-45.0,40,1.0,7.0,,,,100.0,0.0,0.0,0.0,0.0,0.0
6899,-100,-45.0,40,1.0,7.5,,,,100.0,0.0,0.0,0.0,0.0,0.0
6900,-100,-45.0,40,1.0,8.0,,,,100.0,0.0,0.0,0.0,0.0,0.0
6901,-100,-45.0,40,1.0,8.5,,,,100.0,0.0,0.0,0.0,0.0,0.0
6902,-100,-45.0,40,1.0,9.0,,,,100.0,0.0,0.0,0.0,0.0,0.0
6903,-100,-45.0,40,1.0,9.5,-82.0,1.0,-83,100.0,0.0,2.626373,0.069133,0.007,0.0
6904,-100,-45.0,40,1.0,10.0,-82.08,6.7876,-93,99.98,0.02,3.679722,0.627827,0.0302,0.0
6905,-100,-45.0,40,1.0,10.5,-84.07,7.5825,-95,99.98,0.03,3.381815,0.597343,0.0274,0.0
6906,-100,-45.0,40,1.0,11.0,-81.08,10.0038,-100,99.97,0.05,3.808621,0.832955,0.0501,0.0
6907,-100,-45.0,40,1.0,11.5,-80.75,10.4732,-100,99.94,0.09,4.343098,1.10709,0.059,0.0001
6909,-100,-45.0,40,1.0,12.5,-83.28,10.4744,-100,99.89,0.16,4.909656,1.731097,0.0975,0.0001
6908,-100,-45.0,40,1.0,12.0,-82.81,11.388,-100,99.95,0.08,3.731397,0.996121,0.0717,0.0
6910,-100,-45.0,40,1.0,13.0,-81.85,10.758,-100,99.85,0.24,4.302886,1.379704,0.1136,0.0001
6911,-100,-45.0,40,1.0,13.5,-80.85,11.2571,-100,99.82,0.27,4.999514,1.287018,0.1916,0.0003
6912,-100,-45.0,40,1.0,14.0,-80.92,13.2064,-100,99.62,0.59,4.013155,0.79311,0.4269,0.0003
6913,-100,-45.0,40,1.25,1.0,,,,100.0,0.0,0.0,0.0,0.0,0.0
6914,-100,-45.0,40,1.25,1.5,,,,100.0,0.0,0.0,0.0,0.0,0.0
6915,-100,-45.0,40,1.25,2.0,,,,100.0,0.0,0.0,0.0,0.0,0.0
6916,-100,-45.0,40,1.25,2.5,,,,100.0,0.0,0.0,0.0,0.0,0.0
6917,-100,-45.0,40,1.25,3.0,,,,100.0,0.0,0.0,0.0,0.0,0.0
6918,-100,-45.0,40,1.25,3.5,,,,100.0,0.0,0.0,0.0,0.0,0.0
6919,-100,-45.0,40,1.25,4.0,,,,100.0,0.0,0.0,0.0,0.0,0.0
6920,-100,-45.0,40,1.25,4.5,,,,100.0,0.0,0.0,0.0,0.0,0.0
6921,-100,-45.0,40,1.25,5.0,,,,100.0,0.0,0.0,0.0,0.0,0.0
6922,-100,-45.0,40,1.25,5.5,,,,100.0,0.0,0.0,0.0,0.0,0.0
6923,-100,-45.0,40,1.25,6.0,,,,100.0,0.0,0.0,0.0,0.0,0.0
6924,-100,-45.0,40,1.25,6.5,,,,100.0,0.0,0.0,0.0,0.0,0.0
6927,-100,-45.0,40,1.25,8.0,-68.92,8.1287,-84,99.99,0.02,3.11369,0.362402,0.0421,0.0
6925,-100,-45.0,40,1.25,7.0,,,,100.0,0.0,0.0,0.0,0.0,0.0
6928,-100,-45.0,40,1.25,8.5,-75.5,6.5,-82,100.0,0.0,3.267847,0.05138,0.007,0.0
6926,-100,-45.0,40,1.25,7.5,,,,100.0,0.0,0.0,0.0,0.0,0.0
6929,-100,-45.0,40,1.25,9.0,-78.71,8.9237,-94,99.99,0.01,6.07823,1.768075,0.0147,0.0
6930,-100,-45.0,40,1.25,9.5,-80.33,8.0802,-93,99.98,0.03,4.715795,1.045264,0.0204,0.0
6931,-100,-45.0,40,1.25,10.0,-77.37,10.6817,-97,99.96,0.06,4.164701,0.731728,0.0574,0.0
6932,-100,-45.0,40,1.25,10.5,-76.11,10.0239,-100,99.93,0.1,4.313814,0.875037,0.1037,0.0
6933,-100,-45.0,40,1.25,11.0,-75.31,11.3619,-100,99.87,0.2,4.827076,1.069119,0.2729,0.0
6934,-100,-45.0,40,1.25,11.5,-77.3,11.2837,-100,99.86,0.22,4.054529,0.644418,0.2301,0.0
6935,-100,-45.0,40,1.25,12.0,-77.43,12.1387,-100,99.83,0.26,5.659537,1.584223,0.2504,0.0003
6936,-100,-45.0,40,1.25,12.5,-77.65,11.7995,-100,99.65,0.54,4.123018,1.925569,0.4314,0.0
6940,-100,-45.0,40,1.5,1.0,,,,100.0,0.0,0.0,0.0,0.0,0.0
6937,-100,-45.0,40,1.25,13.0,-79.81,12.4784,-100,99.64,0.55,4.047466,0.839488,0.352,0.0007
6939,-100,-45.0,40,1.25,14.0,-77.44,13.7833,-100,99.32,1.05,4.222522,1.041354,0.8216,0.0008
6938,-100,-45.0,40,1.25,13.5,-79.46,12.8927,-100,99.53,0.72,4.677065,1.802356,0.4569,0.0006
6941,-100,-45.0,40,1.5,1.5,,,,100.0,0.0,0.0,0.0,0.0,0.0
6942,-100,-45.0,40,1.5,2.0,,,,100.0,0.0,0.0,0.0,0.0,0.0
6945,-100,-45.0,40,1.5,3.5,,,,100.0,0.0,0.0,0.0,0.0,0.0
6943,-100,-45.0,40,1.5,2.5,,,,100.0,0.0,0.0,0.0,0.0,0.0
6944,-100,-45.0,40,1.5,3.0,,,,100.0,0.0,0.0,0.0,0.0,0.0
6946,-100,-45.0,40,1.5,4.0,,,,100.0,0.0,0.0,0.0,0.0,0.0
6947,-100,-45.0,40,1.5,4.5,,,,100.0,0.0,0.0,0.0,0.0,0.0
6948,-100,-45.0,40,1.5,5.0,,,,100.0,0.0,0.0,0.0,0.0,0.0
6949,-100,-45.0,40,1.5,5.5,,,,100.0,0.0,0.0,0.0,0.0,0.0
6950,-100,-45.0,40,1.5,6.0,,,,100.0,0.0,0.0,0.0,0.0,0.0
6951,-100,-45.0,40,1.5,6.5,-67.0,0.0,-67,100.0,0.0,4.789794,0.0,0.0035,0.0
6952,-100,-45.0,40,1.5,7.0,-73.67,2.8674,-77,100.0,0.01,3.977536,0.491121,0.0074,0.0
6953,-100,-45.0,40,1.5,7.5,-68.83,6.9562,-85,99.97,0.05,3.308734,0.394008,0.0579,0.0
6955,-100,-45.0,40,1.5,8.5,-71.23,7.84,-87,99.96,0.06,3.82117,1.080411,0.0819,0.0
6956,-100,-45.0,40,1.5,9.0,-73.19,8.5663,-89,99.96,0.06,6.529129,1.023443,0.0732,0.0
6954,-100,-45.0,40,1.5,8.0,-81.2,8.0598,-91,99.99,0.01,6.656588,1.060301,0.0093,0.0
6957,-100,-45.0,40,1.5,9.5,-74.57,9.849,-95,99.91,0.14,4.217146,3.707064,0.2012,0.0
6958,-100,-45.0,40,1.5,10.0,-71.15,10.6371,-100,99.81,0.29,4.98672,0.916674,0.3665,0.0
6960,-100,-45.0,40,1.5,11.0,-73.47,10.9874,-100,99.77,0.36,5.96297,2.209734,0.3449,0.0
6959,-100,-45.0,40,1.5,10.5,-74.61,11.254,-100,99.87,0.19,5.016201,1.318576,0.1991,0.0
6961,-100,-45.0,40,1.5,11.5,-71.28,11.8005,-100,99.45,0.85,4.208766,1.530865,0.8641,0.0001
6962,-100,-45.0,40,1.5,12.0,-73.89,12.0043,-100,99.4,0.92,4.000461,0.962377,0.7846,0.0001
6963,-100,-45.0,40,1.5,12.5,-72.62,12.5769,-100,99.23,1.19,3.289981,0.900999,1.1298,0.0004
6964,-100,-45.0,40,1.5,13.0,-75.24,12.9224,-100,99.21,1.21,4.620789,1.736271,0.8697,0.0002
6965,-100,-45.0,40,1.5,13.5,-74.89,13.5592,-100,99.03,1.5,4.14218,1.249133,1.1883,0.0008
6966,-100,-45.0,40,1.5,14.0,-74.68,13.7087,-100,98.72,1.97,5.187172,1.741186,1.1703,0.0027
6967,-100,-45.0,40,1.75,1.0,,,,100.0,0.0,0.0,0.0,0.0,0.0
6969,-100,-45.0,40,1.75,2.0,,,,100.0,0.0,0.0,0.0,0.0,0.0
6968,-100,-45.0,40,1.75,1.5,,,,100.0,0.0,0.0,0.0,0.0,0.0
6970,-100,-45.0,40,1.75,2.5,,,,100.0,0.0,0.0,0.0,0.0,0.0
6971,-100,-45.0,40,1.75,3.0,,,,100.0,0.0,0.0,0.0,0.0,0.0
6973,-100,-45.0,40,1.75,4.0,,,,100.0,0.0,0.0,0.0,0.0,0.0
6972,-100,-45.0,40,1.75,3.5,,,,100.0,0.0,0.0,0.0,0.0,0.0
6974,-100,-45.0,40,1.75,4.5,,,,100.0,0.0,0.0,0.0,0.0,0.0
6975,-100,-45.0,40,1.75,5.0,,,,100.0,0.0,0.0,0.0,0.0,0.0
6976,-100,-45.0,40,1.75,5.5,,,,100.0,0.0,0.0,0.0,0.0,0.0
6977,-100,-45.0,40,1.75,6.0,-68.0,5.2154,-75,99.99,0.01,4.414345,0.567084,0.014,0.0
6978,-100,-45.0,40,1.75,6.5,-71.2,2.7857,-74,99.99,0.01,6.730962,1.335356,0.014,0.0
6979,-100,-45.0,40,1.75,7.0,-63.91,6.7951,-78,99.95,0.08,5.203533,0.971378,0.1356,0.0
6980,-100,-45.0,40,1.75,7.5,-68.18,7.7924,-85,99.94,0.09,4.166858,0.798841,0.1358,0.0
6981,-100,-45.0,40,1.75,8.0,-67.38,8.8117,-88,99.89,0.16,4.175369,1.150961,0.2061,0.0
6982,-100,-45.0,40,1.75,8.5,-67.73,8.2628,-86,99.9,0.15,5.60711,1.586511,0.1731,0.0
6983,-100,-45.0,40,1.75,9.0,-64.43,10.0309,-91,99.65,0.53,5.486675,1.051273,0.6082,0.0
6984,-100,-45.0,40,1.75,9.5,-68.48,10.0697,-96,99.71,0.45,5.21054,2.113738,0.474,0.0
6985,-100,-45.0,40,1.75,10.0,-66.55,10.6432,-100,99.56,0.68,6.893271,2.356585,0.7326,0.0
6986,-100,-45.0,40,1.75,10.5,-69.12,10.9882,-100,99.42,0.89,4.947597,1.998034,0.937,0.0
6987,-100,-45.0,40,1.75,11.0,-70.47,11.5502,-100,99.49,0.79,5.185439,1.681976,0.696,0.0003
6988,-100,-45.0,40,1.75,11.5,-67.04,11.6202,-100,98.75,1.93,4.210837,1.710089,2.2069,0.0002
6989,-100,-45.0,40,1.75,12.0,-69.68,12.3877,-100,98.77,1.9,3.840739,1.234396,1.909,0.0002
6990,-100,-45.0,40,1.75,12.5,-70.49,13.3041,-100,98.87,1.74,4.820631,1.024541,1.4421,0.0007
6992,-100,-45.0,40,1.75,13.5,-69.89,13.8884,-100,98.41,2.46,5.5701,3.301503,2.13,0.0014
6991,-100,-45.0,40,1.75,13.0,-69.29,13.5929,-100,98.52,2.29,4.941928,3.435673,2.213,0.0017
6993,-100,-45.0,40,1.75,14.0,-70.59,14.4589,-100,97.38,4.05,4.363679,0.732987,2.7389,0.003
6994,-100,-45.0,40,2.0,1.0,,,,100.0,0.0,0.0,0.0,0.0,0.0
6995,-100,-45.0,40,2.0,1.5,,,,100.0,0.0,0.0,0.0,0.0,0.0
6997,-100,-45.0,40,2.0,2.5,,,,100.0,0.0,0.0,0.0,0.0,0.0
6996,-100,-45.0,40,2.0,2.0,,,,100.0,0.0,0.0,0.0,0.0,0.0
6998,-100,-45.0,40,2.0,3.0,,,,100.0,0.0,0.0,0.0,0.0,0.0
6999,-100,-45.0,40,2.0,3.5,,,,100.0,0.0,0.0,0.0,0.0,0.0
7000,-100,-45.0,40,2.0,4.0,,,,100.0,0.0,0.0,0.0,0.0,0.0
7001,-100,-45.0,40,2.0,4.5,-63.67,4.714,-67,100.0,0.01,4.356941,1.368311,0.0074,0.0
7002,-100,-45.0,40,2.0,5.0,-61.42,3.9678,-67,99.99,0.02,4.207456,1.723857,0.032,0.0
7003,-100,-45.0,40,2.0,5.5,-61.96,5.5709,-75,99.97,0.05,4.836109,0.584751,0.0668,0.0
7004,-100,-45.0,40,2.0,6.0,-61.02,6.7286,-74,99.94,0.1,8.614263,1.11208,0.1246,0.0
7005,-100,-45.0,40,2.0,6.5,-63.39,5.7233,-76,99.93,0.1,4.41125,4.612117,0.1743,0.0
7006,-100,-45.0,40,2.0,7.0,-61.99,6.7581,-81,99.83,0.26,3.545087,1.44131,0.4529,0.0
7007,-100,-45.0,40,2.0,7.5,-62.1,7.0724,-82,99.47,0.81,3.590632,0.532698,0.9937,0.0
7008,-100,-45.0,40,2.0,8.0,-64.43,8.0078,-84,99.69,0.47,3.889703,1.210823,0.5568,0.0
7009,-100,-45.0,40,2.0,8.5,-62.83,8.8729,-96,99.38,0.95,4.984566,0.862318,1.1298,0.0
7010,-100,-45.0,40,2.0,9.0,-64.5,9.2605,-92,99.49,0.79,6.501179,2.169818,0.7528,0.0
7011,-100,-45.0,40,2.0,9.5,-62.93,10.0645,-100,98.79,1.87,4.012151,1.119848,2.3293,0.0
7012,-100,-45.0,40,2.0,10.0,-63.68,10.1808,-96,98.64,2.09,3.957904,1.038501,2.2668,0.0
7013,-100,-45.0,40,2.0,10.5,-63.74,11.302,-100,98.38,2.49,4.681765,2.152802,2.847,0.0002
7014,-100,-45.0,40,2.0,11.0,-64.89,11.6469,-100,98.41,2.46,4.723327,1.094853,2.7019,0.0002
7015,-100,-45.0,40,2.0,11.5,-64.75,12.3548,-100,97.73,3.5,4.451235,0.851669,3.3731,0.0003
7017,-100,-45.0,40,2.0,12.5,-65.69,13.2077,-100,97.44,3.95,4.372612,1.566514,3.7967,0.001
7016,-100,-45.0,40,2.0,12.0,-64.12,12.987,-100,97.7,3.55,4.435013,0.87823,3.3594,0.0001
7018,-100,-45.0,40,2.0,13.0,-67.44,13.3926,-100,97.34,4.11,5.097505,2.819551,3.1605,0.001
7020,-100,-45.0,40,2.0,14.0,-67.21,14.6507,-100,96.5,5.4,5.481307,2.121199,3.4446,0.0049
7019,-100,-45.0,40,2.0,13.5,-64.97,14.4454,-100,96.07,6.06,3.936836,1.342194,5.3915,0.0014
7021,-100,-45.0,40,2.25,1.0,,,,100.0,0.0,0.0,0.0,0.0,0.0
7022,-100,-45.0,40,2.25,1.5,,,,100.0,0.0,0.0,0.0,0.0,0.0
7024,-100,-45.0,40,2.25,2.5,,,,100.0,0.0,0.0,0.0,0.0,0.0
7023,-100,-45.0,40,2.25,2.0,,,,100.0,0.0,0.0,0.0,0.0,0.0
7025,-100,-45.0,40,2.25,3.0,-60.0,0.0,-60,100.0,0.0,14.146092,0.0,0.0035,0.0
7026,-100,-45.0,40,2.25,3.5,-56.56,3.8563,-65,99.98,0.03,5.120223,0.808702,0.0487,0.0
7028,-100,-45.0,40,2.25,4.5,-57.03,4.1431,-66,99.96,0.06,5.849269,1.790795,0.0788,0.0
7027,-100,-45.0,40,2.25,4.0,-57.76,5.2273,-68,99.97,0.04,4.199076,1.587389,0.0662,0.0
7029,-100,-45.0,40,2.25,5.0,-56.21,5.1828,-69,99.7,0.46,6.197834,1.347871,0.6087,0.0
7030,-100,-45.0,40,2.25,5.5,-57.66,4.8901,-72,99.76,0.37,3.190742,0.468261,0.525,0.0
7031,-100,-45.0,40,2.25,6.0,-59.32,5.5155,-76,99.71,0.45,5.796201,2.296593,0.5412,0.0
7032,-100,-45.0,40,2.25,6.5,-56.49,6.7475,-77,99.14,1.32,5.569526,1.306154,1.7043,0.0
7033,-100,-45.0,40,2.25,7.0,-55.06,7.2873,-78,98.18,2.81,3.564501,1.196017,4.1989,0.0
7034,-100,-45.0,40,2.25,7.5,-57.6,7.363,-85,98.83,1.81,5.458124,0.883086,2.1439,0.0
7035,-100,-45.0,40,2.25,8.0,-58.89,7.8352,-88,98.32,2.59,3.740745,0.75992,3.0142,0.0
7036,-100,-45.0,40,2.25,8.5,-59.31,8.6272,-91,98.24,2.71,4.286253,1.559141,3.1526,0.0
7037,-100,-45.0,40,2.25,9.0,-59.29,9.623,-95,98.62,2.13,6.998128,2.502016,2.2334,0.0
7038,-100,-45.0,40,2.25,9.5,-59.34,10.3777,-94,98.15,2.86,6.245186,1.491561,3.0269,0.0
7039,-100,-45.0,40,2.25,10.0,-58.63,10.8479,-98,97.4,4.01,5.611914,1.617283,4.0928,0.0001
7040,-100,-45.0,40,2.25,10.5,-60.57,11.4019,-100,97.38,4.04,4.975134,2.341418,4.1283,0.0006
7041,-100,-45.0,40,2.25,11.0,-60.24,11.9171,-100,96.45,5.48,3.845983,1.084253,5.6813,0.0008
7043,-100,-45.0,40,2.25,12.0,-63.68,13.1404,-100,96.86,4.85,5.426067,2.349177,3.9781,0.0008
7042,-100,-45.0,40,2.25,11.5,-61.64,12.3743,-100,96.62,5.22,4.771524,1.764138,4.7954,0.0008
7044,-100,-45.0,40,2.25,12.5,-63.49,13.4178,-100,96.94,4.72,6.569721,1.97515,3.2722,0.001
7045,-100,-45.0,40,2.25,13.0,-62.9,14.2742,-100,95.79,6.5,5.109294,1.040806,4.6304,0.0023
7046,-100,-45.0,40,2.25,13.5,-61.79,14.9758,-100,94.37,8.69,3.83012,1.24895,7.3836,0.0032
7048,-100,-45.0,40,2.5,1.0,-52.24,0.8765,-53,99.98,0.03,5.342698,0.618245,0.0416,0.0
7047,-100,-45.0,40,2.25,14.0,-61.68,15.1383,-100,93.5,10.03,4.154795,1.505821,7.7244,0.0058
7049,-100,-45.0,40,2.5,1.5,-53.25,3.562,-57,100.0,0.01,5.070185,0.224673,0.0107,0.0
7050,-100,-45.0,40,2.5,2.0,-54.0,2.2962,-57,99.99,0.02,6.059498,2.79768,0.0287,0.0
7052,-100,-45.0,40,2.5,3.0,-54.06,2.9275,-62,99.94,0.09,6.311735,1.06636,0.1428,0.0
7051,-100,-45.0,40,2.5,2.5,-53.33,2.6174,-61,99.91,0.14,3.512927,0.451539,0.1878,0.0
7053,-100,-45.0,40,2.5,3.5,-53.37,3.613,-64,99.67,0.51,4.272779,1.554144,0.6989,0.0
7054,-100,-45.0,40,2.5,4.0,-53.3,4.3846,-65,99.52,0.75,5.584672,1.572294,1.0541,0.0
7055,-100,-45.0,40,2.5,4.5,-53.81,4.6898,-66,99.23,1.19,4.122025,1.257745,1.7992,0.0
7056,-100,-45.0,40,2.5,5.0,-54.58,5.0969,-73,99.39,0.94,8.658395,3.27819,1.1844,0.0
7057,-100,-45.0,40,2.5,5.5,-52.99,5.7285,-72,98.26,2.69,4.365599,2.161317,3.9231,0.0
7058,-100,-45.0,40,2.5,6.0,-54.29,6.0747,-77,97.89,3.26,3.45311,0.704955,3.9406,0.0
7061,-100,-45.0,40,2.5,7.5,-55.44,7.9136,-82,98.22,2.74,6.848731,3.592446,3.2602,0.0
7060,-100,-45.0,40,2.5,7.0,-53.74,7.3266,-78,97.4,4.0,5.22102,0.997334,4.6853,0.0
7059,-100,-45.0,40,2.5,6.5,-54.61,6.8217,-76,97.79,3.41,4.650817,2.017309,4.2407,0.0
7062,-100,-45.0,40,2.5,8.0,-55.23,8.3786,-90,97.09,4.48,4.359037,1.542099,5.3737,0.0
7063,-100,-45.0,40,2.5,8.5,-57.09,9.3427,-94,97.7,3.55,6.352171,4.101365,3.7016,0.0
7064,-100,-45.0,40,2.5,9.0,-54.6,10.0343,-92,96.25,5.79,4.809984,1.079402,5.8807,0.0
7065,-100,-45.0,40,2.5,9.5,-56.65,10.5743,-99,96.68,5.13,5.49899,1.350433,4.6685,0.0
7066,-100,-45.0,40,2.5,10.0,-55.66,11.3922,-100,96.48,5.43,6.081388,1.392961,4.893,0.0002
7068,-100,-45.0,40,2.5,11.0,-58.72,12.5153,-100,96.04,6.11,5.809627,1.816069,4.7883,0.0009
7067,-100,-45.0,40,2.5,10.5,-55.42,10.9706,-100,93.38,10.21,3.072779,1.017992,9.8556,0.0003
7069,-100,-45.0,40,2.5,11.5,-59.53,13.0187,-100,95.45,7.02,5.297979,1.466929,4.8317,0.0044
7070,-100,-45.0,40,2.5,12.0,-57.11,13.1413,-100,94.72,8.15,4.823663,2.75323,7.6077,0.0036
7071,-100,-45.0,40,2.5,12.5,-57.14,14.0954,-100,93.65,9.8,4.543876,2.723162,8.9242,0.0057
7075,-100,-45.0,40,2.75,1.0,-48.7,1.2801,-53,99.7,0.46,6.500075,2.277235,0.7772,0.0
7072,-100,-45.0,40,2.5,13.0,-56.74,14.7328,-100,91.49,13.14,3.422282,1.867434,11.3267,0.0077
7073,-100,-45.0,40,2.5,13.5,-58.9,15.2172,-100,92.1,12.2,3.90028,1.442197,8.4839,0.0028
7076,-100,-45.0,40,2.75,1.5,-47.03,2.0995,-55,98.68,2.04,4.754251,1.151344,3.3608,0.0
7074,-100,-45.0,40,2.5,14.0,-59.16,15.578,-100,91.28,13.45,3.964259,1.656957,9.3275,0.0125
7077,-100,-45.0,40,2.75,2.0,-48.46,2.0209,-56,98.43,2.43,5.310801,1.291978,2.9516,0.0
7078,-100,-45.0,40,2.75,2.5,-48.8,2.5412,-57,98.37,2.51,6.045943,1.038841,3.0865,0.0
7079,-100,-45.0,40,2.75,3.0,-49.2,3.0318,-59,98.23,2.74,5.925677,2.580371,3.336,0.0
7080,-100,-45.0,40,2.75,3.5,-47.83,3.6526,-60,96.12,5.98,4.281651,1.836821,7.6638,0.0
7081,-100,-45.0,40,2.75,4.0,-48.98,4.0982,-62,97.47,3.9,5.96598,1.748949,4.799,0.0
7082,-100,-45.0,40,2.75,4.5,-48.23,4.7327,-65,95.74,6.57,3.306632,1.407507,9.2992,0.0
7083,-100,-45.0,40,2.75,5.0,-47.86,5.5775,-69,96.02,6.14,3.747328,2.202998,9.1121,0.0
7084,-100,-45.0,40,2.75,5.5,-50.26,6.0651,-72,97.7,3.55,6.401767,2.52141,4.2293,0.0
7085,-100,-45.0,40,2.75,6.0,-50.09,6.2561,-78,96.1,6.02,4.408675,1.52843,7.4434,0.0
7086,-100,-45.0,40,2.75,6.5,-49.68,6.8821,-77,96.83,4.9,5.767709,1.401922,5.7522,0.0
7087,-100,-45.0,40,2.75,7.0,-49.44,7.7085,-83,96.64,5.18,6.111199,1.517093,5.8821,0.0
7088,-100,-45.0,40,2.75,7.5,-50.47,8.0473,-87,94.8,8.03,3.968627,1.542299,8.9434,0.0
7089,-100,-45.0,40,2.75,8.0,-51.92,9.0214,-85,96.36,5.61,5.780741,2.082519,6.1267,0.0
7090,-100,-45.0,40,2.75,8.5,-52.22,9.8639,-100,94.39,8.65,4.306902,1.43316,7.921,0.0
7091,-100,-45.0,40,2.75,9.0,-51.22,10.432,-94,94.24,8.89,4.063135,3.101626,10.54,0.0001
7092,-100,-45.0,40,2.75,9.5,-51.71,11.5765,-94,94.37,8.68,4.470091,2.548877,8.8435,0.0004
7093,-100,-45.0,40,2.75,10.0,-53.69,11.4986,-100,93.83,9.53,4.097347,2.587316,9.9033,0.0001
7095,-100,-45.0,40,2.75,11.0,-53.59,13.6208,-100,93.61,9.86,4.716489,1.541413,7.49,0.0013
7094,-100,-45.0,40,2.75,10.5,-51.35,11.8567,-100,91.36,13.33,2.85826,2.122523,12.7116,0.0008
7098,-100,-45.0,40,2.75,12.5,-54.96,14.7037,-100,91.85,12.58,4.335724,1.624475,9.0035,0.005
7096,-100,-45.0,40,2.75,11.5,-52.15,13.3852,-100,89.94,15.53,2.957063,1.664975,14.0785,0.0026
7097,-100,-45.0,40,2.75,12.0,-53.82,14.0252,-100,90.61,14.5,3.228213,1.909686,12.3654,0.003
7099,-100,-45.0,40,2.75,13.0,-55.15,14.8292,-100,90.41,14.79,3.973184,1.381444,9.7689,0.0064
7100,-100,-45.0,40,2.75,13.5,-58.11,15.1809,-100,91.54,13.06,4.809071,2.208422,7.3947,0.0084
7101,-100,-45.0,40,2.75,14.0,-55.49,15.9877,-100,89.01,16.95,3.551498,1.858596,10.9855,0.007
7102,-100,-45.0,40,3.0,1.0,-44.08,1.6622,-50,93.63,9.82,2.488733,1.556411,13.6955,0.0
7103,-100,-45.0,40,3.0,1.5,-44.7,1.7651,-51,93.46,10.09,2.824627,2.609472,14.7732,0.0
7104,-100,-45.0,40,3.0,2.0,-43.15,3.0619,-54,88.71,17.41,1.378723,1.029346,22.9338,0.0
7105,-100,-45.0,40,3.0,2.5,-44.58,2.7422,-56,93.78,9.6,2.696533,2.485335,14.4708,0.0
7106,-100,-45.0,40,3.0,3.0,-46.05,3.2911,-59,95.76,6.54,4.13794,1.718359,8.0079,0.0
7107,-100,-45.0,40,3.0,3.5,-42.5,3.6951,-63,91.39,13.29,2.183693,1.206199,16.2967,0.0
7108,-100,-45.0,40,3.0,4.0,-44.57,4.2028,-70,93.26,10.4,2.870755,1.548067,13.3368,0.0
7111,-100,-45.0,40,3.0,5.5,-44.88,5.7879,-73,92.29,11.89,2.596394,1.102072,14.331,0.0
7109,-100,-45.0,40,3.0,4.5,-43.15,4.7073,-68,89.03,16.92,1.515871,2.180032,26.3849,0.0
7110,-100,-45.0,40,3.0,5.0,-44.42,5.1421,-70,88.82,17.24,1.595626,0.903378,21.7089,0.0
7112,-100,-45.0,40,3.0,6.0,-45.1,7.063,-76,93.85,9.49,3.458232,1.890287,11.6241,0.0
7113,-100,-45.0,40,3.0,6.5,-45.36,6.9446,-80,90.24,15.06,2.149455,1.573216,18.5247,0.0
7114,-100,-45.0,40,3.0,7.0,-45.31,8.3796,-81,90.12,15.24,2.289551,1.11701,16.5058,0.0
7115,-100,-45.0,40,3.0,7.5,-45.04,8.5946,-83,88.72,17.4,1.914759,1.355172,20.8842,0.0
7116,-100,-45.0,40,3.0,8.0,-46.66,9.3389,-86,90.43,14.78,2.624112,1.966323,16.2351,0.0001
7117,-100,-45.0,40,3.0,8.5,-46.86,10.1057,-91,91.05,13.82,2.835831,1.646909,15.0353,0.0002
7118,-100,-45.0,40,3.0,9.0,-46.39,10.8767,-97,89.98,15.47,2.657266,1.306493,15.1009,0.0007
7119,-100,-45.0,40,3.0,9.5,-47.27,10.9048,-93,87.7,18.97,2.419651,2.041839,19.5617,0.0003
7120,-100,-45.0,40,3.0,10.0,-50.17,12.1247,-98,91.57,13.0,3.830309,1.523308,10.5759,0.0013
7121,-100,-45.0,40,3.0,10.5,-49.26,13.2656,-100,90.84,14.13,3.790675,2.268219,12.0145,0.0038
7122,-100,-45.0,40,3.0,11.0,-50.24,13.7884,-100,89.27,16.56,3.28178,1.454392,12.1575,0.0016
7123,-100,-45.0,40,3.0,11.5,-50.69,14.0142,-100,88.62,17.55,3.523515,1.666309,12.5972,0.002
7124,-100,-45.0,40,3.0,12.0,-48.52,15.0478,-100,87.59,19.15,3.261875,2.055704,14.4418,0.0087
7125,-100,-45.0,40,3.0,12.5,-48.44,15.5973,-100,85.38,22.56,2.77414,1.962791,17.9618,0.0076
7126,-100,-45.0,40,3.0,13.0,-50.2,15.7493,-100,86.16,21.37,3.105464,2.197265,16.318,0.015
7127,-100,-45.0,40,3.0,13.5,-51.59,15.9064,-100,86.15,21.37,3.182173,1.77568,14.639,0.0096
7128,-100,-45.0,40,3.0,14.0,-54.01,16.6529,-100,87.96,18.59,3.776489,1.456749,10.6209,0.0192
7129,-100,-45.0,40,3.25,1.0,-39.72,1.3969,-56,81.45,28.62,0.599482,0.523547,35.5309,0.0
7130,-100,-45.0,40,3.25,1.5,-39.97,1.9241,-47,82.09,27.66,0.753148,0.465244,33.54,0.0
7131,-100,-45.0,40,3.25,2.0,-40.85,2.3537,-58,78.39,33.35,0.436647,0.322569,40.3885,0.0
7132,-100,-45.0,40,3.25,2.5,-40.04,2.7391,-56,78.9,32.56,0.44643,0.303955,39.5049,0.0
7133,-100,-45.0,40,3.25,3.0,-40.83,3.2503,-62,83.52,25.44,0.820788,0.754375,32.7759,0.0
7134,-100,-45.0,40,3.25,3.5,-40.8,3.7656,-67,81.23,28.96,0.684246,0.749039,35.5319,0.0
7136,-100,-45.0,40,3.25,4.5,-39.6,4.9639,-70,84.36,24.13,1.056975,0.856369,28.9639,0.0
7135,-100,-45.0,40,3.25,4.0,-41.14,4.2779,-68,80.47,30.15,0.637733,0.614905,36.569,0.0
7137,-100,-45.0,40,3.25,5.0,-40.58,5.94,-76,83.03,26.19,1.075006,1.114962,31.6387,0.0
7138,-100,-45.0,40,3.25,5.5,-40.77,6.5709,-72,82.5,27.0,1.039121,0.857617,30.7569,0.0
7140,-100,-45.0,40,3.25,6.5,-42.69,7.9754,-85,90.8,14.2,2.913002,2.178282,14.9742,0.0
7139,-100,-45.0,40,3.25,6.0,-41.44,7.3611,-83,82.2,27.47,1.119484,1.101926,30.9665,0.0
7141,-100,-45.0,40,3.25,7.0,-40.18,8.3155,-83,80.02,30.83,1.068214,1.586405,34.4058,0.0
7143,-100,-45.0,40,3.25,8.0,-43.47,10.841,-88,87.24,19.69,2.382192,1.47431,18.0145,0.0004
7142,-100,-45.0,40,3.25,7.5,-42.87,9.3509,-97,82.27,27.35,1.49262,1.22307,27.1175,0.0
7144,-100,-45.0,40,3.25,8.5,-41.5,10.5549,-100,81.47,28.58,1.56875,2.397391,30.6109,0.0008
7145,-100,-45.0,40,3.25,9.0,-44.45,11.2752,-91,85.56,22.28,2.596896,1.816954,18.6388,0.0
7146,-100,-45.0,40,3.25,9.5,-43.09,11.5926,-95,80.37,30.29,1.688126,2.031346,30.1613,0.0009
7148,-100,-45.0,40,3.25,10.5,-45.76,13.749,-97,86.36,21.05,2.812923,1.701357,15.8018,0.0023
7147,-100,-45.0,40,3.25,10.0,-43.85,12.2987,-99,81.78,28.12,1.928579,1.930028,26.1247,0.0018
7149,-100,-45.0,40,3.25,11.0,-46.52,13.7191,-100,83.98,24.72,2.607535,2.002294,19.46,0.0079
7150,-100,-45.0,40,3.25,11.5,-48.12,15.3488,-100,87.53,19.25,3.780078,1.56139,11.1621,0.0076
7152,-100,-45.0,40,3.25,12.5,-46.47,15.9632,-100,83.32,25.74,2.817118,2.350218,18.109,0.0106
7151,-100,-45.0,40,3.25,12.0,-44.44,15.3739,-100,81.79,28.1,2.382803,2.367671,22.7639,0.0051
7153,-100,-45.0,40,3.25,13.0,-47.22,16.2243,-100,82.1,27.61,2.59744,1.989084,20.4669,0.0156
7155,-100,-45.0,40,3.25,14.0,-49.41,17.687,-100,84.32,24.21,3.423748,1.718203,12.2366,0.0254
7154,-100,-45.0,40,3.25,13.5,-45.57,16.3338,-100,78.74,32.8,2.25689,2.093444,24.4367,0.0247
7157,-100,-45.0,40,3.5,1.5,-35.9,2.2791,-56,78.85,32.63,0.483226,0.377544,39.228,0.0
7156,-100,-45.0,40,3.5,1.0,-36.13,1.3227,-54,78.3,33.49,0.382441,0.289888,40.5584,0.0
7158,-100,-45.0,40,3.5,2.0,-35.53,2.8277,-57,83.76,25.06,0.966276,1.025501,31.3571,0.0
7159,-100,-45.0,40,3.5,2.5,-36.44,3.2528,-57,81.68,28.26,0.668463,0.822561,34.9521,0.0
7160,-100,-45.0,40,3.5,3.0,-35.47,3.6099,-62,79.11,32.24,0.587902,0.828153,38.6018,0.0
7161,-100,-45.0,40,3.5,3.5,-36.13,5.3657,-60,79.25,32.02,0.920146,1.237237,35.695,0.0
7162,-100,-45.0,40,3.5,4.0,-36.88,5.0766,-66,77.59,34.58,0.743628,1.564062,39.6224,0.0
7164,-100,-45.0,40,3.5,5.0,-35.92,7.4053,-70,76.9,35.63,0.885109,1.670478,39.1051,0.0
7163,-100,-45.0,40,3.5,4.5,-38.43,6.3116,-68,77.94,34.03,0.808983,1.060911,37.0154,0.0
7165,-100,-45.0,40,3.5,5.5,-36.38,7.6996,-76,78.82,32.68,1.070616,1.459917,35.3567,0.0
7166,-100,-45.0,40,3.5,6.0,-38.59,7.9108,-77,79.06,32.31,1.204038,1.698344,34.2313,0.0
7167,-100,-45.0,40,3.5,6.5,-39.92,8.4815,-79,77.38,34.91,1.199078,1.491845,34.7561,0.0001
7168,-100,-45.0,40,3.5,7.0,-41.38,9.9262,-89,81.22,28.96,1.59311,1.194063,25.7915,0.0
7169,-100,-45.0,40,3.5,7.5,-39.49,10.0171,-89,78.59,33.04,1.544818,1.568147,30.7967,0.0009
7170,-100,-45.0,40,3.5,8.0,-38.3,10.9042,-89,80.57,29.99,1.850118,2.510581,30.6388,0.0003
7171,-100,-45.0,40,3.5,8.5,-39.8,11.2452,-87,77.19,35.21,1.581505,1.935241,32.4414,0.0007
7172,-100,-45.0,40,3.5,9.0,-39.34,12.1984,-97,79.13,32.19,1.865879,2.206235,28.8436,0.0014
7173,-100,-45.0,40,3.5,9.5,-40.84,12.2721,-91,75.34,38.06,1.571832,1.992528,34.3847,0.0051
7174,-100,-45.0,40,3.5,10.0,-40.25,13.374,-98,77.43,34.83,1.84791,1.956908,29.8249,0.0011
7175,-100,-45.0,40,3.5,10.5,-41.56,13.9283,-96,78.92,32.52,2.136086,1.906509,25.2478,0.0113
7176,-100,-45.0,40,3.5,11.0,-42.41,14.7745,-100,80.97,29.38,2.529218,2.304205,22.4047,0.0047
7177,-100,-45.0,40,3.5,11.5,-42.46,15.0106,-100,79.88,31.04,2.540211,2.705417,24.6938,0.0087
7178,-100,-45.0,40,3.5,12.0,-40.16,15.3543,-100,76.45,36.32,2.136468,2.353501,27.4633,0.0079
7180,-100,-45.0,40,3.5,13.0,-45.03,17.3498,-100,80.48,30.12,2.815598,1.857259,17.9777,0.0381
7179,-100,-45.0,40,3.5,12.5,-42.66,15.3169,-100,76.01,37.03,2.145453,2.443951,30.0637,0.0111
7181,-100,-45.0,40,3.5,13.5,-45.96,17.3668,-100,80.74,29.73,2.968266,1.968981,17.6959,0.0182
7183,-100,-45.0,40,3.75,1.0,-31.67,2.8577,-53,81.74,28.18,0.820358,0.698936,33.6894,0.0
7182,-100,-45.0,40,3.5,14.0,-45.05,17.6589,-100,77.65,34.48,2.523448,2.016684,23.4694,0.0289
7184,-100,-45.0,40,3.75,1.5,-30.8,4.1189,-53,77.88,34.13,0.588162,0.778501,39.3746,0.0
7185,-100,-45.0,40,3.75,2.0,-32.89,6.0056,-55,76.4,36.4,0.878208,1.044266,37.7821,0.0
7186,-100,-45.0,40,3.75,2.5,-33.92,6.0385,-57,77.83,34.18,0.979298,1.245803,35.735,0.0
7187,-100,-45.0,40,3.75,3.0,-34.36,6.6976,-63,77.09,35.36,1.131829,1.328988,34.8487,0.0
7188,-100,-45.0,40,3.75,3.5,-33.84,6.0442,-63,76.37,36.46,0.870838,1.693304,39.5839,0.0
7189,-100,-45.0,40,3.75,4.0,-34.19,7.7511,-66,76.94,35.6,1.198095,1.462493,34.9734,0.0
7190,-100,-45.0,40,3.75,4.5,-33.64,7.1084,-66,75.9,37.19,1.127194,2.338513,38.8813,0.0
7191,-100,-45.0,40,3.75,5.0,-33.75,8.0183,-70,77.3,35.01,1.29287,1.87201,35.7217,0.0
7192,-100,-45.0,40,3.75,5.5,-32.54,9.612,-72,75.54,37.74,0.983694,1.257826,37.7108,0.0
7193,-100,-45.0,40,3.75,6.0,-35.82,9.8001,-79,74.64,39.13,1.39413,1.376322,33.5067,0.0
7195,-100,-45.0,40,3.75,7.0,-36.19,11.1216,-84,76.6,36.12,1.581034,1.678401,32.1932,0.0003
7196,-100,-45.0,40,3.75,7.5,-37.18,11.7168,-86,77.84,34.18,1.823145,1.898802,29.0372,0.0002
7194,-100,-45.0,40,3.75,6.5,-34.65,10.2804,-74,70.82,45.03,1.190619,1.676891,38.8211,0.0001
7198,-100,-45.0,40,3.75,8.5,-35.49,13.2475,-88,73.86,40.33,1.620848,1.899613,33.5778,0.0018
7197,-100,-45.0,40,3.75,8.0,-35.28,12.6642,-87,71.04,44.69,1.2459,1.678864,37.9926,0.0012
7199,-100,-45.0,40,3.75,9.0,-36.36,12.4749,-92,69.45,47.15,1.369966,2.131283,37.7881,0.0032
7200,-100,-45.0,40,3.75,9.5,-38.31,13.928,-91,76.08,36.91,1.92122,1.901363,28.7751,0.0043
7201,-100,-45.0,40,3.75,10.0,-36.98,13.7082,-100,74.3,39.66,1.741029,2.223478,34.4342,0.0049
7202,-100,-45.0,40,3.75,10.5,-36.26,14.6486,-94,70.12,46.1,1.551088,1.73646,35.6355,0.0093
7205,-100,-45.0,40,3.75,12.0,-41.03,16.9909,-100,77.3,35.01,2.490956,2.166716,22.823,0.0134
7203,-100,-45.0,40,3.75,11.0,-37.12,15.0831,-100,71.3,44.28,1.660664,2.413182,36.8231,0.0087
7204,-100,-45.0,40,3.75,11.5,-38.49,15.937,-100,69.37,47.26,1.633164,1.714022,33.5877,0.0158
7207,-100,-45.0,40,3.75,13.0,-40.09,17.5279,-100,74.81,38.86,2.444121,2.24521,24.1541,0.0512
7206,-100,-45.0,40,3.75,12.5,-38.21,17.3414,-100,72.02,43.15,2.065836,2.110654,30.2597,0.0274
7208,-100,-45.0,40,3.75,13.5,-37.77,18.3127,-100,69.94,46.39,2.020538,2.288127,32.3987,0.064
7210,-100,-45.0,40,4.0,1.0,-31.4,9.0859,-51,72.9,41.81,0.992456,0.89408,35.7879,0.0
7209,-100,-45.0,40,3.75,14.0,-39.12,18.0502,-100,70.25,45.91,1.954753,2.301933,31.9794,0.0406
7211,-100,-45.0,40,4.0,1.5,-29.79,7.5226,-56,78.4,33.34,1.583395,1.962353,31.6475,0.0
7212,-100,-45.0,40,4.0,2.0,-28.28,7.2507,-56,75.59,37.68,1.098025,1.79685,38.1199,0.0
7213,-100,-45.0,40,4.0,2.5,-31.61,7.6576,-61,71.97,43.26,1.006563,1.358751,39.421,0.0
7214,-100,-45.0,40,4.0,3.0,-32.21,9.2776,-60,75.79,37.36,1.328733,1.15286,31.674,0.0
7215,-100,-45.0,40,4.0,3.5,-30.93,8.2505,-68,73.18,41.41,1.089127,1.974058,38.952,0.0
7216,-100,-45.0,40,4.0,4.0,-30.36,10.0029,-66,72.19,42.9,1.153868,1.462821,37.7123,0.0
7217,-100,-45.0,40,4.0,4.5,-31.4,9.2102,-70,72.74,42.06,1.144838,1.60032,38.8687,0.0
7218,-100,-45.0,40,4.0,5.0,-34.13,9.9449,-70,72.43,42.57,1.298306,1.09751,32.7992,0.0001
7219,-100,-45.0,40,4.0,5.5,-33.51,11.5015,-74,72.3,42.76,1.462846,1.178008,30.277,0.0001
7220,-100,-45.0,40,4.0,6.0,-33.39,11.7565,-76,74.59,39.22,1.623744,1.876546,32.0208,0.0004
7221,-100,-45.0,40,4.0,6.5,-32.75,11.9417,-75,71.36,44.18,1.343043,1.633253,35.1433,0.0002
7222,-100,-45.0,40,4.0,7.0,-31.12,12.3403,-83,71.57,43.89,1.401496,2.090943,38.5061,0.0001
7223,-100,-45.0,40,4.0,7.5,-33.8,12.1228,-84,73.12,41.5,1.625819,1.976112,33.7794,0.0018
7224,-100,-45.0,40,4.0,8.0,-34.54,13.1048,-85,72.99,41.67,1.709088,1.619822,31.2644,0.0039
7225,-100,-45.0,40,4.0,8.5,-35.92,14.6509,-86,75.58,37.7,2.138649,1.59814,25.1225,0.0025
7226,-100,-45.0,40,4.0,9.0,-35.51,13.7497,-93,69.96,46.37,1.661209,1.800673,32.066,0.0021
7227,-100,-45.0,40,4.0,9.5,-35.64,14.4558,-94,68.16,49.13,1.592566,1.793788,32.5522,0.0095
7228,-100,-45.0,40,4.0,10.0,-38.48,14.6551,-91,76.55,36.18,2.49291,2.490408,23.4828,0.0185
7229,-100,-45.0,40,4.0,10.5,-35.11,15.4116,-97,65.53,53.19,1.507152,1.67943,34.9424,0.0098
7231,-100,-45.0,40,4.0,11.5,-36.14,17.2412,-100,71.86,43.4,2.199201,1.970438,26.7661,0.0269
7230,-100,-45.0,40,4.0,11.0,-35.43,16.2489,-98,67.62,49.95,1.72673,1.871972,33.2024,0.0169
7232,-100,-45.0,40,4.0,12.0,-33.48,17.6622,-100,66.33,51.94,1.660844,2.111679,36.5056,0.0201
7233,-100,-45.0,40,4.0,12.5,-35.37,17.3231,-100,66.4,51.85,1.768719,2.029477,34.7049,0.0223
7234,-100,-45.0,40,4.0,13.0,-36.55,18.3942,-100,70.64,45.29,2.180898,1.918613,27.0742,0.048
7237,-100,-45.0,40,4.25,1.0,-28.24,9.6,-54,69.31,47.36,0.901934,1.119194,39.4327,0.0
7235,-100,-45.0,40,4.0,13.5,-36.14,18.5356,-100,67.1,50.76,1.956488,1.979574,32.3281,0.0412
7236,-100,-45.0,40,4.0,14.0,-37.92,19.8352,-100,70.84,45.01,2.303884,1.781661,24.4994,0.0721
7238,-100,-45.0,40,4.25,1.5,-31.29,10.489,-55,64.74,54.4,0.773886,0.769793,41.5113,0.0
7239,-100,-45.0,40,4.25,2.0,-29.14,10.2256,-57,71.05,44.67,1.16476,1.10016,35.2362,0.0
7240,-100,-45.0,40,4.25,2.5,-31.17,11.2951,-58,64.51,54.77,0.924755,1.046296,39.3856,0.0
7241,-100,-45.0,40,4.25,3.0,-28.34,10.7614,-63,68.26,48.97,0.924353,1.000127,39.1524,0.0
7243,-100,-45.0,40,4.25,4.0,-31.93,11.045,-67,70.11,46.13,1.262236,1.229265,33.2168,0.0
7242,-100,-45.0,40,4.25,3.5,-30.16,11.4011,-62,61.9,58.8,0.917889,1.193741,41.88,0.0
7244,-100,-45.0,40,4.25,4.5,-31.29,11.4749,-66,66.25,52.09,1.138305,1.288013,36.2692,0.0
7245,-100,-45.0,40,4.25,5.0,-30.95,11.5676,-71,70.18,46.03,1.417798,1.449295,33.3573,0.0
7246,-100,-45.0,40,4.25,5.5,-31.88,12.1822,-76,66.59,51.57,1.254448,1.335933,35.9515,0.0
7247,-100,-45.0,40,4.25,6.0,-32.34,13.0805,-74,65.39,53.42,1.307207,1.386392,34.1982,0.0001
7248,-100,-45.0,40,4.25,6.5,-30.72,13.0737,-80,63.49,56.32,1.285128,1.360674,36.6991,0.0003
7249,-100,-45.0,40,4.25,7.0,-31.71,13.9899,-80,68.14,49.16,1.723704,2.078126,31.6001,0.0059
7250,-100,-45.0,40,4.25,7.5,-31.79,14.6519,-81,68.51,48.59,1.754307,1.385509,28.1355,0.002
7251,-100,-45.0,40,4.25,8.0,-32.17,14.5646,-81,66.98,50.96,1.531289,1.533527,33.2389,0.0027
7252,-100,-45.0,40,4.25,8.5,-32.7,15.1166,-94,67.29,50.48,1.69226,1.747606,32.3005,0.003
7253,-100,-45.0,40,4.25,9.0,-31.19,15.6384,-90,70.31,45.81,1.927029,1.959853,31.569,0.0055
7254,-100,-45.0,40,4.25,9.5,-34.91,16.342,-92,71.32,44.27,2.114397,1.611043,24.6174,0.0193
7255,-100,-45.0,40,4.25,10.0,-33.18,16.2223,-96,67.36,50.36,1.786456,1.598766,29.7111,0.0171
7256,-100,-45.0,40,4.25,10.5,-35.04,16.2302,-92,67.81,49.66,1.904104,1.842458,28.1717,0.0217
7257,-100,-45.0,40,4.25,11.0,-32.62,17.3679,-100,65.9,52.61,1.842493,1.993403,31.5737,0.0458
7258,-100,-45.0,40,4.25,11.5,-34.24,17.3716,-100,65.52,53.22,1.773899,1.972636,31.0009,0.0215
7259,-100,-45.0,40,4.25,12.0,-33.47,17.4847,-100,63.91,55.71,1.763895,1.880841,32.9614,0.0303
7260,-100,-45.0,40,4.25,12.5,-33.85,18.4338,-97,65.14,53.78,1.851757,1.903587,29.8951,0.0365
7261,-100,-45.0,40,4.25,13.0,-33.71,18.3972,-98,63.97,55.62,1.808198,1.759973,30.5356,0.0356
7262,-100,-45.0,40,4.25,13.5,-35.25,20.2155,-100,67.06,50.81,2.129011,1.789795,25.7245,0.0842
7263,-100,-45.0,40,4.25,14.0,-34.75,19.5061,-100,64.75,54.42,1.932289,1.94462,29.0805,0.0676
7264,-100,-45.0,40,4.5,1.0,-27.73,10.5043,-56,60.04,61.64,0.660738,0.647275,44.0438,0.0
7265,-100,-45.0,40,4.5,1.5,-27.52,11.3961,-54,60.75,60.56,0.686051,0.623344,43.117,0.0
7266,-100,-45.0,40,4.5,2.0,-30.17,11.3621,-58,57.51,65.58,0.689353,0.850439,45.041,0.0
7267,-100,-45.0,40,4.5,2.5,-28.32,12.2445,-56,58.77,63.59,0.985591,1.035579,38.862,0.0
7268,-100,-45.0,40,4.5,3.0,-31.31,11.5229,-63,61.59,59.25,0.958023,1.161624,40.0752,0.0
7269,-100,-45.0,40,4.5,3.5,-28.91,11.98,-62,60.07,61.65,0.932464,1.031287,40.5244,0.0
7270,-100,-45.0,40,4.5,4.0,-31.09,10.4918,-70,59.02,63.24,0.938144,1.648054,43.0462,0.0
7271,-100,-45.0,40,4.5,4.5,-29.19,13.2506,-67,66.32,51.94,1.488392,1.485754,32.2723,0.0
7272,-100,-45.0,40,4.5,5.0,-29.53,13.273,-68,59.61,62.32,1.173617,1.19794,36.4549,0.0
7273,-100,-45.0,40,4.5,5.5,-28.63,12.75,-75,56.4,67.29,0.86436,1.281527,43.7556,0.0007
7274,-100,-45.0,40,4.5,6.0,-29.7,13.5678,-79,64.35,55.04,1.512802,1.767136,33.2076,0.0011
7275,-100,-45.0,40,4.5,6.5,-30.85,14.0573,-80,62.04,58.61,1.303097,1.479347,35.5503,0.0029
7276,-100,-45.0,40,4.5,7.0,-29.93,14.8662,-87,63.17,56.81,1.405298,1.843046,35.4997,0.0066
7277,-100,-45.0,40,4.5,7.5,-30.26,13.743,-82,60.47,61.01,1.302851,1.511587,36.8903,0.003
7279,-100,-45.0,40,4.5,8.5,-31.07,16.6574,-90,63.57,56.22,1.636485,1.416226,28.4226,0.0082
7278,-100,-45.0,40,4.5,8.0,-29.08,15.3581,-80,60.11,61.58,1.389336,1.357233,33.8184,0.0078
7280,-100,-45.0,40,4.5,9.0,-29.97,17.7891,-99,65.06,53.93,1.73852,1.398736,27.9497,0.0116
7281,-100,-45.0,40,4.5,9.5,-31.88,17.0738,-92,65.08,53.87,1.812536,1.712819,29.0216,0.0192
7283,-100,-45.0,40,4.5,10.5,-31.59,18.2761,-97,66.54,51.64,2.035387,1.609743,26.5934,0.0688
7282,-100,-45.0,40,4.5,10.0,-32.43,17.3978,-95,63.04,57.02,1.746595,1.581757,29.2097,0.0371
7284,-100,-45.0,40,4.5,11.0,-32.95,18.3325,-96,64.19,55.27,1.913519,1.506196,23.7197,0.0567
7285,-100,-45.0,40,4.5,11.5,-31.1,18.5696,-99,63.69,56.03,1.917068,1.686993,28.6227,0.0687
7286,-100,-45.0,40,4.5,12.0,-32.71,18.821,-100,63.24,56.72,1.84265,1.505561,25.9754,0.0532
7287,-100,-45.0,40,4.5,12.5,-31.65,19.2926,-100,62.89,57.28,1.851868,1.665717,28.2166,0.0493
7289,-100,-45.0,40,4.5,13.5,-30.91,20.4295,-100,62.27,58.23,1.835808,1.955876,31.5175,0.0923
7288,-100,-45.0,40,4.5,13.0,-30.56,19.5302,-100,58.91,63.41,1.598614,1.749836,33.5236,0.0409
7291,-100,-45.0,40,4.75,1.0,-25.4,12.3622,-54,56.46,67.2,0.922599,1.226924,42.0152,0.0
7292,-100,-45.0,40,4.75,1.5,-26.65,13.8611,-56,57.8,65.09,1.116803,1.053273,35.505,0.0
7290,-100,-45.0,40,4.5,14.0,-30.49,21.1029,-100,62.38,58.03,1.934895,1.823107,29.9354,0.11
7293,-100,-45.0,40,4.75,2.0,-26.07,12.5071,-57,58.42,64.15,0.98444,0.80992,37.3442,0.0
7294,-100,-45.0,40,4.75,2.5,-26.89,12.4234,-62,55.53,68.62,0.977533,0.927246,39.7209,0.0
7295,-100,-45.0,40,4.75,3.0,-27.66,13.4089,-61,54.98,69.49,0.995149,1.052233,37.9355,0.0
7296,-100,-45.0,40,4.75,3.5,-26.42,13.4762,-65,57.49,65.62,1.146533,1.413398,39.1581,0.0
7297,-100,-45.0,40,4.75,4.0,-26.62,14.4923,-65,57.1,66.17,1.107276,1.145072,37.8116,0.0
7298,-100,-45.0,40,4.75,4.5,-26.83,13.9486,-69,52.09,73.94,0.964593,1.182086,40.7421,0.0001
7300,-100,-45.0,40,4.75,5.5,-25.76,15.0962,-73,58.19,64.54,1.206472,1.658342,39.4744,0.0012
7299,-100,-45.0,40,4.75,5.0,-26.73,14.4941,-72,56.77,66.73,1.208053,1.146865,36.0212,0.0002
7301,-100,-45.0,40,4.75,6.0,-26.36,15.2324,-76,57.06,66.28,1.229135,1.406163,37.5871,0.0031
7302,-100,-45.0,40,4.75,6.5,-28.41,15.5751,-75,58.53,63.98,1.406056,1.081001,29.5925,0.0028
7304,-100,-45.0,40,4.75,7.5,-29.75,16.7137,-83,57.14,66.12,1.41885,1.421906,31.3557,0.0265
7303,-100,-45.0,40,4.75,7.0,-29.21,15.1611,-79,56.58,66.99,1.374377,1.348137,32.0973,0.0161
7305,-100,-45.0,40,4.75,8.0,-27.22,16.1841,-83,59.86,61.97,1.512107,1.817011,34.4061,0.0295
7307,-100,-45.0,40,4.75,9.0,-27.52,17.1112,-90,57.79,65.12,1.454362,1.701043,32.591,0.0192
7306,-100,-45.0,40,4.75,8.5,-27.35,16.4415,-82,55.13,69.25,1.28373,1.473343,35.326,0.006
7309,-100,-45.0,40,4.75,10.0,-29.25,18.3737,-90,60.37,61.12,1.72916,1.694802,29.5826,0.0507
7308,-100,-45.0,40,4.75,9.5,-28.73,17.7805,-92,57.46,65.63,1.50794,1.482689,31.7574,0.041
7311,-100,-45.0,40,4.75,11.0,-30.93,18.7883,-98,66.63,51.48,2.198397,1.870085,22.4799,0.0746
7310,-100,-45.0,40,4.75,10.5,-28.57,18.6379,-93,59.82,61.99,1.723578,1.653398,28.8522,0.0663
7313,-100,-45.0,40,4.75,12.0,-30.89,19.2111,-100,61.37,59.63,1.884469,1.375836,25.1461,0.0729
7312,-100,-45.0,40,4.75,11.5,-27.95,19.5547,-94,61.53,59.39,1.84727,1.740651,28.4197,0.0419
7314,-100,-45.0,40,4.75,12.5,-30.25,19.6843,-100,58.91,63.39,1.755721,1.371236,24.7109,0.0582
7315,-100,-45.0,40,4.75,13.0,-28.23,20.3658,-100,56.56,67.01,1.571032,1.594268,31.9922,0.0542
7316,-100,-45.0,40,4.75,13.5,-29.18,19.8993,-100,54.9,69.61,1.579904,1.853239,31.1967,0.0517
7317,-100,-45.0,40,4.75,14.0,-32.18,20.0909,-100,61.9,58.79,2.037804,1.573373,23.6547,0.1148
7318,-100,-45.0,40,5.0,1.0,-26.58,15.2806,-52,51.65,74.63,0.967295,0.717312,35.4204,0.0
7319,-100,-45.0,40,5.0,1.5,-25.14,15.2636,-54,56.7,66.84,1.129243,0.915854,34.4472,0.0
7320,-100,-45.0,40,5.0,2.0,-26.62,14.5462,-56,46.15,83.11,0.789813,0.6391,39.5891,0.0
7321,-100,-45.0,40,5.0,2.5,-26.11,14.3402,-60,49.32,78.22,0.957353,1.019159,37.8641,0.0
7322,-100,-45.0,40,5.0,3.0,-26.44,14.515,-60,50.97,75.64,1.051896,0.876669,34.6843,0.0
7323,-100,-45.0,40,5.0,3.5,-26.64,14.9115,-64,49.15,78.47,0.976558,0.828254,35.6754,0.0001
7324,-100,-45.0,40,5.0,4.0,-25.88,15.3352,-66,54.05,70.87,1.165779,1.006565,33.4318,0.0004
7325,-100,-45.0,40,5.0,4.5,-23.57,15.3042,-67,57.42,65.73,1.34381,1.422398,34.7413,0.0003
7326,-100,-45.0,40,5.0,5.0,-25.66,15.1066,-68,53.82,71.29,1.20524,1.002758,32.7561,0.0032
7327,-100,-45.0,40,5.0,5.5,-24.21,15.6179,-70,49.94,77.28,1.017129,1.156586,38.0213,0.0052
7329,-100,-45.0,40,5.0,6.5,-24.26,16.8198,-80,53.64,71.55,1.254282,1.500722,36.2569,0.0259
7328,-100,-45.0,40,5.0,6.0,-25.32,16.8696,-80,50.14,76.94,1.164606,1.018546,32.9204,0.0076
7330,-100,-45.0,40,5.0,7.0,-28.81,15.6477,-78,53.81,71.25,1.364519,1.150204,31.1306,0.0123
7331,-100,-45.0,40,5.0,7.5,-25.32,17.3064,-81,50.98,75.62,1.254367,1.149384,32.2279,0.026
7333,-100,-45.0,40,5.0,8.5,-25.97,17.8559,-82,54.29,70.55,1.424374,1.781447,32.252,0.0457
7332,-100,-45.0,40,5.0,8.0,-27.49,16.5492,-86,53.27,72.15,1.324571,1.184918,31.4347,0.038
7334,-100,-45.0,40,5.0,9.0,-28.31,17.8071,-92,53.93,71.09,1.475021,1.274174,27.3973,0.0304
7335,-100,-45.0,40,5.0,9.5,-26.53,19.3241,-89,61.63,59.19,1.817514,1.45328,25.2888,0.0369
7336,-100,-45.0,40,5.0,10.0,-27.43,20.0295,-91,60.4,61.1,1.788371,1.38836,25.1488,0.0401
7337,-100,-45.0,40,5.0,10.5,-29.5,18.8624,-95,56.27,67.47,1.630505,1.277401,24.7982,0.0747
7338,-100,-45.0,40,5.0,11.0,-28.06,19.6142,-93,56.98,66.37,1.720178,1.295465,23.8122,0.0882
7339,-100,-45.0,40,5.0,11.5,-26.94,19.5747,-100,54.32,70.48,1.562235,1.467912,30.0563,0.0779
7345,-100,-40.0,40,1.0,1.0,,,,100.0,0.0,0.0,0.0,0.0,0.0
7341,-100,-45.0,40,5.0,12.5,-29.0,20.5333,-100,57.96,64.85,1.799565,1.370917,23.7133,0.0998
7346,-100,-40.0,40,1.0,1.5,,,,100.0,0.0,0.0,0.0,0.0,0.0
7340,-100,-45.0,40,5.0,12.0,-25.31,21.5113,-100,56.05,67.81,1.610859,1.435984,29.4556,0.1036
7347,-100,-40.0,40,1.0,2.0,,,,100.0,0.0,0.0,0.0,0.0,0.0
7348,-100,-40.0,40,1.0,2.5,,,,100.0,0.0,0.0,0.0,0.0,0.0
7343,-100,-45.0,40,5.0,13.5,-27.64,20.7151,-100,59.45,62.6,1.91165,1.973354,23.6437,0.0798
7349,-100,-40.0,40,1.0,3.0,,,,100.0,0.0,0.0,0.0,0.0,0.0
7342,-100,-45.0,40,5.0,13.0,-27.25,20.8915,-99,55.16,69.21,1.703012,1.599267,28.0362,0.1486
7350,-100,-40.0,40,1.0,3.5,,,,100.0,0.0,0.0,0.0,0.0,0.0
7351,-100,-40.0,40,1.0,4.0,,,,100.0,0.0,0.0,0.0,0.0,0.0
7344,-100,-45.0,40,5.0,14.0,-27.24,22.2708,-100,55.03,69.39,1.690594,1.477434,25.7124,0.1124
7352,-100,-40.0,40,1.0,4.5,,,,100.0,0.0,0.0,0.0,0.0,0.0
7353,-100,-40.0,40,1.0,5.0,,,,100.0,0.0,0.0,0.0,0.0,0.0
7354,-100,-40.0,40,1.0,5.5,,,,100.0,0.0,0.0,0.0,0.0,0.0
7355,-100,-40.0,40,1.0,6.0,,,,100.0,0.0,0.0,0.0,0.0,0.0
7356,-100,-40.0,40,1.0,6.5,,,,100.0,0.0,0.0,0.0,0.0,0.0
7358,-100,-40.0,40,1.0,7.5,,,,100.0,0.0,0.0,0.0,0.0,0.0
7357,-100,-40.0,40,1.0,7.0,,,,100.0,0.0,0.0,0.0,0.0,0.0
7359,-100,-40.0,40,1.0,8.0,,,,100.0,0.0,0.0,0.0,0.0,0.0
7360,-100,-40.0,40,1.0,8.5,,,,100.0,0.0,0.0,0.0,0.0,0.0
7361,-100,-40.0,40,1.0,9.0,,,,100.0,0.0,0.0,0.0,0.0,0.0
7362,-100,-40.0,40,1.0,9.5,-66.0,0.0,-66,100.0,0.0,3.316584,0.0,0.0035,0.0
7363,-100,-40.0,40,1.0,10.0,,,,100.0,0.0,0.0,0.0,0.0,0.0
7364,-100,-40.0,40,1.0,10.5,-89.0,0.0,-89,100.0,0.0,6.32584,0.0,0.0035,0.0
7366,-100,-40.0,40,1.0,11.5,-83.71,7.516,-95,99.99,0.01,3.392052,0.788865,0.0137,0.0
7365,-100,-40.0,40,1.0,11.0,-79.83,8.0502,-89,99.99,0.01,4.400428,0.950113,0.0139,0.0
7367,-100,-40.0,40,1.0,12.0,-84.4,10.9471,-100,99.99,0.02,4.441736,0.620286,0.017,0.0
7368,-100,-40.0,40,1.0,12.5,-82.31,8.7587,-98,99.98,0.03,3.52534,0.953224,0.0406,0.0
7370,-100,-40.0,40,1.0,13.5,-81.47,11.086,-100,99.95,0.08,4.92692,0.880341,0.061,0.0
7369,-100,-40.0,40,1.0,13.0,-83.29,10.9605,-100,99.97,0.05,4.848404,1.158891,0.0331,0.0
7372,-100,-40.0,40,1.25,1.0,,,,100.0,0.0,0.0,0.0,0.0,0.0
7371,-100,-40.0,40,1.0,14.0,-80.32,12.4185,-100,99.92,0.13,4.335693,1.917076,0.1056,0.0001
7373,-100,-40.0,40,1.25,1.5,,,,100.0,0.0,0.0,0.0,0.0,0.0
7374,-100,-40.0,40,1.25,2.0,,,,100.0,0.0,0.0,0.0,0.0,0.0
7375,-100,-40.0,40,1.25,2.5,,,,100.0,0.0,0.0,0.0,0.0,0.0
7376,-100,-40.0,40,1.25,3.0,,,,100.0,0.0,0.0,0.0,0.0,0.0
7377,-100,-40.0,40,1.25,3.5,,,,100.0,0.0,0.0,0.0,0.0,0.0
7378,-100,-40.0,40,1.25,4.0,,,,100.0,0.0,0.0,0.0,0.0,0.0
7380,-100,-40.0,40,1.25,5.0,,,,100.0,0.0,0.0,0.0,0.0,0.0
7379,-100,-40.0,40,1.25,4.5,,,,100.0,0.0,0.0,0.0,0.0,0.0
7382,-100,-40.0,40,1.25,6.0,,,,100.0,0.0,0.0,0.0,0.0,0.0
7381,-100,-40.0,40,1.25,5.5,,,,100.0,0.0,0.0,0.0,0.0,0.0
7383,-100,-40.0,40,1.25,6.5,,,,100.0,0.0,0.0,0.0,0.0,0.0
7384,-100,-40.0,40,1.25,7.0,,,,100.0,0.0,0.0,0.0,0.0,0.0
7385,-100,-40.0,40,1.25,7.5,,,,100.0,0.0,0.0,0.0,0.0,0.0
7386,-100,-40.0,40,1.25,8.0,,,,100.0,0.0,0.0,0.0,0.0,0.0
7387,-100,-40.0,40,1.25,8.5,,,,100.0,0.0,0.0,0.0,0.0,0.0
7388,-100,-40.0,40,1.25,9.0,-86.0,0.0,-86,100.0,0.0,2.841604,0.0,0.0035,0.0
7389,-100,-40.0,40,1.25,9.5,-90.0,0.0,-90,100.0,0.0,5.076993,0.0,0.0035,0.0
7390,-100,-40.0,40,1.25,10.0,-68.29,7.8688,-83,99.99,0.01,4.86366,1.538483,0.0137,0.0
7394,-100,-40.0,40,1.25,12.0,-76.05,13.1356,-99,99.92,0.12,3.252295,0.579421,0.137,0.0
7391,-100,-40.0,40,1.25,10.5,-79.29,6.8601,-89,99.99,0.01,4.920613,1.102241,0.0137,0.0
7392,-100,-40.0,40,1.25,11.0,-79.1,12.8059,-100,99.97,0.04,5.497478,1.7268,0.0453,0.0
7393,-100,-40.0,40,1.25,11.5,-76.23,11.7006,-98,99.97,0.04,4.016435,1.33084,0.0443,0.0
7395,-100,-40.0,40,1.25,12.5,-76.05,12.1941,-100,99.9,0.16,3.867621,1.13363,0.1384,0.0
7396,-100,-40.0,40,1.25,13.0,-80.07,14.698,-100,99.93,0.11,4.708434,0.855221,0.0618,0.0001
7397,-100,-40.0,40,1.25,13.5,-76.71,13.7641,-100,99.8,0.31,4.207741,0.678806,0.2706,0.0
7398,-100,-40.0,40,1.25,14.0,-78.77,13.6606,-100,99.72,0.43,4.376885,1.648593,0.3939,0.0001
7399,-100,-40.0,40,1.5,1.0,,,,100.0,0.0,0.0,0.0,0.0,0.0
7400,-100,-40.0,40,1.5,1.5,,,,100.0,0.0,0.0,0.0,0.0,0.0
7401,-100,-40.0,40,1.5,2.0,,,,100.0,0.0,0.0,0.0,0.0,0.0
7402,-100,-40.0,40,1.5,2.5,,,,100.0,0.0,0.0,0.0,0.0,0.0
7403,-100,-40.0,40,1.5,3.0,,,,100.0,0.0,0.0,0.0,0.0,0.0
7404,-100,-40.0,40,1.5,3.5,,,,100.0,0.0,0.0,0.0,0.0,0.0
7405,-100,-40.0,40,1.5,4.0,,,,100.0,0.0,0.0,0.0,0.0,0.0
7406,-100,-40.0,40,1.5,4.5,,,,100.0,0.0,0.0,0.0,0.0,0.0
7407,-100,-40.0,40,1.5,5.0,,,,100.0,0.0,0.0,0.0,0.0,0.0
7408,-100,-40.0,40,1.5,5.5,,,,100.0,0.0,0.0,0.0,0.0,0.0
7409,-100,-40.0,40,1.5,6.0,,,,100.0,0.0,0.0,0.0,0.0,0.0
7411,-100,-40.0,40,1.5,7.0,,,,100.0,0.0,0.0,0.0,0.0,0.0
7410,-100,-40.0,40,1.5,6.5,,,,100.0,0.0,0.0,0.0,0.0,0.0
7412,-100,-40.0,40,1.5,7.5,,,,100.0,0.0,0.0,0.0,0.0,0.0
7413,-100,-40.0,40,1.5,8.0,-58.5,5.5902,-65,100.0,0.01,5.632172,0.277351,0.014,0.0
7414,-100,-40.0,40,1.5,8.5,-61.5,3.5,-65,100.0,0.0,4.863308,0.786142,0.0046,0.0
7415,-100,-40.0,40,1.5,9.0,,,,100.0,0.0,0.0,0.0,0.0,0.0
7416,-100,-40.0,40,1.5,9.5,-71.0,8.6633,-84,99.98,0.04,3.600642,1.425833,0.0589,0.0
7417,-100,-40.0,40,1.5,10.0,-69.8,8.3363,-87,99.98,0.03,4.907282,1.792369,0.032,0.0
7418,-100,-40.0,40,1.5,10.5,-74.08,9.3679,-97,99.95,0.07,4.183451,0.856416,0.0817,0.0
7419,-100,-40.0,40,1.5,11.0,-76.78,11.5492,-100,99.94,0.1,4.82112,2.2614,0.104,0.0
7420,-100,-40.0,40,1.5,11.5,-71.54,11.1539,-100,99.85,0.24,4.956504,1.083862,0.2509,0.0
7421,-100,-40.0,40,1.5,12.0,-72.05,12.2823,-100,99.78,0.34,3.97532,0.75194,0.3673,0.0
7422,-100,-40.0,40,1.5,12.5,-73.77,12.0996,-100,99.85,0.22,4.941945,1.108112,0.2236,0.0
7424,-100,-40.0,40,1.5,13.5,-73.44,13.7855,-100,99.68,0.5,5.101306,0.997147,0.4186,0.0001
7423,-100,-40.0,40,1.5,13.0,-73.99,13.7869,-100,99.66,0.53,4.940086,1.013774,0.4618,0.0002
7425,-100,-40.0,40,1.5,14.0,-73.72,14.1114,-100,99.49,0.79,4.790963,1.144927,0.6053,0.0006
7426,-100,-40.0,40,1.75,1.0,,,,100.0,0.0,0.0,0.0,0.0,0.0
7427,-100,-40.0,40,1.75,1.5,,,,100.0,0.0,0.0,0.0,0.0,0.0
7428,-100,-40.0,40,1.75,2.0,,,,100.0,0.0,0.0,0.0,0.0,0.0
7430,-100,-40.0,40,1.75,3.0,,,,100.0,0.0,0.0,0.0,0.0,0.0
7429,-100,-40.0,40,1.75,2.5,,,,100.0,0.0,0.0,0.0,0.0,0.0
7431,-100,-40.0,40,1.75,3.5,,,,100.0,0.0,0.0,0.0,0.0,0.0
7432,-100,-40.0,40,1.75,4.0,,,,100.0,0.0,0.0,0.0,0.0,0.0
7433,-100,-40.0,40,1.75,4.5,,,,100.0,0.0,0.0,0.0,0.0,0.0
7434,-100,-40.0,40,1.75,5.0,,,,100.0,0.0,0.0,0.0,0.0,0.0
7436,-100,-40.0,40,1.75,6.0,,,,100.0,0.0,0.0,0.0,0.0,0.0
7435,-100,-40.0,40,1.75,5.5,,,,100.0,0.0,0.0,0.0,0.0,0.0
7437,-100,-40.0,40,1.75,6.5,,,,100.0,0.0,0.0,0.0,0.0,0.0
7438,-100,-40.0,40,1.75,7.0,-69.33,4.6428,-74,100.0,0.01,5.315658,1.325396,0.0074,0.0
7439,-100,-40.0,40,1.75,7.5,-64.69,6.1567,-74,99.98,0.02,3.492496,1.576977,0.0383,0.0
7440,-100,-40.0,40,1.75,8.0,-69.5,8.3516,-81,99.98,0.03,3.355346,0.402201,0.0356,0.0
7441,-100,-40.0,40,1.75,8.5,-68.71,6.3068,-79,99.98,0.03,3.649398,1.283789,0.038,0.0
7442,-100,-40.0,40,1.75,9.0,-67.16,9.1196,-82,99.96,0.06,4.776349,0.783172,0.0722,0.0
7443,-100,-40.0,40,1.75,9.5,-69.79,9.6155,-91,99.96,0.07,4.609946,1.58318,0.0733,0.0
7444,-100,-40.0,40,1.75,10.0,-68.32,9.753,-93,99.92,0.12,5.913276,2.51854,0.1317,0.0
7445,-100,-40.0,40,1.75,10.5,-66.21,11.1417,-93,99.71,0.46,4.449841,1.465877,0.5197,0.0
7446,-100,-40.0,40,1.75,11.0,-69.15,11.3193,-98,99.78,0.34,4.31236,1.849699,0.36,0.0
7447,-100,-40.0,40,1.75,11.5,-69.54,12.7277,-100,99.72,0.44,5.035118,1.140111,0.4206,0.0
7448,-100,-40.0,40,1.75,12.0,-67.12,12.8436,-100,99.3,1.08,4.383228,0.79751,1.1125,0.0001
7449,-100,-40.0,40,1.75,12.5,-69.01,13.0779,-100,99.46,0.83,4.316933,1.081665,0.7778,0.0001
7450,-100,-40.0,40,1.75,13.0,-69.33,13.7442,-100,99.35,1.01,4.813394,0.804986,0.8939,0.0002
7451,-100,-40.0,40,1.75,13.5,-67.89,14.4867,-100,99.09,1.4,3.963345,1.682711,1.298,0.0001
7453,-100,-40.0,40,2.0,1.0,,,,100.0,0.0,0.0,0.0,0.0,0.0
7454,-100,-40.0,40,2.0,1.5,,,,100.0,0.0,0.0,0.0,0.0,0.0
7452,-100,-40.0,40,1.75,14.0,-68.79,14.5186,-100,98.83,1.8,4.872172,0.957629,1.4946,0.0001
7456,-100,-40.0,40,2.0,2.5,,,,100.0,0.0,0.0,0.0,0.0,0.0
7455,-100,-40.0,40,2.0,2.0,,,,100.0,0.0,0.0,0.0,0.0,0.0
7457,-100,-40.0,40,2.0,3.0,,,,100.0,0.0,0.0,0.0,0.0,0.0
7458,-100,-40.0,40,2.0,3.5,,,,100.0,0.0,0.0,0.0,0.0,0.0
7459,-100,-40.0,40,2.0,4.0,,,,100.0,0.0,0.0,0.0,0.0,0.0
7460,-100,-40.0,40,2.0,4.5,,,,100.0,0.0,0.0,0.0,0.0,0.0
7461,-100,-40.0,40,2.0,5.0,,,,100.0,0.0,0.0,0.0,0.0,0.0
7462,-100,-40.0,40,2.0,5.5,,,,100.0,0.0,0.0,0.0,0.0,0.0
7463,-100,-40.0,40,2.0,6.0,-60.0,8.3467,-75,99.99,0.01,5.463695,0.734277,0.0149,0.0
7464,-100,-40.0,40,2.0,6.5,-64.47,7.3109,-75,99.98,0.03,3.924664,0.975231,0.0394,0.0
7465,-100,-40.0,40,2.0,7.0,-60.31,6.529,-72,99.96,0.06,4.732617,1.276403,0.094,0.0
7466,-100,-40.0,40,2.0,7.5,-63.13,7.0006,-72,99.95,0.07,6.067148,1.940491,0.0905,0.0
7467,-100,-40.0,40,2.0,8.0,-65.38,8.8112,-86,99.93,0.11,3.192937,0.98422,0.14,0.0
7468,-100,-40.0,40,2.0,8.5,-62.29,8.8126,-90,99.88,0.19,6.533336,3.458872,0.2248,0.0
7469,-100,-40.0,40,2.0,9.0,-65.73,9.5262,-86,99.9,0.16,5.113337,1.168762,0.1851,0.0
7470,-100,-40.0,40,2.0,9.5,-66.32,11.1848,-89,99.88,0.18,6.257865,2.078848,0.2181,0.0
7471,-100,-40.0,40,2.0,10.0,-60.92,9.8076,-93,99.39,0.94,4.341056,0.779809,1.1034,0.0
7472,-100,-40.0,40,2.0,10.5,-62.87,10.9338,-94,99.29,1.09,4.189892,0.800197,1.2427,0.0
7473,-100,-40.0,40,2.0,11.0,-67.19,11.1048,-95,99.64,0.56,6.275483,1.237758,0.5336,0.0
7474,-100,-40.0,40,2.0,11.5,-66.09,13.2128,-100,99.49,0.79,6.778399,2.610133,0.6229,0.0001
7475,-100,-40.0,40,2.0,12.0,-63.71,12.3079,-100,99.02,1.51,4.600473,1.519668,1.6225,0.0001
7477,-100,-40.0,40,2.0,13.0,-65.18,13.9065,-100,98.71,1.99,5.520818,0.958745,1.7709,0.0008
7476,-100,-40.0,40,2.0,12.5,-67.84,12.1921,-100,99.24,1.17,5.74437,2.316777,0.8834,0.0002
7479,-100,-40.0,40,2.0,14.0,-65.74,14.6485,-100,97.89,3.26,4.12146,1.361278,2.9833,0.0013
7478,-100,-40.0,40,2.0,13.5,-66.23,14.0719,-100,98.67,2.05,5.785268,2.192405,1.6855,0.0006
7480,-100,-40.0,40,2.25,1.0,,,,100.0,0.0,0.0,0.0,0.0,0.0
7481,-100,-40.0,40,2.25,1.5,,,,100.0,0.0,0.0,0.0,0.0,0.0
7482,-100,-40.0,40,2.25,2.0,,,,100.0,0.0,0.0,0.0,0.0,0.0
7484,-100,-40.0,40,2.25,3.0,,,,100.0,0.0,0.0,0.0,0.0,0.0
7483,-100,-40.0,40,2.25,2.5,,,,100.0,0.0,0.0,0.0,0.0,0.0
7485,-100,-40.0,40,2.25,3.5,,,,100.0,0.0,0.0,0.0,0.0,0.0
7486,-100,-40.0,40,2.25,4.0,,,,100.0,0.0,0.0,0.0,0.0,0.0
7487,-100,-40.0,40,2.25,4.5,-60.0,0.0,-60,100.0,0.0,3.980294,0.0,0.0035,0.0
7488,-100,-40.0,40,2.25,5.0,-60.25,6.4952,-70,100.0,0.01,6.412791,1.08788,0.014,0.0
7489,-100,-40.0,40,2.25,5.5,-56.1,7.2958,-72,99.97,0.04,4.861529,1.515782,0.0595,0.0
7490,-100,-40.0,40,2.25,6.0,-56.27,4.474,-65,99.99,0.02,11.1911,1.912717,0.0256,0.0
7491,-100,-40.0,40,2.25,6.5,-58.52,6.7253,-72,99.87,0.2,3.213481,1.33743,0.2455,0.0
7492,-100,-40.0,40,2.25,7.0,-58.49,7.283,-77,99.88,0.18,6.099418,1.17297,0.2455,0.0
7493,-100,-40.0,40,2.25,7.5,-56.95,7.3684,-77,99.59,0.63,4.139301,0.978627,0.8742,0.0
7494,-100,-40.0,40,2.25,8.0,-58.69,7.9134,-80,99.74,0.39,5.474428,1.23223,0.4739,0.0
7495,-100,-40.0,40,2.25,8.5,-58.52,8.1425,-79,99.47,0.82,3.270787,0.539679,0.9466,0.0
7496,-100,-40.0,40,2.25,9.0,-61.89,8.8294,-84,99.74,0.4,8.459904,1.960344,0.4848,0.0
7497,-100,-40.0,40,2.25,9.5,-59.52,9.2697,-91,99.28,1.11,5.391931,2.132983,1.2442,0.0
7498,-100,-40.0,40,2.25,10.0,-59.57,10.1524,-97,99.15,1.31,5.034852,1.453478,1.4302,0.0
7499,-100,-40.0,40,2.25,10.5,-59.84,10.4137,-91,98.8,1.85,4.58221,1.317115,2.0688,0.0001
7501,-100,-40.0,40,2.25,11.5,-59.74,12.3531,-100,98.36,2.53,4.530166,0.979284,2.6621,0.0002
7500,-100,-40.0,40,2.25,11.0,-59.06,11.2762,-100,97.98,3.12,3.397465,0.630204,3.3244,0.0
7502,-100,-40.0,40,2.25,12.0,-61.08,12.2781,-100,98.32,2.59,5.355069,2.333948,2.5046,0.0
7503,-100,-40.0,40,2.25,12.5,-60.77,13.5579,-100,97.71,3.54,5.271224,1.19865,3.0219,0.0008
7504,-100,-40.0,40,2.25,13.0,-61.63,13.8868,-100,97.25,4.24,4.286649,1.556192,4.0976,0.0002
7505,-100,-40.0,40,2.25,13.5,-60.96,14.232,-100,96.88,4.82,4.285759,1.546039,4.7263,0.0019
7507,-100,-40.0,40,2.5,1.0,-49.0,1.633,-51,100.0,0.01,2.965441,0.254393,0.0105,0.0
7506,-100,-40.0,40,2.25,14.0,-61.31,14.2444,-100,96.43,5.51,3.773442,1.344107,5.1377,0.0014
7508,-100,-40.0,40,2.5,1.5,,,,100.0,0.0,0.0,0.0,0.0,0.0
7509,-100,-40.0,40,2.5,2.0,,,,100.0,0.0,0.0,0.0,0.0,0.0
7510,-100,-40.0,40,2.5,2.5,,,,100.0,0.0,0.0,0.0,0.0,0.0
7511,-100,-40.0,40,2.5,3.0,-52.33,1.2472,-54,100.0,0.01,4.279393,1.099769,0.0074,0.0
7512,-100,-40.0,40,2.5,3.5,-50.83,2.5441,-54,99.99,0.01,4.409224,1.012609,0.0149,0.0
7513,-100,-40.0,40,2.5,4.0,-49.95,4.698,-59,99.88,0.18,4.681151,2.246321,0.2389,0.0
7514,-100,-40.0,40,2.5,4.5,-52.12,3.7835,-62,99.91,0.15,8.953832,6.049408,0.1763,0.0
7515,-100,-40.0,40,2.5,5.0,-55.65,4.6254,-69,99.93,0.11,5.418612,3.029302,0.1625,0.0
7516,-100,-40.0,40,2.5,5.5,-54.91,5.5702,-67,99.86,0.22,6.206512,2.481187,0.2868,0.0
7517,-100,-40.0,40,2.5,6.0,-51.75,6.0576,-71,99.62,0.58,6.708699,1.370072,0.8531,0.0
7518,-100,-40.0,40,2.5,6.5,-52.98,6.934,-73,99.09,1.41,3.44652,0.869273,1.8122,0.0
7519,-100,-40.0,40,2.5,7.0,-53.07,7.2383,-77,99.07,1.44,4.971199,1.170842,1.7529,0.0
7520,-100,-40.0,40,2.5,7.5,-53.41,7.6651,-80,98.99,1.56,4.838008,1.137726,1.8729,0.0
7521,-100,-40.0,40,2.5,8.0,-53.26,7.9848,-79,98.19,2.79,3.876551,1.006517,3.2988,0.0
7522,-100,-40.0,40,2.5,8.5,-55.12,8.2981,-84,98.99,1.56,6.286921,3.501806,1.9589,0.0
7524,-100,-40.0,40,2.5,9.5,-54.11,10.1075,-90,98.12,2.91,6.048059,2.293253,3.3072,0.0
7523,-100,-40.0,40,2.5,9.0,-55.55,9.8532,-99,99.0,1.54,6.709753,1.432613,1.6432,0.0
7525,-100,-40.0,40,2.5,10.0,-53.71,10.7008,-100,97.75,3.47,5.450936,1.538124,3.9179,0.0001
7526,-100,-40.0,40,2.5,10.5,-55.64,10.7862,-94,97.14,4.42,3.773051,1.71841,4.961,0.0
7527,-100,-40.0,40,2.5,11.0,-55.97,11.8623,-100,98.16,2.84,7.745757,2.667705,2.5141,0.0
7528,-100,-40.0,40,2.5,11.5,-56.93,12.4851,-100,96.78,4.98,4.721749,1.94365,4.9463,0.0002
7529,-100,-40.0,40,2.5,12.0,-55.9,13.0808,-98,96.91,4.78,5.32201,1.900257,4.7727,0.0007
7530,-100,-40.0,40,2.5,12.5,-55.79,13.1415,-100,95.79,6.49,4.312185,1.771574,6.2513,0.0006
7531,-100,-40.0,40,2.5,13.0,-57.08,13.772,-100,95.69,6.65,3.981696,1.442192,5.9584,0.0021
7533,-100,-40.0,40,2.5,14.0,-59.07,15.6941,-100,96.31,5.7,5.703352,1.630684,4.1097,0.0042
7534,-100,-40.0,40,2.75,1.0,-48.2,0.7483,-49,99.99,0.01,3.743207,0.318035,0.0175,0.0
7532,-100,-40.0,40,2.5,13.5,-58.02,14.6929,-100,95.6,6.79,4.756312,1.163656,5.0868,0.0031
7535,-100,-40.0,40,2.75,1.5,-48.5,0.5,-49,100.0,0.0,5.900321,0.589959,0.007,0.0
7537,-100,-40.0,40,2.75,2.5,-49.5,2.2546,-54,99.99,0.02,5.586822,1.30085,0.0283,0.0
7536,-100,-40.0,40,2.75,2.0,-47.12,1.536,-49,99.99,0.02,6.507035,1.154475,0.0213,0.0
7538,-100,-40.0,40,2.75,3.0,-48.27,3.2708,-57,99.89,0.18,6.099421,0.890929,0.2889,0.0
7539,-100,-40.0,40,2.75,3.5,-48.67,3.4013,-63,99.81,0.29,5.465687,1.20339,0.3546,0.0
7540,-100,-40.0,40,2.75,4.0,-47.35,3.926,-61,99.01,1.52,4.236781,2.686043,2.3595,0.0
7541,-100,-40.0,40,2.75,4.5,-49.26,4.8048,-69,99.58,0.65,6.679828,2.385033,1.0006,0.0
7542,-100,-40.0,40,2.75,5.0,-50.63,5.1175,-66,99.49,0.79,5.646476,0.86294,0.9639,0.0
7543,-100,-40.0,40,2.75,5.5,-48.89,5.6895,-65,99.0,1.55,6.578008,3.057194,2.0779,0.0
7544,-100,-40.0,40,2.75,6.0,-48.89,5.9122,-66,98.67,2.05,6.258062,1.010732,2.5603,0.0
7545,-100,-40.0,40,2.75,6.5,-46.8,6.6477,-72,96.5,5.41,3.285215,0.551546,6.4974,0.0
7546,-100,-40.0,40,2.75,7.0,-49.37,7.1776,-71,98.06,3.0,5.454712,1.210935,3.7729,0.0
7548,-100,-40.0,40,2.75,8.0,-48.05,8.3014,-83,97.14,4.41,5.123131,1.187335,5.288,0.0
7549,-100,-40.0,40,2.75,8.5,-49.55,9.1132,-84,96.58,5.28,4.318617,2.408021,6.8434,0.0
7547,-100,-40.0,40,2.75,7.5,-50.54,7.8777,-78,98.02,3.06,5.602078,3.641252,4.0749,0.0
7552,-100,-40.0,40,2.75,10.0,-51.21,10.9019,-96,96.59,5.27,4.576475,1.557802,6.0574,0.0002
7550,-100,-40.0,40,2.75,9.0,-48.14,9.3261,-88,94.89,7.88,3.369492,0.915865,9.2062,0.0
7551,-100,-40.0,40,2.75,9.5,-49.89,10.2462,-90,96.43,5.51,4.88052,2.230664,6.4464,0.0001
7553,-100,-40.0,40,2.75,10.5,-52.53,11.3439,-97,96.01,6.16,4.440917,1.611099,6.5821,0.0001
7555,-100,-40.0,40,2.75,11.5,-53.72,12.531,-99,96.18,5.89,5.422022,1.475637,4.9439,0.0008
7554,-100,-40.0,40,2.75,11.0,-50.5,12.1793,-100,93.77,9.62,3.178763,1.106288,10.0358,0.0003
7556,-100,-40.0,40,2.75,12.0,-53.05,13.629,-100,94.37,8.68,4.333424,2.256336,7.9166,0.0008
7558,-100,-40.0,40,2.75,13.0,-53.96,14.6837,-100,94.19,8.97,4.336702,1.401519,7.6772,0.0021
7557,-100,-40.0,40,2.75,12.5,-51.91,14.2577,-100,94.03,9.21,3.981354,1.676634,8.7363,0.0
7561,-100,-40.0,40,3.0,1.0,-42.14,1.715,-47,99.33,1.04,8.782367,2.346712,1.2966,0.0
7559,-100,-40.0,40,2.75,13.5,-53.62,14.8996,-100,93.28,10.37,3.880656,1.257929,8.5589,0.0016
7560,-100,-40.0,40,2.75,14.0,-53.71,16.0078,-100,93.14,10.59,4.233825,1.202368,7.8783,0.0048
7564,-100,-40.0,40,3.0,2.5,-44.28,2.7722,-52,99.07,1.43,8.152551,1.968853,1.8098,0.0
7562,-100,-40.0,40,3.0,1.5,-45.27,1.4599,-49,99.78,0.34,5.001026,2.826534,0.4648,0.0
7563,-100,-40.0,40,3.0,2.0,-42.45,2.1455,-52,97.27,4.21,3.622617,1.644536,6.6019,0.0
7565,-100,-40.0,40,3.0,3.0,-45.91,3.1418,-57,99.0,1.54,5.19184,1.272786,1.8917,0.0
7567,-100,-40.0,40,3.0,4.0,-44.28,4.11,-58,96.52,5.37,3.972237,1.243398,6.6605,0.0
7566,-100,-40.0,40,3.0,3.5,-43.15,3.7951,-56,97.5,3.86,4.793807,1.346312,5.4809,0.0
7568,-100,-40.0,40,3.0,4.5,-44.29,4.5558,-58,96.74,5.04,4.502514,1.455618,6.4555,0.0
7569,-100,-40.0,40,3.0,5.0,-44.84,5.0948,-63,96.37,5.6,4.196783,0.781239,6.7889,0.0
7570,-100,-40.0,40,3.0,5.5,-43.62,5.7057,-64,97.12,4.45,5.669356,2.775034,6.2397,0.0
7572,-100,-40.0,40,3.0,6.5,-45.24,7.0346,-82,96.87,4.83,5.807153,2.498157,5.9933,0.0
7573,-100,-40.0,40,3.0,7.0,-44.59,7.7156,-78,96.87,4.84,6.22054,2.437344,5.9794,0.0
7571,-100,-40.0,40,3.0,6.0,-46.1,5.8869,-71,96.95,4.71,4.857754,0.949695,5.6505,0.0
7574,-100,-40.0,40,3.0,7.5,-46.46,8.1092,-81,96.06,6.08,4.645212,1.530785,7.2771,0.0
7575,-100,-40.0,40,3.0,8.0,-46.67,9.1055,-83,95.85,6.4,4.440672,2.023608,7.2981,0.0
7576,-100,-40.0,40,3.0,8.5,-46.56,9.5568,-82,95.53,6.89,4.699553,1.314325,7.0866,0.0
7577,-100,-40.0,40,3.0,9.0,-46.75,11.2456,-89,96.83,4.89,7.268576,1.926214,4.6203,0.0
7578,-100,-40.0,40,3.0,9.5,-46.08,10.73,-89,94.59,8.34,4.331695,1.476497,8.8837,0.0001
7579,-100,-40.0,40,3.0,10.0,-46.73,11.2721,-95,92.57,11.47,3.290266,1.713153,11.8873,0.0
7580,-100,-40.0,40,3.0,10.5,-45.19,12.32,-100,92.64,11.36,3.451733,3.23352,14.54,0.0006
7582,-100,-40.0,40,3.0,11.5,-49.38,13.4961,-97,93.36,10.25,4.410679,1.286919,8.19,0.0019
7581,-100,-40.0,40,3.0,11.0,-47.52,12.2671,-98,91.4,13.26,2.962693,1.117422,12.6311,0.0004
7583,-100,-40.0,40,3.0,12.0,-49.53,14.2323,-100,93.62,9.84,4.55954,2.058345,8.6892,0.0018
7585,-100,-40.0,40,3.0,13.0,-51.54,15.4418,-100,93.08,10.68,4.802303,1.289972,7.088,0.0029
7584,-100,-40.0,40,3.0,12.5,-50.53,14.8751,-100,92.56,11.48,3.919835,2.027991,9.0227,0.0011
7587,-100,-40.0,40,3.0,14.0,-51.53,16.0216,-100,90.37,14.87,3.556282,1.29056,10.57,0.0064
7586,-100,-40.0,40,3.0,13.5,-48.8,15.6958,-100,89.47,16.25,3.152109,1.542414,12.3145,0.006
7588,-100,-40.0,40,3.25,1.0,-37.82,2.1157,-48,86.36,21.04,1.140858,0.886472,26.4042,0.0
7589,-100,-40.0,40,3.25,1.5,-40.89,1.6839,-47,95.04,7.65,3.447131,1.806762,9.9966,0.0
7590,-100,-40.0,40,3.25,2.0,-42.37,2.402,-50,98.12,2.9,5.238506,1.974849,3.6028,0.0
7592,-100,-40.0,40,3.25,3.0,-40.87,3.2942,-58,95.8,6.48,3.763101,1.4191,8.5785,0.0
7591,-100,-40.0,40,3.25,2.5,-40.01,2.6163,-51,90.18,15.16,1.797869,0.783836,18.9158,0.0
7593,-100,-40.0,40,3.25,3.5,-40.02,3.6165,-60,93.87,9.45,3.172902,1.158042,11.4852,0.0
7594,-100,-40.0,40,3.25,4.0,-39.22,4.1638,-59,92.33,11.83,2.49092,1.270165,14.9171,0.0
7595,-100,-40.0,40,3.25,4.5,-41.29,4.7843,-64,92.6,11.42,2.444492,1.424344,15.0141,0.0
7596,-100,-40.0,40,3.25,5.0,-39.86,4.8589,-65,91.42,13.25,2.022272,2.600477,20.8588,0.0
7597,-100,-40.0,40,3.25,5.5,-40.05,5.8348,-68,91.15,13.66,2.116512,1.723681,18.974,0.0
7598,-100,-40.0,40,3.25,6.0,-39.98,6.2855,-74,89.87,15.64,1.847366,0.991841,19.6357,0.0
7599,-100,-40.0,40,3.25,6.5,-40.88,6.8861,-75,92.54,11.51,2.709863,1.067716,13.5862,0.0
7600,-100,-40.0,40,3.25,7.0,-40.8,8.0598,-77,94.63,8.29,3.997257,1.436398,9.5111,0.0
7601,-100,-40.0,40,3.25,7.5,-39.9,8.5618,-84,92.74,11.2,2.95334,1.193039,12.7526,0.0
7602,-100,-40.0,40,3.25,8.0,-42.44,9.2554,-86,92.33,11.85,3.09324,1.216228,12.304,0.0
7605,-100,-40.0,40,3.25,9.5,-44.06,11.7954,-94,92.7,11.26,3.918808,1.708759,10.3453,0.0003
7606,-100,-40.0,40,3.25,10.0,-45.52,12.2805,-91,92.93,10.91,4.33867,1.644772,9.0155,0.0006
7603,-100,-40.0,40,3.25,8.5,-41.18,9.2071,-83,88.0,18.51,1.825961,1.673275,21.2574,0.0
7604,-100,-40.0,40,3.25,9.0,-42.98,10.2857,-89,89.91,15.57,2.57682,1.390725,15.9773,0.0001
7607,-100,-40.0,40,3.25,10.5,-45.07,12.987,-94,91.76,12.71,3.54805,1.356818,10.8661,0.0008
7608,-100,-40.0,40,3.25,11.0,-45.65,13.6255,-96,92.08,12.22,4.169214,2.140416,9.9266,0.0008
7610,-100,-40.0,40,3.25,12.0,-45.31,14.6403,-100,89.24,16.61,3.44788,2.017495,12.6931,0.0027
7609,-100,-40.0,40,3.25,11.5,-43.09,13.8,-100,88.45,17.82,2.814599,2.342858,16.7483,0.0037
7611,-100,-40.0,40,3.25,12.5,-44.86,14.561,-100,88.35,17.98,3.206884,2.279633,15.9024,0.003
7612,-100,-40.0,40,3.25,13.0,-48.4,16.0035,-100,90.92,14.0,4.406451,1.449067,8.7388,0.0098
7613,-100,-40.0,40,3.25,13.5,-43.41,16.1998,-100,82.6,26.86,2.090328,1.688872,21.9935,0.0066
7614,-100,-40.0,40,3.25,14.0,-47.5,16.9465,-100,88.68,17.47,3.672586,1.496794,11.1107,0.0066
7615,-100,-40.0,40,3.5,1.0,-34.64,2.1609,-40,80.0,30.87,0.569706,0.380913,37.5179,0.0
7617,-100,-40.0,40,3.5,2.0,-35.94,2.6981,-56,79.49,31.63,0.460864,0.3881,38.497,0.0
7618,-100,-40.0,40,3.5,2.5,-35.31,2.7092,-50,81.53,28.51,0.713228,0.428341,34.5496,0.0
7616,-100,-40.0,40,3.5,1.5,-36.14,1.7027,-54,79.49,31.64,0.506621,0.373921,38.4958,0.0
7619,-100,-40.0,40,3.5,3.0,-34.67,3.517,-54,82.16,27.51,0.760587,0.521664,33.6737,0.0
7620,-100,-40.0,40,3.5,3.5,-35.06,3.8024,-59,81.25,28.93,0.691454,0.511046,35.0409,0.0
7621,-100,-40.0,40,3.5,4.0,-34.77,4.7888,-64,84.62,23.74,0.983085,0.767892,30.143,0.0
7622,-100,-40.0,40,3.5,4.5,-35.47,4.7029,-67,82.85,26.47,0.828729,0.600556,32.5981,0.0
7624,-100,-40.0,40,3.5,5.5,-36.02,6.6671,-71,86.98,20.09,1.495736,0.993439,23.7186,0.0
7623,-100,-40.0,40,3.5,5.0,-33.72,5.7101,-64,84.57,23.81,1.09031,0.762519,28.266,0.0
7625,-100,-40.0,40,3.5,6.0,-37.84,6.6611,-72,86.48,20.86,1.410346,1.03182,24.1695,0.0
7626,-100,-40.0,40,3.5,6.5,-35.94,8.3054,-76,88.96,17.03,2.226889,1.55699,18.1645,0.0
7627,-100,-40.0,40,3.5,7.0,-37.79,8.8453,-74,89.21,16.65,2.218738,1.496966,18.6841,0.0
7628,-100,-40.0,40,3.5,7.5,-37.77,9.6023,-76,89.02,16.95,2.400943,1.67994,17.1472,0.0
7630,-100,-40.0,40,3.5,8.5,-38.0,10.542,-94,84.36,24.13,1.873405,1.746243,23.9851,0.0
7629,-100,-40.0,40,3.5,8.0,-35.88,9.6193,-87,81.56,28.46,1.215032,1.349115,31.2118,0.0
7632,-100,-40.0,40,3.5,9.5,-38.36,11.9087,-89,85.55,22.29,2.108505,1.625081,21.1419,0.0003
7631,-100,-40.0,40,3.5,9.0,-35.63,10.9652,-87,80.22,30.52,1.294437,1.690656,32.863,0.0002
7634,-100,-40.0,40,3.5,10.5,-39.46,13.0388,-89,85.97,21.66,2.492287,1.939158,19.5205,0.0006
7635,-100,-40.0,40,3.5,11.0,-38.89,14.2108,-100,84.0,24.69,2.242869,2.330832,21.4828,0.0035
7633,-100,-40.0,40,3.5,10.0,-38.44,12.2148,-93,83.86,24.91,2.007777,1.803328,23.5578,0.0013
7636,-100,-40.0,40,3.5,11.5,-37.99,13.7204,-100,79.41,31.77,1.803483,2.569709,31.1043,0.0046
7637,-100,-40.0,40,3.5,12.0,-41.58,15.5775,-100,85.53,22.32,2.870097,1.977151,17.3576,0.0038
7638,-100,-40.0,40,3.5,12.5,-43.43,16.1221,-100,86.4,20.98,3.050916,1.616175,15.3425,0.007
7639,-100,-40.0,40,3.5,13.0,-41.99,16.4986,-100,82.88,26.42,2.462218,2.036856,22.9262,0.0065
7640,-100,-40.0,40,3.5,13.5,-41.91,17.2096,-100,84.17,24.43,2.881029,2.452259,20.1138,0.0087
7641,-100,-40.0,40,3.5,14.0,-44.09,17.3964,-100,84.26,24.3,3.028417,1.75758,15.7394,0.0105
7642,-100,-40.0,40,3.75,1.0,-31.1,1.2136,-50,78.19,33.65,0.394446,0.288748,40.7515,0.0
7643,-100,-40.0,40,3.75,1.5,-30.94,2.0612,-55,80.47,30.14,0.567726,0.440954,36.899,0.0
7644,-100,-40.0,40,3.75,2.0,-31.28,2.49,-52,83.09,26.09,0.857841,0.55803,31.6069,0.0
7646,-100,-40.0,40,3.75,3.0,-31.11,3.8579,-55,78.85,32.62,0.591607,0.895126,38.5967,0.0
7645,-100,-40.0,40,3.75,2.5,-31.13,3.0039,-55,79.17,32.13,0.528465,0.549275,38.8236,0.0
7647,-100,-40.0,40,3.75,3.5,-31.84,4.7883,-60,78.89,32.58,0.794664,1.022896,37.0444,0.0
7648,-100,-40.0,40,3.75,4.0,-32.08,4.9988,-61,83.1,26.07,0.902016,1.068859,32.7674,0.0
7649,-100,-40.0,40,3.75,4.5,-30.71,5.6285,-63,80.82,29.61,0.862112,0.925358,34.4651,0.0
7650,-100,-40.0,40,3.75,5.0,-31.9,6.6403,-66,78.23,33.6,0.895175,1.481118,37.2465,0.0
7651,-100,-40.0,40,3.75,5.5,-31.21,6.6122,-68,78.72,32.83,0.822451,1.59601,37.9872,0.0
7653,-100,-40.0,40,3.75,6.5,-33.05,8.7811,-75,83.24,25.85,1.708943,1.750364,26.8803,0.0
7652,-100,-40.0,40,3.75,6.0,-32.47,8.1043,-72,81.04,29.26,1.291593,1.800098,32.792,0.0
7654,-100,-40.0,40,3.75,7.0,-31.7,9.1304,-75,76.52,36.25,0.943241,1.74829,39.5913,0.0001
7655,-100,-40.0,40,3.75,7.5,-32.14,9.3518,-84,77.84,34.2,1.177844,1.970326,36.7517,0.0
7656,-100,-40.0,40,3.75,8.0,-35.39,10.6613,-78,78.72,32.84,1.371864,1.421837,31.7542,0.0001
7657,-100,-40.0,40,3.75,8.5,-32.28,12.2004,-85,79.46,31.68,1.624212,1.979686,31.2624,0.0002
7658,-100,-40.0,40,3.75,9.0,-37.1,12.4925,-92,84.33,24.18,2.14317,1.316713,20.22,0.0006
7660,-100,-40.0,40,3.75,10.0,-36.81,14.2858,-100,84.78,23.48,2.87166,2.369415,18.8095,0.0017
7659,-100,-40.0,40,3.75,9.5,-34.71,13.2373,-93,79.04,32.33,1.603828,1.939183,31.4732,0.0017
7661,-100,-40.0,40,3.75,10.5,-36.21,14.2182,-97,83.55,25.38,2.474055,2.39508,22.7744,0.0025
7662,-100,-40.0,40,3.75,11.0,-35.04,14.2472,-97,78.2,33.63,1.770591,2.56092,32.0249,0.0036
7663,-100,-40.0,40,3.75,11.5,-38.16,14.9467,-100,78.78,32.75,2.061264,1.602936,24.889,0.0093
7664,-100,-40.0,40,3.75,12.0,-38.2,15.8337,-100,81.51,28.53,2.454963,2.252003,22.7279,0.006
7665,-100,-40.0,40,3.75,12.5,-35.81,15.747,-100,75.7,37.49,1.755806,2.25044,33.2491,0.0158
7667,-100,-40.0,40,3.75,13.5,-39.57,17.5876,-100,81.85,28.0,2.911917,2.067276,18.612,0.0096
7666,-100,-40.0,40,3.75,13.0,-38.68,16.6846,-100,78.39,33.35,2.369571,2.090145,23.3152,0.0073
7669,-100,-40.0,40,4.0,1.0,-25.81,1.6516,-51,77.83,34.21,0.356522,0.2636,41.4214,0.0
7668,-100,-40.0,40,3.75,14.0,-39.7,17.5123,-100,77.52,34.69,2.213417,1.831726,23.4447,0.0165
7671,-100,-40.0,40,4.0,2.0,-26.03,3.8516,-52,83.78,25.03,1.044439,0.842521,29.3769,0.0
7670,-100,-40.0,40,4.0,1.5,-25.72,4.0248,-49,76.99,35.5,0.506447,0.659686,40.6248,0.0
7672,-100,-40.0,40,4.0,2.5,-27.78,5.3955,-53,76.17,36.78,0.86849,1.659708,40.1661,0.0
7673,-100,-40.0,40,4.0,3.0,-27.95,4.9822,-57,79.54,31.57,0.859723,1.351653,36.3095,0.0
7674,-100,-40.0,40,4.0,3.5,-29.26,5.7458,-57,77.94,34.05,0.893702,1.330955,37.5566,0.0
7675,-100,-40.0,40,4.0,4.0,-26.15,6.8007,-63,76.22,36.7,0.651652,1.348622,40.722,0.0
7677,-100,-40.0,40,4.0,5.0,-25.58,7.1807,-69,77.69,34.42,1.088849,2.384759,38.624,0.0
7676,-100,-40.0,40,4.0,4.5,-27.57,8.5869,-62,74.49,39.38,0.823167,1.175652,39.8485,0.0
7679,-100,-40.0,40,4.0,6.0,-29.64,9.1887,-75,79.78,31.19,1.617103,1.978813,30.8339,0.0
7678,-100,-40.0,40,4.0,5.5,-28.47,8.5564,-71,75.03,38.52,1.03098,1.995438,39.7596,0.0
7680,-100,-40.0,40,4.0,6.5,-29.54,10.9675,-71,76.53,36.2,1.314929,1.414935,33.3909,0.0
7681,-100,-40.0,40,4.0,7.0,-32.55,10.8826,-79,78.29,33.5,1.608982,1.495897,30.1987,0.0
7682,-100,-40.0,40,4.0,7.5,-30.89,11.2065,-80,76.38,36.46,1.440754,1.737691,33.2624,0.0006
7683,-100,-40.0,40,4.0,8.0,-29.92,11.3808,-83,74.81,38.86,1.30436,2.102842,38.0341,0.0001
7684,-100,-40.0,40,4.0,8.5,-31.04,13.0305,-86,78.2,33.64,1.568417,1.718528,30.3737,0.0003
7685,-100,-40.0,40,4.0,9.0,-34.65,13.6258,-86,79.71,31.31,1.99061,1.35365,22.7455,0.0015
7686,-100,-40.0,40,4.0,9.5,-31.3,14.0273,-84,75.24,38.2,1.753186,2.301965,33.0005,0.0001
7687,-100,-40.0,40,4.0,10.0,-32.63,13.7836,-90,74.95,38.65,1.773231,2.217853,31.4941,0.0018
7688,-100,-40.0,40,4.0,10.5,-30.83,15.2289,-91,76.15,36.81,1.801724,2.121733,30.3799,0.0021
7689,-100,-40.0,40,4.0,11.0,-32.7,15.567,-97,74.92,38.7,1.71568,1.825151,31.743,0.0056
7691,-100,-40.0,40,4.0,12.0,-33.72,16.4086,-100,76.64,36.05,2.202849,2.172478,27.9855,0.0169
7690,-100,-40.0,40,4.0,11.5,-32.13,15.3782,-95,71.94,43.3,1.614847,2.112255,35.7286,0.0084
7692,-100,-40.0,40,4.0,12.5,-33.56,17.23,-100,74.2,39.82,2.049471,1.959603,28.4598,0.0145
7693,-100,-40.0,40,4.0,13.0,-36.24,17.0579,-100,75.05,38.5,2.111684,1.71423,25.1254,0.0087
7696,-100,-40.0,40,4.25,1.0,-24.54,6.8792,-49,78.53,33.13,1.044052,1.089545,34.3497,0.0
7694,-100,-40.0,40,4.0,13.5,-34.94,18.5446,-100,73.92,40.26,2.134045,2.097671,27.9808,0.0254
7695,-100,-40.0,40,4.0,14.0,-34.75,18.3965,-100,73.54,40.82,2.162389,2.637702,31.1497,0.043
7697,-100,-40.0,40,4.25,1.5,-24.51,6.7106,-47,75.11,38.4,0.967668,1.514212,39.4206,0.0
7698,-100,-40.0,40,4.25,2.0,-24.4,6.0696,-53,76.94,35.58,1.122048,2.112677,37.8704,0.0
7699,-100,-40.0,40,4.25,2.5,-25.35,7.2476,-52,78.71,32.87,1.150062,1.302997,33.6411,0.0
7700,-100,-40.0,40,4.25,3.0,-24.69,6.9948,-60,76.25,36.62,1.069082,1.836904,38.6367,0.0
7701,-100,-40.0,40,4.25,3.5,-25.98,7.9183,-57,78.6,33.02,1.561296,2.05208,32.0166,0.0
7702,-100,-40.0,40,4.25,4.0,-24.29,7.8533,-60,77.48,34.75,1.185222,2.075136,36.599,0.0
7703,-100,-40.0,40,4.25,4.5,-24.89,9.5457,-64,72.51,42.42,0.978996,1.441957,39.6621,0.0
7704,-100,-40.0,40,4.25,5.0,-25.03,9.9198,-71,73.89,40.29,0.971265,1.508043,39.5891,0.0
7705,-100,-40.0,40,4.25,5.5,-26.96,10.5769,-67,78.26,33.54,1.746249,1.705839,29.4717,0.0
7706,-100,-40.0,40,4.25,6.0,-27.45,10.9542,-69,70.75,45.14,1.143805,1.54203,37.4888,0.0001
7707,-100,-40.0,40,4.25,6.5,-26.38,11.5529,-73,74.7,39.04,1.33396,1.820477,35.3829,0.0001
7708,-100,-40.0,40,4.25,7.0,-27.07,11.6472,-80,70.43,45.61,1.167293,1.484042,38.3802,0.0001
7709,-100,-40.0,40,4.25,7.5,-27.48,12.6472,-75,72.55,42.35,1.530617,1.966931,36.2294,0.0008
7710,-100,-40.0,40,4.25,8.0,-28.78,14.0744,-85,75.65,37.57,1.826355,1.942609,28.1815,0.0002
7711,-100,-40.0,40,4.25,8.5,-27.06,13.5196,-82,72.4,42.57,1.598265,2.188978,36.8551,0.0016
7712,-100,-40.0,40,4.25,9.0,-29.72,13.6498,-85,74.39,39.51,1.788325,1.868685,31.453,0.0007
7713,-100,-40.0,40,4.25,9.5,-28.31,14.3971,-94,72.07,43.09,1.610764,2.195883,36.3918,0.0046
7715,-100,-40.0,40,4.25,10.5,-30.94,16.4596,-95,73.53,40.85,1.942044,1.594474,27.3233,0.0058
7714,-100,-40.0,40,4.25,10.0,-30.42,14.7149,-97,68.71,48.26,1.492776,1.641679,34.6106,0.0031
7716,-100,-40.0,40,4.25,11.0,-29.32,16.3693,-96,69.43,47.18,1.66351,1.888797,34.7346,0.013
7717,-100,-40.0,40,4.25,11.5,-29.37,17.275,-100,68.1,49.2,1.588357,1.90576,35.8245,0.0069
7719,-100,-40.0,40,4.25,12.5,-32.73,17.7981,-99,72.92,41.79,2.134763,1.965658,28.5633,0.0301
7718,-100,-40.0,40,4.25,12.0,-31.45,16.9148,-98,69.45,47.15,1.751275,1.858988,34.0552,0.0149
7720,-100,-40.0,40,4.25,13.0,-30.41,18.3999,-100,68.61,48.43,1.822625,2.041447,33.2077,0.0312
7721,-100,-40.0,40,4.25,13.5,-34.26,19.0857,-100,74.08,40.0,2.481927,1.777832,20.97,0.0403
7723,-100,-40.0,40,4.5,1.0,-25.83,10.1729,-50,65.38,53.42,0.727656,0.797955,42.7281,0.0
7722,-100,-40.0,40,4.25,14.0,-33.33,19.4161,-100,72.5,42.44,2.249883,1.977747,26.8573,0.0198
7725,-100,-40.0,40,4.5,2.0,-22.71,8.9154,-53,73.22,41.33,1.161202,1.642209,37.2383,0.0
7724,-100,-40.0,40,4.5,1.5,-26.03,9.5615,-50,62.13,58.45,0.646815,0.47441,42.7666,0.0
7727,-100,-40.0,40,4.5,3.0,-23.83,10.692,-55,72.1,43.06,1.136621,1.292328,36.0163,0.0
7726,-100,-40.0,40,4.5,2.5,-24.02,9.6069,-55,69.93,46.4,0.94882,1.104669,38.9358,0.0
7728,-100,-40.0,40,4.5,3.5,-26.35,10.6802,-57,67.18,50.66,1.011747,0.775914,36.2189,0.0
7730,-100,-40.0,40,4.5,4.5,-24.56,10.8448,-65,69.84,46.55,1.134677,1.552512,38.7676,0.0
7729,-100,-40.0,40,4.5,4.0,-24.55,11.2266,-61,67.92,49.51,1.040911,1.09054,38.278,0.0
7731,-100,-40.0,40,4.5,5.0,-27.31,11.4515,-67,69.6,46.92,1.3351,1.595494,35.0031,0.0
7732,-100,-40.0,40,4.5,5.5,-23.02,12.1413,-68,72.78,42.01,1.532879,1.929012,35.6233,0.0
7733,-100,-40.0,40,4.5,6.0,-24.9,13.3025,-71,70.14,46.1,1.332846,1.778218,35.3816,0.0
7734,-100,-40.0,40,4.5,6.5,-26.2,12.5912,-76,70.0,46.3,1.350235,1.420336,34.5711,0.0002
7735,-100,-40.0,40,4.5,7.0,-30.23,13.1426,-76,69.42,47.19,1.571114,1.320503,28.1774,0.0008
7736,-100,-40.0,40,4.5,7.5,-25.59,13.2981,-78,69.02,47.82,1.456497,1.84581,35.7643,0.0007
7737,-100,-40.0,40,4.5,8.0,-25.68,13.9062,-95,67.57,50.03,1.297165,1.616973,36.6725,0.0018
7738,-100,-40.0,40,4.5,8.5,-25.91,13.9915,-85,67.69,49.84,1.467779,2.436266,38.4699,0.0028
7740,-100,-40.0,40,4.5,9.5,-25.27,16.3058,-88,71.08,44.62,1.872322,2.12021,32.0586,0.0075
7739,-100,-40.0,40,4.5,9.0,-27.18,15.8624,-87,64.7,54.49,1.294559,1.185676,34.671,0.0032
7741,-100,-40.0,40,4.5,10.0,-27.9,16.5375,-96,68.87,48.04,1.744296,1.64871,31.7514,0.0042
7742,-100,-40.0,40,4.5,10.5,-28.05,16.6375,-92,66.9,51.06,1.654913,1.517451,31.6594,0.0126
7744,-100,-40.0,40,4.5,11.5,-30.46,18.2646,-97,69.12,47.65,1.837486,1.232794,26.3497,0.0233
7743,-100,-40.0,40,4.5,11.0,-27.79,17.1896,-94,65.61,53.05,1.594398,1.626197,33.4292,0.0093
7745,-100,-40.0,40,4.5,12.0,-27.66,18.247,-100,68.66,48.35,1.799455,2.278861,31.5275,0.0209
7747,-100,-40.0,40,4.5,13.0,-29.89,19.1316,-100,68.62,48.42,1.986627,1.675566,28.2891,0.0496
7746,-100,-40.0,40,4.5,12.5,-26.66,18.8881,-96,65.72,52.91,1.759513,2.116352,33.9422,0.034
7748,-100,-40.0,40,4.5,13.5,-30.88,19.4821,-100,69.12,47.63,2.152105,1.928105,25.8764,0.0223
7749,-100,-40.0,40,4.5,14.0,-31.82,20.0669,-100,70.89,44.91,2.305934,1.965654,26.6071,0.0612
7750,-100,-40.0,40,4.75,1.0,-24.3,10.79,-49,60.24,61.35,0.637157,0.655803,44.752,0.0
7751,-100,-40.0,40,4.75,1.5,-25.01,11.0323,-49,64.76,54.4,0.8039,0.649286,40.0099,0.0
7752,-100,-40.0,40,4.75,2.0,-25.08,11.5549,-51,66.76,51.3,0.957462,0.684697,36.7217,0.0
7753,-100,-40.0,40,4.75,2.5,-24.0,11.7836,-53,65.92,52.6,0.965955,0.739302,37.1635,0.0
7755,-100,-40.0,40,4.75,3.5,-24.51,12.9377,-58,64.18,55.26,0.988408,1.130797,38.3892,0.0
7756,-100,-40.0,40,4.75,4.0,-23.03,12.6178,-60,66.18,52.19,1.172189,1.409448,37.5626,0.0
7754,-100,-40.0,40,4.75,3.0,-22.9,11.187,-58,59.18,62.97,0.626099,0.658147,44.8177,0.0
7757,-100,-40.0,40,4.75,4.5,-23.38,12.269,-61,66.08,52.35,1.241002,1.383174,36.1998,0.0
7758,-100,-40.0,40,4.75,5.0,-26.4,12.3597,-68,61.97,58.67,1.001219,1.607572,40.4401,0.0
7759,-100,-40.0,40,4.75,5.5,-23.13,13.4514,-66,61.52,59.35,0.905564,1.062778,40.2848,0.0007
7760,-100,-40.0,40,4.75,6.0,-24.23,14.3993,-70,66.47,51.73,1.326463,1.377108,34.0646,0.0003
7761,-100,-40.0,40,4.75,6.5,-26.2,13.5797,-74,62.97,57.13,1.230694,1.87795,37.8165,0.0004
7762,-100,-40.0,40,4.75,7.0,-25.76,13.986,-77,61.53,59.34,1.272913,1.6062,36.8978,0.0006
7763,-100,-40.0,40,4.75,7.5,-22.81,15.0841,-79,64.88,54.17,1.339334,1.91587,37.9986,0.0016
7764,-100,-40.0,40,4.75,8.0,-25.81,16.2623,-79,67.68,49.87,1.577372,1.716161,32.1552,0.0032
7765,-100,-40.0,40,4.75,8.5,-23.79,15.1992,-80,60.25,61.36,1.295923,1.682924,38.1118,0.0091
7766,-100,-40.0,40,4.75,9.0,-24.31,16.9597,-83,66.75,51.31,1.688092,1.761566,31.909,0.0057
7767,-100,-40.0,40,4.75,9.5,-26.51,16.2796,-86,62.8,57.41,1.569432,1.677414,32.6705,0.0154
7768,-100,-40.0,40,4.75,10.0,-27.11,17.2255,-87,63.41,56.45,1.628428,1.550539,30.3629,0.0185
7769,-100,-40.0,40,4.75,10.5,-25.92,17.3573,-93,62.17,58.38,1.468212,1.618574,34.9864,0.02
7771,-100,-40.0,40,4.75,11.5,-25.04,19.152,-95,63.96,55.61,1.719478,1.835613,32.1547,0.0304
7772,-100,-40.0,40,4.75,12.0,-26.58,18.5819,-94,63.23,56.75,1.717096,1.912398,30.9876,0.0384
7770,-100,-40.0,40,4.75,11.0,-24.48,18.3419,-97,63.39,56.48,1.680885,1.63075,32.3067,0.026
7773,-100,-40.0,40,4.75,12.5,-27.66,19.2731,-94,63.79,55.86,1.902745,1.856252,28.4236,0.0274
7774,-100,-40.0,40,4.75,13.0,-27.38,19.575,-100,63.76,55.94,1.846774,1.667749,27.8726,0.0566
7776,-100,-40.0,40,4.75,14.0,-30.86,20.7855,-100,68.39,48.79,2.276306,1.448193,19.5811,0.063
7775,-100,-40.0,40,4.75,13.5,-25.71,20.569,-100,61.48,59.45,1.689483,1.803434,32.9626,0.0441
7778,-100,-40.0,40,5.0,1.5,-21.39,11.3012,-49,58.64,63.82,0.623679,0.830827,45.3628,0.0
7777,-100,-40.0,40,5.0,1.0,-19.12,13.5262,-49,60.42,61.07,0.736689,0.899907,43.3398,0.0
7779,-100,-40.0,40,5.0,2.0,-20.18,13.5551,-53,62.64,57.66,0.9776,0.867,38.5233,0.0
7780,-100,-40.0,40,5.0,2.5,-22.94,13.0919,-54,58.3,64.34,0.893161,1.37399,42.6011,0.0
7781,-100,-40.0,40,5.0,3.0,-22.01,12.0813,-57,57.9,64.98,0.865606,1.194889,42.1162,0.0
7783,-100,-40.0,40,5.0,4.0,-23.01,14.1407,-60,60.02,61.69,1.192115,1.11893,35.2484,0.0
7782,-100,-40.0,40,5.0,3.5,-21.96,13.1866,-61,56.11,67.72,0.854207,1.230316,42.8005,0.0
7784,-100,-40.0,40,5.0,4.5,-21.75,14.999,-65,59.31,62.82,1.037778,0.999523,38.6023,0.0001
7785,-100,-40.0,40,5.0,5.0,-26.24,13.2421,-62,61.1,60.02,1.272719,1.121133,35.0238,0.0
7786,-100,-40.0,40,5.0,5.5,-23.29,15.1592,-68,64.02,55.53,1.428981,1.474667,31.907,0.0001
7787,-100,-40.0,40,5.0,6.0,-21.52,15.771,-70,62.97,57.11,1.355337,1.462828,34.7512,0.0004
7788,-100,-40.0,40,5.0,6.5,-24.32,15.3517,-77,61.38,59.6,1.37903,1.228362,32.7974,0.0012
7790,-100,-40.0,40,5.0,7.5,-21.2,16.259,-75,59.44,62.56,1.31598,1.599976,37.73,0.0041
7789,-100,-40.0,40,5.0,7.0,-24.61,15.1943,-74,60.26,61.32,1.346683,1.585147,36.4614,0.0041
7791,-100,-40.0,40,5.0,8.0,-22.77,15.7819,-82,56.16,67.64,1.254299,1.628403,38.3778,0.0059
7792,-100,-40.0,40,5.0,8.5,-24.7,16.8685,-89,60.48,61.01,1.514469,1.272332,30.2827,0.0099
7793,-100,-40.0,40,5.0,9.0,-24.68,18.2867,-92,63.15,56.84,1.685694,1.22554,25.8605,0.026
7795,-100,-40.0,40,5.0,10.0,-24.29,18.2938,-95,64.17,55.29,1.737594,2.037911,32.7158,0.0272
7794,-100,-40.0,40,5.0,9.5,-23.87,17.6088,-86,59.65,62.3,1.506153,1.586144,33.0895,0.02
7796,-100,-40.0,40,5.0,10.5,-23.84,19.403,-89,65.41,53.4,1.815448,1.581718,29.5413,0.0254
7797,-100,-40.0,40,5.0,11.0,-25.94,18.8296,-98,62.55,57.77,1.793619,1.403911,26.3749,0.0225
7798,-100,-40.0,40,5.0,11.5,-22.41,20.0022,-96,61.89,58.83,1.688374,1.628566,31.4593,0.0288
7804,-100,-35.0,40,1.0,1.0,,,,100.0,0.0,0.0,0.0,0.0,0.0
7799,-100,-40.0,40,5.0,12.0,-25.92,19.7566,-94,63.62,56.14,1.8497,1.493909,26.9502,0.0421
7805,-100,-35.0,40,1.0,1.5,,,,100.0,0.0,0.0,0.0,0.0,0.0
7800,-100,-40.0,40,5.0,12.5,-24.18,20.6549,-99,61.46,59.47,1.734691,1.729068,29.1248,0.0203
7806,-100,-35.0,40,1.0,2.0,,,,100.0,0.0,0.0,0.0,0.0,0.0
7807,-100,-35.0,40,1.0,2.5,,,,100.0,0.0,0.0,0.0,0.0,0.0
7801,-100,-40.0,40,5.0,13.0,-28.42,20.9545,-100,66.18,52.18,2.177657,1.350283,19.3911,0.0832
7803,-100,-40.0,40,5.0,14.0,-23.28,21.938,-100,64.38,54.97,1.959236,1.901799,29.4629,0.0479
7802,-100,-40.0,40,5.0,13.5,-22.1,22.4091,-100,62.36,58.09,1.859518,1.840442,31.0556,0.0649
7808,-100,-35.0,40,1.0,3.0,,,,100.0,0.0,0.0,0.0,0.0,0.0
7809,-100,-35.0,40,1.0,3.5,,,,100.0,0.0,0.0,0.0,0.0,0.0
7810,-100,-35.0,40,1.0,4.0,,,,100.0,0.0,0.0,0.0,0.0,0.0
7811,-100,-35.0,40,1.0,4.5,,,,100.0,0.0,0.0,0.0,0.0,0.0
7812,-100,-35.0,40,1.0,5.0,,,,100.0,0.0,0.0,0.0,0.0,0.0
7813,-100,-35.0,40,1.0,5.5,,,,100.0,0.0,0.0,0.0,0.0,0.0
7814,-100,-35.0,40,1.0,6.0,,,,100.0,0.0,0.0,0.0,0.0,0.0
7816,-100,-35.0,40,1.0,7.0,,,,100.0,0.0,0.0,0.0,0.0,0.0
7815,-100,-35.0,40,1.0,6.5,,,,100.0,0.0,0.0,0.0,0.0,0.0
7817,-100,-35.0,40,1.0,7.5,,,,100.0,0.0,0.0,0.0,0.0,0.0
7818,-100,-35.0,40,1.0,8.0,,,,100.0,0.0,0.0,0.0,0.0,0.0
7819,-100,-35.0,40,1.0,8.5,,,,100.0,0.0,0.0,0.0,0.0,0.0
7820,-100,-35.0,40,1.0,9.0,,,,100.0,0.0,0.0,0.0,0.0,0.0
7821,-100,-35.0,40,1.0,9.5,,,,100.0,0.0,0.0,0.0,0.0,0.0
7822,-100,-35.0,40,1.0,10.0,,,,100.0,0.0,0.0,0.0,0.0,0.0
7823,-100,-35.0,40,1.0,10.5,-76.0,0.0,-76,100.0,0.0,3.935736,0.0,0.0035,0.0
7825,-100,-35.0,40,1.0,11.5,-81.67,4.9889,-87,100.0,0.01,3.86766,0.564289,0.0053,0.0
7824,-100,-35.0,40,1.0,11.0,-80.0,0.0,-80,100.0,0.0,3.128741,0.0,0.0035,0.0
7826,-100,-35.0,40,1.0,12.0,-89.5,7.5,-97,100.0,0.0,4.518189,0.073947,0.007,0.0
7827,-100,-35.0,40,1.0,12.5,-79.25,9.0381,-90,100.0,0.01,4.068694,1.578296,0.0076,0.0
7828,-100,-35.0,40,1.0,13.0,-82.09,13.8397,-100,99.99,0.02,4.943457,1.07031,0.018,0.0
7829,-100,-35.0,40,1.0,13.5,-84.17,12.9282,-100,99.99,0.02,4.422277,0.649988,0.0197,0.0
7831,-100,-35.0,40,1.25,1.0,,,,100.0,0.0,0.0,0.0,0.0,0.0
7830,-100,-35.0,40,1.0,14.0,-86.7,8.4386,-100,99.98,0.04,3.23619,0.589258,0.0352,0.0
7832,-100,-35.0,40,1.25,1.5,,,,100.0,0.0,0.0,0.0,0.0,0.0
7833,-100,-35.0,40,1.25,2.0,,,,100.0,0.0,0.0,0.0,0.0,0.0
7834,-100,-35.0,40,1.25,2.5,,,,100.0,0.0,0.0,0.0,0.0,0.0
7835,-100,-35.0,40,1.25,3.0,,,,100.0,0.0,0.0,0.0,0.0,0.0
7836,-100,-35.0,40,1.25,3.5,,,,100.0,0.0,0.0,0.0,0.0,0.0
7837,-100,-35.0,40,1.25,4.0,,,,100.0,0.0,0.0,0.0,0.0,0.0
7838,-100,-35.0,40,1.25,4.5,,,,100.0,0.0,0.0,0.0,0.0,0.0
7839,-100,-35.0,40,1.25,5.0,,,,100.0,0.0,0.0,0.0,0.0,0.0
7841,-100,-35.0,40,1.25,6.0,,,,100.0,0.0,0.0,0.0,0.0,0.0
7840,-100,-35.0,40,1.25,5.5,,,,100.0,0.0,0.0,0.0,0.0,0.0
7843,-100,-35.0,40,1.25,7.0,,,,100.0,0.0,0.0,0.0,0.0,0.0
7842,-100,-35.0,40,1.25,6.5,,,,100.0,0.0,0.0,0.0,0.0,0.0
7844,-100,-35.0,40,1.25,7.5,,,,100.0,0.0,0.0,0.0,0.0,0.0
7845,-100,-35.0,40,1.25,8.0,,,,100.0,0.0,0.0,0.0,0.0,0.0
7846,-100,-35.0,40,1.25,8.5,,,,100.0,0.0,0.0,0.0,0.0,0.0
7847,-100,-35.0,40,1.25,9.0,-85.0,0.0,-85,100.0,0.0,3.781964,0.0,0.0035,0.0
7848,-100,-35.0,40,1.25,9.5,,,,100.0,0.0,0.0,0.0,0.0,0.0
7849,-100,-35.0,40,1.25,10.0,,,,100.0,0.0,0.0,0.0,0.0,0.0
7850,-100,-35.0,40,1.25,10.5,-94.0,0.0,-94,100.0,0.0,5.714673,0.0,0.0035,0.0
7853,-100,-35.0,40,1.25,12.0,-76.83,11.2014,-92,99.99,0.02,3.955435,0.401127,0.0252,0.0
7851,-100,-35.0,40,1.25,11.0,-78.2,6.9109,-88,99.99,0.01,3.906273,1.053521,0.014,0.0
7852,-100,-35.0,40,1.25,11.5,-76.0,8.6023,-91,99.99,0.02,4.833417,1.776538,0.0185,0.0
7854,-100,-35.0,40,1.25,12.5,-78.31,12.0816,-100,99.98,0.03,5.057954,1.399087,0.0246,0.0
7855,-100,-35.0,40,1.25,13.0,-75.6,9.7816,-98,99.97,0.05,4.514625,2.22151,0.0455,0.0
7856,-100,-35.0,40,1.25,13.5,-79.81,13.8688,-100,99.97,0.04,4.724724,1.274183,0.0278,0.0
7858,-100,-35.0,40,1.5,1.0,,,,100.0,0.0,0.0,0.0,0.0,0.0
7857,-100,-35.0,40,1.25,14.0,-75.0,14.8692,-100,99.87,0.21,4.115978,1.131352,0.1437,0.0
7859,-100,-35.0,40,1.5,1.5,,,,100.0,0.0,0.0,0.0,0.0,0.0
7860,-100,-35.0,40,1.5,2.0,,,,100.0,0.0,0.0,0.0,0.0,0.0
7861,-100,-35.0,40,1.5,2.5,,,,100.0,0.0,0.0,0.0,0.0,0.0
7862,-100,-35.0,40,1.5,3.0,,,,100.0,0.0,0.0,0.0,0.0,0.0
7863,-100,-35.0,40,1.5,3.5,,,,100.0,0.0,0.0,0.0,0.0,0.0
7864,-100,-35.0,40,1.5,4.0,,,,100.0,0.0,0.0,0.0,0.0,0.0
7865,-100,-35.0,40,1.5,4.5,,,,100.0,0.0,0.0,0.0,0.0,0.0
7866,-100,-35.0,40,1.5,5.0,,,,100.0,0.0,0.0,0.0,0.0,0.0
7867,-100,-35.0,40,1.5,5.5,,,,100.0,0.0,0.0,0.0,0.0,0.0
7868,-100,-35.0,40,1.5,6.0,,,,100.0,0.0,0.0,0.0,0.0,0.0
7869,-100,-35.0,40,1.5,6.5,,,,100.0,0.0,0.0,0.0,0.0,0.0
7870,-100,-35.0,40,1.5,7.0,,,,100.0,0.0,0.0,0.0,0.0,0.0
7871,-100,-35.0,40,1.5,7.5,,,,100.0,0.0,0.0,0.0,0.0,0.0
7872,-100,-35.0,40,1.5,8.0,,,,100.0,0.0,0.0,0.0,0.0,0.0
7873,-100,-35.0,40,1.5,8.5,,,,100.0,0.0,0.0,0.0,0.0,0.0
7874,-100,-35.0,40,1.5,9.0,-69.0,0.0,-69,100.0,0.0,4.067379,0.0,0.0035,0.0
7876,-100,-35.0,40,1.5,10.0,-79.0,0.0,-79,100.0,0.0,3.911434,0.0,0.0035,0.0
7877,-100,-35.0,40,1.5,10.5,-68.45,9.5571,-82,99.99,0.02,5.290692,2.058149,0.0256,0.0
7875,-100,-35.0,40,1.5,9.5,,,,100.0,0.0,0.0,0.0,0.0,0.0
7878,-100,-35.0,40,1.5,11.0,-73.77,11.7024,-98,99.98,0.02,4.533053,0.725825,0.0247,0.0
7879,-100,-35.0,40,1.5,11.5,-73.33,11.6301,-100,99.97,0.05,4.226081,1.548094,0.0681,0.0
7880,-100,-35.0,40,1.5,12.0,-72.94,12.2077,-99,99.96,0.06,7.141963,3.673054,0.0618,0.0
7882,-100,-35.0,40,1.5,13.0,-73.8,12.4868,-100,99.94,0.1,4.375316,0.85257,0.089,0.0
7881,-100,-35.0,40,1.5,12.5,-75.14,11.5325,-98,99.93,0.11,4.451352,0.69361,0.1156,0.0
7883,-100,-35.0,40,1.5,13.5,-73.48,12.311,-100,99.85,0.23,3.821279,1.374321,0.2679,0.0
7885,-100,-35.0,40,1.75,1.0,,,,100.0,0.0,0.0,0.0,0.0,0.0
7884,-100,-35.0,40,1.5,14.0,-74.33,12.375,-100,99.78,0.34,4.275812,0.904324,0.2992,0.0002
7886,-100,-35.0,40,1.75,1.5,,,,100.0,0.0,0.0,0.0,0.0,0.0
7887,-100,-35.0,40,1.75,2.0,,,,100.0,0.0,0.0,0.0,0.0,0.0
7888,-100,-35.0,40,1.75,2.5,,,,100.0,0.0,0.0,0.0,0.0,0.0
7889,-100,-35.0,40,1.75,3.0,,,,100.0,0.0,0.0,0.0,0.0,0.0
7890,-100,-35.0,40,1.75,3.5,,,,100.0,0.0,0.0,0.0,0.0,0.0
7891,-100,-35.0,40,1.75,4.0,,,,100.0,0.0,0.0,0.0,0.0,0.0
7892,-100,-35.0,40,1.75,4.5,,,,100.0,0.0,0.0,0.0,0.0,0.0
7893,-100,-35.0,40,1.75,5.0,,,,100.0,0.0,0.0,0.0,0.0,0.0
7895,-100,-35.0,40,1.75,6.0,,,,100.0,0.0,0.0,0.0,0.0,0.0
7894,-100,-35.0,40,1.75,5.5,,,,100.0,0.0,0.0,0.0,0.0,0.0
7896,-100,-35.0,40,1.75,6.5,,,,100.0,0.0,0.0,0.0,0.0,0.0
7897,-100,-35.0,40,1.75,7.0,-77.0,0.0,-77,100.0,0.0,10.771211,0.0,0.0035,0.0
7898,-100,-35.0,40,1.75,7.5,,,,100.0,0.0,0.0,0.0,0.0,0.0
7899,-100,-35.0,40,1.75,8.0,-75.0,0.0,-75,100.0,0.0,4.769786,0.0,0.0035,0.0
7900,-100,-35.0,40,1.75,8.5,,,,100.0,0.0,0.0,0.0,0.0,0.0
7901,-100,-35.0,40,1.75,9.0,-75.5,6.5,-82,100.0,0.0,5.442198,0.910232,0.0046,0.0
7902,-100,-35.0,40,1.75,9.5,-66.33,4.1096,-71,100.0,0.01,6.302303,1.220411,0.0074,0.0
7903,-100,-35.0,40,1.75,10.0,-67.39,8.1727,-82,99.98,0.03,4.011351,1.292705,0.0479,0.0
7904,-100,-35.0,40,1.75,10.5,-69.0,10.9788,-88,99.98,0.03,6.02469,0.614515,0.0357,0.0
7905,-100,-35.0,40,1.75,11.0,-72.33,9.1174,-91,99.95,0.08,3.809393,1.13075,0.1083,0.0
7906,-100,-35.0,40,1.75,11.5,-69.03,11.0114,-97,99.87,0.2,4.069385,0.836635,0.2038,0.0
7907,-100,-35.0,40,1.75,12.0,-66.54,12.6765,-100,99.83,0.27,4.31893,0.590729,0.3045,0.0
7909,-100,-35.0,40,1.75,13.0,-69.68,12.1751,-100,99.84,0.24,5.59033,3.940941,0.2352,0.0
7908,-100,-35.0,40,1.75,12.5,-69.62,11.9216,-100,99.84,0.24,4.697359,1.08965,0.2294,0.0
7910,-100,-35.0,40,1.75,13.5,-68.44,13.781,-100,99.57,0.67,3.797787,1.758577,0.7816,0.0002
7912,-100,-35.0,40,2.0,1.0,,,,100.0,0.0,0.0,0.0,0.0,0.0
7911,-100,-35.0,40,1.75,14.0,-69.84,15.4661,-100,99.59,0.64,5.248881,1.487654,0.5163,0.0002
7913,-100,-35.0,40,2.0,1.5,,,,100.0,0.0,0.0,0.0,0.0,0.0
7914,-100,-35.0,40,2.0,2.0,,,,100.0,0.0,0.0,0.0,0.0,0.0
7915,-100,-35.0,40,2.0,2.5,,,,100.0,0.0,0.0,0.0,0.0,0.0
7916,-100,-35.0,40,2.0,3.0,,,,100.0,0.0,0.0,0.0,0.0,0.0
7917,-100,-35.0,40,2.0,3.5,,,,100.0,0.0,0.0,0.0,0.0,0.0
7918,-100,-35.0,40,2.0,4.0,,,,100.0,0.0,0.0,0.0,0.0,0.0
7919,-100,-35.0,40,2.0,4.5,,,,100.0,0.0,0.0,0.0,0.0,0.0
7920,-100,-35.0,40,2.0,5.0,,,,100.0,0.0,0.0,0.0,0.0,0.0
7921,-100,-35.0,40,2.0,5.5,,,,100.0,0.0,0.0,0.0,0.0,0.0
7922,-100,-35.0,40,2.0,6.0,,,,100.0,0.0,0.0,0.0,0.0,0.0
7923,-100,-35.0,40,2.0,6.5,-58.0,0.0,-58,100.0,0.0,6.440551,0.0,0.0035,0.0
7924,-100,-35.0,40,2.0,7.0,-70.0,0.0,-70,100.0,0.0,6.771291,0.0,0.0035,0.0
7925,-100,-35.0,40,2.0,7.5,-70.0,4.0,-74,100.0,0.0,4.402283,1.156384,0.0046,0.0
7926,-100,-35.0,40,2.0,8.0,-61.7,9.2201,-81,99.99,0.02,3.755968,1.350038,0.0281,0.0
7927,-100,-35.0,40,2.0,8.5,-65.12,6.7291,-79,99.98,0.03,5.537494,0.701685,0.0416,0.0
7928,-100,-35.0,40,2.0,9.0,-63.09,8.1075,-81,99.97,0.04,4.667657,1.167961,0.0584,0.0
7929,-100,-35.0,40,2.0,9.5,-63.06,13.5576,-100,99.96,0.06,6.70914,1.449324,0.0661,0.0
7930,-100,-35.0,40,2.0,10.0,-61.27,10.1615,-87,99.94,0.09,4.460667,2.115152,0.1236,0.0
7931,-100,-35.0,40,2.0,10.5,-60.86,10.8306,-100,99.73,0.42,3.521185,0.801506,0.5111,0.0
7932,-100,-35.0,40,2.0,11.0,-62.3,9.9694,-100,99.72,0.43,4.104671,1.090646,0.533,0.0
7933,-100,-35.0,40,2.0,11.5,-64.89,11.551,-94,99.73,0.41,4.670605,1.472571,0.4451,0.0
7934,-100,-35.0,40,2.0,12.0,-64.95,12.4548,-97,99.71,0.45,5.663999,1.190974,0.458,0.0
7935,-100,-35.0,40,2.0,12.5,-63.08,13.5521,-100,99.5,0.77,4.813019,2.718473,0.8953,0.0
7936,-100,-35.0,40,2.0,13.0,-65.22,13.2279,-100,99.34,1.01,3.947893,1.030941,1.0321,0.0001
7937,-100,-35.0,40,2.0,13.5,-62.81,14.2695,-100,99.13,1.35,4.318578,2.885021,1.664,0.0003
7938,-100,-35.0,40,2.0,14.0,-64.61,14.4983,-100,99.25,1.15,5.813523,1.590556,0.9394,0.0001
7939,-100,-35.0,40,2.25,1.0,,,,100.0,0.0,0.0,0.0,0.0,0.0
7940,-100,-35.0,40,2.25,1.5,,,,100.0,0.0,0.0,0.0,0.0,0.0
7941,-100,-35.0,40,2.25,2.0,,,,100.0,0.0,0.0,0.0,0.0,0.0
7942,-100,-35.0,40,2.25,2.5,,,,100.0,0.0,0.0,0.0,0.0,0.0
7943,-100,-35.0,40,2.25,3.0,,,,100.0,0.0,0.0,0.0,0.0,0.0
7944,-100,-35.0,40,2.25,3.5,,,,100.0,0.0,0.0,0.0,0.0,0.0
7945,-100,-35.0,40,2.25,4.0,,,,100.0,0.0,0.0,0.0,0.0,0.0
7946,-100,-35.0,40,2.25,4.5,,,,100.0,0.0,0.0,0.0,0.0,0.0
7948,-100,-35.0,40,2.25,5.5,-58.0,4.3205,-62,100.0,0.01,3.638226,0.502802,0.0105,0.0
7947,-100,-35.0,40,2.25,5.0,,,,100.0,0.0,0.0,0.0,0.0,0.0
7949,-100,-35.0,40,2.25,6.0,,,,100.0,0.0,0.0,0.0,0.0,0.0
7950,-100,-35.0,40,2.25,6.5,-58.67,6.0461,-69,99.99,0.01,6.255643,2.543988,0.0139,0.0
7951,-100,-35.0,40,2.25,7.0,-55.33,5.9852,-66,99.98,0.03,3.897826,1.827883,0.0383,0.0
7952,-100,-35.0,40,2.25,7.5,-55.98,7.2497,-71,99.88,0.18,3.506242,1.252641,0.2753,0.0
7953,-100,-35.0,40,2.25,8.0,-56.43,8.3752,-83,99.9,0.15,5.458714,3.593271,0.2073,0.0
7954,-100,-35.0,40,2.25,8.5,-56.73,9.1045,-81,99.81,0.29,5.004799,0.727255,0.3548,0.0
7955,-100,-35.0,40,2.25,9.0,-59.38,8.4578,-86,99.9,0.15,6.543977,1.544292,0.1771,0.0
7956,-100,-35.0,40,2.25,9.5,-57.42,8.976,-78,99.76,0.36,6.085599,1.66524,0.4346,0.0
7957,-100,-35.0,40,2.25,10.0,-58.18,9.262,-85,99.65,0.55,5.126005,0.822034,0.6209,0.0
7958,-100,-35.0,40,2.25,10.5,-59.14,10.3047,-93,99.57,0.67,4.887714,1.893896,0.745,0.0
7959,-100,-35.0,40,2.25,11.0,-59.75,10.9471,-88,99.6,0.61,5.292348,1.90571,0.6778,0.0
7960,-100,-35.0,40,2.25,11.5,-60.27,11.4977,-93,99.38,0.96,4.453971,1.459701,0.9624,0.0
7961,-100,-35.0,40,2.25,12.0,-59.26,12.6401,-100,99.29,1.1,5.707121,1.057669,1.0946,0.0
7962,-100,-35.0,40,2.25,12.5,-60.23,12.644,-100,98.91,1.68,4.37973,1.427795,1.7743,0.0002
7963,-100,-35.0,40,2.25,13.0,-61.72,13.3213,-100,99.04,1.48,6.06393,2.896946,1.4674,0.0
7964,-100,-35.0,40,2.25,13.5,-61.8,14.278,-100,98.99,1.57,6.223178,1.560991,1.4344,0.0001
7965,-100,-35.0,40,2.25,14.0,-59.36,15.1551,-100,98.55,2.23,5.833461,1.440278,2.1209,0.0004
7966,-100,-35.0,40,2.5,1.0,,,,100.0,0.0,0.0,0.0,0.0,0.0
7967,-100,-35.0,40,2.5,1.5,,,,100.0,0.0,0.0,0.0,0.0,0.0
7968,-100,-35.0,40,2.5,2.0,,,,100.0,0.0,0.0,0.0,0.0,0.0
7969,-100,-35.0,40,2.5,2.5,,,,100.0,0.0,0.0,0.0,0.0,0.0
7970,-100,-35.0,40,2.5,3.0,,,,100.0,0.0,0.0,0.0,0.0,0.0
7971,-100,-35.0,40,2.5,3.5,,,,100.0,0.0,0.0,0.0,0.0,0.0
7972,-100,-35.0,40,2.5,4.0,-50.5,1.5,-52,100.0,0.0,4.370522,0.226884,0.007,0.0
7973,-100,-35.0,40,2.5,4.5,-56.0,0.0,-56,100.0,0.0,4.996052,0.0,0.0035,0.0
7974,-100,-35.0,40,2.5,5.0,-55.5,4.9244,-62,100.0,0.01,4.560004,0.744196,0.014,0.0
7975,-100,-35.0,40,2.5,5.5,-53.67,6.4893,-67,99.98,0.03,5.20702,0.848786,0.0447,0.0
7976,-100,-35.0,40,2.5,6.0,-51.35,3.9964,-59,99.96,0.06,4.401807,0.744393,0.0907,0.0
7977,-100,-35.0,40,2.5,6.5,-52.18,5.6344,-67,99.94,0.09,8.768328,4.556038,0.1156,0.0
7978,-100,-35.0,40,2.5,7.0,-53.66,7.1762,-74,99.89,0.17,5.534643,1.144231,0.2515,0.0
7979,-100,-35.0,40,2.5,7.5,-54.36,7.4237,-75,99.77,0.35,4.469149,1.574069,0.4271,0.0
7980,-100,-35.0,40,2.5,8.0,-53.1,7.8523,-72,99.75,0.39,5.163795,0.824067,0.5023,0.0
7981,-100,-35.0,40,2.5,8.5,-51.13,8.5877,-83,99.3,1.08,5.660673,1.721808,1.5141,0.0
7982,-100,-35.0,40,2.5,9.0,-54.04,8.6739,-85,99.29,1.09,3.935128,0.69557,1.2846,0.0
7983,-100,-35.0,40,2.5,9.5,-53.9,9.8419,-86,99.25,1.16,5.320166,2.510865,1.629,0.0
7984,-100,-35.0,40,2.5,10.0,-53.11,10.3811,-91,99.21,1.22,8.278591,1.875109,1.436,0.0
7985,-100,-35.0,40,2.5,10.5,-54.69,10.927,-92,98.79,1.87,4.598189,1.637333,2.24,0.0
7986,-100,-35.0,40,2.5,11.0,-51.55,12.0538,-100,98.05,3.02,4.261426,2.446503,4.3071,0.0
7987,-100,-35.0,40,2.5,11.5,-54.38,11.6903,-96,97.83,3.34,3.625032,1.619408,3.7286,0.0
7988,-100,-35.0,40,2.5,12.0,-54.97,12.6349,-100,98.21,2.77,4.863106,0.844766,2.8244,0.0
7989,-100,-35.0,40,2.5,12.5,-55.25,13.4153,-100,97.97,3.13,5.019481,0.915936,3.137,0.0
7990,-100,-35.0,40,2.5,13.0,-55.65,13.9848,-100,98.15,2.85,5.790333,1.050304,2.7994,0.0001
7991,-100,-35.0,40,2.5,13.5,-57.18,14.3088,-100,97.73,3.51,5.292458,3.345981,3.2335,0.0006
7992,-100,-35.0,40,2.5,14.0,-56.45,14.9807,-100,97.18,4.35,5.341651,1.13803,3.6646,0.0008
7993,-100,-35.0,40,2.75,1.0,,,,100.0,0.0,0.0,0.0,0.0,0.0
7994,-100,-35.0,40,2.75,1.5,-46.0,0.0,-46,100.0,0.0,4.111366,0.0,0.0035,0.0
7996,-100,-35.0,40,2.75,2.5,-47.0,4.0,-51,100.0,0.0,4.714407,0.460405,0.007,0.0
7995,-100,-35.0,40,2.75,2.0,-47.0,0.0,-47,100.0,0.0,2.781936,0.0,0.0035,0.0
7997,-100,-35.0,40,2.75,3.0,-47.5,0.5,-48,100.0,0.0,6.776215,1.396736,0.0046,0.0
7998,-100,-35.0,40,2.75,3.5,-45.43,3.0011,-51,99.97,0.04,3.356823,0.393508,0.0661,0.0
7999,-100,-35.0,40,2.75,4.0,-50.83,2.8529,-54,99.99,0.01,4.050041,2.655,0.0174,0.0
8000,-100,-35.0,40,2.75,4.5,-46.21,4.3618,-55,99.98,0.03,8.707779,1.061977,0.0418,0.0
8001,-100,-35.0,40,2.75,5.0,-45.63,5.1376,-68,99.8,0.31,4.201096,0.722733,0.537,0.0
8002,-100,-35.0,40,2.75,5.5,-47.16,5.2282,-59,99.58,0.65,4.679542,0.882954,0.7993,0.0
8003,-100,-35.0,40,2.75,6.0,-48.1,6.3196,-62,99.81,0.29,8.500093,1.827719,0.4255,0.0
8004,-100,-35.0,40,2.75,6.5,-50.12,5.9972,-63,99.86,0.22,10.724636,3.392518,0.2597,0.0
8005,-100,-35.0,40,2.75,7.0,-49.05,7.0566,-68,99.38,0.96,4.997689,1.126885,1.1591,0.0
8006,-100,-35.0,40,2.75,7.5,-49.27,7.3075,-70,99.1,1.38,4.52215,1.70728,1.7232,0.0
8007,-100,-35.0,40,2.75,8.0,-48.35,8.106,-75,98.72,1.98,4.949506,2.833545,2.6455,0.0
8009,-100,-35.0,40,2.75,9.0,-49.63,9.1622,-85,98.39,2.49,4.891559,2.238052,3.0871,0.0
8008,-100,-35.0,40,2.75,8.5,-50.69,8.7073,-80,98.73,1.96,3.521747,0.596404,2.3497,0.0
8010,-100,-35.0,40,2.75,9.5,-49.76,9.5299,-90,99.18,1.26,8.757836,1.54111,1.4886,0.0
8011,-100,-35.0,40,2.75,10.0,-48.99,10.6518,-88,98.04,3.03,5.625261,1.208775,3.505,0.0
8012,-100,-35.0,40,2.75,10.5,-49.66,11.2253,-89,97.79,3.42,4.364718,3.277069,4.9328,0.0
8013,-100,-35.0,40,2.75,11.0,-51.21,12.0126,-88,97.91,3.22,5.239984,0.890737,3.29,0.0001
8015,-100,-35.0,40,2.75,12.0,-52.82,13.398,-100,97.82,3.37,6.269103,2.476214,3.2549,0.0007
8014,-100,-35.0,40,2.75,11.5,-49.44,12.1412,-97,96.26,5.77,3.833365,1.168769,6.414,0.0003
8016,-100,-35.0,40,2.75,12.5,-52.56,13.2318,-100,97.0,4.63,5.303263,2.092103,4.5131,0.0
8017,-100,-35.0,40,2.75,13.0,-53.07,14.5282,-100,97.08,4.51,5.703871,1.736375,4.2174,0.0006
8019,-100,-35.0,40,2.75,14.0,-52.04,14.9236,-100,94.88,7.9,3.813336,1.245715,7.3464,0.0013
8018,-100,-35.0,40,2.75,13.5,-52.44,14.4642,-100,95.76,6.55,4.449556,2.394524,6.2708,0.0008
8021,-100,-35.0,40,3.0,1.5,-43.67,0.9428,-45,100.0,0.01,10.546211,0.835573,0.0105,0.0
8020,-100,-35.0,40,3.0,1.0,,,,100.0,0.0,0.0,0.0,0.0,0.0
8022,-100,-35.0,40,3.0,2.0,-44.58,2.465,-49,99.99,0.02,4.890132,0.608764,0.032,0.0
8023,-100,-35.0,40,3.0,2.5,-43.76,2.2368,-49,99.98,0.03,4.958176,0.664416,0.0489,0.0
8024,-100,-35.0,40,3.0,3.0,-42.57,3.2666,-50,99.85,0.23,5.554189,0.886246,0.2838,0.0
8025,-100,-35.0,40,3.0,3.5,-44.01,3.617,-52,99.79,0.32,7.869012,2.503429,0.4139,0.0
8026,-100,-35.0,40,3.0,4.0,-43.59,3.693,-56,99.47,0.82,4.092196,2.908415,1.3706,0.0
8027,-100,-35.0,40,3.0,4.5,-44.2,4.574,-58,99.52,0.74,7.212489,2.001292,0.8955,0.0
8028,-100,-35.0,40,3.0,5.0,-44.9,5.1154,-63,98.91,1.68,3.617142,0.840812,2.0868,0.0
8029,-100,-35.0,40,3.0,5.5,-45.38,5.6055,-63,99.34,1.02,5.924195,0.929232,1.2367,0.0
8030,-100,-35.0,40,3.0,6.0,-45.13,6.1593,-64,99.23,1.18,8.208977,1.691599,1.4267,0.0
8032,-100,-35.0,40,3.0,7.0,-46.6,7.1659,-72,98.97,1.59,6.97058,1.509458,1.8977,0.0
8031,-100,-35.0,40,3.0,6.5,-43.09,6.5883,-65,97.35,4.09,4.070479,1.220199,5.1815,0.0
8033,-100,-35.0,40,3.0,7.5,-45.32,7.6954,-77,97.17,4.37,3.416462,0.628032,5.2722,0.0
8034,-100,-35.0,40,3.0,8.0,-44.25,8.442,-79,97.8,3.39,5.21543,0.84887,4.2002,0.0
8035,-100,-35.0,40,3.0,8.5,-46.51,9.1425,-79,98.6,2.16,8.48961,1.747042,2.5946,0.0
8036,-100,-35.0,40,3.0,9.0,-43.23,9.6917,-84,96.17,5.9,4.257242,1.035954,6.9215,0.0
8037,-100,-35.0,40,3.0,9.5,-47.32,10.8094,-86,98.04,3.03,8.250498,3.539676,3.1099,0.0
8038,-100,-35.0,40,3.0,10.0,-46.62,10.9937,-92,97.5,3.86,6.518641,1.813758,4.0605,0.0
8039,-100,-35.0,40,3.0,10.5,-46.22,11.9197,-92,96.81,4.92,5.625026,1.452925,5.2241,0.0001
8041,-100,-35.0,40,3.0,11.5,-46.91,12.4874,-93,95.04,7.66,3.930008,1.533179,8.1644,0.0003
8040,-100,-35.0,40,3.0,11.0,-45.36,11.8571,-92,94.57,8.38,3.135142,1.155919,9.1821,0.0001
8042,-100,-35.0,40,3.0,12.0,-48.89,13.7994,-98,96.53,5.36,6.067995,1.506608,4.621,0.0003
8043,-100,-35.0,40,3.0,12.5,-47.49,14.3212,-100,95.79,6.49,5.271141,1.382988,6.1359,0.0008
8044,-100,-35.0,40,3.0,13.0,-47.73,14.9039,-100,94.09,9.12,4.23184,1.296907,7.8971,0.0009
8047,-100,-35.0,40,3.25,1.0,-39.89,1.5692,-44,99.88,0.19,7.597922,2.06841,0.2957,0.0
8045,-100,-35.0,40,3.0,13.5,-51.12,15.1669,-100,95.04,7.65,5.178647,1.036241,5.5772,0.0017
8046,-100,-35.0,40,3.0,14.0,-50.02,15.8411,-100,94.48,8.52,4.858717,1.320879,6.6327,0.0019
8048,-100,-35.0,40,3.25,1.5,-39.99,1.8443,-46,99.66,0.52,4.634892,1.100368,0.7687,0.0
8049,-100,-35.0,40,3.25,2.0,-39.66,2.1777,-46,99.31,1.06,4.622162,2.341757,1.7172,0.0
8050,-100,-35.0,40,3.25,2.5,-40.1,2.6849,-48,99.36,0.99,6.781732,2.427725,1.3359,0.0
8051,-100,-35.0,40,3.25,3.0,-41.76,3.017,-49,99.58,0.64,6.972367,2.285976,0.8568,0.0
8052,-100,-35.0,40,3.25,3.5,-40.04,3.4205,-51,98.35,2.54,5.592454,1.44678,3.1889,0.0
8053,-100,-35.0,40,3.25,4.0,-40.11,4.2416,-57,97.69,3.57,4.218915,1.782867,5.0613,0.0
8054,-100,-35.0,40,3.25,4.5,-40.77,4.7037,-64,97.63,3.66,4.746872,0.958829,4.6409,0.0
8055,-100,-35.0,40,3.25,5.0,-42.15,5.2135,-58,98.26,2.69,4.947761,1.348632,3.2593,0.0
8056,-100,-35.0,40,3.25,5.5,-40.9,5.5758,-59,97.39,4.02,5.095949,1.553565,5.3197,0.0
8057,-100,-35.0,40,3.25,6.0,-39.91,6.1606,-63,97.29,4.18,6.276739,1.519404,5.044,0.0
8058,-100,-35.0,40,3.25,6.5,-39.23,6.4969,-66,97.43,3.97,7.244764,2.323412,4.9928,0.0
8059,-100,-35.0,40,3.25,7.0,-38.43,6.7856,-70,94.38,8.68,3.335755,1.290014,10.6978,0.0
8061,-100,-35.0,40,3.25,8.0,-40.49,8.523,-81,94.91,7.86,3.753961,1.249579,9.3021,0.0
8060,-100,-35.0,40,3.25,7.5,-40.01,7.5687,-71,94.11,9.09,2.844206,0.885164,10.9767,0.0
8062,-100,-35.0,40,3.25,8.5,-42.11,9.1061,-79,96.56,5.31,5.5206,2.181202,6.1248,0.0
8063,-100,-35.0,40,3.25,9.0,-40.09,9.9104,-88,94.61,8.31,3.946256,1.653937,9.8088,0.0
8064,-100,-35.0,40,3.25,9.5,-41.54,10.384,-81,93.1,10.64,2.906411,1.24043,12.0379,0.0
8065,-100,-35.0,40,3.25,10.0,-40.88,10.973,-87,93.49,10.04,3.567896,2.405773,12.2426,0.0
8066,-100,-35.0,40,3.25,10.5,-42.04,12.058,-92,94.46,8.56,4.127694,1.397119,9.0032,0.0
8067,-100,-35.0,40,3.25,11.0,-41.93,12.7833,-98,94.0,9.26,4.095687,1.18923,9.1045,0.0002
8068,-100,-35.0,40,3.25,11.5,-41.61,12.4632,-94,92.75,11.19,3.264302,2.145701,12.4119,0.0001
8069,-100,-35.0,40,3.25,12.0,-44.51,13.9313,-96,93.68,9.75,4.329205,1.299617,8.1253,0.0017
8070,-100,-35.0,40,3.25,12.5,-45.53,15.5408,-100,93.48,10.06,4.32388,1.164883,7.4184,0.0007
8071,-100,-35.0,40,3.25,13.0,-44.95,15.4648,-100,92.17,12.08,3.815379,1.053646,9.6671,0.0017
8072,-100,-35.0,40,3.25,13.5,-44.56,15.5924,-100,91.61,12.94,3.563624,1.707818,11.7853,0.0018
8073,-100,-35.0,40,3.25,14.0,-48.22,16.7733,-100,93.55,9.95,5.054791,1.89713,6.3858,0.0041
8074,-100,-35.0,40,3.5,1.0,-36.91,1.3665,-42,98.65,2.09,6.708411,1.286099,2.5618,0.0
8075,-100,-35.0,40,3.5,1.5,-35.07,2.162,-43,94.14,9.04,2.442194,1.176337,11.9839,0.0
8076,-100,-35.0,40,3.5,2.0,-34.09,2.3281,-43,90.05,15.36,1.770422,1.263097,19.5056,0.0
8077,-100,-35.0,40,3.5,2.5,-36.11,2.7769,-46,94.61,8.31,2.991378,1.919549,11.429,0.0
8078,-100,-35.0,40,3.5,3.0,-35.04,3.1694,-48,92.79,11.13,2.266902,3.274787,18.3371,0.0
8079,-100,-35.0,40,3.5,3.5,-35.79,3.4836,-49,96.11,6.01,5.177104,2.075624,7.5827,0.0
8080,-100,-35.0,40,3.5,4.0,-36.43,4.0619,-54,95.3,7.25,4.057412,2.431169,9.7968,0.0
8081,-100,-35.0,40,3.5,4.5,-35.67,4.6205,-59,91.6,12.95,2.159341,0.885063,16.1501,0.0
8082,-100,-35.0,40,3.5,5.0,-36.68,5.1489,-62,95.04,7.66,3.927808,1.291797,9.4982,0.0
8083,-100,-35.0,40,3.5,5.5,-36.4,5.5536,-60,92.95,10.88,2.670192,1.013333,13.377,0.0
8085,-100,-35.0,40,3.5,6.5,-37.13,7.4656,-69,94.32,8.77,3.79967,1.094305,9.5983,0.0
8086,-100,-35.0,40,3.5,7.0,-37.95,7.8548,-72,95.6,6.79,4.803903,1.553212,7.8174,0.0
8084,-100,-35.0,40,3.5,6.0,-35.18,6.2496,-66,91.75,12.73,2.310704,2.579007,18.9747,0.0
8087,-100,-35.0,40,3.5,7.5,-38.36,8.3581,-69,95.49,6.96,4.775455,1.544892,7.9351,0.0
8088,-100,-35.0,40,3.5,8.0,-35.96,9.3946,-73,93.87,9.45,3.597658,1.132169,10.4634,0.0
8089,-100,-35.0,40,3.5,8.5,-37.36,10.4484,-78,93.12,10.61,3.354987,1.139073,10.8963,0.0
8090,-100,-35.0,40,3.5,9.0,-35.84,10.246,-78,88.69,17.44,1.976774,1.435182,20.216,0.0
8091,-100,-35.0,40,3.5,9.5,-37.29,11.3481,-90,91.43,13.23,2.936063,1.317847,13.5509,0.0
8092,-100,-35.0,40,3.5,10.0,-37.19,11.938,-88,89.76,15.8,2.480656,1.429933,16.1958,0.0002
8094,-100,-35.0,40,3.5,11.0,-40.28,12.8116,-94,89.71,15.87,2.925612,1.803522,15.2074,0.0001
8093,-100,-35.0,40,3.5,10.5,-38.83,12.7164,-91,90.71,14.34,2.619724,0.997422,13.8077,0.0004
8095,-100,-35.0,40,3.5,11.5,-39.82,13.8421,-97,89.05,16.9,2.572753,1.157569,14.8474,0.0004
8097,-100,-35.0,40,3.5,12.5,-42.03,14.6595,-99,91.13,13.69,3.713043,1.728182,11.5513,0.0018
8096,-100,-35.0,40,3.5,12.0,-40.72,14.6069,-92,89.71,15.87,3.321791,2.055043,13.7629,0.0013
8098,-100,-35.0,40,3.5,13.0,-40.15,15.7703,-100,87.7,18.98,2.707625,1.54439,16.0688,0.0039
8099,-100,-35.0,40,3.5,13.5,-39.02,16.2294,-98,87.37,19.48,2.795168,2.346504,19.4214,0.0074
8100,-100,-35.0,40,3.5,14.0,-43.48,17.6282,-100,90.09,15.3,3.86268,1.627846,10.3549,0.0052
8101,-100,-35.0,40,3.75,1.0,-30.87,1.8511,-37,80.89,29.49,0.62391,0.491223,35.9252,0.0
8102,-100,-35.0,40,3.75,1.5,-29.69,1.69,-36,81.6,28.4,0.605626,0.570193,35.3292,0.0
8103,-100,-35.0,40,3.75,2.0,-31.83,2.0822,-39,85.23,22.8,1.047566,0.755641,29.0606,0.0
8104,-100,-35.0,40,3.75,2.5,-31.69,2.7466,-45,82.03,27.72,0.691696,0.547877,34.6171,0.0
8105,-100,-35.0,40,3.75,3.0,-31.37,3.3517,-46,85.33,22.63,1.063202,0.693514,28.0386,0.0
8106,-100,-35.0,40,3.75,3.5,-31.57,3.801,-53,85.73,22.02,1.132831,0.62783,26.7433,0.0
8107,-100,-35.0,40,3.75,4.0,-32.12,4.2305,-56,83.78,25.02,0.907993,0.577063,30.4547,0.0
8109,-100,-35.0,40,3.75,5.0,-32.1,5.5279,-57,87.96,18.58,1.523533,1.432965,24.2419,0.0
8108,-100,-35.0,40,3.75,4.5,-30.16,5.1151,-59,84.39,24.09,0.912873,0.891634,31.731,0.0
8110,-100,-35.0,40,3.75,5.5,-32.41,6.1315,-61,85.89,21.78,1.244904,1.04264,27.8092,0.0
8111,-100,-35.0,40,3.75,6.0,-32.93,6.6935,-67,85.95,21.69,1.430059,1.339486,25.6426,0.0
8113,-100,-35.0,40,3.75,7.0,-32.62,8.0537,-78,88.43,17.84,1.929399,1.393082,20.3706,0.0
8112,-100,-35.0,40,3.75,6.5,-31.16,7.1364,-72,81.92,27.89,0.924495,0.803729,32.8944,0.0
8115,-100,-35.0,40,3.75,8.0,-32.6,9.6963,-76,84.75,23.52,1.712262,1.684084,26.1933,0.0
8114,-100,-35.0,40,3.75,7.5,-32.93,8.1882,-76,83.49,25.49,1.148908,1.062499,29.6518,0.0
8116,-100,-35.0,40,3.75,8.5,-34.61,10.359,-79,85.02,23.1,1.566456,1.106751,24.1895,0.0001
8117,-100,-35.0,40,3.75,9.0,-34.14,11.1225,-85,86.19,21.3,1.979711,1.423825,21.9337,0.0
8119,-100,-35.0,40,3.75,10.0,-35.32,12.5629,-92,87.63,19.09,2.42524,1.468786,17.5466,0.0002
8118,-100,-35.0,40,3.75,9.5,-33.86,11.8328,-87,87.07,19.95,2.199742,1.90972,21.2173,0.0001
8121,-100,-35.0,40,3.75,11.0,-35.61,13.915,-92,88.62,17.55,3.055958,2.50822,17.1746,0.0009
8120,-100,-35.0,40,3.75,10.5,-35.05,13.1263,-89,85.86,21.82,2.32922,1.786703,19.7664,0.0007
8122,-100,-35.0,40,3.75,11.5,-34.33,13.8362,-91,83.59,25.33,1.986282,2.323186,24.6672,0.0011
8123,-100,-35.0,40,3.75,12.0,-35.55,14.5174,-100,83.37,25.67,2.051149,2.107232,23.5512,0.0018
8124,-100,-35.0,40,3.75,12.5,-38.13,16.3849,-99,87.04,19.99,2.879904,1.901261,15.6265,0.0038
8125,-100,-35.0,40,3.75,13.0,-34.24,15.635,-100,80.18,30.59,1.924353,2.771955,30.1318,0.0027
8126,-100,-35.0,40,3.75,13.5,-35.44,16.6115,-100,84.23,24.33,2.667355,2.466657,21.2098,0.0105
8127,-100,-35.0,40,3.75,14.0,-40.52,17.8137,-100,87.15,19.83,3.334368,1.642793,13.3445,0.0098
8128,-100,-35.0,40,4.0,1.0,-25.96,1.3542,-48,81.17,29.05,0.658169,0.460056,35.4756,0.0
8129,-100,-35.0,40,4.0,1.5,-26.2,2.0007,-43,77.84,34.18,0.308471,0.240691,41.4249,0.0
8130,-100,-35.0,40,4.0,2.0,-26.78,2.3375,-41,81.8,28.1,0.700903,0.506503,34.6085,0.0
8131,-100,-35.0,40,4.0,2.5,-25.9,2.6316,-49,81.37,28.74,0.687302,0.477183,35.1481,0.0
8133,-100,-35.0,40,4.0,3.5,-25.38,3.8655,-55,82.81,26.53,0.840583,0.534583,32.0209,0.0
8132,-100,-35.0,40,4.0,3.0,-26.6,3.2181,-53,83.03,26.19,0.842838,0.544414,31.9951,0.0
8134,-100,-35.0,40,4.0,4.0,-26.41,4.8526,-55,77.6,34.57,0.406192,0.667311,41.1654,0.0
8135,-100,-35.0,40,4.0,4.5,-26.64,4.9231,-64,82.8,26.53,0.843735,0.669859,32.6715,0.0
8136,-100,-35.0,40,4.0,5.0,-27.01,6.3305,-63,78.5,33.17,0.697406,0.861743,37.9064,0.0
8137,-100,-35.0,40,4.0,5.5,-27.44,7.2572,-67,79.12,32.22,0.947274,1.129414,35.1154,0.0
8138,-100,-35.0,40,4.0,6.0,-26.83,7.1256,-67,77.02,35.46,0.547594,1.183842,41.0575,0.0
8139,-100,-35.0,40,4.0,6.5,-27.4,7.956,-69,80.99,29.33,1.006143,1.134778,33.213,0.0
8140,-100,-35.0,40,4.0,7.0,-28.9,8.6212,-86,79.25,32.02,1.068255,1.505491,35.0273,0.0
8142,-100,-35.0,40,4.0,8.0,-30.13,10.3114,-77,85.87,21.81,2.168826,2.105081,22.0257,0.0
8143,-100,-35.0,40,4.0,8.5,-29.91,10.8996,-85,80.87,29.52,1.479135,1.625351,28.942,0.0
8141,-100,-35.0,40,4.0,7.5,-29.22,9.3462,-71,79.51,31.61,1.19956,1.474793,33.6048,0.0
8145,-100,-35.0,40,4.0,9.5,-29.99,13.3185,-84,85.52,22.35,2.443389,2.062085,20.5383,0.0
8144,-100,-35.0,40,4.0,9.0,-28.57,11.2714,-78,76.73,35.92,1.138908,1.764772,37.3734,0.0004
8146,-100,-35.0,40,4.0,10.0,-31.2,12.8316,-84,81.54,28.49,1.807889,2.05727,30.1515,0.0009
8147,-100,-35.0,40,4.0,10.5,-30.01,14.5432,-88,81.31,28.84,1.897605,1.693471,25.1904,0.0009
8148,-100,-35.0,40,4.0,11.0,-30.4,13.9337,-92,76.4,36.41,1.5472,2.019342,34.366,0.0008
8149,-100,-35.0,40,4.0,11.5,-33.5,15.0306,-91,83.1,26.06,2.352455,2.176501,21.7665,0.002
8150,-100,-35.0,40,4.0,12.0,-32.08,15.1406,-98,79.54,31.56,1.933996,2.179934,27.4605,0.0026
8151,-100,-35.0,40,4.0,12.5,-30.1,17.0737,-100,79.27,32.0,2.000609,2.329874,29.8697,0.0067
8152,-100,-35.0,40,4.0,13.0,-35.33,17.2238,-100,82.39,27.17,2.681494,1.992667,19.8109,0.0052
8153,-100,-35.0,40,4.0,13.5,-35.15,17.6516,-100,82.23,27.4,2.676474,2.143198,19.2569,0.0115
8155,-100,-35.0,40,4.25,1.0,-21.38,1.5108,-43,77.95,34.03,0.351368,0.274564,41.1973,0.0
8156,-100,-35.0,40,4.25,1.5,-22.44,2.8205,-45,80.34,30.33,0.691752,0.691656,36.3113,0.0
8154,-100,-35.0,40,4.0,14.0,-34.03,18.033,-100,79.13,32.2,2.089284,1.742086,24.2941,0.0081
8158,-100,-35.0,40,4.25,2.5,-22.33,3.6918,-49,80.45,30.17,0.629656,0.623148,36.2073,0.0
8157,-100,-35.0,40,4.25,2.0,-21.35,3.1902,-47,82.27,27.35,0.725577,0.727182,34.0511,0.0
8159,-100,-35.0,40,4.25,3.0,-23.51,3.8621,-52,77.61,34.56,0.411793,0.640071,41.3189,0.0
8160,-100,-35.0,40,4.25,3.5,-24.34,5.1206,-52,79.88,31.04,0.724751,0.731513,35.9756,0.0
8161,-100,-35.0,40,4.25,4.0,-22.23,6.3454,-57,81.92,27.9,0.956135,1.203338,33.3163,0.0
8162,-100,-35.0,40,4.25,4.5,-22.86,7.1247,-57,81.1,29.17,1.02506,1.186563,32.5025,0.0
8165,-100,-35.0,40,4.25,6.0,-26.55,9.9055,-68,85.61,22.21,2.255888,1.623172,20.5975,0.0
8164,-100,-35.0,40,4.25,5.5,-22.91,7.4487,-65,78.03,33.9,0.906947,1.79385,38.4204,0.0
8163,-100,-35.0,40,4.25,5.0,-24.09,8.1536,-61,76.07,36.9,0.864183,1.082142,37.8089,0.0
8166,-100,-35.0,40,4.25,6.5,-26.45,9.7085,-74,72.95,41.76,0.965673,1.163097,38.7864,0.0
8167,-100,-35.0,40,4.25,7.0,-24.81,10.2495,-70,74.73,39.0,1.094098,1.484933,37.9979,0.0
8168,-100,-35.0,40,4.25,7.5,-23.52,10.8792,-72,76.54,36.2,1.07523,1.677705,37.3702,0.0
8169,-100,-35.0,40,4.25,8.0,-27.4,11.971,-81,77.74,34.34,1.581567,1.361269,29.2114,0.0001
8170,-100,-35.0,40,4.25,8.5,-25.9,12.1288,-81,74.57,39.23,1.364301,1.522305,34.6753,0.0
8171,-100,-35.0,40,4.25,9.0,-23.63,12.0174,-77,74.86,38.8,1.272131,2.237829,39.1154,0.0006
8172,-100,-35.0,40,4.25,9.5,-30.06,13.7564,-83,82.24,27.4,2.304203,1.727688,21.5453,0.0015
8173,-100,-35.0,40,4.25,10.0,-27.36,14.0206,-93,75.43,37.91,1.521646,1.794729,33.6696,0.002
8174,-100,-35.0,40,4.25,10.5,-26.59,14.0136,-86,75.02,38.54,1.434494,2.213778,37.1606,0.0027
8175,-100,-35.0,40,4.25,11.0,-28.77,15.3851,-96,77.76,34.3,1.87871,1.812631,29.1265,0.0012
8176,-100,-35.0,40,4.25,11.5,-27.09,15.4016,-91,73.57,40.79,1.551652,2.022025,36.3875,0.0046
8182,-100,-35.0,40,4.5,1.0,-17.97,5.3014,-43,83.06,26.13,1.011963,0.916686,31.1005,0.0
8177,-100,-35.0,40,4.25,12.0,-27.25,15.9959,-99,73.54,40.82,1.479358,2.121267,35.1664,0.0039
8178,-100,-35.0,40,4.25,12.5,-27.72,16.3988,-92,73.68,40.61,1.767189,2.379807,35.3251,0.0059
8181,-100,-35.0,40,4.25,14.0,-30.94,18.3241,-100,77.81,34.23,2.2667,1.962703,25.2924,0.0169
8179,-100,-35.0,40,4.25,13.0,-30.3,16.319,-97,74.23,39.75,1.806498,2.22616,32.9737,0.0108
8180,-100,-35.0,40,4.25,13.5,-28.54,18.0427,-100,73.43,41.01,1.923145,2.006903,30.8911,0.0124
8183,-100,-35.0,40,4.5,1.5,-19.44,5.023,-44,79.35,31.86,0.889927,1.239172,35.9177,0.0
8184,-100,-35.0,40,4.5,2.0,-18.76,4.3087,-49,78.14,33.72,0.562736,0.961412,39.7632,0.0
8185,-100,-35.0,40,4.5,2.5,-18.87,5.8841,-48,76.29,36.58,0.711866,1.36959,40.5555,0.0
8186,-100,-35.0,40,4.5,3.0,-19.87,7.7479,-52,77.8,34.25,1.102018,1.612801,35.5587,0.0
8187,-100,-35.0,40,4.5,3.5,-20.37,7.2467,-52,77.34,34.97,1.04103,1.655285,37.1268,0.0
8188,-100,-35.0,40,4.5,4.0,-22.13,8.1053,-54,77.03,35.44,1.17095,1.544649,35.211,0.0
8189,-100,-35.0,40,4.5,4.5,-19.92,8.806,-59,75.26,38.18,1.022434,1.490709,38.5391,0.0
8190,-100,-35.0,40,4.5,5.0,-19.67,9.0782,-59,77.82,34.23,1.273626,1.897947,35.5622,0.0
8193,-100,-35.0,40,4.5,6.5,-20.36,10.5917,-66,79.28,31.98,1.694315,2.858452,32.518,0.0
8192,-100,-35.0,40,4.5,6.0,-20.32,10.9496,-65,73.33,41.17,1.083786,1.45293,38.7044,0.0
8194,-100,-35.0,40,4.5,7.0,-22.84,12.174,-69,73.09,41.5,1.284884,1.49633,35.8453,0.0
8191,-100,-35.0,40,4.5,5.5,-22.26,10.1939,-64,71.97,43.27,1.069429,1.119599,37.2361,0.0
8195,-100,-35.0,40,4.5,7.5,-22.39,11.9668,-75,72.86,41.89,1.3042,1.706897,37.4437,0.0
8196,-100,-35.0,40,4.5,8.0,-23.37,12.513,-75,73.36,41.1,1.413178,1.676612,35.6492,0.0
8197,-100,-35.0,40,4.5,8.5,-22.76,13.2279,-82,73.08,41.55,1.372553,1.815826,37.1719,0.0004
8198,-100,-35.0,40,4.5,9.0,-22.18,14.0164,-93,72.05,43.11,1.398422,2.088486,38.5024,0.001
8199,-100,-35.0,40,4.5,9.5,-20.6,13.9175,-89,75.05,38.5,1.644277,2.449105,36.0011,0.001
8200,-100,-35.0,40,4.5,10.0,-26.66,14.5445,-86,74.39,39.51,1.870318,1.745857,28.1908,0.003
8201,-100,-35.0,40,4.5,10.5,-24.83,15.0339,-92,71.65,43.76,1.646897,2.15813,34.9143,0.0049
8202,-100,-35.0,40,4.5,11.0,-25.11,16.1936,-99,71.52,43.94,1.621223,1.840076,34.1453,0.0057
8203,-100,-35.0,40,4.5,11.5,-26.6,16.8112,-90,74.56,39.26,1.775004,1.795541,29.8123,0.0168
8205,-100,-35.0,40,4.5,12.5,-26.73,18.4797,-96,74.56,39.24,2.112141,1.810858,26.9391,0.0132
8204,-100,-35.0,40,4.5,12.0,-25.82,16.9676,-97,70.29,45.86,1.690405,1.776407,32.4941,0.0192
8206,-100,-35.0,40,4.5,13.0,-27.53,18.522,-100,70.86,44.95,1.856516,1.671692,28.6359,0.0172
8207,-100,-35.0,40,4.5,13.5,-26.49,19.0619,-100,75.7,37.49,2.26475,2.2778,27.3768,0.0137
8208,-100,-35.0,40,4.5,14.0,-28.12,18.973,-100,71.48,44.01,2.012769,1.932545,29.9509,0.0256
8209,-100,-35.0,40,4.75,1.0,-16.25,9.2542,-39,73.41,41.04,0.966713,1.330833,38.9059,0.0
8211,-100,-35.0,40,4.75,2.0,-16.01,9.3879,-47,76.91,35.64,1.330094,1.658251,34.3192,0.0
8210,-100,-35.0,40,4.75,1.5,-17.0,9.2504,-45,73.33,41.16,0.877187,1.091507,38.8412,0.0
8212,-100,-35.0,40,4.75,2.5,-17.7,9.621,-48,73.49,40.9,1.069754,1.208233,37.4076,0.0
8213,-100,-35.0,40,4.75,3.0,-19.01,10.6805,-52,77.04,35.42,1.387635,1.155803,31.236,0.0
8215,-100,-35.0,40,4.75,4.0,-17.52,10.0594,-53,74.08,39.99,1.188817,1.780079,37.843,0.0
8214,-100,-35.0,40,4.75,3.5,-18.04,9.9614,-55,73.77,40.48,1.141968,1.747929,37.5898,0.0
8216,-100,-35.0,40,4.75,4.5,-18.54,11.1631,-59,72.86,41.89,1.21272,1.275426,35.0987,0.0
8217,-100,-35.0,40,4.75,5.0,-17.72,10.7361,-59,75.5,37.8,1.32356,1.813949,35.5478,0.0
8218,-100,-35.0,40,4.75,5.5,-18.98,11.5415,-64,74.78,38.92,1.346808,1.467233,34.5832,0.0
8219,-100,-35.0,40,4.75,6.0,-19.4,12.3534,-66,71.07,44.67,1.250071,1.527813,36.9323,0.0
8221,-100,-35.0,40,4.75,7.0,-17.89,12.4157,-71,79.15,32.16,1.893651,2.688352,31.4148,0.0001
8220,-100,-35.0,40,4.75,6.5,-17.69,12.6716,-70,72.58,42.29,1.316127,2.127872,39.1265,0.0
8222,-100,-35.0,40,4.75,7.5,-18.58,13.8357,-73,76.01,37.02,1.749562,2.275415,32.2987,0.0003
8223,-100,-35.0,40,4.75,8.0,-20.1,14.3721,-77,69.06,47.72,1.296356,1.464375,36.4894,0.0003
8224,-100,-35.0,40,4.75,8.5,-20.05,15.5105,-82,68.81,48.12,1.362938,1.558125,36.132,0.0004
8226,-100,-35.0,40,4.75,9.5,-22.65,16.6194,-82,75.45,37.89,2.006871,1.651431,26.0337,0.0037
8225,-100,-35.0,40,4.75,9.0,-20.59,14.9833,-85,70.66,45.25,1.463648,1.999825,36.7177,0.0028
8227,-100,-35.0,40,4.75,10.0,-21.77,16.155,-84,72.02,43.2,1.668711,1.836561,31.2454,0.0036
8228,-100,-35.0,40,4.75,10.5,-20.89,16.3691,-86,67.29,50.47,1.389213,2.02542,38.2245,0.0037
8229,-100,-35.0,40,4.75,11.0,-21.89,17.9438,-88,69.56,46.98,1.675358,1.688953,33.2192,0.0112
8230,-100,-35.0,40,4.75,11.5,-23.55,17.8552,-87,71.65,43.73,1.879065,1.840463,31.3929,0.0101
8232,-100,-35.0,40,4.75,12.5,-26.99,18.6666,-91,73.8,40.45,2.188873,1.59268,22.2487,0.0084
8231,-100,-35.0,40,4.75,12.0,-20.67,17.4668,-95,67.7,49.85,1.549062,2.264843,37.8999,0.0123
8233,-100,-35.0,40,4.75,13.0,-21.99,19.0007,-97,67.5,50.16,1.728673,2.262226,36.2845,0.0276
8234,-100,-35.0,40,4.75,13.5,-25.0,20.2265,-100,73.28,41.23,2.293589,2.038225,27.2966,0.0352
8235,-100,-35.0,40,4.75,14.0,-25.14,20.2734,-100,72.07,43.1,2.126076,1.897587,26.6527,0.0434
8236,-100,-35.0,40,5.0,1.0,-17.45,12.1955,-46,64.73,54.43,0.704333,0.674698,42.1827,0.0
8237,-100,-35.0,40,5.0,1.5,-16.77,11.8207,-44,65.13,53.82,0.736378,0.730256,41.3501,0.0
8238,-100,-35.0,40,5.0,2.0,-19.28,12.4959,-46,66.79,51.24,0.860834,0.665211,38.4964,0.0
8240,-100,-35.0,40,5.0,3.0,-18.87,13.3346,-50,70.85,44.99,1.14627,0.98371,34.8908,0.0
8241,-100,-35.0,40,5.0,3.5,-17.01,13.1553,-54,72.47,42.48,1.291676,1.244714,33.5252,0.0
8239,-100,-35.0,40,5.0,2.5,-19.01,11.542,-48,60.32,61.25,0.649638,0.667024,44.1386,0.0
8242,-100,-35.0,40,5.0,4.0,-19.99,12.6436,-54,70.32,45.79,1.215636,1.108203,32.767,0.0
8243,-100,-35.0,40,5.0,4.5,-17.57,13.7034,-56,65.79,52.79,1.031946,1.107889,39.0305,0.0
8244,-100,-35.0,40,5.0,5.0,-17.54,13.6661,-62,70.87,44.93,1.386596,1.334935,33.6786,0.0
8245,-100,-35.0,40,5.0,5.5,-20.25,13.4504,-66,69.15,47.62,1.248022,0.994961,32.7154,0.0
8246,-100,-35.0,40,5.0,6.0,-21.89,13.7646,-63,67.75,49.76,1.304138,1.117184,33.4522,0.0
8247,-100,-35.0,40,5.0,6.5,-20.05,13.7442,-66,66.44,51.77,1.160603,1.251854,36.8983,0.0
8248,-100,-35.0,40,5.0,7.0,-19.67,14.9803,-73,68.34,48.86,1.362049,1.426991,33.4233,0.0003
8249,-100,-35.0,40,5.0,7.5,-21.49,14.0045,-70,70.34,45.75,1.70921,2.233841,29.8492,0.0007
8250,-100,-35.0,40,5.0,8.0,-18.84,15.4997,-76,69.63,46.85,1.561324,1.707078,33.0769,0.002
8252,-100,-35.0,40,5.0,9.0,-19.24,16.452,-77,66.93,51.04,1.413083,1.844765,35.7373,0.0069
8251,-100,-35.0,40,5.0,8.5,-17.38,15.0562,-79,64.58,54.66,1.254134,1.930653,40.1342,0.0042
8253,-100,-35.0,40,5.0,9.5,-20.13,16.9031,-86,63.41,56.46,1.404218,1.515658,34.4136,0.0031
8254,-100,-35.0,40,5.0,10.0,-21.79,17.1453,-81,72.3,42.77,2.057312,2.064265,26.0677,0.0074
8255,-100,-35.0,40,5.0,10.5,-19.24,18.2376,-89,67.49,50.15,1.735541,1.985681,32.1569,0.0162
8256,-100,-35.0,40,5.0,11.0,-20.07,18.6612,-94,67.88,49.58,1.799583,2.032297,32.4851,0.0171
8257,-100,-35.0,40,5.0,11.5,-18.78,19.384,-91,65.65,53.01,1.618852,1.981226,35.8098,0.013
8258,-100,-35.0,40,5.0,12.0,-21.72,19.4059,-92,65.99,52.49,1.76147,1.586684,29.9767,0.0208
8263,-100,-30.0,40,1.0,1.0,,,,100.0,0.0,0.0,0.0,0.0,0.0
8264,-100,-30.0,40,1.0,1.5,,,,100.0,0.0,0.0,0.0,0.0,0.0
8259,-100,-35.0,40,5.0,12.5,-22.25,20.7442,-96,71.89,43.38,2.225064,1.719728,23.3547,0.0335
8266,-100,-30.0,40,1.0,2.5,,,,100.0,0.0,0.0,0.0,0.0,0.0
8265,-100,-30.0,40,1.0,2.0,,,,100.0,0.0,0.0,0.0,0.0,0.0
8261,-100,-35.0,40,5.0,13.5,-21.91,21.2981,-100,70.03,46.23,2.202011,1.927061,26.9659,0.0412
8260,-100,-35.0,40,5.0,13.0,-22.19,20.2532,-100,66.31,52.0,1.830684,1.572451,27.8954,0.0367
8267,-100,-30.0,40,1.0,3.0,,,,100.0,0.0,0.0,0.0,0.0,0.0
8262,-100,-35.0,40,5.0,14.0,-21.12,20.9468,-100,63.88,55.7,1.740814,1.794801,31.8094,0.0328
8268,-100,-30.0,40,1.0,3.5,,,,100.0,0.0,0.0,0.0,0.0,0.0
8269,-100,-30.0,40,1.0,4.0,,,,100.0,0.0,0.0,0.0,0.0,0.0
8270,-100,-30.0,40,1.0,4.5,,,,100.0,0.0,0.0,0.0,0.0,0.0
8271,-100,-30.0,40,1.0,5.0,,,,100.0,0.0,0.0,0.0,0.0,0.0
8272,-100,-30.0,40,1.0,5.5,,,,100.0,0.0,0.0,0.0,0.0,0.0
8273,-100,-30.0,40,1.0,6.0,,,,100.0,0.0,0.0,0.0,0.0,0.0
8274,-100,-30.0,40,1.0,6.5,,,,100.0,0.0,0.0,0.0,0.0,0.0
8275,-100,-30.0,40,1.0,7.0,,,,100.0,0.0,0.0,0.0,0.0,0.0
8276,-100,-30.0,40,1.0,7.5,,,,100.0,0.0,0.0,0.0,0.0,0.0
8277,-100,-30.0,40,1.0,8.0,,,,100.0,0.0,0.0,0.0,0.0,0.0
8278,-100,-30.0,40,1.0,8.5,,,,100.0,0.0,0.0,0.0,0.0,0.0
8279,-100,-30.0,40,1.0,9.0,,,,100.0,0.0,0.0,0.0,0.0,0.0
8280,-100,-30.0,40,1.0,9.5,,,,100.0,0.0,0.0,0.0,0.0,0.0
8281,-100,-30.0,40,1.0,10.0,,,,100.0,0.0,0.0,0.0,0.0,0.0
8282,-100,-30.0,40,1.0,10.5,,,,100.0,0.0,0.0,0.0,0.0,0.0
8283,-100,-30.0,40,1.0,11.0,,,,100.0,0.0,0.0,0.0,0.0,0.0
8284,-100,-30.0,40,1.0,11.5,,,,100.0,0.0,0.0,0.0,0.0,0.0
8285,-100,-30.0,40,1.0,12.0,-88.0,0.0,-88,100.0,0.0,7.668186,0.0,0.0035,0.0
8286,-100,-30.0,40,1.0,12.5,,,,100.0,0.0,0.0,0.0,0.0,0.0
8287,-100,-30.0,40,1.0,13.0,-82.0,3.0,-85,100.0,0.0,4.279651,0.474238,0.0046,0.0
8288,-100,-30.0,40,1.0,13.5,-82.25,7.7902,-90,100.0,0.01,4.191458,0.75503,0.0093,0.0
8289,-100,-30.0,40,1.0,14.0,-84.33,9.5161,-93,99.99,0.01,5.11809,0.927802,0.0091,0.0
8290,-100,-30.0,40,1.25,1.0,,,,100.0,0.0,0.0,0.0,0.0,0.0
8291,-100,-30.0,40,1.25,1.5,,,,100.0,0.0,0.0,0.0,0.0,0.0
8292,-100,-30.0,40,1.25,2.0,,,,100.0,0.0,0.0,0.0,0.0,0.0
8293,-100,-30.0,40,1.25,2.5,,,,100.0,0.0,0.0,0.0,0.0,0.0
8294,-100,-30.0,40,1.25,3.0,,,,100.0,0.0,0.0,0.0,0.0,0.0
8295,-100,-30.0,40,1.25,3.5,,,,100.0,0.0,0.0,0.0,0.0,0.0
8297,-100,-30.0,40,1.25,4.5,,,,100.0,0.0,0.0,0.0,0.0,0.0
8296,-100,-30.0,40,1.25,4.0,,,,100.0,0.0,0.0,0.0,0.0,0.0
8298,-100,-30.0,40,1.25,5.0,,,,100.0,0.0,0.0,0.0,0.0,0.0
8299,-100,-30.0,40,1.25,5.5,,,,100.0,0.0,0.0,0.0,0.0,0.0
8301,-100,-30.0,40,1.25,6.5,,,,100.0,0.0,0.0,0.0,0.0,0.0
8300,-100,-30.0,40,1.25,6.0,,,,100.0,0.0,0.0,0.0,0.0,0.0
8302,-100,-30.0,40,1.25,7.0,,,,100.0,0.0,0.0,0.0,0.0,0.0
8303,-100,-30.0,40,1.25,7.5,,,,100.0,0.0,0.0,0.0,0.0,0.0
8304,-100,-30.0,40,1.25,8.0,,,,100.0,0.0,0.0,0.0,0.0,0.0
8305,-100,-30.0,40,1.25,8.5,,,,100.0,0.0,0.0,0.0,0.0,0.0
8306,-100,-30.0,40,1.25,9.0,,,,100.0,0.0,0.0,0.0,0.0,0.0
8308,-100,-30.0,40,1.25,10.0,,,,100.0,0.0,0.0,0.0,0.0,0.0
8307,-100,-30.0,40,1.25,9.5,,,,100.0,0.0,0.0,0.0,0.0,0.0
8309,-100,-30.0,40,1.25,10.5,,,,100.0,0.0,0.0,0.0,0.0,0.0
8310,-100,-30.0,40,1.25,11.0,,,,100.0,0.0,0.0,0.0,0.0,0.0
8311,-100,-30.0,40,1.25,11.5,,,,100.0,0.0,0.0,0.0,0.0,0.0
8312,-100,-30.0,40,1.25,12.0,-100.0,0.0,-100,100.0,0.0,2.693245,0.0,0.0035,0.0
8313,-100,-30.0,40,1.25,12.5,-86.67,8.4984,-95,100.0,0.01,5.682397,1.764306,0.0053,0.0
8314,-100,-30.0,40,1.25,13.0,-81.15,11.0513,-100,99.98,0.02,4.655703,0.919763,0.023,0.0
8315,-100,-30.0,40,1.25,13.5,-69.12,8.7812,-88,99.99,0.02,5.28908,1.58669,0.0162,0.0
8316,-100,-30.0,40,1.25,14.0,-77.58,11.5408,-100,99.98,0.04,4.301574,1.306433,0.027,0.0
8317,-100,-30.0,40,1.5,1.0,,,,100.0,0.0,0.0,0.0,0.0,0.0
8318,-100,-30.0,40,1.5,1.5,,,,100.0,0.0,0.0,0.0,0.0,0.0
8319,-100,-30.0,40,1.5,2.0,,,,100.0,0.0,0.0,0.0,0.0,0.0
8320,-100,-30.0,40,1.5,2.5,,,,100.0,0.0,0.0,0.0,0.0,0.0
8321,-100,-30.0,40,1.5,3.0,,,,100.0,0.0,0.0,0.0,0.0,0.0
8322,-100,-30.0,40,1.5,3.5,,,,100.0,0.0,0.0,0.0,0.0,0.0
8323,-100,-30.0,40,1.5,4.0,,,,100.0,0.0,0.0,0.0,0.0,0.0
8324,-100,-30.0,40,1.5,4.5,,,,100.0,0.0,0.0,0.0,0.0,0.0
8325,-100,-30.0,40,1.5,5.0,,,,100.0,0.0,0.0,0.0,0.0,0.0
8326,-100,-30.0,40,1.5,5.5,,,,100.0,0.0,0.0,0.0,0.0,0.0
8327,-100,-30.0,40,1.5,6.0,,,,100.0,0.0,0.0,0.0,0.0,0.0
8328,-100,-30.0,40,1.5,6.5,,,,100.0,0.0,0.0,0.0,0.0,0.0
8329,-100,-30.0,40,1.5,7.0,,,,100.0,0.0,0.0,0.0,0.0,0.0
8330,-100,-30.0,40,1.5,7.5,,,,100.0,0.0,0.0,0.0,0.0,0.0
8331,-100,-30.0,40,1.5,8.0,,,,100.0,0.0,0.0,0.0,0.0,0.0
8332,-100,-30.0,40,1.5,8.5,,,,100.0,0.0,0.0,0.0,0.0,0.0
8333,-100,-30.0,40,1.5,9.0,,,,100.0,0.0,0.0,0.0,0.0,0.0
8334,-100,-30.0,40,1.5,9.5,-74.0,0.0,-74,100.0,0.0,4.153445,0.0,0.0035,0.0
8335,-100,-30.0,40,1.5,10.0,-87.0,0.0,-87,100.0,0.0,5.419699,0.0,0.0035,0.0
8336,-100,-30.0,40,1.5,10.5,-48.33,9.6724,-62,100.0,0.01,4.092196,0.365235,0.0105,0.0
8337,-100,-30.0,40,1.5,11.0,-76.0,10.0,-86,100.0,0.0,3.421267,0.179172,0.007,0.0
8338,-100,-30.0,40,1.5,11.5,-69.67,13.1487,-91,99.99,0.01,3.545333,0.290718,0.0118,0.0
8339,-100,-30.0,40,1.5,12.0,-73.64,9.1679,-88,99.99,0.02,4.586612,1.250961,0.0251,0.0
8340,-100,-30.0,40,1.5,12.5,-76.67,16.4587,-100,99.99,0.02,4.242096,1.294336,0.0252,0.0
8341,-100,-30.0,40,1.5,13.0,-70.46,9.1114,-86,99.98,0.02,7.23965,2.219561,0.0247,0.0
8342,-100,-30.0,40,1.5,13.5,-74.18,15.9724,-100,99.96,0.06,5.562084,1.344664,0.0516,0.0
8343,-100,-30.0,40,1.5,14.0,-71.9,10.7854,-99,99.95,0.08,3.983765,1.743762,0.0852,0.0
8344,-100,-30.0,40,1.75,1.0,,,,100.0,0.0,0.0,0.0,0.0,0.0
8345,-100,-30.0,40,1.75,1.5,,,,100.0,0.0,0.0,0.0,0.0,0.0
8346,-100,-30.0,40,1.75,2.0,,,,100.0,0.0,0.0,0.0,0.0,0.0
8347,-100,-30.0,40,1.75,2.5,,,,100.0,0.0,0.0,0.0,0.0,0.0
8348,-100,-30.0,40,1.75,3.0,,,,100.0,0.0,0.0,0.0,0.0,0.0
8349,-100,-30.0,40,1.75,3.5,,,,100.0,0.0,0.0,0.0,0.0,0.0
8350,-100,-30.0,40,1.75,4.0,,,,100.0,0.0,0.0,0.0,0.0,0.0
8353,-100,-30.0,40,1.75,5.5,,,,100.0,0.0,0.0,0.0,0.0,0.0
8351,-100,-30.0,40,1.75,4.5,,,,100.0,0.0,0.0,0.0,0.0,0.0
8354,-100,-30.0,40,1.75,6.0,,,,100.0,0.0,0.0,0.0,0.0,0.0
8352,-100,-30.0,40,1.75,5.0,,,,100.0,0.0,0.0,0.0,0.0,0.0
8355,-100,-30.0,40,1.75,6.5,,,,100.0,0.0,0.0,0.0,0.0,0.0
8356,-100,-30.0,40,1.75,7.0,,,,100.0,0.0,0.0,0.0,0.0,0.0
8357,-100,-30.0,40,1.75,7.5,,,,100.0,0.0,0.0,0.0,0.0,0.0
8358,-100,-30.0,40,1.75,8.0,,,,100.0,0.0,0.0,0.0,0.0,0.0
8359,-100,-30.0,40,1.75,8.5,,,,100.0,0.0,0.0,0.0,0.0,0.0
8360,-100,-30.0,40,1.75,9.0,,,,100.0,0.0,0.0,0.0,0.0,0.0
8361,-100,-30.0,40,1.75,9.5,-67.5,10.5,-78,100.0,0.0,8.224323,2.468793,0.0046,0.0
8362,-100,-30.0,40,1.75,10.0,-64.57,11.4,-83,99.99,0.01,4.969603,1.197671,0.0164,0.0
8364,-100,-30.0,40,1.75,11.0,-64.91,9.8022,-88,99.99,0.02,4.443538,1.429714,0.0257,0.0
8363,-100,-30.0,40,1.75,10.5,-63.2,6.3687,-74,99.99,0.01,6.803217,4.690401,0.0119,0.0
8365,-100,-30.0,40,1.75,11.5,-67.92,9.3229,-89,99.97,0.05,5.12238,1.943719,0.055,0.0
8366,-100,-30.0,40,1.75,12.0,-71.36,11.8449,-90,99.97,0.05,5.904045,3.223824,0.052,0.0
8368,-100,-30.0,40,1.75,13.0,-71.22,11.9902,-100,99.94,0.09,5.015369,0.703379,0.0989,0.0
8367,-100,-30.0,40,1.75,12.5,-72.38,10.2397,-94,99.97,0.05,5.932995,2.704042,0.0472,0.0
8369,-100,-30.0,40,1.75,13.5,-68.0,15.0369,-100,99.89,0.18,5.747808,1.077088,0.1683,0.0
8370,-100,-30.0,40,1.75,14.0,-68.72,14.1983,-100,99.85,0.23,4.358261,1.088415,0.2608,0.0
8371,-100,-30.0,40,2.0,1.0,,,,100.0,0.0,0.0,0.0,0.0,0.0
8373,-100,-30.0,40,2.0,2.0,,,,100.0,0.0,0.0,0.0,0.0,0.0
8372,-100,-30.0,40,2.0,1.5,,,,100.0,0.0,0.0,0.0,0.0,0.0
8374,-100,-30.0,40,2.0,2.5,,,,100.0,0.0,0.0,0.0,0.0,0.0
8375,-100,-30.0,40,2.0,3.0,,,,100.0,0.0,0.0,0.0,0.0,0.0
8376,-100,-30.0,40,2.0,3.5,,,,100.0,0.0,0.0,0.0,0.0,0.0
8377,-100,-30.0,40,2.0,4.0,,,,100.0,0.0,0.0,0.0,0.0,0.0
8378,-100,-30.0,40,2.0,4.5,,,,100.0,0.0,0.0,0.0,0.0,0.0
8379,-100,-30.0,40,2.0,5.0,,,,100.0,0.0,0.0,0.0,0.0,0.0
8381,-100,-30.0,40,2.0,6.0,,,,100.0,0.0,0.0,0.0,0.0,0.0
8380,-100,-30.0,40,2.0,5.5,,,,100.0,0.0,0.0,0.0,0.0,0.0
8382,-100,-30.0,40,2.0,6.5,,,,100.0,0.0,0.0,0.0,0.0,0.0
8384,-100,-30.0,40,2.0,7.5,-62.0,0.0,-62,100.0,0.0,8.443001,0.0,0.0035,0.0
8383,-100,-30.0,40,2.0,7.0,,,,100.0,0.0,0.0,0.0,0.0,0.0
8385,-100,-30.0,40,2.0,8.0,-60.0,0.0,-60,100.0,0.0,2.925933,0.0,0.0035,0.0
8386,-100,-30.0,40,2.0,8.5,-56.0,1.0,-57,100.0,0.0,5.436785,0.722763,0.007,0.0
8387,-100,-30.0,40,2.0,9.0,-67.67,1.6997,-70,100.0,0.01,5.729968,3.397111,0.0074,0.0
8388,-100,-30.0,40,2.0,9.5,-69.5,8.7321,-84,99.99,0.01,5.595212,1.550718,0.0118,0.0
8389,-100,-30.0,40,2.0,10.0,-62.0,7.5615,-72,99.98,0.03,6.415916,1.788476,0.0351,0.0
8390,-100,-30.0,40,2.0,10.5,-60.55,9.9598,-86,99.95,0.08,4.450282,0.808868,0.0943,0.0
8391,-100,-30.0,40,2.0,11.0,-63.97,8.8487,-77,99.96,0.06,6.404994,2.901828,0.0763,0.0
8392,-100,-30.0,40,2.0,11.5,-64.04,11.2648,-81,99.94,0.09,4.95604,2.903261,0.1151,0.0
8393,-100,-30.0,40,2.0,12.0,-64.62,11.0724,-94,99.9,0.15,5.266389,1.008419,0.1578,0.0
8394,-100,-30.0,40,2.0,12.5,-62.05,14.7054,-93,99.85,0.23,5.580361,0.891592,0.2261,0.0
8396,-100,-30.0,40,2.0,13.5,-62.21,13.191,-100,99.64,0.55,4.451206,1.663088,0.6272,0.0001
8395,-100,-30.0,40,2.0,13.0,-63.29,14.0313,-92,99.83,0.26,6.626079,4.392928,0.2749,0.0001
8397,-100,-30.0,40,2.0,14.0,-64.91,15.2319,-100,99.73,0.42,7.035884,2.058324,0.3463,0.0001
8398,-100,-30.0,40,2.25,1.0,,,,100.0,0.0,0.0,0.0,0.0,0.0
8400,-100,-30.0,40,2.25,2.0,,,,100.0,0.0,0.0,0.0,0.0,0.0
8399,-100,-30.0,40,2.25,1.5,,,,100.0,0.0,0.0,0.0,0.0,0.0
8401,-100,-30.0,40,2.25,2.5,,,,100.0,0.0,0.0,0.0,0.0,0.0
8402,-100,-30.0,40,2.25,3.0,,,,100.0,0.0,0.0,0.0,0.0,0.0
8403,-100,-30.0,40,2.25,3.5,,,,100.0,0.0,0.0,0.0,0.0,0.0
8405,-100,-30.0,40,2.25,4.5,,,,100.0,0.0,0.0,0.0,0.0,0.0
8404,-100,-30.0,40,2.25,4.0,,,,100.0,0.0,0.0,0.0,0.0,0.0
8406,-100,-30.0,40,2.25,5.0,,,,100.0,0.0,0.0,0.0,0.0,0.0
8407,-100,-30.0,40,2.25,5.5,,,,100.0,0.0,0.0,0.0,0.0,0.0
8408,-100,-30.0,40,2.25,6.0,,,,100.0,0.0,0.0,0.0,0.0,0.0
8409,-100,-30.0,40,2.25,6.5,,,,100.0,0.0,0.0,0.0,0.0,0.0
8410,-100,-30.0,40,2.25,7.0,-59.5,1.5,-61,100.0,0.0,7.948454,1.645961,0.0046,0.0
8411,-100,-30.0,40,2.25,7.5,-55.83,3.6248,-61,99.99,0.01,6.390383,1.262834,0.0175,0.0
8412,-100,-30.0,40,2.25,8.0,-55.75,5.5396,-63,100.0,0.01,6.379506,1.656632,0.0093,0.0
8413,-100,-30.0,40,2.25,8.5,-59.25,2.7272,-64,99.99,0.02,5.139752,0.602471,0.0193,0.0
8414,-100,-30.0,40,2.25,9.0,-64.8,9.9679,-88,99.99,0.02,4.440188,0.544772,0.0313,0.0
8416,-100,-30.0,40,2.25,10.0,-59.25,8.8507,-79,99.93,0.11,6.23667,1.225118,0.1298,0.0
8417,-100,-30.0,40,2.25,10.5,-59.49,11.1839,-91,99.88,0.18,3.683517,0.723496,0.2137,0.0
8415,-100,-30.0,40,2.25,9.5,-57.59,8.2664,-80,99.95,0.08,3.902915,1.302282,0.1289,0.0
8418,-100,-30.0,40,2.25,11.0,-59.94,11.3447,-91,99.92,0.13,6.927428,1.650148,0.1605,0.0
8419,-100,-30.0,40,2.25,11.5,-59.09,10.8181,-94,99.87,0.19,8.376809,1.91676,0.2171,0.0
8420,-100,-30.0,40,2.25,12.0,-57.21,11.8753,-92,99.66,0.53,6.043368,1.158635,0.6626,0.0
8421,-100,-30.0,40,2.25,12.5,-58.77,12.4417,-94,99.47,0.81,3.097591,1.122557,0.9696,0.0
8422,-100,-30.0,40,2.25,13.0,-60.32,11.9664,-98,99.63,0.57,6.223147,1.919266,0.5939,0.0
8425,-100,-30.0,40,2.5,1.0,,,,100.0,0.0,0.0,0.0,0.0,0.0
8426,-100,-30.0,40,2.5,1.5,,,,100.0,0.0,0.0,0.0,0.0,0.0
8424,-100,-30.0,40,2.25,14.0,-60.22,14.3476,-100,99.35,1.01,5.017592,1.030037,0.9778,0.0
8423,-100,-30.0,40,2.25,13.5,-57.82,14.0251,-100,99.18,1.26,4.05322,1.028752,1.3699,0.0
8427,-100,-30.0,40,2.5,2.0,,,,100.0,0.0,0.0,0.0,0.0,0.0
8428,-100,-30.0,40,2.5,2.5,,,,100.0,0.0,0.0,0.0,0.0,0.0
8429,-100,-30.0,40,2.5,3.0,,,,100.0,0.0,0.0,0.0,0.0,0.0
8430,-100,-30.0,40,2.5,3.5,,,,100.0,0.0,0.0,0.0,0.0,0.0
8432,-100,-30.0,40,2.5,4.5,,,,100.0,0.0,0.0,0.0,0.0,0.0
8431,-100,-30.0,40,2.5,4.0,,,,100.0,0.0,0.0,0.0,0.0,0.0
8433,-100,-30.0,40,2.5,5.0,-55.0,0.0,-55,100.0,0.0,10.947591,0.0,0.0035,0.0
8434,-100,-30.0,40,2.5,5.5,-45.0,0.0,-45,100.0,0.0,6.505498,0.0,0.0035,0.0
8435,-100,-30.0,40,2.5,6.0,-62.0,5.0,-67,100.0,0.0,6.872775,1.523379,0.0046,0.0
8437,-100,-30.0,40,2.5,7.0,-54.0,0.0,-54,100.0,0.0,3.574008,0.0,0.0035,0.0
8436,-100,-30.0,40,2.5,6.5,-53.0,0.0,-53,100.0,0.0,5.256068,0.0,0.0035,0.0
8438,-100,-30.0,40,2.5,7.5,-51.83,6.9929,-63,99.96,0.06,7.729083,1.69869,0.0807,0.0
8439,-100,-30.0,40,2.5,8.0,-55.28,7.7847,-69,99.97,0.05,4.106982,0.723102,0.0595,0.0
8440,-100,-30.0,40,2.5,8.5,-51.06,8.8205,-73,99.89,0.17,4.761889,0.754359,0.2055,0.0
8441,-100,-30.0,40,2.5,9.0,-52.59,8.7368,-70,99.86,0.21,4.739943,0.625446,0.2595,0.0
8442,-100,-30.0,40,2.5,9.5,-54.83,8.6343,-83,99.77,0.36,4.632805,1.605522,0.4606,0.0
8443,-100,-30.0,40,2.5,10.0,-54.95,8.7891,-78,99.68,0.49,3.917521,0.977614,0.5976,0.0
8444,-100,-30.0,40,2.5,10.5,-55.05,10.8837,-82,99.75,0.38,5.850937,0.905431,0.4778,0.0
8445,-100,-30.0,40,2.5,11.0,-53.9,11.7723,-86,99.49,0.79,4.845295,1.064651,0.9538,0.0
8446,-100,-30.0,40,2.5,11.5,-52.12,11.7301,-92,99.07,1.44,4.381276,2.007268,1.8993,0.0
8447,-100,-30.0,40,2.5,12.0,-54.15,13.1295,-92,99.37,0.98,7.425659,1.790493,1.0828,0.0
8448,-100,-30.0,40,2.5,12.5,-55.95,13.1983,-100,99.26,1.14,5.414274,0.975082,1.1803,0.0
8449,-100,-30.0,40,2.5,13.0,-54.68,13.7764,-100,99.02,1.52,5.5457,1.106524,1.5545,0.0001
8450,-100,-30.0,40,2.5,13.5,-54.66,13.417,-100,98.23,2.74,3.375378,1.052848,2.984,0.0001
8452,-100,-30.0,40,2.75,1.0,,,,100.0,0.0,0.0,0.0,0.0,0.0
8451,-100,-30.0,40,2.5,14.0,-56.15,14.7909,-100,98.48,2.34,4.889056,1.207682,2.3761,0.0002
8453,-100,-30.0,40,2.75,1.5,,,,100.0,0.0,0.0,0.0,0.0,0.0
8455,-100,-30.0,40,2.75,2.5,,,,100.0,0.0,0.0,0.0,0.0,0.0
8454,-100,-30.0,40,2.75,2.0,,,,100.0,0.0,0.0,0.0,0.0,0.0
8456,-100,-30.0,40,2.75,3.0,-51.0,0.0,-51,100.0,0.0,6.20084,0.0,0.0035,0.0
8457,-100,-30.0,40,2.75,3.5,,,,100.0,0.0,0.0,0.0,0.0,0.0
8458,-100,-30.0,40,2.75,4.0,-47.0,0.0,-47,100.0,0.0,4.52719,0.0,0.0035,0.0
8460,-100,-30.0,40,2.75,5.0,-45.0,0.0,-45,100.0,0.0,10.305337,0.0,0.0035,0.0
8461,-100,-30.0,40,2.75,5.5,-47.67,6.0406,-58,99.98,0.03,3.177763,0.408507,0.0372,0.0
8459,-100,-30.0,40,2.75,4.5,-43.5,0.5,-44,100.0,0.0,3.337367,0.001646,0.007,0.0
8462,-100,-30.0,40,2.75,6.0,-47.03,7.4143,-59,99.96,0.07,3.365648,0.463088,0.0959,0.0
8463,-100,-30.0,40,2.75,6.5,-48.33,6.7571,-62,99.95,0.07,8.519399,1.045014,0.0913,0.0
8464,-100,-30.0,40,2.75,7.0,-50.51,7.9728,-73,99.91,0.14,7.521173,3.035649,0.1878,0.0
8466,-100,-30.0,40,2.75,8.0,-48.59,8.0719,-71,99.77,0.35,6.694436,2.41169,0.4288,0.0
8465,-100,-30.0,40,2.75,7.5,-49.53,7.5302,-74,99.86,0.21,4.959957,0.974289,0.2758,0.0
8467,-100,-30.0,40,2.75,8.5,-50.79,8.7039,-71,99.86,0.21,7.084833,4.531513,0.2698,0.0
8468,-100,-30.0,40,2.75,9.0,-50.38,8.9644,-91,99.53,0.73,5.145713,2.62193,0.9291,0.0
8469,-100,-30.0,40,2.75,9.5,-48.26,9.9696,-82,99.11,1.37,4.338192,0.845017,1.7318,0.0
8470,-100,-30.0,40,2.75,10.0,-47.52,10.1694,-79,98.9,1.7,4.831095,0.827655,2.0948,0.0
8471,-100,-30.0,40,2.75,10.5,-48.73,10.2263,-82,98.3,2.63,3.386643,0.821436,3.1012,0.0
8473,-100,-30.0,40,2.75,11.5,-50.06,11.7547,-90,98.78,1.88,5.57069,1.170066,2.0955,0.0
8472,-100,-30.0,40,2.75,11.0,-50.1,11.4469,-90,98.73,1.95,4.671165,0.969087,2.1844,0.0
8474,-100,-30.0,40,2.75,12.0,-49.98,12.6231,-94,98.44,2.4,5.233981,1.445521,2.662,0.0
8475,-100,-30.0,40,2.75,12.5,-51.87,13.3021,-92,98.27,2.67,4.659978,1.12407,2.7271,0.0001
8476,-100,-30.0,40,2.75,13.0,-48.86,13.7297,-100,97.26,4.22,4.117877,1.289008,4.6764,0.0
8477,-100,-30.0,40,2.75,13.5,-51.51,14.6184,-100,97.73,3.5,5.188753,0.863004,2.9339,0.0003
8479,-100,-30.0,40,3.0,1.0,,,,100.0,0.0,0.0,0.0,0.0,0.0
8478,-100,-30.0,40,2.75,14.0,-52.02,14.4457,-100,97.56,3.76,4.397037,1.537635,3.5289,0.0002
8480,-100,-30.0,40,3.0,1.5,,,,100.0,0.0,0.0,0.0,0.0,0.0
8481,-100,-30.0,40,3.0,2.0,,,,100.0,0.0,0.0,0.0,0.0,0.0
8482,-100,-30.0,40,3.0,2.5,-41.0,0.0,-41,100.0,0.0,6.925547,0.0,0.0035,0.0
8485,-100,-30.0,40,3.0,4.0,-43.4,3.3427,-50,99.98,0.03,7.427121,3.194389,0.0372,0.0
8484,-100,-30.0,40,3.0,3.5,-48.0,3.0,-51,100.0,0.0,3.924116,0.178242,0.0046,0.0
8483,-100,-30.0,40,3.0,3.0,-42.5,1.5,-44,100.0,0.0,4.922401,0.211393,0.007,0.0
8486,-100,-30.0,40,3.0,4.5,-43.17,4.7608,-50,99.97,0.04,8.885224,1.315558,0.073,0.0
8487,-100,-30.0,40,3.0,5.0,-45.61,5.1223,-55,99.98,0.03,6.252355,0.727359,0.0524,0.0
8488,-100,-30.0,40,3.0,5.5,-46.13,6.3267,-61,99.86,0.22,3.392734,0.409477,0.3185,0.0
8489,-100,-30.0,40,3.0,6.0,-42.93,6.314,-60,99.7,0.46,6.788724,1.251965,0.561,0.0
8490,-100,-30.0,40,3.0,6.5,-44.88,6.7041,-65,99.62,0.58,5.372217,1.25404,0.7052,0.0
8491,-100,-30.0,40,3.0,7.0,-44.01,6.8441,-69,99.35,1.0,4.560042,0.680542,1.3696,0.0
8492,-100,-30.0,40,3.0,7.5,-46.14,7.8087,-63,99.75,0.39,6.100841,2.283211,0.5028,0.0
8493,-100,-30.0,40,3.0,8.0,-44.87,8.1994,-72,98.9,1.7,4.128253,0.701948,2.1438,0.0
8494,-100,-30.0,40,3.0,8.5,-43.1,8.7845,-75,98.45,2.39,5.666526,1.324207,2.9022,0.0
8497,-100,-30.0,40,3.0,10.0,-44.51,10.4425,-82,98.09,2.95,5.352178,2.958739,3.7688,0.0
8496,-100,-30.0,40,3.0,9.5,-44.28,9.9809,-84,98.61,2.14,7.100876,1.623171,2.5024,0.0
8495,-100,-30.0,40,3.0,9.0,-45.8,8.8709,-74,98.6,2.17,3.949744,1.461032,2.5383,0.0
8498,-100,-30.0,40,3.0,10.5,-46.54,11.2569,-100,98.19,2.79,5.24632,1.146855,3.0826,0.0
8499,-100,-30.0,40,3.0,11.0,-44.96,11.6097,-84,97.62,3.67,5.030789,0.935124,4.211,0.0
8500,-100,-30.0,40,3.0,11.5,-45.43,12.4547,-89,97.62,3.67,5.774494,1.116941,3.8284,0.0
8501,-100,-30.0,40,3.0,12.0,-47.03,12.6919,-95,97.12,4.45,4.361392,1.389953,4.8292,0.0001
8502,-100,-30.0,40,3.0,12.5,-47.24,13.2693,-100,97.28,4.2,4.679181,1.037106,4.448,0.0001
8503,-100,-30.0,40,3.0,13.0,-47.31,14.0766,-100,97.34,4.11,5.760348,2.991544,4.4862,0.0002
8504,-100,-30.0,40,3.0,13.5,-47.39,15.3833,-100,96.74,5.03,5.729943,1.225422,4.5825,0.0008
8506,-100,-30.0,40,3.25,1.0,-41.0,0.0,-41,100.0,0.0,7.443091,0.0,0.0035,0.0
8505,-100,-30.0,40,3.0,14.0,-47.23,15.27,-100,95.76,6.53,4.430228,0.831062,5.9718,0.0006
8508,-100,-30.0,40,3.25,2.0,-41.75,2.586,-45,100.0,0.01,5.188044,0.862728,0.0107,0.0
8507,-100,-30.0,40,3.25,1.5,,,,100.0,0.0,0.0,0.0,0.0,0.0
8509,-100,-30.0,40,3.25,2.5,-39.11,2.3806,-45,99.97,0.05,5.301933,1.45532,0.0774,0.0
8510,-100,-30.0,40,3.25,3.0,-40.62,2.9695,-47,99.97,0.05,5.400642,0.701473,0.0578,0.0
8511,-100,-30.0,40,3.25,3.5,-38.54,3.5621,-47,99.8,0.3,6.778916,1.253349,0.4421,0.0
8512,-100,-30.0,40,3.25,4.0,-40.52,3.7425,-51,99.86,0.22,7.004269,1.249033,0.2748,0.0
8513,-100,-30.0,40,3.25,4.5,-40.46,4.6019,-52,99.86,0.21,11.391711,4.338947,0.2762,0.0
8514,-100,-30.0,40,3.25,5.0,-38.48,5.2675,-53,99.02,1.51,5.478632,0.907019,1.8775,0.0
8515,-100,-30.0,40,3.25,5.5,-40.03,5.4446,-58,98.37,2.52,3.202011,0.499811,3.0946,0.0
8516,-100,-30.0,40,3.25,6.0,-41.3,5.7317,-60,99.24,1.17,5.384668,2.3794,1.5963,0.0
8517,-100,-30.0,40,3.25,6.5,-37.97,6.4033,-61,98.29,2.64,6.18639,1.82068,3.5585,0.0
8519,-100,-30.0,40,3.25,7.5,-39.48,7.4291,-67,98.39,2.49,7.238596,2.371018,3.2719,0.0
8518,-100,-30.0,40,3.25,7.0,-38.85,7.4085,-66,98.59,2.17,7.175586,1.168803,2.7355,0.0
8520,-100,-30.0,40,3.25,8.0,-40.06,8.3141,-70,98.08,2.96,6.38496,1.461215,3.5423,0.0
8521,-100,-30.0,40,3.25,8.5,-39.47,9.0281,-70,97.61,3.68,6.376063,2.32859,4.2921,0.0
8522,-100,-30.0,40,3.25,9.0,-40.93,9.2608,-85,97.11,4.45,4.709382,2.733078,5.8979,0.0
8523,-100,-30.0,40,3.25,9.5,-40.36,9.7606,-75,96.28,5.74,3.956655,1.374799,7.0919,0.0
8524,-100,-30.0,40,3.25,10.0,-42.1,10.9611,-86,96.87,4.83,4.550309,1.664482,5.5954,0.0
8525,-100,-30.0,40,3.25,10.5,-41.13,11.8223,-89,97.25,4.24,5.810252,4.070474,5.5702,0.0001
8526,-100,-30.0,40,3.25,11.0,-40.14,11.839,-87,96.62,5.22,5.524004,1.397862,5.8387,0.0001
8527,-100,-30.0,40,3.25,11.5,-41.58,12.5657,-100,95.62,6.76,4.249398,1.341149,7.2914,0.0
8528,-100,-30.0,40,3.25,12.0,-42.98,14.0363,-96,97.14,4.42,6.954345,1.431544,4.1659,0.0003
8529,-100,-30.0,40,3.25,12.5,-41.19,13.8009,-91,94.42,8.61,4.077855,1.297804,8.5075,0.0
8531,-100,-30.0,40,3.25,13.5,-44.79,15.5567,-100,95.59,6.81,4.968997,3.289803,6.9177,0.0003
8530,-100,-30.0,40,3.25,13.0,-43.35,15.2524,-96,95.24,7.35,4.596167,1.15958,6.7703,0.0003
8533,-100,-30.0,40,3.5,1.0,-34.9,1.1801,-37,99.89,0.18,7.666888,2.247106,0.2565,0.0
8532,-100,-30.0,40,3.25,14.0,-42.13,15.9787,-100,94.37,8.68,4.216725,2.907989,9.5626,0.001
8535,-100,-30.0,40,3.5,2.0,-35.14,2.2933,-41,99.74,0.4,6.515248,1.42344,0.6576,0.0
8534,-100,-30.0,40,3.5,1.5,-35.85,1.5904,-39,99.89,0.17,4.928073,0.666988,0.258,0.0
8536,-100,-30.0,40,3.5,2.5,-35.83,2.6376,-42,99.32,1.05,3.913056,0.637321,1.405,0.0
8537,-100,-30.0,40,3.5,3.0,-34.18,3.0812,-45,97.96,3.14,4.670672,0.797414,3.9239,0.0
8538,-100,-30.0,40,3.5,3.5,-33.78,3.7869,-45,98.06,3.0,6.227262,3.137264,4.3857,0.0
8539,-100,-30.0,40,3.5,4.0,-35.08,4.3605,-49,98.34,2.57,5.845985,2.613086,3.1531,0.0
8540,-100,-30.0,40,3.5,4.5,-34.77,4.369,-54,98.41,2.46,9.47716,2.954261,3.0952,0.0
8541,-100,-30.0,40,3.5,5.0,-36.43,5.1231,-53,97.5,3.86,4.457154,1.635616,4.9468,0.0
8542,-100,-30.0,40,3.5,5.5,-36.91,5.6871,-55,97.63,3.65,4.634193,2.797867,4.8146,0.0
8543,-100,-30.0,40,3.5,6.0,-35.23,6.0589,-73,96.1,6.01,3.940305,1.750872,7.7834,0.0
8545,-100,-30.0,40,3.5,7.0,-36.68,7.1049,-71,97.21,4.3,6.013983,1.259208,5.146,0.0
8544,-100,-30.0,40,3.5,6.5,-36.84,6.8528,-64,96.44,5.49,3.894219,1.036472,6.6058,0.0
8547,-100,-30.0,40,3.5,8.0,-35.41,8.4368,-73,96.48,5.43,5.338209,1.152278,6.4771,0.0
8546,-100,-30.0,40,3.5,7.5,-37.44,7.7921,-65,97.28,4.19,6.079416,1.410918,4.9886,0.0
8548,-100,-30.0,40,3.5,8.5,-36.94,9.1877,-71,95.64,6.73,4.145034,0.943055,7.8424,0.0
8549,-100,-30.0,40,3.5,9.0,-36.93,9.6515,-78,95.22,7.38,4.12085,2.108074,9.1445,0.0
8550,-100,-30.0,40,3.5,9.5,-36.21,10.6259,-86,94.76,8.08,3.878864,0.997863,9.0134,0.0
8551,-100,-30.0,40,3.5,10.0,-38.36,11.1632,-86,96.02,6.15,5.17386,2.343393,6.7468,0.0
8552,-100,-30.0,40,3.5,10.5,-38.88,12.1325,-84,95.73,6.58,5.043608,1.442936,6.6373,0.0
8553,-100,-30.0,40,3.5,11.0,-38.75,12.9503,-93,96.38,5.58,6.680537,2.044703,5.2701,0.0001
8554,-100,-30.0,40,3.5,11.5,-37.63,13.423,-86,92.79,11.13,3.117005,1.327274,11.6746,0.0
8556,-100,-30.0,40,3.5,12.5,-39.77,15.3623,-92,95.33,7.2,5.73265,1.57319,6.0866,0.001
8555,-100,-30.0,40,3.5,12.0,-39.19,13.6011,-100,92.99,10.82,3.383999,1.367519,10.9306,0.0004
8557,-100,-30.0,40,3.5,13.0,-42.25,15.115,-100,93.5,10.03,4.04407,1.894699,8.7355,0.0004
8559,-100,-30.0,40,3.5,14.0,-41.91,16.1047,-100,93.3,10.34,4.21815,1.232924,8.4135,0.0011
8558,-100,-30.0,40,3.5,13.5,-38.6,15.1666,-100,90.64,14.45,2.89023,2.428205,13.9866,0.0013
8561,-100,-30.0,40,3.75,1.5,-28.55,2.301,-40,93.73,9.68,1.93149,1.619992,15.1906,0.0
8560,-100,-30.0,40,3.75,1.0,-30.34,1.3556,-41,93.06,10.71,2.341376,0.916937,13.5761,0.0
8562,-100,-30.0,40,3.75,2.0,-32.53,2.2217,-41,97.84,3.34,4.904506,0.952041,4.1483,0.0
8563,-100,-30.0,40,3.75,2.5,-30.07,2.7761,-40,94.39,8.66,3.389421,1.401701,10.519,0.0
8564,-100,-30.0,40,3.75,3.0,-31.35,3.1684,-44,96.07,6.06,4.141529,1.97225,8.4285,0.0
8565,-100,-30.0,40,3.75,3.5,-29.24,4.0274,-42,94.38,8.68,3.449476,1.661844,10.5735,0.0
8566,-100,-30.0,40,3.75,4.0,-30.59,4.1871,-47,96.49,5.42,5.43473,4.072653,7.811,0.0
8569,-100,-30.0,40,3.75,5.5,-30.03,5.5946,-57,96.32,5.67,5.653872,1.679613,6.8338,0.0
8567,-100,-30.0,40,3.75,4.5,-31.31,4.6048,-46,95.85,6.41,4.801919,1.667867,7.9419,0.0
8568,-100,-30.0,40,3.75,5.0,-32.46,5.1286,-59,95.57,6.84,4.237079,1.199502,8.2903,0.0
8570,-100,-30.0,40,3.75,6.0,-31.7,6.0909,-61,93.02,10.77,2.709239,0.844848,13.1155,0.0
8571,-100,-30.0,40,3.75,6.5,-31.0,6.9642,-69,91.68,12.84,2.285647,0.960399,15.3276,0.0
8572,-100,-30.0,40,3.75,7.0,-31.4,7.2394,-72,94.19,8.96,3.498645,1.201161,10.6158,0.0
8574,-100,-30.0,40,3.75,8.0,-33.88,9.3411,-72,95.78,6.51,5.037838,1.262776,6.9621,0.0
8575,-100,-30.0,40,3.75,8.5,-33.09,9.7143,-75,94.24,8.88,3.816088,2.51412,10.952,0.0
8573,-100,-30.0,40,3.75,7.5,-28.64,8.3702,-74,90.92,14.01,2.099585,2.760176,21.3681,0.0
8576,-100,-30.0,40,3.75,9.0,-31.03,10.1026,-83,90.49,14.68,2.209636,1.360701,17.8103,0.0
8577,-100,-30.0,40,3.75,9.5,-32.39,10.4756,-79,90.54,14.59,2.296444,1.452435,17.0503,0.0
8578,-100,-30.0,40,3.75,10.0,-33.47,11.2841,-80,92.02,12.3,3.059062,1.455148,13.068,0.0
8579,-100,-30.0,40,3.75,10.5,-32.62,12.8136,-83,92.96,10.87,3.695618,2.161659,11.5184,0.0001
8581,-100,-30.0,40,3.75,11.5,-35.1,13.1332,-100,89.73,15.84,2.449745,1.285456,15.8772,0.0002
8580,-100,-30.0,40,3.75,11.0,-31.41,12.3217,-86,90.62,14.47,2.518923,2.073092,17.9821,0.0001
8583,-100,-30.0,40,3.75,12.5,-36.61,15.7204,-91,92.27,11.92,4.207404,1.688574,9.2828,0.0003
8582,-100,-30.0,40,3.75,12.0,-31.48,13.6153,-89,88.13,18.32,2.2559,2.543288,21.1031,0.0001
8584,-100,-30.0,40,3.75,13.0,-37.37,16.0526,-100,92.54,11.51,4.283235,1.642642,9.1005,0.0019
8585,-100,-30.0,40,3.75,13.5,-34.93,16.2954,-100,89.16,16.74,2.955692,1.551576,14.6461,0.0018
8586,-100,-30.0,40,3.75,14.0,-36.71,17.3959,-100,90.46,14.72,3.639872,1.800974,11.5712,0.0031
8587,-100,-30.0,40,4.0,1.0,-26.44,1.2326,-38,84.84,23.38,1.005315,0.647763,29.027,0.0
8588,-100,-30.0,40,4.0,1.5,-26.66,1.9533,-36,80.21,30.53,0.537012,0.44022,37.3893,0.0
8589,-100,-30.0,40,4.0,2.0,-25.3,2.163,-33,79.46,31.7,0.539737,0.330925,38.4724,0.0
8590,-100,-30.0,40,4.0,2.5,-27.22,2.7631,-39,87.2,19.75,1.300185,0.889169,23.9558,0.0
8591,-100,-30.0,40,4.0,3.0,-26.06,3.1038,-38,85.88,21.79,1.120416,0.852697,27.8404,0.0
8592,-100,-30.0,40,4.0,3.5,-25.08,3.6811,-43,80.78,29.65,0.630294,0.425124,36.1665,0.0
8593,-100,-30.0,40,4.0,4.0,-25.34,4.4978,-48,81.32,28.84,0.664059,0.470452,35.5861,0.0
8594,-100,-30.0,40,4.0,4.5,-26.49,4.6664,-53,92.24,11.98,2.515227,1.010113,14.4962,0.0
8595,-100,-30.0,40,4.0,5.0,-26.32,5.2364,-55,86.73,20.49,1.264817,0.769287,24.9269,0.0
8596,-100,-30.0,40,4.0,5.5,-26.43,5.9689,-54,93.01,10.79,2.874259,1.462783,13.4096,0.0
8598,-100,-30.0,40,4.0,6.5,-27.68,7.2164,-66,87.05,19.99,1.434907,1.361001,24.9747,0.0
8597,-100,-30.0,40,4.0,6.0,-26.46,6.2409,-64,84.13,24.5,0.991571,0.631064,29.5588,0.0
8599,-100,-30.0,40,4.0,7.0,-27.42,7.5001,-65,85.06,23.06,1.168737,0.969075,28.2799,0.0
8600,-100,-30.0,40,4.0,7.5,-28.4,8.7943,-68,87.44,19.38,1.713803,1.123147,22.1509,0.0
8601,-100,-30.0,40,4.0,8.0,-28.67,9.4767,-71,88.24,18.14,1.831713,1.070184,19.9524,0.0
8602,-100,-30.0,40,4.0,8.5,-28.76,9.8424,-79,88.46,17.8,2.070858,1.494397,19.0945,0.0
8604,-100,-30.0,40,4.0,9.5,-28.08,12.261,-81,90.37,14.86,2.931121,2.530192,14.2552,0.0
8603,-100,-30.0,40,4.0,9.0,-27.98,10.7717,-76,85.75,21.97,1.583553,0.963174,23.0445,0.0
8605,-100,-30.0,40,4.0,10.0,-28.58,11.6318,-77,86.83,20.33,2.042377,2.376985,25.48,0.0001
8606,-100,-30.0,40,4.0,10.5,-31.76,13.6521,-81,89.71,15.89,2.759073,1.410011,14.8706,0.0002
8607,-100,-30.0,40,4.0,11.0,-32.05,13.9071,-100,89.49,16.21,2.765833,1.453085,14.6734,0.0006
8608,-100,-30.0,40,4.0,11.5,-29.38,14.4569,-97,86.31,21.13,2.349747,1.970809,19.9849,0.0006
8609,-100,-30.0,40,4.0,12.0,-32.11,15.0759,-98,87.39,19.47,2.575562,1.6875,17.0743,0.0009
8611,-100,-30.0,40,4.0,13.0,-30.64,16.0162,-98,85.71,22.06,2.20786,1.834275,20.8262,0.0019
8610,-100,-30.0,40,4.0,12.5,-28.42,15.6315,-92,83.68,25.2,1.959476,2.059261,26.5488,0.0011
8612,-100,-30.0,40,4.0,13.5,-33.75,16.4907,-100,86.82,20.34,2.750388,1.683608,16.4759,0.0021
8613,-100,-30.0,40,4.0,14.0,-32.32,16.9656,-100,84.66,23.67,2.584799,2.127056,21.7575,0.0036
8614,-100,-30.0,40,4.25,1.0,-22.9,1.4824,-28,77.82,34.23,0.313896,0.159003,41.5114,0.0
8616,-100,-30.0,40,4.25,2.0,-22.35,2.3016,-34,84.01,24.68,0.962033,0.541636,29.9112,0.0
8615,-100,-30.0,40,4.25,1.5,-22.59,1.6499,-33,77.97,34.0,0.373399,0.215757,41.1945,0.0
8617,-100,-30.0,40,4.25,2.5,-20.97,2.762,-44,81.28,28.89,0.618393,0.556713,35.6661,0.0
8619,-100,-30.0,40,4.25,3.5,-22.12,3.8985,-49,83.85,24.93,0.971655,0.789231,29.9044,0.0
8618,-100,-30.0,40,4.25,3.0,-22.69,3.1935,-44,77.92,34.08,0.337146,0.253358,41.3139,0.0
8620,-100,-30.0,40,4.25,4.0,-21.81,4.3776,-47,85.26,22.75,1.085648,0.73267,27.4841,0.0
8621,-100,-30.0,40,4.25,4.5,-22.35,5.1596,-52,81.92,27.89,0.747133,0.804388,34.3688,0.0
8623,-100,-30.0,40,4.25,5.5,-22.89,5.8777,-58,84.05,24.61,0.981494,1.221519,31.2862,0.0
8622,-100,-30.0,40,4.25,5.0,-21.56,5.6235,-61,83.77,25.04,0.85764,1.001415,32.672,0.0
8624,-100,-30.0,40,4.25,6.0,-23.67,6.9717,-64,81.81,28.07,0.86304,1.103731,34.0698,0.0
8625,-100,-30.0,40,4.25,6.5,-22.0,7.6581,-61,80.37,30.29,0.845061,1.179233,35.5706,0.0
8626,-100,-30.0,40,4.25,7.0,-22.97,8.1954,-64,83.83,24.95,1.164556,1.070137,28.8169,0.0
8628,-100,-30.0,40,4.25,8.0,-24.06,10.6118,-75,83.42,25.59,1.510834,1.465352,26.9388,0.0
8627,-100,-30.0,40,4.25,7.5,-23.68,8.761,-68,81.08,29.19,1.100524,1.444316,33.0593,0.0
8629,-100,-30.0,40,4.25,8.5,-23.93,10.8991,-79,86.54,20.76,1.934324,1.749895,22.8605,0.0
8631,-100,-30.0,40,4.25,9.5,-24.77,12.6924,-74,81.47,28.59,1.491304,1.488878,30.3786,0.0
8630,-100,-30.0,40,4.25,9.0,-23.34,10.9025,-79,75.59,37.66,0.972902,1.533929,39.2894,0.0001
8632,-100,-30.0,40,4.25,10.0,-26.09,12.9048,-83,80.86,29.54,1.470764,1.221992,28.1211,0.0002
8633,-100,-30.0,40,4.25,10.5,-23.73,14.3876,-86,79.66,31.39,1.558061,1.565847,29.8534,0.0002
8634,-100,-30.0,40,4.25,11.0,-27.95,14.037,-88,82.38,27.18,1.911676,1.526001,24.458,0.0006
8635,-100,-30.0,40,4.25,11.5,-25.69,14.6982,-96,81.28,28.87,1.742705,1.907558,27.5378,0.0008
8636,-100,-30.0,40,4.25,12.0,-27.63,16.2082,-93,88.65,17.51,3.481398,2.882299,15.2172,0.0023
8637,-100,-30.0,40,4.25,12.5,-27.7,15.7508,-94,79.33,31.9,1.833796,1.929777,27.8494,0.0031
8640,-100,-30.0,40,4.25,14.0,-31.37,17.6733,-100,82.09,27.64,2.363888,1.93434,23.3029,0.005
8639,-100,-30.0,40,4.25,13.5,-28.41,16.5996,-100,79.72,31.29,2.016958,2.39615,28.5725,0.0061
8638,-100,-30.0,40,4.25,13.0,-27.09,16.5883,-93,81.52,28.53,2.036605,2.724242,28.1085,0.0042
8641,-100,-30.0,40,4.5,1.0,-16.2,1.9077,-38,79.02,32.39,0.483404,0.385889,39.2223,0.0
8642,-100,-30.0,40,4.5,1.5,-17.17,2.6151,-44,81.31,28.84,0.616512,0.525167,35.582,0.0
8643,-100,-30.0,40,4.5,2.0,-16.93,2.2638,-42,80.48,30.13,0.535876,0.447941,36.8984,0.0
8644,-100,-30.0,40,4.5,2.5,-17.82,2.9378,-44,79.35,31.86,0.521941,0.51258,38.4768,0.0
8645,-100,-30.0,40,4.5,3.0,-16.03,3.9926,-46,81.54,28.48,0.685784,0.898111,34.9108,0.0
8646,-100,-30.0,40,4.5,3.5,-18.52,4.9321,-50,79.82,31.11,0.644903,0.705223,36.8043,0.0
8648,-100,-30.0,40,4.5,4.5,-17.79,6.2312,-50,80.49,30.1,0.836998,1.134575,35.2324,0.0
8647,-100,-30.0,40,4.5,4.0,-16.35,5.4217,-49,77.39,34.88,0.392849,0.526767,40.9988,0.0
8649,-100,-30.0,40,4.5,5.0,-18.03,7.072,-57,77.1,35.32,0.535986,0.80894,40.4065,0.0
8651,-100,-30.0,40,4.5,6.0,-20.03,8.0049,-60,77.43,34.82,0.898192,1.978143,38.473,0.0
8650,-100,-30.0,40,4.5,5.5,-17.27,7.3045,-60,77.76,34.31,0.734627,1.307156,39.3332,0.0
8653,-100,-30.0,40,4.5,7.0,-22.4,9.4275,-69,79.21,32.07,1.32018,1.520525,32.5681,0.0
8652,-100,-30.0,40,4.5,6.5,-19.66,8.1885,-67,77.39,34.87,0.735569,1.316731,39.4788,0.0
8655,-100,-30.0,40,4.5,8.0,-21.92,10.9501,-69,81.92,27.91,1.666903,1.756468,27.8261,0.0
8654,-100,-30.0,40,4.5,7.5,-20.8,10.2207,-67,76.98,35.51,1.083386,1.591133,37.1146,0.0
8656,-100,-30.0,40,4.5,8.5,-24.24,11.5304,-73,81.42,28.66,1.597003,1.78257,30.6783,0.0
8657,-100,-30.0,40,4.5,9.0,-22.98,12.4121,-86,78.86,32.62,1.605239,1.723689,30.8183,0.0
8658,-100,-30.0,40,4.5,9.5,-21.52,12.4939,-78,80.21,30.54,1.695038,2.189287,30.5693,0.0009
8659,-100,-30.0,40,4.5,10.0,-22.11,13.4493,-85,77.46,34.79,1.540283,1.920564,32.8204,0.0004
8660,-100,-30.0,40,4.5,10.5,-22.6,14.3546,-93,77.2,35.19,1.590254,1.949232,32.4883,0.0008
8661,-100,-30.0,40,4.5,11.0,-22.74,14.1348,-86,78.25,33.57,1.784719,2.300063,31.5515,0.0022
8662,-100,-30.0,40,4.5,11.5,-22.09,15.0803,-81,76.36,36.48,1.574057,1.949761,33.9305,0.0017
8663,-100,-30.0,40,4.5,12.0,-23.8,15.9405,-92,77.62,34.53,1.735035,2.0777,30.8197,0.0013
8665,-100,-30.0,40,4.5,13.0,-25.19,17.9516,-98,79.48,31.65,2.277347,2.020878,24.5017,0.0013
8664,-100,-30.0,40,4.5,12.5,-21.5,16.6741,-93,74.4,39.5,1.610331,1.960924,34.5175,0.0025
8666,-100,-30.0,40,4.5,13.5,-29.0,18.3094,-94,82.64,26.79,2.874195,2.317588,19.2948,0.0079
8667,-100,-30.0,40,4.5,14.0,-26.42,19.1011,-100,82.39,27.18,2.781573,2.377635,21.966,0.0159
8668,-100,-30.0,40,4.75,1.0,-13.38,2.281,-38,79.27,31.98,0.577215,0.638035,38.531,0.0
8669,-100,-30.0,40,4.75,1.5,-14.72,3.7649,-39,80.6,29.95,0.768212,0.770627,35.3479,0.0
8670,-100,-30.0,40,4.75,2.0,-12.32,4.5233,-40,79.34,31.89,0.600469,0.646244,37.8402,0.0
8671,-100,-30.0,40,4.75,2.5,-14.18,5.9508,-43,79.21,32.09,0.945942,1.693823,36.1115,0.0
8672,-100,-30.0,40,4.75,3.0,-15.34,5.9138,-47,83.29,25.8,1.152619,1.105573,29.5933,0.0
8673,-100,-30.0,40,4.75,3.5,-15.7,5.8271,-50,77.21,35.16,0.645606,1.290596,39.9979,0.0
8675,-100,-30.0,40,4.75,4.5,-15.63,9.1821,-53,77.17,35.22,1.161492,1.379626,35.2127,0.0
8676,-100,-30.0,40,4.75,5.0,-15.73,8.6242,-57,77.01,35.49,0.982344,1.556237,37.5853,0.0
8674,-100,-30.0,40,4.75,4.0,-13.28,8.0093,-50,77.46,34.78,0.981238,1.481399,37.4883,0.0
8677,-100,-30.0,40,4.75,5.5,-15.3,9.6038,-59,78.39,33.36,1.117363,1.396566,34.7937,0.0
8678,-100,-30.0,40,4.75,6.0,-16.93,9.848,-58,74.41,39.5,1.000323,1.503077,38.4902,0.0
8679,-100,-30.0,40,4.75,6.5,-15.94,10.7813,-64,76.88,35.67,1.302563,1.804312,35.2824,0.0
8680,-100,-30.0,40,4.75,7.0,-18.63,11.8122,-70,76.3,36.59,1.407037,1.296141,32.3227,0.0
8681,-100,-30.0,40,4.75,7.5,-15.28,11.6069,-69,74.81,38.89,1.154077,2.00441,38.7899,0.0
8682,-100,-30.0,40,4.75,8.0,-16.38,12.0252,-71,75.23,38.23,1.330462,2.087819,37.3513,0.0
8683,-100,-30.0,40,4.75,8.5,-16.43,13.2653,-71,76.14,36.82,1.591325,2.197293,34.4616,0.0001
8684,-100,-30.0,40,4.75,9.0,-18.95,14.6825,-83,77.26,35.1,1.519837,1.605376,31.5513,0.0008
8685,-100,-30.0,40,4.75,9.5,-19.59,14.4739,-75,77.19,35.21,1.81078,2.235675,31.3608,0.0001
8686,-100,-30.0,40,4.75,10.0,-17.91,15.0605,-81,74.98,38.61,1.604317,1.937371,33.9177,0.0004
8687,-100,-30.0,40,4.75,10.5,-20.45,15.92,-80,74.64,39.13,1.556834,1.479557,31.5503,0.0009
8688,-100,-30.0,40,4.75,11.0,-19.97,16.5523,-85,72.86,41.87,1.493475,1.635049,34.2143,0.001
8689,-100,-30.0,40,4.75,11.5,-19.39,17.0129,-90,75.35,38.04,1.734022,1.827882,31.1323,0.0035
8690,-100,-30.0,40,4.75,12.0,-19.14,17.013,-87,74.85,38.82,1.687776,2.416385,34.9278,0.0016
8691,-100,-30.0,40,4.75,12.5,-21.52,18.2721,-91,76.1,36.87,1.977687,1.780703,28.0721,0.006
8692,-100,-30.0,40,4.75,13.0,-22.44,18.4374,-95,76.61,36.08,2.154002,2.085222,26.8991,0.0115
8693,-100,-30.0,40,4.75,13.5,-22.04,18.8522,-100,75.24,38.2,2.003316,2.245309,29.3286,0.0092
8695,-100,-30.0,40,5.0,1.0,-8.66,5.5612,-41,76.75,35.87,0.728512,2.064354,40.8478,0.0
8694,-100,-30.0,40,4.75,14.0,-22.13,18.8947,-100,72.06,43.12,1.906504,2.131165,32.3826,0.01
8696,-100,-30.0,40,5.0,1.5,-10.55,7.2424,-46,78.25,33.57,1.058663,1.723801,36.1182,0.0
8697,-100,-30.0,40,5.0,2.0,-11.03,7.4097,-40,76.92,35.64,1.044835,1.58569,37.4769,0.0
8698,-100,-30.0,40,5.0,2.5,-14.08,9.4407,-43,75.01,38.56,1.193699,1.185241,34.9805,0.0
8699,-100,-30.0,40,5.0,3.0,-11.75,8.5435,-45,77.42,34.86,1.167719,1.660297,35.9374,0.0
8700,-100,-30.0,40,5.0,3.5,-11.96,10.4715,-48,75.95,37.1,1.341342,1.414733,33.9773,0.0
8701,-100,-30.0,40,5.0,4.0,-13.78,10.8715,-53,73.01,41.66,1.088332,1.06254,36.9397,0.0
8702,-100,-30.0,40,5.0,4.5,-14.05,9.2029,-53,79.86,31.08,1.553714,2.245412,32.2608,0.0
8703,-100,-30.0,40,5.0,5.0,-12.22,9.7642,-56,75.0,38.56,1.151087,1.930657,39.0612,0.0
8704,-100,-30.0,40,5.0,5.5,-13.34,12.0225,-59,74.09,39.99,1.211637,1.342802,35.9249,0.0
8705,-100,-30.0,40,5.0,6.0,-15.12,11.8973,-57,74.32,39.62,1.226455,1.346197,34.9946,0.0
8706,-100,-30.0,40,5.0,6.5,-14.87,12.8161,-61,74.74,38.98,1.500898,1.526032,32.3419,0.0
8707,-100,-30.0,40,5.0,7.0,-16.53,12.9138,-64,71.66,43.7,1.31643,1.312078,34.3283,0.0
8708,-100,-30.0,40,5.0,7.5,-15.56,13.6356,-70,73.44,40.96,1.365802,1.537521,33.9705,0.0
8709,-100,-30.0,40,5.0,8.0,-15.45,13.3477,-66,70.14,46.1,1.145452,1.641173,38.8877,0.0
8711,-100,-30.0,40,5.0,9.0,-16.58,15.0369,-75,76.37,36.45,1.844874,2.733539,31.987,0.0003
8710,-100,-30.0,40,5.0,8.5,-14.9,14.0132,-73,72.54,42.35,1.398704,1.541016,35.1691,0.0004
8713,-100,-30.0,40,5.0,10.0,-18.02,17.1273,-80,79.43,31.73,2.45123,1.922875,22.7573,0.0027
8712,-100,-30.0,40,5.0,9.5,-16.99,15.9042,-73,70.49,45.51,1.389057,1.382448,33.2529,0.0011
8714,-100,-30.0,40,5.0,10.5,-17.17,17.4047,-81,75.5,37.79,2.003765,2.049725,29.5663,0.0073
8715,-100,-30.0,40,5.0,11.0,-19.19,18.3366,-80,76.68,35.97,2.233758,1.742792,23.8682,0.0032
8716,-100,-30.0,40,5.0,11.5,-18.83,17.0428,-88,70.62,45.35,1.644346,1.800658,32.8748,0.0041
8717,-100,-30.0,40,5.0,12.0,-17.33,18.796,-96,69.46,47.13,1.711322,1.787143,33.947,0.0077
8718,-100,-30.0,40,5.0,12.5,-17.29,18.837,-91,69.42,47.2,1.655339,1.911024,33.3266,0.0141
8719,-100,-30.0,40,5.0,13.0,-17.1,18.9641,-92,67.5,50.16,1.476117,2.021311,37.3761,0.0085
8720,-100,-30.0,40,5.0,13.5,-18.93,19.1001,-92,68.38,48.79,1.579017,1.87261,34.3484,0.0087
8721,-100,-30.0,40,5.0,14.0,-18.52,20.4649,-100,74.46,39.43,2.232953,2.501516,29.2267,0.0292
