id,RX_SENSITIVITY_DBM,RSSI_INFLECTION_POINT,TRANSMITTING_RANGE,PATH_LOSS_EXPONENT,AWGN_SIGMA,mean_rssi_dbm,std_rssi_dbm,min_rssi_dbm,loss_rate_pct,throughput_pkt_s,mean_delay_s,std_delay_s,std_loss_rate,per_node_min_prr
2,-100,-120.0,30.0,1.0,2.5,-89.14,4.2294,-100,77.16,27.4,1.069638,0.69873,3.9177,0.1625
1,-100,-120.0,30.0,1.0,1.0,-89.31,3.2108,-98,76.74,27.92,1.112558,0.727311,4.2247,0.1753
8,-100,-120.0,30.0,1.0,11.5,-87.68,10.1259,-100,76.32,28.41,1.11876,0.704728,4.4352,0.1601
4,-100,-120.0,30.0,1.0,5.5,-89.09,6.0042,-100,77.94,26.47,1.181092,0.739973,4.0857,0.1365
3,-100,-120.0,30.0,1.0,4.0,-88.93,5.035,-100,78.11,26.27,1.184257,0.706599,2.7817,0.1701
6,-100,-120.0,30.0,1.0,8.5,-88.58,8.2009,-100,78.06,26.32,1.157017,0.724617,3.6312,0.1641
12,-100,-120.0,30.0,1.25,4.0,-86.41,5.9167,-100,77.52,26.98,1.078943,0.694988,3.735,0.1817
10,-100,-120.0,30.0,1.25,1.0,-86.72,4.2266,-96,77.24,27.31,1.104508,0.702821,3.6319,0.1698
9,-100,-120.0,30.0,1.0,13.0,-86.81,11.3089,-100,78.0,26.4,1.235473,0.73462,2.9871,0.1779
11,-100,-120.0,30.0,1.25,2.5,-86.54,4.486,-100,76.76,27.88,1.063157,0.700925,4.2848,0.1669
7,-100,-120.0,30.0,1.0,10.0,-88.16,9.1119,-100,77.64,26.83,1.197558,0.708728,2.6936,0.1764
5,-100,-120.0,30.0,1.0,7.0,-88.9,7.2949,-100,78.27,26.07,1.187121,0.689488,2.1565,0.1837
14,-100,-120.0,30.0,1.25,7.0,-85.84,7.9523,-100,77.22,27.33,1.123914,0.720536,3.9637,0.1815
13,-100,-120.0,30.0,1.25,5.5,-86.91,6.6978,-100,77.42,27.1,1.110889,0.699024,3.1374,0.1719
17,-100,-120.0,30.0,1.25,11.5,-85.66,10.7205,-100,77.48,27.03,1.220964,0.734764,3.5773,0.1839
19,-100,-120.0,30.0,1.5,1.0,-84.33,4.6959,-95,76.68,27.98,1.02506,0.669416,3.9767,0.1741
15,-100,-120.0,30.0,1.25,8.5,-85.97,8.552,-100,77.49,27.01,1.103297,0.752724,4.4623,0.1412
16,-100,-120.0,30.0,1.25,10.0,-85.63,9.832,-100,77.51,26.99,1.126424,0.711498,3.8932,0.1453
21,-100,-120.0,30.0,1.5,4.0,-84.22,5.8411,-100,76.96,27.65,1.045259,0.670702,3.4209,0.1644
22,-100,-120.0,30.0,1.5,5.5,-83.25,7.2315,-100,76.58,28.12,1.024342,0.657779,3.3998,0.1821
18,-100,-120.0,30.0,1.25,13.0,-85.12,11.6971,-100,78.09,26.29,1.16369,0.680916,2.2985,0.1671
24,-100,-120.0,30.0,1.5,8.5,-84.07,9.0785,-100,76.35,28.38,1.081186,0.691765,4.0129,0.1705
20,-100,-120.0,30.0,1.5,2.5,-84.32,5.0906,-99,76.82,27.83,1.073494,0.658636,2.8381,0.1928
23,-100,-120.0,30.0,1.5,7.0,-83.75,8.2151,-100,77.38,27.14,1.088768,0.703288,3.9036,0.152
25,-100,-120.0,30.0,1.5,10.0,-83.74,10.1848,-100,77.46,27.05,1.129415,0.686895,2.8767,0.1692
26,-100,-120.0,30.0,1.5,11.5,-83.06,11.3444,-100,76.91,27.71,1.109858,0.679659,3.0853,0.1778
28,-100,-120.0,30.0,1.75,1.0,-81.69,4.8814,-91,76.54,28.16,1.022222,0.631916,2.7145,0.1905
34,-100,-120.0,30.0,1.75,10.0,-80.95,10.8537,-100,76.64,28.03,1.048593,0.674424,3.679,0.1705
29,-100,-120.0,30.0,1.75,2.5,-81.83,6.0192,-98,75.9,28.92,0.979367,0.62658,3.2205,0.1949
27,-100,-120.0,30.0,1.5,13.0,-82.61,12.6912,-100,77.62,26.86,1.153369,0.717312,3.6243,0.1727
31,-100,-120.0,30.0,1.75,5.5,-81.63,7.6382,-100,77.02,27.57,0.995173,0.642234,3.2522,0.1873
30,-100,-120.0,30.0,1.75,4.0,-81.16,6.3684,-100,76.63,28.04,1.05891,0.670487,3.8381,0.1697
33,-100,-120.0,30.0,1.75,8.5,-81.07,9.6968,-100,76.46,28.25,1.018634,0.631819,2.2878,0.1946
32,-100,-120.0,30.0,1.75,7.0,-81.17,8.4787,-100,76.9,27.72,1.118033,0.736967,4.7525,0.172
36,-100,-120.0,30.0,1.75,13.0,-80.67,13.085,-100,76.83,27.81,1.075363,0.660765,2.6366,0.1911
35,-100,-120.0,30.0,1.75,11.5,-80.82,11.7452,-100,78.31,26.03,1.210674,0.75037,3.6742,0.1429
37,-100,-120.0,30.0,2.0,1.0,-78.95,6.3794,-91,76.32,28.42,1.055226,0.706552,4.4849,0.1572
38,-100,-120.0,30.0,2.0,2.5,-78.91,6.436,-97,76.58,28.1,1.07516,0.700156,3.8941,0.1666
39,-100,-120.0,30.0,2.0,4.0,-78.38,6.7831,-100,76.45,28.26,1.066095,0.756892,5.8846,0.1329
41,-100,-120.0,30.0,2.0,7.0,-78.99,9.0016,-100,76.97,27.64,1.093102,0.712085,4.2935,0.1491
40,-100,-120.0,30.0,2.0,5.5,-78.92,7.8619,-100,76.72,27.93,1.106144,0.743684,4.9267,0.1606
45,-100,-120.0,30.0,2.0,13.0,-78.36,13.3854,-100,76.99,27.62,1.042487,0.70142,4.4098,0.1668
42,-100,-120.0,30.0,2.0,8.5,-78.33,10.029,-100,76.86,27.77,1.121562,0.834671,6.2322,0.1192
47,-100,-120.0,30.0,2.25,2.5,-76.21,7.7795,-93,75.8,29.03,1.038929,0.77152,6.18,0.1472
43,-100,-120.0,30.0,2.0,10.0,-78.22,11.3458,-100,76.03,28.76,0.984313,0.709158,5.0945,0.1343
44,-100,-120.0,30.0,2.0,11.5,-78.15,12.3849,-100,76.25,28.51,1.00985,0.637256,3.224,0.1808
46,-100,-120.0,30.0,2.25,1.0,-76.67,6.6111,-90,76.39,28.34,0.989231,0.602266,2.2378,0.18
48,-100,-120.0,30.0,2.25,4.0,-75.98,7.8322,-97,75.81,29.03,0.958883,0.633725,3.7743,0.1774
49,-100,-120.0,30.0,2.25,5.5,-76.25,8.5876,-100,77.26,27.28,1.139429,0.799138,5.7036,0.1519
50,-100,-120.0,30.0,2.25,7.0,-76.43,9.5591,-100,76.99,27.62,1.083828,0.702178,4.1265,0.1724
51,-100,-120.0,30.0,2.25,8.5,-76.4,10.3816,-100,76.69,27.98,1.036694,0.671884,3.6763,0.1579
52,-100,-120.0,30.0,2.25,10.0,-75.57,11.9716,-100,77.07,27.52,1.043619,0.664207,3.4207,0.1711
57,-100,-120.0,30.0,2.5,4.0,-73.98,8.6396,-100,74.98,30.03,0.941127,0.632208,4.1875,0.1833
54,-100,-120.0,30.0,2.25,13.0,-75.38,14.108,-100,77.42,27.09,1.059501,0.676916,3.6057,0.1715
55,-100,-120.0,30.0,2.5,1.0,-74.41,7.2686,-88,76.82,27.81,1.034444,0.670689,4.0578,0.1634
59,-100,-120.0,30.0,2.5,7.0,-74.05,9.8881,-100,76.57,28.12,0.986726,0.61566,2.2846,0.2108
53,-100,-120.0,30.0,2.25,11.5,-75.92,12.9531,-100,75.91,28.91,0.988002,0.648925,3.3176,0.1772
58,-100,-120.0,30.0,2.5,5.5,-73.31,9.7193,-100,76.76,27.89,0.981475,0.649746,3.8403,0.159
56,-100,-120.0,30.0,2.5,2.5,-74.16,8.039,-92,76.28,28.45,1.002571,0.655982,3.5341,0.1797
60,-100,-120.0,30.0,2.5,8.5,-73.95,11.1148,-100,76.46,28.25,1.021998,0.691039,4.7308,0.1573
61,-100,-120.0,30.0,2.5,10.0,-72.98,12.2392,-100,75.82,29.02,1.037843,0.700893,4.4225,0.1683
62,-100,-120.0,30.0,2.5,11.5,-73.79,13.1771,-100,76.79,27.86,1.031252,0.648152,2.7754,0.1895
63,-100,-120.0,30.0,2.5,13.0,-73.67,14.3829,-100,76.46,28.25,1.000236,0.653676,3.9745,0.1782
66,-100,-120.0,30.0,2.75,4.0,-71.07,8.7362,-98,76.39,28.33,0.978892,0.648384,3.5862,0.1513
64,-100,-120.0,30.0,2.75,1.0,-71.44,7.4991,-84,76.28,28.47,1.019414,0.620234,2.1091,0.1918
65,-100,-120.0,30.0,2.75,2.5,-71.13,8.2643,-92,76.86,27.77,1.02835,0.658968,2.6881,0.1815
67,-100,-120.0,30.0,2.75,5.5,-70.89,9.5296,-99,76.52,28.18,0.99018,0.648747,3.3901,0.171
69,-100,-120.0,30.0,2.75,8.5,-70.73,11.7206,-100,76.37,28.36,1.026724,0.718335,4.609,0.1491
68,-100,-120.0,30.0,2.75,7.0,-70.7,11.0535,-100,76.85,27.78,1.03838,0.667655,3.3244,0.1728
71,-100,-120.0,30.0,2.75,11.5,-70.76,13.9312,-100,76.81,27.82,1.016288,0.708147,4.9365,0.1303
70,-100,-120.0,30.0,2.75,10.0,-70.93,12.6233,-100,76.46,28.26,0.981663,0.662686,3.9993,0.1624
72,-100,-120.0,30.0,2.75,13.0,-70.6,15.1361,-100,76.17,28.59,0.993317,0.643833,3.2266,0.1836
73,-100,-120.0,30.0,3.0,1.0,-68.62,8.6803,-83,76.21,28.56,1.007303,0.629157,3.0869,0.1896
76,-100,-120.0,30.0,3.0,5.5,-68.36,10.4593,-100,76.49,28.21,0.97772,0.629776,3.2695,0.192
74,-100,-120.0,30.0,3.0,2.5,-68.6,9.2312,-89,76.95,27.67,1.004537,0.644819,3.0086,0.1768
75,-100,-120.0,30.0,3.0,4.0,-68.23,9.6084,-92,76.8,27.85,1.01487,0.666728,3.8122,0.1606
77,-100,-120.0,30.0,3.0,7.0,-68.6,11.4147,-100,76.38,28.34,0.983808,0.601668,2.0768,0.2009
80,-100,-120.0,30.0,3.0,11.5,-68.14,14.4702,-100,76.43,28.29,1.026348,0.654102,3.482,0.1821
83,-100,-120.0,30.0,3.25,2.5,-66.15,9.8215,-87,76.3,28.44,0.98851,0.661689,4.0941,0.1776
84,-100,-120.0,30.0,3.25,4.0,-65.71,10.1366,-94,77.16,27.41,1.022397,0.667463,3.2709,0.1595
79,-100,-120.0,30.0,3.0,10.0,-68.33,12.9481,-100,75.95,28.86,0.971195,0.608436,2.5596,0.192
78,-100,-120.0,30.0,3.0,8.5,-68.53,12.1718,-100,77.09,27.5,1.056468,0.7411,5.1013,0.1427
81,-100,-120.0,30.0,3.0,13.0,-68.0,15.3491,-100,76.73,27.93,1.016473,0.64629,3.186,0.1848
82,-100,-120.0,30.0,3.25,1.0,-65.62,9.0575,-81,76.76,27.89,1.01625,0.61795,2.0982,0.2009
85,-100,-120.0,30.0,3.25,5.5,-65.76,10.2625,-100,76.35,28.39,1.004041,0.653768,3.5817,0.1798
91,-100,-120.0,30.0,3.5,1.0,-63.67,10.5819,-80,76.47,28.23,1.00139,0.665508,4.4708,0.1735
86,-100,-120.0,30.0,3.25,7.0,-65.81,11.9273,-100,76.16,28.61,0.959009,0.612453,3.2885,0.1804
87,-100,-120.0,30.0,3.25,8.5,-65.97,12.7129,-100,75.68,29.19,0.976562,0.634952,3.279,0.1848
90,-100,-120.0,30.0,3.25,13.0,-65.79,16.0101,-100,75.03,29.97,0.896885,0.637618,4.9094,0.1741
93,-100,-120.0,30.0,3.5,4.0,-63.7,10.6242,-92,76.14,28.63,0.977856,0.62701,2.9286,0.1926
92,-100,-120.0,30.0,3.5,2.5,-63.55,9.9404,-82,76.43,28.28,1.001974,0.729322,5.8924,0.1472
95,-100,-120.0,30.0,3.5,7.0,-63.66,12.5235,-100,76.4,28.33,0.982595,0.645708,3.5184,0.1763
89,-100,-120.0,30.0,3.25,11.5,-65.37,14.7037,-100,76.64,28.03,0.980995,0.642836,3.4591,0.1553
96,-100,-120.0,30.0,3.5,8.5,-63.42,12.7721,-100,76.16,28.6,0.944993,0.601233,2.8522,0.1747
88,-100,-120.0,30.0,3.25,10.0,-66.03,13.6408,-100,76.46,28.24,0.965198,0.642321,3.8886,0.1725
94,-100,-120.0,30.0,3.5,5.5,-63.16,11.1514,-94,76.26,28.49,0.967912,0.629563,3.6053,0.1713
97,-100,-120.0,30.0,3.5,10.0,-63.13,13.8311,-100,76.75,27.89,1.021319,0.690522,4.179,0.1476
103,-100,-120.0,30.0,3.75,5.5,-60.96,11.8042,-94,76.31,28.42,0.98773,0.680435,4.4448,0.1704
107,-100,-120.0,30.0,3.75,11.5,-60.37,15.2967,-100,75.97,28.83,0.984748,0.660729,3.6935,0.191
99,-100,-120.0,30.0,3.5,13.0,-63.35,16.251,-100,76.38,28.34,0.96644,0.637519,3.6483,0.1809
101,-100,-120.0,30.0,3.75,2.5,-60.55,10.8377,-84,76.49,28.2,0.97034,0.617488,2.875,0.1966
98,-100,-120.0,30.0,3.5,11.5,-63.23,15.0037,-100,76.66,28.01,0.995249,0.633588,3.3136,0.1779
100,-100,-120.0,30.0,3.75,1.0,-60.66,10.6154,-81,76.78,27.87,1.029265,0.646685,3.4572,0.1734
108,-100,-120.0,30.0,3.75,13.0,-61.21,16.6422,-100,76.46,28.25,1.049118,0.723565,5.2788,0.1682
102,-100,-120.0,30.0,3.75,4.0,-61.4,11.3081,-90,76.66,28.0,1.018819,0.633804,2.8734,0.1824
105,-100,-120.0,30.0,3.75,8.5,-60.48,13.6178,-100,76.72,27.94,1.009306,0.660146,3.9548,0.1798
104,-100,-120.0,30.0,3.75,7.0,-61.01,12.9149,-99,76.31,28.43,1.008739,0.668764,3.9494,0.155
106,-100,-120.0,30.0,3.75,10.0,-60.55,14.556,-100,76.58,28.11,0.994636,0.625289,2.7041,0.1874
109,-100,-120.0,30.0,4.0,1.0,-58.18,12.2245,-79,76.68,27.99,1.010939,0.639466,3.4191,0.1614
110,-100,-120.0,30.0,4.0,2.5,-58.39,11.078,-84,77.21,27.35,1.126745,0.781953,5.9061,0.1486
112,-100,-120.0,30.0,4.0,5.5,-58.28,12.6712,-92,75.85,28.98,0.984431,0.698769,5.1174,0.1444
115,-100,-120.0,30.0,4.0,10.0,-58.42,15.3607,-100,76.36,28.37,1.06308,0.753445,5.6761,0.1397
111,-100,-120.0,30.0,4.0,4.0,-58.74,11.8219,-88,76.0,28.79,0.981216,0.630579,3.2318,0.1774
113,-100,-120.0,30.0,4.0,7.0,-58.07,13.3182,-98,76.37,28.36,1.021241,0.642906,3.0414,0.1863
114,-100,-120.0,30.0,4.0,8.5,-58.11,13.9169,-100,76.56,28.13,1.012737,0.641765,3.1216,0.1787
116,-100,-120.0,30.0,4.0,11.5,-58.54,16.0441,-100,76.48,28.23,1.052572,0.721308,4.9868,0.1541
117,-100,-120.0,30.0,4.0,13.0,-58.0,17.2029,-100,75.73,29.13,0.979599,0.620644,3.1354,0.1874
118,-100,-120.0,30.0,4.25,1.0,-55.75,11.2862,-76,76.79,27.85,1.057609,0.71679,4.9382,0.151
119,-100,-120.0,30.0,4.25,2.5,-55.76,12.5527,-79,76.54,28.15,1.005415,0.622521,2.6757,0.1998
120,-100,-120.0,30.0,4.25,4.0,-55.23,12.7989,-85,76.14,28.63,0.992298,0.642487,3.2483,0.1807
121,-100,-120.0,30.0,4.25,5.5,-55.3,13.3908,-89,76.7,27.96,1.06518,0.698917,4.447,0.1648
122,-100,-120.0,30.0,4.25,7.0,-55.54,13.7677,-100,76.19,28.57,0.951479,0.637361,4.2893,0.1595
125,-100,-120.0,30.0,4.25,11.5,-55.28,16.3473,-100,76.22,28.53,0.954537,0.595334,2.5804,0.1871
126,-100,-120.0,30.0,4.25,13.0,-55.69,17.9562,-100,76.53,28.17,0.983714,0.646573,3.8554,0.1749
123,-100,-120.0,30.0,4.25,8.5,-55.73,14.8607,-100,76.12,28.65,0.983778,0.626283,3.0582,0.1921
124,-100,-120.0,30.0,4.25,10.0,-55.6,15.7062,-100,75.71,29.15,0.952193,0.627342,3.7505,0.1775
127,-100,-120.0,30.0,4.5,1.0,-53.44,13.179,-73,76.39,28.33,0.986748,0.613489,2.6456,0.1923
128,-100,-120.0,30.0,4.5,2.5,-53.31,11.8624,-77,76.54,28.17,1.040969,0.779371,6.086,0.1251
130,-100,-120.0,30.0,4.5,5.5,-52.97,13.6598,-88,76.11,28.67,0.923538,0.613802,3.4839,0.1676
129,-100,-120.0,30.0,4.5,4.0,-53.46,12.6328,-86,75.95,28.85,0.994226,0.632722,3.186,0.179
131,-100,-120.0,30.0,4.5,7.0,-53.06,15.0989,-93,76.1,28.69,1.058659,0.736645,5.4035,0.1484
132,-100,-120.0,30.0,4.5,8.5,-53.34,15.8407,-100,75.34,29.59,0.944259,0.623669,3.7636,0.1807
133,-100,-120.0,30.0,4.5,10.0,-52.56,15.955,-100,76.43,28.27,1.003292,0.655412,3.7132,0.1762
135,-100,-120.0,30.0,4.5,13.0,-53.08,18.3638,-100,75.89,28.93,1.013875,0.7133,5.4581,0.1537
138,-100,-120.0,30.0,4.75,4.0,-50.24,14.5039,-80,76.26,28.48,0.966822,0.598513,2.2717,0.1925
134,-100,-120.0,30.0,4.5,11.5,-53.0,16.7995,-100,76.68,27.98,0.987758,0.620794,2.9091,0.1757
136,-100,-120.0,30.0,4.75,1.0,-50.28,13.5873,-69,76.26,28.49,0.985515,0.652614,4.0404,0.1693
140,-100,-120.0,30.0,4.75,7.0,-50.31,15.4656,-91,76.23,28.52,0.947402,0.626008,3.7495,0.1716
139,-100,-120.0,30.0,4.75,5.5,-50.28,14.6216,-86,75.22,29.74,0.915002,0.589418,2.8687,0.2009
137,-100,-120.0,30.0,4.75,2.5,-50.71,13.6877,-79,76.44,28.28,1.012236,0.638694,3.1588,0.1905
142,-100,-120.0,30.0,4.75,10.0,-51.05,17.0125,-100,75.14,29.83,0.966909,0.676344,4.6922,0.1798
141,-100,-120.0,30.0,4.75,8.5,-50.09,16.5254,-96,76.18,28.58,0.977398,0.6332,3.2593,0.177
144,-100,-120.0,30.0,4.75,13.0,-50.56,18.705,-100,75.81,29.03,0.965459,0.644509,4.2434,0.1651
143,-100,-120.0,30.0,4.75,11.5,-50.4,17.6744,-100,76.69,27.97,1.008112,0.629469,3.215,0.1667
148,-100,-120.0,30.0,5.0,5.5,-48.12,15.2863,-83,75.46,29.45,0.97134,0.684598,5.3945,0.1567
145,-100,-120.0,30.0,5.0,1.0,-48.05,14.4034,-69,76.26,28.5,0.987618,0.649584,4.1111,0.177
146,-100,-120.0,30.0,5.0,2.5,-48.32,14.9966,-74,76.13,28.65,0.972805,0.622627,2.9315,0.1984
147,-100,-120.0,30.0,5.0,4.0,-48.46,15.3233,-83,76.05,28.74,0.963774,0.615491,3.422,0.1817
152,-100,-120.0,30.0,5.0,11.5,-47.53,18.4447,-100,75.66,29.21,0.95033,0.613825,2.9874,0.194
151,-100,-120.0,30.0,5.0,10.0,-47.67,17.5367,-96,76.7,27.97,0.998541,0.639044,3.016,0.1777
150,-100,-120.0,30.0,5.0,8.5,-47.5,16.4438,-92,75.75,29.1,0.924043,0.586346,2.8372,0.1807
153,-100,-120.0,30.0,5.0,13.0,-47.66,18.8206,-100,76.18,28.58,0.93655,0.618426,3.5855,0.1672
149,-100,-120.0,30.0,5.0,7.0,-48.3,15.2739,-89,76.11,28.67,0.969576,0.610576,2.9682,0.1899
154,-100,-120.0,40.0,1.0,1.0,-88.02,3.3849,-96,76.88,27.74,1.027215,0.662117,3.8577,0.171
156,-100,-120.0,40.0,1.0,4.0,-88.15,5.2834,-100,77.45,27.07,1.149846,0.687142,2.7859,0.156
155,-100,-120.0,40.0,1.0,2.5,-87.87,4.024,-100,76.79,27.86,1.092869,0.671604,3.1724,0.1871
158,-100,-120.0,40.0,1.0,7.0,-87.96,7.2486,-100,78.22,26.13,1.195909,0.748152,4.3768,0.1537
157,-100,-120.0,40.0,1.0,5.5,-88.34,6.1071,-100,77.89,26.55,1.163959,0.705339,3.3089,0.1632
159,-100,-120.0,40.0,1.0,8.5,-87.33,8.4792,-100,78.21,26.15,1.263582,0.774894,3.9928,0.1721
164,-100,-120.0,40.0,1.25,2.5,-84.9,4.2036,-100,76.51,28.18,1.078686,0.744773,5.303,0.1591
163,-100,-120.0,40.0,1.25,1.0,-84.98,4.3796,-97,76.62,28.05,1.141271,0.746882,4.7376,0.1554
161,-100,-120.0,40.0,1.0,11.5,-86.44,10.5169,-100,77.0,27.6,1.150662,0.708602,3.7509,0.1661
160,-100,-120.0,40.0,1.0,10.0,-86.6,9.4158,-100,78.01,26.39,1.22849,0.749043,4.1292,0.1763
162,-100,-120.0,40.0,1.0,13.0,-85.67,11.5178,-100,78.02,26.38,1.199205,0.734532,3.7275,0.1676
165,-100,-120.0,40.0,1.25,4.0,-84.96,5.9614,-100,76.8,27.85,1.037676,0.66091,3.3274,0.1781
166,-100,-120.0,40.0,1.25,5.5,-85.28,6.4795,-100,77.23,27.33,1.117254,0.683048,3.2935,0.1744
167,-100,-120.0,40.0,1.25,7.0,-85.08,7.8973,-100,77.12,27.45,1.070324,0.671161,3.2621,0.1753
168,-100,-120.0,40.0,1.25,8.5,-84.19,8.9186,-100,77.08,27.5,1.106557,0.69893,3.1664,0.1774
169,-100,-120.0,40.0,1.25,10.0,-84.25,9.9785,-100,77.97,26.44,1.209312,0.772991,4.9684,0.1648
172,-100,-120.0,40.0,1.5,1.0,-81.98,4.4783,-92,76.12,28.67,0.995787,0.641095,3.5131,0.1689
170,-100,-120.0,40.0,1.25,11.5,-84.22,11.1758,-100,76.96,27.65,1.131858,0.7073,3.6417,0.1654
175,-100,-120.0,40.0,1.5,5.5,-81.42,7.133,-100,76.66,28.01,1.011971,0.64096,2.9639,0.1823
173,-100,-120.0,40.0,1.5,2.5,-82.25,4.5739,-95,76.9,27.73,1.046839,0.695833,4.336,0.1562
174,-100,-120.0,40.0,1.5,4.0,-82.11,6.3131,-100,76.82,27.82,1.0101,0.649005,3.2553,0.1787
171,-100,-120.0,40.0,1.25,13.0,-83.63,12.1262,-100,78.39,25.94,1.174708,0.718073,3.4419,0.1645
176,-100,-120.0,40.0,1.5,7.0,-81.95,8.5137,-100,76.85,27.78,1.041771,0.684132,3.4268,0.1479
177,-100,-120.0,40.0,1.5,8.5,-81.46,9.3653,-100,77.04,27.55,1.054167,0.637029,2.5972,0.1763
180,-100,-120.0,40.0,1.5,13.0,-80.97,12.7242,-100,77.57,26.92,1.117625,0.682491,3.1287,0.1815
178,-100,-120.0,40.0,1.5,10.0,-81.67,10.558,-100,76.63,28.04,1.068817,0.673634,3.5799,0.1731
179,-100,-120.0,40.0,1.5,11.5,-81.3,11.5828,-100,77.68,26.78,1.191531,0.806323,5.266,0.1611
181,-100,-120.0,40.0,1.75,1.0,-79.37,5.013,-91,76.73,27.92,1.000071,0.638787,3.4782,0.1856
183,-100,-120.0,40.0,1.75,4.0,-79.01,6.698,-100,76.28,28.46,1.014215,0.643349,2.9845,0.1949
187,-100,-120.0,40.0,1.75,10.0,-79.37,11.1742,-100,76.41,28.31,1.038327,0.680215,4.1324,0.1726
182,-100,-120.0,40.0,1.75,2.5,-79.74,5.9444,-100,76.79,27.86,1.070325,0.693808,4.053,0.1712
184,-100,-120.0,40.0,1.75,5.5,-78.98,7.6076,-100,76.69,27.97,1.029383,0.689344,4.1127,0.1551
185,-100,-120.0,40.0,1.75,7.0,-79.33,8.4864,-100,76.34,28.4,0.978098,0.629337,3.0064,0.174
186,-100,-120.0,40.0,1.75,8.5,-79.07,10.1673,-100,76.3,28.43,1.004346,0.621319,2.5615,0.1975
190,-100,-120.0,40.0,2.0,1.0,-76.36,6.5287,-87,76.62,28.05,1.018053,0.757967,6.0924,0.1473
188,-100,-120.0,40.0,1.75,11.5,-78.8,12.0215,-100,76.98,27.62,1.041181,0.653226,3.4658,0.1604
189,-100,-120.0,40.0,1.75,13.0,-78.24,13.2825,-100,76.84,27.8,1.051709,0.677308,3.6901,0.1747
191,-100,-120.0,40.0,2.0,2.5,-75.91,6.258,-93,76.13,28.65,0.983932,0.623947,2.593,0.191
192,-100,-120.0,40.0,2.0,4.0,-76.42,7.476,-100,75.83,29.01,0.952643,0.606537,2.64,0.1952
194,-100,-120.0,40.0,2.0,7.0,-76.55,8.8998,-100,76.58,28.1,0.984596,0.645474,3.9929,0.1837
200,-100,-120.0,40.0,2.25,2.5,-72.75,7.1864,-91,76.51,28.19,0.993932,0.65046,3.4299,0.1626
196,-100,-120.0,40.0,2.0,10.0,-76.26,11.2232,-100,76.76,27.89,1.05789,0.684873,3.715,0.1852
193,-100,-120.0,40.0,2.0,5.5,-76.4,7.89,-100,76.09,28.69,0.984863,0.618043,3.0543,0.1866
198,-100,-120.0,40.0,2.0,13.0,-75.45,13.6553,-100,76.63,28.04,1.043926,0.722995,4.718,0.116
195,-100,-120.0,40.0,2.0,8.5,-76.31,10.1151,-100,76.23,28.53,1.034735,0.63572,2.6639,0.1868
197,-100,-120.0,40.0,2.0,11.5,-76.02,12.6696,-100,76.23,28.52,1.045778,0.693123,3.973,0.151
199,-100,-120.0,40.0,2.25,1.0,-73.48,6.7293,-86,77.02,27.57,1.098917,0.71514,4.1425,0.1683
202,-100,-120.0,40.0,2.25,5.5,-73.46,8.3035,-100,75.73,29.11,0.956422,0.607,3.2813,0.1856
201,-100,-120.0,40.0,2.25,4.0,-73.75,8.0745,-100,76.33,28.41,1.030006,0.694285,4.1763,0.1685
204,-100,-120.0,40.0,2.25,8.5,-72.95,10.3748,-100,76.31,28.42,0.968394,0.616475,3.2156,0.1804
203,-100,-120.0,40.0,2.25,7.0,-73.4,9.4818,-100,76.22,28.55,1.01674,0.631875,2.761,0.1991
207,-100,-120.0,40.0,2.25,13.0,-72.41,14.3569,-100,76.73,27.91,1.03831,0.665598,3.4785,0.1722
206,-100,-120.0,40.0,2.25,11.5,-73.41,13.0864,-100,76.9,27.71,1.011963,0.65016,3.1381,0.179
205,-100,-120.0,40.0,2.25,10.0,-73.23,11.8688,-100,77.29,27.25,1.038971,0.650814,2.7009,0.177
209,-100,-120.0,40.0,2.5,2.5,-71.06,7.4268,-88,76.07,28.71,0.981007,0.596186,2.3985,0.2001
208,-100,-120.0,40.0,2.5,1.0,-70.45,7.287,-83,76.59,28.09,1.065231,0.704058,4.451,0.1673
210,-100,-120.0,40.0,2.5,4.0,-70.73,8.3833,-95,77.18,27.39,1.070209,0.717348,4.0953,0.1328
211,-100,-120.0,40.0,2.5,5.5,-70.85,9.591,-100,76.59,28.09,1.057415,0.739678,5.2177,0.1516
214,-100,-120.0,40.0,2.5,10.0,-71.08,11.7873,-100,76.6,28.09,1.015682,0.68369,4.3252,0.1526
213,-100,-120.0,40.0,2.5,8.5,-70.61,11.6307,-100,76.19,28.58,0.996118,0.651606,3.2647,0.1775
212,-100,-120.0,40.0,2.5,7.0,-70.71,10.1756,-100,76.7,27.95,1.035582,0.631906,2.3609,0.1771
215,-100,-120.0,40.0,2.5,11.5,-69.94,13.6034,-100,76.25,28.51,0.972642,0.637735,3.418,0.1721
216,-100,-120.0,40.0,2.5,13.0,-70.53,14.5385,-100,76.16,28.61,1.023684,0.651212,3.4459,0.1891
218,-100,-120.0,40.0,2.75,2.5,-67.67,8.5473,-88,76.86,27.77,1.042624,0.711693,4.9164,0.1489
222,-100,-120.0,40.0,2.75,8.5,-67.66,11.7036,-100,75.84,28.99,0.954639,0.642804,4.2166,0.1642
217,-100,-120.0,40.0,2.75,1.0,-67.36,7.9108,-80,76.83,27.8,1.041899,0.653884,3.1454,0.1585
220,-100,-120.0,40.0,2.75,5.5,-67.4,10.0528,-100,76.46,28.26,1.004444,0.707819,4.3814,0.1515
221,-100,-120.0,40.0,2.75,7.0,-68.08,11.0538,-100,76.7,27.96,0.98886,0.613822,2.162,0.1943
219,-100,-120.0,40.0,2.75,4.0,-67.8,8.9461,-92,76.94,27.69,1.034887,0.637549,2.3068,0.1914
223,-100,-120.0,40.0,2.75,10.0,-68.27,12.8874,-100,76.82,27.83,1.049753,0.655219,3.0479,0.1837
224,-100,-120.0,40.0,2.75,11.5,-68.01,14.1568,-100,76.23,28.52,0.982434,0.617007,3.2515,0.1901
225,-100,-120.0,40.0,2.75,13.0,-67.47,15.1487,-100,76.7,27.97,1.01228,0.668999,4.1186,0.1701
226,-100,-120.0,40.0,3.0,1.0,-64.2,8.8336,-81,76.97,27.64,1.058223,0.728532,4.401,0.1512
227,-100,-120.0,40.0,3.0,2.5,-64.67,8.9331,-86,76.64,28.04,1.027008,0.689204,4.2981,0.1651
228,-100,-120.0,40.0,3.0,4.0,-65.0,9.6933,-91,76.01,28.78,1.010611,0.636718,2.8442,0.1929
229,-100,-120.0,40.0,3.0,5.5,-64.43,10.0725,-93,76.17,28.6,0.945901,0.599826,2.6777,0.1913
231,-100,-120.0,40.0,3.0,8.5,-64.94,12.3548,-100,76.09,28.69,0.959398,0.59763,2.2253,0.197
232,-100,-120.0,40.0,3.0,10.0,-64.56,13.4692,-100,76.17,28.6,0.947361,0.658948,4.2886,0.1729
233,-100,-120.0,40.0,3.0,11.5,-64.85,14.1092,-100,76.23,28.52,0.964567,0.629905,3.6586,0.1872
230,-100,-120.0,40.0,3.0,7.0,-64.47,11.2635,-100,76.27,28.48,0.980608,0.642537,3.5509,0.1791
236,-100,-120.0,40.0,3.25,2.5,-62.27,9.3131,-83,76.12,28.66,0.992789,0.676152,4.7308,0.152
234,-100,-120.0,40.0,3.0,13.0,-64.37,15.4952,-100,76.35,28.38,1.0199,0.642597,3.7938,0.197
237,-100,-120.0,40.0,3.25,4.0,-62.22,10.4107,-90,76.55,28.14,0.977728,0.663638,4.0907,0.1589
235,-100,-120.0,40.0,3.25,1.0,-62.04,9.3648,-81,76.84,27.8,0.983215,0.671922,3.9436,0.1588
239,-100,-120.0,40.0,3.25,7.0,-61.73,11.6606,-100,76.73,27.92,1.019412,0.705783,4.5617,0.1691
238,-100,-120.0,40.0,3.25,5.5,-61.63,10.9594,-94,76.44,28.28,0.998948,0.619134,2.0137,0.2012
240,-100,-120.0,40.0,3.25,8.5,-61.6,12.6288,-100,76.53,28.16,0.994334,0.633803,2.7873,0.1841
242,-100,-120.0,40.0,3.25,11.5,-61.59,14.6507,-100,76.24,28.51,1.01732,0.74156,5.7459,0.1512
241,-100,-120.0,40.0,3.25,10.0,-62.14,13.692,-100,76.22,28.54,0.98587,0.619843,2.9292,0.1959
243,-100,-120.0,40.0,3.25,13.0,-61.74,16.223,-100,76.2,28.55,0.981377,0.646044,4.0956,0.1764
245,-100,-120.0,40.0,3.5,2.5,-59.18,10.151,-82,76.32,28.42,0.964791,0.60452,2.6098,0.1815
244,-100,-120.0,40.0,3.5,1.0,-58.81,10.1068,-76,76.07,28.71,0.980403,0.637502,3.7464,0.18
246,-100,-120.0,40.0,3.5,4.0,-59.81,10.9484,-87,76.68,27.99,0.992551,0.626778,2.411,0.1932
247,-100,-120.0,40.0,3.5,5.5,-59.46,11.5056,-92,75.68,29.18,0.98666,0.669578,4.7188,0.1542
248,-100,-120.0,40.0,3.5,7.0,-58.58,12.6314,-97,76.11,28.67,0.974894,0.625383,3.1792,0.1808
250,-100,-120.0,40.0,3.5,10.0,-59.12,14.1935,-100,76.06,28.73,0.970447,0.639824,3.6329,0.1921
249,-100,-120.0,40.0,3.5,8.5,-59.13,13.3146,-100,76.37,28.36,0.98399,0.640229,3.2075,0.1821
252,-100,-120.0,40.0,3.5,13.0,-58.31,16.6098,-100,75.87,28.96,0.97026,0.664638,4.8227,0.168
251,-100,-120.0,40.0,3.5,11.5,-58.63,14.9123,-100,76.22,28.54,1.001844,0.64192,3.3446,0.1881
253,-100,-120.0,40.0,3.75,1.0,-56.2,11.1863,-73,75.92,28.9,1.054873,0.747523,5.5613,0.1582
254,-100,-120.0,40.0,3.75,2.5,-56.54,11.1736,-82,76.38,28.34,0.983914,0.665069,4.3077,0.1397
255,-100,-120.0,40.0,3.75,4.0,-56.17,11.4626,-85,76.11,28.68,0.977628,0.649731,4.0958,0.173
258,-100,-120.0,40.0,3.75,8.5,-55.75,13.4747,-100,76.67,28.0,0.969185,0.642483,3.7202,0.175
256,-100,-120.0,40.0,3.75,5.5,-56.31,11.8287,-88,76.84,27.79,1.029828,0.665801,3.6006,0.1758
259,-100,-120.0,40.0,3.75,10.0,-55.51,14.7959,-100,76.22,28.55,0.991624,0.65494,4.0201,0.1613
257,-100,-120.0,40.0,3.75,7.0,-56.12,12.6694,-95,76.97,27.63,1.068906,0.684378,3.7826,0.1815
262,-100,-120.0,40.0,4.0,1.0,-53.5,11.1465,-72,76.52,28.18,0.980731,0.673675,4.3208,0.1599
260,-100,-120.0,40.0,3.75,11.5,-55.42,15.3817,-100,75.63,29.25,1.018726,0.761974,6.6371,0.1605
261,-100,-120.0,40.0,3.75,13.0,-56.26,16.946,-100,76.0,28.79,1.016695,0.724704,5.9673,0.1388
264,-100,-120.0,40.0,4.0,4.0,-53.38,12.0522,-84,75.43,29.48,0.927049,0.596487,2.9896,0.2016
263,-100,-120.0,40.0,4.0,2.5,-53.06,11.4949,-76,76.43,28.27,0.991578,0.639279,3.8779,0.1703
265,-100,-120.0,40.0,4.0,5.5,-53.27,12.6308,-92,76.34,28.39,0.944139,0.604949,3.278,0.1743
266,-100,-120.0,40.0,4.0,7.0,-53.79,13.7622,-92,76.42,28.31,0.973637,0.599561,2.7626,0.194
267,-100,-120.0,40.0,4.0,8.5,-53.52,13.9163,-97,76.79,27.85,1.055917,0.650794,3.2876,0.1865
268,-100,-120.0,40.0,4.0,10.0,-53.27,15.3277,-100,76.21,28.54,0.970634,0.627503,3.3519,0.18
270,-100,-120.0,40.0,4.0,13.0,-53.47,17.3545,-100,76.49,28.22,1.016802,0.696134,4.6971,0.1499
271,-100,-120.0,40.0,4.25,1.0,-50.35,11.8456,-69,76.3,28.45,0.990891,0.642832,3.5673,0.1795
269,-100,-120.0,40.0,4.0,11.5,-53.18,15.9789,-100,75.9,28.91,0.981681,0.632164,3.5502,0.1924
272,-100,-120.0,40.0,4.25,2.5,-50.51,12.6255,-73,76.8,27.85,1.036798,0.628885,1.8125,0.2047
273,-100,-120.0,40.0,4.25,4.0,-50.62,12.6034,-80,76.33,28.4,1.003974,0.651147,3.822,0.181
274,-100,-120.0,40.0,4.25,5.5,-50.06,13.122,-87,76.32,28.41,0.997101,0.633184,2.5265,0.2035
275,-100,-120.0,40.0,4.25,7.0,-50.21,14.1496,-90,75.56,29.32,0.942981,0.614731,3.5524,0.1926
276,-100,-120.0,40.0,4.25,8.5,-50.25,14.7213,-98,75.79,29.05,0.956343,0.594339,2.4278,0.1952
277,-100,-120.0,40.0,4.25,10.0,-50.07,15.307,-100,76.18,28.59,0.950996,0.636155,3.8429,0.1665
278,-100,-120.0,40.0,4.25,11.5,-50.08,16.763,-100,76.71,27.96,1.023996,0.660311,3.8804,0.176
280,-100,-120.0,40.0,4.5,1.0,-47.98,13.3939,-67,76.23,28.52,0.967674,0.637706,3.7173,0.1769
279,-100,-120.0,40.0,4.25,13.0,-50.36,17.9664,-100,76.45,28.28,0.985951,0.636692,3.6228,0.1794
282,-100,-120.0,40.0,4.5,4.0,-47.39,13.7219,-76,76.32,28.43,0.984832,0.649099,3.7835,0.1525
283,-100,-120.0,40.0,4.5,5.5,-47.75,13.5983,-82,76.29,28.46,0.98551,0.69835,5.2499,0.1353
284,-100,-120.0,40.0,4.5,7.0,-47.7,14.8502,-87,76.63,28.05,0.969658,0.665303,4.8674,0.1441
281,-100,-120.0,40.0,4.5,2.5,-47.28,12.627,-72,76.45,28.25,1.008194,0.632671,3.0528,0.1778
285,-100,-120.0,40.0,4.5,8.5,-47.51,15.2794,-91,76.13,28.64,0.952288,0.601755,2.7855,0.1944
287,-100,-120.0,40.0,4.5,11.5,-47.66,17.2691,-100,76.17,28.6,0.947511,0.590104,2.2019,0.2064
286,-100,-120.0,40.0,4.5,10.0,-47.31,16.325,-100,76.15,28.62,0.974578,0.601046,2.4113,0.1941
288,-100,-120.0,40.0,4.5,13.0,-47.08,18.175,-100,76.79,27.85,0.979212,0.639561,3.4175,0.1823
289,-100,-120.0,40.0,4.75,1.0,-44.97,13.8123,-65,76.09,28.69,0.988992,0.622931,2.879,0.1953
292,-100,-120.0,40.0,4.75,5.5,-45.0,14.633,-79,76.36,28.37,0.972094,0.646519,3.9005,0.1649
290,-100,-120.0,40.0,4.75,2.5,-44.79,13.918,-69,75.79,29.04,0.961562,0.579758,1.8647,0.2109
291,-100,-120.0,40.0,4.75,4.0,-44.34,14.4242,-75,76.09,28.69,0.986671,0.62627,3.0154,0.1778
293,-100,-120.0,40.0,4.75,7.0,-44.45,15.5133,-89,76.69,27.96,1.088461,0.741361,5.4119,0.1565
294,-100,-120.0,40.0,4.75,8.5,-44.21,16.1628,-95,75.36,29.57,0.939926,0.63475,4.2735,0.1703
297,-100,-120.0,40.0,4.75,13.0,-44.62,19.3034,-100,76.24,28.52,1.036349,0.722207,5.5761,0.1677
295,-100,-120.0,40.0,4.75,10.0,-44.11,16.9556,-94,75.9,28.92,0.942955,0.574889,1.6454,0.2123
296,-100,-120.0,40.0,4.75,11.5,-44.93,17.8765,-100,76.74,27.93,0.989161,0.608158,2.146,0.1952
298,-100,-120.0,40.0,5.0,1.0,-41.49,14.4958,-63,75.8,29.03,0.924351,0.586913,2.4081,0.2016
300,-100,-120.0,40.0,5.0,4.0,-41.06,14.4556,-74,76.26,28.48,1.016978,0.669214,4.0673,0.1707
299,-100,-120.0,40.0,5.0,2.5,-41.7,14.2139,-68,75.61,29.28,0.954456,0.595128,2.2784,0.2003
301,-100,-120.0,40.0,5.0,5.5,-42.21,15.7039,-83,76.31,28.43,0.971843,0.691414,4.9874,0.1571
302,-100,-120.0,40.0,5.0,7.0,-41.79,16.2686,-85,75.75,29.09,0.963435,0.628833,3.4923,0.1755
304,-100,-120.0,40.0,5.0,10.0,-41.43,17.1821,-95,75.44,29.47,0.922719,0.579274,2.6596,0.1935
303,-100,-120.0,40.0,5.0,8.5,-41.46,16.8344,-93,75.58,29.3,0.957387,0.597793,2.7441,0.1958
305,-100,-120.0,40.0,5.0,11.5,-41.57,18.4567,-100,76.2,28.56,0.966899,0.618928,2.902,0.1845
308,-100,-120.0,50.0,1.0,2.5,-87.22,3.9871,-100,76.61,28.06,1.025812,0.679222,3.8204,0.1563
309,-100,-120.0,50.0,1.0,4.0,-86.91,4.8573,-100,77.16,27.41,1.12593,0.721132,3.8231,0.1592
306,-100,-120.0,40.0,5.0,13.0,-41.46,19.1982,-100,76.38,28.35,0.975748,0.627287,3.3585,0.1739
307,-100,-120.0,50.0,1.0,1.0,-87.24,3.5176,-98,77.14,27.43,1.093779,0.68441,3.4634,0.1747
310,-100,-120.0,50.0,1.0,5.5,-86.23,6.354,-100,77.14,27.43,1.081941,0.700119,3.7119,0.1704
311,-100,-120.0,50.0,1.0,7.0,-86.88,7.5244,-100,77.42,27.1,1.198744,0.792633,5.0313,0.1389
312,-100,-120.0,50.0,1.0,8.5,-86.54,8.4666,-100,78.35,25.98,1.206747,0.737142,3.2705,0.1736
313,-100,-120.0,50.0,1.0,10.0,-86.03,9.6632,-100,76.88,27.75,1.122313,0.702135,3.5707,0.171
315,-100,-120.0,50.0,1.0,13.0,-85.38,11.4987,-100,77.53,26.97,1.15888,0.760955,4.6047,0.156
314,-100,-120.0,50.0,1.0,11.5,-85.72,10.5687,-100,77.81,26.63,1.151762,0.680507,2.6713,0.1844
317,-100,-120.0,50.0,1.25,2.5,-83.74,4.8258,-98,77.28,27.26,1.066184,0.70871,4.1873,0.1778
316,-100,-120.0,50.0,1.25,1.0,-83.29,3.7939,-92,76.38,28.36,1.018613,0.638123,3.1749,0.1793
320,-100,-120.0,50.0,1.25,7.0,-83.35,7.8238,-100,77.54,26.96,1.099284,0.694099,2.8778,0.1855
318,-100,-120.0,50.0,1.25,4.0,-84.04,5.7531,-100,76.47,28.24,1.049217,0.658703,3.0921,0.1852
321,-100,-120.0,50.0,1.25,8.5,-83.61,8.9825,-100,77.39,27.14,1.087076,0.685126,3.3719,0.1767
319,-100,-120.0,50.0,1.25,5.5,-83.7,6.8672,-100,77.38,27.13,1.150972,0.745498,4.3618,0.1496
323,-100,-120.0,50.0,1.25,11.5,-83.25,11.2545,-100,76.94,27.68,1.074096,0.720823,4.1012,0.163
322,-100,-120.0,50.0,1.25,10.0,-83.25,10.2051,-100,77.52,26.97,1.129164,0.686955,2.6584,0.1711
324,-100,-120.0,50.0,1.25,13.0,-82.51,12.2369,-100,77.7,26.77,1.16309,0.737863,4.1103,0.1671
325,-100,-120.0,50.0,1.5,1.0,-81.17,4.6988,-92,76.23,28.53,1.00101,0.651114,4.0102,0.1613
326,-100,-120.0,50.0,1.5,2.5,-80.7,5.3117,-96,76.61,28.07,1.030056,0.672755,3.4512,0.1559
327,-100,-120.0,50.0,1.5,4.0,-80.68,5.7943,-100,76.18,28.59,0.998193,0.627995,3.1109,0.1968
329,-100,-120.0,50.0,1.5,7.0,-80.86,8.3096,-100,76.31,28.43,1.030083,0.662684,3.6362,0.1736
328,-100,-120.0,50.0,1.5,5.5,-80.55,6.9233,-100,76.93,27.68,1.023028,0.638379,2.7251,0.1758
330,-100,-120.0,50.0,1.5,8.5,-79.79,9.3531,-100,75.92,28.9,1.059514,0.666756,3.4896,0.1864
333,-100,-120.0,50.0,1.5,13.0,-80.16,12.7261,-100,77.32,27.22,1.083795,0.733693,4.8502,0.1535
331,-100,-120.0,50.0,1.5,10.0,-80.5,10.977,-100,77.62,26.86,1.230358,0.924245,6.9995,0.1291
332,-100,-120.0,50.0,1.5,11.5,-80.26,11.7195,-100,77.56,26.92,1.14262,0.692478,3.4363,0.1763
335,-100,-120.0,50.0,1.75,2.5,-77.63,5.8222,-94,77.0,27.6,1.046725,0.671778,3.616,0.1771
334,-100,-120.0,50.0,1.75,1.0,-77.21,5.6138,-88,76.63,28.05,1.026408,0.655671,3.5258,0.1788
336,-100,-120.0,50.0,1.75,4.0,-77.81,6.4559,-99,75.82,29.01,0.976384,0.632838,4.0254,0.1662
337,-100,-120.0,50.0,1.75,5.5,-77.87,7.2563,-100,76.39,28.33,1.045404,0.743951,5.3997,0.1338
338,-100,-120.0,50.0,1.75,7.0,-77.59,8.6285,-100,76.71,27.95,1.033725,0.630651,2.3854,0.1966
340,-100,-120.0,50.0,1.75,10.0,-76.81,10.6865,-100,76.13,28.64,1.009474,0.661217,3.1711,0.1879
339,-100,-120.0,50.0,1.75,8.5,-77.2,10.2457,-100,76.19,28.58,0.981298,0.611388,2.0963,0.192
341,-100,-120.0,50.0,1.75,11.5,-77.25,12.3695,-100,76.34,28.39,1.06464,0.675176,3.3437,0.1802
344,-100,-120.0,50.0,2.0,2.5,-74.51,6.5881,-93,76.09,28.7,0.972827,0.635267,2.9329,0.1993
343,-100,-120.0,50.0,2.0,1.0,-74.9,5.8346,-87,76.04,28.75,0.991151,0.62802,2.8927,0.2086
342,-100,-120.0,50.0,1.75,13.0,-76.71,13.4048,-100,76.65,28.01,1.042493,0.634941,2.0104,0.1786
346,-100,-120.0,50.0,2.0,5.5,-74.54,7.8119,-100,76.57,28.12,0.998677,0.673861,4.2509,0.1519
345,-100,-120.0,50.0,2.0,4.0,-74.62,7.3209,-99,75.99,28.81,1.01654,0.643622,3.384,0.1895
347,-100,-120.0,50.0,2.0,7.0,-74.06,9.3205,-100,76.51,28.19,0.988543,0.681537,4.681,0.1581
348,-100,-120.0,50.0,2.0,8.5,-74.04,10.3595,-100,76.42,28.3,1.005465,0.606595,2.2347,0.2
349,-100,-120.0,50.0,2.0,10.0,-74.17,11.4829,-100,76.08,28.71,1.047373,0.711694,5.1051,0.1649
351,-100,-120.0,50.0,2.0,13.0,-73.6,14.0248,-100,76.85,27.77,1.065796,0.680292,3.2009,0.1861
350,-100,-120.0,50.0,2.0,11.5,-74.56,12.5873,-100,76.62,28.07,0.998507,0.612682,2.3441,0.1991
352,-100,-120.0,50.0,2.25,1.0,-71.55,6.7747,-84,76.36,28.37,0.992183,0.63027,2.6965,0.1858
353,-100,-120.0,50.0,2.25,2.5,-71.5,7.0003,-90,76.46,28.25,1.041748,0.67797,3.5934,0.1766
354,-100,-120.0,50.0,2.25,4.0,-71.15,7.4276,-96,76.11,28.67,0.987437,0.620043,2.9294,0.1817
355,-100,-120.0,50.0,2.25,5.5,-71.37,8.6786,-100,75.86,28.96,0.990965,0.680833,4.3749,0.1609
356,-100,-120.0,50.0,2.25,7.0,-71.22,9.6504,-100,76.32,28.42,1.007428,0.652635,3.3697,0.1726
357,-100,-120.0,50.0,2.25,8.5,-71.41,10.9533,-100,76.64,28.04,1.00487,0.623797,2.5292,0.1667
359,-100,-120.0,50.0,2.25,11.5,-70.99,13.2328,-100,76.18,28.59,0.994,0.608402,1.9255,0.1999
358,-100,-120.0,50.0,2.25,10.0,-71.25,11.9321,-100,76.99,27.61,1.04015,0.634828,2.4892,0.188
360,-100,-120.0,50.0,2.25,13.0,-71.1,14.1414,-100,76.71,27.96,1.113579,0.796591,5.8179,0.1484
361,-100,-120.0,50.0,2.5,1.0,-68.16,7.6639,-81,76.03,28.76,0.997939,0.604483,1.9652,0.2083
362,-100,-120.0,50.0,2.5,2.5,-68.11,7.6321,-86,76.55,28.15,1.061155,0.783428,5.9261,0.1569
364,-100,-120.0,50.0,2.5,5.5,-67.69,9.2152,-99,75.64,29.23,1.005006,0.721264,5.0027,0.1753
363,-100,-120.0,50.0,2.5,4.0,-68.42,8.1525,-92,76.4,28.32,1.043976,0.699748,4.7572,0.1605
366,-100,-120.0,50.0,2.5,8.5,-68.17,10.8152,-100,76.16,28.61,0.982388,0.699598,5.4408,0.1616
365,-100,-120.0,50.0,2.5,7.0,-67.87,10.4198,-100,76.19,28.58,1.006848,0.6581,4.1503,0.1447
367,-100,-120.0,50.0,2.5,10.0,-67.4,12.1258,-100,76.5,28.2,1.023871,0.636376,2.1079,0.1994
368,-100,-120.0,50.0,2.5,11.5,-67.62,13.2999,-100,76.91,27.72,1.012476,0.636653,2.8302,0.1779
370,-100,-120.0,50.0,2.75,1.0,-65.07,8.09,-80,76.1,28.67,0.980921,0.635045,3.4793,0.186
369,-100,-120.0,50.0,2.5,13.0,-67.36,14.5768,-100,76.45,28.25,1.010087,0.63072,2.8526,0.1746
371,-100,-120.0,50.0,2.75,2.5,-64.99,8.7114,-85,76.61,28.07,1.021468,0.697528,4.1106,0.171
372,-100,-120.0,50.0,2.75,4.0,-64.93,9.1154,-91,76.69,27.96,0.984225,0.628649,3.025,0.1855
373,-100,-120.0,50.0,2.75,5.5,-65.57,9.3268,-93,76.03,28.76,1.020891,0.66461,4.1177,0.1724
375,-100,-120.0,50.0,2.75,8.5,-64.95,11.5581,-100,76.26,28.5,0.985148,0.702531,5.2984,0.1515
374,-100,-120.0,50.0,2.75,7.0,-65.0,10.2901,-100,76.35,28.38,0.997187,0.612469,2.6423,0.1921
377,-100,-120.0,50.0,2.75,11.5,-65.38,13.6089,-100,76.27,28.48,0.994933,0.651718,3.5519,0.1777
376,-100,-120.0,50.0,2.75,10.0,-65.14,12.5098,-100,76.84,27.79,1.036702,0.704005,4.1968,0.1504
378,-100,-120.0,50.0,2.75,13.0,-64.65,14.9945,-100,75.94,28.87,1.025326,0.66143,3.4038,0.1831
379,-100,-120.0,50.0,3.0,1.0,-61.62,8.8081,-75,76.76,27.89,1.023261,0.694735,4.2439,0.1545
380,-100,-120.0,50.0,3.0,2.5,-61.82,9.6075,-83,76.03,28.78,0.978902,0.64271,3.9482,0.1884
381,-100,-120.0,50.0,3.0,4.0,-61.86,9.2187,-86,76.85,27.77,1.043012,0.688658,4.134,0.1744
382,-100,-120.0,50.0,3.0,5.5,-62.33,10.3258,-96,76.97,27.64,1.045402,0.682903,3.9976,0.1679
383,-100,-120.0,50.0,3.0,7.0,-62.19,10.6431,-99,76.62,28.06,0.990249,0.666619,4.0675,0.1497
384,-100,-120.0,50.0,3.0,8.5,-62.18,12.0039,-100,75.93,28.88,0.976988,0.663848,4.3412,0.1674
385,-100,-120.0,50.0,3.0,10.0,-61.16,13.1786,-100,76.46,28.25,1.041932,0.704993,4.6909,0.1521
386,-100,-120.0,50.0,3.0,11.5,-61.51,14.5798,-100,75.36,29.57,0.979014,0.653976,4.5525,0.1666
387,-100,-120.0,50.0,3.0,13.0,-61.52,15.5956,-100,75.91,28.92,0.993333,0.643866,3.7526,0.1662
388,-100,-120.0,50.0,3.25,1.0,-58.35,9.7497,-75,76.46,28.25,0.969876,0.682152,4.5483,0.1561
389,-100,-120.0,50.0,3.25,2.5,-58.43,9.1028,-78,76.44,28.27,1.016695,0.649147,3.138,0.1823
391,-100,-120.0,50.0,3.25,5.5,-58.61,11.2725,-95,75.65,29.22,0.974788,0.634715,3.697,0.1777
390,-100,-120.0,50.0,3.25,4.0,-58.97,9.9119,-86,76.96,27.64,1.070956,0.719706,4.731,0.1661
392,-100,-120.0,50.0,3.25,7.0,-58.31,11.66,-98,76.46,28.25,0.983984,0.656776,4.0045,0.1609
393,-100,-120.0,50.0,3.25,8.5,-58.51,12.6534,-100,76.45,28.27,0.960902,0.649259,3.6599,0.1737
395,-100,-120.0,50.0,3.25,11.5,-58.28,14.6943,-100,76.02,28.78,0.997416,0.646205,3.6112,0.1863
394,-100,-120.0,50.0,3.25,10.0,-59.07,13.7831,-100,76.05,28.74,1.00371,0.631974,2.9696,0.1897
396,-100,-120.0,50.0,3.25,13.0,-58.58,16.0601,-100,76.48,28.23,0.982121,0.628302,3.0082,0.1761
398,-100,-120.0,50.0,3.5,2.5,-55.94,10.0068,-78,76.32,28.42,1.065916,0.745032,5.6518,0.1559
400,-100,-120.0,50.0,3.5,5.5,-55.6,11.6534,-88,76.18,28.6,1.072906,0.770661,5.8886,0.1343
397,-100,-120.0,50.0,3.5,1.0,-55.97,10.4136,-72,76.58,28.11,0.979312,0.609895,2.4125,0.1772
399,-100,-120.0,50.0,3.5,4.0,-55.26,11.5,-86,75.9,28.91,0.936169,0.666376,4.8436,0.154
402,-100,-120.0,50.0,3.5,8.5,-55.62,13.3079,-100,76.28,28.47,0.994368,0.667976,4.4409,0.177
401,-100,-120.0,50.0,3.5,7.0,-56.03,12.4791,-93,75.82,29.02,1.005257,0.68843,4.9097,0.1767
403,-100,-120.0,50.0,3.5,10.0,-55.49,14.0236,-100,75.64,29.24,0.953196,0.620988,3.7853,0.1754
404,-100,-120.0,50.0,3.5,11.5,-55.27,15.0954,-100,75.75,29.09,0.947181,0.61068,3.4737,0.1823
405,-100,-120.0,50.0,3.5,13.0,-55.65,16.575,-100,76.51,28.18,1.004285,0.668776,3.9863,0.155
407,-100,-120.0,50.0,3.75,2.5,-52.56,11.2746,-76,76.47,28.24,0.999317,0.617188,2.2082,0.1865
408,-100,-120.0,50.0,3.75,4.0,-53.09,11.4598,-83,76.17,28.6,0.943662,0.611923,3.1246,0.1846
406,-100,-120.0,50.0,3.75,1.0,-52.52,10.8739,-72,76.19,28.56,1.022963,0.681572,4.6314,0.1695
409,-100,-120.0,50.0,3.75,5.5,-52.61,12.8799,-86,75.69,29.17,0.934689,0.600071,3.0869,0.1992
411,-100,-120.0,50.0,3.75,8.5,-52.89,13.65,-97,75.41,29.51,0.925657,0.590576,2.6091,0.2013
412,-100,-120.0,50.0,3.75,10.0,-52.45,15.0665,-100,76.27,28.47,0.93567,0.602029,3.1735,0.1702
410,-100,-120.0,50.0,3.75,7.0,-52.59,12.7962,-92,76.24,28.5,0.991219,0.605605,1.8227,0.1942
413,-100,-120.0,50.0,3.75,11.5,-51.69,15.8967,-100,75.98,28.84,0.95191,0.651047,4.447,0.1645
414,-100,-120.0,50.0,3.75,13.0,-52.94,16.872,-100,76.04,28.76,0.948301,0.604972,2.9619,0.1844
415,-100,-120.0,50.0,4.0,1.0,-49.36,11.7318,-68,75.66,29.21,0.96722,0.636879,3.7803,0.1875
417,-100,-120.0,50.0,4.0,4.0,-49.5,11.8668,-76,75.96,28.86,0.971507,0.644675,3.8654,0.1696
416,-100,-120.0,50.0,4.0,2.5,-49.49,11.896,-73,76.81,27.82,1.033081,0.645329,2.6163,0.1819
419,-100,-120.0,50.0,4.0,7.0,-49.67,13.2253,-88,76.21,28.55,0.980033,0.645353,3.7934,0.1799
418,-100,-120.0,50.0,4.0,5.5,-49.54,12.1027,-85,76.19,28.56,0.975342,0.618713,3.0149,0.1989
420,-100,-120.0,50.0,4.0,8.5,-48.84,14.2287,-96,76.2,28.57,1.030294,0.673158,4.0339,0.1663
421,-100,-120.0,50.0,4.0,10.0,-49.04,15.2941,-97,75.87,28.95,0.938472,0.639075,3.9184,0.1784
422,-100,-120.0,50.0,4.0,11.5,-49.76,15.9252,-100,76.18,28.58,0.957575,0.618079,3.1248,0.1943
423,-100,-120.0,50.0,4.0,13.0,-49.01,17.5797,-100,75.85,28.97,0.929098,0.654063,5.1757,0.1519
424,-100,-120.0,50.0,4.25,1.0,-45.93,11.7281,-64,76.19,28.58,1.047654,0.757644,6.1075,0.1502
425,-100,-120.0,50.0,4.25,2.5,-46.01,12.7611,-70,76.44,28.27,0.994502,0.64319,3.7423,0.1812
427,-100,-120.0,50.0,4.25,5.5,-45.91,13.2393,-80,75.56,29.32,0.932465,0.60893,4.0737,0.1618
426,-100,-120.0,50.0,4.25,4.0,-46.1,12.1782,-74,76.2,28.55,0.996578,0.629272,2.9659,0.1862
430,-100,-120.0,50.0,4.25,10.0,-45.73,15.7226,-94,76.58,28.12,1.00227,0.652697,3.7293,0.1757
429,-100,-120.0,50.0,4.25,8.5,-46.5,15.0832,-94,76.13,28.64,0.990957,0.642685,3.6397,0.1678
431,-100,-120.0,50.0,4.25,11.5,-45.77,16.5876,-100,76.1,28.69,0.96188,0.659559,3.843,0.1827
428,-100,-120.0,50.0,4.25,7.0,-46.3,14.0525,-88,75.99,28.81,1.001638,0.650933,4.1025,0.1688
432,-100,-120.0,50.0,4.25,13.0,-46.35,18.0881,-100,76.08,28.71,0.951174,0.593336,2.639,0.1963
433,-100,-120.0,50.0,4.5,1.0,-43.28,13.2637,-64,76.27,28.47,1.012599,0.622781,2.5738,0.2047
434,-100,-120.0,50.0,4.5,2.5,-43.3,13.3342,-68,75.44,29.46,0.925903,0.608433,3.4852,0.1758
436,-100,-120.0,50.0,4.5,5.5,-43.4,14.3256,-79,75.92,28.9,0.950192,0.617136,3.4194,0.2027
435,-100,-120.0,50.0,4.5,4.0,-43.56,13.1162,-76,76.25,28.49,0.947525,0.623355,4.0167,0.1595
437,-100,-120.0,50.0,4.5,7.0,-42.93,14.2881,-91,75.94,28.86,0.906988,0.583658,3.2474,0.1776
438,-100,-120.0,50.0,4.5,8.5,-43.62,15.3598,-93,76.95,27.66,1.073071,0.721758,5.1207,0.1583
439,-100,-120.0,50.0,4.5,10.0,-43.09,16.0993,-94,76.05,28.74,1.01907,0.683601,4.8255,0.1656
441,-100,-120.0,50.0,4.5,13.0,-42.7,18.383,-100,76.4,28.32,0.959601,0.640993,4.4821,0.1641
442,-100,-120.0,50.0,4.75,1.0,-40.12,14.0772,-62,76.3,28.44,0.969354,0.62596,3.4954,0.1727
440,-100,-120.0,50.0,4.5,11.5,-43.09,17.4125,-98,75.84,28.99,0.942684,0.597469,3.1013,0.1935
443,-100,-120.0,50.0,4.75,2.5,-40.11,14.3018,-67,76.43,28.28,0.976947,0.638428,3.3528,0.157
444,-100,-120.0,50.0,4.75,4.0,-40.29,14.1564,-71,76.1,28.69,0.959525,0.589577,2.2176,0.1951
445,-100,-120.0,50.0,4.75,5.5,-39.81,14.0952,-79,75.97,28.84,0.947257,0.600471,2.7395,0.193
446,-100,-120.0,50.0,4.75,7.0,-39.81,15.4556,-77,75.65,29.23,0.998199,0.673877,4.7193,0.1683
447,-100,-120.0,50.0,4.75,8.5,-40.18,16.1177,-91,75.61,29.27,0.969154,0.620417,3.1452,0.1866
448,-100,-120.0,50.0,4.75,10.0,-39.55,16.4787,-89,75.64,29.23,0.932293,0.59337,2.8444,0.1965
449,-100,-120.0,50.0,4.75,11.5,-40.21,17.9176,-99,75.98,28.83,1.008156,0.657499,4.1547,0.1717
451,-100,-120.0,50.0,5.0,1.0,-36.84,13.6917,-58,76.07,28.71,0.930549,0.578927,2.2328,0.1915
450,-100,-120.0,50.0,4.75,13.0,-39.65,18.7301,-100,75.65,29.21,0.951436,0.615636,3.165,0.1927
452,-100,-120.0,50.0,5.0,2.5,-37.37,13.7445,-63,76.08,28.7,1.000034,0.668191,4.3569,0.167
455,-100,-120.0,50.0,5.0,7.0,-36.92,15.4972,-84,76.92,27.71,1.019402,0.642571,3.0278,0.1707
453,-100,-120.0,50.0,5.0,4.0,-36.71,15.327,-66,75.81,29.03,0.9805,0.66714,4.4504,0.1537
454,-100,-120.0,50.0,5.0,5.5,-36.89,15.0484,-73,76.16,28.61,0.943459,0.584316,2.0023,0.2023
456,-100,-120.0,50.0,5.0,8.5,-36.84,16.3933,-81,75.76,29.09,0.931477,0.620457,3.7564,0.1867
457,-100,-120.0,50.0,5.0,10.0,-37.04,17.4607,-89,75.72,29.14,0.971765,0.690766,5.3082,0.1339
458,-100,-120.0,50.0,5.0,11.5,-36.57,18.8997,-97,75.43,29.48,0.912767,0.60303,3.6506,0.1658
459,-100,-120.0,50.0,5.0,13.0,-36.58,20.0858,-100,76.15,28.62,1.011031,0.644834,3.872,0.1623
460,-100,-115.0,30.0,1.0,1.0,-89.32,3.5038,-98,77.1,27.48,1.113532,0.69406,3.4104,0.178
461,-100,-115.0,30.0,1.0,2.5,-88.7,4.0575,-100,77.46,27.03,1.162899,0.76412,4.9176,0.1493
462,-100,-115.0,30.0,1.0,4.0,-88.97,5.5584,-100,77.54,26.96,1.149095,0.759844,4.5849,0.1496
466,-100,-115.0,30.0,1.0,10.0,-87.99,9.185,-100,77.13,27.45,1.12363,0.750041,4.9792,0.1503
463,-100,-115.0,30.0,1.0,5.5,-88.61,6.4637,-100,77.82,26.61,1.151696,0.686224,2.68,0.1657
464,-100,-115.0,30.0,1.0,7.0,-88.39,7.0517,-100,77.44,27.07,1.140879,0.729026,4.3403,0.1611
465,-100,-115.0,30.0,1.0,8.5,-88.68,8.1319,-100,77.4,27.12,1.096709,0.697927,4.3128,0.1557
467,-100,-115.0,30.0,1.0,11.5,-87.58,10.1114,-100,77.71,26.74,1.229301,0.764756,4.1568,0.1331
468,-100,-115.0,30.0,1.0,13.0,-87.2,11.0714,-100,78.27,26.07,1.249086,0.701532,2.1407,0.1873
469,-100,-115.0,30.0,1.25,1.0,-86.38,4.0164,-96,76.84,27.78,1.056349,0.651455,2.6703,0.1896
470,-100,-115.0,30.0,1.25,2.5,-86.44,4.6561,-100,76.91,27.71,1.125207,0.785094,5.5674,0.1314
472,-100,-115.0,30.0,1.25,5.5,-86.29,6.7855,-100,77.12,27.46,1.077886,0.708976,4.0459,0.1523
471,-100,-115.0,30.0,1.25,4.0,-86.58,5.0077,-100,77.43,27.08,1.137121,0.716883,3.6469,0.1779
473,-100,-115.0,30.0,1.25,7.0,-86.7,7.5539,-100,78.26,26.1,1.172304,0.722991,3.303,0.1711
474,-100,-115.0,30.0,1.25,8.5,-85.97,8.7765,-100,77.57,26.91,1.164805,0.756336,4.6698,0.1569
476,-100,-115.0,30.0,1.25,11.5,-85.84,10.8837,-100,76.86,27.77,1.094037,0.748409,5.319,0.1501
475,-100,-115.0,30.0,1.25,10.0,-85.84,9.7311,-100,77.91,26.5,1.148685,0.673411,2.0835,0.1871
477,-100,-115.0,30.0,1.25,13.0,-85.3,11.6225,-100,77.42,27.1,1.096863,0.675116,3.4392,0.1669
478,-100,-115.0,30.0,1.5,1.0,-83.87,4.6767,-95,76.49,28.2,1.031864,0.660619,3.6114,0.1711
479,-100,-115.0,30.0,1.5,2.5,-84.01,5.1494,-100,75.12,29.85,0.97014,0.604403,2.7234,0.1993
480,-100,-115.0,30.0,1.5,4.0,-83.83,6.3207,-100,76.83,27.8,1.026614,0.650821,3.432,0.154
481,-100,-115.0,30.0,1.5,5.5,-83.98,7.1887,-100,76.94,27.68,1.072196,0.641167,2.4983,0.1948
483,-100,-115.0,30.0,1.5,8.5,-83.62,9.0377,-100,77.44,27.08,1.07977,0.690868,3.3093,0.1668
484,-100,-115.0,30.0,1.5,10.0,-83.09,10.2801,-100,77.74,26.71,1.087116,0.735603,4.6253,0.1536
482,-100,-115.0,30.0,1.5,7.0,-83.94,7.973,-100,76.86,27.77,1.095419,0.719635,4.1532,0.1597
486,-100,-115.0,30.0,1.5,13.0,-82.49,12.562,-100,76.72,27.93,1.09678,0.77373,5.4214,0.1422
485,-100,-115.0,30.0,1.5,11.5,-83.21,11.2549,-100,77.81,26.63,1.163071,0.73944,3.8265,0.1654
487,-100,-115.0,30.0,1.75,1.0,-81.24,4.9126,-93,76.19,28.57,1.003312,0.647902,3.8091,0.1718
488,-100,-115.0,30.0,1.75,2.5,-81.31,5.7594,-97,76.17,28.6,1.023505,0.654969,3.3423,0.1892
489,-100,-115.0,30.0,1.75,4.0,-81.67,6.1126,-100,76.92,27.7,1.125556,0.790359,5.3925,0.1384
490,-100,-115.0,30.0,1.75,5.5,-81.78,7.5496,-100,76.08,28.72,1.012832,0.686284,4.6494,0.1759
491,-100,-115.0,30.0,1.75,7.0,-81.79,8.3605,-100,76.95,27.67,1.023434,0.667873,3.9234,0.1698
492,-100,-115.0,30.0,1.75,8.5,-81.08,9.8582,-100,76.76,27.88,1.054735,0.669862,3.4058,0.1501
495,-100,-115.0,30.0,1.75,13.0,-80.45,13.1073,-100,75.78,29.06,1.036498,0.665765,3.6016,0.1734
493,-100,-115.0,30.0,1.75,10.0,-81.2,10.8064,-100,76.81,27.83,1.088729,0.741918,5.2165,0.1453
494,-100,-115.0,30.0,1.75,11.5,-80.97,11.6278,-100,76.82,27.82,1.074072,0.665061,3.193,0.1777
496,-100,-115.0,30.0,2.0,1.0,-78.99,6.2175,-93,76.32,28.42,0.976819,0.650932,3.7851,0.1702
498,-100,-115.0,30.0,2.0,4.0,-79.2,7.1735,-100,76.32,28.42,1.032993,0.705972,4.3626,0.1637
497,-100,-115.0,30.0,2.0,2.5,-79.21,6.1137,-95,76.99,27.6,1.041848,0.722477,5.0183,0.1524
499,-100,-115.0,30.0,2.0,5.5,-78.52,7.7299,-100,76.61,28.08,1.014596,0.680656,4.4293,0.1757
500,-100,-115.0,30.0,2.0,7.0,-78.74,9.2019,-100,76.36,28.36,1.032163,0.623317,2.3217,0.2051
501,-100,-115.0,30.0,2.0,8.5,-78.85,10.3874,-100,77.04,27.55,1.058198,0.75407,5.6696,0.134
503,-100,-115.0,30.0,2.0,11.5,-78.27,12.383,-100,76.65,28.03,1.023841,0.650858,3.0799,0.1889
502,-100,-115.0,30.0,2.0,10.0,-78.12,11.4911,-100,77.26,27.29,1.080201,0.65394,2.482,0.1919
504,-100,-115.0,30.0,2.0,13.0,-77.84,13.3802,-100,77.89,26.54,1.12513,0.747176,4.5667,0.157
505,-100,-115.0,30.0,2.25,1.0,-76.76,6.4389,-89,75.64,29.24,0.941227,0.632294,3.6717,0.1808
506,-100,-115.0,30.0,2.25,2.5,-75.99,7.2545,-94,75.22,29.73,1.04143,0.711524,5.2424,0.1599
507,-100,-115.0,30.0,2.25,4.0,-76.03,7.5293,-97,76.21,28.55,1.016701,0.641718,2.6981,0.1833
508,-100,-115.0,30.0,2.25,5.5,-76.38,8.453,-100,76.45,28.27,0.971932,0.606402,2.1282,0.1932
510,-100,-115.0,30.0,2.25,8.5,-76.18,10.7389,-100,76.71,27.94,1.023824,0.690027,4.2067,0.1751
509,-100,-115.0,30.0,2.25,7.0,-75.85,9.2847,-100,77.41,27.11,1.059928,0.706315,4.3465,0.1589
511,-100,-115.0,30.0,2.25,10.0,-76.35,12.2523,-100,76.88,27.73,1.052798,0.709133,4.3522,0.1655
512,-100,-115.0,30.0,2.25,11.5,-75.92,12.802,-100,76.24,28.52,1.045383,0.679727,4.1596,0.1644
514,-100,-115.0,30.0,2.5,1.0,-73.64,7.6194,-87,76.44,28.28,1.025525,0.67693,4.1681,0.1743
513,-100,-115.0,30.0,2.25,13.0,-75.95,13.9148,-100,76.86,27.77,1.076186,0.720355,4.5782,0.1659
515,-100,-115.0,30.0,2.5,2.5,-73.66,7.6122,-94,76.69,27.97,1.033886,0.662484,3.4025,0.1805
516,-100,-115.0,30.0,2.5,4.0,-73.92,8.0674,-99,76.8,27.84,1.01636,0.668949,3.7357,0.169
518,-100,-115.0,30.0,2.5,7.0,-73.57,9.8252,-100,75.68,29.19,0.99165,0.678573,4.4501,0.1722
519,-100,-115.0,30.0,2.5,8.5,-73.55,11.2833,-100,76.03,28.77,1.007106,0.671261,3.9198,0.1511
517,-100,-115.0,30.0,2.5,5.5,-73.1,8.9356,-100,76.94,27.68,1.06217,0.680346,3.6179,0.1691
520,-100,-115.0,30.0,2.5,10.0,-73.85,12.0854,-100,76.52,28.18,1.035089,0.633189,2.6404,0.1824
521,-100,-115.0,30.0,2.5,11.5,-73.42,13.5223,-100,76.68,27.99,1.035825,0.659062,3.1213,0.1784
522,-100,-115.0,30.0,2.5,13.0,-73.53,14.4024,-100,76.97,27.64,1.073118,0.776744,5.666,0.1372
523,-100,-115.0,30.0,2.75,1.0,-71.57,7.7608,-86,76.51,28.2,1.040357,0.647855,2.7095,0.1849
524,-100,-115.0,30.0,2.75,2.5,-71.21,8.6205,-92,75.96,28.84,0.990399,0.637621,3.7086,0.1732
526,-100,-115.0,30.0,2.75,5.5,-70.78,9.9754,-100,76.62,28.06,1.049223,0.698596,3.7375,0.1546
525,-100,-115.0,30.0,2.75,4.0,-71.5,8.8035,-97,76.17,28.6,1.000205,0.663307,4.1856,0.1698
527,-100,-115.0,30.0,2.75,7.0,-72.0,10.6162,-100,76.27,28.47,1.004094,0.619655,2.7398,0.1824
528,-100,-115.0,30.0,2.75,8.5,-71.56,11.7902,-100,76.78,27.87,1.006576,0.629984,3.1793,0.1703
529,-100,-115.0,30.0,2.75,10.0,-71.49,12.9492,-100,75.6,29.28,0.967424,0.635527,3.5467,0.1708
531,-100,-115.0,30.0,2.75,13.0,-70.83,15.1943,-100,76.52,28.17,1.024078,0.699316,4.6851,0.1524
530,-100,-115.0,30.0,2.75,11.5,-70.5,13.8434,-100,76.94,27.67,1.052572,0.665533,3.0829,0.1804
532,-100,-115.0,30.0,3.0,1.0,-68.44,8.7743,-85,76.29,28.45,0.989342,0.60695,2.4842,0.1845
534,-100,-115.0,30.0,3.0,4.0,-67.94,8.6646,-94,75.56,29.34,0.950857,0.665775,4.8543,0.1609
533,-100,-115.0,30.0,3.0,2.5,-68.52,9.8009,-90,76.36,28.36,1.024793,0.697212,4.5799,0.1708
535,-100,-115.0,30.0,3.0,5.5,-68.63,10.1323,-97,76.23,28.52,1.023118,0.67469,4.3263,0.1715
536,-100,-115.0,30.0,3.0,7.0,-68.34,10.8429,-100,76.32,28.42,1.025655,0.642741,3.0665,0.1903
537,-100,-115.0,30.0,3.0,8.5,-68.73,12.0039,-100,76.26,28.5,0.99814,0.654525,4.0722,0.172
538,-100,-115.0,30.0,3.0,10.0,-67.73,13.2884,-100,76.46,28.25,0.974981,0.601566,2.1457,0.1839
540,-100,-115.0,30.0,3.0,13.0,-68.35,15.2375,-100,76.36,28.38,1.012663,0.661187,4.0385,0.1805
539,-100,-115.0,30.0,3.0,11.5,-68.12,14.0543,-100,76.94,27.68,1.044016,0.664064,3.1508,0.1808
542,-100,-115.0,30.0,3.25,2.5,-66.47,10.3371,-89,76.58,28.11,0.977318,0.648563,3.5674,0.1732
541,-100,-115.0,30.0,3.25,1.0,-66.39,9.1419,-82,76.13,28.65,1.010853,0.652972,3.6555,0.1803
543,-100,-115.0,30.0,3.25,4.0,-66.0,10.5244,-92,76.86,27.77,1.052313,0.783882,5.9689,0.1416
544,-100,-115.0,30.0,3.25,5.5,-65.95,10.9859,-96,76.13,28.63,1.008156,0.6387,2.8826,0.2009
546,-100,-115.0,30.0,3.25,8.5,-66.13,12.3937,-100,76.4,28.33,1.032115,0.664302,3.7468,0.1878
545,-100,-115.0,30.0,3.25,7.0,-65.59,11.6927,-100,76.81,27.82,1.003853,0.608438,1.9467,0.2
547,-100,-115.0,30.0,3.25,10.0,-65.7,13.7663,-100,76.42,28.29,1.071404,0.700679,3.9592,0.1842
548,-100,-115.0,30.0,3.25,11.5,-65.71,14.5189,-100,76.95,27.66,1.034642,0.697492,4.3832,0.163
550,-100,-115.0,30.0,3.5,1.0,-63.65,10.1726,-81,76.08,28.71,0.988359,0.625569,3.1532,0.189
549,-100,-115.0,30.0,3.25,13.0,-66.06,16.1025,-100,76.51,28.18,1.019481,0.653407,3.6223,0.1759
551,-100,-115.0,30.0,3.5,2.5,-63.38,10.2396,-84,76.05,28.74,0.998088,0.650799,3.4459,0.1862
552,-100,-115.0,30.0,3.5,4.0,-63.3,10.4451,-89,76.04,28.74,0.982932,0.626383,3.8702,0.1862
554,-100,-115.0,30.0,3.5,7.0,-63.35,12.732,-100,76.76,27.89,1.017634,0.651783,4.0674,0.167
553,-100,-115.0,30.0,3.5,5.5,-63.88,12.0669,-100,76.45,28.26,0.995896,0.633069,3.4078,0.1695
556,-100,-115.0,30.0,3.5,10.0,-63.34,14.4432,-100,77.18,27.39,1.044561,0.812957,6.1609,0.1371
555,-100,-115.0,30.0,3.5,8.5,-63.63,13.6828,-100,76.77,27.88,1.010418,0.642094,2.8412,0.182
558,-100,-115.0,30.0,3.5,13.0,-63.9,15.9253,-100,76.56,28.13,0.980913,0.603092,1.9596,0.195
557,-100,-115.0,30.0,3.5,11.5,-62.8,14.7872,-100,76.4,28.33,0.998642,0.609851,1.9042,0.199
560,-100,-115.0,30.0,3.75,2.5,-60.75,11.294,-86,76.12,28.65,1.020266,0.71695,5.1416,0.1731
559,-100,-115.0,30.0,3.75,1.0,-60.73,10.8489,-78,76.28,28.47,0.991108,0.624338,2.3436,0.193
561,-100,-115.0,30.0,3.75,4.0,-61.28,11.4121,-88,76.62,28.05,1.010298,0.649225,3.6325,0.172
562,-100,-115.0,30.0,3.75,5.5,-60.77,12.0731,-95,76.59,28.09,1.015552,0.648529,3.1138,0.1729
563,-100,-115.0,30.0,3.75,7.0,-61.04,12.6379,-100,75.88,28.96,0.990396,0.637522,3.5642,0.1698
564,-100,-115.0,30.0,3.75,8.5,-60.68,13.3867,-100,76.87,27.75,1.0512,0.709389,4.8504,0.145
566,-100,-115.0,30.0,3.75,11.5,-60.81,16.1965,-100,76.23,28.53,0.963867,0.625937,3.4454,0.1591
565,-100,-115.0,30.0,3.75,10.0,-60.66,14.7914,-100,76.33,28.41,1.00032,0.672096,4.419,0.1785
567,-100,-115.0,30.0,3.75,13.0,-60.89,16.8928,-100,76.35,28.38,1.016243,0.647921,3.5821,0.166
568,-100,-115.0,30.0,4.0,1.0,-57.66,11.3747,-76,77.05,27.54,1.059057,0.661446,3.1235,0.1816
569,-100,-115.0,30.0,4.0,2.5,-58.13,12.4516,-81,76.49,28.21,0.998802,0.607856,1.9259,0.195
570,-100,-115.0,30.0,4.0,4.0,-58.41,12.4016,-87,76.23,28.52,1.008041,0.738686,6.0484,0.1404
571,-100,-115.0,30.0,4.0,5.5,-58.62,12.6102,-92,76.68,27.99,1.034127,0.650005,2.7335,0.1918
572,-100,-115.0,30.0,4.0,7.0,-58.3,13.9319,-100,76.51,28.19,0.974368,0.69956,5.6406,0.1451
573,-100,-115.0,30.0,4.0,8.5,-58.59,14.3578,-100,76.34,28.39,0.973591,0.636897,3.6893,0.1723
574,-100,-115.0,30.0,4.0,10.0,-58.53,15.0887,-100,76.6,28.08,0.998747,0.611546,1.9444,0.211
576,-100,-115.0,30.0,4.0,13.0,-58.33,17.5261,-100,74.92,30.09,0.9159,0.609789,3.5128,0.1663
575,-100,-115.0,30.0,4.0,11.5,-57.83,16.2167,-100,76.4,28.32,1.032653,0.652355,3.5932,0.1832
577,-100,-115.0,30.0,4.25,1.0,-56.42,12.2562,-76,76.0,28.8,0.996563,0.6636,3.9799,0.1808
578,-100,-115.0,30.0,4.25,2.5,-55.65,12.6554,-82,75.92,28.89,0.997597,0.635762,3.5041,0.1817
580,-100,-115.0,30.0,4.25,5.5,-55.27,13.3579,-89,76.55,28.15,0.973215,0.641451,3.6876,0.1744
579,-100,-115.0,30.0,4.25,4.0,-55.86,12.7123,-88,76.79,27.85,1.056508,0.658727,3.085,0.1666
581,-100,-115.0,30.0,4.25,7.0,-56.4,13.5638,-98,75.98,28.82,0.959986,0.653048,4.291,0.1744
582,-100,-115.0,30.0,4.25,8.5,-56.3,15.0115,-100,76.11,28.66,0.981707,0.613516,2.6208,0.1781
583,-100,-115.0,30.0,4.25,10.0,-55.45,14.9817,-100,76.43,28.29,0.943558,0.651281,4.5882,0.1644
584,-100,-115.0,30.0,4.25,11.5,-55.9,16.9332,-100,76.3,28.44,1.010314,0.660646,3.8236,0.1816
585,-100,-115.0,30.0,4.25,13.0,-56.13,17.972,-100,76.98,27.63,1.039155,0.671886,3.548,0.1679
588,-100,-115.0,30.0,4.5,4.0,-52.83,13.5665,-82,75.66,29.21,0.970098,0.650292,3.7372,0.1629
586,-100,-115.0,30.0,4.5,1.0,-53.18,13.9691,-74,76.37,28.36,1.038048,0.764702,6.2031,0.1385
587,-100,-115.0,30.0,4.5,2.5,-53.47,13.2357,-79,76.36,28.38,1.008424,0.646917,3.1843,0.1757
589,-100,-115.0,30.0,4.5,5.5,-53.18,14.1106,-87,75.88,28.94,0.96926,0.639273,4.0285,0.1708
590,-100,-115.0,30.0,4.5,7.0,-52.86,15.2082,-96,75.85,28.98,0.960067,0.60857,2.8508,0.196
592,-100,-115.0,30.0,4.5,10.0,-53.15,16.3346,-100,75.59,29.28,0.9265,0.60154,3.4857,0.1838
591,-100,-115.0,30.0,4.5,8.5,-53.0,15.0671,-100,76.07,28.73,0.963321,0.586149,2.3281,0.207
593,-100,-115.0,30.0,4.5,11.5,-53.0,17.3996,-100,75.71,29.15,0.943628,0.60963,2.9408,0.2031
594,-100,-115.0,30.0,4.5,13.0,-52.25,18.4859,-100,76.37,28.37,1.033239,0.665714,4.0532,0.182
595,-100,-115.0,30.0,4.75,1.0,-50.58,13.6116,-71,76.08,28.71,0.977112,0.639575,3.8959,0.1885
596,-100,-115.0,30.0,4.75,2.5,-50.24,13.2369,-75,76.42,28.3,1.078168,0.727157,5.3233,0.1639
597,-100,-115.0,30.0,4.75,4.0,-50.2,14.6812,-81,76.41,28.3,0.980993,0.688552,4.6835,0.1632
598,-100,-115.0,30.0,4.75,5.5,-50.73,14.782,-87,76.06,28.72,0.976269,0.607616,2.3461,0.2
600,-100,-115.0,30.0,4.75,8.5,-50.6,15.275,-96,76.39,28.33,1.000374,0.677147,4.3473,0.1432
599,-100,-115.0,30.0,4.75,7.0,-50.67,15.1181,-93,76.57,28.12,1.031298,0.644778,3.3293,0.1625
601,-100,-115.0,30.0,4.75,10.0,-50.73,16.8825,-100,76.4,28.31,0.971695,0.620947,3.1465,0.1856
602,-100,-115.0,30.0,4.75,11.5,-50.97,18.1297,-100,76.21,28.55,0.986464,0.64148,3.5249,0.1996
605,-100,-115.0,30.0,5.0,2.5,-47.98,14.1555,-73,75.52,29.38,1.009476,0.704575,4.9101,0.1472
603,-100,-115.0,30.0,4.75,13.0,-50.46,18.5628,-100,76.34,28.39,0.996706,0.621816,2.5844,0.1697
604,-100,-115.0,30.0,5.0,1.0,-48.52,14.1979,-70,76.0,28.8,0.955097,0.606454,2.5783,0.1833
606,-100,-115.0,30.0,5.0,4.0,-47.64,15.1462,-82,76.37,28.36,1.023281,0.703887,5.3357,0.1511
607,-100,-115.0,30.0,5.0,5.5,-48.0,15.3984,-86,75.81,29.03,0.952566,0.639822,4.2004,0.1846
608,-100,-115.0,30.0,5.0,7.0,-48.35,16.469,-91,75.58,29.31,0.932694,0.600235,3.2617,0.1837
610,-100,-115.0,30.0,5.0,10.0,-47.91,17.5133,-100,76.07,28.72,0.960523,0.611528,3.2075,0.1743
609,-100,-115.0,30.0,5.0,8.5,-47.98,17.1177,-96,76.33,28.42,0.973385,0.636563,3.8627,0.1699
611,-100,-115.0,30.0,5.0,11.5,-47.77,17.8845,-100,76.02,28.78,0.932405,0.588003,2.2452,0.1964
612,-100,-115.0,30.0,5.0,13.0,-48.16,19.3083,-100,75.92,28.9,0.944685,0.604229,3.0623,0.1983
613,-100,-115.0,40.0,1.0,1.0,-87.93,3.2091,-99,76.75,27.89,1.102937,0.683028,3.7805,0.1759
614,-100,-115.0,40.0,1.0,2.5,-87.54,4.2702,-100,76.73,27.93,1.035603,0.717665,4.6423,0.1425
615,-100,-115.0,40.0,1.0,4.0,-87.66,5.1086,-100,77.4,27.11,1.143404,0.680836,2.4898,0.1795
616,-100,-115.0,40.0,1.0,5.5,-87.3,6.3368,-100,77.13,27.45,1.12492,0.713507,3.7279,0.1579
617,-100,-115.0,40.0,1.0,7.0,-87.28,7.2248,-100,77.09,27.49,1.101804,0.679638,3.1365,0.1683
618,-100,-115.0,40.0,1.0,8.5,-87.19,8.4486,-100,77.88,26.54,1.181851,0.690064,2.5773,0.1439
619,-100,-115.0,40.0,1.0,10.0,-86.46,9.4757,-100,77.63,26.85,1.158137,0.720446,4.1578,0.1596
620,-100,-115.0,40.0,1.0,11.5,-86.53,10.3367,-100,77.94,26.48,1.212843,0.805242,5.2016,0.1511
621,-100,-115.0,40.0,1.0,13.0,-85.61,11.4796,-100,76.98,27.62,1.159353,0.719685,3.9072,0.1512
622,-100,-115.0,40.0,1.25,1.0,-85.29,4.1329,-95,76.93,27.68,1.098541,0.755721,4.7803,0.1509
624,-100,-115.0,40.0,1.25,4.0,-85.2,5.5112,-100,77.55,26.93,1.098659,0.752553,4.8299,0.1401
623,-100,-115.0,40.0,1.25,2.5,-85.18,4.2055,-99,76.91,27.71,1.086725,0.691829,3.5091,0.1792
625,-100,-115.0,40.0,1.25,5.5,-85.01,6.8109,-100,77.45,27.05,1.094667,0.690546,3.2177,0.1739
626,-100,-115.0,40.0,1.25,7.0,-84.65,7.7237,-100,76.66,28.0,1.119911,0.742608,4.699,0.1691
628,-100,-115.0,40.0,1.25,10.0,-84.37,10.0335,-100,76.94,27.66,1.127087,0.736377,4.3075,0.1717
627,-100,-115.0,40.0,1.25,8.5,-84.8,9.0132,-100,77.34,27.2,1.136837,0.679166,2.4152,0.1802
631,-100,-115.0,40.0,1.5,1.0,-82.51,4.3121,-93,76.28,28.46,0.981698,0.645641,3.2714,0.1792
629,-100,-115.0,40.0,1.25,11.5,-84.33,11.1063,-100,78.11,26.26,1.183406,0.73926,3.6703,0.1593
630,-100,-115.0,40.0,1.25,13.0,-83.42,12.0523,-100,77.79,26.65,1.175161,0.728529,3.6755,0.1564
632,-100,-115.0,40.0,1.5,2.5,-81.87,5.3146,-97,76.57,28.1,1.027912,0.625924,2.1507,0.1818
633,-100,-115.0,40.0,1.5,4.0,-82.24,6.1263,-100,76.43,28.29,1.007356,0.650865,3.682,0.1577
636,-100,-115.0,40.0,1.5,8.5,-82.1,9.4491,-100,77.46,27.04,1.100369,0.687764,3.193,0.1652
635,-100,-115.0,40.0,1.5,7.0,-81.95,8.2379,-100,76.66,28.02,1.116329,0.694257,3.5142,0.1697
634,-100,-115.0,40.0,1.5,5.5,-81.88,6.9203,-100,77.13,27.44,1.105763,0.747524,4.6211,0.147
637,-100,-115.0,40.0,1.5,10.0,-81.97,10.5022,-100,77.14,27.44,1.076998,0.71717,4.1368,0.1256
638,-100,-115.0,40.0,1.5,11.5,-81.41,11.7372,-100,77.21,27.35,1.106543,0.659294,2.3581,0.189
639,-100,-115.0,40.0,1.5,13.0,-81.25,12.6693,-100,76.93,27.7,1.075223,0.669372,2.7729,0.172
640,-100,-115.0,40.0,1.75,1.0,-79.16,5.7612,-90,76.62,28.06,1.058621,0.798064,6.5148,0.1391
641,-100,-115.0,40.0,1.75,2.5,-79.6,5.6947,-96,76.66,28.0,1.039794,0.629905,2.1527,0.2041
642,-100,-115.0,40.0,1.75,4.0,-79.56,6.5283,-100,76.24,28.51,1.002371,0.637519,3.1063,0.1894
643,-100,-115.0,40.0,1.75,5.5,-79.57,7.3698,-100,76.16,28.6,1.031926,0.687734,4.3551,0.1593
644,-100,-115.0,40.0,1.75,7.0,-79.05,9.025,-100,76.59,28.1,1.041458,0.68672,4.0937,0.1634
646,-100,-115.0,40.0,1.75,10.0,-79.1,11.0264,-100,76.48,28.23,1.059123,0.673113,3.258,0.1796
648,-100,-115.0,40.0,1.75,13.0,-78.29,13.2833,-100,76.36,28.36,1.030524,0.629699,1.963,0.2089
645,-100,-115.0,40.0,1.75,8.5,-78.96,10.276,-100,76.66,28.01,1.053207,0.658703,3.3924,0.1705
647,-100,-115.0,40.0,1.75,11.5,-78.81,12.0906,-100,76.73,27.93,1.044475,0.657518,3.4458,0.1766
649,-100,-115.0,40.0,2.0,1.0,-76.22,6.3725,-88,76.41,28.32,1.011574,0.623323,2.7376,0.1797
650,-100,-115.0,40.0,2.0,2.5,-77.1,6.1965,-93,76.82,27.82,1.043414,0.830178,6.5565,0.1212
651,-100,-115.0,40.0,2.0,4.0,-76.76,7.4756,-100,76.47,28.25,1.021758,0.688138,4.3627,0.1654
652,-100,-115.0,40.0,2.0,5.5,-76.97,8.0472,-100,76.64,28.03,1.001263,0.651417,3.5506,0.1809
653,-100,-115.0,40.0,2.0,7.0,-76.41,9.045,-100,75.33,29.6,0.937934,0.591444,2.5962,0.206
654,-100,-115.0,40.0,2.0,8.5,-76.55,10.0682,-100,75.68,29.19,1.036095,0.695366,4.5178,0.1865
655,-100,-115.0,40.0,2.0,10.0,-75.78,11.3285,-100,76.54,28.15,0.984686,0.661017,4.1392,0.1724
656,-100,-115.0,40.0,2.0,11.5,-76.21,12.5697,-100,75.89,28.93,0.972247,0.618504,2.993,0.1806
658,-100,-115.0,40.0,2.25,1.0,-73.24,6.4679,-86,75.94,28.87,0.971772,0.624035,3.3703,0.169
657,-100,-115.0,40.0,2.0,13.0,-75.52,13.8448,-100,76.72,27.93,1.066903,0.701241,4.3066,0.1612
659,-100,-115.0,40.0,2.25,2.5,-73.34,7.1592,-94,76.78,27.86,0.984502,0.691,4.7621,0.1585
660,-100,-115.0,40.0,2.25,4.0,-73.67,7.8158,-98,76.26,28.51,0.96832,0.628294,3.6586,0.1823
661,-100,-115.0,40.0,2.25,5.5,-73.71,8.6151,-100,76.3,28.44,1.023722,0.680301,4.4626,0.1683
662,-100,-115.0,40.0,2.25,7.0,-73.18,9.5817,-100,76.76,27.89,1.046185,0.747075,5.2252,0.1491
663,-100,-115.0,40.0,2.25,8.5,-72.78,10.5727,-100,76.83,27.81,1.104248,0.806276,6.2159,0.1271
665,-100,-115.0,40.0,2.25,11.5,-72.7,13.1581,-100,76.57,28.11,1.024809,0.667169,3.6201,0.1771
664,-100,-115.0,40.0,2.25,10.0,-73.05,11.9901,-100,76.24,28.5,0.975419,0.615657,2.5858,0.1986
666,-100,-115.0,40.0,2.25,13.0,-72.82,14.2134,-100,76.31,28.43,1.001165,0.641602,3.1001,0.1747
667,-100,-115.0,40.0,2.5,1.0,-71.15,7.363,-86,76.93,27.69,0.996945,0.617511,2.4564,0.1816
668,-100,-115.0,40.0,2.5,2.5,-69.79,7.4772,-87,76.25,28.49,1.00134,0.623609,2.489,0.1973
669,-100,-115.0,40.0,2.5,4.0,-70.48,8.5177,-95,76.65,28.02,0.984014,0.655421,3.9235,0.1713
671,-100,-115.0,40.0,2.5,7.0,-70.76,9.8164,-100,76.49,28.22,0.986686,0.657041,3.4639,0.1629
672,-100,-115.0,40.0,2.5,8.5,-70.64,11.5396,-100,76.97,27.64,1.038925,0.741635,4.8363,0.129
670,-100,-115.0,40.0,2.5,5.5,-70.31,9.4947,-100,76.51,28.17,1.013157,0.695918,4.3119,0.1509
673,-100,-115.0,40.0,2.5,10.0,-70.67,12.3366,-100,75.84,29.0,0.994595,0.617185,2.8557,0.1693
674,-100,-115.0,40.0,2.5,11.5,-70.71,13.5588,-100,76.52,28.18,1.023035,0.65782,4.0104,0.1697
675,-100,-115.0,40.0,2.5,13.0,-70.18,14.5997,-100,76.41,28.31,1.005655,0.656997,3.7695,0.1771
676,-100,-115.0,40.0,2.75,1.0,-67.64,8.3165,-83,76.75,27.91,0.997588,0.646613,3.1339,0.1734
677,-100,-115.0,40.0,2.75,2.5,-67.91,7.9314,-87,76.08,28.7,1.050816,0.735494,5.1398,0.1546
678,-100,-115.0,40.0,2.75,4.0,-67.14,9.173,-93,75.94,28.86,1.06834,0.710683,4.7317,0.1661
679,-100,-115.0,40.0,2.75,5.5,-67.74,9.8087,-96,76.64,28.03,0.994989,0.617237,2.4655,0.1819
680,-100,-115.0,40.0,2.75,7.0,-67.63,10.6583,-100,76.85,27.78,1.030338,0.653458,3.0427,0.1765
681,-100,-115.0,40.0,2.75,8.5,-67.63,11.8372,-100,77.04,27.55,1.061204,0.687568,3.9191,0.174
684,-100,-115.0,40.0,2.75,13.0,-67.55,15.0616,-100,76.35,28.39,0.981371,0.616971,2.7511,0.1892
683,-100,-115.0,40.0,2.75,11.5,-67.3,14.0046,-100,76.72,27.93,0.999768,0.639484,3.014,0.1719
682,-100,-115.0,40.0,2.75,10.0,-67.47,12.7887,-100,76.82,27.82,1.053617,0.657609,2.736,0.1983
685,-100,-115.0,40.0,3.0,1.0,-65.12,8.9497,-82,75.97,28.84,0.942027,0.5971,2.8801,0.178
686,-100,-115.0,40.0,3.0,2.5,-64.8,9.7386,-87,76.52,28.18,1.000091,0.684293,4.8323,0.1703
687,-100,-115.0,40.0,3.0,4.0,-65.4,9.5818,-96,77.02,27.58,1.030593,0.657376,3.382,0.1598
689,-100,-115.0,40.0,3.0,7.0,-64.99,11.6944,-100,76.56,28.13,1.032112,0.711007,4.9922,0.1551
688,-100,-115.0,40.0,3.0,5.5,-64.75,10.4892,-95,76.05,28.74,0.972556,0.637428,3.9515,0.1555
690,-100,-115.0,40.0,3.0,8.5,-64.65,12.0285,-100,76.18,28.58,1.019735,0.651006,3.1536,0.1855
691,-100,-115.0,40.0,3.0,10.0,-64.32,12.9999,-100,76.42,28.3,0.99923,0.67677,4.2913,0.1696
692,-100,-115.0,40.0,3.0,11.5,-64.77,14.4791,-100,76.85,27.78,1.001459,0.676731,4.2062,0.164
693,-100,-115.0,40.0,3.0,13.0,-64.45,15.589,-100,76.29,28.45,1.00173,0.642288,3.0893,0.161
694,-100,-115.0,40.0,3.25,1.0,-62.42,9.6612,-79,76.35,28.37,0.974455,0.664089,4.2063,0.1595
695,-100,-115.0,40.0,3.25,2.5,-62.18,9.3172,-83,76.18,28.6,0.998429,0.650214,3.3981,0.1796
696,-100,-115.0,40.0,3.25,4.0,-61.83,10.0307,-87,75.38,29.55,0.950057,0.598394,2.4227,0.2108
697,-100,-115.0,40.0,3.25,5.5,-61.75,10.9782,-98,76.31,28.43,0.991938,0.617242,3.1252,0.1774
698,-100,-115.0,40.0,3.25,7.0,-61.72,11.5651,-100,75.2,29.77,0.928924,0.587123,2.2724,0.2128
699,-100,-115.0,40.0,3.25,8.5,-61.57,12.7456,-100,75.94,28.87,0.984596,0.6719,4.4094,0.1663
701,-100,-115.0,40.0,3.25,11.5,-61.09,14.6109,-100,76.73,27.93,1.043414,0.759203,5.8195,0.1423
700,-100,-115.0,40.0,3.25,10.0,-61.96,13.7288,-100,76.16,28.61,0.983617,0.613335,2.55,0.1981
702,-100,-115.0,40.0,3.25,13.0,-61.78,16.247,-100,75.55,29.34,0.952678,0.58773,2.3735,0.1988
703,-100,-115.0,40.0,3.5,1.0,-58.7,10.3899,-77,76.43,28.3,1.017036,0.703229,5.0077,0.1656
704,-100,-115.0,40.0,3.5,2.5,-59.33,10.0781,-81,76.06,28.73,0.982651,0.613786,2.1591,0.1935
705,-100,-115.0,40.0,3.5,4.0,-59.15,10.8438,-86,76.63,28.06,1.077702,0.812922,6.0733,0.1186
706,-100,-115.0,40.0,3.5,5.5,-58.77,11.8836,-91,76.3,28.45,1.000506,0.703847,5.1385,0.1464
707,-100,-115.0,40.0,3.5,7.0,-58.65,11.9322,-94,76.1,28.68,0.947483,0.611298,3.2265,0.1924
708,-100,-115.0,40.0,3.5,8.5,-59.0,13.3611,-100,76.05,28.74,0.965546,0.672058,5.0322,0.1503
709,-100,-115.0,40.0,3.5,10.0,-58.95,14.3048,-100,76.67,28.0,1.018378,0.639313,2.9596,0.17
710,-100,-115.0,40.0,3.5,11.5,-58.72,15.1416,-100,76.66,28.0,1.023283,0.649403,3.3207,0.1594
711,-100,-115.0,40.0,3.5,13.0,-58.61,16.6253,-100,75.97,28.84,0.995074,0.630695,3.2176,0.1838
713,-100,-115.0,40.0,3.75,2.5,-56.28,11.6047,-79,76.57,28.11,1.015082,0.698152,4.5581,0.1807
712,-100,-115.0,40.0,3.75,1.0,-56.32,10.8628,-76,76.74,27.92,1.025172,0.690288,4.5636,0.1573
714,-100,-115.0,40.0,3.75,4.0,-56.17,11.436,-83,76.59,28.09,1.016111,0.670187,3.9107,0.1648
715,-100,-115.0,40.0,3.75,5.5,-56.15,12.0349,-88,75.37,29.56,0.95657,0.681807,4.9986,0.1476
716,-100,-115.0,40.0,3.75,7.0,-56.1,13.1398,-96,76.08,28.7,0.98044,0.617741,2.9109,0.1853
718,-100,-115.0,40.0,3.75,10.0,-55.78,14.8621,-100,75.81,29.03,0.992503,0.747937,5.9459,0.1367
720,-100,-115.0,40.0,3.75,13.0,-56.15,16.8252,-100,75.49,29.41,0.929082,0.61226,3.699,0.1929
717,-100,-115.0,40.0,3.75,8.5,-56.45,14.182,-100,76.39,28.33,0.97801,0.619547,2.6267,0.1795
719,-100,-115.0,40.0,3.75,11.5,-56.05,15.6079,-100,76.04,28.75,0.989104,0.644318,3.649,0.1845
721,-100,-115.0,40.0,4.0,1.0,-53.47,11.2822,-73,76.22,28.54,0.965439,0.625959,3.4237,0.1722
722,-100,-115.0,40.0,4.0,2.5,-53.34,11.702,-77,75.24,29.71,0.957714,0.638649,4.4372,0.1788
723,-100,-115.0,40.0,4.0,4.0,-53.39,12.8081,-85,76.7,27.96,1.005976,0.692753,4.7351,0.1575
725,-100,-115.0,40.0,4.0,7.0,-53.36,13.4107,-92,76.24,28.51,0.961953,0.629931,3.9053,0.1626
724,-100,-115.0,40.0,4.0,5.5,-53.23,12.2129,-87,76.14,28.63,0.956118,0.590756,2.094,0.1845
726,-100,-115.0,40.0,4.0,8.5,-52.91,14.5053,-95,76.04,28.75,0.963123,0.644912,3.8957,0.186
727,-100,-115.0,40.0,4.0,10.0,-53.19,15.1328,-100,75.92,28.9,0.96938,0.658115,3.9751,0.157
728,-100,-115.0,40.0,4.0,11.5,-53.12,16.184,-100,75.91,28.9,0.964797,0.612912,3.2022,0.1984
729,-100,-115.0,40.0,4.0,13.0,-52.93,17.8439,-100,75.82,29.02,0.998921,0.645904,3.7189,0.1721
731,-100,-115.0,40.0,4.25,2.5,-50.2,11.8702,-73,76.58,28.1,0.997823,0.614047,2.2973,0.1904
730,-100,-115.0,40.0,4.25,1.0,-50.41,11.9194,-68,76.0,28.79,0.981001,0.681751,5.2024,0.1592
732,-100,-115.0,40.0,4.25,4.0,-50.26,13.0633,-82,76.41,28.32,0.935399,0.591348,2.359,0.1941
733,-100,-115.0,40.0,4.25,5.5,-50.46,13.553,-85,76.13,28.64,0.978247,0.618391,3.2809,0.1776
734,-100,-115.0,40.0,4.25,7.0,-50.45,13.8381,-88,76.64,28.04,1.007695,0.639421,3.3194,0.1837
735,-100,-115.0,40.0,4.25,8.5,-50.46,14.9382,-95,76.5,28.2,0.96186,0.606573,2.766,0.1681
736,-100,-115.0,40.0,4.25,10.0,-50.43,15.4668,-100,76.2,28.57,0.979742,0.641593,3.7449,0.1531
737,-100,-115.0,40.0,4.25,11.5,-50.99,16.7012,-100,75.45,29.46,0.91652,0.601855,3.7571,0.1744
738,-100,-115.0,40.0,4.25,13.0,-50.36,17.9014,-100,76.37,28.35,0.967142,0.624495,3.5087,0.172
739,-100,-115.0,40.0,4.5,1.0,-47.75,13.197,-69,76.42,28.3,1.02546,0.618464,2.2337,0.207
740,-100,-115.0,40.0,4.5,2.5,-47.3,12.7511,-72,76.17,28.61,0.96374,0.642482,3.8182,0.1639
741,-100,-115.0,40.0,4.5,4.0,-47.73,13.6649,-76,75.77,29.06,0.944759,0.615084,3.6346,0.1694
742,-100,-115.0,40.0,4.5,5.5,-47.26,13.9125,-86,76.24,28.52,0.938754,0.63173,4.0914,0.1647
743,-100,-115.0,40.0,4.5,7.0,-47.23,14.1979,-88,76.05,28.74,0.948037,0.673934,5.177,0.1473
744,-100,-115.0,40.0,4.5,8.5,-47.43,15.6497,-91,76.35,28.38,1.014092,0.726199,5.4849,0.158
745,-100,-115.0,40.0,4.5,10.0,-47.39,16.8234,-100,76.03,28.75,0.960485,0.609152,2.4883,0.1844
746,-100,-115.0,40.0,4.5,11.5,-47.56,17.2767,-100,76.23,28.53,0.994484,0.735254,5.6367,0.1353
747,-100,-115.0,40.0,4.5,13.0,-47.77,18.2573,-100,75.52,29.39,0.960606,0.606084,2.6837,0.2045
748,-100,-115.0,40.0,4.75,1.0,-44.79,13.298,-66,76.86,27.77,1.005364,0.649204,3.6643,0.1757
749,-100,-115.0,40.0,4.75,2.5,-44.5,13.6455,-73,75.93,28.89,0.933032,0.580264,1.9601,0.2023
750,-100,-115.0,40.0,4.75,4.0,-44.1,13.9719,-80,75.9,28.92,0.950137,0.618378,3.4651,0.1656
751,-100,-115.0,40.0,4.75,5.5,-44.79,14.3555,-81,76.05,28.74,0.980034,0.61661,2.626,0.1945
752,-100,-115.0,40.0,4.75,7.0,-44.72,15.5665,-88,75.62,29.24,0.998448,0.682702,4.8292,0.1622
753,-100,-115.0,40.0,4.75,8.5,-44.78,16.2161,-91,75.96,28.84,0.963642,0.63626,3.9635,0.1824
755,-100,-115.0,40.0,4.75,11.5,-44.38,17.4245,-100,75.93,28.89,0.960837,0.611815,3.0732,0.1735
754,-100,-115.0,40.0,4.75,10.0,-44.54,16.9,-98,75.77,29.09,0.942667,0.604575,3.0135,0.1771
756,-100,-115.0,40.0,4.75,13.0,-44.57,19.1713,-100,75.97,28.84,0.960997,0.613224,3.058,0.1821
757,-100,-115.0,40.0,5.0,1.0,-41.35,14.2021,-63,75.9,28.92,0.980951,0.641814,3.6839,0.1865
758,-100,-115.0,40.0,5.0,2.5,-41.68,14.0495,-68,75.92,28.9,0.930646,0.596996,3.2913,0.1882
759,-100,-115.0,40.0,5.0,4.0,-41.83,14.9367,-71,75.34,29.6,0.901065,0.572676,2.2301,0.2127
760,-100,-115.0,40.0,5.0,5.5,-41.64,15.2928,-80,75.92,28.9,0.958731,0.664557,4.9265,0.1534
761,-100,-115.0,40.0,5.0,7.0,-41.56,15.745,-86,75.75,29.1,0.975963,0.628097,3.9736,0.1644
762,-100,-115.0,40.0,5.0,8.5,-41.92,16.5277,-87,75.44,29.48,0.953512,0.645296,4.3566,0.1566
763,-100,-115.0,40.0,5.0,10.0,-41.35,17.2184,-95,75.88,28.95,0.977509,0.605095,2.7247,0.1986
764,-100,-115.0,40.0,5.0,11.5,-42.03,18.8162,-100,75.8,29.05,0.955485,0.616666,3.3166,0.1892
765,-100,-115.0,40.0,5.0,13.0,-42.44,18.6792,-100,76.11,28.66,0.962625,0.635951,4.3491,0.163
767,-100,-115.0,50.0,1.0,2.5,-87.26,4.4413,-100,76.42,28.3,1.039482,0.6919,3.9539,0.166
766,-100,-115.0,50.0,1.0,1.0,-86.61,3.2328,-94,77.11,27.47,1.128839,0.745285,4.9152,0.1489
768,-100,-115.0,50.0,1.0,4.0,-87.21,5.1659,-100,76.42,28.29,1.06101,0.677485,3.5345,0.1659
770,-100,-115.0,50.0,1.0,7.0,-86.93,7.4594,-100,77.0,27.59,1.115765,0.762178,5.2393,0.1627
769,-100,-115.0,50.0,1.0,5.5,-87.14,6.1583,-100,77.13,27.44,1.124205,0.726882,4.1627,0.1498
771,-100,-115.0,50.0,1.0,8.5,-86.5,8.4791,-100,78.44,25.86,1.196943,0.768753,3.8028,0.1455
772,-100,-115.0,50.0,1.0,10.0,-86.29,9.6081,-100,77.45,27.06,1.16847,0.731662,4.0497,0.1748
773,-100,-115.0,50.0,1.0,11.5,-85.58,10.6484,-100,77.5,27.0,1.118028,0.705012,3.525,0.1701
775,-100,-115.0,50.0,1.25,1.0,-84.35,4.3289,-94,77.04,27.55,1.026986,0.659332,3.1565,0.1802
774,-100,-115.0,50.0,1.0,13.0,-85.06,11.5719,-100,78.52,25.77,1.280805,0.801337,4.5681,0.1276
778,-100,-115.0,50.0,1.25,5.5,-83.79,6.61,-100,76.17,28.59,1.013325,0.682195,4.2537,0.1713
776,-100,-115.0,50.0,1.25,2.5,-84.17,4.541,-97,77.26,27.3,1.10598,0.717027,4.616,0.1489
779,-100,-115.0,50.0,1.25,7.0,-83.5,7.7798,-100,76.88,27.75,1.062302,0.687662,3.466,0.1715
777,-100,-115.0,50.0,1.25,4.0,-83.58,5.5029,-100,76.39,28.33,1.006825,0.695064,4.2721,0.1655
780,-100,-115.0,50.0,1.25,8.5,-83.37,9.0269,-100,76.57,28.13,1.093848,0.732984,4.4802,0.1664
781,-100,-115.0,50.0,1.25,10.0,-83.26,10.1985,-100,76.72,27.94,1.052356,0.729326,5.0706,0.1595
782,-100,-115.0,50.0,1.25,11.5,-82.83,11.2564,-100,76.63,28.04,1.081063,0.700899,4.0342,0.1609
784,-100,-115.0,50.0,1.5,1.0,-80.3,4.9461,-90,76.52,28.17,1.033114,0.716048,5.0081,0.1563
783,-100,-115.0,50.0,1.25,13.0,-82.72,12.2176,-100,76.93,27.69,1.127322,0.732238,4.4782,0.15
785,-100,-115.0,50.0,1.5,2.5,-80.88,4.8937,-96,76.67,28.0,1.063615,0.677164,3.2271,0.1844
786,-100,-115.0,50.0,1.5,4.0,-81.09,6.103,-100,76.9,27.72,1.073491,0.734985,5.3083,0.1514
787,-100,-115.0,50.0,1.5,5.5,-80.74,6.9783,-100,76.47,28.24,1.018864,0.647302,2.8595,0.1753
788,-100,-115.0,50.0,1.5,7.0,-80.74,8.6943,-100,76.65,28.01,1.104574,0.710725,4.4708,0.1638
789,-100,-115.0,50.0,1.5,8.5,-80.48,9.4032,-100,76.98,27.62,1.053278,0.642849,2.2774,0.1979
791,-100,-115.0,50.0,1.5,11.5,-80.26,11.638,-100,76.57,28.12,1.017088,0.632337,2.3514,0.178
790,-100,-115.0,50.0,1.5,10.0,-80.35,10.7456,-100,77.42,27.1,1.110527,0.711652,3.907,0.1478
792,-100,-115.0,50.0,1.5,13.0,-80.02,12.8514,-100,77.37,27.16,1.088266,0.671726,2.6041,0.1729
793,-100,-115.0,50.0,1.75,1.0,-77.18,5.3452,-88,76.43,28.28,1.031698,0.654058,3.6139,0.1625
794,-100,-115.0,50.0,1.75,2.5,-77.39,5.58,-92,77.09,27.5,1.085542,0.677833,3.2257,0.1893
795,-100,-115.0,50.0,1.75,4.0,-77.54,6.5654,-100,76.77,27.88,1.043383,0.675433,3.4367,0.1671
796,-100,-115.0,50.0,1.75,5.5,-77.74,7.9148,-100,77.1,27.48,1.042828,0.723075,4.8068,0.1528
797,-100,-115.0,50.0,1.75,7.0,-77.15,8.6574,-100,76.44,28.26,1.00543,0.64129,3.6157,0.1709
798,-100,-115.0,50.0,1.75,8.5,-77.24,9.7761,-100,76.0,28.8,0.98066,0.617667,2.9771,0.1946
799,-100,-115.0,50.0,1.75,10.0,-77.7,11.1911,-100,75.9,28.91,1.006753,0.622106,1.6719,0.2013
801,-100,-115.0,50.0,1.75,13.0,-76.82,13.421,-100,77.78,26.67,1.101003,0.734254,4.8036,0.1425
802,-100,-115.0,50.0,2.0,1.0,-73.96,5.7294,-87,76.42,28.29,1.133787,0.768813,5.2351,0.1649
800,-100,-115.0,50.0,1.75,11.5,-77.04,12.2617,-100,76.68,27.98,1.063797,0.673115,3.651,0.1804
803,-100,-115.0,50.0,2.0,2.5,-74.36,6.4417,-92,75.71,29.14,0.991638,0.653618,4.0334,0.1696
804,-100,-115.0,50.0,2.0,4.0,-73.99,6.9229,-97,76.45,28.25,1.021563,0.665071,4.0339,0.1622
805,-100,-115.0,50.0,2.0,5.5,-74.71,8.275,-100,76.73,27.93,1.084478,0.678711,3.5664,0.1805
806,-100,-115.0,50.0,2.0,7.0,-74.81,9.0492,-100,76.18,28.58,1.00747,0.69805,4.3275,0.1447
807,-100,-115.0,50.0,2.0,8.5,-74.07,10.3423,-100,76.12,28.65,0.962092,0.651126,4.1765,0.1798
808,-100,-115.0,50.0,2.0,10.0,-73.98,11.4049,-100,75.93,28.89,0.943477,0.602133,2.7492,0.1971
809,-100,-115.0,50.0,2.0,11.5,-73.87,12.5785,-100,76.89,27.73,1.061572,0.778772,6.2959,0.1391
810,-100,-115.0,50.0,2.0,13.0,-74.26,13.8648,-100,76.33,28.41,1.048156,0.685908,3.8866,0.1836
811,-100,-115.0,50.0,2.25,1.0,-71.27,6.9447,-85,75.95,28.86,0.954179,0.654128,4.4211,0.1706
814,-100,-115.0,50.0,2.25,5.5,-71.19,8.5612,-100,76.08,28.71,1.074468,0.808531,6.7702,0.1343
812,-100,-115.0,50.0,2.25,2.5,-71.44,7.235,-90,75.87,28.95,0.990891,0.648812,3.5674,0.1827
815,-100,-115.0,50.0,2.25,7.0,-71.21,9.483,-100,76.09,28.69,1.056058,0.750562,5.7639,0.1661
813,-100,-115.0,50.0,2.25,4.0,-70.74,7.8011,-93,76.73,27.92,1.031121,0.651109,3.3033,0.1471
816,-100,-115.0,50.0,2.25,8.5,-71.0,10.5641,-100,77.0,27.59,1.060017,0.729153,4.9709,0.1538
818,-100,-115.0,50.0,2.25,11.5,-71.16,12.8508,-100,76.36,28.37,1.048345,0.703483,4.4474,0.1759
817,-100,-115.0,50.0,2.25,10.0,-70.84,11.7218,-100,76.69,27.97,1.050864,0.670149,3.4642,0.1793
819,-100,-115.0,50.0,2.25,13.0,-70.96,14.2313,-100,76.47,28.25,1.041562,0.716169,4.5103,0.154
820,-100,-115.0,50.0,2.5,1.0,-68.37,7.4348,-83,76.47,28.24,1.080095,0.743303,5.4029,0.1619
821,-100,-115.0,50.0,2.5,2.5,-68.37,7.8339,-87,76.97,27.63,1.049298,0.68242,4.0141,0.1597
822,-100,-115.0,50.0,2.5,4.0,-67.95,8.3296,-90,76.22,28.54,0.984371,0.644968,3.6526,0.1757
823,-100,-115.0,50.0,2.5,5.5,-68.25,9.1383,-98,75.89,28.92,0.958933,0.651718,4.5233,0.1531
824,-100,-115.0,50.0,2.5,7.0,-68.04,10.5645,-100,76.77,27.88,1.04691,0.648728,2.6726,0.1792
826,-100,-115.0,50.0,2.5,10.0,-67.46,12.4885,-100,76.9,27.72,1.012927,0.658253,3.5132,0.169
825,-100,-115.0,50.0,2.5,8.5,-68.65,10.9209,-100,76.61,28.07,1.065274,0.716795,4.638,0.1405
827,-100,-115.0,50.0,2.5,11.5,-67.89,13.2704,-100,76.66,28.01,1.005968,0.640906,3.0317,0.1706
828,-100,-115.0,50.0,2.5,13.0,-67.86,14.6899,-100,76.59,28.1,1.012608,0.641322,3.2411,0.1712
831,-100,-115.0,50.0,2.75,4.0,-65.1,8.9784,-91,75.91,28.91,0.984358,0.657667,4.0942,0.1856
829,-100,-115.0,50.0,2.75,1.0,-64.2,8.1953,-78,76.9,27.72,1.07215,0.733852,4.8734,0.164
830,-100,-115.0,50.0,2.75,2.5,-65.19,8.4484,-86,76.18,28.58,0.989699,0.659596,4.003,0.1662
832,-100,-115.0,50.0,2.75,5.5,-65.42,9.6147,-96,76.57,28.11,1.059866,0.643576,2.331,0.1978
834,-100,-115.0,50.0,2.75,8.5,-65.13,11.7878,-100,76.49,28.22,1.0191,0.680639,4.3239,0.1686
833,-100,-115.0,50.0,2.75,7.0,-64.92,10.3754,-99,76.4,28.31,1.032256,0.679537,4.2229,0.177
835,-100,-115.0,50.0,2.75,10.0,-64.66,12.5795,-100,76.12,28.65,0.987519,0.651894,4.0593,0.1818
836,-100,-115.0,50.0,2.75,11.5,-64.54,13.9913,-100,76.34,28.39,0.974693,0.603876,2.0549,0.2022
837,-100,-115.0,50.0,2.75,13.0,-64.43,15.0018,-100,76.18,28.59,1.007885,0.632509,3.1792,0.1849
838,-100,-115.0,50.0,3.0,1.0,-61.78,8.8747,-77,76.71,27.95,1.042082,0.683599,4.0356,0.1755
839,-100,-115.0,50.0,3.0,2.5,-62.19,8.686,-83,76.67,27.99,1.01149,0.614907,1.997,0.2071
840,-100,-115.0,50.0,3.0,4.0,-62.03,9.516,-89,76.51,28.17,1.007636,0.619014,2.1365,0.1996
841,-100,-115.0,50.0,3.0,5.5,-61.92,10.1643,-95,76.07,28.72,0.986508,0.676698,4.6599,0.1604
842,-100,-115.0,50.0,3.0,7.0,-61.71,10.7883,-100,75.74,29.11,0.950412,0.605041,3.1669,0.1839
843,-100,-115.0,50.0,3.0,8.5,-61.75,12.1752,-100,76.22,28.55,1.016527,0.636341,2.9043,0.1951
844,-100,-115.0,50.0,3.0,10.0,-61.68,13.1989,-100,76.16,28.61,0.965524,0.611619,2.8019,0.187
845,-100,-115.0,50.0,3.0,11.5,-61.84,14.1032,-100,76.34,28.4,0.986559,0.648131,3.8179,0.1701
847,-100,-115.0,50.0,3.25,1.0,-58.8,9.1616,-75,76.08,28.7,0.954069,0.615562,3.2617,0.1921
846,-100,-115.0,50.0,3.0,13.0,-61.5,15.7242,-100,76.54,28.16,1.000933,0.622715,2.8704,0.1804
848,-100,-115.0,50.0,3.25,2.5,-59.26,9.9136,-80,76.49,28.21,1.041317,0.680873,4.193,0.1582
850,-100,-115.0,50.0,3.25,5.5,-58.81,10.8958,-89,75.97,28.84,0.946099,0.613007,2.9458,0.2
849,-100,-115.0,50.0,3.25,4.0,-59.0,10.4691,-85,76.1,28.68,0.962325,0.6163,2.93,0.1999
851,-100,-115.0,50.0,3.25,7.0,-58.78,11.8793,-95,76.23,28.52,0.973542,0.65526,3.9756,0.1576
852,-100,-115.0,50.0,3.25,8.5,-58.47,12.7839,-99,76.35,28.38,0.981714,0.608589,2.4618,0.197
853,-100,-115.0,50.0,3.25,10.0,-58.94,13.646,-100,76.51,28.19,1.037021,0.733362,5.1469,0.1432
854,-100,-115.0,50.0,3.25,11.5,-58.28,14.8976,-100,76.29,28.44,0.979119,0.656798,4.2756,0.1768
855,-100,-115.0,50.0,3.25,13.0,-58.74,15.8492,-100,75.78,29.06,0.93131,0.582089,2.2435,0.2052
856,-100,-115.0,50.0,3.5,1.0,-55.68,9.803,-74,76.08,28.7,0.992609,0.636415,3.1296,0.1796
858,-100,-115.0,50.0,3.5,4.0,-55.65,10.4704,-81,76.25,28.5,1.001704,0.648798,3.4611,0.1741
857,-100,-115.0,50.0,3.5,2.5,-55.42,10.2939,-80,76.57,28.13,0.988856,0.646808,4.0553,0.1521
861,-100,-115.0,50.0,3.5,8.5,-55.61,13.5734,-100,75.69,29.18,0.942907,0.656326,4.7828,0.1516
859,-100,-115.0,50.0,3.5,5.5,-55.72,11.6686,-88,76.0,28.79,0.95909,0.626379,3.5083,0.1864
860,-100,-115.0,50.0,3.5,7.0,-55.38,12.2911,-98,76.27,28.47,0.956186,0.621504,3.249,0.1749
862,-100,-115.0,50.0,3.5,10.0,-54.86,14.1498,-100,76.29,28.46,0.99658,0.629586,3.4056,0.1776
863,-100,-115.0,50.0,3.5,11.5,-55.48,15.2583,-100,76.84,27.79,1.061964,0.741249,5.4441,0.1484
864,-100,-115.0,50.0,3.5,13.0,-55.77,16.5277,-100,76.14,28.63,0.945945,0.589557,2.4569,0.1849
865,-100,-115.0,50.0,3.75,1.0,-52.69,11.7337,-71,75.71,29.15,0.94084,0.58637,2.0644,0.2019
866,-100,-115.0,50.0,3.75,2.5,-52.51,11.2236,-76,76.3,28.45,0.995203,0.63383,3.2709,0.1715
867,-100,-115.0,50.0,3.75,4.0,-52.6,11.7941,-84,75.73,29.13,0.971343,0.606493,3.0483,0.1953
868,-100,-115.0,50.0,3.75,5.5,-51.81,12.271,-82,76.29,28.46,1.004156,0.684653,4.0438,0.1473
869,-100,-115.0,50.0,3.75,7.0,-52.39,13.3334,-91,76.08,28.69,0.987099,0.677743,4.7484,0.1559
870,-100,-115.0,50.0,3.75,8.5,-52.6,13.7999,-96,75.78,29.06,0.952451,0.617583,3.3916,0.1754
873,-100,-115.0,50.0,3.75,13.0,-52.2,16.6465,-100,76.52,28.18,1.013601,0.716448,5.466,0.1502
871,-100,-115.0,50.0,3.75,10.0,-52.48,15.465,-100,76.53,28.16,1.019435,0.669647,4.287,0.1708
872,-100,-115.0,50.0,3.75,11.5,-51.95,15.5469,-100,75.94,28.87,0.955609,0.594453,1.9659,0.1873
874,-100,-115.0,50.0,4.0,1.0,-49.4,11.2084,-68,76.11,28.67,0.978477,0.635147,3.486,0.1652
875,-100,-115.0,50.0,4.0,2.5,-49.68,11.6488,-73,76.5,28.21,1.032664,0.682683,4.3295,0.1761
876,-100,-115.0,50.0,4.0,4.0,-49.65,12.0759,-79,76.31,28.42,0.992894,0.651851,3.7059,0.1777
877,-100,-115.0,50.0,4.0,5.5,-49.1,12.5793,-82,75.62,29.26,0.970969,0.643018,3.5291,0.1856
878,-100,-115.0,50.0,4.0,7.0,-49.72,13.475,-87,76.2,28.56,1.005072,0.626704,2.8171,0.1815
879,-100,-115.0,50.0,4.0,8.5,-48.74,14.7676,-94,76.55,28.14,1.023546,0.670132,4.1854,0.1575
880,-100,-115.0,50.0,4.0,10.0,-50.04,15.2535,-100,75.99,28.82,0.98789,0.627526,3.1275,0.2001
881,-100,-115.0,50.0,4.0,11.5,-48.95,16.1899,-100,76.25,28.5,0.97164,0.629513,3.6112,0.1819
882,-100,-115.0,50.0,4.0,13.0,-48.59,17.0144,-100,76.31,28.43,1.020781,0.680085,4.2372,0.1601
885,-100,-115.0,50.0,4.25,4.0,-46.52,13.3884,-75,75.89,28.93,1.016123,0.766979,6.4679,0.1532
883,-100,-115.0,50.0,4.25,1.0,-46.61,11.9946,-67,75.99,28.81,0.964961,0.616455,3.0177,0.1949
884,-100,-115.0,50.0,4.25,2.5,-46.13,12.4664,-69,76.2,28.56,1.01575,0.652395,3.3979,0.1599
886,-100,-115.0,50.0,4.25,5.5,-46.41,13.461,-81,75.87,28.96,0.955126,0.595236,2.8432,0.1916
887,-100,-115.0,50.0,4.25,7.0,-46.5,14.0744,-85,76.17,28.59,0.970219,0.647478,4.0304,0.1663
888,-100,-115.0,50.0,4.25,8.5,-45.88,14.9115,-93,75.82,29.02,0.956142,0.621237,3.547,0.176
889,-100,-115.0,50.0,4.25,10.0,-46.13,15.3273,-100,76.76,27.89,0.999263,0.651797,3.8043,0.1838
890,-100,-115.0,50.0,4.25,11.5,-45.7,16.2868,-100,76.82,27.8,1.034874,0.665103,3.8635,0.1528
891,-100,-115.0,50.0,4.25,13.0,-46.63,18.1665,-100,76.02,28.77,0.975593,0.678925,4.9228,0.1501
892,-100,-115.0,50.0,4.5,1.0,-42.82,12.1327,-62,76.0,28.8,0.988034,0.669787,4.4113,0.1647
893,-100,-115.0,50.0,4.5,2.5,-43.13,12.5823,-66,76.01,28.79,0.981217,0.64467,3.8258,0.1577
894,-100,-115.0,50.0,4.5,4.0,-43.38,13.5426,-75,75.98,28.82,0.958025,0.591431,2.5727,0.2042
895,-100,-115.0,50.0,4.5,5.5,-43.44,14.9449,-80,75.71,29.16,0.941074,0.623917,4.047,0.1875
896,-100,-115.0,50.0,4.5,7.0,-43.4,14.5197,-83,75.72,29.13,0.975634,0.61923,3.3393,0.1763
897,-100,-115.0,50.0,4.5,8.5,-42.48,15.1757,-92,75.65,29.22,0.94159,0.598917,3.6185,0.1903
899,-100,-115.0,50.0,4.5,11.5,-43.14,17.2394,-100,76.09,28.7,0.929096,0.620974,3.4806,0.1871
898,-100,-115.0,50.0,4.5,10.0,-42.9,16.4395,-98,76.8,27.83,1.009026,0.624009,2.6552,0.1745
900,-100,-115.0,50.0,4.5,13.0,-42.7,18.4377,-100,76.03,28.76,0.971823,0.617767,2.7742,0.1951
901,-100,-115.0,50.0,4.75,1.0,-40.2,13.7517,-61,76.1,28.68,0.91844,0.597692,3.0768,0.1788
902,-100,-115.0,50.0,4.75,2.5,-40.37,13.9492,-68,76.12,28.65,0.967109,0.606249,2.724,0.2013
903,-100,-115.0,50.0,4.75,4.0,-39.93,14.3827,-74,76.34,28.38,0.976503,0.61167,2.7002,0.1759
904,-100,-115.0,50.0,4.75,5.5,-39.96,15.3247,-76,76.05,28.75,0.940724,0.62179,3.5733,0.1797
905,-100,-115.0,50.0,4.75,7.0,-40.34,14.9626,-82,75.51,29.39,0.965949,0.67612,4.937,0.1896
906,-100,-115.0,50.0,4.75,8.5,-39.87,16.114,-87,75.95,28.86,1.045938,0.751095,5.7516,0.1553
909,-100,-115.0,50.0,4.75,13.0,-39.93,18.1989,-100,75.13,29.84,0.919807,0.659851,5.2534,0.1466
907,-100,-115.0,50.0,4.75,10.0,-40.05,16.6348,-90,76.27,28.47,1.009477,0.656124,3.6935,0.1878
908,-100,-115.0,50.0,4.75,11.5,-39.72,18.0787,-100,76.37,28.36,0.958104,0.58712,2.0935,0.1838
910,-100,-115.0,50.0,5.0,1.0,-36.62,14.4373,-59,75.73,29.12,0.980485,0.613518,2.5809,0.1911
911,-100,-115.0,50.0,5.0,2.5,-37.3,14.0836,-66,75.96,28.85,0.989593,0.675272,4.6,0.1652
912,-100,-115.0,50.0,5.0,4.0,-36.64,14.3337,-67,76.28,28.46,0.959965,0.594221,2.1003,0.1927
913,-100,-115.0,50.0,5.0,5.5,-36.74,14.5391,-75,75.88,28.95,0.955895,0.612792,3.4653,0.1596
914,-100,-115.0,50.0,5.0,7.0,-36.62,16.0721,-78,75.76,29.08,0.922652,0.561918,1.799,0.2124
915,-100,-115.0,50.0,5.0,8.5,-36.85,17.2309,-84,75.72,29.12,0.938438,0.621681,3.8285,0.1825
916,-100,-115.0,50.0,5.0,10.0,-37.11,17.2023,-97,75.57,29.32,0.96891,0.625119,3.892,0.1877
917,-100,-115.0,50.0,5.0,11.5,-36.86,17.4457,-97,75.98,28.81,0.970827,0.655676,4.7024,0.1619
919,-100,-110.0,30.0,1.0,1.0,-89.25,3.5203,-98,77.42,27.09,1.146731,0.757415,4.5631,0.1777
918,-100,-115.0,50.0,5.0,13.0,-36.87,18.5841,-96,76.27,28.46,0.953191,0.63832,3.9608,0.1761
920,-100,-110.0,30.0,1.0,2.5,-89.28,3.9033,-100,77.79,26.66,1.142248,0.751744,4.2108,0.1502
921,-100,-110.0,30.0,1.0,4.0,-89.28,5.1356,-100,77.61,26.87,1.186505,0.733104,3.6197,0.1642
923,-100,-110.0,30.0,1.0,7.0,-88.38,7.2808,-100,77.67,26.79,1.130091,0.692374,3.1686,0.1689
922,-100,-110.0,30.0,1.0,5.5,-88.73,6.4102,-100,78.1,26.28,1.194605,0.741479,3.9314,0.1547
924,-100,-110.0,30.0,1.0,8.5,-88.19,8.1809,-100,77.66,26.8,1.167417,0.722659,3.4749,0.1512
926,-100,-110.0,30.0,1.0,11.5,-87.57,10.2263,-100,76.93,27.69,1.137337,0.756748,4.8756,0.1472
925,-100,-110.0,30.0,1.0,10.0,-87.46,9.3902,-100,78.14,26.23,1.238375,0.796394,4.7297,0.1361
927,-100,-110.0,30.0,1.0,13.0,-86.9,11.1963,-100,76.69,27.96,1.136386,0.705068,4.2923,0.1792
928,-100,-110.0,30.0,1.25,1.0,-86.81,4.0273,-96,76.98,27.63,1.033076,0.696351,4.4935,0.1391
929,-100,-110.0,30.0,1.25,2.5,-86.24,4.4474,-100,77.44,27.07,1.149874,0.685188,2.5444,0.172
930,-100,-110.0,30.0,1.25,4.0,-86.08,5.4956,-100,76.75,27.9,1.0647,0.676593,3.2919,0.1806
932,-100,-110.0,30.0,1.25,7.0,-86.04,7.7061,-100,76.98,27.63,1.0383,0.654752,2.8144,0.1599
931,-100,-110.0,30.0,1.25,5.5,-86.69,6.4622,-100,77.28,27.27,1.122805,0.729184,4.0508,0.1745
935,-100,-110.0,30.0,1.25,11.5,-85.11,10.7552,-100,78.09,26.29,1.263871,0.856339,5.9933,0.1375
933,-100,-110.0,30.0,1.25,8.5,-86.02,8.5932,-100,77.83,26.61,1.207046,0.74427,3.8553,0.1624
934,-100,-110.0,30.0,1.25,10.0,-85.46,9.6983,-100,78.06,26.34,1.224471,0.71308,2.9725,0.1722
936,-100,-110.0,30.0,1.25,13.0,-84.81,11.6854,-100,76.97,27.64,1.148281,0.723345,4.5921,0.165
938,-100,-110.0,30.0,1.5,2.5,-83.46,4.7226,-97,76.54,28.15,1.01366,0.637092,2.8699,0.1857
937,-100,-110.0,30.0,1.5,1.0,-83.9,4.0934,-96,76.42,28.3,1.01582,0.646168,3.3592,0.1731
939,-100,-110.0,30.0,1.5,4.0,-84.02,5.7294,-100,76.94,27.66,1.031082,0.673393,3.644,0.1761
940,-100,-110.0,30.0,1.5,5.5,-83.56,7.29,-100,76.05,28.74,0.993353,0.629588,2.7705,0.2004
941,-100,-110.0,30.0,1.5,7.0,-83.79,8.2591,-100,76.63,28.04,1.125621,0.723263,4.3139,0.1716
942,-100,-110.0,30.0,1.5,8.5,-84.01,9.2181,-100,77.63,26.84,1.182841,0.837007,5.6703,0.1396
943,-100,-110.0,30.0,1.5,10.0,-83.35,10.5648,-100,77.19,27.37,1.119004,0.715292,3.6764,0.1673
944,-100,-110.0,30.0,1.5,11.5,-83.21,11.3147,-100,77.96,26.45,1.207644,0.742336,4.1427,0.162
946,-100,-110.0,30.0,1.75,1.0,-81.08,4.9206,-93,76.07,28.72,1.082989,0.866131,7.7211,0.1397
947,-100,-110.0,30.0,1.75,2.5,-81.31,5.6818,-100,76.38,28.35,0.988761,0.650944,3.4163,0.1783
945,-100,-110.0,30.0,1.5,13.0,-83.12,12.2381,-100,77.74,26.72,1.190982,0.740524,3.8135,0.1733
948,-100,-110.0,30.0,1.75,4.0,-81.4,6.0987,-100,77.41,27.11,1.053013,0.74577,4.8499,0.1473
950,-100,-110.0,30.0,1.75,7.0,-81.58,8.7246,-100,77.47,27.04,1.101934,0.701147,3.9431,0.1726
949,-100,-110.0,30.0,1.75,5.5,-81.69,7.3824,-100,76.87,27.76,1.072921,0.689764,3.9007,0.1809
951,-100,-110.0,30.0,1.75,8.5,-81.09,10.0871,-100,77.44,27.06,1.109368,0.682728,3.2911,0.1663
952,-100,-110.0,30.0,1.75,10.0,-80.47,10.7946,-100,76.97,27.63,1.078785,0.658387,2.4551,0.1972
953,-100,-110.0,30.0,1.75,11.5,-80.75,11.8139,-100,77.04,27.55,1.03501,0.632722,2.3927,0.1781
955,-100,-110.0,30.0,2.0,1.0,-79.28,6.0826,-92,76.42,28.29,1.038594,0.641607,2.552,0.194
954,-100,-110.0,30.0,1.75,13.0,-81.12,13.0254,-100,77.49,27.01,1.176468,0.734909,3.9346,0.1506
956,-100,-110.0,30.0,2.0,2.5,-78.77,6.2791,-97,76.72,27.94,1.028426,0.647319,3.4627,0.1772
957,-100,-110.0,30.0,2.0,4.0,-79.02,7.0688,-100,76.37,28.36,1.007329,0.628905,2.7515,0.1819
958,-100,-110.0,30.0,2.0,5.5,-78.97,8.0501,-100,75.75,29.1,1.022587,0.643134,3.1983,0.1974
959,-100,-110.0,30.0,2.0,7.0,-78.68,9.209,-100,76.35,28.39,1.016434,0.671009,4.3156,0.1624
960,-100,-110.0,30.0,2.0,8.5,-78.83,10.0246,-100,76.85,27.79,1.020249,0.620639,2.2233,0.1848
962,-100,-110.0,30.0,2.0,11.5,-78.65,12.5468,-100,76.83,27.79,1.048158,0.650909,3.0448,0.1764
961,-100,-110.0,30.0,2.0,10.0,-77.86,11.3833,-100,76.77,27.88,1.048576,0.684802,3.8048,0.1671
963,-100,-110.0,30.0,2.0,13.0,-78.39,13.244,-100,76.63,28.05,1.043158,0.662318,3.1979,0.1821
964,-100,-110.0,30.0,2.25,1.0,-76.22,6.9468,-90,75.86,28.96,0.983561,0.664792,3.8376,0.1655
965,-100,-110.0,30.0,2.25,2.5,-76.46,6.9048,-94,76.62,28.06,1.074224,0.694303,3.8852,0.1799
966,-100,-110.0,30.0,2.25,4.0,-76.42,7.5125,-98,75.64,29.24,0.999652,0.640052,3.3011,0.2023
967,-100,-110.0,30.0,2.25,5.5,-76.38,8.6225,-100,76.87,27.75,1.058354,0.694316,3.7201,0.1661
969,-100,-110.0,30.0,2.25,8.5,-76.5,10.5121,-100,75.76,29.1,0.961727,0.63262,3.4939,0.1491
968,-100,-110.0,30.0,2.25,7.0,-76.23,9.5644,-100,76.83,27.81,1.071876,0.65137,2.1453,0.1878
970,-100,-110.0,30.0,2.25,10.0,-75.54,11.6937,-100,76.64,28.03,1.009272,0.67663,4.1687,0.1653
971,-100,-110.0,30.0,2.25,11.5,-75.93,12.7254,-100,76.42,28.29,1.072299,0.684025,3.924,0.1533
972,-100,-110.0,30.0,2.25,13.0,-76.13,13.9005,-100,76.95,27.66,1.15182,0.782931,5.522,0.1585
975,-100,-110.0,30.0,2.5,4.0,-74.15,7.5167,-100,76.12,28.65,0.929389,0.652183,4.7887,0.1456
973,-100,-110.0,30.0,2.5,1.0,-73.33,7.0713,-85,76.74,27.91,1.023504,0.68863,4.3627,0.1465
974,-100,-110.0,30.0,2.5,2.5,-73.29,7.8422,-91,76.88,27.76,1.064977,0.684768,4.0069,0.173
976,-100,-110.0,30.0,2.5,5.5,-73.05,8.7942,-100,76.32,28.42,1.001299,0.631572,2.5134,0.1858
977,-100,-110.0,30.0,2.5,7.0,-74.15,10.4017,-100,76.14,28.62,0.965766,0.640927,3.6152,0.1765
978,-100,-110.0,30.0,2.5,8.5,-73.77,11.5871,-100,76.68,28.0,0.981576,0.619627,2.6308,0.1849
979,-100,-110.0,30.0,2.5,10.0,-73.64,12.4964,-100,76.7,27.97,1.025788,0.688575,4.2334,0.1792
980,-100,-110.0,30.0,2.5,11.5,-73.57,13.4136,-100,76.56,28.12,1.021978,0.641871,2.7499,0.1972
981,-100,-110.0,30.0,2.5,13.0,-73.41,14.4293,-100,76.42,28.3,1.048642,0.724386,4.459,0.1647
983,-100,-110.0,30.0,2.75,2.5,-71.0,8.2141,-90,75.87,28.95,0.993475,0.643002,3.7166,0.1611
982,-100,-110.0,30.0,2.75,1.0,-71.3,8.0022,-86,76.52,28.18,1.039267,0.627368,1.8664,0.197
984,-100,-110.0,30.0,2.75,4.0,-71.29,8.6761,-96,76.57,28.12,1.028667,0.729468,5.2669,0.1512
988,-100,-110.0,30.0,2.75,10.0,-71.7,12.7325,-100,76.18,28.58,1.030537,0.680019,4.141,0.1681
987,-100,-110.0,30.0,2.75,8.5,-71.31,12.0232,-100,76.84,27.79,1.076487,0.758251,5.0781,0.1543
985,-100,-110.0,30.0,2.75,5.5,-70.68,9.6566,-100,76.63,28.05,1.006118,0.662213,3.2899,0.1817
986,-100,-110.0,30.0,2.75,7.0,-70.93,10.7052,-100,75.93,28.88,1.045914,0.672814,4.1649,0.1535
989,-100,-110.0,30.0,2.75,11.5,-70.88,13.2565,-100,76.34,28.4,0.995122,0.658249,4.2099,0.1614
990,-100,-110.0,30.0,2.75,13.0,-70.84,15.3801,-100,76.32,28.41,1.020258,0.699,4.5699,0.1311
991,-100,-110.0,30.0,3.0,1.0,-68.75,9.47,-85,76.37,28.35,0.993822,0.664915,4.0859,0.1671
992,-100,-110.0,30.0,3.0,2.5,-68.97,9.0054,-89,75.9,28.92,0.992927,0.68371,4.8044,0.1601
993,-100,-110.0,30.0,3.0,4.0,-68.69,10.2646,-95,75.7,29.15,0.960228,0.616871,2.7995,0.1939
994,-100,-110.0,30.0,3.0,5.5,-68.38,9.8444,-98,76.63,28.04,1.026056,0.651112,3.2129,0.1822
995,-100,-110.0,30.0,3.0,7.0,-68.66,11.5093,-100,75.48,29.43,0.979953,0.60584,2.9979,0.1922
996,-100,-110.0,30.0,3.0,8.5,-69.0,12.2317,-100,75.63,29.25,0.968071,0.628081,3.268,0.1971
999,-100,-110.0,30.0,3.0,13.0,-67.78,15.9273,-100,76.42,28.3,1.086139,0.794821,6.0954,0.1441
998,-100,-110.0,30.0,3.0,11.5,-68.22,14.4185,-100,76.65,28.02,1.028438,0.72226,4.9946,0.1477
997,-100,-110.0,30.0,3.0,10.0,-68.24,13.1526,-100,76.51,28.19,1.024004,0.657313,3.4763,0.1785
1000,-100,-110.0,30.0,3.25,1.0,-65.81,9.7622,-82,76.59,28.1,0.990786,0.653725,3.5235,0.1701
1001,-100,-110.0,30.0,3.25,2.5,-66.15,10.1434,-87,76.44,28.28,0.968524,0.659666,3.9238,0.1434
1002,-100,-110.0,30.0,3.25,4.0,-66.39,10.8611,-95,76.54,28.15,1.034692,0.670203,3.909,0.1857
1003,-100,-110.0,30.0,3.25,5.5,-65.91,10.7307,-98,77.0,27.6,1.025181,0.624693,2.3238,0.1891
1004,-100,-110.0,30.0,3.25,7.0,-65.58,11.6547,-100,75.89,28.92,0.960736,0.631507,3.7378,0.1682
1005,-100,-110.0,30.0,3.25,8.5,-66.21,13.031,-100,75.74,29.11,0.969227,0.602833,2.3711,0.1925
1006,-100,-110.0,30.0,3.25,10.0,-65.94,13.9736,-100,76.55,28.15,1.009466,0.639582,2.6101,0.1768
1007,-100,-110.0,30.0,3.25,11.5,-65.61,14.6286,-100,76.55,28.14,1.003365,0.641947,3.0571,0.1596
1008,-100,-110.0,30.0,3.25,13.0,-65.61,15.9463,-100,76.53,28.17,1.023128,0.647259,3.482,0.186
1011,-100,-110.0,30.0,3.5,4.0,-63.41,10.4151,-93,76.73,27.93,1.093143,0.770357,5.5644,0.1538
1009,-100,-110.0,30.0,3.5,1.0,-63.48,10.0539,-80,75.87,28.95,0.958232,0.642171,4.0602,0.1755
1012,-100,-110.0,30.0,3.5,5.5,-62.92,11.7783,-98,75.63,29.24,0.962326,0.618919,2.9379,0.1934
1010,-100,-110.0,30.0,3.5,2.5,-63.62,10.7279,-84,76.65,28.02,1.060649,0.680004,3.8315,0.1842
1013,-100,-110.0,30.0,3.5,7.0,-63.56,12.0224,-100,75.98,28.82,0.989716,0.659862,4.0744,0.1771
1014,-100,-110.0,30.0,3.5,8.5,-63.81,13.3995,-100,76.32,28.43,1.014634,0.709843,5.2261,0.1547
1015,-100,-110.0,30.0,3.5,10.0,-62.9,14.5593,-100,76.49,28.21,1.021642,0.692326,4.2113,0.1484
1016,-100,-110.0,30.0,3.5,11.5,-62.99,15.6227,-100,76.33,28.4,1.025804,0.658872,3.2929,0.1574
1017,-100,-110.0,30.0,3.5,13.0,-62.93,16.4858,-100,76.44,28.27,1.029766,0.689706,4.6538,0.1451
1018,-100,-110.0,30.0,3.75,1.0,-61.4,10.0133,-79,75.96,28.85,0.995814,0.637148,3.6381,0.1778
1019,-100,-110.0,30.0,3.75,2.5,-60.9,11.3775,-83,76.07,28.71,0.967278,0.663465,4.2521,0.1698
1020,-100,-110.0,30.0,3.75,4.0,-60.75,11.5402,-91,76.28,28.46,0.958565,0.634817,3.3158,0.1722
1021,-100,-110.0,30.0,3.75,5.5,-60.95,12.1134,-94,76.14,28.63,0.970554,0.608221,3.4045,0.1811
1023,-100,-110.0,30.0,3.75,8.5,-60.65,13.6851,-100,76.36,28.36,0.990934,0.644491,3.6946,0.156
1022,-100,-110.0,30.0,3.75,7.0,-60.43,12.5028,-99,75.95,28.85,0.998022,0.633434,3.3122,0.1706
1024,-100,-110.0,30.0,3.75,10.0,-60.87,14.5493,-100,75.9,28.92,0.929879,0.635049,4.4115,0.1749
1025,-100,-110.0,30.0,3.75,11.5,-61.22,15.8663,-100,76.33,28.4,0.99315,0.661405,3.4783,0.1569
1026,-100,-110.0,30.0,3.75,13.0,-60.48,16.8191,-100,76.27,28.47,1.009757,0.645047,3.3854,0.1787
1027,-100,-110.0,30.0,4.0,1.0,-58.29,11.5033,-76,76.14,28.63,1.034295,0.727975,5.3311,0.1536
1029,-100,-110.0,30.0,4.0,4.0,-58.92,12.8087,-89,76.44,28.27,1.002171,0.667615,3.8661,0.1847
1030,-100,-110.0,30.0,4.0,5.5,-58.75,13.0518,-92,76.23,28.52,0.984073,0.686966,4.5061,0.1509
1028,-100,-110.0,30.0,4.0,2.5,-58.06,12.483,-81,76.22,28.53,1.059385,0.792828,6.2069,0.1414
1031,-100,-110.0,30.0,4.0,7.0,-58.19,13.3082,-95,75.44,29.48,0.962459,0.64717,4.3538,0.1503
1032,-100,-110.0,30.0,4.0,8.5,-58.0,14.5422,-100,76.22,28.54,0.967208,0.593527,2.1712,0.208
1033,-100,-110.0,30.0,4.0,10.0,-58.57,15.6009,-100,76.04,28.76,0.958333,0.647244,4.3863,0.1717
1034,-100,-110.0,30.0,4.0,11.5,-57.7,16.4008,-100,76.06,28.73,0.994371,0.630342,3.1803,0.1983
1035,-100,-110.0,30.0,4.0,13.0,-58.46,17.4323,-100,75.84,28.99,0.990569,0.615868,2.2875,0.1925
1036,-100,-110.0,30.0,4.25,1.0,-55.59,12.5994,-75,76.36,28.36,1.000975,0.612745,2.4394,0.181
1037,-100,-110.0,30.0,4.25,2.5,-55.87,12.141,-80,76.18,28.59,0.96597,0.640186,3.0622,0.1681
1039,-100,-110.0,30.0,4.25,5.5,-55.34,13.4819,-90,76.48,28.22,0.979979,0.609169,2.4282,0.1794
1038,-100,-110.0,30.0,4.25,4.0,-55.7,12.4321,-86,76.25,28.5,0.975874,0.626412,3.0484,0.1708
1040,-100,-110.0,30.0,4.25,7.0,-55.64,14.1479,-98,76.8,27.84,1.017004,0.664268,3.7126,0.1613
1043,-100,-110.0,30.0,4.25,11.5,-55.35,17.1434,-100,76.36,28.36,0.969406,0.604026,2.2828,0.1996
1042,-100,-110.0,30.0,4.25,10.0,-55.5,15.5343,-100,76.15,28.61,1.02797,0.696558,4.9057,0.1619
1041,-100,-110.0,30.0,4.25,8.5,-55.6,14.8549,-100,75.95,28.87,0.964745,0.618577,2.8649,0.1941
1044,-100,-110.0,30.0,4.25,13.0,-55.17,17.8519,-100,76.31,28.41,0.991294,0.615764,2.7929,0.1646
1045,-100,-110.0,30.0,4.5,1.0,-52.81,12.2557,-73,76.76,27.89,1.017498,0.667687,3.9113,0.1793
1046,-100,-110.0,30.0,4.5,2.5,-53.1,12.7613,-77,76.21,28.56,0.933121,0.57269,1.9584,0.2048
1048,-100,-110.0,30.0,4.5,5.5,-52.79,13.944,-90,76.36,28.37,1.027217,0.706562,4.6364,0.1586
1047,-100,-110.0,30.0,4.5,4.0,-53.28,13.5458,-82,76.37,28.36,0.995441,0.679816,4.3666,0.1435
1049,-100,-110.0,30.0,4.5,7.0,-53.17,15.0932,-92,75.87,28.96,0.948542,0.606171,2.9423,0.1972
1051,-100,-110.0,30.0,4.5,10.0,-53.07,15.6575,-100,76.24,28.5,0.980008,0.660988,4.0735,0.1581
1050,-100,-110.0,30.0,4.5,8.5,-53.31,15.4376,-100,75.62,29.26,0.997844,0.658364,4.0232,0.1853
1052,-100,-110.0,30.0,4.5,11.5,-52.88,17.6948,-100,75.88,28.95,0.960478,0.652226,4.5606,0.1556
1053,-100,-110.0,30.0,4.5,13.0,-52.97,18.3435,-100,76.65,28.02,1.023984,0.713801,5.2469,0.1582
1054,-100,-110.0,30.0,4.75,1.0,-50.87,13.9999,-76,75.54,29.35,0.920894,0.632475,4.299,0.1568
1055,-100,-110.0,30.0,4.75,2.5,-50.66,13.3425,-74,76.46,28.24,1.000201,0.645494,3.7306,0.1783
1056,-100,-110.0,30.0,4.75,4.0,-51.07,13.7178,-82,76.21,28.55,0.985025,0.643585,3.7322,0.1641
1058,-100,-110.0,30.0,4.75,7.0,-50.47,15.4651,-92,75.93,28.88,0.970596,0.671254,4.8231,0.1666
1057,-100,-110.0,30.0,4.75,5.5,-50.56,14.5378,-87,76.03,28.76,1.077181,0.74253,5.35,0.161
1059,-100,-110.0,30.0,4.75,8.5,-50.41,15.9573,-99,76.24,28.52,0.999236,0.669667,4.1726,0.1594
1060,-100,-110.0,30.0,4.75,10.0,-50.01,16.4559,-100,76.41,28.32,1.004453,0.639255,3.9751,0.1852
1061,-100,-110.0,30.0,4.75,11.5,-50.01,18.0262,-100,75.43,29.49,0.986118,0.656982,4.5565,0.1741
1062,-100,-110.0,30.0,4.75,13.0,-50.22,18.6979,-100,76.27,28.48,0.968545,0.608219,3.1067,0.1818
1063,-100,-110.0,30.0,5.0,1.0,-47.86,14.0621,-70,76.11,28.65,0.967534,0.596036,2.6637,0.1811
1064,-100,-110.0,30.0,5.0,2.5,-47.68,14.5848,-74,76.8,27.85,1.084701,0.708599,4.32,0.1652
1066,-100,-110.0,30.0,5.0,5.5,-47.81,14.8015,-84,76.14,28.63,0.986463,0.649884,3.7538,0.1749
1065,-100,-110.0,30.0,5.0,4.0,-47.76,14.5701,-80,76.27,28.48,1.011407,0.702982,4.8632,0.1409
1067,-100,-110.0,30.0,5.0,7.0,-47.85,16.2692,-91,75.58,29.29,0.949298,0.59957,2.8055,0.1962
1068,-100,-110.0,30.0,5.0,8.5,-47.45,16.6844,-92,76.7,27.95,1.020606,0.660496,3.4547,0.1707
1070,-100,-110.0,30.0,5.0,11.5,-47.98,18.1828,-100,76.21,28.55,1.005486,0.705487,5.2475,0.1672
1069,-100,-110.0,30.0,5.0,10.0,-48.12,16.7029,-100,76.17,28.6,1.009619,0.719733,5.4129,0.137
1071,-100,-110.0,30.0,5.0,13.0,-47.87,18.833,-100,76.48,28.23,1.014685,0.697412,4.7076,0.1574
1072,-100,-110.0,40.0,1.0,1.0,-88.14,3.3526,-97,75.35,29.58,1.006944,0.624143,2.4298,0.2093
1073,-100,-110.0,40.0,1.0,2.5,-88.04,4.2252,-100,77.17,27.41,1.125144,0.693508,3.2271,0.1846
1074,-100,-110.0,40.0,1.0,4.0,-87.29,5.1698,-100,77.02,27.58,1.10539,0.697483,3.4436,0.1817
1075,-100,-110.0,40.0,1.0,5.5,-87.51,6.0879,-100,78.03,26.37,1.188586,0.764755,4.0025,0.1494
1076,-100,-110.0,40.0,1.0,7.0,-87.76,7.2117,-100,78.37,25.95,1.205873,0.740933,3.7294,0.1474
1078,-100,-110.0,40.0,1.0,10.0,-87.09,9.4031,-100,78.12,26.25,1.240799,0.857852,5.6988,0.1236
1077,-100,-110.0,40.0,1.0,8.5,-87.25,8.3914,-100,77.4,27.11,1.179679,0.726027,3.533,0.1611
1079,-100,-110.0,40.0,1.0,11.5,-86.79,10.392,-100,77.92,26.49,1.195051,0.716067,2.6558,0.1661
1080,-100,-110.0,40.0,1.0,13.0,-86.05,11.3726,-100,76.7,27.96,1.147006,0.757548,5.1409,0.1506
1081,-100,-110.0,40.0,1.25,1.0,-84.81,3.7603,-94,77.5,26.99,1.127145,0.80069,5.623,0.1457
1082,-100,-110.0,40.0,1.25,2.5,-85.52,4.582,-100,76.77,27.87,1.042846,0.638845,2.2949,0.1923
1084,-100,-110.0,40.0,1.25,5.5,-85.12,6.4714,-100,76.72,27.94,1.128207,0.802818,5.9057,0.1343
1083,-100,-110.0,40.0,1.25,4.0,-84.85,5.5795,-100,75.89,28.93,1.094318,0.698681,4.3906,0.1679
1085,-100,-110.0,40.0,1.25,7.0,-84.91,7.634,-100,76.59,28.1,1.068518,0.757173,5.0556,0.122
1086,-100,-110.0,40.0,1.25,8.5,-84.73,8.9466,-100,76.93,27.69,1.105116,0.661645,2.0739,0.1862
1087,-100,-110.0,40.0,1.25,10.0,-84.35,10.0977,-100,77.61,26.87,1.096775,0.673644,3.0225,0.1753
1090,-100,-110.0,40.0,1.5,1.0,-82.47,4.852,-94,76.13,28.65,1.008971,0.687123,4.5402,0.1641
1088,-100,-110.0,40.0,1.25,11.5,-84.03,11.1034,-100,77.87,26.55,1.186325,0.717191,3.5859,0.1651
1089,-100,-110.0,40.0,1.25,13.0,-83.53,12.1048,-100,77.77,26.67,1.181171,0.77049,4.4649,0.1319
1091,-100,-110.0,40.0,1.5,2.5,-82.04,5.2293,-98,76.09,28.69,1.043486,0.689959,4.1699,0.1635
1092,-100,-110.0,40.0,1.5,4.0,-82.2,6.0973,-100,75.79,29.06,0.994663,0.677959,4.4046,0.1385
1093,-100,-110.0,40.0,1.5,5.5,-82.39,6.6751,-100,76.78,27.86,1.030993,0.655017,2.9262,0.1693
1094,-100,-110.0,40.0,1.5,7.0,-82.09,8.5641,-100,77.29,27.26,1.068684,0.663252,2.5411,0.1841
1097,-100,-110.0,40.0,1.5,11.5,-81.43,11.5571,-100,76.7,27.96,1.057105,0.702803,4.2964,0.1732
1095,-100,-110.0,40.0,1.5,8.5,-82.25,9.4224,-100,77.11,27.47,1.102675,0.66429,2.7045,0.1906
1096,-100,-110.0,40.0,1.5,10.0,-81.51,10.4219,-100,77.54,26.95,1.208365,0.787185,4.7317,0.1573
1098,-100,-110.0,40.0,1.5,13.0,-81.16,12.5373,-100,75.74,29.11,1.058675,0.726917,5.105,0.1595
1100,-100,-110.0,40.0,1.75,2.5,-78.81,6.4962,-97,76.72,27.95,1.020608,0.654977,3.1856,0.1729
1099,-100,-110.0,40.0,1.75,1.0,-79.38,5.2762,-93,76.02,28.77,1.043687,0.713853,4.8792,0.162
1102,-100,-110.0,40.0,1.75,5.5,-79.0,7.7997,-100,76.02,28.78,1.015748,0.674359,4.6391,0.1667
1101,-100,-110.0,40.0,1.75,4.0,-79.48,6.7512,-100,76.95,27.66,1.043203,0.679871,4.3602,0.158
1103,-100,-110.0,40.0,1.75,7.0,-79.19,8.46,-100,76.41,28.31,0.999526,0.638114,2.6986,0.1845
1104,-100,-110.0,40.0,1.75,8.5,-79.25,9.6537,-100,76.75,27.91,1.026295,0.660656,3.6221,0.1644
1105,-100,-110.0,40.0,1.75,10.0,-79.3,10.7847,-100,77.32,27.21,1.042057,0.645256,2.1696,0.1825
1107,-100,-110.0,40.0,1.75,13.0,-78.08,13.2601,-100,77.42,27.09,1.157987,0.757339,4.4052,0.1505
1106,-100,-110.0,40.0,1.75,11.5,-78.59,12.0902,-100,76.78,27.86,1.043725,0.673982,3.4624,0.1613
1108,-100,-110.0,40.0,2.0,1.0,-76.43,6.057,-90,77.02,27.57,1.042513,0.670055,3.4643,0.1799
1109,-100,-110.0,40.0,2.0,2.5,-76.35,6.6598,-93,76.49,28.21,1.03754,0.661655,3.186,0.197
1110,-100,-110.0,40.0,2.0,4.0,-76.33,6.99,-99,76.85,27.78,1.043529,0.65857,3.6574,0.1724
1111,-100,-110.0,40.0,2.0,5.5,-76.49,8.1214,-100,75.67,29.2,0.970205,0.596237,2.1138,0.2019
1112,-100,-110.0,40.0,2.0,7.0,-76.43,9.3027,-100,76.69,27.98,1.047605,0.684813,3.9399,0.1832
1114,-100,-110.0,40.0,2.0,10.0,-76.07,11.4005,-100,76.35,28.39,1.069356,0.677551,3.4547,0.1695
1113,-100,-110.0,40.0,2.0,8.5,-76.57,10.4772,-100,76.72,27.94,1.022471,0.619358,2.0027,0.1841
1115,-100,-110.0,40.0,2.0,11.5,-76.03,12.5787,-100,76.6,28.09,1.031069,0.704315,4.5693,0.1535
1116,-100,-110.0,40.0,2.0,13.0,-75.35,13.7445,-100,77.43,27.09,1.10623,0.691696,3.2123,0.1608
1117,-100,-110.0,40.0,2.25,1.0,-73.49,7.0478,-87,76.43,28.28,1.008645,0.659202,3.7479,0.1828
1118,-100,-110.0,40.0,2.25,2.5,-73.39,7.4439,-91,76.8,27.84,1.085326,0.712354,4.1864,0.153
1119,-100,-110.0,40.0,2.25,4.0,-73.84,7.9468,-99,76.62,28.06,0.958739,0.62453,3.976,0.1767
1120,-100,-110.0,40.0,2.25,5.5,-73.36,8.7637,-100,76.26,28.48,1.024775,0.651049,3.8037,0.1844
1121,-100,-110.0,40.0,2.25,7.0,-73.32,9.219,-100,76.14,28.63,0.95949,0.61187,3.004,0.1855
1122,-100,-110.0,40.0,2.25,8.5,-73.47,10.7127,-100,76.58,28.11,1.011978,0.638882,2.947,0.1642
1124,-100,-110.0,40.0,2.25,11.5,-73.49,12.8736,-100,76.73,27.93,1.055925,0.716707,4.7773,0.1511
1125,-100,-110.0,40.0,2.25,13.0,-72.87,14.1963,-100,76.82,27.82,1.046816,0.673405,3.4739,0.1649
1123,-100,-110.0,40.0,2.25,10.0,-73.13,11.6767,-100,77.04,27.55,1.082859,0.678463,3.513,0.1692
1126,-100,-110.0,40.0,2.5,1.0,-70.49,6.9535,-83,76.17,28.59,0.988696,0.620685,2.7954,0.1741
1127,-100,-110.0,40.0,2.5,2.5,-70.75,7.5408,-89,76.81,27.82,1.022562,0.648481,3.0028,0.1953
1128,-100,-110.0,40.0,2.5,4.0,-70.43,8.2116,-94,76.08,28.71,1.050233,0.756976,5.9618,0.1455
1129,-100,-110.0,40.0,2.5,5.5,-70.58,8.8351,-100,75.98,28.82,0.973666,0.658848,4.3009,0.1618
1130,-100,-110.0,40.0,2.5,7.0,-70.77,10.0226,-100,76.64,28.04,1.010539,0.671677,3.8735,0.1725
1131,-100,-110.0,40.0,2.5,8.5,-70.84,11.2821,-100,76.7,27.95,0.985257,0.630543,2.7023,0.1758
1132,-100,-110.0,40.0,2.5,10.0,-70.03,12.4841,-100,76.51,28.19,1.001807,0.711782,5.091,0.1578
1133,-100,-110.0,40.0,2.5,11.5,-70.17,13.3706,-100,75.98,28.83,0.981921,0.635931,3.8867,0.1779
1134,-100,-110.0,40.0,2.5,13.0,-70.2,14.5182,-100,76.37,28.36,1.054556,0.698135,4.384,0.1649
1135,-100,-110.0,40.0,2.75,1.0,-67.9,7.959,-85,76.51,28.2,1.011333,0.623167,2.2709,0.2008
1136,-100,-110.0,40.0,2.75,2.5,-67.28,8.718,-86,77.2,27.36,1.050837,0.666413,3.29,0.1634
1137,-100,-110.0,40.0,2.75,4.0,-67.58,8.9031,-94,76.38,28.35,1.005555,0.682697,4.5351,0.1485
1138,-100,-110.0,40.0,2.75,5.5,-67.44,9.6796,-100,76.46,28.26,1.025418,0.637312,2.5705,0.1969
1139,-100,-110.0,40.0,2.75,7.0,-67.82,10.6925,-100,75.82,29.0,0.920749,0.607019,3.4919,0.1874
1140,-100,-110.0,40.0,2.75,8.5,-67.44,11.5877,-100,76.08,28.7,0.991736,0.64558,3.7104,0.1544
1141,-100,-110.0,40.0,2.75,10.0,-67.58,12.9529,-100,76.46,28.25,0.993433,0.652062,3.8326,0.1645
1142,-100,-110.0,40.0,2.75,11.5,-67.31,14.0384,-100,76.83,27.81,1.029125,0.648002,2.645,0.188
1144,-100,-110.0,40.0,3.0,1.0,-64.92,8.6184,-80,75.94,28.87,0.992015,0.658156,4.0441,0.1793
1143,-100,-110.0,40.0,2.75,13.0,-67.36,15.2353,-100,76.54,28.15,1.018037,0.62987,2.1965,0.198
1145,-100,-110.0,40.0,3.0,2.5,-64.88,9.4419,-85,76.34,28.39,0.994572,0.643251,3.3529,0.1917
1146,-100,-110.0,40.0,3.0,4.0,-64.9,9.763,-90,76.46,28.25,1.040879,0.703538,4.4534,0.1653
1149,-100,-110.0,40.0,3.0,8.5,-64.77,11.9537,-100,75.81,29.02,0.992977,0.720667,5.8818,0.1295
1147,-100,-110.0,40.0,3.0,5.5,-65.05,10.3156,-96,76.4,28.32,0.996407,0.64818,3.7657,0.1754
1148,-100,-110.0,40.0,3.0,7.0,-65.08,11.2827,-100,75.93,28.88,0.968256,0.607087,2.7135,0.1796
1150,-100,-110.0,40.0,3.0,10.0,-64.5,13.2002,-100,75.19,29.76,0.971131,0.66407,4.5524,0.186
1151,-100,-110.0,40.0,3.0,11.5,-64.7,14.5901,-100,76.12,28.65,1.014184,0.689683,4.2745,0.1644
1152,-100,-110.0,40.0,3.0,13.0,-64.61,15.6091,-100,76.35,28.38,1.01985,0.653009,3.5278,0.1767
1153,-100,-110.0,40.0,3.25,1.0,-62.02,9.5723,-77,75.78,29.06,0.978847,0.637818,3.4392,0.1795
1155,-100,-110.0,40.0,3.25,4.0,-61.98,10.7192,-90,76.58,28.11,1.017849,0.656273,3.6466,0.1453
1156,-100,-110.0,40.0,3.25,5.5,-61.63,11.4849,-92,76.94,27.68,1.033453,0.711007,4.6809,0.1464
1154,-100,-110.0,40.0,3.25,2.5,-61.99,10.1267,-84,76.47,28.23,0.991023,0.611761,2.4553,0.1928
1157,-100,-110.0,40.0,3.25,7.0,-61.68,11.6676,-100,76.3,28.45,0.999819,0.638699,3.8167,0.163
1158,-100,-110.0,40.0,3.25,8.5,-61.36,12.2713,-100,76.17,28.59,1.01218,0.66794,3.8998,0.1653
1159,-100,-110.0,40.0,3.25,10.0,-62.11,13.7535,-100,76.02,28.78,0.977559,0.633872,3.616,0.1645
1161,-100,-110.0,40.0,3.25,13.0,-61.72,15.9356,-100,76.67,28.0,1.007411,0.648114,3.378,0.1869
1162,-100,-110.0,40.0,3.5,1.0,-58.81,10.2232,-76,77.21,27.35,1.013696,0.64195,3.6408,0.1661
1160,-100,-110.0,40.0,3.25,11.5,-62.2,15.064,-100,76.89,27.73,1.026559,0.706709,4.3674,0.1434
1163,-100,-110.0,40.0,3.5,2.5,-59.55,10.4475,-81,76.79,27.84,1.068312,0.75191,5.402,0.1543
1164,-100,-110.0,40.0,3.5,4.0,-59.11,10.6997,-87,76.38,28.34,0.985166,0.653686,3.895,0.1594
1165,-100,-110.0,40.0,3.5,5.5,-59.43,11.1944,-90,76.54,28.16,1.026693,0.629876,3.0041,0.1943
1166,-100,-110.0,40.0,3.5,7.0,-59.34,12.811,-97,77.37,27.15,1.065585,0.741281,5.1449,0.1536
1167,-100,-110.0,40.0,3.5,8.5,-58.72,13.2132,-100,76.01,28.79,0.956157,0.610015,3.1223,0.1843
1168,-100,-110.0,40.0,3.5,10.0,-58.68,14.1464,-100,76.03,28.76,0.979683,0.59776,2.1799,0.198
1169,-100,-110.0,40.0,3.5,11.5,-58.66,15.479,-100,74.94,30.07,0.949051,0.597909,3.2744,0.1915
1170,-100,-110.0,40.0,3.5,13.0,-59.07,15.9911,-100,76.55,28.13,1.049243,0.703272,4.7183,0.1605
1171,-100,-110.0,40.0,3.75,1.0,-56.54,10.2902,-74,76.62,28.05,0.982666,0.611864,2.7888,0.1758
1173,-100,-110.0,40.0,3.75,4.0,-55.9,11.5554,-84,75.92,28.89,0.990757,0.621704,3.1682,0.1854
1172,-100,-110.0,40.0,3.75,2.5,-56.32,11.0066,-78,76.15,28.62,0.986089,0.636582,3.3057,0.1853
1174,-100,-110.0,40.0,3.75,5.5,-56.16,12.377,-90,76.46,28.25,1.015779,0.654953,3.2865,0.1647
1175,-100,-110.0,40.0,3.75,7.0,-55.41,12.9969,-97,76.04,28.76,0.982832,0.628414,3.0027,0.1653
1176,-100,-110.0,40.0,3.75,8.5,-56.18,13.5909,-99,76.98,27.62,1.015794,0.642154,3.3799,0.1776
1177,-100,-110.0,40.0,3.75,10.0,-55.99,15.1696,-100,75.08,29.91,0.960739,0.635733,4.3395,0.1585
1178,-100,-110.0,40.0,3.75,11.5,-55.62,15.8226,-100,75.86,28.98,0.941984,0.597251,2.6975,0.1793
1179,-100,-110.0,40.0,3.75,13.0,-55.87,16.8025,-100,76.44,28.27,0.991834,0.649976,3.9626,0.1681
1180,-100,-110.0,40.0,4.0,1.0,-53.21,11.5993,-73,75.82,29.01,0.925519,0.589331,3.0606,0.1826
1181,-100,-110.0,40.0,4.0,2.5,-53.73,12.2339,-77,76.71,27.95,1.070356,0.752196,5.5445,0.1615
1182,-100,-110.0,40.0,4.0,4.0,-53.81,13.1797,-81,75.75,29.11,0.981588,0.626732,3.5322,0.1695
1183,-100,-110.0,40.0,4.0,5.5,-53.54,12.8477,-93,76.29,28.45,0.99767,0.626784,2.7043,0.173
1184,-100,-110.0,40.0,4.0,7.0,-53.1,13.159,-94,76.4,28.32,0.957225,0.594247,2.0874,0.1886
1185,-100,-110.0,40.0,4.0,8.5,-53.34,14.6203,-98,76.02,28.78,0.943898,0.598747,2.5681,0.1878
1186,-100,-110.0,40.0,4.0,10.0,-52.75,15.5464,-100,76.25,28.5,0.966662,0.597382,2.3699,0.2025
1187,-100,-110.0,40.0,4.0,11.5,-52.87,15.9067,-100,76.45,28.26,1.005925,0.613818,2.9665,0.1826
1188,-100,-110.0,40.0,4.0,13.0,-53.21,17.3452,-100,76.24,28.51,1.000217,0.629542,2.546,0.1885
1189,-100,-110.0,40.0,4.25,1.0,-50.57,11.4147,-68,76.16,28.61,0.950107,0.613023,3.0022,0.1926
1191,-100,-110.0,40.0,4.25,4.0,-50.16,12.8697,-81,75.91,28.91,0.981342,0.618857,2.3589,0.1999
1193,-100,-110.0,40.0,4.25,7.0,-50.36,14.3586,-87,75.49,29.41,0.954596,0.652158,4.7225,0.1541
1192,-100,-110.0,40.0,4.25,5.5,-50.08,13.3916,-84,76.57,28.11,0.991514,0.607028,2.2255,0.1904
1190,-100,-110.0,40.0,4.25,2.5,-50.79,12.3475,-74,76.76,27.89,0.999977,0.640718,3.7439,0.1678
1194,-100,-110.0,40.0,4.25,8.5,-49.95,15.0379,-98,76.89,27.74,1.015748,0.623453,2.6661,0.1602
1197,-100,-110.0,40.0,4.25,13.0,-49.91,17.2058,-100,75.53,29.36,0.929288,0.599333,3.523,0.1916
1195,-100,-110.0,40.0,4.25,10.0,-50.05,16.0516,-100,76.05,28.74,0.937975,0.586049,2.3254,0.198
1196,-100,-110.0,40.0,4.25,11.5,-50.8,16.5857,-100,76.71,27.95,1.002742,0.649915,3.6491,0.1652
1198,-100,-110.0,40.0,4.5,1.0,-47.46,12.5686,-68,75.89,28.93,0.957655,0.662356,4.9581,0.1501
1199,-100,-110.0,40.0,4.5,2.5,-47.34,12.2309,-71,75.57,29.33,0.940853,0.628503,4.2147,0.1778
1200,-100,-110.0,40.0,4.5,4.0,-47.97,12.841,-83,76.27,28.48,0.961521,0.662634,4.496,0.145
1201,-100,-110.0,40.0,4.5,5.5,-47.73,14.3079,-85,76.26,28.48,1.037417,0.749354,5.6753,0.1393
1202,-100,-110.0,40.0,4.5,7.0,-47.34,14.4261,-90,76.26,28.49,1.006025,0.689848,4.9582,0.1658
1203,-100,-110.0,40.0,4.5,8.5,-47.45,15.7153,-92,76.39,28.33,0.959351,0.620439,3.249,0.1886
1204,-100,-110.0,40.0,4.5,10.0,-47.06,16.2499,-99,76.33,28.41,1.002133,0.729545,5.627,0.146
1205,-100,-110.0,40.0,4.5,11.5,-47.12,17.0651,-100,76.21,28.56,1.01426,0.622954,2.5899,0.1865
1206,-100,-110.0,40.0,4.5,13.0,-46.96,18.4792,-100,76.0,28.8,0.967531,0.611121,2.849,0.1936
1207,-100,-110.0,40.0,4.75,1.0,-43.92,14.1582,-64,75.85,28.97,0.964022,0.630354,3.5407,0.1577
1209,-100,-110.0,40.0,4.75,4.0,-44.89,14.2999,-80,75.42,29.49,0.923939,0.635865,4.1265,0.1634
1208,-100,-110.0,40.0,4.75,2.5,-44.85,14.2382,-73,76.45,28.26,1.001263,0.633477,3.0159,0.1875
1210,-100,-110.0,40.0,4.75,5.5,-44.92,13.9728,-81,75.99,28.81,1.033164,0.724098,5.4854,0.1656
1211,-100,-110.0,40.0,4.75,7.0,-44.62,15.3821,-85,75.94,28.88,0.966167,0.639285,3.6765,0.1692
1212,-100,-110.0,40.0,4.75,8.5,-44.73,16.4227,-97,75.98,28.83,0.976074,0.600071,2.3686,0.2064
1213,-100,-110.0,40.0,4.75,10.0,-44.62,16.8907,-100,76.35,28.39,0.978048,0.59419,1.8839,0.211
1214,-100,-110.0,40.0,4.75,11.5,-44.19,17.5446,-100,75.56,29.32,0.972946,0.646903,4.4032,0.1638
1215,-100,-110.0,40.0,4.75,13.0,-44.9,18.8506,-100,76.09,28.69,0.955097,0.602687,2.9699,0.193
1216,-100,-110.0,40.0,5.0,1.0,-41.22,14.6655,-64,76.11,28.66,0.996106,0.622391,2.6388,0.2049
1217,-100,-110.0,40.0,5.0,2.5,-41.67,14.0385,-68,76.62,28.06,0.967765,0.607243,2.6592,0.1831
1218,-100,-110.0,40.0,5.0,4.0,-41.47,15.2505,-74,76.29,28.46,1.007458,0.706297,4.9586,0.156
1219,-100,-110.0,40.0,5.0,5.5,-42.49,15.2153,-79,76.34,28.39,0.992664,0.673266,4.5283,0.1475
1220,-100,-110.0,40.0,5.0,7.0,-41.88,16.1803,-85,75.25,29.7,0.968302,0.654079,4.4616,0.1846
1221,-100,-110.0,40.0,5.0,8.5,-41.61,17.1801,-90,76.3,28.43,0.914696,0.65549,4.7952,0.1508
1222,-100,-110.0,40.0,5.0,10.0,-41.99,17.5278,-97,76.04,28.75,0.979973,0.606905,3.0892,0.1965
1223,-100,-110.0,40.0,5.0,11.5,-41.36,18.97,-100,75.82,29.02,1.014259,0.711982,5.2669,0.1525
1224,-100,-110.0,40.0,5.0,13.0,-41.83,19.4043,-100,76.58,28.1,1.021342,0.675395,4.3213,0.1735
1225,-100,-110.0,50.0,1.0,1.0,-86.72,3.3362,-95,76.83,27.81,1.04423,0.634633,2.0024,0.2036
1227,-100,-110.0,50.0,1.0,4.0,-86.55,4.943,-100,76.73,27.92,1.045178,0.654119,2.4141,0.179
1226,-100,-110.0,50.0,1.0,2.5,-86.82,3.7032,-100,77.17,27.39,1.141622,0.842437,6.3498,0.1219
1228,-100,-110.0,50.0,1.0,5.5,-86.93,6.2521,-100,77.09,27.5,1.090768,0.682922,2.6861,0.1657
1229,-100,-110.0,50.0,1.0,7.0,-86.36,7.3372,-100,77.88,26.55,1.106904,0.706968,4.1427,0.1387
1230,-100,-110.0,50.0,1.0,8.5,-86.56,8.489,-100,77.76,26.69,1.162311,0.768489,4.5873,0.1554
1231,-100,-110.0,50.0,1.0,10.0,-85.77,9.6555,-100,77.73,26.73,1.154582,0.68507,2.6851,0.1798
1232,-100,-110.0,50.0,1.0,11.5,-85.67,10.6088,-100,77.68,26.79,1.204671,0.784818,5.1545,0.1508
1233,-100,-110.0,50.0,1.0,13.0,-85.05,11.5966,-100,78.63,25.65,1.202309,0.714992,3.8795,0.1547
1235,-100,-110.0,50.0,1.25,2.5,-83.25,4.2487,-100,76.67,27.99,1.033657,0.731139,5.2363,0.1333
1234,-100,-110.0,50.0,1.25,1.0,-84.06,3.7586,-93,76.73,27.92,1.025073,0.656114,3.4659,0.1688
1236,-100,-110.0,50.0,1.25,4.0,-83.55,5.6411,-100,77.16,27.4,1.066705,0.668697,3.5172,0.1717
1237,-100,-110.0,50.0,1.25,5.5,-84.13,6.6849,-100,76.96,27.65,1.047569,0.652076,3.0088,0.1894
1238,-100,-110.0,50.0,1.25,7.0,-83.39,7.7173,-100,77.3,27.23,1.085717,0.67004,2.9854,0.1712
1239,-100,-110.0,50.0,1.25,8.5,-83.43,9.0012,-100,77.08,27.51,1.102758,0.667903,2.9034,0.1832
1240,-100,-110.0,50.0,1.25,10.0,-83.29,10.2589,-100,77.04,27.56,1.063253,0.657598,2.7791,0.1862
1241,-100,-110.0,50.0,1.25,11.5,-83.48,11.0812,-100,76.87,27.75,1.109099,0.729559,4.134,0.1656
1242,-100,-110.0,50.0,1.25,13.0,-82.56,12.2773,-100,77.81,26.64,1.166609,0.780385,4.9901,0.1456
1243,-100,-110.0,50.0,1.5,1.0,-80.58,4.2666,-93,76.63,28.06,1.190294,0.885259,7.1116,0.1259
1244,-100,-110.0,50.0,1.5,2.5,-80.24,5.1244,-95,75.53,29.36,0.948285,0.625075,3.6185,0.1707
1245,-100,-110.0,50.0,1.5,4.0,-80.3,6.3412,-100,76.55,28.14,1.037925,0.706213,4.5922,0.1718
1246,-100,-110.0,50.0,1.5,5.5,-80.74,6.9842,-100,75.98,28.82,1.007986,0.654717,3.5218,0.1788
1247,-100,-110.0,50.0,1.5,7.0,-80.39,8.2241,-100,76.72,27.93,1.041799,0.674411,3.0424,0.1608
1248,-100,-110.0,50.0,1.5,8.5,-80.4,9.4259,-100,77.01,27.59,1.044302,0.651605,2.7516,0.1753
1249,-100,-110.0,50.0,1.5,10.0,-80.9,10.5629,-100,77.28,27.26,1.061957,0.661641,2.8131,0.179
1251,-100,-110.0,50.0,1.5,13.0,-79.88,12.8506,-100,77.28,27.27,1.102831,0.697483,3.6073,0.1632
1250,-100,-110.0,50.0,1.5,11.5,-79.8,11.8112,-100,77.14,27.43,1.103682,0.706109,3.6646,0.1552
1252,-100,-110.0,50.0,1.75,1.0,-78.09,5.6885,-92,76.27,28.48,1.022696,0.659107,3.4573,0.1838
1253,-100,-110.0,50.0,1.75,2.5,-77.56,5.2692,-94,76.76,27.89,1.028253,0.631636,2.0624,0.195
1254,-100,-110.0,50.0,1.75,4.0,-77.15,6.5691,-98,76.34,28.39,0.992184,0.648971,3.9441,0.1618
1255,-100,-110.0,50.0,1.75,5.5,-77.57,7.5521,-100,76.37,28.36,0.979417,0.611815,2.4235,0.1902
1256,-100,-110.0,50.0,1.75,7.0,-77.17,8.8469,-100,76.56,28.13,1.021816,0.688918,4.1004,0.1555
1257,-100,-110.0,50.0,1.75,8.5,-77.15,9.8743,-100,76.51,28.2,1.037336,0.660175,3.3492,0.1795
1259,-100,-110.0,50.0,1.75,11.5,-77.34,12.1126,-100,76.75,27.9,1.092143,0.828707,6.4173,0.1459
1258,-100,-110.0,50.0,1.75,10.0,-77.12,11.0958,-100,77.15,27.41,1.038934,0.678126,4.2486,0.1562
1260,-100,-110.0,50.0,1.75,13.0,-77.0,13.3963,-100,77.16,27.41,1.044679,0.661007,2.988,0.1487
1261,-100,-110.0,50.0,2.0,1.0,-74.33,5.9885,-86,76.53,28.15,1.048459,0.719939,4.5423,0.1475
1263,-100,-110.0,50.0,2.0,4.0,-74.62,7.407,-98,76.26,28.49,0.954347,0.6711,4.819,0.1681
1264,-100,-110.0,50.0,2.0,5.5,-74.81,8.7924,-100,76.31,28.43,1.024348,0.690731,4.5293,0.1679
1262,-100,-110.0,50.0,2.0,2.5,-74.13,5.9533,-90,76.38,28.36,1.043759,0.630473,2.6944,0.1889
1265,-100,-110.0,50.0,2.0,7.0,-73.8,8.7657,-100,76.51,28.2,1.009467,0.643107,3.3507,0.1917
1266,-100,-110.0,50.0,2.0,8.5,-74.45,10.4039,-100,76.52,28.18,1.077646,0.700817,4.0926,0.1893
1267,-100,-110.0,50.0,2.0,10.0,-74.45,11.6342,-100,77.37,27.15,1.070578,0.698129,4.1306,0.1615
1268,-100,-110.0,50.0,2.0,11.5,-74.16,12.55,-100,76.82,27.81,1.112405,0.768081,5.5379,0.1484
1269,-100,-110.0,50.0,2.0,13.0,-74.13,13.6792,-100,76.3,28.45,0.990545,0.67089,4.5898,0.1535
1270,-100,-110.0,50.0,2.25,1.0,-71.5,6.827,-87,76.22,28.55,0.982692,0.659229,4.1209,0.1793
1271,-100,-110.0,50.0,2.25,2.5,-71.76,7.4107,-89,76.35,28.39,1.067102,0.713791,4.8376,0.1502
1272,-100,-110.0,50.0,2.25,4.0,-71.03,7.9351,-94,76.28,28.46,1.017557,0.640393,2.8292,0.1848
1273,-100,-110.0,50.0,2.25,5.5,-71.72,8.8225,-100,76.63,28.04,1.03608,0.647153,2.7463,0.1776
1274,-100,-110.0,50.0,2.25,7.0,-70.97,9.7932,-100,75.95,28.87,0.993748,0.62871,3.3692,0.1856
1275,-100,-110.0,50.0,2.25,8.5,-71.54,10.8235,-100,76.34,28.39,1.01507,0.669014,4.2311,0.162
1276,-100,-110.0,50.0,2.25,10.0,-71.06,11.8944,-100,76.21,28.55,0.9882,0.641834,3.4602,0.1798
1277,-100,-110.0,50.0,2.25,11.5,-71.26,12.9218,-100,76.29,28.45,0.987118,0.617519,2.8917,0.1897
1278,-100,-110.0,50.0,2.25,13.0,-70.92,14.1608,-100,76.92,27.7,1.063092,0.698917,4.2196,0.1621
1279,-100,-110.0,50.0,2.5,1.0,-68.07,7.576,-82,75.66,29.21,0.95648,0.616832,3.0376,0.1866
1280,-100,-110.0,50.0,2.5,2.5,-67.82,7.4461,-86,76.2,28.55,0.98922,0.702019,5.1547,0.1317
1281,-100,-110.0,50.0,2.5,4.0,-68.21,8.8138,-100,76.33,28.4,1.008629,0.649523,3.997,0.1873
1282,-100,-110.0,50.0,2.5,5.5,-67.39,9.5098,-100,75.81,29.03,0.966556,0.604082,2.4788,0.201
1283,-100,-110.0,50.0,2.5,7.0,-68.11,10.0947,-100,76.58,28.11,1.00618,0.604008,1.5959,0.2056
1284,-100,-110.0,50.0,2.5,8.5,-68.13,11.2378,-100,76.55,28.15,1.021091,0.663556,4.0338,0.1709
1285,-100,-110.0,50.0,2.5,10.0,-67.53,12.471,-100,76.21,28.55,0.954656,0.603266,3.0826,0.1775
1286,-100,-110.0,50.0,2.5,11.5,-68.13,13.7348,-100,76.22,28.55,0.98891,0.625956,2.6267,0.2031
1287,-100,-110.0,50.0,2.5,13.0,-67.77,14.9543,-100,76.62,28.07,1.012991,0.627478,2.5052,0.1838
1289,-100,-110.0,50.0,2.75,2.5,-64.78,8.639,-85,75.91,28.91,0.985553,0.69069,4.8448,0.1598
1288,-100,-110.0,50.0,2.75,1.0,-65.12,8.5472,-81,77.04,27.55,1.08067,0.684207,3.1853,0.1672
1290,-100,-110.0,50.0,2.75,4.0,-65.29,9.0802,-89,75.93,28.88,0.992383,0.671804,4.2435,0.1639
1291,-100,-110.0,50.0,2.75,5.5,-65.01,9.9611,-97,77.07,27.52,1.036063,0.678172,3.5669,0.1736
1292,-100,-110.0,50.0,2.75,7.0,-65.08,10.8072,-100,75.77,29.07,0.987737,0.610908,2.6019,0.2038
1293,-100,-110.0,50.0,2.75,8.5,-65.23,11.8291,-100,77.02,27.58,1.022968,0.680718,4.2022,0.155
1294,-100,-110.0,50.0,2.75,10.0,-64.71,12.6268,-100,76.15,28.61,0.954101,0.610899,2.8881,0.1728
1295,-100,-110.0,50.0,2.75,11.5,-64.3,14.1161,-100,76.32,28.41,1.050392,0.721582,5.1701,0.1623
1296,-100,-110.0,50.0,2.75,13.0,-65.59,15.153,-100,76.51,28.2,0.980525,0.633537,3.4817,0.1868
1297,-100,-110.0,50.0,3.0,1.0,-62.34,8.9217,-78,76.43,28.28,1.007776,0.623112,2.4803,0.1841
1298,-100,-110.0,50.0,3.0,2.5,-61.68,8.7935,-85,76.33,28.4,1.000109,0.616405,2.8473,0.1925
1299,-100,-110.0,50.0,3.0,4.0,-61.8,9.9514,-89,76.5,28.2,1.000357,0.682856,4.5922,0.1557
1300,-100,-110.0,50.0,3.0,5.5,-61.93,10.4542,-93,75.96,28.85,0.945979,0.61945,3.0782,0.1587
1301,-100,-110.0,50.0,3.0,7.0,-61.76,11.4836,-100,76.31,28.43,0.987981,0.621716,2.565,0.1776
1302,-100,-110.0,50.0,3.0,8.5,-61.48,11.7381,-100,76.63,28.04,1.014325,0.646694,3.0572,0.1725
1304,-100,-110.0,50.0,3.0,11.5,-61.56,14.4344,-100,76.47,28.25,0.996894,0.711221,4.8977,0.1593
1303,-100,-110.0,50.0,3.0,10.0,-62.34,13.4322,-100,76.01,28.8,0.989695,0.630027,3.0646,0.1819
1306,-100,-110.0,50.0,3.25,1.0,-58.53,9.7235,-75,76.84,27.8,1.060341,0.716878,4.5932,0.1629
1305,-100,-110.0,50.0,3.0,13.0,-61.77,16.0161,-100,76.2,28.55,0.988647,0.654826,3.7667,0.1816
1307,-100,-110.0,50.0,3.25,2.5,-58.83,9.2661,-79,76.42,28.29,0.948489,0.623831,3.9625,0.158
1308,-100,-110.0,50.0,3.25,4.0,-58.84,9.8974,-84,76.11,28.66,0.949058,0.648807,4.0433,0.1662
1309,-100,-110.0,50.0,3.25,5.5,-59.08,11.2378,-94,76.48,28.23,0.99818,0.613886,2.3144,0.1819
1311,-100,-110.0,50.0,3.25,8.5,-58.71,12.5766,-100,76.03,28.75,0.952442,0.618078,3.2162,0.1854
1310,-100,-110.0,50.0,3.25,7.0,-59.21,11.5709,-97,76.56,28.13,1.020223,0.65543,3.7699,0.1638
1313,-100,-110.0,50.0,3.25,11.5,-58.32,15.0619,-100,76.42,28.3,0.983288,0.629277,3.0598,0.174
1312,-100,-110.0,50.0,3.25,10.0,-58.83,13.7882,-100,75.99,28.81,0.992936,0.618677,2.8697,0.1936
1314,-100,-110.0,50.0,3.25,13.0,-58.61,15.6445,-100,76.57,28.12,0.984786,0.669716,4.5747,0.1637
1316,-100,-110.0,50.0,3.5,2.5,-55.47,10.4879,-79,75.82,29.01,0.954273,0.60432,2.7527,0.206
1315,-100,-110.0,50.0,3.5,1.0,-55.54,9.4428,-71,75.92,28.89,1.0117,0.676284,4.6663,0.1764
1317,-100,-110.0,50.0,3.5,4.0,-56.06,11.4662,-82,76.61,28.07,1.017006,0.680919,4.1452,0.1766
1318,-100,-110.0,50.0,3.5,5.5,-55.58,11.6434,-88,76.18,28.58,0.962709,0.665467,4.719,0.1732
1319,-100,-110.0,50.0,3.5,7.0,-55.65,12.1717,-94,76.04,28.76,0.980573,0.650656,4.1245,0.165
1320,-100,-110.0,50.0,3.5,8.5,-55.64,13.0709,-100,76.6,28.09,0.998696,0.698631,4.8865,0.1378
1321,-100,-110.0,50.0,3.5,10.0,-55.41,14.2549,-100,76.41,28.3,0.978032,0.642443,3.7446,0.1769
1322,-100,-110.0,50.0,3.5,11.5,-56.36,15.2397,-100,76.11,28.67,1.008275,0.662509,3.7395,0.1838
1323,-100,-110.0,50.0,3.5,13.0,-55.37,16.1322,-100,76.41,28.3,1.039175,0.758747,5.8378,0.1359
1325,-100,-110.0,50.0,3.75,2.5,-52.39,10.6088,-75,76.02,28.78,0.968797,0.627727,3.1937,0.1934
1324,-100,-110.0,50.0,3.75,1.0,-52.87,10.8547,-71,75.79,29.05,0.938865,0.624802,3.7804,0.1813
1326,-100,-110.0,50.0,3.75,4.0,-52.82,11.4167,-81,75.97,28.83,0.990177,0.625477,3.561,0.1724
1327,-100,-110.0,50.0,3.75,5.5,-52.44,12.1556,-87,76.2,28.56,0.991549,0.653356,3.9118,0.1722
1328,-100,-110.0,50.0,3.75,7.0,-52.56,12.8223,-93,76.52,28.17,0.98781,0.6335,3.2681,0.1783
1329,-100,-110.0,50.0,3.75,8.5,-52.53,13.3663,-100,75.85,28.98,0.940106,0.641234,4.5125,0.1719
1330,-100,-110.0,50.0,3.75,10.0,-53.06,14.5429,-100,76.07,28.72,0.96204,0.595087,2.4605,0.198
1331,-100,-110.0,50.0,3.75,11.5,-52.04,15.6039,-100,76.37,28.36,1.009493,0.667267,4.0041,0.1702
1332,-100,-110.0,50.0,3.75,13.0,-52.28,16.7268,-100,76.08,28.71,0.985915,0.645502,3.7951,0.1746
1333,-100,-110.0,50.0,4.0,1.0,-49.57,11.2013,-66,77.1,27.49,1.021614,0.667629,3.5942,0.1747
1334,-100,-110.0,50.0,4.0,2.5,-49.66,11.4197,-72,76.12,28.67,0.993695,0.634361,2.9409,0.1922
1335,-100,-110.0,50.0,4.0,4.0,-49.82,11.777,-79,75.92,28.9,1.040081,0.734802,5.7487,0.1758
1337,-100,-110.0,50.0,4.0,7.0,-49.01,13.5941,-90,76.3,28.43,0.992468,0.649848,3.7273,0.1481
1336,-100,-110.0,50.0,4.0,5.5,-49.29,13.2351,-84,75.32,29.62,0.947644,0.626003,3.6589,0.1972
1338,-100,-110.0,50.0,4.0,8.5,-49.23,14.2298,-95,76.1,28.68,0.990062,0.623934,2.9461,0.1962
1339,-100,-110.0,50.0,4.0,10.0,-49.61,15.7195,-99,76.19,28.57,0.998145,0.692036,4.5577,0.1471
1340,-100,-110.0,50.0,4.0,11.5,-49.78,16.2433,-100,76.41,28.31,0.959079,0.610313,2.9156,0.1692
1341,-100,-110.0,50.0,4.0,13.0,-48.9,17.5901,-100,76.06,28.73,1.048373,0.773833,5.8753,0.1492
1342,-100,-110.0,50.0,4.25,1.0,-46.59,12.1198,-67,76.6,28.08,0.991683,0.62261,2.8889,0.1863
1343,-100,-110.0,50.0,4.25,2.5,-46.11,12.4478,-70,75.66,29.21,0.972994,0.716245,5.6738,0.1548
1344,-100,-110.0,50.0,4.25,4.0,-46.43,13.0046,-77,75.89,28.92,0.957047,0.619688,3.0236,0.1657
1345,-100,-110.0,50.0,4.25,5.5,-46.06,12.9911,-81,76.53,28.16,0.971399,0.606446,2.3104,0.1915
1346,-100,-110.0,50.0,4.25,7.0,-46.62,14.3859,-93,76.17,28.59,1.000291,0.660774,4.0795,0.1793
1347,-100,-110.0,50.0,4.25,8.5,-46.29,15.0605,-91,76.24,28.52,1.051819,0.723114,5.2677,0.1753
1348,-100,-110.0,50.0,4.25,10.0,-46.36,15.9773,-97,75.89,28.94,1.009765,0.658578,4.1696,0.1663
1349,-100,-110.0,50.0,4.25,11.5,-46.25,17.2254,-100,76.75,27.9,0.986752,0.678107,4.3716,0.1466
1350,-100,-110.0,50.0,4.25,13.0,-45.77,17.6621,-100,75.96,28.85,0.938035,0.598005,2.925,0.1943
1351,-100,-110.0,50.0,4.5,1.0,-43.47,13.2713,-63,76.06,28.73,0.99094,0.650126,4.2014,0.1731
1352,-100,-110.0,50.0,4.5,2.5,-42.85,12.691,-66,76.04,28.75,0.951063,0.598611,2.224,0.1835
1353,-100,-110.0,50.0,4.5,4.0,-42.97,14.0945,-72,75.96,28.85,0.942282,0.591551,2.4331,0.1933
1354,-100,-110.0,50.0,4.5,5.5,-43.3,13.8888,-82,76.24,28.52,0.940814,0.624948,4.1341,0.1669
1355,-100,-110.0,50.0,4.5,7.0,-42.91,14.7567,-84,75.89,28.94,0.958282,0.603144,2.8116,0.1964
1356,-100,-110.0,50.0,4.5,8.5,-43.24,14.9832,-90,76.24,28.52,0.996904,0.673145,4.9311,0.1506
1357,-100,-110.0,50.0,4.5,10.0,-43.08,16.2581,-100,75.85,28.98,0.951653,0.665097,4.6385,0.1612
1358,-100,-110.0,50.0,4.5,11.5,-43.34,16.9296,-100,75.8,29.03,0.941351,0.58835,2.2767,0.1793
1359,-100,-110.0,50.0,4.5,13.0,-42.39,17.9476,-100,75.47,29.43,0.922955,0.707128,6.3184,0.134
1360,-100,-110.0,50.0,4.75,1.0,-40.22,13.4262,-60,76.25,28.51,1.005709,0.69429,4.593,0.1563
1361,-100,-110.0,50.0,4.75,2.5,-39.83,13.6584,-65,75.89,28.94,0.96877,0.662667,4.3592,0.165
1362,-100,-110.0,50.0,4.75,4.0,-40.23,13.6134,-73,76.04,28.76,0.982844,0.624178,2.7251,0.1775
1363,-100,-110.0,50.0,4.75,5.5,-39.93,15.3812,-79,76.31,28.43,0.974303,0.600618,2.7612,0.2038
1365,-100,-110.0,50.0,4.75,8.5,-39.83,16.2197,-84,75.66,29.2,0.929155,0.607558,3.0137,0.189
1364,-100,-110.0,50.0,4.75,7.0,-40.11,15.5127,-80,75.99,28.8,0.953896,0.595962,2.6508,0.1949
1366,-100,-110.0,50.0,4.75,10.0,-40.26,16.4598,-91,76.84,27.78,1.015951,0.6793,4.4583,0.1808
1367,-100,-110.0,50.0,4.75,11.5,-39.87,17.9357,-96,75.55,29.35,0.93063,0.567553,1.7536,0.2181
1368,-100,-110.0,50.0,4.75,13.0,-39.71,18.1432,-100,75.9,28.91,0.981978,0.639234,3.8203,0.177
1369,-100,-110.0,50.0,5.0,1.0,-36.61,15.1856,-58,75.67,29.19,0.964914,0.653738,4.5959,0.1627
1370,-100,-110.0,50.0,5.0,2.5,-36.82,13.5549,-64,75.72,29.13,0.972587,0.751045,6.1531,0.1447
1371,-100,-110.0,50.0,5.0,4.0,-36.68,14.2815,-70,76.2,28.55,1.014119,0.70047,5.0933,0.1682
1372,-100,-110.0,50.0,5.0,5.5,-36.99,15.635,-75,76.9,27.71,0.960665,0.645041,3.6815,0.1543
1373,-100,-110.0,50.0,5.0,7.0,-36.93,16.1505,-79,75.99,28.81,0.943879,0.615003,3.482,0.1639
1374,-100,-110.0,50.0,5.0,8.5,-37.15,16.3365,-82,75.62,29.25,0.948234,0.6494,4.6638,0.1426
1375,-100,-110.0,50.0,5.0,10.0,-37.35,17.6075,-93,76.2,28.56,0.972023,0.645091,3.8244,0.1618
1376,-100,-110.0,50.0,5.0,11.5,-36.88,17.7695,-100,76.02,28.78,0.960787,0.608784,3.4067,0.1701
1377,-100,-110.0,50.0,5.0,13.0,-36.77,19.2829,-100,75.51,29.4,0.9544,0.612442,3.6098,0.1812
1378,-100,-105.0,30.0,1.0,1.0,-88.85,3.9072,-98,77.47,27.03,1.180118,0.735024,4.3565,0.1538
1379,-100,-105.0,30.0,1.0,2.5,-89.1,4.2426,-100,77.69,26.77,1.215774,0.799872,4.446,0.1584
1380,-100,-105.0,30.0,1.0,4.0,-89.0,4.9063,-100,77.53,26.97,1.142793,0.731588,3.6912,0.1514
1381,-100,-105.0,30.0,1.0,5.5,-88.91,6.2749,-100,77.55,26.94,1.152592,0.701943,2.7863,0.172
1382,-100,-105.0,30.0,1.0,7.0,-88.86,7.3056,-100,77.37,27.16,1.125827,0.748442,4.3754,0.1372
1383,-100,-105.0,30.0,1.0,8.5,-88.34,8.2286,-100,78.56,25.73,1.278608,0.770035,3.6982,0.1467
1386,-100,-105.0,30.0,1.0,13.0,-86.82,11.2208,-100,76.71,27.95,1.200676,0.783901,5.4312,0.1566
1384,-100,-105.0,30.0,1.0,10.0,-88.15,9.2949,-100,77.29,27.25,1.242996,0.769801,4.4277,0.1638
1385,-100,-105.0,30.0,1.0,11.5,-87.59,10.1231,-100,79.03,25.16,1.339292,0.74906,2.8379,0.1653
1387,-100,-105.0,30.0,1.25,1.0,-86.78,4.1007,-96,77.1,27.47,1.066887,0.712963,4.436,0.1656
1389,-100,-105.0,30.0,1.25,4.0,-86.35,5.4165,-100,76.85,27.78,1.103977,0.700183,3.8584,0.1704
1388,-100,-105.0,30.0,1.25,2.5,-86.84,4.3153,-100,76.11,28.67,1.038939,0.676407,3.8324,0.1631
1390,-100,-105.0,30.0,1.25,5.5,-86.49,6.8411,-100,75.78,29.07,1.033765,0.718966,4.8383,0.1459
1391,-100,-105.0,30.0,1.25,7.0,-86.41,7.7993,-100,77.3,27.24,1.151169,0.679252,1.9835,0.1862
1392,-100,-105.0,30.0,1.25,8.5,-86.04,8.6854,-100,77.18,27.39,1.176228,0.781204,5.1421,0.1457
1393,-100,-105.0,30.0,1.25,10.0,-86.05,9.5943,-100,77.3,27.23,1.170608,0.714154,3.5426,0.1691
1394,-100,-105.0,30.0,1.25,11.5,-85.04,10.8269,-100,77.88,26.56,1.240503,0.755993,3.5805,0.1628
1397,-100,-105.0,30.0,1.5,2.5,-83.62,5.4743,-100,76.93,27.68,1.024976,0.666345,3.7227,0.1702
1395,-100,-105.0,30.0,1.25,13.0,-84.85,11.6792,-100,78.57,25.71,1.373733,0.844123,5.0729,0.1582
1398,-100,-105.0,30.0,1.5,4.0,-83.96,5.7687,-100,75.97,28.83,1.042918,0.713251,4.6872,0.1684
1396,-100,-105.0,30.0,1.5,1.0,-84.04,4.7833,-95,76.79,27.85,1.055531,0.691327,3.6825,0.1428
1399,-100,-105.0,30.0,1.5,5.5,-83.74,7.2888,-100,76.69,27.98,1.046234,0.681755,3.7065,0.1685
1400,-100,-105.0,30.0,1.5,7.0,-83.86,8.0355,-100,76.28,28.46,1.019095,0.66679,3.4596,0.186
1401,-100,-105.0,30.0,1.5,8.5,-83.59,9.289,-100,76.26,28.48,1.078142,0.686942,4.247,0.179
1402,-100,-105.0,30.0,1.5,10.0,-83.09,10.3735,-100,76.87,27.76,1.147145,0.74337,4.7713,0.1748
1403,-100,-105.0,30.0,1.5,11.5,-83.44,11.2041,-100,77.04,27.56,1.16491,0.730655,4.3106,0.1691
1404,-100,-105.0,30.0,1.5,13.0,-83.02,12.2509,-100,77.89,26.54,1.215189,0.743297,3.4862,0.1554
1405,-100,-105.0,30.0,1.75,1.0,-81.16,4.9095,-91,76.07,28.71,1.012819,0.734497,5.6225,0.1634
1406,-100,-105.0,30.0,1.75,2.5,-81.02,5.8277,-97,76.82,27.82,1.045969,0.654493,2.9364,0.1955
1407,-100,-105.0,30.0,1.75,4.0,-81.19,6.6968,-100,76.63,28.05,1.020828,0.651281,3.2606,0.1906
1408,-100,-105.0,30.0,1.75,5.5,-81.63,7.6777,-100,76.56,28.12,1.01017,0.645447,3.3154,0.1649
1410,-100,-105.0,30.0,1.75,8.5,-80.99,9.6575,-100,77.04,27.56,1.027351,0.653015,3.0435,0.1791
1409,-100,-105.0,30.0,1.75,7.0,-81.6,8.611,-100,76.3,28.44,1.032145,0.666747,4.1134,0.1662
1411,-100,-105.0,30.0,1.75,10.0,-80.92,10.8096,-100,77.03,27.56,1.112649,0.706798,3.7874,0.1686
1412,-100,-105.0,30.0,1.75,11.5,-81.17,11.8177,-100,76.6,28.08,1.097309,0.682751,2.8134,0.1891
1414,-100,-105.0,30.0,2.0,1.0,-78.83,6.4147,-92,76.44,28.27,1.085634,0.763228,5.2776,0.1589
1413,-100,-105.0,30.0,1.75,13.0,-80.34,13.1245,-100,77.3,27.24,1.151082,0.75107,4.3801,0.1653
1415,-100,-105.0,30.0,2.0,2.5,-78.94,6.6172,-98,76.73,27.94,1.029299,0.694774,4.6443,0.1769
1416,-100,-105.0,30.0,2.0,4.0,-78.87,6.9937,-99,77.08,27.51,1.045599,0.673009,3.5656,0.1666
1417,-100,-105.0,30.0,2.0,5.5,-78.97,8.4613,-100,76.72,27.93,1.010509,0.650495,3.3743,0.1872
1420,-100,-105.0,30.0,2.0,10.0,-77.85,11.1083,-100,76.39,28.34,1.012635,0.630733,2.4718,0.2011
1418,-100,-105.0,30.0,2.0,7.0,-78.99,9.5228,-100,76.8,27.84,1.028951,0.646019,2.5474,0.1853
1419,-100,-105.0,30.0,2.0,8.5,-78.55,10.1409,-100,76.79,27.86,1.075538,0.67217,3.3977,0.1785
1421,-100,-105.0,30.0,2.0,11.5,-78.05,12.5549,-100,77.45,27.06,1.102062,0.700474,3.4943,0.1789
1422,-100,-105.0,30.0,2.0,13.0,-78.46,13.4576,-100,77.3,27.24,1.117325,0.703097,3.0797,0.1685
1423,-100,-105.0,30.0,2.25,1.0,-76.34,6.9528,-90,76.34,28.39,0.995646,0.651853,3.31,0.1725
1425,-100,-105.0,30.0,2.25,4.0,-76.32,7.8372,-100,75.98,28.83,1.059512,0.787,6.3414,0.1563
1424,-100,-105.0,30.0,2.25,2.5,-76.53,7.2723,-95,77.1,27.48,1.049541,0.668909,3.2428,0.1514
1426,-100,-105.0,30.0,2.25,5.5,-75.93,8.3775,-100,76.54,28.16,1.070388,0.743253,4.9532,0.1598
1427,-100,-105.0,30.0,2.25,7.0,-75.69,9.459,-100,75.87,28.95,0.976348,0.618669,2.6675,0.1856
1428,-100,-105.0,30.0,2.25,8.5,-76.01,10.8726,-100,76.71,27.95,1.038644,0.655106,3.1183,0.1857
1429,-100,-105.0,30.0,2.25,10.0,-76.36,11.8489,-100,76.34,28.39,1.003708,0.643929,3.5403,0.1673
1430,-100,-105.0,30.0,2.25,11.5,-76.02,12.9447,-100,77.02,27.57,1.063862,0.678462,3.4457,0.1666
1431,-100,-105.0,30.0,2.25,13.0,-75.71,13.8803,-100,76.97,27.62,1.072089,0.665389,2.7226,0.1771
1433,-100,-105.0,30.0,2.5,2.5,-73.64,8.1533,-93,77.0,27.61,1.098897,0.822571,6.3415,0.1431
1432,-100,-105.0,30.0,2.5,1.0,-74.06,7.6258,-89,76.68,27.99,1.02664,0.652302,3.2382,0.1831
1434,-100,-105.0,30.0,2.5,4.0,-73.93,8.5357,-100,76.73,27.92,1.02126,0.74098,5.4975,0.1593
1435,-100,-105.0,30.0,2.5,5.5,-73.81,9.0709,-100,76.78,27.85,1.040189,0.700727,3.817,0.1515
1437,-100,-105.0,30.0,2.5,8.5,-73.62,10.9099,-100,76.52,28.18,0.9848,0.636322,3.3798,0.1852
1436,-100,-105.0,30.0,2.5,7.0,-73.99,9.8314,-100,77.07,27.52,1.044452,0.696105,4.1528,0.1488
1438,-100,-105.0,30.0,2.5,10.0,-73.61,12.3464,-100,76.06,28.73,1.025938,0.655443,3.1863,0.1863
1439,-100,-105.0,30.0,2.5,11.5,-73.25,13.5758,-100,76.89,27.74,1.072625,0.742179,5.2084,0.1271
1440,-100,-105.0,30.0,2.5,13.0,-72.94,14.5914,-100,76.47,28.23,1.032554,0.66291,3.5034,0.168
1441,-100,-105.0,30.0,2.75,1.0,-70.99,7.7971,-85,76.25,28.5,0.976357,0.611549,2.3014,0.2122
1443,-100,-105.0,30.0,2.75,4.0,-70.95,8.8386,-96,76.36,28.37,0.980323,0.636509,3.3401,0.1921
1442,-100,-105.0,30.0,2.75,2.5,-72.06,8.5397,-93,76.72,27.94,1.056313,0.642222,2.9187,0.1777
1444,-100,-105.0,30.0,2.75,5.5,-71.16,9.8861,-100,76.69,27.97,0.997803,0.620728,2.9005,0.1828
1445,-100,-105.0,30.0,2.75,7.0,-71.21,10.8678,-100,76.37,28.36,1.002845,0.621323,2.4443,0.1942
1446,-100,-105.0,30.0,2.75,8.5,-70.82,11.815,-100,77.08,27.51,1.024488,0.643538,2.7667,0.196
1447,-100,-105.0,30.0,2.75,10.0,-71.27,13.0587,-100,76.59,28.1,1.018918,0.652687,3.3721,0.1799
1448,-100,-105.0,30.0,2.75,11.5,-70.89,13.8108,-100,76.32,28.41,1.004286,0.704597,5.2745,0.156
1449,-100,-105.0,30.0,2.75,13.0,-71.19,14.7226,-100,76.59,28.09,1.016339,0.643954,3.3688,0.1802
1450,-100,-105.0,30.0,3.0,1.0,-68.7,8.5704,-85,76.81,27.83,1.032997,0.63651,2.4891,0.1927
1451,-100,-105.0,30.0,3.0,2.5,-68.3,8.9591,-87,75.54,29.36,0.976904,0.608093,2.523,0.1999
1452,-100,-105.0,30.0,3.0,4.0,-67.87,9.6107,-92,76.4,28.33,0.989465,0.653734,3.6286,0.1672
1453,-100,-105.0,30.0,3.0,5.5,-68.51,10.6568,-100,76.88,27.75,1.002008,0.643513,3.3673,0.176
1454,-100,-105.0,30.0,3.0,7.0,-68.24,10.9927,-100,76.74,27.91,1.012742,0.615423,2.3264,0.1907
1455,-100,-105.0,30.0,3.0,8.5,-68.2,12.0745,-100,76.19,28.57,0.994511,0.623361,2.8373,0.1857
1456,-100,-105.0,30.0,3.0,10.0,-68.16,13.2112,-100,76.06,28.72,1.001112,0.656766,4.0005,0.1742
1457,-100,-105.0,30.0,3.0,11.5,-69.01,14.3769,-100,76.65,28.02,1.022741,0.68131,4.2099,0.1663
1458,-100,-105.0,30.0,3.0,13.0,-67.91,15.6192,-100,76.3,28.44,0.97541,0.67957,5.1569,0.145
1459,-100,-105.0,30.0,3.25,1.0,-66.26,9.6659,-82,76.48,28.23,1.053816,0.718217,4.7301,0.1476
1461,-100,-105.0,30.0,3.25,4.0,-66.19,10.5163,-97,76.36,28.37,0.987965,0.621509,2.3063,0.1969
1460,-100,-105.0,30.0,3.25,2.5,-65.8,9.3755,-85,76.12,28.66,0.969999,0.630769,3.2464,0.1803
1462,-100,-105.0,30.0,3.25,5.5,-65.86,10.2687,-99,76.56,28.13,1.031901,0.703961,4.9704,0.1661
1463,-100,-105.0,30.0,3.25,7.0,-66.18,11.9298,-100,76.38,28.34,0.991884,0.669846,4.2452,0.1403
1464,-100,-105.0,30.0,3.25,8.5,-65.94,12.6973,-100,76.29,28.45,0.999984,0.66209,4.4676,0.1771
1465,-100,-105.0,30.0,3.25,10.0,-65.6,13.8379,-100,75.91,28.91,0.951489,0.641068,3.8961,0.1652
1466,-100,-105.0,30.0,3.25,11.5,-65.88,14.688,-100,76.45,28.26,0.964527,0.597818,2.2058,0.186
1467,-100,-105.0,30.0,3.25,13.0,-65.59,15.9327,-100,75.76,29.08,0.997403,0.637201,3.4643,0.1886
1469,-100,-105.0,30.0,3.5,2.5,-63.47,10.5556,-83,75.02,29.97,0.942873,0.60541,2.7829,0.1862
1468,-100,-105.0,30.0,3.5,1.0,-63.56,10.3033,-81,75.79,29.05,1.086856,0.797288,6.6705,0.1432
1470,-100,-105.0,30.0,3.5,4.0,-63.31,10.7058,-92,76.06,28.73,0.999658,0.634852,2.9943,0.1978
1471,-100,-105.0,30.0,3.5,5.5,-63.23,12.0986,-93,76.62,28.06,0.983576,0.61505,2.8004,0.1849
1473,-100,-105.0,30.0,3.5,8.5,-63.63,13.1872,-100,76.12,28.65,1.11877,0.847854,7.0827,0.1287
1472,-100,-105.0,30.0,3.5,7.0,-62.94,12.5871,-100,76.88,27.74,1.047224,0.734222,5.3641,0.1312
1474,-100,-105.0,30.0,3.5,10.0,-63.52,14.4648,-100,75.44,29.48,1.009558,0.64079,3.0992,0.1955
1475,-100,-105.0,30.0,3.5,11.5,-63.44,15.6026,-100,76.22,28.55,0.992828,0.631568,3.064,0.1794
1476,-100,-105.0,30.0,3.5,13.0,-63.26,16.5079,-100,75.45,29.45,0.953328,0.630773,3.6355,0.1941
1477,-100,-105.0,30.0,3.75,1.0,-60.52,11.6012,-79,76.21,28.55,1.120349,0.815381,6.7056,0.1593
1478,-100,-105.0,30.0,3.75,2.5,-60.7,11.4586,-83,76.25,28.51,0.966186,0.634489,3.7772,0.1534
1481,-100,-105.0,30.0,3.75,7.0,-60.37,12.9396,-100,75.85,28.98,0.931422,0.592598,3.0115,0.1836
1479,-100,-105.0,30.0,3.75,4.0,-60.8,11.8608,-87,76.31,28.44,0.978384,0.603268,2.3881,0.2045
1480,-100,-105.0,30.0,3.75,5.5,-60.39,12.6679,-94,76.68,27.99,1.031748,0.715876,5.2311,0.1613
1482,-100,-105.0,30.0,3.75,8.5,-60.71,13.6646,-100,76.11,28.67,0.955201,0.663231,4.6274,0.1526
1483,-100,-105.0,30.0,3.75,10.0,-60.7,14.6917,-100,75.81,29.04,0.977615,0.667617,4.1307,0.1729
1484,-100,-105.0,30.0,3.75,11.5,-60.68,16.0044,-100,75.82,29.02,0.963808,0.621236,2.7812,0.1922
1485,-100,-105.0,30.0,3.75,13.0,-60.52,16.7132,-100,76.34,28.4,1.026598,0.699989,4.7867,0.1524
1486,-100,-105.0,30.0,4.0,1.0,-58.02,11.6098,-76,76.42,28.31,1.012943,0.709809,4.9526,0.1547
1488,-100,-105.0,30.0,4.0,4.0,-58.38,11.8464,-88,76.17,28.6,0.981966,0.622039,2.5515,0.1903
1487,-100,-105.0,30.0,4.0,2.5,-58.49,11.171,-82,76.24,28.51,0.980919,0.623535,3.1416,0.1758
1489,-100,-105.0,30.0,4.0,5.5,-58.41,13.1837,-91,75.52,29.37,0.992728,0.728907,5.5942,0.1542
1491,-100,-105.0,30.0,4.0,8.5,-58.58,14.4926,-100,75.58,29.31,0.940545,0.603221,2.6403,0.1945
1492,-100,-105.0,30.0,4.0,10.0,-58.41,15.05,-100,76.11,28.66,0.988162,0.655496,3.7504,0.1783
1490,-100,-105.0,30.0,4.0,7.0,-58.22,13.4201,-96,76.71,27.94,1.015999,0.636728,3.037,0.1622
1493,-100,-105.0,30.0,4.0,11.5,-57.7,15.9838,-100,75.95,28.85,0.948704,0.60705,2.8369,0.1882
1494,-100,-105.0,30.0,4.0,13.0,-57.96,17.1897,-100,76.38,28.34,1.001567,0.628924,2.7817,0.1822
1495,-100,-105.0,30.0,4.25,1.0,-55.98,12.5864,-79,75.98,28.83,0.965647,0.610511,2.8809,0.1896
1496,-100,-105.0,30.0,4.25,2.5,-55.76,12.8254,-80,76.34,28.39,1.005168,0.628305,2.9249,0.1756
1497,-100,-105.0,30.0,4.25,4.0,-55.67,12.5409,-88,76.06,28.73,0.93079,0.613139,3.1368,0.1687
1498,-100,-105.0,30.0,4.25,5.5,-55.59,13.7184,-87,76.65,28.01,0.995136,0.642794,3.0949,0.1581
1499,-100,-105.0,30.0,4.25,7.0,-55.14,14.3946,-93,75.98,28.82,1.019781,0.763727,6.1878,0.1357
1500,-100,-105.0,30.0,4.25,8.5,-55.74,14.9677,-100,76.4,28.32,0.995498,0.624776,2.8214,0.1912
1501,-100,-105.0,30.0,4.25,10.0,-55.62,15.489,-100,76.58,28.11,0.972713,0.646445,4.4299,0.1599
1502,-100,-105.0,30.0,4.25,11.5,-55.39,16.2521,-100,75.9,28.91,0.97747,0.68225,5.1437,0.157
1503,-100,-105.0,30.0,4.25,13.0,-55.55,17.7021,-100,75.81,29.03,0.944459,0.620348,4.0765,0.1677
1504,-100,-105.0,30.0,4.5,1.0,-53.38,12.4754,-72,76.59,28.09,1.083811,0.736603,5.1541,0.1593
1505,-100,-105.0,30.0,4.5,2.5,-53.06,12.8723,-79,76.37,28.35,0.982361,0.628692,3.3307,0.1669
1506,-100,-105.0,30.0,4.5,4.0,-53.27,13.7799,-86,75.95,28.87,1.011993,0.752582,6.3002,0.1373
1507,-100,-105.0,30.0,4.5,5.5,-53.41,13.7966,-96,76.31,28.42,0.967079,0.615522,3.4028,0.1851
1508,-100,-105.0,30.0,4.5,7.0,-53.13,14.4566,-96,76.2,28.56,0.956236,0.619845,3.1122,0.1757
1509,-100,-105.0,30.0,4.5,8.5,-53.58,15.606,-100,76.54,28.16,0.950055,0.629253,3.4316,0.1729
1510,-100,-105.0,30.0,4.5,10.0,-53.57,16.4762,-100,76.42,28.29,0.985093,0.64413,3.615,0.1743
1511,-100,-105.0,30.0,4.5,11.5,-53.43,16.8606,-100,76.58,28.11,0.978896,0.681107,4.8114,0.1604
1512,-100,-105.0,30.0,4.5,13.0,-52.74,18.1382,-100,76.46,28.25,0.963633,0.605247,2.6293,0.1872
1513,-100,-105.0,30.0,4.75,1.0,-50.17,13.1808,-70,76.18,28.58,1.012268,0.658867,3.6851,0.1792
1514,-100,-105.0,30.0,4.75,2.5,-50.43,13.7955,-77,76.12,28.66,0.996939,0.656698,3.9287,0.1752
1515,-100,-105.0,30.0,4.75,4.0,-50.49,14.0825,-83,76.5,28.19,1.017894,0.622296,1.8707,0.2048
1517,-100,-105.0,30.0,4.75,7.0,-50.03,15.129,-92,75.97,28.83,0.952996,0.631005,3.3969,0.1956
1516,-100,-105.0,30.0,4.75,5.5,-50.37,14.905,-87,76.57,28.12,1.011298,0.633581,3.1914,0.1707
1518,-100,-105.0,30.0,4.75,8.5,-50.17,16.7236,-98,75.72,29.14,1.024187,0.68936,4.9455,0.1764
1520,-100,-105.0,30.0,4.75,11.5,-50.49,18.6829,-100,76.6,28.08,1.013175,0.687666,4.3882,0.1455
1519,-100,-105.0,30.0,4.75,10.0,-50.19,17.3288,-100,75.67,29.19,0.931834,0.579441,1.9212,0.2154
1521,-100,-105.0,30.0,4.75,13.0,-50.64,18.8418,-100,76.07,28.72,1.012867,0.672415,4.5351,0.1703
1522,-100,-105.0,30.0,5.0,1.0,-47.52,14.282,-69,76.35,28.37,0.970881,0.606731,2.134,0.2058
1523,-100,-105.0,30.0,5.0,2.5,-48.67,14.5769,-75,75.88,28.94,0.950624,0.656559,4.5461,0.1593
1524,-100,-105.0,30.0,5.0,4.0,-47.61,15.4855,-81,75.97,28.84,0.958387,0.618322,3.1265,0.1855
1525,-100,-105.0,30.0,5.0,5.5,-47.68,15.1527,-85,75.92,28.91,0.970038,0.61274,3.3957,0.1904
1526,-100,-105.0,30.0,5.0,7.0,-47.51,16.3977,-87,76.57,28.12,1.024346,0.647371,3.3071,0.1827
1527,-100,-105.0,30.0,5.0,8.5,-48.3,16.6879,-98,76.29,28.46,0.96542,0.60348,2.4601,0.2002
1529,-100,-105.0,30.0,5.0,11.5,-47.83,19.03,-100,76.38,28.34,1.005928,0.651153,3.6074,0.1811
1528,-100,-105.0,30.0,5.0,10.0,-48.0,17.3216,-100,76.19,28.57,0.966323,0.591057,2.0069,0.2052
1532,-100,-105.0,40.0,1.0,2.5,-88.0,4.1632,-100,76.56,28.12,1.067216,0.670099,3.3713,0.1583
1530,-100,-105.0,30.0,5.0,13.0,-47.88,19.1673,-100,76.13,28.65,0.967046,0.642013,4.2001,0.1586
1531,-100,-105.0,40.0,1.0,1.0,-87.26,3.3711,-96,77.64,26.84,1.164173,0.732746,3.6247,0.1706
1533,-100,-105.0,40.0,1.0,4.0,-88.03,5.5187,-100,77.47,27.03,1.11246,0.67135,2.6684,0.1798
1534,-100,-105.0,40.0,1.0,5.5,-88.13,6.3238,-100,77.38,27.15,1.071615,0.67681,3.182,0.1782
1535,-100,-105.0,40.0,1.0,7.0,-87.63,7.3123,-100,77.12,27.45,1.151509,0.767685,4.8279,0.1501
1536,-100,-105.0,40.0,1.0,8.5,-86.92,8.493,-100,77.36,27.17,1.161348,0.691716,2.944,0.1796
1537,-100,-105.0,40.0,1.0,10.0,-87.11,9.3374,-100,78.69,25.58,1.279679,0.742788,3.0591,0.1602
1538,-100,-105.0,40.0,1.0,11.5,-86.53,10.3371,-100,78.04,26.35,1.286313,0.785669,4.4866,0.1611
1539,-100,-105.0,40.0,1.0,13.0,-85.82,11.4804,-100,76.53,28.16,1.221479,0.738291,4.1052,0.1722
1540,-100,-105.0,40.0,1.25,1.0,-85.05,3.6825,-96,76.97,27.63,1.081976,0.738331,4.8766,0.1537
1541,-100,-105.0,40.0,1.25,2.5,-85.03,4.4492,-100,76.96,27.64,1.071873,0.663894,3.1986,0.1866
1544,-100,-105.0,40.0,1.25,7.0,-84.78,7.601,-100,77.08,27.49,1.065701,0.672704,3.1102,0.1816
1543,-100,-105.0,40.0,1.25,5.5,-84.84,6.9072,-100,77.19,27.36,1.086232,0.680524,3.2086,0.1584
1542,-100,-105.0,40.0,1.25,4.0,-84.61,5.1833,-100,76.93,27.69,1.04501,0.698353,4.3264,0.1647
1545,-100,-105.0,40.0,1.25,8.5,-84.48,8.9844,-100,76.34,28.39,1.058576,0.702711,4.2177,0.1453
1546,-100,-105.0,40.0,1.25,10.0,-84.61,10.1193,-100,76.63,28.05,1.154194,0.736755,4.3817,0.157
1548,-100,-105.0,40.0,1.25,13.0,-83.9,12.1113,-100,76.5,28.2,1.151205,0.713686,3.7078,0.1683
1547,-100,-105.0,40.0,1.25,11.5,-84.24,11.0959,-100,77.81,26.63,1.161722,0.744944,4.1515,0.1634
1549,-100,-105.0,40.0,1.5,1.0,-81.95,4.625,-92,76.71,27.94,1.073535,0.735849,5.0145,0.1654
1550,-100,-105.0,40.0,1.5,2.5,-82.71,5.3574,-99,76.33,28.4,1.012345,0.681392,4.5998,0.1563
1551,-100,-105.0,40.0,1.5,4.0,-82.33,6.1171,-100,76.5,28.21,1.071711,0.82799,6.5631,0.1421
1552,-100,-105.0,40.0,1.5,5.5,-82.06,7.1513,-100,76.09,28.69,1.022259,0.710265,4.8393,0.1779
1553,-100,-105.0,40.0,1.5,7.0,-82.42,8.4623,-100,77.03,27.57,1.061311,0.694188,4.0972,0.1483
1554,-100,-105.0,40.0,1.5,8.5,-82.03,9.5909,-100,77.09,27.49,1.077411,0.770566,4.7163,0.1164
1556,-100,-105.0,40.0,1.5,11.5,-81.34,11.7229,-100,77.08,27.5,1.10825,0.683851,2.7536,0.1845
1555,-100,-105.0,40.0,1.5,10.0,-81.74,10.5318,-100,77.36,27.16,1.12273,0.687448,3.404,0.1626
1557,-100,-105.0,40.0,1.5,13.0,-81.11,12.7862,-100,78.3,26.04,1.242193,0.806055,4.9029,0.1371
1558,-100,-105.0,40.0,1.75,1.0,-79.7,5.3077,-91,76.99,27.62,1.065027,0.677254,3.3632,0.1663
1559,-100,-105.0,40.0,1.75,2.5,-79.68,5.7847,-95,76.22,28.54,1.052346,0.690672,3.8175,0.1789
1560,-100,-105.0,40.0,1.75,4.0,-79.39,6.4009,-99,76.67,28.0,1.004511,0.664573,4.0288,0.1689
1561,-100,-105.0,40.0,1.75,5.5,-79.01,8.1722,-100,76.3,28.44,1.008135,0.658919,3.6759,0.1676
1562,-100,-105.0,40.0,1.75,7.0,-79.53,8.5769,-100,76.23,28.53,0.996992,0.627245,2.9205,0.1939
1563,-100,-105.0,40.0,1.75,8.5,-78.76,10.1034,-100,77.17,27.39,1.112813,0.66869,2.6485,0.1829
1564,-100,-105.0,40.0,1.75,10.0,-79.32,10.7455,-100,76.49,28.22,1.045467,0.665248,2.9744,0.1841
1565,-100,-105.0,40.0,1.75,11.5,-78.69,12.1987,-100,76.78,27.86,1.09617,0.70353,3.76,0.1755
1566,-100,-105.0,40.0,1.75,13.0,-78.41,13.2326,-100,77.23,27.33,1.145181,0.705538,3.1002,0.1724
1567,-100,-105.0,40.0,2.0,1.0,-76.71,5.9935,-90,76.51,28.2,1.029422,0.720978,5.4873,0.1754
1569,-100,-105.0,40.0,2.0,4.0,-76.45,7.0733,-98,76.02,28.77,0.98754,0.642667,3.7558,0.1744
1568,-100,-105.0,40.0,2.0,2.5,-76.92,5.8871,-91,76.1,28.67,0.99275,0.601842,1.8988,0.2121
1570,-100,-105.0,40.0,2.0,5.5,-76.26,8.1405,-100,76.34,28.39,1.015589,0.649586,3.4639,0.1853
1571,-100,-105.0,40.0,2.0,7.0,-76.58,9.0249,-100,76.59,28.09,1.013919,0.629779,2.0888,0.1933
1572,-100,-105.0,40.0,2.0,8.5,-76.65,10.0509,-100,76.82,27.8,1.092423,0.690732,3.7079,0.19
1573,-100,-105.0,40.0,2.0,10.0,-76.05,11.3838,-100,76.36,28.37,1.041549,0.671348,3.4605,0.1885
1574,-100,-105.0,40.0,2.0,11.5,-76.05,12.5609,-100,76.5,28.2,1.040747,0.646271,3.2367,0.1874
1575,-100,-105.0,40.0,2.0,13.0,-75.67,13.8365,-100,76.41,28.32,1.027448,0.648217,3.0591,0.1914
1576,-100,-105.0,40.0,2.25,1.0,-73.14,6.7171,-85,76.21,28.56,1.028544,0.738032,5.3851,0.1398
1577,-100,-105.0,40.0,2.25,2.5,-73.59,7.1182,-92,76.51,28.19,0.988134,0.629349,3.1295,0.1515
1579,-100,-105.0,40.0,2.25,5.5,-73.7,8.8062,-100,76.63,28.05,1.01924,0.820454,7.1951,0.1381
1578,-100,-105.0,40.0,2.25,4.0,-73.33,7.6738,-96,76.47,28.24,1.012008,0.692879,4.8788,0.1668
1581,-100,-105.0,40.0,2.25,8.5,-73.03,10.7139,-100,77.04,27.55,1.073763,0.738614,4.8249,0.1588
1580,-100,-105.0,40.0,2.25,7.0,-73.6,9.6881,-100,76.08,28.7,0.983833,0.621061,3.0363,0.1986
1582,-100,-105.0,40.0,2.25,10.0,-73.47,11.9781,-100,76.39,28.33,1.006408,0.632092,2.7968,0.1793
1583,-100,-105.0,40.0,2.25,11.5,-73.3,13.1202,-100,76.86,27.77,1.058823,0.68525,3.4649,0.1779
1584,-100,-105.0,40.0,2.25,13.0,-73.25,14.2397,-100,76.05,28.74,1.049143,0.721521,4.8469,0.147
1585,-100,-105.0,40.0,2.5,1.0,-70.63,7.4928,-84,76.42,28.3,1.006638,0.670462,3.9824,0.1713
1586,-100,-105.0,40.0,2.5,2.5,-70.43,7.418,-88,77.07,27.52,1.038088,0.651716,2.8821,0.1847
1587,-100,-105.0,40.0,2.5,4.0,-70.68,7.9411,-94,76.5,28.2,1.008463,0.641665,3.3086,0.1808
1589,-100,-105.0,40.0,2.5,7.0,-70.51,9.982,-100,76.51,28.19,0.975206,0.636141,3.1531,0.1887
1588,-100,-105.0,40.0,2.5,5.5,-70.24,9.1063,-100,76.41,28.31,1.000141,0.653837,3.7478,0.1581
1591,-100,-105.0,40.0,2.5,10.0,-70.34,12.3497,-100,76.2,28.55,0.978692,0.672905,4.5009,0.1606
1590,-100,-105.0,40.0,2.5,8.5,-70.1,10.9946,-100,76.27,28.47,0.985157,0.640131,3.6505,0.1793
1593,-100,-105.0,40.0,2.5,13.0,-70.56,14.5464,-100,76.25,28.5,1.025399,0.674001,3.9089,0.1674
1592,-100,-105.0,40.0,2.5,11.5,-70.64,13.3444,-100,77.24,27.3,1.039111,0.677932,4.2548,0.163
1594,-100,-105.0,40.0,2.75,1.0,-67.67,8.2912,-83,76.14,28.64,0.997664,0.607511,2.0575,0.2026
1595,-100,-105.0,40.0,2.75,2.5,-68.25,8.1987,-86,76.51,28.18,1.02563,0.633369,2.692,0.1903
1596,-100,-105.0,40.0,2.75,4.0,-68.05,8.8405,-96,76.44,28.28,1.024695,0.691373,4.4875,0.1546
1597,-100,-105.0,40.0,2.75,5.5,-67.42,9.1381,-100,76.71,27.95,0.991503,0.611498,1.879,0.1933
1598,-100,-105.0,40.0,2.75,7.0,-67.8,10.9652,-100,76.2,28.56,1.012636,0.683711,4.2153,0.1597
1599,-100,-105.0,40.0,2.75,8.5,-67.59,11.4375,-100,75.56,29.32,0.958274,0.632968,3.5269,0.1643
1601,-100,-105.0,40.0,2.75,11.5,-67.29,13.9161,-100,76.72,27.94,1.032708,0.678918,4.2847,0.1606
1600,-100,-105.0,40.0,2.75,10.0,-67.56,12.8443,-100,76.32,28.42,1.00408,0.648459,3.3918,0.1683
1602,-100,-105.0,40.0,2.75,13.0,-67.71,15.1334,-100,75.71,29.16,1.003796,0.693377,4.9255,0.1596
1603,-100,-105.0,40.0,3.0,1.0,-64.45,8.6297,-81,76.24,28.51,0.983216,0.60753,2.7877,0.1882
1604,-100,-105.0,40.0,3.0,2.5,-64.69,9.4173,-84,77.21,27.35,1.106684,0.766618,5.4704,0.1533
1605,-100,-105.0,40.0,3.0,4.0,-65.0,9.6332,-90,77.25,27.3,1.040953,0.676485,3.6932,0.1512
1606,-100,-105.0,40.0,3.0,5.5,-64.81,10.7867,-95,76.2,28.56,0.951247,0.60164,2.5485,0.1936
1607,-100,-105.0,40.0,3.0,7.0,-64.31,10.8628,-100,76.48,28.23,1.000357,0.607187,2.4875,0.192
1608,-100,-105.0,40.0,3.0,8.5,-64.68,12.1573,-100,76.34,28.39,0.980665,0.621208,3.3715,0.1741
1609,-100,-105.0,40.0,3.0,10.0,-64.58,13.2381,-100,76.27,28.47,0.946207,0.656484,4.1302,0.1744
1610,-100,-105.0,40.0,3.0,11.5,-64.94,14.3982,-100,76.34,28.4,0.976074,0.626999,3.1461,0.175
1611,-100,-105.0,40.0,3.0,13.0,-64.82,15.5579,-100,76.97,27.63,1.063455,0.801119,5.8415,0.1412
1612,-100,-105.0,40.0,3.25,1.0,-61.55,9.1098,-77,76.4,28.32,1.038456,0.653735,3.1318,0.19
1614,-100,-105.0,40.0,3.25,4.0,-61.86,10.7458,-89,75.76,29.09,0.976413,0.645341,3.5614,0.1871
1613,-100,-105.0,40.0,3.25,2.5,-62.31,9.8594,-84,76.3,28.44,0.972484,0.618449,3.0335,0.1881
1615,-100,-105.0,40.0,3.25,5.5,-62.04,10.811,-92,76.29,28.46,0.985112,0.611243,2.3295,0.1813
1617,-100,-105.0,40.0,3.25,8.5,-61.88,12.2011,-100,76.25,28.51,0.931419,0.62521,3.7037,0.1775
1616,-100,-105.0,40.0,3.25,7.0,-62.44,11.8788,-100,76.48,28.23,0.966496,0.626904,3.0408,0.1832
1618,-100,-105.0,40.0,3.25,10.0,-61.65,13.4435,-100,76.36,28.36,1.02095,0.660311,3.7547,0.178
1619,-100,-105.0,40.0,3.25,11.5,-61.47,14.6179,-100,76.44,28.28,1.006221,0.615165,2.5182,0.1729
1620,-100,-105.0,40.0,3.25,13.0,-61.71,15.7302,-100,76.19,28.58,0.991078,0.622547,2.552,0.1763
1621,-100,-105.0,40.0,3.5,1.0,-59.02,10.5638,-75,76.44,28.28,0.980496,0.653074,4.1901,0.1726
1623,-100,-105.0,40.0,3.5,4.0,-59.09,10.7885,-84,76.39,28.33,0.964677,0.622894,2.8883,0.1873
1622,-100,-105.0,40.0,3.5,2.5,-59.47,10.2536,-85,77.16,27.4,1.079803,0.756756,5.2055,0.1511
1625,-100,-105.0,40.0,3.5,7.0,-58.6,12.1194,-96,76.42,28.29,1.008263,0.678933,4.2121,0.1847
1624,-100,-105.0,40.0,3.5,5.5,-58.6,11.1812,-91,76.28,28.47,0.949565,0.593744,2.6831,0.1919
1626,-100,-105.0,40.0,3.5,8.5,-58.95,12.3134,-100,76.45,28.26,1.002291,0.629979,2.8149,0.1734
1627,-100,-105.0,40.0,3.5,10.0,-59.01,13.9005,-100,76.42,28.31,1.034275,0.636771,3.1039,0.1796
1628,-100,-105.0,40.0,3.5,11.5,-58.74,15.7871,-100,76.01,28.78,0.974419,0.662875,4.2174,0.1436
1629,-100,-105.0,40.0,3.5,13.0,-58.66,16.6021,-100,76.08,28.7,1.053007,0.709766,4.7059,0.1693
1630,-100,-105.0,40.0,3.75,1.0,-55.84,10.8833,-73,75.73,29.13,0.99601,0.676252,4.6072,0.1614
1631,-100,-105.0,40.0,3.75,2.5,-56.07,11.0336,-78,76.32,28.41,0.956087,0.684582,4.8888,0.1465
1632,-100,-105.0,40.0,3.75,4.0,-56.57,11.2569,-84,76.72,27.95,1.059023,0.725292,4.6055,0.158
1633,-100,-105.0,40.0,3.75,5.5,-55.9,11.3116,-89,76.45,28.25,0.973025,0.636068,3.735,0.1775
1635,-100,-105.0,40.0,3.75,8.5,-55.93,13.3818,-99,74.81,30.23,0.999247,0.69733,5.767,0.1596
1634,-100,-105.0,40.0,3.75,7.0,-56.46,12.8431,-95,76.42,28.3,0.987224,0.637379,3.4909,0.1894
1637,-100,-105.0,40.0,3.75,11.5,-56.48,16.5762,-100,75.76,29.09,1.023234,0.734012,5.7161,0.1587
1638,-100,-105.0,40.0,3.75,13.0,-56.06,16.9245,-100,76.53,28.17,1.009722,0.646981,3.2944,0.1741
1636,-100,-105.0,40.0,3.75,10.0,-56.11,14.7802,-100,76.47,28.23,1.006988,0.669192,4.2705,0.1759
1639,-100,-105.0,40.0,4.0,1.0,-53.29,11.2749,-71,76.5,28.2,0.99455,0.649148,3.2025,0.1639
1640,-100,-105.0,40.0,4.0,2.5,-53.21,12.2193,-74,76.3,28.44,1.006602,0.637272,3.1174,0.1867
1641,-100,-105.0,40.0,4.0,4.0,-53.25,12.3289,-82,76.21,28.55,0.980636,0.614487,2.4058,0.2016
1642,-100,-105.0,40.0,4.0,5.5,-53.7,12.3661,-87,76.4,28.34,0.966949,0.611012,3.091,0.1919
1643,-100,-105.0,40.0,4.0,7.0,-53.16,13.2108,-92,76.48,28.22,0.993265,0.623042,2.9978,0.1722
1644,-100,-105.0,40.0,4.0,8.5,-53.1,14.2623,-100,75.59,29.3,0.952075,0.615024,2.9615,0.194
1645,-100,-105.0,40.0,4.0,10.0,-52.99,15.2434,-100,76.0,28.8,0.984224,0.626757,3.4109,0.1751
1646,-100,-105.0,40.0,4.0,11.5,-52.92,16.5751,-100,76.44,28.27,0.999816,0.70415,4.7624,0.1566
1647,-100,-105.0,40.0,4.0,13.0,-53.12,17.619,-100,76.37,28.35,1.016164,0.721976,5.4474,0.1405
1648,-100,-105.0,40.0,4.25,1.0,-50.95,11.4876,-72,76.4,28.32,0.987666,0.626946,2.9927,0.1672
1650,-100,-105.0,40.0,4.25,4.0,-50.82,12.7437,-84,76.06,28.72,0.967215,0.630715,3.5564,0.1841
1649,-100,-105.0,40.0,4.25,2.5,-50.3,13.0391,-77,76.36,28.36,1.024395,0.673338,4.1059,0.1693
1651,-100,-105.0,40.0,4.25,5.5,-50.4,12.8613,-84,76.16,28.61,0.980825,0.643041,3.5132,0.1776
1652,-100,-105.0,40.0,4.25,7.0,-49.95,14.2978,-92,75.28,29.67,0.931185,0.64074,4.0743,0.1885
1653,-100,-105.0,40.0,4.25,8.5,-50.21,15.2416,-100,76.23,28.53,0.998722,0.607038,1.8748,0.1924
1654,-100,-105.0,40.0,4.25,10.0,-50.45,15.8643,-100,76.24,28.51,0.981514,0.653446,3.7846,0.1998
1656,-100,-105.0,40.0,4.25,13.0,-50.51,17.8903,-100,76.4,28.32,0.99159,0.657404,4.1798,0.1592
1655,-100,-105.0,40.0,4.25,11.5,-50.37,17.3229,-100,76.68,27.98,0.998988,0.627082,3.1335,0.1695
1657,-100,-105.0,40.0,4.5,1.0,-47.24,12.5263,-65,76.04,28.76,0.973109,0.607687,2.8013,0.1839
1658,-100,-105.0,40.0,4.5,2.5,-47.35,12.9583,-70,75.9,28.93,0.960397,0.638844,3.8556,0.1863
1659,-100,-105.0,40.0,4.5,4.0,-47.59,12.8778,-75,76.41,28.3,1.006747,0.712274,5.0798,0.1516
1660,-100,-105.0,40.0,4.5,5.5,-47.64,14.291,-87,75.36,29.56,0.977194,0.626427,3.4587,0.2022
1661,-100,-105.0,40.0,4.5,7.0,-47.52,14.9401,-90,76.48,28.23,0.981449,0.634067,3.6113,0.1868
1662,-100,-105.0,40.0,4.5,8.5,-47.79,15.5814,-92,77.02,27.58,1.007563,0.64096,2.9096,0.1571
1663,-100,-105.0,40.0,4.5,10.0,-47.52,16.0129,-97,75.8,29.04,0.927604,0.590402,2.6124,0.1916
1664,-100,-105.0,40.0,4.5,11.5,-47.44,17.2978,-100,75.46,29.46,0.941218,0.643941,4.541,0.1749
1665,-100,-105.0,40.0,4.5,13.0,-47.54,17.9348,-100,76.19,28.58,0.987275,0.644306,3.7623,0.1819
1666,-100,-105.0,40.0,4.75,1.0,-44.73,13.7289,-68,76.19,28.58,0.953527,0.628229,3.5152,0.1705
1668,-100,-105.0,40.0,4.75,4.0,-44.54,14.0919,-75,76.46,28.26,1.026154,0.680002,3.9797,0.1598
1667,-100,-105.0,40.0,4.75,2.5,-44.89,14.1354,-71,76.04,28.76,1.019076,0.660414,4.0357,0.1705
1670,-100,-105.0,40.0,4.75,7.0,-44.39,15.383,-89,76.59,28.09,0.992254,0.639564,3.3375,0.1767
1669,-100,-105.0,40.0,4.75,5.5,-44.78,15.1849,-80,75.88,28.95,0.974732,0.615222,3.2161,0.1716
1671,-100,-105.0,40.0,4.75,8.5,-44.98,16.0184,-92,76.21,28.54,0.997522,0.635281,3.3117,0.1955
1672,-100,-105.0,40.0,4.75,10.0,-44.17,16.8051,-100,76.05,28.74,0.937356,0.607313,3.2336,0.1807
1673,-100,-105.0,40.0,4.75,11.5,-45.09,17.8866,-100,76.41,28.3,0.952281,0.628565,3.6176,0.1849
1674,-100,-105.0,40.0,4.75,13.0,-44.23,18.9873,-100,76.12,28.65,0.988121,0.630075,3.453,0.1918
1675,-100,-105.0,40.0,5.0,1.0,-41.76,14.9386,-64,75.74,29.1,0.929591,0.637993,4.3359,0.1627
1676,-100,-105.0,40.0,5.0,2.5,-41.46,15.5354,-68,76.1,28.68,0.989529,0.617239,2.6778,0.1949
1677,-100,-105.0,40.0,5.0,4.0,-41.26,15.2613,-74,76.63,28.04,0.993252,0.604018,2.5813,0.1953
1678,-100,-105.0,40.0,5.0,5.5,-41.91,15.4693,-76,76.0,28.8,0.962378,0.604546,2.6206,0.1866
1679,-100,-105.0,40.0,5.0,7.0,-41.55,15.5995,-82,75.68,29.19,0.961288,0.615428,3.6088,0.1925
1680,-100,-105.0,40.0,5.0,8.5,-41.82,16.7767,-89,76.07,28.72,0.963167,0.594289,2.0497,0.2101
1681,-100,-105.0,40.0,5.0,10.0,-42.09,17.6994,-96,76.07,28.72,0.972971,0.614279,2.8527,0.1654
1683,-100,-105.0,40.0,5.0,13.0,-41.82,19.2835,-100,75.94,28.87,0.987807,0.672392,4.8026,0.1618
1682,-100,-105.0,40.0,5.0,11.5,-41.86,18.2082,-100,76.41,28.31,1.004821,0.620521,2.3027,0.1934
1684,-100,-105.0,50.0,1.0,1.0,-86.98,2.9615,-96,77.19,27.38,1.087497,0.693134,3.506,0.1855
1685,-100,-105.0,50.0,1.0,2.5,-87.03,3.671,-100,77.35,27.18,1.145605,0.714241,3.3249,0.1606
1686,-100,-105.0,50.0,1.0,4.0,-87.31,5.0769,-100,77.86,26.57,1.100225,0.716462,4.3198,0.1502
1687,-100,-105.0,50.0,1.0,5.5,-87.22,6.2502,-100,76.6,28.08,1.082881,0.683589,3.944,0.1673
1689,-100,-105.0,50.0,1.0,8.5,-86.51,8.6086,-100,78.31,26.03,1.212307,0.774271,4.6211,0.1528
1688,-100,-105.0,50.0,1.0,7.0,-86.83,7.3574,-100,77.53,26.96,1.159135,0.686095,2.3333,0.1787
1690,-100,-105.0,50.0,1.0,10.0,-85.62,9.5508,-100,77.77,26.68,1.243772,0.784423,4.4278,0.1276
1692,-100,-105.0,50.0,1.0,13.0,-85.76,11.4736,-100,79.28,24.87,1.400941,0.865254,4.5905,0.1269
1691,-100,-105.0,50.0,1.0,11.5,-85.78,10.6232,-100,78.74,25.5,1.269759,0.738404,2.8903,0.1556
1693,-100,-105.0,50.0,1.25,1.0,-83.62,3.8127,-92,76.74,27.92,1.029212,0.663067,3.7269,0.177
1694,-100,-105.0,50.0,1.25,2.5,-84.19,4.6103,-100,76.59,28.1,1.031929,0.670731,4.1277,0.1802
1695,-100,-105.0,50.0,1.25,4.0,-83.37,5.5732,-100,76.56,28.13,1.02965,0.670701,3.6212,0.1734
1696,-100,-105.0,50.0,1.25,5.5,-83.99,6.5624,-100,76.65,28.02,1.025019,0.640076,2.776,0.1896
1697,-100,-105.0,50.0,1.25,7.0,-83.61,7.8574,-100,76.63,28.04,1.039898,0.656035,2.9567,0.177
1698,-100,-105.0,50.0,1.25,8.5,-84.29,8.8213,-100,77.84,26.59,1.172489,0.713006,2.9644,0.167
1701,-100,-105.0,50.0,1.25,13.0,-82.67,12.1589,-100,78.04,26.35,1.19037,0.725736,3.3146,0.1677
1700,-100,-105.0,50.0,1.25,11.5,-82.5,11.2733,-100,77.57,26.91,1.130626,0.669606,2.482,0.19
1699,-100,-105.0,50.0,1.25,10.0,-83.23,10.0525,-100,76.7,27.96,1.1029,0.673162,3.0275,0.1631
1702,-100,-105.0,50.0,1.5,1.0,-80.43,5.1194,-91,76.49,28.21,1.015013,0.667242,4.2172,0.184
1703,-100,-105.0,50.0,1.5,2.5,-81.01,5.7951,-96,76.73,27.92,1.064105,0.849437,7.3091,0.1215
1704,-100,-105.0,50.0,1.5,4.0,-80.57,6.1716,-100,76.79,27.86,1.043584,0.703152,4.4888,0.1554
1706,-100,-105.0,50.0,1.5,7.0,-81.14,7.9179,-100,76.52,28.18,1.028373,0.683801,4.188,0.1548
1707,-100,-105.0,50.0,1.5,8.5,-80.73,9.5599,-100,75.78,29.07,1.018588,0.666512,3.5977,0.1887
1705,-100,-105.0,50.0,1.5,5.5,-80.72,6.9081,-100,76.89,27.73,1.058867,0.68369,3.4394,0.1964
1708,-100,-105.0,50.0,1.5,10.0,-80.31,10.4196,-100,77.26,27.29,1.125582,0.724038,3.901,0.1462
1709,-100,-105.0,50.0,1.5,11.5,-79.86,11.8862,-100,77.52,26.98,1.15837,0.716104,3.3823,0.1706
1710,-100,-105.0,50.0,1.5,13.0,-79.61,12.7902,-100,77.77,26.68,1.248937,0.815034,4.8825,0.1479
1711,-100,-105.0,50.0,1.75,1.0,-77.5,5.2721,-87,76.41,28.31,1.012806,0.652839,3.4993,0.1591
1713,-100,-105.0,50.0,1.75,4.0,-77.72,6.6985,-99,75.67,29.19,0.955532,0.632878,3.5545,0.182
1712,-100,-105.0,50.0,1.75,2.5,-77.52,5.5492,-94,76.54,28.15,1.045553,0.651706,2.5446,0.1902
1714,-100,-105.0,50.0,1.75,5.5,-77.83,7.5268,-100,76.54,28.15,0.992957,0.634509,3.5325,0.178
1715,-100,-105.0,50.0,1.75,7.0,-77.43,8.5467,-100,76.02,28.78,1.007279,0.652915,3.5357,0.1792
1716,-100,-105.0,50.0,1.75,8.5,-77.45,9.8487,-100,76.54,28.14,1.021959,0.634084,2.7305,0.1841
1718,-100,-105.0,50.0,1.75,11.5,-77.3,12.2755,-100,77.17,27.4,1.043754,0.633667,1.9816,0.203
1717,-100,-105.0,50.0,1.75,10.0,-77.57,11.1759,-100,76.28,28.47,1.019973,0.66272,3.4863,0.1535
1719,-100,-105.0,50.0,1.75,13.0,-77.22,13.3904,-100,76.52,28.18,1.119042,0.733182,4.855,0.1691
1720,-100,-105.0,50.0,2.0,1.0,-74.28,5.6611,-87,75.89,28.94,1.02896,0.6766,3.7762,0.1739
1721,-100,-105.0,50.0,2.0,2.5,-74.74,6.4988,-93,76.31,28.42,1.05387,0.730276,4.732,0.1408
1722,-100,-105.0,50.0,2.0,4.0,-74.37,7.1597,-99,76.22,28.53,1.001514,0.671876,4.4218,0.1517
1723,-100,-105.0,50.0,2.0,5.5,-74.45,7.8925,-100,75.9,28.93,0.952405,0.599579,2.8396,0.2027
1724,-100,-105.0,50.0,2.0,7.0,-74.55,9.0624,-100,76.39,28.33,0.99582,0.640775,2.9745,0.1921
1725,-100,-105.0,50.0,2.0,8.5,-74.44,10.185,-100,75.93,28.88,1.011125,0.690756,4.7094,0.1803
1726,-100,-105.0,50.0,2.0,10.0,-74.29,11.3646,-100,76.42,28.28,1.009003,0.638026,2.9611,0.1876
1727,-100,-105.0,50.0,2.0,11.5,-74.12,12.6406,-100,77.11,27.48,1.120591,0.717463,4.2751,0.1629
1728,-100,-105.0,50.0,2.0,13.0,-74.32,13.8349,-100,77.21,27.37,1.119802,0.752385,4.7524,0.1575
1729,-100,-105.0,50.0,2.25,1.0,-71.61,6.3163,-84,76.26,28.49,1.017269,0.646311,3.3402,0.1884
1730,-100,-105.0,50.0,2.25,2.5,-71.89,7.2157,-90,76.41,28.31,0.957425,0.641471,4.16,0.1765
1731,-100,-105.0,50.0,2.25,4.0,-71.31,7.9939,-97,76.12,28.66,1.027388,0.663979,4.2337,0.1725
1732,-100,-105.0,50.0,2.25,5.5,-71.62,8.0715,-98,76.69,27.98,1.009465,0.650103,3.7909,0.1824
1734,-100,-105.0,50.0,2.25,8.5,-71.27,10.7175,-100,76.76,27.88,1.101692,0.821621,6.2686,0.1377
1733,-100,-105.0,50.0,2.25,7.0,-71.4,9.6092,-100,76.11,28.67,1.029997,0.636037,3.1031,0.1722
1735,-100,-105.0,50.0,2.25,10.0,-71.03,12.0113,-100,76.55,28.14,1.004417,0.685749,4.1372,0.1652
1736,-100,-105.0,50.0,2.25,11.5,-71.47,13.3538,-100,76.58,28.11,1.091397,0.732052,4.7734,0.1666
1737,-100,-105.0,50.0,2.25,13.0,-71.04,14.1987,-100,76.92,27.69,1.086458,0.722988,4.3744,0.1663
1738,-100,-105.0,50.0,2.5,1.0,-68.35,6.8197,-82,76.53,28.17,1.008751,0.620539,2.3977,0.1896
1739,-100,-105.0,50.0,2.5,2.5,-68.34,7.5192,-86,77.23,27.33,1.050369,0.761585,5.436,0.1248
1740,-100,-105.0,50.0,2.5,4.0,-67.89,8.2884,-92,75.43,29.49,0.955353,0.635401,3.8386,0.1903
1741,-100,-105.0,50.0,2.5,5.5,-67.76,9.0072,-96,76.66,28.0,0.992591,0.634337,3.6249,0.1876
1742,-100,-105.0,50.0,2.5,7.0,-68.06,10.18,-100,76.44,28.27,0.990984,0.65658,3.4013,0.178
1743,-100,-105.0,50.0,2.5,8.5,-67.99,11.3938,-100,76.97,27.63,1.049707,0.703175,4.4778,0.156
1744,-100,-105.0,50.0,2.5,10.0,-67.93,12.3668,-100,76.48,28.22,1.039674,0.681193,4.4697,0.1556
1745,-100,-105.0,50.0,2.5,11.5,-67.77,13.5108,-100,76.63,28.04,1.02697,0.638525,2.9704,0.1889
1746,-100,-105.0,50.0,2.5,13.0,-67.81,14.8804,-100,76.69,27.97,1.063313,0.679538,3.7768,0.1524
1747,-100,-105.0,50.0,2.75,1.0,-64.97,8.107,-81,76.86,27.76,1.037692,0.648087,3.1816,0.1764
1748,-100,-105.0,50.0,2.75,2.5,-65.46,8.8213,-89,76.0,28.81,0.974651,0.594674,1.9197,0.2016
1749,-100,-105.0,50.0,2.75,4.0,-65.48,8.8923,-88,76.44,28.27,1.046129,0.754078,5.2308,0.1427
1750,-100,-105.0,50.0,2.75,5.5,-65.34,9.3127,-96,76.63,28.05,0.993716,0.634705,3.1742,0.1738
1751,-100,-105.0,50.0,2.75,7.0,-64.94,10.3617,-100,76.27,28.48,0.959808,0.623839,2.8569,0.1816
1752,-100,-105.0,50.0,2.75,8.5,-65.06,11.4869,-100,76.56,28.12,1.012342,0.62352,2.4802,0.1923
1753,-100,-105.0,50.0,2.75,10.0,-64.78,12.9613,-100,76.86,27.77,1.059923,0.739944,5.4537,0.1505
1754,-100,-105.0,50.0,2.75,11.5,-65.4,13.8053,-100,76.17,28.61,1.034139,0.692166,4.481,0.1779
1755,-100,-105.0,50.0,2.75,13.0,-65.0,15.2647,-100,76.45,28.26,1.022714,0.634119,2.3795,0.1977
1756,-100,-105.0,50.0,3.0,1.0,-61.65,9.1938,-78,76.84,27.8,1.018169,0.65831,3.5107,0.173
1757,-100,-105.0,50.0,3.0,2.5,-61.42,9.2717,-82,76.72,27.95,1.034365,0.754922,5.8265,0.1294
1758,-100,-105.0,50.0,3.0,4.0,-61.85,9.5455,-93,76.36,28.36,0.981175,0.640208,3.4912,0.1506
1759,-100,-105.0,50.0,3.0,5.5,-62.01,10.3082,-93,76.41,28.32,0.994522,0.680848,4.2635,0.1574
1760,-100,-105.0,50.0,3.0,7.0,-61.84,11.1802,-96,76.13,28.64,0.996691,0.653471,3.7004,0.1697
1761,-100,-105.0,50.0,3.0,8.5,-62.02,12.2004,-100,75.52,29.38,0.946628,0.585501,2.7336,0.1998
1762,-100,-105.0,50.0,3.0,10.0,-62.19,13.3032,-100,76.2,28.57,0.981895,0.644923,3.4984,0.1714
1763,-100,-105.0,50.0,3.0,11.5,-61.8,14.2091,-100,76.11,28.67,1.024935,0.716356,5.2116,0.178
1764,-100,-105.0,50.0,3.0,13.0,-61.41,15.4488,-100,76.16,28.62,0.987432,0.678517,4.8,0.1713
1765,-100,-105.0,50.0,3.25,1.0,-58.65,9.2108,-73,76.55,28.14,0.992965,0.655937,3.5729,0.1682
1766,-100,-105.0,50.0,3.25,2.5,-59.24,9.6465,-80,76.8,27.85,1.009295,0.629182,2.4941,0.2058
1767,-100,-105.0,50.0,3.25,4.0,-58.93,9.9769,-83,76.42,28.3,0.988443,0.641174,3.1297,0.1725
1768,-100,-105.0,50.0,3.25,5.5,-58.56,10.9453,-92,76.66,28.01,1.005976,0.641215,3.3931,0.1864
1770,-100,-105.0,50.0,3.25,8.5,-58.72,12.5233,-98,76.07,28.72,0.970873,0.640263,3.5275,0.1634
1769,-100,-105.0,50.0,3.25,7.0,-58.21,11.87,-96,76.51,28.2,1.030576,0.64716,3.1533,0.1781
1771,-100,-105.0,50.0,3.25,10.0,-58.9,14.2796,-100,76.06,28.73,1.018475,0.691973,4.9272,0.1717
1772,-100,-105.0,50.0,3.25,11.5,-58.57,14.9942,-100,75.89,28.93,0.92561,0.636886,3.9747,0.1799
1773,-100,-105.0,50.0,3.25,13.0,-58.01,15.8571,-100,75.85,28.98,0.982284,0.655215,4.202,0.1692
1774,-100,-105.0,50.0,3.5,1.0,-55.31,10.1597,-71,75.78,29.06,0.972195,0.621335,3.1116,0.1957
1776,-100,-105.0,50.0,3.5,4.0,-55.85,10.5784,-81,76.44,28.28,1.032211,0.687981,4.7524,0.1586
1775,-100,-105.0,50.0,3.5,2.5,-56.03,10.1199,-78,76.27,28.47,0.984411,0.618249,3.1666,0.1817
1777,-100,-105.0,50.0,3.5,5.5,-55.69,11.4522,-90,77.06,27.54,1.025723,0.750779,5.6262,0.123
1778,-100,-105.0,50.0,3.5,7.0,-55.54,11.9221,-95,76.51,28.19,0.994586,0.613926,2.3389,0.169
1779,-100,-105.0,50.0,3.5,8.5,-56.03,13.6145,-100,76.19,28.56,1.003764,0.653165,4.0242,0.1841
1781,-100,-105.0,50.0,3.5,11.5,-55.57,15.4408,-100,76.26,28.49,1.008843,0.701357,5.1841,0.159
1782,-100,-105.0,50.0,3.5,13.0,-55.9,16.1727,-100,76.24,28.52,0.952734,0.583691,2.1057,0.1928
1780,-100,-105.0,50.0,3.5,10.0,-56.01,14.5196,-100,76.21,28.55,1.022928,0.734447,5.5589,0.1331
1783,-100,-105.0,50.0,3.75,1.0,-52.83,10.6711,-70,76.24,28.52,0.979247,0.643694,3.6883,0.1754
1784,-100,-105.0,50.0,3.75,2.5,-52.78,10.9776,-74,76.73,27.93,0.996179,0.643269,3.2902,0.1653
1785,-100,-105.0,50.0,3.75,4.0,-53.06,12.079,-81,76.46,28.24,0.965453,0.632753,3.7245,0.1765
1786,-100,-105.0,50.0,3.75,5.5,-52.43,11.734,-88,75.68,29.17,0.955726,0.61218,2.9785,0.1967
1787,-100,-105.0,50.0,3.75,7.0,-52.48,12.7153,-92,75.7,29.17,0.960882,0.640548,3.9062,0.1703
1788,-100,-105.0,50.0,3.75,8.5,-52.25,14.264,-100,75.68,29.17,1.004626,0.691048,4.9443,0.1667
1789,-100,-105.0,50.0,3.75,10.0,-52.65,14.7939,-100,76.8,27.84,0.979649,0.625034,3.0202,0.1674
1790,-100,-105.0,50.0,3.75,11.5,-52.65,15.6791,-100,76.4,28.32,0.993956,0.616286,2.1317,0.1923
1791,-100,-105.0,50.0,3.75,13.0,-52.69,16.6858,-100,76.2,28.56,1.000194,0.640225,3.509,0.1747
1792,-100,-105.0,50.0,4.0,1.0,-49.51,11.4102,-70,75.73,29.13,1.004075,0.726648,5.7582,0.1491
1795,-100,-105.0,50.0,4.0,5.5,-49.08,12.1325,-85,76.68,27.98,1.032922,0.665733,3.6944,0.1765
1793,-100,-105.0,50.0,4.0,2.5,-49.49,11.7268,-72,76.6,28.08,0.984014,0.619704,2.8369,0.1853
1794,-100,-105.0,50.0,4.0,4.0,-49.57,12.3781,-79,76.24,28.51,0.973893,0.608857,2.6332,0.1841
1796,-100,-105.0,50.0,4.0,7.0,-49.85,13.2365,-86,76.6,28.07,0.975812,0.645786,3.6369,0.1834
1797,-100,-105.0,50.0,4.0,8.5,-49.51,14.2389,-97,76.12,28.66,0.966499,0.593477,1.7281,0.2108
1798,-100,-105.0,50.0,4.0,10.0,-49.36,14.8199,-100,76.58,28.09,1.056444,0.686717,4.2495,0.1773
1799,-100,-105.0,50.0,4.0,11.5,-49.18,16.3109,-100,76.11,28.66,0.993737,0.608503,1.9482,0.2042
1801,-100,-105.0,50.0,4.25,1.0,-46.71,12.4592,-66,75.92,28.89,0.983176,0.634629,3.7796,0.1744
1800,-100,-105.0,50.0,4.0,13.0,-49.21,17.4061,-100,75.82,29.02,0.990933,0.659875,4.6215,0.1665
1802,-100,-105.0,50.0,4.25,2.5,-46.1,11.8537,-70,75.92,28.9,1.005032,0.626798,2.8103,0.1731
1803,-100,-105.0,50.0,4.25,4.0,-46.96,13.0336,-76,76.63,28.05,0.993583,0.644846,3.0121,0.1883
1805,-100,-105.0,50.0,4.25,7.0,-45.87,13.7083,-89,76.05,28.73,1.060462,0.795472,6.5799,0.1511
1804,-100,-105.0,50.0,4.25,5.5,-46.27,12.9614,-81,76.14,28.63,0.954491,0.602464,2.7505,0.186
1807,-100,-105.0,50.0,4.25,10.0,-46.62,15.4505,-96,76.34,28.38,0.987557,0.642644,3.3631,0.187
1806,-100,-105.0,50.0,4.25,8.5,-45.89,15.2733,-94,76.11,28.67,0.992591,0.648505,3.5894,0.1589
1808,-100,-105.0,50.0,4.25,11.5,-45.96,16.7383,-100,76.27,28.48,0.988879,0.68261,5.1725,0.1524
1809,-100,-105.0,50.0,4.25,13.0,-46.25,18.0213,-100,76.85,27.78,1.013883,0.740372,5.5409,0.1605
1810,-100,-105.0,50.0,4.5,1.0,-43.11,12.5464,-62,75.57,29.32,0.9787,0.679903,4.9356,0.1591
1811,-100,-105.0,50.0,4.5,2.5,-43.14,13.027,-67,76.04,28.75,1.018227,0.71372,5.2146,0.169
1812,-100,-105.0,50.0,4.5,4.0,-43.04,13.729,-73,76.3,28.44,0.981664,0.649451,3.6273,0.1563
1813,-100,-105.0,50.0,4.5,5.5,-43.45,14.3094,-78,76.1,28.69,0.972419,0.624472,3.1448,0.172
1815,-100,-105.0,50.0,4.5,8.5,-43.06,15.6627,-92,75.32,29.62,0.930104,0.637022,4.5148,0.1488
1814,-100,-105.0,50.0,4.5,7.0,-43.14,15.0798,-82,75.9,28.93,0.968863,0.616866,3.2668,0.1802
1816,-100,-105.0,50.0,4.5,10.0,-43.47,16.033,-100,76.52,28.18,0.984144,0.621721,3.0178,0.1873
1818,-100,-105.0,50.0,4.5,13.0,-42.84,18.2498,-100,75.8,29.03,0.929514,0.609951,3.7201,0.1832
1817,-100,-105.0,50.0,4.5,11.5,-42.16,17.2991,-100,76.07,28.72,0.968399,0.602825,3.2605,0.1889
1820,-100,-105.0,50.0,4.75,2.5,-39.98,14.228,-66,75.56,29.33,0.988505,0.680999,4.6413,0.1745
1819,-100,-105.0,50.0,4.75,1.0,-39.79,13.9122,-60,76.21,28.55,0.959512,0.616846,3.5011,0.1807
1821,-100,-105.0,50.0,4.75,4.0,-40.18,14.1139,-74,76.53,28.16,0.96089,0.614229,3.1551,0.171
1822,-100,-105.0,50.0,4.75,5.5,-40.09,14.4475,-77,76.34,28.39,0.958396,0.603228,2.7349,0.1918
1823,-100,-105.0,50.0,4.75,7.0,-39.8,15.698,-83,75.83,29.0,0.943955,0.608166,2.8684,0.1582
1824,-100,-105.0,50.0,4.75,8.5,-39.88,15.633,-88,76.3,28.44,0.960594,0.628287,3.797,0.1769
1825,-100,-105.0,50.0,4.75,10.0,-39.62,17.3113,-91,76.3,28.44,1.022372,0.692466,5.1387,0.1634
1826,-100,-105.0,50.0,4.75,11.5,-40.28,17.781,-95,75.79,29.05,0.963973,0.618055,3.1407,0.1809
1827,-100,-105.0,50.0,4.75,13.0,-39.9,18.3165,-100,76.49,28.21,1.005096,0.656089,3.7816,0.1667
1828,-100,-105.0,50.0,5.0,1.0,-36.9,14.3508,-59,76.18,28.58,1.009662,0.676412,4.4136,0.1505
1829,-100,-105.0,50.0,5.0,2.5,-36.83,13.8059,-64,76.29,28.46,0.965743,0.618814,2.5775,0.1877
1830,-100,-105.0,50.0,5.0,4.0,-37.11,14.5211,-67,75.95,28.86,0.95919,0.633755,3.9239,0.1585
1831,-100,-105.0,50.0,5.0,5.5,-37.03,15.688,-74,76.21,28.56,0.949921,0.628851,4.0149,0.1866
1832,-100,-105.0,50.0,5.0,7.0,-36.75,15.5988,-80,76.08,28.7,0.939509,0.608859,3.3965,0.1845
1833,-100,-105.0,50.0,5.0,8.5,-37.04,16.8994,-82,76.96,27.65,0.995621,0.706748,5.3279,0.1515
1834,-100,-105.0,50.0,5.0,10.0,-36.48,17.3495,-87,75.63,29.25,0.937719,0.665895,4.8767,0.1707
1835,-100,-105.0,50.0,5.0,11.5,-36.92,18.3806,-92,75.74,29.12,0.933399,0.647498,4.6522,0.1725
1836,-100,-105.0,50.0,5.0,13.0,-37.23,19.2894,-100,76.21,28.55,0.978138,0.630797,3.4782,0.1682
1837,-100,-100.0,30.0,1.0,1.0,-89.06,3.2755,-98,77.71,26.75,1.19599,0.756532,3.826,0.1732
1838,-100,-100.0,30.0,1.0,2.5,-89.29,3.6314,-100,78.15,26.23,1.189411,0.730118,3.5813,0.1614
1839,-100,-100.0,30.0,1.0,4.0,-88.94,4.9918,-100,76.68,27.98,1.113121,0.673072,2.5769,0.1885
1840,-100,-100.0,30.0,1.0,5.5,-89.08,6.1868,-100,77.4,27.12,1.224194,0.745937,3.8202,0.1798
1841,-100,-100.0,30.0,1.0,7.0,-89.0,7.0479,-100,77.57,26.91,1.248253,0.768129,4.0544,0.1435
1843,-100,-100.0,30.0,1.0,10.0,-87.88,9.403,-100,78.84,25.39,1.428209,0.846085,4.5835,0.1489
1844,-100,-100.0,30.0,1.0,11.5,-87.22,10.1906,-100,76.92,27.7,1.283212,0.77731,4.329,0.1513
1842,-100,-100.0,30.0,1.0,8.5,-88.28,8.2258,-100,78.83,25.39,1.36888,0.796109,3.614,0.1583
1845,-100,-100.0,30.0,1.0,13.0,-86.78,11.0254,-100,77.52,26.98,1.366289,0.836271,4.7733,0.1349
1846,-100,-100.0,30.0,1.25,1.0,-86.89,4.4913,-96,76.92,27.71,1.072835,0.644947,2.82,0.17
1847,-100,-100.0,30.0,1.25,2.5,-86.65,4.4207,-100,77.93,26.49,1.141845,0.744515,4.1767,0.1319
1848,-100,-100.0,30.0,1.25,4.0,-86.42,5.7651,-100,77.49,27.01,1.121125,0.650654,1.8452,0.2016
1849,-100,-100.0,30.0,1.25,5.5,-86.64,6.634,-100,77.35,27.17,1.197246,0.766895,4.7212,0.1492
1850,-100,-100.0,30.0,1.25,7.0,-85.95,7.6567,-100,77.15,27.43,1.165231,0.757774,4.3769,0.1458
1852,-100,-100.0,30.0,1.25,10.0,-85.65,9.8366,-100,78.42,25.89,1.275421,0.747975,2.8205,0.1808
1851,-100,-100.0,30.0,1.25,8.5,-86.13,8.8091,-100,77.87,26.55,1.251225,0.760642,3.2964,0.1668
1853,-100,-100.0,30.0,1.25,11.5,-85.53,10.9102,-100,77.78,26.67,1.314496,0.832369,4.873,0.1369
1854,-100,-100.0,30.0,1.25,13.0,-84.62,11.8343,-100,78.38,25.94,1.388965,0.834586,4.5694,0.1289
1856,-100,-100.0,30.0,1.5,2.5,-83.91,5.0075,-100,76.76,27.89,1.100396,0.802424,5.8045,0.1484
1855,-100,-100.0,30.0,1.5,1.0,-84.3,4.6533,-94,76.63,28.05,1.069651,0.69272,3.9451,0.1834
1857,-100,-100.0,30.0,1.5,4.0,-83.7,6.0916,-100,76.04,28.74,0.984914,0.626399,2.7409,0.1799
1858,-100,-100.0,30.0,1.5,5.5,-83.9,7.1115,-100,76.7,27.98,1.070619,0.659244,2.9935,0.1792
1859,-100,-100.0,30.0,1.5,7.0,-83.45,8.1143,-100,77.46,27.04,1.119105,0.686705,2.7796,0.1855
1860,-100,-100.0,30.0,1.5,8.5,-83.32,9.2398,-100,76.86,27.77,1.161943,0.7589,4.6663,0.1357
1861,-100,-100.0,30.0,1.5,10.0,-83.74,10.3612,-100,77.97,26.44,1.255785,0.800188,4.2722,0.1658
1863,-100,-100.0,30.0,1.5,13.0,-82.61,12.5346,-100,77.61,26.88,1.28662,0.765061,3.6926,0.1685
1862,-100,-100.0,30.0,1.5,11.5,-82.69,11.473,-100,77.85,26.57,1.2749,0.798231,4.2099,0.1283
1864,-100,-100.0,30.0,1.75,1.0,-81.61,5.3544,-92,77.35,27.18,1.059031,0.655879,2.7066,0.1816
1865,-100,-100.0,30.0,1.75,2.5,-81.75,6.0082,-99,76.94,27.67,1.027252,0.661278,3.6518,0.1661
1867,-100,-100.0,30.0,1.75,5.5,-80.81,7.5518,-100,77.03,27.57,1.092534,0.682866,3.3696,0.1722
1868,-100,-100.0,30.0,1.75,7.0,-81.16,8.5957,-100,76.13,28.65,1.047367,0.710329,4.6307,0.1749
1866,-100,-100.0,30.0,1.75,4.0,-81.68,6.5617,-100,76.74,27.92,1.041825,0.65095,3.2802,0.1782
1869,-100,-100.0,30.0,1.75,8.5,-81.03,9.6981,-100,76.41,28.3,1.093309,0.773524,5.4406,0.1553
1870,-100,-100.0,30.0,1.75,10.0,-80.96,10.6741,-100,77.55,26.95,1.185645,0.736539,3.7215,0.1716
1871,-100,-100.0,30.0,1.75,11.5,-80.75,11.7977,-100,77.51,26.99,1.21134,0.779953,4.8148,0.1544
1872,-100,-100.0,30.0,1.75,13.0,-79.76,12.9518,-100,77.35,27.18,1.219608,0.871786,6.2739,0.1187
1873,-100,-100.0,30.0,2.0,1.0,-79.02,6.6399,-91,76.19,28.57,0.986326,0.643718,3.1867,0.1781
1875,-100,-100.0,30.0,2.0,4.0,-78.95,8.0278,-100,76.6,28.08,1.025959,0.65408,3.3605,0.1835
1874,-100,-100.0,30.0,2.0,2.5,-79.09,5.9536,-95,76.69,27.96,1.056741,0.647605,2.5792,0.1955
1876,-100,-100.0,30.0,2.0,5.5,-78.8,8.086,-100,76.5,28.2,1.026904,0.723034,4.8415,0.1421
1877,-100,-100.0,30.0,2.0,7.0,-78.42,9.3409,-100,77.06,27.52,1.068281,0.677378,3.2821,0.1667
1879,-100,-100.0,30.0,2.0,10.0,-78.38,11.248,-100,76.75,27.9,1.06079,0.695234,3.8262,0.1603
1878,-100,-100.0,30.0,2.0,8.5,-79.03,10.3315,-100,77.21,27.36,1.077376,0.663938,3.0526,0.1881
1880,-100,-100.0,30.0,2.0,11.5,-78.11,12.5014,-100,78.27,26.09,1.246511,0.811604,4.5331,0.1527
1881,-100,-100.0,30.0,2.0,13.0,-77.65,13.6707,-100,77.18,27.38,1.15633,0.707467,3.4015,0.1748
1882,-100,-100.0,30.0,2.25,1.0,-76.18,6.4032,-88,76.17,28.6,1.025342,0.644473,2.9993,0.1987
1883,-100,-100.0,30.0,2.25,2.5,-75.95,6.9776,-93,76.98,27.63,1.016653,0.713198,4.9648,0.1548
1884,-100,-100.0,30.0,2.25,4.0,-76.29,7.3705,-100,76.06,28.72,1.030219,0.677243,4.0863,0.1749
1887,-100,-100.0,30.0,2.25,8.5,-76.52,10.4171,-100,76.45,28.27,1.040311,0.677652,3.898,0.1672
1885,-100,-100.0,30.0,2.25,5.5,-76.18,8.4761,-100,76.36,28.37,1.000555,0.631213,2.9878,0.1846
1886,-100,-100.0,30.0,2.25,7.0,-75.85,9.5044,-100,76.24,28.51,0.967587,0.621394,2.3865,0.2026
1889,-100,-100.0,30.0,2.25,11.5,-75.56,12.7337,-100,77.24,27.32,1.086812,0.683161,3.3873,0.1784
1888,-100,-100.0,30.0,2.25,10.0,-76.49,11.7206,-100,76.71,27.95,1.075299,0.676721,2.9796,0.1709
1890,-100,-100.0,30.0,2.25,13.0,-75.47,13.7609,-100,77.17,27.39,1.12329,0.682597,2.9884,0.1581
1891,-100,-100.0,30.0,2.5,1.0,-73.38,8.1483,-88,76.87,27.75,1.041911,0.738278,5.0462,0.1426
1892,-100,-100.0,30.0,2.5,2.5,-73.93,7.8212,-91,76.63,28.04,1.012737,0.646826,3.3999,0.1727
1893,-100,-100.0,30.0,2.5,4.0,-73.48,8.5163,-96,76.5,28.2,1.046143,0.663055,3.7388,0.1705
1894,-100,-100.0,30.0,2.5,5.5,-73.63,8.6915,-100,75.77,29.08,0.957393,0.677944,5.002,0.1591
1895,-100,-100.0,30.0,2.5,7.0,-73.35,10.4631,-100,76.17,28.61,1.024617,0.70787,4.9412,0.1478
1896,-100,-100.0,30.0,2.5,8.5,-73.22,10.9823,-100,76.64,28.03,1.048013,0.692652,4.2874,0.1463
1897,-100,-100.0,30.0,2.5,10.0,-73.2,11.7654,-100,76.24,28.52,1.084866,0.750768,5.4947,0.1408
1899,-100,-100.0,30.0,2.5,13.0,-72.9,14.6054,-100,76.64,28.03,1.098741,0.717447,4.0486,0.1696
1898,-100,-100.0,30.0,2.5,11.5,-73.48,13.446,-100,76.89,27.73,1.067221,0.670967,2.6954,0.1609
1900,-100,-100.0,30.0,2.75,1.0,-70.82,8.5175,-85,76.44,28.26,1.02099,0.632668,2.3074,0.1736
1901,-100,-100.0,30.0,2.75,2.5,-71.39,8.4817,-94,76.0,28.8,1.013876,0.733952,5.4889,0.1459
1902,-100,-100.0,30.0,2.75,4.0,-71.22,8.7312,-96,76.35,28.37,0.98208,0.658049,3.9941,0.1585
1904,-100,-100.0,30.0,2.75,7.0,-71.25,10.6614,-100,75.84,28.98,0.963131,0.660925,4.337,0.1772
1903,-100,-100.0,30.0,2.75,5.5,-71.52,9.5484,-100,76.68,27.98,1.02445,0.673816,3.9778,0.1647
1905,-100,-100.0,30.0,2.75,8.5,-71.53,11.8992,-100,76.08,28.71,1.038072,0.690323,4.5793,0.1878
1906,-100,-100.0,30.0,2.75,10.0,-71.1,12.9468,-100,76.52,28.17,1.07458,0.762838,5.4955,0.147
1907,-100,-100.0,30.0,2.75,11.5,-70.58,13.8806,-100,76.55,28.15,1.026806,0.662955,3.6234,0.1812
1908,-100,-100.0,30.0,2.75,13.0,-71.13,15.0149,-100,76.83,27.8,1.054018,0.673298,3.4202,0.1729
1909,-100,-100.0,30.0,3.0,1.0,-68.49,9.2467,-85,76.21,28.54,1.002539,0.663489,3.9756,0.168
1910,-100,-100.0,30.0,3.0,2.5,-68.72,8.6612,-89,76.64,28.03,1.023255,0.638578,2.7506,0.18
1911,-100,-100.0,30.0,3.0,4.0,-68.8,9.5772,-93,76.97,27.63,1.0332,0.680732,3.8245,0.1518
1913,-100,-100.0,30.0,3.0,7.0,-68.99,11.2563,-100,75.44,29.48,0.970204,0.650605,4.1231,0.1983
1912,-100,-100.0,30.0,3.0,5.5,-68.4,10.2293,-100,75.94,28.87,0.998999,0.709261,5.3264,0.1571
1914,-100,-100.0,30.0,3.0,8.5,-68.43,12.1591,-100,76.37,28.33,1.009249,0.649416,3.3946,0.1856
1916,-100,-100.0,30.0,3.0,11.5,-68.64,13.9496,-100,76.07,28.72,0.971259,0.611511,2.7259,0.1942
1915,-100,-100.0,30.0,3.0,10.0,-68.61,13.3845,-100,76.1,28.68,0.96986,0.616295,2.8724,0.179
1917,-100,-100.0,30.0,3.0,13.0,-67.69,15.5055,-100,77.01,27.59,1.0318,0.660329,3.5435,0.1682
1918,-100,-100.0,30.0,3.25,1.0,-65.91,9.2358,-83,76.58,28.11,1.028862,0.658181,3.5633,0.1701
1919,-100,-100.0,30.0,3.25,2.5,-65.83,9.3883,-86,76.08,28.7,0.981687,0.657567,4.1111,0.1687
1920,-100,-100.0,30.0,3.25,4.0,-65.65,9.7475,-96,76.7,27.96,1.026636,0.644989,2.6903,0.1757
1921,-100,-100.0,30.0,3.25,5.5,-65.85,11.3367,-96,76.66,28.01,1.015261,0.650131,3.4101,0.179
1922,-100,-100.0,30.0,3.25,7.0,-65.87,11.5068,-100,76.1,28.69,0.93812,0.607476,3.1525,0.1701
1925,-100,-100.0,30.0,3.25,11.5,-66.13,14.3216,-100,75.82,29.01,1.012707,0.7112,4.8081,0.1627
1923,-100,-100.0,30.0,3.25,8.5,-65.41,12.7098,-100,75.87,28.96,0.978149,0.627524,3.3194,0.1682
1924,-100,-100.0,30.0,3.25,10.0,-66.22,13.7724,-100,76.03,28.77,0.997252,0.640299,3.5115,0.1876
1928,-100,-100.0,30.0,3.5,2.5,-63.34,10.9065,-84,75.27,29.68,0.928423,0.632408,3.9033,0.1694
1927,-100,-100.0,30.0,3.5,1.0,-63.48,10.1915,-80,76.51,28.2,0.986797,0.676744,4.3721,0.1553
1926,-100,-100.0,30.0,3.25,13.0,-65.97,15.9395,-100,77.03,27.57,1.033768,0.644387,2.4044,0.1939
1929,-100,-100.0,30.0,3.5,4.0,-63.3,10.1564,-89,76.52,28.17,1.043077,0.686219,4.0914,0.1598
1930,-100,-100.0,30.0,3.5,5.5,-63.3,11.5289,-94,76.22,28.54,1.087205,0.735675,5.2678,0.1812
1932,-100,-100.0,30.0,3.5,8.5,-63.44,13.1191,-100,76.26,28.5,0.967172,0.670468,4.107,0.1609
1931,-100,-100.0,30.0,3.5,7.0,-63.42,12.5043,-100,76.08,28.72,1.002379,0.656003,3.8935,0.1591
1933,-100,-100.0,30.0,3.5,10.0,-62.75,13.9265,-100,76.34,28.38,0.980507,0.648948,3.9618,0.1593
1935,-100,-100.0,30.0,3.5,13.0,-63.48,16.2137,-100,76.6,28.07,1.019369,0.694435,4.3657,0.1433
1937,-100,-100.0,30.0,3.75,2.5,-60.8,10.8761,-83,75.79,29.06,1.002859,0.723952,5.5241,0.1493
1936,-100,-100.0,30.0,3.75,1.0,-60.29,10.1893,-79,76.12,28.66,0.989769,0.641701,3.0304,0.1826
1934,-100,-100.0,30.0,3.5,11.5,-63.24,15.3379,-100,76.5,28.19,1.022631,0.637249,2.6079,0.1854
1938,-100,-100.0,30.0,3.75,4.0,-60.87,11.8931,-89,75.71,29.14,0.95767,0.631083,3.6297,0.1575
1939,-100,-100.0,30.0,3.75,5.5,-60.64,12.1331,-93,76.9,27.72,0.988149,0.631872,2.5188,0.1868
1940,-100,-100.0,30.0,3.75,7.0,-60.67,13.013,-98,76.72,27.93,1.020661,0.6707,3.8453,0.1769
1941,-100,-100.0,30.0,3.75,8.5,-60.53,14.0236,-100,75.76,29.08,0.987163,0.648692,3.423,0.1497
1942,-100,-100.0,30.0,3.75,10.0,-60.78,14.4786,-100,76.27,28.47,0.98553,0.707888,5.1154,0.1444
1944,-100,-100.0,30.0,3.75,13.0,-60.71,17.0231,-100,76.2,28.56,0.940584,0.620583,3.0967,0.1897
1943,-100,-100.0,30.0,3.75,11.5,-60.48,15.6067,-100,76.02,28.77,0.960632,0.603738,2.4914,0.1851
1945,-100,-100.0,30.0,4.0,1.0,-58.06,11.6885,-77,76.49,28.21,0.999994,0.636075,3.6718,0.1808
1946,-100,-100.0,30.0,4.0,2.5,-58.21,11.4216,-82,76.3,28.45,0.977492,0.63382,3.5181,0.1755
1947,-100,-100.0,30.0,4.0,4.0,-58.78,12.1105,-87,76.36,28.38,1.002681,0.675157,4.8347,0.1662
1948,-100,-100.0,30.0,4.0,5.5,-58.29,12.5005,-92,76.11,28.65,1.007796,0.694696,4.8429,0.156
1949,-100,-100.0,30.0,4.0,7.0,-58.35,13.3915,-99,76.92,27.71,1.043684,0.686949,4.2004,0.1564
1950,-100,-100.0,30.0,4.0,8.5,-58.02,14.4716,-100,76.09,28.69,0.969952,0.66563,4.8164,0.1562
1951,-100,-100.0,30.0,4.0,10.0,-58.4,15.1029,-100,76.08,28.7,0.975872,0.656696,4.1483,0.1828
1952,-100,-100.0,30.0,4.0,11.5,-57.71,16.1364,-100,75.24,29.71,0.932962,0.573388,2.0413,0.1992
1953,-100,-100.0,30.0,4.0,13.0,-58.38,17.1472,-100,76.15,28.61,0.979242,0.629227,3.2404,0.1914
1954,-100,-100.0,30.0,4.25,1.0,-56.12,12.241,-75,75.76,29.09,0.957574,0.613778,3.1065,0.2015
1955,-100,-100.0,30.0,4.25,2.5,-55.67,12.6866,-78,76.45,28.26,0.995328,0.645568,3.4751,0.1847
1956,-100,-100.0,30.0,4.25,4.0,-55.84,13.3042,-84,76.33,28.4,1.005343,0.633196,3.3016,0.1815
1957,-100,-100.0,30.0,4.25,5.5,-55.68,13.3276,-88,76.17,28.59,1.002432,0.681432,4.3155,0.158
1959,-100,-100.0,30.0,4.25,8.5,-55.94,14.899,-100,75.68,29.19,0.944916,0.62289,3.8688,0.1749
1960,-100,-100.0,30.0,4.25,10.0,-56.33,15.5181,-100,77.08,27.51,1.051818,0.673875,3.4133,0.1624
1958,-100,-100.0,30.0,4.25,7.0,-55.85,13.7142,-100,76.29,28.45,0.986481,0.64789,4.4338,0.1722
1961,-100,-100.0,30.0,4.25,11.5,-55.56,16.4723,-100,75.86,28.97,0.955655,0.655242,4.5247,0.173
1964,-100,-100.0,30.0,4.5,2.5,-53.01,13.3272,-78,76.97,27.63,1.045723,0.698921,3.8467,0.1557
1963,-100,-100.0,30.0,4.5,1.0,-52.72,12.7358,-72,76.53,28.16,0.972786,0.620315,2.9724,0.1788
1962,-100,-100.0,30.0,4.25,13.0,-55.15,17.7848,-100,76.05,28.73,1.03619,0.73834,5.527,0.1429
1965,-100,-100.0,30.0,4.5,4.0,-52.98,13.9241,-88,76.42,28.29,1.001026,0.666936,4.2686,0.1719
1966,-100,-100.0,30.0,4.5,5.5,-53.1,14.0034,-90,76.67,28.0,1.007213,0.631223,3.1216,0.1917
1967,-100,-100.0,30.0,4.5,7.0,-52.97,15.3906,-95,75.98,28.83,0.982881,0.633096,3.5331,0.1791
1968,-100,-100.0,30.0,4.5,8.5,-52.67,16.0902,-98,76.01,28.79,0.942043,0.604966,3.2263,0.1858
1972,-100,-100.0,30.0,4.75,1.0,-51.12,13.7813,-72,76.23,28.51,0.978453,0.614512,2.4637,0.1832
1969,-100,-100.0,30.0,4.5,10.0,-52.88,17.158,-100,76.72,27.94,1.06777,0.718279,4.8721,0.1689
1970,-100,-100.0,30.0,4.5,11.5,-53.0,17.0191,-100,76.52,28.18,1.015688,0.697138,4.4622,0.1627
1971,-100,-100.0,30.0,4.5,13.0,-52.98,18.6238,-100,75.48,29.43,0.966869,0.613095,2.6727,0.1738
1976,-100,-100.0,30.0,4.75,7.0,-50.54,15.2856,-94,76.74,27.92,0.999398,0.695802,4.9749,0.1537
1973,-100,-100.0,30.0,4.75,2.5,-50.61,13.8158,-77,75.71,29.15,0.975196,0.653485,3.9396,0.1739
1974,-100,-100.0,30.0,4.75,4.0,-50.84,14.62,-81,75.91,28.91,1.007099,0.659339,3.7362,0.1831
1975,-100,-100.0,30.0,4.75,5.5,-50.58,14.5414,-89,76.79,27.87,1.025529,0.67611,3.9117,0.1627
1977,-100,-100.0,30.0,4.75,8.5,-50.28,15.741,-100,76.41,28.3,0.97095,0.598461,2.2383,0.1893
1978,-100,-100.0,30.0,4.75,10.0,-50.49,17.0815,-100,76.45,28.26,0.980923,0.626172,3.467,0.172
1979,-100,-100.0,30.0,4.75,11.5,-50.82,17.6403,-100,76.0,28.79,0.972916,0.625437,3.4763,0.1706
1980,-100,-100.0,30.0,4.75,13.0,-50.77,18.9455,-100,76.23,28.52,1.011827,0.727508,5.2304,0.1733
1981,-100,-100.0,30.0,5.0,1.0,-47.71,15.0718,-70,76.08,28.7,0.927285,0.682791,5.3205,0.128
1982,-100,-100.0,30.0,5.0,2.5,-47.73,13.7838,-74,76.93,27.68,0.973817,0.641969,3.8367,0.1652
1983,-100,-100.0,30.0,5.0,4.0,-48.75,14.7995,-80,76.16,28.62,0.980829,0.627598,3.5215,0.1669
1984,-100,-100.0,30.0,5.0,5.5,-48.02,14.9323,-87,76.32,28.43,0.96426,0.577493,1.7406,0.2029
1985,-100,-100.0,30.0,5.0,7.0,-47.83,16.1238,-90,76.49,28.21,1.025263,0.680209,4.2159,0.1758
1986,-100,-100.0,30.0,5.0,8.5,-48.0,17.4293,-95,76.4,28.32,0.966378,0.685543,4.6568,0.1405
1988,-100,-100.0,30.0,5.0,11.5,-47.85,18.3419,-100,76.43,28.27,0.986156,0.602583,2.3024,0.1964
1987,-100,-100.0,30.0,5.0,10.0,-48.07,17.3864,-100,75.87,28.95,0.964997,0.616978,3.2777,0.1759
1989,-100,-100.0,30.0,5.0,13.0,-47.64,19.1257,-100,76.15,28.62,0.966765,0.625659,3.3742,0.1669
1990,-100,-100.0,40.0,1.0,1.0,-88.04,3.5224,-98,77.14,27.43,1.06742,0.67911,3.3855,0.1616
1991,-100,-100.0,40.0,1.0,2.5,-87.75,3.9971,-100,76.82,27.81,1.145253,0.801493,5.9247,0.1426
1992,-100,-100.0,40.0,1.0,4.0,-88.47,5.0137,-100,77.85,26.58,1.162886,0.706734,3.0416,0.1765
1993,-100,-100.0,40.0,1.0,5.5,-87.91,6.3049,-100,76.47,28.23,1.105121,0.780788,5.5716,0.1382
1994,-100,-100.0,40.0,1.0,7.0,-87.42,7.6117,-100,78.46,25.85,1.305084,0.822214,4.4363,0.1549
1995,-100,-100.0,40.0,1.0,8.5,-87.24,8.4948,-100,78.33,25.99,1.309335,0.789616,3.7746,0.1626
1996,-100,-100.0,40.0,1.0,10.0,-86.75,9.5014,-100,77.57,26.92,1.243158,0.804843,5.323,0.137
1997,-100,-100.0,40.0,1.0,11.5,-86.34,10.4405,-100,78.01,26.4,1.331893,0.803237,4.2319,0.1473
1998,-100,-100.0,40.0,1.0,13.0,-85.82,11.3469,-100,78.97,25.23,1.407284,0.794335,3.4799,0.151
1999,-100,-100.0,40.0,1.25,1.0,-85.01,4.6055,-97,76.77,27.88,1.029373,0.658364,2.6184,0.1796
2000,-100,-100.0,40.0,1.25,2.5,-84.74,4.5266,-99,76.86,27.77,1.064803,0.655265,2.9339,0.1957
2001,-100,-100.0,40.0,1.25,4.0,-85.14,5.6104,-100,76.54,28.15,1.021842,0.681105,4.1516,0.1784
2002,-100,-100.0,40.0,1.25,5.5,-85.02,6.865,-100,77.01,27.58,1.071632,0.675836,3.248,0.1638
2003,-100,-100.0,40.0,1.25,7.0,-85.35,7.9871,-100,77.6,26.89,1.135217,0.726118,3.6813,0.1708
2004,-100,-100.0,40.0,1.25,8.5,-84.08,8.9475,-100,77.6,26.88,1.136615,0.695457,3.0829,0.1516
2005,-100,-100.0,40.0,1.25,10.0,-84.11,10.051,-100,77.99,26.4,1.277394,0.781228,3.8961,0.1609
2006,-100,-100.0,40.0,1.25,11.5,-84.14,11.0148,-100,78.79,25.46,1.357929,0.836341,4.5294,0.1375
2007,-100,-100.0,40.0,1.25,13.0,-83.58,12.0465,-100,78.83,25.41,1.426904,0.861571,4.6272,0.1541
2008,-100,-100.0,40.0,1.5,1.0,-82.39,4.7484,-94,76.79,27.84,1.010487,0.653922,3.4357,0.1726
2009,-100,-100.0,40.0,1.5,2.5,-82.2,5.174,-97,76.67,27.99,1.020826,0.65056,3.0446,0.188
2010,-100,-100.0,40.0,1.5,4.0,-82.41,5.9948,-100,76.93,27.69,1.043539,0.747331,5.0948,0.1342
2011,-100,-100.0,40.0,1.5,5.5,-82.02,7.4558,-100,76.7,27.97,1.031971,0.666983,4.043,0.1511
2012,-100,-100.0,40.0,1.5,7.0,-81.89,8.2047,-100,76.74,27.93,1.02289,0.658851,3.5536,0.1833
2014,-100,-100.0,40.0,1.5,10.0,-81.96,10.3967,-100,77.48,27.03,1.149651,0.711643,3.9922,0.1608
2013,-100,-100.0,40.0,1.5,8.5,-82.06,9.5053,-100,76.84,27.79,1.112575,0.698078,3.6617,0.1758
2015,-100,-100.0,40.0,1.5,11.5,-81.71,11.5185,-100,78.18,26.19,1.301884,0.822713,4.5622,0.1475
2016,-100,-100.0,40.0,1.5,13.0,-80.95,12.7329,-100,78.16,26.21,1.292809,0.786404,3.7179,0.1674
2017,-100,-100.0,40.0,1.75,1.0,-78.86,5.8588,-92,75.66,29.2,0.971371,0.653794,4.5814,0.1441
2018,-100,-100.0,40.0,1.75,2.5,-79.31,5.7181,-96,76.33,28.4,0.992086,0.622772,2.7048,0.1891
2020,-100,-100.0,40.0,1.75,5.5,-79.26,7.7942,-100,76.68,27.97,0.99783,0.613316,2.5346,0.1866
2019,-100,-100.0,40.0,1.75,4.0,-79.72,6.3207,-100,77.14,27.43,1.101105,0.781077,5.4885,0.1553
2022,-100,-100.0,40.0,1.75,8.5,-79.02,9.606,-100,77.22,27.34,1.095399,0.732246,4.1106,0.1528
2021,-100,-100.0,40.0,1.75,7.0,-79.66,8.5329,-100,76.72,27.94,1.075217,0.670844,3.197,0.1773
2023,-100,-100.0,40.0,1.75,10.0,-78.71,10.9442,-100,76.88,27.75,1.095085,0.700002,3.5916,0.1657
2024,-100,-100.0,40.0,1.75,11.5,-79.5,12.0632,-100,77.39,27.12,1.185941,0.757201,3.9024,0.1452
2025,-100,-100.0,40.0,1.75,13.0,-78.78,13.1393,-100,77.79,26.65,1.205581,0.726444,2.6779,0.1757
2026,-100,-100.0,40.0,2.0,1.0,-76.39,5.6721,-88,77.44,27.07,1.09437,0.763876,5.3596,0.1202
2027,-100,-100.0,40.0,2.0,2.5,-76.24,6.3918,-92,76.04,28.75,1.016901,0.669989,4.0206,0.178
2028,-100,-100.0,40.0,2.0,4.0,-76.35,7.363,-100,76.28,28.46,1.010099,0.631237,3.1459,0.1958
2029,-100,-100.0,40.0,2.0,5.5,-75.78,8.1133,-100,76.18,28.59,0.963245,0.677755,4.8911,0.1503
2030,-100,-100.0,40.0,2.0,7.0,-76.14,8.9411,-100,75.59,29.29,1.017961,0.693744,4.6892,0.1449
2031,-100,-100.0,40.0,2.0,8.5,-75.94,10.3007,-100,76.53,28.17,1.162406,0.820833,6.5685,0.1521
2032,-100,-100.0,40.0,2.0,10.0,-75.99,11.4867,-100,76.61,28.07,1.03382,0.644141,2.936,0.1932
2034,-100,-100.0,40.0,2.0,13.0,-75.2,14.0105,-100,77.49,27.01,1.126879,0.780307,5.2119,0.1289
2033,-100,-100.0,40.0,2.0,11.5,-76.07,12.6778,-100,76.92,27.7,1.095894,0.678399,2.7782,0.1751
2035,-100,-100.0,40.0,2.25,1.0,-73.77,6.3539,-88,76.55,28.13,1.061981,0.7434,5.381,0.1516
2036,-100,-100.0,40.0,2.25,2.5,-74.0,7.473,-94,76.09,28.69,0.959705,0.689975,4.8302,0.1457
2037,-100,-100.0,40.0,2.25,4.0,-73.09,7.9489,-100,76.91,27.71,1.017335,0.656579,3.5197,0.1678
2038,-100,-100.0,40.0,2.25,5.5,-73.21,9.0522,-100,76.07,28.72,0.958473,0.664434,4.5194,0.1365
2039,-100,-100.0,40.0,2.25,7.0,-73.2,9.6166,-100,76.79,27.86,1.066449,0.666353,3.3736,0.1878
2040,-100,-100.0,40.0,2.25,8.5,-73.41,10.5934,-100,76.24,28.5,1.001909,0.649321,3.2165,0.1845
2041,-100,-100.0,40.0,2.25,10.0,-73.33,12.114,-100,76.25,28.49,1.041583,0.711238,4.5455,0.1653
2042,-100,-100.0,40.0,2.25,11.5,-73.16,12.9054,-100,76.8,27.85,1.033103,0.693145,4.3401,0.1631
2043,-100,-100.0,40.0,2.25,13.0,-72.92,13.9446,-100,77.25,27.3,1.083203,0.6797,3.3292,0.1488
2044,-100,-100.0,40.0,2.5,1.0,-71.04,7.4012,-87,76.71,27.95,0.995941,0.632666,2.8785,0.179
2046,-100,-100.0,40.0,2.5,4.0,-70.06,8.0409,-93,75.8,29.05,0.974483,0.639307,3.8608,0.1697
2045,-100,-100.0,40.0,2.5,2.5,-70.77,7.7927,-91,77.15,27.42,1.087057,0.743687,4.8857,0.1418
2047,-100,-100.0,40.0,2.5,5.5,-70.94,9.0005,-100,76.71,27.94,1.004796,0.645882,3.1795,0.1809
2048,-100,-100.0,40.0,2.5,7.0,-70.32,9.7356,-100,77.82,26.61,1.142227,0.831752,6.0638,0.1408
2049,-100,-100.0,40.0,2.5,8.5,-70.6,10.9953,-100,76.43,28.29,1.003912,0.62838,2.7693,0.1809
2050,-100,-100.0,40.0,2.5,10.0,-70.51,12.167,-100,76.13,28.65,0.982315,0.607533,2.2488,0.1988
2051,-100,-100.0,40.0,2.5,11.5,-70.22,13.4265,-100,75.53,29.36,0.962137,0.63057,3.7148,0.1664
2052,-100,-100.0,40.0,2.5,13.0,-70.33,14.9103,-100,77.25,27.3,1.076982,0.69993,3.6325,0.1514
2054,-100,-100.0,40.0,2.75,2.5,-67.77,8.3645,-88,76.42,28.3,0.994127,0.660735,4.0667,0.1731
2053,-100,-100.0,40.0,2.75,1.0,-67.94,7.6149,-82,76.48,28.23,1.017566,0.647141,3.3702,0.1828
2057,-100,-100.0,40.0,2.75,7.0,-67.59,10.6878,-100,75.95,28.85,1.013413,0.724988,5.302,0.1479
2056,-100,-100.0,40.0,2.75,5.5,-67.67,9.8306,-97,75.56,29.32,0.93585,0.628321,3.7539,0.1764
2055,-100,-100.0,40.0,2.75,4.0,-67.71,8.2773,-90,76.34,28.39,0.998607,0.635727,3.3539,0.1854
2058,-100,-100.0,40.0,2.75,8.5,-67.82,11.7388,-100,76.39,28.33,1.024804,0.701574,4.7582,0.1698
2060,-100,-100.0,40.0,2.75,11.5,-68.14,14.1115,-100,76.2,28.56,1.027615,0.654873,3.0514,0.1796
2059,-100,-100.0,40.0,2.75,10.0,-67.48,13.0099,-100,76.21,28.54,1.031674,0.692338,4.3242,0.1573
2061,-100,-100.0,40.0,2.75,13.0,-67.06,14.9046,-100,76.18,28.57,1.026627,0.694586,4.5234,0.1617
2062,-100,-100.0,40.0,3.0,1.0,-64.92,8.5591,-80,76.57,28.12,1.055496,0.6748,4.2265,0.1672
2063,-100,-100.0,40.0,3.0,2.5,-65.06,9.6011,-85,75.82,29.01,0.989549,0.665448,4.402,0.1913
2064,-100,-100.0,40.0,3.0,4.0,-64.99,8.8562,-88,76.7,27.96,0.999452,0.643477,3.3266,0.1705
2065,-100,-100.0,40.0,3.0,5.5,-64.61,9.8522,-95,76.02,28.77,0.950356,0.650003,4.3656,0.1535
2066,-100,-100.0,40.0,3.0,7.0,-64.71,11.0125,-98,76.37,28.35,1.005336,0.643795,3.1464,0.1771
2067,-100,-100.0,40.0,3.0,8.5,-64.45,12.4218,-100,76.33,28.4,0.985169,0.647885,3.849,0.1741
2068,-100,-100.0,40.0,3.0,10.0,-64.79,13.16,-100,76.34,28.39,0.973278,0.681956,4.1784,0.171
2069,-100,-100.0,40.0,3.0,11.5,-64.78,14.6088,-100,76.8,27.84,1.002892,0.635153,3.1346,0.1731
2070,-100,-100.0,40.0,3.0,13.0,-64.92,15.6564,-100,77.0,27.6,1.039802,0.668247,3.2967,0.1541
2071,-100,-100.0,40.0,3.25,1.0,-61.79,9.4659,-77,76.1,28.68,1.025559,0.715906,5.0306,0.1765
2072,-100,-100.0,40.0,3.25,2.5,-62.46,9.4347,-82,76.22,28.53,0.990737,0.62467,3.2646,0.1891
2073,-100,-100.0,40.0,3.25,4.0,-61.87,10.1586,-89,76.75,27.91,1.022507,0.629819,2.6119,0.1823
2074,-100,-100.0,40.0,3.25,5.5,-61.59,10.8267,-93,76.33,28.41,0.970211,0.639595,3.8721,0.1847
2075,-100,-100.0,40.0,3.25,7.0,-62.19,11.5651,-100,76.09,28.69,0.995958,0.650709,4.0806,0.163
2076,-100,-100.0,40.0,3.25,8.5,-62.06,12.7313,-100,76.19,28.56,1.025462,0.732468,5.3179,0.1479
2077,-100,-100.0,40.0,3.25,10.0,-61.77,13.9371,-100,76.23,28.52,1.049712,0.723811,4.8106,0.17
2078,-100,-100.0,40.0,3.25,11.5,-62.44,14.8361,-100,76.47,28.25,1.031048,0.681611,4.3234,0.1454
2079,-100,-100.0,40.0,3.25,13.0,-61.99,15.883,-100,76.25,28.51,0.984912,0.609902,2.2903,0.1808
2080,-100,-100.0,40.0,3.5,1.0,-59.05,9.8402,-77,76.75,27.9,0.989226,0.635354,3.3373,0.1784
2082,-100,-100.0,40.0,3.5,4.0,-59.28,10.6875,-86,75.98,28.83,0.978683,0.605133,2.3729,0.1938
2081,-100,-100.0,40.0,3.5,2.5,-59.22,10.3742,-81,75.46,29.45,0.971034,0.611863,2.746,0.1752
2083,-100,-100.0,40.0,3.5,5.5,-58.97,11.5937,-91,76.35,28.38,0.976883,0.62757,3.4311,0.1719
2084,-100,-100.0,40.0,3.5,7.0,-59.26,12.5179,-99,76.01,28.79,0.943781,0.609709,3.8548,0.1838
2085,-100,-100.0,40.0,3.5,8.5,-59.04,13.2579,-100,76.45,28.26,1.026485,0.623951,2.5571,0.1866
2086,-100,-100.0,40.0,3.5,10.0,-59.09,14.0185,-100,75.9,28.92,1.030471,0.683653,4.5729,0.1676
2087,-100,-100.0,40.0,3.5,11.5,-59.01,15.5544,-100,76.18,28.58,0.951948,0.631575,3.8917,0.1786
2089,-100,-100.0,40.0,3.75,1.0,-56.19,10.0705,-75,76.48,28.23,1.067529,0.858501,7.2035,0.1419
2088,-100,-100.0,40.0,3.5,13.0,-59.1,16.1725,-100,76.52,28.17,0.983574,0.611288,2.6499,0.1767
2090,-100,-100.0,40.0,3.75,2.5,-55.59,11.3781,-78,76.3,28.45,1.072463,0.724305,4.8533,0.166
2091,-100,-100.0,40.0,3.75,4.0,-56.86,11.5697,-86,76.41,28.31,1.058876,0.700256,4.2369,0.159
2092,-100,-100.0,40.0,3.75,5.5,-56.65,11.6696,-96,76.53,28.16,0.9987,0.625954,3.1501,0.1743
2093,-100,-100.0,40.0,3.75,7.0,-56.2,13.2385,-92,76.23,28.51,0.980534,0.612736,2.3108,0.2052
2094,-100,-100.0,40.0,3.75,8.5,-56.55,13.4669,-100,75.13,29.84,0.960969,0.602522,2.7182,0.1851
2095,-100,-100.0,40.0,3.75,10.0,-56.35,14.3941,-100,76.37,28.36,0.988914,0.627353,2.9181,0.187
2096,-100,-100.0,40.0,3.75,11.5,-55.88,15.9716,-100,76.23,28.53,1.012315,0.663929,3.831,0.1656
2097,-100,-100.0,40.0,3.75,13.0,-56.31,16.8317,-100,76.58,28.1,1.070653,0.750911,5.4432,0.1609
2098,-100,-100.0,40.0,4.0,1.0,-53.21,11.2757,-70,76.99,27.61,0.994321,0.629092,2.5361,0.1876
2099,-100,-100.0,40.0,4.0,2.5,-53.5,11.1884,-75,76.53,28.16,0.951771,0.629121,3.766,0.1596
2100,-100,-100.0,40.0,4.0,4.0,-53.26,12.138,-81,75.87,28.96,0.982447,0.731902,5.8562,0.1217
2101,-100,-100.0,40.0,4.0,5.5,-52.92,13.1775,-87,75.98,28.82,0.960869,0.599269,2.4873,0.1766
2102,-100,-100.0,40.0,4.0,7.0,-53.0,13.6122,-96,76.06,28.73,0.977769,0.621607,2.3408,0.1899
2103,-100,-100.0,40.0,4.0,8.5,-53.06,14.4038,-100,76.3,28.44,0.984868,0.615678,2.7884,0.1767
2104,-100,-100.0,40.0,4.0,10.0,-53.26,15.2229,-100,76.8,27.84,0.99268,0.64766,3.8148,0.1642
2105,-100,-100.0,40.0,4.0,11.5,-53.29,16.696,-100,76.35,28.37,0.978795,0.624688,3.5259,0.1799
2106,-100,-100.0,40.0,4.0,13.0,-52.97,17.2426,-100,76.03,28.77,0.960648,0.597597,2.2868,0.1958
2107,-100,-100.0,40.0,4.25,1.0,-50.65,12.6802,-70,76.47,28.23,0.988636,0.717264,5.5286,0.1423
2108,-100,-100.0,40.0,4.25,2.5,-50.44,12.6804,-75,76.97,27.64,1.017609,0.708418,4.3034,0.1508
2109,-100,-100.0,40.0,4.25,4.0,-50.72,12.7179,-80,75.97,28.84,0.954007,0.625762,3.4564,0.1826
2110,-100,-100.0,40.0,4.25,5.5,-50.33,12.9474,-85,75.52,29.39,0.944324,0.599873,2.6116,0.178
2112,-100,-100.0,40.0,4.25,8.5,-49.63,14.6438,-94,76.21,28.54,0.975933,0.647173,3.9284,0.1715
2111,-100,-100.0,40.0,4.25,7.0,-50.48,13.2663,-93,76.47,28.24,1.076561,0.784391,6.282,0.1475
2113,-100,-100.0,40.0,4.25,10.0,-50.85,15.5606,-100,76.81,27.82,1.003944,0.626433,2.6073,0.1822
2114,-100,-100.0,40.0,4.25,11.5,-50.3,16.4419,-100,76.24,28.5,0.954026,0.601703,2.8137,0.1729
2115,-100,-100.0,40.0,4.25,13.0,-50.04,17.5415,-100,76.26,28.49,1.003468,0.632931,2.7512,0.1764
2116,-100,-100.0,40.0,4.5,1.0,-47.59,12.9382,-69,76.27,28.48,0.982912,0.629816,3.4116,0.1776
2117,-100,-100.0,40.0,4.5,2.5,-47.79,12.4114,-71,76.07,28.72,0.976449,0.634274,4.1862,0.1669
2118,-100,-100.0,40.0,4.5,4.0,-47.14,13.2511,-75,76.46,28.25,1.001162,0.626771,3.1012,0.1779
2120,-100,-100.0,40.0,4.5,7.0,-47.48,14.3588,-94,76.34,28.38,1.008099,0.634672,3.4297,0.174
2119,-100,-100.0,40.0,4.5,5.5,-47.09,13.9162,-82,76.32,28.41,0.994068,0.615633,2.4971,0.2016
2121,-100,-100.0,40.0,4.5,8.5,-47.43,15.3808,-100,76.37,28.35,0.992771,0.656933,3.9668,0.1544
2122,-100,-100.0,40.0,4.5,10.0,-47.53,16.0986,-100,75.27,29.69,0.945359,0.637711,3.84,0.1767
2123,-100,-100.0,40.0,4.5,11.5,-47.24,17.2309,-100,75.73,29.11,0.946506,0.613405,3.2579,0.1693
2124,-100,-100.0,40.0,4.5,13.0,-47.4,18.2778,-100,75.54,29.36,0.94483,0.589698,2.6865,0.1972
2125,-100,-100.0,40.0,4.75,1.0,-44.81,13.171,-66,75.92,28.9,0.99114,0.62448,3.0024,0.1786
2126,-100,-100.0,40.0,4.75,2.5,-44.95,13.9828,-71,75.91,28.9,0.994027,0.62734,3.1826,0.178
2127,-100,-100.0,40.0,4.75,4.0,-44.37,13.9379,-75,75.65,29.23,1.010671,0.698141,5.0332,0.1625
2128,-100,-100.0,40.0,4.75,5.5,-44.41,14.3902,-79,76.01,28.79,0.956486,0.599235,2.9683,0.1766
2129,-100,-100.0,40.0,4.75,7.0,-44.58,14.6833,-84,76.21,28.55,1.013204,0.684955,4.3581,0.1863
2130,-100,-100.0,40.0,4.75,8.5,-44.85,16.4523,-97,75.41,29.51,0.937109,0.597688,3.1712,0.193
2131,-100,-100.0,40.0,4.75,10.0,-44.29,16.3895,-97,75.73,29.12,0.954433,0.602981,2.7412,0.1975
2132,-100,-100.0,40.0,4.75,11.5,-44.57,17.4429,-99,76.58,28.1,1.00917,0.619265,2.5158,0.1826
2133,-100,-100.0,40.0,4.75,13.0,-45.32,18.6381,-100,75.8,29.04,0.94244,0.588945,2.6617,0.1748
2134,-100,-100.0,40.0,5.0,1.0,-42.31,14.571,-65,76.42,28.3,1.011909,0.703043,5.0108,0.1533
2135,-100,-100.0,40.0,5.0,2.5,-41.01,15.1531,-68,75.84,28.99,0.977776,0.653729,4.6997,0.1601
2136,-100,-100.0,40.0,5.0,4.0,-41.99,15.131,-72,76.04,28.76,1.005443,0.692799,4.8254,0.1676
2138,-100,-100.0,40.0,5.0,7.0,-41.23,15.8636,-87,75.33,29.61,0.965576,0.652501,4.4951,0.1699
2137,-100,-100.0,40.0,5.0,5.5,-41.84,15.1747,-85,76.55,28.15,0.957677,0.590852,2.582,0.1803
2139,-100,-100.0,40.0,5.0,8.5,-42.09,16.6373,-93,76.3,28.43,0.990495,0.680507,4.572,0.1319
2140,-100,-100.0,40.0,5.0,10.0,-41.99,17.9042,-96,76.25,28.5,0.954566,0.609887,3.4245,0.1791
2141,-100,-100.0,40.0,5.0,11.5,-41.18,18.7067,-100,76.5,28.2,1.02142,0.683271,4.6487,0.172
2142,-100,-100.0,40.0,5.0,13.0,-41.51,19.1642,-100,75.87,28.95,0.966902,0.61687,3.1741,0.1921
2143,-100,-100.0,50.0,1.0,1.0,-86.86,3.3764,-97,75.67,29.21,1.008995,0.696711,4.8856,0.1538
2144,-100,-100.0,50.0,1.0,2.5,-87.19,3.9396,-100,76.88,27.74,1.07538,0.762314,5.3678,0.1405
2145,-100,-100.0,50.0,1.0,4.0,-86.78,5.2174,-100,76.3,28.44,1.013923,0.634851,4.1189,0.1613
2146,-100,-100.0,50.0,1.0,5.5,-86.25,6.2346,-100,77.13,27.44,1.127407,0.836244,5.5814,0.1221
2147,-100,-100.0,50.0,1.0,7.0,-86.6,7.3922,-100,77.88,26.55,1.205481,0.728526,2.5304,0.187
2148,-100,-100.0,50.0,1.0,8.5,-86.33,8.4179,-100,77.34,27.18,1.200341,0.752116,4.5859,0.1661
2149,-100,-100.0,50.0,1.0,10.0,-85.67,9.7447,-100,77.63,26.84,1.328492,0.875607,5.8194,0.1484
2150,-100,-100.0,50.0,1.0,11.5,-85.57,10.6133,-100,77.73,26.72,1.326737,0.746504,2.9113,0.1761
2151,-100,-100.0,50.0,1.0,13.0,-85.31,11.4123,-100,78.29,26.05,1.354769,0.767404,3.0802,0.1757
2152,-100,-100.0,50.0,1.25,1.0,-83.96,4.2676,-97,77.02,27.58,1.069444,0.674827,3.4984,0.1784
2153,-100,-100.0,50.0,1.25,2.5,-83.93,4.6117,-99,76.46,28.25,1.049895,0.648093,2.755,0.197
2154,-100,-100.0,50.0,1.25,4.0,-84.49,5.5218,-100,77.09,27.48,1.086074,0.69705,4.1477,0.1715
2155,-100,-100.0,50.0,1.25,5.5,-83.72,6.9215,-100,76.78,27.85,1.063873,0.679925,3.3783,0.171
2156,-100,-100.0,50.0,1.25,7.0,-83.55,7.9835,-100,77.68,26.79,1.142072,0.688345,2.2501,0.186
2157,-100,-100.0,50.0,1.25,8.5,-83.24,8.794,-100,76.81,27.84,1.128769,0.686153,3.1527,0.1769
2158,-100,-100.0,50.0,1.25,10.0,-83.26,10.1359,-100,77.69,26.76,1.187105,0.714779,3.0452,0.1647
2159,-100,-100.0,50.0,1.25,11.5,-82.66,11.3808,-100,78.25,26.1,1.297644,0.816386,4.8866,0.1644
2160,-100,-100.0,50.0,1.25,13.0,-82.89,12.3399,-100,78.36,25.96,1.31141,0.790486,3.926,0.1576
2162,-100,-100.0,50.0,1.5,2.5,-81.0,5.2623,-98,77.2,27.37,1.074905,0.732025,5.18,0.1629
2161,-100,-100.0,50.0,1.5,1.0,-80.38,4.9593,-91,76.66,28.0,1.016456,0.686588,4.6666,0.1602
2163,-100,-100.0,50.0,1.5,4.0,-80.67,6.1061,-100,76.84,27.8,1.052471,0.651704,2.9529,0.1806
2164,-100,-100.0,50.0,1.5,5.5,-80.73,7.0359,-100,76.32,28.42,1.035319,0.639253,2.8757,0.1678
2165,-100,-100.0,50.0,1.5,7.0,-80.91,8.2782,-100,76.96,27.66,1.056807,0.677468,3.7273,0.1706
2166,-100,-100.0,50.0,1.5,8.5,-80.67,9.5747,-100,77.48,27.02,1.116253,0.744339,4.338,0.1487
2167,-100,-100.0,50.0,1.5,10.0,-80.15,10.6231,-100,76.59,28.09,1.080317,0.667235,2.4596,0.1963
2168,-100,-100.0,50.0,1.5,11.5,-79.95,11.8927,-100,77.81,26.64,1.177792,0.734983,3.4738,0.1648
2169,-100,-100.0,50.0,1.5,13.0,-79.98,13.0545,-100,77.98,26.43,1.253569,0.80028,4.3384,0.1334
2170,-100,-100.0,50.0,1.75,1.0,-77.57,5.5332,-88,76.59,28.1,0.98788,0.662147,3.9351,0.1777
2172,-100,-100.0,50.0,1.75,4.0,-77.39,6.4297,-100,75.15,29.83,0.971062,0.622573,3.6438,0.201
2171,-100,-100.0,50.0,1.75,2.5,-77.23,6.0886,-95,76.05,28.74,0.991645,0.664546,4.1237,0.1837
2173,-100,-100.0,50.0,1.75,5.5,-77.62,7.8279,-100,75.36,29.56,0.956081,0.619037,3.4104,0.1903
2174,-100,-100.0,50.0,1.75,7.0,-77.98,8.7946,-100,76.96,27.66,1.039869,0.711903,4.4101,0.1446
2175,-100,-100.0,50.0,1.75,8.5,-77.1,9.8685,-100,76.86,27.77,1.076613,0.726704,4.4814,0.1654
2176,-100,-100.0,50.0,1.75,10.0,-77.28,10.9788,-100,76.5,28.19,1.049051,0.702284,4.0969,0.1743
2177,-100,-100.0,50.0,1.75,11.5,-77.33,12.2886,-100,77.25,27.3,1.139482,0.715565,3.7595,0.1663
2178,-100,-100.0,50.0,1.75,13.0,-76.49,13.3475,-100,77.64,26.83,1.152182,0.708095,3.138,0.1494
2179,-100,-100.0,50.0,2.0,1.0,-74.3,6.4424,-87,76.11,28.67,0.993819,0.659373,4.0502,0.1602
2180,-100,-100.0,50.0,2.0,2.5,-74.38,6.5078,-95,76.57,28.12,1.019229,0.652375,3.4753,0.1856
2181,-100,-100.0,50.0,2.0,4.0,-74.07,7.3764,-96,76.53,28.17,1.035296,0.67207,3.6412,0.1783
2182,-100,-100.0,50.0,2.0,5.5,-74.13,8.2787,-100,76.0,28.8,1.008523,0.648679,3.9567,0.1555
2184,-100,-100.0,50.0,2.0,8.5,-74.39,10.2311,-100,76.28,28.46,0.98388,0.612543,2.4348,0.1878
2183,-100,-100.0,50.0,2.0,7.0,-74.65,8.9272,-100,76.99,27.61,1.045992,0.625685,1.6968,0.2001
2185,-100,-100.0,50.0,2.0,10.0,-74.18,11.7201,-100,76.05,28.73,1.046304,0.661698,3.6623,0.1864
2186,-100,-100.0,50.0,2.0,11.5,-74.05,12.9229,-100,76.49,28.22,1.047836,0.645844,2.4395,0.1769
2187,-100,-100.0,50.0,2.0,13.0,-73.77,14.1505,-100,77.18,27.38,1.098121,0.702766,4.0736,0.1761
2188,-100,-100.0,50.0,2.25,1.0,-70.84,6.7186,-84,76.91,27.72,1.031749,0.676028,3.9966,0.16
2189,-100,-100.0,50.0,2.25,2.5,-71.06,7.1011,-89,76.31,28.44,1.00116,0.645042,3.2871,0.1723
2190,-100,-100.0,50.0,2.25,4.0,-71.23,7.7377,-95,76.02,28.78,0.989507,0.613879,2.6323,0.1805
2191,-100,-100.0,50.0,2.25,5.5,-71.28,8.5659,-99,76.43,28.28,1.008858,0.671852,4.1578,0.1807
2192,-100,-100.0,50.0,2.25,7.0,-71.26,9.4518,-100,76.5,28.21,1.009548,0.636689,3.2058,0.1709
2194,-100,-100.0,50.0,2.25,10.0,-71.26,11.9374,-100,76.67,27.99,1.000416,0.643894,3.4227,0.1826
2193,-100,-100.0,50.0,2.25,8.5,-70.99,10.9679,-100,75.58,29.31,0.946477,0.610337,2.78,0.1873
2195,-100,-100.0,50.0,2.25,11.5,-70.58,13.1847,-100,76.95,27.66,1.064048,0.760283,4.9848,0.1514
2196,-100,-100.0,50.0,2.25,13.0,-71.08,14.3319,-100,76.4,28.31,1.029765,0.640002,2.8163,0.1888
2197,-100,-100.0,50.0,2.5,1.0,-67.95,7.1164,-81,76.86,27.77,1.017271,0.627716,1.9215,0.2016
2198,-100,-100.0,50.0,2.5,2.5,-68.0,7.5125,-86,76.18,28.59,1.002402,0.648257,3.6285,0.1489
2199,-100,-100.0,50.0,2.5,4.0,-68.69,8.3992,-93,76.58,28.1,1.053922,0.715826,4.3868,0.181
2200,-100,-100.0,50.0,2.5,5.5,-67.73,9.2549,-96,76.39,28.33,1.008423,0.613938,2.138,0.1923
2201,-100,-100.0,50.0,2.5,7.0,-68.64,10.0561,-100,76.85,27.77,1.040503,0.635844,2.2083,0.1921
2202,-100,-100.0,50.0,2.5,8.5,-67.84,11.1697,-100,76.27,28.48,0.995246,0.615345,2.4173,0.1963
2203,-100,-100.0,50.0,2.5,10.0,-67.74,12.6518,-100,76.2,28.57,0.997009,0.67032,3.9497,0.165
2204,-100,-100.0,50.0,2.5,11.5,-67.95,13.5847,-100,76.26,28.49,0.980532,0.618556,2.4718,0.1727
2205,-100,-100.0,50.0,2.5,13.0,-68.22,14.758,-100,76.49,28.21,1.019744,0.639931,3.1028,0.165
2206,-100,-100.0,50.0,2.75,1.0,-65.41,7.7862,-81,76.52,28.17,1.062689,0.700311,4.2199,0.1625
2207,-100,-100.0,50.0,2.75,2.5,-64.78,8.0523,-85,76.39,28.32,0.996534,0.616207,2.4517,0.2012
2208,-100,-100.0,50.0,2.75,4.0,-64.9,9.3687,-91,76.41,28.3,1.014759,0.664939,3.9542,0.1681
2209,-100,-100.0,50.0,2.75,5.5,-65.12,9.4464,-96,76.48,28.24,1.036458,0.692767,4.3417,0.1738
2210,-100,-100.0,50.0,2.75,7.0,-64.62,10.5659,-100,75.9,28.91,0.962086,0.630016,3.6637,0.1849
2211,-100,-100.0,50.0,2.75,8.5,-64.97,11.5302,-100,76.86,27.78,0.992939,0.614817,2.1122,0.1981
2212,-100,-100.0,50.0,2.75,10.0,-64.45,12.7589,-100,75.75,29.1,0.986871,0.666226,4.3727,0.1636
2213,-100,-100.0,50.0,2.75,11.5,-65.19,13.9949,-100,75.97,28.84,0.997865,0.660457,3.8842,0.1882
2214,-100,-100.0,50.0,2.75,13.0,-64.19,15.1979,-100,77.28,27.27,1.023793,0.658185,3.0,0.1564
2215,-100,-100.0,50.0,3.0,1.0,-62.1,8.479,-78,76.06,28.74,0.972178,0.652921,3.9185,0.1548
2216,-100,-100.0,50.0,3.0,2.5,-62.77,9.1119,-83,76.69,27.97,1.088489,0.707509,4.1883,0.177
2218,-100,-100.0,50.0,3.0,5.5,-62.45,10.2972,-94,75.78,29.06,0.984028,0.62549,3.5279,0.1649
2217,-100,-100.0,50.0,3.0,4.0,-61.96,9.6365,-86,76.55,28.14,0.992427,0.639957,3.1187,0.1822
2219,-100,-100.0,50.0,3.0,7.0,-61.64,10.972,-96,76.0,28.81,0.967043,0.611874,2.5633,0.1814
2220,-100,-100.0,50.0,3.0,8.5,-62.02,12.0393,-100,76.33,28.41,1.013999,0.657938,3.5316,0.1848
2222,-100,-100.0,50.0,3.0,11.5,-61.96,14.3509,-100,76.21,28.55,1.008012,0.681463,4.4526,0.1544
2221,-100,-100.0,50.0,3.0,10.0,-62.38,13.3674,-100,77.16,27.41,1.024535,0.628968,2.9232,0.1778
2223,-100,-100.0,50.0,3.0,13.0,-61.69,15.4428,-100,76.12,28.65,0.967666,0.59489,2.087,0.2076
2224,-100,-100.0,50.0,3.25,1.0,-58.72,9.4446,-74,76.48,28.23,0.998804,0.640797,3.1148,0.1621
2225,-100,-100.0,50.0,3.25,2.5,-58.63,9.8048,-80,75.41,29.5,1.009939,0.669149,4.2991,0.1819
2227,-100,-100.0,50.0,3.25,5.5,-59.27,10.5714,-91,76.16,28.61,0.966303,0.638661,3.554,0.1814
2226,-100,-100.0,50.0,3.25,4.0,-59.14,9.9487,-87,76.39,28.32,1.002178,0.625772,3.0345,0.1757
2228,-100,-100.0,50.0,3.25,7.0,-58.87,11.8167,-96,75.42,29.49,0.959351,0.664905,4.6308,0.1476
2229,-100,-100.0,50.0,3.25,8.5,-58.88,12.8267,-100,76.45,28.26,0.968236,0.620583,3.2957,0.1719
2230,-100,-100.0,50.0,3.25,10.0,-58.7,13.1037,-100,76.24,28.52,1.035418,0.761402,5.993,0.1323
2231,-100,-100.0,50.0,3.25,11.5,-58.86,14.889,-100,75.81,29.02,0.98677,0.703301,5.2013,0.1419
2232,-100,-100.0,50.0,3.25,13.0,-58.7,15.7227,-100,76.94,27.67,1.011654,0.690889,4.1922,0.1397
2233,-100,-100.0,50.0,3.5,1.0,-55.63,9.8062,-71,75.67,29.18,0.957866,0.613911,3.1829,0.1744
2234,-100,-100.0,50.0,3.5,2.5,-55.55,10.7189,-75,76.18,28.59,1.012388,0.661306,4.0383,0.1687
2235,-100,-100.0,50.0,3.5,4.0,-55.56,11.0442,-81,76.48,28.22,0.994195,0.63505,3.1781,0.1664
2236,-100,-100.0,50.0,3.5,5.5,-55.58,11.4842,-89,76.7,27.96,1.026411,0.6721,3.823,0.1712
2238,-100,-100.0,50.0,3.5,8.5,-55.99,13.2384,-100,75.64,29.22,0.952969,0.605945,3.0076,0.187
2239,-100,-100.0,50.0,3.5,10.0,-56.03,13.9887,-100,76.44,28.27,1.003263,0.666146,3.8635,0.16
2237,-100,-100.0,50.0,3.5,7.0,-55.91,12.1953,-97,76.51,28.18,0.997325,0.616596,2.2065,0.2035
2240,-100,-100.0,50.0,3.5,11.5,-55.43,15.5459,-100,76.05,28.74,0.996408,0.632863,3.2397,0.188
2241,-100,-100.0,50.0,3.5,13.0,-55.89,16.5505,-100,76.11,28.66,0.961467,0.613568,3.1883,0.1886
2242,-100,-100.0,50.0,3.75,1.0,-52.83,10.2197,-71,75.97,28.83,1.059538,0.704848,4.9532,0.1671
2243,-100,-100.0,50.0,3.75,2.5,-52.67,11.574,-75,76.07,28.72,0.970607,0.695606,5.1418,0.1611
2244,-100,-100.0,50.0,3.75,4.0,-52.33,11.1012,-81,76.23,28.53,0.974256,0.612472,2.7949,0.1746
2245,-100,-100.0,50.0,3.75,5.5,-52.5,11.9468,-83,76.58,28.11,1.015678,0.666338,3.95,0.1583
2246,-100,-100.0,50.0,3.75,7.0,-52.52,12.8856,-92,75.64,29.23,0.951214,0.649542,4.4038,0.1571
2247,-100,-100.0,50.0,3.75,8.5,-52.68,13.1223,-95,75.1,29.88,0.94735,0.637166,4.4056,0.1793
2248,-100,-100.0,50.0,3.75,10.0,-52.1,14.2491,-99,77.0,27.6,1.045801,0.665884,3.333,0.1838
2251,-100,-100.0,50.0,4.0,1.0,-49.58,11.7494,-68,75.81,29.04,0.960989,0.610986,2.912,0.1944
2249,-100,-100.0,50.0,3.75,11.5,-52.28,15.7568,-100,76.49,28.22,0.986642,0.651019,3.7499,0.1697
2250,-100,-100.0,50.0,3.75,13.0,-52.14,16.8274,-100,75.56,29.33,1.001629,0.679564,4.9984,0.1775
2252,-100,-100.0,50.0,4.0,2.5,-49.35,12.0914,-74,76.23,28.52,0.970406,0.704722,5.2243,0.1307
2253,-100,-100.0,50.0,4.0,4.0,-49.0,12.6091,-77,75.81,29.03,0.927976,0.607683,3.5575,0.1843
2254,-100,-100.0,50.0,4.0,5.5,-49.77,12.6722,-82,76.08,28.69,0.963209,0.60023,2.4639,0.1807
2255,-100,-100.0,50.0,4.0,7.0,-49.29,13.2061,-87,75.76,29.08,0.928137,0.587923,2.8065,0.2011
2256,-100,-100.0,50.0,4.0,8.5,-49.54,13.8824,-93,76.05,28.74,0.96208,0.607034,2.5045,0.1915
2257,-100,-100.0,50.0,4.0,10.0,-49.42,15.2466,-96,76.42,28.3,1.003336,0.644535,3.1738,0.1989
2258,-100,-100.0,50.0,4.0,11.5,-49.28,15.6162,-100,75.76,29.09,1.048583,0.759742,5.5431,0.1598
2259,-100,-100.0,50.0,4.0,13.0,-49.37,17.1392,-100,76.45,28.26,0.997673,0.622916,2.8612,0.1797
2260,-100,-100.0,50.0,4.25,1.0,-46.44,12.6563,-66,76.53,28.16,0.998056,0.660594,3.4476,0.1735
2263,-100,-100.0,50.0,4.25,5.5,-45.93,12.9556,-81,75.88,28.95,0.945153,0.602757,2.3678,0.1823
2261,-100,-100.0,50.0,4.25,2.5,-45.8,12.8772,-70,76.73,27.92,0.991882,0.629814,2.9621,0.1901
2262,-100,-100.0,50.0,4.25,4.0,-45.84,12.6945,-77,76.68,27.98,0.972495,0.620574,3.3444,0.1681
2264,-100,-100.0,50.0,4.25,7.0,-45.83,13.7441,-93,76.42,28.3,1.008583,0.630031,2.9977,0.1768
2265,-100,-100.0,50.0,4.25,8.5,-45.92,14.9744,-95,75.29,29.65,0.949508,0.636326,4.4359,0.165
2266,-100,-100.0,50.0,4.25,10.0,-45.79,16.1844,-100,76.23,28.52,0.987698,0.619663,2.8271,0.2023
2267,-100,-100.0,50.0,4.25,11.5,-45.97,16.9427,-100,76.33,28.41,0.956322,0.654632,4.2351,0.1673
2268,-100,-100.0,50.0,4.25,13.0,-46.03,17.4365,-100,75.63,29.26,0.946968,0.614175,2.9111,0.1843
2269,-100,-100.0,50.0,4.5,1.0,-42.93,12.3287,-62,76.21,28.54,0.990055,0.640491,3.6192,0.176
2270,-100,-100.0,50.0,4.5,2.5,-43.15,13.0354,-66,76.37,28.36,1.010692,0.638344,3.3279,0.1643
2271,-100,-100.0,50.0,4.5,4.0,-42.88,14.1409,-74,76.64,28.04,1.004583,0.665671,3.9527,0.1762
2272,-100,-100.0,50.0,4.5,5.5,-43.4,14.1339,-84,76.02,28.77,0.945533,0.62263,3.7785,0.1923
2273,-100,-100.0,50.0,4.5,7.0,-43.47,14.4134,-85,76.49,28.21,0.981545,0.635686,3.2909,0.1736
2274,-100,-100.0,50.0,4.5,8.5,-43.27,16.095,-93,76.05,28.73,0.974393,0.629948,3.5547,0.1759
2275,-100,-100.0,50.0,4.5,10.0,-42.93,16.7738,-97,76.12,28.66,0.991016,0.642676,4.0703,0.1759
2276,-100,-100.0,50.0,4.5,11.5,-43.23,16.4957,-98,76.5,28.2,0.989029,0.652322,4.1772,0.155
2277,-100,-100.0,50.0,4.5,13.0,-42.82,18.4326,-100,75.7,29.16,1.001837,0.661403,3.9979,0.1528
2278,-100,-100.0,50.0,4.75,1.0,-39.96,13.611,-62,76.62,28.06,0.980755,0.62694,2.9826,0.1691
2279,-100,-100.0,50.0,4.75,2.5,-39.71,14.0059,-66,75.67,29.2,0.95112,0.613522,3.1673,0.191
2280,-100,-100.0,50.0,4.75,4.0,-39.78,14.5987,-69,75.71,29.16,0.918018,0.601062,3.1016,0.1844
2281,-100,-100.0,50.0,4.75,5.5,-40.13,14.2353,-74,76.7,27.96,1.048846,0.736002,5.1132,0.1659
2282,-100,-100.0,50.0,4.75,7.0,-39.97,15.3458,-84,75.98,28.82,0.930318,0.611957,3.8548,0.1867
2283,-100,-100.0,50.0,4.75,8.5,-40.07,15.2852,-90,75.51,29.4,0.96511,0.654366,4.7966,0.1473
2284,-100,-100.0,50.0,4.75,10.0,-40.09,16.7946,-97,76.34,28.39,0.970838,0.588789,2.0544,0.2047
2287,-100,-100.0,50.0,5.0,1.0,-36.92,13.493,-59,76.16,28.61,1.113375,0.835992,7.0113,0.1416
2286,-100,-100.0,50.0,4.75,13.0,-39.58,19.2117,-100,76.31,28.44,0.975287,0.631073,3.4241,0.1846
2285,-100,-100.0,50.0,4.75,11.5,-40.08,18.0228,-99,76.53,28.17,0.98571,0.652404,4.0416,0.1699
2288,-100,-100.0,50.0,5.0,2.5,-36.79,14.7995,-62,75.59,29.29,0.967276,0.643849,4.2642,0.1658
2290,-100,-100.0,50.0,5.0,5.5,-36.97,14.9787,-75,76.01,28.8,0.925721,0.600133,3.6645,0.1727
2289,-100,-100.0,50.0,5.0,4.0,-37.02,15.344,-72,76.0,28.79,0.969575,0.591027,2.0633,0.1826
2291,-100,-100.0,50.0,5.0,7.0,-36.41,15.7527,-80,76.05,28.74,0.954453,0.620106,3.4708,0.181
2292,-100,-100.0,50.0,5.0,8.5,-37.25,16.4819,-83,75.64,29.24,0.936123,0.627266,3.9123,0.1602
2293,-100,-100.0,50.0,5.0,10.0,-36.45,17.4718,-88,75.3,29.65,0.910627,0.612327,3.9466,0.1754
2294,-100,-100.0,50.0,5.0,11.5,-36.98,18.1407,-97,76.41,28.3,0.968765,0.607593,2.7358,0.1839
2295,-100,-100.0,50.0,5.0,13.0,-36.38,18.5956,-100,76.1,28.68,0.974353,0.638771,3.9173,0.1761
2297,-100,-95.0,30.0,1.0,2.5,-89.37,4.1074,-100,77.06,27.53,1.263392,0.8497,5.6773,0.1416
2296,-100,-95.0,30.0,1.0,1.0,-89.23,4.0332,-100,77.51,27.0,1.21644,0.767621,3.8078,0.1586
2298,-100,-95.0,30.0,1.0,4.0,-89.85,4.8519,-100,79.16,25.02,1.425516,0.828366,3.9097,0.11
2299,-100,-95.0,30.0,1.0,5.5,-88.61,6.2762,-100,78.33,26.0,1.409681,0.91389,5.7082,0.1272
2300,-100,-95.0,30.0,1.0,7.0,-88.61,7.1229,-100,78.35,25.98,1.497576,0.883859,5.0326,0.1444
2302,-100,-95.0,30.0,1.0,10.0,-87.8,9.4522,-100,79.62,24.45,1.544132,0.997694,5.7849,0.1045
2301,-100,-95.0,30.0,1.0,8.5,-88.27,8.2645,-100,79.07,25.11,1.544737,0.921396,5.4885,0.1441
2303,-100,-95.0,30.0,1.0,11.5,-87.57,10.2361,-100,78.09,26.29,1.54117,0.917234,5.6566,0.1441
2304,-100,-95.0,30.0,1.0,13.0,-86.39,11.3226,-100,77.43,27.08,1.478864,0.854343,4.8719,0.1488
2305,-100,-95.0,30.0,1.25,1.0,-86.26,4.0611,-97,76.7,27.95,1.060751,0.69604,4.0363,0.1665
2306,-100,-95.0,30.0,1.25,2.5,-86.65,4.7873,-100,77.63,26.84,1.167735,0.731817,3.6835,0.1728
2307,-100,-95.0,30.0,1.25,4.0,-86.31,5.7345,-100,77.28,27.26,1.20404,0.747222,3.9738,0.1581
2310,-100,-95.0,30.0,1.25,8.5,-85.74,8.7307,-100,77.29,27.25,1.331624,0.804736,4.2778,0.1411
2311,-100,-95.0,30.0,1.25,10.0,-86.13,9.627,-100,77.5,27.0,1.478127,0.927697,5.5144,0.126
2308,-100,-95.0,30.0,1.25,5.5,-86.62,6.672,-100,78.51,25.79,1.305029,0.790026,3.7492,0.1469
2309,-100,-95.0,30.0,1.25,7.0,-86.26,7.6979,-100,79.06,25.13,1.418147,0.80473,3.0635,0.1691
2312,-100,-95.0,30.0,1.25,11.5,-85.19,10.9104,-100,79.02,25.18,1.559589,1.087247,6.8479,0.1049
2313,-100,-95.0,30.0,1.25,13.0,-84.9,11.7509,-100,80.38,23.54,1.629092,0.988229,5.3084,0.1183
2314,-100,-95.0,30.0,1.5,1.0,-83.72,4.3396,-95,76.54,28.17,1.049117,0.685199,3.732,0.1747
2315,-100,-95.0,30.0,1.5,2.5,-83.82,5.0798,-99,77.3,27.22,1.047825,0.684899,3.5006,0.1638
2316,-100,-95.0,30.0,1.5,4.0,-83.87,6.0953,-100,76.37,28.37,1.088802,0.723133,4.792,0.1664
2317,-100,-95.0,30.0,1.5,5.5,-83.86,7.1141,-100,77.96,26.46,1.230701,0.784005,4.6336,0.1334
2318,-100,-95.0,30.0,1.5,7.0,-83.74,8.5112,-100,77.43,27.09,1.242666,0.831043,5.3816,0.1437
2319,-100,-95.0,30.0,1.5,8.5,-83.65,9.4364,-100,78.16,26.21,1.315067,0.830185,4.1984,0.158
2320,-100,-95.0,30.0,1.5,10.0,-83.11,10.4288,-100,78.97,25.25,1.433337,0.809823,3.0435,0.1653
2321,-100,-95.0,30.0,1.5,11.5,-82.72,11.4354,-100,79.19,24.97,1.4104,0.86135,4.8624,0.1502
2322,-100,-95.0,30.0,1.5,13.0,-82.34,12.4602,-100,78.44,25.86,1.42999,0.824919,3.7427,0.1576
2324,-100,-95.0,30.0,1.75,2.5,-81.89,5.6309,-98,76.53,28.17,1.028989,0.665568,3.4763,0.1777
2323,-100,-95.0,30.0,1.75,1.0,-81.54,5.2883,-92,75.99,28.81,1.007426,0.65758,3.9526,0.1801
2325,-100,-95.0,30.0,1.75,4.0,-81.4,6.5346,-100,76.85,27.77,1.024747,0.707236,4.6754,0.1496
2326,-100,-95.0,30.0,1.75,5.5,-81.69,7.3077,-100,77.21,27.34,1.127516,0.687835,3.0662,0.1768
2327,-100,-95.0,30.0,1.75,7.0,-80.98,8.378,-100,77.37,27.16,1.147926,0.744615,4.41,0.1542
2328,-100,-95.0,30.0,1.75,8.5,-81.52,9.6605,-100,77.65,26.82,1.240253,0.783774,4.0968,0.1484
2329,-100,-95.0,30.0,1.75,10.0,-80.95,11.0841,-100,76.96,27.65,1.22154,0.822328,5.5004,0.1493
2330,-100,-95.0,30.0,1.75,11.5,-80.96,11.6161,-100,78.46,25.85,1.376309,0.839033,4.3603,0.1394
2331,-100,-95.0,30.0,1.75,13.0,-80.58,12.9266,-100,77.82,26.61,1.391348,0.897656,5.7315,0.1478
2332,-100,-95.0,30.0,2.0,1.0,-78.9,5.9242,-90,76.64,28.04,1.009398,0.671685,4.0165,0.1563
2333,-100,-95.0,30.0,2.0,2.5,-78.72,6.3879,-95,76.66,28.01,1.006044,0.669028,3.8099,0.1524
2334,-100,-95.0,30.0,2.0,4.0,-78.95,7.5066,-100,76.62,28.07,1.021931,0.630476,1.9995,0.1909
2335,-100,-95.0,30.0,2.0,5.5,-78.9,8.1154,-100,77.07,27.52,1.073631,0.681218,3.8764,0.1773
2337,-100,-95.0,30.0,2.0,8.5,-79.05,10.0967,-100,77.21,27.36,1.164949,0.730963,3.7709,0.1691
2336,-100,-95.0,30.0,2.0,7.0,-78.24,9.2566,-100,76.91,27.71,1.088235,0.674305,2.6532,0.1807
2338,-100,-95.0,30.0,2.0,10.0,-78.49,11.1852,-100,77.08,27.49,1.190921,0.816161,5.6163,0.1443
2339,-100,-95.0,30.0,2.0,11.5,-78.25,12.5311,-100,76.89,27.74,1.207069,0.750654,3.7099,0.1873
2340,-100,-95.0,30.0,2.0,13.0,-78.44,13.4296,-100,77.68,26.79,1.291671,0.838409,5.297,0.1454
2341,-100,-95.0,30.0,2.25,1.0,-75.91,6.4107,-88,76.47,28.23,1.018321,0.661367,3.3779,0.1673
2342,-100,-95.0,30.0,2.25,2.5,-76.58,7.6423,-96,76.98,27.63,1.047012,0.661311,3.1659,0.1777
2343,-100,-95.0,30.0,2.25,4.0,-76.77,7.8722,-100,76.01,28.79,1.025136,0.676395,3.9815,0.1677
2346,-100,-95.0,30.0,2.25,8.5,-75.84,10.5531,-100,76.69,27.96,1.209612,0.907014,7.1227,0.1284
2344,-100,-95.0,30.0,2.25,5.5,-76.52,8.4385,-100,76.95,27.65,1.083179,0.689776,3.4117,0.1799
2345,-100,-95.0,30.0,2.25,7.0,-76.34,9.4137,-100,76.32,28.41,1.038063,0.649101,2.9129,0.1946
2349,-100,-95.0,30.0,2.25,13.0,-75.66,13.9397,-100,76.84,27.8,1.14938,0.698112,2.8368,0.1884
2348,-100,-95.0,30.0,2.25,11.5,-76.21,12.6822,-100,77.46,27.05,1.141818,0.770663,4.8865,0.1493
2347,-100,-95.0,30.0,2.25,10.0,-76.23,11.9665,-100,77.09,27.49,1.124572,0.711955,3.6531,0.1763
2350,-100,-95.0,30.0,2.5,1.0,-73.91,7.1861,-86,76.21,28.56,1.01451,0.629128,2.7594,0.1942
2351,-100,-95.0,30.0,2.5,2.5,-73.99,8.1679,-96,76.17,28.59,0.985612,0.606355,2.5403,0.1984
2352,-100,-95.0,30.0,2.5,4.0,-73.7,7.8624,-98,76.05,28.73,0.940226,0.643086,4.3096,0.1489
2353,-100,-95.0,30.0,2.5,5.5,-73.02,9.1808,-100,76.3,28.44,1.01179,0.623239,2.5127,0.2002
2354,-100,-95.0,30.0,2.5,7.0,-73.29,9.704,-100,75.96,28.84,1.034937,0.737498,5.6348,0.1774
2355,-100,-95.0,30.0,2.5,8.5,-73.71,11.3277,-100,75.82,29.03,1.034475,0.672161,3.8746,0.1676
2357,-100,-95.0,30.0,2.5,11.5,-73.5,13.428,-100,76.94,27.66,1.110757,0.736235,4.5453,0.1606
2356,-100,-95.0,30.0,2.5,10.0,-73.2,12.3183,-100,76.76,27.89,1.092571,0.717435,4.1185,0.1713
2358,-100,-95.0,30.0,2.5,13.0,-73.37,14.3555,-100,77.53,26.96,1.187733,0.766199,4.2458,0.1448
2359,-100,-95.0,30.0,2.75,1.0,-71.29,7.5819,-86,76.76,27.9,1.088101,0.791476,6.2073,0.1472
2360,-100,-95.0,30.0,2.75,2.5,-70.9,8.6822,-89,77.04,27.55,1.050985,0.684053,4.0768,0.1747
2361,-100,-95.0,30.0,2.75,4.0,-70.94,8.6914,-95,76.42,28.29,0.988976,0.677814,4.4953,0.1425
2362,-100,-95.0,30.0,2.75,5.5,-71.0,9.5237,-100,76.72,27.93,1.026364,0.685956,4.493,0.1524
2363,-100,-95.0,30.0,2.75,7.0,-71.38,10.7199,-100,76.81,27.83,1.046567,0.691902,4.1791,0.1768
2364,-100,-95.0,30.0,2.75,8.5,-71.04,11.5435,-100,76.06,28.74,1.008584,0.661499,3.8986,0.1698
2365,-100,-95.0,30.0,2.75,10.0,-70.85,12.7867,-100,76.3,28.44,1.032461,0.653274,3.4772,0.1722
2366,-100,-95.0,30.0,2.75,11.5,-70.81,13.7507,-100,77.06,27.54,1.084677,0.671275,3.2347,0.1606
2367,-100,-95.0,30.0,2.75,13.0,-70.2,14.9416,-100,76.77,27.86,1.075607,0.666607,2.8834,0.1821
2368,-100,-95.0,30.0,3.0,1.0,-68.77,9.1365,-84,75.81,29.03,1.010763,0.691773,4.4577,0.1745
2369,-100,-95.0,30.0,3.0,2.5,-69.01,9.3098,-90,75.93,28.88,0.969835,0.617372,2.9894,0.1979
2370,-100,-95.0,30.0,3.0,4.0,-68.51,9.8467,-93,76.54,28.15,1.009329,0.62307,2.4462,0.1979
2371,-100,-95.0,30.0,3.0,5.5,-68.47,9.7368,-99,76.14,28.62,1.031873,0.685011,4.1824,0.1756
2373,-100,-95.0,30.0,3.0,8.5,-68.75,12.176,-100,76.41,28.31,1.021451,0.651677,3.5802,0.1582
2372,-100,-95.0,30.0,3.0,7.0,-68.21,10.9261,-100,76.79,27.85,1.055961,0.703248,4.1894,0.1621
2374,-100,-95.0,30.0,3.0,10.0,-68.58,13.4223,-100,76.68,27.99,1.031377,0.690608,4.0555,0.1639
2376,-100,-95.0,30.0,3.0,13.0,-68.21,15.5731,-100,75.94,28.87,1.031072,0.658188,3.2933,0.1933
2375,-100,-95.0,30.0,3.0,11.5,-68.62,14.4805,-100,77.02,27.57,1.063212,0.677126,3.2728,0.1619
2377,-100,-95.0,30.0,3.25,1.0,-66.19,9.7439,-83,76.16,28.62,1.01426,0.63397,2.704,0.19
2378,-100,-95.0,30.0,3.25,2.5,-66.09,9.5529,-88,76.61,28.06,0.996526,0.639132,2.9276,0.1822
2379,-100,-95.0,30.0,3.25,4.0,-65.91,9.4714,-92,76.89,27.74,1.036579,0.652099,3.1381,0.1669
2381,-100,-95.0,30.0,3.25,7.0,-66.28,11.8516,-100,75.57,29.32,0.94664,0.694238,5.4108,0.1487
2380,-100,-95.0,30.0,3.25,5.5,-65.42,10.4753,-94,76.72,27.93,1.041769,0.702118,4.6895,0.1563
2382,-100,-95.0,30.0,3.25,8.5,-65.99,12.9641,-100,76.45,28.26,1.041973,0.672148,4.0047,0.1733
2383,-100,-95.0,30.0,3.25,10.0,-65.9,13.5861,-100,76.37,28.36,1.082845,0.716254,4.3242,0.1627
2384,-100,-95.0,30.0,3.25,11.5,-65.63,14.872,-100,76.69,27.98,1.066583,0.704377,4.1168,0.1491
2385,-100,-95.0,30.0,3.25,13.0,-65.21,15.4187,-100,76.8,27.84,1.065858,0.697441,4.5289,0.1668
2386,-100,-95.0,30.0,3.5,1.0,-63.87,9.4379,-79,77.19,27.37,1.072566,0.718329,4.3699,0.1426
2387,-100,-95.0,30.0,3.5,2.5,-63.47,9.9755,-84,76.23,28.53,0.977882,0.628561,3.3694,0.1912
2388,-100,-95.0,30.0,3.5,4.0,-63.44,10.9149,-91,76.22,28.54,0.965371,0.616234,2.8993,0.1936
2389,-100,-95.0,30.0,3.5,5.5,-63.41,11.3858,-97,76.55,28.14,1.000163,0.644683,3.9627,0.1673
2390,-100,-95.0,30.0,3.5,7.0,-63.15,11.9342,-100,76.04,28.76,0.976823,0.626004,2.6957,0.1712
2391,-100,-95.0,30.0,3.5,8.5,-62.91,13.0657,-100,76.58,28.11,1.026221,0.666113,3.2119,0.1764
2392,-100,-95.0,30.0,3.5,10.0,-63.34,14.2691,-100,76.37,28.37,0.986317,0.645885,3.1676,0.1625
2393,-100,-95.0,30.0,3.5,11.5,-63.56,15.3744,-100,76.37,28.36,0.995756,0.669056,4.3747,0.1616
2394,-100,-95.0,30.0,3.5,13.0,-62.73,16.3388,-100,76.24,28.51,1.027004,0.650849,3.1333,0.1963
2396,-100,-95.0,30.0,3.75,2.5,-60.63,11.0034,-83,76.6,28.09,1.013605,0.64774,3.6058,0.1883
2395,-100,-95.0,30.0,3.75,1.0,-60.96,10.8175,-81,76.33,28.39,0.998614,0.614899,2.6935,0.1739
2397,-100,-95.0,30.0,3.75,4.0,-60.78,11.648,-88,76.49,28.22,0.966047,0.659683,4.1391,0.1666
2398,-100,-95.0,30.0,3.75,5.5,-60.61,11.9867,-92,76.1,28.67,0.974568,0.64488,3.6072,0.1674
2399,-100,-95.0,30.0,3.75,7.0,-60.51,12.6551,-100,75.64,29.23,0.997916,0.668698,4.6692,0.1662
2400,-100,-95.0,30.0,3.75,8.5,-60.77,13.582,-100,76.22,28.52,1.013978,0.670054,4.1428,0.1646
2401,-100,-95.0,30.0,3.75,10.0,-60.89,14.7768,-100,76.44,28.29,0.978189,0.608609,2.4523,0.2016
2402,-100,-95.0,30.0,3.75,11.5,-60.11,16.3699,-100,76.31,28.44,1.085495,0.815169,6.5253,0.1522
2405,-100,-95.0,30.0,4.0,2.5,-58.53,11.8246,-82,76.34,28.39,0.985962,0.673799,4.1879,0.144
2403,-100,-95.0,30.0,3.75,13.0,-60.34,16.7888,-100,76.38,28.34,1.00697,0.64699,3.7599,0.1783
2406,-100,-95.0,30.0,4.0,4.0,-58.11,11.8345,-85,76.64,28.04,1.023256,0.676369,3.6999,0.1747
2404,-100,-95.0,30.0,4.0,1.0,-58.11,11.4042,-77,76.33,28.4,1.006793,0.632232,2.9599,0.1585
2407,-100,-95.0,30.0,4.0,5.5,-58.0,13.3653,-92,76.9,27.71,1.052058,0.737426,4.7816,0.1557
2408,-100,-95.0,30.0,4.0,7.0,-58.43,13.8243,-95,76.56,28.13,1.012725,0.649383,3.5506,0.1828
2409,-100,-95.0,30.0,4.0,8.5,-58.27,13.5352,-100,76.42,28.3,0.996327,0.657092,3.8843,0.175
2410,-100,-95.0,30.0,4.0,10.0,-58.72,15.0404,-100,76.38,28.34,0.953151,0.643284,3.6754,0.1454
2411,-100,-95.0,30.0,4.0,11.5,-58.27,15.9112,-100,75.87,28.95,0.945835,0.598491,2.6441,0.1964
2412,-100,-95.0,30.0,4.0,13.0,-57.39,17.4894,-100,75.94,28.88,0.994651,0.621076,2.4202,0.1965
2413,-100,-95.0,30.0,4.25,1.0,-56.03,11.8365,-74,76.23,28.52,0.972107,0.599152,3.1227,0.1863
2414,-100,-95.0,30.0,4.25,2.5,-55.92,12.408,-80,76.38,28.34,0.992718,0.608791,2.9285,0.1898
2416,-100,-95.0,30.0,4.25,5.5,-55.82,13.1461,-89,76.31,28.43,0.971179,0.623304,2.8511,0.1996
2415,-100,-95.0,30.0,4.25,4.0,-55.86,12.7265,-84,76.32,28.4,1.056768,0.756982,5.8318,0.147
2417,-100,-95.0,30.0,4.25,7.0,-55.41,14.0482,-93,76.12,28.65,0.9699,0.605463,2.5605,0.1989
2418,-100,-95.0,30.0,4.25,8.5,-56.01,14.7251,-100,75.91,28.9,0.985189,0.616949,2.4108,0.1774
2419,-100,-95.0,30.0,4.25,10.0,-55.61,15.2406,-100,76.87,27.75,1.050297,0.736286,5.5914,0.1388
2420,-100,-95.0,30.0,4.25,11.5,-55.82,16.669,-100,76.02,28.78,0.983717,0.652063,3.844,0.178
2421,-100,-95.0,30.0,4.25,13.0,-55.38,18.0894,-100,76.26,28.49,0.983983,0.648911,3.627,0.1751
2422,-100,-95.0,30.0,4.5,1.0,-53.19,12.8191,-75,76.28,28.46,0.985619,0.621884,2.7764,0.1821
2423,-100,-95.0,30.0,4.5,2.5,-53.38,13.6903,-80,75.39,29.54,0.974043,0.661206,4.6136,0.1847
2424,-100,-95.0,30.0,4.5,4.0,-53.04,13.4612,-81,76.53,28.16,1.036263,0.70007,4.7902,0.164
2426,-100,-95.0,30.0,4.5,7.0,-53.76,14.8102,-98,76.27,28.49,0.994079,0.689074,4.8238,0.1448
2425,-100,-95.0,30.0,4.5,5.5,-52.98,13.3888,-89,75.79,29.05,0.974428,0.622882,3.1815,0.1866
2427,-100,-95.0,30.0,4.5,8.5,-53.21,15.293,-100,76.28,28.47,0.980782,0.650677,3.9035,0.1797
2428,-100,-95.0,30.0,4.5,10.0,-53.33,16.3283,-100,75.45,29.47,0.97042,0.606993,2.8109,0.1941
2430,-100,-95.0,30.0,4.5,13.0,-52.76,18.5524,-100,75.86,28.98,0.924625,0.671135,5.1295,0.1506
2429,-100,-95.0,30.0,4.5,11.5,-52.75,17.1583,-100,76.18,28.58,1.0178,0.696682,4.9045,0.1567
2431,-100,-95.0,30.0,4.75,1.0,-50.33,14.1728,-71,76.08,28.69,0.939653,0.660995,4.435,0.1816
2433,-100,-95.0,30.0,4.75,4.0,-50.85,14.3128,-84,75.94,28.88,0.972984,0.629437,3.2097,0.1895
2432,-100,-95.0,30.0,4.75,2.5,-50.89,13.4349,-77,75.9,28.92,0.952368,0.597021,2.9173,0.1834
2434,-100,-95.0,30.0,4.75,5.5,-50.33,14.7715,-92,76.25,28.49,0.962933,0.615963,2.816,0.196
2435,-100,-95.0,30.0,4.75,7.0,-50.68,15.2633,-93,76.29,28.47,1.007756,0.6454,4.0067,0.1764
2436,-100,-95.0,30.0,4.75,8.5,-50.45,16.2633,-100,75.65,29.23,0.986072,0.613735,2.9132,0.2007
2438,-100,-95.0,30.0,4.75,11.5,-50.42,17.7174,-100,76.3,28.44,0.989946,0.647146,3.6084,0.1788
2437,-100,-95.0,30.0,4.75,10.0,-50.54,16.238,-100,76.41,28.3,1.004308,0.643674,3.4539,0.1849
2439,-100,-95.0,30.0,4.75,13.0,-50.15,18.5368,-100,76.78,27.86,0.989889,0.634265,3.1377,0.1817
2440,-100,-95.0,30.0,5.0,1.0,-47.93,14.1404,-70,75.81,29.03,0.959466,0.596714,2.8131,0.1933
2442,-100,-95.0,30.0,5.0,4.0,-47.77,14.9896,-78,75.47,29.44,0.932384,0.599641,2.8958,0.1865
2441,-100,-95.0,30.0,5.0,2.5,-48.26,15.245,-77,75.9,28.92,0.935564,0.624554,3.9156,0.1909
2443,-100,-95.0,30.0,5.0,5.5,-47.81,16.1335,-88,74.96,30.05,0.954665,0.687865,5.1744,0.1671
2444,-100,-95.0,30.0,5.0,7.0,-47.97,16.2572,-92,76.5,28.21,0.982502,0.662071,4.6351,0.159
2446,-100,-95.0,30.0,5.0,10.0,-47.99,17.5517,-100,75.96,28.86,0.991231,0.65742,3.6462,0.1528
2445,-100,-95.0,30.0,5.0,8.5,-47.67,16.8638,-96,76.24,28.52,0.986796,0.622051,2.7676,0.204
2447,-100,-95.0,30.0,5.0,11.5,-47.75,17.7692,-100,76.51,28.19,0.980764,0.625559,3.1147,0.1634
2448,-100,-95.0,30.0,5.0,13.0,-47.62,18.8445,-100,76.17,28.61,1.00678,0.648968,3.6129,0.1753
2450,-100,-95.0,40.0,1.0,2.5,-87.87,4.6434,-100,76.63,28.04,1.137145,0.924588,6.9443,0.0716
2449,-100,-95.0,40.0,1.0,1.0,-87.59,3.2538,-97,77.1,27.47,1.114195,0.697517,3.09,0.1635
2454,-100,-95.0,40.0,1.0,8.5,-87.03,8.3479,-100,76.96,27.66,1.3683,0.843437,4.9779,0.1614
2451,-100,-95.0,40.0,1.0,4.0,-87.86,4.9777,-100,76.53,28.16,1.182051,0.758079,4.5693,0.1448
2452,-100,-95.0,40.0,1.0,5.5,-87.89,6.2324,-100,78.15,26.23,1.382595,0.815804,4.1787,0.1463
2453,-100,-95.0,40.0,1.0,7.0,-87.13,7.4013,-100,77.67,26.8,1.330236,0.828335,4.9881,0.1453
2455,-100,-95.0,40.0,1.0,10.0,-86.35,9.4555,-100,77.84,26.6,1.471159,0.936502,5.7628,0.1361
2457,-100,-95.0,40.0,1.0,13.0,-85.68,11.4337,-100,78.68,25.59,1.543458,0.871779,4.1329,0.1484
2456,-100,-95.0,40.0,1.0,11.5,-86.38,10.3901,-100,79.69,24.36,1.633727,0.851381,3.1267,0.148
2458,-100,-95.0,40.0,1.25,1.0,-85.28,3.8668,-96,76.71,27.94,0.998441,0.640561,3.3498,0.1825
2459,-100,-95.0,40.0,1.25,2.5,-85.16,5.2018,-100,77.73,26.73,1.16285,0.82674,6.2175,0.1339
2460,-100,-95.0,40.0,1.25,4.0,-85.17,5.4968,-100,77.53,26.96,1.137089,0.704725,3.0565,0.1678
2461,-100,-95.0,40.0,1.25,5.5,-84.83,6.8359,-100,78.74,25.52,1.301159,0.810589,4.5368,0.1443
2462,-100,-95.0,40.0,1.25,7.0,-84.49,7.6465,-100,77.94,26.48,1.302016,0.826193,4.918,0.1552
2463,-100,-95.0,40.0,1.25,8.5,-84.08,9.152,-100,77.1,27.48,1.274343,0.855715,5.674,0.1368
2466,-100,-95.0,40.0,1.25,13.0,-84.14,12.0166,-100,78.8,25.43,1.48927,1.039736,6.5723,0.1195
2464,-100,-95.0,40.0,1.25,10.0,-84.5,10.1241,-100,79.16,25.01,1.445174,0.955386,5.7112,0.1165
2465,-100,-95.0,40.0,1.25,11.5,-83.78,11.1608,-100,79.31,24.83,1.47759,0.866956,4.2846,0.1535
2467,-100,-95.0,40.0,1.5,1.0,-82.15,5.3023,-94,76.99,27.62,1.067599,0.720553,4.5055,0.1622
2468,-100,-95.0,40.0,1.5,2.5,-81.87,5.46,-99,76.39,28.33,1.035867,0.701321,4.3605,0.1543
2469,-100,-95.0,40.0,1.5,4.0,-82.15,6.3088,-100,76.92,27.7,1.05578,0.666695,3.2505,0.1653
2470,-100,-95.0,40.0,1.5,5.5,-82.53,7.0916,-100,77.32,27.22,1.157783,0.809915,5.5251,0.1319
2471,-100,-95.0,40.0,1.5,7.0,-82.07,8.1684,-100,77.42,27.1,1.197524,0.783024,4.4596,0.1705
2472,-100,-95.0,40.0,1.5,8.5,-81.78,9.5084,-100,77.59,26.91,1.203477,0.818279,4.7982,0.1369
2474,-100,-95.0,40.0,1.5,11.5,-80.81,11.8048,-100,78.86,25.37,1.477896,1.094298,7.4117,0.1216
2473,-100,-95.0,40.0,1.5,10.0,-81.16,10.5892,-100,77.67,26.79,1.333432,0.783511,4.3252,0.1455
2475,-100,-95.0,40.0,1.5,13.0,-81.09,12.6263,-100,79.18,24.99,1.528311,0.907188,4.5485,0.153
2476,-100,-95.0,40.0,1.75,1.0,-79.2,5.3844,-90,74.85,30.17,1.011553,0.674798,4.9109,0.1667
2478,-100,-95.0,40.0,1.75,4.0,-79.56,6.735,-100,76.3,28.44,1.101397,0.76505,5.0589,0.1408
2477,-100,-95.0,40.0,1.75,2.5,-79.54,5.6267,-97,76.61,28.06,1.04141,0.644472,2.4777,0.1954
2479,-100,-95.0,40.0,1.75,5.5,-79.09,7.2249,-100,76.62,28.07,1.038393,0.641244,2.5677,0.1941
2481,-100,-95.0,40.0,1.75,8.5,-79.0,9.6125,-100,76.93,27.7,1.194622,0.784274,4.9128,0.1775
2480,-100,-95.0,40.0,1.75,7.0,-79.41,8.7642,-100,76.58,28.1,1.056859,0.691251,4.0482,0.1564
2483,-100,-95.0,40.0,1.75,11.5,-78.71,12.1908,-100,77.73,26.72,1.260659,0.814267,4.8385,0.1664
2482,-100,-95.0,40.0,1.75,10.0,-78.27,11.1753,-100,77.8,26.63,1.185751,0.723589,2.9487,0.1713
2484,-100,-95.0,40.0,1.75,13.0,-78.37,13.0558,-100,77.58,26.9,1.23018,0.753028,3.446,0.1464
2486,-100,-95.0,40.0,2.0,2.5,-76.69,6.6684,-94,76.37,28.37,1.028676,0.68598,4.0054,0.1828
2485,-100,-95.0,40.0,2.0,1.0,-76.75,6.1188,-89,76.16,28.6,1.013766,0.700035,4.3564,0.141
2487,-100,-95.0,40.0,2.0,4.0,-76.35,6.9481,-97,76.3,28.44,0.997925,0.640567,3.2379,0.1846
2488,-100,-95.0,40.0,2.0,5.5,-76.54,8.0374,-100,76.54,28.15,1.000536,0.641724,3.411,0.1858
2489,-100,-95.0,40.0,2.0,7.0,-76.4,9.2299,-100,76.92,27.7,1.068358,0.657107,2.714,0.1895
2491,-100,-95.0,40.0,2.0,10.0,-75.84,11.5139,-100,76.94,27.68,1.134763,0.768771,4.8418,0.1589
2490,-100,-95.0,40.0,2.0,8.5,-75.82,10.2257,-100,76.98,27.62,1.094256,0.681782,3.3465,0.1903
2492,-100,-95.0,40.0,2.0,11.5,-75.91,12.6926,-100,77.74,26.72,1.202621,0.756241,3.7056,0.1516
2493,-100,-95.0,40.0,2.0,13.0,-76.06,13.6544,-100,77.98,26.42,1.24479,0.816391,4.5106,0.1574
2495,-100,-95.0,40.0,2.25,2.5,-73.57,7.0224,-91,77.13,27.45,1.046869,0.670154,3.4005,0.1736
2494,-100,-95.0,40.0,2.25,1.0,-73.38,6.4007,-84,76.07,28.71,0.98851,0.604788,1.9498,0.1998
2496,-100,-95.0,40.0,2.25,4.0,-73.55,7.372,-97,75.78,29.07,1.009261,0.654513,4.342,0.181
2497,-100,-95.0,40.0,2.25,5.5,-73.42,8.44,-100,76.05,28.73,1.001032,0.705893,4.9953,0.1697
2498,-100,-95.0,40.0,2.25,7.0,-73.46,9.4821,-100,76.18,28.58,1.00946,0.658867,3.552,0.1638
2499,-100,-95.0,40.0,2.25,8.5,-73.23,10.9097,-100,76.41,28.31,1.033767,0.661388,3.3048,0.1741
2500,-100,-95.0,40.0,2.25,10.0,-73.18,11.8094,-100,76.85,27.79,1.092141,0.778738,5.6032,0.1164
2501,-100,-95.0,40.0,2.25,11.5,-73.69,12.9149,-100,76.61,28.07,1.097255,0.743125,4.9003,0.1414
2502,-100,-95.0,40.0,2.25,13.0,-73.54,14.2081,-100,77.46,27.04,1.184479,0.757583,4.1776,0.158
2503,-100,-95.0,40.0,2.5,1.0,-70.77,7.462,-87,76.22,28.53,0.999663,0.628891,3.187,0.1829
2504,-100,-95.0,40.0,2.5,2.5,-70.39,8.26,-91,76.02,28.77,1.002801,0.648949,3.5141,0.198
2505,-100,-95.0,40.0,2.5,4.0,-70.62,8.2327,-94,76.69,27.97,1.000331,0.668505,3.4755,0.1706
2506,-100,-95.0,40.0,2.5,5.5,-70.29,8.7214,-100,76.21,28.54,0.994973,0.622793,2.5258,0.1711
2507,-100,-95.0,40.0,2.5,7.0,-70.59,9.6344,-100,76.34,28.39,1.01283,0.626382,2.6015,0.2045
2508,-100,-95.0,40.0,2.5,8.5,-70.38,11.0484,-100,76.95,27.66,1.039072,0.656788,3.3356,0.1829
2510,-100,-95.0,40.0,2.5,11.5,-70.43,13.3634,-100,76.89,27.74,1.075819,0.816816,6.1617,0.1399
2509,-100,-95.0,40.0,2.5,10.0,-70.65,12.0798,-100,76.89,27.73,1.024904,0.643495,2.8548,0.1685
2511,-100,-95.0,40.0,2.5,13.0,-70.35,14.663,-100,77.26,27.29,1.139834,0.728663,3.9256,0.1525
2512,-100,-95.0,40.0,2.75,1.0,-68.24,7.9178,-83,76.59,28.09,1.043409,0.645728,2.5779,0.1999
2513,-100,-95.0,40.0,2.75,2.5,-67.5,8.4103,-86,76.45,28.26,0.99275,0.62123,2.5636,0.1881
2514,-100,-95.0,40.0,2.75,4.0,-67.89,9.1926,-92,75.87,28.96,0.962934,0.624564,3.286,0.1741
2515,-100,-95.0,40.0,2.75,5.5,-68.14,9.492,-100,76.72,27.95,0.980416,0.635789,3.7395,0.1677
2516,-100,-95.0,40.0,2.75,7.0,-67.73,10.6901,-100,76.28,28.47,0.99518,0.62159,2.5781,0.193
2517,-100,-95.0,40.0,2.75,8.5,-67.88,11.3745,-100,75.91,28.91,0.977108,0.621014,3.0318,0.181
2518,-100,-95.0,40.0,2.75,10.0,-67.73,13.0813,-100,76.97,27.63,1.045465,0.632766,2.6233,0.1838
2519,-100,-95.0,40.0,2.75,11.5,-68.0,14.0088,-100,76.62,28.06,1.089278,0.714981,4.386,0.1834
2520,-100,-95.0,40.0,2.75,13.0,-67.28,15.3338,-100,75.39,29.53,0.987943,0.634759,3.2934,0.1723
2521,-100,-95.0,40.0,3.0,1.0,-65.02,8.9865,-79,76.09,28.68,0.98508,0.632235,3.3177,0.1791
2522,-100,-95.0,40.0,3.0,2.5,-64.96,8.8881,-85,76.23,28.53,0.994823,0.659104,4.2826,0.17
2523,-100,-95.0,40.0,3.0,4.0,-64.8,9.6951,-89,76.42,28.29,1.020968,0.651,3.4447,0.1693
2524,-100,-95.0,40.0,3.0,5.5,-64.93,10.2456,-96,76.25,28.5,1.007479,0.621572,2.3194,0.1956
2526,-100,-95.0,40.0,3.0,8.5,-64.58,11.9444,-100,76.44,28.27,0.973219,0.692255,4.8316,0.1796
2525,-100,-95.0,40.0,3.0,7.0,-64.8,11.1102,-100,76.49,28.21,1.088177,0.76618,5.4173,0.1533
2527,-100,-95.0,40.0,3.0,10.0,-64.95,12.9878,-100,76.43,28.29,0.999307,0.70302,5.0546,0.1546
2529,-100,-95.0,40.0,3.0,13.0,-64.66,15.6875,-100,76.69,27.97,1.039379,0.693387,3.9057,0.1659
2528,-100,-95.0,40.0,3.0,11.5,-64.33,14.5083,-100,76.15,28.63,0.986557,0.630882,3.3322,0.1731
2531,-100,-95.0,40.0,3.25,2.5,-61.84,9.6202,-82,77.03,27.56,1.01665,0.669735,3.7502,0.1581
2530,-100,-95.0,40.0,3.25,1.0,-62.24,9.1057,-78,75.62,29.24,1.005607,0.701871,4.9981,0.1634
2532,-100,-95.0,40.0,3.25,4.0,-61.59,10.4782,-89,76.06,28.74,0.991736,0.665847,4.1687,0.1703
2534,-100,-95.0,40.0,3.25,7.0,-62.13,11.4166,-99,76.25,28.51,0.99064,0.621507,2.6831,0.191
2533,-100,-95.0,40.0,3.25,5.5,-61.77,10.4287,-92,76.47,28.23,1.022902,0.643295,2.7793,0.2035
2536,-100,-95.0,40.0,3.25,10.0,-61.71,13.7369,-100,76.44,28.27,0.975608,0.608482,1.7594,0.2089
2535,-100,-95.0,40.0,3.25,8.5,-61.86,12.6162,-100,76.84,27.8,0.984268,0.660335,4.1361,0.148
2539,-100,-95.0,40.0,3.5,1.0,-58.77,9.4869,-76,75.78,29.07,0.9891,0.686566,4.5074,0.1647
2537,-100,-95.0,40.0,3.25,11.5,-61.62,14.8084,-100,76.78,27.86,0.98867,0.637864,3.1163,0.1441
2538,-100,-95.0,40.0,3.25,13.0,-61.42,15.805,-100,76.01,28.79,0.980778,0.661125,4.6101,0.1768
2541,-100,-95.0,40.0,3.5,4.0,-59.12,11.0914,-90,76.05,28.74,0.977635,0.667674,4.1479,0.1632
2540,-100,-95.0,40.0,3.5,2.5,-59.63,10.6109,-80,75.79,29.05,0.968756,0.609055,2.5443,0.1963
2542,-100,-95.0,40.0,3.5,5.5,-58.6,10.8661,-89,76.03,28.76,0.988604,0.655136,3.5684,0.1906
2543,-100,-95.0,40.0,3.5,7.0,-58.51,12.3713,-99,76.68,27.99,1.014799,0.644883,2.6504,0.1868
2544,-100,-95.0,40.0,3.5,8.5,-58.85,13.4402,-100,76.28,28.46,1.007083,0.633466,3.0345,0.1915
2545,-100,-95.0,40.0,3.5,10.0,-58.87,13.652,-100,76.33,28.41,1.008067,0.670634,4.1987,0.171
2546,-100,-95.0,40.0,3.5,11.5,-59.27,15.548,-100,75.61,29.27,0.968852,0.650354,3.5204,0.1656
2547,-100,-95.0,40.0,3.5,13.0,-58.72,16.6148,-100,76.29,28.46,0.984347,0.624009,2.8032,0.1788
2548,-100,-95.0,40.0,3.75,1.0,-56.23,10.7002,-73,75.77,29.08,0.954599,0.609128,3.5603,0.1838
2549,-100,-95.0,40.0,3.75,2.5,-56.55,11.3862,-79,76.65,28.02,1.018881,0.655214,3.3343,0.1749
2551,-100,-95.0,40.0,3.75,5.5,-55.9,12.1112,-92,76.81,27.83,1.022762,0.651379,3.7709,0.1789
2550,-100,-95.0,40.0,3.75,4.0,-56.25,11.5114,-83,76.01,28.79,1.003754,0.667365,3.7298,0.1664
2552,-100,-95.0,40.0,3.75,7.0,-56.25,12.5468,-95,76.33,28.41,0.983957,0.647324,3.8834,0.1772
2553,-100,-95.0,40.0,3.75,8.5,-55.94,14.2448,-100,76.22,28.54,0.985576,0.632176,3.3026,0.175
2555,-100,-95.0,40.0,3.75,11.5,-55.67,15.5948,-100,75.6,29.28,0.967744,0.62638,3.0957,0.191
2554,-100,-95.0,40.0,3.75,10.0,-55.86,14.6764,-100,77.16,27.43,1.089917,0.730157,4.6677,0.162
2556,-100,-95.0,40.0,3.75,13.0,-56.14,16.9864,-100,76.07,28.7,0.97455,0.661575,4.0911,0.1666
2557,-100,-95.0,40.0,4.0,1.0,-53.12,11.8127,-72,75.48,29.43,0.937821,0.62013,3.5914,0.1753
2558,-100,-95.0,40.0,4.0,2.5,-53.75,11.7427,-78,76.03,28.76,0.916346,0.612175,3.822,0.1703
2559,-100,-95.0,40.0,4.0,4.0,-53.25,11.881,-81,75.78,29.06,0.917928,0.584315,2.0532,0.193
2561,-100,-95.0,40.0,4.0,7.0,-53.4,13.1876,-95,76.38,28.34,0.961047,0.73639,5.6077,0.1384
2560,-100,-95.0,40.0,4.0,5.5,-53.39,12.8039,-87,76.75,27.91,0.978712,0.617104,2.9971,0.1741
2562,-100,-95.0,40.0,4.0,8.5,-53.42,13.8555,-97,75.99,28.81,0.96521,0.634659,3.7896,0.18
2563,-100,-95.0,40.0,4.0,10.0,-53.2,15.6981,-100,76.18,28.59,0.987148,0.620565,3.3675,0.1812
2564,-100,-95.0,40.0,4.0,11.5,-53.24,15.8592,-100,76.33,28.4,1.006409,0.636313,3.3228,0.1867
2567,-100,-95.0,40.0,4.25,2.5,-50.22,12.8348,-74,75.59,29.29,1.032078,0.837014,7.67,0.1279
2565,-100,-95.0,40.0,4.0,13.0,-53.52,17.2777,-100,75.97,28.85,0.970026,0.61641,2.9268,0.1912
2566,-100,-95.0,40.0,4.25,1.0,-50.44,12.3656,-70,76.13,28.63,1.00889,0.668404,4.0072,0.1599
2568,-100,-95.0,40.0,4.25,4.0,-50.23,12.5974,-80,75.94,28.87,0.971313,0.617357,2.7463,0.1904
2569,-100,-95.0,40.0,4.25,5.5,-50.26,13.0432,-87,76.13,28.65,0.960909,0.620552,3.2297,0.1905
2570,-100,-95.0,40.0,4.25,7.0,-50.51,14.2197,-90,75.94,28.88,0.984971,0.653998,4.2858,0.1554
2571,-100,-95.0,40.0,4.25,8.5,-50.32,14.1891,-95,75.81,29.03,0.983788,0.662098,4.2918,0.1746
2572,-100,-95.0,40.0,4.25,10.0,-50.56,15.4224,-99,76.86,27.77,0.974692,0.636513,3.1652,0.1544
2574,-100,-95.0,40.0,4.25,13.0,-50.22,17.662,-100,75.29,29.64,0.998243,0.707767,5.0265,0.1811
2573,-100,-95.0,40.0,4.25,11.5,-50.29,16.8527,-100,75.46,29.44,0.94237,0.62262,3.8892,0.1798
2575,-100,-95.0,40.0,4.5,1.0,-48.48,13.4983,-69,76.94,27.67,1.033408,0.624052,2.2415,0.1924
2576,-100,-95.0,40.0,4.5,2.5,-47.51,13.6465,-72,76.62,28.06,0.986839,0.607497,2.342,0.1972
2577,-100,-95.0,40.0,4.5,4.0,-47.56,12.8414,-77,76.03,28.76,0.99672,0.659761,3.9791,0.1784
2579,-100,-95.0,40.0,4.5,7.0,-47.22,14.2898,-89,76.33,28.42,0.980704,0.639207,3.8457,0.1627
2578,-100,-95.0,40.0,4.5,5.5,-47.44,13.7516,-82,75.74,29.11,0.940819,0.588255,2.0343,0.189
2580,-100,-95.0,40.0,4.5,8.5,-46.98,15.0717,-89,76.22,28.53,0.940411,0.593432,3.0376,0.1849
2581,-100,-95.0,40.0,4.5,10.0,-47.23,16.5239,-100,76.03,28.76,0.939422,0.614622,3.302,0.1906
2582,-100,-95.0,40.0,4.5,11.5,-47.45,17.0849,-100,76.31,28.44,0.976029,0.61404,2.8962,0.2049
2583,-100,-95.0,40.0,4.5,13.0,-47.47,18.0954,-100,75.81,29.03,1.003749,0.732904,5.6191,0.1473
2585,-100,-95.0,40.0,4.75,2.5,-44.38,13.5284,-72,75.66,29.21,0.95702,0.627611,3.9177,0.1815
2584,-100,-95.0,40.0,4.75,1.0,-45.26,13.6467,-65,76.13,28.63,0.956342,0.617193,2.9882,0.168
2586,-100,-95.0,40.0,4.75,4.0,-44.5,14.3022,-77,75.29,29.65,0.973302,0.618437,3.3526,0.1928
2587,-100,-95.0,40.0,4.75,5.5,-44.57,14.7981,-80,75.62,29.26,0.98605,0.697928,5.4538,0.1467
2588,-100,-95.0,40.0,4.75,7.0,-44.45,15.4356,-88,76.5,28.2,0.989341,0.639264,3.3398,0.1573
2590,-100,-95.0,40.0,4.75,10.0,-44.48,17.2564,-95,75.96,28.84,0.950514,0.617511,3.3776,0.1883
2589,-100,-95.0,40.0,4.75,8.5,-44.39,16.1201,-90,75.87,28.96,0.939832,0.620038,3.9385,0.1787
2591,-100,-95.0,40.0,4.75,11.5,-44.31,17.3684,-100,76.44,28.28,0.985104,0.685849,4.7003,0.1573
2592,-100,-95.0,40.0,4.75,13.0,-44.18,18.2003,-100,75.64,29.23,1.029772,0.683584,4.8341,0.1609
2593,-100,-95.0,40.0,5.0,1.0,-41.91,14.157,-64,75.98,28.83,0.936347,0.568766,1.6941,0.2087
2594,-100,-95.0,40.0,5.0,2.5,-41.66,14.1891,-68,76.08,28.69,0.987842,0.635502,3.2679,0.1835
2595,-100,-95.0,40.0,5.0,4.0,-42.03,15.4551,-73,76.78,27.87,0.954891,0.663684,4.5247,0.1497
2596,-100,-95.0,40.0,5.0,5.5,-41.73,14.8395,-78,76.24,28.51,0.968714,0.612272,2.9889,0.1776
2597,-100,-95.0,40.0,5.0,7.0,-41.9,15.3728,-81,75.9,28.91,0.965451,0.599171,2.9283,0.1798
2598,-100,-95.0,40.0,5.0,8.5,-41.89,16.8867,-90,76.33,28.41,0.976333,0.67114,4.4223,0.1265
2599,-100,-95.0,40.0,5.0,10.0,-41.16,16.8347,-100,75.87,28.97,0.968464,0.639393,3.6666,0.1779
2600,-100,-95.0,40.0,5.0,11.5,-41.04,17.9666,-99,75.91,28.91,0.976287,0.589884,2.1121,0.1965
2603,-100,-95.0,50.0,1.0,2.5,-86.89,4.2111,-100,77.19,27.37,1.206234,0.823389,5.6089,0.1535
2602,-100,-95.0,50.0,1.0,1.0,-87.18,2.8764,-96,76.68,27.98,1.039339,0.749238,5.4644,0.1397
2601,-100,-95.0,40.0,5.0,13.0,-41.65,19.4396,-100,75.77,29.07,1.025167,0.68531,4.5404,0.1944
2604,-100,-95.0,50.0,1.0,4.0,-87.03,4.9367,-100,77.59,26.9,1.227011,0.751501,3.3542,0.1679
2605,-100,-95.0,50.0,1.0,5.5,-87.16,6.1677,-100,78.16,26.21,1.323786,0.834963,4.5123,0.1373
2608,-100,-95.0,50.0,1.0,10.0,-85.97,9.6519,-100,76.02,28.79,1.343344,0.864138,5.5106,0.1522
2606,-100,-95.0,50.0,1.0,7.0,-86.22,7.5738,-100,78.55,25.74,1.402626,0.902932,5.7888,0.1341
2607,-100,-95.0,50.0,1.0,8.5,-86.61,8.5481,-100,77.95,26.44,1.405199,0.861513,4.7664,0.1465
2609,-100,-95.0,50.0,1.0,11.5,-85.42,10.7281,-100,77.44,27.07,1.430611,0.937648,6.2342,0.1288
2610,-100,-95.0,50.0,1.0,13.0,-85.1,11.6417,-100,79.23,24.93,1.579358,0.831541,3.2156,0.1571
2611,-100,-95.0,50.0,1.25,1.0,-82.97,3.7655,-93,76.63,28.03,1.019972,0.647741,3.5958,0.1715
2613,-100,-95.0,50.0,1.25,4.0,-83.75,5.4563,-100,76.69,27.96,1.053343,0.654416,2.7949,0.1803
2612,-100,-95.0,50.0,1.25,2.5,-83.83,4.1036,-98,76.33,28.42,1.017249,0.635897,2.6934,0.1921
2614,-100,-95.0,50.0,1.25,5.5,-84.35,6.8762,-100,77.69,26.77,1.192938,0.771501,4.4874,0.1634
2615,-100,-95.0,50.0,1.25,7.0,-83.43,7.8358,-100,77.26,27.29,1.203979,0.724196,3.1884,0.1673
2616,-100,-95.0,50.0,1.25,8.5,-83.42,9.2147,-100,78.58,25.7,1.425872,1.032322,6.8149,0.1191
2619,-100,-95.0,50.0,1.25,13.0,-82.31,12.1405,-100,74.83,30.21,1.223638,0.784136,5.2865,0.1663
2617,-100,-95.0,50.0,1.25,10.0,-82.86,10.2687,-100,77.65,26.82,1.34796,0.782812,3.8555,0.1668
2618,-100,-95.0,50.0,1.25,11.5,-82.45,11.3733,-100,78.56,25.71,1.383254,0.828536,3.9963,0.1418
2620,-100,-95.0,50.0,1.5,1.0,-80.29,4.5192,-90,76.16,28.6,1.027878,0.688855,4.6005,0.1727
2621,-100,-95.0,50.0,1.5,2.5,-80.04,5.3345,-97,75.83,29.0,0.965069,0.615831,3.1296,0.1969
2622,-100,-95.0,50.0,1.5,4.0,-81.1,6.0574,-100,77.37,27.16,1.093498,0.853488,6.4385,0.1159
2627,-100,-95.0,50.0,1.5,11.5,-80.03,11.7852,-100,77.58,26.9,1.25861,0.792836,3.9694,0.1505
2623,-100,-95.0,50.0,1.5,5.5,-80.6,7.3256,-100,76.04,28.75,1.021369,0.655438,3.665,0.1778
2626,-100,-95.0,50.0,1.5,10.0,-80.28,10.6894,-100,77.89,26.53,1.206751,0.723988,3.1476,0.1656
2625,-100,-95.0,50.0,1.5,8.5,-80.31,9.3141,-100,77.66,26.81,1.177687,0.78043,4.9731,0.1317
2624,-100,-95.0,50.0,1.5,7.0,-80.49,8.4474,-100,77.33,27.21,1.136633,0.702841,3.1723,0.1743
2628,-100,-95.0,50.0,1.5,13.0,-80.11,12.8911,-100,78.66,25.6,1.390627,0.865229,4.4619,0.1328
2629,-100,-95.0,50.0,1.75,1.0,-77.69,5.0609,-89,75.72,29.13,1.011474,0.658185,4.4148,0.1679
2630,-100,-95.0,50.0,1.75,2.5,-77.32,6.5284,-95,76.49,28.2,1.033618,0.656674,3.4576,0.1666
2631,-100,-95.0,50.0,1.75,4.0,-77.15,6.9569,-99,77.26,27.29,1.031547,0.659428,3.2967,0.1589
2632,-100,-95.0,50.0,1.75,5.5,-77.98,7.9141,-100,76.79,27.86,1.097753,0.806825,6.4168,0.1488
2633,-100,-95.0,50.0,1.75,7.0,-76.95,8.9124,-100,76.7,27.95,1.060647,0.728023,4.9574,0.152
2634,-100,-95.0,50.0,1.75,8.5,-77.65,10.0582,-100,76.51,28.18,1.11066,0.719419,4.015,0.1587
2635,-100,-95.0,50.0,1.75,10.0,-77.06,11.0295,-100,77.16,27.4,1.148604,0.712583,3.8418,0.1653
2637,-100,-95.0,50.0,1.75,13.0,-76.56,13.4306,-100,76.34,28.39,1.177187,0.719473,3.968,0.1818
2638,-100,-95.0,50.0,2.0,1.0,-74.44,5.8604,-86,77.27,27.28,1.081544,0.712665,3.9979,0.1449
2636,-100,-95.0,50.0,1.75,11.5,-77.34,12.1273,-100,78.24,26.12,1.261782,0.760701,3.4734,0.1561
2639,-100,-95.0,50.0,2.0,2.5,-74.44,6.5222,-92,76.27,28.48,1.001749,0.629201,2.8828,0.2065
2640,-100,-95.0,50.0,2.0,4.0,-74.59,6.9779,-98,76.78,27.87,1.034645,0.7211,4.9181,0.1648
2641,-100,-95.0,50.0,2.0,5.5,-74.67,7.9679,-100,76.34,28.4,1.051488,0.699158,3.8405,0.1777
2642,-100,-95.0,50.0,2.0,7.0,-74.54,9.0758,-100,77.04,27.56,1.063892,0.707937,4.0748,0.1804
2643,-100,-95.0,50.0,2.0,8.5,-74.05,10.606,-100,76.62,28.06,1.020162,0.633874,2.2541,0.1936
2644,-100,-95.0,50.0,2.0,10.0,-74.69,11.5448,-100,77.09,27.49,1.074325,0.673847,2.9425,0.1751
2645,-100,-95.0,50.0,2.0,11.5,-74.33,13.0029,-100,76.82,27.82,1.089694,0.68933,3.5611,0.1838
2646,-100,-95.0,50.0,2.0,13.0,-73.67,14.0336,-100,77.57,26.91,1.217318,0.940742,7.5083,0.128
2647,-100,-95.0,50.0,2.25,1.0,-72.04,6.7782,-86,76.27,28.47,1.020002,0.664728,3.9509,0.1774
2650,-100,-95.0,50.0,2.25,5.5,-70.7,8.3794,-99,76.45,28.27,0.995085,0.642715,3.5914,0.1634
2648,-100,-95.0,50.0,2.25,2.5,-71.1,7.2931,-90,76.52,28.17,0.996341,0.609911,2.1278,0.2048
2649,-100,-95.0,50.0,2.25,4.0,-71.03,7.6449,-95,76.24,28.52,1.074253,0.723157,4.8104,0.156
2651,-100,-95.0,50.0,2.25,7.0,-71.36,9.3848,-100,76.5,28.21,1.083056,0.77326,5.6496,0.1561
2652,-100,-95.0,50.0,2.25,8.5,-70.96,10.4103,-100,76.56,28.13,1.006333,0.630259,2.6582,0.1738
2653,-100,-95.0,50.0,2.25,10.0,-70.77,11.8349,-100,76.77,27.87,1.070946,0.797847,6.0864,0.1247
2654,-100,-95.0,50.0,2.25,11.5,-71.11,13.2969,-100,76.16,28.61,1.041199,0.72806,4.6099,0.1431
2655,-100,-95.0,50.0,2.25,13.0,-71.01,14.5791,-100,77.0,27.6,1.125512,0.821645,6.2696,0.1437
2657,-100,-95.0,50.0,2.5,2.5,-68.25,7.6343,-86,76.38,28.35,1.014914,0.685151,4.7316,0.1635
2656,-100,-95.0,50.0,2.5,1.0,-68.43,7.2171,-83,76.87,27.74,1.046579,0.664996,3.8172,0.1623
2658,-100,-95.0,50.0,2.5,4.0,-68.36,8.5555,-91,76.38,28.35,1.004715,0.620572,2.0239,0.1817
2659,-100,-95.0,50.0,2.5,5.5,-68.25,9.6928,-99,76.74,27.92,1.02895,0.737461,5.1769,0.151
2661,-100,-95.0,50.0,2.5,8.5,-68.17,10.9573,-100,75.24,29.71,0.986218,0.670036,4.4624,0.1825
2660,-100,-95.0,50.0,2.5,7.0,-67.92,9.7429,-100,76.76,27.89,1.115396,0.783692,5.6795,0.1375
2662,-100,-95.0,50.0,2.5,10.0,-68.08,12.5269,-100,76.7,27.95,1.097114,0.820469,6.2079,0.1467
2663,-100,-95.0,50.0,2.5,11.5,-67.9,13.5436,-100,76.09,28.7,1.002787,0.644668,3.822,0.1728
2664,-100,-95.0,50.0,2.5,13.0,-67.57,14.8552,-100,76.45,28.26,1.035244,0.655238,3.0112,0.1712
2667,-100,-95.0,50.0,2.75,4.0,-65.14,8.9929,-88,75.19,29.77,0.95507,0.628925,3.4451,0.1662
2665,-100,-95.0,50.0,2.75,1.0,-65.0,9.0636,-80,76.2,28.56,0.994071,0.638043,3.1218,0.1618
2666,-100,-95.0,50.0,2.75,2.5,-65.04,8.7681,-85,76.69,27.97,1.017912,0.634797,2.7683,0.175
2668,-100,-95.0,50.0,2.75,5.5,-65.18,9.41,-97,76.57,28.11,1.005612,0.699594,4.9593,0.1395
2669,-100,-95.0,50.0,2.75,7.0,-65.49,10.9567,-99,76.22,28.53,1.017456,0.655181,3.8139,0.1721
2670,-100,-95.0,50.0,2.75,8.5,-64.7,12.0284,-100,76.15,28.62,0.962091,0.635557,3.6691,0.167
2671,-100,-95.0,50.0,2.75,10.0,-64.59,12.7843,-100,76.26,28.49,0.99244,0.635261,3.3881,0.1871
2672,-100,-95.0,50.0,2.75,11.5,-65.11,14.0706,-100,76.11,28.67,1.028769,0.710707,4.8309,0.1537
2674,-100,-95.0,50.0,3.0,1.0,-62.06,9.1978,-77,76.2,28.56,0.988486,0.597505,2.3201,0.1997
2673,-100,-95.0,50.0,2.75,13.0,-64.67,15.2674,-100,76.38,28.35,1.022816,0.615682,1.7681,0.2037
2675,-100,-95.0,50.0,3.0,2.5,-62.11,9.489,-82,76.28,28.46,1.007362,0.658149,3.4654,0.1752
2676,-100,-95.0,50.0,3.0,4.0,-61.86,9.59,-88,76.06,28.72,1.006192,0.696666,5.1009,0.1536
2677,-100,-95.0,50.0,3.0,5.5,-62.08,10.5886,-94,75.26,29.69,0.944734,0.624894,3.2594,0.197
2679,-100,-95.0,50.0,3.0,8.5,-62.25,11.9417,-100,76.62,28.06,1.006271,0.69427,4.4674,0.1467
2678,-100,-95.0,50.0,3.0,7.0,-62.25,11.5665,-97,76.2,28.56,1.017973,0.797651,6.9959,0.1418
2680,-100,-95.0,50.0,3.0,10.0,-61.74,13.24,-100,76.08,28.71,1.002917,0.660458,3.6067,0.1633
2682,-100,-95.0,50.0,3.0,13.0,-61.24,15.6728,-100,76.51,28.18,0.993852,0.62152,3.067,0.1808
2681,-100,-95.0,50.0,3.0,11.5,-61.18,14.2896,-100,76.07,28.71,1.024892,0.66032,3.7885,0.1847
2683,-100,-95.0,50.0,3.25,1.0,-58.53,9.9362,-75,75.76,29.09,1.014239,0.70938,5.3852,0.1583
2684,-100,-95.0,50.0,3.25,2.5,-58.73,9.8447,-80,76.14,28.64,1.003017,0.681229,4.2459,0.1298
2685,-100,-95.0,50.0,3.25,4.0,-58.95,9.9737,-84,76.89,27.74,1.047241,0.667235,3.6154,0.1841
2686,-100,-95.0,50.0,3.25,5.5,-58.66,10.3906,-94,76.5,28.19,1.021047,0.675239,4.1993,0.1664
2687,-100,-95.0,50.0,3.25,7.0,-58.76,11.8718,-100,76.01,28.79,0.960061,0.631541,3.989,0.1893
2688,-100,-95.0,50.0,3.25,8.5,-59.19,13.0775,-100,75.85,28.98,0.93059,0.611475,3.2751,0.1794
2689,-100,-95.0,50.0,3.25,10.0,-59.06,13.6761,-100,76.36,28.37,1.014628,0.630415,2.506,0.1695
2691,-100,-95.0,50.0,3.25,13.0,-57.96,15.7585,-100,76.31,28.43,0.998861,0.622583,2.6087,0.1992
2690,-100,-95.0,50.0,3.25,11.5,-58.32,15.069,-100,75.64,29.24,0.990473,0.611554,2.4867,0.1987
2692,-100,-95.0,50.0,3.5,1.0,-55.61,9.4001,-72,76.05,28.74,0.93407,0.598118,2.9367,0.1765
2693,-100,-95.0,50.0,3.5,2.5,-55.95,10.3792,-77,75.57,29.31,0.987871,0.751946,6.1977,0.1352
2694,-100,-95.0,50.0,3.5,4.0,-55.22,11.1935,-84,76.83,27.81,1.012786,0.624873,2.5864,0.1829
2695,-100,-95.0,50.0,3.5,5.5,-55.81,11.2481,-88,75.82,29.02,0.996532,0.75718,6.0862,0.138
2696,-100,-95.0,50.0,3.5,7.0,-55.66,12.5341,-95,75.57,29.32,0.964464,0.638569,3.8737,0.178
2697,-100,-95.0,50.0,3.5,8.5,-55.47,13.7134,-100,76.1,28.68,0.960297,0.594303,2.0204,0.2023
2698,-100,-95.0,50.0,3.5,10.0,-55.65,14.2789,-100,76.08,28.7,0.963494,0.62256,3.5458,0.1866
2699,-100,-95.0,50.0,3.5,11.5,-55.64,15.1488,-100,76.45,28.26,1.005516,0.681608,4.5708,0.1424
2700,-100,-95.0,50.0,3.5,13.0,-55.4,16.8398,-100,76.85,27.78,1.031408,0.668654,3.8739,0.171
2701,-100,-95.0,50.0,3.75,1.0,-52.48,10.2524,-70,76.45,28.25,0.993345,0.625225,2.6977,0.1894
2702,-100,-95.0,50.0,3.75,2.5,-52.65,11.2433,-76,76.42,28.28,0.997927,0.627201,3.1998,0.1664
2703,-100,-95.0,50.0,3.75,4.0,-52.98,11.6332,-83,76.82,27.82,1.021495,0.651245,3.0482,0.1777
2704,-100,-95.0,50.0,3.75,5.5,-52.38,12.0675,-84,76.73,27.91,1.019812,0.658861,3.3818,0.1787
2705,-100,-95.0,50.0,3.75,7.0,-52.55,13.3581,-91,76.21,28.55,0.947276,0.660677,4.6241,0.1621
2707,-100,-95.0,50.0,3.75,10.0,-52.48,15.0286,-100,76.33,28.4,0.955522,0.642854,3.9073,0.1644
2706,-100,-95.0,50.0,3.75,8.5,-52.17,13.5798,-98,75.64,29.23,0.932447,0.623696,4.151,0.165
2708,-100,-95.0,50.0,3.75,11.5,-52.45,15.627,-100,76.61,28.07,1.030395,0.730084,5.6007,0.14
2709,-100,-95.0,50.0,3.75,13.0,-52.49,16.7413,-100,75.82,29.01,0.979567,0.635204,3.1941,0.1807
2710,-100,-95.0,50.0,4.0,1.0,-49.08,11.4284,-67,75.72,29.13,1.044646,0.752875,6.405,0.1561
2711,-100,-95.0,50.0,4.0,2.5,-49.51,11.6185,-73,76.34,28.39,0.978707,0.635588,3.2458,0.1602
2712,-100,-95.0,50.0,4.0,4.0,-49.76,12.0235,-80,76.5,28.2,0.965782,0.614893,2.8692,0.164
2713,-100,-95.0,50.0,4.0,5.5,-49.63,12.7122,-84,76.01,28.79,0.994173,0.719045,5.338,0.1391
2714,-100,-95.0,50.0,4.0,7.0,-48.92,12.9596,-89,76.04,28.75,0.955308,0.602515,2.3571,0.182
2715,-100,-95.0,50.0,4.0,8.5,-49.23,13.8771,-95,75.82,29.03,0.967555,0.595502,1.9345,0.2092
2716,-100,-95.0,50.0,4.0,10.0,-49.23,15.0648,-100,76.08,28.7,1.004934,0.695204,4.8873,0.1609
2717,-100,-95.0,50.0,4.0,11.5,-49.48,16.2886,-100,76.39,28.34,1.002689,0.633793,3.115,0.1746
2719,-100,-95.0,50.0,4.25,1.0,-46.34,11.7945,-66,76.28,28.47,0.984788,0.655529,3.758,0.1839
2718,-100,-95.0,50.0,4.0,13.0,-48.82,17.3627,-100,76.27,28.47,1.004579,0.633405,3.2018,0.1685
2720,-100,-95.0,50.0,4.25,2.5,-46.01,11.2573,-70,76.48,28.22,0.990779,0.741357,5.6446,0.1489
2721,-100,-95.0,50.0,4.25,4.0,-46.66,12.9427,-79,76.37,28.36,0.973391,0.599294,2.0131,0.2036
2722,-100,-95.0,50.0,4.25,5.5,-46.36,13.3217,-83,76.12,28.65,1.023709,0.735837,5.8369,0.1496
2723,-100,-95.0,50.0,4.25,7.0,-46.14,13.7214,-86,76.08,28.7,0.969975,0.620588,3.31,0.1741
2724,-100,-95.0,50.0,4.25,8.5,-46.31,14.6836,-91,76.53,28.16,0.990342,0.609719,1.7148,0.2031
2725,-100,-95.0,50.0,4.25,10.0,-46.3,15.7959,-94,76.12,28.65,0.974821,0.694601,4.5707,0.1367
2726,-100,-95.0,50.0,4.25,11.5,-46.35,16.9004,-100,75.93,28.89,0.950746,0.61131,3.1843,0.1718
2727,-100,-95.0,50.0,4.25,13.0,-46.32,17.315,-100,75.71,29.15,0.94923,0.630483,4.2878,0.1631
2728,-100,-95.0,50.0,4.5,1.0,-43.42,12.8366,-66,76.46,28.25,0.958195,0.608281,3.0563,0.1889
2729,-100,-95.0,50.0,4.5,2.5,-43.59,12.8645,-67,76.05,28.74,0.960866,0.595,2.2806,0.2003
2730,-100,-95.0,50.0,4.5,4.0,-43.55,13.1084,-73,76.3,28.44,1.001316,0.656231,3.8314,0.1844
2732,-100,-95.0,50.0,4.5,7.0,-43.1,14.7034,-85,75.89,28.93,0.989765,0.638491,3.3134,0.1811
2731,-100,-95.0,50.0,4.5,5.5,-43.01,13.5199,-78,76.14,28.64,0.94979,0.619929,3.5173,0.1881
2733,-100,-95.0,50.0,4.5,8.5,-43.06,14.4149,-94,76.1,28.68,1.001951,0.770392,6.6783,0.1342
2734,-100,-95.0,50.0,4.5,10.0,-43.16,15.7692,-96,75.88,28.95,1.035718,0.758352,6.1519,0.1601
2736,-100,-95.0,50.0,4.5,13.0,-43.02,18.8578,-100,75.97,28.83,0.983968,0.698758,5.3731,0.1477
2735,-100,-95.0,50.0,4.5,11.5,-42.93,16.7812,-100,75.85,28.98,0.963602,0.584706,1.8354,0.2041
2737,-100,-95.0,50.0,4.75,1.0,-40.23,13.6286,-61,76.42,28.29,1.008414,0.701717,4.8345,0.1434
2738,-100,-95.0,50.0,4.75,2.5,-40.08,13.8925,-67,75.53,29.37,0.973039,0.66239,4.4535,0.1576
2739,-100,-95.0,50.0,4.75,4.0,-40.03,14.4987,-71,76.06,28.72,0.973105,0.600969,2.5647,0.1935
2740,-100,-95.0,50.0,4.75,5.5,-39.73,14.0646,-76,75.64,29.25,0.93789,0.606019,3.68,0.1858
2741,-100,-95.0,50.0,4.75,7.0,-40.1,15.9796,-87,76.29,28.47,0.986508,0.6929,4.5892,0.1468
2743,-100,-95.0,50.0,4.75,10.0,-40.51,17.3464,-90,76.09,28.69,0.951773,0.583889,1.7154,0.2125
2744,-100,-95.0,50.0,4.75,11.5,-40.01,17.1316,-100,76.48,28.22,0.98426,0.647114,3.8563,0.1712
2742,-100,-95.0,50.0,4.75,8.5,-40.02,15.7439,-85,75.88,28.94,0.967979,0.60571,2.5985,0.1862
2745,-100,-95.0,50.0,4.75,13.0,-39.85,18.9344,-100,75.82,29.01,0.989265,0.671805,4.9836,0.1501
2746,-100,-95.0,50.0,5.0,1.0,-37.01,13.8337,-59,76.4,28.31,1.048657,0.794223,5.9951,0.1339
2747,-100,-95.0,50.0,5.0,2.5,-36.86,13.9954,-65,76.31,28.43,1.025117,0.667707,4.3281,0.1652
2748,-100,-95.0,50.0,5.0,4.0,-37.01,14.8787,-67,75.3,29.65,0.931918,0.593393,2.923,0.1876
2749,-100,-95.0,50.0,5.0,5.5,-36.96,15.8042,-74,76.36,28.37,1.036457,0.750442,5.9543,0.1455
2750,-100,-95.0,50.0,5.0,7.0,-37.06,15.7636,-76,75.95,28.86,0.949825,0.603807,2.7351,0.1916
2751,-100,-95.0,50.0,5.0,8.5,-37.18,16.5641,-88,76.03,28.77,0.97351,0.632406,3.3155,0.1884
2752,-100,-95.0,50.0,5.0,10.0,-36.92,17.7997,-95,75.59,29.29,0.932451,0.608339,3.5524,0.1859
2756,-100,-90.0,30.0,1.0,2.5,-89.32,3.9845,-100,80.61,23.27,1.589639,1.254392,12.2835,0.0543
2755,-100,-90.0,30.0,1.0,1.0,-89.22,2.7187,-96,80.44,23.47,1.363341,1.117049,13.8968,0.0221
2753,-100,-95.0,50.0,5.0,11.5,-36.72,18.0561,-92,75.7,29.16,0.945808,0.601472,2.7804,0.1971
2757,-100,-90.0,30.0,1.0,4.0,-89.3,5.0761,-100,82.02,21.58,1.971541,1.209152,7.7394,0.0992
2758,-100,-90.0,30.0,1.0,5.5,-88.54,6.2635,-100,81.35,22.38,1.826313,1.135498,8.0182,0.0769
2754,-100,-95.0,50.0,5.0,13.0,-37.06,19.7682,-100,76.22,28.54,0.978057,0.606266,2.5715,0.1929
2760,-100,-90.0,30.0,1.0,8.5,-88.23,8.3673,-100,80.16,23.81,1.77526,1.144467,8.2215,0.0857
2759,-100,-90.0,30.0,1.0,7.0,-88.47,7.4254,-100,80.38,23.54,1.803076,1.023338,6.6472,0.0989
2761,-100,-90.0,30.0,1.0,10.0,-88.05,9.1321,-100,81.11,22.68,1.944348,1.048218,6.2001,0.1137
2762,-100,-90.0,30.0,1.0,11.5,-87.34,10.1156,-100,79.17,24.99,1.747044,1.07048,6.9546,0.1237
2763,-100,-90.0,30.0,1.0,13.0,-86.5,11.0747,-100,79.19,24.97,1.778088,1.042466,6.4128,0.1222
2764,-100,-90.0,30.0,1.25,1.0,-86.9,3.3823,-96,78.67,25.59,1.417788,1.093158,8.5526,0.0553
2765,-100,-90.0,30.0,1.25,2.5,-86.82,4.1761,-100,79.11,25.07,1.455179,0.942135,6.9851,0.0779
2766,-100,-90.0,30.0,1.25,4.0,-85.98,5.5057,-100,78.86,25.37,1.490349,1.071144,7.4425,0.0967
2767,-100,-90.0,30.0,1.25,5.5,-85.8,6.6886,-100,78.16,26.21,1.509717,0.956761,6.3787,0.1179
2769,-100,-90.0,30.0,1.25,8.5,-86.07,8.833,-100,79.59,24.49,1.726068,1.059327,7.0667,0.1367
2768,-100,-90.0,30.0,1.25,7.0,-86.44,7.6272,-100,80.17,23.79,1.751464,1.16825,6.754,0.0718
2770,-100,-90.0,30.0,1.25,10.0,-85.52,9.8422,-100,80.17,23.79,1.791634,1.181112,7.2655,0.0961
2772,-100,-90.0,30.0,1.25,13.0,-84.59,11.9159,-100,78.35,25.98,1.676926,1.031422,6.821,0.1323
2771,-100,-90.0,30.0,1.25,11.5,-85.21,10.7593,-100,79.64,24.44,1.736266,0.922212,4.6962,0.1491
2773,-100,-90.0,30.0,1.5,1.0,-84.07,4.7662,-92,76.97,27.63,1.230728,0.836079,4.8893,0.1434
2774,-100,-90.0,30.0,1.5,2.5,-83.89,5.1506,-100,78.3,26.04,1.328692,0.910287,5.9885,0.0951
2775,-100,-90.0,30.0,1.5,4.0,-84.08,6.1143,-100,78.29,26.05,1.383244,0.923235,5.8119,0.1093
2781,-100,-90.0,30.0,1.5,13.0,-82.65,12.3811,-100,78.66,25.61,1.672989,0.952412,4.5933,0.1427
2777,-100,-90.0,30.0,1.5,7.0,-83.69,8.1195,-100,79.61,24.48,1.585179,1.031965,6.167,0.1098
2778,-100,-90.0,30.0,1.5,8.5,-83.45,9.4576,-100,79.88,24.15,1.657799,0.956114,4.6094,0.1122
2776,-100,-90.0,30.0,1.5,5.5,-84.12,7.529,-100,78.57,25.71,1.486632,1.000607,6.3483,0.1272
2779,-100,-90.0,30.0,1.5,10.0,-83.19,10.4277,-100,80.59,23.29,1.770797,1.19757,6.3857,0.1055
2780,-100,-90.0,30.0,1.5,11.5,-82.67,11.535,-100,80.29,23.66,1.750872,1.08908,6.2115,0.1251
2782,-100,-90.0,30.0,1.75,1.0,-81.24,5.3968,-92,77.49,27.01,1.091605,0.700345,3.8602,0.1681
2784,-100,-90.0,30.0,1.75,4.0,-81.32,6.3124,-100,77.1,27.48,1.196842,0.792823,4.2884,0.1466
2783,-100,-90.0,30.0,1.75,2.5,-81.69,5.3663,-96,76.73,27.93,1.127392,0.785483,5.1059,0.1356
2786,-100,-90.0,30.0,1.75,7.0,-81.26,8.6622,-100,78.28,26.06,1.46421,0.940476,5.0874,0.1386
2785,-100,-90.0,30.0,1.75,5.5,-81.29,7.8074,-100,77.67,26.8,1.338336,0.908039,5.9254,0.139
2787,-100,-90.0,30.0,1.75,8.5,-80.97,9.8195,-100,78.33,26.0,1.469595,0.900806,4.9,0.1515
2790,-100,-90.0,30.0,1.75,13.0,-80.36,13.1693,-100,79.49,24.62,1.616595,1.013146,5.8979,0.1427
2788,-100,-90.0,30.0,1.75,10.0,-80.53,11.1713,-100,79.26,24.9,1.541263,0.982645,5.4239,0.1338
2789,-100,-90.0,30.0,1.75,11.5,-80.56,12.1286,-100,79.88,24.15,1.590294,0.962127,5.0207,0.1299
2792,-100,-90.0,30.0,2.0,2.5,-79.03,6.0907,-95,76.68,27.99,1.025249,0.678423,3.5673,0.1485
2791,-100,-90.0,30.0,2.0,1.0,-78.68,5.7604,-92,76.69,27.98,1.011731,0.637918,2.9749,0.1794
2793,-100,-90.0,30.0,2.0,4.0,-79.31,6.8952,-100,77.32,27.22,1.156544,0.715345,3.5677,0.1734
2794,-100,-90.0,30.0,2.0,5.5,-79.19,8.1512,-100,76.93,27.68,1.206713,0.807372,5.4489,0.1501
2796,-100,-90.0,30.0,2.0,8.5,-79.12,10.3128,-100,78.55,25.74,1.363016,1.001719,6.7284,0.1136
2795,-100,-90.0,30.0,2.0,7.0,-78.25,9.2021,-100,76.63,28.04,1.213352,0.753645,3.802,0.1655
2797,-100,-90.0,30.0,2.0,10.0,-78.68,11.5786,-100,77.46,27.05,1.340943,0.83847,4.7442,0.1384
2799,-100,-90.0,30.0,2.0,13.0,-78.06,13.5868,-100,78.64,25.62,1.443676,0.90613,5.4117,0.1317
2798,-100,-90.0,30.0,2.0,11.5,-78.38,12.4357,-100,78.82,25.42,1.447257,0.954921,5.5029,0.1262
2802,-100,-90.0,30.0,2.25,4.0,-76.5,7.6462,-98,76.01,28.78,1.020287,0.745185,5.3758,0.1355
2800,-100,-90.0,30.0,2.25,1.0,-76.36,6.903,-90,76.22,28.54,1.008326,0.633436,2.6853,0.2017
2801,-100,-90.0,30.0,2.25,2.5,-76.43,6.4984,-94,76.12,28.66,1.003707,0.614488,2.1893,0.2096
2803,-100,-90.0,30.0,2.25,5.5,-76.28,8.3854,-100,77.22,27.34,1.098523,0.779235,5.1249,0.1355
2804,-100,-90.0,30.0,2.25,7.0,-76.51,9.5181,-100,77.08,27.51,1.171547,0.761297,4.428,0.1416
2805,-100,-90.0,30.0,2.25,8.5,-76.26,10.6553,-100,77.36,27.18,1.194724,0.787861,4.7781,0.1501
2807,-100,-90.0,30.0,2.25,11.5,-75.66,12.7609,-100,77.09,27.49,1.265966,0.769505,3.4171,0.1629
2806,-100,-90.0,30.0,2.25,10.0,-75.54,11.8734,-100,77.34,27.19,1.241384,0.807146,4.7259,0.1409
2808,-100,-90.0,30.0,2.25,13.0,-76.13,13.9196,-100,79.29,24.84,1.410789,0.808627,3.3847,0.1575
2811,-100,-90.0,30.0,2.5,4.0,-73.78,8.1237,-99,76.78,27.87,1.0106,0.647664,2.8237,0.1829
2809,-100,-90.0,30.0,2.5,1.0,-73.14,6.7434,-86,76.6,28.09,1.073511,0.696402,4.289,0.1744
2810,-100,-90.0,30.0,2.5,2.5,-73.92,7.6097,-93,76.9,27.72,1.091167,0.691809,3.9007,0.1732
2812,-100,-90.0,30.0,2.5,5.5,-73.64,9.2396,-100,76.8,27.84,1.047281,0.682448,3.8289,0.176
2814,-100,-90.0,30.0,2.5,8.5,-73.41,11.1092,-100,76.95,27.67,1.129198,0.718372,3.9958,0.1687
2813,-100,-90.0,30.0,2.5,7.0,-74.19,9.6632,-100,76.97,27.63,1.100983,0.676759,2.7875,0.1755
2815,-100,-90.0,30.0,2.5,10.0,-74.07,12.2088,-100,77.2,27.37,1.2466,0.815454,4.5981,0.1323
2816,-100,-90.0,30.0,2.5,11.5,-73.22,13.3384,-100,77.71,26.74,1.219322,0.744791,3.4478,0.1832
2817,-100,-90.0,30.0,2.5,13.0,-72.96,14.5693,-100,78.26,26.1,1.299793,0.823046,4.6946,0.1423
2819,-100,-90.0,30.0,2.75,2.5,-70.82,8.192,-89,76.59,28.09,1.015588,0.686606,4.5267,0.168
2820,-100,-90.0,30.0,2.75,4.0,-70.94,9.3367,-94,77.13,27.44,1.03218,0.664883,3.7805,0.1588
2818,-100,-90.0,30.0,2.75,1.0,-71.38,8.7606,-87,75.85,28.99,0.990933,0.63337,3.3002,0.1815
2822,-100,-90.0,30.0,2.75,7.0,-71.18,10.4539,-100,76.94,27.68,1.04854,0.755412,5.273,0.1436
2823,-100,-90.0,30.0,2.75,8.5,-71.02,11.6012,-100,76.8,27.84,1.076193,0.754778,4.8537,0.1419
2821,-100,-90.0,30.0,2.75,5.5,-71.09,9.1877,-100,77.12,27.46,1.0715,0.710796,4.468,0.1581
2826,-100,-90.0,30.0,2.75,13.0,-71.07,15.0556,-100,76.57,28.12,1.181571,0.747795,4.3393,0.1707
2825,-100,-90.0,30.0,2.75,11.5,-70.76,13.6721,-100,77.25,27.29,1.179365,0.752874,4.2426,0.1566
2824,-100,-90.0,30.0,2.75,10.0,-70.93,12.8094,-100,77.07,27.52,1.11794,0.718629,3.5142,0.1433
2827,-100,-90.0,30.0,3.0,1.0,-68.87,8.9542,-85,75.74,29.12,0.974483,0.619148,2.6458,0.1851
2828,-100,-90.0,30.0,3.0,2.5,-68.62,8.7852,-87,76.6,28.08,1.014849,0.685699,3.7795,0.1601
2829,-100,-90.0,30.0,3.0,4.0,-68.42,9.1874,-93,76.32,28.41,1.012192,0.656036,3.0971,0.1809
2830,-100,-90.0,30.0,3.0,5.5,-68.85,9.4864,-100,76.64,28.03,1.112461,0.827057,6.7064,0.1262
2831,-100,-90.0,30.0,3.0,7.0,-68.6,11.0197,-100,76.97,27.64,1.055045,0.679971,3.8624,0.1693
2832,-100,-90.0,30.0,3.0,8.5,-68.28,12.0663,-100,76.96,27.65,1.081401,0.667658,3.4225,0.1748
2833,-100,-90.0,30.0,3.0,10.0,-68.98,13.1431,-100,77.11,27.47,1.087353,0.666759,2.5279,0.1828
2834,-100,-90.0,30.0,3.0,11.5,-68.27,14.4083,-100,77.48,27.02,1.136894,0.728433,3.8699,0.158
2835,-100,-90.0,30.0,3.0,13.0,-68.5,15.48,-100,77.43,27.09,1.166334,0.715091,3.0505,0.1704
2837,-100,-90.0,30.0,3.25,2.5,-66.08,10.1481,-87,77.19,27.37,1.106868,0.745964,4.7481,0.1576
2838,-100,-90.0,30.0,3.25,4.0,-66.07,10.0189,-94,76.28,28.46,0.991952,0.64122,3.7181,0.1741
2836,-100,-90.0,30.0,3.25,1.0,-66.19,9.0732,-83,76.82,27.82,1.025329,0.638076,2.9003,0.1819
2840,-100,-90.0,30.0,3.25,7.0,-65.6,12.0041,-100,76.23,28.51,1.022995,0.753471,5.8734,0.1212
2839,-100,-90.0,30.0,3.25,5.5,-66.18,11.003,-96,76.17,28.6,0.997444,0.660426,4.2945,0.1359
2841,-100,-90.0,30.0,3.25,8.5,-66.18,12.3976,-100,76.95,27.66,1.033847,0.688675,4.5027,0.1608
2842,-100,-90.0,30.0,3.25,10.0,-66.14,14.0098,-100,76.24,28.52,1.046583,0.658289,3.3609,0.1982
2843,-100,-90.0,30.0,3.25,11.5,-65.52,14.5118,-100,76.75,27.9,1.111714,0.708431,3.3334,0.1764
2844,-100,-90.0,30.0,3.25,13.0,-65.84,15.8824,-100,77.44,27.06,1.16377,0.748077,3.8476,0.1532
2845,-100,-90.0,30.0,3.5,1.0,-63.62,9.7475,-82,76.01,28.78,1.001623,0.670929,4.5466,0.1696
2846,-100,-90.0,30.0,3.5,2.5,-63.47,10.7935,-85,76.48,28.23,1.026065,0.651419,3.764,0.1698
2847,-100,-90.0,30.0,3.5,4.0,-63.13,10.4515,-90,76.23,28.52,0.99538,0.608112,2.1569,0.194
2848,-100,-90.0,30.0,3.5,5.5,-63.2,11.5066,-96,76.75,27.91,1.009423,0.704617,4.4699,0.1524
2851,-100,-90.0,30.0,3.5,10.0,-63.77,14.2343,-100,76.42,28.3,1.039886,0.754233,5.5014,0.131
2849,-100,-90.0,30.0,3.5,7.0,-63.28,12.7142,-98,76.24,28.51,1.014732,0.664926,3.8686,0.1729
2850,-100,-90.0,30.0,3.5,8.5,-63.13,13.5908,-100,76.44,28.27,1.016023,0.665486,4.0178,0.1691
2852,-100,-90.0,30.0,3.5,11.5,-63.47,15.231,-100,76.82,27.81,1.096982,0.713334,4.4016,0.1507
2853,-100,-90.0,30.0,3.5,13.0,-62.97,16.4245,-100,76.11,28.67,1.009238,0.63132,2.7476,0.1934
2854,-100,-90.0,30.0,3.75,1.0,-60.97,10.7599,-79,76.96,27.65,1.096309,0.758318,5.0596,0.1562
2855,-100,-90.0,30.0,3.75,2.5,-60.55,10.3499,-82,75.82,29.02,0.968772,0.639738,3.6015,0.1628
2856,-100,-90.0,30.0,3.75,4.0,-61.01,11.3848,-88,75.95,28.87,0.963663,0.64009,3.4313,0.1729
2857,-100,-90.0,30.0,3.75,5.5,-60.58,12.5268,-96,75.87,28.96,0.951768,0.640513,4.3309,0.1716
2858,-100,-90.0,30.0,3.75,7.0,-60.72,12.8123,-100,76.06,28.73,0.983477,0.619413,2.9805,0.1992
2859,-100,-90.0,30.0,3.75,8.5,-61.11,13.4756,-100,77.16,27.4,1.096328,0.729992,4.4647,0.1503
2863,-100,-90.0,30.0,4.0,1.0,-58.55,10.4434,-78,76.36,28.36,0.995694,0.764503,6.0417,0.1294
2860,-100,-90.0,30.0,3.75,10.0,-60.62,14.6967,-100,75.82,29.01,1.048637,0.648944,2.7024,0.1897
2861,-100,-90.0,30.0,3.75,11.5,-60.38,15.7744,-100,76.37,28.35,1.047802,0.700578,4.4969,0.1611
2862,-100,-90.0,30.0,3.75,13.0,-60.28,17.0197,-100,76.41,28.31,1.038555,0.652397,3.0014,0.1901
2864,-100,-90.0,30.0,4.0,2.5,-58.47,12.0951,-81,76.48,28.22,1.03567,0.675528,4.0221,0.1697
2865,-100,-90.0,30.0,4.0,4.0,-58.06,12.3749,-87,76.48,28.23,1.026289,0.675927,3.7666,0.1761
2866,-100,-90.0,30.0,4.0,5.5,-58.24,12.9837,-90,76.07,28.72,1.008879,0.672126,4.0636,0.1408
2867,-100,-90.0,30.0,4.0,7.0,-58.21,14.4033,-100,76.01,28.78,1.016357,0.737105,5.7414,0.1595
2868,-100,-90.0,30.0,4.0,8.5,-58.48,14.395,-100,76.46,28.24,0.980635,0.614812,2.3823,0.1855
2869,-100,-90.0,30.0,4.0,10.0,-57.91,15.0498,-100,76.52,28.18,1.01997,0.647353,2.8354,0.1759
2870,-100,-90.0,30.0,4.0,11.5,-57.97,16.4158,-100,76.73,27.92,1.028569,0.640264,2.9127,0.1934
2871,-100,-90.0,30.0,4.0,13.0,-57.54,17.2524,-100,76.58,28.1,1.044458,0.68469,3.7522,0.1835
2872,-100,-90.0,30.0,4.25,1.0,-56.14,12.7189,-76,76.64,28.03,1.0301,0.649477,3.1372,0.1847
2874,-100,-90.0,30.0,4.25,4.0,-55.76,12.687,-87,76.8,27.84,1.036596,0.637764,2.7474,0.1946
2873,-100,-90.0,30.0,4.25,2.5,-55.78,12.0353,-79,76.52,28.18,0.986836,0.63698,3.4322,0.166
2876,-100,-90.0,30.0,4.25,7.0,-55.48,14.5153,-95,76.4,28.31,1.018294,0.673321,4.4242,0.1874
2875,-100,-90.0,30.0,4.25,5.5,-55.47,13.2854,-89,76.25,28.5,0.962741,0.606446,2.8755,0.1817
2877,-100,-90.0,30.0,4.25,8.5,-55.5,15.3185,-100,75.88,28.95,0.958022,0.644406,3.8959,0.1528
2879,-100,-90.0,30.0,4.25,11.5,-56.09,16.7854,-100,76.35,28.38,1.047245,0.6934,4.5819,0.1791
2878,-100,-90.0,30.0,4.25,10.0,-55.72,15.8125,-100,76.14,28.62,0.983399,0.645211,3.8277,0.176
2880,-100,-90.0,30.0,4.25,13.0,-55.71,17.591,-100,76.41,28.3,1.045646,0.700756,4.7411,0.1705
2882,-100,-90.0,30.0,4.5,2.5,-53.16,13.3589,-79,76.17,28.6,0.980863,0.623408,2.9516,0.1884
2883,-100,-90.0,30.0,4.5,4.0,-53.05,14.0727,-82,76.41,28.31,1.053411,0.68266,4.0027,0.1736
2881,-100,-90.0,30.0,4.5,1.0,-53.42,13.6556,-73,76.22,28.54,0.984919,0.613307,2.8844,0.1812
2886,-100,-90.0,30.0,4.5,8.5,-52.91,15.6217,-100,75.99,28.8,1.109285,0.862511,7.7531,0.1356
2885,-100,-90.0,30.0,4.5,7.0,-53.12,14.7264,-91,76.45,28.25,1.011484,0.638268,2.9083,0.1868
2884,-100,-90.0,30.0,4.5,5.5,-52.93,13.9342,-89,76.3,28.45,0.98226,0.618219,2.3553,0.1896
2887,-100,-90.0,30.0,4.5,10.0,-52.93,16.0368,-100,76.07,28.71,0.969471,0.618339,3.037,0.1818
2889,-100,-90.0,30.0,4.5,13.0,-52.91,18.698,-100,76.54,28.16,1.013517,0.666513,4.0601,0.1697
2888,-100,-90.0,30.0,4.5,11.5,-52.77,17.7644,-100,76.03,28.75,1.017364,0.671783,4.2713,0.1827
2890,-100,-90.0,30.0,4.75,1.0,-50.5,13.5267,-70,76.49,28.22,1.003341,0.617453,2.3712,0.2006
2891,-100,-90.0,30.0,4.75,2.5,-50.06,14.0184,-74,76.31,28.42,0.965851,0.598436,2.7126,0.1915
2892,-100,-90.0,30.0,4.75,4.0,-50.78,14.4501,-80,76.62,28.06,1.007882,0.630444,3.0271,0.1904
2893,-100,-90.0,30.0,4.75,5.5,-50.01,14.6437,-85,76.15,28.62,0.949754,0.620483,3.6618,0.164
2894,-100,-90.0,30.0,4.75,7.0,-50.32,15.7915,-91,76.42,28.29,0.975626,0.656641,4.2073,0.157
2895,-100,-90.0,30.0,4.75,8.5,-50.28,15.6972,-97,76.64,28.04,1.006534,0.652915,3.6869,0.1828
2896,-100,-90.0,30.0,4.75,10.0,-50.36,16.6876,-99,76.11,28.67,0.941783,0.617383,3.4121,0.1731
2897,-100,-90.0,30.0,4.75,11.5,-49.69,17.7351,-100,75.81,29.03,0.96616,0.608275,2.7699,0.2018
2899,-100,-90.0,30.0,5.0,1.0,-48.28,14.8954,-70,76.25,28.5,0.970521,0.661626,4.1461,0.1522
2898,-100,-90.0,30.0,4.75,13.0,-50.77,18.8851,-100,76.38,28.35,0.980036,0.660775,4.1883,0.1483
2900,-100,-90.0,30.0,5.0,2.5,-47.82,14.9071,-77,76.36,28.37,1.015697,0.664463,3.8503,0.1919
2901,-100,-90.0,30.0,5.0,4.0,-47.89,15.3098,-79,76.62,28.05,0.983573,0.637583,3.2027,0.1768
2903,-100,-90.0,30.0,5.0,7.0,-47.95,16.2778,-91,75.79,29.05,0.929502,0.612121,3.5086,0.1992
2902,-100,-90.0,30.0,5.0,5.5,-47.93,15.1768,-85,75.89,28.93,0.963369,0.612502,3.0112,0.1858
2904,-100,-90.0,30.0,5.0,8.5,-47.91,16.4771,-95,76.11,28.67,0.965849,0.605407,2.5871,0.1754
2905,-100,-90.0,30.0,5.0,10.0,-48.12,17.6866,-100,76.76,27.89,1.02779,0.711191,5.0744,0.1538
2906,-100,-90.0,30.0,5.0,11.5,-47.93,18.1813,-100,75.83,29.01,0.99033,0.615935,3.0527,0.2003
2907,-100,-90.0,30.0,5.0,13.0,-48.22,19.6273,-100,76.17,28.59,0.988462,0.626376,3.0551,0.19
2910,-100,-90.0,40.0,1.0,4.0,-87.49,5.3246,-100,80.0,24.0,1.679734,1.163858,8.1669,0.0613
2909,-100,-90.0,40.0,1.0,2.5,-88.24,3.8475,-100,80.55,23.33,1.650894,1.095773,8.673,0.0477
2908,-100,-90.0,40.0,1.0,1.0,-87.66,3.1975,-95,80.03,23.97,1.527679,1.056334,9.1121,0.0511
2911,-100,-90.0,40.0,1.0,5.5,-87.66,6.1482,-100,80.64,23.23,1.789963,1.113297,6.7187,0.0899
2913,-100,-90.0,40.0,1.0,8.5,-86.72,8.4654,-100,80.31,23.63,1.783988,1.013189,5.5613,0.1182
2912,-100,-90.0,40.0,1.0,7.0,-87.2,7.2229,-100,81.4,22.32,1.820578,1.190331,6.1637,0.0653
2914,-100,-90.0,40.0,1.0,10.0,-86.09,9.553,-100,81.14,22.63,1.920728,1.202749,7.3251,0.1177
2915,-100,-90.0,40.0,1.0,11.5,-86.01,10.6378,-100,77.69,26.78,1.654007,0.985859,7.0251,0.1387
2916,-100,-90.0,40.0,1.0,13.0,-85.65,11.4772,-100,80.62,23.26,1.873107,1.1145,6.1184,0.111
2917,-100,-90.0,40.0,1.25,1.0,-84.64,3.5462,-92,77.01,27.59,1.156353,0.857124,5.411,0.1119
2918,-100,-90.0,40.0,1.25,2.5,-84.28,4.5696,-97,78.09,26.29,1.330681,0.842343,4.8952,0.1531
2919,-100,-90.0,40.0,1.25,4.0,-84.57,5.5897,-100,78.86,25.36,1.398577,0.924626,5.2288,0.1178
2923,-100,-90.0,40.0,1.25,10.0,-84.62,9.9209,-100,79.95,24.06,1.72683,0.96194,4.2596,0.1227
2922,-100,-90.0,40.0,1.25,8.5,-84.63,9.0751,-100,79.62,24.46,1.679405,0.976534,4.8049,0.1259
2920,-100,-90.0,40.0,1.25,5.5,-84.65,6.6525,-100,78.75,25.5,1.489756,1.050972,7.5841,0.1236
2924,-100,-90.0,40.0,1.25,11.5,-83.64,11.0518,-100,80.67,23.19,1.84913,1.243207,7.1783,0.0992
2925,-100,-90.0,40.0,1.25,13.0,-83.72,12.0964,-100,79.97,24.04,1.79236,1.168956,6.7084,0.1021
2921,-100,-90.0,40.0,1.25,7.0,-84.33,7.9764,-100,79.23,24.92,1.535859,0.898869,5.304,0.135
2928,-100,-90.0,40.0,1.5,4.0,-82.49,5.8593,-100,77.98,26.43,1.261015,0.824808,4.9572,0.1625
2927,-100,-90.0,40.0,1.5,2.5,-81.58,5.0681,-98,77.17,27.39,1.123429,0.706636,3.7564,0.1761
2926,-100,-90.0,40.0,1.5,1.0,-82.36,4.1947,-92,77.17,27.4,1.12308,0.730881,4.1717,0.1664
2929,-100,-90.0,40.0,1.5,5.5,-82.03,6.967,-100,78.48,25.83,1.334253,0.935755,5.9675,0.1319
2930,-100,-90.0,40.0,1.5,7.0,-81.78,8.5769,-100,79.14,25.04,1.476769,1.05415,6.8472,0.1003
2931,-100,-90.0,40.0,1.5,8.5,-81.67,9.3943,-100,78.58,25.7,1.416357,0.929712,5.5966,0.1337
2932,-100,-90.0,40.0,1.5,10.0,-81.59,10.7076,-100,78.57,25.73,1.477166,0.927125,5.4052,0.1502
2933,-100,-90.0,40.0,1.5,11.5,-81.25,11.8305,-100,79.71,24.35,1.61995,0.98689,5.413,0.1181
2934,-100,-90.0,40.0,1.5,13.0,-80.97,12.6807,-100,79.49,24.62,1.666149,1.030836,5.231,0.12
2935,-100,-90.0,40.0,1.75,1.0,-79.27,5.5298,-90,76.73,27.93,1.047506,0.668389,3.3911,0.1748
2936,-100,-90.0,40.0,1.75,2.5,-79.49,5.5817,-95,76.74,27.91,1.105341,0.748685,4.9255,0.1471
2937,-100,-90.0,40.0,1.75,4.0,-78.96,6.7286,-100,77.02,27.57,1.123754,0.713081,3.4866,0.1734
2939,-100,-90.0,40.0,1.75,7.0,-78.9,8.7327,-100,76.76,27.88,1.214477,0.874076,6.1152,0.1511
2940,-100,-90.0,40.0,1.75,8.5,-78.37,10.127,-100,77.0,27.6,1.232212,0.804021,4.6982,0.1332
2938,-100,-90.0,40.0,1.75,5.5,-79.32,7.2528,-100,77.72,26.74,1.199164,0.765887,4.2313,0.1543
2941,-100,-90.0,40.0,1.75,10.0,-78.79,11.1715,-100,78.86,25.37,1.409058,0.83128,3.7595,0.1616
2943,-100,-90.0,40.0,1.75,13.0,-77.94,13.2855,-100,78.81,25.42,1.473365,0.872611,4.4877,0.1635
2942,-100,-90.0,40.0,1.75,11.5,-78.29,12.3333,-100,79.3,24.85,1.494642,0.932591,4.7273,0.1222
2945,-100,-90.0,40.0,2.0,2.5,-76.6,6.2222,-92,76.42,28.29,1.021824,0.679618,3.8712,0.1752
2944,-100,-90.0,40.0,2.0,1.0,-76.31,5.912,-87,76.76,27.89,1.023918,0.616717,2.2015,0.1965
2946,-100,-90.0,40.0,2.0,4.0,-76.32,6.9614,-99,77.18,27.39,1.071353,0.681256,3.8739,0.1499
2947,-100,-90.0,40.0,2.0,5.5,-76.85,8.2916,-100,76.71,27.95,1.077448,0.721877,4.0768,0.1653
2949,-100,-90.0,40.0,2.0,8.5,-76.29,10.3368,-100,77.04,27.56,1.199211,0.787577,4.5402,0.1542
2948,-100,-90.0,40.0,2.0,7.0,-76.7,8.7832,-100,77.12,27.46,1.163268,0.782439,5.0171,0.14
2951,-100,-90.0,40.0,2.0,11.5,-76.51,12.6717,-100,78.29,26.05,1.338746,0.761424,2.725,0.1838
2950,-100,-90.0,40.0,2.0,10.0,-76.14,11.7844,-100,77.81,26.64,1.249908,0.893778,5.7582,0.1039
2952,-100,-90.0,40.0,2.0,13.0,-75.6,13.672,-100,78.58,25.69,1.422798,0.950668,5.6073,0.1261
2953,-100,-90.0,40.0,2.25,1.0,-72.95,6.2839,-86,76.65,28.03,0.979699,0.610207,2.4803,0.1853
2955,-100,-90.0,40.0,2.25,4.0,-73.69,7.5338,-97,76.32,28.42,1.065643,0.730065,4.7806,0.1703
2954,-100,-90.0,40.0,2.25,2.5,-73.43,6.9526,-90,76.56,28.13,1.044985,0.715681,5.435,0.1435
2956,-100,-90.0,40.0,2.25,5.5,-73.58,8.8642,-100,75.93,28.88,1.002573,0.691921,4.605,0.1599
2957,-100,-90.0,40.0,2.25,7.0,-73.31,9.4071,-100,76.61,28.07,1.075417,0.751719,5.4997,0.1305
2958,-100,-90.0,40.0,2.25,8.5,-72.85,10.7748,-100,76.5,28.2,1.075788,0.686983,3.7809,0.1824
2959,-100,-90.0,40.0,2.25,10.0,-73.01,11.7667,-100,77.47,27.03,1.159812,0.719669,3.2547,0.1717
2961,-100,-90.0,40.0,2.25,13.0,-72.65,14.0957,-100,77.44,27.08,1.214199,0.719332,3.1514,0.193
2960,-100,-90.0,40.0,2.25,11.5,-73.1,13.2665,-100,77.3,27.23,1.170259,0.776273,4.4763,0.1579
2963,-100,-90.0,40.0,2.5,2.5,-70.52,8.0677,-91,75.55,29.34,0.935878,0.60887,3.538,0.1984
2962,-100,-90.0,40.0,2.5,1.0,-70.77,7.9306,-85,76.52,28.18,1.005767,0.660158,3.6958,0.1718
2964,-100,-90.0,40.0,2.5,4.0,-71.21,8.9418,-94,76.73,27.93,0.994843,0.646184,3.2434,0.1777
2965,-100,-90.0,40.0,2.5,5.5,-70.13,9.4287,-100,76.79,27.85,1.007872,0.651075,3.3192,0.1911
2966,-100,-90.0,40.0,2.5,7.0,-70.46,10.2557,-100,76.32,28.42,0.98694,0.683791,4.4805,0.146
2967,-100,-90.0,40.0,2.5,8.5,-70.19,11.3683,-100,75.99,28.8,1.044424,0.743979,5.5174,0.1664
2968,-100,-90.0,40.0,2.5,10.0,-70.3,12.3051,-100,76.5,28.21,1.053074,0.698765,4.2248,0.1761
2969,-100,-90.0,40.0,2.5,11.5,-69.65,13.6525,-100,76.88,27.75,1.108533,0.711917,3.4648,0.1763
2970,-100,-90.0,40.0,2.5,13.0,-70.38,14.6856,-100,76.67,27.98,1.174493,0.732448,3.8047,0.1874
2971,-100,-90.0,40.0,2.75,1.0,-67.81,7.9608,-82,76.26,28.49,1.000016,0.748786,6.2469,0.1391
2973,-100,-90.0,40.0,2.75,4.0,-67.65,8.8229,-94,76.0,28.8,0.938987,0.600981,2.624,0.1905
2972,-100,-90.0,40.0,2.75,2.5,-68.01,9.154,-88,75.63,29.25,0.936336,0.653663,4.6589,0.1779
2976,-100,-90.0,40.0,2.75,8.5,-67.89,11.3786,-100,76.28,28.47,1.050154,0.738457,5.1291,0.1586
2974,-100,-90.0,40.0,2.75,5.5,-68.09,10.1038,-97,75.82,29.02,1.007952,0.655289,3.0634,0.1792
2975,-100,-90.0,40.0,2.75,7.0,-67.44,11.1271,-100,76.64,28.03,1.000049,0.656009,3.6564,0.1657
2977,-100,-90.0,40.0,2.75,10.0,-67.55,12.7432,-100,77.02,27.58,1.127089,0.70721,3.9716,0.1663
2979,-100,-90.0,40.0,2.75,13.0,-66.98,15.0875,-100,76.97,27.64,1.138706,0.7322,4.2623,0.1667
2978,-100,-90.0,40.0,2.75,11.5,-67.35,13.9885,-100,77.46,27.05,1.116727,0.670207,2.9328,0.1745
2980,-100,-90.0,40.0,3.0,1.0,-64.86,9.277,-86,76.45,28.27,0.994514,0.626896,2.7897,0.186
2982,-100,-90.0,40.0,3.0,4.0,-65.11,9.5455,-90,76.01,28.79,1.006424,0.659479,3.7451,0.1817
2981,-100,-90.0,40.0,3.0,2.5,-63.99,9.5595,-86,76.28,28.47,1.000578,0.652547,3.894,0.1857
2983,-100,-90.0,40.0,3.0,5.5,-64.51,9.8738,-96,76.51,28.19,0.989467,0.656998,3.8698,0.1843
2984,-100,-90.0,40.0,3.0,7.0,-64.26,11.0546,-100,75.63,29.24,0.997917,0.612527,2.8054,0.2036
2985,-100,-90.0,40.0,3.0,8.5,-64.79,11.7204,-100,75.75,29.1,0.998412,0.664948,4.0975,0.1662
2986,-100,-90.0,40.0,3.0,10.0,-63.94,13.2497,-100,76.79,27.85,1.068638,0.791042,5.7291,0.1455
2987,-100,-90.0,40.0,3.0,11.5,-64.6,14.4751,-100,76.46,28.25,1.061889,0.690129,3.6824,0.1585
2988,-100,-90.0,40.0,3.0,13.0,-63.98,15.3707,-100,76.55,28.15,1.080659,0.691711,3.7215,0.1555
2989,-100,-90.0,40.0,3.25,1.0,-61.67,10.1,-77,76.09,28.7,0.975193,0.660342,4.4698,0.1531
2990,-100,-90.0,40.0,3.25,2.5,-61.79,9.4958,-83,76.19,28.58,0.975131,0.613862,2.8924,0.1763
2992,-100,-90.0,40.0,3.25,5.5,-61.69,10.9979,-98,75.97,28.84,0.945597,0.595217,2.2503,0.1992
2991,-100,-90.0,40.0,3.25,4.0,-61.91,10.7531,-89,76.38,28.33,1.010742,0.62682,3.1912,0.1807
2993,-100,-90.0,40.0,3.25,7.0,-61.76,11.5527,-100,76.37,28.36,1.077845,0.776855,5.5652,0.1445
2994,-100,-90.0,40.0,3.25,8.5,-61.96,12.7049,-100,76.26,28.49,0.988359,0.614605,2.7045,0.1918
2995,-100,-90.0,40.0,3.25,10.0,-61.71,13.464,-100,76.99,27.61,1.025291,0.689471,4.1756,0.1589
2996,-100,-90.0,40.0,3.25,11.5,-61.15,14.8058,-100,76.67,28.0,1.041313,0.68209,3.7256,0.1581
2997,-100,-90.0,40.0,3.25,13.0,-61.43,16.0091,-100,76.72,27.94,1.037496,0.688018,4.0742,0.1739
2998,-100,-90.0,40.0,3.5,1.0,-59.01,10.2355,-76,76.6,28.08,1.010719,0.681851,3.8466,0.1431
2999,-100,-90.0,40.0,3.5,2.5,-59.29,10.5366,-82,76.03,28.76,0.96272,0.629238,3.1202,0.1914
3000,-100,-90.0,40.0,3.5,4.0,-59.29,11.1789,-85,76.64,28.04,1.02227,0.655235,3.264,0.163
3003,-100,-90.0,40.0,3.5,8.5,-58.81,13.2275,-100,76.43,28.28,1.001751,0.653533,4.0978,0.1725
3001,-100,-90.0,40.0,3.5,5.5,-58.74,11.0044,-89,75.93,28.89,0.995969,0.667517,4.4374,0.1552
3002,-100,-90.0,40.0,3.5,7.0,-58.88,11.8494,-94,76.77,27.89,1.062461,0.827636,6.6393,0.132
3004,-100,-90.0,40.0,3.5,10.0,-58.84,14.5138,-100,76.32,28.41,1.038581,0.669201,3.5698,0.1799
3005,-100,-90.0,40.0,3.5,11.5,-58.63,15.3478,-100,75.95,28.87,1.009352,0.634902,2.9113,0.1894
3008,-100,-90.0,40.0,3.75,2.5,-56.07,11.3684,-78,76.43,28.29,0.985712,0.625745,2.7757,0.1935
3006,-100,-90.0,40.0,3.5,13.0,-59.06,16.5126,-100,76.92,27.7,1.053547,0.660972,3.139,0.182
3007,-100,-90.0,40.0,3.75,1.0,-55.65,10.8956,-72,76.34,28.4,0.996535,0.643711,3.7479,0.1659
3009,-100,-90.0,40.0,3.75,4.0,-55.85,11.4345,-82,76.24,28.52,0.99384,0.652389,4.2612,0.1749
3010,-100,-90.0,40.0,3.75,5.5,-55.96,11.4466,-90,76.16,28.62,1.01792,0.696251,4.7274,0.1664
3011,-100,-90.0,40.0,3.75,7.0,-55.92,12.6534,-92,76.43,28.29,0.992382,0.646238,3.5502,0.1829
3012,-100,-90.0,40.0,3.75,8.5,-55.87,13.0002,-98,75.06,29.92,0.964487,0.655504,5.0363,0.1764
3013,-100,-90.0,40.0,3.75,10.0,-55.9,14.9818,-100,76.65,28.02,1.007612,0.669821,3.8084,0.1738
3015,-100,-90.0,40.0,3.75,13.0,-56.04,17.1466,-100,76.64,28.04,1.080849,0.77196,5.44,0.1282
3014,-100,-90.0,40.0,3.75,11.5,-56.08,15.2634,-100,76.8,27.84,1.023806,0.663182,3.638,0.1862
3016,-100,-90.0,40.0,4.0,1.0,-53.2,11.3985,-72,75.92,28.9,0.980206,0.641779,3.4206,0.1749
3017,-100,-90.0,40.0,4.0,2.5,-53.08,11.5428,-77,76.31,28.44,0.980784,0.66186,4.4064,0.1719
3020,-100,-90.0,40.0,4.0,7.0,-53.42,13.7165,-91,76.2,28.56,0.982657,0.655579,3.9975,0.169
3018,-100,-90.0,40.0,4.0,4.0,-53.74,12.6875,-86,76.11,28.66,0.969237,0.612972,2.7629,0.1954
3019,-100,-90.0,40.0,4.0,5.5,-53.17,12.8026,-84,76.08,28.71,0.966143,0.634888,3.8721,0.1871
3021,-100,-90.0,40.0,4.0,8.5,-53.31,14.6234,-98,76.31,28.44,0.985817,0.645322,3.471,0.1804
3022,-100,-90.0,40.0,4.0,10.0,-53.23,14.8453,-100,76.0,28.81,0.982739,0.623739,2.9388,0.1956
3024,-100,-90.0,40.0,4.0,13.0,-53.05,17.2457,-100,75.97,28.83,0.933793,0.591733,2.8014,0.193
3023,-100,-90.0,40.0,4.0,11.5,-52.93,16.9078,-100,75.96,28.85,1.001654,0.788048,6.5113,0.1345
3025,-100,-90.0,40.0,4.25,1.0,-49.6,12.2457,-70,75.32,29.62,0.941073,0.61062,3.1108,0.187
3026,-100,-90.0,40.0,4.25,2.5,-50.46,12.2029,-75,76.36,28.38,0.971949,0.640373,2.9981,0.1778
3027,-100,-90.0,40.0,4.25,4.0,-50.31,12.4105,-82,76.45,28.26,1.031479,0.713436,5.0309,0.1619
3028,-100,-90.0,40.0,4.25,5.5,-50.64,13.8033,-85,76.34,28.39,1.00409,0.663214,3.6252,0.1467
3029,-100,-90.0,40.0,4.25,7.0,-49.87,13.27,-90,75.79,29.06,0.960972,0.620416,2.9468,0.1689
3031,-100,-90.0,40.0,4.25,10.0,-50.19,15.5041,-99,76.43,28.29,0.980959,0.652161,3.9719,0.1653
3030,-100,-90.0,40.0,4.25,8.5,-50.29,14.4253,-100,76.54,28.15,1.053844,0.709716,4.4094,0.1502
3032,-100,-90.0,40.0,4.25,11.5,-50.2,16.4863,-100,76.61,28.07,1.040144,0.682092,4.167,0.1801
3033,-100,-90.0,40.0,4.25,13.0,-50.54,18.0265,-100,76.36,28.37,0.996154,0.664935,3.7628,0.1611
3034,-100,-90.0,40.0,4.5,1.0,-47.89,12.443,-68,76.85,27.78,1.049866,0.688393,4.3009,0.1684
3035,-100,-90.0,40.0,4.5,2.5,-47.58,12.8981,-71,76.32,28.41,1.010906,0.672125,4.3316,0.1766
3036,-100,-90.0,40.0,4.5,4.0,-47.51,13.2216,-81,75.82,29.01,0.965935,0.63643,3.424,0.1743
3037,-100,-90.0,40.0,4.5,5.5,-47.87,14.6047,-85,76.16,28.62,0.984525,0.679724,4.4477,0.1366
3038,-100,-90.0,40.0,4.5,7.0,-47.84,15.5377,-88,76.82,27.82,0.992235,0.725211,5.4119,0.14
3039,-100,-90.0,40.0,4.5,8.5,-47.98,16.0637,-100,75.89,28.93,0.939977,0.573622,1.6394,0.2134
3040,-100,-90.0,40.0,4.5,10.0,-47.57,16.161,-100,76.76,27.89,0.983094,0.651776,4.1451,0.16
3041,-100,-90.0,40.0,4.5,11.5,-47.49,17.2834,-100,76.24,28.51,1.013844,0.663911,4.0214,0.1748
3042,-100,-90.0,40.0,4.5,13.0,-47.32,18.4227,-100,76.42,28.3,0.988719,0.633715,3.4297,0.1815
3043,-100,-90.0,40.0,4.75,1.0,-44.37,13.2187,-66,75.85,28.99,0.933202,0.596795,2.9583,0.1765
3045,-100,-90.0,40.0,4.75,4.0,-44.62,13.7302,-77,75.41,29.51,0.913271,0.607789,3.4268,0.2028
3044,-100,-90.0,40.0,4.75,2.5,-44.54,14.1088,-71,75.95,28.86,0.951364,0.590758,2.0316,0.2007
3046,-100,-90.0,40.0,4.75,5.5,-44.56,14.6101,-81,76.21,28.55,0.995351,0.643083,3.3106,0.1707
3047,-100,-90.0,40.0,4.75,7.0,-44.68,15.5484,-84,75.9,28.92,1.014949,0.696337,4.9249,0.1534
3048,-100,-90.0,40.0,4.75,8.5,-44.4,15.7138,-91,75.53,29.36,0.960184,0.641956,4.4086,0.1761
3049,-100,-90.0,40.0,4.75,10.0,-45.1,16.8947,-98,76.26,28.48,0.990458,0.611141,2.7595,0.1845
3050,-100,-90.0,40.0,4.75,11.5,-44.48,18.1789,-100,76.41,28.32,0.974476,0.627278,3.2974,0.1545
3051,-100,-90.0,40.0,4.75,13.0,-44.31,18.4513,-100,75.42,29.49,0.945183,0.606456,3.4077,0.1775
3052,-100,-90.0,40.0,5.0,1.0,-41.96,13.8693,-62,76.23,28.52,0.999301,0.651075,3.5321,0.1764
3053,-100,-90.0,40.0,5.0,2.5,-41.32,14.8922,-70,76.36,28.36,0.998817,0.661727,3.6227,0.1579
3055,-100,-90.0,40.0,5.0,5.5,-42.19,15.8231,-82,76.47,28.23,1.00806,0.684202,4.4667,0.1561
3054,-100,-90.0,40.0,5.0,4.0,-41.33,14.4978,-72,76.68,27.99,1.015043,0.671662,3.9335,0.1614
3056,-100,-90.0,40.0,5.0,7.0,-41.75,16.111,-83,75.86,28.97,1.019494,0.665765,4.1448,0.1822
3057,-100,-90.0,40.0,5.0,8.5,-41.92,16.7013,-89,75.68,29.19,0.969801,0.690689,5.2903,0.1643
3059,-100,-90.0,40.0,5.0,11.5,-41.35,18.6011,-100,75.69,29.18,0.923974,0.6122,3.6872,0.1554
3058,-100,-90.0,40.0,5.0,10.0,-41.76,17.5828,-91,75.89,28.93,1.028891,0.735854,5.997,0.1425
3060,-100,-90.0,40.0,5.0,13.0,-41.38,19.1765,-100,75.41,29.51,0.943855,0.578886,2.109,0.2055
3062,-100,-90.0,50.0,1.0,2.5,-86.05,3.8542,-99,78.8,25.45,1.455562,0.987542,5.3064,0.1051
3061,-100,-90.0,50.0,1.0,1.0,-87.02,3.1083,-94,78.8,25.45,1.414479,1.026705,7.6055,0.0823
3063,-100,-90.0,50.0,1.0,4.0,-86.77,5.1109,-100,79.94,24.07,1.644673,1.080465,7.0725,0.0676
3064,-100,-90.0,50.0,1.0,5.5,-86.55,6.1146,-100,79.51,24.59,1.716792,1.063057,6.4967,0.1287
3065,-100,-90.0,50.0,1.0,7.0,-86.45,7.3467,-100,80.16,23.81,1.7463,1.044145,6.356,0.1188
3069,-100,-90.0,50.0,1.0,13.0,-85.04,11.6684,-100,79.43,24.68,1.780769,0.913509,3.9833,0.1637
3067,-100,-90.0,50.0,1.0,10.0,-85.88,9.5347,-100,79.84,24.19,1.727946,0.946521,4.9889,0.1462
3066,-100,-90.0,50.0,1.0,8.5,-86.16,8.654,-100,79.29,24.86,1.698488,0.934461,5.0198,0.1331
3068,-100,-90.0,50.0,1.0,11.5,-85.14,10.7983,-100,80.58,23.31,1.81982,1.069754,6.2067,0.1236
3070,-100,-90.0,50.0,1.25,1.0,-83.86,3.7556,-93,75.38,29.55,1.056649,0.79356,6.5105,0.144
3071,-100,-90.0,50.0,1.25,2.5,-83.89,4.8025,-100,78.1,26.26,1.249045,0.875817,5.5501,0.1395
3072,-100,-90.0,50.0,1.25,4.0,-83.96,5.3535,-100,77.51,26.98,1.32413,0.854451,5.0665,0.1505
3073,-100,-90.0,50.0,1.25,5.5,-83.79,6.5789,-100,78.47,25.84,1.336143,0.936371,5.9846,0.1111
3075,-100,-90.0,50.0,1.25,8.5,-83.85,9.029,-100,79.64,24.43,1.631436,1.046813,5.5828,0.1062
3076,-100,-90.0,50.0,1.25,10.0,-83.5,10.0545,-100,79.84,24.19,1.684487,0.983903,4.7078,0.1145
3074,-100,-90.0,50.0,1.25,7.0,-83.7,7.9765,-100,79.21,24.94,1.547446,0.943487,5.0526,0.1444
3078,-100,-90.0,50.0,1.25,13.0,-82.42,12.2989,-100,78.93,25.29,1.633125,1.032579,6.1152,0.1103
3077,-100,-90.0,50.0,1.25,11.5,-82.77,11.1989,-100,79.44,24.66,1.632941,0.959046,4.8583,0.1308
3080,-100,-90.0,50.0,1.5,2.5,-80.92,5.383,-96,76.39,28.33,1.093202,0.746725,5.2668,0.1477
3079,-100,-90.0,50.0,1.5,1.0,-80.69,4.3784,-91,77.01,27.6,1.078532,0.711466,4.6189,0.1831
3081,-100,-90.0,50.0,1.5,4.0,-80.0,5.7672,-100,77.04,27.56,1.101406,0.686429,3.3937,0.1909
3082,-100,-90.0,50.0,1.5,5.5,-80.72,6.9053,-100,75.58,29.31,1.15911,0.860437,6.199,0.1314
3083,-100,-90.0,50.0,1.5,7.0,-80.35,8.1368,-100,78.63,25.64,1.319983,0.780549,2.8949,0.1668
3084,-100,-90.0,50.0,1.5,8.5,-80.54,9.5652,-100,78.44,25.88,1.388467,0.802873,2.9871,0.1691
3085,-100,-90.0,50.0,1.5,10.0,-80.26,10.662,-100,79.4,24.72,1.538357,1.015405,6.3785,0.1332
3086,-100,-90.0,50.0,1.5,11.5,-80.28,11.6502,-100,78.04,26.35,1.457487,0.868016,4.9643,0.1673
3087,-100,-90.0,50.0,1.5,13.0,-79.56,12.954,-100,79.76,24.29,1.633714,0.956645,4.3195,0.1427
3090,-100,-90.0,50.0,1.75,4.0,-77.36,6.8421,-99,76.61,28.07,1.031184,0.635878,2.7294,0.1748
3089,-100,-90.0,50.0,1.75,2.5,-77.75,5.4877,-93,76.4,28.32,1.066833,0.754067,5.6819,0.1542
3088,-100,-90.0,50.0,1.75,1.0,-77.24,5.1086,-89,76.17,28.6,1.006716,0.662102,4.0549,0.1609
3091,-100,-90.0,50.0,1.75,5.5,-77.42,7.4655,-100,76.94,27.67,1.092734,0.695702,3.3894,0.1828
3093,-100,-90.0,50.0,1.75,8.5,-77.26,9.8375,-100,77.78,26.66,1.220446,0.750772,3.6656,0.164
3092,-100,-90.0,50.0,1.75,7.0,-77.33,8.5185,-100,77.26,27.29,1.142714,0.730502,4.1891,0.1599
3094,-100,-90.0,50.0,1.75,10.0,-77.03,11.2111,-100,78.39,25.93,1.346257,0.856715,4.6025,0.1211
3095,-100,-90.0,50.0,1.75,11.5,-77.21,12.433,-100,78.52,25.78,1.341213,0.89757,5.4688,0.1411
3096,-100,-90.0,50.0,1.75,13.0,-77.05,13.3707,-100,77.65,26.82,1.373121,0.91772,6.162,0.1362
3097,-100,-90.0,50.0,2.0,1.0,-74.48,6.0299,-87,76.21,28.56,1.049266,0.739181,5.3242,0.1667
3098,-100,-90.0,50.0,2.0,2.5,-74.72,6.5911,-90,75.64,29.23,0.968213,0.6097,2.533,0.2071
3099,-100,-90.0,50.0,2.0,4.0,-74.42,6.7963,-96,76.09,28.69,1.020336,0.616897,2.4359,0.1934
3102,-100,-90.0,50.0,2.0,8.5,-74.26,10.2175,-100,76.83,27.81,1.140412,0.754704,4.892,0.169
3101,-100,-90.0,50.0,2.0,7.0,-74.15,9.1566,-100,76.57,28.11,1.073513,0.739082,4.5685,0.1586
3100,-100,-90.0,50.0,2.0,5.5,-74.0,8.1544,-100,76.87,27.75,1.025923,0.631405,2.166,0.1939
3104,-100,-90.0,50.0,2.0,11.5,-73.62,12.6544,-100,77.69,26.77,1.272698,0.833977,4.7915,0.1514
3103,-100,-90.0,50.0,2.0,10.0,-74.05,11.6743,-100,77.6,26.88,1.205508,0.819204,5.0549,0.1372
3105,-100,-90.0,50.0,2.0,13.0,-74.1,13.9583,-100,77.63,26.84,1.301461,0.81232,4.408,0.1602
3107,-100,-90.0,50.0,2.25,2.5,-71.24,6.9356,-91,76.46,28.24,1.021472,0.714922,4.9136,0.1356
3106,-100,-90.0,50.0,2.25,1.0,-70.91,6.472,-83,76.61,28.07,1.033103,0.642182,3.0869,0.1856
3108,-100,-90.0,50.0,2.25,4.0,-71.38,7.5045,-93,75.7,29.17,0.93904,0.609034,3.1183,0.1895
3110,-100,-90.0,50.0,2.25,7.0,-71.15,9.4237,-100,76.33,28.4,1.060292,0.695869,3.8427,0.152
3109,-100,-90.0,50.0,2.25,5.5,-70.85,8.4396,-99,76.7,27.96,1.034029,0.665666,3.5494,0.1826
3111,-100,-90.0,50.0,2.25,8.5,-71.39,10.8767,-100,75.75,29.11,1.01573,0.652828,3.0945,0.1848
3112,-100,-90.0,50.0,2.25,10.0,-71.19,11.8498,-100,76.23,28.52,1.059443,0.699771,4.3565,0.1499
3114,-100,-90.0,50.0,2.25,13.0,-70.78,14.4771,-100,76.45,28.26,1.148072,0.756342,4.9205,0.1754
3113,-100,-90.0,50.0,2.25,11.5,-70.52,13.1516,-100,77.27,27.29,1.121903,0.71972,4.1925,0.1662
3116,-100,-90.0,50.0,2.5,2.5,-68.37,7.8432,-87,76.29,28.46,1.01621,0.674506,4.1487,0.1511
3115,-100,-90.0,50.0,2.5,1.0,-68.42,7.4458,-82,76.3,28.44,1.009102,0.614714,1.9749,0.1963
3117,-100,-90.0,50.0,2.5,4.0,-68.69,8.3143,-91,76.89,27.73,1.000732,0.639072,3.353,0.166
3119,-100,-90.0,50.0,2.5,7.0,-68.52,10.6386,-100,76.57,28.12,1.063261,0.71855,5.0253,0.1648
3118,-100,-90.0,50.0,2.5,5.5,-68.29,9.3938,-98,76.85,27.77,1.00154,0.655031,3.7149,0.1798
3120,-100,-90.0,50.0,2.5,8.5,-68.25,11.4839,-100,76.16,28.6,1.06953,0.79798,5.9433,0.128
3121,-100,-90.0,50.0,2.5,10.0,-68.16,12.2499,-100,77.17,27.4,1.103393,0.683677,3.2625,0.1807
3122,-100,-90.0,50.0,2.5,11.5,-67.66,13.7548,-100,76.95,27.66,1.117308,0.687944,3.1152,0.1769
3123,-100,-90.0,50.0,2.5,13.0,-67.88,14.5581,-100,77.57,26.92,1.204029,0.806436,5.1639,0.1557
3125,-100,-90.0,50.0,2.75,2.5,-65.1,8.3251,-83,76.31,28.44,1.023618,0.695481,4.7479,0.1705
3124,-100,-90.0,50.0,2.75,1.0,-64.93,7.7379,-79,76.52,28.17,1.029222,0.65285,4.0218,0.17
3126,-100,-90.0,50.0,2.75,4.0,-64.84,8.248,-89,76.13,28.65,1.011507,0.654267,3.1673,0.2033
3127,-100,-90.0,50.0,2.75,5.5,-64.65,10.3079,-93,76.36,28.37,1.014678,0.683621,4.2389,0.1642
3128,-100,-90.0,50.0,2.75,7.0,-65.25,10.4545,-100,76.54,28.14,1.013722,0.646699,2.9795,0.1835
3129,-100,-90.0,50.0,2.75,8.5,-64.86,11.7367,-100,76.65,28.01,1.028987,0.653639,3.1109,0.1753
3130,-100,-90.0,50.0,2.75,10.0,-64.61,12.7433,-100,76.41,28.31,1.020792,0.643358,2.9815,0.1823
3132,-100,-90.0,50.0,2.75,13.0,-64.49,15.166,-100,76.72,27.94,1.054141,0.639857,2.0436,0.1805
3131,-100,-90.0,50.0,2.75,11.5,-65.01,13.7851,-100,76.54,28.15,1.027516,0.698544,4.7247,0.1674
3133,-100,-90.0,50.0,3.0,1.0,-61.53,8.8769,-76,77.02,27.57,1.054644,0.697546,4.2153,0.1845
3134,-100,-90.0,50.0,3.0,2.5,-62.2,9.1054,-81,75.72,29.13,0.960327,0.609699,2.7704,0.2009
3135,-100,-90.0,50.0,3.0,4.0,-61.87,10.189,-89,76.02,28.77,1.029428,0.687731,4.6412,0.1731
3137,-100,-90.0,50.0,3.0,7.0,-62.05,10.8587,-98,75.93,28.88,0.982117,0.636414,3.8313,0.1644
3138,-100,-90.0,50.0,3.0,8.5,-61.71,12.1164,-100,76.76,27.9,0.99928,0.633708,2.5645,0.1788
3136,-100,-90.0,50.0,3.0,5.5,-62.02,10.2909,-92,76.26,28.49,1.001341,0.62631,2.9376,0.169
3140,-100,-90.0,50.0,3.0,11.5,-62.04,14.4053,-100,76.33,28.41,1.013124,0.641414,2.8369,0.1802
3139,-100,-90.0,50.0,3.0,10.0,-61.78,13.2508,-100,76.53,28.16,1.053784,0.71724,4.823,0.1463
3141,-100,-90.0,50.0,3.0,13.0,-61.37,15.7887,-100,76.7,27.96,1.068727,0.681685,3.7793,0.1721
3142,-100,-90.0,50.0,3.25,1.0,-58.51,9.1758,-73,76.16,28.62,0.984035,0.634948,3.1893,0.1881
3144,-100,-90.0,50.0,3.25,4.0,-58.77,9.9255,-84,76.43,28.29,0.976173,0.621919,2.8867,0.1752
3143,-100,-90.0,50.0,3.25,2.5,-58.87,9.632,-79,76.48,28.22,1.006828,0.62571,2.7336,0.1895
3145,-100,-90.0,50.0,3.25,5.5,-59.04,10.6635,-89,76.09,28.69,1.051774,0.73111,5.6546,0.1524
3146,-100,-90.0,50.0,3.25,7.0,-59.02,11.8545,-96,76.24,28.5,0.9751,0.620796,2.986,0.195
3148,-100,-90.0,50.0,3.25,10.0,-58.78,13.4853,-100,75.9,28.92,0.991697,0.644654,3.8028,0.1808
3147,-100,-90.0,50.0,3.25,8.5,-59.19,12.7159,-100,76.32,28.42,0.999012,0.625403,2.9946,0.1855
3149,-100,-90.0,50.0,3.25,11.5,-58.02,14.7829,-100,76.12,28.66,1.021517,0.666802,3.9699,0.1745
3150,-100,-90.0,50.0,3.25,13.0,-58.36,15.7636,-100,75.88,28.94,0.960842,0.623702,3.3212,0.185
3151,-100,-90.0,50.0,3.5,1.0,-55.89,10.3285,-73,76.54,28.14,1.012659,0.696737,4.6912,0.154
3152,-100,-90.0,50.0,3.5,2.5,-55.92,10.2477,-78,75.91,28.91,0.950589,0.624299,3.7627,0.1691
3153,-100,-90.0,50.0,3.5,4.0,-56.09,10.7859,-82,76.14,28.62,1.007833,0.685705,4.6168,0.1524
3154,-100,-90.0,50.0,3.5,5.5,-55.39,11.9449,-93,76.36,28.36,1.003737,0.684181,4.5858,0.159
3155,-100,-90.0,50.0,3.5,7.0,-54.83,12.6116,-94,76.42,28.3,1.00103,0.658497,3.7928,0.1764
3156,-100,-90.0,50.0,3.5,8.5,-55.39,13.4223,-100,75.7,29.15,0.977293,0.597521,2.1322,0.1914
3157,-100,-90.0,50.0,3.5,10.0,-55.71,14.6604,-100,76.93,27.69,1.019844,0.669074,4.1612,0.1514
3158,-100,-90.0,50.0,3.5,11.5,-55.55,15.2111,-100,76.31,28.42,1.014752,0.656968,3.5527,0.1882
3160,-100,-90.0,50.0,3.75,1.0,-52.58,11.1594,-71,75.55,29.34,0.914361,0.590663,3.1481,0.1635
3159,-100,-90.0,50.0,3.5,13.0,-55.99,16.1839,-100,76.19,28.57,0.968633,0.635508,3.4608,0.1808
3161,-100,-90.0,50.0,3.75,2.5,-52.25,10.7026,-76,75.84,28.98,1.000509,0.679329,4.9367,0.168
3162,-100,-90.0,50.0,3.75,4.0,-52.74,12.0579,-82,76.87,27.75,1.133254,0.824813,5.9086,0.1337
3164,-100,-90.0,50.0,3.75,7.0,-52.2,13.2937,-93,76.1,28.68,0.959339,0.631222,3.5968,0.1744
3163,-100,-90.0,50.0,3.75,5.5,-52.15,11.9986,-86,75.33,29.61,0.956483,0.635855,4.2999,0.1894
3165,-100,-90.0,50.0,3.75,8.5,-52.58,13.6863,-96,76.29,28.46,1.002731,0.632895,3.1974,0.1795
3166,-100,-90.0,50.0,3.75,10.0,-52.63,14.5881,-100,76.46,28.25,0.976786,0.619532,2.9508,0.1784
3167,-100,-90.0,50.0,3.75,11.5,-52.09,15.9725,-100,76.41,28.31,0.992977,0.636391,3.4179,0.1774
3168,-100,-90.0,50.0,3.75,13.0,-52.15,16.5447,-100,76.63,28.05,0.982973,0.660052,4.3643,0.1575
3169,-100,-90.0,50.0,4.0,1.0,-49.57,11.5332,-68,75.69,29.17,1.000923,0.74314,5.6896,0.1487
3170,-100,-90.0,50.0,4.0,2.5,-49.3,11.6509,-72,76.11,28.66,0.978349,0.614438,2.661,0.1964
3171,-100,-90.0,50.0,4.0,4.0,-49.05,12.4096,-78,76.11,28.67,1.042317,0.683254,4.5885,0.1672
3172,-100,-90.0,50.0,4.0,5.5,-49.51,12.8109,-83,76.12,28.65,0.99016,0.661106,3.9956,0.1539
3174,-100,-90.0,50.0,4.0,8.5,-49.6,14.5476,-95,76.17,28.59,0.994939,0.668634,4.0877,0.1604
3173,-100,-90.0,50.0,4.0,7.0,-49.03,14.0656,-89,76.51,28.19,1.020584,0.655516,4.2479,0.148
3175,-100,-90.0,50.0,4.0,10.0,-48.93,14.7935,-100,76.42,28.29,1.001061,0.632397,3.1682,0.1994
3176,-100,-90.0,50.0,4.0,11.5,-49.7,15.785,-100,76.18,28.59,1.046313,0.692383,4.6359,0.1839
3177,-100,-90.0,50.0,4.0,13.0,-48.74,16.8732,-100,76.3,28.45,0.978458,0.627372,2.8892,0.1786
3178,-100,-90.0,50.0,4.25,1.0,-46.23,11.6101,-65,76.03,28.76,0.954357,0.633261,3.8354,0.1874
3179,-100,-90.0,50.0,4.25,2.5,-46.28,12.5293,-70,76.25,28.5,0.986566,0.640356,3.6274,0.1931
3180,-100,-90.0,50.0,4.25,4.0,-46.13,12.5353,-74,76.38,28.34,0.953843,0.67982,5.0124,0.1538
3181,-100,-90.0,50.0,4.25,5.5,-46.31,13.1725,-80,75.86,28.96,0.954258,0.61659,3.1661,0.1951
3182,-100,-90.0,50.0,4.25,7.0,-46.03,13.9919,-85,76.01,28.78,0.96635,0.589781,1.8493,0.2047
3183,-100,-90.0,50.0,4.25,8.5,-46.22,14.8614,-93,75.51,29.39,0.94038,0.58804,2.6769,0.1858
3185,-100,-90.0,50.0,4.25,11.5,-46.24,16.8793,-100,76.2,28.56,1.084906,0.844472,7.3885,0.133
3184,-100,-90.0,50.0,4.25,10.0,-45.89,15.5765,-97,76.66,28.01,1.015622,0.670128,3.7845,0.1765
3186,-100,-90.0,50.0,4.25,13.0,-46.02,17.9831,-100,77.1,27.47,1.020979,0.634872,2.5881,0.1793
3187,-100,-90.0,50.0,4.5,1.0,-42.87,13.0543,-64,76.95,27.66,0.993767,0.615906,2.52,0.1998
3188,-100,-90.0,50.0,4.5,2.5,-43.58,12.7875,-68,76.16,28.61,0.986063,0.612081,2.0902,0.1955
3189,-100,-90.0,50.0,4.5,4.0,-43.03,13.438,-73,76.33,28.4,0.978303,0.640328,4.026,0.1778
3190,-100,-90.0,50.0,4.5,5.5,-43.16,14.0885,-80,76.18,28.59,0.987917,0.647272,3.5463,0.1865
3191,-100,-90.0,50.0,4.5,7.0,-43.5,14.3008,-81,75.73,29.12,0.965916,0.641499,3.9572,0.1761
3192,-100,-90.0,50.0,4.5,8.5,-43.13,15.4993,-89,75.22,29.74,0.93685,0.628703,4.2385,0.1734
3194,-100,-90.0,50.0,4.5,11.5,-43.14,17.8962,-99,74.74,30.31,0.905344,0.603636,3.9922,0.195
3193,-100,-90.0,50.0,4.5,10.0,-43.24,16.536,-97,76.07,28.72,0.981536,0.626642,3.1733,0.1795
3196,-100,-90.0,50.0,4.75,1.0,-39.53,13.5892,-62,76.35,28.38,1.061006,0.740363,5.4093,0.1719
3195,-100,-90.0,50.0,4.5,13.0,-42.97,17.7454,-100,76.14,28.62,0.989999,0.706625,5.602,0.1413
3198,-100,-90.0,50.0,4.75,4.0,-40.01,14.711,-74,75.83,29.0,0.915581,0.588573,2.8097,0.1964
3197,-100,-90.0,50.0,4.75,2.5,-40.02,13.7914,-65,75.75,29.1,0.931911,0.596386,3.3508,0.197
3199,-100,-90.0,50.0,4.75,5.5,-40.73,14.2144,-76,76.21,28.54,0.984147,0.628796,3.1643,0.1926
3201,-100,-90.0,50.0,4.75,8.5,-40.39,16.0714,-87,76.09,28.7,0.950779,0.618955,3.3885,0.1906
3200,-100,-90.0,50.0,4.75,7.0,-39.44,15.1176,-82,76.26,28.5,0.974029,0.618328,2.9869,0.1916
3202,-100,-90.0,50.0,4.75,10.0,-40.01,16.9748,-96,76.18,28.58,1.018745,0.667232,4.3844,0.1499
3204,-100,-90.0,50.0,4.75,13.0,-40.02,18.7211,-100,76.29,28.45,0.977428,0.640538,3.6251,0.1589
3203,-100,-90.0,50.0,4.75,11.5,-39.44,17.6232,-97,75.92,28.9,0.953434,0.629585,3.7791,0.164
3214,-100,-85.0,30.0,1.0,1.0,-88.41,2.0715,-96,93.49,7.81,1.587094,1.365478,11.1951,0.0008
3205,-100,-90.0,50.0,5.0,1.0,-36.73,14.9322,-57,75.98,28.83,0.968302,0.64106,3.7033,0.1787
3215,-100,-85.0,30.0,1.0,2.5,-88.52,3.9463,-99,90.14,11.84,1.533616,1.695253,14.2989,0.0008
3208,-100,-90.0,50.0,5.0,5.5,-36.9,13.4859,-76,75.79,29.04,1.001892,0.793485,7.1961,0.1283
3216,-100,-85.0,30.0,1.0,4.0,-88.57,4.976,-100,89.84,12.19,2.286931,1.723562,10.3974,0.0084
3207,-100,-90.0,50.0,5.0,4.0,-36.88,14.3398,-68,76.41,28.3,0.950299,0.651283,4.5004,0.1635
3209,-100,-90.0,50.0,5.0,7.0,-36.91,15.5039,-79,76.38,28.35,0.981084,0.623068,2.4647,0.1853
3210,-100,-90.0,50.0,5.0,8.5,-37.27,16.5128,-89,75.94,28.87,0.96606,0.604581,2.5322,0.1919
3206,-100,-90.0,50.0,5.0,2.5,-36.8,14.1924,-65,75.77,29.08,0.960468,0.65223,4.8992,0.1717
3211,-100,-90.0,50.0,5.0,10.0,-37.06,17.6633,-94,75.2,29.76,1.00838,0.723151,5.2129,0.1607
3212,-100,-90.0,50.0,5.0,11.5,-37.03,18.6081,-100,75.9,28.93,0.968962,0.597811,2.0605,0.2133
3213,-100,-90.0,50.0,5.0,13.0,-36.84,19.5554,-100,76.62,28.06,1.074386,0.71872,4.9131,0.1649
3217,-100,-85.0,30.0,1.0,5.5,-88.74,6.272,-100,86.86,15.77,2.1193,1.46465,10.8134,0.0259
3218,-100,-85.0,30.0,1.0,7.0,-88.55,7.6339,-100,86.45,16.26,2.302033,1.212501,7.996,0.0563
3219,-100,-85.0,30.0,1.0,8.5,-88.34,8.3161,-100,85.42,17.5,2.298226,1.093464,5.7088,0.0668
3220,-100,-85.0,30.0,1.0,10.0,-87.67,9.2671,-100,84.06,19.12,2.149309,1.060993,6.221,0.093
3221,-100,-85.0,30.0,1.0,11.5,-87.19,10.2971,-100,83.22,20.13,2.144371,1.003924,5.5486,0.0976
3222,-100,-85.0,30.0,1.0,13.0,-87.1,11.1815,-100,83.18,20.18,2.142592,1.082138,5.9751,0.094
3224,-100,-85.0,30.0,1.25,2.5,-86.52,3.7108,-99,85.15,17.82,1.583568,1.170998,13.4755,0.0059
3223,-100,-85.0,30.0,1.25,1.0,-85.91,2.8813,-93,83.92,19.29,1.122425,1.162668,17.9684,0.0003
3225,-100,-85.0,30.0,1.25,4.0,-85.41,5.3101,-100,83.11,20.27,1.920639,1.281593,9.5726,0.0334
3227,-100,-85.0,30.0,1.25,7.0,-86.21,8.0117,-100,81.88,21.74,1.886517,1.301062,10.8296,0.0682
3226,-100,-85.0,30.0,1.25,5.5,-85.8,6.6913,-100,83.11,20.27,2.013141,1.394369,9.9246,0.0558
3228,-100,-85.0,30.0,1.25,8.5,-85.16,8.6554,-100,80.74,23.11,1.894745,1.113517,6.9278,0.0814
3229,-100,-85.0,30.0,1.25,10.0,-85.7,9.9948,-100,81.69,21.98,1.998458,1.186296,8.1504,0.0952
3230,-100,-85.0,30.0,1.25,11.5,-85.24,10.8897,-100,81.96,21.65,2.056772,0.985389,4.9421,0.1235
3231,-100,-85.0,30.0,1.25,13.0,-84.9,11.7226,-100,81.74,21.91,2.076064,1.14893,6.0612,0.0975
3232,-100,-85.0,30.0,1.5,1.0,-84.2,4.062,-93,82.24,21.31,1.487711,1.153192,13.5481,0.0022
3233,-100,-85.0,30.0,1.5,2.5,-83.48,4.863,-98,80.78,23.07,1.619684,1.24881,11.4714,0.0295
3234,-100,-85.0,30.0,1.5,4.0,-83.58,5.6988,-100,80.57,23.32,1.660322,1.375401,11.1142,0.0213
3235,-100,-85.0,30.0,1.5,5.5,-83.86,6.9603,-100,81.47,22.23,1.900157,1.212937,8.2287,0.0817
3236,-100,-85.0,30.0,1.5,7.0,-83.16,8.2155,-100,80.3,23.65,1.784761,1.248521,8.7404,0.0975
3237,-100,-85.0,30.0,1.5,8.5,-83.34,9.4347,-100,80.83,23.01,1.890585,1.117465,7.0244,0.1208
3238,-100,-85.0,30.0,1.5,10.0,-83.56,10.5159,-100,80.57,23.31,1.914514,1.158387,7.5971,0.1099
3239,-100,-85.0,30.0,1.5,11.5,-82.86,11.4833,-100,81.26,22.48,1.984751,1.188469,6.3968,0.1102
3240,-100,-85.0,30.0,1.5,13.0,-82.6,12.4863,-100,80.88,22.94,1.91049,1.170863,6.474,0.1112
3241,-100,-85.0,30.0,1.75,1.0,-81.22,4.6001,-92,77.07,27.52,1.192513,1.187695,14.0819,0.0084
3242,-100,-85.0,30.0,1.75,2.5,-81.53,5.4793,-99,79.52,24.57,1.557218,1.13818,9.2515,0.0715
3243,-100,-85.0,30.0,1.75,4.0,-81.49,6.4154,-100,79.83,24.2,1.638477,1.18848,7.8386,0.0573
3244,-100,-85.0,30.0,1.75,5.5,-80.94,7.7377,-100,79.51,24.59,1.650916,1.169348,8.1339,0.1011
3247,-100,-85.0,30.0,1.75,10.0,-80.97,10.6891,-100,80.12,23.86,1.720203,1.216333,8.0484,0.0822
3246,-100,-85.0,30.0,1.75,8.5,-80.95,10.0106,-100,80.66,23.21,1.741296,1.327316,7.9641,0.0673
3245,-100,-85.0,30.0,1.75,7.0,-80.96,8.4835,-100,79.01,25.19,1.613273,1.296104,9.5182,0.0818
3248,-100,-85.0,30.0,1.75,11.5,-80.66,11.9582,-100,80.77,23.09,1.87969,1.136021,6.301,0.1114
3249,-100,-85.0,30.0,1.75,13.0,-80.51,13.1166,-100,81.4,22.33,1.903911,1.131137,5.98,0.0881
3250,-100,-85.0,30.0,2.0,1.0,-78.98,5.275,-90,77.58,26.92,1.239651,1.028714,9.3364,0.0659
3252,-100,-85.0,30.0,2.0,4.0,-79.06,7.2119,-99,79.2,24.96,1.487609,0.955597,5.4699,0.1133
3251,-100,-85.0,30.0,2.0,2.5,-78.74,6.2142,-94,78.74,25.51,1.399288,0.991399,5.93,0.0884
3253,-100,-85.0,30.0,2.0,5.5,-78.86,8.0326,-100,78.8,25.45,1.484777,1.036861,6.87,0.12
3254,-100,-85.0,30.0,2.0,7.0,-78.63,8.8508,-100,78.44,25.87,1.516089,0.959019,5.2537,0.1294
3255,-100,-85.0,30.0,2.0,8.5,-78.85,10.3711,-100,80.59,23.29,1.735328,1.034804,5.2442,0.1152
3256,-100,-85.0,30.0,2.0,10.0,-78.03,11.6102,-100,79.25,24.91,1.540052,0.982757,6.345,0.1142
3257,-100,-85.0,30.0,2.0,11.5,-78.21,12.3888,-100,78.81,25.44,1.626704,1.069263,6.5203,0.108
3258,-100,-85.0,30.0,2.0,13.0,-78.25,13.264,-100,79.5,24.6,1.699945,1.177692,7.4228,0.091
3259,-100,-85.0,30.0,2.25,1.0,-76.25,6.5932,-89,76.71,27.95,1.096733,0.767263,4.9032,0.1377
3260,-100,-85.0,30.0,2.25,2.5,-75.91,6.2157,-93,77.26,27.28,1.158528,0.761015,3.9459,0.1467
3261,-100,-85.0,30.0,2.25,4.0,-76.6,7.1979,-98,77.81,26.63,1.284943,0.871264,5.5322,0.1243
3264,-100,-85.0,30.0,2.25,8.5,-76.23,10.6337,-100,79.11,25.07,1.558601,1.086639,6.7187,0.1031
3263,-100,-85.0,30.0,2.25,7.0,-76.65,9.3255,-100,79.07,25.12,1.485926,1.047087,6.6054,0.122
3262,-100,-85.0,30.0,2.25,5.5,-76.38,8.295,-100,77.73,26.72,1.380235,0.861293,4.6517,0.1337
3265,-100,-85.0,30.0,2.25,10.0,-76.05,11.9879,-100,78.61,25.67,1.523729,1.03652,5.9849,0.1214
3267,-100,-85.0,30.0,2.25,13.0,-75.74,14.0598,-100,79.67,24.39,1.650558,1.138594,6.7015,0.1184
3266,-100,-85.0,30.0,2.25,11.5,-75.94,13.5672,-100,78.62,25.65,1.555667,1.331212,9.5334,0.0899
3268,-100,-85.0,30.0,2.5,1.0,-73.8,7.3463,-89,77.02,27.58,1.095687,0.728787,4.1444,0.1776
3270,-100,-85.0,30.0,2.5,4.0,-73.45,8.2422,-98,76.62,28.04,1.120938,0.77688,4.8447,0.1316
3269,-100,-85.0,30.0,2.5,2.5,-73.72,7.7171,-93,77.28,27.26,1.104155,0.708875,3.2321,0.1694
3272,-100,-85.0,30.0,2.5,7.0,-74.24,10.4212,-100,78.44,25.87,1.37562,0.869312,4.3367,0.141
3271,-100,-85.0,30.0,2.5,5.5,-73.55,9.301,-100,77.0,27.6,1.19211,0.839584,5.4978,0.1289
3273,-100,-85.0,30.0,2.5,8.5,-73.51,11.4243,-100,77.65,26.82,1.329718,0.846438,4.4465,0.1295
3276,-100,-85.0,30.0,2.5,13.0,-73.81,14.4383,-100,77.58,26.91,1.427846,0.921809,5.623,0.1424
3274,-100,-85.0,30.0,2.5,10.0,-74.01,12.0491,-100,76.14,28.64,1.297462,0.850416,5.2539,0.1553
3275,-100,-85.0,30.0,2.5,11.5,-73.48,13.3887,-100,78.87,25.36,1.460885,1.004406,5.8331,0.1216
3277,-100,-85.0,30.0,2.75,1.0,-71.07,7.8387,-88,76.22,28.53,0.984028,0.675965,4.2579,0.1671
3279,-100,-85.0,30.0,2.75,4.0,-70.96,8.9446,-96,76.65,28.02,1.074239,0.851657,6.7383,0.1044
3278,-100,-85.0,30.0,2.75,2.5,-71.55,8.4621,-93,76.55,28.13,1.053569,0.659994,2.7208,0.1858
3280,-100,-85.0,30.0,2.75,5.5,-70.7,9.8027,-100,75.88,28.95,1.050707,0.686961,3.878,0.1649
3281,-100,-85.0,30.0,2.75,7.0,-71.25,10.585,-100,76.73,27.92,1.130127,0.750336,4.192,0.1526
3282,-100,-85.0,30.0,2.75,8.5,-71.48,11.5364,-100,77.2,27.36,1.26903,0.814307,4.5511,0.16
3284,-100,-85.0,30.0,2.75,11.5,-70.78,13.9513,-100,78.89,25.33,1.483149,0.972435,5.9477,0.147
3283,-100,-85.0,30.0,2.75,10.0,-71.1,12.764,-100,77.67,26.79,1.28919,0.769097,3.1129,0.1624
3285,-100,-85.0,30.0,2.75,13.0,-70.21,15.2849,-100,78.45,25.86,1.43203,0.881047,4.4294,0.1434
3287,-100,-85.0,30.0,3.0,2.5,-68.94,8.9515,-89,76.19,28.57,0.998832,0.623555,2.327,0.2026
3286,-100,-85.0,30.0,3.0,1.0,-68.43,8.2319,-83,77.01,27.59,1.065729,0.637599,2.0122,0.1986
3288,-100,-85.0,30.0,3.0,4.0,-68.64,9.7145,-94,76.61,28.06,1.025635,0.6396,2.5412,0.1867
3289,-100,-85.0,30.0,3.0,5.5,-68.22,10.1112,-100,76.75,27.9,1.111324,0.838824,6.5284,0.1252
3290,-100,-85.0,30.0,3.0,7.0,-68.57,11.3646,-100,76.72,27.94,1.052146,0.766013,5.9205,0.1438
3291,-100,-85.0,30.0,3.0,8.5,-68.78,12.2483,-100,76.84,27.79,1.129602,0.700986,3.0156,0.1868
3293,-100,-85.0,30.0,3.0,11.5,-67.83,14.031,-100,77.61,26.87,1.290391,0.816089,4.5688,0.1085
3292,-100,-85.0,30.0,3.0,10.0,-68.45,13.3303,-100,76.93,27.69,1.193613,0.813168,4.8185,0.1452
3294,-100,-85.0,30.0,3.0,13.0,-68.21,15.5508,-100,78.05,26.33,1.343015,0.904547,5.3434,0.1179
3295,-100,-85.0,30.0,3.25,1.0,-65.48,10.1513,-83,76.82,27.82,1.008198,0.653153,3.6624,0.1819
3296,-100,-85.0,30.0,3.25,2.5,-65.54,9.8059,-87,76.23,28.53,0.968993,0.617705,2.9549,0.1774
3297,-100,-85.0,30.0,3.25,4.0,-65.6,9.971,-91,76.17,28.6,0.980016,0.628184,3.1564,0.1681
3299,-100,-85.0,30.0,3.25,7.0,-66.01,11.613,-100,76.98,27.62,1.034565,0.671446,3.3952,0.1514
3298,-100,-85.0,30.0,3.25,5.5,-66.46,11.3631,-98,76.17,28.6,1.0549,0.669599,3.5488,0.1825
3300,-100,-85.0,30.0,3.25,8.5,-65.84,12.264,-100,77.23,27.32,1.100196,0.690228,3.2166,0.1757
3301,-100,-85.0,30.0,3.25,10.0,-66.04,13.6184,-100,76.61,28.07,1.145386,0.849045,6.6069,0.1447
3302,-100,-85.0,30.0,3.25,11.5,-66.07,14.9745,-100,77.76,26.68,1.222118,0.727709,3.2051,0.1763
3303,-100,-85.0,30.0,3.25,13.0,-65.27,15.9548,-100,77.43,27.08,1.205158,0.840496,4.982,0.1049
3304,-100,-85.0,30.0,3.5,1.0,-63.43,10.193,-79,76.81,27.83,1.07261,0.743983,5.1788,0.1595
3305,-100,-85.0,30.0,3.5,2.5,-62.86,10.4203,-84,75.6,29.27,0.914733,0.616068,4.4062,0.1535
3306,-100,-85.0,30.0,3.5,4.0,-63.38,10.9547,-91,76.18,28.57,1.056287,0.698848,4.208,0.1685
3307,-100,-85.0,30.0,3.5,5.5,-63.68,11.8213,-95,76.79,27.85,1.026282,0.666009,3.4772,0.1697
3308,-100,-85.0,30.0,3.5,7.0,-63.14,11.9348,-99,76.51,28.2,1.045756,0.67038,3.8284,0.1817
3309,-100,-85.0,30.0,3.5,8.5,-63.91,13.133,-100,75.57,29.31,1.010458,0.639748,3.5194,0.1948
3311,-100,-85.0,30.0,3.5,11.5,-63.23,15.344,-100,77.03,27.57,1.082487,0.717812,3.9145,0.1515
3310,-100,-85.0,30.0,3.5,10.0,-63.49,14.0469,-100,77.02,27.57,1.089863,0.755735,4.7169,0.1571
3312,-100,-85.0,30.0,3.5,13.0,-63.48,16.3886,-100,76.43,28.28,1.132432,0.722314,3.8399,0.1677
3313,-100,-85.0,30.0,3.75,1.0,-60.67,10.4111,-77,76.23,28.52,0.977259,0.640163,4.2091,0.1633
3314,-100,-85.0,30.0,3.75,2.5,-61.17,11.559,-83,76.58,28.11,1.008244,0.627513,2.8024,0.1867
3315,-100,-85.0,30.0,3.75,4.0,-60.53,11.5254,-88,76.16,28.61,0.99895,0.641303,3.0441,0.1736
3316,-100,-85.0,30.0,3.75,5.5,-60.45,12.8039,-93,75.99,28.81,0.949873,0.610113,3.3996,0.1817
3317,-100,-85.0,30.0,3.75,7.0,-60.91,12.691,-98,76.79,27.85,1.080857,0.675133,2.8621,0.1538
3318,-100,-85.0,30.0,3.75,8.5,-60.86,14.2772,-100,76.67,28.0,1.080017,0.721229,4.4865,0.1585
3319,-100,-85.0,30.0,3.75,10.0,-60.95,13.9308,-100,77.17,27.4,1.13244,0.732238,4.5325,0.1612
3320,-100,-85.0,30.0,3.75,11.5,-60.2,15.114,-100,76.89,27.73,1.133807,0.788061,5.203,0.1477
3321,-100,-85.0,30.0,3.75,13.0,-60.91,17.1451,-100,76.94,27.67,1.095425,0.710532,4.1172,0.1837
3322,-100,-85.0,30.0,4.0,1.0,-58.14,11.3162,-77,76.46,28.24,0.991352,0.62823,3.1753,0.1787
3323,-100,-85.0,30.0,4.0,2.5,-58.38,11.9373,-85,76.75,27.9,0.98218,0.689873,4.6392,0.1647
3324,-100,-85.0,30.0,4.0,4.0,-57.75,12.5443,-88,76.28,28.47,0.974195,0.615291,2.9632,0.1842
3325,-100,-85.0,30.0,4.0,5.5,-58.2,13.077,-93,76.56,28.13,1.122162,0.938475,8.0985,0.1339
3326,-100,-85.0,30.0,4.0,7.0,-58.45,13.1133,-95,76.54,28.16,1.047775,0.711643,4.8917,0.1582
3327,-100,-85.0,30.0,4.0,8.5,-58.2,15.0293,-100,76.43,28.29,1.012742,0.64192,3.1949,0.1668
3328,-100,-85.0,30.0,4.0,10.0,-58.49,14.4055,-100,77.37,27.16,1.099452,0.718028,3.9359,0.1553
3330,-100,-85.0,30.0,4.0,13.0,-58.23,16.901,-100,76.54,28.15,1.132032,0.771845,5.4894,0.1502
3329,-100,-85.0,30.0,4.0,11.5,-58.21,16.588,-100,77.24,27.3,1.076675,0.69162,3.591,0.165
3331,-100,-85.0,30.0,4.25,1.0,-55.7,12.451,-75,76.02,28.78,0.943809,0.593211,2.2795,0.1974
3333,-100,-85.0,30.0,4.25,4.0,-55.93,12.9069,-83,76.3,28.45,1.045789,0.721308,5.3344,0.1753
3332,-100,-85.0,30.0,4.25,2.5,-55.96,12.3943,-79,76.35,28.39,1.005289,0.631251,2.6154,0.194
3334,-100,-85.0,30.0,4.25,5.5,-56.05,13.5209,-92,76.41,28.31,0.990007,0.630726,3.3554,0.1647
3335,-100,-85.0,30.0,4.25,7.0,-55.63,14.1843,-100,75.4,29.53,0.949271,0.647997,4.4283,0.1766
3336,-100,-85.0,30.0,4.25,8.5,-55.54,14.7457,-98,76.21,28.56,0.981965,0.635015,3.2922,0.1687
3337,-100,-85.0,30.0,4.25,10.0,-55.45,16.3522,-100,76.67,28.01,1.024006,0.642069,3.3001,0.1727
3338,-100,-85.0,30.0,4.25,11.5,-55.21,17.1119,-100,76.57,28.12,1.051072,0.70757,3.8944,0.1538
3339,-100,-85.0,30.0,4.25,13.0,-55.92,17.9409,-100,76.99,27.62,1.072982,0.655541,2.9311,0.1812
3342,-100,-85.0,30.0,4.5,4.0,-53.27,13.6164,-84,76.28,28.46,0.963863,0.648058,3.8315,0.1719
3340,-100,-85.0,30.0,4.5,1.0,-53.18,12.7776,-74,76.26,28.48,0.999493,0.636868,3.1517,0.1748
3341,-100,-85.0,30.0,4.5,2.5,-53.05,13.2763,-77,76.37,28.36,0.987726,0.728262,5.7078,0.1416
3343,-100,-85.0,30.0,4.5,5.5,-53.22,13.8296,-87,76.07,28.71,0.995559,0.671261,4.6004,0.1635
3345,-100,-85.0,30.0,4.5,8.5,-52.95,15.0659,-100,77.08,27.5,1.051862,0.708403,4.5159,0.1738
3344,-100,-85.0,30.0,4.5,7.0,-53.04,15.1524,-93,76.37,28.35,1.054142,0.721789,5.2533,0.1674
3346,-100,-85.0,30.0,4.5,10.0,-52.79,16.2903,-100,76.62,28.05,1.076576,0.719274,4.8822,0.16
3347,-100,-85.0,30.0,4.5,11.5,-52.91,17.3766,-100,76.63,28.04,1.019461,0.674757,4.7586,0.1437
3348,-100,-85.0,30.0,4.5,13.0,-53.03,18.1221,-100,76.41,28.3,1.02104,0.618574,2.8907,0.1832
3349,-100,-85.0,30.0,4.75,1.0,-50.87,13.4541,-72,75.92,28.9,0.978757,0.608104,2.4996,0.2087
3350,-100,-85.0,30.0,4.75,2.5,-50.28,13.4574,-77,76.65,28.03,0.998167,0.65094,3.622,0.1465
3351,-100,-85.0,30.0,4.75,4.0,-50.57,14.1476,-81,76.3,28.44,1.004104,0.658085,3.5153,0.1862
3354,-100,-85.0,30.0,4.75,8.5,-50.42,16.7217,-99,76.46,28.26,1.020999,0.663625,3.7995,0.1959
3353,-100,-85.0,30.0,4.75,7.0,-50.96,14.6699,-91,76.04,28.76,0.95526,0.616045,3.4918,0.1804
3352,-100,-85.0,30.0,4.75,5.5,-50.29,14.6627,-88,76.14,28.63,1.027639,0.682034,4.1591,0.1722
3355,-100,-85.0,30.0,4.75,10.0,-50.38,17.0556,-100,76.38,28.36,0.963251,0.596373,2.1278,0.1969
3356,-100,-85.0,30.0,4.75,11.5,-50.23,17.3786,-100,76.9,27.72,1.064317,0.775783,5.8306,0.1353
3357,-100,-85.0,30.0,4.75,13.0,-49.95,18.2091,-100,76.41,28.31,1.034712,0.65169,3.5588,0.1741
3358,-100,-85.0,30.0,5.0,1.0,-47.97,15.3409,-71,76.06,28.73,0.987056,0.650709,3.6449,0.1802
3359,-100,-85.0,30.0,5.0,2.5,-47.76,15.3412,-74,76.75,27.9,0.989572,0.634759,3.1912,0.1839
3360,-100,-85.0,30.0,5.0,4.0,-48.01,14.3533,-79,76.52,28.18,1.037765,0.635489,2.5328,0.1894
3361,-100,-85.0,30.0,5.0,5.5,-48.01,15.6097,-85,76.59,28.1,0.975676,0.617095,3.0683,0.1887
3367,-100,-85.0,40.0,1.0,1.0,-87.3,2.6288,-94,91.33,10.41,1.669589,1.627992,12.7062,0.0016
3362,-100,-85.0,30.0,5.0,7.0,-47.54,15.6292,-90,76.19,28.57,0.976581,0.697666,5.3196,0.1502
3363,-100,-85.0,30.0,5.0,8.5,-47.97,16.7108,-96,76.35,28.38,0.961691,0.609212,2.8606,0.1852
3368,-100,-85.0,40.0,1.0,2.5,-86.95,4.5155,-99,87.51,14.99,1.6815,1.286592,13.0538,0.0082
3369,-100,-85.0,40.0,1.0,4.0,-87.71,4.996,-100,88.24,14.11,2.36184,1.403716,8.751,0.0314
3366,-100,-85.0,30.0,5.0,13.0,-48.17,19.7923,-100,76.35,28.38,1.020004,0.638436,2.9095,0.1719
3364,-100,-85.0,30.0,5.0,10.0,-47.54,17.6289,-100,76.22,28.53,0.979503,0.632328,3.6241,0.1697
3370,-100,-85.0,40.0,1.0,5.5,-87.3,6.132,-100,86.09,16.7,2.325782,1.223507,6.2638,0.0613
3365,-100,-85.0,30.0,5.0,11.5,-47.62,18.3988,-100,76.13,28.65,0.988748,0.632982,3.4427,0.1933
3371,-100,-85.0,40.0,1.0,7.0,-87.49,7.5848,-100,85.08,17.9,2.269821,1.22057,7.498,0.0765
3372,-100,-85.0,40.0,1.0,8.5,-86.88,8.4904,-100,83.27,20.07,2.082671,1.233729,7.4536,0.065
3373,-100,-85.0,40.0,1.0,10.0,-86.54,9.5266,-100,83.09,20.29,2.128669,1.005999,5.3187,0.1039
3374,-100,-85.0,40.0,1.0,11.5,-86.31,10.5942,-100,82.56,20.93,2.149006,1.078293,6.5058,0.1136
3375,-100,-85.0,40.0,1.0,13.0,-85.62,11.3473,-100,81.82,21.81,2.057236,1.102478,6.7961,0.1155
3376,-100,-85.0,40.0,1.25,1.0,-84.45,3.3509,-93,82.62,20.86,1.416456,1.343861,15.0813,0.0021
3377,-100,-85.0,40.0,1.25,2.5,-84.62,4.0071,-97,82.32,21.22,1.755786,1.341004,11.8504,0.0235
3378,-100,-85.0,40.0,1.25,4.0,-84.72,5.3843,-100,82.13,21.45,1.856395,1.347458,10.5112,0.0505
3379,-100,-85.0,40.0,1.25,5.5,-85.06,6.5718,-100,82.56,20.93,1.971734,1.540695,10.3651,0.0448
3380,-100,-85.0,40.0,1.25,7.0,-85.42,8.0652,-100,83.97,19.25,2.312721,1.294822,6.0601,0.0882
3381,-100,-85.0,40.0,1.25,8.5,-84.09,9.0682,-100,81.8,21.84,1.98906,1.332766,8.4346,0.0924
3383,-100,-85.0,40.0,1.25,11.5,-83.95,10.9991,-100,82.16,21.41,2.124749,1.0897,4.8824,0.0897
3384,-100,-85.0,40.0,1.25,13.0,-83.65,11.9295,-100,80.21,23.74,1.951185,0.965715,4.9828,0.125
3382,-100,-85.0,40.0,1.25,10.0,-83.89,9.9778,-100,81.96,21.65,2.053715,1.107854,5.8789,0.1075
3385,-100,-85.0,40.0,1.5,1.0,-81.96,4.7797,-93,78.87,25.35,1.416641,1.303097,12.2615,0.0256
3387,-100,-85.0,40.0,1.5,4.0,-82.08,5.6713,-100,79.68,24.39,1.662609,1.205988,8.4035,0.1039
3386,-100,-85.0,40.0,1.5,2.5,-81.95,4.7676,-96,79.81,24.24,1.646479,1.189839,8.7719,0.0656
3388,-100,-85.0,40.0,1.5,5.5,-82.34,7.2584,-100,80.57,23.33,1.804943,1.322203,8.8775,0.0829
3391,-100,-85.0,40.0,1.5,10.0,-81.62,10.6172,-100,79.75,24.3,1.791899,1.258128,8.2314,0.0921
3389,-100,-85.0,40.0,1.5,7.0,-81.5,8.5616,-100,81.2,22.56,1.857195,1.176533,6.6179,0.117
3390,-100,-85.0,40.0,1.5,8.5,-81.76,9.2797,-100,80.7,23.16,1.793037,1.24447,8.1355,0.1049
3393,-100,-85.0,40.0,1.5,13.0,-80.71,12.6352,-100,80.32,23.61,1.854079,1.024226,5.3304,0.129
3392,-100,-85.0,40.0,1.5,11.5,-81.57,11.6766,-100,81.98,21.62,2.01434,1.14993,6.0463,0.11
3395,-100,-85.0,40.0,1.75,2.5,-79.39,5.4792,-95,78.04,26.35,1.343085,0.889292,6.1773,0.0939
3396,-100,-85.0,40.0,1.75,4.0,-78.78,6.6055,-100,78.62,25.66,1.418939,0.928254,5.2165,0.1255
3394,-100,-85.0,40.0,1.75,1.0,-79.21,5.0991,-90,77.9,26.52,1.300677,0.871025,5.5914,0.1021
3397,-100,-85.0,40.0,1.75,5.5,-79.18,8.0215,-100,78.85,25.38,1.557598,1.115637,7.406,0.1041
3398,-100,-85.0,40.0,1.75,7.0,-78.64,8.741,-100,79.65,24.42,1.640331,1.162162,7.1788,0.0839
3399,-100,-85.0,40.0,1.75,8.5,-78.85,9.4969,-100,78.89,25.33,1.590346,1.007488,5.9768,0.1425
3400,-100,-85.0,40.0,1.75,10.0,-78.9,11.067,-100,80.77,23.07,1.759432,0.961542,4.1901,0.1466
3402,-100,-85.0,40.0,1.75,13.0,-78.89,13.0665,-100,80.99,22.81,1.874679,1.020055,4.2416,0.1355
3401,-100,-85.0,40.0,1.75,11.5,-78.75,12.012,-100,79.76,24.28,1.672234,1.066935,6.6721,0.133
3405,-100,-85.0,40.0,2.0,4.0,-76.66,7.4717,-98,77.37,27.15,1.262581,0.989153,6.3582,0.0887
3404,-100,-85.0,40.0,2.0,2.5,-76.47,5.8707,-92,76.79,27.86,1.212046,0.959512,7.1,0.0965
3403,-100,-85.0,40.0,2.0,1.0,-76.15,5.7878,-89,77.3,27.25,1.11432,0.795483,5.565,0.0881
3406,-100,-85.0,40.0,2.0,5.5,-76.13,8.393,-100,78.5,25.8,1.368076,0.911534,5.507,0.1273
3407,-100,-85.0,40.0,2.0,7.0,-75.94,9.3192,-100,77.01,27.58,1.32842,0.915694,6.3769,0.148
3408,-100,-85.0,40.0,2.0,8.5,-76.1,10.2317,-100,78.49,25.83,1.437092,0.84268,4.1686,0.161
3410,-100,-85.0,40.0,2.0,11.5,-75.4,12.7156,-100,78.65,25.61,1.574561,1.217928,8.2916,0.1137
3409,-100,-85.0,40.0,2.0,10.0,-75.8,11.4306,-100,78.65,25.61,1.470916,1.060132,6.4874,0.0905
3411,-100,-85.0,40.0,2.0,13.0,-75.34,13.8976,-100,79.48,24.63,1.577211,0.976616,4.86,0.1175
3412,-100,-85.0,40.0,2.25,1.0,-73.11,7.2437,-87,76.62,28.06,1.025161,0.717772,5.0869,0.1582
3414,-100,-85.0,40.0,2.25,4.0,-73.35,7.1422,-97,76.6,28.08,1.047918,0.710323,3.8272,0.152
3413,-100,-85.0,40.0,2.25,2.5,-73.52,7.0497,-91,76.89,27.73,1.053267,0.727947,4.2389,0.1369
3417,-100,-85.0,40.0,2.25,8.5,-73.72,10.6987,-100,77.97,26.45,1.288662,0.850883,4.8485,0.1293
3416,-100,-85.0,40.0,2.25,7.0,-73.15,9.1779,-100,78.32,26.02,1.291949,0.812857,4.3677,0.1489
3415,-100,-85.0,40.0,2.25,5.5,-73.02,8.7502,-100,76.99,27.61,1.122431,0.744373,4.6774,0.1286
3418,-100,-85.0,40.0,2.25,10.0,-72.84,11.9683,-100,78.01,26.39,1.365823,0.896694,5.574,0.1326
3420,-100,-85.0,40.0,2.25,13.0,-72.83,14.1616,-100,78.34,25.99,1.417483,0.895068,5.0014,0.1355
3419,-100,-85.0,40.0,2.25,11.5,-73.22,13.1577,-100,78.67,25.59,1.438944,0.889514,4.6373,0.1452
3421,-100,-85.0,40.0,2.5,1.0,-70.59,7.3678,-85,76.56,28.12,1.012988,0.652019,3.7318,0.1557
3422,-100,-85.0,40.0,2.5,2.5,-70.29,7.8567,-89,75.97,28.83,0.990586,0.657846,3.829,0.1784
3423,-100,-85.0,40.0,2.5,4.0,-70.62,8.5113,-95,76.86,27.77,1.05767,0.719488,4.5272,0.1569
3424,-100,-85.0,40.0,2.5,5.5,-70.58,8.9171,-100,76.31,28.43,1.056482,0.700468,3.9489,0.1839
3426,-100,-85.0,40.0,2.5,8.5,-70.45,11.0204,-100,77.41,27.1,1.240582,0.805732,5.235,0.1558
3425,-100,-85.0,40.0,2.5,7.0,-70.6,10.0174,-100,76.72,27.94,1.117039,0.697148,3.7672,0.1768
3428,-100,-85.0,40.0,2.5,11.5,-70.05,13.6351,-100,77.69,26.76,1.352923,0.898511,5.7261,0.144
3427,-100,-85.0,40.0,2.5,10.0,-70.21,12.0655,-100,78.21,26.15,1.238737,0.785202,4.0179,0.156
3429,-100,-85.0,40.0,2.5,13.0,-70.27,14.787,-100,78.32,26.02,1.332104,0.885801,5.1951,0.1461
3430,-100,-85.0,40.0,2.75,1.0,-68.27,7.9576,-84,77.02,27.58,1.029315,0.643847,2.8325,0.1918
3431,-100,-85.0,40.0,2.75,2.5,-67.83,8.4416,-86,76.51,28.19,1.019085,0.674989,4.3637,0.176
3432,-100,-85.0,40.0,2.75,4.0,-68.08,8.6736,-91,76.93,27.68,1.031845,0.642539,2.4938,0.1809
3433,-100,-85.0,40.0,2.75,5.5,-67.63,9.7201,-99,77.0,27.6,1.145772,0.843117,6.4134,0.1433
3435,-100,-85.0,40.0,2.75,8.5,-67.59,11.7895,-100,76.31,28.43,1.126032,0.7584,4.7535,0.1675
3434,-100,-85.0,40.0,2.75,7.0,-68.03,10.3172,-100,77.17,27.4,1.100423,0.760931,4.7588,0.1376
3436,-100,-85.0,40.0,2.75,10.0,-67.91,12.7049,-100,77.47,27.04,1.190601,0.744318,3.4662,0.1698
3438,-100,-85.0,40.0,2.75,13.0,-66.94,15.2871,-100,77.55,26.94,1.259869,0.880666,5.6648,0.1247
3437,-100,-85.0,40.0,2.75,11.5,-67.26,14.1664,-100,78.04,26.35,1.192086,0.805645,5.2713,0.137
3440,-100,-85.0,40.0,3.0,2.5,-65.0,8.4029,-84,76.98,27.63,0.989431,0.625071,2.99,0.181
3439,-100,-85.0,40.0,3.0,1.0,-64.64,9.1429,-79,76.53,28.17,1.029744,0.695911,4.2695,0.1491
3441,-100,-85.0,40.0,3.0,4.0,-64.21,9.0562,-89,76.21,28.55,0.960492,0.664317,4.4507,0.1616
3442,-100,-85.0,40.0,3.0,5.5,-64.39,10.3186,-95,75.88,28.94,1.048943,0.725845,5.0429,0.1547
3443,-100,-85.0,40.0,3.0,7.0,-64.81,10.7915,-100,76.45,28.26,1.014185,0.639536,2.9017,0.1749
3444,-100,-85.0,40.0,3.0,8.5,-64.26,12.2027,-100,76.04,28.76,1.044255,0.71162,4.9576,0.1485
3445,-100,-85.0,40.0,3.0,10.0,-64.94,13.3903,-100,76.8,27.84,1.129515,0.682348,2.4726,0.1903
3447,-100,-85.0,40.0,3.0,13.0,-64.08,15.7251,-100,77.09,27.48,1.158246,0.687334,2.3971,0.1893
3446,-100,-85.0,40.0,3.0,11.5,-64.52,14.1858,-100,77.4,27.12,1.155144,0.71301,3.5625,0.1703
3448,-100,-85.0,40.0,3.25,1.0,-61.58,9.0793,-77,76.3,28.44,0.964008,0.603885,2.917,0.1892
3449,-100,-85.0,40.0,3.25,2.5,-61.87,10.0149,-82,76.66,28.02,1.06167,0.669377,3.4762,0.1746
3450,-100,-85.0,40.0,3.25,4.0,-61.71,9.9396,-90,76.35,28.38,0.986704,0.621241,2.8566,0.1921
3451,-100,-85.0,40.0,3.25,5.5,-62.09,10.9264,-94,75.78,29.07,0.977837,0.64623,3.9474,0.1817
3453,-100,-85.0,40.0,3.25,8.5,-61.69,12.4956,-100,76.59,28.09,1.098113,0.736017,4.5264,0.1732
3452,-100,-85.0,40.0,3.25,7.0,-61.86,11.6815,-98,76.63,28.03,1.054339,0.662265,3.3246,0.1791
3454,-100,-85.0,40.0,3.25,10.0,-61.68,13.7959,-100,76.58,28.1,1.038847,0.709256,4.6638,0.1511
3456,-100,-85.0,40.0,3.25,13.0,-61.32,15.7949,-100,76.89,27.73,1.101,0.706368,3.9051,0.1661
3455,-100,-85.0,40.0,3.25,11.5,-61.62,15.0498,-100,76.86,27.77,1.089441,0.706081,3.9967,0.1507
3457,-100,-85.0,40.0,3.5,1.0,-59.27,10.2385,-76,75.93,28.89,0.982059,0.623112,2.957,0.1845
3459,-100,-85.0,40.0,3.5,4.0,-59.64,11.1887,-87,75.8,29.05,0.979804,0.631034,3.2116,0.1926
3458,-100,-85.0,40.0,3.5,2.5,-59.43,10.0891,-81,76.71,27.95,1.000717,0.6134,2.4401,0.1858
3460,-100,-85.0,40.0,3.5,5.5,-58.99,11.8462,-89,76.5,28.21,1.019139,0.689766,4.5618,0.1434
3461,-100,-85.0,40.0,3.5,7.0,-59.15,13.1024,-100,77.01,27.6,1.038457,0.669252,3.8155,0.1556
3462,-100,-85.0,40.0,3.5,8.5,-59.25,12.8128,-100,75.81,29.04,0.977035,0.628623,3.3388,0.1972
3463,-100,-85.0,40.0,3.5,10.0,-58.94,14.5585,-100,77.47,27.03,1.06704,0.655405,3.1822,0.1915
3464,-100,-85.0,40.0,3.5,11.5,-59.19,14.8488,-100,76.17,28.59,1.085371,0.784029,6.0354,0.1588
3465,-100,-85.0,40.0,3.5,13.0,-59.01,16.5366,-100,76.7,27.95,1.060447,0.688284,3.7734,0.1799
3466,-100,-85.0,40.0,3.75,1.0,-56.03,11.0481,-73,75.59,29.3,0.990365,0.647679,3.9385,0.1798
3468,-100,-85.0,40.0,3.75,4.0,-56.5,11.4544,-87,75.99,28.82,0.987629,0.646363,3.7337,0.1749
3467,-100,-85.0,40.0,3.75,2.5,-56.16,10.5035,-77,76.47,28.25,0.974989,0.612156,2.1327,0.195
3469,-100,-85.0,40.0,3.75,5.5,-56.13,12.3047,-88,75.67,29.2,0.960114,0.638885,3.6359,0.178
3471,-100,-85.0,40.0,3.75,8.5,-56.03,13.7063,-100,77.36,27.16,1.058024,0.651657,2.6653,0.1838
3470,-100,-85.0,40.0,3.75,7.0,-56.1,12.78,-95,76.59,28.09,1.016282,0.639701,2.9426,0.1798
3472,-100,-85.0,40.0,3.75,10.0,-56.23,14.1997,-100,76.49,28.22,0.97917,0.626208,3.1546,0.1944
3474,-100,-85.0,40.0,3.75,13.0,-55.93,16.7027,-100,76.56,28.13,1.051783,0.699312,4.4655,0.1657
3473,-100,-85.0,40.0,3.75,11.5,-55.77,15.7909,-100,76.44,28.28,1.009874,0.63807,3.1096,0.1855
3475,-100,-85.0,40.0,4.0,1.0,-52.96,11.8416,-73,76.41,28.3,0.988716,0.617545,2.9263,0.1804
3476,-100,-85.0,40.0,4.0,2.5,-53.48,11.6463,-79,76.34,28.39,1.026351,0.655505,3.6308,0.1777
3478,-100,-85.0,40.0,4.0,5.5,-53.27,13.2552,-88,76.65,28.02,1.051806,0.702261,4.3345,0.172
3477,-100,-85.0,40.0,4.0,4.0,-53.46,11.8503,-85,76.25,28.5,0.949233,0.630593,4.0004,0.164
3479,-100,-85.0,40.0,4.0,7.0,-53.36,13.6707,-94,76.17,28.59,0.996132,0.662587,4.1593,0.1683
3480,-100,-85.0,40.0,4.0,8.5,-52.97,14.1562,-99,76.66,28.02,1.062261,0.732817,5.0358,0.1492
3481,-100,-85.0,40.0,4.0,10.0,-53.59,15.2959,-100,76.02,28.78,0.980544,0.603092,2.4146,0.1913
3482,-100,-85.0,40.0,4.0,11.5,-53.33,16.2756,-100,75.94,28.88,0.999581,0.659186,3.9893,0.1555
3483,-100,-85.0,40.0,4.0,13.0,-53.23,17.3714,-100,76.72,27.94,1.024977,0.652415,3.2566,0.1812
3485,-100,-85.0,40.0,4.25,2.5,-50.66,12.5528,-75,76.57,28.1,1.030518,0.66143,3.762,0.1695
3484,-100,-85.0,40.0,4.25,1.0,-50.54,11.668,-68,76.46,28.25,0.983934,0.61629,2.9778,0.192
3486,-100,-85.0,40.0,4.25,4.0,-50.06,12.6831,-80,76.17,28.59,0.955379,0.616182,3.0988,0.1828
3487,-100,-85.0,40.0,4.25,5.5,-50.84,12.3935,-85,76.3,28.44,1.021977,0.729574,5.1598,0.1515
3489,-100,-85.0,40.0,4.25,8.5,-50.75,14.852,-97,76.31,28.44,0.969167,0.613385,2.7683,0.1822
3488,-100,-85.0,40.0,4.25,7.0,-50.43,14.0264,-88,76.1,28.68,0.981517,0.615057,3.0736,0.1936
3490,-100,-85.0,40.0,4.25,10.0,-50.13,15.8396,-100,76.11,28.66,0.96828,0.614193,2.8975,0.187
3492,-100,-85.0,40.0,4.25,13.0,-50.46,18.2068,-100,75.77,29.07,0.971419,0.64593,4.0492,0.1904
3491,-100,-85.0,40.0,4.25,11.5,-49.6,16.6413,-100,76.09,28.7,0.971887,0.60374,2.4182,0.1997
3493,-100,-85.0,40.0,4.5,1.0,-47.48,12.9139,-71,75.92,28.9,0.962311,0.614903,2.8943,0.1817
3494,-100,-85.0,40.0,4.5,2.5,-47.72,14.0994,-74,76.68,27.98,1.1315,0.824991,6.7727,0.1305
3495,-100,-85.0,40.0,4.5,4.0,-47.06,13.2693,-77,76.08,28.7,0.973983,0.6113,2.6289,0.1903
3496,-100,-85.0,40.0,4.5,5.5,-47.29,14.1283,-82,76.17,28.59,0.996546,0.665436,4.1464,0.1634
3497,-100,-85.0,40.0,4.5,7.0,-47.39,14.7827,-90,76.42,28.3,0.982854,0.618543,3.2707,0.1931
3498,-100,-85.0,40.0,4.5,8.5,-47.23,15.5044,-94,76.29,28.46,0.96786,0.628343,3.467,0.1848
3499,-100,-85.0,40.0,4.5,10.0,-47.54,16.6323,-100,76.41,28.29,1.020246,0.776153,6.8987,0.126
3501,-100,-85.0,40.0,4.5,13.0,-47.48,18.995,-100,76.32,28.41,0.986405,0.640345,3.9897,0.187
3500,-100,-85.0,40.0,4.5,11.5,-47.74,17.1322,-100,76.24,28.52,1.00107,0.631743,3.3282,0.1862
3504,-100,-85.0,40.0,4.75,4.0,-44.59,13.7506,-82,76.76,27.88,1.055245,0.758095,6.1123,0.1539
3502,-100,-85.0,40.0,4.75,1.0,-44.79,13.6743,-66,75.91,28.92,0.927872,0.617381,3.7686,0.1691
3503,-100,-85.0,40.0,4.75,2.5,-44.6,14.2468,-69,76.22,28.53,0.981689,0.640085,3.7519,0.172
3505,-100,-85.0,40.0,4.75,5.5,-44.71,14.0507,-81,76.19,28.56,0.96027,0.616502,3.3813,0.1847
3507,-100,-85.0,40.0,4.75,8.5,-44.72,16.2081,-92,76.47,28.24,1.002777,0.610993,1.9898,0.1862
3506,-100,-85.0,40.0,4.75,7.0,-44.66,15.1936,-83,76.41,28.31,0.976486,0.608826,2.7743,0.1946
3509,-100,-85.0,40.0,4.75,11.5,-44.75,17.4164,-100,76.73,27.93,0.985497,0.725191,5.5537,0.1437
3508,-100,-85.0,40.0,4.75,10.0,-44.28,16.1352,-100,75.96,28.85,0.967512,0.639021,3.7988,0.1594
3510,-100,-85.0,40.0,4.75,13.0,-44.2,18.8548,-100,76.15,28.61,0.98706,0.639661,3.616,0.1695
3511,-100,-85.0,40.0,5.0,1.0,-41.64,14.7679,-63,76.48,28.23,0.997449,0.61058,2.6754,0.1786
3512,-100,-85.0,40.0,5.0,2.5,-41.73,13.8488,-71,76.38,28.36,1.004147,0.660712,4.3671,0.1742
3514,-100,-85.0,40.0,5.0,5.5,-41.74,15.6427,-80,76.04,28.75,0.96623,0.597481,2.1791,0.1951
3513,-100,-85.0,40.0,5.0,4.0,-41.42,15.2209,-72,75.87,28.96,0.984009,0.684143,5.3146,0.1473
3515,-100,-85.0,40.0,5.0,7.0,-41.95,15.5281,-85,75.95,28.86,0.94856,0.5777,2.5785,0.2021
3516,-100,-85.0,40.0,5.0,8.5,-41.59,17.0171,-93,75.49,29.42,0.949262,0.598035,2.8251,0.1994
3520,-100,-85.0,50.0,1.0,1.0,-86.68,2.1487,-93,89.25,12.9,1.880629,1.508097,12.1755,0.0025
3521,-100,-85.0,50.0,1.0,2.5,-86.72,4.1642,-98,88.33,14.0,2.134792,1.573638,10.9659,0.0161
3517,-100,-85.0,40.0,5.0,10.0,-41.46,18.0659,-95,76.21,28.54,0.967083,0.618212,3.9223,0.1755
3522,-100,-85.0,50.0,1.0,4.0,-86.56,5.3625,-100,85.97,16.83,2.188768,1.457852,10.1684,0.043
3519,-100,-85.0,40.0,5.0,13.0,-41.71,18.9139,-100,75.96,28.83,0.989355,0.684269,4.4998,0.1628
3518,-100,-85.0,40.0,5.0,11.5,-42.05,18.2037,-98,75.82,29.03,0.963626,0.591842,2.2193,0.2115
3523,-100,-85.0,50.0,1.0,5.5,-86.66,6.049,-100,85.11,17.88,2.291087,1.254305,6.5987,0.036
3524,-100,-85.0,50.0,1.0,7.0,-86.27,7.4131,-100,82.88,20.54,2.124558,1.177824,7.4979,0.0854
3526,-100,-85.0,50.0,1.0,10.0,-85.65,9.8271,-100,81.73,21.93,2.036125,1.113085,6.4908,0.0864
3525,-100,-85.0,50.0,1.0,8.5,-85.78,8.52,-100,82.71,20.75,2.132915,1.11407,5.5296,0.089
3527,-100,-85.0,50.0,1.0,11.5,-85.53,10.6332,-100,81.7,21.96,2.062178,1.150846,6.0396,0.0829
3528,-100,-85.0,50.0,1.0,13.0,-85.11,11.7828,-100,81.11,22.66,1.980902,1.104876,6.7723,0.1078
3529,-100,-85.0,50.0,1.25,1.0,-83.25,4.1318,-92,80.27,23.66,1.475124,1.196931,12.8971,0.0071
3530,-100,-85.0,50.0,1.25,2.5,-83.43,4.0788,-96,81.4,22.32,1.823401,1.292002,9.0819,0.0759
3531,-100,-85.0,50.0,1.25,4.0,-83.71,5.7127,-100,80.79,23.04,1.744931,1.306507,10.2815,0.0461
3533,-100,-85.0,50.0,1.25,7.0,-83.68,7.7841,-100,82.12,21.46,2.130103,1.263773,6.2916,0.0911
3534,-100,-85.0,50.0,1.25,8.5,-83.14,9.1023,-100,81.95,21.65,2.070924,1.112569,5.0333,0.1229
3532,-100,-85.0,50.0,1.25,5.5,-83.78,6.3405,-100,82.66,20.81,2.112087,1.1979,5.5899,0.088
3535,-100,-85.0,50.0,1.25,10.0,-82.86,10.0397,-100,80.13,23.85,1.873654,1.255377,7.5891,0.091
3537,-100,-85.0,50.0,1.25,13.0,-82.77,12.2491,-100,81.4,22.32,2.064232,1.152339,5.959,0.1352
3536,-100,-85.0,50.0,1.25,11.5,-82.53,11.147,-100,81.03,22.76,1.947825,1.268946,7.3201,0.1034
3538,-100,-85.0,50.0,1.5,1.0,-80.82,4.9394,-90,79.01,25.19,1.459015,1.042547,8.4903,0.0779
3539,-100,-85.0,50.0,1.5,2.5,-80.73,4.6968,-96,78.93,25.28,1.446919,0.993634,6.1191,0.0931
3540,-100,-85.0,50.0,1.5,4.0,-80.3,5.7915,-100,78.5,25.81,1.428203,1.183194,7.7678,0.0632
3541,-100,-85.0,50.0,1.5,5.5,-80.55,7.0808,-100,79.58,24.5,1.607309,1.077382,6.1512,0.0861
3542,-100,-85.0,50.0,1.5,7.0,-80.46,8.3036,-100,79.41,24.72,1.681421,1.066146,5.9725,0.1207
3546,-100,-85.0,50.0,1.5,13.0,-79.65,12.7964,-100,80.92,22.89,1.855247,1.26948,7.5634,0.1008
3544,-100,-85.0,50.0,1.5,10.0,-80.01,10.9583,-100,80.83,23.0,1.817311,1.116119,5.8166,0.0973
3543,-100,-85.0,50.0,1.5,8.5,-80.13,9.5454,-100,80.08,23.91,1.723296,1.168501,7.3141,0.1023
3545,-100,-85.0,50.0,1.5,11.5,-80.05,11.959,-100,81.27,22.48,1.890651,1.267825,6.8911,0.096
3547,-100,-85.0,50.0,1.75,1.0,-77.65,5.7964,-89,76.6,28.09,1.048049,0.765914,5.9203,0.0854
3548,-100,-85.0,50.0,1.75,2.5,-77.97,5.5238,-93,76.89,27.74,1.201919,0.835278,5.337,0.1415
3549,-100,-85.0,50.0,1.75,4.0,-77.44,6.5691,-98,78.42,25.89,1.354866,0.856337,4.4665,0.1276
3552,-100,-85.0,50.0,1.75,8.5,-77.46,9.6366,-100,78.87,25.36,1.51552,0.954138,4.6711,0.1223
3551,-100,-85.0,50.0,1.75,7.0,-77.42,8.4117,-100,79.15,25.02,1.432521,1.025379,5.713,0.1013
3550,-100,-85.0,50.0,1.75,5.5,-77.21,7.6918,-100,78.3,26.04,1.364766,0.869522,4.5269,0.1503
3553,-100,-85.0,50.0,1.75,10.0,-77.04,11.1092,-100,79.21,24.94,1.58027,1.020699,5.0368,0.1203
3554,-100,-85.0,50.0,1.75,11.5,-77.35,12.389,-100,79.84,24.19,1.667077,1.08461,5.6956,0.1115
3555,-100,-85.0,50.0,1.75,13.0,-76.66,13.2448,-100,80.53,23.37,1.758516,1.152153,5.5751,0.0946
3558,-100,-85.0,50.0,2.0,4.0,-74.49,7.431,-98,77.34,27.2,1.147897,0.712101,2.8688,0.1812
3557,-100,-85.0,50.0,2.0,2.5,-74.31,6.0857,-91,77.18,27.38,1.083523,0.685928,3.123,0.1813
3556,-100,-85.0,50.0,2.0,1.0,-74.2,6.2013,-87,76.65,28.01,1.09116,0.749278,4.6861,0.1382
3560,-100,-85.0,50.0,2.0,7.0,-74.0,9.256,-100,77.54,26.96,1.267047,0.896479,5.4703,0.1368
3559,-100,-85.0,50.0,2.0,5.5,-74.39,7.9355,-100,77.15,27.43,1.167039,0.748143,3.8552,0.17
3561,-100,-85.0,50.0,2.0,8.5,-74.47,10.2042,-100,78.33,26.01,1.283554,0.795769,3.7005,0.1589
3562,-100,-85.0,50.0,2.0,10.0,-74.56,11.6634,-100,77.31,27.22,1.335794,0.927465,6.0089,0.1315
3564,-100,-85.0,50.0,2.0,13.0,-73.89,13.7703,-100,79.25,24.9,1.54291,0.924108,4.9667,0.1251
3563,-100,-85.0,50.0,2.0,11.5,-73.96,12.818,-100,79.61,24.47,1.543198,0.937231,4.5861,0.1307
3566,-100,-85.0,50.0,2.25,2.5,-71.17,7.6554,-90,76.36,28.37,1.065026,0.869642,7.2832,0.1285
3565,-100,-85.0,50.0,2.25,1.0,-71.34,6.9425,-83,76.22,28.54,1.039196,0.665382,4.1299,0.1951
3567,-100,-85.0,50.0,2.25,4.0,-71.02,7.8399,-94,76.4,28.32,1.046759,0.657013,3.2012,0.1749
3568,-100,-85.0,50.0,2.25,5.5,-70.91,8.1487,-99,76.96,27.65,1.100068,0.791486,5.6043,0.1368
3569,-100,-85.0,50.0,2.25,7.0,-71.39,9.9329,-100,77.62,26.87,1.231777,0.75581,3.6124,0.1661
3570,-100,-85.0,50.0,2.25,8.5,-70.77,10.6207,-100,78.13,26.24,1.211431,0.794744,4.8372,0.1454
3572,-100,-85.0,50.0,2.25,11.5,-71.87,13.1074,-100,77.4,27.12,1.314346,0.78101,3.2364,0.1644
3573,-100,-85.0,50.0,2.25,13.0,-70.67,14.1331,-100,77.7,26.77,1.324168,0.852338,4.7402,0.1247
3571,-100,-85.0,50.0,2.25,10.0,-71.42,11.9863,-100,78.06,26.32,1.27521,0.804151,4.2621,0.1431
3574,-100,-85.0,50.0,2.5,1.0,-68.26,6.7228,-82,75.92,28.89,1.0489,0.7081,4.5939,0.1865
3575,-100,-85.0,50.0,2.5,2.5,-68.27,7.9889,-85,76.5,28.2,1.030631,0.675365,4.1431,0.1721
3576,-100,-85.0,50.0,2.5,4.0,-68.44,8.3406,-92,77.0,27.6,1.037855,0.654124,3.3157,0.1711
3577,-100,-85.0,50.0,2.5,5.5,-68.19,8.6511,-96,75.8,29.04,1.025276,0.692125,4.1711,0.1621
3578,-100,-85.0,50.0,2.5,7.0,-67.93,10.3544,-100,76.44,28.28,1.054878,0.672805,3.4233,0.1707
3580,-100,-85.0,50.0,2.5,10.0,-67.99,12.3443,-100,75.81,29.03,1.119151,0.719864,4.127,0.1731
3579,-100,-85.0,50.0,2.5,8.5,-68.39,10.7651,-100,77.17,27.4,1.109606,0.724257,4.3402,0.1539
3581,-100,-85.0,50.0,2.5,11.5,-68.19,13.3979,-100,77.44,27.07,1.179258,0.772375,4.2409,0.1593
3582,-100,-85.0,50.0,2.5,13.0,-67.31,14.7482,-100,77.28,27.27,1.234102,0.79609,4.5379,0.1671
3584,-100,-85.0,50.0,2.75,2.5,-65.31,8.5087,-85,76.04,28.75,0.990759,0.63158,2.5945,0.1964
3585,-100,-85.0,50.0,2.75,4.0,-65.52,8.7422,-89,76.96,27.65,1.071842,0.729691,4.8298,0.1731
3583,-100,-85.0,50.0,2.75,1.0,-64.97,8.0271,-80,76.71,27.95,0.980648,0.603094,2.1909,0.1954
3586,-100,-85.0,50.0,2.75,5.5,-64.3,9.3113,-98,75.85,28.97,1.034546,0.66555,3.8532,0.1787
3587,-100,-85.0,50.0,2.75,7.0,-64.86,10.9542,-99,76.34,28.4,1.044607,0.718135,4.887,0.1798
3588,-100,-85.0,50.0,2.75,8.5,-64.95,11.6687,-100,76.64,28.04,1.050769,0.672033,3.4694,0.1673
3589,-100,-85.0,50.0,2.75,10.0,-64.77,12.7553,-100,75.86,28.97,1.140826,0.821861,6.5738,0.1394
3591,-100,-85.0,50.0,2.75,13.0,-64.63,15.1164,-100,77.19,27.38,1.153627,0.721539,2.8032,0.189
3590,-100,-85.0,50.0,2.75,11.5,-64.42,13.8013,-100,77.05,27.54,1.119034,0.759453,4.5654,0.1513
3592,-100,-85.0,50.0,3.0,1.0,-62.04,9.0888,-78,76.67,27.99,0.994412,0.646639,3.2406,0.1681
3593,-100,-85.0,50.0,3.0,2.5,-61.97,9.4353,-84,76.42,28.29,1.006257,0.645621,3.3943,0.1809
3594,-100,-85.0,50.0,3.0,4.0,-62.04,9.338,-87,76.95,27.66,1.063907,0.696081,4.5652,0.1545
3596,-100,-85.0,50.0,3.0,7.0,-62.02,11.0375,-99,75.79,29.05,0.967074,0.637129,3.6498,0.1874
3595,-100,-85.0,50.0,3.0,5.5,-61.64,9.8655,-92,76.09,28.7,0.949588,0.617769,3.2621,0.1766
3597,-100,-85.0,50.0,3.0,8.5,-61.36,12.2784,-100,76.76,27.9,1.047969,0.695912,3.7006,0.1654
3598,-100,-85.0,50.0,3.0,10.0,-61.99,13.3425,-100,77.12,27.45,1.054383,0.704648,4.0976,0.1602
3599,-100,-85.0,50.0,3.0,11.5,-61.62,14.0593,-100,76.93,27.69,1.083643,0.69169,3.4431,0.1805
3600,-100,-85.0,50.0,3.0,13.0,-61.5,15.5543,-100,76.74,27.91,1.056644,0.680717,3.5922,0.1614
3601,-100,-85.0,50.0,3.25,1.0,-58.49,9.7806,-75,76.15,28.62,1.068908,0.744698,5.7387,0.1678
3602,-100,-85.0,50.0,3.25,2.5,-58.34,9.9037,-79,76.42,28.3,1.010548,0.609869,2.4336,0.1854
3603,-100,-85.0,50.0,3.25,4.0,-58.94,9.8055,-86,76.38,28.35,0.978005,0.628874,3.0461,0.1638
3605,-100,-85.0,50.0,3.25,7.0,-59.1,10.9015,-95,75.78,29.07,0.963792,0.657467,4.1897,0.1747
3604,-100,-85.0,50.0,3.25,5.5,-58.91,10.9773,-92,76.71,27.94,1.022574,0.653121,3.1529,0.1726
3606,-100,-85.0,50.0,3.25,8.5,-58.36,12.3768,-98,76.41,28.31,1.016721,0.724663,5.7325,0.1467
3608,-100,-85.0,50.0,3.25,11.5,-58.2,14.945,-100,76.65,28.02,1.05265,0.697453,3.8867,0.1783
3607,-100,-85.0,50.0,3.25,10.0,-58.52,13.6239,-100,76.28,28.46,1.037246,0.736291,5.2026,0.1385
3609,-100,-85.0,50.0,3.25,13.0,-59.02,15.9943,-100,77.13,27.45,1.045322,0.712761,4.4971,0.1568
3610,-100,-85.0,50.0,3.5,1.0,-55.76,9.758,-72,76.32,28.42,0.981186,0.666048,3.8119,0.1523
3611,-100,-85.0,50.0,3.5,2.5,-55.38,10.6287,-77,76.46,28.25,1.035213,0.651292,2.9134,0.1696
3612,-100,-85.0,50.0,3.5,4.0,-55.73,10.4317,-80,75.9,28.92,0.95534,0.600715,2.5317,0.19
3613,-100,-85.0,50.0,3.5,5.5,-55.73,11.0307,-87,76.63,28.05,0.995292,0.660209,3.8769,0.1599
3614,-100,-85.0,50.0,3.5,7.0,-55.5,12.369,-92,76.71,27.96,1.057063,0.734736,5.2471,0.1665
3615,-100,-85.0,50.0,3.5,8.5,-55.72,13.109,-97,76.89,27.74,0.994317,0.628105,2.6585,0.168
3617,-100,-85.0,50.0,3.5,11.5,-55.94,15.3461,-100,76.26,28.48,1.09186,0.862739,7.3399,0.1273
3616,-100,-85.0,50.0,3.5,10.0,-55.39,14.255,-100,77.14,27.44,1.045091,0.702246,4.7087,0.1623
3618,-100,-85.0,50.0,3.5,13.0,-55.43,16.5966,-100,75.99,28.81,1.010456,0.658561,3.9088,0.176
3620,-100,-85.0,50.0,3.75,2.5,-52.75,11.2347,-77,75.61,29.26,0.965429,0.660939,4.1484,0.1742
3619,-100,-85.0,50.0,3.75,1.0,-52.28,11.1555,-69,76.29,28.45,0.974685,0.624532,3.4836,0.1845
3621,-100,-85.0,50.0,3.75,4.0,-52.41,10.9175,-79,76.32,28.41,1.047894,0.728116,4.8278,0.1603
3622,-100,-85.0,50.0,3.75,5.5,-52.97,12.2628,-84,76.05,28.75,0.952463,0.604514,3.0185,0.1757
3623,-100,-85.0,50.0,3.75,7.0,-52.05,12.2708,-95,76.22,28.54,0.99555,0.615002,2.4879,0.1964
3624,-100,-85.0,50.0,3.75,8.5,-52.38,13.8844,-95,77.22,27.34,1.03349,0.646251,2.896,0.1897
3625,-100,-85.0,50.0,3.75,10.0,-52.59,14.8494,-100,76.03,28.77,0.960199,0.647441,4.4517,0.1785
3626,-100,-85.0,50.0,3.75,11.5,-52.89,15.6465,-100,75.49,29.41,0.976161,0.614735,3.105,0.1862
3628,-100,-85.0,50.0,4.0,1.0,-48.88,11.4006,-68,75.64,29.22,0.98255,0.700593,5.0967,0.1812
3627,-100,-85.0,50.0,3.75,13.0,-51.93,16.6398,-100,76.41,28.31,1.022857,0.629679,2.4747,0.1786
3629,-100,-85.0,50.0,4.0,2.5,-49.28,12.3403,-76,76.39,28.33,1.014086,0.650053,3.7155,0.1741
3630,-100,-85.0,50.0,4.0,4.0,-50.14,12.1941,-78,77.0,27.6,1.091021,0.856125,6.4838,0.1392
3631,-100,-85.0,50.0,4.0,5.5,-49.34,12.5174,-86,76.15,28.61,1.004525,0.682051,4.1538,0.1548
3632,-100,-85.0,50.0,4.0,7.0,-49.05,13.3327,-90,75.8,29.04,0.929753,0.6084,3.2973,0.1818
3633,-100,-85.0,50.0,4.0,8.5,-49.18,14.7133,-97,76.07,28.71,0.988687,0.635476,3.982,0.1808
3634,-100,-85.0,50.0,4.0,10.0,-49.54,15.324,-100,76.45,28.25,0.999277,0.643129,3.2585,0.1563
3635,-100,-85.0,50.0,4.0,11.5,-48.88,16.3533,-100,76.01,28.79,0.960245,0.630997,3.7243,0.1806
3636,-100,-85.0,50.0,4.0,13.0,-48.49,17.0714,-100,75.59,29.29,0.981611,0.61636,2.6951,0.2023
3637,-100,-85.0,50.0,4.25,1.0,-46.42,12.0743,-66,75.85,28.98,1.066742,0.795397,6.595,0.1445
3639,-100,-85.0,50.0,4.25,4.0,-46.55,13.4611,-77,76.3,28.44,0.975638,0.637905,3.652,0.1846
3638,-100,-85.0,50.0,4.25,2.5,-46.37,12.7492,-70,76.23,28.52,0.976171,0.629477,3.2489,0.1588
3640,-100,-85.0,50.0,4.25,5.5,-46.59,12.5931,-79,76.82,27.82,1.029373,0.710805,5.02,0.1663
3641,-100,-85.0,50.0,4.25,7.0,-46.15,14.8583,-84,76.36,28.37,1.000764,0.670139,4.2067,0.1435
3642,-100,-85.0,50.0,4.25,8.5,-45.66,14.9226,-91,76.4,28.32,1.03334,0.665981,3.7176,0.1698
3644,-100,-85.0,50.0,4.25,11.5,-45.87,16.8151,-100,76.13,28.64,0.967257,0.591933,2.0824,0.1915
3643,-100,-85.0,50.0,4.25,10.0,-46.42,15.8915,-96,76.32,28.42,0.976179,0.68276,5.0864,0.1402
3645,-100,-85.0,50.0,4.25,13.0,-45.27,17.2354,-100,76.2,28.56,0.959315,0.643303,4.6133,0.1607
3646,-100,-85.0,50.0,4.5,1.0,-43.24,13.4938,-64,76.26,28.48,0.964828,0.607124,2.6048,0.1931
3647,-100,-85.0,50.0,4.5,2.5,-42.71,13.1293,-68,76.22,28.55,0.970245,0.604228,2.5437,0.1855
3648,-100,-85.0,50.0,4.5,4.0,-43.4,13.2729,-72,75.99,28.82,0.950567,0.618685,3.0947,0.21
3649,-100,-85.0,50.0,4.5,5.5,-43.24,13.9034,-80,76.47,28.24,0.993638,0.630332,3.3132,0.1827
3650,-100,-85.0,50.0,4.5,7.0,-43.23,14.7736,-89,75.69,29.19,0.933138,0.599191,3.154,0.1909
3652,-100,-85.0,50.0,4.5,10.0,-43.02,16.1222,-98,76.36,28.37,0.956044,0.618678,3.4817,0.1732
3651,-100,-85.0,50.0,4.5,8.5,-43.01,14.6319,-89,76.24,28.52,0.944944,0.608057,3.4097,0.1741
3653,-100,-85.0,50.0,4.5,11.5,-43.43,16.9776,-99,75.66,29.2,0.95713,0.613893,3.4687,0.1953
3654,-100,-85.0,50.0,4.5,13.0,-42.16,18.2107,-100,76.04,28.76,0.963505,0.62815,3.6996,0.1873
3655,-100,-85.0,50.0,4.75,1.0,-40.14,14.5594,-62,75.89,28.93,0.986096,0.672203,4.7094,0.1662
3656,-100,-85.0,50.0,4.75,2.5,-39.66,14.2991,-65,76.2,28.55,0.92893,0.641825,4.7663,0.1663
3657,-100,-85.0,50.0,4.75,4.0,-40.3,13.9243,-72,76.5,28.2,0.985793,0.659873,4.1475,0.1614
3658,-100,-85.0,50.0,4.75,5.5,-39.83,14.5915,-74,75.24,29.7,0.902131,0.628118,4.3322,0.1487
3659,-100,-85.0,50.0,4.75,7.0,-40.23,15.5377,-84,76.33,28.41,0.957484,0.586153,1.933,0.2051
3660,-100,-85.0,50.0,4.75,8.5,-40.08,16.0186,-85,75.43,29.48,0.925707,0.578441,2.1448,0.2004
3661,-100,-85.0,50.0,4.75,10.0,-39.73,16.8372,-89,75.45,29.46,0.941685,0.657545,4.4184,0.1585
3664,-100,-85.0,50.0,5.0,1.0,-36.76,14.4515,-57,76.04,28.74,0.95385,0.593926,2.4544,0.2084
3662,-100,-85.0,50.0,4.75,11.5,-39.56,17.5651,-97,76.11,28.67,0.950251,0.598233,2.6583,0.2026
3663,-100,-85.0,50.0,4.75,13.0,-39.66,18.7268,-100,76.61,28.08,0.979979,0.624928,3.0182,0.1636
3665,-100,-85.0,50.0,5.0,2.5,-36.72,14.67,-65,76.24,28.52,0.998993,0.629225,2.6894,0.2031
3666,-100,-85.0,50.0,5.0,4.0,-36.97,15.323,-67,75.86,28.96,1.012752,0.666447,4.1565,0.1899
3667,-100,-85.0,50.0,5.0,5.5,-37.05,15.2491,-75,76.41,28.31,0.945997,0.608012,3.1879,0.186
3668,-100,-85.0,50.0,5.0,7.0,-37.03,15.8784,-81,76.23,28.53,0.959274,0.629236,3.4352,0.1917
3669,-100,-85.0,50.0,5.0,8.5,-36.75,16.3229,-85,75.73,29.12,0.930203,0.715921,6.1721,0.1322
3670,-100,-85.0,50.0,5.0,10.0,-36.89,17.1983,-91,76.26,28.47,0.986099,0.643941,3.4502,0.1667
3673,-100,-80.0,30.0,1.0,1.0,-86.01,1.4927,-91,99.45,0.66,2.644841,0.91129,1.2926,0.0
3671,-100,-85.0,50.0,5.0,11.5,-36.83,17.5564,-97,76.11,28.67,0.964746,0.611689,3.288,0.1805
3674,-100,-80.0,30.0,1.0,2.5,-88.06,3.0701,-98,98.39,1.93,2.012037,0.776364,3.9926,0.0
3675,-100,-80.0,30.0,1.0,4.0,-87.7,4.9676,-100,95.79,5.06,2.424494,1.243479,5.6587,0.0008
3676,-100,-80.0,30.0,1.0,5.5,-88.88,6.3948,-100,95.06,5.93,2.45203,1.286749,6.4876,0.0056
3672,-100,-85.0,50.0,5.0,13.0,-36.74,18.9554,-100,75.9,28.92,0.927958,0.564959,1.8182,0.1892
3677,-100,-80.0,30.0,1.0,7.0,-88.94,7.0927,-100,93.26,8.08,2.730388,1.035251,4.5557,0.0175
3678,-100,-80.0,30.0,1.0,8.5,-87.89,8.3191,-100,90.31,11.63,2.464337,0.919716,5.0655,0.027
3682,-100,-80.0,30.0,1.25,1.0,-85.5,1.8681,-90,97.56,2.93,2.263506,1.328425,5.8082,0.0
3680,-100,-80.0,30.0,1.0,11.5,-87.21,10.2412,-100,87.69,14.78,2.463566,0.997939,4.0771,0.0637
3679,-100,-80.0,30.0,1.0,10.0,-87.51,9.3119,-100,88.58,13.71,2.422267,0.917372,4.5881,0.0473
3683,-100,-80.0,30.0,1.25,2.5,-86.42,3.7728,-97,95.63,5.24,2.143753,1.310244,7.5992,0.0001
3681,-100,-80.0,30.0,1.0,13.0,-86.54,11.5651,-100,85.9,16.92,2.175218,1.15233,6.3071,0.0472
3684,-100,-80.0,30.0,1.25,4.0,-86.35,5.2607,-100,92.96,8.45,2.164713,1.529578,9.3209,0.0032
3685,-100,-80.0,30.0,1.25,5.5,-86.4,6.9876,-100,91.09,10.69,2.163342,1.451934,9.7338,0.0101
3686,-100,-80.0,30.0,1.25,7.0,-85.86,8.0457,-100,88.38,13.95,2.193511,1.458435,9.9127,0.0253
3687,-100,-80.0,30.0,1.25,8.5,-85.73,8.8682,-100,87.62,14.86,2.399948,1.395757,6.5604,0.0521
3688,-100,-80.0,30.0,1.25,10.0,-85.64,9.8692,-100,86.75,15.9,2.406752,1.300382,6.6734,0.0566
3689,-100,-80.0,30.0,1.25,11.5,-85.2,10.9421,-100,85.93,16.89,2.405737,1.107865,5.0261,0.0566
3690,-100,-80.0,30.0,1.25,13.0,-85.01,11.915,-100,85.05,17.94,2.297381,1.317294,7.023,0.0612
3691,-100,-80.0,30.0,1.5,1.0,-82.63,4.533,-90,91.62,10.06,1.388455,1.280085,14.0543,0.0
3692,-100,-80.0,30.0,1.5,2.5,-83.43,3.9353,-95,88.57,13.72,1.352197,1.284638,15.5651,0.0007
3694,-100,-80.0,30.0,1.5,5.5,-83.67,7.2861,-100,87.18,15.38,2.10139,1.428436,10.0569,0.0177
3693,-100,-80.0,30.0,1.5,4.0,-83.38,6.0185,-100,87.38,15.14,1.756543,1.355848,13.8687,0.0062
3695,-100,-80.0,30.0,1.5,7.0,-83.62,8.57,-100,84.75,18.3,1.932366,1.487829,11.7195,0.0313
3696,-100,-80.0,30.0,1.5,8.5,-83.57,9.2726,-100,86.6,16.08,2.535555,1.59533,6.6683,0.057
3697,-100,-80.0,30.0,1.5,10.0,-83.15,10.5934,-100,84.02,19.17,2.201174,1.216854,7.6553,0.076
3698,-100,-80.0,30.0,1.5,11.5,-83.1,11.5534,-100,83.97,19.24,2.241525,1.336301,7.9946,0.0766
3699,-100,-80.0,30.0,1.5,13.0,-82.42,12.653,-100,83.5,19.8,2.231116,1.162353,7.2326,0.1006
3700,-100,-80.0,30.0,1.75,1.0,-80.97,3.8885,-89,86.32,16.41,1.387543,1.392537,16.0508,0.0001
3701,-100,-80.0,30.0,1.75,2.5,-80.82,5.1428,-94,84.76,18.29,1.59157,1.527245,15.9176,0.0023
3702,-100,-80.0,30.0,1.75,4.0,-81.39,6.2302,-100,84.19,18.96,1.709464,1.404468,13.7087,0.0196
3703,-100,-80.0,30.0,1.75,5.5,-81.6,7.4602,-100,86.0,16.8,2.27492,1.648065,9.8248,0.0243
3704,-100,-80.0,30.0,1.75,7.0,-81.24,8.9869,-100,83.52,19.78,2.091793,1.35444,9.5872,0.0632
3706,-100,-80.0,30.0,1.75,10.0,-80.86,11.2006,-100,82.46,21.05,2.110751,1.346242,7.899,0.0735
3705,-100,-80.0,30.0,1.75,8.5,-80.86,9.7181,-100,83.18,20.18,2.145279,1.283016,8.175,0.077
3707,-100,-80.0,30.0,1.75,11.5,-81.0,12.4845,-100,83.1,20.28,2.168934,1.227411,6.8844,0.0973
3708,-100,-80.0,30.0,1.75,13.0,-80.26,12.9042,-100,82.66,20.8,2.193634,1.429267,7.4692,0.0783
3709,-100,-80.0,30.0,2.0,1.0,-79.1,5.5111,-90,82.54,20.95,1.170699,1.137292,17.6144,0.0018
3710,-100,-80.0,30.0,2.0,2.5,-78.71,5.3184,-94,80.25,23.71,1.315834,1.109412,15.2779,0.0031
3711,-100,-80.0,30.0,2.0,4.0,-79.28,6.817,-100,81.92,21.7,1.788972,1.373121,12.1187,0.0271
3712,-100,-80.0,30.0,2.0,5.5,-78.47,8.5242,-100,81.39,22.34,1.808136,1.199863,9.9124,0.0759
3713,-100,-80.0,30.0,2.0,7.0,-78.9,9.0825,-100,81.18,22.6,1.875011,1.542759,11.1619,0.0604
3714,-100,-80.0,30.0,2.0,8.5,-78.45,10.5809,-100,81.43,22.28,1.976264,1.190155,7.3422,0.1009
3715,-100,-80.0,30.0,2.0,10.0,-78.05,11.5702,-100,81.94,21.68,1.995199,1.352443,8.0267,0.0784
3716,-100,-80.0,30.0,2.0,11.5,-78.25,12.8526,-100,82.29,21.25,2.127386,1.478657,8.9696,0.0946
3717,-100,-80.0,30.0,2.0,13.0,-78.11,13.7586,-100,82.21,21.35,2.070254,1.182419,6.1565,0.1052
3719,-100,-80.0,30.0,2.25,2.5,-76.61,6.447,-93,79.39,24.72,1.368064,1.114332,12.6497,0.0226
3718,-100,-80.0,30.0,2.25,1.0,-76.26,6.1766,-87,78.73,25.53,1.351405,1.047732,11.9088,0.0136
3720,-100,-80.0,30.0,2.25,4.0,-76.54,7.6275,-100,79.18,24.99,1.541146,1.189839,10.9183,0.0554
3721,-100,-80.0,30.0,2.25,5.5,-76.47,8.7437,-100,80.15,23.81,1.752464,1.168024,8.0266,0.0741
3722,-100,-80.0,30.0,2.25,7.0,-76.35,9.8615,-100,80.55,23.34,1.792036,1.22076,8.0075,0.0597
3723,-100,-80.0,30.0,2.25,8.5,-75.44,10.8306,-100,80.95,22.85,1.834433,1.18517,6.8674,0.0998
3724,-100,-80.0,30.0,2.25,10.0,-76.23,11.4225,-100,80.72,23.14,1.827838,1.227626,7.3454,0.0717
3725,-100,-80.0,30.0,2.25,11.5,-75.89,13.1324,-100,81.49,22.22,1.912085,1.37122,7.9655,0.0863
3726,-100,-80.0,30.0,2.25,13.0,-75.02,14.0382,-100,80.59,23.29,1.875856,1.313712,7.7067,0.1035
3727,-100,-80.0,30.0,2.5,1.0,-73.14,6.9559,-86,77.37,27.15,1.20704,0.946104,8.7021,0.0397
3728,-100,-80.0,30.0,2.5,2.5,-73.44,6.9186,-89,77.26,27.29,1.249512,1.10563,9.0729,0.0578
3729,-100,-80.0,30.0,2.5,4.0,-73.63,7.4762,-95,79.03,25.17,1.453091,1.169398,8.4841,0.0835
3730,-100,-80.0,30.0,2.5,5.5,-73.5,9.3979,-100,79.03,25.17,1.482647,1.062927,7.4373,0.0819
3731,-100,-80.0,30.0,2.5,7.0,-73.57,10.0493,-100,79.42,24.69,1.633934,1.123242,6.9056,0.0953
3732,-100,-80.0,30.0,2.5,8.5,-73.75,10.7962,-100,79.52,24.57,1.653392,1.244833,8.5383,0.0914
3733,-100,-80.0,30.0,2.5,10.0,-73.72,12.1666,-100,79.93,24.08,1.733902,1.080618,5.5766,0.1099
3734,-100,-80.0,30.0,2.5,11.5,-73.71,13.458,-100,79.9,24.11,1.748862,1.18292,7.0459,0.0915
3735,-100,-80.0,30.0,2.5,13.0,-73.32,14.7087,-100,80.37,23.56,1.751632,1.206914,6.934,0.097
3737,-100,-80.0,30.0,2.75,2.5,-71.06,7.8936,-90,77.46,27.05,1.242958,0.828997,6.2654,0.0958
3736,-100,-80.0,30.0,2.75,1.0,-70.74,7.64,-85,77.44,27.07,1.195768,0.904277,7.774,0.077
3738,-100,-80.0,30.0,2.75,4.0,-71.24,8.6863,-95,78.69,25.58,1.403786,0.937284,6.3043,0.0855
3739,-100,-80.0,30.0,2.75,5.5,-71.03,9.3531,-100,78.41,25.91,1.361367,0.996052,6.208,0.1009
3740,-100,-80.0,30.0,2.75,7.0,-71.16,10.523,-100,78.63,25.64,1.45498,1.062485,6.3206,0.0861
3741,-100,-80.0,30.0,2.75,8.5,-70.59,11.2836,-100,78.62,25.67,1.421697,0.904189,4.6117,0.1207
3743,-100,-80.0,30.0,2.75,11.5,-70.75,13.9626,-100,79.17,25.01,1.535348,0.982301,5.4037,0.1166
3742,-100,-80.0,30.0,2.75,10.0,-70.69,13.0752,-100,78.77,25.48,1.544594,1.098654,7.0159,0.1165
3744,-100,-80.0,30.0,2.75,13.0,-70.65,14.8419,-100,80.0,24.0,1.655715,1.202977,7.5954,0.087
3745,-100,-80.0,30.0,3.0,1.0,-68.32,8.6256,-84,77.52,26.98,1.108388,0.801094,5.4597,0.1468
3746,-100,-80.0,30.0,3.0,2.5,-68.9,8.9275,-88,77.17,27.39,1.178333,0.751412,4.0512,0.16
3747,-100,-80.0,30.0,3.0,4.0,-68.27,9.3236,-92,77.33,27.21,1.243166,0.922517,6.6285,0.0999
3749,-100,-80.0,30.0,3.0,7.0,-68.74,10.8209,-100,77.69,26.77,1.321213,0.877527,5.4374,0.1233
3748,-100,-80.0,30.0,3.0,5.5,-68.55,10.2724,-96,77.42,27.1,1.280317,0.88835,5.6201,0.1091
3750,-100,-80.0,30.0,3.0,8.5,-68.38,11.8682,-100,78.16,26.21,1.365399,0.882067,5.1093,0.1448
3751,-100,-80.0,30.0,3.0,10.0,-68.27,13.0404,-100,78.59,25.68,1.409944,0.831934,3.7952,0.1514
3752,-100,-80.0,30.0,3.0,11.5,-68.33,14.259,-100,79.02,25.18,1.489497,0.911874,4.3164,0.121
3753,-100,-80.0,30.0,3.0,13.0,-68.34,15.4273,-100,79.47,24.64,1.529969,1.096472,6.6307,0.1031
3755,-100,-80.0,30.0,3.25,2.5,-66.16,10.15,-86,77.11,27.46,1.104547,0.73433,4.2582,0.1581
3756,-100,-80.0,30.0,3.25,4.0,-66.61,10.2069,-92,77.7,26.76,1.175254,0.835873,4.8192,0.1128
3754,-100,-80.0,30.0,3.25,1.0,-65.74,9.4463,-80,75.54,29.34,0.960664,0.607222,2.7232,0.1839
3757,-100,-80.0,30.0,3.25,5.5,-65.69,11.176,-98,77.53,26.97,1.152409,0.785972,4.7521,0.1324
3758,-100,-80.0,30.0,3.25,7.0,-65.98,11.3024,-100,77.03,27.57,1.198131,0.86295,6.6575,0.1394
3759,-100,-80.0,30.0,3.25,8.5,-65.8,12.711,-100,77.96,26.45,1.25602,0.759471,3.0237,0.1738
3761,-100,-80.0,30.0,3.25,11.5,-65.43,14.7966,-100,78.33,26.0,1.32987,0.918339,5.5035,0.1128
3760,-100,-80.0,30.0,3.25,10.0,-65.78,13.6369,-100,79.0,25.2,1.445836,0.94121,5.0831,0.1187
3762,-100,-80.0,30.0,3.25,13.0,-65.9,16.0172,-100,78.25,26.1,1.398534,0.932558,5.7159,0.1263
3764,-100,-80.0,30.0,3.5,2.5,-63.37,10.828,-85,76.48,28.23,1.093692,0.75044,5.1911,0.1464
3763,-100,-80.0,30.0,3.5,1.0,-63.19,10.3473,-79,76.08,28.69,0.997246,0.625028,2.8609,0.1911
3765,-100,-80.0,30.0,3.5,4.0,-63.5,10.2945,-90,77.15,27.43,1.062528,0.672584,3.6763,0.1744
3766,-100,-80.0,30.0,3.5,5.5,-63.74,11.5206,-95,76.84,27.79,1.084482,0.676412,2.8583,0.1774
3767,-100,-80.0,30.0,3.5,7.0,-63.44,12.3147,-100,76.78,27.86,1.12631,0.761491,4.5097,0.1464
3768,-100,-80.0,30.0,3.5,8.5,-63.55,12.9118,-100,76.91,27.71,1.167741,0.768945,3.9656,0.1369
3769,-100,-80.0,30.0,3.5,10.0,-63.28,14.0693,-100,77.24,27.31,1.228332,0.804303,4.8236,0.148
3771,-100,-80.0,30.0,3.5,13.0,-63.37,16.3681,-100,77.99,26.42,1.294111,0.840464,4.578,0.1417
3770,-100,-80.0,30.0,3.5,11.5,-63.49,14.6814,-100,77.08,27.51,1.238391,0.836891,5.2757,0.1485
3772,-100,-80.0,30.0,3.75,1.0,-61.34,11.2372,-79,76.07,28.71,1.000891,0.645899,3.3425,0.1925
3773,-100,-80.0,30.0,3.75,2.5,-61.1,10.7655,-83,75.74,29.12,0.940318,0.641158,3.8845,0.1739
3774,-100,-80.0,30.0,3.75,4.0,-61.0,11.1106,-89,76.38,28.34,1.020257,0.619111,2.2837,0.1674
3775,-100,-80.0,30.0,3.75,5.5,-60.45,12.0365,-95,76.8,27.84,1.043106,0.730951,4.7773,0.1514
3776,-100,-80.0,30.0,3.75,7.0,-61.59,12.5556,-100,76.47,28.23,1.056034,0.644654,2.3281,0.1883
3777,-100,-80.0,30.0,3.75,8.5,-60.72,13.8776,-100,76.86,27.77,1.118365,0.708319,4.1302,0.1735
3778,-100,-80.0,30.0,3.75,10.0,-61.03,14.8886,-100,77.04,27.56,1.185932,0.795579,4.6479,0.1304
3779,-100,-80.0,30.0,3.75,11.5,-60.71,15.8136,-100,77.96,26.44,1.221156,0.726077,2.7005,0.1743
3780,-100,-80.0,30.0,3.75,13.0,-60.17,16.9299,-100,77.53,26.97,1.237882,0.809157,4.8572,0.165
3781,-100,-80.0,30.0,4.0,1.0,-58.56,11.6226,-76,76.34,28.4,1.002289,0.651051,3.1754,0.1803
3782,-100,-80.0,30.0,4.0,2.5,-58.19,11.5004,-81,75.73,29.12,0.94159,0.58778,2.6428,0.2063
3783,-100,-80.0,30.0,4.0,4.0,-58.3,11.8262,-87,76.74,27.92,1.017828,0.649096,3.4048,0.1827
3784,-100,-80.0,30.0,4.0,5.5,-58.49,12.8549,-93,76.44,28.27,1.023965,0.661799,3.6209,0.1654
3785,-100,-80.0,30.0,4.0,7.0,-58.35,13.6683,-99,76.48,28.22,1.060005,0.689748,4.0037,0.1802
3786,-100,-80.0,30.0,4.0,8.5,-58.05,14.3096,-100,77.04,27.55,1.065777,0.69188,3.9738,0.1778
3787,-100,-80.0,30.0,4.0,10.0,-58.22,15.7134,-100,76.48,28.22,1.073852,0.835162,6.3746,0.1167
3789,-100,-80.0,30.0,4.0,13.0,-57.93,17.4669,-100,77.41,27.1,1.20636,0.831634,5.3427,0.1495
3788,-100,-80.0,30.0,4.0,11.5,-58.31,16.2045,-100,77.18,27.37,1.162714,0.736264,3.6137,0.1437
3790,-100,-80.0,30.0,4.25,1.0,-55.95,12.5434,-76,76.19,28.56,0.989192,0.639534,3.0477,0.1789
3791,-100,-80.0,30.0,4.25,2.5,-55.6,12.8708,-79,75.84,29.0,0.966548,0.615263,2.9378,0.1907
3792,-100,-80.0,30.0,4.25,4.0,-56.12,12.6286,-86,76.67,28.0,1.038548,0.680332,3.8719,0.1608
3793,-100,-80.0,30.0,4.25,5.5,-56.3,13.1628,-91,76.24,28.51,1.011676,0.635219,2.9328,0.1769
3794,-100,-80.0,30.0,4.25,7.0,-55.5,14.101,-97,76.23,28.53,0.993606,0.664239,4.1284,0.1654
3795,-100,-80.0,30.0,4.25,8.5,-55.92,15.0417,-100,76.54,28.15,1.065527,0.678261,3.5724,0.16
3796,-100,-80.0,30.0,4.25,10.0,-54.84,15.4137,-100,76.56,28.13,1.068034,0.663126,3.0016,0.1757
3797,-100,-80.0,30.0,4.25,11.5,-55.58,16.3851,-100,76.55,28.15,1.106928,0.724557,4.7966,0.1571
3798,-100,-80.0,30.0,4.25,13.0,-55.8,17.6055,-100,77.31,27.23,1.195355,0.817351,5.3146,0.1434
3799,-100,-80.0,30.0,4.5,1.0,-52.89,12.9088,-73,76.18,28.59,0.965023,0.610216,2.4678,0.1871
3801,-100,-80.0,30.0,4.5,4.0,-53.15,13.1466,-82,76.06,28.72,0.982161,0.654562,4.187,0.1807
3800,-100,-80.0,30.0,4.5,2.5,-53.25,13.6073,-80,75.96,28.84,0.970269,0.607612,2.6073,0.1984
3802,-100,-80.0,30.0,4.5,5.5,-53.03,14.4881,-89,75.63,29.25,0.978871,0.62366,3.287,0.1934
3803,-100,-80.0,30.0,4.5,7.0,-53.45,14.8337,-98,75.53,29.37,0.992712,0.66996,4.2837,0.176
3804,-100,-80.0,30.0,4.5,8.5,-53.05,16.3238,-100,76.4,28.32,1.001828,0.658434,3.896,0.1848
3805,-100,-80.0,30.0,4.5,10.0,-53.31,16.5147,-100,76.01,28.79,1.003019,0.699377,5.428,0.1544
3806,-100,-80.0,30.0,4.5,11.5,-52.8,16.944,-100,76.69,27.97,1.069649,0.665642,2.4539,0.1706
3807,-100,-80.0,30.0,4.5,13.0,-52.54,17.6047,-100,76.43,28.28,1.091424,0.872447,6.9301,0.1189
3808,-100,-80.0,30.0,4.75,1.0,-50.66,12.8937,-71,76.47,28.23,0.978132,0.645774,3.6344,0.175
3809,-100,-80.0,30.0,4.75,2.5,-50.55,14.0832,-77,75.67,29.19,1.006588,0.775615,6.8315,0.1457
3810,-100,-80.0,30.0,4.75,4.0,-50.29,14.3274,-84,76.58,28.1,1.022247,0.662778,3.8712,0.1669
3811,-100,-80.0,30.0,4.75,5.5,-50.31,14.0263,-87,76.43,28.29,1.030057,0.653851,3.3134,0.1912
3812,-100,-80.0,30.0,4.75,7.0,-50.06,15.3396,-94,75.97,28.84,1.01648,0.689964,5.4205,0.1542
3813,-100,-80.0,30.0,4.75,8.5,-50.74,16.008,-99,76.13,28.64,0.961871,0.608925,2.877,0.1727
3814,-100,-80.0,30.0,4.75,10.0,-51.05,17.0361,-100,76.17,28.6,1.005502,0.68023,4.5595,0.1754
3815,-100,-80.0,30.0,4.75,11.5,-50.64,17.7219,-100,76.09,28.68,1.028449,0.697511,4.7068,0.1567
3816,-100,-80.0,30.0,4.75,13.0,-50.28,18.8209,-100,76.92,27.7,1.050218,0.672652,3.0772,0.1592
3817,-100,-80.0,30.0,5.0,1.0,-47.86,14.275,-70,76.11,28.67,1.007454,0.615847,2.0744,0.2101
3818,-100,-80.0,30.0,5.0,2.5,-48.18,14.642,-74,75.81,29.02,0.939123,0.609506,3.1708,0.1891
3819,-100,-80.0,30.0,5.0,4.0,-48.58,15.6256,-80,76.38,28.33,0.988845,0.646493,3.7721,0.1652
3826,-100,-80.0,40.0,1.0,1.0,-86.26,1.9728,-91,97.88,2.55,1.651589,1.269438,6.7496,0.0
3827,-100,-80.0,40.0,1.0,2.5,-88.09,2.9104,-96,98.64,1.63,2.752817,1.136677,2.2509,0.0
3820,-100,-80.0,30.0,5.0,5.5,-47.87,15.9746,-82,77.08,27.52,1.033716,0.660968,3.6938,0.1732
3821,-100,-80.0,30.0,5.0,7.0,-48.2,15.5079,-90,76.17,28.59,0.961922,0.623112,3.4891,0.1907
3822,-100,-80.0,30.0,5.0,8.5,-47.54,16.9936,-95,76.5,28.2,1.003022,0.642065,3.4474,0.1693
3828,-100,-80.0,40.0,1.0,4.0,-87.4,4.9284,-100,95.69,5.17,2.396361,1.472497,7.0651,0.0018
3829,-100,-80.0,40.0,1.0,5.5,-87.2,5.7733,-100,93.86,7.37,2.742831,1.643272,5.4512,0.0065
3823,-100,-80.0,30.0,5.0,10.0,-47.86,17.1764,-100,77.2,27.37,1.065662,0.670535,3.8502,0.1653
3824,-100,-80.0,30.0,5.0,11.5,-48.0,18.0872,-100,76.33,28.41,0.988498,0.597075,2.0998,0.2096
3830,-100,-80.0,40.0,1.0,7.0,-87.73,7.2866,-100,92.12,9.46,2.707477,1.158503,4.2758,0.0124
3825,-100,-80.0,30.0,5.0,13.0,-47.61,18.4593,-100,76.77,27.88,1.075769,0.793112,5.9632,0.1213
3831,-100,-80.0,40.0,1.0,8.5,-87.11,8.4788,-100,89.79,12.25,2.625851,1.025491,4.905,0.0553
3832,-100,-80.0,40.0,1.0,10.0,-86.76,9.4597,-100,88.28,14.06,2.56068,1.22327,5.2545,0.0616
3833,-100,-80.0,40.0,1.0,11.5,-86.34,10.5398,-100,87.8,14.64,2.623418,1.170594,4.7355,0.0681
3835,-100,-80.0,40.0,1.25,1.0,-83.93,2.5746,-90,93.26,8.09,1.500311,1.391004,12.833,0.0
3834,-100,-80.0,40.0,1.0,13.0,-86.32,11.5386,-100,86.41,16.31,2.392729,1.045455,5.1558,0.076
3836,-100,-80.0,40.0,1.25,2.5,-84.7,3.8677,-96,92.8,8.64,1.835127,1.482713,11.0491,0.0003
3837,-100,-80.0,40.0,1.25,4.0,-84.71,5.7026,-100,90.94,10.87,2.152903,1.466897,9.768,0.0038
3838,-100,-80.0,40.0,1.25,5.5,-84.36,6.7762,-100,88.34,14.0,2.197849,1.543451,11.1245,0.0313
3839,-100,-80.0,40.0,1.25,7.0,-84.89,8.1271,-100,87.95,14.46,2.436766,1.30764,7.6233,0.0366
3840,-100,-80.0,40.0,1.25,8.5,-83.87,8.9822,-100,85.96,16.85,2.422498,1.238659,7.1672,0.0482
3841,-100,-80.0,40.0,1.25,10.0,-84.01,10.1433,-100,85.76,17.08,2.475312,1.421061,7.0046,0.067
3842,-100,-80.0,40.0,1.25,11.5,-83.77,11.1546,-100,84.44,18.67,2.274025,1.194596,6.2261,0.0809
3843,-100,-80.0,40.0,1.25,13.0,-83.21,12.1005,-100,84.35,18.78,2.370461,1.179585,4.5694,0.0805
3844,-100,-80.0,40.0,1.5,1.0,-81.68,3.2858,-89,88.26,14.09,1.384984,1.438408,15.4594,0.0
3845,-100,-80.0,40.0,1.5,2.5,-81.79,4.502,-93,85.36,17.57,1.458954,1.490226,16.7435,0.0043
3846,-100,-80.0,40.0,1.5,4.0,-81.32,5.8088,-100,84.99,18.01,1.983076,1.491209,11.0226,0.02
3847,-100,-80.0,40.0,1.5,5.5,-81.81,7.242,-100,85.09,17.9,2.179915,1.382289,9.5529,0.0561
3848,-100,-80.0,40.0,1.5,7.0,-81.22,8.1149,-100,83.78,19.48,2.136892,1.570597,9.4466,0.0341
3849,-100,-80.0,40.0,1.5,8.5,-81.61,9.7549,-100,84.07,19.12,2.288012,1.430509,8.6222,0.0745
3850,-100,-80.0,40.0,1.5,10.0,-81.07,10.1655,-100,83.7,19.57,2.273396,1.629271,7.3106,0.0518
3851,-100,-80.0,40.0,1.5,11.5,-80.69,11.7751,-100,83.25,20.1,2.233055,1.375524,7.0255,0.0919
3852,-100,-80.0,40.0,1.5,13.0,-80.53,12.8556,-100,82.77,20.69,2.123232,1.21786,6.9525,0.0855
3853,-100,-80.0,40.0,1.75,1.0,-78.84,4.601,-88,80.84,22.99,1.200942,1.204698,17.7812,0.0013
3854,-100,-80.0,40.0,1.75,2.5,-79.14,5.4989,-92,81.67,22.0,1.590082,1.30539,13.5031,0.0253
3855,-100,-80.0,40.0,1.75,4.0,-79.1,6.4035,-98,81.53,22.17,1.688639,1.631655,13.5547,0.021
3856,-100,-80.0,40.0,1.75,5.5,-78.84,8.1685,-100,81.94,21.68,1.925517,1.47215,10.374,0.0718
3857,-100,-80.0,40.0,1.75,7.0,-78.97,8.4538,-100,82.82,20.61,2.143978,1.163481,6.0565,0.0963
3859,-100,-80.0,40.0,1.75,10.0,-79.11,11.0644,-100,81.44,22.27,2.004667,1.402877,9.3464,0.0817
3858,-100,-80.0,40.0,1.75,8.5,-78.81,9.9747,-100,82.12,21.46,2.082506,1.262533,7.6201,0.0899
3860,-100,-80.0,40.0,1.75,11.5,-78.55,12.2374,-100,82.71,20.75,2.139087,1.241913,6.2252,0.0858
3861,-100,-80.0,40.0,1.75,13.0,-78.08,12.989,-100,81.56,22.13,2.062145,1.168343,5.6355,0.1214
3863,-100,-80.0,40.0,2.0,2.5,-76.1,6.3169,-92,79.59,24.5,1.551113,1.093625,9.6619,0.0202
3862,-100,-80.0,40.0,2.0,1.0,-76.09,4.7626,-88,78.42,25.89,1.21488,0.908344,12.4298,0.0071
3864,-100,-80.0,40.0,2.0,4.0,-76.5,7.1803,-98,79.37,24.75,1.59629,1.384668,11.0604,0.0649
3865,-100,-80.0,40.0,2.0,5.5,-76.31,8.4125,-100,79.75,24.31,1.697735,1.220833,9.616,0.09
3866,-100,-80.0,40.0,2.0,7.0,-75.83,9.7246,-100,80.65,23.23,1.838294,1.200858,7.018,0.0974
3867,-100,-80.0,40.0,2.0,8.5,-76.15,10.137,-100,80.77,23.08,1.809852,1.212999,7.1022,0.0942
3868,-100,-80.0,40.0,2.0,10.0,-76.36,11.3254,-100,80.14,23.83,1.794141,1.4072,8.778,0.0895
3870,-100,-80.0,40.0,2.0,13.0,-75.98,13.9195,-100,81.7,21.96,2.030147,1.500728,7.8921,0.0855
3869,-100,-80.0,40.0,2.0,11.5,-75.85,12.5772,-100,80.91,22.91,1.841348,1.229563,6.9472,0.0717
3871,-100,-80.0,40.0,2.25,1.0,-73.45,5.6924,-86,76.74,27.91,1.157864,0.859493,7.6797,0.0685
3872,-100,-80.0,40.0,2.25,2.5,-73.38,6.9918,-89,78.07,26.32,1.284885,0.959762,7.7899,0.0804
3873,-100,-80.0,40.0,2.25,4.0,-73.41,7.4914,-97,77.85,26.58,1.387146,1.054028,8.0945,0.106
3874,-100,-80.0,40.0,2.25,5.5,-73.33,8.5646,-100,77.79,26.66,1.427616,1.007082,6.6982,0.103
3875,-100,-80.0,40.0,2.25,7.0,-73.48,9.6989,-100,79.53,24.57,1.575545,0.978096,5.5691,0.1378
3876,-100,-80.0,40.0,2.25,8.5,-73.14,10.728,-100,79.13,25.05,1.601899,0.995694,5.5667,0.1153
3877,-100,-80.0,40.0,2.25,10.0,-73.28,11.9529,-100,79.61,24.47,1.6757,1.163536,6.8142,0.0879
3878,-100,-80.0,40.0,2.25,11.5,-73.1,13.0255,-100,79.89,24.13,1.719629,0.974567,4.3005,0.135
3879,-100,-80.0,40.0,2.25,13.0,-72.91,14.2173,-100,79.99,24.01,1.744468,1.029621,4.733,0.129
3880,-100,-80.0,40.0,2.5,1.0,-70.93,6.6505,-82,76.36,28.37,1.121959,0.817878,6.3064,0.1437
3881,-100,-80.0,40.0,2.5,2.5,-70.84,6.972,-92,77.24,27.31,1.29824,0.855893,5.325,0.127
3882,-100,-80.0,40.0,2.5,4.0,-70.63,8.3814,-92,77.7,26.76,1.266275,0.801717,3.9388,0.1577
3883,-100,-80.0,40.0,2.5,5.5,-70.43,9.0561,-100,78.14,26.22,1.327415,0.878762,5.1531,0.1396
3885,-100,-80.0,40.0,2.5,8.5,-70.34,10.9276,-100,77.08,27.51,1.336693,0.904298,6.327,0.1308
3884,-100,-80.0,40.0,2.5,7.0,-70.48,10.0884,-100,78.59,25.69,1.376492,0.841976,3.8042,0.1535
3886,-100,-80.0,40.0,2.5,10.0,-70.28,12.0586,-100,78.92,25.29,1.507165,0.927184,4.7413,0.1137
3887,-100,-80.0,40.0,2.5,11.5,-70.57,13.4045,-100,79.03,25.16,1.569841,1.127042,6.7478,0.1016
3888,-100,-80.0,40.0,2.5,13.0,-69.9,14.7242,-100,78.37,25.95,1.562135,1.004685,6.6739,0.1456
3891,-100,-80.0,40.0,2.75,4.0,-67.52,9.7687,-96,75.87,28.96,1.0565,0.745,5.067,0.1455
3890,-100,-80.0,40.0,2.75,2.5,-68.02,7.8009,-87,76.57,28.12,1.042562,0.714178,3.5012,0.1358
3889,-100,-80.0,40.0,2.75,1.0,-67.64,7.8847,-82,76.08,28.71,1.037309,0.680474,3.4032,0.1688
3892,-100,-80.0,40.0,2.75,5.5,-67.69,9.9991,-99,76.21,28.54,1.121342,0.716353,3.6884,0.1734
3893,-100,-80.0,40.0,2.75,7.0,-67.43,10.2856,-100,77.24,27.32,1.267744,1.029556,7.9461,0.1061
3894,-100,-80.0,40.0,2.75,8.5,-67.96,11.5771,-100,77.82,26.62,1.267195,0.863709,4.7772,0.121
3895,-100,-80.0,40.0,2.75,10.0,-67.72,12.827,-100,77.94,26.48,1.316361,0.846947,4.8909,0.136
3896,-100,-80.0,40.0,2.75,11.5,-67.24,13.6741,-100,77.57,26.91,1.371476,0.934177,5.0535,0.0987
3897,-100,-80.0,40.0,2.75,13.0,-67.52,15.0986,-100,78.84,25.38,1.460485,0.897246,3.8357,0.1465
3898,-100,-80.0,40.0,3.0,1.0,-64.69,8.8947,-81,77.01,27.58,1.072197,0.768066,5.1198,0.1437
3900,-100,-80.0,40.0,3.0,4.0,-64.59,9.0636,-89,76.36,28.37,1.053986,0.678802,3.5496,0.1823
3899,-100,-80.0,40.0,3.0,2.5,-64.32,8.9049,-84,75.97,28.83,0.963435,0.623835,3.1838,0.1714
3901,-100,-80.0,40.0,3.0,5.5,-65.07,10.4707,-95,77.15,27.42,1.094002,0.759823,4.7965,0.1342
3902,-100,-80.0,40.0,3.0,7.0,-65.17,10.746,-100,76.2,28.57,1.098637,0.713658,3.6056,0.1769
3903,-100,-80.0,40.0,3.0,8.5,-65.05,12.263,-100,77.91,26.51,1.236027,0.758878,3.3969,0.1727
3904,-100,-80.0,40.0,3.0,10.0,-64.48,13.566,-100,77.69,26.77,1.227463,0.763001,3.925,0.1559
3906,-100,-80.0,40.0,3.0,13.0,-64.3,15.7028,-100,79.0,25.21,1.477573,0.905479,4.7157,0.1453
3905,-100,-80.0,40.0,3.0,11.5,-65.03,14.3413,-100,76.87,27.75,1.242069,0.818428,5.143,0.1617
3907,-100,-80.0,40.0,3.25,1.0,-62.01,9.7734,-80,76.36,28.36,0.990113,0.619728,2.9172,0.1904
3908,-100,-80.0,40.0,3.25,2.5,-62.27,9.4005,-83,74.95,30.07,0.981761,0.67976,5.3934,0.1513
3909,-100,-80.0,40.0,3.25,4.0,-61.92,10.3033,-87,76.01,28.78,0.995952,0.65307,4.0292,0.1672
3910,-100,-80.0,40.0,3.25,5.5,-61.62,11.4175,-95,74.73,30.33,0.94793,0.678814,4.4987,0.1736
3912,-100,-80.0,40.0,3.25,8.5,-61.54,12.3793,-100,76.61,28.07,1.088462,0.716932,3.8456,0.1731
3911,-100,-80.0,40.0,3.25,7.0,-62.22,11.7024,-100,76.89,27.73,1.048499,0.679183,3.5894,0.1628
3913,-100,-80.0,40.0,3.25,10.0,-61.53,13.5413,-100,76.96,27.65,1.133284,0.680064,2.5693,0.1765
3914,-100,-80.0,40.0,3.25,11.5,-61.84,14.6404,-100,77.29,27.25,1.205259,0.854502,5.8532,0.1444
3915,-100,-80.0,40.0,3.25,13.0,-61.53,16.061,-100,77.64,26.83,1.222195,0.808765,4.6054,0.1351
3916,-100,-80.0,40.0,3.5,1.0,-59.3,10.5198,-79,76.75,27.9,1.034577,0.718047,5.0584,0.16
3917,-100,-80.0,40.0,3.5,2.5,-59.15,10.0354,-83,76.36,28.37,1.006246,0.652493,3.3957,0.1664
3918,-100,-80.0,40.0,3.5,4.0,-59.57,10.8041,-85,76.55,28.14,0.997377,0.677973,4.5296,0.1709
3919,-100,-80.0,40.0,3.5,5.5,-59.15,11.5872,-91,75.5,29.4,0.980839,0.628292,3.3629,0.1845
3920,-100,-80.0,40.0,3.5,7.0,-58.12,12.1324,-100,76.07,28.72,0.963687,0.624587,2.9454,0.1872
3921,-100,-80.0,40.0,3.5,8.5,-59.17,12.9781,-100,76.64,28.03,1.090317,0.670649,2.7988,0.185
3922,-100,-80.0,40.0,3.5,10.0,-58.85,13.9447,-100,76.18,28.57,1.040897,0.684714,3.9246,0.1509
3923,-100,-80.0,40.0,3.5,11.5,-58.91,14.9679,-100,76.74,27.91,1.107807,0.679506,2.7761,0.1788
3924,-100,-80.0,40.0,3.5,13.0,-58.55,16.3282,-100,77.2,27.37,1.158353,0.739998,3.8523,0.1525
3925,-100,-80.0,40.0,3.75,1.0,-56.34,11.217,-72,75.33,29.6,0.960835,0.645333,4.3595,0.1697
3927,-100,-80.0,40.0,3.75,4.0,-56.3,11.5364,-84,76.29,28.45,1.011286,0.61245,1.8748,0.1956
3926,-100,-80.0,40.0,3.75,2.5,-56.0,11.3892,-79,76.59,28.09,1.029179,0.633809,2.8409,0.1718
3928,-100,-80.0,40.0,3.75,5.5,-56.08,12.2427,-89,77.07,27.51,1.064357,0.776949,5.637,0.1317
3929,-100,-80.0,40.0,3.75,7.0,-56.11,12.8126,-100,76.31,28.43,0.97842,0.614282,2.8142,0.1937
3930,-100,-80.0,40.0,3.75,8.5,-56.22,14.1567,-99,76.96,27.66,1.061875,0.701763,3.9781,0.1639
3931,-100,-80.0,40.0,3.75,10.0,-56.17,14.9396,-100,76.1,28.67,1.00356,0.642373,3.3,0.1757
3932,-100,-80.0,40.0,3.75,11.5,-56.45,15.772,-100,77.09,27.49,1.094374,0.682763,3.1787,0.167
3933,-100,-80.0,40.0,3.75,13.0,-56.12,16.523,-100,76.93,27.69,1.127857,0.697917,3.3423,0.1443
3934,-100,-80.0,40.0,4.0,1.0,-53.17,11.3461,-72,76.53,28.17,0.995803,0.639866,3.1109,0.1763
3935,-100,-80.0,40.0,4.0,2.5,-52.99,11.981,-76,76.39,28.34,1.00867,0.636785,2.7746,0.1817
3936,-100,-80.0,40.0,4.0,4.0,-53.01,12.0227,-82,76.77,27.88,1.016151,0.62148,1.9937,0.1788
3937,-100,-80.0,40.0,4.0,5.5,-53.34,12.2999,-85,76.39,28.34,1.017708,0.616809,2.198,0.1959
3938,-100,-80.0,40.0,4.0,7.0,-53.14,13.9317,-94,75.96,28.86,0.953896,0.61484,3.4673,0.19
3939,-100,-80.0,40.0,4.0,8.5,-53.1,14.1876,-97,76.35,28.37,0.999732,0.627153,3.5699,0.1691
3940,-100,-80.0,40.0,4.0,10.0,-52.81,14.453,-100,76.6,28.08,1.057812,0.72388,4.6468,0.1496
3942,-100,-80.0,40.0,4.0,13.0,-53.12,17.226,-100,76.99,27.62,1.098062,0.720117,4.3809,0.1625
3941,-100,-80.0,40.0,4.0,11.5,-52.89,16.2182,-100,76.21,28.55,1.021225,0.663685,3.9074,0.1717
3943,-100,-80.0,40.0,4.25,1.0,-50.55,12.3525,-69,76.31,28.44,0.972072,0.647764,4.3227,0.1605
3944,-100,-80.0,40.0,4.25,2.5,-50.71,12.4187,-77,76.37,28.35,0.974845,0.620752,2.9843,0.1927
3945,-100,-80.0,40.0,4.25,4.0,-50.72,12.9122,-79,76.79,27.85,1.004032,0.63138,3.2496,0.1829
3946,-100,-80.0,40.0,4.25,5.5,-50.17,13.8651,-92,75.98,28.82,0.96047,0.602741,2.8418,0.1905
3948,-100,-80.0,40.0,4.25,8.5,-50.91,15.0144,-100,75.96,28.85,0.988952,0.634095,3.2397,0.1822
3947,-100,-80.0,40.0,4.25,7.0,-50.44,14.3251,-90,76.06,28.74,0.957276,0.623632,4.1019,0.1623
3949,-100,-80.0,40.0,4.25,10.0,-50.47,15.711,-100,75.61,29.26,0.947215,0.610352,2.8717,0.1786
3950,-100,-80.0,40.0,4.25,11.5,-50.49,16.7135,-100,76.36,28.36,0.988042,0.629914,2.8577,0.1889
3951,-100,-80.0,40.0,4.25,13.0,-50.53,17.5923,-100,76.56,28.12,1.070139,0.724132,5.4121,0.1587
3952,-100,-80.0,40.0,4.5,1.0,-47.91,12.8289,-69,75.97,28.83,0.966138,0.718959,6.0361,0.1494
3953,-100,-80.0,40.0,4.5,2.5,-47.57,13.0776,-75,76.33,28.4,0.965892,0.632803,3.4477,0.1676
3954,-100,-80.0,40.0,4.5,4.0,-46.9,13.263,-76,76.71,27.93,1.004886,0.630675,2.703,0.1684
3955,-100,-80.0,40.0,4.5,5.5,-47.5,14.2247,-83,75.99,28.81,0.986308,0.678783,4.7508,0.1546
3956,-100,-80.0,40.0,4.5,7.0,-47.46,14.8051,-90,76.66,28.0,1.042831,0.666436,3.6555,0.1748
3957,-100,-80.0,40.0,4.5,8.5,-47.34,15.6782,-93,76.79,27.84,1.107117,0.776767,6.0551,0.1518
3958,-100,-80.0,40.0,4.5,10.0,-47.38,16.1713,-96,76.06,28.74,1.015282,0.636745,3.5237,0.178
3960,-100,-80.0,40.0,4.5,13.0,-47.57,18.6002,-100,75.29,29.65,1.019781,0.745806,5.8199,0.1588
3959,-100,-80.0,40.0,4.5,11.5,-47.76,17.8437,-100,76.45,28.25,1.003573,0.658846,3.9767,0.1695
3961,-100,-80.0,40.0,4.75,1.0,-45.24,14.2968,-65,76.48,28.22,0.961072,0.632609,3.3236,0.169
3962,-100,-80.0,40.0,4.75,2.5,-44.83,13.5634,-70,76.11,28.67,0.959829,0.608963,2.5385,0.1902
3963,-100,-80.0,40.0,4.75,4.0,-44.58,14.2136,-75,76.14,28.63,1.001818,0.635931,3.4653,0.1669
3964,-100,-80.0,40.0,4.75,5.5,-44.65,14.3464,-79,76.29,28.46,0.991989,0.632467,3.4244,0.1764
3965,-100,-80.0,40.0,4.75,7.0,-44.21,15.3884,-83,75.88,28.94,0.946564,0.592909,2.8727,0.1816
3966,-100,-80.0,40.0,4.75,8.5,-44.92,16.3788,-94,76.27,28.48,0.968506,0.619995,3.5778,0.1773
3967,-100,-80.0,40.0,4.75,10.0,-44.69,17.3709,-97,76.18,28.6,0.999182,0.633746,3.237,0.1839
3968,-100,-80.0,40.0,4.75,11.5,-44.26,18.0693,-100,76.01,28.78,0.994226,0.655449,4.1209,0.1865
3969,-100,-80.0,40.0,4.75,13.0,-44.83,18.9392,-100,76.46,28.24,1.016289,0.653608,3.8733,0.1838
3970,-100,-80.0,40.0,5.0,1.0,-41.57,14.3003,-64,75.83,29.01,0.950889,0.63501,3.7337,0.1833
3971,-100,-80.0,40.0,5.0,2.5,-41.89,14.6185,-65,76.31,28.43,0.958381,0.649903,4.0592,0.1556
3972,-100,-80.0,40.0,5.0,4.0,-42.19,15.3527,-75,76.24,28.51,0.976985,0.590787,1.3968,0.2157
3979,-100,-80.0,50.0,1.0,1.0,-85.06,2.183,-90,98.81,1.42,2.709684,1.304638,3.6298,0.0
3973,-100,-80.0,40.0,5.0,5.5,-41.64,15.3825,-76,75.68,29.18,0.930629,0.599522,3.0541,0.184
3980,-100,-80.0,50.0,1.0,2.5,-86.39,3.7648,-94,96.52,4.17,2.30361,1.818144,7.6464,0.0001
3974,-100,-80.0,40.0,5.0,7.0,-41.3,16.0516,-84,75.16,29.81,0.920847,0.587172,2.8947,0.1757
3975,-100,-80.0,40.0,5.0,8.5,-41.6,16.9898,-89,75.36,29.57,0.955073,0.632598,4.3025,0.1845
3981,-100,-80.0,50.0,1.0,4.0,-86.45,4.9913,-100,94.73,6.33,2.819204,1.606014,5.8437,0.0023
3976,-100,-80.0,40.0,5.0,10.0,-41.56,16.8142,-100,76.09,28.69,0.949242,0.623755,3.5409,0.1597
3982,-100,-80.0,50.0,1.0,5.5,-86.53,5.8833,-100,92.58,8.9,2.735712,1.509052,5.5207,0.0148
3977,-100,-80.0,40.0,5.0,11.5,-41.82,17.4345,-100,76.06,28.72,1.017403,0.649255,3.8209,0.1721
3983,-100,-80.0,50.0,1.0,7.0,-86.64,7.4851,-100,91.38,10.34,2.735648,1.761341,6.0938,0.0289
3978,-100,-80.0,40.0,5.0,13.0,-41.64,19.2244,-100,76.04,28.75,0.985987,0.627595,3.184,0.175
3984,-100,-80.0,50.0,1.0,8.5,-85.62,8.4676,-100,87.68,14.79,2.428763,1.280797,6.8557,0.0394
3985,-100,-80.0,50.0,1.0,10.0,-86.05,9.7137,-100,87.46,15.04,2.508528,1.248572,5.6183,0.0607
3986,-100,-80.0,50.0,1.0,11.5,-84.83,10.7385,-100,86.14,16.64,2.537331,0.993192,3.7408,0.0915
3988,-100,-80.0,50.0,1.25,1.0,-83.27,2.3054,-91,92.9,8.52,1.796994,1.84124,11.4863,0.0004
3987,-100,-80.0,50.0,1.0,13.0,-85.05,11.4858,-100,85.42,17.49,2.444348,0.980768,3.6622,0.0978
3989,-100,-80.0,50.0,1.25,2.5,-83.64,3.9219,-95,90.69,11.17,1.639346,1.528799,13.5039,0.0017
3990,-100,-80.0,50.0,1.25,4.0,-83.42,5.5388,-100,88.71,13.54,2.04104,1.723817,11.3936,0.0059
3991,-100,-80.0,50.0,1.25,5.5,-84.03,6.7255,-100,88.11,14.26,2.361811,1.563754,9.7514,0.0342
3993,-100,-80.0,50.0,1.25,8.5,-83.12,9.3961,-100,85.04,17.95,2.266919,1.443086,8.3124,0.0527
3992,-100,-80.0,50.0,1.25,7.0,-83.06,7.8978,-100,85.61,17.27,2.257195,1.410362,8.5318,0.0561
3994,-100,-80.0,50.0,1.25,10.0,-83.28,10.3686,-100,85.09,17.89,2.391907,1.600949,7.9812,0.0559
3995,-100,-80.0,50.0,1.25,11.5,-82.84,11.4479,-100,83.57,19.72,2.242883,1.559025,10.295,0.0784
3996,-100,-80.0,50.0,1.25,13.0,-82.22,12.7027,-100,82.96,20.45,2.222794,1.164513,6.6299,0.099
3997,-100,-80.0,50.0,1.5,1.0,-80.04,3.6075,-88,83.4,19.92,1.426765,1.409176,16.1896,0.0017
3998,-100,-80.0,50.0,1.5,2.5,-80.49,4.9693,-93,83.44,19.87,1.528589,1.405387,15.1051,0.0114
3999,-100,-80.0,50.0,1.5,4.0,-80.14,6.0536,-100,83.35,19.98,1.932306,1.654574,10.5385,0.0399
4000,-100,-80.0,50.0,1.5,5.5,-80.26,6.9791,-100,83.46,19.84,2.134891,1.377814,8.9796,0.0567
4001,-100,-80.0,50.0,1.5,7.0,-80.36,8.3193,-100,82.6,20.89,1.990802,1.533226,10.6786,0.0554
4002,-100,-80.0,50.0,1.5,8.5,-80.27,9.2905,-100,82.8,20.64,2.14382,1.387487,7.8258,0.0654
4003,-100,-80.0,50.0,1.5,10.0,-79.67,10.8651,-100,81.97,21.63,2.076403,1.226364,7.0663,0.0987
4004,-100,-80.0,50.0,1.5,11.5,-79.55,12.0056,-100,81.35,22.39,2.055852,1.341744,8.5004,0.1097
4005,-100,-80.0,50.0,1.5,13.0,-79.51,13.0426,-100,81.32,22.41,2.038277,1.211743,7.2373,0.1066
4006,-100,-80.0,50.0,1.75,1.0,-77.38,5.0584,-87,79.38,24.74,1.377085,1.082284,12.4814,0.0128
4007,-100,-80.0,50.0,1.75,2.5,-77.18,5.2015,-92,80.22,23.75,1.638179,1.145673,9.541,0.0223
4008,-100,-80.0,50.0,1.75,4.0,-77.8,6.4056,-99,80.23,23.72,1.682195,1.348585,10.8378,0.0411
4009,-100,-80.0,50.0,1.75,5.5,-77.72,7.2018,-100,81.08,22.7,1.848646,1.36967,8.95,0.0788
4010,-100,-80.0,50.0,1.75,7.0,-77.33,8.7396,-100,81.29,22.45,1.909376,1.098268,6.0573,0.0859
4011,-100,-80.0,50.0,1.75,8.5,-77.36,9.913,-100,82.31,21.22,2.159684,1.46756,7.4373,0.0927
4012,-100,-80.0,50.0,1.75,10.0,-76.74,11.1351,-100,81.25,22.5,1.90968,1.261505,7.4905,0.0992
4013,-100,-80.0,50.0,1.75,11.5,-77.25,12.5214,-100,80.81,23.03,1.936311,1.406907,8.6277,0.0918
4014,-100,-80.0,50.0,1.75,13.0,-76.57,13.5676,-100,79.63,24.44,1.830757,1.145089,7.263,0.1271
4016,-100,-80.0,50.0,2.0,2.5,-74.37,6.2716,-91,77.88,26.55,1.365122,1.003835,6.825,0.0804
4017,-100,-80.0,50.0,2.0,4.0,-74.43,6.9239,-96,78.29,26.05,1.377438,1.044239,7.7208,0.1006
4015,-100,-80.0,50.0,2.0,1.0,-74.45,5.7386,-85,77.51,26.99,1.243559,0.998323,8.9206,0.0487
4018,-100,-80.0,50.0,2.0,5.5,-74.33,8.0681,-100,78.99,25.21,1.534246,1.146107,8.0248,0.0874
4019,-100,-80.0,50.0,2.0,7.0,-73.99,8.9553,-100,79.94,24.08,1.676248,1.059634,5.1406,0.1082
4020,-100,-80.0,50.0,2.0,8.5,-74.24,10.3151,-100,79.89,24.13,1.730527,1.043499,5.7804,0.1318
4021,-100,-80.0,50.0,2.0,10.0,-74.33,11.6699,-100,79.71,24.35,1.726201,1.223487,7.0551,0.0893
4022,-100,-80.0,50.0,2.0,11.5,-73.99,12.7315,-100,80.31,23.62,1.760879,1.01186,4.9874,0.1255
4023,-100,-80.0,50.0,2.0,13.0,-73.88,13.7727,-100,79.65,24.43,1.735103,0.973132,4.8454,0.1583
4025,-100,-80.0,50.0,2.25,2.5,-71.31,6.8826,-88,76.89,27.74,1.182543,0.816175,4.7706,0.1211
4026,-100,-80.0,50.0,2.25,4.0,-71.67,7.5965,-95,77.53,26.95,1.319388,0.907992,5.0867,0.1229
4024,-100,-80.0,50.0,2.25,1.0,-71.18,6.0349,-82,77.06,27.53,1.084874,0.72752,4.2219,0.1582
4028,-100,-80.0,50.0,2.25,7.0,-71.12,9.394,-100,77.44,27.08,1.306516,0.916892,6.5141,0.1402
4027,-100,-80.0,50.0,2.25,5.5,-71.38,8.7949,-99,78.28,26.06,1.383165,0.882396,4.3128,0.1118
4029,-100,-80.0,50.0,2.25,8.5,-70.77,10.8747,-100,78.65,25.63,1.419651,1.066304,7.1074,0.1202
4031,-100,-80.0,50.0,2.25,11.5,-70.96,12.9554,-100,79.8,24.25,1.586846,0.998955,5.7292,0.1158
4030,-100,-80.0,50.0,2.25,10.0,-71.18,11.7482,-100,78.68,25.58,1.516993,0.962738,5.0107,0.1251
4032,-100,-80.0,50.0,2.25,13.0,-70.82,14.5947,-100,79.77,24.28,1.633284,1.132219,7.0854,0.1096
4033,-100,-80.0,50.0,2.5,1.0,-68.0,7.2605,-81,76.21,28.55,1.009654,0.625514,2.6739,0.1779
4035,-100,-80.0,50.0,2.5,4.0,-67.88,8.4145,-94,77.07,27.52,1.100725,0.762541,5.1164,0.158
4034,-100,-80.0,50.0,2.5,2.5,-68.2,7.9863,-88,76.77,27.88,1.092503,0.728496,4.0112,0.1579
4038,-100,-80.0,50.0,2.5,8.5,-68.03,11.1152,-100,77.32,27.23,1.258646,0.858701,5.1813,0.1313
4037,-100,-80.0,50.0,2.5,7.0,-67.82,9.9558,-100,77.18,27.38,1.201587,0.780933,4.3145,0.1468
4036,-100,-80.0,50.0,2.5,5.5,-67.52,9.5209,-98,77.79,26.65,1.232341,0.913525,6.1798,0.1263
4040,-100,-80.0,50.0,2.5,11.5,-67.39,13.4495,-100,77.98,26.43,1.384124,1.106996,7.639,0.098
4039,-100,-80.0,50.0,2.5,10.0,-67.72,12.4993,-100,77.39,27.14,1.316599,0.908883,5.5261,0.1254
4041,-100,-80.0,50.0,2.5,13.0,-67.88,14.7431,-100,78.47,25.84,1.542662,0.982951,5.8691,0.155
4042,-100,-80.0,50.0,2.75,1.0,-64.81,8.3134,-80,76.28,28.46,0.997625,0.814419,6.3191,0.1346
4043,-100,-80.0,50.0,2.75,2.5,-65.4,8.871,-86,77.29,27.25,1.113687,0.763881,4.9159,0.1406
4044,-100,-80.0,50.0,2.75,4.0,-64.93,8.9723,-87,76.57,28.11,1.001074,0.640337,3.4037,0.1779
4045,-100,-80.0,50.0,2.75,5.5,-65.43,9.8137,-95,76.61,28.06,1.054102,0.672653,2.8783,0.1812
4046,-100,-80.0,50.0,2.75,7.0,-64.76,10.4415,-100,75.68,29.19,1.069451,0.71612,4.045,0.1775
4047,-100,-80.0,50.0,2.75,8.5,-64.9,11.4983,-100,77.04,27.56,1.163918,0.73442,3.792,0.1785
4049,-100,-80.0,50.0,2.75,11.5,-65.08,14.1451,-100,77.7,26.76,1.32135,0.854462,4.8512,0.1621
4048,-100,-80.0,50.0,2.75,10.0,-64.65,12.9297,-100,77.66,26.81,1.25358,0.821307,4.7034,0.1509
4050,-100,-80.0,50.0,2.75,13.0,-64.64,15.1694,-100,77.53,26.96,1.297167,0.840236,4.6541,0.1347
4051,-100,-80.0,50.0,3.0,1.0,-62.33,8.9603,-80,76.7,27.96,1.047861,0.654846,2.7042,0.1754
4053,-100,-80.0,50.0,3.0,4.0,-62.35,9.5777,-90,76.94,27.66,1.014077,0.671106,3.4568,0.1524
4052,-100,-80.0,50.0,3.0,2.5,-62.09,8.8474,-81,76.22,28.54,1.003267,0.612678,2.2509,0.2064
4054,-100,-80.0,50.0,3.0,5.5,-62.0,10.3088,-97,76.67,28.0,1.035072,0.709612,4.3662,0.1574
4055,-100,-80.0,50.0,3.0,7.0,-62.13,10.759,-98,76.41,28.3,1.057897,0.766526,5.2218,0.1382
4056,-100,-80.0,50.0,3.0,8.5,-61.55,12.3363,-100,77.07,27.53,1.106856,0.679211,3.3229,0.1784
4057,-100,-80.0,50.0,3.0,10.0,-61.96,13.261,-100,77.17,27.4,1.179338,0.773484,4.6124,0.1663
4059,-100,-80.0,50.0,3.0,13.0,-61.33,15.8134,-100,77.8,26.65,1.223258,0.735529,3.0682,0.1605
4058,-100,-80.0,50.0,3.0,11.5,-62.33,14.9026,-100,77.8,26.64,1.258559,0.780203,4.0817,0.1648
4060,-100,-80.0,50.0,3.25,1.0,-59.38,9.0944,-77,75.93,28.88,0.964626,0.603298,2.2324,0.2056
4061,-100,-80.0,50.0,3.25,2.5,-58.99,9.618,-82,75.62,29.24,0.983866,0.623096,2.6617,0.1989
4062,-100,-80.0,50.0,3.25,4.0,-58.26,10.4602,-87,76.6,28.07,1.062981,0.677505,3.8728,0.1754
4063,-100,-80.0,50.0,3.25,5.5,-59.35,11.3095,-94,76.89,27.74,1.064755,0.708644,4.5241,0.1601
4065,-100,-80.0,50.0,3.25,8.5,-58.42,12.6249,-100,76.32,28.4,1.028423,0.653163,3.1337,0.1726
4064,-100,-80.0,50.0,3.25,7.0,-58.84,11.7394,-97,76.41,28.31,1.018657,0.666404,3.6151,0.173
4066,-100,-80.0,50.0,3.25,10.0,-58.46,13.8965,-100,77.06,27.53,1.122609,0.805251,5.6685,0.1242
4067,-100,-80.0,50.0,3.25,11.5,-58.59,14.581,-100,77.01,27.59,1.112981,0.662848,2.5367,0.1928
4068,-100,-80.0,50.0,3.25,13.0,-58.48,15.9659,-100,77.43,27.09,1.169269,0.774499,4.6794,0.1565
4069,-100,-80.0,50.0,3.5,1.0,-55.51,9.506,-72,75.9,28.93,1.002959,0.664428,4.5293,0.1634
4070,-100,-80.0,50.0,3.5,2.5,-56.0,10.3576,-79,75.81,29.02,0.936265,0.599947,3.3374,0.1845
4071,-100,-80.0,50.0,3.5,4.0,-55.66,10.643,-82,76.08,28.71,0.964724,0.626256,3.1492,0.1862
4074,-100,-80.0,50.0,3.5,8.5,-55.98,14.0227,-100,76.88,27.74,1.081789,0.740917,5.0681,0.1599
4073,-100,-80.0,50.0,3.5,7.0,-55.25,12.3284,-94,76.26,28.48,1.027111,0.680477,4.0865,0.1824
4072,-100,-80.0,50.0,3.5,5.5,-55.73,11.3148,-92,76.54,28.15,1.018357,0.626304,2.6423,0.1857
4076,-100,-80.0,50.0,3.5,11.5,-55.53,15.5244,-100,76.42,28.3,1.078736,0.685547,3.6663,0.1758
4075,-100,-80.0,50.0,3.5,10.0,-55.43,14.9879,-100,76.61,28.07,1.122802,0.802625,6.306,0.152
4077,-100,-80.0,50.0,3.5,13.0,-55.95,16.3295,-100,76.69,27.97,1.101144,0.71884,4.4455,0.1375
4078,-100,-80.0,50.0,3.75,1.0,-52.83,10.9474,-72,76.33,28.4,0.988971,0.671906,4.0809,0.1652
4079,-100,-80.0,50.0,3.75,2.5,-53.09,11.8219,-77,76.19,28.59,0.947217,0.622912,3.4824,0.1698
4080,-100,-80.0,50.0,3.75,4.0,-53.01,11.5183,-80,76.02,28.77,0.957813,0.650792,4.0319,0.1644
4081,-100,-80.0,50.0,3.75,5.5,-52.8,11.744,-85,76.31,28.43,1.017504,0.668184,4.0595,0.1698
4083,-100,-80.0,50.0,3.75,8.5,-52.39,13.9344,-96,75.67,29.19,0.947618,0.640025,4.3345,0.1807
4082,-100,-80.0,50.0,3.75,7.0,-52.69,12.5465,-91,76.83,27.8,1.040459,0.663768,3.6842,0.1688
4085,-100,-80.0,50.0,3.75,11.5,-52.23,15.4283,-100,76.23,28.53,0.98223,0.657792,4.3348,0.1657
4084,-100,-80.0,50.0,3.75,10.0,-52.32,14.8443,-100,75.61,29.27,0.958469,0.627834,3.5363,0.1745
4086,-100,-80.0,50.0,3.75,13.0,-52.78,16.4311,-100,76.22,28.53,1.063685,0.718527,5.1839,0.1582
4087,-100,-80.0,50.0,4.0,1.0,-49.54,11.9491,-69,76.0,28.81,1.013716,0.644911,3.6497,0.1881
4088,-100,-80.0,50.0,4.0,2.5,-49.58,11.0567,-73,75.9,28.92,0.946889,0.595285,2.3119,0.2119
4089,-100,-80.0,50.0,4.0,4.0,-48.88,11.5714,-78,75.86,28.96,0.948656,0.595736,2.5989,0.1934
4090,-100,-80.0,50.0,4.0,5.5,-49.78,12.9151,-84,75.47,29.44,0.959284,0.616951,3.2376,0.1921
4091,-100,-80.0,50.0,4.0,7.0,-49.17,13.5284,-90,76.65,28.02,1.012967,0.647277,3.0336,0.1886
4092,-100,-80.0,50.0,4.0,8.5,-49.64,14.3279,-94,76.18,28.58,0.948888,0.632392,3.8311,0.1627
4093,-100,-80.0,50.0,4.0,10.0,-49.5,15.5856,-100,76.85,27.77,1.021404,0.654952,3.6555,0.1548
4094,-100,-80.0,50.0,4.0,11.5,-49.84,16.0365,-100,77.25,27.29,1.046998,0.64596,2.9959,0.1835
4095,-100,-80.0,50.0,4.0,13.0,-49.36,17.4467,-100,76.12,28.66,0.980683,0.640863,3.7703,0.1856
4096,-100,-80.0,50.0,4.25,1.0,-46.43,11.4315,-66,75.45,29.45,0.956399,0.626015,3.6567,0.1845
4098,-100,-80.0,50.0,4.25,4.0,-46.36,12.6755,-74,76.21,28.54,0.962066,0.595724,2.4657,0.1875
4097,-100,-80.0,50.0,4.25,2.5,-46.65,12.1149,-70,76.17,28.6,0.982291,0.645998,3.9892,0.1534
4099,-100,-80.0,50.0,4.25,5.5,-46.31,13.4831,-80,76.3,28.45,0.985223,0.636692,4.024,0.1724
4101,-100,-80.0,50.0,4.25,8.5,-46.13,14.7957,-96,76.01,28.78,0.95761,0.596466,2.457,0.1981
4100,-100,-80.0,50.0,4.25,7.0,-46.2,13.2681,-92,75.91,28.91,0.952579,0.614123,3.3838,0.1725
4102,-100,-80.0,50.0,4.25,10.0,-46.38,15.7315,-98,76.33,28.4,0.987882,0.674997,4.8353,0.1481
4103,-100,-80.0,50.0,4.25,11.5,-45.88,16.7356,-100,75.69,29.17,0.948227,0.617086,3.5533,0.1671
4104,-100,-80.0,50.0,4.25,13.0,-45.58,17.8244,-100,76.61,28.07,1.013676,0.658162,3.7253,0.1695
4105,-100,-80.0,50.0,4.5,1.0,-43.18,13.773,-64,75.71,29.15,0.977477,0.624425,3.5385,0.1854
4106,-100,-80.0,50.0,4.5,2.5,-43.35,12.4317,-68,75.87,28.95,0.954678,0.618771,3.5641,0.176
4107,-100,-80.0,50.0,4.5,4.0,-42.61,13.7462,-78,76.43,28.3,1.055793,0.701103,4.4106,0.1777
4108,-100,-80.0,50.0,4.5,5.5,-43.63,13.7986,-80,76.29,28.46,1.005192,0.633179,3.2149,0.173
4110,-100,-80.0,50.0,4.5,8.5,-42.6,15.5873,-87,76.54,28.16,1.006178,0.643552,2.8582,0.1589
4109,-100,-80.0,50.0,4.5,7.0,-42.61,14.7372,-82,75.4,29.51,0.967041,0.611576,3.4011,0.1909
4112,-100,-80.0,50.0,4.5,11.5,-43.48,17.5703,-100,75.14,29.83,0.973853,0.64371,3.729,0.1863
4113,-100,-80.0,50.0,4.5,13.0,-43.58,18.2953,-100,75.94,28.87,1.014088,0.675633,4.0054,0.172
4111,-100,-80.0,50.0,4.5,10.0,-42.8,16.7147,-98,76.35,28.38,1.029557,0.676827,4.236,0.1683
4114,-100,-80.0,50.0,4.75,1.0,-39.77,14.4772,-64,76.26,28.49,0.989111,0.693362,5.2051,0.1523
4115,-100,-80.0,50.0,4.75,2.5,-39.9,14.134,-64,76.01,28.78,0.983082,0.641864,4.0392,0.1685
4116,-100,-80.0,50.0,4.75,4.0,-40.19,15.3597,-75,77.06,27.52,1.065113,0.792786,5.9847,0.1208
4117,-100,-80.0,50.0,4.75,5.5,-40.36,14.367,-77,76.25,28.5,1.045826,0.740576,5.2247,0.1458
4118,-100,-80.0,50.0,4.75,7.0,-39.81,15.2228,-83,75.78,29.08,0.946392,0.602948,2.5224,0.1946
4119,-100,-80.0,50.0,4.75,8.5,-39.84,15.8611,-89,75.56,29.33,0.950052,0.591013,2.1717,0.2037
4120,-100,-80.0,50.0,4.75,10.0,-39.83,16.5442,-95,76.23,28.53,0.970573,0.621323,2.9799,0.1725
4121,-100,-80.0,50.0,4.75,11.5,-39.92,17.6594,-96,76.28,28.47,1.025145,0.651075,3.2125,0.1653
4122,-100,-80.0,50.0,4.75,13.0,-40.1,18.696,-100,75.46,29.45,0.994289,0.694725,5.0604,0.1487
4123,-100,-80.0,50.0,5.0,1.0,-37.52,14.3345,-60,76.15,28.63,0.958781,0.611923,2.784,0.1803
4124,-100,-80.0,50.0,5.0,2.5,-36.65,14.5166,-65,76.34,28.39,0.975607,0.616111,3.0172,0.1687
4125,-100,-80.0,50.0,5.0,4.0,-36.83,14.9652,-67,76.25,28.5,0.999461,0.692078,4.5739,0.184
4126,-100,-80.0,50.0,5.0,5.5,-37.24,15.4906,-74,76.18,28.58,0.983019,0.64529,3.8942,0.1731
4133,-100,-75.0,30.0,1.0,2.5,-85.34,3.0291,-91,99.94,0.07,3.165945,0.902016,0.1817,0.0
4132,-100,-75.0,30.0,1.0,1.0,-84.75,1.633,-87,100.0,0.0,2.126373,1.107692,0.01,0.0
4134,-100,-75.0,30.0,1.0,4.0,-87.16,4.2835,-96,99.68,0.38,2.612579,0.963796,0.7738,0.0
4127,-100,-80.0,50.0,5.0,7.0,-36.6,15.9256,-79,75.85,28.98,0.982367,0.634338,3.5986,0.1743
4128,-100,-80.0,50.0,5.0,8.5,-37.03,16.8585,-83,76.18,28.59,0.971828,0.616264,2.8408,0.1746
4135,-100,-75.0,30.0,1.0,5.5,-88.81,6.1088,-100,98.46,1.85,2.169767,1.076214,2.9891,0.0003
4129,-100,-80.0,50.0,5.0,10.0,-36.66,17.6809,-91,76.37,28.36,0.943085,0.58456,2.1438,0.1981
4136,-100,-75.0,30.0,1.0,7.0,-87.53,7.2917,-100,96.68,3.99,2.604503,1.232239,3.5948,0.0021
4137,-100,-75.0,30.0,1.0,8.5,-87.62,8.405,-100,95.24,5.7,2.498928,1.410305,4.13,0.0105
4130,-100,-80.0,50.0,5.0,11.5,-36.89,18.8375,-94,75.7,29.16,1.011279,0.636484,3.6868,0.1884
4131,-100,-80.0,50.0,5.0,13.0,-36.66,19.016,-100,76.13,28.65,0.972514,0.606243,2.3614,0.2039
4141,-100,-75.0,30.0,1.25,1.0,-80.94,1.5765,-84,99.62,0.46,3.040306,1.152207,1.2507,0.0
4142,-100,-75.0,30.0,1.25,2.5,-84.54,2.9102,-92,99.54,0.56,3.63723,0.946882,1.1599,0.0
4138,-100,-75.0,30.0,1.0,10.0,-87.38,9.4804,-100,93.24,8.11,2.405258,0.971432,4.8586,0.0212
4139,-100,-75.0,30.0,1.0,11.5,-86.97,10.3785,-100,91.8,9.84,2.533998,0.944523,4.27,0.0265
4140,-100,-75.0,30.0,1.0,13.0,-86.56,11.4402,-100,90.36,11.57,2.468791,1.076123,4.9535,0.0465
4143,-100,-75.0,30.0,1.25,4.0,-86.25,4.5807,-100,98.61,1.67,3.226886,1.13457,2.5625,0.0
4144,-100,-75.0,30.0,1.25,5.5,-85.47,6.4251,-100,96.9,3.72,3.015064,1.115747,3.9836,0.0009
4145,-100,-75.0,30.0,1.25,7.0,-85.59,7.5175,-100,95.41,5.51,3.027906,1.585635,3.6972,0.0061
4146,-100,-75.0,30.0,1.25,8.5,-85.3,9.137,-100,92.66,8.81,2.699193,1.091738,5.3464,0.0222
4150,-100,-75.0,30.0,1.5,1.0,-80.2,1.8798,-85,98.85,1.38,3.009617,1.416999,3.0704,0.0
4151,-100,-75.0,30.0,1.5,2.5,-81.79,3.3405,-89,97.72,2.74,2.780754,1.338199,4.8026,0.0
4147,-100,-75.0,30.0,1.25,10.0,-85.53,9.8149,-100,91.42,10.29,2.678881,0.955343,4.3864,0.0367
4148,-100,-75.0,30.0,1.25,11.5,-85.26,10.9044,-100,90.38,11.54,2.731934,1.036064,4.1389,0.0398
4152,-100,-75.0,30.0,1.5,4.0,-83.27,4.9239,-96,95.92,4.9,2.838391,1.879989,6.1813,0.0001
4149,-100,-75.0,30.0,1.25,13.0,-84.37,12.0221,-100,88.83,13.41,2.523433,1.203864,5.3596,0.0531
4153,-100,-75.0,30.0,1.5,5.5,-83.42,6.9213,-100,92.8,8.64,1.815899,1.952094,11.6023,0.0021
4154,-100,-75.0,30.0,1.5,7.0,-83.44,8.315,-100,91.69,9.98,2.34312,1.532103,8.974,0.0066
4155,-100,-75.0,30.0,1.5,8.5,-83.16,9.6463,-100,89.8,12.24,2.432018,1.335765,7.7687,0.028
4156,-100,-75.0,30.0,1.5,10.0,-83.31,10.268,-100,89.6,12.48,2.594737,1.141022,5.539,0.04
4157,-100,-75.0,30.0,1.5,11.5,-82.78,11.5177,-100,87.57,14.92,2.412052,1.152932,5.8124,0.0425
4158,-100,-75.0,30.0,1.5,13.0,-82.43,12.6226,-100,87.26,15.28,2.461959,1.316647,6.282,0.0573
4159,-100,-75.0,30.0,1.75,1.0,-78.64,2.7707,-87,92.26,9.29,0.883805,0.925092,15.5981,0.0
4160,-100,-75.0,30.0,1.75,2.5,-79.74,4.834,-90,92.37,9.16,1.412731,1.501293,14.3303,0.0
4161,-100,-75.0,30.0,1.75,4.0,-80.33,5.7208,-98,90.09,11.89,1.803376,1.420887,12.7816,0.0007
4162,-100,-75.0,30.0,1.75,5.5,-81.3,7.5989,-100,90.37,11.55,2.039139,1.780568,12.7589,0.007
4163,-100,-75.0,30.0,1.75,7.0,-81.33,8.7234,-100,89.67,12.39,2.485633,1.596703,9.6609,0.0252
4164,-100,-75.0,30.0,1.75,8.5,-80.62,10.1311,-100,87.44,15.07,2.252221,1.785793,11.6283,0.0198
4165,-100,-75.0,30.0,1.75,10.0,-80.58,11.3625,-100,86.8,15.84,2.428336,1.421451,8.6474,0.0565
4166,-100,-75.0,30.0,1.75,11.5,-80.73,12.3007,-100,86.47,16.23,2.508334,1.202397,6.2792,0.0498
4167,-100,-75.0,30.0,1.75,13.0,-80.22,13.221,-100,85.67,17.2,2.476442,1.315441,6.7284,0.0765
4168,-100,-75.0,30.0,2.0,1.0,-76.96,3.3612,-85,86.93,15.69,0.799597,1.121085,20.3915,0.0
4169,-100,-75.0,30.0,2.0,2.5,-78.61,4.8665,-91,88.37,13.95,1.39206,1.389438,16.1411,0.0001
4170,-100,-75.0,30.0,2.0,4.0,-78.97,6.703,-98,88.62,13.66,1.691317,1.621094,14.5869,0.0026
4171,-100,-75.0,30.0,2.0,5.5,-78.75,7.7487,-100,87.48,15.02,2.139973,1.527449,10.9195,0.0125
4172,-100,-75.0,30.0,2.0,7.0,-78.44,8.7078,-100,84.95,18.06,1.971023,1.789446,12.9183,0.0304
4173,-100,-75.0,30.0,2.0,8.5,-79.07,10.3227,-100,85.97,16.83,2.272702,1.476277,9.5155,0.0405
4174,-100,-75.0,30.0,2.0,10.0,-77.83,11.8347,-100,83.6,19.69,2.057498,1.426679,10.9508,0.0573
4175,-100,-75.0,30.0,2.0,11.5,-77.79,12.2274,-100,83.77,19.48,2.295836,1.466028,7.9013,0.0661
4176,-100,-75.0,30.0,2.0,13.0,-77.64,13.405,-100,84.3,18.84,2.350419,1.268182,6.1491,0.0546
4177,-100,-75.0,30.0,2.25,1.0,-75.19,5.5134,-85,85.34,17.6,1.180086,0.942493,16.6892,0.0
4178,-100,-75.0,30.0,2.25,2.5,-76.39,5.7811,-89,84.55,18.53,1.25892,1.195186,17.2873,0.0003
4179,-100,-75.0,30.0,2.25,4.0,-76.34,7.0433,-96,85.79,17.05,1.814028,1.419248,12.4978,0.0123
4180,-100,-75.0,30.0,2.25,5.5,-76.11,8.7665,-100,83.12,20.25,1.714674,1.313902,13.2389,0.0287
4181,-100,-75.0,30.0,2.25,7.0,-75.99,9.2938,-100,84.27,18.88,2.139745,1.557343,9.4915,0.0358
4184,-100,-75.0,30.0,2.25,11.5,-76.44,13.2653,-100,83.14,20.23,2.177362,1.557281,9.1073,0.0706
4182,-100,-75.0,30.0,2.25,8.5,-76.46,10.8799,-100,83.32,20.02,2.054717,1.572396,11.5077,0.0434
4183,-100,-75.0,30.0,2.25,10.0,-75.95,12.1529,-100,82.91,20.51,2.132182,1.420009,9.1949,0.0671
4185,-100,-75.0,30.0,2.25,13.0,-75.78,14.4599,-100,83.2,20.16,2.207284,1.429324,8.6658,0.0703
4186,-100,-75.0,30.0,2.5,1.0,-73.36,5.5225,-83,80.83,23.01,1.163786,1.021878,16.6546,0.001
4187,-100,-75.0,30.0,2.5,2.5,-73.46,6.3781,-89,81.46,22.26,1.390031,1.198731,14.8189,0.0017
4188,-100,-75.0,30.0,2.5,4.0,-74.08,8.0309,-94,81.67,22.0,1.534594,1.356531,14.2346,0.0042
4190,-100,-75.0,30.0,2.5,7.0,-73.44,9.9654,-100,80.95,22.86,1.762364,1.30772,11.3346,0.0506
4189,-100,-75.0,30.0,2.5,5.5,-73.35,8.8751,-99,81.36,22.36,1.773991,1.422775,11.4459,0.0365
4191,-100,-75.0,30.0,2.5,8.5,-73.46,11.6056,-100,81.06,22.73,1.898519,1.416963,10.3068,0.0718
4192,-100,-75.0,30.0,2.5,10.0,-73.6,12.6719,-100,82.25,21.3,2.046997,1.247623,7.3494,0.1059
4193,-100,-75.0,30.0,2.5,11.5,-73.09,14.0636,-100,81.6,22.09,1.966609,1.327249,8.8297,0.0883
4194,-100,-75.0,30.0,2.5,13.0,-72.84,14.9513,-100,81.87,21.76,1.965134,1.417113,8.5766,0.0715
4195,-100,-75.0,30.0,2.75,1.0,-70.49,7.0822,-82,77.88,26.54,1.128538,1.027612,15.9633,0.0067
4196,-100,-75.0,30.0,2.75,2.5,-70.8,7.8485,-87,79.65,24.43,1.501149,1.097963,10.2778,0.0138
4197,-100,-75.0,30.0,2.75,4.0,-70.87,8.6635,-97,79.89,24.13,1.533442,1.207081,10.848,0.0284
4198,-100,-75.0,30.0,2.75,5.5,-71.42,9.7023,-98,80.31,23.63,1.687886,1.38062,11.1896,0.0568
4199,-100,-75.0,30.0,2.75,7.0,-71.05,10.4341,-100,80.51,23.39,1.841989,1.175966,7.5162,0.0806
4200,-100,-75.0,30.0,2.75,8.5,-71.15,12.4198,-100,80.92,22.9,1.838814,1.260353,8.3508,0.0826
4202,-100,-75.0,30.0,2.75,11.5,-70.88,13.796,-100,80.95,22.85,1.900053,1.225672,7.0422,0.1063
4203,-100,-75.0,30.0,2.75,13.0,-71.35,15.8749,-100,81.73,21.91,2.008914,1.181071,6.5445,0.1026
4201,-100,-75.0,30.0,2.75,10.0,-70.65,12.689,-100,80.59,23.29,1.838882,1.24747,7.9419,0.0897
4204,-100,-75.0,30.0,3.0,1.0,-68.57,8.0187,-82,77.14,27.43,1.097958,0.906798,12.0902,0.0097
4205,-100,-75.0,30.0,3.0,2.5,-67.81,8.6933,-88,77.41,27.12,1.237312,1.025971,11.4304,0.0236
4206,-100,-75.0,30.0,3.0,4.0,-68.12,9.2979,-91,77.77,26.68,1.380598,0.948718,7.9858,0.0559
4207,-100,-75.0,30.0,3.0,5.5,-68.76,10.0502,-97,79.17,24.98,1.588736,1.184925,8.1488,0.0884
4208,-100,-75.0,30.0,3.0,7.0,-68.71,10.967,-100,79.19,24.98,1.601307,1.150546,8.003,0.079
4209,-100,-75.0,30.0,3.0,8.5,-68.39,12.1695,-100,79.82,24.21,1.619969,1.083932,6.9894,0.1175
4210,-100,-75.0,30.0,3.0,10.0,-68.55,12.9259,-100,80.01,23.98,1.698842,1.112649,6.5518,0.1011
4211,-100,-75.0,30.0,3.0,11.5,-68.65,14.0439,-100,79.68,24.37,1.644842,1.151925,7.7641,0.1006
4212,-100,-75.0,30.0,3.0,13.0,-68.48,15.3308,-100,80.37,23.55,1.789638,1.093953,5.6931,0.1022
4214,-100,-75.0,30.0,3.25,2.5,-65.68,9.3659,-87,77.59,26.9,1.255503,0.891579,7.1172,0.0434
4215,-100,-75.0,30.0,3.25,4.0,-65.55,9.9305,-91,78.46,25.85,1.392677,0.969879,6.2415,0.1056
4213,-100,-75.0,30.0,3.25,1.0,-65.8,9.1754,-82,77.3,27.24,1.173671,0.98463,10.5041,0.0077
4216,-100,-75.0,30.0,3.25,5.5,-65.54,10.7434,-100,77.39,27.13,1.345113,1.130794,8.5495,0.0864
4218,-100,-75.0,30.0,3.25,8.5,-66.06,12.8738,-100,78.61,25.66,1.50685,1.04985,6.7263,0.103
4217,-100,-75.0,30.0,3.25,7.0,-66.27,11.12,-100,78.52,25.77,1.467189,1.174881,7.9816,0.0719
4220,-100,-75.0,30.0,3.25,11.5,-65.49,14.9996,-100,77.29,27.26,1.446261,1.087864,8.214,0.1128
4219,-100,-75.0,30.0,3.25,10.0,-65.8,13.6119,-100,79.67,24.39,1.630218,1.052668,6.1336,0.1277
4221,-100,-75.0,30.0,3.25,13.0,-65.78,16.2866,-100,79.97,24.04,1.694291,0.990888,4.97,0.1343
4222,-100,-75.0,30.0,3.5,1.0,-63.13,10.0383,-79,76.9,27.71,1.124749,0.768171,4.5011,0.1123
4223,-100,-75.0,30.0,3.5,2.5,-63.51,9.9204,-86,78.18,26.18,1.2444,1.024633,8.5178,0.0812
4224,-100,-75.0,30.0,3.5,4.0,-63.51,11.2853,-88,77.65,26.81,1.219612,0.859996,5.3687,0.1189
4226,-100,-75.0,30.0,3.5,7.0,-63.43,12.4677,-100,78.36,25.97,1.392768,1.049636,6.2201,0.0912
4225,-100,-75.0,30.0,3.5,5.5,-63.39,11.2883,-93,77.6,26.88,1.275455,0.887063,5.8181,0.1074
4227,-100,-75.0,30.0,3.5,8.5,-63.71,12.5944,-100,78.32,26.01,1.413033,0.988844,5.6139,0.1017
4228,-100,-75.0,30.0,3.5,10.0,-63.38,14.3733,-100,78.53,25.78,1.490566,0.91809,4.867,0.1331
4229,-100,-75.0,30.0,3.5,11.5,-63.14,14.9829,-100,78.48,25.82,1.497399,0.926543,4.4459,0.1255
4230,-100,-75.0,30.0,3.5,13.0,-63.1,16.0906,-100,79.56,24.53,1.570984,0.968108,4.9354,0.1206
4232,-100,-75.0,30.0,3.75,2.5,-60.96,10.8785,-83,76.34,28.4,1.044726,0.678895,3.1584,0.1747
4231,-100,-75.0,30.0,3.75,1.0,-61.01,10.8514,-77,77.14,27.44,1.072977,0.706948,4.2017,0.1528
4233,-100,-75.0,30.0,3.75,4.0,-61.45,11.5675,-87,76.31,28.43,1.138131,0.764051,4.769,0.1384
4234,-100,-75.0,30.0,3.75,5.5,-60.52,12.1742,-93,77.0,27.6,1.170583,0.760979,4.0291,0.1571
4236,-100,-75.0,30.0,3.75,8.5,-60.18,13.6634,-100,77.62,26.86,1.258369,0.823699,4.9843,0.1431
4235,-100,-75.0,30.0,3.75,7.0,-60.46,12.8707,-100,77.11,27.47,1.183082,0.80119,4.3987,0.1443
4237,-100,-75.0,30.0,3.75,10.0,-60.35,14.4312,-100,78.08,26.3,1.323502,0.893422,5.43,0.1211
4239,-100,-75.0,30.0,3.75,13.0,-60.64,16.4693,-100,78.19,26.17,1.403123,0.875221,4.4216,0.1174
4238,-100,-75.0,30.0,3.75,11.5,-60.25,16.0167,-100,78.43,25.89,1.361939,0.852187,4.0745,0.1138
4240,-100,-75.0,30.0,4.0,1.0,-58.37,10.9447,-75,76.81,27.83,1.043906,0.714715,5.0108,0.143
4241,-100,-75.0,30.0,4.0,2.5,-58.28,12.1727,-83,76.67,28.01,1.036885,0.647421,2.7405,0.1755
4242,-100,-75.0,30.0,4.0,4.0,-58.35,12.2235,-87,77.14,27.44,1.091717,0.733089,4.0521,0.1707
4244,-100,-75.0,30.0,4.0,7.0,-58.8,13.7892,-98,76.85,27.78,1.132689,0.844098,5.7884,0.1027
4243,-100,-75.0,30.0,4.0,5.5,-58.73,12.4009,-92,77.15,27.42,1.110403,0.67986,2.3849,0.1842
4245,-100,-75.0,30.0,4.0,8.5,-58.45,14.233,-100,77.76,26.68,1.242071,0.937847,6.2169,0.0931
4246,-100,-75.0,30.0,4.0,10.0,-58.28,15.2498,-100,77.78,26.66,1.290532,0.790358,3.6382,0.1652
4248,-100,-75.0,30.0,4.0,13.0,-58.63,17.4677,-100,77.91,26.52,1.311436,0.966743,6.1908,0.119
4247,-100,-75.0,30.0,4.0,11.5,-58.2,16.3336,-100,77.34,27.18,1.251674,0.843666,4.9515,0.1338
4251,-100,-75.0,30.0,4.25,4.0,-55.72,12.9347,-84,77.06,27.53,1.112036,0.747306,4.528,0.1342
4250,-100,-75.0,30.0,4.25,2.5,-56.19,12.2191,-81,76.8,27.83,1.04303,0.69966,4.2535,0.1754
4249,-100,-75.0,30.0,4.25,1.0,-55.65,11.8658,-75,76.14,28.63,1.001907,0.652897,3.7679,0.1937
4252,-100,-75.0,30.0,4.25,5.5,-55.83,13.8521,-92,76.83,27.8,1.109378,0.775866,5.6872,0.1511
4253,-100,-75.0,30.0,4.25,7.0,-55.92,14.3487,-96,76.82,27.81,1.087139,0.708679,4.0657,0.1535
4254,-100,-75.0,30.0,4.25,8.5,-55.31,14.9382,-100,77.13,27.46,1.158698,0.766853,4.7385,0.1666
4255,-100,-75.0,30.0,4.25,10.0,-55.79,15.8588,-100,76.56,28.12,1.160406,0.755425,4.1619,0.17
4257,-100,-75.0,30.0,4.25,13.0,-55.56,17.5886,-100,77.34,27.19,1.265761,0.825571,4.3812,0.1411
4256,-100,-75.0,30.0,4.25,11.5,-55.13,17.0331,-100,76.59,28.1,1.172612,0.813731,5.855,0.1384
4259,-100,-75.0,30.0,4.5,2.5,-53.0,12.8724,-80,76.15,28.61,0.987594,0.67911,4.8546,0.1483
4260,-100,-75.0,30.0,4.5,4.0,-52.84,13.3268,-83,76.95,27.66,1.004338,0.672739,3.4816,0.1919
4258,-100,-75.0,30.0,4.5,1.0,-52.73,13.3396,-73,76.84,27.8,1.046633,0.664149,3.3492,0.1709
4261,-100,-75.0,30.0,4.5,5.5,-53.3,13.8692,-89,75.12,29.86,1.046934,0.732511,5.383,0.1792
4262,-100,-75.0,30.0,4.5,7.0,-53.04,14.5888,-93,75.66,29.21,1.033909,0.686778,4.333,0.1716
4263,-100,-75.0,30.0,4.5,8.5,-53.62,15.9683,-98,76.67,28.01,1.056051,0.683161,3.4395,0.1672
4264,-100,-75.0,30.0,4.5,10.0,-53.26,16.2856,-100,75.84,28.98,1.06456,0.751666,5.5353,0.1516
4265,-100,-75.0,30.0,4.5,11.5,-52.84,17.3419,-100,77.08,27.5,1.127583,0.767887,4.7293,0.1616
4266,-100,-75.0,30.0,4.5,13.0,-52.64,18.1383,-100,77.12,27.46,1.161007,0.735604,3.7628,0.1781
4267,-100,-75.0,30.0,4.75,1.0,-50.18,13.1938,-70,76.32,28.41,1.009387,0.666045,4.226,0.1484
4269,-100,-75.0,30.0,4.75,4.0,-50.43,13.815,-81,76.62,28.05,1.052659,0.719695,4.751,0.1709
4268,-100,-75.0,30.0,4.75,2.5,-50.58,13.5677,-76,76.39,28.33,1.021301,0.65642,3.5363,0.1657
4270,-100,-75.0,30.0,4.75,5.5,-50.35,14.6448,-86,75.92,28.9,0.984075,0.63783,3.3803,0.1951
4272,-100,-75.0,30.0,4.75,8.5,-50.81,16.0885,-100,76.71,27.95,1.081961,0.748383,5.0058,0.1686
4271,-100,-75.0,30.0,4.75,7.0,-50.25,15.3469,-94,76.01,28.79,0.970556,0.63151,3.5918,0.181
4273,-100,-75.0,30.0,4.75,10.0,-50.53,17.009,-100,77.42,27.1,1.122139,0.676402,2.6691,0.186
4274,-100,-75.0,30.0,4.75,11.5,-50.8,17.6064,-100,76.01,28.78,1.061405,0.675341,3.7013,0.1866
4275,-100,-75.0,30.0,4.75,13.0,-51.21,18.5638,-100,77.55,26.94,1.185304,0.850113,5.5731,0.1304
4276,-100,-75.0,30.0,5.0,1.0,-47.64,14.481,-68,76.48,28.22,1.036201,0.687471,4.5973,0.1644
4277,-100,-75.0,30.0,5.0,2.5,-48.43,15.0597,-75,76.34,28.39,1.00092,0.631141,2.6201,0.1916
4285,-100,-75.0,40.0,1.0,1.0,-81.85,1.388,-83,99.97,0.04,3.415952,1.062783,0.1212,0.0
4286,-100,-75.0,40.0,1.0,2.5,-84.46,2.6583,-89,99.84,0.2,3.112955,0.984527,0.5339,0.0
4278,-100,-75.0,30.0,5.0,4.0,-47.73,14.6465,-79,76.44,28.27,0.982556,0.624537,3.003,0.1646
4287,-100,-75.0,40.0,1.0,4.0,-85.4,4.1916,-98,98.91,1.31,2.31959,1.207414,1.8542,0.0
4279,-100,-75.0,30.0,5.0,5.5,-47.98,15.4923,-84,76.03,28.76,0.976025,0.620863,3.0821,0.1764
4280,-100,-75.0,30.0,5.0,7.0,-48.09,15.5113,-92,76.84,27.79,1.046393,0.648676,2.8131,0.1889
4281,-100,-75.0,30.0,5.0,8.5,-48.44,17.1876,-100,76.58,28.11,1.056532,0.687798,4.0356,0.1673
4282,-100,-75.0,30.0,5.0,10.0,-48.58,17.2179,-100,76.25,28.5,1.03268,0.651566,3.1922,0.1839
4283,-100,-75.0,30.0,5.0,11.5,-47.8,18.2338,-100,76.54,28.17,1.052744,0.678412,3.209,0.1767
4284,-100,-75.0,30.0,5.0,13.0,-47.37,19.2277,-100,76.79,27.85,1.099127,0.701693,3.4689,0.1524
4288,-100,-75.0,40.0,1.0,5.5,-87.69,6.1004,-100,98.2,2.16,2.647654,1.04494,2.7202,0.0012
4289,-100,-75.0,40.0,1.0,7.0,-86.79,7.2257,-100,96.21,4.55,2.851479,1.24486,3.3236,0.0062
4290,-100,-75.0,40.0,1.0,8.5,-86.95,8.3609,-100,94.91,6.11,2.916033,1.013877,3.0336,0.012
4291,-100,-75.0,40.0,1.0,10.0,-86.37,9.4124,-100,92.61,8.87,2.598578,1.09013,4.2379,0.0281
4294,-100,-75.0,40.0,1.25,1.0,-81.03,1.7605,-86,99.11,1.07,2.32863,1.154679,3.0905,0.0
4292,-100,-75.0,40.0,1.0,11.5,-86.04,10.4132,-100,91.2,10.56,2.67167,0.911635,3.0023,0.0463
4295,-100,-75.0,40.0,1.25,2.5,-83.26,2.8503,-91,98.68,1.58,3.340666,1.016728,2.8983,0.0
4296,-100,-75.0,40.0,1.25,4.0,-84.64,4.8894,-98,97.55,2.94,2.591674,1.646644,4.8152,0.0001
4293,-100,-75.0,40.0,1.0,13.0,-85.07,11.6213,-100,88.67,13.59,2.429502,1.136181,5.1197,0.0525
4297,-100,-75.0,40.0,1.25,5.5,-84.5,6.822,-100,95.84,4.99,3.087859,1.422059,4.7998,0.0021
4298,-100,-75.0,40.0,1.25,7.0,-84.28,7.4371,-100,93.61,7.67,2.738779,1.471342,5.4574,0.0141
4299,-100,-75.0,40.0,1.25,8.5,-84.48,9.0528,-100,92.24,9.31,2.894552,1.618231,6.1397,0.0219
4300,-100,-75.0,40.0,1.25,10.0,-83.56,10.3308,-100,90.1,11.88,2.772655,1.338115,6.0388,0.0407
4301,-100,-75.0,40.0,1.25,11.5,-83.81,11.0083,-100,89.42,12.7,2.812207,1.009956,3.2767,0.0539
4303,-100,-75.0,40.0,1.5,1.0,-79.39,1.9239,-85,95.19,5.77,1.306115,1.18348,11.1152,0.0
4302,-100,-75.0,40.0,1.25,13.0,-83.42,12.2666,-100,87.8,14.64,2.58007,1.405225,5.7108,0.0624
4304,-100,-75.0,40.0,1.5,2.5,-80.41,3.9091,-90,93.95,7.26,1.406727,1.739444,13.0985,0.0
4305,-100,-75.0,40.0,1.5,4.0,-81.85,5.1427,-97,93.43,7.89,1.965914,2.403668,11.0802,0.0006
4306,-100,-75.0,40.0,1.5,5.5,-81.79,6.35,-100,91.5,10.2,2.402498,1.399093,8.2771,0.0058
4307,-100,-75.0,40.0,1.5,7.0,-81.01,8.3441,-100,89.69,12.37,2.678123,1.495716,7.5058,0.0278
4308,-100,-75.0,40.0,1.5,8.5,-81.51,9.2402,-100,89.49,12.61,2.716505,1.604894,5.9942,0.0249
4309,-100,-75.0,40.0,1.5,10.0,-81.36,10.4643,-100,87.13,15.45,2.352195,1.541223,7.6237,0.0233
4310,-100,-75.0,40.0,1.5,11.5,-80.92,11.4877,-100,86.55,16.15,2.496351,1.28316,5.8873,0.0611
4311,-100,-75.0,40.0,1.5,13.0,-80.98,12.5329,-100,85.73,17.12,2.222591,1.610442,6.86,0.0483
4312,-100,-75.0,40.0,1.75,1.0,-77.66,4.1675,-86,89.21,12.94,1.006877,1.114994,16.8585,0.0
4313,-100,-75.0,40.0,1.75,2.5,-78.8,5.1301,-89,89.35,12.78,1.299629,1.27554,15.6601,0.0002
4314,-100,-75.0,40.0,1.75,4.0,-78.87,6.2191,-96,89.27,12.87,1.968319,1.855933,12.5097,0.0065
4316,-100,-75.0,40.0,1.75,7.0,-78.87,8.9662,-100,87.05,15.54,2.356335,1.379531,8.8138,0.0298
4315,-100,-75.0,40.0,1.75,5.5,-78.57,7.6035,-100,86.48,16.21,1.888853,1.571612,13.1838,0.021
4318,-100,-75.0,40.0,1.75,10.0,-78.66,10.9666,-100,84.86,18.17,2.327456,1.365518,7.8092,0.0696
4317,-100,-75.0,40.0,1.75,8.5,-79.24,9.816,-100,85.67,17.2,2.158674,1.360964,9.4761,0.0399
4320,-100,-75.0,40.0,1.75,13.0,-78.2,13.6982,-100,83.89,19.33,2.255354,1.457003,9.0278,0.0878
4319,-100,-75.0,40.0,1.75,11.5,-78.09,12.2559,-100,85.04,17.96,2.433004,1.243115,5.7832,0.0835
4321,-100,-75.0,40.0,2.0,1.0,-75.19,4.5766,-85,84.08,19.11,1.092293,1.314361,19.3223,0.0
4322,-100,-75.0,40.0,2.0,2.5,-76.32,5.7092,-89,85.29,17.65,1.406481,1.182363,15.5193,0.0009
4323,-100,-75.0,40.0,2.0,4.0,-75.74,6.8529,-97,83.53,19.77,1.643637,1.713241,15.4282,0.014
4324,-100,-75.0,40.0,2.0,5.5,-76.68,8.2754,-100,84.81,18.22,1.98072,1.576682,11.9533,0.0301
4325,-100,-75.0,40.0,2.0,7.0,-76.15,9.2432,-100,83.9,19.32,2.171383,1.376485,9.3018,0.048
4329,-100,-75.0,40.0,2.0,13.0,-76.15,13.872,-100,83.76,19.48,2.322817,1.41244,7.5367,0.0858
4326,-100,-75.0,40.0,2.0,8.5,-75.74,10.5902,-100,82.64,20.84,2.001107,1.467205,10.7128,0.0566
4327,-100,-75.0,40.0,2.0,10.0,-75.97,11.5106,-100,82.72,20.73,2.142151,1.399705,8.3582,0.0725
4328,-100,-75.0,40.0,2.0,11.5,-75.74,13.1784,-100,83.55,19.74,2.293732,1.676126,9.3856,0.0594
4330,-100,-75.0,40.0,2.25,1.0,-73.55,5.311,-83,81.57,22.12,1.306408,1.125667,16.0811,0.0002
4332,-100,-75.0,40.0,2.25,4.0,-73.5,7.4653,-95,81.95,21.66,1.799506,1.515197,12.0923,0.0318
4331,-100,-75.0,40.0,2.25,2.5,-73.59,7.2599,-88,81.62,22.06,1.428024,1.150941,14.5192,0.0021
4333,-100,-75.0,40.0,2.25,5.5,-72.94,8.6647,-99,81.24,22.51,1.824931,1.237416,9.6821,0.0607
4334,-100,-75.0,40.0,2.25,7.0,-73.61,9.3432,-100,81.71,21.95,1.962926,1.433969,9.0085,0.0559
4335,-100,-75.0,40.0,2.25,8.5,-73.08,10.9287,-100,82.48,21.03,2.078415,1.354215,6.7791,0.0581
4336,-100,-75.0,40.0,2.25,10.0,-72.79,11.7239,-100,81.09,22.69,1.938319,1.272722,8.3809,0.0957
4337,-100,-75.0,40.0,2.25,11.5,-72.98,13.2411,-100,82.39,21.14,2.06729,1.296674,7.2116,0.0915
4338,-100,-75.0,40.0,2.25,13.0,-73.05,14.2245,-100,81.48,22.22,2.07887,1.280552,6.9897,0.0933
4339,-100,-75.0,40.0,2.5,1.0,-70.5,7.1703,-82,77.83,26.6,1.204462,1.134619,13.9515,0.0204
4340,-100,-75.0,40.0,2.5,2.5,-70.91,7.5405,-88,78.84,25.4,1.388833,1.119614,12.8653,0.0369
4341,-100,-75.0,40.0,2.5,4.0,-70.67,7.993,-91,79.18,24.98,1.567968,1.44941,11.446,0.0547
4342,-100,-75.0,40.0,2.5,5.5,-70.41,9.0782,-98,80.01,23.99,1.644236,1.185151,7.885,0.0758
4343,-100,-75.0,40.0,2.5,7.0,-70.27,9.7466,-100,79.85,24.17,1.697037,1.353678,8.7746,0.0731
4344,-100,-75.0,40.0,2.5,8.5,-71.15,11.3706,-100,80.5,23.4,1.805007,1.37953,8.7713,0.0811
4345,-100,-75.0,40.0,2.5,10.0,-70.16,12.3473,-100,81.09,22.69,1.900192,1.151478,5.6353,0.0849
4346,-100,-75.0,40.0,2.5,11.5,-70.15,13.3936,-100,80.95,22.86,1.887155,1.256264,7.2782,0.087
4347,-100,-75.0,40.0,2.5,13.0,-69.96,14.6002,-100,80.34,23.59,1.865707,1.190546,6.6167,0.1074
4348,-100,-75.0,40.0,2.75,1.0,-67.7,7.5702,-80,77.91,26.51,1.233967,0.957851,8.8336,0.0347
4349,-100,-75.0,40.0,2.75,2.5,-67.69,7.8761,-86,77.45,27.06,1.295142,1.04448,9.3494,0.0757
4350,-100,-75.0,40.0,2.75,4.0,-67.69,8.5329,-92,78.1,26.29,1.372065,1.001599,7.7517,0.0533
4352,-100,-75.0,40.0,2.75,7.0,-67.54,11.1354,-100,78.22,26.14,1.425322,1.212563,9.1657,0.0851
4351,-100,-75.0,40.0,2.75,5.5,-67.75,9.7049,-96,78.87,25.36,1.503544,1.056584,7.6406,0.1066
4353,-100,-75.0,40.0,2.75,8.5,-67.83,12.0494,-100,79.62,24.46,1.658838,1.167501,7.0807,0.0981
4354,-100,-75.0,40.0,2.75,10.0,-67.31,12.5524,-100,80.19,23.78,1.674456,1.141723,6.4745,0.0901
4355,-100,-75.0,40.0,2.75,11.5,-67.85,14.0232,-100,79.61,24.47,1.698718,1.162589,7.1588,0.0942
4356,-100,-75.0,40.0,2.75,13.0,-67.17,15.0027,-100,79.41,24.71,1.676954,0.97768,4.8662,0.1237
4357,-100,-75.0,40.0,3.0,1.0,-64.97,8.4823,-79,77.63,26.84,1.161252,0.759685,4.2155,0.1153
4358,-100,-75.0,40.0,3.0,2.5,-64.71,9.0495,-83,76.57,28.11,1.156763,0.811966,5.1938,0.1409
4359,-100,-75.0,40.0,3.0,4.0,-64.64,9.5464,-88,77.31,27.22,1.236117,0.890408,6.2215,0.1074
4360,-100,-75.0,40.0,3.0,5.5,-64.03,10.4432,-96,76.99,27.61,1.233916,0.819889,4.6362,0.1196
4361,-100,-75.0,40.0,3.0,7.0,-64.94,11.2726,-100,78.64,25.62,1.46697,1.059402,7.082,0.1185
4363,-100,-75.0,40.0,3.0,10.0,-64.12,13.5316,-100,77.28,27.27,1.372655,0.890723,5.26,0.1448
4362,-100,-75.0,40.0,3.0,8.5,-64.35,11.9542,-100,78.0,26.41,1.370532,1.016567,6.6377,0.1042
4364,-100,-75.0,40.0,3.0,11.5,-64.84,14.5948,-100,79.09,25.1,1.554954,0.932882,4.1219,0.1391
4365,-100,-75.0,40.0,3.0,13.0,-64.43,15.6322,-100,79.81,24.23,1.612521,0.938609,4.9263,0.1375
4366,-100,-75.0,40.0,3.25,1.0,-61.8,9.5184,-78,76.8,27.83,1.0982,0.746208,4.5326,0.1689
4367,-100,-75.0,40.0,3.25,2.5,-62.17,9.3481,-81,76.92,27.71,1.077447,0.664124,3.1389,0.1768
4368,-100,-75.0,40.0,3.25,4.0,-62.17,10.3732,-89,76.95,27.66,1.128525,0.88166,6.3409,0.109
4370,-100,-75.0,40.0,3.25,7.0,-61.95,11.4597,-97,77.89,26.53,1.271872,0.843654,4.7864,0.1387
4369,-100,-75.0,40.0,3.25,5.5,-61.53,11.0109,-95,77.05,27.54,1.165216,0.882503,6.6061,0.1205
4371,-100,-75.0,40.0,3.25,8.5,-61.92,12.7156,-100,77.69,26.77,1.284579,0.781174,3.5858,0.1581
4372,-100,-75.0,40.0,3.25,10.0,-61.58,13.9214,-100,77.79,26.65,1.352779,0.960978,6.5337,0.1318
4373,-100,-75.0,40.0,3.25,11.5,-61.98,14.7909,-100,78.34,25.99,1.354018,0.894798,5.04,0.1281
4374,-100,-75.0,40.0,3.25,13.0,-62.02,15.8093,-100,78.01,26.38,1.418006,0.870016,4.9352,0.1542
4375,-100,-75.0,40.0,3.5,1.0,-59.25,9.709,-76,76.62,28.06,1.044144,0.65793,3.2619,0.1835
4377,-100,-75.0,40.0,3.5,4.0,-59.16,11.6866,-86,77.77,26.68,1.159705,0.740828,4.3843,0.155
4376,-100,-75.0,40.0,3.5,2.5,-58.81,10.3712,-83,76.99,27.61,1.017421,0.71287,4.7522,0.1438
4378,-100,-75.0,40.0,3.5,5.5,-59.48,11.5225,-92,77.34,27.19,1.165831,0.8722,6.3844,0.1443
4380,-100,-75.0,40.0,3.5,8.5,-59.09,13.4767,-100,76.87,27.76,1.184767,0.792972,4.766,0.1379
4379,-100,-75.0,40.0,3.5,7.0,-58.56,11.9537,-93,77.02,27.56,1.129841,0.723718,4.0079,0.16
4382,-100,-75.0,40.0,3.5,11.5,-58.69,14.5918,-100,78.14,26.24,1.409265,0.949761,6.2077,0.1324
4381,-100,-75.0,40.0,3.5,10.0,-59.12,13.8138,-100,77.08,27.51,1.206924,0.767217,4.1729,0.1711
4383,-100,-75.0,40.0,3.5,13.0,-58.8,16.5147,-100,77.94,26.48,1.310063,0.83206,4.4633,0.1367
4384,-100,-75.0,40.0,3.75,1.0,-56.07,10.8675,-75,75.96,28.85,0.98246,0.610503,2.7017,0.1981
4385,-100,-75.0,40.0,3.75,2.5,-56.66,10.8559,-77,76.74,27.9,1.053295,0.702704,4.1498,0.1556
4386,-100,-75.0,40.0,3.75,4.0,-55.94,11.6797,-82,76.54,28.16,1.041,0.726893,5.5779,0.1335
4387,-100,-75.0,40.0,3.75,5.5,-56.41,11.9554,-89,76.7,27.96,1.061838,0.723499,4.882,0.1693
4388,-100,-75.0,40.0,3.75,7.0,-55.85,13.0785,-93,76.57,28.11,1.054442,0.676889,2.8236,0.1824
4389,-100,-75.0,40.0,3.75,8.5,-55.86,13.3651,-98,77.28,27.27,1.121822,0.678136,2.6947,0.1769
4391,-100,-75.0,40.0,3.75,11.5,-55.9,15.757,-100,77.2,27.36,1.155674,0.785559,4.6265,0.1399
4390,-100,-75.0,40.0,3.75,10.0,-56.16,14.2017,-100,77.05,27.53,1.199322,0.845941,5.8621,0.1398
4392,-100,-75.0,40.0,3.75,13.0,-55.34,17.0323,-100,76.91,27.72,1.208228,0.878854,6.4217,0.1288
4393,-100,-75.0,40.0,4.0,1.0,-53.94,11.0256,-72,75.78,29.05,1.004293,0.670483,4.6579,0.181
4394,-100,-75.0,40.0,4.0,2.5,-53.8,11.6062,-77,76.24,28.51,0.978774,0.613659,2.5769,0.2069
4395,-100,-75.0,40.0,4.0,4.0,-53.31,12.4585,-81,76.5,28.2,1.057024,0.707712,4.702,0.1428
4396,-100,-75.0,40.0,4.0,5.5,-53.23,12.8979,-88,76.44,28.27,1.078489,0.808271,6.5001,0.1436
4397,-100,-75.0,40.0,4.0,7.0,-53.77,13.1362,-92,76.86,27.77,1.006306,0.659388,3.5966,0.1693
4398,-100,-75.0,40.0,4.0,8.5,-53.39,14.8316,-100,76.06,28.73,1.118703,0.84274,6.5344,0.1353
4400,-100,-75.0,40.0,4.0,11.5,-52.95,15.7582,-100,76.37,28.36,1.119135,0.786195,5.3892,0.1671
4399,-100,-75.0,40.0,4.0,10.0,-53.26,15.7317,-100,77.11,27.46,1.116592,0.675274,2.7952,0.1847
4401,-100,-75.0,40.0,4.0,13.0,-53.44,17.7352,-100,76.35,28.39,1.158156,0.784238,5.2956,0.1794
4402,-100,-75.0,40.0,4.25,1.0,-50.7,12.2174,-71,76.31,28.43,1.015723,0.682551,3.7851,0.1663
4403,-100,-75.0,40.0,4.25,2.5,-50.69,12.8026,-75,75.63,29.24,0.96005,0.600827,2.3695,0.2036
4404,-100,-75.0,40.0,4.25,4.0,-50.84,12.9621,-80,75.95,28.86,1.006371,0.625944,3.1086,0.1868
4405,-100,-75.0,40.0,4.25,5.5,-50.67,13.0359,-88,76.57,28.11,1.05805,0.718011,4.4469,0.1706
4406,-100,-75.0,40.0,4.25,7.0,-50.25,14.1868,-91,76.64,28.04,1.025841,0.710425,4.5749,0.1456
4407,-100,-75.0,40.0,4.25,8.5,-49.83,14.756,-97,76.66,28.0,1.075343,0.758709,5.4346,0.1667
4408,-100,-75.0,40.0,4.25,10.0,-49.97,16.3251,-100,75.32,29.6,0.996841,0.625666,3.612,0.196
4409,-100,-75.0,40.0,4.25,11.5,-49.95,16.8667,-100,76.62,28.06,1.102944,0.669253,2.9811,0.1784
4410,-100,-75.0,40.0,4.25,13.0,-50.34,17.7135,-100,76.92,27.7,1.101905,0.677409,3.0472,0.1883
4411,-100,-75.0,40.0,4.5,1.0,-47.57,13.4935,-67,76.05,28.75,1.004404,0.708658,5.3498,0.1557
4412,-100,-75.0,40.0,4.5,2.5,-47.41,13.4409,-73,76.86,27.77,1.031568,0.644082,2.8531,0.1705
4413,-100,-75.0,40.0,4.5,4.0,-47.78,13.5932,-76,75.82,29.01,0.949624,0.586077,2.4316,0.2086
4414,-100,-75.0,40.0,4.5,5.5,-47.9,14.1346,-82,76.69,27.97,1.009005,0.677388,3.8213,0.1375
4415,-100,-75.0,40.0,4.5,7.0,-47.8,15.072,-87,75.78,29.06,0.95684,0.628937,3.7331,0.1806
4416,-100,-75.0,40.0,4.5,8.5,-48.02,15.7368,-92,76.16,28.61,0.995601,0.655501,4.0347,0.1393
4417,-100,-75.0,40.0,4.5,10.0,-47.53,16.4172,-100,76.57,28.11,1.045451,0.659342,4.0708,0.1697
4418,-100,-75.0,40.0,4.5,11.5,-47.0,17.8412,-100,76.33,28.41,1.091095,0.714988,4.4244,0.1595
4419,-100,-75.0,40.0,4.5,13.0,-47.68,18.1019,-100,77.39,27.13,1.147549,0.704596,3.482,0.174
4420,-100,-75.0,40.0,4.75,1.0,-44.63,13.6706,-66,76.14,28.64,0.974276,0.609123,2.8573,0.1858
4421,-100,-75.0,40.0,4.75,2.5,-44.78,14.1718,-72,76.13,28.64,0.992446,0.664397,4.5056,0.1608
4422,-100,-75.0,40.0,4.75,4.0,-44.81,14.2394,-77,76.24,28.51,0.985318,0.608124,2.2242,0.1818
4423,-100,-75.0,40.0,4.75,5.5,-44.85,14.1653,-79,75.79,29.06,0.953225,0.603266,3.2623,0.166
4424,-100,-75.0,40.0,4.75,7.0,-44.61,15.1033,-85,76.83,27.8,1.028114,0.639755,2.9449,0.1866
4425,-100,-75.0,40.0,4.75,8.5,-44.67,15.3566,-93,76.82,27.81,1.036112,0.66237,3.5372,0.1715
4426,-100,-75.0,40.0,4.75,10.0,-44.44,17.1578,-100,76.21,28.55,1.019683,0.661361,3.9515,0.1602
4427,-100,-75.0,40.0,4.75,11.5,-44.19,17.7426,-100,76.91,27.71,1.02823,0.670043,3.7633,0.1557
4428,-100,-75.0,40.0,4.75,13.0,-44.71,17.9282,-100,76.36,28.37,1.025676,0.717169,4.9288,0.1401
4429,-100,-75.0,40.0,5.0,1.0,-41.27,14.518,-63,76.28,28.47,0.994001,0.681122,4.3944,0.1721
4430,-100,-75.0,40.0,5.0,2.5,-41.87,14.6951,-68,74.5,30.61,0.864555,0.591667,4.127,0.1838
4438,-100,-75.0,50.0,1.0,1.0,-82.21,1.5829,-88,99.86,0.16,2.933753,0.771387,0.4424,0.0
4439,-100,-75.0,50.0,1.0,2.5,-83.77,2.7897,-88,99.56,0.53,3.005386,1.16953,1.2944,0.0
4431,-100,-75.0,40.0,5.0,4.0,-42.12,15.9863,-75,76.0,28.8,0.979344,0.618943,3.3326,0.1911
4440,-100,-75.0,50.0,1.0,4.0,-86.55,4.5099,-100,98.66,1.61,2.561152,1.078371,2.775,0.0002
4432,-100,-75.0,40.0,5.0,5.5,-41.78,14.9669,-81,75.85,28.98,0.966009,0.584861,2.0579,0.2094
4433,-100,-75.0,40.0,5.0,7.0,-41.1,15.8233,-84,76.25,28.5,0.950125,0.597026,2.3546,0.1918
4436,-100,-75.0,40.0,5.0,11.5,-41.33,18.1712,-100,76.38,28.35,0.989238,0.667308,4.1733,0.1692
4435,-100,-75.0,40.0,5.0,10.0,-42.14,16.956,-95,76.15,28.61,1.023325,0.718205,5.2112,0.1404
4434,-100,-75.0,40.0,5.0,8.5,-41.55,16.4434,-90,76.42,28.29,1.028718,0.639234,2.9301,0.1886
4441,-100,-75.0,50.0,1.0,5.5,-86.63,5.8746,-100,97.68,2.78,3.002545,1.3361,2.6333,0.0017
4437,-100,-75.0,40.0,5.0,13.0,-41.74,19.0313,-100,75.88,28.94,1.022634,0.647206,3.514,0.171
4442,-100,-75.0,50.0,1.0,7.0,-86.23,7.8089,-100,94.77,6.27,2.381239,1.290619,5.9307,0.008
4443,-100,-75.0,50.0,1.0,8.5,-86.26,8.3902,-100,94.13,7.05,2.888229,1.034752,2.9982,0.0222
4444,-100,-75.0,50.0,1.0,10.0,-85.52,9.5721,-100,92.06,9.53,2.841061,0.9844,3.3263,0.0352
4445,-100,-75.0,50.0,1.0,11.5,-84.77,10.8645,-100,90.37,11.56,2.689118,1.221737,4.2069,0.0332
4447,-100,-75.0,50.0,1.25,1.0,-81.24,1.6798,-86,99.32,0.81,4.793184,1.821564,1.9506,0.0
4448,-100,-75.0,50.0,1.25,2.5,-81.9,3.3021,-92,96.22,4.54,1.863532,1.364691,8.0591,0.0
4446,-100,-75.0,50.0,1.0,13.0,-84.8,11.694,-100,89.0,13.21,2.662005,1.005687,3.9722,0.0572
4449,-100,-75.0,50.0,1.25,4.0,-83.05,5.0385,-97,95.31,5.63,2.383054,1.280807,6.8801,0.0004
4450,-100,-75.0,50.0,1.25,5.5,-82.77,6.5832,-100,94.23,6.92,2.982579,1.617117,6.2737,0.005
4451,-100,-75.0,50.0,1.25,7.0,-83.59,7.6562,-100,92.57,8.91,2.715009,1.53278,6.4362,0.0135
4452,-100,-75.0,50.0,1.25,8.5,-82.83,8.9506,-100,90.35,11.57,2.760356,1.797705,5.8473,0.0204
4453,-100,-75.0,50.0,1.25,10.0,-82.48,10.1112,-100,88.25,14.1,2.348034,1.757401,8.1804,0.0378
4454,-100,-75.0,50.0,1.25,11.5,-83.12,11.187,-100,88.95,13.27,2.73743,1.310982,5.2783,0.0531
4455,-100,-75.0,50.0,1.25,13.0,-82.22,12.146,-100,87.61,14.87,2.73233,1.236672,4.2511,0.0577
4456,-100,-75.0,50.0,1.5,1.0,-78.84,2.6821,-85,93.32,8.02,1.190776,1.327931,14.1223,0.0
4457,-100,-75.0,50.0,1.5,2.5,-79.3,4.52,-90,92.18,9.38,1.379799,1.352086,14.0323,0.0
4458,-100,-75.0,50.0,1.5,4.0,-80.66,5.4993,-97,91.17,10.59,1.857581,1.834473,13.6631,0.0022
4459,-100,-75.0,50.0,1.5,5.5,-80.41,6.6484,-100,91.44,10.28,2.811169,1.379022,6.6733,0.0149
4460,-100,-75.0,50.0,1.5,7.0,-80.22,8.2292,-100,88.9,13.32,2.574931,1.808022,8.5062,0.0371
4461,-100,-75.0,50.0,1.5,8.5,-80.19,9.5157,-100,87.95,14.47,2.619308,1.665908,7.2014,0.0255
4462,-100,-75.0,50.0,1.5,10.0,-79.79,10.8007,-100,86.1,16.68,2.492039,1.30201,6.7955,0.0793
4463,-100,-75.0,50.0,1.5,11.5,-80.05,11.7752,-100,85.68,17.19,2.45254,1.453591,6.0595,0.0595
4464,-100,-75.0,50.0,1.5,13.0,-79.21,13.0795,-100,84.82,18.22,2.393521,1.349382,7.5475,0.0813
4465,-100,-75.0,50.0,1.75,1.0,-76.86,3.8201,-84,89.75,12.31,1.238886,1.555558,16.5487,0.0
4466,-100,-75.0,50.0,1.75,2.5,-77.51,4.3913,-89,86.86,15.77,1.491125,1.479442,16.055,0.0002
4468,-100,-75.0,50.0,1.75,5.5,-77.26,7.5924,-99,85.86,16.96,2.282504,1.926814,11.4443,0.0161
4467,-100,-75.0,50.0,1.75,4.0,-77.84,6.4867,-98,86.8,15.84,1.738437,1.535987,14.1766,0.0057
4469,-100,-75.0,50.0,1.75,7.0,-77.43,8.9689,-100,85.12,17.85,2.212317,1.716122,10.412,0.0463
4470,-100,-75.0,50.0,1.75,8.5,-77.52,10.0506,-100,86.03,16.76,2.582016,1.339159,6.2957,0.0757
4471,-100,-75.0,50.0,1.75,10.0,-76.69,11.1806,-100,83.94,19.27,2.280113,1.423053,8.2615,0.0586
4472,-100,-75.0,50.0,1.75,11.5,-77.34,12.3258,-100,83.54,19.75,2.27321,1.395935,8.0655,0.0795
4473,-100,-75.0,50.0,1.75,13.0,-76.78,13.507,-100,83.55,19.74,2.304864,1.603051,8.8957,0.0595
4474,-100,-75.0,50.0,2.0,1.0,-74.42,4.928,-84,82.68,20.79,1.189303,1.202801,17.6332,0.0003
4475,-100,-75.0,50.0,2.0,2.5,-74.67,5.907,-90,82.91,20.51,1.478038,1.223995,14.7886,0.0048
4476,-100,-75.0,50.0,2.0,4.0,-74.27,6.9062,-94,81.74,21.92,1.712079,1.400704,12.1553,0.02
4477,-100,-75.0,50.0,2.0,5.5,-74.05,8.0424,-98,81.32,22.42,1.763296,1.388953,11.0925,0.0497
4478,-100,-75.0,50.0,2.0,7.0,-74.03,9.4405,-100,81.56,22.13,1.94717,1.378166,9.603,0.0765
4480,-100,-75.0,50.0,2.0,10.0,-74.17,11.6215,-100,82.53,20.96,2.125766,1.294371,7.1703,0.0877
4479,-100,-75.0,50.0,2.0,8.5,-73.53,10.2684,-100,81.9,21.72,2.033533,1.123501,6.2791,0.0851
4481,-100,-75.0,50.0,2.0,11.5,-74.05,12.6563,-100,82.17,21.39,2.138663,1.260489,6.5997,0.091
4482,-100,-75.0,50.0,2.0,13.0,-74.03,13.9237,-100,82.1,21.48,2.104614,1.303813,7.0634,0.0946
4483,-100,-75.0,50.0,2.25,1.0,-71.54,5.8919,-82,79.05,25.14,1.246086,1.151467,13.9259,0.0021
4485,-100,-75.0,50.0,2.25,4.0,-70.96,7.4945,-96,79.76,24.3,1.601411,1.117546,8.7813,0.0611
4484,-100,-75.0,50.0,2.25,2.5,-71.08,6.51,-88,78.66,25.61,1.417194,1.336114,13.7194,0.028
4486,-100,-75.0,50.0,2.25,5.5,-71.51,8.3286,-99,79.86,24.17,1.714833,1.275038,9.3909,0.0874
4487,-100,-75.0,50.0,2.25,7.0,-71.38,9.3455,-100,80.15,23.82,1.737619,1.168012,7.7592,0.0736
4488,-100,-75.0,50.0,2.25,8.5,-71.32,11.2752,-100,80.62,23.25,1.882034,1.386144,9.2118,0.0817
4489,-100,-75.0,50.0,2.25,10.0,-71.08,11.8367,-100,81.23,22.52,1.907503,1.176723,6.5735,0.0853
4490,-100,-75.0,50.0,2.25,11.5,-71.21,13.0818,-100,81.36,22.37,2.008741,1.402855,7.97,0.0777
4491,-100,-75.0,50.0,2.25,13.0,-71.13,14.1655,-100,81.56,22.12,1.992273,1.227582,6.037,0.0972
4492,-100,-75.0,50.0,2.5,1.0,-67.94,6.8562,-80,77.39,27.13,1.159231,0.998766,8.7143,0.0439
4493,-100,-75.0,50.0,2.5,2.5,-68.01,7.2908,-85,77.72,26.73,1.351554,0.982887,7.5093,0.0837
4494,-100,-75.0,50.0,2.5,4.0,-68.26,8.128,-90,79.14,25.03,1.499691,1.082796,7.411,0.1053
4495,-100,-75.0,50.0,2.5,5.5,-68.16,8.6543,-97,79.06,25.14,1.499433,1.025711,6.4176,0.1115
4496,-100,-75.0,50.0,2.5,7.0,-68.07,9.713,-100,79.01,25.18,1.536323,1.015086,5.9272,0.1062
4497,-100,-75.0,50.0,2.5,8.5,-68.12,11.304,-100,79.02,25.17,1.587102,1.16438,7.1775,0.0865
4498,-100,-75.0,50.0,2.5,10.0,-67.87,12.5778,-100,79.44,24.67,1.670284,1.158727,7.0434,0.1069
4499,-100,-75.0,50.0,2.5,11.5,-68.22,13.6299,-100,80.53,23.36,1.76776,1.065842,4.9764,0.1066
4500,-100,-75.0,50.0,2.5,13.0,-68.07,14.5991,-100,80.02,23.98,1.753406,1.170222,7.0151,0.1103
4502,-100,-75.0,50.0,2.75,2.5,-65.69,8.4461,-84,77.45,27.06,1.235533,0.87237,5.4073,0.1204
4501,-100,-75.0,50.0,2.75,1.0,-64.85,7.9648,-79,77.14,27.44,1.164922,0.859824,6.4526,0.0688
4503,-100,-75.0,50.0,2.75,4.0,-64.62,8.7211,-91,77.63,26.84,1.209554,0.756648,3.0832,0.1463
4505,-100,-75.0,50.0,2.75,7.0,-65.21,10.8551,-98,77.89,26.54,1.362768,0.882855,4.994,0.1288
4504,-100,-75.0,50.0,2.75,5.5,-65.32,9.623,-93,78.2,26.16,1.371913,0.899268,5.6522,0.139
4506,-100,-75.0,50.0,2.75,8.5,-64.75,11.7922,-100,75.48,29.42,1.243326,0.840495,6.1899,0.1472
4507,-100,-75.0,50.0,2.75,10.0,-64.91,12.5942,-100,78.12,26.26,1.403235,0.907239,5.5764,0.1526
4508,-100,-75.0,50.0,2.75,11.5,-64.64,13.562,-100,78.87,25.36,1.564579,1.153113,7.833,0.1134
4509,-100,-75.0,50.0,2.75,13.0,-64.66,14.8707,-100,78.93,25.27,1.507196,1.045065,6.544,0.1075
4510,-100,-75.0,50.0,3.0,1.0,-61.66,8.4458,-77,75.8,29.04,1.053836,0.72844,5.1667,0.1331
4512,-100,-75.0,50.0,3.0,4.0,-61.4,9.4005,-89,76.83,27.8,1.104589,0.70458,3.3349,0.1566
4511,-100,-75.0,50.0,3.0,2.5,-61.67,8.787,-80,75.98,28.83,1.0207,0.670128,3.9989,0.1774
4514,-100,-75.0,50.0,3.0,7.0,-61.85,10.8171,-100,77.54,26.95,1.249123,0.868989,5.0943,0.1263
4513,-100,-75.0,50.0,3.0,5.5,-61.7,10.2842,-95,77.1,27.48,1.1646,0.800317,4.6499,0.1308
4515,-100,-75.0,50.0,3.0,8.5,-61.7,12.8386,-100,77.98,26.42,1.34345,0.922145,5.5222,0.1177
4517,-100,-75.0,50.0,3.0,11.5,-62.09,14.3665,-100,77.78,26.67,1.414891,0.894716,4.7417,0.1358
4518,-100,-75.0,50.0,3.0,13.0,-62.11,15.6653,-100,78.93,25.29,1.473348,0.906604,4.9076,0.1225
4516,-100,-75.0,50.0,3.0,10.0,-61.6,13.3576,-100,78.32,26.02,1.354316,0.920715,5.1894,0.1062
4519,-100,-75.0,50.0,3.25,1.0,-59.24,9.405,-75,75.9,28.91,1.028532,0.663842,3.8085,0.1861
4521,-100,-75.0,50.0,3.25,4.0,-58.9,10.1696,-85,77.01,27.59,1.082868,0.689687,3.6598,0.1869
4520,-100,-75.0,50.0,3.25,2.5,-59.45,9.9645,-82,76.58,28.1,1.019665,0.701653,4.1732,0.1612
4522,-100,-75.0,50.0,3.25,5.5,-58.88,10.4358,-88,77.01,27.58,1.105483,0.674017,2.8605,0.1833
4523,-100,-75.0,50.0,3.25,7.0,-58.84,12.0128,-98,76.17,28.6,1.111395,0.706864,3.1927,0.1663
4524,-100,-75.0,50.0,3.25,8.5,-58.54,12.7471,-99,77.84,26.59,1.234495,0.760879,3.7656,0.1708
4525,-100,-75.0,50.0,3.25,10.0,-58.94,13.8248,-100,76.26,28.48,1.175188,0.749928,3.7183,0.1632
4527,-100,-75.0,50.0,3.25,13.0,-58.73,15.9742,-100,77.9,26.53,1.321875,0.872265,5.4207,0.1396
4526,-100,-75.0,50.0,3.25,11.5,-58.58,14.8898,-100,78.2,26.16,1.291294,0.822473,4.729,0.1422
4529,-100,-75.0,50.0,3.5,2.5,-55.64,10.7534,-80,76.47,28.24,0.976178,0.618936,2.9312,0.1924
4528,-100,-75.0,50.0,3.5,1.0,-56.26,10.6343,-74,76.48,28.23,0.980657,0.621663,2.5852,0.2009
4530,-100,-75.0,50.0,3.5,4.0,-55.67,10.9988,-86,76.18,28.59,0.962394,0.627269,3.5815,0.1823
4531,-100,-75.0,50.0,3.5,5.5,-55.56,12.0181,-87,75.93,28.88,1.052376,0.714648,4.959,0.1748
4532,-100,-75.0,50.0,3.5,7.0,-55.28,12.1969,-93,76.7,27.97,1.046757,0.679843,4.0743,0.1697
4533,-100,-75.0,50.0,3.5,8.5,-55.44,13.2165,-96,76.78,27.87,1.117884,0.72358,4.1277,0.1695
4534,-100,-75.0,50.0,3.5,10.0,-55.21,14.1285,-100,77.11,27.47,1.127803,0.700311,3.4578,0.1701
4535,-100,-75.0,50.0,3.5,11.5,-55.42,14.7852,-100,76.72,27.94,1.205479,0.984902,7.4494,0.1148
4536,-100,-75.0,50.0,3.5,13.0,-55.13,16.4471,-100,77.69,26.77,1.221463,0.769842,3.8966,0.1602
4538,-100,-75.0,50.0,3.75,2.5,-52.44,11.0767,-74,76.12,28.65,0.984807,0.655075,3.7872,0.1579
4537,-100,-75.0,50.0,3.75,1.0,-53.01,10.3468,-70,76.41,28.31,1.015984,0.649289,3.6186,0.1679
4539,-100,-75.0,50.0,3.75,4.0,-52.49,11.2189,-80,76.08,28.71,0.996085,0.640341,3.2003,0.1773
4540,-100,-75.0,50.0,3.75,5.5,-52.19,11.785,-84,75.67,29.2,0.957188,0.648499,3.9378,0.1816
4541,-100,-75.0,50.0,3.75,7.0,-52.94,12.7322,-91,76.22,28.53,1.016497,0.627117,3.0341,0.1918
4542,-100,-75.0,50.0,3.75,8.5,-52.26,12.9964,-97,76.42,28.29,1.024605,0.688613,4.2035,0.1678
4543,-100,-75.0,50.0,3.75,10.0,-52.55,14.7917,-100,76.66,28.01,1.067863,0.691841,3.9213,0.1565
4544,-100,-75.0,50.0,3.75,11.5,-52.14,15.5821,-100,77.11,27.45,1.097744,0.727197,4.6798,0.1424
4545,-100,-75.0,50.0,3.75,13.0,-52.01,16.8744,-100,77.55,26.94,1.18035,0.720569,3.4632,0.1737
4546,-100,-75.0,50.0,4.0,1.0,-49.47,11.4142,-69,76.87,27.75,1.008677,0.649851,3.7005,0.178
4547,-100,-75.0,50.0,4.0,2.5,-49.72,11.7151,-76,75.17,29.79,0.924598,0.583136,2.0951,0.213
4548,-100,-75.0,50.0,4.0,4.0,-49.47,12.1091,-82,76.56,28.14,0.998005,0.646306,3.4654,0.1736
4549,-100,-75.0,50.0,4.0,5.5,-49.45,12.7156,-82,76.17,28.61,1.060804,0.754112,5.7307,0.1462
4551,-100,-75.0,50.0,4.0,8.5,-49.2,14.395,-91,76.07,28.7,0.989244,0.653524,3.5093,0.1793
4550,-100,-75.0,50.0,4.0,7.0,-49.11,13.2894,-89,76.9,27.72,1.039546,0.640733,2.6389,0.1815
4552,-100,-75.0,50.0,4.0,10.0,-49.82,14.9491,-97,76.59,28.09,1.022124,0.657768,3.4284,0.1959
4553,-100,-75.0,50.0,4.0,11.5,-48.91,16.5037,-100,76.18,28.59,1.014936,0.676818,3.8419,0.1634
4554,-100,-75.0,50.0,4.0,13.0,-49.17,17.7417,-100,76.84,27.8,1.092979,0.661614,2.6421,0.1898
4555,-100,-75.0,50.0,4.25,1.0,-46.2,12.4071,-65,75.5,29.4,0.930463,0.597479,2.7947,0.1808
4556,-100,-75.0,50.0,4.25,2.5,-46.41,12.181,-69,76.32,28.42,0.978224,0.621029,3.1629,0.1858
4557,-100,-75.0,50.0,4.25,4.0,-46.7,12.2319,-76,76.65,28.01,1.02572,0.672681,4.4073,0.1792
4558,-100,-75.0,50.0,4.25,5.5,-46.0,13.5521,-81,75.7,29.17,0.99832,0.647637,4.3545,0.1707
4559,-100,-75.0,50.0,4.25,7.0,-46.23,13.7941,-87,75.86,28.97,0.956569,0.608385,2.9646,0.1903
4560,-100,-75.0,50.0,4.25,8.5,-45.97,14.5713,-93,76.55,28.14,0.988238,0.617513,2.8554,0.1743
4561,-100,-75.0,50.0,4.25,10.0,-46.27,15.7534,-96,76.87,27.76,1.138634,0.752222,5.0592,0.1564
4562,-100,-75.0,50.0,4.25,11.5,-45.82,16.5325,-100,76.06,28.73,0.992662,0.626227,3.0205,0.1853
4563,-100,-75.0,50.0,4.25,13.0,-46.49,18.0872,-100,76.68,28.0,1.049739,0.666227,3.4132,0.1902
4564,-100,-75.0,50.0,4.5,1.0,-42.38,12.4514,-63,76.04,28.75,1.041165,0.661262,3.8393,0.1671
4565,-100,-75.0,50.0,4.5,2.5,-43.08,13.2856,-71,76.1,28.69,0.997493,0.692142,4.9126,0.1657
4566,-100,-75.0,50.0,4.5,4.0,-42.62,13.3527,-71,76.37,28.36,1.065411,0.764692,5.7775,0.1513
4567,-100,-75.0,50.0,4.5,5.5,-43.07,14.266,-80,76.06,28.72,0.950894,0.623397,3.6284,0.1653
4568,-100,-75.0,50.0,4.5,7.0,-43.15,14.4855,-87,75.83,29.01,0.999985,0.638852,3.5346,0.177
4569,-100,-75.0,50.0,4.5,8.5,-42.62,15.5509,-94,76.44,28.27,1.005073,0.638197,3.3786,0.1764
4570,-100,-75.0,50.0,4.5,10.0,-43.19,16.6748,-95,76.04,28.76,0.97282,0.648445,4.3987,0.1705
4571,-100,-75.0,50.0,4.5,11.5,-43.31,17.0818,-100,75.97,28.84,0.94901,0.606339,3.3178,0.1833
4572,-100,-75.0,50.0,4.5,13.0,-42.93,18.241,-100,75.77,29.08,0.988681,0.686096,4.8539,0.1742
4573,-100,-75.0,50.0,4.75,1.0,-39.61,14.3458,-61,75.07,29.91,0.920263,0.619617,4.0847,0.1974
4574,-100,-75.0,50.0,4.75,2.5,-39.92,14.6187,-65,75.87,28.96,0.976995,0.61448,3.192,0.1913
4575,-100,-75.0,50.0,4.75,4.0,-39.46,14.0528,-69,75.71,29.14,0.934884,0.610655,3.9621,0.1645
4576,-100,-75.0,50.0,4.75,5.5,-40.05,14.6334,-78,76.4,28.32,1.008178,0.724344,5.4518,0.1391
4578,-100,-75.0,50.0,4.75,8.5,-39.82,16.3633,-90,76.72,27.94,1.021772,0.637459,3.4949,0.1842
4577,-100,-75.0,50.0,4.75,7.0,-40.35,15.0029,-81,76.53,28.17,0.990753,0.654569,4.0521,0.1547
4579,-100,-75.0,50.0,4.75,10.0,-39.37,16.8792,-88,75.7,29.16,0.99128,0.651976,4.1705,0.1919
4580,-100,-75.0,50.0,4.75,11.5,-39.79,17.6183,-96,76.43,28.28,1.04986,0.68673,4.53,0.1499
4581,-100,-75.0,50.0,4.75,13.0,-40.27,18.5248,-100,74.74,30.32,0.939204,0.665909,5.0943,0.1612
4582,-100,-75.0,50.0,5.0,1.0,-36.76,14.6671,-56,76.07,28.72,0.975547,0.627203,3.5571,0.1906
4583,-100,-75.0,50.0,5.0,2.5,-36.53,14.2348,-63,75.02,29.98,0.882461,0.572726,3.4231,0.1905
4584,-100,-75.0,50.0,5.0,4.0,-36.76,15.25,-67,76.27,28.47,1.003459,0.639351,3.3074,0.2047
4591,-100,-70.0,30.0,1.0,1.0,,,,100.0,0.0,0.0,0.0,0.0,0.0
4585,-100,-75.0,50.0,5.0,5.5,-36.98,15.2318,-72,76.21,28.54,0.978374,0.651864,3.9103,0.1734
4586,-100,-75.0,50.0,5.0,7.0,-36.7,15.9108,-79,75.78,29.08,0.957766,0.625853,3.5323,0.1791
4592,-100,-70.0,30.0,1.0,2.5,-78.0,2.1602,-81,100.0,0.0,4.389111,0.73802,0.0073,0.0
4593,-100,-70.0,30.0,1.0,4.0,-81.97,4.3909,-91,99.94,0.07,2.440551,0.907337,0.2084,0.0
4587,-100,-75.0,50.0,5.0,8.5,-37.08,16.5325,-90,76.83,27.8,1.034854,0.702895,4.9523,0.1692
4594,-100,-70.0,30.0,1.0,5.5,-87.93,5.6635,-100,99.8,0.24,2.411657,0.846337,0.4723,0.0
4595,-100,-70.0,30.0,1.0,7.0,-87.6,6.9393,-100,99.25,0.9,2.943692,1.32918,0.8438,0.0004
4588,-100,-75.0,50.0,5.0,10.0,-36.5,17.0045,-90,75.47,29.43,0.98136,0.624327,3.245,0.1994
4596,-100,-70.0,30.0,1.0,8.5,-87.73,8.5562,-100,97.88,2.55,2.410938,0.863422,2.5543,0.0027
4589,-100,-75.0,50.0,5.0,11.5,-36.72,18.1782,-100,76.1,28.69,0.940958,0.594672,2.6849,0.1611
4590,-100,-75.0,50.0,5.0,13.0,-36.95,19.1724,-100,76.17,28.59,0.991802,0.673043,4.6192,0.1583
4597,-100,-70.0,30.0,1.0,10.0,-87.72,9.6495,-100,96.97,3.64,2.320486,1.166909,3.5828,0.0051
4598,-100,-70.0,30.0,1.0,11.5,-86.3,10.3138,-100,95.1,5.88,2.651513,0.900479,2.2915,0.02
4600,-100,-70.0,30.0,1.25,1.0,-78.0,1.0,-79,100.0,0.0,3.490348,0.086265,0.0033,0.0
4601,-100,-70.0,30.0,1.25,2.5,-81.22,3.1937,-88,99.98,0.02,2.721129,0.609345,0.0502,0.0
4602,-100,-70.0,30.0,1.25,4.0,-84.33,4.875,-94,99.48,0.62,2.717778,0.762945,1.9775,0.0
4599,-100,-70.0,30.0,1.0,13.0,-86.69,11.1932,-100,94.23,6.93,2.73133,1.006045,2.0961,0.0227
4603,-100,-70.0,30.0,1.25,5.5,-85.51,6.0307,-100,99.21,0.95,2.640275,1.505907,1.9824,0.0
4604,-100,-70.0,30.0,1.25,7.0,-85.23,7.915,-100,98.15,2.22,3.08783,1.379542,2.4837,0.0012
4605,-100,-70.0,30.0,1.25,8.5,-85.89,8.6103,-100,97.32,3.21,3.028512,1.161535,2.3935,0.003
4606,-100,-70.0,30.0,1.25,10.0,-85.05,10.2223,-100,95.37,5.56,2.85584,1.405611,4.3835,0.0115
4607,-100,-70.0,30.0,1.25,11.5,-84.58,10.8253,-100,93.46,7.84,2.588674,1.225766,4.4433,0.0218
4608,-100,-70.0,30.0,1.25,13.0,-84.29,11.7375,-100,92.78,8.67,2.824151,1.049786,3.2022,0.03
4609,-100,-70.0,30.0,1.5,1.0,-76.53,1.298,-78,99.82,0.22,3.552128,0.846811,0.7695,0.0
4610,-100,-70.0,30.0,1.5,2.5,-78.97,2.8029,-85,99.64,0.43,2.910813,1.617397,1.0521,0.0
4611,-100,-70.0,30.0,1.5,4.0,-82.62,4.3537,-95,99.4,0.72,4.482866,1.593861,1.4522,0.0
4612,-100,-70.0,30.0,1.5,5.5,-83.08,6.2851,-100,98.0,2.4,3.236278,1.275061,3.3179,0.0006
4613,-100,-70.0,30.0,1.5,7.0,-83.09,7.442,-100,97.11,3.47,3.304883,1.998959,3.1253,0.0018
4614,-100,-70.0,30.0,1.5,8.5,-82.66,8.9675,-100,94.77,6.27,2.784623,1.984312,5.0514,0.0056
4615,-100,-70.0,30.0,1.5,10.0,-83.93,10.3605,-100,94.14,7.03,3.054717,1.135001,4.2781,0.0153
4616,-100,-70.0,30.0,1.5,11.5,-82.55,11.8783,-100,91.86,9.77,2.784849,1.114417,5.0427,0.0266
4618,-100,-70.0,30.0,1.75,1.0,-74.7,1.6273,-81,97.82,2.61,0.893953,1.134891,9.0202,0.0
4619,-100,-70.0,30.0,1.75,2.5,-77.43,3.0917,-85,97.9,2.52,2.234978,1.158016,5.4939,0.0
4617,-100,-70.0,30.0,1.5,13.0,-82.26,12.7836,-100,90.96,10.85,2.805929,1.081215,4.5127,0.037
4620,-100,-70.0,30.0,1.75,4.0,-80.48,5.7587,-91,97.36,3.17,2.232553,1.776167,7.1335,0.0
4621,-100,-70.0,30.0,1.75,5.5,-81.45,6.7086,-100,95.61,5.27,2.357908,1.320245,7.1268,0.0003
4622,-100,-70.0,30.0,1.75,7.0,-80.86,8.4384,-100,93.85,7.39,2.606987,1.348212,7.4232,0.0022
4623,-100,-70.0,30.0,1.75,8.5,-80.7,9.6162,-100,93.36,7.97,3.02975,1.385665,5.782,0.01
4624,-100,-70.0,30.0,1.75,10.0,-80.65,11.3904,-100,90.87,10.95,2.552337,1.692727,9.0846,0.0285
4625,-100,-70.0,30.0,1.75,11.5,-80.29,12.0699,-100,90.31,11.63,2.759637,1.428652,6.0411,0.0327
4627,-100,-70.0,30.0,2.0,1.0,-73.75,3.4889,-81,95.93,4.89,1.470464,1.931629,11.4737,0.0
4626,-100,-70.0,30.0,1.75,13.0,-79.94,12.9029,-100,89.04,13.15,2.763535,1.056647,4.1715,0.048
4628,-100,-70.0,30.0,2.0,2.5,-74.51,4.4991,-82,94.6,6.48,1.671537,1.534919,11.4404,0.0
4629,-100,-70.0,30.0,2.0,4.0,-77.5,5.5279,-93,94.3,6.84,1.983014,1.719809,10.36,0.0
4630,-100,-70.0,30.0,2.0,5.5,-78.19,7.2662,-100,91.38,10.34,1.769875,1.829977,13.9548,0.0018
4631,-100,-70.0,30.0,2.0,7.0,-78.52,8.8051,-100,91.62,10.06,2.346997,1.915505,10.8046,0.0061
4632,-100,-70.0,30.0,2.0,8.5,-78.46,10.4375,-100,89.81,12.22,2.323132,1.633609,11.0152,0.0132
4633,-100,-70.0,30.0,2.0,10.0,-78.29,11.132,-100,89.88,12.14,2.680072,1.457276,6.7985,0.0385
4634,-100,-70.0,30.0,2.0,11.5,-77.85,12.4017,-100,88.1,14.27,2.542717,1.632018,7.9641,0.0337
4635,-100,-70.0,30.0,2.0,13.0,-77.76,13.5441,-100,87.78,14.67,2.673806,1.475642,7.7932,0.0523
4636,-100,-70.0,30.0,2.25,1.0,-71.79,3.9871,-80,90.44,11.47,0.921591,0.917867,16.8533,0.0
4637,-100,-70.0,30.0,2.25,2.5,-72.87,4.8648,-83,90.93,10.89,1.267316,1.625875,15.5517,0.0
4638,-100,-70.0,30.0,2.25,4.0,-75.91,6.1758,-92,89.97,12.03,1.652825,1.475109,14.1507,0.0004
4639,-100,-70.0,30.0,2.25,5.5,-76.24,8.5668,-100,88.88,13.35,1.708283,1.558441,14.2645,0.0018
4640,-100,-70.0,30.0,2.25,7.0,-75.96,9.1284,-100,88.29,14.05,2.048581,1.447593,10.8149,0.0084
4642,-100,-70.0,30.0,2.25,10.0,-75.89,11.9041,-100,86.95,15.66,2.334978,1.28973,8.2745,0.0399
4641,-100,-70.0,30.0,2.25,8.5,-76.01,10.3479,-100,87.63,14.84,2.282856,1.47559,9.4778,0.0335
4643,-100,-70.0,30.0,2.25,11.5,-75.27,13.3191,-100,85.6,17.28,2.300411,1.782603,10.5679,0.0381
4644,-100,-70.0,30.0,2.25,13.0,-75.15,14.5144,-100,84.9,18.12,2.169778,1.547413,10.9473,0.0492
4645,-100,-70.0,30.0,2.5,1.0,-70.69,4.5983,-81,87.29,15.25,0.929678,1.053713,18.8098,0.0
4646,-100,-70.0,30.0,2.5,2.5,-73.2,5.9508,-84,87.57,14.92,1.133274,1.140616,17.4299,0.0
4647,-100,-70.0,30.0,2.5,4.0,-73.99,6.4396,-93,87.29,15.26,1.485379,1.369091,14.9291,0.0012
4649,-100,-70.0,30.0,2.5,7.0,-73.7,10.032,-100,86.62,16.06,2.198563,1.569063,10.7165,0.0203
4648,-100,-70.0,30.0,2.5,5.5,-73.8,8.4989,-100,86.93,15.68,1.812987,1.53334,13.4788,0.0103
4650,-100,-70.0,30.0,2.5,8.5,-73.52,11.335,-100,86.49,16.21,2.439209,1.581791,8.4467,0.045
4651,-100,-70.0,30.0,2.5,10.0,-73.79,12.2384,-100,85.92,16.9,2.395391,1.467199,8.0745,0.039
4652,-100,-70.0,30.0,2.5,11.5,-72.85,13.5201,-100,84.97,18.03,2.378199,1.286617,6.8541,0.0582
4653,-100,-70.0,30.0,2.5,13.0,-73.15,14.5446,-100,84.38,18.74,2.334866,1.446012,7.6941,0.0493
4654,-100,-70.0,30.0,2.75,1.0,-69.34,6.1414,-79,85.17,17.79,1.127607,1.231062,18.467,0.0
4655,-100,-70.0,30.0,2.75,2.5,-71.11,6.8634,-85,83.48,19.82,1.113855,1.175254,18.8238,0.0001
4656,-100,-70.0,30.0,2.75,4.0,-70.75,8.0944,-93,83.72,19.54,1.506604,1.208448,14.7756,0.0016
4657,-100,-70.0,30.0,2.75,5.5,-70.95,9.0329,-97,82.7,20.76,1.667748,1.520184,14.6012,0.014
4659,-100,-70.0,30.0,2.75,8.5,-71.12,12.0352,-100,83.44,19.87,2.019764,1.551039,11.3275,0.0503
4658,-100,-70.0,30.0,2.75,7.0,-70.9,10.708,-100,82.7,20.77,1.821157,1.388675,12.3495,0.0193
4660,-100,-70.0,30.0,2.75,10.0,-70.35,13.1441,-100,82.16,21.41,1.922842,1.598048,10.7594,0.0484
4661,-100,-70.0,30.0,2.75,11.5,-70.74,14.0039,-100,83.62,19.66,2.201965,1.489522,8.37,0.0456
4662,-100,-70.0,30.0,2.75,13.0,-71.01,15.5064,-100,83.0,20.4,2.175417,1.501589,9.6042,0.0727
4663,-100,-70.0,30.0,3.0,1.0,-67.88,7.7823,-80,82.06,21.52,1.007915,0.914388,18.4139,0.0
4664,-100,-70.0,30.0,3.0,2.5,-68.58,7.639,-85,81.33,22.41,1.167215,1.311883,18.1558,0.0002
4665,-100,-70.0,30.0,3.0,4.0,-68.33,8.632,-91,79.79,24.25,1.259142,1.222225,16.5188,0.0089
4666,-100,-70.0,30.0,3.0,5.5,-68.58,9.9408,-100,79.71,24.35,1.425597,1.322184,15.0115,0.0251
4667,-100,-70.0,30.0,3.0,7.0,-68.32,11.6689,-99,81.14,22.63,1.769132,1.510649,12.1522,0.0412
4668,-100,-70.0,30.0,3.0,8.5,-68.04,11.9823,-100,80.44,23.46,1.796007,1.319321,10.0718,0.0645
4669,-100,-70.0,30.0,3.0,10.0,-67.51,12.7654,-100,80.86,22.97,1.855111,1.538322,10.3541,0.0484
4670,-100,-70.0,30.0,3.0,11.5,-67.82,14.6622,-100,82.01,21.59,2.021483,1.247558,7.3676,0.0999
4671,-100,-70.0,30.0,3.0,13.0,-67.97,15.681,-100,81.06,22.73,1.951124,1.447408,9.5947,0.0843
4672,-100,-70.0,30.0,3.25,1.0,-66.0,8.3654,-79,78.72,25.53,0.994532,0.868432,17.7878,0.0001
4673,-100,-70.0,30.0,3.25,2.5,-65.72,7.9234,-83,77.38,27.14,1.083467,0.970551,15.7854,0.0029
4674,-100,-70.0,30.0,3.25,4.0,-65.69,9.9093,-89,79.45,24.66,1.413032,1.109954,12.6575,0.0059
4675,-100,-70.0,30.0,3.25,5.5,-65.54,10.3299,-97,79.8,24.25,1.625939,1.315384,11.1136,0.038
4676,-100,-70.0,30.0,3.25,7.0,-65.91,11.2012,-100,80.17,23.79,1.716944,1.21138,8.9712,0.0645
4677,-100,-70.0,30.0,3.25,8.5,-65.8,12.7493,-100,80.44,23.47,1.762439,1.157772,8.0671,0.0754
4678,-100,-70.0,30.0,3.25,10.0,-65.73,13.9911,-100,80.11,23.88,1.737934,1.319066,9.5218,0.0717
4679,-100,-70.0,30.0,3.25,11.5,-64.94,14.3974,-100,80.98,22.83,1.87476,1.223539,6.6748,0.0859
4680,-100,-70.0,30.0,3.25,13.0,-65.2,16.017,-100,80.1,23.89,1.822582,1.301745,8.6663,0.0946
4681,-100,-70.0,30.0,3.5,1.0,-63.12,8.9455,-77,77.24,27.31,1.052724,0.935647,14.6284,0.0057
4682,-100,-70.0,30.0,3.5,2.5,-63.57,9.3137,-82,77.64,26.83,1.199792,1.14457,14.099,0.0167
4683,-100,-70.0,30.0,3.5,4.0,-63.41,10.0171,-90,78.57,25.72,1.391795,1.134137,10.5062,0.0569
4684,-100,-70.0,30.0,3.5,5.5,-63.23,11.8311,-93,78.7,25.56,1.501526,1.341597,11.2009,0.0557
4685,-100,-70.0,30.0,3.5,7.0,-63.11,12.3049,-100,79.25,24.9,1.592902,1.176225,8.9077,0.0837
4686,-100,-70.0,30.0,3.5,8.5,-63.08,13.6105,-100,78.34,25.99,1.556331,1.219079,9.8683,0.0871
4687,-100,-70.0,30.0,3.5,10.0,-63.21,14.0129,-100,79.81,24.23,1.698869,1.320337,8.6423,0.0638
4688,-100,-70.0,30.0,3.5,11.5,-63.54,15.5141,-100,80.2,23.76,1.750845,1.157651,6.6774,0.0965
4689,-100,-70.0,30.0,3.5,13.0,-63.11,17.0442,-100,80.72,23.13,1.847904,1.30059,8.2494,0.0988
4690,-100,-70.0,30.0,3.75,1.0,-60.49,10.4233,-78,77.41,27.11,1.182509,0.944851,11.3874,0.0129
4691,-100,-70.0,30.0,3.75,2.5,-60.65,10.3769,-81,76.24,28.51,1.183243,0.883261,8.7508,0.0211
4692,-100,-70.0,30.0,3.75,4.0,-61.27,10.6024,-88,78.04,26.36,1.314924,0.973972,8.7522,0.0468
4693,-100,-70.0,30.0,3.75,5.5,-61.05,11.9636,-93,79.16,25.01,1.465992,1.068903,7.6382,0.062
4694,-100,-70.0,30.0,3.75,7.0,-60.89,12.4239,-100,78.71,25.55,1.493189,1.195633,8.1528,0.0852
4695,-100,-70.0,30.0,3.75,8.5,-60.93,13.4448,-100,78.91,25.31,1.53097,1.089439,6.8043,0.1016
4697,-100,-70.0,30.0,3.75,11.5,-60.79,15.5797,-100,79.4,24.72,1.584558,1.046666,6.0121,0.1088
4696,-100,-70.0,30.0,3.75,10.0,-60.44,14.6036,-100,79.07,25.12,1.573195,1.177275,7.694,0.0934
4698,-100,-70.0,30.0,3.75,13.0,-60.13,16.9057,-100,79.66,24.41,1.666414,1.292282,8.5814,0.0968
4699,-100,-70.0,30.0,4.0,1.0,-58.09,11.5375,-77,77.44,27.08,1.161109,0.802084,7.6198,0.013
4700,-100,-70.0,30.0,4.0,2.5,-57.98,11.28,-82,76.76,27.89,1.137265,0.863727,7.7462,0.07
4701,-100,-70.0,30.0,4.0,4.0,-58.57,11.3799,-87,77.9,26.52,1.31487,0.87164,5.8051,0.1051
4703,-100,-70.0,30.0,4.0,7.0,-58.25,12.5872,-100,77.76,26.69,1.439733,0.976796,6.6064,0.1388
4702,-100,-70.0,30.0,4.0,5.5,-57.87,12.3207,-90,77.49,27.02,1.264627,0.973353,6.7387,0.091
4704,-100,-70.0,30.0,4.0,8.5,-58.22,14.0309,-100,77.83,26.61,1.354293,0.997687,6.7464,0.1166
4705,-100,-70.0,30.0,4.0,10.0,-57.86,15.2741,-100,78.16,26.21,1.432448,0.990853,6.9838,0.1156
4706,-100,-70.0,30.0,4.0,11.5,-58.45,15.994,-100,79.23,24.93,1.555014,0.93708,4.6076,0.1318
4707,-100,-70.0,30.0,4.0,13.0,-58.04,17.3835,-100,77.83,26.6,1.428538,1.111137,8.2258,0.0975
4708,-100,-70.0,30.0,4.25,1.0,-55.99,12.5012,-74,76.54,28.16,1.105061,0.812806,6.7471,0.0606
4709,-100,-70.0,30.0,4.25,2.5,-55.57,12.1243,-78,77.08,27.51,1.119483,0.787928,5.043,0.1177
4710,-100,-70.0,30.0,4.25,4.0,-55.51,12.0797,-84,77.3,27.24,1.232207,0.923251,6.3506,0.0864
4711,-100,-70.0,30.0,4.25,5.5,-55.42,12.9436,-90,77.0,27.6,1.259303,0.887081,6.0338,0.1514
4712,-100,-70.0,30.0,4.25,7.0,-55.71,13.9941,-96,77.53,26.96,1.246264,0.928862,6.2354,0.1294
4713,-100,-70.0,30.0,4.25,8.5,-55.6,15.2209,-97,77.92,26.5,1.355487,0.929561,5.5747,0.1096
4714,-100,-70.0,30.0,4.25,10.0,-55.82,15.5828,-100,77.98,26.43,1.33397,0.952227,5.7154,0.1088
4716,-100,-70.0,30.0,4.25,13.0,-55.84,17.775,-100,77.13,27.45,1.353315,0.921552,5.6961,0.1162
4715,-100,-70.0,30.0,4.25,11.5,-55.68,16.7826,-100,78.34,26.0,1.404754,0.914388,5.7409,0.126
4718,-100,-70.0,30.0,4.5,2.5,-53.95,14.0259,-79,76.87,27.74,1.102966,0.841446,6.1184,0.1356
4717,-100,-70.0,30.0,4.5,1.0,-53.16,13.6101,-72,75.93,28.89,0.955004,0.633829,4.2264,0.1809
4719,-100,-70.0,30.0,4.5,4.0,-53.19,13.1364,-82,77.09,27.49,1.129661,0.74339,4.4009,0.1523
4720,-100,-70.0,30.0,4.5,5.5,-53.45,14.2627,-89,77.23,27.33,1.161968,0.782515,4.2026,0.1161
4721,-100,-70.0,30.0,4.5,7.0,-53.39,14.8107,-97,77.49,27.01,1.16705,0.835989,5.6456,0.1479
4722,-100,-70.0,30.0,4.5,8.5,-53.31,15.0646,-100,76.62,28.06,1.164498,0.855028,6.1385,0.1284
4723,-100,-70.0,30.0,4.5,10.0,-53.13,15.6802,-100,77.61,26.87,1.232947,0.859164,5.4297,0.1449
4724,-100,-70.0,30.0,4.5,11.5,-53.08,17.5982,-100,76.68,27.99,1.318091,0.89138,5.7296,0.1463
4725,-100,-70.0,30.0,4.5,13.0,-52.99,18.3558,-100,77.8,26.64,1.377633,0.858444,4.8359,0.159
4726,-100,-70.0,30.0,4.75,1.0,-50.77,14.0405,-72,75.48,29.42,0.950629,0.646034,3.4215,0.181
4727,-100,-70.0,30.0,4.75,2.5,-51.29,12.911,-79,76.65,28.0,1.061571,0.730243,4.8791,0.1376
4728,-100,-70.0,30.0,4.75,4.0,-50.45,13.7555,-83,76.47,28.24,1.053896,0.672069,3.3888,0.1675
4731,-100,-70.0,30.0,4.75,8.5,-50.35,16.0232,-99,77.78,26.67,1.214938,0.812787,4.9826,0.1467
4729,-100,-70.0,30.0,4.75,5.5,-50.49,14.9955,-89,76.56,28.12,1.074732,0.793815,5.8164,0.118
4730,-100,-70.0,30.0,4.75,7.0,-50.81,15.7982,-93,77.9,26.53,1.174371,0.805355,4.7552,0.1168
4732,-100,-70.0,30.0,4.75,10.0,-50.34,17.1361,-100,77.3,27.25,1.170921,0.772912,4.2018,0.1523
4733,-100,-70.0,30.0,4.75,11.5,-50.49,18.2134,-100,76.67,28.0,1.184015,0.753859,4.2215,0.1302
4734,-100,-70.0,30.0,4.75,13.0,-50.54,18.8495,-100,78.01,26.39,1.3182,0.89899,5.9603,0.1346
4736,-100,-70.0,30.0,5.0,2.5,-48.18,14.7764,-74,76.68,27.97,0.983872,0.633391,3.0242,0.1564
4735,-100,-70.0,30.0,5.0,1.0,-47.74,13.6684,-68,76.12,28.65,0.998273,0.629552,2.8534,0.1967
4737,-100,-70.0,30.0,5.0,4.0,-47.83,15.3631,-79,76.86,27.76,1.02614,0.65622,3.149,0.1701
4744,-100,-70.0,40.0,1.0,1.0,-82.0,0.0,-82,100.0,0.0,2.193032,0.0,0.0024,0.0
4745,-100,-70.0,40.0,1.0,2.5,,,,100.0,0.0,0.0,0.0,0.0,0.0
4746,-100,-70.0,40.0,1.0,4.0,-84.45,4.3851,-94,99.94,0.07,2.835764,0.81931,0.1922,0.0
4738,-100,-70.0,30.0,5.0,5.5,-47.89,15.9434,-83,76.37,28.35,1.051471,0.700841,4.4658,0.1771
4739,-100,-70.0,30.0,5.0,7.0,-47.73,15.8638,-89,76.51,28.2,1.110011,0.735685,4.5211,0.1476
4740,-100,-70.0,30.0,5.0,8.5,-47.99,16.8958,-100,77.21,27.35,1.112486,0.772786,5.0023,0.1214
4741,-100,-70.0,30.0,5.0,10.0,-48.09,17.4088,-100,77.14,27.43,1.127092,0.744178,4.1915,0.1643
4742,-100,-70.0,30.0,5.0,11.5,-47.97,18.3282,-100,76.11,28.67,1.133906,0.796538,5.2784,0.154
4747,-100,-70.0,40.0,1.0,5.5,-84.52,5.7432,-100,99.71,0.35,3.058294,1.124583,0.4569,0.0
4748,-100,-70.0,40.0,1.0,7.0,-87.09,6.8966,-100,98.92,1.3,2.586242,1.101386,1.5883,0.0008
4743,-100,-70.0,30.0,5.0,13.0,-48.16,19.2049,-100,77.53,26.96,1.230867,0.790358,4.4337,0.1475
4749,-100,-70.0,40.0,1.0,8.5,-87.23,8.634,-100,98.17,2.19,3.151764,1.073422,1.7074,0.0032
4753,-100,-70.0,40.0,1.25,1.0,-77.75,1.3565,-80,100.0,0.0,3.669661,0.389247,0.0085,0.0
4750,-100,-70.0,40.0,1.0,10.0,-86.39,9.1874,-100,96.43,4.28,2.620804,1.6329,2.8996,0.0074
4751,-100,-70.0,40.0,1.0,11.5,-85.89,10.4345,-100,94.73,6.33,2.580095,0.985957,3.1475,0.0186
4752,-100,-70.0,40.0,1.0,13.0,-85.84,11.4506,-100,93.42,7.89,2.651867,1.037541,3.144,0.0215
4755,-100,-70.0,40.0,1.25,4.0,-81.21,4.366,-90,99.54,0.55,3.140162,1.018875,1.1043,0.0
4754,-100,-70.0,40.0,1.25,2.5,-80.95,3.1151,-85,99.98,0.03,3.391271,2.272051,0.0708,0.0
4756,-100,-70.0,40.0,1.25,5.5,-85.07,6.2984,-100,98.83,1.4,3.275558,1.037615,2.245,0.0001
4757,-100,-70.0,40.0,1.25,7.0,-85.11,7.4837,-100,97.88,2.55,3.056588,1.232719,2.5849,0.0006
4758,-100,-70.0,40.0,1.25,8.5,-84.19,9.0682,-100,96.13,4.64,3.022265,1.462119,4.2667,0.007
4759,-100,-70.0,40.0,1.25,10.0,-83.78,10.0942,-100,94.52,6.57,2.780597,1.008145,4.2865,0.0142
4760,-100,-70.0,40.0,1.25,11.5,-83.32,11.3919,-100,93.0,8.41,2.99163,1.330269,4.3779,0.0295
4761,-100,-70.0,40.0,1.25,13.0,-83.34,12.1936,-100,91.72,9.93,2.853462,1.106351,4.041,0.0427
4762,-100,-70.0,40.0,1.5,1.0,-75.69,1.4414,-80,99.33,0.8,2.679736,0.89333,2.7491,0.0
4763,-100,-70.0,40.0,1.5,2.5,-77.55,3.602,-88,98.02,2.37,1.588215,1.432482,6.7565,0.0
4764,-100,-70.0,40.0,1.5,4.0,-80.8,4.589,-92,98.73,1.52,4.32337,1.671441,2.5164,0.0
4765,-100,-70.0,40.0,1.5,5.5,-81.48,7.119,-100,96.4,4.32,2.618691,1.80987,6.4775,0.0006
4766,-100,-70.0,40.0,1.5,7.0,-82.01,7.8585,-100,95.72,5.14,3.242923,1.46981,4.6585,0.0036
4767,-100,-70.0,40.0,1.5,8.5,-81.4,9.5384,-100,93.46,7.85,2.848086,1.460474,6.371,0.009
4768,-100,-70.0,40.0,1.5,10.0,-81.19,10.6089,-100,92.06,9.53,2.872771,0.974222,4.5298,0.0184
4769,-100,-70.0,40.0,1.5,11.5,-80.98,11.705,-100,90.62,11.25,2.785451,1.287393,5.4624,0.0277
4771,-100,-70.0,40.0,1.75,1.0,-73.88,1.8302,-81,95.48,5.42,1.373015,1.162562,10.2115,0.0
4770,-100,-70.0,40.0,1.5,13.0,-80.61,12.6,-100,89.98,12.03,2.889006,1.275276,3.9561,0.0406
4772,-100,-70.0,40.0,1.75,2.5,-75.52,3.747,-84,95.78,5.07,1.775321,1.674724,10.5585,0.0
4773,-100,-70.0,40.0,1.75,4.0,-78.31,5.3401,-93,95.61,5.26,2.4938,1.798356,7.7423,0.0
4774,-100,-70.0,40.0,1.75,5.5,-79.16,6.8845,-100,94.91,6.11,2.936303,1.39472,5.6269,0.0011
4775,-100,-70.0,40.0,1.75,7.0,-78.64,8.7442,-100,92.82,8.62,2.764269,1.465451,6.9435,0.0062
4776,-100,-70.0,40.0,1.75,8.5,-78.49,9.7299,-100,91.28,10.46,2.867368,1.491466,6.3049,0.0259
4777,-100,-70.0,40.0,1.75,10.0,-78.73,11.4671,-100,89.47,12.63,2.621058,1.488804,7.9442,0.0235
4778,-100,-70.0,40.0,1.75,11.5,-78.8,12.2751,-100,88.92,13.3,2.795594,1.394959,5.9856,0.0494
4779,-100,-70.0,40.0,1.75,13.0,-78.2,13.2138,-100,87.64,14.84,2.579595,1.146558,4.8898,0.0365
4780,-100,-70.0,40.0,2.0,1.0,-72.57,2.6366,-80,90.39,11.53,0.76329,0.916209,17.9723,0.0
4781,-100,-70.0,40.0,2.0,2.5,-74.91,4.0534,-84,91.4,10.32,1.135593,1.546689,16.0009,0.0
4782,-100,-70.0,40.0,2.0,4.0,-75.63,5.9085,-92,89.69,12.37,1.377967,1.4504,15.8419,0.0009
4783,-100,-70.0,40.0,2.0,5.5,-76.27,7.4766,-100,90.2,11.77,2.097703,1.705428,11.835,0.0058
4784,-100,-70.0,40.0,2.0,7.0,-75.91,9.1936,-100,88.15,14.22,2.091489,1.573367,12.3474,0.014
4785,-100,-70.0,40.0,2.0,8.5,-76.26,10.7586,-100,87.86,14.57,2.213339,1.764412,11.0933,0.0193
4786,-100,-70.0,40.0,2.0,10.0,-76.37,11.4865,-100,87.67,14.8,2.520065,1.425849,7.4783,0.0336
4787,-100,-70.0,40.0,2.0,11.5,-75.7,12.6196,-100,86.03,16.77,2.425762,1.280874,7.5994,0.0552
4788,-100,-70.0,40.0,2.0,13.0,-75.39,13.8909,-100,85.74,17.11,2.45355,1.574149,8.221,0.0541
4789,-100,-70.0,40.0,2.25,1.0,-72.45,4.7784,-80,88.1,14.28,1.071262,1.348479,17.6963,0.0
4790,-100,-70.0,40.0,2.25,2.5,-72.72,5.4898,-88,87.24,15.31,1.170192,1.242252,17.8343,0.0
4791,-100,-70.0,40.0,2.25,4.0,-73.13,6.8811,-91,87.85,14.58,1.805484,1.44263,13.0818,0.0025
4792,-100,-70.0,40.0,2.25,5.5,-72.75,8.8029,-98,85.95,16.86,1.994889,1.489318,12.46,0.021
4793,-100,-70.0,40.0,2.25,7.0,-73.38,9.7336,-100,85.79,17.05,2.122184,1.588911,11.708,0.0219
4794,-100,-70.0,40.0,2.25,8.5,-73.09,11.2658,-100,85.94,16.87,2.399486,1.501195,8.6914,0.043
4795,-100,-70.0,40.0,2.25,10.0,-73.0,12.0132,-100,85.49,17.41,2.452877,1.402523,6.8167,0.0555
4796,-100,-70.0,40.0,2.25,11.5,-72.89,13.0592,-100,84.43,18.68,2.266572,1.462553,8.469,0.0559
4797,-100,-70.0,40.0,2.25,13.0,-72.73,14.04,-100,84.31,18.83,2.333183,1.71261,9.4276,0.0585
4798,-100,-70.0,40.0,2.5,1.0,-69.42,5.6681,-78,83.96,19.24,1.11017,1.050326,18.2372,0.0
4799,-100,-70.0,40.0,2.5,2.5,-70.69,5.7718,-83,83.7,19.56,1.251375,1.110138,16.8631,0.0003
4800,-100,-70.0,40.0,2.5,4.0,-70.39,8.0857,-92,82.63,20.84,1.425719,1.295561,15.4212,0.0057
4801,-100,-70.0,40.0,2.5,5.5,-70.08,8.491,-95,81.85,21.79,1.675549,1.375578,13.3495,0.0159
4802,-100,-70.0,40.0,2.5,7.0,-70.62,9.9563,-100,83.14,20.24,2.012592,1.443022,10.6898,0.0346
4803,-100,-70.0,40.0,2.5,8.5,-71.03,11.3551,-100,82.9,20.52,2.029522,1.59355,11.5238,0.0602
4804,-100,-70.0,40.0,2.5,10.0,-70.32,12.1746,-100,82.89,20.53,2.13889,1.417423,8.8584,0.0502
4805,-100,-70.0,40.0,2.5,11.5,-69.53,13.6101,-100,82.43,21.08,2.086229,1.469399,8.4381,0.052
4806,-100,-70.0,40.0,2.5,13.0,-70.03,15.1731,-100,82.49,21.01,2.100916,1.472199,9.0771,0.0924
4807,-100,-70.0,40.0,2.75,1.0,-67.31,6.3994,-82,79.28,24.87,1.142091,1.131381,17.0366,0.0004
4808,-100,-70.0,40.0,2.75,2.5,-67.88,7.4886,-84,80.69,23.18,1.311178,1.249866,16.3814,0.0039
4809,-100,-70.0,40.0,2.75,4.0,-67.65,8.7294,-90,80.22,23.74,1.52388,1.326339,13.3804,0.0282
4810,-100,-70.0,40.0,2.75,5.5,-67.87,9.2683,-94,81.31,22.43,1.740913,1.582729,12.822,0.0528
4811,-100,-70.0,40.0,2.75,7.0,-67.78,10.7641,-100,80.69,23.16,1.835752,1.489595,11.2045,0.0677
4812,-100,-70.0,40.0,2.75,8.5,-67.86,12.0205,-100,81.36,22.37,1.894654,1.310429,9.291,0.0829
4813,-100,-70.0,40.0,2.75,10.0,-67.39,12.7041,-100,81.21,22.55,1.92094,1.591558,10.9937,0.0687
4814,-100,-70.0,40.0,2.75,11.5,-67.6,14.3127,-100,82.03,21.56,2.10002,1.246046,6.8193,0.079
4815,-100,-70.0,40.0,2.75,13.0,-67.16,15.2391,-100,81.51,22.19,1.978822,1.213152,7.1545,0.1047
4816,-100,-70.0,40.0,3.0,1.0,-64.87,7.6822,-78,78.2,26.17,1.126442,0.866858,13.9685,0.0027
4817,-100,-70.0,40.0,3.0,2.5,-64.23,8.4599,-81,77.55,26.93,1.332134,1.131262,12.0525,0.0446
4818,-100,-70.0,40.0,3.0,4.0,-64.73,8.4936,-88,78.28,26.07,1.471821,1.091595,9.5363,0.0472
4820,-100,-70.0,40.0,3.0,7.0,-64.29,11.5734,-100,80.51,23.39,1.681189,1.248017,9.072,0.0735
4819,-100,-70.0,40.0,3.0,5.5,-64.59,10.3717,-96,79.38,24.75,1.615672,1.085778,8.1817,0.064
4821,-100,-70.0,40.0,3.0,8.5,-64.8,12.0645,-100,79.84,24.19,1.693192,1.15955,8.276,0.0796
4822,-100,-70.0,40.0,3.0,10.0,-64.27,13.0368,-100,80.2,23.76,1.742416,1.213422,6.9766,0.0733
4823,-100,-70.0,40.0,3.0,11.5,-64.58,13.9542,-100,80.03,23.97,1.780129,1.302976,7.8142,0.0899
4824,-100,-70.0,40.0,3.0,13.0,-64.23,15.596,-100,80.32,23.63,1.805192,1.183021,6.2582,0.0864
4825,-100,-70.0,40.0,3.25,1.0,-61.85,8.8142,-76,76.79,27.85,1.123528,0.837678,10.8018,0.0172
4826,-100,-70.0,40.0,3.25,2.5,-62.39,9.4001,-82,78.09,26.3,1.304166,0.962876,9.0276,0.0283
4827,-100,-70.0,40.0,3.25,4.0,-61.99,9.8746,-88,78.3,26.03,1.381725,1.107372,8.6394,0.063
4829,-100,-70.0,40.0,3.25,7.0,-62.07,11.5679,-94,78.61,25.67,1.54837,1.199176,8.3976,0.0839
4828,-100,-70.0,40.0,3.25,5.5,-62.37,10.2468,-97,78.4,25.92,1.44527,1.089841,8.3836,0.0725
4830,-100,-70.0,40.0,3.25,8.5,-62.24,12.4466,-100,78.98,25.23,1.570587,0.960391,5.5632,0.1139
4831,-100,-70.0,40.0,3.25,10.0,-61.61,13.7485,-100,79.61,24.47,1.634488,0.990225,5.2698,0.1302
4832,-100,-70.0,40.0,3.25,11.5,-61.85,14.9328,-100,79.9,24.13,1.681103,1.152374,6.9036,0.092
4833,-100,-70.0,40.0,3.25,13.0,-61.87,16.1113,-100,80.28,23.66,1.735446,1.070774,5.4626,0.1137
4834,-100,-70.0,40.0,3.5,1.0,-59.33,10.1671,-76,77.49,27.01,1.158262,0.876084,6.9486,0.0456
4835,-100,-70.0,40.0,3.5,2.5,-59.41,10.3023,-78,77.88,26.55,1.276659,0.901463,5.5989,0.1284
4836,-100,-70.0,40.0,3.5,4.0,-59.0,10.2201,-89,77.61,26.86,1.283333,0.928185,6.6469,0.0938
4838,-100,-70.0,40.0,3.5,7.0,-59.6,11.8231,-94,77.45,27.06,1.354435,1.026638,6.9536,0.0808
4837,-100,-70.0,40.0,3.5,5.5,-58.9,11.2191,-91,78.04,26.35,1.333828,0.872661,5.4097,0.1104
4839,-100,-70.0,40.0,3.5,8.5,-58.52,12.7504,-100,78.35,25.98,1.402594,0.893126,4.8424,0.1276
4840,-100,-70.0,40.0,3.5,10.0,-58.72,14.1187,-100,78.39,25.94,1.456748,1.032237,5.9428,0.1108
4841,-100,-70.0,40.0,3.5,11.5,-58.99,15.2976,-100,79.14,25.03,1.53191,1.086406,6.4984,0.1171
4842,-100,-70.0,40.0,3.5,13.0,-59.34,16.8574,-100,79.44,24.67,1.594127,1.093319,6.4715,0.103
4843,-100,-70.0,40.0,3.75,1.0,-56.24,10.9186,-72,76.64,28.03,1.085798,0.704397,3.7857,0.1736
4844,-100,-70.0,40.0,3.75,2.5,-56.45,10.8634,-77,76.72,27.94,1.14505,0.84762,5.1835,0.1105
4845,-100,-70.0,40.0,3.75,4.0,-55.74,12.0645,-81,77.04,27.55,1.116077,0.782403,4.5935,0.0851
4846,-100,-70.0,40.0,3.75,5.5,-55.97,11.8961,-86,76.93,27.69,1.164186,0.831772,5.7186,0.1149
4847,-100,-70.0,40.0,3.75,7.0,-56.16,12.2943,-97,77.68,26.79,1.270092,0.905703,6.4535,0.123
4848,-100,-70.0,40.0,3.75,8.5,-55.81,13.3193,-96,77.69,26.76,1.319275,1.050905,7.3556,0.0895
4849,-100,-70.0,40.0,3.75,10.0,-56.48,14.1659,-100,76.83,27.81,1.285999,0.922654,6.1135,0.1111
4850,-100,-70.0,40.0,3.75,11.5,-55.46,16.0735,-100,77.67,26.8,1.346626,0.892327,5.0278,0.1214
4851,-100,-70.0,40.0,3.75,13.0,-55.4,16.5887,-100,78.11,26.27,1.376271,0.849538,4.1871,0.1546
4853,-100,-70.0,40.0,4.0,2.5,-53.52,11.5521,-77,75.89,28.93,1.005662,0.616429,2.2352,0.1989
4854,-100,-70.0,40.0,4.0,4.0,-53.18,11.4928,-82,76.72,27.93,1.047484,0.67627,3.5125,0.1612
4852,-100,-70.0,40.0,4.0,1.0,-53.25,11.152,-71,76.8,27.85,0.997629,0.604343,1.9403,0.1998
4855,-100,-70.0,40.0,4.0,5.5,-53.6,13.1354,-87,76.81,27.84,1.141301,0.71607,3.594,0.17
4856,-100,-70.0,40.0,4.0,7.0,-53.45,13.6781,-93,77.13,27.44,1.183411,0.856645,5.916,0.1134
4857,-100,-70.0,40.0,4.0,8.5,-53.2,14.2206,-100,77.36,27.17,1.218611,0.742623,3.4877,0.1669
4858,-100,-70.0,40.0,4.0,10.0,-53.11,15.3556,-100,77.58,26.9,1.304785,0.847758,4.9667,0.1578
4859,-100,-70.0,40.0,4.0,11.5,-53.44,16.1526,-100,77.9,26.53,1.313617,0.935293,5.5293,0.1231
4860,-100,-70.0,40.0,4.0,13.0,-52.8,17.6613,-100,78.38,25.94,1.353771,0.844405,4.4633,0.1583
4861,-100,-70.0,40.0,4.25,1.0,-50.74,12.1719,-70,76.27,28.47,1.010651,0.694698,4.8024,0.1524
4862,-100,-70.0,40.0,4.25,2.5,-51.04,12.5557,-77,76.57,28.12,1.01272,0.637632,2.7472,0.1857
4863,-100,-70.0,40.0,4.25,4.0,-50.75,12.8808,-80,75.86,28.97,0.975277,0.63587,3.4854,0.1771
4864,-100,-70.0,40.0,4.25,5.5,-50.04,13.5471,-84,76.25,28.49,1.037078,0.653618,3.0426,0.1828
4865,-100,-70.0,40.0,4.25,7.0,-50.86,13.9342,-92,77.22,27.34,1.139425,0.738057,4.0793,0.1745
4866,-100,-70.0,40.0,4.25,8.5,-50.26,14.6148,-99,77.17,27.39,1.144599,0.770029,4.5558,0.1436
4868,-100,-70.0,40.0,4.25,11.5,-49.92,16.553,-100,76.55,28.15,1.200596,0.958426,7.0826,0.1126
4867,-100,-70.0,40.0,4.25,10.0,-50.24,16.0416,-99,77.43,27.08,1.207132,0.765981,3.947,0.1712
4869,-100,-70.0,40.0,4.25,13.0,-50.34,17.6412,-100,78.03,26.36,1.256171,0.785177,4.0861,0.1554
4870,-100,-70.0,40.0,4.5,1.0,-47.86,13.1805,-67,75.55,29.34,0.922031,0.586518,2.9416,0.1869
4871,-100,-70.0,40.0,4.5,2.5,-47.64,13.1411,-74,75.57,29.32,0.951448,0.659137,4.8229,0.1593
4872,-100,-70.0,40.0,4.5,4.0,-47.42,13.4637,-80,76.9,27.72,1.040984,0.70808,4.6091,0.1576
4873,-100,-70.0,40.0,4.5,5.5,-47.52,13.8469,-81,76.35,28.39,0.990239,0.700103,4.6354,0.1545
4875,-100,-70.0,40.0,4.5,8.5,-47.81,15.2192,-95,77.15,27.42,1.104441,0.662633,2.4986,0.1786
4874,-100,-70.0,40.0,4.5,7.0,-47.35,14.4586,-88,76.62,28.05,0.997893,0.668638,4.0149,0.1773
4878,-100,-70.0,40.0,4.5,13.0,-46.98,18.5223,-100,75.59,29.28,1.120853,0.783202,5.8378,0.1667
4876,-100,-70.0,40.0,4.5,10.0,-47.74,16.1714,-100,77.39,27.12,1.146068,0.762328,4.2055,0.1427
4877,-100,-70.0,40.0,4.5,11.5,-47.57,17.2906,-100,77.37,27.16,1.173478,0.733584,3.9508,0.1417
4879,-100,-70.0,40.0,4.75,1.0,-44.89,13.2339,-65,76.31,28.42,0.965092,0.608013,3.0009,0.178
4880,-100,-70.0,40.0,4.75,2.5,-44.36,14.5078,-73,76.36,28.36,1.013408,0.68358,4.4874,0.1767
4881,-100,-70.0,40.0,4.75,4.0,-44.69,13.5823,-76,76.53,28.16,1.015823,0.794817,6.6858,0.1158
4882,-100,-70.0,40.0,4.75,5.5,-44.57,14.7534,-84,76.52,28.17,1.006956,0.669256,4.0568,0.1666
4883,-100,-70.0,40.0,4.75,7.0,-44.69,15.5606,-86,76.17,28.6,0.996842,0.655402,3.8366,0.1732
4884,-100,-70.0,40.0,4.75,8.5,-44.72,15.5865,-94,76.39,28.33,1.083658,0.716743,4.5791,0.1666
4885,-100,-70.0,40.0,4.75,10.0,-45.01,17.0716,-95,76.4,28.33,1.059735,0.668432,3.3006,0.1688
4886,-100,-70.0,40.0,4.75,11.5,-44.8,17.8864,-100,76.81,27.83,1.104203,0.748191,4.6125,0.1553
4887,-100,-70.0,40.0,4.75,13.0,-44.48,18.7863,-100,77.22,27.33,1.164211,0.752704,4.4862,0.1534
4888,-100,-70.0,40.0,5.0,1.0,-41.85,15.0502,-63,76.3,28.44,1.049826,0.733651,5.2877,0.1646
4890,-100,-70.0,40.0,5.0,4.0,-41.4,14.3979,-75,75.86,28.97,0.985939,0.643402,3.9509,0.1796
4889,-100,-70.0,40.0,5.0,2.5,-41.99,14.4724,-68,76.21,28.55,1.005433,0.621899,2.856,0.1893
4897,-100,-70.0,50.0,1.0,1.0,,,,100.0,0.0,0.0,0.0,0.0,0.0
4891,-100,-70.0,40.0,5.0,5.5,-41.51,14.5258,-75,76.2,28.56,0.983573,0.665887,4.4337,0.1774
4898,-100,-70.0,50.0,1.0,2.5,-78.43,2.4452,-84,99.98,0.02,3.354527,0.65021,0.0729,0.0
4892,-100,-70.0,40.0,5.0,7.0,-41.83,15.7021,-83,76.43,28.28,1.006673,0.646179,3.159,0.1758
4899,-100,-70.0,50.0,1.0,4.0,-83.62,3.8506,-90,99.92,0.1,2.487565,1.187759,0.2913,0.0
4893,-100,-70.0,40.0,5.0,8.5,-41.57,16.8277,-87,75.89,28.94,0.982898,0.633777,3.5387,0.186
4894,-100,-70.0,40.0,5.0,10.0,-41.86,17.7915,-97,76.88,27.74,1.060571,0.719133,4.6754,0.1426
4900,-100,-70.0,50.0,1.0,5.5,-86.69,5.6915,-100,99.54,0.55,2.911231,1.37145,0.8225,0.0
4895,-100,-70.0,40.0,5.0,11.5,-41.11,18.0274,-99,76.98,27.62,1.094864,0.730197,4.6168,0.169
4896,-100,-70.0,40.0,5.0,13.0,-41.34,19.4,-100,76.96,27.64,1.129105,0.771674,5.0116,0.1254
4901,-100,-70.0,50.0,1.0,7.0,-85.74,6.9612,-100,98.83,1.41,3.099988,1.767612,1.2975,0.0006
4902,-100,-70.0,50.0,1.0,8.5,-85.78,8.4816,-100,97.54,2.95,2.830836,1.902062,2.35,0.0025
4903,-100,-70.0,50.0,1.0,10.0,-86.21,9.5291,-100,96.3,4.43,2.91902,1.126758,2.4039,0.0156
4906,-100,-70.0,50.0,1.25,1.0,-76.2,1.5065,-80,99.87,0.16,3.070721,1.387818,0.3983,0.0
4907,-100,-70.0,50.0,1.25,2.5,-81.31,2.8886,-89,99.88,0.15,4.647638,2.204332,0.3425,0.0
4904,-100,-70.0,50.0,1.0,11.5,-85.55,10.874,-100,94.43,6.68,2.775016,1.115574,3.4814,0.0195
4905,-100,-70.0,50.0,1.0,13.0,-84.75,11.5329,-100,93.19,8.18,2.899484,1.171706,2.5655,0.0272
4908,-100,-70.0,50.0,1.25,4.0,-82.74,4.7153,-91,99.22,0.94,3.212404,1.354143,1.9873,0.0
4909,-100,-70.0,50.0,1.25,5.5,-83.06,6.0729,-100,98.05,2.34,2.670619,1.291437,3.794,0.0001
4910,-100,-70.0,50.0,1.25,7.0,-83.81,7.4426,-100,97.35,3.18,2.925651,1.55083,3.0443,0.0021
4911,-100,-70.0,50.0,1.25,8.5,-83.04,8.9987,-100,95.53,5.37,3.252536,1.15354,3.4215,0.0095
4912,-100,-70.0,50.0,1.25,10.0,-82.97,10.2609,-100,94.08,7.1,3.016362,1.245331,3.7657,0.0194
4915,-100,-70.0,50.0,1.5,1.0,-76.39,1.7113,-81,99.7,0.36,3.818714,0.91641,0.8613,0.0
4913,-100,-70.0,50.0,1.25,11.5,-82.76,11.1957,-100,92.55,8.94,2.987147,1.387203,4.562,0.0307
4914,-100,-70.0,50.0,1.25,13.0,-82.22,12.0208,-100,91.56,10.13,2.931372,1.487988,3.5879,0.0249
4916,-100,-70.0,50.0,1.5,2.5,-77.79,3.0848,-86,98.28,2.06,2.731474,1.264662,4.4882,0.0
4917,-100,-70.0,50.0,1.5,4.0,-80.09,4.7377,-92,98.07,2.32,4.481003,1.769864,2.9112,0.0001
4918,-100,-70.0,50.0,1.5,5.5,-80.62,7.6722,-99,95.96,4.85,2.59299,1.78799,6.8675,0.0014
4919,-100,-70.0,50.0,1.5,7.0,-79.66,8.0286,-100,93.87,7.36,2.950692,1.673749,6.3178,0.0066
4920,-100,-70.0,50.0,1.5,8.5,-80.02,9.6902,-100,92.55,8.94,2.902608,1.648815,6.2476,0.0143
4921,-100,-70.0,50.0,1.5,10.0,-80.51,10.8382,-100,90.9,10.92,2.531367,1.680754,8.1925,0.0235
4922,-100,-70.0,50.0,1.5,11.5,-80.3,11.8396,-100,90.16,11.8,2.686894,1.632744,6.718,0.0225
4924,-100,-70.0,50.0,1.75,1.0,-73.17,2.3573,-79,93.81,7.43,1.078191,1.733476,14.8422,0.0
4923,-100,-70.0,50.0,1.5,13.0,-79.56,12.55,-100,89.04,13.16,2.76407,1.209591,3.9487,0.0369
4925,-100,-70.0,50.0,1.75,2.5,-76.39,4.8936,-87,94.95,6.06,1.667818,1.522382,10.7948,0.0
4926,-100,-70.0,50.0,1.75,4.0,-77.59,5.4138,-93,93.48,7.82,2.026104,1.646856,10.8281,0.0002
4927,-100,-70.0,50.0,1.75,5.5,-77.09,7.7804,-100,90.88,10.94,1.875131,1.780429,13.1086,0.0071
4928,-100,-70.0,50.0,1.75,7.0,-77.54,8.6085,-100,90.69,11.17,2.471904,1.889804,9.8705,0.0103
4929,-100,-70.0,50.0,1.75,8.5,-77.26,10.005,-100,89.62,12.47,2.590755,1.678051,8.4934,0.0229
4930,-100,-70.0,50.0,1.75,10.0,-76.59,11.2785,-100,88.01,14.4,2.37606,2.478052,11.857,0.0245
4931,-100,-70.0,50.0,1.75,11.5,-76.6,12.1817,-100,87.26,15.28,2.579361,1.97692,7.7036,0.0324
4932,-100,-70.0,50.0,1.75,13.0,-76.32,13.6516,-100,85.97,16.84,2.526218,1.49887,7.9293,0.0564
4933,-100,-70.0,50.0,2.0,1.0,-71.71,4.2811,-79,89.1,13.08,0.943035,1.101317,18.2671,0.0
4934,-100,-70.0,50.0,2.0,2.5,-74.03,4.3958,-85,88.65,13.63,1.130805,1.29798,17.4665,0.0
4935,-100,-70.0,50.0,2.0,4.0,-74.76,5.9466,-92,87.86,14.58,1.532666,1.496785,15.5015,0.0009
4936,-100,-70.0,50.0,2.0,5.5,-74.04,7.9162,-98,87.31,15.23,2.028956,1.455365,12.0621,0.0114
4937,-100,-70.0,50.0,2.0,7.0,-73.86,8.9713,-100,85.32,17.61,1.960638,1.663957,12.7773,0.0321
4938,-100,-70.0,50.0,2.0,8.5,-74.03,9.9511,-100,86.31,16.43,2.471353,1.428401,7.7028,0.033
4939,-100,-70.0,50.0,2.0,10.0,-73.51,11.5371,-100,85.89,16.93,2.471853,1.885531,9.1294,0.0527
4940,-100,-70.0,50.0,2.0,11.5,-74.08,13.1682,-100,85.2,17.76,2.353139,1.292699,8.1335,0.0682
4941,-100,-70.0,50.0,2.0,13.0,-73.75,13.9373,-100,84.39,18.73,2.372791,1.439991,7.6985,0.0715
4942,-100,-70.0,50.0,2.25,1.0,-71.24,4.916,-79,86.21,16.55,0.989478,1.053764,18.5512,0.0001
4943,-100,-70.0,50.0,2.25,2.5,-71.17,5.4484,-84,85.1,17.88,1.34116,1.434408,17.1028,0.0012
4944,-100,-70.0,50.0,2.25,4.0,-70.8,7.599,-91,83.49,19.81,1.534839,1.45039,15.8583,0.0174
4945,-100,-70.0,50.0,2.25,5.5,-71.22,8.4959,-98,82.88,20.55,1.686756,1.391443,13.8646,0.0208
4946,-100,-70.0,50.0,2.25,7.0,-71.01,9.5137,-100,83.57,19.71,2.108999,1.430623,9.4688,0.0378
4947,-100,-70.0,50.0,2.25,8.5,-71.14,10.5692,-100,83.03,20.36,2.022275,1.559466,11.1083,0.0491
4948,-100,-70.0,50.0,2.25,10.0,-70.76,12.2139,-100,83.27,20.08,2.192628,1.433098,8.9479,0.0853
4949,-100,-70.0,50.0,2.25,11.5,-71.63,13.1066,-100,84.0,19.2,2.368762,1.288173,6.0029,0.0721
4950,-100,-70.0,50.0,2.25,13.0,-70.48,14.4455,-100,83.77,19.48,2.32717,1.503937,7.486,0.0699
4951,-100,-70.0,50.0,2.5,1.0,-67.71,6.8811,-79,80.02,23.97,1.094958,1.149578,18.4848,0.0004
4952,-100,-70.0,50.0,2.5,2.5,-67.78,7.0174,-84,80.42,23.49,1.337017,1.19231,15.7139,0.0041
4953,-100,-70.0,50.0,2.5,4.0,-67.87,7.6737,-89,80.96,22.85,1.612022,1.237366,12.4459,0.031
4954,-100,-70.0,50.0,2.5,5.5,-67.69,9.4133,-95,80.54,23.35,1.72167,1.352415,11.0791,0.0462
4955,-100,-70.0,50.0,2.5,7.0,-67.66,9.8803,-97,80.95,22.86,1.833075,1.50694,11.283,0.0367
4956,-100,-70.0,50.0,2.5,8.5,-68.14,11.4067,-100,81.76,21.88,1.97775,1.416877,9.0189,0.0558
4957,-100,-70.0,50.0,2.5,10.0,-67.68,12.5619,-100,82.02,21.57,2.074889,1.328882,7.8616,0.0819
4958,-100,-70.0,50.0,2.5,11.5,-68.1,13.6576,-100,81.74,21.92,2.008977,1.286671,7.6299,0.0864
4959,-100,-70.0,50.0,2.5,13.0,-67.72,14.6423,-100,82.0,21.61,2.032842,1.384231,8.2418,0.0867
4960,-100,-70.0,50.0,2.75,1.0,-64.91,6.9048,-77,77.66,26.81,1.174409,1.01593,13.7696,0.0045
4961,-100,-70.0,50.0,2.75,2.5,-65.41,7.9756,-85,79.21,24.95,1.326142,1.0736,12.8775,0.0054
4962,-100,-70.0,50.0,2.75,4.0,-64.98,8.3196,-88,78.39,25.93,1.337312,1.209134,11.5014,0.0409
4963,-100,-70.0,50.0,2.75,5.5,-64.68,9.5388,-95,79.67,24.39,1.663453,1.383785,10.168,0.0577
4964,-100,-70.0,50.0,2.75,7.0,-64.99,10.2958,-100,79.6,24.48,1.694959,1.257904,8.7359,0.0784
4965,-100,-70.0,50.0,2.75,8.5,-64.71,11.4957,-100,79.85,24.18,1.654376,1.257879,8.2578,0.0594
4966,-100,-70.0,50.0,2.75,10.0,-65.14,12.5685,-100,80.53,23.36,1.799444,1.254625,7.3353,0.0767
4967,-100,-70.0,50.0,2.75,11.5,-64.7,14.3295,-100,80.99,22.82,1.922098,1.325336,7.5622,0.0974
4968,-100,-70.0,50.0,2.75,13.0,-64.46,15.0268,-100,80.94,22.87,1.887123,1.156767,6.2094,0.0917
4969,-100,-70.0,50.0,3.0,1.0,-61.47,8.3642,-77,76.93,27.69,1.085071,0.781248,9.6627,0.0058
4970,-100,-70.0,50.0,3.0,2.5,-62.14,8.7945,-80,77.73,26.72,1.304044,1.140514,9.4412,0.0954
4971,-100,-70.0,50.0,3.0,4.0,-61.61,9.5144,-88,77.25,27.29,1.275299,1.00995,8.0349,0.0812
4972,-100,-70.0,50.0,3.0,5.5,-61.88,9.6164,-90,78.62,25.66,1.517151,1.166624,7.5541,0.0951
4973,-100,-70.0,50.0,3.0,7.0,-61.43,10.9984,-95,78.85,25.38,1.475277,1.033475,7.3641,0.099
4974,-100,-70.0,50.0,3.0,8.5,-61.84,11.8243,-100,79.59,24.5,1.572325,1.035422,5.8871,0.0881
4975,-100,-70.0,50.0,3.0,10.0,-61.99,12.7344,-100,79.18,24.99,1.594012,0.993463,5.0613,0.1122
4976,-100,-70.0,50.0,3.0,11.5,-62.34,14.4414,-100,79.37,24.76,1.627434,1.115233,6.8047,0.1127
4977,-100,-70.0,50.0,3.0,13.0,-61.44,15.3913,-100,78.89,25.32,1.570149,1.196802,8.0085,0.097
4979,-100,-70.0,50.0,3.25,2.5,-58.77,9.7637,-80,76.75,27.9,1.152422,0.791847,4.7733,0.1194
4978,-100,-70.0,50.0,3.25,1.0,-59.01,9.64,-73,77.03,27.57,1.129474,0.845591,5.59,0.0938
4980,-100,-70.0,50.0,3.25,4.0,-58.38,10.1609,-84,77.4,27.12,1.269374,0.842262,4.6555,0.138
4981,-100,-70.0,50.0,3.25,5.5,-59.1,10.5782,-90,77.56,26.93,1.266451,0.997517,6.8846,0.0835
4982,-100,-70.0,50.0,3.25,7.0,-58.57,11.7193,-97,78.2,26.17,1.359735,0.948905,5.6856,0.0918
4983,-100,-70.0,50.0,3.25,8.5,-58.9,12.8852,-100,77.68,26.78,1.368816,0.999859,6.518,0.113
4984,-100,-70.0,50.0,3.25,10.0,-58.54,13.8884,-100,77.81,26.63,1.428866,1.053571,7.5656,0.1276
4985,-100,-70.0,50.0,3.25,11.5,-58.97,14.3503,-100,78.28,26.06,1.426892,1.044781,6.7047,0.1068
4986,-100,-70.0,50.0,3.25,13.0,-58.49,16.0627,-100,78.71,25.56,1.519288,1.015074,6.2685,0.1388
4988,-100,-70.0,50.0,3.5,2.5,-55.82,10.211,-83,76.36,28.36,1.073772,0.808777,6.4565,0.1195
4989,-100,-70.0,50.0,3.5,4.0,-56.01,11.2069,-83,77.34,27.2,1.12041,0.833911,5.4307,0.0911
4987,-100,-70.0,50.0,3.5,1.0,-55.32,10.04,-73,76.48,28.22,1.037964,0.678873,3.5079,0.1747
4990,-100,-70.0,50.0,3.5,5.5,-55.99,11.3426,-88,77.49,27.02,1.214261,0.819119,4.462,0.126
4991,-100,-70.0,50.0,3.5,7.0,-55.23,12.1367,-97,76.44,28.28,1.166073,0.887012,6.4538,0.1093
4992,-100,-70.0,50.0,3.5,8.5,-55.38,13.249,-98,77.21,27.35,1.22628,0.898417,5.8089,0.1002
4993,-100,-70.0,50.0,3.5,10.0,-55.68,14.0443,-100,77.79,26.66,1.31421,0.936912,6.1536,0.1183
4994,-100,-70.0,50.0,3.5,11.5,-56.03,14.6833,-100,77.64,26.83,1.317329,0.850559,4.3427,0.1492
4995,-100,-70.0,50.0,3.5,13.0,-55.51,15.6988,-100,77.68,26.8,1.410956,1.240829,8.5107,0.0856
4996,-100,-70.0,50.0,3.75,1.0,-53.08,11.147,-71,76.43,28.28,0.975186,0.647634,3.5606,0.1615
4997,-100,-70.0,50.0,3.75,2.5,-52.09,10.9146,-73,76.2,28.56,1.019188,0.672403,4.119,0.1868
4998,-100,-70.0,50.0,3.75,4.0,-52.57,11.9622,-81,76.69,27.98,1.052086,0.714406,3.9567,0.1269
5001,-100,-70.0,50.0,3.75,8.5,-52.5,13.9381,-98,76.17,28.6,1.146684,0.839793,6.2529,0.1157
5000,-100,-70.0,50.0,3.75,7.0,-52.57,12.7701,-94,77.08,27.5,1.168247,0.822588,5.265,0.1194
4999,-100,-70.0,50.0,3.75,5.5,-52.5,12.3993,-87,76.03,28.76,1.009141,0.674384,3.7126,0.1488
5002,-100,-70.0,50.0,3.75,10.0,-52.68,14.5246,-100,77.29,27.25,1.178914,0.782948,4.3486,0.1323
5003,-100,-70.0,50.0,3.75,11.5,-52.23,15.683,-100,77.04,27.55,1.206428,0.762669,4.0262,0.1533
5004,-100,-70.0,50.0,3.75,13.0,-51.99,17.1841,-100,77.73,26.72,1.259665,0.820249,4.5856,0.1397
5005,-100,-70.0,50.0,4.0,1.0,-49.36,11.4871,-67,76.66,28.01,1.036824,0.686544,4.2291,0.1563
5006,-100,-70.0,50.0,4.0,2.5,-49.32,11.2606,-71,75.38,29.55,0.950728,0.600842,2.757,0.2009
5007,-100,-70.0,50.0,4.0,4.0,-49.38,12.1639,-81,76.26,28.49,1.056866,0.682519,3.8948,0.1772
5008,-100,-70.0,50.0,4.0,5.5,-49.76,12.56,-84,76.48,28.23,1.062303,0.660747,2.5294,0.1809
5009,-100,-70.0,50.0,4.0,7.0,-49.1,13.9533,-90,76.74,27.92,1.090259,0.725883,4.4873,0.1677
5010,-100,-70.0,50.0,4.0,8.5,-49.32,13.8172,-94,77.03,27.57,1.092529,0.688122,2.8454,0.1748
5011,-100,-70.0,50.0,4.0,10.0,-49.72,15.1248,-97,76.46,28.26,1.101648,0.704457,3.8005,0.1676
5012,-100,-70.0,50.0,4.0,11.5,-49.21,16.8523,-100,77.56,26.92,1.165484,0.746359,3.789,0.1416
5013,-100,-70.0,50.0,4.0,13.0,-49.35,16.8408,-100,77.78,26.66,1.207247,0.763019,4.2602,0.155
5014,-100,-70.0,50.0,4.25,1.0,-46.35,12.2023,-65,76.32,28.41,1.023707,0.660696,3.5738,0.1711
5015,-100,-70.0,50.0,4.25,2.5,-45.89,12.5465,-69,76.24,28.49,0.972324,0.610413,2.8348,0.193
5016,-100,-70.0,50.0,4.25,4.0,-46.16,13.1477,-74,76.79,27.86,1.016177,0.65399,3.5583,0.1808
5017,-100,-70.0,50.0,4.25,5.5,-46.53,13.6529,-82,75.79,29.06,0.973568,0.608333,2.3359,0.2107
5018,-100,-70.0,50.0,4.25,7.0,-46.34,13.8798,-85,76.32,28.42,1.006845,0.712964,5.1839,0.1647
5019,-100,-70.0,50.0,4.25,8.5,-45.93,14.588,-93,76.62,28.06,1.034372,0.715503,4.9098,0.1526
5020,-100,-70.0,50.0,4.25,10.0,-46.02,16.1542,-98,76.56,28.14,1.046192,0.662175,3.4576,0.1717
5022,-100,-70.0,50.0,4.25,13.0,-46.65,17.8995,-100,76.98,27.63,1.136108,0.76533,4.9094,0.1487
5021,-100,-70.0,50.0,4.25,11.5,-46.5,17.3187,-100,76.77,27.87,1.133485,0.750303,4.6561,0.1664
5026,-100,-70.0,50.0,4.5,5.5,-43.34,14.1834,-79,75.97,28.84,0.95763,0.622176,2.8462,0.1899
5023,-100,-70.0,50.0,4.5,1.0,-43.23,13.4322,-65,76.27,28.48,0.989298,0.613041,2.7039,0.1827
5025,-100,-70.0,50.0,4.5,4.0,-43.41,13.917,-74,75.99,28.81,0.998691,0.65843,4.115,0.1757
5024,-100,-70.0,50.0,4.5,2.5,-43.74,13.5699,-67,76.34,28.4,0.997234,0.630221,3.553,0.1863
5027,-100,-70.0,50.0,4.5,7.0,-43.28,13.8066,-82,75.53,29.37,0.98133,0.695789,5.0114,0.1815
5028,-100,-70.0,50.0,4.5,8.5,-43.08,15.7556,-94,76.0,28.8,0.992827,0.682569,5.2009,0.1597
5029,-100,-70.0,50.0,4.5,10.0,-43.11,16.4689,-94,76.49,28.19,1.064652,0.730232,5.4744,0.1492
5030,-100,-70.0,50.0,4.5,11.5,-42.93,17.3828,-100,76.58,28.09,1.032123,0.630311,2.7079,0.2003
5031,-100,-70.0,50.0,4.5,13.0,-42.88,18.0398,-100,77.0,27.6,1.096961,0.688602,3.3048,0.1745
5032,-100,-70.0,50.0,4.75,1.0,-40.28,13.6758,-62,76.15,28.62,0.957624,0.590927,2.3031,0.1955
5033,-100,-70.0,50.0,4.75,2.5,-39.91,13.923,-66,76.38,28.34,1.014648,0.667897,3.4422,0.1553
5034,-100,-70.0,50.0,4.75,4.0,-39.95,14.2398,-71,76.37,28.36,0.953185,0.622678,3.3743,0.1827
5036,-100,-70.0,50.0,4.75,7.0,-39.75,15.1991,-90,76.35,28.39,1.01016,0.628768,2.769,0.1901
5038,-100,-70.0,50.0,4.75,10.0,-39.95,16.5698,-98,75.71,29.14,0.970859,0.633252,4.1214,0.1812
5037,-100,-70.0,50.0,4.75,8.5,-39.99,15.7029,-91,76.15,28.61,0.989067,0.644861,3.6129,0.1793
5035,-100,-70.0,50.0,4.75,5.5,-40.28,14.4798,-83,76.33,28.41,0.984809,0.683391,4.9797,0.1431
5039,-100,-70.0,50.0,4.75,11.5,-40.02,17.7563,-100,76.18,28.58,1.023944,0.658419,3.5356,0.1793
5040,-100,-70.0,50.0,4.75,13.0,-39.93,18.6579,-100,75.94,28.88,1.008998,0.652882,3.902,0.2012
5050,-100,-65.0,30.0,1.0,1.0,,,,100.0,0.0,0.0,0.0,0.0,0.0
5041,-100,-70.0,50.0,5.0,1.0,-36.95,14.7454,-57,75.56,29.33,0.953773,0.629647,3.7265,0.1965
5042,-100,-70.0,50.0,5.0,2.5,-37.17,14.2108,-63,76.16,28.6,0.97807,0.611038,2.7427,0.1725
5051,-100,-65.0,30.0,1.0,2.5,,,,100.0,0.0,0.0,0.0,0.0,0.0
5043,-100,-70.0,50.0,5.0,4.0,-36.93,15.0148,-73,75.9,28.92,0.969984,0.618794,3.2948,0.1786
5044,-100,-70.0,50.0,5.0,5.5,-36.76,15.3749,-73,76.0,28.79,0.990904,0.698226,5.3181,0.1642
5045,-100,-70.0,50.0,5.0,7.0,-36.83,15.761,-79,76.48,28.23,1.009164,0.671414,4.1228,0.1705
5052,-100,-65.0,30.0,1.0,4.0,,,,100.0,0.0,0.0,0.0,0.0,0.0
5046,-100,-70.0,50.0,5.0,8.5,-36.59,16.0115,-86,76.46,28.25,0.970031,0.62465,3.5899,0.1738
5047,-100,-70.0,50.0,5.0,10.0,-37.03,17.2159,-95,75.64,29.23,0.951698,0.60743,3.4237,0.1972
5048,-100,-70.0,50.0,5.0,11.5,-36.68,18.3268,-93,76.43,28.29,1.022697,0.700625,4.5489,0.1487
5053,-100,-65.0,30.0,1.0,5.5,-85.02,5.0006,-95,99.98,0.02,1.94494,0.703912,0.0431,0.0
5049,-100,-70.0,50.0,5.0,13.0,-36.74,19.0201,-100,76.31,28.42,1.020058,0.652911,3.3948,0.1621
5054,-100,-65.0,30.0,1.0,7.0,-85.91,6.7589,-100,99.89,0.14,2.234157,0.822498,0.2134,0.0
5055,-100,-65.0,30.0,1.0,8.5,-88.09,8.3169,-100,99.54,0.55,2.340906,1.185388,0.7254,0.0004
5056,-100,-65.0,30.0,1.0,10.0,-86.85,10.1404,-100,98.7,1.55,2.316789,1.001876,1.9131,0.0015
5057,-100,-65.0,30.0,1.0,11.5,-86.84,10.6885,-100,97.95,2.46,2.737286,1.002551,1.7988,0.0072
5058,-100,-65.0,30.0,1.0,13.0,-85.95,11.403,-100,97.09,3.49,2.891516,1.169441,1.6233,0.0135
5059,-100,-65.0,30.0,1.25,1.0,,,,100.0,0.0,0.0,0.0,0.0,0.0
5060,-100,-65.0,30.0,1.25,2.5,,,,100.0,0.0,0.0,0.0,0.0,0.0
5061,-100,-65.0,30.0,1.25,4.0,-82.21,4.6368,-85,99.99,0.02,1.976329,0.746034,0.0509,0.0
5062,-100,-65.0,30.0,1.25,5.5,-84.73,6.5634,-98,99.92,0.1,3.911237,1.18396,0.1912,0.0
5063,-100,-65.0,30.0,1.25,7.0,-86.96,7.5997,-100,99.66,0.41,4.053752,1.633462,0.6302,0.0
5064,-100,-65.0,30.0,1.25,8.5,-85.31,8.7174,-100,98.81,1.42,2.589708,1.193228,1.7763,0.001
5065,-100,-65.0,30.0,1.25,10.0,-85.41,9.9408,-100,98.05,2.34,2.878323,1.291283,1.929,0.0036
5066,-100,-65.0,30.0,1.25,11.5,-84.43,10.9935,-100,96.62,4.06,2.631982,1.163694,2.7882,0.0066
5068,-100,-65.0,30.0,1.5,1.0,,,,100.0,0.0,0.0,0.0,0.0,0.0
5067,-100,-65.0,30.0,1.25,13.0,-84.51,12.3174,-100,95.6,5.28,2.896153,1.295142,3.1438,0.0147
5069,-100,-65.0,30.0,1.5,2.5,-76.67,2.0548,-79,99.99,0.01,4.518335,0.927614,0.0119,0.0
5070,-100,-65.0,30.0,1.5,4.0,-74.8,3.9364,-83,99.87,0.16,3.346547,0.897199,0.4525,0.0
5071,-100,-65.0,30.0,1.5,5.5,-81.81,6.1804,-97,99.47,0.63,2.50964,1.533882,1.7353,0.0
5072,-100,-65.0,30.0,1.5,7.0,-83.32,7.7634,-100,99.23,0.92,3.7909,1.035437,1.3016,0.0002
5073,-100,-65.0,30.0,1.5,8.5,-83.35,9.3521,-100,97.9,2.51,2.670063,1.399171,3.555,0.0017
5074,-100,-65.0,30.0,1.5,10.0,-82.91,10.3902,-100,96.85,3.78,3.047393,0.941977,2.8666,0.0052
5075,-100,-65.0,30.0,1.5,11.5,-83.13,11.1854,-100,96.18,4.59,3.095905,1.135357,2.5283,0.0103
5077,-100,-65.0,30.0,1.75,1.0,-71.57,1.2527,-74,99.96,0.05,5.15211,1.497791,0.1512,0.0
5076,-100,-65.0,30.0,1.5,13.0,-82.42,12.3443,-100,94.28,6.86,2.748052,1.278106,4.002,0.0137
5078,-100,-65.0,30.0,1.75,2.5,-72.25,2.9581,-78,99.28,0.86,2.479085,0.936807,2.8786,0.0
5079,-100,-65.0,30.0,1.75,4.0,-76.94,4.7889,-89,98.93,1.28,2.154489,0.924808,3.8752,0.0
5080,-100,-65.0,30.0,1.75,5.5,-79.78,6.028,-97,98.47,1.84,3.037959,1.712746,2.9678,0.0
5081,-100,-65.0,30.0,1.75,7.0,-80.51,8.013,-100,98.1,2.28,3.874471,1.339403,2.5151,0.0002
5082,-100,-65.0,30.0,1.75,8.5,-80.96,9.6238,-100,97.21,3.35,3.503241,1.074393,2.789,0.0017
5083,-100,-65.0,30.0,1.75,10.0,-81.11,11.0311,-100,95.45,5.46,3.114954,1.444076,4.1427,0.0041
5084,-100,-65.0,30.0,1.75,11.5,-79.8,12.1896,-100,93.16,8.21,2.565806,1.249757,5.8514,0.0126
5086,-100,-65.0,30.0,2.0,1.0,-68.78,2.1085,-76,99.12,1.06,1.902912,1.379491,3.4968,0.0
5085,-100,-65.0,30.0,1.75,13.0,-79.95,13.0123,-100,92.87,8.56,2.846076,1.533919,5.1432,0.0242
5088,-100,-65.0,30.0,2.0,4.0,-77.03,4.9296,-90,97.81,2.62,2.038586,1.612621,6.7121,0.0
5087,-100,-65.0,30.0,2.0,2.5,-72.56,3.8295,-79,98.43,1.89,2.539253,1.44607,4.3901,0.0
5089,-100,-65.0,30.0,2.0,5.5,-77.94,6.4585,-98,97.26,3.29,3.04028,1.503216,4.95,0.0
5090,-100,-65.0,30.0,2.0,7.0,-78.29,9.2685,-100,95.61,5.27,2.691523,1.51214,6.6965,0.001
5091,-100,-65.0,30.0,2.0,8.5,-78.23,9.8679,-100,94.02,7.18,2.375357,1.511343,7.4911,0.0029
5092,-100,-65.0,30.0,2.0,10.0,-77.82,11.5007,-100,92.6,8.88,2.5503,1.526708,8.0227,0.0135
5093,-100,-65.0,30.0,2.0,11.5,-78.61,12.5501,-100,93.15,8.22,3.030403,1.45672,5.4645,0.0155
5095,-100,-65.0,30.0,2.25,1.0,-69.4,2.6105,-74,95.91,4.91,1.131251,1.304327,11.7494,0.0
5094,-100,-65.0,30.0,2.0,13.0,-77.98,14.0076,-100,91.41,10.31,2.928994,1.436604,5.7997,0.0241
5096,-100,-65.0,30.0,2.25,2.5,-70.59,3.8845,-80,96.3,4.44,1.234476,1.343538,11.1317,0.0
5097,-100,-65.0,30.0,2.25,4.0,-73.04,5.0136,-88,93.6,7.67,1.468377,1.319096,12.1648,0.0
5098,-100,-65.0,30.0,2.25,5.5,-75.37,7.1691,-96,93.75,7.5,1.96259,1.42695,10.6101,0.0003
5099,-100,-65.0,30.0,2.25,7.0,-75.77,9.1735,-100,93.13,8.25,2.311247,1.752799,10.2129,0.0025
5100,-100,-65.0,30.0,2.25,8.5,-75.45,10.664,-100,91.83,9.8,2.497854,1.5575,8.8648,0.0066
5101,-100,-65.0,30.0,2.25,10.0,-75.57,12.1827,-100,91.7,9.96,2.815816,1.646352,7.9121,0.0199
5102,-100,-65.0,30.0,2.25,11.5,-75.34,13.967,-100,89.78,12.26,2.568428,1.655122,9.5733,0.0277
5103,-100,-65.0,30.0,2.25,13.0,-75.38,14.3133,-100,89.49,12.61,2.833094,1.620246,7.0846,0.0242
5104,-100,-65.0,30.0,2.5,1.0,-67.59,3.8954,-74,92.14,9.44,0.760157,0.882348,16.8143,0.0
5105,-100,-65.0,30.0,2.5,2.5,-69.48,4.592,-82,92.21,9.35,1.051673,1.2276,15.5734,0.0
5106,-100,-65.0,30.0,2.5,4.0,-72.85,6.2105,-88,91.98,9.62,1.533355,1.267144,12.8831,0.0
5107,-100,-65.0,30.0,2.5,5.5,-72.98,7.904,-96,92.93,8.48,2.271308,2.047446,10.5011,0.0009
5109,-100,-65.0,30.0,2.5,8.5,-72.74,10.97,-100,88.86,13.37,2.184666,1.717355,12.0926,0.0106
5108,-100,-65.0,30.0,2.5,7.0,-73.37,9.8031,-100,90.81,11.02,2.047473,1.604739,11.8766,0.0022
5110,-100,-65.0,30.0,2.5,10.0,-73.42,12.4229,-100,89.06,13.13,2.349892,1.421899,8.7905,0.0172
5111,-100,-65.0,30.0,2.5,11.5,-73.25,13.4142,-100,88.41,13.91,2.589978,1.342418,7.2828,0.0226
5112,-100,-65.0,30.0,2.5,13.0,-73.27,14.756,-100,87.1,15.48,2.438609,1.413381,8.0788,0.0409
5113,-100,-65.0,30.0,2.75,1.0,-65.89,5.2171,-77,89.93,12.08,1.002538,1.151352,17.2981,0.0
5114,-100,-65.0,30.0,2.75,2.5,-67.4,5.6999,-79,89.0,13.2,1.170225,1.322269,17.2847,0.0
5115,-100,-65.0,30.0,2.75,4.0,-71.11,7.5456,-88,89.95,12.06,1.587114,1.392102,13.9025,0.0001
5116,-100,-65.0,30.0,2.75,5.5,-71.27,8.7933,-93,89.66,12.41,1.794388,1.492687,12.9124,0.0013
5118,-100,-65.0,30.0,2.75,8.5,-70.61,11.9594,-100,86.84,15.79,2.037952,1.690684,11.9723,0.0205
5117,-100,-65.0,30.0,2.75,7.0,-70.89,10.7493,-100,88.14,14.23,1.891732,1.382352,11.8391,0.0091
5119,-100,-65.0,30.0,2.75,10.0,-71.06,12.7487,-100,86.58,16.1,2.2301,1.662021,11.3289,0.0279
5120,-100,-65.0,30.0,2.75,11.5,-71.07,13.9748,-100,86.49,16.22,2.338413,1.423565,8.5788,0.0365
5121,-100,-65.0,30.0,2.75,13.0,-70.79,15.9133,-100,86.11,16.66,2.434464,1.593233,9.7889,0.0517
5122,-100,-65.0,30.0,3.0,1.0,-63.38,5.578,-74,86.76,15.89,1.047815,1.075662,18.2424,0.0
5124,-100,-65.0,30.0,3.0,4.0,-68.69,7.9832,-84,87.08,15.5,1.340284,1.343274,16.8199,0.0006
5123,-100,-65.0,30.0,3.0,2.5,-66.34,5.8591,-82,86.22,16.54,1.136099,1.1883,18.0078,0.0
5125,-100,-65.0,30.0,3.0,5.5,-68.49,9.885,-92,86.29,16.46,1.656805,1.514671,14.6688,0.0033
5126,-100,-65.0,30.0,3.0,7.0,-68.36,11.0681,-98,85.67,17.19,1.896411,1.402926,12.7802,0.0143
5127,-100,-65.0,30.0,3.0,8.5,-68.29,12.5613,-100,84.71,18.35,1.957444,1.52603,11.848,0.0182
5128,-100,-65.0,30.0,3.0,10.0,-68.22,13.5295,-100,84.79,18.26,2.174166,1.578113,10.9925,0.0359
5129,-100,-65.0,30.0,3.0,11.5,-68.62,14.4632,-100,84.67,18.39,2.233492,1.402777,9.2523,0.0495
5130,-100,-65.0,30.0,3.0,13.0,-67.57,15.3587,-100,83.95,19.27,2.232587,1.505654,9.0885,0.0657
5131,-100,-65.0,30.0,3.25,1.0,-62.84,7.0023,-75,83.16,20.21,0.884269,0.830506,19.7352,0.0
5132,-100,-65.0,30.0,3.25,2.5,-65.08,7.2182,-79,84.53,18.57,1.222899,1.082716,16.4932,0.0
5133,-100,-65.0,30.0,3.25,4.0,-66.23,8.2858,-87,82.61,20.87,1.192227,1.458534,19.2433,0.0004
5134,-100,-65.0,30.0,3.25,5.5,-65.43,10.3529,-96,83.03,20.36,1.495002,1.358611,15.4787,0.0123
5135,-100,-65.0,30.0,3.25,7.0,-66.17,11.4735,-98,83.56,19.73,1.800322,1.441593,12.7263,0.0109
5136,-100,-65.0,30.0,3.25,8.5,-65.86,12.6381,-100,83.06,20.32,1.960248,1.41853,10.7235,0.0447
5137,-100,-65.0,30.0,3.25,10.0,-66.14,14.1006,-100,83.1,20.29,2.053728,1.538916,10.1612,0.0412
5138,-100,-65.0,30.0,3.25,11.5,-65.4,15.2965,-100,83.37,19.95,2.15914,1.563499,9.2339,0.0522
5139,-100,-65.0,30.0,3.25,13.0,-65.92,16.0693,-100,82.82,20.61,2.096876,1.342456,8.7546,0.0699
5140,-100,-65.0,30.0,3.5,1.0,-60.93,7.6202,-74,79.7,24.36,0.897674,0.802557,19.6173,0.0
5141,-100,-65.0,30.0,3.5,2.5,-62.51,8.5602,-79,79.89,24.12,1.088874,1.100175,18.3719,0.0002
5143,-100,-65.0,30.0,3.5,5.5,-63.52,11.0315,-95,80.92,22.9,1.437489,1.244682,14.6695,0.0104
5142,-100,-65.0,30.0,3.5,4.0,-62.89,9.7821,-83,80.12,23.86,1.29455,1.275308,16.4619,0.0052
5144,-100,-65.0,30.0,3.5,7.0,-62.91,11.9025,-100,79.13,25.05,1.453443,1.548275,15.0929,0.0262
5145,-100,-65.0,30.0,3.5,8.5,-63.05,13.0172,-100,81.57,22.11,1.844438,1.37462,10.7287,0.0363
5146,-100,-65.0,30.0,3.5,10.0,-62.76,14.2966,-100,81.79,21.85,1.965934,1.342838,9.246,0.0819
5147,-100,-65.0,30.0,3.5,11.5,-63.56,14.8795,-100,81.64,22.04,1.953461,1.428198,9.4799,0.0729
5148,-100,-65.0,30.0,3.5,13.0,-63.66,17.0767,-100,80.99,22.82,1.880656,1.359745,10.597,0.0738
5149,-100,-65.0,30.0,3.75,1.0,-60.53,9.7999,-74,78.54,25.76,1.089171,0.836841,16.0009,0.0001
5150,-100,-65.0,30.0,3.75,2.5,-60.15,9.9744,-78,78.0,26.4,1.092738,0.974968,16.8779,0.0006
5151,-100,-65.0,30.0,3.75,4.0,-60.37,10.5904,-84,78.95,25.27,1.358984,1.10027,13.4369,0.0147
5152,-100,-65.0,30.0,3.75,5.5,-60.66,12.3214,-94,79.86,24.17,1.555473,1.169635,11.5344,0.0255
5153,-100,-65.0,30.0,3.75,7.0,-61.03,12.6276,-96,80.11,23.87,1.634209,1.425111,11.8428,0.0376
5155,-100,-65.0,30.0,3.75,10.0,-60.76,14.6165,-100,80.71,23.15,1.8245,1.284341,9.4985,0.061
5154,-100,-65.0,30.0,3.75,8.5,-60.71,13.057,-100,80.33,23.6,1.710029,1.406341,11.0007,0.0459
5156,-100,-65.0,30.0,3.75,11.5,-61.11,15.9937,-100,80.6,23.28,1.808687,1.417846,9.6319,0.0559
5157,-100,-65.0,30.0,3.75,13.0,-60.99,16.965,-100,80.62,23.25,1.878131,1.292053,8.2972,0.0747
5158,-100,-65.0,30.0,4.0,1.0,-57.91,10.3543,-74,77.03,27.56,1.039488,0.979539,16.9707,0.0004
5159,-100,-65.0,30.0,4.0,2.5,-58.26,10.1992,-79,77.79,26.64,1.226443,1.074546,13.3561,0.0055
5160,-100,-65.0,30.0,4.0,4.0,-58.43,11.1217,-85,77.87,26.55,1.239424,1.13176,13.658,0.0235
5161,-100,-65.0,30.0,4.0,5.5,-57.73,12.0,-89,78.47,25.84,1.438301,1.08946,9.6469,0.057
5163,-100,-65.0,30.0,4.0,8.5,-57.94,14.4531,-100,79.4,24.72,1.562617,1.234128,9.7089,0.0563
5162,-100,-65.0,30.0,4.0,7.0,-57.73,13.3146,-96,78.61,25.66,1.446125,1.151265,9.9562,0.036
5164,-100,-65.0,30.0,4.0,10.0,-58.35,15.6271,-100,79.64,24.43,1.690723,1.227128,8.5114,0.0997
5166,-100,-65.0,30.0,4.0,13.0,-58.25,18.0568,-100,79.51,24.59,1.713879,1.138285,7.597,0.0885
5165,-100,-65.0,30.0,4.0,11.5,-58.08,16.4589,-100,80.46,23.44,1.782174,1.374662,8.4624,0.0707
5168,-100,-65.0,30.0,4.25,2.5,-56.1,12.4985,-77,77.23,27.33,1.167436,1.098996,13.4124,0.0157
5167,-100,-65.0,30.0,4.25,1.0,-55.56,11.488,-73,77.07,27.52,1.093237,0.920146,12.6564,0.0022
5169,-100,-65.0,30.0,4.25,4.0,-55.53,12.0878,-82,77.9,26.51,1.299455,1.076396,9.917,0.0547
5170,-100,-65.0,30.0,4.25,5.5,-55.59,13.5373,-88,79.08,25.1,1.484638,1.274492,9.5708,0.0255
5171,-100,-65.0,30.0,4.25,7.0,-55.61,13.9228,-95,78.52,25.78,1.448415,1.119928,8.4801,0.0642
5172,-100,-65.0,30.0,4.25,8.5,-55.63,14.7429,-99,77.7,26.75,1.415593,1.320633,10.4863,0.0595
5173,-100,-65.0,30.0,4.25,10.0,-55.1,15.0613,-100,78.92,25.3,1.532193,1.228693,8.0177,0.0769
5174,-100,-65.0,30.0,4.25,11.5,-55.91,17.0602,-100,79.51,24.58,1.599061,1.149562,7.5951,0.0823
5175,-100,-65.0,30.0,4.25,13.0,-55.83,17.5051,-100,79.79,24.26,1.661846,1.189221,7.5149,0.0962
5176,-100,-65.0,30.0,4.5,1.0,-53.21,12.2827,-72,77.1,27.48,1.157245,0.930081,10.1463,0.0233
5177,-100,-65.0,30.0,4.5,2.5,-53.21,13.0084,-78,77.8,26.64,1.285965,0.902671,8.3974,0.0426
5178,-100,-65.0,30.0,4.5,4.0,-52.84,13.7578,-84,77.76,26.69,1.309012,1.155691,8.8308,0.035
5179,-100,-65.0,30.0,4.5,5.5,-53.23,13.4192,-89,77.62,26.85,1.359068,1.12101,8.293,0.0749
5180,-100,-65.0,30.0,4.5,7.0,-53.39,13.9657,-93,77.86,26.56,1.353899,1.216817,9.2838,0.0707
5181,-100,-65.0,30.0,4.5,8.5,-53.11,15.3233,-97,77.67,26.79,1.374402,1.014685,7.053,0.1089
5182,-100,-65.0,30.0,4.5,10.0,-52.36,16.2916,-100,78.72,25.54,1.473561,1.151947,8.0192,0.1082
5183,-100,-65.0,30.0,4.5,11.5,-52.71,17.0848,-100,78.05,26.34,1.488958,1.135118,8.2857,0.1105
5184,-100,-65.0,30.0,4.5,13.0,-53.17,18.4433,-100,78.76,25.5,1.564391,1.213483,7.8487,0.0816
5185,-100,-65.0,30.0,4.75,1.0,-50.45,13.3247,-70,76.78,27.87,1.16589,0.890051,7.1137,0.0916
5186,-100,-65.0,30.0,4.75,2.5,-50.72,13.0957,-75,76.81,27.83,1.17688,0.940945,7.6409,0.1014
5187,-100,-65.0,30.0,4.75,4.0,-50.74,13.9753,-81,77.09,27.48,1.224295,0.922069,6.4686,0.0882
5188,-100,-65.0,30.0,4.75,5.5,-50.25,14.9602,-86,77.47,27.04,1.268344,1.005444,7.9753,0.1242
5189,-100,-65.0,30.0,4.75,7.0,-50.53,15.473,-92,77.79,26.65,1.302975,0.892509,5.8506,0.1141
5191,-100,-65.0,30.0,4.75,10.0,-50.57,16.7362,-100,78.72,25.55,1.38612,0.998798,6.5361,0.103
5190,-100,-65.0,30.0,4.75,8.5,-50.05,15.6976,-97,77.18,27.39,1.295751,0.974839,7.0618,0.107
5192,-100,-65.0,30.0,4.75,11.5,-50.41,17.8729,-100,78.09,26.29,1.385061,0.999219,5.9961,0.0942
5193,-100,-65.0,30.0,4.75,13.0,-50.39,18.9716,-100,78.29,26.05,1.426874,0.966817,5.7835,0.1198
5194,-100,-65.0,30.0,5.0,1.0,-48.06,14.0368,-69,75.95,28.87,0.991548,0.745227,6.6545,0.1279
5195,-100,-65.0,30.0,5.0,2.5,-47.88,14.2785,-73,76.21,28.54,1.073115,0.764804,4.6426,0.1218
5196,-100,-65.0,30.0,5.0,4.0,-48.04,15.0081,-79,76.52,28.17,1.1296,0.836158,5.5687,0.1223
5203,-100,-65.0,40.0,1.0,1.0,,,,100.0,0.0,0.0,0.0,0.0,0.0
5204,-100,-65.0,40.0,1.0,2.5,,,,100.0,0.0,0.0,0.0,0.0,0.0
5205,-100,-65.0,40.0,1.0,4.0,-85.0,2.0,-87,100.0,0.0,2.957838,0.660211,0.0033,0.0
5197,-100,-65.0,30.0,5.0,5.5,-48.09,15.3617,-83,77.2,27.36,1.202774,0.78739,4.4465,0.1429
5206,-100,-65.0,40.0,1.0,5.5,-83.33,6.029,-97,99.97,0.04,3.326298,1.128619,0.0731,0.0
5199,-100,-65.0,30.0,5.0,8.5,-47.9,16.5725,-99,77.21,27.35,1.238011,0.872542,5.6839,0.1216
5198,-100,-65.0,30.0,5.0,7.0,-47.68,15.3629,-92,76.69,27.96,1.175814,0.873777,6.0701,0.1131
5200,-100,-65.0,30.0,5.0,10.0,-47.35,17.3067,-100,76.24,28.52,1.209291,0.941728,6.7655,0.1019
5202,-100,-65.0,30.0,5.0,13.0,-48.29,18.9478,-100,78.49,25.81,1.41168,0.902267,4.8777,0.1356
5201,-100,-65.0,30.0,5.0,11.5,-48.25,18.514,-100,77.64,26.84,1.33948,0.939327,5.5628,0.123
5207,-100,-65.0,40.0,1.0,7.0,-87.69,6.8652,-100,99.83,0.2,3.102149,1.223943,0.2831,0.0
5208,-100,-65.0,40.0,1.0,8.5,-86.54,8.6864,-100,99.37,0.76,3.352293,1.591344,0.8111,0.0003
5209,-100,-65.0,40.0,1.0,10.0,-85.85,9.7616,-100,98.55,1.74,2.725822,0.997988,1.6792,0.0018
5210,-100,-65.0,40.0,1.0,11.5,-85.77,10.4884,-100,97.7,2.77,2.906133,0.814037,1.4448,0.0075
5211,-100,-65.0,40.0,1.0,13.0,-85.74,11.597,-100,96.17,4.6,2.682131,1.063398,2.3421,0.0096
5212,-100,-65.0,40.0,1.25,1.0,,,,100.0,0.0,0.0,0.0,0.0,0.0
5213,-100,-65.0,40.0,1.25,2.5,-73.91,2.6601,-79,99.99,0.01,3.378155,0.99487,0.0201,0.0
5214,-100,-65.0,40.0,1.25,4.0,-80.8,4.9411,-88,99.99,0.02,3.740119,1.335736,0.0315,0.0
5215,-100,-65.0,40.0,1.25,5.5,-83.14,6.0534,-99,99.86,0.17,3.374234,1.105944,0.3714,0.0
5216,-100,-65.0,40.0,1.25,7.0,-83.96,8.0968,-100,99.33,0.81,3.574407,1.103305,1.5571,0.0001
5217,-100,-65.0,40.0,1.25,8.5,-84.29,8.9775,-100,98.58,1.71,2.909556,1.183646,2.1937,0.0014
5218,-100,-65.0,40.0,1.25,10.0,-84.26,10.4317,-100,97.58,2.91,2.926105,1.172427,2.7581,0.0046
5221,-100,-65.0,40.0,1.5,1.0,-71.0,0.0,-71,100.0,0.0,6.266639,0.0,0.0024,0.0
5219,-100,-65.0,40.0,1.25,11.5,-83.46,10.9358,-100,96.3,4.44,3.096098,1.167207,2.328,0.0118
5220,-100,-65.0,40.0,1.25,13.0,-83.47,12.2068,-100,94.85,6.18,2.883207,1.073313,2.6425,0.0108
5222,-100,-65.0,40.0,1.5,2.5,-72.28,2.5594,-79,99.86,0.16,2.984247,1.060653,0.4005,0.0
5223,-100,-65.0,40.0,1.5,4.0,-76.69,4.571,-91,99.73,0.33,4.625866,1.779535,0.8381,0.0
5224,-100,-65.0,40.0,1.5,5.5,-79.65,6.148,-95,99.32,0.82,3.7087,2.264076,1.405,0.0
5225,-100,-65.0,40.0,1.5,7.0,-81.26,7.7951,-100,98.52,1.78,3.660616,1.053161,2.336,0.0008
5227,-100,-65.0,40.0,1.5,10.0,-81.28,10.6024,-100,96.66,4.01,3.823881,1.970146,2.3582,0.0047
5226,-100,-65.0,40.0,1.5,8.5,-81.19,8.8937,-100,96.86,3.76,2.500042,2.177475,3.9052,0.0006
5230,-100,-65.0,40.0,1.75,1.0,-68.41,1.491,-73,98.88,1.35,2.056163,0.814998,3.9645,0.0
5231,-100,-65.0,40.0,1.75,2.5,-72.19,2.6771,-78,99.5,0.61,3.542847,0.862003,1.4793,0.0
5228,-100,-65.0,40.0,1.5,11.5,-80.63,11.9791,-100,94.21,6.95,2.931141,1.422612,4.5273,0.0212
5232,-100,-65.0,40.0,1.75,4.0,-74.84,5.325,-87,98.89,1.33,3.204537,1.337297,2.579,0.0
5229,-100,-65.0,40.0,1.5,13.0,-80.03,13.1093,-100,92.65,8.82,2.881069,1.293405,4.7563,0.0263
5233,-100,-65.0,40.0,1.75,5.5,-79.28,6.6593,-99,97.74,2.71,3.494524,1.337262,3.6891,0.0001
5234,-100,-65.0,40.0,1.75,7.0,-79.06,7.9726,-100,96.49,4.22,2.584142,1.405899,5.1495,0.0011
5235,-100,-65.0,40.0,1.75,8.5,-78.44,9.393,-100,95.16,5.8,2.864507,1.470499,5.03,0.0039
5236,-100,-65.0,40.0,1.75,10.0,-78.85,10.8695,-100,93.89,7.33,3.037757,1.376667,4.7477,0.0096
5237,-100,-65.0,40.0,1.75,11.5,-78.51,12.7515,-100,92.89,8.53,2.922627,1.480883,5.3481,0.0225
5240,-100,-65.0,40.0,2.0,2.5,-72.23,3.5403,-81,96.97,3.64,1.916768,1.315823,7.069,0.0
5239,-100,-65.0,40.0,2.0,1.0,-68.2,2.6716,-73,96.65,4.02,0.958112,1.41737,11.684,0.0
5238,-100,-65.0,40.0,1.75,13.0,-78.44,13.4186,-100,91.4,10.32,2.961135,1.253341,5.0616,0.0361
5241,-100,-65.0,40.0,2.0,4.0,-74.0,5.2297,-88,95.78,5.07,1.84076,1.919679,10.6037,0.0
5242,-100,-65.0,40.0,2.0,5.5,-75.54,7.1392,-97,95.34,5.59,2.401442,1.94925,9.111,0.0
5243,-100,-65.0,40.0,2.0,7.0,-75.87,8.6451,-100,93.48,7.83,2.1624,1.614848,9.4694,0.0035
5244,-100,-65.0,40.0,2.0,8.5,-75.69,10.5117,-100,92.53,8.97,2.584798,1.385718,6.8204,0.0055
5245,-100,-65.0,40.0,2.0,10.0,-75.47,11.5432,-100,91.56,10.12,2.90393,1.747463,6.4498,0.0109
5246,-100,-65.0,40.0,2.0,11.5,-75.66,12.653,-100,90.58,11.3,2.824646,1.459412,6.9555,0.0327
5247,-100,-65.0,40.0,2.0,13.0,-75.91,13.9806,-100,89.78,12.27,2.734426,1.657996,7.0842,0.0364
5248,-100,-65.0,40.0,2.25,1.0,-66.34,3.5893,-73,91.19,10.57,0.589523,0.711772,18.1297,0.0
5249,-100,-65.0,40.0,2.25,2.5,-68.72,4.026,-80,92.96,8.45,1.583238,1.248953,11.9701,0.0
5250,-100,-65.0,40.0,2.25,4.0,-72.51,6.1301,-88,92.63,8.84,1.46637,1.434331,13.7392,0.0
5251,-100,-65.0,40.0,2.25,5.5,-72.92,8.1206,-97,90.99,10.81,1.78487,1.554129,13.3667,0.0009
5252,-100,-65.0,40.0,2.25,7.0,-73.27,9.8373,-100,90.88,10.95,2.23914,1.699707,10.6945,0.0093
5253,-100,-65.0,40.0,2.25,8.5,-72.62,10.675,-100,89.91,12.11,2.548047,1.518702,8.3452,0.013
5254,-100,-65.0,40.0,2.25,10.0,-72.71,12.3994,-100,87.85,14.58,2.215323,1.536015,10.8449,0.0227
5255,-100,-65.0,40.0,2.25,11.5,-72.82,13.5307,-100,87.69,14.77,2.492145,1.465105,8.5048,0.0403
5256,-100,-65.0,40.0,2.25,13.0,-72.79,14.3779,-100,87.23,15.32,2.552805,1.760382,9.0707,0.0394
5257,-100,-65.0,40.0,2.5,1.0,-67.16,3.8497,-75,89.26,12.9,0.843934,1.048697,18.3369,0.0
5258,-100,-65.0,40.0,2.5,2.5,-68.81,5.7008,-83,89.84,12.2,1.170382,1.149887,16.381,0.0
5259,-100,-65.0,40.0,2.5,4.0,-69.64,7.0646,-88,88.65,13.62,1.597232,1.301831,14.361,0.0007
5260,-100,-65.0,40.0,2.5,5.5,-70.13,8.938,-95,89.35,12.78,2.041222,1.647862,11.7369,0.0025
5262,-100,-65.0,40.0,2.5,8.5,-70.79,10.3948,-100,86.99,15.61,2.200493,1.52231,9.8985,0.0257
5261,-100,-65.0,40.0,2.5,7.0,-70.15,10.1386,-100,87.68,14.78,1.977103,1.458677,11.7583,0.0075
5263,-100,-65.0,40.0,2.5,10.0,-70.43,12.4947,-100,86.9,15.72,2.486453,1.657461,9.3862,0.0444
5264,-100,-65.0,40.0,2.5,11.5,-70.08,13.8465,-100,85.94,16.87,2.444914,1.482791,8.9982,0.0643
5265,-100,-65.0,40.0,2.5,13.0,-69.74,15.0083,-100,84.94,18.08,2.331415,1.678505,10.044,0.046
5266,-100,-65.0,40.0,2.75,1.0,-65.99,5.6294,-75,86.78,15.86,1.051905,0.984397,17.6501,0.0
5267,-100,-65.0,40.0,2.75,2.5,-67.17,6.3038,-79,85.57,17.31,1.181093,1.17811,17.2588,0.0001
5268,-100,-65.0,40.0,2.75,4.0,-67.41,7.9197,-88,85.83,17.0,1.399289,1.345695,16.6148,0.0014
5269,-100,-65.0,40.0,2.75,5.5,-67.44,9.568,-94,85.81,17.03,1.830537,1.72069,14.6572,0.0055
5270,-100,-65.0,40.0,2.75,7.0,-67.47,10.5216,-99,85.23,17.73,1.924095,1.666227,12.892,0.0125
5271,-100,-65.0,40.0,2.75,8.5,-66.99,11.9329,-100,84.53,18.57,2.155143,1.487141,10.0138,0.0466
5272,-100,-65.0,40.0,2.75,10.0,-67.54,12.5522,-100,85.01,17.99,2.333401,1.517048,7.8161,0.0375
5273,-100,-65.0,40.0,2.75,11.5,-67.34,13.5253,-100,83.84,19.39,2.217676,1.666904,9.2151,0.0434
5274,-100,-65.0,40.0,2.75,13.0,-66.91,15.402,-100,83.55,19.75,2.228087,1.486937,8.7121,0.0738
5275,-100,-65.0,40.0,3.0,1.0,-64.05,7.0638,-76,81.75,21.89,0.92328,0.848811,19.5471,0.0
5276,-100,-65.0,40.0,3.0,2.5,-64.94,6.9084,-79,82.26,21.28,1.150158,1.189601,18.8848,0.0004
5278,-100,-65.0,40.0,3.0,5.5,-64.8,9.7284,-92,81.56,22.13,1.614481,1.474595,15.1845,0.0149
5277,-100,-65.0,40.0,3.0,4.0,-63.95,7.9265,-86,81.85,21.79,1.449718,1.188858,14.8506,0.0077
5279,-100,-65.0,40.0,3.0,7.0,-64.8,10.6533,-98,81.54,22.15,1.675063,1.601404,14.5046,0.0247
5280,-100,-65.0,40.0,3.0,8.5,-64.93,12.1071,-100,81.81,21.82,1.900581,1.602599,12.7343,0.0678
5281,-100,-65.0,40.0,3.0,10.0,-64.39,13.1473,-100,82.36,21.17,2.013447,1.467872,9.9063,0.048
5282,-100,-65.0,40.0,3.0,11.5,-64.42,14.2538,-100,82.16,21.41,2.031769,1.462012,9.3682,0.0743
5283,-100,-65.0,40.0,3.0,13.0,-64.48,15.6711,-100,82.78,20.66,2.147963,1.54398,8.8668,0.0803
5285,-100,-65.0,40.0,3.25,2.5,-61.34,8.2598,-79,80.31,23.62,1.330608,1.102193,14.2153,0.0052
5284,-100,-65.0,40.0,3.25,1.0,-61.3,8.2322,-73,79.06,25.13,1.115868,1.095218,17.4525,0.0003
5286,-100,-65.0,40.0,3.25,4.0,-61.7,9.4776,-84,81.55,22.14,1.667659,1.166595,11.3657,0.0097
5287,-100,-65.0,40.0,3.25,5.5,-61.47,10.523,-90,79.9,24.13,1.596687,1.216846,11.4397,0.0187
5288,-100,-65.0,40.0,3.25,7.0,-61.58,11.2617,-94,79.65,24.43,1.690221,1.438325,11.5939,0.0586
5289,-100,-65.0,40.0,3.25,8.5,-61.75,12.6649,-100,80.81,23.03,1.830599,1.272666,9.3676,0.0682
5290,-100,-65.0,40.0,3.25,10.0,-61.24,13.6079,-100,80.95,22.86,1.851242,1.465077,9.7189,0.0528
5291,-100,-65.0,40.0,3.25,11.5,-62.11,15.0204,-100,82.0,21.6,1.993803,1.287264,7.7555,0.0881
5292,-100,-65.0,40.0,3.25,13.0,-62.27,15.3527,-100,80.9,22.91,1.919326,1.48079,9.8912,0.0629
5293,-100,-65.0,40.0,3.5,1.0,-58.49,8.8554,-73,76.57,28.12,1.008413,0.912084,15.1748,0.0035
5294,-100,-65.0,40.0,3.5,2.5,-58.4,9.9366,-77,78.03,26.36,1.279617,1.0769,12.4356,0.0096
5295,-100,-65.0,40.0,3.5,4.0,-58.55,10.4018,-83,79.04,25.15,1.390505,1.201426,11.8199,0.0229
5296,-100,-65.0,40.0,3.5,5.5,-59.25,11.2519,-90,78.63,25.64,1.466274,1.418386,11.8702,0.0271
5297,-100,-65.0,40.0,3.5,7.0,-59.16,12.5313,-91,79.3,24.85,1.654259,1.311103,9.9986,0.0806
5298,-100,-65.0,40.0,3.5,8.5,-58.75,12.9331,-100,79.3,24.85,1.685502,1.310791,9.2446,0.0585
5300,-100,-65.0,40.0,3.5,11.5,-58.94,15.4858,-100,80.08,23.9,1.733438,1.183722,7.7344,0.0991
5301,-100,-65.0,40.0,3.5,13.0,-58.95,16.9299,-100,80.14,23.83,1.734403,1.272628,8.7312,0.102
5299,-100,-65.0,40.0,3.5,10.0,-58.86,14.1841,-100,80.06,23.93,1.624069,1.168283,8.1338,0.0695
5302,-100,-65.0,40.0,3.75,1.0,-56.15,10.6149,-73,77.23,27.32,1.156469,0.886382,12.1801,0.0021
5303,-100,-65.0,40.0,3.75,2.5,-55.75,11.0944,-79,77.49,27.02,1.221194,1.026099,9.9546,0.0404
5304,-100,-65.0,40.0,3.75,4.0,-56.0,11.4124,-81,77.56,26.94,1.330771,0.974054,8.2602,0.0957
5305,-100,-65.0,40.0,3.75,5.5,-55.86,12.3374,-92,79.12,25.06,1.480929,1.132483,8.3602,0.0956
5306,-100,-65.0,40.0,3.75,7.0,-55.73,12.3984,-91,78.47,25.84,1.492095,1.025808,6.6222,0.0914
5307,-100,-65.0,40.0,3.75,8.5,-55.95,13.528,-97,78.68,25.58,1.501634,1.305965,8.9753,0.0757
5308,-100,-65.0,40.0,3.75,10.0,-56.18,14.87,-100,78.55,25.75,1.556515,1.194042,7.9113,0.0754
5309,-100,-65.0,40.0,3.75,11.5,-55.93,15.718,-100,79.71,24.35,1.643096,1.055939,5.6118,0.1126
5310,-100,-65.0,40.0,3.75,13.0,-56.19,17.084,-100,79.75,24.3,1.658374,1.143544,7.1726,0.102
5313,-100,-65.0,40.0,4.0,4.0,-53.17,11.6523,-80,77.38,27.14,1.227387,0.930462,6.6906,0.0713
5311,-100,-65.0,40.0,4.0,1.0,-53.42,11.2026,-71,76.5,28.21,1.08901,0.840478,9.1102,0.0265
5314,-100,-65.0,40.0,4.0,5.5,-53.5,12.6611,-90,77.08,27.5,1.267387,1.04969,7.9062,0.0948
5312,-100,-65.0,40.0,4.0,2.5,-53.35,11.6766,-74,77.6,26.88,1.220153,0.895171,6.7725,0.0482
5315,-100,-65.0,40.0,4.0,7.0,-53.41,13.0288,-93,78.43,25.88,1.326222,1.088331,7.7294,0.0808
5316,-100,-65.0,40.0,4.0,8.5,-53.2,14.564,-97,78.26,26.08,1.433433,1.031125,6.286,0.1059
5317,-100,-65.0,40.0,4.0,10.0,-52.71,15.0881,-100,78.01,26.39,1.412936,1.018796,6.9555,0.1079
5318,-100,-65.0,40.0,4.0,11.5,-53.38,16.7688,-100,78.17,26.2,1.506538,1.110804,8.0798,0.1313
5319,-100,-65.0,40.0,4.0,13.0,-52.69,17.6808,-100,78.22,26.13,1.486387,0.938541,5.1692,0.1313
5320,-100,-65.0,40.0,4.25,1.0,-50.77,12.0632,-70,76.78,27.86,1.144603,0.894673,6.4618,0.0702
5321,-100,-65.0,40.0,4.25,2.5,-50.13,12.4202,-77,77.22,27.34,1.232866,0.817496,4.4737,0.1161
5322,-100,-65.0,40.0,4.25,4.0,-50.18,13.2104,-80,76.54,28.16,1.118892,0.965557,7.591,0.0772
5324,-100,-65.0,40.0,4.25,7.0,-50.39,13.798,-89,77.85,26.59,1.267918,0.850284,4.1255,0.1263
5323,-100,-65.0,40.0,4.25,5.5,-50.32,13.418,-85,76.89,27.73,1.185907,0.883465,6.4922,0.1138
5325,-100,-65.0,40.0,4.25,8.5,-50.05,14.8303,-96,77.76,26.69,1.28699,0.813371,3.886,0.1238
5327,-100,-65.0,40.0,4.25,11.5,-50.59,17.2276,-100,78.62,25.66,1.406667,0.98252,5.6085,0.1149
5326,-100,-65.0,40.0,4.25,10.0,-50.22,15.9228,-100,78.6,25.67,1.386284,0.922698,5.1694,0.1111
5328,-100,-65.0,40.0,4.25,13.0,-50.45,18.1365,-100,78.49,25.81,1.431664,0.960763,5.8849,0.1228
5329,-100,-65.0,40.0,4.5,1.0,-47.21,12.6476,-66,76.37,28.35,0.968442,0.613341,2.7084,0.1886
5330,-100,-65.0,40.0,4.5,2.5,-47.58,13.1548,-73,76.5,28.2,1.060423,0.655514,2.8166,0.1883
5331,-100,-65.0,40.0,4.5,4.0,-47.47,13.8372,-76,75.97,28.83,1.056106,0.682443,3.7748,0.1865
5333,-100,-65.0,40.0,4.5,7.0,-47.07,14.7989,-91,76.71,27.95,1.113389,0.707474,3.8214,0.1579
5332,-100,-65.0,40.0,4.5,5.5,-47.24,14.1764,-82,77.76,26.68,1.254727,0.852864,5.7428,0.1346
5334,-100,-65.0,40.0,4.5,8.5,-46.61,15.8532,-97,77.11,27.47,1.186095,0.819662,5.1773,0.1077
5336,-100,-65.0,40.0,4.5,11.5,-47.35,17.1118,-99,75.89,28.92,1.195043,0.847982,5.6317,0.1153
5335,-100,-65.0,40.0,4.5,10.0,-47.54,16.6931,-99,77.73,26.73,1.221804,0.782666,3.8449,0.1464
5337,-100,-65.0,40.0,4.5,13.0,-47.5,18.2673,-100,77.79,26.65,1.309568,0.847041,4.7867,0.1294
5338,-100,-65.0,40.0,4.75,1.0,-44.28,12.9394,-66,77.52,26.97,1.07175,0.713611,4.4769,0.1517
5339,-100,-65.0,40.0,4.75,2.5,-44.53,13.6329,-70,76.01,28.79,0.983908,0.642452,3.6073,0.1899
5340,-100,-65.0,40.0,4.75,4.0,-45.33,14.0367,-76,75.6,29.28,1.033457,0.637271,2.4395,0.1874
5341,-100,-65.0,40.0,4.75,5.5,-44.25,14.8733,-82,76.4,28.32,1.060004,0.723151,4.9405,0.1344
5343,-100,-65.0,40.0,4.75,8.5,-44.52,15.6337,-93,76.11,28.68,1.099044,0.755653,5.0263,0.1616
5342,-100,-65.0,40.0,4.75,7.0,-44.76,15.1122,-85,76.33,28.4,1.066558,0.68965,4.0779,0.1649
5345,-100,-65.0,40.0,4.75,11.5,-44.7,17.3048,-100,77.56,26.92,1.180972,0.743186,3.4814,0.1735
5344,-100,-65.0,40.0,4.75,10.0,-44.03,16.3767,-93,76.8,27.84,1.179641,0.83537,5.7166,0.1429
5346,-100,-65.0,40.0,4.75,13.0,-44.38,19.1086,-100,76.65,28.03,1.214655,0.787083,4.872,0.156
5348,-100,-65.0,40.0,5.0,2.5,-41.98,13.8784,-70,75.86,28.97,0.975456,0.602609,2.2924,0.1974
5357,-100,-65.0,50.0,1.0,2.5,,,,100.0,0.0,0.0,0.0,0.0,0.0
5347,-100,-65.0,40.0,5.0,1.0,-42.14,14.6606,-62,76.37,28.36,0.99139,0.623874,3.4356,0.1899
5356,-100,-65.0,50.0,1.0,1.0,,,,100.0,0.0,0.0,0.0,0.0,0.0
5349,-100,-65.0,40.0,5.0,4.0,-42.05,14.1702,-75,76.04,28.75,0.995388,0.682854,4.4079,0.1499
5350,-100,-65.0,40.0,5.0,5.5,-41.51,15.6155,-77,76.2,28.57,0.978259,0.635187,3.9243,0.1767
5351,-100,-65.0,40.0,5.0,7.0,-41.4,16.4105,-85,76.37,28.36,1.029602,0.656247,3.5516,0.177
5358,-100,-65.0,50.0,1.0,4.0,-81.11,3.0822,-86,100.0,0.01,1.989467,0.726992,0.0147,0.0
5352,-100,-65.0,40.0,5.0,8.5,-41.71,16.9927,-97,75.09,29.89,1.013689,0.744074,5.9325,0.147
5353,-100,-65.0,40.0,5.0,10.0,-41.14,17.5171,-96,76.56,28.13,1.11643,0.748096,4.6011,0.1407
5355,-100,-65.0,40.0,5.0,13.0,-40.84,19.6321,-100,77.09,27.49,1.132571,0.816024,5.72,0.1293
5354,-100,-65.0,40.0,5.0,11.5,-41.55,17.8609,-100,76.97,27.64,1.151853,0.770978,4.4386,0.137
5359,-100,-65.0,50.0,1.0,5.5,-81.59,5.058,-91,99.96,0.05,3.409895,1.536278,0.0876,0.0
5360,-100,-65.0,50.0,1.0,7.0,-84.08,6.7766,-100,99.77,0.27,3.153721,1.014524,0.4174,0.0
5361,-100,-65.0,50.0,1.0,8.5,-85.51,8.2369,-100,99.35,0.78,2.872541,1.485773,0.6886,0.0004
5362,-100,-65.0,50.0,1.0,10.0,-84.94,10.0342,-100,98.15,2.22,2.912582,1.236413,1.7719,0.0041
5363,-100,-65.0,50.0,1.0,11.5,-84.6,10.8215,-100,96.76,3.89,2.717594,1.174084,2.2368,0.0051
5365,-100,-65.0,50.0,1.25,1.0,-74.0,0.0,-74,100.0,0.0,3.552374,0.0,0.0024,0.0
5366,-100,-65.0,50.0,1.25,2.5,,,,100.0,0.0,0.0,0.0,0.0,0.0
5364,-100,-65.0,50.0,1.0,13.0,-85.08,11.3376,-100,95.77,5.08,2.679538,1.288976,2.9097,0.0117
5367,-100,-65.0,50.0,1.25,4.0,-79.46,3.9102,-88,99.95,0.06,3.75229,1.375817,0.1294,0.0
5368,-100,-65.0,50.0,1.25,5.5,-81.87,5.8405,-92,99.7,0.36,2.68617,1.201001,0.8115,0.0
5369,-100,-65.0,50.0,1.25,7.0,-82.47,7.414,-100,99.02,1.17,3.414884,1.043492,1.4083,0.0002
5370,-100,-65.0,50.0,1.25,8.5,-82.65,8.8232,-100,98.23,2.13,3.588295,1.027238,1.7002,0.0032
5374,-100,-65.0,50.0,1.5,1.0,-72.09,1.6168,-75,99.96,0.05,3.218013,0.913634,0.1652,0.0
5371,-100,-65.0,50.0,1.25,10.0,-83.29,9.8528,-100,97.4,3.12,3.398761,1.220546,1.6472,0.0071
5375,-100,-65.0,50.0,1.5,2.5,-72.98,3.3194,-81,99.74,0.31,5.206023,2.907584,0.6662,0.0
5372,-100,-65.0,50.0,1.25,11.5,-82.15,11.2095,-100,95.61,5.26,3.082058,1.547106,2.8402,0.0127
5373,-100,-65.0,50.0,1.25,13.0,-81.74,12.597,-100,94.09,7.1,2.830286,1.29029,4.3532,0.0157
5376,-100,-65.0,50.0,1.5,4.0,-76.77,4.168,-87,99.44,0.68,2.325667,0.667832,1.3771,0.0
5377,-100,-65.0,50.0,1.5,5.5,-79.93,6.1733,-96,98.64,1.63,2.740703,1.354899,3.0387,0.0001
5378,-100,-65.0,50.0,1.5,7.0,-79.46,7.5742,-100,97.7,2.76,3.220058,1.667444,3.0827,0.0008
5379,-100,-65.0,50.0,1.5,8.5,-80.09,9.3428,-100,96.7,3.96,3.257532,1.508855,3.4451,0.002
5380,-100,-65.0,50.0,1.5,10.0,-79.47,10.9613,-100,94.63,6.44,2.752376,1.65926,5.1751,0.0071
5383,-100,-65.0,50.0,1.75,1.0,-70.7,1.5768,-75,98.91,1.3,1.841779,1.103752,4.6136,0.0
5384,-100,-65.0,50.0,1.75,2.5,-72.34,3.3506,-80,99.03,1.17,2.786829,1.412137,2.9981,0.0
5381,-100,-65.0,50.0,1.5,11.5,-79.69,11.6775,-100,93.81,7.42,3.142003,1.242975,3.6986,0.0127
5385,-100,-65.0,50.0,1.75,4.0,-74.79,5.0891,-85,97.78,2.67,2.743182,1.385238,5.0658,0.0
5386,-100,-65.0,50.0,1.75,5.5,-76.63,7.3006,-96,96.26,4.49,2.559968,2.070884,7.4467,0.0003
5382,-100,-65.0,50.0,1.5,13.0,-79.02,13.2655,-100,91.93,9.68,2.863921,1.384466,5.6566,0.0217
5387,-100,-65.0,50.0,1.75,7.0,-76.97,9.026,-100,95.02,5.97,2.544462,1.675933,7.8188,0.004
5388,-100,-65.0,50.0,1.75,8.5,-77.25,9.5751,-100,93.75,7.5,2.684318,1.27858,6.2912,0.0054
5389,-100,-65.0,50.0,1.75,10.0,-77.27,10.7747,-100,92.64,8.83,2.765662,1.831005,6.1024,0.0094
5390,-100,-65.0,50.0,1.75,11.5,-77.12,12.3287,-100,91.71,9.95,2.991218,1.369328,4.7936,0.0319
5391,-100,-65.0,50.0,1.75,13.0,-76.91,13.434,-100,90.37,11.56,2.9174,1.458635,5.4746,0.0309
5392,-100,-65.0,50.0,2.0,1.0,-69.85,2.7271,-76,95.21,5.75,0.788112,1.205231,13.5471,0.0
5393,-100,-65.0,50.0,2.0,2.5,-71.31,4.0054,-81,94.4,6.72,1.372161,1.14492,12.1418,0.0
5394,-100,-65.0,50.0,2.0,4.0,-73.0,5.937,-85,93.4,7.93,1.436011,1.396817,12.8891,0.0
5395,-100,-65.0,50.0,2.0,5.5,-74.03,7.4696,-96,92.49,9.01,1.891865,1.65559,12.1336,0.0004
5396,-100,-65.0,50.0,2.0,7.0,-74.24,8.6874,-100,92.55,8.94,2.428672,1.683563,9.1289,0.0059
5397,-100,-65.0,50.0,2.0,8.5,-73.95,10.6274,-100,90.89,10.94,2.61996,1.66341,9.3616,0.0187
5398,-100,-65.0,50.0,2.0,10.0,-73.53,11.9853,-100,88.12,14.26,2.201992,1.586683,11.1235,0.0268
5399,-100,-65.0,50.0,2.0,11.5,-73.66,12.6617,-100,88.9,13.32,2.754619,1.416985,7.1593,0.0377
5400,-100,-65.0,50.0,2.0,13.0,-73.51,14.0936,-100,87.3,15.24,2.516836,1.504414,6.7714,0.0308
5401,-100,-65.0,50.0,2.25,1.0,-67.53,3.9517,-75,91.5,10.2,0.966956,0.924483,15.9228,0.0
5402,-100,-65.0,50.0,2.25,2.5,-68.08,4.8434,-79,91.64,10.03,1.334007,1.297077,14.5667,0.0
5403,-100,-65.0,50.0,2.25,4.0,-70.56,6.5807,-88,88.93,13.28,1.360413,1.494862,16.4591,0.0006
5404,-100,-65.0,50.0,2.25,5.5,-70.96,8.0724,-95,89.82,12.22,2.060346,1.803161,12.5926,0.0038
5405,-100,-65.0,50.0,2.25,7.0,-70.99,9.7707,-100,89.54,12.55,2.331539,1.582371,10.1577,0.0187
5408,-100,-65.0,50.0,2.25,11.5,-70.51,13.3634,-100,85.27,17.67,2.316662,1.74331,10.1208,0.0444
5407,-100,-65.0,50.0,2.25,10.0,-70.97,11.8055,-100,87.96,14.44,2.680617,1.560389,7.0659,0.0339
5406,-100,-65.0,50.0,2.25,8.5,-71.1,10.9436,-100,87.1,15.49,2.044828,1.56025,11.8529,0.0171
5409,-100,-65.0,50.0,2.25,13.0,-71.03,14.3928,-100,84.77,18.27,2.224379,1.5212,9.1578,0.0643
5411,-100,-65.0,50.0,2.5,2.5,-67.79,5.6606,-80,88.31,14.02,1.391828,1.284798,15.0021,0.0001
5410,-100,-65.0,50.0,2.5,1.0,-66.57,5.6119,-75,88.41,13.91,0.978332,0.895128,17.5013,0.0
5412,-100,-65.0,50.0,2.5,4.0,-67.59,7.4609,-90,86.69,15.97,1.700277,1.739447,15.3008,0.0028
5413,-100,-65.0,50.0,2.5,5.5,-67.99,8.7062,-94,85.62,17.26,1.758503,1.417567,13.7224,0.0159
5414,-100,-65.0,50.0,2.5,7.0,-68.55,10.4843,-100,85.64,17.23,1.965435,1.495235,12.6749,0.0245
5415,-100,-65.0,50.0,2.5,8.5,-67.82,11.0823,-100,84.44,18.67,2.08434,1.503792,10.7916,0.0365
5416,-100,-65.0,50.0,2.5,10.0,-67.8,12.4132,-100,84.13,19.04,2.199639,1.418609,9.5895,0.0491
5417,-100,-65.0,50.0,2.5,11.5,-67.59,13.5263,-100,83.56,19.73,2.136051,1.604285,9.8183,0.0465
5418,-100,-65.0,50.0,2.5,13.0,-67.54,14.894,-100,85.33,17.61,2.552646,1.523575,6.5851,0.0552
5419,-100,-65.0,50.0,2.75,1.0,-63.95,5.6051,-76,82.83,20.61,0.936737,0.892761,19.4036,0.0
5420,-100,-65.0,50.0,2.75,2.5,-64.75,7.4886,-81,83.8,19.45,1.200248,1.23929,17.834,0.003
5421,-100,-65.0,50.0,2.75,4.0,-64.92,8.1355,-84,81.67,22.0,1.388849,1.480332,17.2034,0.0117
5422,-100,-65.0,50.0,2.75,5.5,-64.71,9.0384,-92,82.92,20.49,1.886088,1.733993,13.0544,0.0305
5423,-100,-65.0,50.0,2.75,7.0,-64.96,10.7412,-98,82.24,21.31,1.802568,1.339011,11.6586,0.021
5424,-100,-65.0,50.0,2.75,8.5,-64.95,12.2984,-100,83.21,20.16,2.065954,1.537644,11.0931,0.0322
5425,-100,-65.0,50.0,2.75,10.0,-64.36,12.8082,-100,82.22,21.34,1.974399,1.324328,8.9038,0.0577
5426,-100,-65.0,50.0,2.75,11.5,-64.84,13.8269,-100,81.78,21.87,2.046031,1.356712,8.6987,0.081
5427,-100,-65.0,50.0,2.75,13.0,-64.78,14.9551,-100,82.95,20.46,2.200911,1.720819,9.8476,0.0672
5428,-100,-65.0,50.0,3.0,1.0,-61.62,7.6718,-73,78.93,25.29,1.12784,1.078778,16.7443,0.0011
5429,-100,-65.0,50.0,3.0,2.5,-62.1,8.2619,-80,78.91,25.31,1.230282,1.168489,16.5801,0.0035
5430,-100,-65.0,50.0,3.0,4.0,-61.2,8.7642,-84,79.47,24.64,1.500635,1.292814,12.3023,0.0444
5431,-100,-65.0,50.0,3.0,5.5,-61.71,9.9909,-89,80.32,23.62,1.708617,1.269807,10.5925,0.0473
5432,-100,-65.0,50.0,3.0,7.0,-61.96,11.2162,-95,79.53,24.58,1.671247,1.484837,12.1898,0.0634
5433,-100,-65.0,50.0,3.0,8.5,-61.99,12.1755,-100,81.2,22.58,1.901343,1.288635,8.4251,0.0642
5434,-100,-65.0,50.0,3.0,10.0,-61.75,12.9165,-100,80.68,23.19,1.901393,1.586313,10.037,0.047
5435,-100,-65.0,50.0,3.0,11.5,-61.22,14.3027,-100,80.72,23.14,1.894436,1.273955,7.6044,0.0949
5436,-100,-65.0,50.0,3.0,13.0,-61.44,15.4444,-100,81.74,21.91,2.003404,1.525742,8.3456,0.0795
5437,-100,-65.0,50.0,3.25,1.0,-58.94,9.0081,-72,77.25,27.31,1.095594,1.10723,15.9899,0.0008
5438,-100,-65.0,50.0,3.25,2.5,-58.06,8.8691,-78,77.99,26.42,1.318963,1.136321,10.9888,0.0412
5439,-100,-65.0,50.0,3.25,4.0,-58.08,9.7166,-82,78.6,25.67,1.433971,1.242815,10.4258,0.0609
5440,-100,-65.0,50.0,3.25,5.5,-58.62,9.8797,-92,78.76,25.49,1.555543,1.326806,9.6998,0.0519
5441,-100,-65.0,50.0,3.25,7.0,-58.76,11.5739,-95,78.5,25.8,1.598604,1.148836,8.2464,0.0929
5442,-100,-65.0,50.0,3.25,8.5,-58.49,12.7858,-100,78.68,25.58,1.58982,1.203431,8.6549,0.0887
5443,-100,-65.0,50.0,3.25,10.0,-58.61,13.51,-100,80.24,23.71,1.765924,1.206137,7.4309,0.1115
5444,-100,-65.0,50.0,3.25,11.5,-59.48,14.8879,-100,79.88,24.15,1.757718,1.192397,7.5362,0.1071
5445,-100,-65.0,50.0,3.25,13.0,-58.1,16.0987,-100,80.6,23.29,1.853837,1.154438,5.9252,0.1084
5446,-100,-65.0,50.0,3.5,1.0,-55.31,9.2773,-71,77.13,27.44,1.178044,1.002325,9.6628,0.0376
5448,-100,-65.0,50.0,3.5,4.0,-55.52,10.0399,-82,76.98,27.62,1.219334,0.982233,7.9381,0.0629
5447,-100,-65.0,50.0,3.5,2.5,-55.67,10.2312,-76,78.18,26.19,1.353201,0.960477,7.0506,0.0635
5449,-100,-65.0,50.0,3.5,5.5,-55.92,10.9246,-88,78.11,26.27,1.354046,1.100383,7.9189,0.0747
5450,-100,-65.0,50.0,3.5,7.0,-55.57,12.2061,-93,79.44,24.66,1.585991,1.011233,6.067,0.1285
5451,-100,-65.0,50.0,3.5,8.5,-55.22,13.7698,-99,79.14,25.03,1.486281,1.010649,6.3695,0.1041
5452,-100,-65.0,50.0,3.5,10.0,-55.5,13.8701,-99,78.88,25.34,1.508526,1.16721,8.3861,0.0951
5453,-100,-65.0,50.0,3.5,11.5,-56.08,15.1948,-100,80.16,23.81,1.640578,1.174267,7.2381,0.0931
5454,-100,-65.0,50.0,3.5,13.0,-55.42,16.2876,-100,79.37,24.77,1.629547,1.067381,6.1974,0.1134
5457,-100,-65.0,50.0,3.75,4.0,-51.98,11.1363,-79,77.98,26.43,1.20907,0.815319,4.5493,0.1508
5455,-100,-65.0,50.0,3.75,1.0,-52.65,9.9137,-68,76.52,28.18,1.049656,0.747715,4.8819,0.1372
5456,-100,-65.0,50.0,3.75,2.5,-52.23,11.4238,-72,77.3,27.24,1.185171,0.883772,6.097,0.1331
5458,-100,-65.0,50.0,3.75,5.5,-51.98,12.6022,-87,78.14,26.23,1.294324,0.890808,5.8782,0.1328
5459,-100,-65.0,50.0,3.75,7.0,-52.5,12.7703,-91,78.16,26.21,1.387169,0.942743,6.1869,0.1194
5460,-100,-65.0,50.0,3.75,8.5,-52.16,13.5879,-97,78.29,26.06,1.320034,0.992973,6.4551,0.1118
5461,-100,-65.0,50.0,3.75,10.0,-51.82,14.3524,-97,77.17,27.41,1.372576,1.036346,7.1141,0.0915
5462,-100,-65.0,50.0,3.75,11.5,-52.0,15.7145,-100,78.35,25.98,1.431901,1.029135,6.4018,0.1048
5463,-100,-65.0,50.0,3.75,13.0,-52.44,16.4477,-100,79.15,25.03,1.51016,0.942573,5.1085,0.1321
5464,-100,-65.0,50.0,4.0,1.0,-49.38,11.758,-68,77.14,27.43,1.124701,0.791449,4.9534,0.1521
5465,-100,-65.0,50.0,4.0,2.5,-49.53,11.2524,-72,76.49,28.21,1.078726,0.697665,4.0356,0.1767
5466,-100,-65.0,50.0,4.0,4.0,-49.72,12.5549,-77,76.74,27.91,1.142339,0.752567,4.4022,0.169
5467,-100,-65.0,50.0,4.0,5.5,-49.21,12.6418,-81,76.25,28.51,1.094928,0.736192,4.0764,0.158
5468,-100,-65.0,50.0,4.0,7.0,-49.2,13.2505,-89,77.04,27.56,1.158613,0.759244,4.418,0.164
5469,-100,-65.0,50.0,4.0,8.5,-49.04,14.2145,-92,77.33,27.19,1.212626,0.739308,3.2822,0.1742
5470,-100,-65.0,50.0,4.0,10.0,-49.53,15.117,-98,77.92,26.5,1.323256,0.853836,4.5515,0.1185
5471,-100,-65.0,50.0,4.0,11.5,-49.6,16.2183,-100,76.88,27.76,1.293684,0.846388,4.9584,0.142
5472,-100,-65.0,50.0,4.0,13.0,-48.98,17.3865,-100,77.14,27.44,1.296938,0.883421,6.2299,0.1454
5473,-100,-65.0,50.0,4.25,1.0,-46.37,11.9824,-65,76.02,28.77,0.992947,0.679723,4.6303,0.1503
5474,-100,-65.0,50.0,4.25,2.5,-45.86,12.4627,-68,76.34,28.4,0.978639,0.601507,2.2092,0.1918
5475,-100,-65.0,50.0,4.25,4.0,-46.17,12.6191,-79,75.89,28.94,0.977885,0.644096,3.3972,0.161
5476,-100,-65.0,50.0,4.25,5.5,-45.92,13.6863,-79,76.69,27.98,1.114587,0.913956,6.9985,0.1089
5477,-100,-65.0,50.0,4.25,7.0,-46.64,14.6112,-89,77.48,27.02,1.121332,0.713174,3.355,0.1778
5478,-100,-65.0,50.0,4.25,8.5,-46.22,15.9886,-94,77.07,27.51,1.215244,0.97734,7.5407,0.0998
5479,-100,-65.0,50.0,4.25,10.0,-45.92,15.2914,-95,77.06,27.53,1.136932,0.788118,5.025,0.1219
5480,-100,-65.0,50.0,4.25,11.5,-46.13,16.6573,-100,76.79,27.86,1.176269,0.904301,6.2419,0.1216
5481,-100,-65.0,50.0,4.25,13.0,-45.93,17.628,-100,77.92,26.51,1.275526,0.838499,4.6719,0.1422
5482,-100,-65.0,50.0,4.5,1.0,-42.89,11.823,-62,76.29,28.46,1.023052,0.739716,5.4215,0.1463
5483,-100,-65.0,50.0,4.5,2.5,-43.71,12.8299,-69,76.58,28.1,1.040714,0.680591,4.562,0.1719
5484,-100,-65.0,50.0,4.5,4.0,-43.09,14.017,-76,76.14,28.63,0.972661,0.608032,2.7352,0.1886
5485,-100,-65.0,50.0,4.5,5.5,-43.09,14.2537,-79,76.86,27.76,1.021632,0.65451,3.2893,0.1763
5486,-100,-65.0,50.0,4.5,7.0,-43.48,14.5901,-85,76.31,28.42,1.05303,0.654315,3.1472,0.168
5487,-100,-65.0,50.0,4.5,8.5,-43.36,15.3342,-89,76.6,28.08,1.04677,0.675995,3.5278,0.1605
5489,-100,-65.0,50.0,4.5,11.5,-42.8,16.861,-100,77.14,27.44,1.119004,0.726515,3.9089,0.1652
5488,-100,-65.0,50.0,4.5,10.0,-43.13,15.8651,-98,76.64,28.03,1.098357,0.838873,6.4155,0.1216
5490,-100,-65.0,50.0,4.5,13.0,-42.94,18.2741,-100,77.48,27.02,1.177929,0.77344,4.6382,0.1376
5491,-100,-65.0,50.0,4.75,1.0,-40.01,13.1088,-61,75.7,29.16,0.946914,0.611809,3.2556,0.1867
5492,-100,-65.0,50.0,4.75,2.5,-40.23,14.0851,-66,76.77,27.89,1.001081,0.63031,2.7428,0.1768
5493,-100,-65.0,50.0,4.75,4.0,-39.98,13.7787,-71,76.68,27.97,1.018793,0.704358,4.751,0.1662
5494,-100,-65.0,50.0,4.75,5.5,-39.36,14.5303,-75,76.48,28.22,0.996699,0.649989,3.4118,0.1734
5495,-100,-65.0,50.0,4.75,7.0,-40.23,15.5679,-80,76.42,28.3,1.00758,0.623818,2.2929,0.1957
5496,-100,-65.0,50.0,4.75,8.5,-39.62,16.3257,-86,76.29,28.45,1.049951,0.730423,5.1541,0.1506
5497,-100,-65.0,50.0,4.75,10.0,-40.15,17.0325,-93,76.5,28.19,1.033779,0.674944,3.891,0.1729
5498,-100,-65.0,50.0,4.75,11.5,-39.72,17.7777,-98,76.36,28.36,1.108168,0.76262,5.6786,0.1527
5499,-100,-65.0,50.0,4.75,13.0,-39.9,18.5903,-100,76.88,27.74,1.148664,0.820465,6.0873,0.1464
5500,-100,-65.0,50.0,5.0,1.0,-37.48,14.5866,-61,76.36,28.37,0.999302,0.631472,3.1837,0.1903
5501,-100,-65.0,50.0,5.0,2.5,-36.78,14.6887,-65,76.15,28.62,0.947003,0.636131,4.0142,0.1673
5509,-100,-60.0,30.0,1.0,1.0,,,,100.0,0.0,0.0,0.0,0.0,0.0
5510,-100,-60.0,30.0,1.0,2.5,,,,100.0,0.0,0.0,0.0,0.0,0.0
5502,-100,-65.0,50.0,5.0,4.0,-37.24,13.8244,-73,75.65,29.23,0.97127,0.680818,4.9756,0.1595
5511,-100,-60.0,30.0,1.0,4.0,,,,100.0,0.0,0.0,0.0,0.0,0.0
5505,-100,-65.0,50.0,5.0,8.5,-36.33,16.2516,-81,76.19,28.58,0.979528,0.624097,3.2733,0.1726
5503,-100,-65.0,50.0,5.0,5.5,-36.88,15.8564,-78,75.45,29.46,0.935475,0.643175,4.2776,0.1799
5504,-100,-65.0,50.0,5.0,7.0,-36.86,15.6943,-87,76.27,28.47,0.971144,0.618886,2.9346,0.1789
5512,-100,-60.0,30.0,1.0,5.5,,,,100.0,0.0,0.0,0.0,0.0,0.0
5513,-100,-60.0,30.0,1.0,7.0,-83.59,6.0717,-93,99.98,0.02,1.532117,0.588096,0.0551,0.0
5506,-100,-65.0,50.0,5.0,10.0,-36.96,17.3671,-91,76.31,28.44,1.00504,0.634032,2.8435,0.1841
5507,-100,-65.0,50.0,5.0,11.5,-36.88,18.5814,-93,76.39,28.33,1.038525,0.649805,2.6371,0.2079
5508,-100,-65.0,50.0,5.0,13.0,-36.48,19.4987,-100,77.2,27.36,1.099805,0.699128,4.2899,0.1609
5514,-100,-60.0,30.0,1.0,8.5,-88.63,8.2088,-100,99.94,0.08,2.651542,0.802066,0.0898,0.0
5515,-100,-60.0,30.0,1.0,10.0,-89.19,9.2672,-100,99.8,0.24,2.797883,1.220311,0.236,0.0002
5516,-100,-60.0,30.0,1.0,11.5,-86.83,10.1462,-100,99.36,0.76,2.936137,0.93196,0.5486,0.0011
5517,-100,-60.0,30.0,1.0,13.0,-86.27,11.1927,-100,98.47,1.84,2.70606,1.019958,0.9725,0.0039
5518,-100,-60.0,30.0,1.25,1.0,,,,100.0,0.0,0.0,0.0,0.0,0.0
5519,-100,-60.0,30.0,1.25,2.5,,,,100.0,0.0,0.0,0.0,0.0,0.0
5521,-100,-60.0,30.0,1.25,5.5,-81.1,5.2397,-91,99.99,0.01,3.031808,0.929973,0.017,0.0
5520,-100,-60.0,30.0,1.25,4.0,-79.0,0.0,-79,100.0,0.0,0.786905,0.0,0.0024,0.0
5522,-100,-60.0,30.0,1.25,7.0,-85.6,7.6611,-99,99.93,0.08,2.512092,0.920098,0.1493,0.0
5523,-100,-60.0,30.0,1.25,8.5,-84.48,7.9931,-100,99.85,0.18,3.748558,1.318825,0.189,0.0
5524,-100,-60.0,30.0,1.25,10.0,-85.87,10.1876,-100,99.4,0.73,2.996886,0.905758,0.9138,0.0003
5525,-100,-60.0,30.0,1.25,11.5,-84.79,10.9377,-100,98.92,1.3,3.196246,1.331786,0.6831,0.0025
5526,-100,-60.0,30.0,1.25,13.0,-84.67,12.1081,-100,97.92,2.5,2.849086,0.917544,1.4544,0.0036
5527,-100,-60.0,30.0,1.5,1.0,,,,100.0,0.0,0.0,0.0,0.0,0.0
5528,-100,-60.0,30.0,1.5,2.5,-75.0,0.0,-75,100.0,0.0,3.219607,0.0,0.0024,0.0
5529,-100,-60.0,30.0,1.5,4.0,-72.92,4.1698,-83,99.99,0.02,2.623234,0.777638,0.051,0.0
5530,-100,-60.0,30.0,1.5,5.5,-77.61,5.0294,-87,99.97,0.04,3.091292,1.022764,0.0817,0.0
5531,-100,-60.0,30.0,1.5,7.0,-79.34,7.1592,-94,99.69,0.37,2.949496,1.094375,0.6522,0.0
5532,-100,-60.0,30.0,1.5,8.5,-82.82,8.9845,-100,99.49,0.61,3.678192,0.997384,0.8881,0.0001
5533,-100,-60.0,30.0,1.5,10.0,-82.62,10.0625,-100,98.91,1.3,3.005438,0.93097,1.1843,0.0013
5534,-100,-60.0,30.0,1.5,11.5,-82.94,11.6637,-100,97.67,2.8,2.906958,1.151861,2.6793,0.0025
5536,-100,-60.0,30.0,1.75,1.0,-69.0,0.0,-69,100.0,0.0,1.88169,0.035539,0.0049,0.0
5535,-100,-60.0,30.0,1.5,13.0,-82.54,12.5853,-100,97.13,3.44,3.270596,1.160832,1.8213,0.0072
5537,-100,-60.0,30.0,1.75,2.5,-70.3,2.9343,-74,99.99,0.01,4.458849,0.812931,0.0243,0.0
5538,-100,-60.0,30.0,1.75,4.0,-71.55,4.298,-80,99.78,0.26,3.193138,0.781015,0.9175,0.0
5539,-100,-60.0,30.0,1.75,5.5,-76.22,6.554,-88,99.71,0.35,3.972029,1.118474,0.9798,0.0
5540,-100,-60.0,30.0,1.75,7.0,-82.11,7.6516,-100,99.28,0.86,3.734904,0.985282,1.5144,0.0
5542,-100,-60.0,30.0,1.75,10.0,-80.08,10.9204,-100,97.7,2.76,3.126145,1.18424,3.166,0.0027
5541,-100,-60.0,30.0,1.75,8.5,-79.69,9.2039,-100,98.63,1.65,3.04521,1.846346,2.8792,0.0001
5543,-100,-60.0,30.0,1.75,11.5,-80.95,12.0876,-100,97.11,3.46,3.262116,1.448629,3.1828,0.0063
5545,-100,-60.0,30.0,2.0,1.0,-67.91,1.1662,-69,100.0,0.0,2.360249,0.441087,0.0085,0.0
5546,-100,-60.0,30.0,2.0,2.5,-67.43,2.6758,-72,99.52,0.58,2.066655,0.764718,2.0661,0.0
5544,-100,-60.0,30.0,1.75,13.0,-80.07,13.3895,-100,95.65,5.22,3.053645,1.615438,4.1789,0.011
5547,-100,-60.0,30.0,2.0,4.0,-69.53,4.4801,-82,99.57,0.52,3.341921,1.042457,1.6358,0.0
5548,-100,-60.0,30.0,2.0,5.5,-74.04,6.0564,-88,99.31,0.83,4.068558,2.515532,1.8104,0.0
5549,-100,-60.0,30.0,2.0,7.0,-78.46,7.7953,-100,98.19,2.17,2.910579,1.251349,3.4588,0.0001
5550,-100,-60.0,30.0,2.0,8.5,-78.22,9.6098,-100,96.85,3.78,2.359488,1.342344,5.2466,0.0004
5551,-100,-60.0,30.0,2.0,10.0,-78.36,11.5007,-100,95.73,5.12,2.259602,1.797614,7.7174,0.002
5552,-100,-60.0,30.0,2.0,11.5,-78.59,12.6172,-100,95.82,5.02,3.328649,1.104192,3.7548,0.0074
5554,-100,-60.0,30.0,2.25,1.0,-63.92,1.8229,-68,98.5,1.8,1.264222,1.567685,6.3514,0.0
5556,-100,-60.0,30.0,2.25,4.0,-70.3,4.8071,-86,99.02,1.18,4.262344,1.847492,2.6008,0.0
5555,-100,-60.0,30.0,2.25,2.5,-65.55,2.9863,-73,97.78,2.67,1.147261,1.156833,8.411,0.0
5553,-100,-60.0,30.0,2.0,13.0,-77.78,13.841,-100,93.97,7.23,2.870608,1.601033,5.7767,0.0136
5557,-100,-60.0,30.0,2.25,5.5,-73.54,6.6136,-90,97.43,3.08,2.458814,1.14223,5.4378,0.0
5558,-100,-60.0,30.0,2.25,7.0,-75.91,8.6245,-100,96.45,4.26,2.301258,1.332226,7.0596,0.0003
5559,-100,-60.0,30.0,2.25,8.5,-76.03,10.2922,-100,95.7,5.17,2.749015,1.490218,6.3546,0.0015
5560,-100,-60.0,30.0,2.25,10.0,-75.83,11.4572,-100,95.52,5.37,3.420199,1.372707,3.9181,0.0078
5561,-100,-60.0,30.0,2.25,11.5,-75.36,13.2974,-100,93.53,7.76,2.923016,1.635672,6.2136,0.0116
5563,-100,-60.0,30.0,2.5,1.0,-62.54,3.2675,-69,97.29,3.25,1.375776,1.370875,8.9197,0.0
5564,-100,-60.0,30.0,2.5,2.5,-65.33,3.4274,-75,97.24,3.31,1.521003,1.475265,8.5522,0.0
5562,-100,-60.0,30.0,2.25,13.0,-75.52,14.1838,-100,93.01,8.38,3.071012,1.411188,4.6426,0.0118
5565,-100,-60.0,30.0,2.5,4.0,-69.1,5.0134,-83,95.68,5.18,1.446081,1.231532,10.3492,0.0
5566,-100,-60.0,30.0,2.5,5.5,-72.33,6.9962,-89,95.51,5.38,2.146413,1.490518,8.9111,0.0
5567,-100,-60.0,30.0,2.5,7.0,-72.69,8.8898,-100,94.23,6.92,2.09675,1.745799,10.0519,0.001
5568,-100,-60.0,30.0,2.5,8.5,-73.81,10.8464,-100,94.25,6.9,2.669792,1.864085,7.7048,0.0021
5569,-100,-60.0,30.0,2.5,10.0,-73.01,12.2901,-100,91.98,9.63,2.251383,2.176235,11.0384,0.0078
5570,-100,-60.0,30.0,2.5,11.5,-72.87,13.3013,-100,91.82,9.82,2.766038,1.652877,7.356,0.0151
5571,-100,-60.0,30.0,2.5,13.0,-73.75,15.1763,-100,90.82,11.01,2.607284,1.716615,8.7181,0.0212
5572,-100,-60.0,30.0,2.75,1.0,-62.48,4.4651,-76,94.98,6.02,1.222685,1.19138,12.1141,0.0
5573,-100,-60.0,30.0,2.75,2.5,-63.88,4.1893,-76,94.03,7.16,1.131657,1.388604,14.0569,0.0
5574,-100,-60.0,30.0,2.75,4.0,-67.31,5.976,-83,92.94,8.47,1.201387,1.333291,14.4944,0.0
5575,-100,-60.0,30.0,2.75,5.5,-70.29,7.7436,-96,92.74,8.71,1.555211,1.696227,13.3855,0.0001
5576,-100,-60.0,30.0,2.75,7.0,-69.89,10.2291,-95,93.06,8.33,2.236,1.586381,9.3794,0.0009
5577,-100,-60.0,30.0,2.75,8.5,-71.03,11.1849,-100,91.36,10.37,2.167922,1.715364,10.6856,0.006
5578,-100,-60.0,30.0,2.75,10.0,-71.05,12.6574,-100,90.44,11.47,2.170884,1.793493,11.3305,0.009
5580,-100,-60.0,30.0,2.75,13.0,-70.75,15.2066,-100,89.53,12.57,2.68586,1.544138,7.4972,0.0322
5579,-100,-60.0,30.0,2.75,11.5,-70.9,14.1747,-100,89.98,12.02,2.404959,1.628864,9.2638,0.0187
5581,-100,-60.0,30.0,3.0,1.0,-59.46,4.9472,-70,91.37,10.35,1.017828,1.187532,15.7051,0.0
5582,-100,-60.0,30.0,3.0,2.5,-63.24,5.5414,-75,91.15,10.62,1.012617,1.063813,16.3182,0.0
5583,-100,-60.0,30.0,3.0,4.0,-66.23,7.0538,-81,91.39,10.33,1.397155,1.362633,14.3657,0.0
5584,-100,-60.0,30.0,3.0,5.5,-67.64,8.5712,-87,89.72,12.33,1.440805,1.501807,15.722,0.0001
5585,-100,-60.0,30.0,3.0,7.0,-68.61,10.5932,-97,89.99,12.02,1.813532,1.603702,13.6403,0.0019
5587,-100,-60.0,30.0,3.0,10.0,-68.09,13.5033,-100,89.13,13.04,2.414947,1.519524,9.4912,0.0127
5586,-100,-60.0,30.0,3.0,8.5,-67.76,11.703,-100,88.51,13.79,1.980854,1.530141,11.846,0.0027
5588,-100,-60.0,30.0,3.0,11.5,-68.01,14.3041,-100,88.15,14.22,2.504012,1.502962,8.4016,0.0243
5589,-100,-60.0,30.0,3.0,13.0,-67.66,15.8409,-100,87.28,15.26,2.499416,1.599712,9.538,0.03
5592,-100,-60.0,30.0,3.25,4.0,-64.8,7.2568,-84,87.85,14.58,1.194057,1.187522,16.7825,0.0
5590,-100,-60.0,30.0,3.25,1.0,-60.54,5.0872,-74,88.88,13.34,0.951393,0.865533,17.4036,0.0
5591,-100,-60.0,30.0,3.25,2.5,-61.39,6.6914,-78,89.45,12.66,1.10217,1.394639,17.417,0.0
5593,-100,-60.0,30.0,3.25,5.5,-65.53,9.5736,-88,88.77,13.48,1.618911,1.286788,13.6556,0.0012
5594,-100,-60.0,30.0,3.25,7.0,-65.66,10.7058,-95,86.25,16.5,1.475644,1.895794,16.324,0.002
5595,-100,-60.0,30.0,3.25,8.5,-65.67,12.2457,-100,86.29,16.45,1.837043,1.706665,14.3045,0.0145
5596,-100,-60.0,30.0,3.25,10.0,-65.65,13.8572,-100,86.31,16.42,2.095166,1.681297,11.8313,0.0196
5597,-100,-60.0,30.0,3.25,11.5,-65.56,15.0969,-100,85.42,17.49,2.194465,1.623476,11.1067,0.0237
5598,-100,-60.0,30.0,3.25,13.0,-65.41,16.6776,-100,86.71,15.94,2.551263,1.779649,8.665,0.0278
5599,-100,-60.0,30.0,3.5,1.0,-58.38,6.6845,-71,85.74,17.11,0.763768,0.960452,20.8541,0.0
5600,-100,-60.0,30.0,3.5,2.5,-60.5,7.6133,-74,85.56,17.32,0.957476,0.920194,19.044,0.0
5601,-100,-60.0,30.0,3.5,4.0,-62.18,8.6355,-81,86.15,16.62,1.299878,1.509759,18.0316,0.0
5602,-100,-60.0,30.0,3.5,5.5,-63.3,9.9925,-90,85.66,17.21,1.528879,1.317375,15.3746,0.0043
5604,-100,-60.0,30.0,3.5,8.5,-63.35,13.0881,-100,84.8,18.24,1.879316,1.558858,13.3964,0.0155
5603,-100,-60.0,30.0,3.5,7.0,-62.91,12.3202,-94,84.57,18.52,1.588937,1.367808,14.9134,0.0088
5605,-100,-60.0,30.0,3.5,10.0,-62.9,14.526,-100,83.69,19.57,1.85493,1.534893,13.4149,0.0288
5606,-100,-60.0,30.0,3.5,11.5,-63.28,15.3053,-100,83.64,19.63,2.006658,1.437682,11.3195,0.0372
5607,-100,-60.0,30.0,3.5,13.0,-62.89,16.544,-100,84.28,18.87,2.201138,1.431236,9.1479,0.0537
5608,-100,-60.0,30.0,3.75,1.0,-55.79,7.1893,-68,83.32,20.01,0.979498,0.985318,19.3994,0.0
5609,-100,-60.0,30.0,3.75,2.5,-58.5,8.3448,-74,83.99,19.21,1.170426,1.231617,18.2538,0.0
5610,-100,-60.0,30.0,3.75,4.0,-60.57,9.2453,-83,82.49,21.03,1.136095,1.097712,18.3678,0.0007
5611,-100,-60.0,30.0,3.75,5.5,-60.65,11.0193,-90,83.02,20.38,1.492572,1.407596,16.2159,0.0108
5612,-100,-60.0,30.0,3.75,7.0,-60.64,12.5713,-96,83.32,20.01,1.72786,1.438017,13.8492,0.0156
5613,-100,-60.0,30.0,3.75,8.5,-60.7,13.9813,-98,82.5,21.0,1.723887,1.624485,13.8456,0.0133
5615,-100,-60.0,30.0,3.75,11.5,-60.56,16.3441,-100,82.87,20.56,2.065611,1.509895,11.1946,0.0574
5614,-100,-60.0,30.0,3.75,10.0,-60.22,15.1103,-100,82.24,21.31,1.889579,1.471986,11.9635,0.044
5616,-100,-60.0,30.0,3.75,13.0,-60.61,17.1416,-100,82.6,20.89,2.011107,1.531703,10.5892,0.034
5617,-100,-60.0,30.0,4.0,1.0,-56.68,8.6372,-70,81.98,21.62,0.97438,0.959512,19.2862,0.0
5618,-100,-60.0,30.0,4.0,2.5,-57.71,9.8879,-74,82.38,21.15,1.202078,1.10656,17.6852,0.0
5619,-100,-60.0,30.0,4.0,4.0,-58.82,10.7216,-82,81.42,22.3,1.197301,1.097219,17.3548,0.0016
5620,-100,-60.0,30.0,4.0,5.5,-58.15,12.2114,-94,81.61,22.06,1.4691,1.258438,14.3315,0.0075
5621,-100,-60.0,30.0,4.0,7.0,-58.39,13.1029,-99,80.62,23.25,1.535735,1.41547,14.8625,0.0175
5623,-100,-60.0,30.0,4.0,10.0,-57.89,15.6935,-100,81.88,21.75,1.942098,1.485096,11.1178,0.0456
5622,-100,-60.0,30.0,4.0,8.5,-58.46,14.3359,-100,80.58,23.31,1.631682,1.437447,13.5743,0.0396
5624,-100,-60.0,30.0,4.0,11.5,-57.74,16.2309,-100,80.85,22.98,1.789605,1.420397,11.843,0.0621
5625,-100,-60.0,30.0,4.0,13.0,-57.75,17.3616,-100,80.84,23.0,1.820992,1.586207,10.9365,0.0538
5628,-100,-60.0,30.0,4.25,4.0,-55.73,11.8488,-83,79.36,24.77,1.278134,0.99378,15.0064,0.0048
5626,-100,-60.0,30.0,4.25,1.0,-53.42,9.791,-69,78.26,26.09,0.91821,0.861121,19.3065,0.0
5627,-100,-60.0,30.0,4.25,2.5,-55.0,10.2578,-75,77.92,26.5,1.008088,1.127158,19.0683,0.0
5629,-100,-60.0,30.0,4.25,5.5,-55.97,11.9558,-90,79.54,24.54,1.38438,1.272938,14.8784,0.0067
5630,-100,-60.0,30.0,4.25,7.0,-55.58,13.2714,-93,79.34,24.79,1.485158,1.247433,13.2848,0.0237
5631,-100,-60.0,30.0,4.25,8.5,-56.03,14.8503,-100,79.33,24.8,1.591306,1.467787,13.6917,0.0528
5632,-100,-60.0,30.0,4.25,10.0,-55.35,15.3242,-100,79.84,24.2,1.664223,1.3345,10.5213,0.0746
5633,-100,-60.0,30.0,4.25,11.5,-55.55,16.902,-100,80.26,23.68,1.785807,1.283117,9.6521,0.0891
5634,-100,-60.0,30.0,4.25,13.0,-55.58,18.3546,-100,80.55,23.33,1.80971,1.389993,10.1026,0.0896
5635,-100,-60.0,30.0,4.5,1.0,-53.07,11.4716,-70,78.67,25.59,1.020004,0.876001,16.838,0.0001
5636,-100,-60.0,30.0,4.5,2.5,-52.93,12.1648,-74,77.33,27.2,1.036469,0.920262,16.2782,0.0023
5639,-100,-60.0,30.0,4.5,7.0,-52.59,14.472,-92,78.7,25.56,1.493657,1.177841,10.677,0.0421
5637,-100,-60.0,30.0,4.5,4.0,-52.47,12.3099,-80,78.07,26.32,1.237028,1.270519,14.5054,0.0052
5638,-100,-60.0,30.0,4.5,5.5,-52.94,12.9883,-83,77.5,27.0,1.295501,1.204657,12.3252,0.0219
5640,-100,-60.0,30.0,4.5,8.5,-52.4,15.8645,-100,78.32,26.02,1.520461,1.154924,9.9865,0.0748
5641,-100,-60.0,30.0,4.5,10.0,-53.18,16.3521,-100,79.42,24.7,1.663025,1.221059,9.0029,0.0623
5642,-100,-60.0,30.0,4.5,11.5,-52.54,16.5804,-100,79.12,25.05,1.523571,1.226879,9.0208,0.0577
5643,-100,-60.0,30.0,4.5,13.0,-52.59,18.5117,-100,80.13,23.84,1.782825,1.147678,7.1704,0.0972
5644,-100,-60.0,30.0,4.75,1.0,-51.07,12.0008,-68,77.53,26.96,1.054212,0.824208,13.8234,0.0002
5645,-100,-60.0,30.0,4.75,2.5,-50.23,12.3134,-74,77.07,27.51,1.125831,0.843947,12.3731,0.0083
5646,-100,-60.0,30.0,4.75,4.0,-50.25,13.4216,-77,77.51,26.99,1.247599,1.286251,12.9955,0.0337
5647,-100,-60.0,30.0,4.75,5.5,-50.42,14.2098,-85,78.21,26.15,1.389324,1.092132,10.1243,0.0543
5649,-100,-60.0,30.0,4.75,8.5,-50.69,16.2075,-100,79.18,24.99,1.569524,1.12936,8.4605,0.0635
5648,-100,-60.0,30.0,4.75,7.0,-50.17,15.4336,-89,78.82,25.42,1.500047,1.253855,9.6276,0.0591
5650,-100,-60.0,30.0,4.75,10.0,-50.25,16.7721,-100,78.41,25.91,1.519575,1.196433,9.5111,0.0901
5651,-100,-60.0,30.0,4.75,11.5,-50.86,17.1675,-100,79.36,24.78,1.649235,1.289011,8.2623,0.0819
5652,-100,-60.0,30.0,4.75,13.0,-50.94,19.1417,-100,78.93,25.28,1.639171,1.170581,8.0039,0.0788
5653,-100,-60.0,30.0,5.0,1.0,-47.94,13.3898,-70,76.93,27.68,1.105044,0.974067,12.1163,0.0021
5654,-100,-60.0,30.0,5.0,2.5,-47.81,13.3207,-72,76.73,27.93,1.122687,0.895169,11.4907,0.0075
5655,-100,-60.0,30.0,5.0,4.0,-47.92,14.3267,-80,77.12,27.45,1.210683,0.957991,9.4823,0.0618
5662,-100,-60.0,40.0,1.0,1.0,,,,100.0,0.0,0.0,0.0,0.0,0.0
5656,-100,-60.0,30.0,5.0,5.5,-47.84,15.0441,-81,77.58,26.91,1.381789,1.204647,10.4018,0.0605
5663,-100,-60.0,40.0,1.0,2.5,,,,100.0,0.0,0.0,0.0,0.0,0.0
5664,-100,-60.0,40.0,1.0,4.0,,,,100.0,0.0,0.0,0.0,0.0,0.0
5657,-100,-60.0,30.0,5.0,7.0,-47.67,15.8537,-86,78.42,25.89,1.412373,1.064187,7.8144,0.0649
5658,-100,-60.0,30.0,5.0,8.5,-47.9,15.9604,-100,78.12,26.27,1.419292,1.075096,7.8178,0.092
5665,-100,-60.0,40.0,1.0,5.5,-80.67,3.2998,-85,100.0,0.0,2.550258,0.201628,0.004,0.0
5659,-100,-60.0,30.0,5.0,10.0,-47.55,16.7645,-100,78.65,25.61,1.470916,1.112876,8.0332,0.0826
5660,-100,-60.0,30.0,5.0,11.5,-48.21,18.49,-100,79.27,24.89,1.534989,1.100017,7.7423,0.106
5666,-100,-60.0,40.0,1.0,7.0,-79.7,6.5225,-95,99.98,0.02,2.489039,0.769701,0.0458,0.0
5661,-100,-60.0,30.0,5.0,13.0,-47.49,19.617,-100,78.83,25.4,1.503151,1.018052,6.7647,0.1157
5667,-100,-60.0,40.0,1.0,8.5,-85.97,8.5136,-100,99.86,0.17,3.054655,1.074666,0.1955,0.0
5668,-100,-60.0,40.0,1.0,10.0,-86.97,9.6576,-100,99.55,0.54,2.580249,1.223165,0.6823,0.0002
5671,-100,-60.0,40.0,1.25,1.0,,,,100.0,0.0,0.0,0.0,0.0,0.0
5669,-100,-60.0,40.0,1.0,11.5,-85.62,10.8587,-100,98.99,1.21,2.838678,1.234567,1.0195,0.0023
5670,-100,-60.0,40.0,1.0,13.0,-84.5,11.5426,-100,98.17,2.19,2.643523,1.311942,1.3141,0.004
5672,-100,-60.0,40.0,1.25,2.5,,,,100.0,0.0,0.0,0.0,0.0,0.0
5673,-100,-60.0,40.0,1.25,4.0,-80.0,0.0,-80,100.0,0.0,1.21474,0.0,0.0024,0.0
5674,-100,-60.0,40.0,1.25,5.5,-79.01,3.2754,-85,99.99,0.01,2.87075,0.899637,0.0262,0.0
5675,-100,-60.0,40.0,1.25,7.0,-83.17,8.3567,-100,99.89,0.14,2.578747,1.069079,0.243,0.0
5676,-100,-60.0,40.0,1.25,8.5,-83.06,8.9016,-100,99.58,0.5,3.045455,1.24701,0.6572,0.0001
5677,-100,-60.0,40.0,1.25,10.0,-83.67,9.7651,-100,99.05,1.14,3.155891,1.233445,1.1984,0.0013
5678,-100,-60.0,40.0,1.25,11.5,-84.14,10.8949,-100,98.4,1.92,2.959905,1.241745,1.5835,0.0033
5680,-100,-60.0,40.0,1.5,1.0,,,,100.0,0.0,0.0,0.0,0.0,0.0
5679,-100,-60.0,40.0,1.25,13.0,-82.42,12.3582,-100,97.11,3.47,2.879983,1.240031,2.6146,0.008
5681,-100,-60.0,40.0,1.5,2.5,,,,100.0,0.0,0.0,0.0,0.0,0.0
5682,-100,-60.0,40.0,1.5,4.0,-72.2,4.2079,-83,99.97,0.04,2.557296,0.58286,0.1239,0.0
5683,-100,-60.0,40.0,1.5,5.5,-80.78,6.125,-90,99.84,0.19,3.337639,1.400003,0.529,0.0
5684,-100,-60.0,40.0,1.5,7.0,-78.4,7.2827,-100,99.22,0.93,2.458936,0.86138,1.6486,0.0
5685,-100,-60.0,40.0,1.5,8.5,-82.31,9.2111,-100,99.14,1.03,3.472778,1.690794,1.2811,0.0002
5686,-100,-60.0,40.0,1.5,10.0,-80.33,10.6158,-100,97.94,2.48,3.157203,1.180268,2.3754,0.0017
5689,-100,-60.0,40.0,1.75,1.0,-65.32,1.3398,-68,99.99,0.01,3.414591,0.766879,0.0462,0.0
5688,-100,-60.0,40.0,1.5,13.0,-80.42,12.9047,-100,95.94,4.87,3.051979,1.099434,3.2064,0.0094
5687,-100,-60.0,40.0,1.5,11.5,-81.21,11.2886,-100,97.5,3.0,2.899476,1.821255,1.9968,0.003
5690,-100,-60.0,40.0,1.75,2.5,-68.91,2.9059,-76,99.98,0.03,2.519533,1.0594,0.0811,0.0
5691,-100,-60.0,40.0,1.75,4.0,-71.75,4.1782,-82,99.69,0.37,3.279734,0.754717,0.9016,0.0
5692,-100,-60.0,40.0,1.75,5.5,-78.34,6.3905,-95,99.47,0.64,4.265993,1.610368,1.1603,0.0
5693,-100,-60.0,40.0,1.75,7.0,-79.02,7.5079,-95,98.65,1.62,2.68158,1.195068,2.3898,0.0
5694,-100,-60.0,40.0,1.75,8.5,-78.8,9.2332,-100,98.14,2.24,3.452461,1.463273,2.5413,0.0006
5695,-100,-60.0,40.0,1.75,10.0,-78.39,10.807,-100,96.77,3.88,2.932981,1.238161,3.9257,0.0016
5696,-100,-60.0,40.0,1.75,11.5,-78.06,11.8278,-100,95.18,5.78,2.62782,2.12175,4.7507,0.005
5698,-100,-60.0,40.0,2.0,1.0,-67.46,1.4643,-72,99.9,0.12,5.118065,1.149402,0.432,0.0
5697,-100,-60.0,40.0,1.75,13.0,-77.95,12.9745,-100,94.57,6.52,3.092635,1.316886,3.3419,0.0163
5700,-100,-60.0,40.0,2.0,4.0,-71.61,4.5168,-83,99.16,1.01,3.221357,0.911245,2.2232,0.0
5699,-100,-60.0,40.0,2.0,2.5,-68.67,2.832,-76,99.72,0.33,3.953614,1.694181,0.8779,0.0
5701,-100,-60.0,40.0,2.0,5.5,-74.32,6.2351,-91,98.43,1.89,3.111485,2.374886,4.1492,0.0
5702,-100,-60.0,40.0,2.0,7.0,-76.38,8.4793,-98,97.36,3.17,2.789091,1.608635,5.3577,0.0002
5703,-100,-60.0,40.0,2.0,8.5,-75.8,9.6476,-100,97.19,3.38,4.239291,1.930298,2.8101,0.0021
5707,-100,-60.0,40.0,2.25,1.0,-65.6,1.927,-71,98.17,2.2,1.434518,1.257583,6.9335,0.0
5704,-100,-60.0,40.0,2.0,10.0,-75.61,12.2173,-100,95.21,5.74,2.947654,1.514939,6.1087,0.0045
5705,-100,-60.0,40.0,2.0,11.5,-75.13,12.8509,-100,92.5,9.0,2.387774,1.782164,8.7567,0.0028
5706,-100,-60.0,40.0,2.0,13.0,-75.89,14.2415,-100,93.09,8.29,3.069175,1.162846,4.8407,0.0275
5709,-100,-60.0,40.0,2.25,4.0,-69.55,4.6625,-81,97.14,3.43,2.188306,1.453513,6.7719,0.0
5708,-100,-60.0,40.0,2.25,2.5,-65.13,3.7022,-76,96.11,4.67,0.925291,1.113386,11.9587,0.0
5710,-100,-60.0,40.0,2.25,5.5,-72.27,6.8881,-99,97.49,3.01,3.687336,1.722098,4.3022,0.0001
5711,-100,-60.0,40.0,2.25,7.0,-73.37,8.5119,-99,95.75,5.11,2.803156,1.528788,6.2599,0.0004
5712,-100,-60.0,40.0,2.25,8.5,-73.31,9.94,-100,93.83,7.4,2.404466,1.805436,8.2647,0.0021
5713,-100,-60.0,40.0,2.25,10.0,-73.2,11.5945,-100,93.22,8.14,2.856295,1.647276,6.6911,0.0069
5714,-100,-60.0,40.0,2.25,11.5,-72.79,13.5039,-100,91.46,10.25,2.727845,1.76402,8.2864,0.0089
5715,-100,-60.0,40.0,2.25,13.0,-72.65,14.4651,-100,90.82,11.01,2.927424,1.728685,6.8631,0.0285
5716,-100,-60.0,40.0,2.5,1.0,-62.76,3.6193,-70,94.05,7.14,0.868122,0.795391,14.0704,0.0
5717,-100,-60.0,40.0,2.5,2.5,-64.92,4.7065,-76,94.47,6.64,1.189508,1.159938,12.729,0.0
5718,-100,-60.0,40.0,2.5,4.0,-67.53,5.6883,-83,94.14,7.04,1.669568,1.594421,12.0758,0.0
5719,-100,-60.0,40.0,2.5,5.5,-69.28,7.6589,-91,93.84,7.39,1.925448,1.935021,11.9508,0.0
5720,-100,-60.0,40.0,2.5,7.0,-70.12,9.7827,-100,92.75,8.7,2.19142,1.741231,10.3845,0.0026
5721,-100,-60.0,40.0,2.5,8.5,-70.56,11.2257,-100,91.19,10.57,2.154756,1.512553,10.7683,0.0032
5722,-100,-60.0,40.0,2.5,10.0,-70.39,12.1703,-100,90.76,11.08,2.599214,1.637154,7.9796,0.0127
5723,-100,-60.0,40.0,2.5,11.5,-70.59,13.443,-100,90.34,11.6,2.75435,1.381141,6.3306,0.0238
5724,-100,-60.0,40.0,2.5,13.0,-69.96,15.4355,-100,88.84,13.39,2.591836,1.593753,8.8418,0.043
5725,-100,-60.0,40.0,2.75,1.0,-63.09,4.7939,-76,92.47,9.04,1.138169,1.394805,15.1269,0.0
5726,-100,-60.0,40.0,2.75,2.5,-64.42,4.4054,-74,91.74,9.92,1.185497,1.542447,15.6198,0.0
5727,-100,-60.0,40.0,2.75,4.0,-64.5,7.079,-84,90.64,11.23,1.524941,1.729896,15.4948,0.0
5728,-100,-60.0,40.0,2.75,5.5,-67.1,8.5046,-89,89.88,12.15,1.694774,1.495796,13.7008,0.0007
5729,-100,-60.0,40.0,2.75,7.0,-67.31,9.8606,-97,88.89,13.33,1.883,1.727849,13.7093,0.0076
5730,-100,-60.0,40.0,2.75,8.5,-67.1,11.6573,-100,87.68,14.78,1.907868,1.57041,13.7298,0.0079
5731,-100,-60.0,40.0,2.75,10.0,-67.63,13.0941,-100,88.71,13.55,2.449994,1.514555,9.0105,0.0263
5732,-100,-60.0,40.0,2.75,11.5,-67.75,14.0212,-100,88.1,14.28,2.439136,1.454542,8.2227,0.0224
5734,-100,-60.0,40.0,3.0,1.0,-60.53,5.3272,-71,88.87,13.35,0.881967,0.73107,17.5272,0.0
5733,-100,-60.0,40.0,2.75,13.0,-67.22,15.6188,-100,86.52,16.18,2.36902,1.705034,9.8466,0.0406
5736,-100,-60.0,40.0,3.0,4.0,-64.29,7.4325,-82,87.77,14.68,1.266037,1.253735,16.8441,0.0001
5735,-100,-60.0,40.0,3.0,2.5,-61.37,6.0701,-74,86.46,16.25,1.03308,1.036426,18.336,0.0
5737,-100,-60.0,40.0,3.0,5.5,-64.66,9.3955,-90,87.52,14.98,1.680837,1.458749,14.507,0.002
5738,-100,-60.0,40.0,3.0,7.0,-65.32,10.7151,-100,86.65,16.02,1.747779,1.647172,14.977,0.0086
5739,-100,-60.0,40.0,3.0,8.5,-64.06,12.2188,-100,85.47,17.44,1.980833,1.573269,11.2777,0.026
5740,-100,-60.0,40.0,3.0,10.0,-64.51,13.0289,-100,86.07,16.71,2.231929,1.673519,10.1182,0.033
5741,-100,-60.0,40.0,3.0,11.5,-64.74,14.4163,-100,85.71,17.15,2.35313,1.383871,8.4577,0.045
5742,-100,-60.0,40.0,3.0,13.0,-64.86,16.1009,-100,85.1,17.87,2.357334,1.415281,8.5003,0.0656
5743,-100,-60.0,40.0,3.25,1.0,-58.15,6.6224,-68,84.97,18.04,0.962303,1.088766,19.6145,0.0
5744,-100,-60.0,40.0,3.25,2.5,-60.06,7.2186,-75,82.47,21.04,0.979882,1.090186,19.7938,0.0
5746,-100,-60.0,40.0,3.25,5.5,-61.5,10.2542,-89,84.08,19.11,1.547367,1.277071,14.6288,0.0067
5745,-100,-60.0,40.0,3.25,4.0,-61.35,8.4448,-82,82.5,21.0,1.197594,1.165655,17.9856,0.0013
5747,-100,-60.0,40.0,3.25,7.0,-62.03,11.5784,-93,83.46,19.85,1.666251,1.504268,14.7068,0.0137
5748,-100,-60.0,40.0,3.25,8.5,-62.06,12.7353,-100,84.02,19.18,1.949627,1.427691,12.1846,0.0254
5749,-100,-60.0,40.0,3.25,10.0,-61.58,13.7284,-100,82.81,20.63,1.879787,1.425705,12.2421,0.0423
5750,-100,-60.0,40.0,3.25,11.5,-62.14,14.9323,-100,83.55,19.74,2.136797,1.509863,10.1503,0.0444
5751,-100,-60.0,40.0,3.25,13.0,-61.33,16.7942,-100,82.67,20.8,2.025484,1.542671,10.91,0.0608
5752,-100,-60.0,40.0,3.5,1.0,-57.14,8.0749,-68,81.12,22.65,1.02949,1.058312,18.9542,0.0
5753,-100,-60.0,40.0,3.5,2.5,-58.3,8.2984,-76,81.56,22.13,1.135999,1.050588,17.9154,0.0001
5754,-100,-60.0,40.0,3.5,4.0,-58.7,9.5777,-81,81.3,22.44,1.302706,1.231174,16.8393,0.0038
5755,-100,-60.0,40.0,3.5,5.5,-58.79,10.6987,-87,82.11,21.47,1.615653,1.317865,13.5916,0.0174
5756,-100,-60.0,40.0,3.5,7.0,-59.31,11.6835,-94,81.6,22.08,1.688646,1.538012,13.9879,0.0256
5757,-100,-60.0,40.0,3.5,8.5,-58.7,12.9604,-100,81.56,22.13,1.809845,1.775081,14.0845,0.0387
5758,-100,-60.0,40.0,3.5,10.0,-59.21,14.0092,-100,81.79,21.85,1.920461,1.346616,10.1899,0.0289
5759,-100,-60.0,40.0,3.5,11.5,-58.48,15.1189,-100,81.47,22.23,1.938823,1.458558,10.0085,0.067
5760,-100,-60.0,40.0,3.5,13.0,-58.56,16.7868,-100,81.99,21.62,2.070292,1.682855,10.1898,0.0532
5761,-100,-60.0,40.0,3.75,1.0,-55.47,9.1764,-70,78.2,26.16,0.986518,0.986292,18.1024,0.0002
5762,-100,-60.0,40.0,3.75,2.5,-55.58,9.6254,-75,77.98,26.43,1.027572,0.9904,17.6153,0.0022
5763,-100,-60.0,40.0,3.75,4.0,-55.79,11.4441,-81,79.45,24.65,1.370089,1.288345,15.4692,0.0196
5764,-100,-60.0,40.0,3.75,5.5,-55.13,11.5021,-86,78.53,25.76,1.383102,1.218071,13.0219,0.031
5765,-100,-60.0,40.0,3.75,7.0,-55.97,13.0469,-95,80.12,23.86,1.678904,1.287408,11.2854,0.0466
5766,-100,-60.0,40.0,3.75,8.5,-55.95,13.5876,-98,80.66,23.21,1.760853,1.329995,10.3044,0.0549
5767,-100,-60.0,40.0,3.75,10.0,-56.07,14.6965,-100,80.34,23.59,1.812611,1.36317,9.5265,0.0693
5768,-100,-60.0,40.0,3.75,11.5,-55.69,15.2228,-100,79.76,24.29,1.766297,1.536812,11.5602,0.0693
5769,-100,-60.0,40.0,3.75,13.0,-55.48,16.8357,-100,80.07,23.91,1.799118,1.167589,8.2807,0.0939
5770,-100,-60.0,40.0,4.0,1.0,-53.1,10.282,-70,77.2,27.37,0.9493,0.789693,14.8645,0.0003
5771,-100,-60.0,40.0,4.0,2.5,-52.94,10.6196,-74,77.89,26.53,1.209844,1.012336,13.6149,0.0049
5772,-100,-60.0,40.0,4.0,4.0,-53.21,11.1537,-79,77.26,27.28,1.252954,1.137677,13.0236,0.027
5773,-100,-60.0,40.0,4.0,5.5,-53.41,12.406,-85,78.18,26.19,1.40523,1.216621,12.1913,0.0397
5774,-100,-60.0,40.0,4.0,7.0,-52.69,13.0114,-93,78.14,26.24,1.481294,1.333026,11.4289,0.0418
5775,-100,-60.0,40.0,4.0,8.5,-53.35,14.4728,-95,79.41,24.69,1.569108,1.296627,10.5111,0.0616
5776,-100,-60.0,40.0,4.0,10.0,-52.91,15.4409,-100,79.29,24.86,1.692948,1.206204,8.3243,0.0823
5777,-100,-60.0,40.0,4.0,11.5,-52.4,15.9475,-100,79.72,24.34,1.684331,1.232345,7.9241,0.0853
5778,-100,-60.0,40.0,4.0,13.0,-52.83,17.7916,-100,80.14,23.83,1.781253,1.10564,7.022,0.1188
5779,-100,-60.0,40.0,4.25,1.0,-49.76,11.2568,-67,76.91,27.71,1.081579,0.875149,12.0779,0.0094
5780,-100,-60.0,40.0,4.25,2.5,-50.04,11.2774,-72,77.98,26.42,1.269007,0.897459,9.5538,0.0181
5781,-100,-60.0,40.0,4.25,4.0,-50.32,12.6185,-78,78.2,26.15,1.343208,1.01851,9.0667,0.0326
5782,-100,-60.0,40.0,4.25,5.5,-50.38,13.4403,-87,77.83,26.6,1.354734,1.176442,10.0239,0.0458
5783,-100,-60.0,40.0,4.25,7.0,-50.31,13.7905,-92,77.95,26.47,1.382897,1.198688,9.1463,0.0699
5784,-100,-60.0,40.0,4.25,8.5,-50.5,15.2244,-94,78.12,26.26,1.471343,1.322102,10.4066,0.0485
5785,-100,-60.0,40.0,4.25,10.0,-50.58,14.9654,-100,77.81,26.61,1.493561,1.173541,8.9512,0.0833
5786,-100,-60.0,40.0,4.25,11.5,-50.11,16.1617,-100,79.42,24.69,1.583649,1.159749,7.4748,0.0907
5787,-100,-60.0,40.0,4.25,13.0,-50.32,17.8382,-100,79.16,25.02,1.635312,1.13587,8.0182,0.1124
5789,-100,-60.0,40.0,4.5,2.5,-47.16,13.0018,-70,77.54,26.95,1.276988,0.952638,6.7329,0.0711
5788,-100,-60.0,40.0,4.5,1.0,-47.62,12.5387,-66,77.53,26.97,1.136054,0.990343,10.2969,0.0139
5790,-100,-60.0,40.0,4.5,4.0,-47.55,13.1505,-77,77.65,26.8,1.324111,0.87646,7.0395,0.055
5791,-100,-60.0,40.0,4.5,5.5,-47.62,13.8494,-82,78.18,26.19,1.367663,0.996,6.9749,0.0783
5792,-100,-60.0,40.0,4.5,7.0,-47.21,14.1731,-88,77.88,26.54,1.331845,0.97278,6.7802,0.1066
5793,-100,-60.0,40.0,4.5,8.5,-47.27,15.2685,-91,78.45,25.87,1.420326,1.135276,7.7681,0.0881
5795,-100,-60.0,40.0,4.5,11.5,-47.08,17.0562,-100,78.81,25.43,1.4768,0.980034,5.905,0.1157
5794,-100,-60.0,40.0,4.5,10.0,-47.49,15.8643,-94,77.97,26.44,1.384294,1.131783,8.2451,0.0705
5796,-100,-60.0,40.0,4.5,13.0,-47.37,18.8529,-100,78.89,25.34,1.534544,1.018212,5.7774,0.1188
5797,-100,-60.0,40.0,4.75,1.0,-44.68,12.5114,-64,76.51,28.18,1.038954,0.738587,5.4664,0.0938
5798,-100,-60.0,40.0,4.75,2.5,-44.38,13.458,-69,77.08,27.51,1.119262,0.722076,4.1166,0.0868
5799,-100,-60.0,40.0,4.75,4.0,-44.6,13.8951,-76,77.19,27.37,1.172784,0.890966,6.0775,0.0725
5800,-100,-60.0,40.0,4.75,5.5,-44.38,14.9532,-83,77.26,27.27,1.236412,0.885664,5.3739,0.1206
5801,-100,-60.0,40.0,4.75,7.0,-44.55,15.2274,-81,77.39,27.14,1.227269,0.920874,6.1679,0.0965
5802,-100,-60.0,40.0,4.75,8.5,-44.42,16.2728,-88,78.05,26.33,1.325518,0.919663,5.5822,0.1102
5803,-100,-60.0,40.0,4.75,10.0,-44.44,17.3487,-98,77.66,26.81,1.327173,1.045031,6.8319,0.0852
5804,-100,-60.0,40.0,4.75,11.5,-44.67,18.2045,-100,78.54,25.77,1.458067,0.999966,6.7256,0.131
5805,-100,-60.0,40.0,4.75,13.0,-44.96,18.7072,-100,78.58,25.71,1.422172,0.951017,5.6367,0.1188
5806,-100,-60.0,40.0,5.0,1.0,-41.85,14.1667,-62,76.13,28.65,0.994173,0.675295,4.3311,0.1463
5807,-100,-60.0,40.0,5.0,2.5,-41.9,14.9996,-68,76.28,28.46,1.090628,0.719506,4.5454,0.1713
5808,-100,-60.0,40.0,5.0,4.0,-41.63,14.5837,-72,76.26,28.5,1.063665,0.769703,5.5836,0.1116
5815,-100,-60.0,50.0,1.0,1.0,,,,100.0,0.0,0.0,0.0,0.0,0.0
5816,-100,-60.0,50.0,1.0,2.5,,,,100.0,0.0,0.0,0.0,0.0,0.0
5810,-100,-60.0,40.0,5.0,7.0,-41.43,15.9082,-81,77.41,27.11,1.177995,0.769907,4.3486,0.1271
5809,-100,-60.0,40.0,5.0,5.5,-42.03,14.686,-79,76.91,27.71,1.145702,0.884019,6.3844,0.0944
5817,-100,-60.0,50.0,1.0,4.0,,,,100.0,0.0,0.0,0.0,0.0,0.0
5811,-100,-60.0,40.0,5.0,8.5,-41.58,15.9086,-94,77.42,27.1,1.204982,0.8348,4.97,0.1367
5818,-100,-60.0,50.0,1.0,5.5,-83.0,1.7321,-84,100.0,0.0,2.410199,0.301716,0.0067,0.0
5812,-100,-60.0,40.0,5.0,10.0,-41.52,17.2968,-93,77.27,27.28,1.24829,0.849118,5.2416,0.1542
5819,-100,-60.0,50.0,1.0,7.0,-86.18,6.5741,-94,99.97,0.04,2.801816,0.787068,0.0829,0.0
5813,-100,-60.0,40.0,5.0,11.5,-41.8,19.2447,-99,77.91,26.51,1.240906,0.983068,7.1207,0.1065
5820,-100,-60.0,50.0,1.0,8.5,-86.07,8.3381,-100,99.8,0.23,2.875933,0.999528,0.3821,0.0
5814,-100,-60.0,40.0,5.0,13.0,-42.36,19.4176,-100,78.29,26.07,1.354288,0.861056,4.5511,0.1322
5821,-100,-60.0,50.0,1.0,10.0,-85.29,9.6272,-100,99.43,0.69,2.971359,1.089148,0.7791,0.001
5824,-100,-60.0,50.0,1.25,1.0,,,,100.0,0.0,0.0,0.0,0.0,0.0
5822,-100,-60.0,50.0,1.0,11.5,-85.34,10.8742,-100,98.74,1.51,2.572223,1.008675,1.21,0.0019
5823,-100,-60.0,50.0,1.0,13.0,-85.35,11.7482,-100,98.15,2.23,2.838125,0.863839,1.3987,0.0062
5825,-100,-60.0,50.0,1.25,2.5,,,,100.0,0.0,0.0,0.0,0.0,0.0
5826,-100,-60.0,50.0,1.25,4.0,-75.0,0.0,-75,100.0,0.0,3.102599,0.0,0.0024,0.0
5827,-100,-60.0,50.0,1.25,5.5,-78.21,6.1179,-88,99.98,0.02,2.410989,1.189971,0.0357,0.0
5828,-100,-60.0,50.0,1.25,7.0,-82.53,7.6755,-96,99.76,0.28,3.461441,0.878125,0.5952,0.0
5829,-100,-60.0,50.0,1.25,8.5,-83.08,8.8324,-100,99.34,0.79,2.908499,1.228711,1.1056,0.0003
5830,-100,-60.0,50.0,1.25,10.0,-82.9,10.3278,-100,98.86,1.37,2.653581,1.320687,1.5725,0.001
5831,-100,-60.0,50.0,1.25,11.5,-82.45,11.3116,-100,97.98,2.43,3.013513,0.95582,1.5432,0.0046
5832,-100,-60.0,50.0,1.25,13.0,-82.5,12.3237,-100,97.07,3.51,2.995385,0.980772,1.7791,0.0058
5833,-100,-60.0,50.0,1.5,1.0,,,,100.0,0.0,0.0,0.0,0.0,0.0
5834,-100,-60.0,50.0,1.5,2.5,-69.22,2.7397,-75,99.99,0.01,1.851608,0.465819,0.0219,0.0
5835,-100,-60.0,50.0,1.5,4.0,-74.15,4.1516,-80,99.92,0.1,3.271898,1.1626,0.342,0.0
5836,-100,-60.0,50.0,1.5,5.5,-77.82,6.1396,-89,99.71,0.35,3.241569,1.315053,0.7641,0.0
5838,-100,-60.0,50.0,1.5,8.5,-80.23,9.6567,-100,98.75,1.5,3.761757,1.728307,2.2394,0.0002
5837,-100,-60.0,50.0,1.5,7.0,-78.63,7.7262,-100,99.24,0.91,3.538401,1.46149,1.3434,0.0001
5839,-100,-60.0,50.0,1.5,10.0,-80.55,10.8133,-100,97.97,2.44,3.635353,1.536251,1.9693,0.003
5840,-100,-60.0,50.0,1.5,11.5,-79.72,11.8159,-100,96.83,3.81,3.487466,1.428837,2.6547,0.0055
5842,-100,-60.0,50.0,1.75,1.0,-64.52,1.5239,-69,99.95,0.06,4.667737,0.964621,0.2017,0.0
5843,-100,-60.0,50.0,1.75,2.5,-67.31,2.6405,-73,99.9,0.13,3.252193,1.030635,0.303,0.0
5844,-100,-60.0,50.0,1.75,4.0,-71.09,4.0545,-83,99.49,0.61,2.638172,0.907573,1.3825,0.0
5841,-100,-60.0,50.0,1.5,13.0,-79.21,12.8268,-100,95.56,5.33,3.401267,1.805659,2.3339,0.0108
5845,-100,-60.0,50.0,1.75,5.5,-75.9,6.1176,-89,99.16,1.0,3.024915,1.629418,2.2408,0.0
5846,-100,-60.0,50.0,1.75,7.0,-77.24,8.2947,-100,97.88,2.55,2.588696,2.068202,5.011,0.0002
5847,-100,-60.0,50.0,1.75,8.5,-76.69,9.9451,-100,97.21,3.35,3.1859,1.644007,4.4556,0.0027
5848,-100,-60.0,50.0,1.75,10.0,-77.29,11.2035,-100,96.13,4.64,3.239047,1.420626,4.1606,0.005
5851,-100,-60.0,50.0,2.0,1.0,-64.49,1.5648,-69,98.36,1.97,1.023545,0.830747,7.0684,0.0
5849,-100,-60.0,50.0,1.75,11.5,-76.7,12.5408,-100,94.77,6.27,3.209117,1.26529,4.0778,0.0098
5850,-100,-60.0,50.0,1.75,13.0,-76.3,13.3861,-100,93.16,8.21,3.015684,1.746034,4.8717,0.017
5852,-100,-60.0,50.0,2.0,2.5,-66.31,3.1808,-75,99.1,1.08,3.306553,1.660812,3.075,0.0
5853,-100,-60.0,50.0,2.0,4.0,-70.15,4.5424,-84,98.3,2.04,2.847135,1.091283,3.9716,0.0
5854,-100,-60.0,50.0,2.0,5.5,-73.72,7.0507,-96,96.9,3.72,2.285257,1.890531,7.3848,0.0
5855,-100,-60.0,50.0,2.0,7.0,-73.21,8.4407,-97,96.92,3.7,3.467931,1.323537,4.1674,0.0013
5856,-100,-60.0,50.0,2.0,8.5,-73.97,10.2557,-100,95.11,5.87,2.829374,1.75626,6.4658,0.0028
5857,-100,-60.0,50.0,2.0,10.0,-73.69,11.1302,-100,94.14,7.03,3.226945,1.550508,4.4038,0.0057
5858,-100,-60.0,50.0,2.0,11.5,-73.67,12.2799,-100,93.03,8.36,3.183334,1.195842,4.4504,0.0196
5860,-100,-60.0,50.0,2.25,1.0,-63.54,2.021,-68,97.35,3.18,1.522843,1.165102,7.575,0.0
5859,-100,-60.0,50.0,2.0,13.0,-73.04,13.8406,-100,91.16,10.61,2.875331,1.816268,6.1999,0.0281
5861,-100,-60.0,50.0,2.25,2.5,-65.33,4.1973,-73,96.22,4.54,1.931382,2.383095,10.6781,0.0
5862,-100,-60.0,50.0,2.25,4.0,-68.86,5.1277,-86,94.42,6.7,1.331104,1.482807,12.9299,0.0
5863,-100,-60.0,50.0,2.25,5.5,-70.75,7.2753,-93,95.46,5.45,2.727653,1.950335,7.7464,0.0001
5864,-100,-60.0,50.0,2.25,7.0,-70.79,9.755,-99,93.4,7.92,2.241644,1.827321,10.9446,0.003
5865,-100,-60.0,50.0,2.25,8.5,-71.27,10.6152,-100,92.56,8.93,2.651002,1.629978,8.1441,0.0069
5867,-100,-60.0,50.0,2.25,11.5,-70.88,13.4958,-100,91.07,10.71,3.088214,1.424978,5.3229,0.024
5866,-100,-60.0,50.0,2.25,10.0,-71.15,12.1844,-100,91.33,10.4,2.548196,1.659977,8.5901,0.0108
5868,-100,-60.0,50.0,2.25,13.0,-69.9,13.8696,-100,88.53,13.76,2.465966,1.286779,6.4212,0.031
5869,-100,-60.0,50.0,2.5,1.0,-63.6,3.3157,-72,91.74,9.92,0.90468,0.835207,16.0165,0.0
5870,-100,-60.0,50.0,2.5,2.5,-65.12,4.454,-75,92.76,8.69,1.176437,1.323214,14.7975,0.0
5871,-100,-60.0,50.0,2.5,4.0,-66.71,6.8897,-81,92.56,8.93,1.724024,1.620817,12.7878,0.0
5872,-100,-60.0,50.0,2.5,5.5,-67.3,8.4353,-90,92.58,8.9,2.312625,1.634186,9.2852,0.0011
5873,-100,-60.0,50.0,2.5,7.0,-67.64,9.8093,-100,89.9,12.13,2.129327,1.543169,11.7529,0.0036
5874,-100,-60.0,50.0,2.5,8.5,-67.23,10.9112,-100,88.22,14.13,2.152719,1.648607,11.5725,0.0136
5875,-100,-60.0,50.0,2.5,10.0,-67.48,13.1259,-100,87.18,15.39,2.079807,1.910757,13.2661,0.0188
5876,-100,-60.0,50.0,2.5,11.5,-67.46,13.406,-100,87.42,15.09,2.449567,1.449858,8.2856,0.0299
5877,-100,-60.0,50.0,2.5,13.0,-68.23,15.2215,-100,87.86,14.57,2.71002,1.460341,7.6336,0.0307
5879,-100,-60.0,50.0,2.75,2.5,-61.77,5.8558,-75,89.07,13.12,1.162203,1.38488,16.9373,0.0
5878,-100,-60.0,50.0,2.75,1.0,-60.84,5.044,-70,88.34,13.99,0.834442,0.824215,18.4728,0.0
5880,-100,-60.0,50.0,2.75,4.0,-64.98,7.5049,-85,87.15,15.42,1.310539,1.473563,17.4227,0.0001
5881,-100,-60.0,50.0,2.75,5.5,-64.6,8.6075,-89,86.46,16.25,1.590928,1.533815,15.6968,0.0023
5882,-100,-60.0,50.0,2.75,7.0,-64.8,10.2311,-96,86.87,15.76,1.974407,1.492745,12.584,0.0103
5883,-100,-60.0,50.0,2.75,8.5,-65.0,11.9027,-100,86.33,16.4,2.091912,1.645445,12.132,0.0198
5884,-100,-60.0,50.0,2.75,10.0,-65.13,13.4411,-100,85.68,17.18,2.088147,1.371035,10.6052,0.0372
5885,-100,-60.0,50.0,2.75,11.5,-65.07,14.6159,-100,85.63,17.24,2.322103,1.62617,10.2855,0.0461
5887,-100,-60.0,50.0,3.0,1.0,-59.76,6.2001,-71,85.35,17.58,0.972472,1.03104,18.5618,0.0
5886,-100,-60.0,50.0,2.75,13.0,-64.42,15.5261,-100,85.71,17.15,2.471988,1.439112,7.3801,0.0563
5888,-100,-60.0,50.0,3.0,2.5,-60.6,6.9858,-76,83.46,19.84,1.163544,1.036189,17.6606,0.0
5889,-100,-60.0,50.0,3.0,4.0,-61.65,8.0916,-82,84.45,18.66,1.429053,1.350749,16.4156,0.002
5890,-100,-60.0,50.0,3.0,5.5,-61.96,9.4423,-87,84.87,18.15,1.65651,1.59505,14.9396,0.0082
5891,-100,-60.0,50.0,3.0,7.0,-61.61,11.3504,-92,83.39,19.93,1.725836,1.477148,13.8791,0.0106
5892,-100,-60.0,50.0,3.0,8.5,-62.55,11.7749,-100,84.39,18.73,2.046937,1.531109,11.3364,0.0189
5893,-100,-60.0,50.0,3.0,10.0,-61.92,13.3611,-100,83.4,19.92,1.99862,1.526348,9.9218,0.0235
5894,-100,-60.0,50.0,3.0,11.5,-61.69,14.5572,-100,83.86,19.36,2.210804,1.378523,8.7291,0.0514
5895,-100,-60.0,50.0,3.0,13.0,-61.73,15.8063,-100,83.22,20.13,2.142546,1.338767,8.8672,0.0643
5896,-100,-60.0,50.0,3.25,1.0,-57.79,7.9526,-68,81.16,22.61,0.951503,1.185532,20.7357,0.0
5897,-100,-60.0,50.0,3.25,2.5,-58.09,8.2071,-75,80.9,22.92,1.213876,1.070472,16.4387,0.0001
5899,-100,-60.0,50.0,3.25,5.5,-58.85,10.6354,-88,80.69,23.16,1.490318,1.43069,15.688,0.0288
5898,-100,-60.0,50.0,3.25,4.0,-59.1,8.6732,-81,81.07,22.72,1.275715,1.227366,16.8291,0.0031
5900,-100,-60.0,50.0,3.25,7.0,-58.96,11.843,-91,82.02,21.59,1.771433,1.337854,11.6432,0.0198
5901,-100,-60.0,50.0,3.25,8.5,-58.21,12.9182,-96,81.51,22.19,1.841453,1.396318,10.2964,0.03
5902,-100,-60.0,50.0,3.25,10.0,-58.24,14.1251,-100,81.37,22.36,1.958969,1.394581,9.9464,0.0908
5903,-100,-60.0,50.0,3.25,11.5,-58.88,14.5998,-100,82.24,21.31,2.050032,1.407778,8.5415,0.0533
5904,-100,-60.0,50.0,3.25,13.0,-58.27,15.911,-100,81.48,22.23,1.985123,1.371618,8.5659,0.0758
5905,-100,-60.0,50.0,3.5,1.0,-55.15,8.0829,-71,79.48,24.61,1.230441,0.969824,14.3032,0.0002
5906,-100,-60.0,50.0,3.5,2.5,-55.27,9.2129,-74,78.3,26.03,1.15308,0.991501,15.6089,0.0095
5907,-100,-60.0,50.0,3.5,4.0,-55.63,10.928,-80,79.05,25.15,1.422039,1.174635,13.2238,0.0182
5909,-100,-60.0,50.0,3.5,7.0,-55.71,11.7716,-93,81.38,22.34,1.820156,1.265543,8.8247,0.0337
5908,-100,-60.0,50.0,3.5,5.5,-56.03,11.0153,-86,80.08,23.9,1.641584,1.502501,12.1023,0.0399
5910,-100,-60.0,50.0,3.5,8.5,-55.13,12.9535,-100,79.88,24.15,1.726757,1.308838,8.9588,0.0584
5911,-100,-60.0,50.0,3.5,10.0,-55.4,14.3587,-99,78.49,25.81,1.611511,1.336369,10.483,0.0773
5912,-100,-60.0,50.0,3.5,11.5,-55.47,15.1732,-100,81.06,22.72,1.856198,1.343204,8.8412,0.0772
5913,-100,-60.0,50.0,3.5,13.0,-54.9,16.5887,-100,80.7,23.16,1.875272,1.18933,6.9846,0.0841
5914,-100,-60.0,50.0,3.75,1.0,-52.23,10.5641,-67,77.59,26.89,1.1918,1.198729,16.0255,0.0037
5915,-100,-60.0,50.0,3.75,2.5,-52.36,10.1564,-73,78.01,26.38,1.265515,1.113248,11.8005,0.0235
5916,-100,-60.0,50.0,3.75,4.0,-52.2,10.7529,-78,78.38,25.94,1.394984,1.162494,9.9841,0.0328
5917,-100,-60.0,50.0,3.75,5.5,-52.53,12.3518,-84,78.82,25.41,1.473507,1.135837,9.6746,0.0739
5918,-100,-60.0,50.0,3.75,7.0,-52.63,12.2693,-91,78.56,25.74,1.487773,1.102386,8.6655,0.0934
5921,-100,-60.0,50.0,3.75,11.5,-52.61,15.6902,-100,79.27,24.88,1.642829,1.204302,8.1468,0.1016
5919,-100,-60.0,50.0,3.75,8.5,-52.39,13.7806,-100,79.39,24.74,1.616356,1.079209,7.4311,0.1109
5920,-100,-60.0,50.0,3.75,10.0,-52.19,14.8975,-98,78.98,25.22,1.621363,1.457212,10.0639,0.0654
5922,-100,-60.0,50.0,3.75,13.0,-52.08,16.7813,-100,80.1,23.88,1.721386,1.181155,6.9477,0.0954
5923,-100,-60.0,50.0,4.0,1.0,-49.64,11.1761,-68,77.19,27.37,1.173303,0.88477,8.9067,0.0114
5924,-100,-60.0,50.0,4.0,2.5,-49.3,11.475,-72,76.85,27.78,1.183648,0.981091,9.7063,0.0218
5925,-100,-60.0,50.0,4.0,4.0,-49.39,11.931,-77,77.43,27.09,1.257423,1.222228,10.2237,0.0355
5926,-100,-60.0,50.0,4.0,5.5,-49.1,12.3181,-86,77.63,26.84,1.224624,1.231849,9.8068,0.045
5927,-100,-60.0,50.0,4.0,7.0,-49.01,12.9822,-85,78.11,26.27,1.413059,0.916645,5.655,0.114
5928,-100,-60.0,50.0,4.0,8.5,-49.23,14.1233,-98,78.43,25.89,1.471411,1.192152,7.5951,0.0764
5929,-100,-60.0,50.0,4.0,10.0,-49.28,15.5875,-100,79.13,25.04,1.47483,1.005459,6.3724,0.1132
5931,-100,-60.0,50.0,4.0,13.0,-48.97,16.9727,-100,77.99,26.41,1.497417,1.101894,7.4656,0.1073
5930,-100,-60.0,50.0,4.0,11.5,-48.96,15.6514,-100,78.86,25.38,1.530413,1.098503,7.1613,0.1203
5932,-100,-60.0,50.0,4.25,1.0,-46.32,12.7452,-67,76.25,28.49,1.087008,0.822668,7.6939,0.0462
5933,-100,-60.0,50.0,4.25,2.5,-46.26,11.6488,-69,77.77,26.68,1.270416,0.974667,7.902,0.1193
5934,-100,-60.0,50.0,4.25,4.0,-46.37,12.4841,-77,77.27,27.29,1.22993,0.928568,6.4056,0.1066
5935,-100,-60.0,50.0,4.25,5.5,-46.49,13.0531,-80,77.64,26.83,1.307747,1.066697,7.4958,0.0788
5936,-100,-60.0,50.0,4.25,7.0,-46.32,14.0093,-84,77.53,26.96,1.28276,0.927444,6.3753,0.111
5937,-100,-60.0,50.0,4.25,8.5,-45.81,14.3628,-92,78.38,25.94,1.343611,0.935935,5.772,0.0975
5938,-100,-60.0,50.0,4.25,10.0,-46.38,15.4602,-99,78.75,25.49,1.452707,0.953092,5.569,0.1139
5939,-100,-60.0,50.0,4.25,11.5,-46.31,16.8914,-100,77.75,26.71,1.416052,1.001668,6.5563,0.1042
5940,-100,-60.0,50.0,4.25,13.0,-45.78,18.1713,-100,78.95,25.24,1.504031,0.856594,3.9668,0.1503
5941,-100,-60.0,50.0,4.5,1.0,-42.98,12.7218,-63,77.07,27.52,1.04574,0.651196,2.3874,0.1989
5943,-100,-60.0,50.0,4.5,4.0,-42.86,13.5587,-72,76.71,27.95,1.085316,0.721099,4.1642,0.1418
5942,-100,-60.0,50.0,4.5,2.5,-42.97,12.4186,-68,77.08,27.49,1.131976,0.799223,5.5569,0.1301
5944,-100,-60.0,50.0,4.5,5.5,-43.0,13.6206,-77,76.84,27.79,1.126239,0.750896,3.9683,0.1543
5945,-100,-60.0,50.0,4.5,7.0,-43.09,14.2646,-79,76.93,27.68,1.174976,0.801248,4.344,0.1407
5946,-100,-60.0,50.0,4.5,8.5,-42.92,15.3706,-91,77.05,27.54,1.20616,0.79917,4.4639,0.1327
5947,-100,-60.0,50.0,4.5,10.0,-43.05,16.3116,-100,77.56,26.92,1.222092,0.886076,5.8599,0.1288
5948,-100,-60.0,50.0,4.5,11.5,-43.08,16.8742,-100,76.73,27.92,1.232398,0.890412,5.6771,0.1187
5949,-100,-60.0,50.0,4.5,13.0,-42.67,17.7763,-100,77.19,27.39,1.277779,1.035274,7.1581,0.0858
5950,-100,-60.0,50.0,4.75,1.0,-39.62,13.0525,-60,75.71,29.14,0.962752,0.613282,3.0303,0.1946
5952,-100,-60.0,50.0,4.75,4.0,-40.05,14.0482,-71,76.64,28.02,1.008584,0.657805,3.5053,0.1695
5951,-100,-60.0,50.0,4.75,2.5,-39.97,13.7548,-67,76.79,27.86,1.026582,0.707636,4.7793,0.1356
5954,-100,-60.0,50.0,4.75,7.0,-40.57,16.1464,-81,76.74,27.92,1.125412,0.735288,4.6568,0.169
5955,-100,-60.0,50.0,4.75,8.5,-39.66,16.1787,-83,77.3,27.24,1.138291,0.712914,3.4949,0.1562
5953,-100,-60.0,50.0,4.75,5.5,-40.3,14.0757,-77,76.45,28.27,1.057062,0.658233,2.5522,0.173
5956,-100,-60.0,50.0,4.75,10.0,-40.23,16.701,-90,77.61,26.87,1.184185,0.76269,4.2599,0.161
5957,-100,-60.0,50.0,4.75,11.5,-39.84,17.9819,-95,77.84,26.6,1.257189,0.829301,5.4796,0.1353
5958,-100,-60.0,50.0,4.75,13.0,-40.26,19.0363,-100,77.47,27.03,1.266629,0.90127,5.7693,0.1126
5959,-100,-60.0,50.0,5.0,1.0,-37.12,14.204,-59,76.1,28.68,0.980551,0.631306,3.2892,0.1709
5960,-100,-60.0,50.0,5.0,2.5,-36.92,14.697,-66,75.57,29.31,1.011956,0.711384,5.2535,0.1645
5961,-100,-60.0,50.0,5.0,4.0,-37.0,14.5533,-68,76.4,28.32,0.999208,0.704398,5.0217,0.1573
5968,-100,-55.0,30.0,1.0,1.0,,,,100.0,0.0,0.0,0.0,0.0,0.0
5969,-100,-55.0,30.0,1.0,2.5,,,,100.0,0.0,0.0,0.0,0.0,0.0
5962,-100,-60.0,50.0,5.0,5.5,-36.7,15.1289,-72,76.17,28.6,0.977921,0.594331,2.0051,0.2081
5964,-100,-60.0,50.0,5.0,8.5,-37.22,16.4631,-84,76.3,28.44,1.057359,0.73533,4.9861,0.1437
5970,-100,-55.0,30.0,1.0,4.0,,,,100.0,0.0,0.0,0.0,0.0,0.0
5963,-100,-60.0,50.0,5.0,7.0,-36.76,15.3218,-83,76.23,28.53,1.021521,0.715455,4.8269,0.1283
5971,-100,-55.0,30.0,1.0,5.5,,,,100.0,0.0,0.0,0.0,0.0,0.0
5972,-100,-55.0,30.0,1.0,7.0,-84.0,1.0,-85,100.0,0.0,1.348957,0.015943,0.0049,0.0
5965,-100,-60.0,50.0,5.0,10.0,-36.77,17.3026,-95,76.89,27.73,1.097577,0.667294,2.4666,0.1735
5973,-100,-55.0,30.0,1.0,8.5,-85.75,6.8497,-97,99.99,0.01,2.657834,1.647783,0.0146,0.0
5967,-100,-60.0,50.0,5.0,13.0,-37.16,18.7367,-99,77.03,27.57,1.155142,0.739282,4.0158,0.1667
5966,-100,-60.0,50.0,5.0,11.5,-36.47,19.1285,-93,77.45,27.07,1.101124,0.787292,5.6163,0.1296
5974,-100,-55.0,30.0,1.0,10.0,-85.05,9.4618,-100,99.9,0.12,2.662281,1.022604,0.1415,0.0
5975,-100,-55.0,30.0,1.0,11.5,-87.57,10.2107,-100,99.78,0.27,2.733739,0.924372,0.2217,0.0003
5977,-100,-55.0,30.0,1.25,1.0,,,,100.0,0.0,0.0,0.0,0.0,0.0
5978,-100,-55.0,30.0,1.25,2.5,,,,100.0,0.0,0.0,0.0,0.0,0.0
5976,-100,-55.0,30.0,1.0,13.0,-86.03,11.0031,-100,99.5,0.6,2.399528,0.975433,0.4627,0.0013
5979,-100,-55.0,30.0,1.25,4.0,,,,100.0,0.0,0.0,0.0,0.0,0.0
5980,-100,-55.0,30.0,1.25,5.5,,,,100.0,0.0,0.0,0.0,0.0,0.0
5982,-100,-55.0,30.0,1.25,8.5,-84.12,8.8769,-97,99.96,0.05,1.908342,1.059737,0.12,0.0
5981,-100,-55.0,30.0,1.25,7.0,-82.1,8.3411,-96,99.99,0.01,2.182639,0.89766,0.0257,0.0
5983,-100,-55.0,30.0,1.25,10.0,-83.86,9.1115,-100,99.87,0.15,4.32943,2.013354,0.1569,0.0001
5984,-100,-55.0,30.0,1.25,11.5,-85.97,11.436,-100,99.56,0.53,2.633446,0.882016,0.6712,0.0003
5985,-100,-55.0,30.0,1.25,13.0,-83.93,11.7231,-100,99.13,1.04,2.466919,1.286972,0.928,0.001
5986,-100,-55.0,30.0,1.5,1.0,,,,100.0,0.0,0.0,0.0,0.0,0.0
5987,-100,-55.0,30.0,1.5,2.5,,,,100.0,0.0,0.0,0.0,0.0,0.0
5988,-100,-55.0,30.0,1.5,4.0,,,,100.0,0.0,0.0,0.0,0.0,0.0
5989,-100,-55.0,30.0,1.5,5.5,-81.8,7.7817,-94,100.0,0.0,2.673838,0.760941,0.0123,0.0
5990,-100,-55.0,30.0,1.5,7.0,-78.81,6.5162,-100,99.94,0.07,2.7415,0.881205,0.1349,0.0
5991,-100,-55.0,30.0,1.5,8.5,-82.77,8.1747,-98,99.85,0.18,3.012931,1.518966,0.3047,0.0
5992,-100,-55.0,30.0,1.5,10.0,-83.63,9.9402,-100,99.66,0.41,2.918532,1.249911,0.5804,0.0002
5994,-100,-55.0,30.0,1.5,13.0,-82.58,12.4417,-100,98.63,1.65,3.287626,1.336057,1.27,0.0023
5993,-100,-55.0,30.0,1.5,11.5,-82.68,11.5514,-100,99.32,0.82,3.845931,2.186864,0.6987,0.0004
5995,-100,-55.0,30.0,1.75,1.0,,,,100.0,0.0,0.0,0.0,0.0,0.0
5996,-100,-55.0,30.0,1.75,2.5,,,,100.0,0.0,0.0,0.0,0.0,0.0
5997,-100,-55.0,30.0,1.75,4.0,-65.03,4.1802,-75,99.98,0.03,1.59928,0.470634,0.0995,0.0
5998,-100,-55.0,30.0,1.75,5.5,-68.45,5.0463,-80,99.97,0.03,3.589847,1.600368,0.0808,0.0
5999,-100,-55.0,30.0,1.75,7.0,-76.54,7.209,-90,99.88,0.14,4.455246,1.180776,0.294,0.0
6000,-100,-55.0,30.0,1.75,8.5,-78.33,8.6015,-98,99.62,0.46,2.278772,1.017657,0.7503,0.0
6001,-100,-55.0,30.0,1.75,10.0,-79.99,10.7177,-100,99.26,0.89,3.674401,2.195556,1.1312,0.0007
6002,-100,-55.0,30.0,1.75,11.5,-79.95,12.5039,-100,98.29,2.05,3.107904,0.963793,2.4415,0.0015
6003,-100,-55.0,30.0,1.75,13.0,-80.99,13.4142,-100,97.92,2.49,3.275372,1.194921,2.3065,0.0031
6004,-100,-55.0,30.0,2.0,1.0,,,,100.0,0.0,0.0,0.0,0.0,0.0
6005,-100,-55.0,30.0,2.0,2.5,-64.67,2.6667,-70,99.99,0.01,3.280246,0.532435,0.0219,0.0
6006,-100,-55.0,30.0,2.0,4.0,-67.06,2.9197,-74,99.98,0.03,5.269364,1.780788,0.0735,0.0
6007,-100,-55.0,30.0,2.0,5.5,-74.28,5.785,-86,99.84,0.2,3.546748,2.237588,0.4421,0.0
6008,-100,-55.0,30.0,2.0,7.0,-75.86,8.2214,-94,98.66,1.61,1.889212,0.854279,4.2794,0.0
6009,-100,-55.0,30.0,2.0,8.5,-80.21,9.7462,-100,99.1,1.08,3.470297,1.407217,1.8585,0.0
6010,-100,-55.0,30.0,2.0,10.0,-78.53,10.8137,-100,98.1,2.28,2.755968,1.55263,3.508,0.0008
6011,-100,-55.0,30.0,2.0,11.5,-78.17,12.3966,-100,97.6,2.87,3.262225,1.265544,2.5234,0.002
6013,-100,-55.0,30.0,2.25,1.0,-58.58,1.2411,-62,99.86,0.17,2.286359,0.526466,0.6074,0.0
6015,-100,-55.0,30.0,2.25,4.0,-67.53,4.6358,-75,99.75,0.3,3.473924,0.853292,0.925,0.0
6014,-100,-55.0,30.0,2.25,2.5,-62.9,2.5865,-68,99.98,0.03,3.537604,0.670064,0.0832,0.0
6012,-100,-55.0,30.0,2.0,13.0,-78.2,13.7157,-100,96.69,3.98,3.225976,1.097085,3.2066,0.0077
6016,-100,-55.0,30.0,2.25,5.5,-69.74,6.1058,-87,99.54,0.56,4.269014,1.437356,1.2846,0.0
6017,-100,-55.0,30.0,2.25,7.0,-72.59,7.875,-96,98.31,2.03,2.723636,1.057806,3.8379,0.0
6018,-100,-55.0,30.0,2.25,8.5,-75.03,10.2791,-99,98.49,1.81,3.914751,1.681908,2.4177,0.0002
6019,-100,-55.0,30.0,2.25,10.0,-75.34,11.2124,-100,97.61,2.87,3.602608,1.205566,2.6349,0.001
6020,-100,-55.0,30.0,2.25,11.5,-75.15,12.7969,-100,96.49,4.21,3.264646,1.680304,3.8984,0.0027
6021,-100,-55.0,30.0,2.25,13.0,-74.91,14.3073,-100,95.26,5.69,2.919204,1.20303,4.5796,0.0077
6022,-100,-55.0,30.0,2.5,1.0,-61.43,1.4324,-67,99.66,0.41,2.780822,1.43328,1.4065,0.0
6023,-100,-55.0,30.0,2.5,2.5,-62.59,3.4939,-69,99.36,0.77,3.665812,1.827722,2.2008,0.0
6024,-100,-55.0,30.0,2.5,4.0,-64.91,5.1475,-75,98.03,2.37,1.494191,1.094435,6.9379,0.0
6025,-100,-55.0,30.0,2.5,5.5,-68.77,6.8822,-83,98.9,1.32,4.656678,2.219912,2.2962,0.0
6026,-100,-55.0,30.0,2.5,7.0,-72.86,8.0607,-97,98.0,2.4,2.8932,1.029311,3.6946,0.0
6027,-100,-55.0,30.0,2.5,8.5,-73.13,10.2666,-100,97.77,2.68,3.915077,1.501565,3.3566,0.0004
6028,-100,-55.0,30.0,2.5,10.0,-72.52,11.8369,-100,96.17,4.6,3.370875,1.335265,4.0735,0.0017
6029,-100,-55.0,30.0,2.5,11.5,-73.51,13.2147,-100,94.85,6.19,2.840446,1.711738,6.9867,0.0081
6031,-100,-55.0,30.0,2.75,1.0,-57.74,2.0538,-63,97.04,3.55,0.706954,1.127723,11.4683,0.0
6030,-100,-55.0,30.0,2.5,13.0,-72.52,15.0727,-100,93.45,7.86,2.654618,1.502559,6.7815,0.0077
6032,-100,-55.0,30.0,2.75,2.5,-60.21,3.7651,-68,96.46,4.24,1.029511,1.409312,11.4245,0.0
6033,-100,-55.0,30.0,2.75,4.0,-63.07,4.9632,-78,95.92,4.9,1.330764,1.199211,10.5789,0.0
6034,-100,-55.0,30.0,2.75,5.5,-66.85,7.7729,-84,96.13,4.65,1.751847,1.95116,10.9238,0.0
6035,-100,-55.0,30.0,2.75,7.0,-69.61,8.6295,-94,96.45,4.26,2.798703,1.36679,5.8873,0.0
6036,-100,-55.0,30.0,2.75,8.5,-70.23,9.9838,-100,94.71,6.34,2.134577,1.2554,7.8365,0.0002
6037,-100,-55.0,30.0,2.75,10.0,-70.11,12.3992,-100,93.01,8.39,2.092991,1.797038,10.6388,0.0025
6038,-100,-55.0,30.0,2.75,11.5,-70.96,13.1704,-100,93.51,7.79,2.816555,1.356767,6.0277,0.0041
6039,-100,-55.0,30.0,2.75,13.0,-70.39,15.2416,-100,91.96,9.65,2.707677,1.636425,7.7966,0.0133
6040,-100,-55.0,30.0,3.0,1.0,-56.6,4.3117,-64,95.63,5.25,0.826112,1.071676,12.7749,0.0
6041,-100,-55.0,30.0,3.0,2.5,-59.6,4.865,-70,95.92,4.9,1.534677,1.196629,9.8568,0.0
6042,-100,-55.0,30.0,3.0,4.0,-61.09,6.4424,-76,94.68,6.38,1.419481,1.713701,12.8111,0.0
6044,-100,-55.0,30.0,3.0,7.0,-69.15,9.3771,-93,94.56,6.53,2.412685,1.75065,8.939,0.0002
6043,-100,-55.0,30.0,3.0,5.5,-65.06,7.8999,-85,94.07,7.12,1.651524,1.56818,12.2814,0.0
6045,-100,-55.0,30.0,3.0,8.5,-68.5,11.4695,-100,92.93,8.48,2.075696,1.793509,11.5521,0.0012
6047,-100,-55.0,30.0,3.0,11.5,-68.24,14.6993,-100,91.73,9.92,2.6553,1.579797,8.1175,0.0145
6046,-100,-55.0,30.0,3.0,10.0,-67.73,12.8542,-100,90.63,11.24,1.808206,1.524566,12.7147,0.0046
6048,-100,-55.0,30.0,3.0,13.0,-67.33,16.0999,-100,90.26,11.69,2.498357,2.086627,9.7134,0.0192
6049,-100,-55.0,30.0,3.25,1.0,-54.54,5.2659,-63,92.59,8.89,0.871891,0.877626,15.2598,0.0
6051,-100,-55.0,30.0,3.25,4.0,-60.8,6.6933,-80,93.72,7.53,1.674461,1.996919,12.9027,0.0
6050,-100,-55.0,30.0,3.25,2.5,-57.05,5.3752,-73,91.28,10.46,0.922696,0.911281,16.3339,0.0
6052,-100,-55.0,30.0,3.25,5.5,-65.29,9.1287,-86,93.47,7.84,1.689348,2.116025,13.7619,0.0
6053,-100,-55.0,30.0,3.25,7.0,-65.45,10.3454,-90,91.73,9.93,1.824085,1.50569,12.3887,0.0007
6054,-100,-55.0,30.0,3.25,8.5,-65.57,11.7556,-99,90.41,11.51,1.913546,1.470754,12.5095,0.0038
6055,-100,-55.0,30.0,3.25,10.0,-65.4,13.3934,-100,89.89,12.13,2.203531,1.463398,10.38,0.0067
6056,-100,-55.0,30.0,3.25,11.5,-65.8,14.3286,-100,89.79,12.26,2.307403,1.512831,8.5646,0.0123
6057,-100,-55.0,30.0,3.25,13.0,-66.26,16.5218,-100,89.1,13.08,2.371676,1.651448,10.2908,0.0226
6058,-100,-55.0,30.0,3.5,1.0,-52.25,6.1294,-64,90.06,11.93,0.865078,0.806641,17.2897,0.0
6059,-100,-55.0,30.0,3.5,2.5,-55.54,5.822,-68,90.28,11.67,0.890268,1.014059,17.701,0.0
6060,-100,-55.0,30.0,3.5,4.0,-59.04,7.1938,-77,88.75,13.49,1.071925,0.91361,16.9752,0.0
6061,-100,-55.0,30.0,3.5,5.5,-63.75,9.516,-86,90.48,11.42,1.568043,1.480704,14.4352,0.0001
6062,-100,-55.0,30.0,3.5,7.0,-63.21,11.0836,-92,89.4,12.72,1.605537,1.233197,13.4661,0.0009
6063,-100,-55.0,30.0,3.5,8.5,-63.23,12.022,-100,87.3,15.24,1.638496,1.798166,16.5343,0.0059
6064,-100,-55.0,30.0,3.5,10.0,-63.32,14.1327,-100,88.74,13.52,2.183524,1.491664,10.5826,0.0092
6065,-100,-55.0,30.0,3.5,11.5,-63.62,15.2754,-100,87.98,14.42,2.251294,1.443488,9.6202,0.0235
6066,-100,-55.0,30.0,3.5,13.0,-62.59,16.141,-100,86.48,16.23,2.203746,1.365841,9.6921,0.0368
6067,-100,-55.0,30.0,3.75,1.0,-53.26,6.5615,-66,89.6,12.48,0.987934,1.039003,17.0223,0.0
6068,-100,-55.0,30.0,3.75,2.5,-56.19,7.0537,-70,87.33,15.2,0.873237,0.891247,19.0641,0.0
6069,-100,-55.0,30.0,3.75,4.0,-56.52,8.7999,-76,88.27,14.07,1.193651,1.383345,17.582,0.0
6070,-100,-55.0,30.0,3.75,5.5,-59.99,10.4919,-83,86.66,16.0,1.400877,1.379725,16.7395,0.0008
6071,-100,-55.0,30.0,3.75,7.0,-60.9,12.2923,-93,87.83,14.6,1.729223,1.461352,13.6042,0.0019
6073,-100,-55.0,30.0,3.75,10.0,-60.87,13.7821,-100,86.13,16.64,1.982124,1.628684,12.7872,0.0127
6072,-100,-55.0,30.0,3.75,8.5,-60.59,13.5278,-100,86.2,16.56,1.789254,1.516074,14.1491,0.0046
6074,-100,-55.0,30.0,3.75,11.5,-60.09,15.9324,-100,85.62,17.26,2.137984,1.677903,11.9757,0.0268
6075,-100,-55.0,30.0,3.75,13.0,-60.5,16.9788,-100,85.6,17.28,2.224002,1.5055,9.6249,0.0261
6077,-100,-55.0,30.0,4.0,2.5,-55.14,8.1166,-69,86.6,16.09,1.202999,1.026185,16.4963,0.0
6076,-100,-55.0,30.0,4.0,1.0,-52.13,7.1814,-66,84.62,18.46,0.884203,0.837722,19.5894,0.0
6078,-100,-55.0,30.0,4.0,4.0,-56.45,9.4825,-75,84.63,18.44,1.062496,1.106837,18.9074,0.0
6079,-100,-55.0,30.0,4.0,5.5,-58.24,10.5046,-84,84.98,18.02,1.419533,1.345087,16.5417,0.0006
6080,-100,-55.0,30.0,4.0,7.0,-58.51,12.7807,-95,84.1,19.08,1.399351,1.283866,16.6972,0.0039
6081,-100,-55.0,30.0,4.0,8.5,-57.77,14.4323,-100,83.93,19.28,1.740362,1.469192,14.3591,0.0169
6082,-100,-55.0,30.0,4.0,10.0,-58.27,15.2419,-100,84.36,18.76,1.926303,1.536089,12.6195,0.0188
6083,-100,-55.0,30.0,4.0,11.5,-57.99,16.691,-100,84.06,19.13,2.028214,1.463924,11.2189,0.0449
6084,-100,-55.0,30.0,4.0,13.0,-57.81,17.1378,-100,83.84,19.39,2.088259,1.542221,10.7339,0.0375
6085,-100,-55.0,30.0,4.25,1.0,-51.57,8.3541,-67,83.19,20.17,0.917412,0.914221,19.7615,0.0
6087,-100,-55.0,30.0,4.25,4.0,-54.98,9.61,-76,84.29,18.85,1.289998,1.326162,17.7308,0.0
6086,-100,-55.0,30.0,4.25,2.5,-54.4,9.3217,-72,82.95,20.45,0.860461,0.948843,20.7305,0.0
6089,-100,-55.0,30.0,4.25,7.0,-55.71,13.1552,-90,82.38,21.15,1.447473,1.279474,15.2688,0.0064
6088,-100,-55.0,30.0,4.25,5.5,-55.31,11.6713,-83,82.31,21.23,1.335072,1.268289,16.8601,0.0022
6090,-100,-55.0,30.0,4.25,8.5,-55.36,15.0267,-96,82.04,21.56,1.597537,1.577853,15.0453,0.0232
6091,-100,-55.0,30.0,4.25,10.0,-55.71,15.4335,-100,81.51,22.19,1.655809,1.470759,13.786,0.0285
6092,-100,-55.0,30.0,4.25,11.5,-55.23,16.7845,-100,81.69,21.97,1.829055,1.556099,12.1978,0.0429
6093,-100,-55.0,30.0,4.25,13.0,-55.87,18.1324,-100,82.31,21.23,1.881322,1.326735,10.463,0.058
6094,-100,-55.0,30.0,4.5,1.0,-48.86,9.9722,-65,80.01,23.99,0.823299,0.687595,20.4009,0.0
6095,-100,-55.0,30.0,4.5,2.5,-49.77,11.0781,-70,81.12,22.66,1.034431,0.917373,18.5956,0.0
6096,-100,-55.0,30.0,4.5,4.0,-53.23,11.951,-76,81.09,22.69,1.16382,1.022258,17.493,0.0003
6097,-100,-55.0,30.0,4.5,5.5,-52.72,12.4171,-82,79.24,24.92,1.202172,1.24229,17.7783,0.005
6098,-100,-55.0,30.0,4.5,7.0,-53.3,14.0331,-90,80.58,23.3,1.456201,1.276009,14.8711,0.0169
6099,-100,-55.0,30.0,4.5,8.5,-53.01,15.0311,-93,80.37,23.56,1.505611,1.214128,13.744,0.0285
6101,-100,-55.0,30.0,4.5,11.5,-52.9,17.6813,-100,80.61,23.26,1.762616,1.330408,11.5824,0.0537
6100,-100,-55.0,30.0,4.5,10.0,-52.83,15.7755,-100,82.68,20.78,1.943357,1.305418,9.1132,0.0392
6102,-100,-55.0,30.0,4.5,13.0,-52.82,18.1415,-100,81.31,22.43,1.893864,1.598889,10.7625,0.0638
6103,-100,-55.0,30.0,4.75,1.0,-48.77,11.0385,-65,80.1,23.89,1.043644,0.93185,18.2179,0.0
6104,-100,-55.0,30.0,4.75,2.5,-50.51,11.8495,-69,78.92,25.31,1.0498,0.955453,17.9166,0.0002
6105,-100,-55.0,30.0,4.75,4.0,-50.12,12.752,-75,79.45,24.66,1.209522,1.153121,16.8833,0.0033
6106,-100,-55.0,30.0,4.75,5.5,-50.2,13.6142,-81,79.67,24.4,1.368083,1.153162,14.7633,0.0074
6107,-100,-55.0,30.0,4.75,7.0,-50.14,14.9958,-88,78.68,25.59,1.396417,1.190173,13.4652,0.0093
6108,-100,-55.0,30.0,4.75,8.5,-50.76,15.62,-96,79.52,24.59,1.574869,1.376943,13.1248,0.0312
6109,-100,-55.0,30.0,4.75,10.0,-50.32,16.7847,-100,79.17,25.0,1.583277,1.310377,11.9575,0.0504
6110,-100,-55.0,30.0,4.75,11.5,-50.09,17.8566,-100,79.61,24.46,1.685834,1.319815,10.59,0.0707
6111,-100,-55.0,30.0,4.75,13.0,-50.0,18.8357,-100,80.32,23.62,1.71686,1.389283,10.4863,0.057
6112,-100,-55.0,30.0,5.0,1.0,-47.84,12.3081,-69,77.44,27.06,0.942973,0.771798,17.351,0.0001
6113,-100,-55.0,30.0,5.0,2.5,-47.6,12.4194,-69,78.47,25.84,1.154693,1.065897,16.4013,0.0007
6114,-100,-55.0,30.0,5.0,4.0,-47.56,13.3318,-74,77.8,26.63,1.158321,1.021182,14.963,0.004
6115,-100,-55.0,30.0,5.0,5.5,-47.98,14.0522,-82,76.6,28.08,1.190993,1.025735,14.4001,0.0145
6121,-100,-55.0,40.0,1.0,1.0,,,,100.0,0.0,0.0,0.0,0.0,0.0
6122,-100,-55.0,40.0,1.0,2.5,,,,100.0,0.0,0.0,0.0,0.0,0.0
6116,-100,-55.0,30.0,5.0,7.0,-47.95,15.5731,-86,78.97,25.24,1.465062,1.194275,11.8603,0.0372
6123,-100,-55.0,40.0,1.0,4.0,,,,100.0,0.0,0.0,0.0,0.0,0.0
6117,-100,-55.0,30.0,5.0,8.5,-47.87,16.5174,-96,79.76,24.28,1.647642,1.23149,9.6105,0.0471
6124,-100,-55.0,40.0,1.0,5.5,,,,100.0,0.0,0.0,0.0,0.0,0.0
6118,-100,-55.0,30.0,5.0,10.0,-48.0,17.2678,-100,78.74,25.51,1.526851,1.354601,11.3855,0.054
6125,-100,-55.0,40.0,1.0,7.0,-89.6,7.0884,-100,100.0,0.0,3.84406,0.831901,0.0124,0.0
6119,-100,-55.0,30.0,5.0,11.5,-47.57,18.4361,-100,79.83,24.2,1.663155,1.214567,8.9389,0.0672
6120,-100,-55.0,30.0,5.0,13.0,-47.88,19.1754,-100,80.67,23.2,1.811594,1.277307,8.3237,0.0726
6126,-100,-55.0,40.0,1.0,8.5,-83.39,8.7389,-97,99.98,0.03,2.738214,0.856479,0.0547,0.0
6127,-100,-55.0,40.0,1.0,10.0,-84.71,8.9987,-100,99.9,0.12,2.801765,1.396704,0.1552,0.0
6128,-100,-55.0,40.0,1.0,11.5,-85.01,10.2371,-100,99.68,0.38,2.994674,1.366505,0.3376,0.0002
6129,-100,-55.0,40.0,1.0,13.0,-85.23,11.722,-100,99.26,0.89,2.659859,0.921087,0.6456,0.0013
6130,-100,-55.0,40.0,1.25,1.0,,,,100.0,0.0,0.0,0.0,0.0,0.0
6131,-100,-55.0,40.0,1.25,2.5,,,,100.0,0.0,0.0,0.0,0.0,0.0
6132,-100,-55.0,40.0,1.25,4.0,,,,100.0,0.0,0.0,0.0,0.0,0.0
6133,-100,-55.0,40.0,1.25,5.5,-79.0,4.0,-83,100.0,0.0,2.887298,0.262104,0.0049,0.0
6134,-100,-55.0,40.0,1.25,7.0,-79.43,7.1257,-95,99.99,0.02,2.863843,0.874179,0.0315,0.0
6135,-100,-55.0,40.0,1.25,8.5,-80.31,7.878,-97,99.95,0.06,3.184185,0.996557,0.062,0.0
6136,-100,-55.0,40.0,1.25,10.0,-82.9,10.2557,-100,99.75,0.3,3.206142,1.180944,0.3384,0.0
6137,-100,-55.0,40.0,1.25,11.5,-83.6,10.8534,-100,99.27,0.88,2.830468,0.870325,0.8188,0.001
6139,-100,-55.0,40.0,1.5,1.0,,,,100.0,0.0,0.0,0.0,0.0,0.0
6138,-100,-55.0,40.0,1.25,13.0,-82.84,12.5197,-100,98.82,1.41,3.092569,1.011606,1.0619,0.0019
6140,-100,-55.0,40.0,1.5,2.5,,,,100.0,0.0,0.0,0.0,0.0,0.0
6141,-100,-55.0,40.0,1.5,4.0,-70.0,0.0,-70,100.0,0.0,3.378752,0.0,0.0024,0.0
6142,-100,-55.0,40.0,1.5,5.5,-71.71,4.6715,-78,99.99,0.02,3.604728,0.99149,0.0403,0.0
6143,-100,-55.0,40.0,1.5,7.0,-76.8,6.8733,-92,99.93,0.09,3.176388,1.080642,0.1418,0.0
6144,-100,-55.0,40.0,1.5,8.5,-80.88,8.5201,-100,99.78,0.27,2.882037,0.98645,0.4225,0.0
6145,-100,-55.0,40.0,1.5,10.0,-80.99,10.6203,-100,99.45,0.66,4.057278,1.259834,0.7888,0.0003
6146,-100,-55.0,40.0,1.5,11.5,-80.5,11.7112,-100,98.99,1.21,3.585286,1.42125,0.9913,0.0025
6147,-100,-55.0,40.0,1.5,13.0,-80.34,13.095,-100,97.87,2.55,3.146321,1.601629,2.4726,0.005
6148,-100,-55.0,40.0,1.75,1.0,,,,100.0,0.0,0.0,0.0,0.0,0.0
6149,-100,-55.0,40.0,1.75,2.5,-62.0,0.0,-62,100.0,0.0,4.581176,0.0,0.0024,0.0
6150,-100,-55.0,40.0,1.75,4.0,-70.1,3.9957,-79,99.99,0.02,3.007552,1.012808,0.0513,0.0
6151,-100,-55.0,40.0,1.75,5.5,-68.65,5.472,-83,99.91,0.11,2.597547,0.753008,0.2626,0.0
6152,-100,-55.0,40.0,1.75,7.0,-75.21,7.3963,-92,99.71,0.35,3.174764,1.531023,0.7501,0.0
6153,-100,-55.0,40.0,1.75,8.5,-79.87,9.3228,-100,99.2,0.96,2.666936,1.08328,1.8498,0.0001
6154,-100,-55.0,40.0,1.75,10.0,-78.16,10.6977,-100,98.68,1.58,3.408033,0.988987,1.8506,0.0006
6157,-100,-55.0,40.0,2.0,1.0,-62.0,0.0,-62,100.0,0.0,6.196037,0.0,0.0024,0.0
6155,-100,-55.0,40.0,1.75,11.5,-78.77,12.0584,-100,97.75,2.7,2.968205,1.281873,2.733,0.0027
6156,-100,-55.0,40.0,1.75,13.0,-78.78,13.3823,-100,97.25,3.3,3.355129,1.414835,2.3325,0.0078
6158,-100,-55.0,40.0,2.0,2.5,-64.31,2.5054,-68,99.97,0.04,5.321304,1.49082,0.1166,0.0
6159,-100,-55.0,40.0,2.0,4.0,-65.6,4.3624,-77,99.94,0.08,3.600044,0.871918,0.2201,0.0
6160,-100,-55.0,40.0,2.0,5.5,-69.94,5.5925,-85,99.53,0.57,3.023617,1.756641,1.4794,0.0
6161,-100,-55.0,40.0,2.0,7.0,-73.49,7.5496,-93,98.73,1.52,1.961674,1.178519,3.5336,0.0
6162,-100,-55.0,40.0,2.0,8.5,-76.04,9.6907,-100,98.63,1.64,3.683381,1.644485,2.2666,0.0004
6163,-100,-55.0,40.0,2.0,10.0,-75.64,11.309,-100,97.75,2.71,3.557022,1.847606,3.21,0.0012
6164,-100,-55.0,40.0,2.0,11.5,-75.69,12.287,-100,96.39,4.34,2.723753,1.824337,4.4244,0.0033
6166,-100,-55.0,40.0,2.25,1.0,-59.09,1.2553,-62,99.79,0.25,3.156887,0.68531,0.8401,0.0
6167,-100,-55.0,40.0,2.25,2.5,-61.45,2.8926,-71,99.41,0.71,2.821485,1.101274,2.2506,0.0
6165,-100,-55.0,40.0,2.0,13.0,-75.29,13.8135,-100,95.78,5.06,3.248227,1.389171,3.666,0.0104
6168,-100,-55.0,40.0,2.25,4.0,-66.26,4.2472,-79,99.22,0.94,3.088213,1.149909,2.3481,0.0
6169,-100,-55.0,40.0,2.25,5.5,-69.96,6.2932,-86,98.79,1.45,2.903762,1.037883,3.059,0.0
6170,-100,-55.0,40.0,2.25,7.0,-73.33,8.1224,-91,97.63,2.85,2.873581,1.075112,4.421,0.0
6171,-100,-55.0,40.0,2.25,8.5,-72.91,9.4792,-100,97.61,2.86,3.484587,1.154128,3.345,0.0007
6172,-100,-55.0,40.0,2.25,10.0,-73.22,11.7579,-100,96.65,4.02,3.504363,1.726046,4.259,0.0035
6173,-100,-55.0,40.0,2.25,11.5,-72.49,13.1782,-100,94.57,6.52,2.91856,1.583485,6.4409,0.008
6175,-100,-55.0,40.0,2.5,1.0,-58.69,1.7686,-64,97.68,2.78,1.214136,1.005615,8.1917,0.0
6174,-100,-55.0,40.0,2.25,13.0,-72.78,14.5932,-100,93.96,7.25,3.10638,1.502411,5.3427,0.0226
6176,-100,-55.0,40.0,2.5,2.5,-59.23,3.9185,-66,98.17,2.2,2.151644,2.114508,6.3553,0.0
6177,-100,-55.0,40.0,2.5,4.0,-63.01,4.8403,-75,96.87,3.75,1.478447,0.858787,7.9403,0.0
6178,-100,-55.0,40.0,2.5,5.5,-68.73,6.574,-85,97.51,2.99,3.053854,1.18311,4.6764,0.0
6179,-100,-55.0,40.0,2.5,7.0,-69.63,8.3883,-89,95.96,4.85,2.404486,1.856115,8.0346,0.0002
6180,-100,-55.0,40.0,2.5,8.5,-70.18,10.3281,-99,95.58,5.31,2.972332,2.152682,7.0282,0.0016
6181,-100,-55.0,40.0,2.5,10.0,-70.24,12.4776,-100,94.36,6.77,2.715936,1.519242,7.0381,0.0051
6182,-100,-55.0,40.0,2.5,11.5,-69.68,13.4677,-100,93.64,7.63,3.082161,1.504888,5.1927,0.0115
6184,-100,-55.0,40.0,2.75,1.0,-57.53,2.7395,-63,95.98,4.82,1.065221,1.308419,11.5836,0.0
6183,-100,-55.0,40.0,2.5,13.0,-70.11,14.4593,-100,92.08,9.51,2.854925,1.260444,5.5766,0.0206
6185,-100,-55.0,40.0,2.75,2.5,-60.06,4.1538,-74,94.24,6.92,0.98555,1.411811,14.4504,0.0
6186,-100,-55.0,40.0,2.75,4.0,-62.48,4.9702,-75,93.85,7.38,1.356589,1.587236,13.7322,0.0
6187,-100,-55.0,40.0,2.75,5.5,-65.53,7.4804,-84,93.78,7.46,1.741373,1.840436,12.6581,0.0
6189,-100,-55.0,40.0,2.75,8.5,-67.36,10.7936,-100,91.57,10.12,1.922867,1.851848,12.5257,0.0031
6188,-100,-55.0,40.0,2.75,7.0,-66.82,9.4798,-92,94.44,6.67,2.379117,1.918726,8.9449,0.0007
6190,-100,-55.0,40.0,2.75,10.0,-66.67,13.1013,-100,92.34,9.19,2.740293,1.666769,7.0655,0.0068
6191,-100,-55.0,40.0,2.75,11.5,-67.47,14.1692,-100,92.23,9.33,2.986792,1.927616,7.6191,0.0103
6192,-100,-55.0,40.0,2.75,13.0,-67.27,15.3174,-100,90.5,11.4,2.700155,1.260084,6.531,0.02
6193,-100,-55.0,40.0,3.0,1.0,-56.26,3.6121,-67,93.0,8.39,1.062719,1.343448,15.3052,0.0
6194,-100,-55.0,40.0,3.0,2.5,-56.93,4.9412,-68,91.37,10.36,0.9159,0.895916,16.2393,0.0
6195,-100,-55.0,40.0,3.0,4.0,-60.2,7.1268,-75,92.07,9.51,1.461922,1.41276,14.2215,0.0
6196,-100,-55.0,40.0,3.0,5.5,-63.81,8.6434,-87,90.87,10.96,1.375982,1.366524,14.9337,0.0001
6197,-100,-55.0,40.0,3.0,7.0,-64.87,9.419,-93,90.13,11.84,1.638052,1.686008,14.5861,0.0013
6198,-100,-55.0,40.0,3.0,8.5,-64.38,12.0783,-100,90.35,11.57,2.13136,1.641672,12.1489,0.0069
6199,-100,-55.0,40.0,3.0,10.0,-63.96,13.4214,-100,89.61,12.46,2.168471,1.623049,11.2677,0.0103
6200,-100,-55.0,40.0,3.0,11.5,-64.35,15.2784,-100,89.36,12.77,2.485458,1.614199,9.2243,0.0211
6201,-100,-55.0,40.0,3.0,13.0,-64.72,15.2305,-100,88.17,14.2,2.424866,1.745598,9.1188,0.0258
6202,-100,-55.0,40.0,3.25,1.0,-54.67,5.3393,-65,88.97,13.24,0.873298,0.992084,18.542,0.0
6203,-100,-55.0,40.0,3.25,2.5,-56.56,6.039,-73,88.59,13.68,0.82717,1.205028,19.8878,0.0
6204,-100,-55.0,40.0,3.25,4.0,-59.31,7.3919,-75,88.24,14.11,1.045959,1.326684,18.6083,0.0
6205,-100,-55.0,40.0,3.25,5.5,-61.36,9.5475,-88,88.89,13.33,1.620228,1.268065,13.4976,0.0003
6207,-100,-55.0,40.0,3.25,8.5,-61.76,12.5854,-100,87.96,14.44,1.999574,1.73718,13.4335,0.0093
6206,-100,-55.0,40.0,3.25,7.0,-61.85,10.116,-91,87.51,14.99,1.584211,1.35422,14.5354,0.0021
6208,-100,-55.0,40.0,3.25,10.0,-61.62,13.9457,-100,86.35,16.39,1.904526,1.602482,13.1451,0.0108
6209,-100,-55.0,40.0,3.25,11.5,-61.23,14.8704,-100,86.68,15.98,2.372043,1.465808,9.2201,0.0406
6210,-100,-55.0,40.0,3.25,13.0,-61.56,16.499,-100,86.44,16.28,2.377259,1.620313,10.435,0.0379
6211,-100,-55.0,40.0,3.5,1.0,-50.59,6.051,-64,85.26,17.69,0.711602,0.877876,21.167,0.0
6212,-100,-55.0,40.0,3.5,2.5,-56.47,6.8353,-71,87.84,14.59,1.028242,1.091125,18.1101,0.0
6213,-100,-55.0,40.0,3.5,4.0,-58.32,8.9698,-80,85.5,17.4,1.127982,1.048772,17.9869,0.0002
6214,-100,-55.0,40.0,3.5,5.5,-58.83,9.8305,-85,85.58,17.31,1.42576,1.312837,16.0256,0.0011
6215,-100,-55.0,40.0,3.5,7.0,-59.06,11.4618,-92,86.05,16.74,1.712682,1.564875,14.7254,0.0027
6216,-100,-55.0,40.0,3.5,8.5,-58.9,12.5141,-95,84.7,18.35,1.826722,1.476632,13.2569,0.0248
6217,-100,-55.0,40.0,3.5,10.0,-58.05,14.1305,-99,84.03,19.17,1.963121,1.576408,12.1638,0.025
6218,-100,-55.0,40.0,3.5,11.5,-58.45,15.454,-100,83.74,19.52,2.019826,1.422033,10.7945,0.0348
6219,-100,-55.0,40.0,3.5,13.0,-58.69,17.3591,-100,84.78,18.27,2.272155,1.477487,9.7433,0.0659
6220,-100,-55.0,40.0,3.75,1.0,-49.54,7.4342,-63,81.63,22.04,0.753073,0.79768,21.7802,0.0
6221,-100,-55.0,40.0,3.75,2.5,-53.72,8.5276,-69,83.55,19.74,0.980122,0.930127,19.0412,0.0
6222,-100,-55.0,40.0,3.75,4.0,-55.32,9.3775,-75,83.26,20.08,1.233646,1.244134,18.1104,0.0001
6223,-100,-55.0,40.0,3.75,5.5,-56.31,10.6524,-83,83.51,19.8,1.39303,1.33985,16.3222,0.0038
6224,-100,-55.0,40.0,3.75,7.0,-56.41,11.93,-91,82.42,21.1,1.57427,1.439154,14.8826,0.0111
6225,-100,-55.0,40.0,3.75,8.5,-55.99,14.4434,-95,83.17,20.2,1.809286,1.609338,14.3028,0.0309
6226,-100,-55.0,40.0,3.75,10.0,-55.56,15.4045,-100,82.65,20.82,1.889342,1.427369,10.976,0.0314
6227,-100,-55.0,40.0,3.75,11.5,-55.8,16.6311,-100,83.38,19.94,2.096323,1.30147,9.1,0.047
6228,-100,-55.0,40.0,3.75,13.0,-55.83,16.8145,-100,82.32,21.22,2.002997,1.709217,11.0733,0.056
6229,-100,-55.0,40.0,4.0,1.0,-50.92,9.2985,-64,81.33,22.4,0.903736,0.896903,20.4468,0.0
6230,-100,-55.0,40.0,4.0,2.5,-52.1,9.3462,-71,78.43,25.9,0.868486,1.048717,21.3503,0.0
6231,-100,-55.0,40.0,4.0,4.0,-53.49,10.5941,-79,80.59,23.3,1.17489,0.953043,17.1487,0.0012
6232,-100,-55.0,40.0,4.0,5.5,-53.13,11.4247,-80,79.93,24.09,1.375473,1.491434,16.5261,0.0087
6233,-100,-55.0,40.0,4.0,7.0,-52.91,12.8699,-89,80.08,23.91,1.50409,1.356199,14.3304,0.0147
6234,-100,-55.0,40.0,4.0,8.5,-52.88,14.2456,-93,80.95,22.87,1.73268,1.402824,12.562,0.0409
6236,-100,-55.0,40.0,4.0,11.5,-53.45,16.7118,-100,81.14,22.64,1.835291,1.386302,10.8937,0.0523
6235,-100,-55.0,40.0,4.0,10.0,-53.25,15.1344,-100,80.31,23.62,1.712383,1.709983,14.6545,0.0346
6237,-100,-55.0,40.0,4.0,13.0,-52.87,17.3422,-100,80.92,22.9,1.930223,1.367049,9.0961,0.0813
6238,-100,-55.0,40.0,4.25,1.0,-50.07,10.3443,-66,78.74,25.51,0.961766,0.816061,18.4606,0.0002
6239,-100,-55.0,40.0,4.25,2.5,-49.82,10.4465,-71,77.71,26.75,1.074605,1.111575,17.3895,0.0003
6240,-100,-55.0,40.0,4.25,4.0,-50.56,10.9049,-75,78.22,26.15,1.120799,0.960804,16.0876,0.0047
6241,-100,-55.0,40.0,4.25,5.5,-50.27,12.7086,-83,78.62,25.66,1.365703,1.146538,14.0649,0.0295
6243,-100,-55.0,40.0,4.25,8.5,-50.04,14.6784,-95,79.59,24.49,1.637409,1.309954,11.2613,0.0626
6242,-100,-55.0,40.0,4.25,7.0,-49.97,13.7374,-85,79.68,24.38,1.56713,1.163759,11.2718,0.031
6244,-100,-55.0,40.0,4.25,10.0,-50.16,15.422,-100,80.44,23.47,1.771409,1.278034,9.2426,0.0835
6245,-100,-55.0,40.0,4.25,11.5,-50.28,16.6915,-100,80.91,22.91,1.897608,1.356281,8.0718,0.0697
6246,-100,-55.0,40.0,4.25,13.0,-49.77,17.9768,-100,79.99,24.02,1.725911,1.35383,9.3022,0.0736
6247,-100,-55.0,40.0,4.5,1.0,-46.94,11.6434,-62,77.56,26.92,0.995413,0.866568,16.3251,0.0002
6248,-100,-55.0,40.0,4.5,2.5,-47.4,11.6509,-69,76.9,27.73,1.040602,0.918384,15.1049,0.0011
6249,-100,-55.0,40.0,4.5,4.0,-48.11,12.4244,-75,77.49,27.01,1.180812,1.087145,13.7594,0.0108
6251,-100,-55.0,40.0,4.5,7.0,-47.01,14.653,-86,78.16,26.21,1.447738,1.197216,11.028,0.0411
6250,-100,-55.0,40.0,4.5,5.5,-47.46,13.3815,-80,77.59,26.89,1.318026,1.141362,12.0037,0.0261
6253,-100,-55.0,40.0,4.5,10.0,-47.2,15.8334,-96,80.03,23.98,1.702153,1.433274,10.0986,0.0492
6252,-100,-55.0,40.0,4.5,8.5,-47.56,14.8751,-90,79.14,25.03,1.577138,1.224441,9.5208,0.0862
6254,-100,-55.0,40.0,4.5,11.5,-46.92,16.6021,-100,79.17,25.0,1.621047,1.357891,9.7048,0.0576
6255,-100,-55.0,40.0,4.5,13.0,-46.85,18.4985,-100,79.53,24.57,1.699999,1.251762,8.092,0.0997
6256,-100,-55.0,40.0,4.75,1.0,-44.68,11.765,-63,77.74,26.72,1.106826,0.84774,13.7732,0.0007
6257,-100,-55.0,40.0,4.75,2.5,-44.45,12.8998,-69,76.81,27.82,1.171883,1.055322,12.6932,0.0105
6258,-100,-55.0,40.0,4.75,4.0,-44.58,13.2852,-71,77.34,27.19,1.255458,1.171177,11.2743,0.0421
6260,-100,-55.0,40.0,4.75,7.0,-44.35,14.9996,-82,78.82,25.41,1.479672,1.150909,8.4999,0.074
6259,-100,-55.0,40.0,4.75,5.5,-44.64,14.3134,-80,78.37,25.95,1.348354,1.169713,10.2981,0.0352
6261,-100,-55.0,40.0,4.75,8.5,-44.34,15.2206,-91,77.44,27.08,1.425548,1.277364,9.9582,0.0664
6262,-100,-55.0,40.0,4.75,10.0,-44.61,16.3853,-100,78.11,26.27,1.456264,1.146235,9.0529,0.0784
6263,-100,-55.0,40.0,4.75,11.5,-44.19,17.7971,-100,77.83,26.6,1.453515,1.158212,8.9597,0.0921
6264,-100,-55.0,40.0,4.75,13.0,-44.48,18.7316,-100,79.52,24.57,1.605551,1.247454,8.6882,0.1004
6265,-100,-55.0,40.0,5.0,1.0,-41.2,13.8167,-62,76.11,28.67,1.034304,0.941053,10.7125,0.0143
6267,-100,-55.0,40.0,5.0,4.0,-41.76,14.9043,-74,77.64,26.83,1.259999,1.032038,8.6316,0.0713
6266,-100,-55.0,40.0,5.0,2.5,-41.49,14.3422,-65,76.56,28.12,1.078985,0.831274,9.6497,0.0281
6274,-100,-55.0,50.0,1.0,1.0,,,,100.0,0.0,0.0,0.0,0.0,0.0
6275,-100,-55.0,50.0,1.0,2.5,,,,100.0,0.0,0.0,0.0,0.0,0.0
6268,-100,-55.0,40.0,5.0,5.5,-42.02,14.956,-77,78.35,25.98,1.409832,0.920642,6.5058,0.0691
6276,-100,-55.0,50.0,1.0,4.0,,,,100.0,0.0,0.0,0.0,0.0,0.0
6269,-100,-55.0,40.0,5.0,7.0,-41.77,14.8941,-82,78.19,26.18,1.332778,1.127478,8.1188,0.0642
6277,-100,-55.0,50.0,1.0,5.5,,,,100.0,0.0,0.0,0.0,0.0,0.0
6270,-100,-55.0,40.0,5.0,8.5,-41.82,16.8238,-85,78.13,26.24,1.381898,1.020234,7.532,0.0777
6278,-100,-55.0,50.0,1.0,7.0,-81.5,6.4177,-88,100.0,0.0,2.693962,0.701721,0.0076,0.0
6279,-100,-55.0,50.0,1.0,8.5,-84.6,8.3598,-100,99.96,0.04,2.372626,1.160074,0.1056,0.0
6272,-100,-55.0,40.0,5.0,11.5,-41.95,17.802,-100,78.49,25.81,1.440311,1.204433,8.1999,0.0833
6271,-100,-55.0,40.0,5.0,10.0,-41.75,17.5074,-95,78.52,25.77,1.460463,1.111303,8.0192,0.0957
6273,-100,-55.0,40.0,5.0,13.0,-41.4,19.0584,-100,78.85,25.39,1.523606,0.953758,5.2185,0.135
6280,-100,-55.0,50.0,1.0,10.0,-85.7,9.4528,-100,99.87,0.16,3.138132,1.114612,0.1435,0.0001
6281,-100,-55.0,50.0,1.0,11.5,-85.14,10.4613,-100,99.66,0.41,2.949686,1.204672,0.301,0.0003
6282,-100,-55.0,50.0,1.0,13.0,-84.77,11.6031,-100,99.2,0.96,2.891249,0.957656,0.6201,0.0014
6283,-100,-55.0,50.0,1.25,1.0,,,,100.0,0.0,0.0,0.0,0.0,0.0
6284,-100,-55.0,50.0,1.25,2.5,,,,100.0,0.0,0.0,0.0,0.0,0.0
6285,-100,-55.0,50.0,1.25,4.0,,,,100.0,0.0,0.0,0.0,0.0,0.0
6286,-100,-55.0,50.0,1.25,5.5,-68.0,0.0,-68,100.0,0.0,3.7399,0.0,0.0024,0.0
6287,-100,-55.0,50.0,1.25,7.0,-78.69,8.1428,-93,99.98,0.02,2.886514,1.192072,0.0447,0.0
6289,-100,-55.0,50.0,1.25,10.0,-82.11,9.6331,-100,99.66,0.41,3.428594,1.235367,0.4183,0.0002
6288,-100,-55.0,50.0,1.25,8.5,-81.73,9.0454,-100,99.84,0.19,2.312958,0.917195,0.3067,0.0
6290,-100,-55.0,50.0,1.25,11.5,-82.11,11.6934,-100,99.1,1.08,3.373657,1.040035,0.9757,0.0013
6291,-100,-55.0,50.0,1.25,13.0,-82.03,12.3725,-100,98.59,1.69,3.124881,1.543913,1.3107,0.0031
6292,-100,-55.0,50.0,1.5,1.0,,,,100.0,0.0,0.0,0.0,0.0,0.0
6293,-100,-55.0,50.0,1.5,2.5,,,,100.0,0.0,0.0,0.0,0.0,0.0
6294,-100,-55.0,50.0,1.5,4.0,,,,100.0,0.0,0.0,0.0,0.0,0.0
6295,-100,-55.0,50.0,1.5,5.5,-76.89,5.2855,-87,99.98,0.02,3.250459,0.862027,0.0442,0.0
6296,-100,-55.0,50.0,1.5,7.0,-78.02,7.7226,-98,99.9,0.12,4.171209,1.515958,0.1931,0.0
6297,-100,-55.0,50.0,1.5,8.5,-80.19,9.2538,-100,99.53,0.57,3.250198,1.313845,0.9492,0.0
6298,-100,-55.0,50.0,1.5,10.0,-79.93,10.0617,-100,99.09,1.1,2.936205,1.273501,1.2597,0.0002
6301,-100,-55.0,50.0,1.75,1.0,-64.0,0.0,-64,100.0,0.0,3.794553,0.0,0.0024,0.0
6299,-100,-55.0,50.0,1.5,11.5,-80.34,11.667,-100,98.37,1.95,3.282824,1.21626,1.7579,0.0021
6302,-100,-55.0,50.0,1.75,2.5,-62.5,2.9155,-68,100.0,0.01,5.725996,0.919595,0.0194,0.0
6303,-100,-55.0,50.0,1.75,4.0,-66.91,3.8848,-75,99.97,0.03,5.737792,1.264164,0.1067,0.0
6300,-100,-55.0,50.0,1.5,13.0,-79.76,13.2654,-100,97.52,2.98,3.1467,1.006885,2.3198,0.0063
6304,-100,-55.0,50.0,1.75,5.5,-71.58,5.8359,-84,99.85,0.18,3.940613,1.240493,0.3196,0.0
6305,-100,-55.0,50.0,1.75,7.0,-75.63,8.01,-95,99.46,0.65,3.422238,1.145152,1.4851,0.0
6306,-100,-55.0,50.0,1.75,8.5,-77.13,9.1813,-100,99.13,1.05,4.071729,1.494597,1.2998,0.0001
6307,-100,-55.0,50.0,1.75,10.0,-76.72,10.4583,-100,98.03,2.36,2.893768,1.107207,2.7072,0.0013
6308,-100,-55.0,50.0,1.75,11.5,-77.28,12.1598,-100,97.05,3.53,2.814839,1.472391,3.8068,0.0028
6309,-100,-55.0,50.0,1.75,13.0,-77.02,13.6071,-100,96.32,4.41,3.119746,1.345302,3.0176,0.0079
6310,-100,-55.0,50.0,2.0,1.0,-62.25,1.1499,-63,99.99,0.01,3.010898,0.81203,0.0243,0.0
6312,-100,-55.0,50.0,2.0,4.0,-65.32,5.0427,-78,99.72,0.33,5.32256,1.616807,0.9607,0.0
6311,-100,-55.0,50.0,2.0,2.5,-61.69,2.6484,-67,99.9,0.12,2.610239,0.847563,0.4044,0.0
6313,-100,-55.0,50.0,2.0,5.5,-69.89,6.4316,-87,98.9,1.32,3.232508,0.959007,2.925,0.0
6314,-100,-55.0,50.0,2.0,7.0,-74.57,8.5072,-96,99.18,0.99,5.394604,2.119862,1.3305,0.0001
6315,-100,-55.0,50.0,2.0,8.5,-73.13,9.5033,-100,97.36,3.17,2.842227,1.340873,4.1364,0.0009
6316,-100,-55.0,50.0,2.0,10.0,-74.19,11.2925,-100,97.08,3.51,3.171656,1.392788,3.9943,0.0022
6317,-100,-55.0,50.0,2.0,11.5,-73.61,12.7586,-100,96.16,4.6,3.50284,1.462357,3.2711,0.007
6319,-100,-55.0,50.0,2.25,1.0,-58.38,1.7878,-64,99.3,0.84,2.826634,1.963587,2.14,0.0
6320,-100,-55.0,50.0,2.25,2.5,-62.16,3.2942,-71,99.39,0.73,5.169902,1.700285,1.909,0.0
6318,-100,-55.0,50.0,2.0,13.0,-74.01,14.1894,-100,94.71,6.34,3.255917,1.51231,4.5303,0.0124
6321,-100,-55.0,50.0,2.25,4.0,-64.53,4.8806,-77,98.88,1.34,3.285951,1.417555,3.0759,0.0
6322,-100,-55.0,50.0,2.25,5.5,-67.67,6.6893,-84,98.06,2.33,3.476035,1.171871,3.5454,0.0
6323,-100,-55.0,50.0,2.25,7.0,-71.08,8.5636,-91,96.87,3.76,2.913145,1.862367,6.286,0.0003
6324,-100,-55.0,50.0,2.25,8.5,-70.82,10.81,-100,95.81,5.02,2.727139,1.737594,7.385,0.0016
6325,-100,-55.0,50.0,2.25,10.0,-71.41,11.9765,-100,95.46,5.45,3.283859,1.520996,4.904,0.0043
6326,-100,-55.0,50.0,2.25,11.5,-70.84,13.0714,-100,94.04,7.16,3.165159,1.27044,4.9936,0.0168
6327,-100,-55.0,50.0,2.25,13.0,-70.51,14.1405,-100,93.15,8.22,3.186586,1.649292,4.8753,0.0214
6328,-100,-55.0,50.0,2.5,1.0,-57.82,2.0523,-64,96.79,3.86,1.187561,1.005341,9.7827,0.0
6329,-100,-55.0,50.0,2.5,2.5,-59.03,3.8866,-71,95.78,5.06,1.381197,1.224243,10.6064,0.0
6330,-100,-55.0,50.0,2.5,4.0,-63.02,5.2942,-77,96.05,4.75,1.848069,2.431124,11.0596,0.0
6331,-100,-55.0,50.0,2.5,5.5,-66.09,7.6845,-87,94.12,7.05,1.600714,1.772411,12.6139,0.0
6332,-100,-55.0,50.0,2.5,7.0,-67.84,8.4816,-92,94.67,6.4,2.394073,1.636274,8.1386,0.0009
6333,-100,-55.0,50.0,2.5,8.5,-67.76,10.9393,-100,93.18,8.19,2.36807,1.742453,9.9293,0.0044
6334,-100,-55.0,50.0,2.5,10.0,-66.88,12.3553,-100,91.14,10.63,2.203768,1.780997,10.6125,0.0115
6335,-100,-55.0,50.0,2.5,11.5,-67.8,13.3571,-100,90.99,10.82,2.511192,1.526946,8.0767,0.0194
6336,-100,-55.0,50.0,2.5,13.0,-67.73,15.0151,-100,90.59,11.29,2.681906,1.843956,7.9075,0.0344
6337,-100,-55.0,50.0,2.75,1.0,-56.6,3.8793,-65,93.86,7.37,0.899764,1.012265,14.4341,0.0
6338,-100,-55.0,50.0,2.75,2.5,-58.7,4.575,-72,93.5,7.8,1.236548,1.344013,14.0161,0.0
6339,-100,-55.0,50.0,2.75,4.0,-63.0,6.3306,-78,92.17,9.39,1.158122,1.213855,15.0899,0.0
6340,-100,-55.0,50.0,2.75,5.5,-63.53,8.0583,-86,90.66,11.2,1.333181,1.375271,15.2967,0.0001
6341,-100,-55.0,50.0,2.75,7.0,-64.87,9.759,-92,92.47,9.04,2.265528,1.744658,10.0777,0.0009
6342,-100,-55.0,50.0,2.75,8.5,-65.05,11.3535,-100,90.44,11.47,2.157839,1.946827,12.3167,0.0036
6344,-100,-55.0,50.0,2.75,11.5,-64.52,14.6624,-100,89.64,12.43,2.610585,2.660428,12.0287,0.0172
6343,-100,-55.0,50.0,2.75,10.0,-64.55,13.1736,-100,90.26,11.68,2.532566,2.058298,10.2614,0.0148
6345,-100,-55.0,50.0,2.75,13.0,-63.91,15.5162,-100,87.88,14.55,2.573206,1.730721,9.9903,0.0339
6346,-100,-55.0,50.0,3.0,1.0,-55.64,4.9943,-64,90.2,11.76,0.875883,1.08202,18.0156,0.0
6347,-100,-55.0,50.0,3.0,2.5,-57.45,6.1775,-69,91.38,10.34,1.359455,1.183587,14.0245,0.0
6348,-100,-55.0,50.0,3.0,4.0,-60.0,7.4692,-79,88.22,14.13,1.082464,1.5032,18.4615,0.0
6349,-100,-55.0,50.0,3.0,5.5,-61.73,9.0925,-84,89.66,12.41,1.790946,1.431986,13.1939,0.001
6350,-100,-55.0,50.0,3.0,7.0,-61.79,10.7579,-92,88.76,13.49,1.902836,1.372368,12.4059,0.0036
6351,-100,-55.0,50.0,3.0,8.5,-61.84,11.4101,-100,88.21,14.15,2.035635,1.389235,10.4954,0.0109
6352,-100,-55.0,50.0,3.0,10.0,-61.8,13.5296,-99,87.24,15.31,2.152058,1.77049,11.484,0.0113
6353,-100,-55.0,50.0,3.0,11.5,-61.73,14.3689,-100,86.6,16.07,2.260707,1.642546,10.5827,0.0342
6354,-100,-55.0,50.0,3.0,13.0,-60.96,15.5976,-100,86.21,16.54,2.45186,1.637514,9.47,0.0295
6355,-100,-55.0,50.0,3.25,1.0,-54.13,7.0881,-65,86.81,15.83,1.038395,0.95396,17.8648,0.0
6356,-100,-55.0,50.0,3.25,2.5,-56.72,7.3341,-69,87.5,15.0,1.082087,1.138359,17.6005,0.0
6357,-100,-55.0,50.0,3.25,4.0,-58.77,8.6122,-78,86.18,16.58,1.227361,1.500631,18.2238,0.0002
6358,-100,-55.0,50.0,3.25,5.5,-58.33,9.2771,-84,84.52,18.58,1.445997,1.3373,16.1596,0.0023
6359,-100,-55.0,50.0,3.25,7.0,-58.36,11.0118,-91,84.86,18.17,1.650592,1.476809,14.9759,0.0106
6360,-100,-55.0,50.0,3.25,8.5,-58.47,12.6472,-98,86.62,16.05,2.261592,1.607547,8.6982,0.009
6362,-100,-55.0,50.0,3.25,11.5,-58.76,14.9484,-100,84.38,18.74,2.157084,1.96754,12.9572,0.0363
6361,-100,-55.0,50.0,3.25,10.0,-58.85,14.0545,-100,84.91,18.1,2.048973,1.72964,12.4745,0.0372
6363,-100,-55.0,50.0,3.25,13.0,-58.48,16.2513,-100,84.63,18.46,2.301189,1.393908,7.6973,0.0559
6364,-100,-55.0,50.0,3.5,1.0,-51.53,6.8842,-63,81.17,22.6,0.839519,0.944049,21.1758,0.0
6365,-100,-55.0,50.0,3.5,2.5,-54.25,7.739,-69,84.27,18.87,1.254418,1.240971,17.475,0.0
6367,-100,-55.0,50.0,3.5,5.5,-55.17,10.1729,-81,82.18,21.39,1.487453,1.527388,16.2252,0.0145
6366,-100,-55.0,50.0,3.5,4.0,-55.42,8.9001,-78,81.06,22.73,1.163095,1.078671,17.9439,0.0012
6368,-100,-55.0,50.0,3.5,7.0,-55.41,12.1727,-89,83.67,19.6,1.809737,1.366874,12.3842,0.0264
6369,-100,-55.0,50.0,3.5,8.5,-54.81,12.7956,-93,82.25,21.3,1.809432,1.403894,11.9882,0.03
6370,-100,-55.0,50.0,3.5,10.0,-55.15,14.3676,-100,82.7,20.76,1.966767,1.576311,11.0522,0.0381
6371,-100,-55.0,50.0,3.5,11.5,-55.21,15.0864,-100,81.99,21.62,1.876103,1.395127,10.4766,0.0427
6372,-100,-55.0,50.0,3.5,13.0,-54.98,16.9811,-100,82.97,20.43,2.148162,1.621421,9.2148,0.0547
6373,-100,-55.0,50.0,3.75,1.0,-50.68,8.5887,-65,79.39,24.74,0.866087,0.701216,19.6491,0.0
6374,-100,-55.0,50.0,3.75,2.5,-52.45,9.1263,-72,80.62,23.26,1.192274,1.290331,18.4597,0.0004
6375,-100,-55.0,50.0,3.75,4.0,-52.23,9.9987,-75,80.65,23.22,1.284186,1.289009,16.485,0.0012
6376,-100,-55.0,50.0,3.75,5.5,-52.55,11.9732,-88,80.31,23.63,1.424508,1.224863,14.0761,0.0091
6377,-100,-55.0,50.0,3.75,7.0,-52.34,12.6481,-86,80.05,23.94,1.5519,1.224047,12.2028,0.037
6379,-100,-55.0,50.0,3.75,10.0,-52.83,14.6689,-97,80.61,23.27,1.737041,1.562939,12.605,0.0423
6378,-100,-55.0,50.0,3.75,8.5,-52.07,13.5378,-97,80.62,23.26,1.728356,1.379978,11.1429,0.0494
6380,-100,-55.0,50.0,3.75,11.5,-52.08,16.0153,-100,80.9,22.93,1.854022,1.384434,9.9037,0.0593
6381,-100,-55.0,50.0,3.75,13.0,-51.69,17.3321,-100,81.2,22.56,1.947061,1.329301,8.5933,0.0618
6382,-100,-55.0,50.0,4.0,1.0,-48.98,9.7964,-64,78.14,26.23,1.072983,0.876712,16.0912,0.0004
6383,-100,-55.0,50.0,4.0,2.5,-49.37,9.9807,-69,77.99,26.42,1.111701,1.017622,15.9109,0.0021
6384,-100,-55.0,50.0,4.0,4.0,-49.3,11.8077,-74,78.52,25.77,1.335462,1.446651,14.8244,0.0081
6386,-100,-55.0,50.0,4.0,7.0,-49.46,12.9364,-87,79.96,24.05,1.603643,1.203248,10.4459,0.0428
6385,-100,-55.0,50.0,4.0,5.5,-49.28,11.7018,-84,78.58,25.71,1.423134,1.119267,11.5283,0.0265
6387,-100,-55.0,50.0,4.0,8.5,-49.33,14.2128,-97,79.65,24.41,1.709016,1.273034,10.529,0.0931
6388,-100,-55.0,50.0,4.0,10.0,-48.83,14.9369,-97,79.97,24.03,1.74197,1.320214,9.3908,0.0798
6389,-100,-55.0,50.0,4.0,11.5,-48.36,16.5411,-100,79.33,24.81,1.693668,1.277413,8.5705,0.1008
6390,-100,-55.0,50.0,4.0,13.0,-48.91,17.2674,-100,79.97,24.04,1.737396,1.188874,8.083,0.0795
6391,-100,-55.0,50.0,4.25,1.0,-46.28,10.5571,-63,77.98,26.43,1.181493,1.072649,15.1196,0.0029
6392,-100,-55.0,50.0,4.25,2.5,-45.91,12.3772,-67,77.44,27.08,1.255972,1.159975,12.0913,0.0232
6393,-100,-55.0,50.0,4.25,4.0,-46.02,11.5602,-72,77.3,27.24,1.279504,1.048247,10.3556,0.0438
6394,-100,-55.0,50.0,4.25,5.5,-46.42,13.29,-80,78.66,25.61,1.430037,1.019977,9.2313,0.0525
6395,-100,-55.0,50.0,4.25,7.0,-46.15,13.6776,-87,77.74,26.71,1.387925,1.084985,9.6462,0.0731
6396,-100,-55.0,50.0,4.25,8.5,-46.49,14.6142,-87,78.93,25.29,1.5854,1.163605,7.742,0.0814
6398,-100,-55.0,50.0,4.25,11.5,-46.62,16.9355,-100,78.24,26.11,1.555415,1.215658,9.0543,0.063
6397,-100,-55.0,50.0,4.25,10.0,-46.16,16.2176,-95,79.51,24.59,1.633145,1.160756,7.6696,0.0874
6399,-100,-55.0,50.0,4.25,13.0,-45.92,17.8493,-100,79.52,24.58,1.607403,1.143085,7.5647,0.1127
6400,-100,-55.0,50.0,4.5,1.0,-42.82,12.4606,-61,76.53,28.17,1.041133,0.871188,10.4603,0.0142
6401,-100,-55.0,50.0,4.5,2.5,-43.29,11.8735,-69,76.49,28.2,1.090891,0.882478,10.7481,0.0248
6402,-100,-55.0,50.0,4.5,4.0,-43.55,13.1322,-78,77.11,27.46,1.300269,0.960385,7.9131,0.0891
6403,-100,-55.0,50.0,4.5,5.5,-43.25,13.7626,-77,77.55,26.95,1.347193,0.939605,6.8069,0.0866
6404,-100,-55.0,50.0,4.5,7.0,-43.35,14.4467,-82,77.7,26.75,1.367456,1.019948,7.3982,0.0752
6405,-100,-55.0,50.0,4.5,8.5,-42.71,15.7006,-90,77.88,26.53,1.341645,1.024994,7.5217,0.0898
6406,-100,-55.0,50.0,4.5,10.0,-42.73,16.1972,-100,78.1,26.29,1.396237,0.949732,6.6926,0.1149
6407,-100,-55.0,50.0,4.5,11.5,-43.05,17.1477,-100,78.68,25.58,1.448924,0.993196,6.5162,0.1117
6408,-100,-55.0,50.0,4.5,13.0,-42.65,18.0157,-100,78.84,25.39,1.505694,0.939961,5.4686,0.1337
6410,-100,-55.0,50.0,4.75,2.5,-40.09,12.6772,-65,76.76,27.89,1.160895,0.997325,8.316,0.1014
6409,-100,-55.0,50.0,4.75,1.0,-39.9,13.774,-60,77.08,27.5,1.05275,0.953122,7.9311,0.0447
6411,-100,-55.0,50.0,4.75,4.0,-40.23,14.3037,-74,76.88,27.73,1.169969,0.867194,6.5315,0.0693
6413,-100,-55.0,50.0,4.75,7.0,-39.5,15.3332,-84,77.47,27.03,1.274305,0.834991,5.2077,0.1271
6412,-100,-55.0,50.0,4.75,5.5,-39.78,14.0217,-73,77.1,27.47,1.211162,0.866687,6.5972,0.0992
6414,-100,-55.0,50.0,4.75,8.5,-39.64,15.8246,-90,77.65,26.82,1.364142,1.081112,8.3327,0.0944
6415,-100,-55.0,50.0,4.75,10.0,-40.83,16.5293,-91,77.03,27.56,1.337011,1.015515,6.9234,0.1156
6416,-100,-55.0,50.0,4.75,11.5,-40.01,17.6304,-96,77.94,26.47,1.373423,0.973942,6.2874,0.1201
6417,-100,-55.0,50.0,4.75,13.0,-39.95,19.1671,-100,77.61,26.87,1.365314,0.984128,6.9965,0.126
6418,-100,-55.0,50.0,5.0,1.0,-36.67,13.5699,-58,76.55,28.15,1.045034,0.681779,3.9513,0.1338
6420,-100,-55.0,50.0,5.0,4.0,-37.07,14.4357,-69,77.02,27.57,1.109979,0.711034,3.4404,0.1535
6419,-100,-55.0,50.0,5.0,2.5,-36.71,15.0284,-62,76.88,27.75,1.088814,0.731753,4.5236,0.1398
6427,-100,-50.0,30.0,1.0,1.0,,,,100.0,0.0,0.0,0.0,0.0,0.0
6421,-100,-55.0,50.0,5.0,5.5,-36.78,14.918,-73,76.51,28.19,1.145048,0.868534,6.1272,0.1111
6428,-100,-50.0,30.0,1.0,2.5,,,,100.0,0.0,0.0,0.0,0.0,0.0
6429,-100,-50.0,30.0,1.0,4.0,,,,100.0,0.0,0.0,0.0,0.0,0.0
6422,-100,-55.0,50.0,5.0,7.0,-36.52,16.4327,-77,77.17,27.39,1.186214,0.809732,5.1919,0.1456
6423,-100,-55.0,50.0,5.0,8.5,-36.9,16.4409,-86,77.84,26.59,1.268247,0.971825,6.996,0.0954
6424,-100,-55.0,50.0,5.0,10.0,-36.78,17.4256,-93,77.61,26.86,1.264555,0.835434,4.3577,0.1135
6425,-100,-55.0,50.0,5.0,11.5,-37.08,17.8053,-97,76.57,28.12,1.227193,0.887071,5.399,0.0965
6430,-100,-50.0,30.0,1.0,5.5,,,,100.0,0.0,0.0,0.0,0.0,0.0
6426,-100,-55.0,50.0,5.0,13.0,-36.78,18.8491,-96,78.19,26.17,1.312139,0.834199,4.4081,0.1383
6431,-100,-50.0,30.0,1.0,7.0,,,,100.0,0.0,0.0,0.0,0.0,0.0
6432,-100,-50.0,30.0,1.0,8.5,-89.5,10.5,-100,100.0,0.0,2.579395,0.497493,0.0033,0.0
6433,-100,-50.0,30.0,1.0,10.0,-84.95,10.0778,-100,99.98,0.02,2.440332,0.792385,0.038,0.0
6436,-100,-50.0,30.0,1.25,1.0,,,,100.0,0.0,0.0,0.0,0.0,0.0
6434,-100,-50.0,30.0,1.0,11.5,-86.78,10.5607,-100,99.95,0.06,2.446082,1.251667,0.0631,0.0
6435,-100,-50.0,30.0,1.0,13.0,-86.48,11.9545,-100,99.79,0.25,2.530952,0.98864,0.2855,0.0002
6437,-100,-50.0,30.0,1.25,2.5,,,,100.0,0.0,0.0,0.0,0.0,0.0
6438,-100,-50.0,30.0,1.25,4.0,,,,100.0,0.0,0.0,0.0,0.0,0.0
6439,-100,-50.0,30.0,1.25,5.5,,,,100.0,0.0,0.0,0.0,0.0,0.0
6441,-100,-50.0,30.0,1.25,8.5,-85.42,7.2355,-96,99.99,0.01,2.999967,1.529139,0.0221,0.0
6440,-100,-50.0,30.0,1.25,7.0,,,,100.0,0.0,0.0,0.0,0.0,0.0
6442,-100,-50.0,30.0,1.25,10.0,-85.54,9.881,-100,99.97,0.03,3.581216,1.167711,0.0444,0.0
6443,-100,-50.0,30.0,1.25,11.5,-83.72,10.8496,-100,99.87,0.16,2.742154,0.927988,0.185,0.0
6445,-100,-50.0,30.0,1.5,1.0,,,,100.0,0.0,0.0,0.0,0.0,0.0
6444,-100,-50.0,30.0,1.25,13.0,-84.51,12.2653,-100,99.67,0.39,2.719798,0.924515,0.3562,0.0004
6446,-100,-50.0,30.0,1.5,2.5,,,,100.0,0.0,0.0,0.0,0.0,0.0
6447,-100,-50.0,30.0,1.5,4.0,,,,100.0,0.0,0.0,0.0,0.0,0.0
6448,-100,-50.0,30.0,1.5,5.5,,,,100.0,0.0,0.0,0.0,0.0,0.0
6449,-100,-50.0,30.0,1.5,7.0,-72.9,4.0311,-81,100.0,0.0,2.194142,1.698612,0.0123,0.0
6450,-100,-50.0,30.0,1.5,8.5,-81.97,9.7914,-100,99.98,0.02,3.152468,1.793553,0.038,0.0
6451,-100,-50.0,30.0,1.5,10.0,-79.41,10.4685,-100,99.93,0.08,3.008943,0.867624,0.1139,0.0
6453,-100,-50.0,30.0,1.5,13.0,-81.16,12.6625,-100,99.41,0.71,3.36224,0.940581,0.5983,0.0004
6452,-100,-50.0,30.0,1.5,11.5,-81.22,11.5164,-100,99.61,0.46,2.745916,1.271475,0.6381,0.0003
6454,-100,-50.0,30.0,1.75,1.0,,,,100.0,0.0,0.0,0.0,0.0,0.0
6455,-100,-50.0,30.0,1.75,2.5,,,,100.0,0.0,0.0,0.0,0.0,0.0
6456,-100,-50.0,30.0,1.75,4.0,,,,100.0,0.0,0.0,0.0,0.0,0.0
6457,-100,-50.0,30.0,1.75,5.5,-75.44,7.0029,-84,99.99,0.01,2.401527,0.479466,0.0219,0.0
6458,-100,-50.0,30.0,1.75,7.0,-71.37,6.6202,-86,99.99,0.01,4.135903,1.188016,0.0354,0.0
6459,-100,-50.0,30.0,1.75,8.5,-77.26,9.2385,-93,99.91,0.11,3.672587,1.351567,0.228,0.0
6460,-100,-50.0,30.0,1.75,10.0,-79.52,10.6218,-100,99.79,0.25,4.142421,1.525838,0.3237,0.0
6461,-100,-50.0,30.0,1.75,11.5,-81.27,12.1878,-100,99.34,0.79,2.982402,1.315937,1.3454,0.0001
6462,-100,-50.0,30.0,1.75,13.0,-80.07,13.3828,-100,98.79,1.45,3.352065,1.125308,1.4531,0.0009
6463,-100,-50.0,30.0,2.0,1.0,,,,100.0,0.0,0.0,0.0,0.0,0.0
6464,-100,-50.0,30.0,2.0,2.5,,,,100.0,0.0,0.0,0.0,0.0,0.0
6465,-100,-50.0,30.0,2.0,4.0,-67.0,2.0,-69,100.0,0.0,3.316904,0.751969,0.0049,0.0
6466,-100,-50.0,30.0,2.0,5.5,-62.42,5.6124,-76,99.94,0.08,2.656626,0.625191,0.275,0.0
6467,-100,-50.0,30.0,2.0,7.0,-74.5,8.1327,-87,99.94,0.07,4.371511,1.145687,0.1389,0.0
6468,-100,-50.0,30.0,2.0,8.5,-76.18,8.9942,-95,99.49,0.61,2.10967,1.187207,1.3688,0.0
6469,-100,-50.0,30.0,2.0,10.0,-76.64,9.9872,-100,99.34,0.8,3.195816,1.094042,1.2012,0.0
6470,-100,-50.0,30.0,2.0,11.5,-78.11,12.0012,-100,98.59,1.7,2.296172,1.056219,2.4032,0.0008
6471,-100,-50.0,30.0,2.0,13.0,-76.92,13.7668,-100,98.33,2.0,3.664885,1.384709,1.6671,0.0011
6472,-100,-50.0,30.0,2.25,1.0,,,,100.0,0.0,0.0,0.0,0.0,0.0
6473,-100,-50.0,30.0,2.25,2.5,,,,100.0,0.0,0.0,0.0,0.0,0.0
6474,-100,-50.0,30.0,2.25,4.0,-61.36,4.2854,-71,99.97,0.04,3.892833,0.832004,0.1124,0.0
6475,-100,-50.0,30.0,2.25,5.5,-64.7,5.0977,-75,99.8,0.24,2.790659,1.290472,0.6212,0.0
6476,-100,-50.0,30.0,2.25,7.0,-66.63,7.5798,-90,99.76,0.29,4.196828,2.051248,0.5073,0.0
6477,-100,-50.0,30.0,2.25,8.5,-72.44,8.9643,-93,99.2,0.96,2.81257,1.109922,1.7974,0.0
6481,-100,-50.0,30.0,2.5,1.0,-54.71,1.1135,-58,99.97,0.04,4.30188,0.894726,0.1361,0.0
6478,-100,-50.0,30.0,2.25,10.0,-74.77,11.4478,-100,98.73,1.53,3.151568,1.286587,2.4007,0.0002
6479,-100,-50.0,30.0,2.25,11.5,-75.48,13.0816,-100,98.15,2.22,3.707862,1.288018,2.2597,0.0008
6480,-100,-50.0,30.0,2.25,13.0,-75.48,13.9261,-100,97.47,3.04,3.360364,1.088256,3.1914,0.0037
6482,-100,-50.0,30.0,2.5,2.5,-58.86,2.5134,-62,99.96,0.05,3.406132,0.682191,0.1919,0.0
6483,-100,-50.0,30.0,2.5,4.0,-61.05,4.3382,-72,99.78,0.26,4.500005,0.962382,0.8801,0.0
6484,-100,-50.0,30.0,2.5,5.5,-67.73,6.4125,-85,99.49,0.61,4.068781,1.077342,1.6666,0.0
6485,-100,-50.0,30.0,2.5,7.0,-70.17,7.994,-93,99.31,0.83,5.029075,1.573631,1.475,0.0
6486,-100,-50.0,30.0,2.5,8.5,-70.98,9.8738,-93,98.19,2.17,2.722074,1.201996,4.193,0.0
6487,-100,-50.0,30.0,2.5,10.0,-72.95,11.3829,-100,98.0,2.4,3.268512,0.935465,2.9867,0.0003
6488,-100,-50.0,30.0,2.5,11.5,-72.87,12.9166,-100,97.1,3.48,2.856882,1.82071,4.8997,0.0014
6489,-100,-50.0,30.0,2.5,13.0,-73.32,14.1455,-100,97.09,3.5,3.777419,1.95397,2.8145,0.0022
6490,-100,-50.0,30.0,2.75,1.0,-54.66,1.2828,-58,99.76,0.29,3.543621,0.741567,1.0395,0.0
6491,-100,-50.0,30.0,2.75,2.5,-56.25,2.697,-63,99.6,0.48,2.774102,0.818021,1.1617,0.0
6492,-100,-50.0,30.0,2.75,4.0,-59.69,4.5759,-70,99.25,0.9,3.804294,1.165868,2.3748,0.0
6493,-100,-50.0,30.0,2.75,5.5,-64.14,6.3333,-80,98.88,1.35,3.264739,1.90685,3.3519,0.0
6494,-100,-50.0,30.0,2.75,7.0,-69.24,8.0448,-89,98.75,1.5,4.183934,1.855515,2.3414,0.0
6495,-100,-50.0,30.0,2.75,8.5,-70.59,10.5094,-97,97.28,3.27,2.58688,1.586337,5.8355,0.0
6496,-100,-50.0,30.0,2.75,10.0,-71.54,11.8889,-100,97.17,3.4,2.856288,1.270473,4.6617,0.0009
6497,-100,-50.0,30.0,2.75,11.5,-70.6,13.079,-100,95.67,5.2,2.814954,1.5629,5.945,0.0016
6498,-100,-50.0,30.0,2.75,13.0,-70.6,14.9008,-100,95.49,5.41,3.302889,1.463028,4.7695,0.0041
6499,-100,-50.0,30.0,3.0,1.0,-53.81,1.8852,-58,98.82,1.41,2.439608,1.390915,4.1661,0.0
6500,-100,-50.0,30.0,3.0,2.5,-54.14,3.0624,-62,96.56,4.13,0.968884,0.838909,10.7052,0.0
6501,-100,-50.0,30.0,3.0,4.0,-56.81,5.1462,-71,97.41,3.1,1.835179,1.014776,6.69,0.0
6502,-100,-50.0,30.0,3.0,5.5,-62.62,6.4153,-80,96.73,3.92,1.668843,1.40706,8.6765,0.0
6503,-100,-50.0,30.0,3.0,7.0,-68.47,8.6988,-89,95.83,5.0,1.797113,1.645539,9.6434,0.0
6504,-100,-50.0,30.0,3.0,8.5,-67.86,11.1497,-98,95.78,5.07,2.201879,1.762275,8.6071,0.0003
6505,-100,-50.0,30.0,3.0,10.0,-68.49,12.5542,-100,94.52,6.58,2.115455,1.288588,8.5893,0.001
6506,-100,-50.0,30.0,3.0,11.5,-68.07,14.0092,-100,94.1,7.09,2.600477,1.863139,8.4998,0.0033
6508,-100,-50.0,30.0,3.25,1.0,-51.55,1.992,-59,97.14,3.43,1.291349,1.192959,9.1722,0.0
6507,-100,-50.0,30.0,3.0,13.0,-67.97,15.3014,-100,93.06,8.33,2.571231,1.486908,7.634,0.0065
6509,-100,-50.0,30.0,3.25,2.5,-55.61,4.3659,-68,96.54,4.15,1.489269,2.062213,10.9784,0.0
6510,-100,-50.0,30.0,3.25,4.0,-55.58,5.4581,-72,95.4,5.52,1.351778,1.487966,11.6642,0.0
6511,-100,-50.0,30.0,3.25,5.5,-61.52,6.9823,-81,95.34,5.59,1.752964,1.601024,10.9718,0.0
6512,-100,-50.0,30.0,3.25,7.0,-65.78,9.9977,-90,95.4,5.52,2.120628,1.400943,8.7492,0.0
6513,-100,-50.0,30.0,3.25,8.5,-65.92,10.7706,-93,92.95,8.46,1.785409,1.454754,11.43,0.0002
6514,-100,-50.0,30.0,3.25,10.0,-65.78,13.012,-100,93.19,8.18,2.232678,2.106761,11.2606,0.0027
6515,-100,-50.0,30.0,3.25,11.5,-65.53,13.882,-100,93.41,7.91,2.871404,1.700544,6.5771,0.0078
6517,-100,-50.0,30.0,3.5,1.0,-51.9,4.3173,-61,93.9,7.32,0.930844,1.233847,15.0065,0.0
6516,-100,-50.0,30.0,3.25,13.0,-65.31,15.8976,-100,92.12,9.46,2.741388,1.492135,7.331,0.0075
6518,-100,-50.0,30.0,3.5,2.5,-52.8,5.1541,-64,92.55,8.93,0.908359,1.017806,15.7484,0.0
6519,-100,-50.0,30.0,3.5,4.0,-55.84,6.18,-70,93.02,8.38,1.165947,1.196967,14.5626,0.0
6520,-100,-50.0,30.0,3.5,5.5,-59.71,8.1718,-81,92.37,9.16,1.266683,1.320139,14.2516,0.0
6521,-100,-50.0,30.0,3.5,7.0,-62.46,9.6485,-87,91.68,9.98,1.337719,1.445514,15.1737,0.0
6522,-100,-50.0,30.0,3.5,8.5,-63.4,12.1369,-95,92.53,8.97,2.045724,1.664279,10.991,0.0009
6523,-100,-50.0,30.0,3.5,10.0,-63.37,13.9079,-100,92.58,8.91,2.486236,1.501771,8.831,0.0045
6524,-100,-50.0,30.0,3.5,11.5,-62.69,15.3488,-100,89.76,12.29,2.030824,1.708535,12.9433,0.0057
6526,-100,-50.0,30.0,3.75,1.0,-50.34,5.4569,-60,92.27,9.28,0.779063,0.830845,16.3735,0.0
6525,-100,-50.0,30.0,3.5,13.0,-63.42,15.6854,-100,89.99,12.02,2.324534,1.635021,9.7967,0.0101
6527,-100,-50.0,30.0,3.75,2.5,-50.64,5.0409,-64,90.74,11.12,0.755673,0.951183,18.0383,0.0
6528,-100,-50.0,30.0,3.75,4.0,-53.52,7.7944,-75,90.96,10.86,1.139911,1.236524,16.2077,0.0
6529,-100,-50.0,30.0,3.75,5.5,-58.62,9.3315,-83,90.79,11.06,1.281226,1.594413,16.119,0.0
6530,-100,-50.0,30.0,3.75,7.0,-61.29,10.7546,-91,90.16,11.8,1.360775,1.267651,15.2911,0.0003
6531,-100,-50.0,30.0,3.75,8.5,-60.56,11.9362,-94,89.93,12.09,1.714586,1.579875,14.2053,0.0038
6532,-100,-50.0,30.0,3.75,10.0,-60.2,13.952,-100,89.4,12.73,2.003637,1.486275,12.0297,0.006
6533,-100,-50.0,30.0,3.75,11.5,-60.84,15.5998,-100,89.13,13.04,2.159437,1.647563,10.8379,0.0101
6534,-100,-50.0,30.0,3.75,13.0,-60.23,16.8347,-100,89.16,13.0,2.446398,1.427046,8.5538,0.028
6535,-100,-50.0,30.0,4.0,1.0,-49.41,6.1106,-65,87.49,15.02,0.722785,0.587558,19.6516,0.0
6536,-100,-50.0,30.0,4.0,2.5,-48.77,7.4558,-63,88.76,13.49,0.888353,0.990436,18.3895,0.0
6537,-100,-50.0,30.0,4.0,4.0,-54.75,8.8085,-72,90.82,11.02,1.490298,1.395331,14.4356,0.0
6538,-100,-50.0,30.0,4.0,5.5,-57.16,10.171,-84,88.38,13.95,1.136335,1.322792,17.9035,0.0
6540,-100,-50.0,30.0,4.0,8.5,-57.42,13.0944,-92,89.79,12.25,2.26541,1.361436,9.9443,0.003
6539,-100,-50.0,30.0,4.0,7.0,-58.05,11.323,-87,88.22,14.13,1.48565,1.347778,15.5298,0.0009
6541,-100,-50.0,30.0,4.0,10.0,-57.72,15.186,-98,87.31,15.23,1.778629,1.737673,14.9977,0.0072
6542,-100,-50.0,30.0,4.0,11.5,-57.89,16.6054,-100,87.47,15.03,2.105033,1.784412,12.1021,0.0138
6543,-100,-50.0,30.0,4.0,13.0,-58.14,18.0414,-100,85.9,16.92,2.024969,1.629829,12.8877,0.0221
6544,-100,-50.0,30.0,4.25,1.0,-47.25,8.5381,-60,89.51,12.59,1.035594,0.979988,16.3835,0.0
6545,-100,-50.0,30.0,4.25,2.5,-47.94,8.1319,-64,87.87,14.55,1.065107,1.113976,17.8402,0.0
6546,-100,-50.0,30.0,4.25,4.0,-51.85,9.1671,-73,86.72,15.93,1.102892,0.990993,17.6497,0.0
6547,-100,-50.0,30.0,4.25,5.5,-55.56,10.2415,-80,87.14,15.43,1.389924,1.184046,15.7796,0.0
6548,-100,-50.0,30.0,4.25,7.0,-55.29,12.4905,-87,85.65,17.21,1.471273,1.503337,16.8652,0.001
6549,-100,-50.0,30.0,4.25,8.5,-56.04,13.851,-97,86.31,16.43,1.679813,1.438569,14.5849,0.007
6550,-100,-50.0,30.0,4.25,10.0,-55.92,15.2552,-100,85.28,17.66,1.682141,1.571888,15.078,0.0138
6551,-100,-50.0,30.0,4.25,11.5,-55.35,16.9195,-100,84.23,18.92,1.781981,1.493577,14.1883,0.0271
6552,-100,-50.0,30.0,4.25,13.0,-55.62,18.2463,-100,84.69,18.38,1.990749,1.66363,12.3373,0.0295
6553,-100,-50.0,30.0,4.5,1.0,-45.75,8.874,-59,84.08,19.1,0.813213,0.832511,20.6229,0.0
6554,-100,-50.0,30.0,4.5,2.5,-46.21,9.0457,-63,83.22,20.13,0.875242,0.900698,20.3682,0.0
6555,-100,-50.0,30.0,4.5,4.0,-49.59,10.1117,-71,86.61,16.06,1.24785,1.040976,16.2778,0.0
6556,-100,-50.0,30.0,4.5,5.5,-51.5,11.7823,-78,82.6,20.88,1.139915,1.039421,18.0679,0.0
6557,-100,-50.0,30.0,4.5,7.0,-52.88,13.9206,-88,84.61,18.47,1.511621,1.401914,15.7528,0.002
6558,-100,-50.0,30.0,4.5,8.5,-52.64,14.9166,-92,83.84,19.4,1.614006,1.430316,14.9085,0.006
6559,-100,-50.0,30.0,4.5,10.0,-52.29,15.3961,-99,82.37,21.16,1.5612,1.364948,14.409,0.0151
6560,-100,-50.0,30.0,4.5,11.5,-52.63,16.3475,-100,84.92,18.09,2.103644,1.502,10.0406,0.0222
6561,-100,-50.0,30.0,4.5,13.0,-52.76,17.6479,-100,83.18,20.17,1.956323,1.601681,11.6752,0.0316
6562,-100,-50.0,30.0,4.75,1.0,-44.31,10.3429,-59,84.28,18.87,1.078473,0.993778,18.1245,0.0
6563,-100,-50.0,30.0,4.75,2.5,-46.21,11.2716,-64,82.87,20.56,1.001167,1.1102,19.8701,0.0
6564,-100,-50.0,30.0,4.75,4.0,-49.07,11.2523,-71,82.11,21.47,1.041927,1.108844,19.5519,0.0
6565,-100,-50.0,30.0,4.75,5.5,-50.2,12.6526,-78,83.67,19.6,1.376618,1.354559,16.7377,0.0009
6566,-100,-50.0,30.0,4.75,7.0,-50.19,14.192,-88,81.99,21.62,1.360617,1.340726,16.7933,0.0026
6568,-100,-50.0,30.0,4.75,10.0,-50.15,16.7434,-100,82.81,20.64,1.799286,1.597505,13.5792,0.0328
6567,-100,-50.0,30.0,4.75,8.5,-50.52,14.9491,-93,81.63,22.03,1.477492,1.343165,15.1849,0.0085
6569,-100,-50.0,30.0,4.75,11.5,-50.49,17.7854,-100,82.41,21.11,1.85039,1.370261,11.8636,0.0436
6570,-100,-50.0,30.0,4.75,13.0,-50.67,19.64,-100,82.91,20.52,1.992189,1.315185,10.525,0.042
6571,-100,-50.0,30.0,5.0,1.0,-42.18,11.4321,-61,79.44,24.68,0.80109,0.888503,21.1938,0.0
6572,-100,-50.0,30.0,5.0,2.5,-43.96,11.4639,-64,80.63,23.24,0.952827,1.191522,20.5968,0.0
6573,-100,-50.0,30.0,5.0,4.0,-47.75,12.679,-74,80.63,23.24,1.068418,0.980105,18.6557,0.0001
6580,-100,-50.0,40.0,1.0,1.0,,,,100.0,0.0,0.0,0.0,0.0,0.0
6575,-100,-50.0,30.0,5.0,7.0,-47.31,15.7555,-85,80.53,23.36,1.351912,1.186101,15.8149,0.0089
6574,-100,-50.0,30.0,5.0,5.5,-47.4,13.0193,-79,79.6,24.48,1.191738,1.139046,16.6829,0.0013
6576,-100,-50.0,30.0,5.0,8.5,-47.66,15.8093,-92,80.86,22.97,1.547138,1.406103,14.3652,0.0235
6581,-100,-50.0,40.0,1.0,2.5,,,,100.0,0.0,0.0,0.0,0.0,0.0
6577,-100,-50.0,30.0,5.0,10.0,-48.01,16.7306,-96,80.21,23.74,1.593507,1.549745,14.5222,0.0502
6582,-100,-50.0,40.0,1.0,4.0,,,,100.0,0.0,0.0,0.0,0.0,0.0
6578,-100,-50.0,30.0,5.0,11.5,-47.62,17.79,-100,80.8,23.05,1.706695,1.372242,11.998,0.0462
6583,-100,-50.0,40.0,1.0,5.5,,,,100.0,0.0,0.0,0.0,0.0,0.0
6579,-100,-50.0,30.0,5.0,13.0,-47.49,19.3418,-100,81.11,22.67,1.822529,1.224494,9.6245,0.0613
6584,-100,-50.0,40.0,1.0,7.0,,,,100.0,0.0,0.0,0.0,0.0,0.0
6585,-100,-50.0,40.0,1.0,8.5,-78.0,8.4373,-90,100.0,0.0,2.332717,0.752876,0.0057,0.0
6586,-100,-50.0,40.0,1.0,10.0,-85.11,9.0569,-100,99.98,0.02,2.66107,0.986013,0.0317,0.0
6587,-100,-50.0,40.0,1.0,11.5,-84.96,9.8435,-100,99.92,0.1,3.025934,1.206522,0.0867,0.0
6589,-100,-50.0,40.0,1.25,1.0,,,,100.0,0.0,0.0,0.0,0.0,0.0
6588,-100,-50.0,40.0,1.0,13.0,-85.15,12.17,-100,99.69,0.38,2.615478,0.862102,0.3291,0.0006
6590,-100,-50.0,40.0,1.25,2.5,,,,100.0,0.0,0.0,0.0,0.0,0.0
6591,-100,-50.0,40.0,1.25,4.0,,,,100.0,0.0,0.0,0.0,0.0,0.0
6592,-100,-50.0,40.0,1.25,5.5,,,,100.0,0.0,0.0,0.0,0.0,0.0
6593,-100,-50.0,40.0,1.25,7.0,-76.0,7.9282,-88,100.0,0.0,3.868479,1.129819,0.0107,0.0
6594,-100,-50.0,40.0,1.25,8.5,-81.82,6.605,-93,99.99,0.01,3.15297,1.156189,0.0176,0.0
6595,-100,-50.0,40.0,1.25,10.0,-85.9,9.3705,-99,99.94,0.07,2.310917,1.191229,0.1432,0.0
6596,-100,-50.0,40.0,1.25,11.5,-82.64,10.7053,-100,99.8,0.24,2.678894,1.265513,0.2902,0.0
6598,-100,-50.0,40.0,1.5,1.0,,,,100.0,0.0,0.0,0.0,0.0,0.0
6597,-100,-50.0,40.0,1.25,13.0,-83.17,12.6369,-100,99.52,0.57,3.04455,0.884725,0.4387,0.0006
6599,-100,-50.0,40.0,1.5,2.5,,,,100.0,0.0,0.0,0.0,0.0,0.0
6600,-100,-50.0,40.0,1.5,4.0,,,,100.0,0.0,0.0,0.0,0.0,0.0
6601,-100,-50.0,40.0,1.5,5.5,-74.0,5.0,-79,100.0,0.0,3.23568,0.230115,0.0049,0.0
6602,-100,-50.0,40.0,1.5,7.0,-75.47,5.3768,-82,99.99,0.01,2.920364,0.728642,0.0204,0.0
6603,-100,-50.0,40.0,1.5,8.5,-76.48,8.4208,-94,99.95,0.06,3.793488,2.108605,0.1026,0.0
6604,-100,-50.0,40.0,1.5,10.0,-82.1,10.0969,-100,99.74,0.31,2.500293,1.108497,0.5716,0.0
6605,-100,-50.0,40.0,1.5,11.5,-81.05,11.4897,-100,99.54,0.55,3.195772,1.120876,0.6037,0.0003
6606,-100,-50.0,40.0,1.5,13.0,-81.48,12.5374,-100,99.14,1.04,2.899935,1.433031,1.0524,0.001
6607,-100,-50.0,40.0,1.75,1.0,,,,100.0,0.0,0.0,0.0,0.0,0.0
6608,-100,-50.0,40.0,1.75,2.5,,,,100.0,0.0,0.0,0.0,0.0,0.0
6609,-100,-50.0,40.0,1.75,4.0,,,,100.0,0.0,0.0,0.0,0.0,0.0
6610,-100,-50.0,40.0,1.75,5.5,-66.21,4.4492,-75,99.99,0.01,3.477466,1.054169,0.0315,0.0
6611,-100,-50.0,40.0,1.75,7.0,-70.75,6.9371,-83,99.94,0.07,4.165183,1.559709,0.162,0.0
6612,-100,-50.0,40.0,1.75,8.5,-76.6,9.1713,-94,99.85,0.18,3.649504,1.13427,0.306,0.0
6613,-100,-50.0,40.0,1.75,10.0,-78.24,10.5052,-100,99.56,0.52,3.124342,1.27679,0.6828,0.0
6614,-100,-50.0,40.0,1.75,11.5,-78.21,11.8077,-100,99.03,1.16,3.331207,1.178118,1.253,0.0004
6615,-100,-50.0,40.0,1.75,13.0,-78.58,13.4912,-100,98.42,1.9,3.245043,1.589229,1.8331,0.0016
6616,-100,-50.0,40.0,2.0,1.0,,,,100.0,0.0,0.0,0.0,0.0,0.0
6617,-100,-50.0,40.0,2.0,2.5,,,,100.0,0.0,0.0,0.0,0.0,0.0
6618,-100,-50.0,40.0,2.0,4.0,-62.31,2.7092,-67,99.99,0.01,2.917866,0.66748,0.0389,0.0
6619,-100,-50.0,40.0,2.0,5.5,-68.41,5.6127,-82,99.97,0.03,4.984477,1.333365,0.0755,0.0
6620,-100,-50.0,40.0,2.0,7.0,-71.18,7.3505,-90,99.76,0.28,4.040851,1.717265,0.5433,0.0
6621,-100,-50.0,40.0,2.0,8.5,-76.37,9.0387,-98,99.24,0.92,2.808384,0.94925,1.7452,0.0
6623,-100,-50.0,40.0,2.0,11.5,-74.86,12.584,-100,98.59,1.69,3.897086,1.662112,1.8317,0.0009
6622,-100,-50.0,40.0,2.0,10.0,-74.72,11.1716,-100,99.08,1.11,3.836976,1.405742,1.5622,0.0001
6625,-100,-50.0,40.0,2.25,1.0,-58.12,1.0657,-59,99.99,0.01,4.157909,1.119729,0.0195,0.0
6626,-100,-50.0,40.0,2.25,2.5,-56.51,1.9135,-61,99.97,0.03,4.499112,1.062506,0.1241,0.0
6624,-100,-50.0,40.0,2.0,13.0,-75.87,13.8699,-100,97.29,3.25,2.967415,1.161313,3.2942,0.0017
6627,-100,-50.0,40.0,2.25,4.0,-62.49,4.6841,-73,99.95,0.06,7.166503,2.571933,0.1752,0.0
6628,-100,-50.0,40.0,2.25,5.5,-65.14,5.8572,-83,99.62,0.46,2.844683,2.260236,1.1997,0.0
6629,-100,-50.0,40.0,2.25,7.0,-70.55,7.8954,-89,99.37,0.75,3.535832,1.683791,1.5956,0.0
6630,-100,-50.0,40.0,2.25,8.5,-73.62,9.3283,-98,98.57,1.71,2.639944,1.236429,2.8439,0.0
6631,-100,-50.0,40.0,2.25,10.0,-73.19,11.6631,-100,98.11,2.27,2.945708,1.540437,3.8143,0.0001
6632,-100,-50.0,40.0,2.25,11.5,-73.19,12.4632,-100,97.43,3.08,3.217161,1.362723,3.1439,0.0025
6634,-100,-50.0,40.0,2.5,1.0,-55.0,1.2494,-58,99.9,0.13,4.69408,0.991423,0.4416,0.0
6635,-100,-50.0,40.0,2.5,2.5,-56.95,3.2551,-62,99.8,0.23,8.96547,2.74649,0.7256,0.0
6633,-100,-50.0,40.0,2.25,13.0,-72.18,13.6042,-100,96.42,4.29,3.271371,1.507134,3.4261,0.003
6637,-100,-50.0,40.0,2.5,5.5,-66.32,6.4564,-89,98.89,1.33,3.305782,1.010933,2.7444,0.0
6636,-100,-50.0,40.0,2.5,4.0,-59.88,4.3213,-73,99.05,1.14,2.418775,1.006997,3.1896,0.0
6638,-100,-50.0,40.0,2.5,7.0,-68.19,8.7445,-90,98.14,2.23,2.958062,1.361506,3.8419,0.0
6639,-100,-50.0,40.0,2.5,8.5,-68.97,9.575,-98,97.22,3.34,2.572007,1.304716,4.9615,0.0
6640,-100,-50.0,40.0,2.5,10.0,-69.72,11.6155,-100,96.93,3.68,3.298679,1.789941,4.5311,0.0012
6641,-100,-50.0,40.0,2.5,11.5,-70.03,13.4398,-100,96.18,4.59,3.26113,1.127166,4.329,0.0045
6643,-100,-50.0,40.0,2.75,1.0,-55.03,1.9853,-62,98.23,2.12,1.410018,0.983255,6.5622,0.0
6644,-100,-50.0,40.0,2.75,2.5,-57.31,3.5322,-67,98.87,1.36,2.310508,1.304722,4.0916,0.0
6642,-100,-50.0,40.0,2.5,13.0,-69.98,14.01,-100,94.44,6.67,2.802133,1.617361,5.8678,0.009
6645,-100,-50.0,40.0,2.75,4.0,-59.54,4.5357,-72,97.67,2.8,2.077351,1.123382,5.8371,0.0
6646,-100,-50.0,40.0,2.75,5.5,-62.88,8.16,-82,97.13,3.45,2.084196,1.703884,6.7114,0.0
6647,-100,-50.0,40.0,2.75,7.0,-67.35,9.087,-89,96.28,4.46,2.135245,2.271375,9.6265,0.0
6648,-100,-50.0,40.0,2.75,8.5,-66.69,10.702,-100,95.63,5.24,2.439141,1.715983,7.3435,0.0007
6649,-100,-50.0,40.0,2.75,10.0,-67.48,11.8285,-100,95.49,5.41,2.974986,1.203995,5.3636,0.0011
6650,-100,-50.0,40.0,2.75,11.5,-67.56,14.0423,-100,94.55,6.53,2.935626,1.461434,6.2459,0.0065
6652,-100,-50.0,40.0,3.0,1.0,-53.17,2.738,-60,95.42,5.5,0.549872,0.652263,13.7773,0.0
6651,-100,-50.0,40.0,2.75,13.0,-67.04,15.2646,-100,92.79,8.65,2.700931,1.782111,7.9971,0.0089
6653,-100,-50.0,40.0,3.0,2.5,-53.88,3.8118,-64,95.32,5.62,0.869262,1.212487,13.3038,0.0
6654,-100,-50.0,40.0,3.0,4.0,-57.84,5.9314,-69,95.38,5.55,1.355864,1.273841,11.3963,0.0
6655,-100,-50.0,40.0,3.0,5.5,-61.47,8.3109,-79,95.26,5.69,1.770957,1.767777,10.6721,0.0
6656,-100,-50.0,40.0,3.0,7.0,-63.78,9.5268,-88,94.57,6.52,2.063086,1.567545,9.9252,0.0
6657,-100,-50.0,40.0,3.0,8.5,-64.92,11.3822,-97,94.56,6.53,2.679467,1.511857,7.3708,0.0012
6658,-100,-50.0,40.0,3.0,10.0,-64.94,13.2843,-100,93.77,7.48,2.618352,2.014118,9.4685,0.0033
6659,-100,-50.0,40.0,3.0,11.5,-64.63,14.3851,-100,92.45,9.06,2.603674,1.738614,8.956,0.0101
6660,-100,-50.0,40.0,3.0,13.0,-63.96,15.8464,-100,91.05,10.75,2.644949,1.54334,8.5387,0.0151
6661,-100,-50.0,40.0,3.25,1.0,-49.34,3.7223,-58,93.32,8.02,0.965509,0.934088,14.3278,0.0
6662,-100,-50.0,40.0,3.25,2.5,-52.18,5.8212,-63,93.8,7.44,1.272841,1.279653,13.2008,0.0
6664,-100,-50.0,40.0,3.25,5.5,-61.04,8.6266,-81,93.76,7.48,1.774017,1.377728,11.658,0.0
6663,-100,-50.0,40.0,3.25,4.0,-55.47,6.7694,-73,92.48,9.03,1.128349,1.376666,15.2958,0.0
6665,-100,-50.0,40.0,3.25,7.0,-61.32,9.9458,-84,91.87,9.75,1.662325,1.068365,11.3261,0.0001
6666,-100,-50.0,40.0,3.25,8.5,-62.04,11.314,-99,91.48,10.23,1.882542,1.782372,12.0972,0.0016
6667,-100,-50.0,40.0,3.25,10.0,-61.3,13.0602,-100,89.8,12.24,2.061473,1.828003,12.857,0.0067
6668,-100,-50.0,40.0,3.25,11.5,-61.86,14.6409,-100,90.34,11.59,2.430677,1.650195,9.5646,0.0123
6669,-100,-50.0,40.0,3.25,13.0,-61.69,15.9592,-100,89.28,12.86,2.509139,1.501214,9.3289,0.0146
6670,-100,-50.0,40.0,3.5,1.0,-49.25,5.3041,-59,90.45,11.46,0.680522,0.864661,18.5796,0.0
6671,-100,-50.0,40.0,3.5,2.5,-50.74,6.8465,-65,89.78,12.27,0.865575,0.900193,18.0739,0.0
6673,-100,-50.0,40.0,3.5,5.5,-57.77,8.5446,-79,90.04,11.95,1.463817,1.4607,15.5222,0.0
6674,-100,-50.0,40.0,3.5,7.0,-58.92,9.9673,-86,88.58,13.72,1.457963,1.475357,15.6179,0.0001
6672,-100,-50.0,40.0,3.5,4.0,-54.42,6.9211,-69,88.3,14.04,0.844603,1.094488,19.3386,0.0
6675,-100,-50.0,40.0,3.5,8.5,-58.39,12.3975,-96,89.4,12.72,2.092178,1.526963,11.2765,0.0027
6676,-100,-50.0,40.0,3.5,10.0,-58.98,13.8851,-100,89.34,12.8,2.252508,1.621373,10.4491,0.0085
6677,-100,-50.0,40.0,3.5,11.5,-58.58,14.8603,-100,87.5,15.0,2.138529,1.488084,10.9729,0.0143
6678,-100,-50.0,40.0,3.5,13.0,-57.85,16.5087,-100,86.16,16.61,2.054868,1.628783,11.5388,0.0247
6679,-100,-50.0,40.0,3.75,1.0,-49.8,6.7142,-59,87.26,15.29,0.782633,0.921561,19.9887,0.0
6680,-100,-50.0,40.0,3.75,2.5,-51.12,7.1258,-64,89.4,12.73,1.091693,1.175723,17.2528,0.0
6681,-100,-50.0,40.0,3.75,4.0,-53.81,8.2238,-71,87.78,14.67,1.174407,1.413193,18.2096,0.0
6682,-100,-50.0,40.0,3.75,5.5,-56.28,10.7079,-79,87.96,14.45,1.453275,1.299259,15.5913,0.0003
6683,-100,-50.0,40.0,3.75,7.0,-55.92,11.9999,-86,86.53,16.17,1.416438,1.650926,17.2134,0.0027
6685,-100,-50.0,40.0,3.75,10.0,-55.33,14.7935,-100,87.46,15.05,2.25039,1.829492,11.2261,0.0188
6684,-100,-50.0,40.0,3.75,8.5,-55.76,14.0099,-95,87.72,14.73,1.946619,1.801966,13.0664,0.0116
6686,-100,-50.0,40.0,3.75,11.5,-55.62,16.1259,-100,85.31,17.62,1.998,1.668538,11.9346,0.0203
6688,-100,-50.0,40.0,4.0,1.0,-46.03,8.1822,-58,84.32,18.82,0.819096,0.931136,20.5236,0.0
6687,-100,-50.0,40.0,3.75,13.0,-56.11,17.0866,-100,85.31,17.63,2.151635,1.651882,11.7311,0.0242
6689,-100,-50.0,40.0,4.0,2.5,-46.36,8.751,-63,85.49,17.41,1.029847,0.999723,18.5921,0.0
6690,-100,-50.0,40.0,4.0,4.0,-51.87,9.1539,-80,85.98,16.82,1.238701,1.139047,16.78,0.0
6691,-100,-50.0,40.0,4.0,5.5,-53.17,10.49,-81,85.56,17.32,1.440473,1.255087,15.5857,0.0002
6692,-100,-50.0,40.0,4.0,7.0,-52.99,12.6215,-85,84.15,19.02,1.483973,1.354627,16.1827,0.0072
6694,-100,-50.0,40.0,4.0,10.0,-52.29,14.6702,-100,83.37,19.96,1.8799,1.591269,12.6314,0.0368
6693,-100,-50.0,40.0,4.0,8.5,-53.2,13.4478,-95,83.78,19.47,1.646707,1.568661,15.0249,0.0087
6695,-100,-50.0,40.0,4.0,11.5,-53.05,16.4218,-100,84.06,19.12,2.000733,1.386108,10.9179,0.0355
6696,-100,-50.0,40.0,4.0,13.0,-53.11,17.5346,-100,83.99,19.21,2.069302,1.622063,10.7143,0.029
6697,-100,-50.0,40.0,4.25,1.0,-46.59,8.3642,-61,83.3,20.04,0.808359,0.778757,20.7614,0.0
6698,-100,-50.0,40.0,4.25,2.5,-48.21,9.5957,-67,82.38,21.15,0.953284,1.012026,19.9714,0.0
6700,-100,-50.0,40.0,4.25,5.5,-50.04,11.6634,-80,81.53,22.17,1.210045,1.321619,18.5264,0.004
6699,-100,-50.0,40.0,4.25,4.0,-49.5,11.0643,-70,82.29,21.25,1.124955,0.962881,17.8483,0.0
6701,-100,-50.0,40.0,4.25,7.0,-50.17,13.487,-86,82.83,20.6,1.550752,1.278978,14.7119,0.0059
6702,-100,-50.0,40.0,4.25,8.5,-50.34,14.6513,-95,82.04,21.55,1.640743,1.331292,13.4427,0.0219
6703,-100,-50.0,40.0,4.25,10.0,-50.2,15.3275,-100,81.7,21.97,1.712289,1.424665,13.3534,0.0323
6704,-100,-50.0,40.0,4.25,11.5,-49.93,17.1011,-100,81.9,21.72,1.81051,1.590378,12.941,0.0339
6705,-100,-50.0,40.0,4.25,13.0,-50.17,18.0112,-100,82.37,21.15,1.962982,1.402627,10.5977,0.0494
6707,-100,-50.0,40.0,4.5,2.5,-47.45,11.2493,-66,79.35,24.78,0.895647,0.838863,20.2827,0.0001
6706,-100,-50.0,40.0,4.5,1.0,-44.03,10.1733,-60,79.48,24.62,0.827129,0.727248,20.6094,0.0
6708,-100,-50.0,40.0,4.5,4.0,-47.29,10.9666,-75,79.69,24.36,1.209567,0.994812,16.3555,0.0002
6709,-100,-50.0,40.0,4.5,5.5,-46.89,12.7171,-78,80.32,23.62,1.437036,1.254232,14.3449,0.0208
6710,-100,-50.0,40.0,4.5,7.0,-47.41,14.265,-85,80.16,23.81,1.449071,1.263309,14.0998,0.0203
6711,-100,-50.0,40.0,4.5,8.5,-47.06,14.39,-94,81.8,21.83,1.711178,1.242091,10.5278,0.0302
6712,-100,-50.0,40.0,4.5,10.0,-47.4,16.6512,-100,80.58,23.3,1.74394,1.394382,11.714,0.0524
6713,-100,-50.0,40.0,4.5,11.5,-47.23,17.7299,-100,80.6,23.28,1.773555,1.323708,10.7741,0.0612
6714,-100,-50.0,40.0,4.5,13.0,-47.16,18.2546,-100,82.11,21.47,2.053195,1.489521,9.0489,0.0688
6715,-100,-50.0,40.0,4.75,1.0,-42.89,11.9798,-59,80.3,23.64,1.046051,0.988855,18.2217,0.0
6716,-100,-50.0,40.0,4.75,2.5,-44.82,11.4699,-65,78.38,25.94,1.00004,0.917436,17.7295,0.0004
6717,-100,-50.0,40.0,4.75,4.0,-43.94,13.1567,-72,78.6,25.68,1.237267,1.057228,14.9677,0.0073
6718,-100,-50.0,40.0,4.75,5.5,-44.49,13.9239,-80,79.71,24.34,1.462666,1.182749,13.0854,0.0265
6719,-100,-50.0,40.0,4.75,7.0,-44.6,14.1752,-83,79.12,25.05,1.461551,1.295277,13.2379,0.034
6720,-100,-50.0,40.0,4.75,8.5,-44.35,15.8484,-93,79.68,24.39,1.52159,1.203334,11.7857,0.033
6721,-100,-50.0,40.0,4.75,10.0,-44.21,16.5251,-99,79.56,24.53,1.595641,1.407789,11.0342,0.049
6722,-100,-50.0,40.0,4.75,11.5,-44.5,18.1445,-100,79.47,24.64,1.672723,1.277692,10.1382,0.0614
6723,-100,-50.0,40.0,4.75,13.0,-44.85,18.611,-100,80.67,23.2,1.820136,1.292635,9.2212,0.0778
6724,-100,-50.0,40.0,5.0,1.0,-40.6,12.5675,-59,76.73,27.93,0.87042,0.745279,18.557,0.0
6725,-100,-50.0,40.0,5.0,2.5,-41.75,13.2312,-63,78.62,25.66,1.249312,0.995005,14.8783,0.0009
6733,-100,-50.0,50.0,1.0,1.0,,,,100.0,0.0,0.0,0.0,0.0,0.0
6734,-100,-50.0,50.0,1.0,2.5,,,,100.0,0.0,0.0,0.0,0.0,0.0
6726,-100,-50.0,40.0,5.0,4.0,-41.78,13.5667,-70,78.28,26.07,1.243651,0.901156,12.3903,0.0045
6727,-100,-50.0,40.0,5.0,5.5,-41.32,14.4824,-77,77.28,27.26,1.280848,1.241849,13.3488,0.0175
6728,-100,-50.0,40.0,5.0,7.0,-42.06,15.8733,-85,78.53,25.78,1.495642,1.188664,10.7998,0.0384
6735,-100,-50.0,50.0,1.0,4.0,,,,100.0,0.0,0.0,0.0,0.0,0.0
6729,-100,-50.0,40.0,5.0,8.5,-40.98,16.2594,-83,78.24,26.11,1.48023,1.364088,10.8592,0.0486
6730,-100,-50.0,40.0,5.0,10.0,-41.59,17.6163,-93,78.77,25.48,1.560964,1.413264,10.8071,0.0518
6736,-100,-50.0,50.0,1.0,5.5,,,,100.0,0.0,0.0,0.0,0.0,0.0
6731,-100,-50.0,40.0,5.0,11.5,-41.37,18.0935,-100,78.94,25.28,1.55224,1.166364,9.5509,0.0927
6732,-100,-50.0,40.0,5.0,13.0,-41.42,19.7514,-100,79.1,25.08,1.648585,1.163426,8.2456,0.094
6737,-100,-50.0,50.0,1.0,7.0,-88.0,1.0,-89,100.0,0.0,2.355217,0.23625,0.0049,0.0
6738,-100,-50.0,50.0,1.0,8.5,-77.75,6.3372,-86,100.0,0.0,3.220932,0.717438,0.0085,0.0
6739,-100,-50.0,50.0,1.0,10.0,-82.34,10.016,-100,99.96,0.04,2.396028,1.272223,0.0645,0.0
6740,-100,-50.0,50.0,1.0,11.5,-85.61,11.577,-100,99.87,0.15,2.886971,1.258387,0.2272,0.0
6742,-100,-50.0,50.0,1.25,1.0,,,,100.0,0.0,0.0,0.0,0.0,0.0
6741,-100,-50.0,50.0,1.0,13.0,-84.36,12.0713,-100,99.75,0.3,3.215825,1.266759,0.2125,0.0006
6743,-100,-50.0,50.0,1.25,2.5,,,,100.0,0.0,0.0,0.0,0.0,0.0
6745,-100,-50.0,50.0,1.25,5.5,,,,100.0,0.0,0.0,0.0,0.0,0.0
6744,-100,-50.0,50.0,1.25,4.0,,,,100.0,0.0,0.0,0.0,0.0,0.0
6746,-100,-50.0,50.0,1.25,7.0,-79.0,1.0,-80,100.0,0.0,4.202035,0.400277,0.0049,0.0
6747,-100,-50.0,50.0,1.25,8.5,-82.19,8.3112,-92,99.98,0.02,3.277035,1.297824,0.0296,0.0
6748,-100,-50.0,50.0,1.25,10.0,-82.28,10.062,-100,99.92,0.1,2.690633,1.109276,0.1445,0.0
6749,-100,-50.0,50.0,1.25,11.5,-82.5,12.502,-100,99.76,0.29,3.2486,1.238441,0.2577,0.0003
6750,-100,-50.0,50.0,1.25,13.0,-81.78,12.5074,-100,99.43,0.69,3.112055,1.07812,0.5378,0.0008
6751,-100,-50.0,50.0,1.5,1.0,,,,100.0,0.0,0.0,0.0,0.0,0.0
6752,-100,-50.0,50.0,1.5,2.5,,,,100.0,0.0,0.0,0.0,0.0,0.0
6753,-100,-50.0,50.0,1.5,4.0,-80.0,0.0,-80,100.0,0.0,2.565822,0.0,0.0024,0.0
6754,-100,-50.0,50.0,1.5,5.5,-73.33,4.2647,-78,100.0,0.0,3.373305,0.768833,0.0057,0.0
6755,-100,-50.0,50.0,1.5,7.0,-74.69,6.0283,-82,99.99,0.01,4.004414,1.538594,0.034,0.0
6756,-100,-50.0,50.0,1.5,8.5,-79.22,8.8172,-100,99.89,0.13,2.653004,0.885385,0.321,0.0
6757,-100,-50.0,50.0,1.5,10.0,-79.27,10.2045,-100,99.73,0.33,3.049709,1.259094,0.394,0.0
6758,-100,-50.0,50.0,1.5,11.5,-80.47,11.6568,-100,99.44,0.67,3.182057,1.114941,0.8692,0.0004
6759,-100,-50.0,50.0,1.5,13.0,-79.65,12.3655,-100,98.97,1.24,3.038401,1.429518,1.0421,0.001
6760,-100,-50.0,50.0,1.75,1.0,,,,100.0,0.0,0.0,0.0,0.0,0.0
6761,-100,-50.0,50.0,1.75,2.5,,,,100.0,0.0,0.0,0.0,0.0,0.0
6762,-100,-50.0,50.0,1.75,4.0,-65.0,0.0,-65,100.0,0.0,5.787315,0.0,0.0024,0.0
6764,-100,-50.0,50.0,1.75,7.0,-71.72,8.0656,-86,99.95,0.06,5.349246,2.22133,0.1502,0.0
6763,-100,-50.0,50.0,1.75,5.5,-65.63,5.6013,-83,99.83,0.2,1.945744,0.519016,0.7167,0.0
6765,-100,-50.0,50.0,1.75,8.5,-75.3,8.758,-96,99.67,0.39,2.934383,1.463989,0.7099,0.0
6766,-100,-50.0,50.0,1.75,10.0,-77.28,10.5157,-100,99.37,0.76,3.326786,1.226073,0.9084,0.0
6767,-100,-50.0,50.0,1.75,11.5,-76.73,12.4685,-100,98.59,1.69,3.07227,1.070868,1.8957,0.0011
6769,-100,-50.0,50.0,2.0,1.0,,,,100.0,0.0,0.0,0.0,0.0,0.0
6768,-100,-50.0,50.0,1.75,13.0,-75.86,13.394,-100,97.91,2.51,3.219903,1.281471,2.119,0.0034
6770,-100,-50.0,50.0,2.0,2.5,-61.9,1.5723,-63,100.0,0.0,3.566957,1.197236,0.0123,0.0
6771,-100,-50.0,50.0,2.0,4.0,-60.59,3.8945,-69,99.97,0.04,4.097594,0.859829,0.1314,0.0
6772,-100,-50.0,50.0,2.0,5.5,-65.35,5.6116,-78,99.87,0.16,3.937248,1.057111,0.348,0.0
6773,-100,-50.0,50.0,2.0,7.0,-70.62,8.2917,-88,99.65,0.42,5.060401,1.712239,0.7875,0.0
6774,-100,-50.0,50.0,2.0,8.5,-71.76,8.996,-95,99.16,1.01,3.125981,1.185827,1.6947,0.0
6775,-100,-50.0,50.0,2.0,10.0,-73.98,10.9908,-100,98.92,1.3,4.326886,2.515424,1.4822,0.0003
6776,-100,-50.0,50.0,2.0,11.5,-73.94,12.376,-100,97.75,2.7,3.12548,1.573248,3.0064,0.0017
6778,-100,-50.0,50.0,2.25,1.0,-57.25,0.433,-58,100.0,0.0,4.324976,1.07926,0.0067,0.0
6777,-100,-50.0,50.0,2.0,13.0,-74.31,13.8006,-100,97.41,3.11,3.771458,1.366875,2.1662,0.0028
6779,-100,-50.0,50.0,2.25,2.5,-58.5,2.414,-63,99.99,0.01,9.248683,2.262244,0.0461,0.0
6780,-100,-50.0,50.0,2.25,4.0,-63.38,4.3928,-73,99.65,0.41,3.324472,0.876915,1.3383,0.0
6781,-100,-50.0,50.0,2.25,5.5,-66.33,5.5387,-81,99.45,0.66,3.127492,0.967489,1.5444,0.0
6782,-100,-50.0,50.0,2.25,7.0,-69.5,8.459,-86,98.93,1.28,3.992034,1.147764,2.2583,0.0
6783,-100,-50.0,50.0,2.25,8.5,-70.57,9.8361,-97,98.44,1.87,3.577032,1.801124,2.9261,0.0002
6784,-100,-50.0,50.0,2.25,10.0,-70.82,11.5548,-100,97.22,3.33,3.080132,1.347381,4.5622,0.0009
6785,-100,-50.0,50.0,2.25,11.5,-70.27,12.9787,-100,96.47,4.23,3.148971,2.311793,4.8285,0.0037
6786,-100,-50.0,50.0,2.25,13.0,-70.28,14.8882,-100,95.75,5.1,3.382776,1.549123,4.4566,0.0087
6787,-100,-50.0,50.0,2.5,1.0,-54.91,1.3563,-60,99.25,0.9,2.301639,0.827648,3.1446,0.0
6788,-100,-50.0,50.0,2.5,2.5,-56.38,2.9749,-62,99.15,1.03,2.549963,1.122544,3.4003,0.0
6789,-100,-50.0,50.0,2.5,4.0,-58.28,4.6023,-75,97.88,2.54,1.674863,1.569715,6.5167,0.0
6790,-100,-50.0,50.0,2.5,5.5,-63.13,6.3094,-80,98.27,2.08,2.719762,2.292627,5.3203,0.0
6791,-100,-50.0,50.0,2.5,7.0,-68.87,8.3682,-94,95.83,5.01,1.399793,1.663879,10.4448,0.0001
6792,-100,-50.0,50.0,2.5,8.5,-67.92,10.1621,-100,96.83,3.8,3.057973,1.409286,4.613,0.0008
6793,-100,-50.0,50.0,2.5,10.0,-67.89,11.8867,-100,95.62,5.25,2.870559,1.779313,6.2465,0.0025
6794,-100,-50.0,50.0,2.5,11.5,-68.01,13.648,-100,95.61,5.26,3.477686,1.960936,4.3589,0.0081
6795,-100,-50.0,50.0,2.5,13.0,-67.1,15.0689,-100,93.7,7.56,3.04557,1.550507,5.0351,0.0084
6796,-100,-50.0,50.0,2.75,1.0,-54.12,2.4179,-61,97.52,2.97,1.366162,0.972734,8.157,0.0
6797,-100,-50.0,50.0,2.75,2.5,-55.24,4.2807,-64,96.77,3.87,1.128644,1.593217,11.2,0.0
6798,-100,-50.0,50.0,2.75,4.0,-57.34,6.3079,-76,96.02,4.77,1.685542,1.708986,10.5434,0.0
6799,-100,-50.0,50.0,2.75,5.5,-62.79,7.0993,-82,95.76,5.09,1.745527,1.86418,10.626,0.0
6800,-100,-50.0,50.0,2.75,7.0,-62.53,9.5352,-88,94.27,6.88,1.942265,1.544446,10.6138,0.0
6801,-100,-50.0,50.0,2.75,8.5,-64.14,10.7243,-97,94.41,6.71,2.625765,1.698944,8.5636,0.0023
6802,-100,-50.0,50.0,2.75,10.0,-64.0,12.9024,-99,93.39,7.94,2.567983,1.777096,8.9771,0.003
6803,-100,-50.0,50.0,2.75,11.5,-64.79,14.3632,-100,92.44,9.08,2.58701,1.918725,9.0244,0.0054
6804,-100,-50.0,50.0,2.75,13.0,-64.27,14.8326,-100,91.53,10.17,2.638062,1.69602,8.0541,0.0117
6805,-100,-50.0,50.0,3.0,1.0,-50.5,4.2227,-59,94.33,6.8,1.075054,1.351163,13.4506,0.0
6806,-100,-50.0,50.0,3.0,2.5,-50.52,5.2157,-63,94.68,6.38,1.204809,1.041253,12.2351,0.0
6807,-100,-50.0,50.0,3.0,4.0,-56.4,6.1121,-69,95.6,5.28,1.969354,1.346278,8.8582,0.0
6808,-100,-50.0,50.0,3.0,5.5,-61.65,7.7696,-79,93.54,7.75,1.819,1.502258,11.3498,0.0
6809,-100,-50.0,50.0,3.0,7.0,-60.86,10.0928,-91,91.55,10.14,1.644214,1.495395,13.093,0.0002
6810,-100,-50.0,50.0,3.0,8.5,-61.33,11.7558,-96,92.33,9.21,2.382219,1.879274,10.1593,0.001
6811,-100,-50.0,50.0,3.0,10.0,-61.72,12.8596,-100,90.58,11.31,2.222638,1.784911,11.0481,0.0057
6812,-100,-50.0,50.0,3.0,11.5,-61.74,14.336,-100,90.5,11.4,2.516285,1.444226,8.3597,0.0175
6813,-100,-50.0,50.0,3.0,13.0,-61.8,15.9147,-100,90.0,12.0,2.729498,1.625521,8.328,0.0239
6814,-100,-50.0,50.0,3.25,1.0,-49.37,4.8583,-59,92.07,9.51,0.825896,0.767057,16.1315,0.0
6815,-100,-50.0,50.0,3.25,2.5,-52.82,5.4572,-66,91.49,10.21,1.062649,1.482933,16.3168,0.0
6816,-100,-50.0,50.0,3.25,4.0,-57.0,7.7302,-79,91.32,10.42,1.445561,1.112806,13.2447,0.0
6817,-100,-50.0,50.0,3.25,5.5,-58.46,8.6921,-80,89.44,12.67,1.378424,1.594715,16.6563,0.0001
6818,-100,-50.0,50.0,3.25,7.0,-57.92,10.2795,-88,88.94,13.27,1.724003,1.554877,14.4901,0.0021
6819,-100,-50.0,50.0,3.25,8.5,-58.81,12.3441,-95,88.86,13.36,1.836873,1.414013,12.7536,0.0059
6820,-100,-50.0,50.0,3.25,10.0,-58.22,13.3279,-100,87.55,14.94,1.940258,1.569654,12.4796,0.0049
6821,-100,-50.0,50.0,3.25,11.5,-58.28,15.2719,-100,86.87,15.75,2.096254,1.773852,12.6393,0.0266
6822,-100,-50.0,50.0,3.25,13.0,-58.74,16.5203,-100,87.76,14.69,2.473415,1.573061,9.4656,0.0373
6823,-100,-50.0,50.0,3.5,1.0,-49.83,6.6051,-62,88.22,14.14,0.777146,0.871869,19.5949,0.0
6824,-100,-50.0,50.0,3.5,2.5,-50.06,6.7902,-65,86.9,15.72,0.861839,0.822489,19.1795,0.0
6825,-100,-50.0,50.0,3.5,4.0,-54.12,7.6575,-70,88.63,13.65,1.282878,1.305913,16.7658,0.0
6826,-100,-50.0,50.0,3.5,5.5,-55.58,9.3171,-79,87.43,15.09,1.33524,1.342829,16.4811,0.0016
6827,-100,-50.0,50.0,3.5,7.0,-55.89,10.8494,-87,85.83,17.01,1.480904,1.508471,16.4968,0.0018
6828,-100,-50.0,50.0,3.5,8.5,-54.97,12.9775,-94,85.98,16.82,1.908284,1.614313,13.7992,0.0239
6829,-100,-50.0,50.0,3.5,10.0,-55.57,13.8357,-98,85.45,17.46,1.897694,1.642444,13.3673,0.0243
6830,-100,-50.0,50.0,3.5,11.5,-55.73,14.9331,-100,86.83,15.8,2.3598,1.541208,8.419,0.0251
6831,-100,-50.0,50.0,3.5,13.0,-55.25,17.1727,-100,85.64,17.23,2.305443,1.906645,10.8852,0.0571
6832,-100,-50.0,50.0,3.75,1.0,-47.43,7.4542,-61,82.27,21.28,0.746317,0.777075,21.5746,0.0
6833,-100,-50.0,50.0,3.75,2.5,-49.42,8.2544,-64,84.3,18.83,0.991792,0.988463,19.1591,0.0
6834,-100,-50.0,50.0,3.75,4.0,-52.55,8.5784,-72,84.42,18.7,1.162782,1.240742,18.574,0.0002
6835,-100,-50.0,50.0,3.75,5.5,-52.03,10.3637,-81,84.23,18.92,1.489255,1.523396,16.6636,0.0028
6836,-100,-50.0,50.0,3.75,7.0,-52.2,12.2921,-82,83.81,19.43,1.605295,1.326627,14.1459,0.0051
6837,-100,-50.0,50.0,3.75,8.5,-52.13,13.0055,-89,83.66,19.6,1.744983,1.434438,13.1508,0.0236
6838,-100,-50.0,50.0,3.75,10.0,-52.34,14.3234,-97,83.57,19.72,1.905236,1.394013,11.9562,0.0361
6840,-100,-50.0,50.0,3.75,13.0,-52.17,16.7643,-100,83.89,19.33,2.21249,1.509637,9.6418,0.0487
6839,-100,-50.0,50.0,3.75,11.5,-52.23,16.3702,-100,83.82,19.42,2.117404,1.591898,10.8028,0.0489
6841,-100,-50.0,50.0,4.0,1.0,-46.12,8.0172,-58,81.99,21.61,0.96328,0.993104,19.925,0.0
6842,-100,-50.0,50.0,4.0,2.5,-47.47,9.2728,-65,80.99,22.81,0.92248,0.874352,19.8952,0.0
6843,-100,-50.0,50.0,4.0,4.0,-48.62,10.523,-74,81.51,22.19,1.321264,1.260069,16.5855,0.0007
6844,-100,-50.0,50.0,4.0,5.5,-49.45,11.6643,-78,81.65,22.02,1.434053,1.385592,16.4254,0.0018
6846,-100,-50.0,50.0,4.0,8.5,-49.11,13.2261,-91,80.32,23.62,1.568721,1.362757,13.9129,0.0265
6845,-100,-50.0,50.0,4.0,7.0,-49.48,12.2741,-89,80.09,23.89,1.377095,1.50708,16.6045,0.0105
6847,-100,-50.0,50.0,4.0,10.0,-48.66,15.281,-99,81.14,22.63,1.710249,1.345493,11.76,0.0465
6848,-100,-50.0,50.0,4.0,11.5,-49.0,16.8916,-100,81.81,21.83,1.934464,1.437007,11.0021,0.0495
6849,-100,-50.0,50.0,4.0,13.0,-49.46,17.9519,-100,82.65,20.83,2.100374,1.465775,9.4654,0.044
6850,-100,-50.0,50.0,4.25,1.0,-45.6,10.4564,-60,80.05,23.94,0.986117,0.841899,18.4912,0.0
6851,-100,-50.0,50.0,4.25,2.5,-46.42,11.2592,-65,80.05,23.94,1.064397,1.049772,18.3954,0.0003
6852,-100,-50.0,50.0,4.25,4.0,-45.85,11.4655,-70,79.27,24.88,1.243652,1.009847,15.4701,0.003
6853,-100,-50.0,50.0,4.25,5.5,-46.08,12.451,-77,78.49,25.8,1.342313,1.344887,15.8272,0.0198
6854,-100,-50.0,50.0,4.25,7.0,-45.79,13.7887,-87,79.54,24.54,1.529007,1.085183,11.331,0.0186
6855,-100,-50.0,50.0,4.25,8.5,-45.59,15.1013,-90,78.05,26.34,1.442112,1.362381,14.1223,0.0541
6856,-100,-50.0,50.0,4.25,10.0,-46.14,15.6713,-96,79.92,24.1,1.676631,1.41887,11.6431,0.0466
6857,-100,-50.0,50.0,4.25,11.5,-45.94,16.7183,-98,80.19,23.77,1.740346,1.324786,10.3283,0.066
6858,-100,-50.0,50.0,4.25,13.0,-45.69,17.5703,-100,79.22,24.93,1.667986,1.555084,12.0663,0.063
6859,-100,-50.0,50.0,4.5,1.0,-43.07,10.8217,-59,77.02,27.58,0.949974,0.758827,16.2201,0.0001
6860,-100,-50.0,50.0,4.5,2.5,-42.48,11.7507,-63,77.41,27.11,1.12449,0.98273,14.6117,0.0006
6861,-100,-50.0,50.0,4.5,4.0,-42.72,12.8914,-69,78.22,26.14,1.279504,0.976251,13.0653,0.0186
6862,-100,-50.0,50.0,4.5,5.5,-43.04,12.7972,-73,77.56,26.94,1.323302,1.338376,13.6461,0.0305
6864,-100,-50.0,50.0,4.5,8.5,-43.19,15.0429,-90,78.86,25.37,1.552811,1.432194,11.6035,0.0316
6863,-100,-50.0,50.0,4.5,7.0,-43.47,14.2504,-82,79.0,25.2,1.463326,1.176793,11.493,0.0289
6865,-100,-50.0,50.0,4.5,10.0,-42.65,16.4682,-95,79.31,24.83,1.598266,1.20213,9.7965,0.0803
6866,-100,-50.0,50.0,4.5,11.5,-43.51,17.7117,-100,79.71,24.35,1.687968,1.214524,9.0153,0.0677
6867,-100,-50.0,50.0,4.5,13.0,-43.05,18.5578,-100,80.35,23.58,1.81851,1.170676,7.4379,0.0986
6868,-100,-50.0,50.0,4.75,1.0,-39.85,12.3232,-59,75.91,28.91,0.981396,0.789158,14.5047,0.0008
6869,-100,-50.0,50.0,4.75,2.5,-39.61,13.232,-63,77.82,26.61,1.268389,1.132235,12.2823,0.0191
6870,-100,-50.0,50.0,4.75,4.0,-40.03,13.4226,-71,77.39,27.13,1.319392,1.017245,10.7842,0.0434
6871,-100,-50.0,50.0,4.75,5.5,-40.06,15.3185,-75,78.28,26.07,1.457857,1.175948,10.0295,0.0742
6873,-100,-50.0,50.0,4.75,8.5,-40.07,15.682,-88,78.32,26.01,1.449574,1.176907,9.0556,0.0577
6872,-100,-50.0,50.0,4.75,7.0,-39.84,15.2267,-83,78.03,26.36,1.405481,1.129704,9.5417,0.0813
6874,-100,-50.0,50.0,4.75,10.0,-39.9,17.2055,-93,78.71,25.55,1.504866,1.123494,8.2736,0.082
6875,-100,-50.0,50.0,4.75,11.5,-39.77,17.3909,-93,79.36,24.76,1.573741,1.083092,7.1519,0.1042
6876,-100,-50.0,50.0,4.75,13.0,-40.14,18.6442,-100,79.42,24.7,1.652386,1.098401,6.6626,0.1168
6877,-100,-50.0,50.0,5.0,1.0,-36.96,12.9027,-56,76.72,27.95,1.05832,0.908543,11.2007,0.0119
6878,-100,-50.0,50.0,5.0,2.5,-36.8,13.5195,-63,76.67,28.0,1.119231,0.913009,9.7058,0.0216
6879,-100,-50.0,50.0,5.0,4.0,-36.47,14.7773,-66,76.14,28.64,1.146691,1.086205,10.1242,0.0307
6880,-100,-50.0,50.0,5.0,5.5,-36.79,15.084,-72,77.82,26.62,1.33017,0.946732,7.0927,0.1099
6886,-100,-45.0,30.0,1.0,1.0,,,,100.0,0.0,0.0,0.0,0.0,0.0
6887,-100,-45.0,30.0,1.0,2.5,,,,100.0,0.0,0.0,0.0,0.0,0.0
6888,-100,-45.0,30.0,1.0,4.0,,,,100.0,0.0,0.0,0.0,0.0,0.0
6881,-100,-50.0,50.0,5.0,7.0,-37.03,15.1445,-78,77.86,26.57,1.332053,0.941735,6.4844,0.1062
6882,-100,-50.0,50.0,5.0,8.5,-36.73,16.5639,-84,78.35,25.98,1.427305,1.072388,7.4927,0.0581
6883,-100,-50.0,50.0,5.0,10.0,-37.14,17.1198,-86,78.18,26.18,1.419918,1.020822,6.7688,0.093
6884,-100,-50.0,50.0,5.0,11.5,-36.37,18.7901,-100,77.93,26.48,1.420691,1.060163,7.9304,0.0965
6889,-100,-45.0,30.0,1.0,5.5,,,,100.0,0.0,0.0,0.0,0.0,0.0
6890,-100,-45.0,30.0,1.0,7.0,,,,100.0,0.0,0.0,0.0,0.0,0.0
6885,-100,-50.0,50.0,5.0,13.0,-37.04,18.8197,-96,78.94,25.27,1.527776,0.983179,5.5853,0.1104
6891,-100,-45.0,30.0,1.0,8.5,,,,100.0,0.0,0.0,0.0,0.0,0.0
6892,-100,-45.0,30.0,1.0,10.0,-89.0,0.0,-89,100.0,0.0,2.470041,0.0,0.0024,0.0
6893,-100,-45.0,30.0,1.0,11.5,-84.84,8.3801,-100,99.98,0.02,2.280882,0.7899,0.0385,0.0
6895,-100,-45.0,30.0,1.25,1.0,,,,100.0,0.0,0.0,0.0,0.0,0.0
6894,-100,-45.0,30.0,1.0,13.0,-86.36,10.6083,-100,99.94,0.07,2.918831,0.984311,0.0453,0.0
6896,-100,-45.0,30.0,1.25,2.5,,,,100.0,0.0,0.0,0.0,0.0,0.0
6897,-100,-45.0,30.0,1.25,4.0,,,,100.0,0.0,0.0,0.0,0.0,0.0
6898,-100,-45.0,30.0,1.25,5.5,,,,100.0,0.0,0.0,0.0,0.0,0.0
6899,-100,-45.0,30.0,1.25,7.0,,,,100.0,0.0,0.0,0.0,0.0,0.0
6900,-100,-45.0,30.0,1.25,8.5,-79.5,1.5,-81,100.0,0.0,4.505527,2.968725,0.0034,0.0
6901,-100,-45.0,30.0,1.25,10.0,-75.69,8.305,-83,99.99,0.01,3.481611,1.003634,0.0185,0.0
6902,-100,-45.0,30.0,1.25,11.5,-85.31,10.8192,-100,99.97,0.04,3.394374,1.34491,0.0461,0.0
6903,-100,-45.0,30.0,1.25,13.0,-84.89,11.786,-100,99.86,0.17,2.390973,1.170337,0.2276,0.0
6904,-100,-45.0,30.0,1.5,1.0,,,,100.0,0.0,0.0,0.0,0.0,0.0
6905,-100,-45.0,30.0,1.5,2.5,,,,100.0,0.0,0.0,0.0,0.0,0.0
6906,-100,-45.0,30.0,1.5,4.0,,,,100.0,0.0,0.0,0.0,0.0,0.0
6907,-100,-45.0,30.0,1.5,5.5,,,,100.0,0.0,0.0,0.0,0.0,0.0
6908,-100,-45.0,30.0,1.5,7.0,,,,100.0,0.0,0.0,0.0,0.0,0.0
6909,-100,-45.0,30.0,1.5,8.5,-80.56,9.6507,-93,99.99,0.01,2.362662,1.495323,0.012,0.0
6910,-100,-45.0,30.0,1.5,10.0,-77.56,7.9763,-91,99.98,0.02,3.152139,0.906613,0.0559,0.0
6911,-100,-45.0,30.0,1.5,11.5,-79.34,11.432,-100,99.88,0.15,2.943365,0.743269,0.2735,0.0
6913,-100,-45.0,30.0,1.75,1.0,,,,100.0,0.0,0.0,0.0,0.0,0.0
6912,-100,-45.0,30.0,1.5,13.0,-83.26,12.8829,-100,99.75,0.3,2.757707,0.850237,0.3523,0.0
6915,-100,-45.0,30.0,1.75,4.0,,,,100.0,0.0,0.0,0.0,0.0,0.0
6914,-100,-45.0,30.0,1.75,2.5,,,,100.0,0.0,0.0,0.0,0.0,0.0
6916,-100,-45.0,30.0,1.75,5.5,,,,100.0,0.0,0.0,0.0,0.0,0.0
6917,-100,-45.0,30.0,1.75,7.0,-70.25,5.6785,-79,100.0,0.0,3.18482,0.56136,0.0147,0.0
6918,-100,-45.0,30.0,1.75,8.5,-69.97,9.7189,-85,99.98,0.02,3.768814,1.160146,0.0427,0.0
6920,-100,-45.0,30.0,1.75,11.5,-78.2,11.9345,-100,99.64,0.43,2.886629,1.141324,0.975,0.0
6919,-100,-45.0,30.0,1.75,10.0,-78.56,9.86,-100,99.93,0.08,2.733971,1.182961,0.1903,0.0
6921,-100,-45.0,30.0,1.75,13.0,-79.61,12.9905,-100,99.64,0.44,3.405393,1.287981,0.485,0.0001
6922,-100,-45.0,30.0,2.0,1.0,,,,100.0,0.0,0.0,0.0,0.0,0.0
6923,-100,-45.0,30.0,2.0,2.5,,,,100.0,0.0,0.0,0.0,0.0,0.0
6924,-100,-45.0,30.0,2.0,4.0,,,,100.0,0.0,0.0,0.0,0.0,0.0
6925,-100,-45.0,30.0,2.0,5.5,,,,100.0,0.0,0.0,0.0,0.0,0.0
6926,-100,-45.0,30.0,2.0,7.0,-62.67,8.5625,-72,99.99,0.01,3.725136,1.189392,0.028,0.0
6927,-100,-45.0,30.0,2.0,8.5,-71.73,8.9167,-91,99.93,0.08,4.308989,1.210919,0.2301,0.0
6928,-100,-45.0,30.0,2.0,10.0,-74.22,10.9675,-99,99.68,0.38,2.834048,1.061854,0.9431,0.0
6929,-100,-45.0,30.0,2.0,11.5,-78.6,11.469,-100,99.65,0.41,3.485045,1.458737,0.6474,0.0
6930,-100,-45.0,30.0,2.0,13.0,-78.46,13.5012,-100,99.23,0.93,3.516885,1.563492,0.9696,0.0006
6932,-100,-45.0,30.0,2.25,2.5,,,,100.0,0.0,0.0,0.0,0.0,0.0
6931,-100,-45.0,30.0,2.25,1.0,,,,100.0,0.0,0.0,0.0,0.0,0.0
6933,-100,-45.0,30.0,2.25,4.0,-62.0,2.1602,-65,100.0,0.0,4.340252,0.203041,0.0073,0.0
6934,-100,-45.0,30.0,2.25,5.5,-57.64,5.5676,-70,99.95,0.06,3.101767,0.731011,0.2093,0.0
6935,-100,-45.0,30.0,2.25,7.0,-67.23,7.6684,-78,99.9,0.12,3.379678,1.733352,0.3501,0.0
6936,-100,-45.0,30.0,2.25,8.5,-71.92,8.8191,-86,99.75,0.3,2.531356,1.228917,0.8492,0.0
6937,-100,-45.0,30.0,2.25,10.0,-72.24,10.5769,-100,99.54,0.55,4.178363,1.994987,0.8403,0.0
6938,-100,-45.0,30.0,2.25,11.5,-74.83,12.4451,-100,99.0,1.2,2.971901,0.895531,1.8885,0.0
6939,-100,-45.0,30.0,2.25,13.0,-75.44,14.3059,-100,98.76,1.49,3.376035,1.236456,1.8498,0.0006
6940,-100,-45.0,30.0,2.5,1.0,,,,100.0,0.0,0.0,0.0,0.0,0.0
6941,-100,-45.0,30.0,2.5,2.5,-55.66,2.8723,-58,100.0,0.0,2.681342,0.361516,0.0076,0.0
6943,-100,-45.0,30.0,2.5,5.5,-59.13,5.8197,-70,99.88,0.15,3.923725,0.931535,0.4828,0.0
6942,-100,-45.0,30.0,2.5,4.0,-61.06,4.1319,-66,99.99,0.01,3.151322,0.921005,0.0388,0.0
6944,-100,-45.0,30.0,2.5,7.0,-68.19,7.4252,-92,99.51,0.58,2.774353,1.17833,1.4362,0.0
6945,-100,-45.0,30.0,2.5,8.5,-73.09,9.6744,-91,99.3,0.84,2.949958,1.077332,2.0456,0.0
6947,-100,-45.0,30.0,2.5,11.5,-73.33,12.8462,-100,98.9,1.33,4.365492,1.558895,1.4941,0.0002
6946,-100,-45.0,30.0,2.5,10.0,-69.47,11.0748,-97,99.27,0.88,4.028282,2.08935,1.6752,0.0
6949,-100,-45.0,30.0,2.75,1.0,-52.75,1.3744,-55,100.0,0.0,8.503795,3.562447,0.0107,0.0
6948,-100,-45.0,30.0,2.5,13.0,-71.63,13.7224,-100,98.3,2.04,4.171234,2.173868,1.7722,0.0013
6951,-100,-45.0,30.0,2.75,4.0,-54.7,4.4781,-68,99.9,0.12,2.623678,0.770198,0.3756,0.0
6950,-100,-45.0,30.0,2.75,2.5,-52.19,2.9521,-58,99.98,0.02,6.577987,1.407734,0.0778,0.0
6952,-100,-45.0,30.0,2.75,5.5,-60.51,6.4023,-76,99.87,0.16,5.3327,2.214883,0.3373,0.0
6953,-100,-45.0,30.0,2.75,7.0,-62.85,7.5794,-81,99.05,1.14,2.651282,0.919589,2.4193,0.0
6955,-100,-45.0,30.0,2.75,10.0,-71.35,11.674,-100,98.51,1.79,3.585356,1.515542,2.8558,0.0003
6954,-100,-45.0,30.0,2.75,8.5,-69.02,9.2435,-97,98.27,2.08,2.389913,2.646624,4.9987,0.0
6956,-100,-45.0,30.0,2.75,11.5,-69.73,12.6206,-100,97.62,2.85,3.208127,1.378038,3.5093,0.0006
6957,-100,-45.0,30.0,2.75,13.0,-70.55,14.7981,-100,97.71,2.75,4.108932,1.622679,2.5433,0.0028
6958,-100,-45.0,30.0,3.0,1.0,-53.38,1.6823,-56,99.95,0.06,2.892222,0.710703,0.2063,0.0
6959,-100,-45.0,30.0,3.0,2.5,-50.5,3.3004,-57,98.55,1.74,1.129632,0.931822,6.3089,0.0
6960,-100,-45.0,30.0,3.0,4.0,-53.5,4.4425,-64,99.35,0.78,3.310913,1.758856,2.1665,0.0
6961,-100,-45.0,30.0,3.0,5.5,-58.8,6.1432,-72,98.71,1.55,2.469019,1.980743,4.5648,0.0
6962,-100,-45.0,30.0,3.0,7.0,-63.32,7.9349,-81,98.68,1.58,3.876842,2.164644,2.675,0.0
6963,-100,-45.0,30.0,3.0,8.5,-66.65,10.1162,-91,97.79,2.65,2.676712,1.21465,4.8384,0.0
6964,-100,-45.0,30.0,3.0,10.0,-67.68,11.4963,-95,97.66,2.81,3.359114,1.395065,3.9574,0.0004
6965,-100,-45.0,30.0,3.0,11.5,-67.22,13.7707,-100,96.6,4.08,2.971485,1.269867,4.9397,0.0009
6967,-100,-45.0,30.0,3.25,1.0,-48.29,1.6321,-54,98.74,1.52,1.942463,1.53176,5.0405,0.0
6966,-100,-45.0,30.0,3.0,13.0,-68.27,14.9045,-100,96.02,4.77,3.048934,1.524354,5.4046,0.0012
6968,-100,-45.0,30.0,3.25,2.5,-51.25,2.8531,-58,98.74,1.51,2.672617,1.247392,4.1173,0.0
6969,-100,-45.0,30.0,3.25,4.0,-52.21,4.5392,-65,98.58,1.7,2.748972,1.089199,4.0724,0.0
6970,-100,-45.0,30.0,3.25,5.5,-57.98,7.0686,-75,97.51,2.99,1.822402,2.299785,8.5532,0.0
6971,-100,-45.0,30.0,3.25,7.0,-61.28,8.851,-80,95.14,5.83,1.17064,1.167453,12.1079,0.0
6972,-100,-45.0,30.0,3.25,8.5,-63.29,10.7068,-93,97.26,3.29,2.908727,1.181905,4.6009,0.0
6973,-100,-45.0,30.0,3.25,10.0,-64.11,11.9499,-99,95.95,4.86,2.698542,1.446937,6.3207,0.0002
6974,-100,-45.0,30.0,3.25,11.5,-65.51,14.0585,-100,95.33,5.61,2.718156,1.332267,6.658,0.002
6975,-100,-45.0,30.0,3.25,13.0,-65.35,15.8501,-100,94.7,6.36,2.829964,1.386367,6.405,0.003
6976,-100,-45.0,30.0,3.5,1.0,-47.05,2.4637,-53,96.89,3.73,0.876099,1.165478,11.1866,0.0
6977,-100,-45.0,30.0,3.5,2.5,-48.76,4.432,-60,96.23,4.52,1.213669,1.56095,11.7406,0.0
6978,-100,-45.0,30.0,3.5,4.0,-53.79,5.9018,-66,96.49,4.21,1.486906,1.193465,9.464,0.0
6979,-100,-45.0,30.0,3.5,5.5,-58.2,6.5541,-77,96.54,4.15,1.877017,1.215723,7.992,0.0
6980,-100,-45.0,30.0,3.5,7.0,-61.5,8.9626,-84,95.93,4.88,2.309175,1.535752,8.0269,0.0
6981,-100,-45.0,30.0,3.5,8.5,-61.92,10.939,-92,94.56,6.52,1.970504,1.884265,10.9883,0.0001
6982,-100,-45.0,30.0,3.5,10.0,-62.91,12.8048,-100,94.18,6.98,2.202541,1.987258,10.1744,0.0004
6983,-100,-45.0,30.0,3.5,11.5,-64.08,14.9037,-100,94.2,6.96,2.53709,1.656628,8.3561,0.0025
6984,-100,-45.0,30.0,3.5,13.0,-62.21,16.0784,-100,92.07,9.52,2.358075,1.8206,10.0786,0.0042
6985,-100,-45.0,30.0,3.75,1.0,-45.2,3.0079,-54,94.17,6.99,0.691803,0.79002,15.1728,0.0
6986,-100,-45.0,30.0,3.75,2.5,-46.64,4.1669,-59,94.04,7.16,0.802659,0.852444,14.8762,0.0
6987,-100,-45.0,30.0,3.75,4.0,-50.6,6.4681,-68,95.11,5.87,1.310033,1.229541,11.7674,0.0
6988,-100,-45.0,30.0,3.75,5.5,-53.69,8.4723,-72,94.93,6.08,1.847909,1.753448,10.7381,0.0
6989,-100,-45.0,30.0,3.75,7.0,-57.54,9.1054,-83,93.13,8.24,1.429688,1.492785,13.7346,0.0
6990,-100,-45.0,30.0,3.75,8.5,-59.21,11.622,-88,93.7,7.56,2.188893,1.963262,11.1252,0.0
6991,-100,-45.0,30.0,3.75,10.0,-60.63,14.0553,-99,92.86,8.57,2.093746,1.95892,11.6122,0.0011
6992,-100,-45.0,30.0,3.75,11.5,-59.76,15.6984,-100,91.92,9.7,2.289904,1.690173,10.3814,0.0051
6993,-100,-45.0,30.0,3.75,13.0,-60.29,16.6629,-100,91.45,10.27,2.460539,1.491723,8.8972,0.0084
6994,-100,-45.0,30.0,4.0,1.0,-42.85,4.3936,-53,92.68,8.79,0.664611,1.082947,16.9232,0.0
6995,-100,-45.0,30.0,4.0,2.5,-42.59,5.3153,-58,91.27,10.48,0.650327,0.818303,18.2233,0.0
6996,-100,-45.0,30.0,4.0,4.0,-48.83,7.1169,-66,91.66,10.01,1.020572,0.942257,15.6742,0.0
6997,-100,-45.0,30.0,4.0,5.5,-53.01,9.1239,-83,92.41,9.11,1.446794,1.216315,13.2725,0.0
6998,-100,-45.0,30.0,4.0,7.0,-57.94,10.34,-85,91.14,10.63,1.353055,1.702617,15.6148,0.0
6999,-100,-45.0,30.0,4.0,8.5,-58.42,11.8485,-94,91.39,10.33,1.72231,1.668415,13.3526,0.0007
7000,-100,-45.0,30.0,4.0,10.0,-58.17,13.7853,-100,90.35,11.59,1.809347,1.500767,13.1397,0.0017
7001,-100,-45.0,30.0,4.0,11.5,-57.41,16.0545,-100,89.16,13.0,1.903121,1.755317,13.1573,0.0031
7002,-100,-45.0,30.0,4.0,13.0,-58.04,17.5252,-100,89.14,13.04,2.064942,1.556341,11.5857,0.0123
7003,-100,-45.0,30.0,4.25,1.0,-43.35,5.1028,-53,90.2,11.77,0.572987,0.626148,18.9995,0.0
7004,-100,-45.0,30.0,4.25,2.5,-45.14,6.6585,-58,91.62,10.05,1.017784,1.529235,16.8402,0.0
7005,-100,-45.0,30.0,4.25,4.0,-47.58,8.3896,-64,90.51,11.38,1.154566,1.140283,16.0196,0.0
7006,-100,-45.0,30.0,4.25,5.5,-52.77,9.9999,-78,90.74,11.1,1.414008,1.109393,13.9333,0.0
7007,-100,-45.0,30.0,4.25,7.0,-54.66,12.2574,-81,89.77,12.27,1.529797,1.408436,14.6848,0.0001
7008,-100,-45.0,30.0,4.25,8.5,-55.83,13.4361,-90,89.33,12.81,1.611769,1.51282,14.5971,0.001
7009,-100,-45.0,30.0,4.25,10.0,-54.88,15.1484,-100,89.81,12.24,2.00993,1.402564,11.0969,0.0043
7010,-100,-45.0,30.0,4.25,11.5,-55.75,16.4583,-100,89.47,12.64,2.194699,1.904304,11.8577,0.0052
7011,-100,-45.0,30.0,4.25,13.0,-55.49,18.0011,-100,88.36,13.96,2.16934,1.516999,11.0587,0.0144
7012,-100,-45.0,30.0,4.5,1.0,-42.35,7.0449,-55,87.82,14.62,0.747329,0.67194,19.3328,0.0
7013,-100,-45.0,30.0,4.5,2.5,-44.16,8.4548,-59,89.13,13.04,1.025779,1.022249,17.1236,0.0
7014,-100,-45.0,30.0,4.5,4.0,-46.26,9.5292,-66,88.11,14.27,1.046141,1.147254,18.0459,0.0
7015,-100,-45.0,30.0,4.5,5.5,-50.41,10.1477,-77,87.19,15.37,1.107541,1.411376,18.6199,0.0
7016,-100,-45.0,30.0,4.5,7.0,-52.79,12.3355,-80,87.88,14.55,1.400276,1.355566,16.131,0.0001
7017,-100,-45.0,30.0,4.5,8.5,-53.09,13.5001,-92,86.95,15.66,1.527759,1.714948,16.8378,0.0007
7018,-100,-45.0,30.0,4.5,10.0,-52.77,15.242,-100,86.48,16.23,1.630904,1.504746,15.5101,0.0089
7019,-100,-45.0,30.0,4.5,11.5,-51.98,16.7258,-100,86.0,16.79,1.857183,1.29899,12.3066,0.0084
7020,-100,-45.0,30.0,4.5,13.0,-52.95,18.2183,-100,86.69,15.97,2.088657,1.535637,11.7699,0.0217
7021,-100,-45.0,30.0,4.75,1.0,-40.27,8.3259,-54,86.29,16.45,0.745895,0.742873,20.2844,0.0
7022,-100,-45.0,30.0,4.75,2.5,-41.88,8.9416,-61,85.92,16.9,0.913257,0.930468,19.2725,0.0
7023,-100,-45.0,30.0,4.75,4.0,-45.82,9.2555,-68,85.1,17.87,0.963643,1.220909,19.8195,0.0
7024,-100,-45.0,30.0,4.75,5.5,-50.48,11.2308,-76,86.75,15.91,1.281139,1.147828,16.4906,0.0
7025,-100,-45.0,30.0,4.75,7.0,-50.0,12.9329,-84,85.58,17.31,1.352694,1.318643,17.0489,0.0003
7026,-100,-45.0,30.0,4.75,8.5,-50.32,14.7759,-92,85.26,17.69,1.485389,1.359551,15.8393,0.0054
7028,-100,-45.0,30.0,4.75,11.5,-49.79,17.2175,-98,85.23,17.72,1.934003,1.644804,12.5739,0.0123
7027,-100,-45.0,30.0,4.75,10.0,-50.18,15.7874,-100,85.43,17.49,1.728241,1.375895,13.4088,0.0108
7029,-100,-45.0,30.0,4.75,13.0,-49.82,18.6506,-100,84.63,18.44,1.950404,1.585464,12.5859,0.0194
7030,-100,-45.0,30.0,5.0,1.0,-38.17,10.9054,-55,85.46,17.44,0.907828,0.853922,19.2951,0.0
7031,-100,-45.0,30.0,5.0,2.5,-41.27,11.0698,-60,85.13,17.84,1.019515,1.027301,18.8438,0.0
7032,-100,-45.0,30.0,5.0,4.0,-45.67,12.2951,-66,83.47,19.84,0.935173,0.824881,19.3704,0.0
7033,-100,-45.0,30.0,5.0,5.5,-46.41,12.2325,-74,83.77,19.48,1.215973,1.212465,17.8742,0.0
7034,-100,-45.0,30.0,5.0,7.0,-48.35,14.2118,-84,84.39,18.73,1.336708,1.297878,17.0813,0.0016
7035,-100,-45.0,30.0,5.0,8.5,-47.77,15.4406,-84,83.83,19.41,1.525367,1.220197,14.6305,0.0082
7036,-100,-45.0,30.0,5.0,10.0,-48.1,17.2406,-92,84.22,18.94,1.770896,1.517202,13.8863,0.0163
7039,-100,-45.0,40.0,1.0,1.0,,,,100.0,0.0,0.0,0.0,0.0,0.0
7040,-100,-45.0,40.0,1.0,2.5,,,,100.0,0.0,0.0,0.0,0.0,0.0
7041,-100,-45.0,40.0,1.0,4.0,,,,100.0,0.0,0.0,0.0,0.0,0.0
7042,-100,-45.0,40.0,1.0,5.5,,,,100.0,0.0,0.0,0.0,0.0,0.0
7037,-100,-45.0,30.0,5.0,11.5,-47.29,18.4897,-100,83.93,19.28,1.899602,1.550113,12.3794,0.0386
7043,-100,-45.0,40.0,1.0,7.0,,,,100.0,0.0,0.0,0.0,0.0,0.0
7038,-100,-45.0,30.0,5.0,13.0,-47.66,19.7312,-100,83.31,20.03,1.862924,1.607225,13.1535,0.0309
7044,-100,-45.0,40.0,1.0,8.5,,,,100.0,0.0,0.0,0.0,0.0,0.0
7045,-100,-45.0,40.0,1.0,10.0,-85.67,4.2647,-93,100.0,0.0,2.572833,2.197881,0.0057,0.0
7046,-100,-45.0,40.0,1.0,11.5,-85.44,10.0738,-100,99.98,0.02,2.516022,0.76094,0.0222,0.0
7047,-100,-45.0,40.0,1.0,13.0,-83.4,10.9682,-100,99.94,0.07,2.777749,1.006857,0.0462,0.0001
7048,-100,-45.0,40.0,1.25,1.0,,,,100.0,0.0,0.0,0.0,0.0,0.0
7049,-100,-45.0,40.0,1.25,2.5,,,,100.0,0.0,0.0,0.0,0.0,0.0
7050,-100,-45.0,40.0,1.25,4.0,,,,100.0,0.0,0.0,0.0,0.0,0.0
7051,-100,-45.0,40.0,1.25,5.5,,,,100.0,0.0,0.0,0.0,0.0,0.0
7052,-100,-45.0,40.0,1.25,7.0,,,,100.0,0.0,0.0,0.0,0.0,0.0
7053,-100,-45.0,40.0,1.25,8.5,-72.0,0.0,-72,100.0,0.0,3.289786,0.0,0.0024,0.0
7054,-100,-45.0,40.0,1.25,10.0,-75.48,8.0243,-88,99.99,0.01,3.113103,0.788801,0.0151,0.0
7055,-100,-45.0,40.0,1.25,11.5,-79.69,10.6271,-100,99.95,0.06,2.854226,1.111706,0.0816,0.0
7057,-100,-45.0,40.0,1.5,1.0,,,,100.0,0.0,0.0,0.0,0.0,0.0
7056,-100,-45.0,40.0,1.25,13.0,-85.25,11.6919,-100,99.87,0.15,3.084599,1.040339,0.118,0.0
7058,-100,-45.0,40.0,1.5,2.5,,,,100.0,0.0,0.0,0.0,0.0,0.0
7059,-100,-45.0,40.0,1.5,4.0,,,,100.0,0.0,0.0,0.0,0.0,0.0
7060,-100,-45.0,40.0,1.5,5.5,,,,100.0,0.0,0.0,0.0,0.0,0.0
7061,-100,-45.0,40.0,1.5,7.0,-69.0,0.0,-69,100.0,0.0,3.146154,0.0,0.0024,0.0
7062,-100,-45.0,40.0,1.5,8.5,-76.05,8.2802,-85,99.99,0.01,3.046575,1.041885,0.0238,0.0
7063,-100,-45.0,40.0,1.5,10.0,-76.29,10.1512,-97,99.96,0.04,4.328432,1.943976,0.0769,0.0
7064,-100,-45.0,40.0,1.5,11.5,-81.71,11.7683,-100,99.88,0.15,3.535264,1.321882,0.219,0.0
7065,-100,-45.0,40.0,1.5,13.0,-80.03,12.4447,-100,99.66,0.41,2.903371,1.315722,0.4671,0.0001
7067,-100,-45.0,40.0,1.75,2.5,,,,100.0,0.0,0.0,0.0,0.0,0.0
7066,-100,-45.0,40.0,1.75,1.0,,,,100.0,0.0,0.0,0.0,0.0,0.0
7068,-100,-45.0,40.0,1.75,4.0,,,,100.0,0.0,0.0,0.0,0.0,0.0
7069,-100,-45.0,40.0,1.75,5.5,,,,100.0,0.0,0.0,0.0,0.0,0.0
7070,-100,-45.0,40.0,1.75,7.0,-65.77,6.2407,-76,99.99,0.01,3.472611,0.877295,0.0316,0.0
7071,-100,-45.0,40.0,1.75,8.5,-75.49,10.6729,-89,99.96,0.04,3.608381,0.904967,0.0957,0.0
7072,-100,-45.0,40.0,1.75,10.0,-76.93,10.3766,-100,99.89,0.13,3.633428,1.133017,0.2216,0.0
7073,-100,-45.0,40.0,1.75,11.5,-78.96,11.8589,-100,99.73,0.33,3.487524,1.367102,0.4627,0.0
7074,-100,-45.0,40.0,1.75,13.0,-76.93,13.2312,-100,99.32,0.81,3.43733,1.048837,0.8406,0.0003
7075,-100,-45.0,40.0,2.0,1.0,,,,100.0,0.0,0.0,0.0,0.0,0.0
7076,-100,-45.0,40.0,2.0,2.5,,,,100.0,0.0,0.0,0.0,0.0,0.0
7077,-100,-45.0,40.0,2.0,4.0,,,,100.0,0.0,0.0,0.0,0.0,0.0
7078,-100,-45.0,40.0,2.0,5.5,,,,100.0,0.0,0.0,0.0,0.0,0.0
7079,-100,-45.0,40.0,2.0,7.0,-68.08,6.8065,-78,99.98,0.02,4.312825,2.373508,0.0348,0.0
7080,-100,-45.0,40.0,2.0,8.5,-72.3,9.6889,-90,99.9,0.12,5.141633,1.21763,0.2524,0.0
7082,-100,-45.0,40.0,2.0,11.5,-75.03,12.4632,-100,99.03,1.16,2.869409,1.307622,1.9179,0.0002
7081,-100,-45.0,40.0,2.0,10.0,-76.4,10.9174,-100,99.6,0.48,3.425486,1.283991,0.8047,0.0
7083,-100,-45.0,40.0,2.0,13.0,-75.08,13.5259,-100,98.95,1.26,3.589373,1.748082,1.2315,0.0006
7084,-100,-45.0,40.0,2.25,1.0,,,,100.0,0.0,0.0,0.0,0.0,0.0
7085,-100,-45.0,40.0,2.25,2.5,,,,100.0,0.0,0.0,0.0,0.0,0.0
7086,-100,-45.0,40.0,2.25,4.0,-55.57,2.9207,-61,99.99,0.01,4.307048,1.03985,0.051,0.0
7087,-100,-45.0,40.0,2.25,5.5,-63.68,6.3333,-74,99.94,0.07,3.765045,1.463887,0.1988,0.0
7088,-100,-45.0,40.0,2.25,7.0,-63.44,7.626,-82,99.83,0.21,4.504662,1.206072,0.5701,0.0
7089,-100,-45.0,40.0,2.25,8.5,-68.68,8.9511,-89,99.72,0.34,4.317499,1.594807,0.6938,0.0
7090,-100,-45.0,40.0,2.25,10.0,-73.05,10.6827,-95,99.02,1.17,3.200679,1.23224,2.0719,0.0001
7091,-100,-45.0,40.0,2.25,11.5,-74.46,12.7678,-100,98.74,1.51,3.223775,1.460233,2.3372,0.0004
7092,-100,-45.0,40.0,2.25,13.0,-71.85,13.9375,-100,97.8,2.64,3.21881,1.453184,2.9374,0.0012
7093,-100,-45.0,40.0,2.5,1.0,,,,100.0,0.0,0.0,0.0,0.0,0.0
7094,-100,-45.0,40.0,2.5,2.5,-58.41,2.9966,-62,100.0,0.0,4.00274,1.173873,0.0147,0.0
7095,-100,-45.0,40.0,2.5,4.0,-58.81,4.1523,-67,99.84,0.19,2.234965,1.466659,0.5613,0.0
7096,-100,-45.0,40.0,2.5,5.5,-58.87,5.8554,-70,99.76,0.29,3.403175,1.452921,0.9486,0.0
7097,-100,-45.0,40.0,2.5,7.0,-63.43,7.845,-82,99.3,0.84,3.527227,1.858868,2.2452,0.0
7098,-100,-45.0,40.0,2.5,8.5,-69.71,9.3807,-93,98.82,1.42,3.060696,1.252729,2.8296,0.0
7099,-100,-45.0,40.0,2.5,10.0,-69.89,11.6794,-100,98.43,1.88,3.424097,1.200522,2.9249,0.0
7100,-100,-45.0,40.0,2.5,11.5,-70.57,13.2796,-100,97.86,2.57,3.412861,0.939431,3.1161,0.0007
7101,-100,-45.0,40.0,2.5,13.0,-70.04,14.135,-100,97.26,3.29,3.531299,1.870347,3.7068,0.0028
7103,-100,-45.0,40.0,2.75,2.5,-52.02,2.8633,-58,99.73,0.33,6.027961,1.531492,1.1425,0.0
7102,-100,-45.0,40.0,2.75,1.0,-51.77,1.7433,-54,99.98,0.02,5.308975,1.718188,0.059,0.0
7104,-100,-45.0,40.0,2.75,4.0,-55.16,4.4016,-66,99.44,0.68,3.812142,1.1347,2.0572,0.0
7105,-100,-45.0,40.0,2.75,5.5,-58.25,6.2218,-76,99.01,1.19,2.771191,0.960769,2.8865,0.0
7106,-100,-45.0,40.0,2.75,7.0,-62.11,7.7751,-84,98.41,1.91,2.723594,1.377715,3.8913,0.0
7107,-100,-45.0,40.0,2.75,8.5,-67.17,9.5224,-87,97.34,3.19,2.238086,2.203822,6.9748,0.0
7108,-100,-45.0,40.0,2.75,10.0,-67.11,11.8732,-100,97.42,3.1,3.438236,1.23765,3.8804,0.0003
7109,-100,-45.0,40.0,2.75,11.5,-66.81,12.7019,-100,96.76,3.88,3.316987,1.053523,4.015,0.0016
7110,-100,-45.0,40.0,2.75,13.0,-66.49,14.2819,-100,96.19,4.57,3.592309,2.056326,4.1966,0.0049
7111,-100,-45.0,40.0,3.0,1.0,-46.31,1.7066,-52,98.31,2.03,1.094396,0.971546,7.1569,0.0
7112,-100,-45.0,40.0,3.0,2.5,-52.86,3.5492,-63,98.71,1.55,2.335777,1.337314,4.4885,0.0
7113,-100,-45.0,40.0,3.0,4.0,-52.23,5.9563,-67,98.17,2.19,1.560989,1.10803,5.9813,0.0
7114,-100,-45.0,40.0,3.0,5.5,-57.87,6.2955,-72,97.93,2.49,2.529751,1.355924,5.2912,0.0
7115,-100,-45.0,40.0,3.0,7.0,-62.02,8.5364,-83,97.54,2.95,2.923866,1.725354,5.2469,0.0
7116,-100,-45.0,40.0,3.0,8.5,-62.6,10.7639,-92,96.79,3.85,2.732933,1.552789,6.1959,0.0
7117,-100,-45.0,40.0,3.0,10.0,-63.27,12.3743,-100,95.19,5.78,2.330566,1.594105,8.5131,0.0011
7119,-100,-45.0,40.0,3.0,13.0,-64.34,15.4763,-100,94.49,6.61,3.033341,1.964273,6.7632,0.0036
7118,-100,-45.0,40.0,3.0,11.5,-64.92,14.2484,-100,94.61,6.47,2.500205,1.613874,8.0237,0.0028
7120,-100,-45.0,40.0,3.25,1.0,-45.54,3.619,-52,95.75,5.1,0.69709,0.76716,12.8532,0.0
7121,-100,-45.0,40.0,3.25,2.5,-49.7,3.9363,-62,96.61,4.07,1.065474,1.181948,10.9977,0.0
7122,-100,-45.0,40.0,3.25,4.0,-53.25,5.7277,-64,95.75,5.1,1.229945,1.124348,11.0828,0.0
7123,-100,-45.0,40.0,3.25,5.5,-55.26,7.7869,-73,96.29,4.45,1.949529,1.839802,9.5621,0.0
7124,-100,-45.0,40.0,3.25,7.0,-57.72,8.8291,-81,95.46,5.45,2.175118,1.451749,8.2604,0.0
7125,-100,-45.0,40.0,3.25,8.5,-61.95,11.3442,-94,94.12,7.06,1.948942,2.031072,11.2539,0.0003
7127,-100,-45.0,40.0,3.25,11.5,-61.53,14.1506,-100,94.36,6.76,3.122331,1.515172,5.9065,0.0032
7126,-100,-45.0,40.0,3.25,10.0,-61.34,12.7878,-95,93.91,7.31,2.339094,1.329916,8.2447,0.0016
7128,-100,-45.0,40.0,3.25,13.0,-61.47,15.4617,-100,92.21,9.35,2.560435,2.136952,10.2825,0.0059
7129,-100,-45.0,40.0,3.5,1.0,-45.99,5.1649,-56,94.8,6.25,0.831384,1.02617,14.039,0.0
7131,-100,-45.0,40.0,3.5,4.0,-50.59,6.8594,-65,93.72,7.54,1.199241,1.372377,13.6139,0.0
7130,-100,-45.0,40.0,3.5,2.5,-47.77,4.2529,-60,94.11,7.07,1.098047,1.431869,14.2351,0.0
7132,-100,-45.0,40.0,3.5,5.5,-55.47,8.0717,-75,94.27,6.88,1.680853,1.827898,12.0616,0.0
7133,-100,-45.0,40.0,3.5,7.0,-55.81,9.3839,-80,92.62,8.85,1.621192,1.545958,13.2573,0.0
7134,-100,-45.0,40.0,3.5,8.5,-58.35,11.3946,-92,91.72,9.94,1.726243,1.376816,12.853,0.0006
7135,-100,-45.0,40.0,3.5,10.0,-58.34,13.0152,-100,91.74,9.91,2.199941,1.853518,10.6182,0.0019
7136,-100,-45.0,40.0,3.5,11.5,-58.88,14.725,-100,91.41,10.31,2.399587,1.63899,9.7977,0.0066
7137,-100,-45.0,40.0,3.5,13.0,-57.81,15.8828,-100,91.63,10.04,2.935212,1.822491,6.943,0.0127
7138,-100,-45.0,40.0,3.75,1.0,-44.05,5.1522,-56,91.56,10.12,0.747491,0.729675,16.9897,0.0
7139,-100,-45.0,40.0,3.75,2.5,-46.39,5.4374,-59,91.16,10.6,0.919186,0.922516,16.5338,0.0
7140,-100,-45.0,40.0,3.75,4.0,-49.28,6.801,-69,91.06,10.73,1.082104,1.215524,16.426,0.0
7141,-100,-45.0,40.0,3.75,5.5,-53.44,8.5318,-73,91.76,9.89,1.522096,1.346668,13.0758,0.0
7142,-100,-45.0,40.0,3.75,7.0,-56.43,10.2817,-85,90.33,11.61,1.439038,1.571668,15.0687,0.0001
7143,-100,-45.0,40.0,3.75,8.5,-56.52,12.6512,-89,90.8,11.04,1.761193,1.62359,13.0795,0.0009
7144,-100,-45.0,40.0,3.75,10.0,-55.1,13.575,-100,88.58,13.71,1.74188,1.782165,14.528,0.0051
7145,-100,-45.0,40.0,3.75,11.5,-55.26,15.583,-100,88.33,14.0,2.060205,1.639648,12.7424,0.0131
7146,-100,-45.0,40.0,3.75,13.0,-55.8,16.918,-100,87.78,14.66,2.095283,1.838196,12.6985,0.0151
7147,-100,-45.0,40.0,4.0,1.0,-43.45,5.8612,-55,87.19,15.37,0.530217,0.714957,21.4904,0.0
7148,-100,-45.0,40.0,4.0,2.5,-44.0,6.2186,-61,89.69,12.37,0.850925,1.036783,18.3892,0.0
7149,-100,-45.0,40.0,4.0,4.0,-47.5,8.6557,-68,89.04,13.15,1.197525,1.083242,16.1994,0.0
7150,-100,-45.0,40.0,4.0,5.5,-51.73,9.4286,-76,88.8,13.44,1.407431,1.280257,15.3244,0.0
7151,-100,-45.0,40.0,4.0,7.0,-53.04,11.7175,-81,88.31,14.03,1.466934,1.846889,16.807,0.0001
7152,-100,-45.0,40.0,4.0,8.5,-53.16,13.0544,-90,87.23,15.32,1.541683,1.623029,16.2221,0.0041
7153,-100,-45.0,40.0,4.0,10.0,-53.16,15.1679,-98,88.2,14.16,1.952111,1.697893,12.9333,0.0045
7154,-100,-45.0,40.0,4.0,11.5,-52.59,15.6194,-100,87.28,15.27,2.160027,1.546642,10.5918,0.0144
7155,-100,-45.0,40.0,4.0,13.0,-53.09,17.3303,-100,86.32,16.42,2.058074,1.777673,13.2716,0.0226
7156,-100,-45.0,40.0,4.25,1.0,-40.87,7.2172,-53,87.82,14.62,0.812402,0.719102,18.8434,0.0
7157,-100,-45.0,40.0,4.25,2.5,-44.39,8.0492,-63,87.18,15.39,0.924029,1.199821,19.0057,0.0
7158,-100,-45.0,40.0,4.25,4.0,-45.88,9.5642,-70,86.88,15.74,1.21107,1.219487,17.398,0.0
7159,-100,-45.0,40.0,4.25,5.5,-49.93,10.705,-74,85.62,17.26,1.186134,1.336153,18.2262,0.0002
7160,-100,-45.0,40.0,4.25,7.0,-50.29,11.9748,-83,85.82,17.01,1.500886,1.228332,15.4641,0.0013
7161,-100,-45.0,40.0,4.25,8.5,-49.62,13.9477,-91,85.06,17.92,1.544251,1.413042,14.9778,0.006
7162,-100,-45.0,40.0,4.25,10.0,-50.48,15.4959,-94,86.36,16.36,1.946686,1.520943,12.5761,0.0184
7163,-100,-45.0,40.0,4.25,11.5,-50.13,17.335,-100,85.46,17.45,2.053062,1.677774,12.2576,0.0303
7164,-100,-45.0,40.0,4.25,13.0,-49.35,17.5499,-100,84.62,18.46,2.135475,1.699787,11.291,0.0311
7165,-100,-45.0,40.0,4.5,1.0,-39.96,9.1041,-54,84.55,18.54,0.816854,0.798145,20.3153,0.0
7166,-100,-45.0,40.0,4.5,2.5,-42.84,8.6533,-63,83.88,19.35,0.898877,0.857187,19.8338,0.0
7167,-100,-45.0,40.0,4.5,4.0,-45.81,10.4004,-67,84.67,18.4,1.137985,1.017749,17.7519,0.0
7168,-100,-45.0,40.0,4.5,5.5,-47.88,11.7344,-77,85.35,17.59,1.437269,1.381824,16.1415,0.0013
7169,-100,-45.0,40.0,4.5,7.0,-47.36,13.6556,-78,85.13,17.85,1.694063,1.329203,13.443,0.004
7170,-100,-45.0,40.0,4.5,8.5,-47.08,13.6012,-82,82.13,21.45,1.453736,1.645823,16.8224,0.0146
7171,-100,-45.0,40.0,4.5,10.0,-47.48,16.3452,-93,83.56,19.73,1.765357,1.424465,13.9083,0.0229
7172,-100,-45.0,40.0,4.5,11.5,-47.94,17.591,-100,83.99,19.21,1.963074,1.431427,11.5903,0.0279
7173,-100,-45.0,40.0,4.5,13.0,-46.67,18.428,-100,82.17,21.4,1.86666,1.698995,13.7147,0.0415
7175,-100,-45.0,40.0,4.75,2.5,-38.48,12.7133,-59,83.56,19.72,1.05487,1.122544,19.2227,0.0
7174,-100,-45.0,40.0,4.75,1.0,-37.92,10.3656,-53,80.84,22.98,0.712921,0.701961,22.1098,0.0
7176,-100,-45.0,40.0,4.75,4.0,-44.21,10.9871,-69,82.8,20.64,1.19907,1.316871,18.5615,0.0002
7177,-100,-45.0,40.0,4.75,5.5,-44.52,12.3597,-73,80.65,23.22,1.212902,1.186707,17.3794,0.0006
7178,-100,-45.0,40.0,4.75,7.0,-44.37,13.7681,-87,81.74,21.92,1.429959,1.297695,15.6899,0.0084
7179,-100,-45.0,40.0,4.75,8.5,-44.83,15.781,-88,81.59,22.1,1.551178,1.445952,14.6934,0.0096
7180,-100,-45.0,40.0,4.75,10.0,-44.58,16.8067,-97,81.18,22.58,1.639711,1.730229,15.469,0.0317
7181,-100,-45.0,40.0,4.75,11.5,-44.87,18.052,-100,81.42,22.29,1.776608,1.459923,12.5752,0.0288
7182,-100,-45.0,40.0,4.75,13.0,-44.11,18.4163,-100,80.63,23.24,1.702705,1.493345,12.3504,0.0379
7183,-100,-45.0,40.0,5.0,1.0,-38.11,10.6866,-54,79.19,24.97,0.871791,0.651365,19.319,0.0
7184,-100,-45.0,40.0,5.0,2.5,-40.85,11.8469,-62,80.74,23.11,0.979302,1.090361,19.6839,0.0
7185,-100,-45.0,40.0,5.0,4.0,-40.69,13.0848,-66,79.18,24.99,1.05586,0.844057,17.3226,0.0
7192,-100,-45.0,50.0,1.0,1.0,,,,100.0,0.0,0.0,0.0,0.0,0.0
7186,-100,-45.0,40.0,5.0,5.5,-41.39,13.1527,-74,79.15,25.03,1.230067,1.201281,16.5042,0.0028
7187,-100,-45.0,40.0,5.0,7.0,-41.55,14.2119,-82,78.74,25.51,1.236703,1.251664,16.0491,0.0149
7193,-100,-45.0,50.0,1.0,2.5,,,,100.0,0.0,0.0,0.0,0.0,0.0
7188,-100,-45.0,40.0,5.0,8.5,-41.45,16.5549,-93,80.14,23.83,1.53425,1.425997,14.05,0.024
7189,-100,-45.0,40.0,5.0,10.0,-41.63,17.0356,-91,79.89,24.13,1.537251,1.343782,13.1171,0.0287
7194,-100,-45.0,50.0,1.0,4.0,,,,100.0,0.0,0.0,0.0,0.0,0.0
7195,-100,-45.0,50.0,1.0,5.5,,,,100.0,0.0,0.0,0.0,0.0,0.0
7190,-100,-45.0,40.0,5.0,11.5,-40.92,18.127,-100,79.66,24.4,1.636154,1.383174,11.8922,0.0598
7191,-100,-45.0,40.0,5.0,13.0,-41.58,19.2933,-100,80.32,23.61,1.70354,1.433152,11.6339,0.0687
7196,-100,-45.0,50.0,1.0,7.0,,,,100.0,0.0,0.0,0.0,0.0,0.0
7198,-100,-45.0,50.0,1.0,10.0,-75.27,6.8735,-87,99.99,0.01,1.616832,0.692277,0.0267,0.0
7197,-100,-45.0,50.0,1.0,8.5,,,,100.0,0.0,0.0,0.0,0.0,0.0
7199,-100,-45.0,50.0,1.0,11.5,-80.45,10.2424,-100,99.98,0.03,2.793288,1.546693,0.0482,0.0
7200,-100,-45.0,50.0,1.0,13.0,-84.62,11.0561,-100,99.93,0.09,3.032079,1.461968,0.0598,0.0001
7202,-100,-45.0,50.0,1.25,2.5,,,,100.0,0.0,0.0,0.0,0.0,0.0
7201,-100,-45.0,50.0,1.25,1.0,,,,100.0,0.0,0.0,0.0,0.0,0.0
7203,-100,-45.0,50.0,1.25,4.0,,,,100.0,0.0,0.0,0.0,0.0,0.0
7204,-100,-45.0,50.0,1.25,5.5,,,,100.0,0.0,0.0,0.0,0.0,0.0
7205,-100,-45.0,50.0,1.25,7.0,,,,100.0,0.0,0.0,0.0,0.0,0.0
7206,-100,-45.0,50.0,1.25,8.5,-70.61,5.3385,-77,100.0,0.01,3.191368,0.89043,0.0147,0.0
7207,-100,-45.0,50.0,1.25,10.0,-83.23,10.333,-100,99.99,0.02,2.91887,1.012153,0.0331,0.0
7208,-100,-45.0,50.0,1.25,11.5,-79.54,11.0528,-100,99.94,0.07,2.977284,0.845528,0.1167,0.0
7210,-100,-45.0,50.0,1.5,1.0,,,,100.0,0.0,0.0,0.0,0.0,0.0
7209,-100,-45.0,50.0,1.25,13.0,-81.41,12.9072,-100,99.8,0.24,3.115169,1.06055,0.2202,0.0
7211,-100,-45.0,50.0,1.5,2.5,,,,100.0,0.0,0.0,0.0,0.0,0.0
7212,-100,-45.0,50.0,1.5,4.0,,,,100.0,0.0,0.0,0.0,0.0,0.0
7213,-100,-45.0,50.0,1.5,5.5,,,,100.0,0.0,0.0,0.0,0.0,0.0
7214,-100,-45.0,50.0,1.5,7.0,-73.0,0.0,-73,100.0,0.0,3.586973,0.0,0.0024,0.0
7215,-100,-45.0,50.0,1.5,8.5,-70.87,8.5511,-92,99.99,0.01,3.71429,2.112148,0.0201,0.0
7216,-100,-45.0,50.0,1.5,10.0,-74.51,10.2754,-98,99.92,0.1,3.531238,1.215189,0.1626,0.0
7217,-100,-45.0,50.0,1.5,11.5,-79.06,11.5904,-100,99.79,0.26,2.883429,1.182045,0.3387,0.0
7219,-100,-45.0,50.0,1.75,1.0,,,,100.0,0.0,0.0,0.0,0.0,0.0
7218,-100,-45.0,50.0,1.5,13.0,-79.55,12.3623,-100,99.61,0.47,3.62694,1.713753,0.4178,0.0004
7220,-100,-45.0,50.0,1.75,2.5,,,,100.0,0.0,0.0,0.0,0.0,0.0
7221,-100,-45.0,50.0,1.75,4.0,,,,100.0,0.0,0.0,0.0,0.0,0.0
7222,-100,-45.0,50.0,1.75,5.5,,,,100.0,0.0,0.0,0.0,0.0,0.0
7223,-100,-45.0,50.0,1.75,7.0,-70.48,6.7152,-79,99.99,0.02,6.596296,2.364186,0.0465,0.0
7224,-100,-45.0,50.0,1.75,8.5,-74.71,7.9794,-92,99.95,0.06,2.98266,1.126942,0.1121,0.0
7225,-100,-45.0,50.0,1.75,10.0,-75.31,10.5107,-100,99.77,0.27,3.3902,1.327405,0.4514,0.0
7226,-100,-45.0,50.0,1.75,11.5,-76.0,12.1428,-100,99.56,0.53,3.641006,1.3837,0.6037,0.0001
7227,-100,-45.0,50.0,1.75,13.0,-76.64,13.4734,-100,98.78,1.46,2.676947,1.452702,1.9965,0.0011
7228,-100,-45.0,50.0,2.0,1.0,,,,100.0,0.0,0.0,0.0,0.0,0.0
7229,-100,-45.0,50.0,2.0,2.5,-60.0,0.0,-60,100.0,0.0,1.583624,0.0,0.0024,0.0
7230,-100,-45.0,50.0,2.0,4.0,,,,100.0,0.0,0.0,0.0,0.0,0.0
7231,-100,-45.0,50.0,2.0,5.5,-61.65,6.3959,-77,99.92,0.1,2.662163,0.655529,0.3446,0.0
7232,-100,-45.0,50.0,2.0,7.0,-67.95,7.8254,-79,99.91,0.1,3.473587,0.911413,0.2617,0.0
7233,-100,-45.0,50.0,2.0,8.5,-73.4,9.7208,-97,99.7,0.36,3.118327,1.497042,0.9358,0.0
7234,-100,-45.0,50.0,2.0,10.0,-73.37,10.4882,-96,99.58,0.5,3.733874,1.317894,0.7434,0.0001
7235,-100,-45.0,50.0,2.0,11.5,-73.53,12.8846,-100,98.94,1.28,3.195758,1.564411,2.4028,0.0004
7236,-100,-45.0,50.0,2.0,13.0,-74.29,13.7306,-100,98.73,1.52,3.891339,1.633391,1.2325,0.0017
7238,-100,-45.0,50.0,2.25,2.5,-54.33,0.4714,-55,100.0,0.0,1.578065,0.272822,0.0073,0.0
7237,-100,-45.0,50.0,2.25,1.0,,,,100.0,0.0,0.0,0.0,0.0,0.0
7239,-100,-45.0,50.0,2.25,4.0,-60.99,4.5364,-66,99.98,0.02,3.510301,0.853743,0.0631,0.0
7240,-100,-45.0,50.0,2.25,5.5,-63.03,5.3413,-71,99.91,0.11,2.986938,1.342301,0.2801,0.0
7242,-100,-45.0,50.0,2.25,8.5,-68.21,9.1852,-95,99.25,0.9,3.57595,1.073416,1.6814,0.0
7241,-100,-45.0,50.0,2.25,7.0,-64.72,7.4365,-80,99.31,0.82,2.317475,1.21012,2.3175,0.0
7243,-100,-45.0,50.0,2.25,10.0,-70.32,10.8795,-98,98.87,1.36,3.811209,1.185791,1.9712,0.0002
7244,-100,-45.0,50.0,2.25,11.5,-70.76,12.8234,-100,98.31,2.03,3.983136,1.398881,2.1897,0.0004
7245,-100,-45.0,50.0,2.25,13.0,-70.36,14.0793,-100,97.3,3.24,3.27263,1.227063,3.172,0.0032
7246,-100,-45.0,50.0,2.5,1.0,-52.75,1.5248,-54,99.99,0.02,2.191485,0.745498,0.0534,0.0
7247,-100,-45.0,50.0,2.5,2.5,-53.98,2.1817,-59,99.97,0.04,2.979722,0.93827,0.1084,0.0
7248,-100,-45.0,50.0,2.5,4.0,-55.92,4.133,-64,99.68,0.39,3.211875,0.852572,1.2775,0.0
7249,-100,-45.0,50.0,2.5,5.5,-58.44,5.7043,-73,99.55,0.54,3.726614,1.132943,1.2866,0.0
7250,-100,-45.0,50.0,2.5,7.0,-62.79,7.9943,-86,98.64,1.64,2.441568,1.579725,4.0941,0.0
7251,-100,-45.0,50.0,2.5,8.5,-67.65,9.6562,-94,98.1,2.28,2.750461,1.430365,3.7915,0.0001
7252,-100,-45.0,50.0,2.5,10.0,-67.48,11.5916,-99,98.38,1.94,4.242416,2.36499,2.1234,0.0004
7255,-100,-45.0,50.0,2.75,1.0,-48.58,1.3427,-54,99.36,0.77,2.080768,0.766805,2.2125,0.0
7253,-100,-45.0,50.0,2.5,11.5,-66.87,12.6418,-100,97.49,3.01,3.960993,1.565185,2.9116,0.0022
7254,-100,-45.0,50.0,2.5,13.0,-67.79,14.5642,-100,96.18,4.58,3.271514,1.489091,4.7519,0.003
7256,-100,-45.0,50.0,2.75,2.5,-51.98,2.8178,-59,99.77,0.28,6.132667,1.439807,0.8587,0.0
7257,-100,-45.0,50.0,2.75,4.0,-53.77,5.0083,-66,99.05,1.14,3.286124,1.509343,2.971,0.0
7259,-100,-45.0,50.0,2.75,7.0,-62.08,8.369,-86,97.57,2.92,2.920419,1.266143,4.6097,0.0
7258,-100,-45.0,50.0,2.75,5.5,-58.6,6.659,-82,97.94,2.47,2.403621,1.447588,5.2998,0.0
7260,-100,-45.0,50.0,2.75,8.5,-64.45,10.2804,-94,97.3,3.24,3.058342,1.653484,5.0285,0.0002
7261,-100,-45.0,50.0,2.75,10.0,-64.08,11.8588,-95,96.58,4.1,3.046244,1.653567,5.3805,0.0012
7262,-100,-45.0,50.0,2.75,11.5,-64.97,14.051,-100,95.46,5.44,2.870867,1.195818,5.6869,0.002
7264,-100,-45.0,50.0,3.0,1.0,-51.27,1.974,-58,98.9,1.32,2.119146,1.457715,4.3483,0.0
7263,-100,-45.0,50.0,2.75,13.0,-64.65,15.3022,-100,94.77,6.27,3.202897,1.742343,5.3226,0.0069
7265,-100,-45.0,50.0,3.0,2.5,-51.19,3.4814,-62,97.58,2.9,1.821022,1.16222,7.0139,0.0
7266,-100,-45.0,50.0,3.0,4.0,-53.43,5.5207,-69,96.78,3.86,1.693879,1.084754,7.9877,0.0
7267,-100,-45.0,50.0,3.0,5.5,-56.12,6.7621,-74,96.55,4.14,2.268803,1.473291,7.3709,0.0
7268,-100,-45.0,50.0,3.0,7.0,-59.94,8.8072,-84,95.94,4.88,2.033055,1.268554,7.7184,0.0
7269,-100,-45.0,50.0,3.0,8.5,-61.62,11.2375,-97,95.61,5.27,2.304726,1.969092,7.7827,0.0
7270,-100,-45.0,50.0,3.0,10.0,-61.68,12.6075,-96,94.06,7.12,2.278174,1.695,9.6194,0.0017
7271,-100,-45.0,50.0,3.0,11.5,-61.45,13.9982,-100,94.25,6.9,3.105859,1.508217,6.1581,0.007
7272,-100,-45.0,50.0,3.0,13.0,-61.11,15.6403,-100,92.6,8.88,2.806998,1.654783,7.2627,0.0088
7273,-100,-45.0,50.0,3.25,1.0,-45.81,3.199,-52,94.26,6.89,0.893686,0.717471,13.2343,0.0
7274,-100,-45.0,50.0,3.25,2.5,-48.35,4.7948,-61,94.34,6.8,1.128234,1.309589,13.6984,0.0
7275,-100,-45.0,50.0,3.25,4.0,-52.93,6.4221,-68,94.57,6.52,1.578729,1.522031,11.8787,0.0
7276,-100,-45.0,50.0,3.25,5.5,-54.98,8.24,-78,94.16,7.01,1.612235,1.400541,11.8632,0.0
7277,-100,-45.0,50.0,3.25,7.0,-58.49,10.0841,-82,94.75,6.31,2.378496,2.197927,9.1145,0.0001
7278,-100,-45.0,50.0,3.25,8.5,-58.12,10.9061,-92,91.92,9.69,1.79109,1.864937,13.5208,0.001
7279,-100,-45.0,50.0,3.25,10.0,-59.17,14.106,-100,93.53,7.76,2.702303,1.666519,8.2608,0.0022
7280,-100,-45.0,50.0,3.25,11.5,-58.41,14.3936,-100,91.23,10.52,2.32803,1.505056,9.2715,0.0075
7281,-100,-45.0,50.0,3.25,13.0,-57.7,15.6819,-100,90.44,11.47,2.500733,1.452808,7.8771,0.0166
7282,-100,-45.0,50.0,3.5,1.0,-44.81,4.3246,-55,90.21,11.75,0.669285,0.774799,18.7904,0.0
7283,-100,-45.0,50.0,3.5,2.5,-45.88,6.3177,-60,91.52,10.17,0.868284,0.945271,16.6347,0.0
7284,-100,-45.0,50.0,3.5,4.0,-49.73,7.3124,-64,91.34,10.39,1.138278,1.25953,15.9975,0.0
7285,-100,-45.0,50.0,3.5,5.5,-53.22,8.3543,-75,90.45,11.46,1.382341,1.355099,15.4841,0.0
7286,-100,-45.0,50.0,3.5,7.0,-54.66,11.0243,-83,89.96,12.05,1.639774,1.488177,14.6172,0.0006
7287,-100,-45.0,50.0,3.5,8.5,-54.97,12.6491,-92,91.44,10.27,2.345194,1.912998,10.971,0.0031
7288,-100,-45.0,50.0,3.5,10.0,-55.8,13.9362,-100,90.09,11.9,2.17922,1.657157,11.2652,0.0074
7289,-100,-45.0,50.0,3.5,11.5,-55.58,15.4888,-100,88.68,13.58,2.162474,1.657549,11.7563,0.0121
7291,-100,-45.0,50.0,3.75,1.0,-43.17,6.066,-53,90.39,11.53,0.826011,0.943175,17.6378,0.0
7290,-100,-45.0,50.0,3.5,13.0,-55.38,16.22,-100,89.07,13.12,2.533191,1.712527,9.0162,0.0192
7292,-100,-45.0,50.0,3.75,2.5,-44.55,8.058,-59,88.57,13.71,0.903023,0.913265,18.2228,0.0
7293,-100,-45.0,50.0,3.75,4.0,-49.91,8.0309,-69,89.12,13.06,1.220634,1.145912,16.0785,0.0
7294,-100,-45.0,50.0,3.75,5.5,-51.33,9.5155,-71,89.18,12.99,1.597296,1.313399,14.1988,0.0001
7295,-100,-45.0,50.0,3.75,7.0,-51.89,12.3802,-86,87.87,14.56,1.551274,1.309323,14.929,0.0017
7296,-100,-45.0,50.0,3.75,8.5,-52.11,12.2702,-91,87.07,15.51,1.721728,2.000177,15.601,0.0026
7297,-100,-45.0,50.0,3.75,10.0,-52.77,14.1726,-100,87.38,15.15,1.986656,1.610827,12.8557,0.0089
7299,-100,-45.0,50.0,3.75,13.0,-52.19,16.7278,-100,86.44,16.27,2.305049,1.532739,10.1321,0.0378
7298,-100,-45.0,50.0,3.75,11.5,-52.21,15.8019,-100,86.71,15.95,2.180184,1.53697,10.9859,0.0247
7300,-100,-45.0,50.0,4.0,1.0,-40.64,7.5395,-54,86.32,16.41,0.946437,0.976972,18.9653,0.0
7301,-100,-45.0,50.0,4.0,2.5,-43.56,8.953,-57,85.73,17.12,1.037462,1.048324,18.7808,0.0
7302,-100,-45.0,50.0,4.0,4.0,-47.34,9.2574,-65,87.16,15.4,1.269904,1.22883,17.1749,0.0
7303,-100,-45.0,50.0,4.0,5.5,-49.79,10.6403,-74,85.36,17.57,1.34709,1.345785,16.9748,0.0001
7304,-100,-45.0,50.0,4.0,7.0,-49.16,12.4838,-83,85.78,17.06,1.635083,1.364124,14.5247,0.002
7306,-100,-45.0,50.0,4.0,10.0,-49.35,15.275,-89,85.28,17.67,1.950562,1.381805,11.476,0.0242
7305,-100,-45.0,50.0,4.0,8.5,-48.98,13.8813,-89,85.0,18.0,1.709761,1.595202,14.7977,0.0129
7307,-100,-45.0,50.0,4.0,11.5,-49.22,15.8599,-94,83.42,19.9,1.816565,1.798033,14.1138,0.0176
7308,-100,-45.0,50.0,4.0,13.0,-48.45,17.4728,-100,85.24,17.71,2.244897,1.867398,10.9223,0.0336
7309,-100,-45.0,50.0,4.25,1.0,-41.23,9.1788,-57,82.94,20.47,0.882591,0.828848,20.0082,0.0
7310,-100,-45.0,50.0,4.25,2.5,-43.79,9.5645,-59,83.42,19.89,0.989641,0.903034,19.1533,0.0
7311,-100,-45.0,50.0,4.25,4.0,-45.06,10.9634,-66,81.82,21.81,0.965419,0.985275,19.5997,0.0
7312,-100,-45.0,50.0,4.25,5.5,-46.29,12.1149,-77,82.98,20.43,1.334717,1.273742,16.6159,0.0028
7314,-100,-45.0,50.0,4.25,8.5,-46.38,14.6874,-87,83.77,19.48,1.799818,1.598238,13.8678,0.0155
7313,-100,-45.0,50.0,4.25,7.0,-45.68,13.2203,-80,82.66,20.81,1.507877,1.366136,15.6469,0.0037
7315,-100,-45.0,50.0,4.25,10.0,-45.81,15.7238,-91,82.37,21.16,1.798823,1.549448,13.2078,0.032
7316,-100,-45.0,50.0,4.25,11.5,-46.3,16.6953,-96,82.57,20.92,1.931891,1.400498,11.2852,0.0454
7317,-100,-45.0,50.0,4.25,13.0,-45.75,18.2175,-100,81.68,21.98,1.796499,1.712805,14.0392,0.0513
7318,-100,-45.0,50.0,4.5,1.0,-37.94,10.2647,-53,80.04,23.96,0.837083,0.756476,20.7439,0.0
7319,-100,-45.0,50.0,4.5,2.5,-40.88,11.2251,-60,80.9,22.92,1.116168,1.003428,18.041,0.0
7320,-100,-45.0,50.0,4.5,4.0,-42.74,11.6781,-65,81.86,21.77,1.297496,1.228905,16.5232,0.0009
7321,-100,-45.0,50.0,4.5,5.5,-43.23,12.141,-75,80.14,23.83,1.249967,1.184046,17.0471,0.0022
7323,-100,-45.0,50.0,4.5,8.5,-42.93,14.8253,-88,81.09,22.69,1.719596,1.302035,11.4572,0.0274
7322,-100,-45.0,50.0,4.5,7.0,-43.16,13.9158,-78,79.58,24.51,1.3466,1.208261,15.406,0.0142
7324,-100,-45.0,50.0,4.5,10.0,-42.51,16.3826,-86,80.02,23.97,1.641371,1.656739,14.718,0.0426
7326,-100,-45.0,50.0,4.5,13.0,-43.1,18.7287,-100,81.67,22.0,1.95542,1.389368,9.2351,0.0702
7325,-100,-45.0,50.0,4.5,11.5,-42.3,17.1341,-100,81.15,22.62,1.733036,1.531688,11.1991,0.0421
7327,-100,-45.0,50.0,4.75,1.0,-38.66,11.9884,-56,78.77,25.47,0.987253,0.930134,17.6785,0.0
7328,-100,-45.0,50.0,4.75,2.5,-39.79,11.9062,-61,78.29,26.05,1.036809,1.09047,18.5237,0.0003
7329,-100,-45.0,50.0,4.75,4.0,-39.45,12.4578,-65,78.67,25.6,1.243985,1.140929,16.1436,0.0079
7330,-100,-45.0,50.0,4.75,5.5,-39.47,13.9567,-71,78.45,25.86,1.318198,1.089242,13.7046,0.0211
7331,-100,-45.0,50.0,4.75,7.0,-39.76,15.0879,-77,78.94,25.28,1.47805,1.205393,12.6949,0.0269
7332,-100,-45.0,50.0,4.75,8.5,-40.19,15.0864,-83,79.24,24.91,1.553908,1.232565,11.9548,0.0447
7333,-100,-45.0,50.0,4.75,10.0,-40.09,16.9202,-92,79.96,24.05,1.742339,1.432926,11.0339,0.0718
7335,-100,-45.0,50.0,4.75,13.0,-39.48,18.1215,-100,81.13,22.64,1.846292,1.262466,7.851,0.0609
7334,-100,-45.0,50.0,4.75,11.5,-40.15,17.6824,-97,79.7,24.36,1.69199,1.375542,10.4984,0.0712
7336,-100,-45.0,50.0,5.0,1.0,-36.85,12.5203,-54,77.33,27.21,0.98478,0.904406,16.7803,0.0002
7337,-100,-45.0,50.0,5.0,2.5,-36.7,12.1896,-57,77.69,26.78,1.123687,0.956131,15.3173,0.001
7338,-100,-45.0,50.0,5.0,4.0,-36.76,13.7004,-64,77.64,26.83,1.205118,0.970044,13.8126,0.0058
7339,-100,-45.0,50.0,5.0,5.5,-36.52,13.5563,-69,76.78,27.86,1.212788,1.099679,13.3886,0.0245
7340,-100,-45.0,50.0,5.0,7.0,-37.24,14.6587,-75,78.77,25.48,1.478857,1.245795,11.1689,0.0356
7345,-100,-40.0,30.0,1.0,1.0,,,,100.0,0.0,0.0,0.0,0.0,0.0
7341,-100,-45.0,50.0,5.0,8.5,-36.95,16.7896,-82,78.26,26.1,1.484861,1.22673,10.8335,0.0652
7346,-100,-40.0,30.0,1.0,2.5,,,,100.0,0.0,0.0,0.0,0.0,0.0
7347,-100,-40.0,30.0,1.0,4.0,,,,100.0,0.0,0.0,0.0,0.0,0.0
7342,-100,-45.0,50.0,5.0,10.0,-36.83,17.4313,-87,79.24,24.91,1.584398,1.143826,9.1252,0.0579
7343,-100,-45.0,50.0,5.0,11.5,-36.16,19.0743,-88,79.7,24.37,1.66346,1.148895,7.8579,0.0978
7348,-100,-40.0,30.0,1.0,5.5,,,,100.0,0.0,0.0,0.0,0.0,0.0
7349,-100,-40.0,30.0,1.0,7.0,,,,100.0,0.0,0.0,0.0,0.0,0.0
7344,-100,-45.0,50.0,5.0,13.0,-36.76,18.7247,-100,79.66,24.41,1.668254,1.116169,8.1802,0.0975
7350,-100,-40.0,30.0,1.0,8.5,,,,100.0,0.0,0.0,0.0,0.0,0.0
7351,-100,-40.0,30.0,1.0,10.0,-69.0,0.0,-69,100.0,0.0,2.956903,0.0,0.0024,0.0
7352,-100,-40.0,30.0,1.0,11.5,-78.83,12.3769,-92,100.0,0.0,2.446001,0.936075,0.0057,0.0
7354,-100,-40.0,30.0,1.25,1.0,,,,100.0,0.0,0.0,0.0,0.0,0.0
7353,-100,-40.0,30.0,1.0,13.0,-81.65,9.7579,-100,99.99,0.01,2.943443,0.892643,0.0176,0.0
7355,-100,-40.0,30.0,1.25,2.5,,,,100.0,0.0,0.0,0.0,0.0,0.0
7356,-100,-40.0,30.0,1.25,4.0,,,,100.0,0.0,0.0,0.0,0.0,0.0
7357,-100,-40.0,30.0,1.25,5.5,,,,100.0,0.0,0.0,0.0,0.0,0.0
7358,-100,-40.0,30.0,1.25,7.0,,,,100.0,0.0,0.0,0.0,0.0,0.0
7359,-100,-40.0,30.0,1.25,8.5,,,,100.0,0.0,0.0,0.0,0.0,0.0
7360,-100,-40.0,30.0,1.25,10.0,-87.0,0.0,-87,100.0,0.0,2.899187,0.0,0.0024,0.0
7363,-100,-40.0,30.0,1.5,1.0,,,,100.0,0.0,0.0,0.0,0.0,0.0
7361,-100,-40.0,30.0,1.25,11.5,-83.6,8.4885,-99,99.99,0.01,3.609245,1.427613,0.0177,0.0
7362,-100,-40.0,30.0,1.25,13.0,-80.07,12.3216,-100,99.97,0.04,2.644613,1.620802,0.0598,0.0
7364,-100,-40.0,30.0,1.5,2.5,,,,100.0,0.0,0.0,0.0,0.0,0.0
7365,-100,-40.0,30.0,1.5,4.0,,,,100.0,0.0,0.0,0.0,0.0,0.0
7366,-100,-40.0,30.0,1.5,5.5,,,,100.0,0.0,0.0,0.0,0.0,0.0
7367,-100,-40.0,30.0,1.5,7.0,,,,100.0,0.0,0.0,0.0,0.0,0.0
7368,-100,-40.0,30.0,1.5,8.5,-77.5,1.5,-79,100.0,0.0,2.298175,0.082346,0.0049,0.0
7369,-100,-40.0,30.0,1.5,10.0,-77.5,8.6023,-91,100.0,0.0,2.2001,0.465952,0.0053,0.0
7371,-100,-40.0,30.0,1.5,13.0,-81.66,13.9985,-100,99.95,0.06,3.842097,1.800746,0.0604,0.0
7370,-100,-40.0,30.0,1.5,11.5,-80.4,11.789,-97,99.97,0.03,2.450011,1.271372,0.0642,0.0
7372,-100,-40.0,30.0,1.75,1.0,,,,100.0,0.0,0.0,0.0,0.0,0.0
7373,-100,-40.0,30.0,1.75,2.5,,,,100.0,0.0,0.0,0.0,0.0,0.0
7374,-100,-40.0,30.0,1.75,4.0,,,,100.0,0.0,0.0,0.0,0.0,0.0
7375,-100,-40.0,30.0,1.75,5.5,,,,100.0,0.0,0.0,0.0,0.0,0.0
7376,-100,-40.0,30.0,1.75,7.0,,,,100.0,0.0,0.0,0.0,0.0,0.0
7377,-100,-40.0,30.0,1.75,8.5,-69.65,7.874,-78,100.0,0.0,3.717539,2.19902,0.0128,0.0
7378,-100,-40.0,30.0,1.75,10.0,-78.13,8.7443,-86,99.99,0.01,3.836034,1.010758,0.0196,0.0
7379,-100,-40.0,30.0,1.75,11.5,-74.51,11.2584,-100,99.93,0.08,2.916103,1.096924,0.115,0.0
7380,-100,-40.0,30.0,1.75,13.0,-78.49,12.9133,-100,99.84,0.2,3.181345,1.114414,0.2891,0.0001
7381,-100,-40.0,30.0,2.0,1.0,,,,100.0,0.0,0.0,0.0,0.0,0.0
7382,-100,-40.0,30.0,2.0,2.5,,,,100.0,0.0,0.0,0.0,0.0,0.0
7383,-100,-40.0,30.0,2.0,4.0,,,,100.0,0.0,0.0,0.0,0.0,0.0
7384,-100,-40.0,30.0,2.0,5.5,,,,100.0,0.0,0.0,0.0,0.0,0.0
7385,-100,-40.0,30.0,2.0,7.0,-67.0,3.7712,-69,100.0,0.0,4.325081,2.498374,0.0053,0.0
7386,-100,-40.0,30.0,2.0,8.5,-67.01,7.9654,-87,99.98,0.03,2.677129,0.740613,0.0714,0.0
7387,-100,-40.0,30.0,2.0,10.0,-72.31,8.5805,-88,99.94,0.07,2.842693,0.918607,0.1651,0.0
7388,-100,-40.0,30.0,2.0,11.5,-79.09,12.0294,-98,99.89,0.13,3.663821,1.15746,0.1918,0.0
7389,-100,-40.0,30.0,2.0,13.0,-75.76,13.5283,-100,99.75,0.3,3.916806,1.764973,0.3271,0.0001
7390,-100,-40.0,30.0,2.25,1.0,,,,100.0,0.0,0.0,0.0,0.0,0.0
7391,-100,-40.0,30.0,2.25,2.5,,,,100.0,0.0,0.0,0.0,0.0,0.0
7392,-100,-40.0,30.0,2.25,4.0,,,,100.0,0.0,0.0,0.0,0.0,0.0
7393,-100,-40.0,30.0,2.25,5.5,-60.5,7.5443,-68,100.0,0.0,2.72253,0.416339,0.0146,0.0
7394,-100,-40.0,30.0,2.25,7.0,-69.57,10.9526,-86,99.99,0.01,2.862873,0.850799,0.0139,0.0
7395,-100,-40.0,30.0,2.25,8.5,-68.55,9.5661,-86,99.96,0.05,3.400262,0.945921,0.112,0.0
7396,-100,-40.0,30.0,2.25,10.0,-70.79,10.5742,-92,99.8,0.24,4.267012,1.561123,0.6344,0.0
7397,-100,-40.0,30.0,2.25,11.5,-76.17,12.0121,-100,99.78,0.26,4.439158,2.106729,0.3444,0.0
7399,-100,-40.0,30.0,2.5,1.0,,,,100.0,0.0,0.0,0.0,0.0,0.0
7398,-100,-40.0,30.0,2.25,13.0,-74.03,13.2263,-100,99.4,0.71,3.16512,1.546218,1.0214,0.0
7400,-100,-40.0,30.0,2.5,2.5,,,,100.0,0.0,0.0,0.0,0.0,0.0
7401,-100,-40.0,30.0,2.5,4.0,-54.0,0.0,-54,100.0,0.0,2.946062,0.0,0.0024,0.0
7402,-100,-40.0,30.0,2.5,5.5,-56.69,4.0646,-64,99.99,0.01,3.822265,1.091149,0.0316,0.0
7403,-100,-40.0,30.0,2.5,7.0,-61.61,7.6769,-73,99.97,0.03,4.942283,1.194548,0.0796,0.0
7404,-100,-40.0,30.0,2.5,8.5,-63.16,9.2242,-84,99.79,0.25,3.896672,0.898279,0.6932,0.0
7405,-100,-40.0,30.0,2.5,10.0,-71.46,11.076,-90,99.66,0.4,2.987417,1.736862,0.8141,0.0
7406,-100,-40.0,30.0,2.5,11.5,-70.24,11.9119,-100,99.43,0.68,3.50022,0.980923,1.1836,0.0
7407,-100,-40.0,30.0,2.5,13.0,-72.28,14.3956,-100,98.92,1.29,3.801675,1.215191,1.6449,0.0003
7408,-100,-40.0,30.0,2.75,1.0,,,,100.0,0.0,0.0,0.0,0.0,0.0
7409,-100,-40.0,30.0,2.75,2.5,,,,100.0,0.0,0.0,0.0,0.0,0.0
7410,-100,-40.0,30.0,2.75,4.0,-53.23,4.4741,-60,99.95,0.06,3.118678,0.770356,0.2287,0.0
7411,-100,-40.0,30.0,2.75,5.5,-59.41,5.8973,-69,99.96,0.04,2.445895,0.639521,0.1138,0.0
7413,-100,-40.0,30.0,2.75,8.5,-66.75,9.5179,-88,99.26,0.89,2.6217,1.452806,2.5163,0.0
7412,-100,-40.0,30.0,2.75,7.0,-57.83,6.7057,-76,99.86,0.17,4.099708,1.080888,0.364,0.0
7414,-100,-40.0,30.0,2.75,10.0,-70.0,11.2003,-99,99.33,0.81,3.125953,1.004228,1.418,0.0
7415,-100,-40.0,30.0,2.75,11.5,-68.32,12.5471,-98,98.93,1.28,3.778793,2.004762,2.1158,0.0
7416,-100,-40.0,30.0,2.75,13.0,-70.82,14.7525,-100,98.19,2.18,3.196901,1.302812,3.4537,0.0002
7417,-100,-40.0,30.0,3.0,1.0,-50.0,0.0,-50,100.0,0.0,7.094743,0.0,0.0024,0.0
7418,-100,-40.0,30.0,3.0,2.5,-46.71,2.7414,-54,99.95,0.06,3.437733,0.722894,0.2114,0.0
7419,-100,-40.0,30.0,3.0,4.0,-51.2,3.9908,-58,99.67,0.39,2.158373,0.690983,1.4236,0.0
7420,-100,-40.0,30.0,3.0,5.5,-55.4,5.9173,-69,99.81,0.22,4.686896,1.028727,0.6717,0.0
7421,-100,-40.0,30.0,3.0,7.0,-59.38,7.6466,-77,99.57,0.52,4.167872,1.079807,1.2088,0.0
7422,-100,-40.0,30.0,3.0,8.5,-63.26,9.4894,-86,99.11,1.07,3.211311,0.921141,2.1878,0.0
7423,-100,-40.0,30.0,3.0,10.0,-64.74,11.0265,-92,98.5,1.8,3.023607,0.998432,3.1365,0.0
7424,-100,-40.0,30.0,3.0,11.5,-68.51,13.3177,-100,98.36,1.96,3.459028,1.147229,2.7825,0.0002
7425,-100,-40.0,30.0,3.0,13.0,-67.77,14.7126,-100,97.62,2.85,3.196462,1.241517,3.871,0.001
7426,-100,-40.0,30.0,3.25,1.0,-47.48,1.4254,-50,99.97,0.04,1.913456,1.157708,0.1459,0.0
7427,-100,-40.0,30.0,3.25,2.5,-45.05,2.64,-51,99.76,0.28,4.698412,1.472209,0.9281,0.0
7428,-100,-40.0,30.0,3.25,4.0,-50.64,4.1668,-60,99.36,0.77,2.900728,1.70186,2.3869,0.0
7429,-100,-40.0,30.0,3.25,5.5,-55.26,5.8036,-68,99.23,0.93,4.110366,1.186683,2.2465,0.0
7430,-100,-40.0,30.0,3.25,7.0,-59.2,7.7093,-90,98.41,1.91,2.226776,1.034887,4.4143,0.0
7431,-100,-40.0,30.0,3.25,8.5,-62.98,9.6592,-91,98.37,1.95,2.943757,1.017393,3.4437,0.0
7432,-100,-40.0,30.0,3.25,10.0,-63.26,11.8244,-97,98.15,2.22,3.70171,1.30713,3.2797,0.0
7433,-100,-40.0,30.0,3.25,11.5,-64.99,13.6236,-100,97.16,3.41,3.189198,1.088338,4.3817,0.0006
7435,-100,-40.0,30.0,3.5,1.0,-43.01,1.3962,-49,99.39,0.73,2.676529,0.937369,2.5751,0.0
7437,-100,-40.0,30.0,3.5,4.0,-46.24,4.6433,-60,98.48,1.82,2.272937,0.92708,4.4766,0.0
7436,-100,-40.0,30.0,3.5,2.5,-44.38,3.4848,-53,99.16,1.0,3.006645,1.301214,3.1168,0.0
7434,-100,-40.0,30.0,3.25,13.0,-65.51,15.2977,-100,96.89,3.73,3.363896,1.638367,4.2632,0.0009
7438,-100,-40.0,30.0,3.5,5.5,-51.82,6.3855,-69,98.16,2.21,2.360811,1.202265,5.1609,0.0
7439,-100,-40.0,30.0,3.5,7.0,-56.73,8.9467,-78,96.79,3.85,1.511577,1.324086,8.6144,0.0
7440,-100,-40.0,30.0,3.5,8.5,-59.79,10.0849,-89,97.04,3.55,2.476878,1.849441,6.8882,0.0
7441,-100,-40.0,30.0,3.5,10.0,-61.27,13.1582,-95,96.55,4.13,2.491482,1.752819,6.9862,0.0001
7442,-100,-40.0,30.0,3.5,11.5,-62.63,13.4939,-95,96.26,4.49,2.788642,1.822118,6.3042,0.0009
7443,-100,-40.0,30.0,3.5,13.0,-61.74,15.869,-100,95.24,5.71,2.665034,1.548605,7.1013,0.001
7444,-100,-40.0,30.0,3.75,1.0,-41.68,2.271,-47,96.19,4.58,0.745638,0.802504,11.9221,0.0
7445,-100,-40.0,30.0,3.75,2.5,-42.75,2.9703,-52,96.22,4.54,0.794106,1.01683,12.1295,0.0
7447,-100,-40.0,30.0,3.75,5.5,-52.83,6.83,-69,96.55,4.14,1.341791,1.437791,10.5296,0.0
7446,-100,-40.0,30.0,3.75,4.0,-44.4,5.1694,-60,95.52,5.38,0.826959,0.7694,12.6264,0.0
7448,-100,-40.0,30.0,3.75,7.0,-54.95,9.0916,-77,95.49,5.42,1.513371,1.612049,11.7501,0.0
7449,-100,-40.0,30.0,3.75,8.5,-56.77,11.5057,-85,95.29,5.65,1.865913,1.913904,11.2044,0.0
7450,-100,-40.0,30.0,3.75,10.0,-61.31,12.7695,-96,94.97,6.03,2.046053,1.378556,9.3072,0.0001
7451,-100,-40.0,30.0,3.75,11.5,-60.07,14.7892,-100,94.37,6.76,2.246655,1.562006,9.2467,0.0012
7452,-100,-40.0,30.0,3.75,13.0,-59.43,16.5285,-100,94.07,7.12,2.679286,1.847619,7.5897,0.0035
7453,-100,-40.0,30.0,4.0,1.0,-38.2,4.4067,-47,95.58,5.3,1.13714,0.713411,10.3914,0.0
7454,-100,-40.0,30.0,4.0,2.5,-41.27,4.997,-54,95.3,5.63,0.781316,0.97905,13.27,0.0
7455,-100,-40.0,30.0,4.0,4.0,-45.55,6.6975,-62,94.62,6.45,1.141756,1.274353,13.0329,0.0
7456,-100,-40.0,30.0,4.0,5.5,-51.39,8.2005,-68,94.88,6.15,1.432694,1.331883,11.7049,0.0
7457,-100,-40.0,30.0,4.0,7.0,-53.67,9.9108,-75,95.09,5.89,1.756932,1.853603,11.5395,0.0
7459,-100,-40.0,30.0,4.0,10.0,-57.2,13.5108,-100,93.07,8.31,1.930044,1.747553,12.1965,0.0008
7458,-100,-40.0,30.0,4.0,8.5,-58.26,10.9879,-95,94.67,6.4,2.130378,1.67923,9.7271,0.0
7460,-100,-40.0,30.0,4.0,11.5,-57.66,16.3722,-98,93.63,7.64,2.316793,1.80321,10.072,0.0023
7461,-100,-40.0,30.0,4.0,13.0,-57.15,17.378,-100,92.42,9.09,2.238306,1.990698,11.0556,0.0042
7463,-100,-40.0,30.0,4.25,2.5,-41.27,5.5678,-55,93.98,7.23,1.007651,1.613502,14.8344,0.0
7462,-100,-40.0,30.0,4.25,1.0,-39.82,4.7482,-50,93.57,7.71,0.843293,1.088763,15.3836,0.0
7464,-100,-40.0,30.0,4.25,4.0,-42.59,6.9186,-61,92.26,9.29,0.846795,1.055533,16.5474,0.0
7465,-100,-40.0,30.0,4.25,5.5,-46.17,8.2309,-71,92.45,9.06,1.104497,1.061756,14.7596,0.0
7466,-100,-40.0,30.0,4.25,7.0,-52.76,10.5833,-79,94.22,6.94,1.970314,1.516512,10.2175,0.0
7467,-100,-40.0,30.0,4.25,8.5,-54.69,12.8114,-93,92.82,8.61,1.828969,1.70776,11.6143,0.0
7468,-100,-40.0,30.0,4.25,10.0,-54.68,14.2097,-96,91.3,10.44,1.842353,1.504251,12.086,0.0003
7469,-100,-40.0,30.0,4.25,11.5,-55.39,16.2558,-97,92.25,9.3,2.363901,1.93903,10.8258,0.0032
7470,-100,-40.0,30.0,4.25,13.0,-55.33,17.3018,-100,89.67,12.4,1.954694,1.896236,13.8707,0.0073
7471,-100,-40.0,30.0,4.5,1.0,-35.29,6.2274,-46,90.66,11.2,0.701107,0.779419,18.1206,0.0
7472,-100,-40.0,30.0,4.5,2.5,-41.72,6.1628,-54,91.61,10.07,0.922251,1.008017,16.1675,0.0
7473,-100,-40.0,30.0,4.5,4.0,-43.65,8.8439,-61,92.22,9.34,1.196885,1.30818,15.0974,0.0
7475,-100,-40.0,30.0,4.5,7.0,-51.6,11.0933,-82,91.63,10.04,1.681446,1.585816,13.2533,0.0
7474,-100,-40.0,30.0,4.5,5.5,-47.95,9.2109,-69,91.55,10.14,1.147935,1.181845,15.4365,0.0
7476,-100,-40.0,30.0,4.5,8.5,-52.53,13.2328,-86,91.6,10.08,1.871244,1.817363,12.8232,0.0004
7477,-100,-40.0,30.0,4.5,10.0,-53.16,15.1058,-97,90.95,10.86,1.887369,1.727891,12.7696,0.0004
7478,-100,-40.0,30.0,4.5,11.5,-52.45,16.2931,-99,89.06,13.13,1.788889,1.615924,13.5695,0.0028
7480,-100,-40.0,30.0,4.75,1.0,-35.55,6.3115,-50,90.33,11.61,0.695173,0.800614,18.6212,0.0
7479,-100,-40.0,30.0,4.5,13.0,-53.35,18.8598,-100,89.49,12.61,2.049134,1.665312,12.6823,0.0107
7481,-100,-40.0,30.0,4.75,2.5,-38.38,8.1276,-53,89.81,12.22,1.015503,0.969364,16.9751,0.0
7482,-100,-40.0,30.0,4.75,4.0,-41.17,8.8231,-61,90.34,11.59,1.186154,1.225197,15.7882,0.0
7483,-100,-40.0,30.0,4.75,5.5,-45.83,10.7737,-71,90.96,10.85,1.405778,1.769797,15.4885,0.0
7484,-100,-40.0,30.0,4.75,7.0,-49.16,12.5533,-82,88.51,13.79,1.357494,1.55165,16.5792,0.0
7485,-100,-40.0,30.0,4.75,8.5,-50.24,13.8887,-85,89.01,13.18,1.568238,1.411783,14.7295,0.0009
7486,-100,-40.0,30.0,4.75,10.0,-50.08,15.2526,-91,87.55,14.95,1.549519,1.368629,14.9057,0.0021
7487,-100,-40.0,30.0,4.75,11.5,-50.07,16.5788,-100,87.94,14.47,1.8628,1.737303,14.0781,0.0061
7488,-100,-40.0,30.0,4.75,13.0,-50.29,19.3454,-100,87.74,14.71,1.959584,1.515479,13.0556,0.0077
7489,-100,-40.0,30.0,5.0,1.0,-34.11,8.4212,-49,86.53,16.17,0.643053,0.795068,21.0746,0.0
7490,-100,-40.0,30.0,5.0,2.5,-34.57,9.3888,-52,86.96,15.65,0.809612,0.973522,19.9303,0.0
7491,-100,-40.0,30.0,5.0,4.0,-38.94,10.4073,-63,86.63,16.04,0.839878,0.880271,19.7684,0.0
7492,-100,-40.0,30.0,5.0,5.5,-45.56,10.9725,-74,87.08,15.51,1.07919,1.215064,18.6198,0.0
7494,-100,-40.0,30.0,5.0,8.5,-48.49,14.3378,-86,86.86,15.77,1.459256,1.229067,15.4976,0.001
7493,-100,-40.0,30.0,5.0,7.0,-47.37,12.4462,-79,86.16,16.61,1.18967,1.075976,17.1163,0.0
7498,-100,-40.0,40.0,1.0,1.0,,,,100.0,0.0,0.0,0.0,0.0,0.0
7499,-100,-40.0,40.0,1.0,2.5,,,,100.0,0.0,0.0,0.0,0.0,0.0
7495,-100,-40.0,30.0,5.0,10.0,-47.36,15.5688,-97,84.99,18.01,1.440112,1.446745,16.6639,0.0029
7497,-100,-40.0,30.0,5.0,13.0,-48.03,19.745,-100,86.3,16.44,1.904636,1.546548,13.0778,0.0174
7500,-100,-40.0,40.0,1.0,4.0,,,,100.0,0.0,0.0,0.0,0.0,0.0
7496,-100,-40.0,30.0,5.0,11.5,-47.77,17.3933,-100,86.23,16.51,1.798011,1.311405,12.6164,0.0055
7501,-100,-40.0,40.0,1.0,5.5,,,,100.0,0.0,0.0,0.0,0.0,0.0
7502,-100,-40.0,40.0,1.0,7.0,,,,100.0,0.0,0.0,0.0,0.0,0.0
7503,-100,-40.0,40.0,1.0,8.5,,,,100.0,0.0,0.0,0.0,0.0,0.0
7504,-100,-40.0,40.0,1.0,10.0,-77.33,2.6247,-81,100.0,0.0,2.500474,1.244708,0.004,0.0
7507,-100,-40.0,40.0,1.25,1.0,,,,100.0,0.0,0.0,0.0,0.0,0.0
7505,-100,-40.0,40.0,1.0,11.5,-75.16,8.4668,-89,100.0,0.0,2.761676,0.712187,0.0076,0.0
7508,-100,-40.0,40.0,1.25,2.5,,,,100.0,0.0,0.0,0.0,0.0,0.0
7506,-100,-40.0,40.0,1.0,13.0,-84.12,14.8955,-100,99.98,0.02,2.917454,0.942128,0.026,0.0
7509,-100,-40.0,40.0,1.25,4.0,,,,100.0,0.0,0.0,0.0,0.0,0.0
7510,-100,-40.0,40.0,1.25,5.5,,,,100.0,0.0,0.0,0.0,0.0,0.0
7511,-100,-40.0,40.0,1.25,7.0,,,,100.0,0.0,0.0,0.0,0.0,0.0
7512,-100,-40.0,40.0,1.25,8.5,,,,100.0,0.0,0.0,0.0,0.0,0.0
7513,-100,-40.0,40.0,1.25,10.0,-75.33,5.9067,-80,100.0,0.0,2.344997,0.62745,0.0073,0.0
7514,-100,-40.0,40.0,1.25,11.5,-75.4,10.0267,-93,99.99,0.02,3.128556,1.187229,0.0252,0.0
7516,-100,-40.0,40.0,1.5,1.0,,,,100.0,0.0,0.0,0.0,0.0,0.0
7518,-100,-40.0,40.0,1.5,4.0,,,,100.0,0.0,0.0,0.0,0.0,0.0
7515,-100,-40.0,40.0,1.25,13.0,-83.46,12.5353,-100,99.95,0.06,3.214036,1.146666,0.0825,0.0
7517,-100,-40.0,40.0,1.5,2.5,,,,100.0,0.0,0.0,0.0,0.0,0.0
7519,-100,-40.0,40.0,1.5,5.5,,,,100.0,0.0,0.0,0.0,0.0,0.0
7520,-100,-40.0,40.0,1.5,7.0,,,,100.0,0.0,0.0,0.0,0.0,0.0
7521,-100,-40.0,40.0,1.5,8.5,-67.5,5.1174,-74,100.0,0.0,3.187695,0.930388,0.0076,0.0
7522,-100,-40.0,40.0,1.5,10.0,-78.93,12.3548,-90,99.99,0.01,2.987139,0.93814,0.0338,0.0
7524,-100,-40.0,40.0,1.5,13.0,-80.07,12.8871,-100,99.88,0.15,2.753403,1.211427,0.1768,0.0
7523,-100,-40.0,40.0,1.5,11.5,-78.72,11.6118,-96,99.96,0.05,2.560133,1.119636,0.1053,0.0
7525,-100,-40.0,40.0,1.75,1.0,,,,100.0,0.0,0.0,0.0,0.0,0.0
7526,-100,-40.0,40.0,1.75,2.5,,,,100.0,0.0,0.0,0.0,0.0,0.0
7528,-100,-40.0,40.0,1.75,5.5,,,,100.0,0.0,0.0,0.0,0.0,0.0
7527,-100,-40.0,40.0,1.75,4.0,,,,100.0,0.0,0.0,0.0,0.0,0.0
7529,-100,-40.0,40.0,1.75,7.0,-71.0,0.0,-71,100.0,0.0,0.833644,0.0,0.0024,0.0
7530,-100,-40.0,40.0,1.75,8.5,-75.25,8.5563,-86,99.99,0.01,4.286125,1.013892,0.0195,0.0
7531,-100,-40.0,40.0,1.75,10.0,-72.5,10.3569,-93,99.97,0.03,3.274761,1.247451,0.0713,0.0
7532,-100,-40.0,40.0,1.75,11.5,-77.06,11.8543,-100,99.95,0.06,3.286283,2.644637,0.0725,0.0
7533,-100,-40.0,40.0,1.75,13.0,-79.42,13.0761,-100,99.75,0.3,2.99175,1.411968,0.4122,0.0
7534,-100,-40.0,40.0,2.0,1.0,,,,100.0,0.0,0.0,0.0,0.0,0.0
7535,-100,-40.0,40.0,2.0,2.5,,,,100.0,0.0,0.0,0.0,0.0,0.0
7536,-100,-40.0,40.0,2.0,4.0,,,,100.0,0.0,0.0,0.0,0.0,0.0
7537,-100,-40.0,40.0,2.0,5.5,,,,100.0,0.0,0.0,0.0,0.0,0.0
7538,-100,-40.0,40.0,2.0,7.0,-67.5,5.4208,-74,99.99,0.01,4.721914,0.966982,0.0291,0.0
7539,-100,-40.0,40.0,2.0,8.5,-70.0,7.362,-84,99.98,0.02,3.716261,1.617025,0.0407,0.0
7540,-100,-40.0,40.0,2.0,10.0,-74.35,9.9829,-91,99.93,0.09,4.178364,1.242152,0.1497,0.0
7541,-100,-40.0,40.0,2.0,11.5,-75.4,12.0161,-100,99.77,0.28,3.300781,0.981529,0.4343,0.0
7542,-100,-40.0,40.0,2.0,13.0,-76.11,14.0157,-100,99.56,0.53,3.789181,1.949462,0.5154,0.0001
7543,-100,-40.0,40.0,2.25,1.0,,,,100.0,0.0,0.0,0.0,0.0,0.0
7545,-100,-40.0,40.0,2.25,4.0,,,,100.0,0.0,0.0,0.0,0.0,0.0
7544,-100,-40.0,40.0,2.25,2.5,,,,100.0,0.0,0.0,0.0,0.0,0.0
7546,-100,-40.0,40.0,2.25,5.5,-58.75,2.4495,-61,100.0,0.0,3.344853,0.288,0.0053,0.0
7547,-100,-40.0,40.0,2.25,7.0,-61.23,6.6283,-73,99.96,0.05,4.671041,1.099029,0.141,0.0
7548,-100,-40.0,40.0,2.25,8.5,-63.92,7.9343,-84,99.89,0.14,3.47139,1.150316,0.35,0.0
7549,-100,-40.0,40.0,2.25,10.0,-68.92,10.2507,-92,99.67,0.39,3.324207,0.96413,0.771,0.0
7550,-100,-40.0,40.0,2.25,11.5,-71.8,12.4619,-100,99.38,0.75,3.161966,1.070925,1.1967,0.0
7552,-100,-40.0,40.0,2.5,1.0,,,,100.0,0.0,0.0,0.0,0.0,0.0
7551,-100,-40.0,40.0,2.25,13.0,-73.85,13.6933,-100,99.23,0.93,3.894463,1.656534,1.0942,0.0001
7553,-100,-40.0,40.0,2.5,2.5,-48.0,0.0,-48,100.0,0.0,1.802374,0.0,0.0024,0.0
7554,-100,-40.0,40.0,2.5,4.0,-60.5,3.5,-64,100.0,0.0,2.715031,0.280481,0.0049,0.0
7555,-100,-40.0,40.0,2.5,5.5,-57.09,5.5114,-66,99.93,0.09,1.854372,1.018171,0.3057,0.0
7557,-100,-40.0,40.0,2.5,8.5,-64.95,9.4187,-86,99.67,0.4,3.583119,1.024811,0.8268,0.0
7556,-100,-40.0,40.0,2.5,7.0,-60.0,7.2528,-75,99.72,0.34,2.761224,0.760778,0.9462,0.0
7559,-100,-40.0,40.0,2.5,11.5,-69.88,12.9974,-100,99.34,0.79,4.781552,1.599046,1.0533,0.0002
7558,-100,-40.0,40.0,2.5,10.0,-69.45,11.191,-97,99.42,0.7,4.108296,1.743943,1.0255,0.0
7560,-100,-40.0,40.0,2.5,13.0,-70.92,14.0318,-100,98.67,1.59,4.055484,1.843744,1.4445,0.0004
7561,-100,-40.0,40.0,2.75,1.0,,,,100.0,0.0,0.0,0.0,0.0,0.0
7562,-100,-40.0,40.0,2.75,2.5,-49.43,3.4166,-55,100.0,0.0,5.7587,0.944289,0.017,0.0
7563,-100,-40.0,40.0,2.75,4.0,-52.78,4.8255,-63,99.97,0.04,2.383527,0.949296,0.122,0.0
7564,-100,-40.0,40.0,2.75,5.5,-52.56,5.5449,-69,99.77,0.28,3.686495,1.15998,0.7419,0.0
7565,-100,-40.0,40.0,2.75,7.0,-58.91,7.6238,-75,99.31,0.83,3.076147,1.22387,1.934,0.0
7566,-100,-40.0,40.0,2.75,8.5,-65.64,9.3331,-92,99.42,0.7,3.858361,1.11098,1.3489,0.0
7567,-100,-40.0,40.0,2.75,10.0,-65.7,10.8914,-93,98.48,1.82,3.020486,2.015867,2.9297,0.0
7568,-100,-40.0,40.0,2.75,11.5,-66.5,12.8237,-100,97.99,2.41,3.569858,1.426394,2.9622,0.0002
7569,-100,-40.0,40.0,2.75,13.0,-66.0,14.8296,-100,96.81,3.82,2.884227,1.15931,4.3192,0.0022
7570,-100,-40.0,40.0,3.0,1.0,-44.5,1.1311,-47,99.96,0.05,2.612927,0.490887,0.1655,0.0
7571,-100,-40.0,40.0,3.0,2.5,-48.37,2.5379,-53,99.91,0.1,2.809026,0.805458,0.3696,0.0
7572,-100,-40.0,40.0,3.0,4.0,-49.31,4.3185,-60,99.02,1.17,2.104686,1.228424,3.8467,0.0
7573,-100,-40.0,40.0,3.0,5.5,-55.8,6.3175,-73,99.21,0.94,2.793852,1.004416,2.3942,0.0
7574,-100,-40.0,40.0,3.0,7.0,-60.27,8.1741,-77,99.31,0.83,4.423592,1.654628,1.4037,0.0
7575,-100,-40.0,40.0,3.0,8.5,-62.29,9.7994,-87,98.36,1.97,3.242528,1.003562,3.4478,0.0
7576,-100,-40.0,40.0,3.0,10.0,-64.79,12.3838,-98,97.95,2.46,3.273992,2.630852,5.0542,0.0
7577,-100,-40.0,40.0,3.0,11.5,-64.45,13.4273,-100,96.57,4.11,2.261976,1.29267,5.8356,0.0006
7578,-100,-40.0,40.0,3.0,13.0,-64.76,15.1016,-100,96.7,3.96,3.370648,1.254143,3.859,0.0028
7579,-100,-40.0,40.0,3.25,1.0,-43.71,1.6281,-47,99.46,0.64,3.459686,1.126622,2.0166,0.0
7580,-100,-40.0,40.0,3.25,2.5,-46.45,3.2889,-55,98.08,2.3,1.154408,1.319626,7.8696,0.0
7581,-100,-40.0,40.0,3.25,4.0,-48.57,4.5902,-62,98.59,1.69,2.77682,1.449168,4.394,0.0
7582,-100,-40.0,40.0,3.25,5.5,-54.55,7.3668,-72,98.67,1.6,3.082024,1.208495,3.5701,0.0
7583,-100,-40.0,40.0,3.25,7.0,-57.08,8.828,-75,98.24,2.11,3.164584,1.302944,3.9811,0.0
7584,-100,-40.0,40.0,3.25,8.5,-58.49,10.6652,-84,97.65,2.82,3.099267,1.776669,4.766,0.0
7585,-100,-40.0,40.0,3.25,10.0,-61.7,12.2555,-97,96.09,4.7,2.32956,1.686259,7.1676,0.0002
7586,-100,-40.0,40.0,3.25,11.5,-60.96,13.5463,-100,95.38,5.55,2.406191,1.606105,6.9829,0.0006
7589,-100,-40.0,40.0,3.5,2.5,-45.35,3.8964,-57,97.32,3.21,1.073921,1.158724,9.5906,0.0
7587,-100,-40.0,40.0,3.25,13.0,-61.2,15.8851,-100,95.09,5.9,3.08162,1.474107,5.8231,0.0039
7588,-100,-40.0,40.0,3.5,1.0,-44.69,2.4632,-54,97.04,3.56,0.886278,1.534955,11.4101,0.0
7590,-100,-40.0,40.0,3.5,4.0,-46.14,5.5737,-60,96.05,4.74,1.239859,1.360533,10.7083,0.0
7591,-100,-40.0,40.0,3.5,5.5,-51.55,7.0299,-69,96.6,4.08,1.655742,1.530048,9.5016,0.0
7592,-100,-40.0,40.0,3.5,7.0,-55.81,9.4956,-79,95.97,4.84,2.050609,1.467745,8.7757,0.0
7593,-100,-40.0,40.0,3.5,8.5,-59.36,10.8694,-95,96.19,4.57,2.434809,1.11268,6.2078,0.0
7595,-100,-40.0,40.0,3.5,11.5,-58.68,14.6761,-100,94.45,6.66,2.587162,2.247179,8.7958,0.0025
7594,-100,-40.0,40.0,3.5,10.0,-58.26,13.6629,-93,94.56,6.53,2.22748,1.702454,10.2367,0.0008
7596,-100,-40.0,40.0,3.5,13.0,-58.58,16.5967,-100,93.54,7.75,2.674428,2.00724,8.5005,0.0035
7597,-100,-40.0,40.0,3.75,1.0,-40.91,3.3671,-49,94.55,6.54,0.41131,0.680423,15.8735,0.0
7598,-100,-40.0,40.0,3.75,2.5,-45.24,4.173,-54,94.16,7.01,0.66262,1.008206,15.4944,0.0
7599,-100,-40.0,40.0,3.75,4.0,-45.43,6.0296,-60,94.42,6.69,0.991442,1.420921,14.4348,0.0
7600,-100,-40.0,40.0,3.75,5.5,-49.55,7.1913,-71,94.1,7.08,1.461332,1.893177,13.7042,0.0
7601,-100,-40.0,40.0,3.75,7.0,-52.22,9.6666,-77,93.09,8.29,1.485673,1.308643,12.7902,0.0
7602,-100,-40.0,40.0,3.75,8.5,-56.85,12.2677,-88,93.81,7.43,2.03631,1.728746,11.5533,0.0002
7603,-100,-40.0,40.0,3.75,10.0,-56.26,13.5421,-93,93.14,8.23,2.083801,1.723308,10.6524,0.0012
7604,-100,-40.0,40.0,3.75,11.5,-55.7,15.0961,-100,91.56,10.12,2.103766,1.898578,12.2502,0.0048
7605,-100,-40.0,40.0,3.75,13.0,-56.07,16.72,-100,91.68,9.99,2.423655,1.673238,9.7483,0.0056
7606,-100,-40.0,40.0,4.0,1.0,-39.25,5.0794,-49,92.16,9.41,0.715572,1.021009,17.2635,0.0
7607,-100,-40.0,40.0,4.0,2.5,-41.2,6.169,-53,92.61,8.87,0.934392,1.157122,15.9475,0.0
7608,-100,-40.0,40.0,4.0,4.0,-44.13,7.8872,-62,93.62,7.66,1.445363,1.787899,13.8658,0.0
7609,-100,-40.0,40.0,4.0,5.5,-48.91,9.1095,-66,91.9,9.73,1.311972,1.652648,15.637,0.0
7610,-100,-40.0,40.0,4.0,7.0,-51.11,11.6088,-74,92.28,9.27,1.667234,1.617914,13.1234,0.0
7611,-100,-40.0,40.0,4.0,8.5,-52.27,12.6155,-84,91.4,10.32,1.777628,1.448564,12.5405,0.0002
7612,-100,-40.0,40.0,4.0,10.0,-53.4,13.5223,-92,90.38,11.54,1.809657,1.588914,13.2236,0.0017
7613,-100,-40.0,40.0,4.0,11.5,-53.49,14.9028,-100,89.56,12.53,1.881742,1.537773,12.3485,0.0047
7614,-100,-40.0,40.0,4.0,13.0,-52.72,17.2536,-100,89.86,12.17,2.362794,1.604841,10.1669,0.0089
7615,-100,-40.0,40.0,4.25,1.0,-37.44,5.7649,-48,90.23,11.73,0.583678,0.575305,19.1408,0.0
7616,-100,-40.0,40.0,4.25,2.5,-39.49,7.9255,-54,90.52,11.38,0.771575,0.992049,17.9987,0.0
7617,-100,-40.0,40.0,4.25,4.0,-42.33,9.5833,-60,90.19,11.77,1.083809,1.052178,16.5718,0.0
7618,-100,-40.0,40.0,4.25,5.5,-45.15,9.7643,-70,88.79,13.45,1.232749,1.156347,16.7076,0.0
7619,-100,-40.0,40.0,4.25,7.0,-49.99,10.5151,-74,88.96,13.25,1.258776,1.452597,16.1767,0.0
7620,-100,-40.0,40.0,4.25,8.5,-50.42,12.4156,-85,87.48,15.03,1.315293,1.440009,16.6426,0.0008
7621,-100,-40.0,40.0,4.25,10.0,-50.6,14.9015,-89,88.32,14.02,1.685356,1.609004,15.124,0.0029
7622,-100,-40.0,40.0,4.25,11.5,-49.51,16.996,-100,87.49,15.02,1.924423,1.646635,13.9585,0.0133
7624,-100,-40.0,40.0,4.5,1.0,-36.08,8.4115,-50,87.63,14.85,0.7328,0.696303,19.6288,0.0
7623,-100,-40.0,40.0,4.25,13.0,-49.65,18.1127,-100,87.7,14.77,2.083172,1.82472,12.5898,0.0115
7625,-100,-40.0,40.0,4.5,2.5,-37.58,8.3248,-54,87.47,15.04,0.782494,0.976731,20.0512,0.0
7626,-100,-40.0,40.0,4.5,4.0,-44.69,9.1471,-65,87.98,14.42,1.108675,1.156628,17.9957,0.0
7627,-100,-40.0,40.0,4.5,5.5,-45.34,10.8789,-66,86.46,16.24,1.032268,1.042831,18.309,0.0
7628,-100,-40.0,40.0,4.5,7.0,-47.02,12.6273,-82,88.1,14.29,1.463077,1.516041,15.9397,0.001
7630,-100,-40.0,40.0,4.5,10.0,-47.29,15.7372,-94,87.19,15.37,1.82786,1.61458,13.8718,0.0086
7629,-100,-40.0,40.0,4.5,8.5,-47.17,13.7669,-88,87.22,15.34,1.540214,1.753687,17.037,0.0059
7631,-100,-40.0,40.0,4.5,11.5,-47.35,17.0276,-98,86.47,16.24,1.878407,1.774574,14.2522,0.0115
7632,-100,-40.0,40.0,4.5,13.0,-47.11,18.8615,-100,84.9,18.11,1.839461,1.553914,13.9313,0.0133
7633,-100,-40.0,40.0,4.75,1.0,-33.62,8.5231,-49,85.88,16.94,0.87053,1.045497,19.9612,0.0
7634,-100,-40.0,40.0,4.75,2.5,-36.21,9.6123,-53,86.08,16.7,0.939338,0.969772,19.2888,0.0
7636,-100,-40.0,40.0,4.75,5.5,-43.24,11.5824,-71,84.82,18.22,1.097939,1.404202,19.1704,0.0
7635,-100,-40.0,40.0,4.75,4.0,-39.5,10.1451,-59,85.82,17.02,1.147042,1.171003,17.8373,0.0
7637,-100,-40.0,40.0,4.75,7.0,-43.77,13.716,-77,86.3,16.44,1.565462,1.521586,15.4737,0.0008
7638,-100,-40.0,40.0,4.75,8.5,-44.61,15.5919,-82,85.17,17.79,1.571154,1.590091,15.6508,0.0027
7639,-100,-40.0,40.0,4.75,10.0,-44.89,15.9286,-95,84.58,18.5,1.639088,1.335526,14.121,0.0133
7640,-100,-40.0,40.0,4.75,11.5,-44.94,17.8013,-96,84.63,18.44,1.898182,1.57433,13.5144,0.0197
7642,-100,-40.0,40.0,5.0,1.0,-33.06,9.6298,-48,85.23,17.72,0.985211,0.931862,18.6624,0.0
7641,-100,-40.0,40.0,4.75,13.0,-44.33,18.4513,-100,83.95,19.25,1.910435,1.394125,11.5159,0.0207
7643,-100,-40.0,40.0,5.0,2.5,-34.61,10.8003,-55,84.23,18.93,1.031929,1.232338,19.7397,0.0
7644,-100,-40.0,40.0,5.0,4.0,-39.62,11.595,-64,83.66,19.61,1.027071,1.166699,19.5211,0.0
7645,-100,-40.0,40.0,5.0,5.5,-40.83,12.4055,-69,83.54,19.75,1.296799,1.297226,17.8023,0.0002
7651,-100,-40.0,50.0,1.0,1.0,,,,100.0,0.0,0.0,0.0,0.0,0.0
7646,-100,-40.0,40.0,5.0,7.0,-41.38,14.0026,-76,82.72,20.73,1.35422,1.185842,16.3195,0.0026
7652,-100,-40.0,50.0,1.0,2.5,,,,100.0,0.0,0.0,0.0,0.0,0.0
7648,-100,-40.0,40.0,5.0,10.0,-41.19,17.6374,-88,82.42,21.1,1.648058,1.36509,14.3777,0.0245
7647,-100,-40.0,40.0,5.0,8.5,-41.34,15.7277,-84,82.87,20.57,1.524308,1.498396,16.0768,0.006
7653,-100,-40.0,50.0,1.0,4.0,,,,100.0,0.0,0.0,0.0,0.0,0.0
7654,-100,-40.0,50.0,1.0,5.5,,,,100.0,0.0,0.0,0.0,0.0,0.0
7649,-100,-40.0,40.0,5.0,11.5,-40.94,17.5721,-96,81.45,22.26,1.589805,1.629264,14.9957,0.02
7655,-100,-40.0,50.0,1.0,7.0,,,,100.0,0.0,0.0,0.0,0.0,0.0
7650,-100,-40.0,40.0,5.0,13.0,-41.48,19.7438,-100,82.34,21.19,1.854942,1.537849,13.3718,0.0389
7656,-100,-40.0,50.0,1.0,8.5,,,,100.0,0.0,0.0,0.0,0.0,0.0
7657,-100,-40.0,50.0,1.0,10.0,-81.0,0.0,-81,100.0,0.0,1.758537,0.0,0.0024,0.0
7660,-100,-40.0,50.0,1.25,1.0,,,,100.0,0.0,0.0,0.0,0.0,0.0
7658,-100,-40.0,50.0,1.0,11.5,-78.67,11.1215,-94,100.0,0.0,4.907801,2.021285,0.0057,0.0
7659,-100,-40.0,50.0,1.0,13.0,-82.57,11.3339,-100,99.96,0.04,2.785748,1.01773,0.0608,0.0
7661,-100,-40.0,50.0,1.25,2.5,,,,100.0,0.0,0.0,0.0,0.0,0.0
7662,-100,-40.0,50.0,1.25,4.0,,,,100.0,0.0,0.0,0.0,0.0,0.0
7663,-100,-40.0,50.0,1.25,5.5,,,,100.0,0.0,0.0,0.0,0.0,0.0
7664,-100,-40.0,50.0,1.25,7.0,,,,100.0,0.0,0.0,0.0,0.0,0.0
7665,-100,-40.0,50.0,1.25,8.5,-67.0,0.0,-67,100.0,0.0,3.120985,0.0,0.0024,0.0
7666,-100,-40.0,50.0,1.25,10.0,-71.0,12.0,-83,100.0,0.0,4.044267,0.492483,0.0033,0.0
7667,-100,-40.0,50.0,1.25,11.5,-82.07,9.6675,-98,99.99,0.01,3.586622,0.717028,0.0162,0.0
7668,-100,-40.0,50.0,1.25,13.0,-82.4,12.4441,-100,99.94,0.08,3.302364,1.257061,0.0918,0.0
7669,-100,-40.0,50.0,1.5,1.0,,,,100.0,0.0,0.0,0.0,0.0,0.0
7670,-100,-40.0,50.0,1.5,2.5,,,,100.0,0.0,0.0,0.0,0.0,0.0
7671,-100,-40.0,50.0,1.5,4.0,,,,100.0,0.0,0.0,0.0,0.0,0.0
7672,-100,-40.0,50.0,1.5,5.5,,,,100.0,0.0,0.0,0.0,0.0,0.0
7673,-100,-40.0,50.0,1.5,7.0,,,,100.0,0.0,0.0,0.0,0.0,0.0
7674,-100,-40.0,50.0,1.5,8.5,-70.0,0.0,-70,100.0,0.0,1.241095,0.0,0.0024,0.0
7675,-100,-40.0,50.0,1.5,10.0,-74.91,9.8644,-91,99.99,0.01,4.003727,1.08172,0.0217,0.0
7676,-100,-40.0,50.0,1.5,11.5,-76.01,12.2346,-100,99.94,0.07,3.374558,1.437314,0.084,0.0
7677,-100,-40.0,50.0,1.5,13.0,-79.42,13.5846,-100,99.87,0.15,3.929827,1.37681,0.1453,0.0001
7678,-100,-40.0,50.0,1.75,1.0,,,,100.0,0.0,0.0,0.0,0.0,0.0
7679,-100,-40.0,50.0,1.75,2.5,,,,100.0,0.0,0.0,0.0,0.0,0.0
7680,-100,-40.0,50.0,1.75,4.0,,,,100.0,0.0,0.0,0.0,0.0,0.0
7681,-100,-40.0,50.0,1.75,5.5,,,,100.0,0.0,0.0,0.0,0.0,0.0
7682,-100,-40.0,50.0,1.75,7.0,-68.5,7.5,-76,100.0,0.0,3.362169,0.114479,0.0049,0.0
7683,-100,-40.0,50.0,1.75,8.5,-63.85,8.3276,-80,99.99,0.01,2.37696,0.493967,0.0309,0.0
7685,-100,-40.0,50.0,1.75,11.5,-75.02,12.4481,-96,99.89,0.14,4.134027,1.567101,0.1727,0.0
7684,-100,-40.0,50.0,1.75,10.0,-73.49,9.3442,-90,99.94,0.07,2.90176,1.10114,0.133,0.0
7686,-100,-40.0,50.0,1.75,13.0,-77.34,13.7114,-100,99.67,0.4,3.495362,1.534493,0.5024,0.0001
7687,-100,-40.0,50.0,2.0,1.0,,,,100.0,0.0,0.0,0.0,0.0,0.0
7688,-100,-40.0,50.0,2.0,2.5,,,,100.0,0.0,0.0,0.0,0.0,0.0
7689,-100,-40.0,50.0,2.0,4.0,,,,100.0,0.0,0.0,0.0,0.0,0.0
7690,-100,-40.0,50.0,2.0,5.5,-66.0,0.0,-66,100.0,0.0,4.630528,0.0,0.0024,0.0
7691,-100,-40.0,50.0,2.0,7.0,-67.27,7.1436,-74,99.99,0.01,3.234586,0.964823,0.0363,0.0
7692,-100,-40.0,50.0,2.0,8.5,-68.08,7.6355,-90,99.95,0.06,2.798827,0.981738,0.1336,0.0
7693,-100,-40.0,50.0,2.0,10.0,-70.89,10.5257,-98,99.81,0.22,3.920747,1.611385,0.4115,0.0
7694,-100,-40.0,50.0,2.0,11.5,-74.2,12.3565,-100,99.6,0.47,3.414917,1.390856,0.7364,0.0
7696,-100,-40.0,50.0,2.25,1.0,,,,100.0,0.0,0.0,0.0,0.0,0.0
7697,-100,-40.0,50.0,2.25,2.5,,,,100.0,0.0,0.0,0.0,0.0,0.0
7695,-100,-40.0,50.0,2.0,13.0,-72.8,13.6917,-100,99.18,0.98,2.928397,1.179305,1.1009,0.0004
7698,-100,-40.0,50.0,2.25,4.0,,,,100.0,0.0,0.0,0.0,0.0,0.0
7699,-100,-40.0,50.0,2.25,5.5,-58.4,5.5976,-70,99.99,0.01,4.140241,1.526099,0.0309,0.0
7700,-100,-40.0,50.0,2.25,7.0,-60.92,6.3411,-77,99.96,0.04,3.498369,2.768182,0.0917,0.0
7701,-100,-40.0,50.0,2.25,8.5,-64.49,9.66,-87,99.89,0.13,5.798138,2.43236,0.2287,0.0
7702,-100,-40.0,50.0,2.25,10.0,-70.33,10.5808,-97,99.54,0.55,2.978415,0.860969,1.0879,0.0
7703,-100,-40.0,50.0,2.25,11.5,-70.03,11.6723,-98,99.28,0.87,3.843172,1.391062,1.1029,0.0003
7704,-100,-40.0,50.0,2.25,13.0,-71.12,13.5167,-100,98.34,1.99,2.636866,1.912974,2.7646,0.0004
7705,-100,-40.0,50.0,2.5,1.0,,,,100.0,0.0,0.0,0.0,0.0,0.0
7707,-100,-40.0,50.0,2.5,4.0,-52.34,3.4104,-60,99.97,0.04,5.161696,1.060255,0.1238,0.0
7706,-100,-40.0,50.0,2.5,2.5,-56.0,0.0,-56,100.0,0.0,3.646114,0.0,0.0024,0.0
7708,-100,-40.0,50.0,2.5,5.5,-56.34,6.3404,-74,99.95,0.06,3.710381,1.450547,0.1397,0.0
7709,-100,-40.0,50.0,2.5,7.0,-61.26,7.6083,-77,99.75,0.31,4.280779,1.28797,0.7378,0.0
7710,-100,-40.0,50.0,2.5,8.5,-66.2,8.9413,-89,99.41,0.71,3.141554,0.958751,1.5672,0.0
7711,-100,-40.0,50.0,2.5,10.0,-67.08,11.1063,-93,98.88,1.34,3.009407,1.380802,2.2672,0.0
7712,-100,-40.0,50.0,2.5,11.5,-67.27,12.3501,-100,98.26,2.08,3.19928,1.14257,2.6365,0.0006
7714,-100,-40.0,50.0,2.75,1.0,-46.45,0.4979,-47,99.99,0.01,3.89529,0.800505,0.0267,0.0
7713,-100,-40.0,50.0,2.5,13.0,-67.75,14.8359,-100,97.99,2.41,3.920239,1.204972,2.5617,0.0023
7715,-100,-40.0,50.0,2.75,2.5,-46.24,2.5124,-55,99.97,0.03,5.543513,1.239606,0.1118,0.0
7716,-100,-40.0,50.0,2.75,4.0,-51.67,3.741,-60,99.88,0.14,4.031097,0.961866,0.4191,0.0
7717,-100,-40.0,50.0,2.75,5.5,-53.59,5.7654,-72,99.37,0.75,3.996803,0.992376,1.7027,0.0
7718,-100,-40.0,50.0,2.75,7.0,-60.67,8.1087,-84,99.29,0.85,4.313187,1.713505,1.7823,0.0
7719,-100,-40.0,50.0,2.75,8.5,-62.05,10.0342,-89,98.71,1.55,3.486583,1.264661,2.7718,0.0
7720,-100,-40.0,50.0,2.75,10.0,-62.79,11.8215,-99,98.61,1.66,4.634101,1.701111,2.3193,0.0001
7721,-100,-40.0,50.0,2.75,11.5,-64.46,12.4404,-98,97.13,3.44,2.297913,1.290864,5.1155,0.0003
7723,-100,-40.0,50.0,3.0,1.0,-42.65,1.5328,-48,99.41,0.7,3.36796,1.181934,2.4191,0.0
7722,-100,-40.0,50.0,2.75,13.0,-65.03,14.9818,-100,96.74,3.92,3.193948,1.882178,4.6541,0.0021
7724,-100,-40.0,50.0,3.0,2.5,-47.48,2.8859,-55,99.68,0.39,5.709988,1.402616,1.3585,0.0
7725,-100,-40.0,50.0,3.0,4.0,-49.52,4.9692,-63,98.8,1.44,2.574059,1.173198,4.0192,0.0
7726,-100,-40.0,50.0,3.0,5.5,-51.73,6.7508,-70,98.64,1.63,3.310603,1.356275,3.2742,0.0
7727,-100,-40.0,50.0,3.0,7.0,-56.3,9.1212,-75,97.91,2.51,2.327641,1.542272,5.6733,0.0
7728,-100,-40.0,50.0,3.0,8.5,-60.9,9.5414,-86,97.51,2.99,3.060606,1.179309,4.5307,0.0
7729,-100,-40.0,50.0,3.0,10.0,-62.17,11.9989,-94,97.46,3.05,3.705348,1.308389,3.778,0.0002
7730,-100,-40.0,50.0,3.0,11.5,-61.65,14.3361,-100,96.09,4.69,2.75678,1.588163,6.4841,0.001
7732,-100,-40.0,50.0,3.25,1.0,-42.31,1.9607,-49,97.17,3.4,0.671502,1.007623,11.2462,0.0
7731,-100,-40.0,50.0,3.0,13.0,-61.94,15.5976,-100,95.11,5.87,2.868088,1.362546,5.8533,0.0027
7733,-100,-40.0,50.0,3.25,2.5,-42.97,3.3435,-54,97.33,3.2,0.941511,0.832883,9.3412,0.0
7734,-100,-40.0,50.0,3.25,4.0,-48.27,4.9149,-62,97.37,3.16,1.918499,1.307306,6.8379,0.0
7735,-100,-40.0,50.0,3.25,5.5,-50.09,7.4748,-72,96.58,4.1,1.594366,1.66256,9.803,0.0
7736,-100,-40.0,50.0,3.25,7.0,-54.64,9.924,-79,97.08,3.51,2.792006,1.616186,5.9818,0.0
7737,-100,-40.0,50.0,3.25,8.5,-58.88,10.8284,-92,95.53,5.36,2.219774,1.782622,8.9106,0.0002
7738,-100,-40.0,50.0,3.25,10.0,-58.25,12.381,-90,95.32,5.62,2.75605,1.579966,6.524,0.0003
7739,-100,-40.0,50.0,3.25,11.5,-58.07,13.5382,-100,94.86,6.17,2.966372,1.443339,5.584,0.0043
7740,-100,-40.0,50.0,3.25,13.0,-58.14,15.7452,-100,92.59,8.9,2.376456,1.745102,10.1564,0.0057
7741,-100,-40.0,50.0,3.5,1.0,-40.56,3.046,-48,95.36,5.57,0.866822,1.366528,13.4143,0.0
7742,-100,-40.0,50.0,3.5,2.5,-41.99,5.3461,-54,95.27,5.68,0.897951,1.054388,13.0529,0.0
7743,-100,-40.0,50.0,3.5,4.0,-49.24,5.9496,-63,95.43,5.48,1.357879,1.801992,12.3223,0.0
7744,-100,-40.0,50.0,3.5,5.5,-48.7,7.4178,-72,94.07,7.12,1.402495,1.281356,12.3125,0.0
7745,-100,-40.0,50.0,3.5,7.0,-53.35,9.8973,-77,93.97,7.24,1.611582,1.621471,11.817,0.0
7746,-100,-40.0,50.0,3.5,8.5,-55.08,11.4713,-82,93.69,7.57,1.966596,1.494417,10.6467,0.0003
7747,-100,-40.0,50.0,3.5,10.0,-55.36,13.0965,-96,92.96,8.45,2.385848,1.718063,9.8361,0.002
7749,-100,-40.0,50.0,3.5,13.0,-55.35,16.2637,-100,91.82,9.82,2.639778,1.570381,8.4533,0.0084
7748,-100,-40.0,50.0,3.5,11.5,-55.68,14.6879,-100,92.97,8.43,2.745159,1.702483,8.4247,0.0043
7750,-100,-40.0,50.0,3.75,1.0,-40.02,5.0874,-50,93.26,8.09,0.946303,1.126691,15.2997,0.0
7751,-100,-40.0,50.0,3.75,2.5,-41.6,5.6469,-53,93.76,7.49,1.17201,1.253475,13.7285,0.0
7752,-100,-40.0,50.0,3.75,4.0,-45.1,6.646,-62,92.59,8.89,1.256711,1.631461,15.1235,0.0
7754,-100,-40.0,50.0,3.75,7.0,-53.82,10.9626,-77,92.55,8.94,1.698882,1.515697,12.3133,0.0002
7753,-100,-40.0,50.0,3.75,5.5,-47.91,9.0925,-67,91.81,9.83,1.294567,1.566635,14.9969,0.0
7755,-100,-40.0,50.0,3.75,8.5,-51.97,11.5553,-87,91.54,10.15,1.936797,1.463112,11.6569,0.0012
7756,-100,-40.0,50.0,3.75,10.0,-52.31,14.3238,-98,91.46,10.25,2.268896,1.747587,11.0623,0.0037
7757,-100,-40.0,50.0,3.75,11.5,-52.64,15.2234,-100,90.82,11.01,2.332473,1.704872,10.5949,0.0081
7758,-100,-40.0,50.0,3.75,13.0,-51.93,15.947,-100,89.24,12.91,2.227669,1.625415,8.774,0.0065
7759,-100,-40.0,50.0,4.0,1.0,-38.36,5.5249,-50,89.16,13.01,0.710524,1.045952,19.6101,0.0
7760,-100,-40.0,50.0,4.0,2.5,-40.3,7.1953,-52,90.25,11.7,0.97522,1.111385,17.1766,0.0
7761,-100,-40.0,50.0,4.0,4.0,-43.01,7.7294,-64,89.54,12.56,0.97828,1.002481,17.4593,0.0
7762,-100,-40.0,50.0,4.0,5.5,-47.75,9.2855,-70,89.96,12.04,1.259913,1.18,15.0691,0.0
7763,-100,-40.0,50.0,4.0,7.0,-48.89,11.1009,-78,89.31,12.83,1.630135,1.555443,14.8611,0.0004
7765,-100,-40.0,50.0,4.0,10.0,-48.98,14.4635,-92,88.65,13.62,2.001028,1.670611,12.3908,0.0063
7764,-100,-40.0,50.0,4.0,8.5,-49.18,12.8718,-87,87.91,14.51,1.613572,1.397631,14.4156,0.0019
7766,-100,-40.0,50.0,4.0,11.5,-49.2,16.2523,-98,87.31,15.23,1.942914,1.901583,13.7938,0.0107
7767,-100,-40.0,50.0,4.0,13.0,-48.84,17.5451,-100,87.27,15.28,2.156726,1.538585,10.9688,0.0161
7768,-100,-40.0,50.0,4.25,1.0,-36.66,7.4487,-49,87.56,14.92,0.810435,0.776227,19.0215,0.0
7769,-100,-40.0,50.0,4.25,2.5,-38.94,7.6385,-53,87.56,14.93,1.017884,1.08724,18.2992,0.0
7770,-100,-40.0,50.0,4.25,4.0,-43.11,8.9329,-65,86.51,16.19,0.994116,1.099332,18.9717,0.0
7771,-100,-40.0,50.0,4.25,5.5,-46.29,10.5663,-67,87.19,15.37,1.256778,1.395727,17.4709,0.0001
7772,-100,-40.0,50.0,4.25,7.0,-45.96,12.6203,-76,87.41,15.11,1.52872,1.296172,14.9896,0.0007
7773,-100,-40.0,50.0,4.25,8.5,-45.68,13.5842,-83,86.48,16.22,1.724653,1.428289,13.6821,0.0041
7774,-100,-40.0,50.0,4.25,10.0,-46.04,15.5493,-93,85.91,16.91,1.829275,1.804901,14.1816,0.0126
7775,-100,-40.0,50.0,4.25,11.5,-45.82,17.6373,-93,85.4,17.53,1.962673,1.582121,13.301,0.0169
7776,-100,-40.0,50.0,4.25,13.0,-45.69,17.9642,-100,86.45,16.26,2.345657,1.507037,9.27,0.0208
7777,-100,-40.0,50.0,4.5,1.0,-33.9,8.5784,-49,84.87,18.15,0.760043,0.828593,21.0028,0.0
7778,-100,-40.0,50.0,4.5,2.5,-37.96,9.2806,-54,83.16,20.21,0.828767,0.945957,20.5505,0.0
7779,-100,-40.0,50.0,4.5,4.0,-39.84,10.7186,-64,83.5,19.8,0.971695,0.929394,19.6917,0.0
7780,-100,-40.0,50.0,4.5,5.5,-42.54,11.7522,-75,84.29,18.85,1.249432,1.307319,18.014,0.0002
7781,-100,-40.0,50.0,4.5,7.0,-43.03,13.6058,-75,84.22,18.93,1.363007,1.345462,17.2198,0.0027
7782,-100,-40.0,50.0,4.5,8.5,-43.19,15.1856,-92,85.14,17.83,1.762616,1.632988,14.7852,0.0183
7784,-100,-40.0,50.0,4.5,11.5,-42.69,17.2176,-97,83.79,19.45,1.873119,1.593878,12.7698,0.0147
7783,-100,-40.0,50.0,4.5,10.0,-42.73,16.0884,-93,83.49,19.82,1.732171,1.507164,14.1033,0.0205
7785,-100,-40.0,50.0,4.5,13.0,-42.82,18.7053,-100,83.06,20.33,1.952499,1.585025,12.5206,0.0323
7786,-100,-40.0,50.0,4.75,1.0,-33.61,8.9589,-49,81.45,22.26,0.774222,0.755374,21.3339,0.0
7787,-100,-40.0,50.0,4.75,2.5,-37.23,10.7806,-55,81.83,21.81,0.877383,1.078201,21.0581,0.0
7788,-100,-40.0,50.0,4.75,4.0,-39.86,11.8989,-63,81.29,22.45,1.009459,1.065128,19.6929,0.0001
7789,-100,-40.0,50.0,4.75,5.5,-39.49,12.7594,-67,80.66,23.21,1.182101,1.316358,18.8278,0.0012
7790,-100,-40.0,50.0,4.75,7.0,-40.35,13.4377,-75,81.63,22.04,1.382283,1.339654,16.4069,0.0074
7792,-100,-40.0,50.0,4.75,10.0,-40.28,16.4685,-88,81.89,21.74,1.684651,1.324931,13.0065,0.0295
7791,-100,-40.0,50.0,4.75,8.5,-39.62,15.2405,-79,80.64,23.24,1.466534,1.413835,16.0865,0.0215
7793,-100,-40.0,50.0,4.75,11.5,-40.0,17.7367,-96,83.13,20.24,1.900804,1.281951,9.7163,0.0251
7794,-100,-40.0,50.0,4.75,13.0,-40.19,19.506,-100,82.49,21.02,1.973646,1.410309,10.6089,0.0524
7796,-100,-40.0,50.0,5.0,2.5,-34.4,11.4559,-54,81.3,22.43,1.001166,0.974208,18.9162,0.0
7795,-100,-40.0,50.0,5.0,1.0,-31.63,10.9697,-49,80.0,24.0,0.963746,0.815606,18.8259,0.0
7797,-100,-40.0,50.0,5.0,4.0,-36.96,12.5307,-63,80.02,23.98,1.101694,1.063725,18.3632,0.0001
7798,-100,-40.0,50.0,5.0,5.5,-36.69,12.8853,-67,79.37,24.77,1.257159,1.270764,16.7921,0.0042
7799,-100,-40.0,50.0,5.0,7.0,-36.67,15.0931,-75,80.72,23.14,1.509504,1.190587,13.0227,0.0285
7800,-100,-40.0,50.0,5.0,8.5,-37.12,16.2901,-79,80.97,22.83,1.65479,1.331979,12.5387,0.0222
7804,-100,-35.0,30.0,1.0,1.0,,,,100.0,0.0,0.0,0.0,0.0,0.0
7805,-100,-35.0,30.0,1.0,2.5,,,,100.0,0.0,0.0,0.0,0.0,0.0
7806,-100,-35.0,30.0,1.0,4.0,,,,100.0,0.0,0.0,0.0,0.0,0.0
7801,-100,-40.0,50.0,5.0,10.0,-36.53,16.6123,-88,80.8,23.05,1.705935,1.358844,11.9643,0.0318
7807,-100,-35.0,30.0,1.0,5.5,,,,100.0,0.0,0.0,0.0,0.0,0.0
7808,-100,-35.0,30.0,1.0,7.0,,,,100.0,0.0,0.0,0.0,0.0,0.0
7802,-100,-40.0,50.0,5.0,11.5,-36.67,17.3208,-90,79.74,24.31,1.607391,1.458408,12.3754,0.032
7809,-100,-35.0,30.0,1.0,8.5,,,,100.0,0.0,0.0,0.0,0.0,0.0
7803,-100,-40.0,50.0,5.0,13.0,-36.46,19.0322,-100,80.59,23.3,1.791654,1.397619,10.88,0.0475
7810,-100,-35.0,30.0,1.0,10.0,,,,100.0,0.0,0.0,0.0,0.0,0.0
7811,-100,-35.0,30.0,1.0,11.5,,,,100.0,0.0,0.0,0.0,0.0,0.0
7813,-100,-35.0,30.0,1.25,1.0,,,,100.0,0.0,0.0,0.0,0.0,0.0
7812,-100,-35.0,30.0,1.0,13.0,-89.75,12.2898,-100,100.0,0.0,2.318151,0.857236,0.006,0.0
7814,-100,-35.0,30.0,1.25,2.5,,,,100.0,0.0,0.0,0.0,0.0,0.0
7815,-100,-35.0,30.0,1.25,4.0,,,,100.0,0.0,0.0,0.0,0.0,0.0
7816,-100,-35.0,30.0,1.25,5.5,,,,100.0,0.0,0.0,0.0,0.0,0.0
7817,-100,-35.0,30.0,1.25,7.0,,,,100.0,0.0,0.0,0.0,0.0,0.0
7818,-100,-35.0,30.0,1.25,8.5,,,,100.0,0.0,0.0,0.0,0.0,0.0
7819,-100,-35.0,30.0,1.25,10.0,,,,100.0,0.0,0.0,0.0,0.0,0.0
7820,-100,-35.0,30.0,1.25,11.5,-94.0,4.9666,-98,100.0,0.0,3.301969,1.122888,0.004,0.0
7821,-100,-35.0,30.0,1.25,13.0,-77.18,12.9387,-99,99.99,0.01,2.731344,0.911017,0.0119,0.0
7822,-100,-35.0,30.0,1.5,1.0,,,,100.0,0.0,0.0,0.0,0.0,0.0
7823,-100,-35.0,30.0,1.5,2.5,,,,100.0,0.0,0.0,0.0,0.0,0.0
7824,-100,-35.0,30.0,1.5,4.0,,,,100.0,0.0,0.0,0.0,0.0,0.0
7825,-100,-35.0,30.0,1.5,5.5,,,,100.0,0.0,0.0,0.0,0.0,0.0
7826,-100,-35.0,30.0,1.5,7.0,,,,100.0,0.0,0.0,0.0,0.0,0.0
7827,-100,-35.0,30.0,1.5,8.5,,,,100.0,0.0,0.0,0.0,0.0,0.0
7828,-100,-35.0,30.0,1.5,10.0,-84.0,0.0,-84,100.0,0.0,4.219473,0.0,0.0024,0.0
7829,-100,-35.0,30.0,1.5,11.5,-86.34,7.1589,-94,100.0,0.0,2.368053,0.564702,0.0076,0.0
7830,-100,-35.0,30.0,1.5,13.0,-80.26,13.996,-100,99.97,0.03,2.459182,0.727219,0.0559,0.0
7831,-100,-35.0,30.0,1.75,1.0,,,,100.0,0.0,0.0,0.0,0.0,0.0
7832,-100,-35.0,30.0,1.75,2.5,,,,100.0,0.0,0.0,0.0,0.0,0.0
7833,-100,-35.0,30.0,1.75,4.0,,,,100.0,0.0,0.0,0.0,0.0,0.0
7834,-100,-35.0,30.0,1.75,5.5,,,,100.0,0.0,0.0,0.0,0.0,0.0
7837,-100,-35.0,30.0,1.75,10.0,-71.0,1.633,-73,100.0,0.0,2.122575,0.19266,0.0073,0.0
7835,-100,-35.0,30.0,1.75,7.0,,,,100.0,0.0,0.0,0.0,0.0,0.0
7836,-100,-35.0,30.0,1.75,8.5,-80.0,0.0,-80,100.0,0.0,1.817996,0.0,0.0024,0.0
7838,-100,-35.0,30.0,1.75,11.5,-76.94,11.3031,-97,99.99,0.01,3.110478,0.601826,0.0265,0.0
7839,-100,-35.0,30.0,1.75,13.0,-78.15,12.89,-100,99.95,0.05,4.059007,1.4943,0.0903,0.0
7840,-100,-35.0,30.0,2.0,1.0,,,,100.0,0.0,0.0,0.0,0.0,0.0
7842,-100,-35.0,30.0,2.0,4.0,,,,100.0,0.0,0.0,0.0,0.0,0.0
7841,-100,-35.0,30.0,2.0,2.5,,,,100.0,0.0,0.0,0.0,0.0,0.0
7843,-100,-35.0,30.0,2.0,5.5,,,,100.0,0.0,0.0,0.0,0.0,0.0
7844,-100,-35.0,30.0,2.0,7.0,,,,100.0,0.0,0.0,0.0,0.0,0.0
7846,-100,-35.0,30.0,2.0,10.0,-79.98,9.6379,-95,99.99,0.01,3.429968,1.126419,0.0176,0.0
7845,-100,-35.0,30.0,2.0,8.5,-68.67,8.9577,-81,100.0,0.0,2.788008,0.602872,0.0078,0.0
7849,-100,-35.0,30.0,2.25,1.0,,,,100.0,0.0,0.0,0.0,0.0,0.0
7847,-100,-35.0,30.0,2.0,11.5,-77.75,11.2895,-100,99.95,0.06,3.320615,1.150014,0.1237,0.0
7848,-100,-35.0,30.0,2.0,13.0,-74.24,13.3932,-100,99.91,0.11,3.935768,1.194062,0.1615,0.0
7850,-100,-35.0,30.0,2.25,2.5,,,,100.0,0.0,0.0,0.0,0.0,0.0
7851,-100,-35.0,30.0,2.25,4.0,,,,100.0,0.0,0.0,0.0,0.0,0.0
7852,-100,-35.0,30.0,2.25,5.5,,,,100.0,0.0,0.0,0.0,0.0,0.0
7853,-100,-35.0,30.0,2.25,7.0,,,,100.0,0.0,0.0,0.0,0.0,0.0
7854,-100,-35.0,30.0,2.25,8.5,-63.38,6.4187,-75,100.0,0.0,2.938592,0.309057,0.0099,0.0
7855,-100,-35.0,30.0,2.25,10.0,-70.48,9.5417,-85,99.96,0.05,3.265088,1.205656,0.1154,0.0
7856,-100,-35.0,30.0,2.25,11.5,-72.58,10.8142,-96,99.9,0.12,3.279161,2.037652,0.1998,0.0
7858,-100,-35.0,30.0,2.5,1.0,,,,100.0,0.0,0.0,0.0,0.0,0.0
7857,-100,-35.0,30.0,2.25,13.0,-75.98,12.7277,-100,99.81,0.22,4.23897,1.724906,0.2737,0.0
7859,-100,-35.0,30.0,2.5,2.5,,,,100.0,0.0,0.0,0.0,0.0,0.0
7861,-100,-35.0,30.0,2.5,5.5,,,,100.0,0.0,0.0,0.0,0.0,0.0
7860,-100,-35.0,30.0,2.5,4.0,,,,100.0,0.0,0.0,0.0,0.0,0.0
7862,-100,-35.0,30.0,2.5,7.0,-53.3,6.7987,-76,99.99,0.02,1.750113,0.433677,0.0558,0.0
7863,-100,-35.0,30.0,2.5,8.5,-60.84,8.0746,-83,99.97,0.04,3.58312,0.874872,0.0794,0.0
7864,-100,-35.0,30.0,2.5,10.0,-68.63,9.0981,-86,99.92,0.1,3.020807,0.805706,0.1939,0.0
7865,-100,-35.0,30.0,2.5,11.5,-67.07,11.8596,-100,99.81,0.23,3.85526,1.581293,0.4683,0.0
7866,-100,-35.0,30.0,2.5,13.0,-73.36,14.0342,-100,99.61,0.47,4.005754,1.483927,0.6809,0.0
7867,-100,-35.0,30.0,2.75,1.0,,,,100.0,0.0,0.0,0.0,0.0,0.0
7868,-100,-35.0,30.0,2.75,2.5,,,,100.0,0.0,0.0,0.0,0.0,0.0
7869,-100,-35.0,30.0,2.75,4.0,-48.0,0.0,-48,100.0,0.0,10.076674,0.0,0.0024,0.0
7870,-100,-35.0,30.0,2.75,5.5,-52.62,4.8974,-63,100.0,0.01,3.638421,0.696883,0.0194,0.0
7871,-100,-35.0,30.0,2.75,7.0,-58.05,6.8624,-74,99.94,0.07,1.90054,0.548758,0.2034,0.0
7872,-100,-35.0,30.0,2.75,8.5,-63.12,8.6288,-78,99.9,0.12,2.773993,0.907781,0.3516,0.0
7873,-100,-35.0,30.0,2.75,10.0,-65.56,10.4313,-86,99.72,0.34,4.008646,1.277813,0.6009,0.0
7874,-100,-35.0,30.0,2.75,11.5,-65.9,12.2894,-100,99.27,0.88,2.566233,1.557384,1.8415,0.0
7875,-100,-35.0,30.0,2.75,13.0,-70.1,14.263,-100,99.42,0.7,4.681046,2.133443,0.864,0.0
7876,-100,-35.0,30.0,3.0,1.0,,,,100.0,0.0,0.0,0.0,0.0,0.0
7878,-100,-35.0,30.0,3.0,4.0,-48.86,3.8703,-53,100.0,0.0,4.596798,0.804846,0.017,0.0
7877,-100,-35.0,30.0,3.0,2.5,,,,100.0,0.0,0.0,0.0,0.0,0.0
7879,-100,-35.0,30.0,3.0,5.5,-48.13,5.4256,-61,99.92,0.09,3.828471,0.998619,0.3281,0.0
7880,-100,-35.0,30.0,3.0,7.0,-54.99,7.0937,-69,99.87,0.16,4.343976,1.60956,0.4916,0.0
7881,-100,-35.0,30.0,3.0,8.5,-58.93,9.2434,-86,99.56,0.52,2.979331,1.709479,1.505,0.0
7882,-100,-35.0,30.0,3.0,10.0,-62.01,10.8267,-85,99.64,0.43,4.816459,1.777427,0.7568,0.0
7883,-100,-35.0,30.0,3.0,11.5,-69.05,12.7301,-100,99.13,1.05,3.48581,1.015517,1.623,0.0
7884,-100,-35.0,30.0,3.0,13.0,-65.89,14.4568,-100,98.71,1.55,3.403071,1.375429,2.5502,0.0002
7885,-100,-35.0,30.0,3.25,1.0,,,,100.0,0.0,0.0,0.0,0.0,0.0
7886,-100,-35.0,30.0,3.25,2.5,-44.0,2.6968,-49,99.99,0.01,2.955669,0.681579,0.0268,0.0
7887,-100,-35.0,30.0,3.25,4.0,-45.92,4.048,-53,99.85,0.18,5.025432,1.004994,0.6641,0.0
7888,-100,-35.0,30.0,3.25,5.5,-48.59,6.2149,-63,99.79,0.25,4.559465,1.159719,0.7198,0.0
7889,-100,-35.0,30.0,3.25,7.0,-49.41,7.5166,-73,99.74,0.32,4.68345,1.702952,0.7636,0.0
7890,-100,-35.0,30.0,3.25,8.5,-55.99,9.5443,-80,99.07,1.11,3.008834,1.522298,3.0713,0.0
7891,-100,-35.0,30.0,3.25,10.0,-62.83,11.1203,-91,99.33,0.81,5.58094,2.162778,1.2029,0.0
7892,-100,-35.0,30.0,3.25,11.5,-64.1,12.797,-99,98.48,1.82,3.469543,1.073145,2.8435,0.0
7893,-100,-35.0,30.0,3.25,13.0,-64.85,14.6812,-100,97.54,2.95,2.566268,1.728481,5.1958,0.0002
7894,-100,-35.0,30.0,3.5,1.0,-40.86,1.0123,-43,99.98,0.02,3.947885,1.081431,0.0778,0.0
7895,-100,-35.0,30.0,3.5,2.5,-41.39,2.8863,-51,99.94,0.07,3.388589,0.775823,0.2648,0.0
7896,-100,-35.0,30.0,3.5,4.0,-44.94,4.2675,-56,99.32,0.82,2.942796,0.796087,2.2739,0.0
7897,-100,-35.0,30.0,3.5,5.5,-48.69,6.7773,-63,99.61,0.47,5.062402,2.500194,1.1387,0.0
7898,-100,-35.0,30.0,3.5,7.0,-53.44,8.1972,-72,99.33,0.81,3.838796,1.085973,1.9653,0.0
7899,-100,-35.0,30.0,3.5,8.5,-56.63,9.6185,-79,98.94,1.28,3.932948,2.169366,2.391,0.0
7900,-100,-35.0,30.0,3.5,10.0,-58.32,11.0685,-88,98.02,2.38,2.650839,1.183917,4.1704,0.0
7901,-100,-35.0,30.0,3.5,11.5,-60.95,13.3648,-100,97.66,2.81,3.008906,1.378383,4.3155,0.0
7902,-100,-35.0,30.0,3.5,13.0,-63.41,15.5123,-100,97.39,3.13,3.449717,1.319374,3.7813,0.0004
7903,-100,-35.0,30.0,3.75,1.0,-39.31,1.9547,-43,99.88,0.14,5.315508,1.359309,0.4572,0.0
7904,-100,-35.0,30.0,3.75,2.5,-41.02,2.8722,-49,99.51,0.59,4.876082,1.299417,1.6178,0.0
7905,-100,-35.0,30.0,3.75,4.0,-45.33,4.7166,-56,99.35,0.78,3.575331,1.300575,2.334,0.0
7906,-100,-35.0,30.0,3.75,5.5,-49.8,6.2319,-62,98.69,1.57,2.408017,0.950446,3.6119,0.0
7907,-100,-35.0,30.0,3.75,7.0,-48.93,8.1871,-76,97.57,2.92,1.740296,1.578967,6.6741,0.0
7908,-100,-35.0,30.0,3.75,8.5,-57.25,9.7765,-92,98.48,1.83,3.330173,1.576811,3.6282,0.0
7909,-100,-35.0,30.0,3.75,10.0,-57.45,12.7833,-89,96.97,3.63,2.464233,2.281433,7.5288,0.0
7910,-100,-35.0,30.0,3.75,11.5,-59.91,13.8905,-94,96.83,3.81,2.939962,1.484483,4.9971,0.0
7911,-100,-35.0,30.0,3.75,13.0,-59.84,16.1078,-100,95.64,5.23,2.458803,1.542208,7.7556,0.0009
7912,-100,-35.0,30.0,4.0,1.0,-36.99,2.1389,-44,97.58,2.91,0.74776,0.911904,9.991,0.0
7913,-100,-35.0,30.0,4.0,2.5,-38.88,3.4687,-48,97.27,3.28,1.065116,0.924904,9.5245,0.0
7914,-100,-35.0,30.0,4.0,4.0,-42.12,4.855,-54,97.42,3.1,1.407295,1.424901,8.8137,0.0
7915,-100,-35.0,30.0,4.0,5.5,-43.65,6.7118,-61,96.67,3.99,1.513621,1.409907,9.3474,0.0
7916,-100,-35.0,30.0,4.0,7.0,-50.29,9.0428,-77,97.28,3.27,2.334075,1.562525,6.3404,0.0
7918,-100,-35.0,30.0,4.0,10.0,-55.25,13.2133,-87,96.81,3.83,3.147819,1.985476,5.836,0.0
7917,-100,-35.0,30.0,4.0,8.5,-54.79,10.5074,-79,95.83,5.0,1.716226,1.98724,10.398,0.0
7919,-100,-35.0,30.0,4.0,11.5,-56.91,13.9748,-97,95.85,4.98,2.732761,1.566776,6.0932,0.0003
7920,-100,-35.0,30.0,4.0,13.0,-57.64,16.5297,-100,94.19,6.98,2.281735,1.582875,9.3042,0.0018
7921,-100,-35.0,30.0,4.25,1.0,-35.41,3.3446,-43,95.14,5.83,0.569879,0.782852,14.3838,0.0
7922,-100,-35.0,30.0,4.25,2.5,-37.67,4.6318,-49,95.29,5.65,0.7303,0.939772,13.1152,0.0
7923,-100,-35.0,30.0,4.25,4.0,-38.34,6.4878,-53,94.94,6.07,1.056637,1.141946,13.0013,0.0
7924,-100,-35.0,30.0,4.25,5.5,-43.42,8.132,-61,95.01,5.99,1.167969,1.572974,13.0886,0.0
7926,-100,-35.0,30.0,4.25,8.5,-51.1,11.7744,-79,94.59,6.49,1.665565,1.451281,11.2274,0.0
7925,-100,-35.0,30.0,4.25,7.0,-49.21,8.5963,-72,94.44,6.68,1.382843,1.187819,12.1343,0.0
7927,-100,-35.0,30.0,4.25,10.0,-54.08,13.1276,-97,95.14,5.83,2.269903,1.359055,8.2809,0.0
7928,-100,-35.0,30.0,4.25,11.5,-56.66,15.4625,-98,95.59,5.29,2.961102,1.607095,5.4007,0.0002
7930,-100,-35.0,30.0,4.5,1.0,-34.55,4.6707,-44,94.73,6.32,0.502718,0.682906,15.1531,0.0
7929,-100,-35.0,30.0,4.25,13.0,-55.6,17.3301,-100,93.49,7.81,2.20595,1.632657,9.8948,0.0023
7931,-100,-35.0,30.0,4.5,2.5,-36.79,4.955,-49,94.41,6.71,0.78708,1.417292,15.0952,0.0
7932,-100,-35.0,30.0,4.5,4.0,-36.86,7.2002,-53,93.68,7.59,1.159288,1.160061,13.9182,0.0
7933,-100,-35.0,30.0,4.5,5.5,-44.63,8.3324,-60,93.14,8.23,1.049828,1.022011,14.5074,0.0
7934,-100,-35.0,30.0,4.5,7.0,-48.21,10.2122,-69,93.02,8.37,1.302151,1.399157,14.1529,0.0
7935,-100,-35.0,30.0,4.5,8.5,-52.18,12.3422,-78,92.8,8.65,1.563153,1.400204,12.8114,0.0001
7936,-100,-35.0,30.0,4.5,10.0,-53.2,14.5004,-87,92.71,8.75,1.747363,1.891864,13.1199,0.0002
7937,-100,-35.0,30.0,4.5,11.5,-52.73,15.2068,-100,92.42,9.1,1.957466,1.768152,12.484,0.0014
7938,-100,-35.0,30.0,4.5,13.0,-52.32,17.0435,-100,92.94,8.47,2.573539,1.822814,7.5804,0.0033
7939,-100,-35.0,30.0,4.75,1.0,-32.19,6.2367,-44,92.65,8.82,0.885528,0.767867,15.2688,0.0
7940,-100,-35.0,30.0,4.75,2.5,-33.23,8.0451,-47,92.99,8.42,0.822965,0.894165,15.6461,0.0
7941,-100,-35.0,30.0,4.75,4.0,-38.48,8.155,-57,92.49,9.02,1.015107,1.136959,15.4622,0.0
7942,-100,-35.0,30.0,4.75,5.5,-41.67,9.0804,-65,92.29,9.25,1.209496,1.31816,14.8427,0.0
7943,-100,-35.0,30.0,4.75,7.0,-46.93,11.2511,-70,92.46,9.05,1.377606,1.652142,14.8001,0.0
7944,-100,-35.0,30.0,4.75,8.5,-47.71,13.2114,-81,90.76,11.08,1.37867,1.322603,14.9869,0.0
7945,-100,-35.0,30.0,4.75,10.0,-49.38,14.2007,-90,90.92,10.9,1.642011,1.316367,13.2241,0.0006
7946,-100,-35.0,30.0,4.75,11.5,-50.4,16.5608,-96,91.99,9.62,2.191867,1.873926,11.6987,0.0003
7947,-100,-35.0,30.0,4.75,13.0,-49.9,18.6181,-100,91.24,10.52,2.250484,1.824623,11.7443,0.0051
7948,-100,-35.0,30.0,5.0,1.0,-31.38,7.3207,-44,90.39,11.54,0.527095,0.537677,19.2156,0.0
7949,-100,-35.0,30.0,5.0,2.5,-34.38,7.6029,-48,89.88,12.15,0.648885,0.678349,18.856,0.0
7950,-100,-35.0,30.0,5.0,4.0,-35.99,9.1374,-56,89.49,12.61,0.796817,0.841178,18.5064,0.0
7951,-100,-35.0,30.0,5.0,5.5,-41.12,10.7308,-65,91.99,9.61,1.311951,1.305938,14.1138,0.0
7953,-100,-35.0,30.0,5.0,8.5,-47.42,13.6219,-77,89.65,12.43,1.396792,1.417731,15.8829,0.0001
7952,-100,-35.0,30.0,5.0,7.0,-43.38,12.9376,-70,89.11,13.06,1.088689,1.294367,17.8988,0.0
7954,-100,-35.0,30.0,5.0,10.0,-48.04,14.7592,-93,89.98,12.02,1.695363,1.568407,14.6757,0.0007
7957,-100,-35.0,40.0,1.0,1.0,,,,100.0,0.0,0.0,0.0,0.0,0.0
7958,-100,-35.0,40.0,1.0,2.5,,,,100.0,0.0,0.0,0.0,0.0,0.0
7955,-100,-35.0,30.0,5.0,11.5,-47.73,17.1587,-100,88.95,13.26,1.704307,1.62257,14.5708,0.0039
7959,-100,-35.0,40.0,1.0,4.0,,,,100.0,0.0,0.0,0.0,0.0,0.0
7956,-100,-35.0,30.0,5.0,13.0,-47.62,18.6208,-100,88.1,14.28,1.844556,1.749889,14.2779,0.0115
7960,-100,-35.0,40.0,1.0,5.5,,,,100.0,0.0,0.0,0.0,0.0,0.0
7961,-100,-35.0,40.0,1.0,7.0,,,,100.0,0.0,0.0,0.0,0.0,0.0
7962,-100,-35.0,40.0,1.0,8.5,,,,100.0,0.0,0.0,0.0,0.0,0.0
7963,-100,-35.0,40.0,1.0,10.0,,,,100.0,0.0,0.0,0.0,0.0,0.0
7964,-100,-35.0,40.0,1.0,11.5,-74.0,0.0,-74,100.0,0.0,3.607064,0.0,0.0024,0.0
7965,-100,-35.0,40.0,1.0,13.0,-74.0,23.0,-97,100.0,0.0,2.065641,0.091277,0.0033,0.0
7966,-100,-35.0,40.0,1.25,1.0,,,,100.0,0.0,0.0,0.0,0.0,0.0
7967,-100,-35.0,40.0,1.25,2.5,,,,100.0,0.0,0.0,0.0,0.0,0.0
7968,-100,-35.0,40.0,1.25,4.0,,,,100.0,0.0,0.0,0.0,0.0,0.0
7969,-100,-35.0,40.0,1.25,5.5,,,,100.0,0.0,0.0,0.0,0.0,0.0
7970,-100,-35.0,40.0,1.25,7.0,,,,100.0,0.0,0.0,0.0,0.0,0.0
7971,-100,-35.0,40.0,1.25,8.5,,,,100.0,0.0,0.0,0.0,0.0,0.0
7972,-100,-35.0,40.0,1.25,10.0,-83.0,0.0,-83,100.0,0.0,3.763334,0.0,0.0024,0.0
7973,-100,-35.0,40.0,1.25,11.5,-75.72,6.414,-87,100.0,0.0,2.470285,0.800289,0.0087,0.0
7974,-100,-35.0,40.0,1.25,13.0,-81.92,12.5355,-100,99.99,0.01,3.574224,1.471723,0.0169,0.0
7975,-100,-35.0,40.0,1.5,1.0,,,,100.0,0.0,0.0,0.0,0.0,0.0
7976,-100,-35.0,40.0,1.5,2.5,,,,100.0,0.0,0.0,0.0,0.0,0.0
7977,-100,-35.0,40.0,1.5,4.0,,,,100.0,0.0,0.0,0.0,0.0,0.0
7978,-100,-35.0,40.0,1.5,5.5,,,,100.0,0.0,0.0,0.0,0.0,0.0
7979,-100,-35.0,40.0,1.5,7.0,,,,100.0,0.0,0.0,0.0,0.0,0.0
7980,-100,-35.0,40.0,1.5,8.5,,,,100.0,0.0,0.0,0.0,0.0,0.0
7981,-100,-35.0,40.0,1.5,10.0,-78.0,0.0,-78,100.0,0.0,8.607061,0.0,0.0024,0.0
7984,-100,-35.0,40.0,1.75,1.0,,,,100.0,0.0,0.0,0.0,0.0,0.0
7982,-100,-35.0,40.0,1.5,11.5,-77.36,9.5886,-92,99.99,0.01,3.040956,0.60433,0.0234,0.0
7983,-100,-35.0,40.0,1.5,13.0,-80.34,9.9208,-100,99.96,0.05,2.532507,0.79266,0.0778,0.0
7985,-100,-35.0,40.0,1.75,2.5,,,,100.0,0.0,0.0,0.0,0.0,0.0
7986,-100,-35.0,40.0,1.75,4.0,,,,100.0,0.0,0.0,0.0,0.0,0.0
7987,-100,-35.0,40.0,1.75,5.5,,,,100.0,0.0,0.0,0.0,0.0,0.0
7988,-100,-35.0,40.0,1.75,7.0,,,,100.0,0.0,0.0,0.0,0.0,0.0
7989,-100,-35.0,40.0,1.75,8.5,-69.0,0.8165,-70,100.0,0.0,4.071757,0.242938,0.0073,0.0
7990,-100,-35.0,40.0,1.75,10.0,-66.78,10.1109,-83,99.99,0.01,4.091606,1.173931,0.0245,0.0
7991,-100,-35.0,40.0,1.75,11.5,-73.81,13.4128,-95,99.98,0.02,3.010839,0.983733,0.0339,0.0
7992,-100,-35.0,40.0,1.75,13.0,-79.33,13.0577,-100,99.94,0.08,2.899314,1.74435,0.1444,0.0
7993,-100,-35.0,40.0,2.0,1.0,,,,100.0,0.0,0.0,0.0,0.0,0.0
7994,-100,-35.0,40.0,2.0,2.5,,,,100.0,0.0,0.0,0.0,0.0,0.0
7995,-100,-35.0,40.0,2.0,4.0,,,,100.0,0.0,0.0,0.0,0.0,0.0
7996,-100,-35.0,40.0,2.0,5.5,,,,100.0,0.0,0.0,0.0,0.0,0.0
7997,-100,-35.0,40.0,2.0,7.0,,,,100.0,0.0,0.0,0.0,0.0,0.0
7998,-100,-35.0,40.0,2.0,8.5,-71.65,7.0253,-79,99.99,0.01,1.765142,0.459308,0.0243,0.0
7999,-100,-35.0,40.0,2.0,10.0,-70.79,10.373,-93,99.97,0.04,2.723035,0.92369,0.0963,0.0
8000,-100,-35.0,40.0,2.0,11.5,-72.22,9.7892,-100,99.94,0.07,3.662734,1.327927,0.0897,0.0
8001,-100,-35.0,40.0,2.0,13.0,-74.82,13.1083,-100,99.84,0.19,3.968615,1.958714,0.1877,0.0
8002,-100,-35.0,40.0,2.25,1.0,,,,100.0,0.0,0.0,0.0,0.0,0.0
8003,-100,-35.0,40.0,2.25,2.5,,,,100.0,0.0,0.0,0.0,0.0,0.0
8004,-100,-35.0,40.0,2.25,4.0,,,,100.0,0.0,0.0,0.0,0.0,0.0
8005,-100,-35.0,40.0,2.25,5.5,,,,100.0,0.0,0.0,0.0,0.0,0.0
8006,-100,-35.0,40.0,2.25,7.0,-55.0,2.958,-60,100.0,0.0,4.811479,0.899917,0.0076,0.0
8007,-100,-35.0,40.0,2.25,8.5,-64.63,8.3581,-73,99.96,0.05,2.703161,0.753748,0.1479,0.0
8008,-100,-35.0,40.0,2.25,10.0,-66.23,10.695,-89,99.88,0.15,3.127116,1.259459,0.3173,0.0
8009,-100,-35.0,40.0,2.25,11.5,-71.29,11.782,-98,99.75,0.3,2.650438,1.081973,0.6521,0.0
8011,-100,-35.0,40.0,2.5,1.0,,,,100.0,0.0,0.0,0.0,0.0,0.0
8010,-100,-35.0,40.0,2.25,13.0,-69.44,13.6535,-100,99.56,0.53,3.019623,1.322716,0.913,0.0
8012,-100,-35.0,40.0,2.5,2.5,,,,100.0,0.0,0.0,0.0,0.0,0.0
8013,-100,-35.0,40.0,2.5,4.0,,,,100.0,0.0,0.0,0.0,0.0,0.0
8014,-100,-35.0,40.0,2.5,5.5,-55.25,3.7417,-59,100.0,0.0,2.719282,0.618305,0.0053,0.0
8015,-100,-35.0,40.0,2.5,7.0,-55.7,6.2139,-74,99.95,0.06,2.591068,0.646595,0.1742,0.0
8016,-100,-35.0,40.0,2.5,8.5,-60.64,8.9871,-80,99.89,0.13,3.155611,1.621307,0.2776,0.0
8017,-100,-35.0,40.0,2.5,10.0,-66.3,10.6434,-100,99.81,0.22,4.525586,1.514726,0.4279,0.0
8018,-100,-35.0,40.0,2.5,11.5,-67.59,12.2114,-93,99.54,0.55,4.031558,1.170701,0.9909,0.0
8019,-100,-35.0,40.0,2.5,13.0,-70.15,14.0897,-100,99.19,0.98,3.558957,1.242792,1.4463,0.0001
8020,-100,-35.0,40.0,2.75,1.0,,,,100.0,0.0,0.0,0.0,0.0,0.0
8021,-100,-35.0,40.0,2.75,2.5,,,,100.0,0.0,0.0,0.0,0.0,0.0
8022,-100,-35.0,40.0,2.75,4.0,-53.5,0.5,-54,100.0,0.0,2.402891,0.472852,0.0049,0.0
8023,-100,-35.0,40.0,2.75,5.5,-52.0,5.412,-59,99.99,0.02,5.467685,1.410011,0.0511,0.0
8024,-100,-35.0,40.0,2.75,7.0,-54.96,7.0995,-69,99.82,0.21,2.343181,0.728456,0.6195,0.0
8025,-100,-35.0,40.0,2.75,8.5,-57.64,8.4996,-77,99.53,0.57,2.590059,1.208798,1.4081,0.0
8026,-100,-35.0,40.0,2.75,10.0,-65.4,10.9498,-89,99.46,0.65,3.088047,1.083814,1.5962,0.0
8027,-100,-35.0,40.0,2.75,11.5,-65.8,12.7715,-97,98.98,1.23,3.248874,1.903855,2.4707,0.0001
8028,-100,-35.0,40.0,2.75,13.0,-66.44,14.3003,-100,98.97,1.24,4.344564,1.699701,1.556,0.0001
8029,-100,-35.0,40.0,3.0,1.0,-43.0,0.8165,-44,100.0,0.0,3.46705,0.598162,0.0073,0.0
8030,-100,-35.0,40.0,3.0,2.5,-44.88,1.7436,-47,100.0,0.0,5.174407,1.310773,0.0099,0.0
8031,-100,-35.0,40.0,3.0,4.0,-44.54,4.8576,-58,99.97,0.03,4.7667,1.08548,0.1118,0.0
8032,-100,-35.0,40.0,3.0,5.5,-51.33,5.4857,-64,99.79,0.25,2.681782,1.068503,0.8571,0.0
8033,-100,-35.0,40.0,3.0,7.0,-52.23,7.274,-72,99.53,0.57,2.433962,0.861035,1.7606,0.0
8034,-100,-35.0,40.0,3.0,8.5,-56.48,8.8795,-75,99.32,0.82,3.40998,1.387334,1.6631,0.0
8035,-100,-35.0,40.0,3.0,10.0,-61.43,11.0073,-93,98.92,1.3,3.315929,0.996991,2.37,0.0
8036,-100,-35.0,40.0,3.0,11.5,-63.95,12.58,-98,98.34,1.99,2.965617,1.453994,3.1996,0.0001
8037,-100,-35.0,40.0,3.0,13.0,-64.17,14.5792,-100,98.24,2.11,3.971895,1.109334,2.2515,0.0008
8038,-100,-35.0,40.0,3.25,1.0,-41.41,1.2991,-45,99.73,0.33,2.487192,0.619419,1.1831,0.0
8039,-100,-35.0,40.0,3.25,2.5,-41.56,2.6427,-47,99.76,0.28,4.095107,0.966022,1.0075,0.0
8040,-100,-35.0,40.0,3.25,4.0,-43.98,4.4057,-60,99.7,0.36,4.284559,1.152274,1.0395,0.0
8041,-100,-35.0,40.0,3.25,5.5,-48.67,6.5404,-67,99.39,0.74,4.020292,1.48952,2.1378,0.0
8042,-100,-35.0,40.0,3.25,7.0,-51.82,8.3503,-72,98.57,1.71,2.342148,1.00815,4.1822,0.0
8043,-100,-35.0,40.0,3.25,8.5,-55.93,10.0925,-78,98.37,1.95,2.742749,1.2815,4.0574,0.0
8044,-100,-35.0,40.0,3.25,10.0,-62.07,11.5702,-89,98.36,1.97,3.735975,1.768318,2.9023,0.0
8045,-100,-35.0,40.0,3.25,11.5,-61.85,13.332,-100,97.41,3.11,3.040289,1.440792,4.6755,0.0003
8047,-100,-35.0,40.0,3.5,1.0,-38.68,1.4219,-44,99.56,0.52,3.107248,0.891415,1.8028,0.0
8046,-100,-35.0,40.0,3.25,13.0,-60.61,15.4338,-100,97.52,2.98,4.06612,1.884972,3.5834,0.0007
8048,-100,-35.0,40.0,3.5,2.5,-37.29,2.8225,-47,98.91,1.31,1.942931,1.4901,4.6809,0.0
8049,-100,-35.0,40.0,3.5,4.0,-44.09,4.7861,-56,99.13,1.04,3.8167,1.229985,2.4799,0.0
8050,-100,-35.0,40.0,3.5,5.5,-47.61,6.456,-70,98.28,2.06,2.213169,1.340303,5.327,0.0
8051,-100,-35.0,40.0,3.5,7.0,-52.83,8.7883,-79,98.23,2.13,2.652144,1.102769,4.3427,0.0
8052,-100,-35.0,40.0,3.5,8.5,-54.72,10.3462,-81,97.83,2.61,2.834957,1.856922,5.1192,0.0
8053,-100,-35.0,40.0,3.5,10.0,-59.35,12.3859,-92,96.96,3.64,2.869315,2.020253,6.5243,0.0
8054,-100,-35.0,40.0,3.5,11.5,-56.83,14.0289,-94,96.4,4.32,2.946199,1.485925,5.2299,0.0008
8055,-100,-35.0,40.0,3.5,13.0,-58.44,15.02,-100,95.4,5.52,2.637329,1.266176,6.0183,0.002
8056,-100,-35.0,40.0,3.75,1.0,-35.5,2.9943,-44,96.88,3.75,0.824334,1.073683,11.3387,0.0
8057,-100,-35.0,40.0,3.75,2.5,-41.72,4.1055,-56,98.19,2.17,2.128172,1.441368,5.9711,0.0
8060,-100,-35.0,40.0,3.75,7.0,-50.11,8.9868,-70,96.72,3.94,2.178611,1.262928,7.2472,0.0
8058,-100,-35.0,40.0,3.75,4.0,-42.2,5.4249,-58,97.08,3.5,1.430532,1.586204,9.548,0.0
8059,-100,-35.0,40.0,3.75,5.5,-43.84,6.9172,-63,96.82,3.81,1.817444,1.740595,8.7077,0.0
8061,-100,-35.0,40.0,3.75,8.5,-53.64,10.1592,-81,95.67,5.19,2.105319,1.782439,7.7788,0.0
8062,-100,-35.0,40.0,3.75,10.0,-54.38,12.2214,-86,95.15,5.82,2.185659,1.407469,8.0857,0.0002
8063,-100,-35.0,40.0,3.75,11.5,-56.57,14.4741,-98,95.07,5.92,2.558257,1.680743,7.4862,0.0007
8064,-100,-35.0,40.0,3.75,13.0,-55.37,16.2867,-100,93.54,7.75,2.43138,1.663073,9.0986,0.0028
8065,-100,-35.0,40.0,4.0,1.0,-34.61,3.9458,-43,95.34,5.6,0.600409,0.533171,13.793,0.0
8066,-100,-35.0,40.0,4.0,2.5,-38.46,4.4741,-49,94.94,6.07,0.763679,0.847931,13.9874,0.0
8067,-100,-35.0,40.0,4.0,4.0,-39.86,6.1757,-55,95.05,5.94,1.31373,1.52261,12.2422,0.0
8068,-100,-35.0,40.0,4.0,5.5,-42.91,8.5534,-66,95.4,5.52,1.571685,1.72414,11.7265,0.0
8070,-100,-35.0,40.0,4.0,8.5,-51.77,11.9484,-85,94.48,6.63,2.086556,1.568985,9.6433,0.0
8069,-100,-35.0,40.0,4.0,7.0,-48.98,10.081,-75,93.44,7.87,1.285492,1.647371,13.9748,0.0
8071,-100,-35.0,40.0,4.0,10.0,-53.28,13.201,-90,93.31,8.03,1.872009,1.604393,11.9045,0.0002
8072,-100,-35.0,40.0,4.0,11.5,-52.55,15.3461,-97,93.1,8.27,2.275644,1.706414,10.6049,0.0017
8073,-100,-35.0,40.0,4.0,13.0,-53.05,17.4727,-100,92.11,9.47,2.230255,1.821108,11.4771,0.0034
8074,-100,-35.0,40.0,4.25,1.0,-34.43,5.0639,-44,93.27,8.08,0.739914,0.945767,15.9926,0.0
8075,-100,-35.0,40.0,4.25,2.5,-34.16,6.1593,-47,92.43,9.08,0.786275,0.757823,16.1888,0.0
8076,-100,-35.0,40.0,4.25,4.0,-37.6,7.177,-54,93.26,8.08,1.291089,1.532396,14.2887,0.0
8077,-100,-35.0,40.0,4.25,5.5,-43.28,9.0035,-67,93.38,7.94,1.150392,1.793915,15.5033,0.0
8078,-100,-35.0,40.0,4.25,7.0,-47.31,10.4378,-70,92.27,9.27,1.481249,1.212158,12.8845,0.0
8079,-100,-35.0,40.0,4.25,8.5,-49.22,12.4235,-85,92.45,9.06,1.825262,1.606474,12.6291,0.0001
8080,-100,-35.0,40.0,4.25,10.0,-49.49,14.2651,-97,91.45,10.25,1.765626,1.462855,13.082,0.0018
8081,-100,-35.0,40.0,4.25,11.5,-49.45,15.3318,-100,91.47,10.24,2.159768,1.651812,9.915,0.0013
8082,-100,-35.0,40.0,4.25,13.0,-49.89,17.3346,-100,90.85,10.98,2.238787,1.676862,10.7935,0.0094
8083,-100,-35.0,40.0,4.5,1.0,-33.43,7.6381,-46,90.44,11.47,0.699739,0.860226,18.4329,0.0
8084,-100,-35.0,40.0,4.5,2.5,-33.55,7.1607,-49,89.65,12.42,0.652702,0.775635,19.4531,0.0
8085,-100,-35.0,40.0,4.5,4.0,-37.52,8.7672,-56,91.03,10.77,0.993967,1.119297,16.872,0.0
8086,-100,-35.0,40.0,4.5,5.5,-41.05,9.2851,-63,90.75,11.1,1.237477,1.340982,15.3828,0.0
8087,-100,-35.0,40.0,4.5,7.0,-46.17,11.6855,-71,90.62,11.26,1.363916,1.24184,14.7292,0.0
8088,-100,-35.0,40.0,4.5,8.5,-46.37,12.6007,-79,89.99,12.01,1.490719,1.75214,15.5983,0.001
8089,-100,-35.0,40.0,4.5,10.0,-47.32,15.5644,-94,90.72,11.14,1.885713,1.59594,12.8445,0.001
8090,-100,-35.0,40.0,4.5,11.5,-47.73,16.2924,-93,89.69,12.37,1.989232,1.656789,12.9104,0.0061
8092,-100,-35.0,40.0,4.75,1.0,-31.28,7.9416,-45,90.31,11.63,0.887563,1.157244,17.7187,0.0
8091,-100,-35.0,40.0,4.5,13.0,-47.01,17.6843,-100,87.3,15.24,1.767229,1.700426,14.6566,0.0085
8093,-100,-35.0,40.0,4.75,2.5,-33.69,8.6683,-50,89.22,12.94,0.91762,0.798175,17.7557,0.0
8094,-100,-35.0,40.0,4.75,4.0,-36.88,9.1743,-56,89.19,12.97,1.085028,1.483224,17.5833,0.0
8095,-100,-35.0,40.0,4.75,5.5,-38.27,10.1284,-67,88.15,14.22,1.075071,0.993612,16.9593,0.0
8096,-100,-35.0,40.0,4.75,7.0,-44.99,12.5815,-77,88.51,13.78,1.272413,1.306048,16.65,0.0001
8097,-100,-35.0,40.0,4.75,8.5,-44.5,14.2936,-79,87.9,14.53,1.441031,1.298039,15.5913,0.0008
8098,-100,-35.0,40.0,4.75,10.0,-44.4,14.8399,-95,86.8,15.83,1.497369,1.35932,15.6508,0.0012
8099,-100,-35.0,40.0,4.75,11.5,-44.41,17.2513,-90,86.87,15.76,1.761377,1.447603,14.0775,0.0067
8100,-100,-35.0,40.0,4.75,13.0,-44.31,18.5366,-100,86.6,16.08,1.891878,1.615739,12.7773,0.0138
8101,-100,-35.0,40.0,5.0,1.0,-29.67,9.7117,-46,88.11,14.26,0.901519,0.784848,18.0113,0.0
8102,-100,-35.0,40.0,5.0,2.5,-32.89,10.3511,-51,88.15,14.22,0.980558,1.170999,18.4744,0.0
8103,-100,-35.0,40.0,5.0,4.0,-34.43,10.0033,-54,88.13,14.25,1.12311,1.193325,17.4035,0.0
8104,-100,-35.0,40.0,5.0,5.5,-39.53,11.6253,-62,86.04,16.76,1.118931,1.058626,18.0647,0.0
8105,-100,-35.0,40.0,5.0,7.0,-40.78,12.7521,-71,86.66,16.01,1.385131,1.316275,16.5542,0.0
8106,-100,-35.0,40.0,5.0,8.5,-41.79,15.6658,-80,87.01,15.59,1.59919,1.298832,14.5163,0.0009
8110,-100,-35.0,50.0,1.0,1.0,,,,100.0,0.0,0.0,0.0,0.0,0.0
8111,-100,-35.0,50.0,1.0,2.5,,,,100.0,0.0,0.0,0.0,0.0,0.0
8107,-100,-35.0,40.0,5.0,10.0,-41.55,15.7855,-86,86.16,16.62,1.704209,1.475978,14.5645,0.0061
8108,-100,-35.0,40.0,5.0,11.5,-41.56,17.5618,-95,85.79,17.05,1.776609,1.632208,14.0616,0.0164
8112,-100,-35.0,50.0,1.0,4.0,,,,100.0,0.0,0.0,0.0,0.0,0.0
8113,-100,-35.0,50.0,1.0,5.5,,,,100.0,0.0,0.0,0.0,0.0,0.0
8114,-100,-35.0,50.0,1.0,7.0,,,,100.0,0.0,0.0,0.0,0.0,0.0
8109,-100,-35.0,40.0,5.0,13.0,-41.09,20.2558,-97,85.61,17.27,1.960675,1.551541,12.4812,0.0161
8115,-100,-35.0,50.0,1.0,8.5,,,,100.0,0.0,0.0,0.0,0.0,0.0
8116,-100,-35.0,50.0,1.0,10.0,,,,100.0,0.0,0.0,0.0,0.0,0.0
8117,-100,-35.0,50.0,1.0,11.5,-72.0,2.9439,-76,100.0,0.0,2.669707,0.338168,0.004,0.0
8118,-100,-35.0,50.0,1.0,13.0,-76.14,12.2233,-99,99.99,0.01,3.033999,0.908805,0.0132,0.0
8119,-100,-35.0,50.0,1.25,1.0,,,,100.0,0.0,0.0,0.0,0.0,0.0
8120,-100,-35.0,50.0,1.25,2.5,,,,100.0,0.0,0.0,0.0,0.0,0.0
8121,-100,-35.0,50.0,1.25,4.0,,,,100.0,0.0,0.0,0.0,0.0,0.0
8122,-100,-35.0,50.0,1.25,5.5,,,,100.0,0.0,0.0,0.0,0.0,0.0
8123,-100,-35.0,50.0,1.25,7.0,,,,100.0,0.0,0.0,0.0,0.0,0.0
8124,-100,-35.0,50.0,1.25,8.5,,,,100.0,0.0,0.0,0.0,0.0,0.0
8125,-100,-35.0,50.0,1.25,10.0,-90.0,0.0,-90,100.0,0.0,1.583628,0.0,0.0024,0.0
8126,-100,-35.0,50.0,1.25,11.5,-74.4,6.0811,-85,100.0,0.0,2.475515,1.448163,0.0124,0.0
8128,-100,-35.0,50.0,1.5,1.0,,,,100.0,0.0,0.0,0.0,0.0,0.0
8129,-100,-35.0,50.0,1.5,2.5,,,,100.0,0.0,0.0,0.0,0.0,0.0
8127,-100,-35.0,50.0,1.25,13.0,-81.28,11.0419,-100,99.98,0.02,3.632138,1.394567,0.0263,0.0
8130,-100,-35.0,50.0,1.5,4.0,,,,100.0,0.0,0.0,0.0,0.0,0.0
8131,-100,-35.0,50.0,1.5,5.5,,,,100.0,0.0,0.0,0.0,0.0,0.0
8132,-100,-35.0,50.0,1.5,7.0,,,,100.0,0.0,0.0,0.0,0.0,0.0
8133,-100,-35.0,50.0,1.5,8.5,,,,100.0,0.0,0.0,0.0,0.0,0.0
8134,-100,-35.0,50.0,1.5,10.0,-68.56,9.9903,-75,100.0,0.0,4.012223,1.691721,0.0087,0.0
8135,-100,-35.0,50.0,1.5,11.5,-76.22,10.96,-98,99.98,0.02,3.69356,1.251514,0.0437,0.0
8136,-100,-35.0,50.0,1.5,13.0,-76.79,12.5234,-97,99.96,0.05,3.629984,1.524622,0.0636,0.0
8137,-100,-35.0,50.0,1.75,1.0,,,,100.0,0.0,0.0,0.0,0.0,0.0
8138,-100,-35.0,50.0,1.75,2.5,,,,100.0,0.0,0.0,0.0,0.0,0.0
8140,-100,-35.0,50.0,1.75,5.5,,,,100.0,0.0,0.0,0.0,0.0,0.0
8139,-100,-35.0,50.0,1.75,4.0,,,,100.0,0.0,0.0,0.0,0.0,0.0
8141,-100,-35.0,50.0,1.75,7.0,,,,100.0,0.0,0.0,0.0,0.0,0.0
8142,-100,-35.0,50.0,1.75,8.5,-51.5,8.5,-60,100.0,0.0,2.184215,0.499659,0.0049,0.0
8143,-100,-35.0,50.0,1.75,10.0,-68.56,8.8801,-82,99.98,0.02,3.135905,1.687191,0.0497,0.0
8144,-100,-35.0,50.0,1.75,11.5,-77.19,11.7267,-100,99.95,0.06,3.235646,1.168519,0.1021,0.0
8145,-100,-35.0,50.0,1.75,13.0,-76.81,12.705,-100,99.9,0.12,2.873475,1.398917,0.2187,0.0
8146,-100,-35.0,50.0,2.0,1.0,,,,100.0,0.0,0.0,0.0,0.0,0.0
8147,-100,-35.0,50.0,2.0,2.5,,,,100.0,0.0,0.0,0.0,0.0,0.0
8148,-100,-35.0,50.0,2.0,4.0,,,,100.0,0.0,0.0,0.0,0.0,0.0
8149,-100,-35.0,50.0,2.0,5.5,,,,100.0,0.0,0.0,0.0,0.0,0.0
8150,-100,-35.0,50.0,2.0,7.0,,,,100.0,0.0,0.0,0.0,0.0,0.0
8153,-100,-35.0,50.0,2.0,11.5,-74.86,12.5406,-100,99.88,0.14,3.442256,1.446483,0.2602,0.0
8151,-100,-35.0,50.0,2.0,8.5,-61.66,7.5275,-81,99.99,0.01,2.672952,1.401111,0.034,0.0
8152,-100,-35.0,50.0,2.0,10.0,-67.86,11.3109,-85,99.96,0.04,3.285522,0.848429,0.1108,0.0
8154,-100,-35.0,50.0,2.0,13.0,-73.38,13.5379,-100,99.72,0.34,4.280189,2.175482,0.4374,0.0
8155,-100,-35.0,50.0,2.25,1.0,,,,100.0,0.0,0.0,0.0,0.0,0.0
8156,-100,-35.0,50.0,2.25,2.5,,,,100.0,0.0,0.0,0.0,0.0,0.0
8157,-100,-35.0,50.0,2.25,4.0,,,,100.0,0.0,0.0,0.0,0.0,0.0
8158,-100,-35.0,50.0,2.25,5.5,-53.0,5.7155,-60,100.0,0.0,4.021919,0.687145,0.0073,0.0
8159,-100,-35.0,50.0,2.25,7.0,-56.75,6.2099,-67,99.98,0.02,2.648802,0.63527,0.0452,0.0
8160,-100,-35.0,50.0,2.25,8.5,-64.43,10.0126,-78,99.97,0.04,5.053815,1.227115,0.1154,0.0
8161,-100,-35.0,50.0,2.25,10.0,-64.03,11.4414,-90,99.84,0.19,3.902065,1.050245,0.4223,0.0
8162,-100,-35.0,50.0,2.25,11.5,-69.9,12.3421,-97,99.77,0.28,4.467409,1.212374,0.4449,0.0
8164,-100,-35.0,50.0,2.5,1.0,,,,100.0,0.0,0.0,0.0,0.0,0.0
8165,-100,-35.0,50.0,2.5,2.5,,,,100.0,0.0,0.0,0.0,0.0,0.0
8163,-100,-35.0,50.0,2.25,13.0,-69.57,14.1098,-100,99.22,0.93,3.239762,1.535288,1.5544,0.0001
8166,-100,-35.0,50.0,2.5,4.0,,,,100.0,0.0,0.0,0.0,0.0,0.0
8167,-100,-35.0,50.0,2.5,5.5,-51.0,8.0,-60,100.0,0.01,5.448568,1.039797,0.0194,0.0
8168,-100,-35.0,50.0,2.5,7.0,-59.76,7.1904,-74,99.95,0.06,3.845091,2.543639,0.1418,0.0
8169,-100,-35.0,50.0,2.5,8.5,-61.38,8.9708,-79,99.74,0.31,3.081724,0.806309,0.7687,0.0
8170,-100,-35.0,50.0,2.5,10.0,-64.95,11.089,-90,99.79,0.25,5.510618,1.900482,0.4271,0.0
8171,-100,-35.0,50.0,2.5,11.5,-67.89,11.7494,-93,99.25,0.9,2.703827,1.133164,1.4872,0.0002
8172,-100,-35.0,50.0,2.5,13.0,-67.07,14.1057,-100,98.83,1.41,3.199135,1.831918,2.1519,0.0004
8173,-100,-35.0,50.0,2.75,1.0,-44.0,0.0,-44,100.0,0.0,1.10706,0.0,0.0024,0.0
8174,-100,-35.0,50.0,2.75,2.5,,,,100.0,0.0,0.0,0.0,0.0,0.0
8176,-100,-35.0,50.0,2.75,5.5,-54.24,5.807,-61,99.9,0.12,4.99529,1.398699,0.405,0.0
8175,-100,-35.0,50.0,2.75,4.0,-45.63,4.1396,-55,99.96,0.04,4.615092,1.05566,0.1504,0.0
8177,-100,-35.0,50.0,2.75,7.0,-54.04,7.5263,-74,99.77,0.27,4.009142,1.619707,0.6449,0.0
8178,-100,-35.0,50.0,2.75,8.5,-61.51,9.1632,-79,99.7,0.36,5.34772,1.502,0.7072,0.0
8179,-100,-35.0,50.0,2.75,10.0,-62.37,10.8076,-89,99.14,1.03,3.780972,1.463979,1.6899,0.0
8180,-100,-35.0,50.0,2.75,11.5,-63.03,12.4098,-100,98.73,1.53,3.941879,1.880494,1.8326,0.0
8181,-100,-35.0,50.0,2.75,13.0,-64.41,14.4714,-100,98.14,2.23,3.449028,2.229494,3.6005,0.0012
8182,-100,-35.0,50.0,3.0,1.0,-41.0,1.1421,-44,99.99,0.02,3.01617,0.744811,0.0559,0.0
8184,-100,-35.0,50.0,3.0,4.0,-45.33,4.2385,-56,99.88,0.15,6.011631,1.145721,0.4501,0.0
8183,-100,-35.0,50.0,3.0,2.5,-40.88,2.5388,-49,99.86,0.17,1.999691,0.475232,0.622,0.0
8185,-100,-35.0,50.0,3.0,5.5,-46.86,5.6571,-62,99.49,0.61,3.179034,1.573548,1.5584,0.0
8186,-100,-35.0,50.0,3.0,7.0,-55.5,7.4212,-74,99.21,0.94,3.794165,2.457599,1.7987,0.0
8188,-100,-35.0,50.0,3.0,10.0,-61.12,11.7391,-86,97.83,2.6,2.538984,1.158879,4.7021,0.0001
8187,-100,-35.0,50.0,3.0,8.5,-56.11,9.6954,-86,98.61,1.67,2.929564,1.552692,3.5328,0.0
8189,-100,-35.0,50.0,3.0,11.5,-61.77,13.1924,-99,98.07,2.32,3.564232,1.893214,3.5396,0.0008
8190,-100,-35.0,50.0,3.0,13.0,-60.9,15.4005,-100,97.02,3.57,3.206482,1.167386,3.8204,0.0012
8191,-100,-35.0,50.0,3.25,1.0,-37.36,1.575,-42,98.83,1.4,1.598886,1.135104,4.9716,0.0
8192,-100,-35.0,50.0,3.25,2.5,-38.15,2.603,-47,99.29,0.85,3.225396,1.851152,2.5994,0.0
8193,-100,-35.0,50.0,3.25,4.0,-47.12,4.5222,-57,99.37,0.75,2.564453,1.379718,2.4224,0.0
8194,-100,-35.0,50.0,3.25,5.5,-45.08,6.129,-60,98.1,2.28,1.734333,1.132355,5.8448,0.0
8195,-100,-35.0,50.0,3.25,7.0,-51.86,7.5963,-75,98.12,2.26,2.799914,1.863096,4.6601,0.0
8196,-100,-35.0,50.0,3.25,8.5,-56.81,9.8889,-79,98.07,2.31,3.231385,2.231423,4.7128,0.0
8197,-100,-35.0,50.0,3.25,10.0,-58.0,11.8895,-92,97.07,3.51,2.937079,1.520134,5.2696,0.0
8198,-100,-35.0,50.0,3.25,11.5,-58.3,13.2416,-100,96.42,4.29,2.889207,1.15658,5.3442,0.0008
8199,-100,-35.0,50.0,3.25,13.0,-58.0,15.4665,-100,95.69,5.17,2.995516,2.370463,7.8754,0.0016
8200,-100,-35.0,50.0,3.5,1.0,-36.18,2.0257,-42,97.15,3.42,0.698635,1.190084,11.4143,0.0
8201,-100,-35.0,50.0,3.5,2.5,-41.58,3.5587,-49,97.75,2.7,1.370348,1.253227,8.1258,0.0
8202,-100,-35.0,50.0,3.5,4.0,-41.92,4.6198,-56,97.3,3.24,1.546595,1.798073,9.2178,0.0
8203,-100,-35.0,50.0,3.5,5.5,-45.77,7.1988,-64,97.12,3.46,1.953971,1.563685,7.4598,0.0
8204,-100,-35.0,50.0,3.5,7.0,-50.29,9.1081,-68,96.41,4.31,1.823236,1.635406,9.2578,0.0
8205,-100,-35.0,50.0,3.5,8.5,-54.58,11.0455,-86,95.95,4.85,2.301703,1.853378,8.5826,0.0
8206,-100,-35.0,50.0,3.5,10.0,-55.41,11.8569,-93,95.5,5.4,2.323998,1.648828,7.8356,0.0002
8207,-100,-35.0,50.0,3.5,11.5,-55.51,14.0755,-98,94.36,6.76,2.408808,1.64836,8.8699,0.0015
8208,-100,-35.0,50.0,3.5,13.0,-55.47,16.8416,-100,94.74,6.31,3.079907,1.692993,6.5914,0.003
8209,-100,-35.0,50.0,3.75,1.0,-38.3,2.62,-45,95.74,5.11,0.684862,0.59511,12.7744,0.0
8210,-100,-35.0,50.0,3.75,2.5,-38.05,4.3804,-47,95.15,5.83,0.966272,0.768496,12.1591,0.0
8211,-100,-35.0,50.0,3.75,4.0,-42.64,6.5441,-62,95.34,5.59,1.253516,1.208136,11.3331,0.0
8212,-100,-35.0,50.0,3.75,5.5,-42.42,8.751,-63,94.84,6.19,1.447082,1.465369,11.6026,0.0
8213,-100,-35.0,50.0,3.75,7.0,-50.05,9.6427,-75,94.76,6.29,1.666484,1.385457,10.8307,0.0
8214,-100,-35.0,50.0,3.75,8.5,-52.0,11.526,-83,94.14,7.03,1.874169,1.67378,11.5436,0.0
8215,-100,-35.0,50.0,3.75,10.0,-51.81,13.2684,-90,93.38,7.95,1.912029,1.694784,11.8092,0.0002
8216,-100,-35.0,50.0,3.75,11.5,-52.5,14.5776,-100,93.2,8.17,2.429422,1.593279,9.1468,0.0011
8217,-100,-35.0,50.0,3.75,13.0,-52.6,17.1742,-100,92.15,9.42,2.290065,1.67534,10.5259,0.008
8218,-100,-35.0,50.0,4.0,1.0,-32.52,4.2508,-43,92.32,9.22,0.618835,0.579662,17.0775,0.0
8219,-100,-35.0,50.0,4.0,2.5,-37.54,5.5175,-48,93.18,8.18,0.978603,1.327833,15.7286,0.0
8220,-100,-35.0,50.0,4.0,4.0,-38.69,7.8106,-54,93.36,7.97,1.280558,1.101046,12.9381,0.0
8221,-100,-35.0,50.0,4.0,5.5,-44.35,8.2734,-69,92.36,9.16,1.307737,0.993834,13.184,0.0
8223,-100,-35.0,50.0,4.0,8.5,-48.53,11.7029,-81,92.46,9.05,1.912888,1.630826,11.6765,0.0001
8222,-100,-35.0,50.0,4.0,7.0,-46.47,9.63,-68,92.17,9.4,1.482455,1.545763,13.8579,0.0
8224,-100,-35.0,50.0,4.0,10.0,-48.84,14.4481,-84,92.95,8.46,2.496828,1.665451,8.8092,0.0016
8225,-100,-35.0,50.0,4.0,11.5,-48.43,15.4716,-100,90.93,10.89,2.167185,1.644013,11.095,0.0031
8226,-100,-35.0,50.0,4.0,13.0,-48.77,17.3818,-100,89.84,12.19,2.021752,2.074538,12.7077,0.0078
8227,-100,-35.0,50.0,4.25,1.0,-35.55,7.0453,-46,90.93,10.88,0.666581,0.709224,17.9402,0.0
8228,-100,-35.0,50.0,4.25,2.5,-35.94,7.0313,-49,90.41,11.5,0.779364,0.992585,18.2372,0.0
8229,-100,-35.0,50.0,4.25,4.0,-38.0,8.3418,-55,90.92,10.9,1.116377,1.188729,16.1735,0.0
8230,-100,-35.0,50.0,4.25,5.5,-43.49,8.9648,-66,89.17,13.0,0.929624,1.332567,18.9927,0.0
8231,-100,-35.0,50.0,4.25,7.0,-46.31,10.8865,-74,89.79,12.26,1.345489,1.352345,15.7223,0.0
8232,-100,-35.0,50.0,4.25,8.5,-46.7,12.5563,-80,90.05,11.94,1.694447,1.753729,14.8506,0.001
8233,-100,-35.0,50.0,4.25,10.0,-45.66,14.4818,-87,89.71,12.34,2.075763,1.374756,11.1346,0.0017
8234,-100,-35.0,50.0,4.25,11.5,-45.75,16.5478,-100,88.64,13.64,1.918705,1.71324,13.1261,0.007
8235,-100,-35.0,50.0,4.25,13.0,-45.54,17.9882,-100,88.81,13.44,2.335441,1.782756,10.7576,0.0139
8236,-100,-35.0,50.0,4.5,1.0,-30.77,7.5615,-44,88.64,13.63,0.887707,1.113594,19.0982,0.0
8237,-100,-35.0,50.0,4.5,2.5,-34.55,8.0354,-49,88.33,14.01,0.857186,0.935194,18.7956,0.0
8238,-100,-35.0,50.0,4.5,4.0,-38.21,9.4867,-56,88.16,14.2,1.00893,1.070716,18.1308,0.0
8239,-100,-35.0,50.0,4.5,5.5,-40.46,10.6858,-67,88.44,13.87,1.151754,1.236427,17.2252,0.0
8240,-100,-35.0,50.0,4.5,7.0,-41.72,11.9831,-70,87.72,14.73,1.36133,1.646645,17.6072,0.0
8241,-100,-35.0,50.0,4.5,8.5,-42.76,13.6981,-77,88.09,14.29,1.688631,1.806569,14.8259,0.0006
8242,-100,-35.0,50.0,4.5,10.0,-42.52,15.8397,-85,86.53,16.17,1.663954,1.300148,14.0961,0.0057
8243,-100,-35.0,50.0,4.5,11.5,-43.08,17.0582,-98,86.48,16.23,1.800489,1.418451,13.4843,0.0092
8244,-100,-35.0,50.0,4.5,13.0,-42.75,18.062,-97,85.73,17.12,1.913745,1.591856,12.5073,0.0128
8245,-100,-35.0,50.0,4.75,1.0,-30.62,8.4823,-49,85.71,17.14,0.841741,0.964303,20.0371,0.0
8247,-100,-35.0,50.0,4.75,4.0,-35.41,9.4764,-57,85.86,16.97,1.06751,0.91641,17.8334,0.0
8246,-100,-35.0,50.0,4.75,2.5,-30.78,9.4599,-49,86.83,15.8,0.928421,1.149984,19.4737,0.0
8248,-100,-35.0,50.0,4.75,5.5,-38.85,12.0866,-65,86.21,16.55,1.226218,1.180559,17.0717,0.0
8249,-100,-35.0,50.0,4.75,7.0,-40.31,12.9913,-76,85.86,16.97,1.385955,1.394958,16.4588,0.0008
8250,-100,-35.0,50.0,4.75,8.5,-39.64,14.3114,-83,84.24,18.92,1.398528,1.515431,17.1963,0.0076
8251,-100,-35.0,50.0,4.75,10.0,-39.35,16.1641,-81,84.26,18.89,1.654323,1.589569,16.0356,0.0103
8252,-100,-35.0,50.0,4.75,11.5,-39.22,16.9148,-95,84.57,18.52,1.87809,1.391407,11.9009,0.0199
8253,-100,-35.0,50.0,4.75,13.0,-39.27,18.7765,-100,83.18,20.19,1.749008,1.765683,14.6249,0.0187
8254,-100,-35.0,50.0,5.0,1.0,-28.06,9.6573,-43,85.24,17.71,0.964733,0.94546,18.9575,0.0
8255,-100,-35.0,50.0,5.0,2.5,-31.15,9.8507,-47,84.12,19.06,0.923947,0.804049,19.0885,0.0
8256,-100,-35.0,50.0,5.0,4.0,-36.49,11.5714,-64,83.22,20.14,1.086657,1.016042,18.7231,0.0001
8257,-100,-35.0,50.0,5.0,5.5,-36.5,13.0206,-65,83.4,19.92,1.201418,1.199152,18.4321,0.0003
8263,-100,-30.0,30.0,1.0,1.0,,,,100.0,0.0,0.0,0.0,0.0,0.0
8259,-100,-35.0,50.0,5.0,8.5,-36.53,15.3534,-80,82.8,20.64,1.500823,1.431416,15.3767,0.0055
8258,-100,-35.0,50.0,5.0,7.0,-36.73,13.7209,-70,83.23,20.13,1.329847,1.459766,17.5877,0.0035
8264,-100,-30.0,30.0,1.0,2.5,,,,100.0,0.0,0.0,0.0,0.0,0.0
8260,-100,-35.0,50.0,5.0,10.0,-36.66,17.0477,-85,82.84,20.6,1.640048,1.272599,13.3807,0.0137
8261,-100,-35.0,50.0,5.0,11.5,-36.36,18.2539,-94,82.33,21.2,1.737123,1.458894,12.9329,0.0218
8265,-100,-30.0,30.0,1.0,4.0,,,,100.0,0.0,0.0,0.0,0.0,0.0
8266,-100,-30.0,30.0,1.0,5.5,,,,100.0,0.0,0.0,0.0,0.0,0.0
8267,-100,-30.0,30.0,1.0,7.0,,,,100.0,0.0,0.0,0.0,0.0,0.0
8262,-100,-35.0,50.0,5.0,13.0,-36.8,19.2244,-100,83.01,20.4,1.888251,1.517054,12.834,0.0425
8268,-100,-30.0,30.0,1.0,8.5,,,,100.0,0.0,0.0,0.0,0.0,0.0
8272,-100,-30.0,30.0,1.25,1.0,,,,100.0,0.0,0.0,0.0,0.0,0.0
8269,-100,-30.0,30.0,1.0,10.0,,,,100.0,0.0,0.0,0.0,0.0,0.0
8273,-100,-30.0,30.0,1.25,2.5,,,,100.0,0.0,0.0,0.0,0.0,0.0
8271,-100,-30.0,30.0,1.0,13.0,-77.0,1.0,-78,100.0,0.0,2.103193,0.899316,0.0033,0.0
8270,-100,-30.0,30.0,1.0,11.5,,,,100.0,0.0,0.0,0.0,0.0,0.0
8274,-100,-30.0,30.0,1.25,4.0,,,,100.0,0.0,0.0,0.0,0.0,0.0
8275,-100,-30.0,30.0,1.25,5.5,,,,100.0,0.0,0.0,0.0,0.0,0.0
8276,-100,-30.0,30.0,1.25,7.0,,,,100.0,0.0,0.0,0.0,0.0,0.0
8277,-100,-30.0,30.0,1.25,8.5,,,,100.0,0.0,0.0,0.0,0.0,0.0
8278,-100,-30.0,30.0,1.25,10.0,,,,100.0,0.0,0.0,0.0,0.0,0.0
8279,-100,-30.0,30.0,1.25,11.5,-83.5,5.5,-89,100.0,0.0,2.582778,0.350669,0.0033,0.0
8280,-100,-30.0,30.0,1.25,13.0,-73.5,4.5,-78,100.0,0.0,3.147604,0.767316,0.0033,0.0
8281,-100,-30.0,30.0,1.5,1.0,,,,100.0,0.0,0.0,0.0,0.0,0.0
8282,-100,-30.0,30.0,1.5,2.5,,,,100.0,0.0,0.0,0.0,0.0,0.0
8284,-100,-30.0,30.0,1.5,5.5,,,,100.0,0.0,0.0,0.0,0.0,0.0
8283,-100,-30.0,30.0,1.5,4.0,,,,100.0,0.0,0.0,0.0,0.0,0.0
8285,-100,-30.0,30.0,1.5,7.0,,,,100.0,0.0,0.0,0.0,0.0,0.0
8286,-100,-30.0,30.0,1.5,8.5,,,,100.0,0.0,0.0,0.0,0.0,0.0
8287,-100,-30.0,30.0,1.5,10.0,,,,100.0,0.0,0.0,0.0,0.0,0.0
8288,-100,-30.0,30.0,1.5,11.5,-66.0,0.0,-66,100.0,0.0,4.891455,0.0,0.0024,0.0
8289,-100,-30.0,30.0,1.5,13.0,-80.58,13.1553,-100,100.0,0.0,3.160897,0.701929,0.0064,0.0
8290,-100,-30.0,30.0,1.75,1.0,,,,100.0,0.0,0.0,0.0,0.0,0.0
8291,-100,-30.0,30.0,1.75,2.5,,,,100.0,0.0,0.0,0.0,0.0,0.0
8292,-100,-30.0,30.0,1.75,4.0,,,,100.0,0.0,0.0,0.0,0.0,0.0
8293,-100,-30.0,30.0,1.75,5.5,,,,100.0,0.0,0.0,0.0,0.0,0.0
8294,-100,-30.0,30.0,1.75,7.0,,,,100.0,0.0,0.0,0.0,0.0,0.0
8296,-100,-30.0,30.0,1.75,10.0,-61.67,6.1283,-69,100.0,0.0,2.082043,0.427441,0.0073,0.0
8295,-100,-30.0,30.0,1.75,8.5,,,,100.0,0.0,0.0,0.0,0.0,0.0
8297,-100,-30.0,30.0,1.75,11.5,-70.33,4.1096,-75,100.0,0.0,2.494871,0.308339,0.0073,0.0
8298,-100,-30.0,30.0,1.75,13.0,-75.39,12.0306,-100,99.99,0.02,2.992405,1.327928,0.034,0.0
8299,-100,-30.0,30.0,2.0,1.0,,,,100.0,0.0,0.0,0.0,0.0,0.0
8300,-100,-30.0,30.0,2.0,2.5,,,,100.0,0.0,0.0,0.0,0.0,0.0
8301,-100,-30.0,30.0,2.0,4.0,,,,100.0,0.0,0.0,0.0,0.0,0.0
8302,-100,-30.0,30.0,2.0,5.5,,,,100.0,0.0,0.0,0.0,0.0,0.0
8303,-100,-30.0,30.0,2.0,7.0,,,,100.0,0.0,0.0,0.0,0.0,0.0
8304,-100,-30.0,30.0,2.0,8.5,,,,100.0,0.0,0.0,0.0,0.0,0.0
8305,-100,-30.0,30.0,2.0,10.0,-75.32,6.9337,-86,99.99,0.01,2.908965,1.39778,0.0267,0.0
8306,-100,-30.0,30.0,2.0,11.5,-60.72,10.2922,-83,99.99,0.01,2.156653,1.080328,0.0197,0.0
8308,-100,-30.0,30.0,2.25,1.0,,,,100.0,0.0,0.0,0.0,0.0,0.0
8307,-100,-30.0,30.0,2.0,13.0,-71.11,12.1783,-96,99.96,0.04,3.332034,1.040743,0.0768,0.0
8309,-100,-30.0,30.0,2.25,2.5,,,,100.0,0.0,0.0,0.0,0.0,0.0
8310,-100,-30.0,30.0,2.25,4.0,,,,100.0,0.0,0.0,0.0,0.0,0.0
8312,-100,-30.0,30.0,2.25,7.0,,,,100.0,0.0,0.0,0.0,0.0,0.0
8311,-100,-30.0,30.0,2.25,5.5,,,,100.0,0.0,0.0,0.0,0.0,0.0
8313,-100,-30.0,30.0,2.25,8.5,-67.0,0.0,-67,100.0,0.0,2.719364,0.0,0.0024,0.0
8314,-100,-30.0,30.0,2.25,10.0,-54.84,6.0207,-70,99.99,0.01,2.924011,1.973212,0.0389,0.0
8315,-100,-30.0,30.0,2.25,11.5,-68.18,10.523,-93,99.98,0.03,2.592942,1.091465,0.0727,0.0
8316,-100,-30.0,30.0,2.25,13.0,-69.3,13.3076,-100,99.93,0.08,4.306286,1.347943,0.1249,0.0
8317,-100,-30.0,30.0,2.5,1.0,,,,100.0,0.0,0.0,0.0,0.0,0.0
8318,-100,-30.0,30.0,2.5,2.5,,,,100.0,0.0,0.0,0.0,0.0,0.0
8319,-100,-30.0,30.0,2.5,4.0,,,,100.0,0.0,0.0,0.0,0.0,0.0
8320,-100,-30.0,30.0,2.5,5.5,,,,100.0,0.0,0.0,0.0,0.0,0.0
8321,-100,-30.0,30.0,2.5,7.0,,,,100.0,0.0,0.0,0.0,0.0,0.0
8322,-100,-30.0,30.0,2.5,8.5,-58.49,6.0174,-72,99.99,0.01,3.234454,0.900115,0.0223,0.0
8324,-100,-30.0,30.0,2.5,11.5,-67.63,10.3488,-94,99.93,0.08,2.833703,0.974056,0.1878,0.0
8323,-100,-30.0,30.0,2.5,10.0,-64.11,10.1741,-83,99.96,0.05,3.288059,1.609241,0.1105,0.0
8325,-100,-30.0,30.0,2.5,13.0,-72.5,13.9905,-100,99.8,0.23,2.809702,0.911259,0.5043,0.0
8326,-100,-30.0,30.0,2.75,1.0,,,,100.0,0.0,0.0,0.0,0.0,0.0
8327,-100,-30.0,30.0,2.75,2.5,,,,100.0,0.0,0.0,0.0,0.0,0.0
8328,-100,-30.0,30.0,2.75,4.0,,,,100.0,0.0,0.0,0.0,0.0,0.0
8330,-100,-30.0,30.0,2.75,7.0,-51.2,1.9391,-54,100.0,0.0,4.028277,1.317623,0.0121,0.0
8329,-100,-30.0,30.0,2.75,5.5,,,,100.0,0.0,0.0,0.0,0.0,0.0
8332,-100,-30.0,30.0,2.75,10.0,-66.42,10.0015,-83,99.89,0.13,3.150612,0.872414,0.3212,0.0
8331,-100,-30.0,30.0,2.75,8.5,-50.84,8.7508,-69,99.97,0.03,4.005357,1.078961,0.0905,0.0
8333,-100,-30.0,30.0,2.75,11.5,-63.77,12.0383,-99,99.81,0.23,3.606884,1.620974,0.5441,0.0
8334,-100,-30.0,30.0,2.75,13.0,-69.24,13.7004,-100,99.58,0.5,3.364578,1.877601,0.9137,0.0
8335,-100,-30.0,30.0,3.0,1.0,,,,100.0,0.0,0.0,0.0,0.0,0.0
8336,-100,-30.0,30.0,3.0,2.5,,,,100.0,0.0,0.0,0.0,0.0,0.0
8337,-100,-30.0,30.0,3.0,4.0,-46.67,5.3125,-53,100.0,0.0,2.859692,0.32485,0.0073,0.0
8338,-100,-30.0,30.0,3.0,5.5,-45.0,0.0,-45,100.0,0.0,4.824282,0.0,0.0024,0.0
8339,-100,-30.0,30.0,3.0,7.0,-48.95,7.9534,-65,99.95,0.06,3.561705,0.823744,0.1942,0.0
8340,-100,-30.0,30.0,3.0,8.5,-55.79,8.7821,-74,99.89,0.13,3.250236,1.16661,0.3438,0.0
8341,-100,-30.0,30.0,3.0,10.0,-60.93,10.231,-79,99.79,0.25,3.813462,1.283866,0.5439,0.0
8342,-100,-30.0,30.0,3.0,11.5,-64.34,12.3948,-95,99.46,0.65,2.567853,1.006077,1.3484,0.0
8344,-100,-30.0,30.0,3.25,1.0,,,,100.0,0.0,0.0,0.0,0.0,0.0
8343,-100,-30.0,30.0,3.0,13.0,-63.51,14.2656,-100,99.42,0.7,3.540001,1.224599,1.3392,0.0
8345,-100,-30.0,30.0,3.25,2.5,,,,100.0,0.0,0.0,0.0,0.0,0.0
8346,-100,-30.0,30.0,3.25,4.0,-45.38,4.8718,-56,100.0,0.01,3.321081,0.487052,0.0195,0.0
8348,-100,-30.0,30.0,3.25,7.0,-48.51,7.3529,-60,99.83,0.2,4.160298,0.93145,0.6515,0.0
8347,-100,-30.0,30.0,3.25,5.5,-46.64,5.5132,-60,99.94,0.07,1.548474,1.04183,0.2573,0.0
8349,-100,-30.0,30.0,3.25,8.5,-55.4,7.9744,-72,99.83,0.21,3.101209,1.156131,0.5539,0.0
8350,-100,-30.0,30.0,3.25,10.0,-59.51,11.0932,-78,99.62,0.46,4.249477,1.138586,1.077,0.0
8351,-100,-30.0,30.0,3.25,11.5,-66.09,12.2729,-91,99.05,1.14,2.292933,1.272506,2.3611,0.0
8352,-100,-30.0,30.0,3.25,13.0,-62.79,14.5987,-100,98.78,1.46,3.374802,1.11585,2.3735,0.0
8354,-100,-30.0,30.0,3.5,2.5,-39.4,1.6248,-42,100.0,0.0,5.363421,1.448463,0.0122,0.0
8353,-100,-30.0,30.0,3.5,1.0,-40.0,0.0,-40,100.0,0.0,4.260334,0.0,0.0024,0.0
8355,-100,-30.0,30.0,3.5,4.0,-40.04,4.28,-52,99.92,0.1,5.647217,1.033323,0.3476,0.0
8357,-100,-30.0,30.0,3.5,7.0,-46.29,7.0005,-63,99.77,0.28,4.103028,2.282729,0.6566,0.0
8356,-100,-30.0,30.0,3.5,5.5,-45.33,6.0451,-56,99.86,0.17,3.73565,1.006974,0.5385,0.0
8358,-100,-30.0,30.0,3.5,8.5,-53.11,8.7933,-75,99.43,0.69,3.195804,1.122309,1.5893,0.0
8359,-100,-30.0,30.0,3.5,10.0,-57.92,11.1633,-87,99.03,1.17,3.226233,1.394743,2.4552,0.0
8360,-100,-30.0,30.0,3.5,11.5,-59.55,13.0004,-96,99.2,0.96,4.856551,1.2614,1.4582,0.0
8362,-100,-30.0,30.0,3.75,1.0,-38.23,1.6394,-40,99.99,0.01,3.026907,0.924205,0.0268,0.0
8361,-100,-30.0,30.0,3.5,13.0,-61.97,14.8392,-100,98.4,1.92,3.244438,1.069414,2.6979,0.0
8363,-100,-30.0,30.0,3.75,2.5,-37.7,2.7291,-42,99.77,0.28,3.331895,0.759169,0.9632,0.0
8364,-100,-30.0,30.0,3.75,4.0,-37.75,4.2154,-49,99.47,0.64,3.173346,0.974884,2.2549,0.0
8366,-100,-30.0,30.0,3.75,7.0,-45.77,8.1636,-61,99.39,0.73,4.385177,2.00337,1.8183,0.0
8365,-100,-30.0,30.0,3.75,5.5,-44.75,6.378,-62,99.71,0.35,5.654523,1.510025,1.1139,0.0
8368,-100,-30.0,30.0,3.75,10.0,-56.39,11.5027,-83,98.71,1.54,3.414452,1.28332,2.8583,0.0
8367,-100,-30.0,30.0,3.75,8.5,-53.86,9.5519,-82,98.74,1.51,3.190183,1.075992,3.4123,0.0
8369,-100,-30.0,30.0,3.75,11.5,-58.09,13.269,-100,98.17,2.2,3.084468,1.681594,3.9006,0.0
8370,-100,-30.0,30.0,3.75,13.0,-60.27,14.7187,-100,97.85,2.58,3.803935,1.210614,2.9546,0.0003
8371,-100,-30.0,30.0,4.0,1.0,-35.3,1.2265,-40,99.31,0.83,1.863291,0.532376,3.0004,0.0
8372,-100,-30.0,30.0,4.0,2.5,-32.74,3.0935,-42,98.97,1.23,2.271922,1.314314,4.0917,0.0
8373,-100,-30.0,30.0,4.0,4.0,-40.17,5.3728,-50,98.73,1.53,2.05032,1.164576,4.2497,0.0
8374,-100,-30.0,30.0,4.0,5.5,-41.43,5.9094,-57,98.64,1.63,2.575858,1.069413,4.2545,0.0
8375,-100,-30.0,30.0,4.0,7.0,-49.1,8.447,-74,99.15,1.02,5.021586,1.713999,2.3092,0.0
8376,-100,-30.0,30.0,4.0,8.5,-49.61,10.2767,-73,98.32,2.02,3.232792,1.168511,3.5213,0.0
8377,-100,-30.0,30.0,4.0,10.0,-53.42,12.4407,-84,97.6,2.88,2.676182,1.607916,5.8688,0.0
8378,-100,-30.0,30.0,4.0,11.5,-55.3,13.5778,-92,96.73,3.92,2.507996,1.59459,6.8583,0.0001
8381,-100,-30.0,30.0,4.25,2.5,-35.41,3.2889,-42,99.01,1.19,2.599131,1.548658,3.7834,0.0
8380,-100,-30.0,30.0,4.25,1.0,-30.04,1.9257,-37,97.19,3.38,0.50971,0.752329,11.4613,0.0
8379,-100,-30.0,30.0,4.0,13.0,-57.38,16.8765,-98,97.26,3.28,3.528981,1.907071,4.2852,0.0003
8383,-100,-30.0,30.0,4.25,5.5,-43.21,6.6712,-60,97.29,3.26,1.281853,1.893784,10.0726,0.0
8385,-100,-30.0,30.0,4.25,8.5,-46.95,10.3135,-69,96.94,3.67,2.548725,1.109677,5.8784,0.0
8382,-100,-30.0,30.0,4.25,4.0,-36.19,4.9873,-51,98.33,2.0,2.119678,1.156514,5.3056,0.0
8384,-100,-30.0,30.0,4.25,7.0,-43.76,8.1301,-68,96.12,4.65,1.384784,1.288035,10.0126,0.0
8386,-100,-30.0,30.0,4.25,10.0,-53.99,12.6899,-87,96.97,3.64,2.483767,1.164291,5.6185,0.0
8387,-100,-30.0,30.0,4.25,11.5,-55.9,13.5944,-100,95.09,5.89,1.868523,1.21873,9.1144,0.0001
8388,-100,-30.0,30.0,4.25,13.0,-55.54,16.2177,-100,95.28,5.66,2.404597,1.747944,8.2453,0.0002
8390,-100,-30.0,30.0,4.5,2.5,-29.34,6.8351,-43,95.81,5.03,0.935979,1.012764,12.1081,0.0
8389,-100,-30.0,30.0,4.5,1.0,-30.52,2.9909,-40,95.22,5.73,0.650849,0.584543,13.6786,0.0
8391,-100,-30.0,30.0,4.5,4.0,-34.74,5.9412,-47,96.52,4.18,1.256717,1.624396,11.3202,0.0
8392,-100,-30.0,30.0,4.5,5.5,-39.16,7.5024,-60,96.46,4.25,1.726627,1.546929,9.6179,0.0
8393,-100,-30.0,30.0,4.5,7.0,-44.25,10.5509,-65,96.33,4.4,1.934843,1.727256,9.0092,0.0
8394,-100,-30.0,30.0,4.5,8.5,-44.12,11.0399,-71,95.33,5.6,1.834293,1.339592,9.5288,0.0
8395,-100,-30.0,30.0,4.5,10.0,-49.9,12.3852,-92,95.13,5.84,1.944797,1.505259,9.6042,0.0
8396,-100,-30.0,30.0,4.5,11.5,-51.7,15.174,-91,94.39,6.73,2.028614,1.371536,9.4857,0.0003
8397,-100,-30.0,30.0,4.5,13.0,-53.78,15.7548,-100,94.44,6.67,2.336897,1.520511,7.8998,0.0003
8398,-100,-30.0,30.0,4.75,1.0,-28.3,4.1127,-36,94.46,6.64,0.741111,1.107273,15.0981,0.0
8399,-100,-30.0,30.0,4.75,2.5,-28.55,4.8462,-43,94.7,6.36,0.772799,1.080702,14.4957,0.0
8400,-100,-30.0,30.0,4.75,4.0,-33.38,6.5126,-48,93.98,7.22,0.892419,1.443218,15.4099,0.0
8402,-100,-30.0,30.0,4.75,7.0,-40.54,10.3075,-64,93.88,7.34,1.256634,1.137235,12.9274,0.0
8401,-100,-30.0,30.0,4.75,5.5,-37.87,7.4256,-61,94.39,6.73,1.284567,1.421215,13.253,0.0
8404,-100,-30.0,30.0,4.75,10.0,-49.94,13.9881,-86,93.64,7.63,1.680603,1.789896,12.9846,0.0001
8403,-100,-30.0,30.0,4.75,8.5,-44.7,12.5017,-77,94.11,7.07,1.572565,1.300585,12.0069,0.0
8405,-100,-30.0,30.0,4.75,11.5,-50.55,15.6652,-89,93.11,8.28,1.878619,1.463009,11.303,0.0003
8406,-100,-30.0,30.0,4.75,13.0,-49.97,16.6953,-100,93.61,7.67,2.546984,1.669992,8.5971,0.0017
8407,-100,-30.0,30.0,5.0,1.0,-29.53,5.8311,-39,94.02,7.18,0.729233,0.852135,15.0638,0.0
8409,-100,-30.0,30.0,5.0,4.0,-31.82,7.4022,-50,92.71,8.75,0.833383,0.982359,16.1093,0.0
8408,-100,-30.0,30.0,5.0,2.5,-28.51,6.308,-44,92.51,9.0,0.854031,0.928705,15.5617,0.0
8410,-100,-30.0,30.0,5.0,5.5,-36.16,8.7472,-59,93.61,7.67,1.344786,1.836675,14.1909,0.0
8411,-100,-30.0,30.0,5.0,7.0,-41.95,10.8998,-64,92.37,9.15,1.312148,1.169478,13.9137,0.0
8412,-100,-30.0,30.0,5.0,8.5,-44.27,13.2776,-80,92.66,8.81,1.524509,1.548912,13.694,0.0
8413,-100,-30.0,30.0,5.0,10.0,-48.39,14.9665,-86,92.58,8.9,1.832251,1.832213,12.8566,0.0001
8416,-100,-30.0,40.0,1.0,1.0,,,,100.0,0.0,0.0,0.0,0.0,0.0
8414,-100,-30.0,30.0,5.0,11.5,-47.32,16.6657,-96,92.36,9.17,2.085794,1.503277,10.5632,0.0002
8417,-100,-30.0,40.0,1.0,2.5,,,,100.0,0.0,0.0,0.0,0.0,0.0
8418,-100,-30.0,40.0,1.0,4.0,,,,100.0,0.0,0.0,0.0,0.0,0.0
8415,-100,-30.0,30.0,5.0,13.0,-47.28,17.7082,-100,91.4,10.32,2.025775,1.510556,11.1756,0.0018
8419,-100,-30.0,40.0,1.0,5.5,,,,100.0,0.0,0.0,0.0,0.0,0.0
8420,-100,-30.0,40.0,1.0,7.0,,,,100.0,0.0,0.0,0.0,0.0,0.0
8421,-100,-30.0,40.0,1.0,8.5,,,,100.0,0.0,0.0,0.0,0.0,0.0
8422,-100,-30.0,40.0,1.0,10.0,,,,100.0,0.0,0.0,0.0,0.0,0.0
8423,-100,-30.0,40.0,1.0,11.5,-66.0,0.0,-66,100.0,0.0,3.70522,0.0,0.0024,0.0
8425,-100,-30.0,40.0,1.25,1.0,,,,100.0,0.0,0.0,0.0,0.0,0.0
8424,-100,-30.0,40.0,1.0,13.0,-94.0,0.0,-94,100.0,0.0,3.717199,0.0,0.0024,0.0
8426,-100,-30.0,40.0,1.25,2.5,,,,100.0,0.0,0.0,0.0,0.0,0.0
8427,-100,-30.0,40.0,1.25,4.0,,,,100.0,0.0,0.0,0.0,0.0,0.0
8428,-100,-30.0,40.0,1.25,5.5,,,,100.0,0.0,0.0,0.0,0.0,0.0
8429,-100,-30.0,40.0,1.25,7.0,,,,100.0,0.0,0.0,0.0,0.0,0.0
8430,-100,-30.0,40.0,1.25,8.5,,,,100.0,0.0,0.0,0.0,0.0,0.0
8431,-100,-30.0,40.0,1.25,10.0,,,,100.0,0.0,0.0,0.0,0.0,0.0
8434,-100,-30.0,40.0,1.5,1.0,,,,100.0,0.0,0.0,0.0,0.0,0.0
8432,-100,-30.0,40.0,1.25,11.5,,,,100.0,0.0,0.0,0.0,0.0,0.0
8433,-100,-30.0,40.0,1.25,13.0,-82.75,14.5151,-100,100.0,0.0,3.147389,0.402686,0.0045,0.0
8435,-100,-30.0,40.0,1.5,2.5,,,,100.0,0.0,0.0,0.0,0.0,0.0
8436,-100,-30.0,40.0,1.5,4.0,,,,100.0,0.0,0.0,0.0,0.0,0.0
8437,-100,-30.0,40.0,1.5,5.5,,,,100.0,0.0,0.0,0.0,0.0,0.0
8438,-100,-30.0,40.0,1.5,7.0,,,,100.0,0.0,0.0,0.0,0.0,0.0
8439,-100,-30.0,40.0,1.5,8.5,,,,100.0,0.0,0.0,0.0,0.0,0.0
8440,-100,-30.0,40.0,1.5,10.0,,,,100.0,0.0,0.0,0.0,0.0,0.0
8443,-100,-30.0,40.0,1.75,1.0,,,,100.0,0.0,0.0,0.0,0.0,0.0
8441,-100,-30.0,40.0,1.5,11.5,-71.0,7.1181,-81,100.0,0.0,6.508076,1.2757,0.0073,0.0
8442,-100,-30.0,40.0,1.5,13.0,-76.59,11.6098,-100,99.99,0.01,3.230201,1.638931,0.0167,0.0
8444,-100,-30.0,40.0,1.75,2.5,,,,100.0,0.0,0.0,0.0,0.0,0.0
8445,-100,-30.0,40.0,1.75,4.0,,,,100.0,0.0,0.0,0.0,0.0,0.0
8446,-100,-30.0,40.0,1.75,5.5,,,,100.0,0.0,0.0,0.0,0.0,0.0
8447,-100,-30.0,40.0,1.75,7.0,,,,100.0,0.0,0.0,0.0,0.0,0.0
8448,-100,-30.0,40.0,1.75,8.5,,,,100.0,0.0,0.0,0.0,0.0,0.0
8449,-100,-30.0,40.0,1.75,10.0,-66.5,11.9478,-78,100.0,0.0,2.650701,0.641508,0.0097,0.0
8450,-100,-30.0,40.0,1.75,11.5,-72.62,8.6795,-86,100.0,0.0,2.553028,0.872146,0.0071,0.0
8451,-100,-30.0,40.0,1.75,13.0,-75.03,15.278,-100,99.96,0.04,2.840447,1.036077,0.1038,0.0
8452,-100,-30.0,40.0,2.0,1.0,,,,100.0,0.0,0.0,0.0,0.0,0.0
8453,-100,-30.0,40.0,2.0,2.5,,,,100.0,0.0,0.0,0.0,0.0,0.0
8454,-100,-30.0,40.0,2.0,4.0,,,,100.0,0.0,0.0,0.0,0.0,0.0
8455,-100,-30.0,40.0,2.0,5.5,,,,100.0,0.0,0.0,0.0,0.0,0.0
8456,-100,-30.0,40.0,2.0,7.0,,,,100.0,0.0,0.0,0.0,0.0,0.0
8457,-100,-30.0,40.0,2.0,8.5,,,,100.0,0.0,0.0,0.0,0.0,0.0
8458,-100,-30.0,40.0,2.0,10.0,-58.44,8.8833,-71,99.99,0.01,3.139381,0.511307,0.0152,0.0
8459,-100,-30.0,40.0,2.0,11.5,-77.23,12.8912,-94,99.98,0.02,3.241887,0.747681,0.0419,0.0
8460,-100,-30.0,40.0,2.0,13.0,-75.48,12.3016,-100,99.94,0.07,3.548493,1.219684,0.098,0.0
8461,-100,-30.0,40.0,2.25,1.0,,,,100.0,0.0,0.0,0.0,0.0,0.0
8462,-100,-30.0,40.0,2.25,2.5,,,,100.0,0.0,0.0,0.0,0.0,0.0
8463,-100,-30.0,40.0,2.25,4.0,,,,100.0,0.0,0.0,0.0,0.0,0.0
8464,-100,-30.0,40.0,2.25,5.5,,,,100.0,0.0,0.0,0.0,0.0,0.0
8465,-100,-30.0,40.0,2.25,7.0,,,,100.0,0.0,0.0,0.0,0.0,0.0
8466,-100,-30.0,40.0,2.25,8.5,-61.8,6.6753,-72,99.99,0.01,2.738145,0.606687,0.0243,0.0
8467,-100,-30.0,40.0,2.25,10.0,-65.33,8.6938,-87,99.99,0.01,4.641121,1.525549,0.0141,0.0
8468,-100,-30.0,40.0,2.25,11.5,-71.4,12.703,-96,99.94,0.07,4.112692,1.448356,0.1414,0.0
8469,-100,-30.0,40.0,2.25,13.0,-70.67,13.9185,-100,99.87,0.15,3.407442,1.311761,0.2529,0.0
8470,-100,-30.0,40.0,2.5,1.0,,,,100.0,0.0,0.0,0.0,0.0,0.0
8471,-100,-30.0,40.0,2.5,2.5,,,,100.0,0.0,0.0,0.0,0.0,0.0
8472,-100,-30.0,40.0,2.5,4.0,,,,100.0,0.0,0.0,0.0,0.0,0.0
8473,-100,-30.0,40.0,2.5,5.5,,,,100.0,0.0,0.0,0.0,0.0,0.0
8474,-100,-30.0,40.0,2.5,7.0,-50.0,5.8878,-58,100.0,0.0,1.759715,0.37944,0.0073,0.0
8475,-100,-30.0,40.0,2.5,8.5,-54.45,7.9494,-70,99.98,0.02,4.47145,1.25427,0.0627,0.0
8476,-100,-30.0,40.0,2.5,10.0,-64.73,11.218,-86,99.95,0.06,4.346846,1.546552,0.1355,0.0
8477,-100,-30.0,40.0,2.5,11.5,-63.98,12.393,-92,99.77,0.28,3.626815,1.377176,0.7039,0.0
8479,-100,-30.0,40.0,2.75,1.0,,,,100.0,0.0,0.0,0.0,0.0,0.0
8478,-100,-30.0,40.0,2.5,13.0,-68.39,13.3529,-100,99.58,0.51,2.775753,2.029742,1.0665,0.0
8480,-100,-30.0,40.0,2.75,2.5,,,,100.0,0.0,0.0,0.0,0.0,0.0
8481,-100,-30.0,40.0,2.75,4.0,,,,100.0,0.0,0.0,0.0,0.0,0.0
8482,-100,-30.0,40.0,2.75,5.5,-50.0,0.0,-50,100.0,0.0,2.634559,0.0,0.0024,0.0
8483,-100,-30.0,40.0,2.75,7.0,-55.16,7.0025,-64,99.99,0.01,4.221149,3.666479,0.0419,0.0
8484,-100,-30.0,40.0,2.75,8.5,-56.42,8.7397,-70,99.94,0.07,4.31453,1.060066,0.1854,0.0
8485,-100,-30.0,40.0,2.75,10.0,-61.42,11.5233,-88,99.83,0.2,5.071496,1.697413,0.4118,0.0
8486,-100,-30.0,40.0,2.75,11.5,-63.42,11.7107,-94,99.73,0.32,4.144705,1.665238,0.5134,0.0
8487,-100,-30.0,40.0,2.75,13.0,-64.99,14.4104,-100,99.28,0.87,3.260254,1.002983,1.4842,0.0
8488,-100,-30.0,40.0,3.0,1.0,,,,100.0,0.0,0.0,0.0,0.0,0.0
8491,-100,-30.0,40.0,3.0,5.5,-44.41,5.2011,-54,99.98,0.02,3.821645,0.881237,0.0899,0.0
8489,-100,-30.0,40.0,3.0,2.5,,,,100.0,0.0,0.0,0.0,0.0,0.0
8490,-100,-30.0,40.0,3.0,4.0,-46.2,4.3461,-54,100.0,0.0,4.966227,1.043826,0.0123,0.0
8492,-100,-30.0,40.0,3.0,7.0,-52.92,7.9803,-64,99.94,0.07,4.955536,0.908367,0.2042,0.0
8494,-100,-30.0,40.0,3.0,10.0,-60.92,10.5281,-81,99.53,0.57,3.09444,1.154034,1.335,0.0
8493,-100,-30.0,40.0,3.0,8.5,-54.71,9.0049,-83,99.74,0.31,3.508409,0.873366,0.7431,0.0
8495,-100,-30.0,40.0,3.0,11.5,-58.65,12.795,-85,99.13,1.05,3.399076,0.890968,2.0859,0.0
8496,-100,-30.0,40.0,3.0,13.0,-65.26,14.4129,-99,98.61,1.66,2.900076,1.407927,2.9592,0.0
8497,-100,-30.0,40.0,3.25,1.0,-38.0,0.0,-38,100.0,0.0,4.802402,0.0,0.0024,0.0
8498,-100,-30.0,40.0,3.25,2.5,-44.0,0.0,-44,100.0,0.0,3.974277,0.0,0.0024,0.0
8499,-100,-30.0,40.0,3.25,4.0,-42.7,4.2717,-51,99.95,0.06,4.403702,0.952734,0.1966,0.0
8500,-100,-30.0,40.0,3.25,5.5,-43.85,5.3141,-60,99.84,0.19,3.726572,0.836818,0.6304,0.0
8501,-100,-30.0,40.0,3.25,7.0,-49.01,7.0146,-70,99.82,0.22,4.856271,2.265817,0.5115,0.0
8502,-100,-30.0,40.0,3.25,8.5,-52.33,8.9616,-69,99.21,0.95,2.415428,1.089779,2.7458,0.0
8503,-100,-30.0,40.0,3.25,10.0,-56.45,11.0837,-85,99.07,1.12,3.633817,1.873083,1.9443,0.0
8506,-100,-30.0,40.0,3.5,1.0,-35.11,1.0709,-37,99.99,0.01,4.542305,1.148474,0.0462,0.0
8504,-100,-30.0,40.0,3.25,11.5,-58.9,12.6596,-92,98.75,1.5,3.595522,1.243563,2.5786,0.0
8505,-100,-30.0,40.0,3.25,13.0,-61.63,14.7741,-100,98.43,1.88,4.006245,1.298966,2.5899,0.0002
8507,-100,-30.0,40.0,3.5,2.5,-36.92,2.7009,-48,99.85,0.18,1.618301,0.529319,0.663,0.0
8508,-100,-30.0,40.0,3.5,4.0,-42.38,4.1937,-52,99.63,0.44,3.258582,1.096899,1.4957,0.0
8509,-100,-30.0,40.0,3.5,5.5,-41.23,5.8799,-58,99.13,1.04,2.122966,0.919536,3.4681,0.0
8510,-100,-30.0,40.0,3.5,7.0,-45.83,7.3451,-65,98.53,1.77,2.12393,1.132453,4.4883,0.0
8511,-100,-30.0,40.0,3.5,8.5,-51.23,9.5288,-72,98.74,1.51,3.333742,1.134495,2.8636,0.0
8512,-100,-30.0,40.0,3.5,10.0,-55.9,11.4641,-88,98.54,1.76,3.484523,1.197652,3.1704,0.0
8515,-100,-30.0,40.0,3.75,1.0,-31.74,2.1099,-38,98.26,2.09,0.834519,0.802539,7.4986,0.0
8513,-100,-30.0,40.0,3.5,11.5,-58.51,13.3947,-95,97.85,2.58,2.694686,1.38507,4.6963,0.0
8514,-100,-30.0,40.0,3.5,13.0,-58.13,14.8309,-95,97.53,2.96,3.631471,1.395167,3.6676,0.0004
8516,-100,-30.0,40.0,3.75,2.5,-34.48,3.1088,-42,99.59,0.49,4.611901,1.369707,1.6243,0.0
8517,-100,-30.0,40.0,3.75,4.0,-39.24,4.2536,-55,99.05,1.14,2.841225,1.343799,3.3702,0.0
8518,-100,-30.0,40.0,3.75,5.5,-41.57,6.4333,-58,98.27,2.08,2.271947,1.306524,5.3764,0.0
8519,-100,-30.0,40.0,3.75,7.0,-44.82,8.4895,-63,98.38,1.94,2.940332,1.026496,3.886,0.0
8520,-100,-30.0,40.0,3.75,8.5,-52.38,11.0129,-81,97.72,2.73,2.937535,1.312266,4.4877,0.0
8521,-100,-30.0,40.0,3.75,10.0,-52.17,12.6829,-91,97.42,3.1,2.95805,2.269259,5.6518,0.0
8522,-100,-30.0,40.0,3.75,11.5,-55.97,13.8994,-91,96.51,4.19,2.666611,1.52962,6.3312,0.0003
8523,-100,-30.0,40.0,3.75,13.0,-55.63,15.7294,-100,96.49,4.21,3.091516,1.316039,4.9088,0.0003
8524,-100,-30.0,40.0,4.0,1.0,-31.37,2.332,-38,97.05,3.54,0.877138,1.457438,11.2778,0.0
8526,-100,-30.0,40.0,4.0,4.0,-36.31,5.1283,-50,97.52,2.97,1.50559,1.966129,9.0525,0.0
8525,-100,-30.0,40.0,4.0,2.5,-34.48,3.5036,-44,97.13,3.44,0.760442,1.239361,11.2398,0.0
8528,-100,-30.0,40.0,4.0,7.0,-44.22,9.4261,-68,96.99,3.61,2.209634,1.887831,7.9185,0.0
8527,-100,-30.0,40.0,4.0,5.5,-42.76,7.3012,-64,96.04,4.75,1.20025,1.375619,11.6546,0.0
8529,-100,-30.0,40.0,4.0,8.5,-49.42,11.4394,-78,96.67,4.0,2.340182,1.806879,7.2711,0.0
8530,-100,-30.0,40.0,4.0,10.0,-51.11,13.0654,-87,95.89,4.93,2.282448,1.28238,7.2567,0.0002
8531,-100,-30.0,40.0,4.0,11.5,-51.43,14.0668,-91,95.27,5.67,2.472567,1.472736,7.6394,0.0002
8532,-100,-30.0,40.0,4.0,13.0,-51.86,16.6155,-97,94.18,6.98,2.324995,1.567095,9.1011,0.0012
8533,-100,-30.0,40.0,4.25,1.0,-28.92,2.9123,-38,94.55,6.55,0.690946,1.087982,15.0787,0.0
8534,-100,-30.0,40.0,4.25,2.5,-35.13,4.8207,-48,96.6,4.08,1.123637,1.246285,10.6527,0.0
8535,-100,-30.0,40.0,4.25,4.0,-34.58,6.1808,-50,95.56,5.33,1.189963,1.399998,12.2402,0.0
8536,-100,-30.0,40.0,4.25,5.5,-39.84,8.4245,-62,95.31,5.62,1.40926,1.475375,11.7982,0.0
8537,-100,-30.0,40.0,4.25,7.0,-41.32,10.452,-68,95.11,5.87,1.593373,1.560719,11.8008,0.0
8538,-100,-30.0,40.0,4.25,8.5,-46.78,11.7006,-73,94.67,6.39,1.689233,1.553661,11.7771,0.0
8539,-100,-30.0,40.0,4.25,10.0,-49.55,13.2756,-84,93.54,7.75,1.754494,1.513237,11.9453,0.0002
8541,-100,-30.0,40.0,4.25,13.0,-50.47,17.1462,-100,94.19,6.97,2.725401,1.699774,7.7132,0.0027
8540,-100,-30.0,40.0,4.25,11.5,-49.14,16.0265,-100,94.0,7.2,2.297456,1.796582,10.0125,0.0009
8542,-100,-30.0,40.0,4.5,1.0,-28.73,5.4918,-39,93.19,8.17,0.670968,1.092173,16.292,0.0
8543,-100,-30.0,40.0,4.5,2.5,-30.16,5.8157,-43,94.35,6.78,0.931496,1.411536,14.7684,0.0
8544,-100,-30.0,40.0,4.5,4.0,-34.2,6.8275,-50,93.02,8.37,1.002168,1.172076,15.1062,0.0
8545,-100,-30.0,40.0,4.5,5.5,-36.66,9.2496,-56,92.95,8.46,0.931355,1.070694,15.545,0.0
8546,-100,-30.0,40.0,4.5,7.0,-41.04,9.733,-66,93.09,8.3,1.494955,1.734005,14.2627,0.0
8547,-100,-30.0,40.0,4.5,8.5,-43.88,12.1155,-83,93.01,8.38,1.628622,1.484803,13.0149,0.0
8548,-100,-30.0,40.0,4.5,10.0,-47.51,14.0464,-85,92.66,8.81,1.82321,1.435893,11.4051,0.0003
8549,-100,-30.0,40.0,4.5,11.5,-47.92,15.7241,-99,92.46,9.05,2.117874,1.500367,10.3247,0.0007
8550,-100,-30.0,40.0,4.5,13.0,-46.56,17.5236,-100,91.12,10.66,2.027621,1.495908,11.641,0.0033
8551,-100,-30.0,40.0,4.75,1.0,-27.78,6.0114,-38,93.96,7.25,1.029303,0.874444,13.5511,0.0
8553,-100,-30.0,40.0,4.75,4.0,-32.63,7.9877,-50,92.36,9.17,0.964443,0.946622,15.2234,0.0
8552,-100,-30.0,40.0,4.75,2.5,-29.17,7.3635,-45,90.57,11.31,0.691703,0.646584,18.1657,0.0
8554,-100,-30.0,40.0,4.75,5.5,-36.89,9.2964,-58,90.61,11.27,0.969628,0.892469,16.4685,0.0
8555,-100,-30.0,40.0,4.75,7.0,-41.05,11.5862,-68,90.36,11.57,1.119997,1.324924,16.7556,0.0
8556,-100,-30.0,40.0,4.75,8.5,-44.95,12.7475,-90,91.41,10.31,1.654132,1.610561,13.8766,0.0001
8557,-100,-30.0,40.0,4.75,10.0,-44.74,15.3605,-90,90.32,11.61,1.61934,1.364807,13.8685,0.001
8558,-100,-30.0,40.0,4.75,11.5,-44.43,15.7494,-88,89.87,12.16,1.774827,1.563975,13.2536,0.0023
8559,-100,-30.0,40.0,4.75,13.0,-44.3,17.7376,-100,89.9,12.13,2.078289,1.814573,12.2253,0.0076
8560,-100,-30.0,40.0,5.0,1.0,-28.13,7.4051,-41,91.05,10.73,0.677088,0.779051,17.8745,0.0
8561,-100,-30.0,40.0,5.0,2.5,-28.65,8.0445,-43,90.0,12.0,0.789673,0.97624,18.5231,0.0
8563,-100,-30.0,40.0,5.0,5.5,-34.22,10.7467,-56,90.05,11.94,1.249773,1.200929,15.7945,0.0
8562,-100,-30.0,40.0,5.0,4.0,-33.13,8.8679,-56,89.59,12.49,0.967447,1.055687,17.5206,0.0
8565,-100,-30.0,40.0,5.0,8.5,-41.49,13.5838,-76,88.65,13.62,1.352181,1.35704,15.8861,0.0004
8566,-100,-30.0,40.0,5.0,10.0,-41.0,14.9928,-91,87.67,14.8,1.432219,1.78014,17.2314,0.0013
8564,-100,-30.0,40.0,5.0,7.0,-39.52,12.3426,-67,88.44,13.88,1.137472,1.199601,17.6521,0.0
8569,-100,-30.0,50.0,1.0,1.0,,,,100.0,0.0,0.0,0.0,0.0,0.0
8567,-100,-30.0,40.0,5.0,11.5,-41.47,17.3015,-85,87.7,14.76,1.646449,1.564249,14.9157,0.0028
8570,-100,-30.0,50.0,1.0,2.5,,,,100.0,0.0,0.0,0.0,0.0,0.0
8571,-100,-30.0,50.0,1.0,4.0,,,,100.0,0.0,0.0,0.0,0.0,0.0
8568,-100,-30.0,40.0,5.0,13.0,-40.9,18.9585,-95,87.41,15.1,1.850872,1.42513,13.0326,0.0077
8572,-100,-30.0,50.0,1.0,5.5,,,,100.0,0.0,0.0,0.0,0.0,0.0
8573,-100,-30.0,50.0,1.0,7.0,,,,100.0,0.0,0.0,0.0,0.0,0.0
8575,-100,-30.0,50.0,1.0,10.0,,,,100.0,0.0,0.0,0.0,0.0,0.0
8574,-100,-30.0,50.0,1.0,8.5,,,,100.0,0.0,0.0,0.0,0.0,0.0
8578,-100,-30.0,50.0,1.25,1.0,,,,100.0,0.0,0.0,0.0,0.0,0.0
8576,-100,-30.0,50.0,1.0,11.5,,,,100.0,0.0,0.0,0.0,0.0,0.0
8579,-100,-30.0,50.0,1.25,2.5,,,,100.0,0.0,0.0,0.0,0.0,0.0
8577,-100,-30.0,50.0,1.0,13.0,-84.0,6.532,-92,100.0,0.0,2.368052,0.20573,0.004,0.0
8580,-100,-30.0,50.0,1.25,4.0,,,,100.0,0.0,0.0,0.0,0.0,0.0
8581,-100,-30.0,50.0,1.25,5.5,,,,100.0,0.0,0.0,0.0,0.0,0.0
8582,-100,-30.0,50.0,1.25,7.0,,,,100.0,0.0,0.0,0.0,0.0,0.0
8583,-100,-30.0,50.0,1.25,8.5,,,,100.0,0.0,0.0,0.0,0.0,0.0
8584,-100,-30.0,50.0,1.25,10.0,,,,100.0,0.0,0.0,0.0,0.0,0.0
8585,-100,-30.0,50.0,1.25,11.5,,,,100.0,0.0,0.0,0.0,0.0,0.0
8587,-100,-30.0,50.0,1.5,1.0,,,,100.0,0.0,0.0,0.0,0.0,0.0
8586,-100,-30.0,50.0,1.25,13.0,-67.09,3.3106,-71,100.0,0.0,2.458134,0.480714,0.0085,0.0
8588,-100,-30.0,50.0,1.5,2.5,,,,100.0,0.0,0.0,0.0,0.0,0.0
8589,-100,-30.0,50.0,1.5,4.0,,,,100.0,0.0,0.0,0.0,0.0,0.0
8590,-100,-30.0,50.0,1.5,5.5,,,,100.0,0.0,0.0,0.0,0.0,0.0
8591,-100,-30.0,50.0,1.5,7.0,,,,100.0,0.0,0.0,0.0,0.0,0.0
8592,-100,-30.0,50.0,1.5,8.5,,,,100.0,0.0,0.0,0.0,0.0,0.0
8593,-100,-30.0,50.0,1.5,10.0,-73.0,3.0,-76,100.0,0.0,1.689789,0.207736,0.0033,0.0
8594,-100,-30.0,50.0,1.5,11.5,-77.88,8.438,-85,100.0,0.0,3.07925,0.86981,0.006,0.0
8595,-100,-30.0,50.0,1.5,13.0,-79.36,13.3264,-100,99.99,0.01,4.225438,1.388175,0.02,0.0
8596,-100,-30.0,50.0,1.75,1.0,,,,100.0,0.0,0.0,0.0,0.0,0.0
8597,-100,-30.0,50.0,1.75,2.5,,,,100.0,0.0,0.0,0.0,0.0,0.0
8598,-100,-30.0,50.0,1.75,4.0,,,,100.0,0.0,0.0,0.0,0.0,0.0
8599,-100,-30.0,50.0,1.75,5.5,,,,100.0,0.0,0.0,0.0,0.0,0.0
8601,-100,-30.0,50.0,1.75,8.5,,,,100.0,0.0,0.0,0.0,0.0,0.0
8600,-100,-30.0,50.0,1.75,7.0,,,,100.0,0.0,0.0,0.0,0.0,0.0
8602,-100,-30.0,50.0,1.75,10.0,,,,100.0,0.0,0.0,0.0,0.0,0.0
8604,-100,-30.0,50.0,1.75,13.0,-72.16,13.1864,-100,99.96,0.05,3.148642,1.514535,0.072,0.0
8603,-100,-30.0,50.0,1.75,11.5,-66.21,11.3157,-95,99.99,0.01,3.662412,1.850565,0.0301,0.0
8605,-100,-30.0,50.0,2.0,1.0,,,,100.0,0.0,0.0,0.0,0.0,0.0
8606,-100,-30.0,50.0,2.0,2.5,,,,100.0,0.0,0.0,0.0,0.0,0.0
8607,-100,-30.0,50.0,2.0,4.0,,,,100.0,0.0,0.0,0.0,0.0,0.0
8608,-100,-30.0,50.0,2.0,5.5,,,,100.0,0.0,0.0,0.0,0.0,0.0
8609,-100,-30.0,50.0,2.0,7.0,,,,100.0,0.0,0.0,0.0,0.0,0.0
8610,-100,-30.0,50.0,2.0,8.5,-62.0,8.0416,-75,100.0,0.0,4.048021,2.498156,0.0053,0.0
8611,-100,-30.0,50.0,2.0,10.0,-65.77,9.0704,-80,99.99,0.01,3.488587,0.921832,0.0415,0.0
8612,-100,-30.0,50.0,2.0,11.5,-74.27,13.3923,-99,99.97,0.04,3.850883,1.07534,0.077,0.0
8614,-100,-30.0,50.0,2.25,1.0,,,,100.0,0.0,0.0,0.0,0.0,0.0
8613,-100,-30.0,50.0,2.0,13.0,-70.51,13.0943,-100,99.88,0.14,1.964745,0.943656,0.2737,0.0
8615,-100,-30.0,50.0,2.25,2.5,,,,100.0,0.0,0.0,0.0,0.0,0.0
8616,-100,-30.0,50.0,2.25,4.0,,,,100.0,0.0,0.0,0.0,0.0,0.0
8617,-100,-30.0,50.0,2.25,5.5,,,,100.0,0.0,0.0,0.0,0.0,0.0
8618,-100,-30.0,50.0,2.25,7.0,-52.0,0.0,-52,100.0,0.0,1.739904,0.0,0.0024,0.0
8619,-100,-30.0,50.0,2.25,8.5,-59.52,5.9907,-70,99.99,0.02,3.544044,0.818616,0.051,0.0
8620,-100,-30.0,50.0,2.25,10.0,-58.34,9.7008,-82,99.97,0.03,5.810481,1.516947,0.0665,0.0
8621,-100,-30.0,50.0,2.25,11.5,-65.27,11.5075,-100,99.89,0.13,3.41643,1.379106,0.2507,0.0
8622,-100,-30.0,50.0,2.25,13.0,-70.69,13.4123,-96,99.76,0.29,3.982098,1.410862,0.4526,0.0
8623,-100,-30.0,50.0,2.5,1.0,,,,100.0,0.0,0.0,0.0,0.0,0.0
8624,-100,-30.0,50.0,2.5,2.5,,,,100.0,0.0,0.0,0.0,0.0,0.0
8626,-100,-30.0,50.0,2.5,5.5,,,,100.0,0.0,0.0,0.0,0.0,0.0
8625,-100,-30.0,50.0,2.5,4.0,-48.0,0.0,-48,100.0,0.0,6.992936,0.0,0.0024,0.0
8628,-100,-30.0,50.0,2.5,8.5,-55.1,8.4385,-75,99.97,0.04,3.41196,0.990428,0.0775,0.0
8627,-100,-30.0,50.0,2.5,7.0,-52.16,5.725,-60,100.0,0.0,4.198281,1.017803,0.0147,0.0
8629,-100,-30.0,50.0,2.5,10.0,-58.56,9.937,-84,99.86,0.17,3.513941,1.189619,0.3676,0.0
8630,-100,-30.0,50.0,2.5,11.5,-67.08,12.8901,-100,99.81,0.23,5.208304,2.040642,0.3719,0.0
8631,-100,-30.0,50.0,2.5,13.0,-68.34,14.2141,-100,99.49,0.62,3.420062,1.01811,0.9202,0.0001
8632,-100,-30.0,50.0,2.75,1.0,,,,100.0,0.0,0.0,0.0,0.0,0.0
8633,-100,-30.0,50.0,2.75,2.5,,,,100.0,0.0,0.0,0.0,0.0,0.0
8634,-100,-30.0,50.0,2.75,4.0,-47.0,0.0,-47,100.0,0.0,3.583624,0.0,0.0024,0.0
8635,-100,-30.0,50.0,2.75,5.5,-55.0,7.9092,-63,100.0,0.0,4.37806,0.95019,0.0123,0.0
8636,-100,-30.0,50.0,2.75,7.0,-50.22,6.6661,-62,99.9,0.12,2.232892,0.822154,0.3955,0.0
8637,-100,-30.0,50.0,2.75,8.5,-57.48,9.1094,-76,99.78,0.26,3.491719,1.29694,0.6086,0.0
8638,-100,-30.0,50.0,2.75,10.0,-57.29,10.8986,-88,99.68,0.39,4.189316,1.453842,0.7256,0.0
8639,-100,-30.0,50.0,2.75,11.5,-64.25,12.8666,-90,99.52,0.58,4.645891,1.713168,0.8802,0.0
8640,-100,-30.0,50.0,2.75,13.0,-65.87,13.9544,-100,98.79,1.46,2.677416,1.322738,2.2549,0.0001
8641,-100,-30.0,50.0,3.0,1.0,,,,100.0,0.0,0.0,0.0,0.0,0.0
8642,-100,-30.0,50.0,3.0,2.5,-46.0,0.0,-46,100.0,0.0,2.547606,0.0,0.0024,0.0
8643,-100,-30.0,50.0,3.0,4.0,-36.69,4.0435,-47,99.94,0.07,4.891824,0.949637,0.2507,0.0
8644,-100,-30.0,50.0,3.0,5.5,-45.41,5.7586,-57,99.91,0.11,3.24572,0.99217,0.3832,0.0
8645,-100,-30.0,50.0,3.0,7.0,-50.86,7.445,-63,99.79,0.25,4.436993,1.505288,0.7965,0.0
8647,-100,-30.0,50.0,3.0,10.0,-58.35,10.9472,-82,99.23,0.92,3.431315,1.156986,1.8576,0.0
8646,-100,-30.0,50.0,3.0,8.5,-54.91,9.1963,-77,99.49,0.62,3.097652,1.408873,1.5869,0.0
8648,-100,-30.0,50.0,3.0,11.5,-63.01,12.8285,-100,98.81,1.43,3.362178,1.232062,2.5534,0.0
8650,-100,-30.0,50.0,3.25,1.0,-39.09,1.748,-42,99.99,0.01,2.978634,0.568852,0.0267,0.0
8649,-100,-30.0,50.0,3.0,13.0,-59.33,14.7131,-100,98.56,1.73,3.887992,1.498306,1.9894,0.0001
8651,-100,-30.0,50.0,3.25,2.5,-37.05,2.5304,-43,99.97,0.04,4.052925,0.838503,0.1271,0.0
8652,-100,-30.0,50.0,3.25,4.0,-41.39,4.2714,-50,99.72,0.33,2.997722,1.131052,1.1044,0.0
8653,-100,-30.0,50.0,3.25,5.5,-41.25,5.7377,-56,99.25,0.9,2.327197,1.009775,2.8649,0.0
8654,-100,-30.0,50.0,3.25,7.0,-45.93,7.6797,-67,99.26,0.89,3.207126,1.624441,2.372,0.0
8655,-100,-30.0,50.0,3.25,8.5,-53.66,9.6333,-75,99.18,0.98,3.608284,2.147748,2.5838,0.0
8656,-100,-30.0,50.0,3.25,10.0,-56.98,11.7216,-86,98.75,1.5,4.098882,1.655313,2.7294,0.0
8657,-100,-30.0,50.0,3.25,11.5,-58.75,13.1694,-93,98.13,2.24,3.475829,1.29992,3.4917,0.0003
8659,-100,-30.0,50.0,3.5,1.0,-34.08,1.5124,-38,99.72,0.33,4.901047,1.315677,1.1699,0.0
8661,-100,-30.0,50.0,3.5,4.0,-39.11,4.3795,-49,99.21,0.95,2.986841,2.0755,2.4523,0.0
8662,-100,-30.0,50.0,3.5,5.5,-43.77,6.7051,-57,98.88,1.34,3.053655,1.335299,3.3104,0.0
8658,-100,-30.0,50.0,3.25,13.0,-58.13,14.6992,-100,96.11,4.67,2.100806,1.125335,6.5061,0.0004
8660,-100,-30.0,50.0,3.5,2.5,-36.24,3.0687,-41,99.81,0.23,5.568791,1.376311,0.7524,0.0
8663,-100,-30.0,50.0,3.5,7.0,-44.67,8.064,-64,97.62,2.85,1.792287,1.839231,7.8861,0.0
8664,-100,-30.0,50.0,3.5,8.5,-49.51,10.349,-75,98.04,2.35,2.785868,1.505501,4.943,0.0
8665,-100,-30.0,50.0,3.5,10.0,-53.66,12.2183,-85,97.65,2.82,2.979731,1.200225,4.4525,0.0
8666,-100,-30.0,50.0,3.5,11.5,-53.84,13.5958,-95,97.0,3.6,3.186574,1.534005,5.1471,0.0
8667,-100,-30.0,50.0,3.5,13.0,-55.42,15.7398,-100,97.04,3.56,3.813382,1.699129,4.0358,0.0018
8668,-100,-30.0,50.0,3.75,1.0,-32.44,1.7269,-38,97.54,2.96,1.243277,1.653324,9.3444,0.0
8669,-100,-30.0,50.0,3.75,2.5,-35.4,3.2983,-48,98.61,1.66,2.098927,1.250586,4.9474,0.0
8670,-100,-30.0,50.0,3.75,4.0,-38.86,5.0467,-53,97.07,3.51,1.192669,1.203459,9.8777,0.0
8672,-100,-30.0,50.0,3.75,7.0,-42.99,9.1429,-65,97.54,2.95,2.520306,1.985194,6.1923,0.0
8674,-100,-30.0,50.0,3.75,10.0,-51.8,12.4376,-90,96.98,3.62,2.962352,1.796384,5.3831,0.0
8671,-100,-30.0,50.0,3.75,5.5,-40.15,6.8401,-60,97.66,2.81,2.250133,1.964907,6.6394,0.0
8673,-100,-30.0,50.0,3.75,8.5,-48.91,11.371,-75,96.14,4.63,1.826759,1.685312,9.8553,0.0
8675,-100,-30.0,50.0,3.75,11.5,-52.19,13.8346,-96,95.57,5.32,2.60156,1.566373,7.1999,0.0004
8676,-100,-30.0,50.0,3.75,13.0,-52.37,16.1752,-98,96.41,4.31,3.776183,2.186162,4.3401,0.0021
8677,-100,-30.0,50.0,4.0,1.0,-30.7,2.059,-39,95.23,5.72,0.744087,1.3074,13.9063,0.0
8678,-100,-30.0,50.0,4.0,2.5,-31.84,4.6063,-41,94.77,6.27,0.870735,0.915022,13.3159,0.0
8679,-100,-30.0,50.0,4.0,4.0,-35.63,5.3293,-49,96.09,4.7,1.227701,1.256935,10.7596,0.0
8680,-100,-30.0,50.0,4.0,5.5,-41.88,7.8124,-62,94.64,6.44,1.172652,1.180016,12.9263,0.0
8681,-100,-30.0,50.0,4.0,7.0,-42.34,9.5411,-65,95.05,5.95,1.625814,1.686703,11.8039,0.0
8682,-100,-30.0,50.0,4.0,8.5,-46.59,10.8305,-72,95.59,5.29,2.356095,1.552708,8.2777,0.0
8686,-100,-30.0,50.0,4.25,1.0,-30.01,4.399,-38,94.22,6.94,0.771976,1.124576,14.7383,0.0
8683,-100,-30.0,50.0,4.0,10.0,-48.68,13.7104,-89,94.68,6.39,2.309767,1.352656,8.2866,0.0003
8684,-100,-30.0,50.0,4.0,11.5,-48.94,14.5422,-92,93.1,8.28,2.028925,1.631275,11.0082,0.001
8685,-100,-30.0,50.0,4.0,13.0,-48.78,16.7526,-98,93.95,7.26,2.843448,1.6084,7.0165,0.0034
8687,-100,-30.0,50.0,4.25,2.5,-32.74,6.5782,-47,95.24,5.72,1.10417,1.074728,12.0467,0.0
8688,-100,-30.0,50.0,4.25,4.0,-34.52,7.3171,-52,94.06,7.13,1.08631,1.890095,15.1018,0.0
8689,-100,-30.0,50.0,4.25,5.5,-35.52,8.7174,-63,93.64,7.63,1.318774,1.579602,14.1946,0.0
8691,-100,-30.0,50.0,4.25,8.5,-43.98,12.4033,-74,92.77,8.68,1.717824,1.596875,12.8145,0.0
8690,-100,-30.0,50.0,4.25,7.0,-40.18,10.3935,-68,92.18,9.38,1.152178,1.41881,15.7407,0.0
8692,-100,-30.0,50.0,4.25,10.0,-45.23,13.463,-83,91.59,10.1,1.74007,1.483249,12.6797,0.0008
8693,-100,-30.0,50.0,4.25,11.5,-46.24,15.4162,-92,91.2,10.56,1.922545,2.096841,14.2151,0.0023
8694,-100,-30.0,50.0,4.25,13.0,-45.39,17.224,-100,90.72,11.14,2.188928,1.508003,10.5302,0.0042
8695,-100,-30.0,50.0,4.5,1.0,-29.22,6.2511,-39,92.25,9.3,0.782553,0.875385,16.4434,0.0
8696,-100,-30.0,50.0,4.5,2.5,-29.11,6.0731,-43,90.7,11.16,0.813292,1.121934,17.825,0.0
8697,-100,-30.0,50.0,4.5,4.0,-32.17,7.8654,-55,91.73,9.93,1.08326,1.43011,16.3181,0.0
8698,-100,-30.0,50.0,4.5,5.5,-34.97,8.6227,-62,89.49,12.61,0.987049,1.031558,17.617,0.0
8699,-100,-30.0,50.0,4.5,7.0,-40.05,11.1737,-74,90.75,11.09,1.354184,1.353884,15.3557,0.0
8700,-100,-30.0,50.0,4.5,8.5,-42.63,13.4787,-74,90.29,11.65,1.536733,1.48011,14.2647,0.0003
8701,-100,-30.0,50.0,4.5,10.0,-42.79,15.2119,-85,90.69,11.18,1.930016,1.820559,13.2263,0.0012
8702,-100,-30.0,50.0,4.5,11.5,-42.45,16.1645,-87,90.46,11.45,2.068614,1.780469,12.0941,0.0054
8704,-100,-30.0,50.0,4.75,1.0,-25.6,7.4505,-38,90.94,10.87,0.979233,1.137763,16.7057,0.0
8703,-100,-30.0,50.0,4.5,13.0,-42.21,18.0673,-100,88.38,13.94,2.001084,1.589234,12.9226,0.0099
8705,-100,-30.0,50.0,4.75,2.5,-27.36,8.2138,-45,88.38,13.94,0.766523,0.920253,19.659,0.0
8707,-100,-30.0,50.0,4.75,5.5,-35.44,10.4215,-67,90.13,11.85,1.391415,1.361058,14.7574,0.0
8706,-100,-30.0,50.0,4.75,4.0,-30.52,9.98,-57,90.12,11.85,1.160974,0.999785,15.5346,0.0
8709,-100,-30.0,50.0,4.75,8.5,-39.58,14.7194,-70,91.32,10.42,2.10573,1.675781,10.8792,0.0009
8708,-100,-30.0,50.0,4.75,7.0,-39.06,12.2025,-69,89.24,12.91,1.376198,1.338289,15.824,0.0
8710,-100,-30.0,50.0,4.75,10.0,-40.32,14.8228,-87,87.81,14.63,1.635708,1.343668,13.8004,0.0031
8711,-100,-30.0,50.0,4.75,11.5,-39.49,16.7409,-99,87.15,15.42,1.739389,1.977958,15.471,0.0091
8712,-100,-30.0,50.0,4.75,13.0,-39.75,18.9052,-90,86.93,15.69,1.982886,1.568566,12.9913,0.0167
8713,-100,-30.0,50.0,5.0,1.0,-25.09,8.6426,-40,85.85,16.99,0.604625,0.592976,21.6092,0.0
8714,-100,-30.0,50.0,5.0,2.5,-26.16,9.8348,-44,88.78,13.47,1.21001,1.219011,16.7759,0.0
8716,-100,-30.0,50.0,5.0,5.5,-33.45,10.8147,-57,87.69,14.77,1.217425,1.173455,16.3961,0.0
8715,-100,-30.0,50.0,5.0,4.0,-30.89,11.1178,-53,85.59,17.29,0.921548,1.00917,19.6007,0.0
8718,-100,-30.0,50.0,5.0,8.5,-37.29,15.1296,-76,88.29,14.06,1.783613,1.288535,12.3382,0.0009
8717,-100,-30.0,50.0,5.0,7.0,-36.85,13.7002,-68,86.95,15.66,1.408402,1.147381,15.4179,0.0002
8719,-100,-30.0,50.0,5.0,10.0,-35.89,16.3071,-81,85.15,17.82,1.529494,1.526997,16.0339,0.0084
8720,-100,-30.0,50.0,5.0,11.5,-36.69,17.6393,-88,85.75,17.1,1.833693,1.450576,13.3356,0.0095
8721,-100,-30.0,50.0,5.0,13.0,-36.31,18.4435,-94,84.48,18.62,1.780342,1.488793,13.8204,0.0125
